photo_id,local_path,class_label,group,physical_watch_id,model,layout_group,provenance,source,listing_url,listing_id,image_index,sha256,image_url,notes
0ee361e5864530b3,images/0e/0ee361e5864530b337f3f5d4e826c3bb122632395883ff711695ef2d4846af92.jpg,gen,genuine_population,bobs_126610_193855,126610,date_41mm,established_dealer,Bob's Watches,https://www.bobswatches.com/used-stainless-steel-rolex-submariner-ref-126610-black-cerachrom-bezel.html,193855,1,0ee361e5864530b337f3f5d4e826c3bb122632395883ff711695ef2d4846af92,https://www.bobswatches.com/images/zUsed-Rolex-Submariner-126610-SKU193855.jpg,Bob's Rolex Harvester (bobs_20261009_owner_packs.csv); straight-on gate passed
1ec6a7598b0ab7ea,images/1e/1ec6a7598b0ab7ea37edd031e127cf2bf9b143b87eca1b20692746fbf9e217a5.jpg,gen,genuine_population,bobs_126610_194507,126610,date_41mm,established_dealer,Bob's Watches,https://www.bobswatches.com/pre-owned-rolex-submariner-black-dial-ref-126610-ceramic-bezel.html,194507,1,1ec6a7598b0ab7ea37edd031e127cf2bf9b143b87eca1b20692746fbf9e217a5,https://www.bobswatches.com/images/zUsed-Rolex-Submariner-126610-SKU194507.jpg,Bob's Rolex Harvester (bobs_20261009_owner_packs.csv); straight-on gate passed
e5843fa6032296bc,images/e5/e5843fa6032296bcff2ee04e4f624100a9efd63117caa3370013352a4602b422.jpg,gen,genuine_population,bobs_126610LN_194516,126610LN,date_41mm,established_dealer,Bob's Watches,https://www.bobswatches.com/pre-owned-rolex-submariner-black-dial-ref-126610ln-cerachrom-bezel.html,194516,1,e5843fa6032296bcff2ee04e4f624100a9efd63117caa3370013352a4602b422,https://www.bobswatches.com/images/zUsed-Rolex-Submariner-126610-SKU194516.jpg,Bob's Rolex Harvester (bobs_20261009_owner_packs.csv); straight-on gate passed
ec6d6ed2c913f466,images/ec/ec6d6ed2c913f4669e20593aa7bd3c62dc9675af43fcba530525a523cd8e4913.jpg,gen,genuine_population,bobs_126610LV_194077,126610LV,date_41mm,established_dealer,Bob's Watches,https://www.bobswatches.com/pre-owned-rolex-submariner-green-starbucks-bezel-ref-126610lv.html,194077,1,ec6d6ed2c913f4669e20593aa7bd3c62dc9675af43fcba530525a523cd8e4913,https://www.bobswatches.com/images/zUsed-Rolex-Submariner-126610-SKU194077.jpg,Bob's Rolex Harvester (bobs_20261009_owner_packs.csv); straight-on gate passed
4f8813723c77e8f7,images/4f/4f8813723c77e8f7a3581bd10fb28cdd8abcb4ef3c48aff10e4592d47fd517a8.jpg,gen,genuine_population,bobs_126610LV_194310,126610LV,date_41mm,established_dealer,Bob's Watches,https://www.bobswatches.com/used-rolex-submariner-green-cerachrom-bezel-ref-126610lv-starbucks.html,194310,1,4f8813723c77e8f7a3581bd10fb28cdd8abcb4ef3c48aff10e4592d47fd517a8,https://www.bobswatches.com/images/zUsed-Rolex-Submariner-126610-SKU194310.jpg,Bob's Rolex Harvester (bobs_20261009_owner_packs.csv); straight-on gate passed
77dd89f0b2d4128f,images/77/77dd89f0b2d4128faf7c02e2e99b93f8d964f3a96c63d765a71a0b9ba926d86a.jpg,gen,genuine_population,bobs_126610LV_194330,126610LV,date_41mm,established_dealer,Bob's Watches,https://www.bobswatches.com/pre-owned-starbucks-rolex-submariner-green-bezel-ref-126610lv.html,194330,1,77dd89f0b2d4128faf7c02e2e99b93f8d964f3a96c63d765a71a0b9ba926d86a,https://www.bobswatches.com/images/zUsed-Rolex-Submariner-126610-SKU194330.jpg,Bob's Rolex Harvester (bobs_20261009_owner_packs.csv); straight-on gate passed
7cfd05486d281354,images/7c/7cfd05486d281354270af21119d84c88bae383c5112fee4b6fe052b088e3e1a1.jpg,gen,genuine_population,bobs_126618LB_193649,126618LB,date_41mm,established_dealer,Bob's Watches,https://www.bobswatches.com/pre-owned-18k-yellow-gold-rolex-submariner-ref-126618lb-blue-dial.html,193649,1,7cfd05486d281354270af21119d84c88bae383c5112fee4b6fe052b088e3e1a1,https://www.bobswatches.com/images/zUsed-Rolex-Submariner-126618-SKU193649.jpg,Bob's Rolex Harvester (bobs_20261009_owner_packs.csv); straight-on gate passed
b68ab624da78aaf2,images/b6/b68ab624da78aaf25901756302cf889b5f583a7e49c1f332f336b869c139e048.jpg,gen,genuine_population,bobs_126618LB_193807,126618LB,date_41mm,established_dealer,Bob's Watches,https://www.bobswatches.com/pre-owned-rolex-submariner-blue-dial-ref-126618lb-18k-yellow-gold.html,193807,1,b68ab624da78aaf25901756302cf889b5f583a7e49c1f332f336b869c139e048,https://www.bobswatches.com/images/zUsed-Rolex-Submariner-126618-SKU193807.jpg,Bob's Rolex Harvester (bobs_20261009_owner_packs.csv); straight-on gate passed
06121c23bb1a1f46,images/06/06121c23bb1a1f46ecaf7f2c0256aacc24376d9011bbb20a0376deaced96a640.jpg,gen,genuine_population,bobs_126618LN_193932,126618LN,date_41mm,established_dealer,Bob's Watches,https://www.bobswatches.com/used-rolex-submariner-18k-yellow-gold-ref-126618ln-black-ceramic-bezel.html,193932,1,06121c23bb1a1f46ecaf7f2c0256aacc24376d9011bbb20a0376deaced96a640,https://www.bobswatches.com/images/zUsed-Rolex-Submariner-126618-SKU193932.jpg,Bob's Rolex Harvester (bobs_20261009_owner_packs.csv); straight-on gate passed
c0b1c4acd49a100f,images/c0/c0b1c4acd49a100fa6ecf96e8b44c7b1268f28ffa8494701904dae3ed9a3af99.jpg,gen,genuine_population,bobs_126613LB_194323,126613LB,date_41mm,established_dealer,Bob's Watches,https://www.bobswatches.com/used-two-tone-rolex-submariner-bluesy-ref-126613lb-bezel.html,194323,1,c0b1c4acd49a100fa6ecf96e8b44c7b1268f28ffa8494701904dae3ed9a3af99,https://www.bobswatches.com/images/zUsed-Rolex-Submariner-126613-SKU194323.jpg,Bob's Rolex Harvester (ci_harvest_20261009.csv); straight-on gate passed
d1f1e8b2387f6f6c,images/d1/d1f1e8b2387f6f6ca12dcbef3e33e88754d72580646d0d24e2bcf2ac9723c2bb.jpg,gen,genuine_population,bobs_126613LB_190173,126613LB,date_41mm,established_dealer,Bob's Watches,https://www.bobswatches.com/used-rolex-submariner-ref-126613lb-steel-and-18k-gold-bluesy.html,190173,1,d1f1e8b2387f6f6ca12dcbef3e33e88754d72580646d0d24e2bcf2ac9723c2bb,https://www.bobswatches.com/images/zUsed-Rolex-Submariner-126613-SKU190173.jpg,Bob's Rolex Harvester (ci_harvest_20261009.csv); straight-on gate passed
5a63524f951dc981,images/5a/5a63524f951dc981387e5e7fcff19d1a3aa1259cd5df82a58344e490195c73f8.jpg,gen,genuine_population,bobs_126613LB_193857,126613LB,date_41mm,established_dealer,Bob's Watches,https://www.bobswatches.com/pre-owned-rolex-submariner-blue-dial-ref-126613lb-oyster-band.html,193857,1,5a63524f951dc981387e5e7fcff19d1a3aa1259cd5df82a58344e490195c73f8,https://www.bobswatches.com/images/zUsed-Rolex-Submariner-126613-SKU193857.jpg,Bob's Rolex Harvester (ci_harvest_20261009.csv); straight-on gate passed
ce9be5e48bcad912,images/ce/ce9be5e48bcad912b497c7c7d0fa1a42183c652fb8cb11efc5e3646c1e06257d.jpg,gen,genuine_population,bobs_126613_186189,126613,date_41mm,established_dealer,Bob's Watches,https://www.bobswatches.com/used-rolex-submariner-two-tone-126613-black-dial.html,186189,1,ce9be5e48bcad912b497c7c7d0fa1a42183c652fb8cb11efc5e3646c1e06257d,https://www.bobswatches.com/images/zUsed-Rolex-Submariner-126613-SKU186189.jpg,Bob's Rolex Harvester (ci_harvest_20261009.csv); straight-on gate passed
b1fe4b24052e43c1,images/b1/b1fe4b24052e43c186b298db13cf94ab50804511a544176a6d7566c2212a7ba6.jpg,gen,genuine_population,bobs_126610LV_193101,126610LV,date_41mm,established_dealer,Bob's Watches,https://www.bobswatches.com/pre-owned-green-bezel-rolex-submariner-ref-126610lv-stainless-steel-starbucks.html,193101,1,b1fe4b24052e43c186b298db13cf94ab50804511a544176a6d7566c2212a7ba6,https://www.bobswatches.com/images/zUsed-Rolex-Submariner-126610LV-SKU193101.jpg,Bob's Rolex Harvester (ci_harvest_20261009.csv); straight-on gate passed
d3a2b077fcf388c3,images/d3/d3a2b077fcf388c31227ff44086d5803f3d6317b1fcdfede2cc67b6e6e2d2815.jpg,gen,genuine_population,bobs_126610LV_193218,126610LV,date_41mm,established_dealer,Bob's Watches,https://www.bobswatches.com/used-rolex-submariner-date-starbucks-ref-126610lv-stainless-steel.html,193218,1,d3a2b077fcf388c31227ff44086d5803f3d6317b1fcdfede2cc67b6e6e2d2815,https://www.bobswatches.com/images/zUsed-Rolex-Submariner-126610-SKU193218.jpg,Bob's Rolex Harvester (ci_harvest_20261009.csv); straight-on gate passed
712d36024ae3cfd8,images/71/712d36024ae3cfd8006e101e0ad44ec09ffcf41c2e7fe136c4d221b7f44941b3.jpg,gen,genuine_population,bobs_126613_191115,126613,date_41mm,established_dealer,Bob's Watches,https://www.bobswatches.com/pre-owned-steel-and-gold-rolex-submariner-black-dial-ref-126613.html,191115,1,712d36024ae3cfd8006e101e0ad44ec09ffcf41c2e7fe136c4d221b7f44941b3,https://www.bobswatches.com/images/zUsed-Rolex-Submariner-126613-SKU191115.jpg,Bob's Rolex Harvester (ci_harvest_20261009.csv); straight-on gate passed
b7c079415a40c75e,images/b7/b7c079415a40c75e8fdd1524cc033f38ecd63e670dbebec7f1e97ff2fcee760f.jpg,gen,genuine_population,bobs_126610LN_192183,126610LN,date_41mm,established_dealer,Bob's Watches,https://www.bobswatches.com/used-rolex-submariner-ref-126610ln-black-ceramic-bezel.html,192183,1,b7c079415a40c75e8fdd1524cc033f38ecd63e670dbebec7f1e97ff2fcee760f,https://www.bobswatches.com/images/zUsed-Rolex-Submariner-126610-SKU192183.jpg,Bob's Rolex Harvester (ci_harvest_20261009.csv); straight-on gate passed
6f071d93608b9081,images/6f/6f071d93608b9081d9a1ff908fe4f8f749a1aad42c70826c6ee596b652bf7517.jpg,gen,genuine_population,bobs_126613LB_193949,126613LB,date_41mm,established_dealer,Bob's Watches,https://www.bobswatches.com/pre-owned-rolex-submariner-ref-126613lb-blue-dial.html,193949,1,6f071d93608b9081d9a1ff908fe4f8f749a1aad42c70826c6ee596b652bf7517,https://www.bobswatches.com/images/zUsed-Rolex-Submariner-126613-SKU193949.jpg,Bob's Rolex Harvester (ci_harvest_20261009.csv); straight-on gate passed
b490ec37617d2031,images/b4/b490ec37617d2031b2a0cb32277d6b31cc032c2674621aa7d182df334efc2ac7.jpg,gen,genuine_population,bobs_126610LV_193764,126610LV,date_41mm,established_dealer,Bob's Watches,https://www.bobswatches.com/used-rolex-submariner-green-starbucks-bezel-ref-126610lv.html,193764,1,b490ec37617d2031b2a0cb32277d6b31cc032c2674621aa7d182df334efc2ac7,https://www.bobswatches.com/images/zUsed-Rolex-Submariner-126610-SKU193764.jpg,Bob's Rolex Harvester (ci_harvest_20261009.csv); straight-on gate passed
15504033a6148809,images/15/15504033a6148809c4b652bae241b7455706c61b84a035ae7d1336ceeb009c85.jpg,gen,genuine_population,bobs_126613_193801,126613,date_41mm,established_dealer,Bob's Watches,https://www.bobswatches.com/used-steel-and-gold-rolex-submariner-ref-126613-black-dial.html,193801,1,15504033a6148809c4b652bae241b7455706c61b84a035ae7d1336ceeb009c85,https://www.bobswatches.com/images/zUsed-Rolex-Submariner-126613-SKU193801.jpg,Bob's Rolex Harvester (ci_harvest_20261009.csv); straight-on gate passed
1a9de69b4f01c12f,images/1a/1a9de69b4f01c12fc7278db16a15856609be67bfb23459d770892d804c5e1887.jpg,gen,genuine_population,bobs_126613LB_194190,126613LB,date_41mm,established_dealer,Bob's Watches,https://www.bobswatches.com/used-rolex-submariner-ref-126613lb-blue-cerachrom-bezel.html,194190,1,1a9de69b4f01c12fc7278db16a15856609be67bfb23459d770892d804c5e1887,https://www.bobswatches.com/images/zUsed-Rolex-Submariner-126613-SKU194190.jpg,Bob's Rolex Harvester (ci_harvest_20261009.csv); straight-on gate passed
24c57dede14e0e4d,images/24/24c57dede14e0e4d30d819e81253e2ef89e9f1b2a7ee40d31def3c45dd83641e.jpg,gen,genuine_population,bobs_126619LB_186599,126619LB,date_41mm,established_dealer,Bob's Watches,https://www.bobswatches.com/used-18k-white-gold-rolex-submariner-126619lb-cookie-monster.html,186599,1,24c57dede14e0e4d30d819e81253e2ef89e9f1b2a7ee40d31def3c45dd83641e,https://www.bobswatches.com/images/zUsed-Rolex-Submariner-126619-SKU186599.jpg,Bob's Rolex Harvester (ci_harvest_20261009.csv); straight-on gate passed
4740bd0d15ca798c,images/47/4740bd0d15ca798ceef9ad8112675aa7b8d966115962c38365e9729c4164f7b1.jpg,gen,genuine_population,bobs_126613_190419,126613,date_41mm,established_dealer,Bob's Watches,https://www.bobswatches.com/pre-owned-rolex-submariner-ref-126613-black-dial.html,190419,1,4740bd0d15ca798ceef9ad8112675aa7b8d966115962c38365e9729c4164f7b1,https://www.bobswatches.com/images/zUsed-Rolex-Submariner-126613-SKU190419.jpg,Bob's Rolex Harvester (ci_harvest_20261009.csv); straight-on gate passed
dc367edebf719784,images/dc/dc367edebf719784cdd1db91d9255f868edb3712abd7fb21f22fa94567938296.jpg,gen,genuine_population,bobs_126613LB_193029,126613LB,date_41mm,established_dealer,Bob's Watches,https://www.bobswatches.com/pre-owned-rolex-submariner-ref-126613lb-bluesy.html,193029,1,dc367edebf719784cdd1db91d9255f868edb3712abd7fb21f22fa94567938296,https://www.bobswatches.com/images/zUsed-Rolex-Submariner-126613-SKU193029.jpg,Bob's Rolex Harvester (ci_harvest_20261009.csv); straight-on gate passed
ba3762aa2aea60c1,images/ba/ba3762aa2aea60c13de22f72c8388cf7b616c736ec60af5f4a627068f4b07c19.jpg,gen,genuine_population,bobs_126610LN_193368,126610LN,date_41mm,established_dealer,Bob's Watches,https://www.bobswatches.com/used-stainless-steel-rolex-submariner-ref-126610ln-black-dial.html,193368,1,ba3762aa2aea60c13de22f72c8388cf7b616c736ec60af5f4a627068f4b07c19,https://www.bobswatches.com/images/zUsed-Rolex-Submariner-126610-SKU193368.jpg,Bob's Rolex Harvester (ci_harvest_20261009.csv); straight-on gate passed
030c3a90860cde04,images/03/030c3a90860cde04ed450a7b5692cd50419db22f7ba7755d4169d893f6830b3c.jpg,gen,genuine_population,bobs_126613LB_193777,126613LB,date_41mm,established_dealer,Bob's Watches,https://www.bobswatches.com/used-rolex-submariner-blue-dial-ref-126613lb-oyster-band.html,193777,1,030c3a90860cde04ed450a7b5692cd50419db22f7ba7755d4169d893f6830b3c,https://www.bobswatches.com/images/zUsed-Rolex-Submariner-126613-SKU193777.jpg,Bob's Rolex Harvester (ci_harvest_20261009.csv); straight-on gate passed
6ce5a5c48c57f4fd,images/6c/6ce5a5c48c57f4fd9e4f80010a82639aec0a3e9966776b06b5a7369f2b603a22.jpg,gen,genuine_population,bobs_126619LB_191434,126619LB,date_41mm,established_dealer,Bob's Watches,https://www.bobswatches.com/pre-owned-18k-white-gold-rolex-submariner-ref-126619lb-cookie-monster.html,191434,1,6ce5a5c48c57f4fd9e4f80010a82639aec0a3e9966776b06b5a7369f2b603a22,https://www.bobswatches.com/images/zUsed-Rolex-Submariner-126619-SKU191434.jpg,Bob's Rolex Harvester (ci_harvest_20261009.csv); straight-on gate passed
3116b7962ed3f797,images/31/3116b7962ed3f797066ddc69e6c34f036ca91a4c0b06c455e837ede096a01466.jpg,gen,genuine_population,bobs_126610LN_188326,126610LN,date_41mm,established_dealer,Bob's Watches,https://www.bobswatches.com/pre-owned-steel-rolex-submariner-126610ln-black-dial.html,188326,1,3116b7962ed3f797066ddc69e6c34f036ca91a4c0b06c455e837ede096a01466,https://www.bobswatches.com/images/zUsed-Rolex-Submariner-126610-SKU188326.jpg,Bob's Rolex Harvester (ci_harvest_20261009.csv); straight-on gate passed
1486879c205eeb59,images/14/1486879c205eeb595487b6e9b63a23a0314bb3c2c6c292f5ab95181150a5cf07.jpg,gen,genuine_population,bobs_126613LB_193690,126613LB,date_41mm,established_dealer,Bob's Watches,https://www.bobswatches.com/used-rolex-submariner-bluesy-ref-126613lb-oyster-band.html,193690,1,1486879c205eeb595487b6e9b63a23a0314bb3c2c6c292f5ab95181150a5cf07,https://www.bobswatches.com/images/zUsed-Rolex-Submariner-126613-SKU193690.jpg,Bob's Rolex Harvester (ci_harvest_20261009.csv); straight-on gate passed
9ed9a0e496bd7728,images/9e/9ed9a0e496bd77281b61b5271a0c04c2f2f6ef5d4f67ba2a2a064631686a08aa.jpg,gen,genuine_population,bobs_126610_191969,126610,date_41mm,established_dealer,Bob's Watches,https://www.bobswatches.com/used-rolex-submariner-ref-126610-black-cerachrom-bezel.html,191969,1,9ed9a0e496bd77281b61b5271a0c04c2f2f6ef5d4f67ba2a2a064631686a08aa,https://www.bobswatches.com/images/zUsed-Rolex-Submariner-126610-SKU191969.jpg,Bob's Rolex Harvester (ci_harvest_20261009.csv); straight-on gate passed
f83fbdbf9ae78eb5,images/f8/f83fbdbf9ae78eb5ce6538340069e6088d4bf6e639bdea8bda4eefb1e689039d.jpg,gen,genuine_population,bobs_126610LN_193256,126610LN,date_41mm,established_dealer,Bob's Watches,https://www.bobswatches.com/used-rolex-submariner-ref-126610ln-black-dial.html,193256,1,f83fbdbf9ae78eb5ce6538340069e6088d4bf6e639bdea8bda4eefb1e689039d,https://www.bobswatches.com/images/zUsed-Rolex-Submariner-126610-SKU193256.jpg,Bob's Rolex Harvester (ci_harvest_20261009.csv); straight-on gate passed
fbd51ef5afb19c03,images/fb/fbd51ef5afb19c03cb7c885355e77e9e666787e13956d22dbbee776cb3e87b91.jpg,gen,genuine_population,bobs_126610LN_193274,126610LN,date_41mm,established_dealer,Bob's Watches,https://www.bobswatches.com/pre-owned-rolex-submariner-black-dial-ref-126610ln.html,193274,1,fbd51ef5afb19c03cb7c885355e77e9e666787e13956d22dbbee776cb3e87b91,https://www.bobswatches.com/images/zUsed-Rolex-Submariner-126610-SKU193274.jpg,Bob's Rolex Harvester (ci_harvest_20261009.csv); straight-on gate passed
08ec7f80bf28d9dd,images/08/08ec7f80bf28d9dd9959e9a550c466be001532369ab3c6b9f11bbc28e17d38d5.jpg,gen,genuine_population,bobs_126618_193277,126618,date_41mm,established_dealer,Bob's Watches,https://www.bobswatches.com/used-18k-yellow-gold-rolex-submariner-ref-126618-black-dial.html,193277,1,08ec7f80bf28d9dd9959e9a550c466be001532369ab3c6b9f11bbc28e17d38d5,https://www.bobswatches.com/images/zUsed-Rolex-Submariner-126618-SKU193277.jpg,Bob's Rolex Harvester (ci_harvest_20261009.csv); straight-on gate passed
006e54a0d12998e8,images/00/006e54a0d12998e88d6d95e2ab14991b4b26079055e5b847d36cd1bc0c2a56cd.jpg,gen,genuine_population,bobs_126613_193285,126613,date_41mm,established_dealer,Bob's Watches,https://www.bobswatches.com/used-two-tone-rolex-submariner-ref-126613-black-dial.html,193285,1,006e54a0d12998e88d6d95e2ab14991b4b26079055e5b847d36cd1bc0c2a56cd,https://www.bobswatches.com/images/zUsed-Rolex-Submariner-126613-SKU193285.jpg,Bob's Rolex Harvester (ci_harvest_20261009.csv); straight-on gate passed
1a5705dcb625d490,images/1a/1a5705dcb625d4908d87c6765d8748e56128e19383be8cbd9df4f6734e034382.jpg,gen,genuine_population,bobs_126610_193168,126610,date_41mm,established_dealer,Bob's Watches,https://www.bobswatches.com/used-rolex-submariner-steel-ref-126610-black-chromalight-dial.html,193168,1,1a5705dcb625d4908d87c6765d8748e56128e19383be8cbd9df4f6734e034382,https://www.bobswatches.com/images/zUsed-Rolex-Submariner-126610-SKU193168.jpg,Bob's Rolex Harvester (ci_harvest_20261009.csv); straight-on gate passed
865ebcbc912e2ea7,images/86/865ebcbc912e2ea7a171cffdf99f5b349334703d2bdc9940302759c4089514e4.jpg,gen,genuine_population,bobs_126613LB_192948,126613LB,date_41mm,established_dealer,Bob's Watches,https://www.bobswatches.com/pre-owned-rolex-submariner-bluesy-ref-126613lb.html,192948,1,865ebcbc912e2ea7a171cffdf99f5b349334703d2bdc9940302759c4089514e4,https://www.bobswatches.com/images/zUsed-Rolex-Submariner-126613-SKU192948.jpg,Bob's Rolex Harvester (ci_harvest_20261009.csv); straight-on gate passed
9e27f11fad35b384,images/9e/9e27f11fad35b384f18428b7b22c7688113f67f605271920287aab11ac9e5ebf.jpg,gen,genuine_population,bobs_126613LB_191447,126613LB,date_41mm,established_dealer,Bob's Watches,https://www.bobswatches.com/used-stainless-steel-and-yellow-gold-rolex-submariner-ref-126613lb-bluesy.html,191447,1,9e27f11fad35b384f18428b7b22c7688113f67f605271920287aab11ac9e5ebf,https://www.bobswatches.com/images/zUsed-Rolex-Submariner-126613-SKU191447.jpg,Bob's Rolex Harvester (ci_harvest_20261009.csv); straight-on gate passed
d7d1c0e651c1b7fc,images/d7/d7d1c0e651c1b7fca1e6765de71eb74014409d562b3ceb5d85d8bdf7927c3210.jpg,gen,genuine_population,bobs_126613_191949,126613,date_41mm,established_dealer,Bob's Watches,https://www.bobswatches.com/pre-owned-two-tone-rolex-submariner-ref-126613-black-dial.html,191949,1,d7d1c0e651c1b7fca1e6765de71eb74014409d562b3ceb5d85d8bdf7927c3210,https://www.bobswatches.com/images/zUsed-Rolex-Submariner-126613-SKU191949.jpg,Bob's Rolex Harvester (ci_harvest_20261009.csv); straight-on gate passed
35e48d16c681d0bc,images/35/35e48d16c681d0bc9ba497d8c28fb75dd605ec8007b153be588003970bd9f478.jpg,gen,genuine_population,bobs_126610_191820,126610,date_41mm,established_dealer,Bob's Watches,https://www.bobswatches.com/pre-owned-oyster-rolex-submariner-ref-126610-black-chromalight-dial.html,191820,1,35e48d16c681d0bc9ba497d8c28fb75dd605ec8007b153be588003970bd9f478,https://www.bobswatches.com/images/zUsed-Rolex-Submariner-126610-SKU191820.jpg,Bob's Rolex Harvester (ci_harvest_20261009.csv); straight-on gate passed
b5aa10aabf2438a2,images/b5/b5aa10aabf2438a255091646c15f4bbeec3a64777a88f7e446a2310c2e6362a8.jpg,gen,genuine_population,bobs_126613LB_192740,126613LB,date_41mm,established_dealer,Bob's Watches,https://www.bobswatches.com/pre-owned-two-tone-rolex-submariner-blue-dial-ref-126613lb.html,192740,1,b5aa10aabf2438a255091646c15f4bbeec3a64777a88f7e446a2310c2e6362a8,https://www.bobswatches.com/images/zUsed-Rolex-Submariner-126613-SKU192740.jpg,Bob's Rolex Harvester (ci_harvest_20261009.csv); straight-on gate passed
0e33d08900ae24cb,images/0e/0e33d08900ae24cbb7b029cb7a91cb2051800eace8d9986d6c38e3b56025411b.jpg,gen,genuine_population,bobs_126618_192760,126618,date_41mm,established_dealer,Bob's Watches,https://www.bobswatches.com/used-rolex-submariner-18k-yellow-gold-ref-126618-black-dial.html,192760,1,0e33d08900ae24cbb7b029cb7a91cb2051800eace8d9986d6c38e3b56025411b,https://www.bobswatches.com/images/zUsed-Rolex-Submariner-126618-SKU192760.jpg,Bob's Rolex Harvester (ci_harvest_20261009.csv); straight-on gate passed
1c2ae7e11be08811,images/1c/1c2ae7e11be08811d5932166f92defce7c9f3dce54f31a322d49700904cdef67.jpg,gen,genuine_population,bobs_126613LN_192453,126613LN,date_41mm,established_dealer,Bob's Watches,https://www.bobswatches.com/pre-owned-two-tone-rolex-submariner-ref-126613ln.html,192453,1,1c2ae7e11be08811d5932166f92defce7c9f3dce54f31a322d49700904cdef67,https://www.bobswatches.com/images/zUsed-Rolex-Submariner-126613-SKU192453.jpg,Bob's Rolex Harvester (ci_harvest_20261009.csv); straight-on gate passed
497523ba2201d2bc,images/49/497523ba2201d2bcbe85248eccd5b2ed36c9e2d59f83f133c5f1ee4ab5176bae.jpg,gen,genuine_population,bobs_126619_188956,126619,date_41mm,established_dealer,Bob's Watches,https://www.bobswatches.com/used-18k-white-gold-rolex-submariner-126619-cookie-monster.html,188956,1,497523ba2201d2bcbe85248eccd5b2ed36c9e2d59f83f133c5f1ee4ab5176bae,https://www.bobswatches.com/images/zUsed-Rolex-Submariner-126619-SKU188956.jpg,Bob's Rolex Harvester (ci_harvest_20261009.csv); straight-on gate passed
e28a83cc8ea8e19f,images/e2/e28a83cc8ea8e19f2dc4825ffe5d164823a2f00603b1313165d4c47f1b1f28ed.jpg,gen,genuine_population,bobs_126610_192295,126610,date_41mm,established_dealer,Bob's Watches,https://www.bobswatches.com/pre-owned-rolex-submariner-ref-126610-black-chromalight-dial.html,192295,1,e28a83cc8ea8e19f2dc4825ffe5d164823a2f00603b1313165d4c47f1b1f28ed,https://www.bobswatches.com/images/zUsed-Rolex-Submariner-126610-SKU192295.jpg,Bob's Rolex Harvester (ci_harvest_20261009.csv); straight-on gate passed
90c8d01b1a4ccbcb,images/90/90c8d01b1a4ccbcb6667fb681c6ddfd13a25d55665d6b412673cc063bdbc816c.jpg,gen,genuine_population,bobs_126613LN_191951,126613LN,date_41mm,established_dealer,Bob's Watches,https://www.bobswatches.com/used-rolex-submariner-black-dial-ref-126613ln.html,191951,1,90c8d01b1a4ccbcb6667fb681c6ddfd13a25d55665d6b412673cc063bdbc816c,https://www.bobswatches.com/images/zUsed-Rolex-Submariner-126613-SKU191951.jpg,Bob's Rolex Harvester (ci_harvest_20261009.csv); straight-on gate passed
7ddb5e798cc6e12c,images/7d/7ddb5e798cc6e12c5b65f568bceb65da06e29888bb975c3d7cee78305168412c.jpg,gen,genuine_population,bobs_126610_192510,126610,date_41mm,established_dealer,Bob's Watches,https://www.bobswatches.com/used-oyster-rolex-submariner-ref-126610-black-chromalight-dial.html,192510,1,7ddb5e798cc6e12c5b65f568bceb65da06e29888bb975c3d7cee78305168412c,https://www.bobswatches.com/images/zUsed-Rolex-Submariner-126610-SKU192510.jpg,Bob's Rolex Harvester (ci_harvest_20261009.csv); straight-on gate passed
47724958c2183bae,images/47/47724958c2183bae2fb73ba9aac7f1c29931c32ac6d75db286c6b9ebab0d68df.jpg,gen,genuine_population,bobs_126618LB_191553,126618LB,date_41mm,established_dealer,Bob's Watches,https://www.bobswatches.com/pre-owned-rolex-submariner-18k-yellow-gold-ref-126618lb-blue-dial.html,191553,1,47724958c2183bae2fb73ba9aac7f1c29931c32ac6d75db286c6b9ebab0d68df,https://www.bobswatches.com/images/zUsed-Rolex-Submariner-126618-SKU191553.jpg,Bob's Rolex Harvester (ci_harvest_20261009.csv); straight-on gate passed
0e62df651a8d3087,images/0e/0e62df651a8d3087b7a726b6b7546666d35059c2a9e2b3aec23f1d928b8220f6.jpg,gen,genuine_population,bobs_126610_192114,126610,date_41mm,established_dealer,Bob's Watches,https://www.bobswatches.com/pre-owned-oyster-rolex-submariner-black-chromalight-dial-ref-126610.html,192114,1,0e62df651a8d3087b7a726b6b7546666d35059c2a9e2b3aec23f1d928b8220f6,https://www.bobswatches.com/images/zUsed-Rolex-Submariner-126610-SKU192114.jpg,Bob's Rolex Harvester (ci_harvest_20261009.csv); straight-on gate passed
440888b1e01dad0e,images/44/440888b1e01dad0e5617a8b80e4df9de9820b639d71c3923723e2f742854a2a6.jpg,gen,genuine_population,bobs_126613LB_192135,126613LB,date_41mm,established_dealer,Bob's Watches,https://www.bobswatches.com/used-two-tone-rolex-submariner-ref-126613lb-bluesy.html,192135,1,440888b1e01dad0e5617a8b80e4df9de9820b639d71c3923723e2f742854a2a6,https://www.bobswatches.com/images/zUsed-Rolex-Submariner-126613-SKU192135.jpg,Bob's Rolex Harvester (ci_harvest_20261009.csv); straight-on gate passed
4c4ef9fb648ffffc,images/4c/4c4ef9fb648ffffc4b9a93c98438f3711723dee90288f1f1fb168c7cf3a9d5dc.jpg,gen,genuine_population,bobs_126613_191296,126613,date_41mm,established_dealer,Bob's Watches,https://www.bobswatches.com/pre-owned-two-tone-rolex-submariner-ref-126613-bluesy.html,191296,1,4c4ef9fb648ffffc4b9a93c98438f3711723dee90288f1f1fb168c7cf3a9d5dc,https://www.bobswatches.com/images/z191296-Used-Rolex-Submariner-126613-SKU191296.jpg,Bob's Rolex Harvester (ci_harvest_20261009.csv); straight-on gate passed
eb2f178e74918b6d,images/eb/eb2f178e74918b6d1a47e5cbd59ab5c6d494ae79b837c6c2a7829ffe4b8a8467.jpg,gen,genuine_population,bobs_126613LB_191566,126613LB,date_41mm,established_dealer,Bob's Watches,https://www.bobswatches.com/pre-owned-two-tone-rolex-submariner-ref-126613lb-bluesy.html,191566,1,eb2f178e74918b6d1a47e5cbd59ab5c6d494ae79b837c6c2a7829ffe4b8a8467,https://www.bobswatches.com/images/zUsed-Rolex-Submariner-126613-SKU191566.jpg,Bob's Rolex Harvester (ci_harvest_20261009.csv); straight-on gate passed
77f5b6f3ff25b1de,images/77/77f5b6f3ff25b1de6c9292aac37cf8690107e2ebda115c03aea47cd1c03eb3df.jpg,gen,genuine_population,bobs_126613LN_185571,126613LN,date_41mm,established_dealer,Bob's Watches,https://www.bobswatches.com/used-rolex-submariner-ref-126613ln-black-dial.html,185571,1,77f5b6f3ff25b1de6c9292aac37cf8690107e2ebda115c03aea47cd1c03eb3df,https://www.bobswatches.com/images/zUsed-Rolex-Submariner-126613-SKU185571.jpg,Bob's Rolex Harvester (ci_harvest_20261009.csv); straight-on gate passed
6154fc640f795f3d,images/61/6154fc640f795f3d677564883c3fd624bf8575900fbbbba1d557cfc260116d62.jpg,gen,genuine_population,bobs_126610_191517,126610,date_41mm,established_dealer,Bob's Watches,https://www.bobswatches.com/used-oyster-rolex-submariner-black-chromalight-dial-ref-126610.html,191517,1,6154fc640f795f3d677564883c3fd624bf8575900fbbbba1d557cfc260116d62,https://www.bobswatches.com/images/zUsed-Rolex-Submariner-126610-SKU191517.jpg,Bob's Rolex Harvester (ci_harvest_20261009.csv); straight-on gate passed
63bae258faf1b8be,images/63/63bae258faf1b8be1329c7efaaeb3050ce2e3e0fb92ac30ecf31b6e8b91a4212.jpg,gen,genuine_population,bobs_126610LN_191814,126610LN,date_41mm,established_dealer,Bob's Watches,https://www.bobswatches.com/pre-owned-rolex-submariner-stainless-steel-ref-126610ln.html,191814,1,63bae258faf1b8be1329c7efaaeb3050ce2e3e0fb92ac30ecf31b6e8b91a4212,https://www.bobswatches.com/images/zUsed-Rolex-Submariner-126610-SKU191814.jpg,Bob's Rolex Harvester (ci_harvest_20261009.csv); straight-on gate passed
400159e9b844c02b,images/40/400159e9b844c02b478f801423747f952291f6a21102b016a23149f5ae1ee202.jpg,gen,genuine_population,bobs_126618_191239,126618,date_41mm,established_dealer,Bob's Watches,https://www.bobswatches.com/pre-owned-rolex-submariner-18k-yellow-gold-ref-126618-black-dial.html,191239,1,400159e9b844c02b478f801423747f952291f6a21102b016a23149f5ae1ee202,https://www.bobswatches.com/images/zUsed-Rolex-Submariner-126618-SKU191239.jpg,Bob's Rolex Harvester (ci_harvest_20261009.csv); straight-on gate passed
e2e12edf8075d7eb,images/e2/e2e12edf8075d7eba7700e5f6a4d5b4facddbfd1d602c089916fd4d617f7bb0a.jpg,gen,genuine_population,bobs_126613LN_191741,126613LN,date_41mm,established_dealer,Bob's Watches,https://www.bobswatches.com/pre-owned-two-tone-rolex-submariner-ref-126613ln-chromalight-dial.html,191741,1,e2e12edf8075d7eba7700e5f6a4d5b4facddbfd1d602c089916fd4d617f7bb0a,https://www.bobswatches.com/images/zUsed-Rolex-Submariner-126613-SKU191741.jpg,Bob's Rolex Harvester (ci_harvest_20261009.csv); straight-on gate passed
d4f5f6695f34f179,images/d4/d4f5f6695f34f179eb58deaa5ccbf7d1d9bbf36e9b05578f017cca3fd6beaaaf.jpg,gen,genuine_population,bobs_126610LV_189794,126610LV,date_41mm,established_dealer,Bob's Watches,https://www.bobswatches.com/used-rolex-submariner-ref-126610lv-stainless-steel-starbucks.html,189794,1,d4f5f6695f34f179eb58deaa5ccbf7d1d9bbf36e9b05578f017cca3fd6beaaaf,https://www.bobswatches.com/images/zUsed-Master-Oyster-Starbucks-Rolex-Submariner-126610-SKU189794.jpg,Bob's Rolex Harvester (ci_harvest_20261009.csv); straight-on gate passed
f9118bceec28044d,images/f9/f9118bceec28044d0c53e7dcb6859520cfb335fa90d2fc2645bd34a0782873d7.jpg,gen,genuine_population,bobs_126610LV_188951,126610LV,date_41mm,established_dealer,Bob's Watches,https://www.bobswatches.com/pre-owned-rolex-submariner-data-starbucks-ref-126610lv-stainless-steel.html,188951,1,f9118bceec28044d0c53e7dcb6859520cfb335fa90d2fc2645bd34a0782873d7,https://www.bobswatches.com/images/zUsed-Rolex-Submariner-126610LV-SKU188951.jpg,Bob's Rolex Harvester (ci_harvest_20261009.csv); straight-on gate passed
027b4b1cd1e3ebbe,images/02/027b4b1cd1e3ebbe7b62b89dc39a4a9af2c4de548ea38fea1db1abbac3804613.jpg,gen,genuine_population,bobs_126610LV_191583,126610LV,date_41mm,established_dealer,Bob's Watches,https://www.bobswatches.com/used-rolex-submariner-green-bezel-ref-126610lv-starbucks.html,191583,1,027b4b1cd1e3ebbe7b62b89dc39a4a9af2c4de548ea38fea1db1abbac3804613,https://www.bobswatches.com/images/zUsed-Rolex-Submariner-126610-SKU191583.jpg,Bob's Rolex Harvester (ci_harvest_20261009.csv); straight-on gate passed
7e13df720c8a72b4,images/7e/7e13df720c8a72b48abd26f30e82078b56ba6fb68731b8c0554cb74be05b5699.jpg,gen,genuine_population,bobs_126618_190792,126618,date_41mm,established_dealer,Bob's Watches,https://www.bobswatches.com/pre-owned-rolex-submariner-18k-yellow-gold-ref-126618.html,190792,1,7e13df720c8a72b48abd26f30e82078b56ba6fb68731b8c0554cb74be05b5699,https://www.bobswatches.com/images/zUsed-Rolex-Submariner-126618-SKU190792.jpg,Bob's Rolex Harvester (ci_harvest_20261009.csv); straight-on gate passed
f2d2b0cbd601c864,images/f2/f2d2b0cbd601c864f149c40a2c530f7a15e73da7107a958c484e83e353489b21.jpg,gen,genuine_population,bobs_126618_190792,126618,date_41mm,established_dealer,Bob's Watches,https://www.bobswatches.com/pre-owned-rolex-submariner-18k-yellow-gold-ref-126618.html,190792,1,f2d2b0cbd601c864f149c40a2c530f7a15e73da7107a958c484e83e353489b21,https://www.bobswatches.com/images/zUsed-Rolex-Submariner-126618-190792w.jpg,Bob's Rolex Harvester (ci_harvest_20261009.csv); straight-on gate passed
2affaf42fac18dc6,images/2a/2affaf42fac18dc6dd80014a8f4efdf25877d6a5c2af2359f4a9c0782b1d5837.jpg,gen,genuine_population,bobs_126610LV_190163,126610LV,date_41mm,established_dealer,Bob's Watches,https://www.bobswatches.com/used-rolex-submariner-starbucks-green-bezel-ref-126610lv.html,190163,1,2affaf42fac18dc6dd80014a8f4efdf25877d6a5c2af2359f4a9c0782b1d5837,https://www.bobswatches.com/images/zUsed-Rolex-Submariner-126610LV-SKU190163.jpg,Bob's Rolex Harvester (ci_harvest_20261009.csv); straight-on gate passed
a64a6c183f6329db,images/a6/a64a6c183f6329dbe869e4a54ff8bcfbf95cac2f84449d23f7b9ee40732995a5.jpg,gen,genuine_population,bobs_126618_190213,126618,date_41mm,established_dealer,Bob's Watches,https://www.bobswatches.com/pre-owned-18k-yellow-gold-rolex-submariner-ref-126618-black-dial.html,190213,1,a64a6c183f6329dbe869e4a54ff8bcfbf95cac2f84449d23f7b9ee40732995a5,https://www.bobswatches.com/images/zUsed-Black-Dial-Rolex-Submariner-126618-SKU190213.jpg,Bob's Rolex Harvester (ci_harvest_20261009.csv); straight-on gate passed
6b235a715da06412,images/6b/6b235a715da06412116331e4947f99e9bd3ab291bdbf832955aaec549f543f93.jpg,gen,genuine_population,bobs_126613LB_191213,126613LB,date_41mm,established_dealer,Bob's Watches,https://www.bobswatches.com/used-rolex-submariner-ref-126613lb-stainless-steel-and-yellow-gold.html,191213,1,6b235a715da06412116331e4947f99e9bd3ab291bdbf832955aaec549f543f93,https://www.bobswatches.com/images/zUsed-Rolex-Submariner-126613-SKU191213.jpg,Bob's Rolex Harvester (ci_harvest_20261009.csv); straight-on gate passed
0114716639829db3,images/01/0114716639829db316273d2089e0f652bda93e36874ec804a01aa8351a7644de.jpg,gen,genuine_population,bobs_126610_191335,126610,date_41mm,established_dealer,Bob's Watches,https://www.bobswatches.com/pre-owned-rolex-submariner-chromalight-dial-ref-126610.html,191335,1,0114716639829db316273d2089e0f652bda93e36874ec804a01aa8351a7644de,https://www.bobswatches.com/images/zUsed-Rolex-Submariner-126610-SKU191335.jpg,Bob's Rolex Harvester (ci_harvest_20261009.csv); straight-on gate passed
abe396ed3f60120a,images/ab/abe396ed3f60120a745af6c7f3083bb320caa12496fe0f46da64c57ee6ed43ba.jpg,gen,genuine_population,bobs_126610LN_191458,126610LN,date_41mm,established_dealer,Bob's Watches,https://www.bobswatches.com/pre-owned-steel-rolex-submariner-black-chromalight-dial-ref-126610ln.html,191458,1,abe396ed3f60120a745af6c7f3083bb320caa12496fe0f46da64c57ee6ed43ba,https://www.bobswatches.com/images/zUsed-Rolex-Submariner-126610-SKU191458.jpg,Bob's Rolex Harvester (ci_harvest_20261009.csv); straight-on gate passed
b447c3784b867c82,images/b4/b447c3784b867c825252b2083fd46530d189f0bff0d2328c4d0d16939caf0fa9.jpg,gen,genuine_population,bobs_126610_189357,126610,date_41mm,established_dealer,Bob's Watches,https://www.bobswatches.com/pre-owned-rolex-submariner-stainless-steel-ref-126610-black-date-dial.html,189357,1,b447c3784b867c825252b2083fd46530d189f0bff0d2328c4d0d16939caf0fa9,https://www.bobswatches.com/images/zUsed-Rolex-Submariner-126610-SKU189357.jpg,Bob's Rolex Harvester (ci_harvest_20261009.csv); straight-on gate passed
1edb8620f27c7ab2,images/1e/1edb8620f27c7ab2c6039d1949810c29187e14d0b478ea84703be2573aa46c06.jpg,gen,genuine_population,bobs_126610LN_191104,126610LN,date_41mm,established_dealer,Bob's Watches,https://www.bobswatches.com/used-rolex-submariner-126610ln-stainless-steel.html,191104,1,1edb8620f27c7ab2c6039d1949810c29187e14d0b478ea84703be2573aa46c06,https://www.bobswatches.com/images/zUsed-Rolex-Submariner-126610-SKU191104.jpg,Bob's Rolex Harvester (ci_harvest_20261009.csv); straight-on gate passed
eb4bc1c87924cc85,images/eb/eb4bc1c87924cc85e7f62cc757a3279b25c08e9fa007421596ac97d5806ceea4.jpg,gen,genuine_population,bobs_126610LN_190934,126610LN,date_41mm,established_dealer,Bob's Watches,https://www.bobswatches.com/used-steel-rolex-submariner-black-chromalight-dial-ref-126610ln.html,190934,1,eb4bc1c87924cc85e7f62cc757a3279b25c08e9fa007421596ac97d5806ceea4,https://www.bobswatches.com/images/zUsed-Rolex-Submariner-126610-SKU190934.jpg,Bob's Rolex Harvester (ci_harvest_20261009.csv); straight-on gate passed
ce537cfa7ad49a9d,images/ce/ce537cfa7ad49a9d081f6f375aa06ad89ac86e7aaba2bc522a2ddca8fe9e46a0.jpg,gen,genuine_population,bobs_126610LN_190050,126610LN,date_41mm,established_dealer,Bob's Watches,https://www.bobswatches.com/pre-owned-rolex-submariner-black-dial-and-bezel-ref-126610ln.html,190050,1,ce537cfa7ad49a9d081f6f375aa06ad89ac86e7aaba2bc522a2ddca8fe9e46a0,https://www.bobswatches.com/images/z190050-Used-Rolex-Submariner-126610-SKU190050.jpg,Bob's Rolex Harvester (ci_harvest_20261009.csv); straight-on gate passed
d68b113ea206f3fe,images/d6/d68b113ea206f3fe29ad92017082c4baf03d89e4fc3414f065ce0b40a9ccbd33.jpg,gen,genuine_population,bobs_126610_190904,126610,date_41mm,established_dealer,Bob's Watches,https://www.bobswatches.com/used-rolex-submariner-chromalight-dial-ref-126610.html,190904,1,d68b113ea206f3fe29ad92017082c4baf03d89e4fc3414f065ce0b40a9ccbd33,https://www.bobswatches.com/images/z190904-Used-Rolex-Submariner-126610-SKU190904.jpg,Bob's Rolex Harvester (ci_harvest_20261009.csv); straight-on gate passed
105beb1ad609aa54,images/10/105beb1ad609aa545a7410088e684beb5c0c9dbc3b8686f22c2270bd32e47192.jpg,gen,genuine_population,bobs_126610_190919,126610,date_41mm,established_dealer,Bob's Watches,https://www.bobswatches.com/pre-owned-rolex-submariner-ref-126610-chromalight-dial.html,190919,1,105beb1ad609aa545a7410088e684beb5c0c9dbc3b8686f22c2270bd32e47192,https://www.bobswatches.com/images/zUsed-Rolex-Submariner-126610-SKU190919.jpg,Bob's Rolex Harvester (ci_harvest_20261009.csv); straight-on gate passed
183e3ee85e53662b,images/18/183e3ee85e53662ba5b925ca2d16fb0e5a42e72f4c97970dc7ed51f87dcb4385.jpg,gen,genuine_population,bobs_126613LB_189584,126613LB,date_41mm,established_dealer,Bob's Watches,https://www.bobswatches.com/pre-owned-rolex-submariner-blue-dial-ref-126613lb.html,189584,1,183e3ee85e53662ba5b925ca2d16fb0e5a42e72f4c97970dc7ed51f87dcb4385,https://www.bobswatches.com/images/zUsed-Rolex-Submariner-126613-SKU189584.jpg,Bob's Rolex Harvester (ci_harvest_20261009.csv); straight-on gate passed
22060f9a8f867d35,images/22/22060f9a8f867d358d7dd60fa4e19389cac1b0ebf81fedc8174ba682940af978.jpg,gen,genuine_population,bobs_126618LB_188539,126618LB,date_41mm,established_dealer,Bob's Watches,https://www.bobswatches.com/used-rolex-submariner-ref-126618lb-blue-dial.html,188539,1,22060f9a8f867d358d7dd60fa4e19389cac1b0ebf81fedc8174ba682940af978,https://www.bobswatches.com/images/zUsed-Rolex-Submariner-126618-SKU188539.jpg,Bob's Rolex Harvester (ci_harvest_20261009.csv); straight-on gate passed
eaf80e6e7135b3f0,images/ea/eaf80e6e7135b3f023d4328d315c4d27c15e3d63711b7807099bcb68920920fa.jpg,gen,genuine_population,bobs_126613LB_190644,126613LB,date_41mm,established_dealer,Bob's Watches,https://www.bobswatches.com/pre-owned-two-tone-rolex-submariner-date-ref-126613lb-bluesy.html,190644,1,eaf80e6e7135b3f023d4328d315c4d27c15e3d63711b7807099bcb68920920fa,https://www.bobswatches.com/images/zUsed-Rolex-Submariner-126613-SKU190644.jpg,Bob's Rolex Harvester (ci_harvest_20261009.csv); straight-on gate passed
a15a91f096439832,images/a1/a15a91f096439832df475ec11dece1067a7e91ad8fca8e32d97f99ae05650b67.jpg,gen,genuine_population,bobs_126610_190823,126610,date_41mm,established_dealer,Bob's Watches,https://www.bobswatches.com/pre-owned-rolex-submariner-black-chromalight-dial-ref-126610-oyster-bracelet.html,190823,1,a15a91f096439832df475ec11dece1067a7e91ad8fca8e32d97f99ae05650b67,https://www.bobswatches.com/images/zUsed-Rolex-Submariner-126610-SKU190823.jpg,Bob's Rolex Harvester (ci_harvest_20261009.csv); straight-on gate passed
ef27244928264b39,images/ef/ef27244928264b3971a10f0bcf5c5f46efe836fc2317592c16077c1e9c6406d7.jpg,gen,genuine_population,bobs_126613LB_191144,126613LB,date_41mm,established_dealer,Bob's Watches,https://www.bobswatches.com/pre-owned-stainless-steel-and-yellow-gold-rolex-submariner-ref-126613lb.html,191144,1,ef27244928264b3971a10f0bcf5c5f46efe836fc2317592c16077c1e9c6406d7,https://www.bobswatches.com/images/zUsed-Rolex-Submariner-126613-SKU191144.jpg,Bob's Rolex Harvester (ci_harvest_20261009.csv); straight-on gate passed
ab4918e462e826c9,images/ab/ab4918e462e826c9417e961169e1c57fd1c7976ec7e21ceb0ec6ef390f132af5.jpg,gen,genuine_population,bobs_126613LB_190688,126613LB,date_41mm,established_dealer,Bob's Watches,https://www.bobswatches.com/pre-owned-rolex-submariner-date-ref-126613lb-blue-dial.html,190688,1,ab4918e462e826c9417e961169e1c57fd1c7976ec7e21ceb0ec6ef390f132af5,https://www.bobswatches.com/images/zUsed-Rolex-Submariner-126613-SKU190688.jpg,Bob's Rolex Harvester (ci_harvest_20261009.csv); straight-on gate passed
2f65f62aefc4a273,images/2f/2f65f62aefc4a2733945336b00297c7c5c4e0f3ec2328a3993a9cc9013ff0383.jpg,gen,genuine_population,bobs_126610_188930,126610,date_41mm,established_dealer,Bob's Watches,https://www.bobswatches.com/pre-owned-stainless-steel-rolex-submariner-ref-126610-black-dial.html,188930,1,2f65f62aefc4a2733945336b00297c7c5c4e0f3ec2328a3993a9cc9013ff0383,https://www.bobswatches.com/images/zUsed-Rolex-Submariner-126610-SKU188930.jpg,Bob's Rolex Harvester (ci_harvest_20261009.csv); straight-on gate passed
45a98ab0c8273f71,images/45/45a98ab0c8273f71b29969f624e238c52c9162910fed054e1e9f0ca9d208bec2.jpg,gen,genuine_population,bobs_126613LB_189877,126613LB,date_41mm,established_dealer,Bob's Watches,https://www.bobswatches.com/pre-owned-rolex-ref-126613lb-submariner-blue-dial.html,189877,1,45a98ab0c8273f71b29969f624e238c52c9162910fed054e1e9f0ca9d208bec2,https://www.bobswatches.com/images/zUsed-Rolex-Submariner-126613-SKU189877.jpg,Bob's Rolex Harvester (ci_harvest_20261009.csv); straight-on gate passed
d0d82d89b4913e3d,images/d0/d0d82d89b4913e3d8246cbc3e86b6c9d664d6588ac0029249291a505120a5eca.jpg,gen,genuine_population,bobs_126613LB_190921,126613LB,date_41mm,established_dealer,Bob's Watches,https://www.bobswatches.com/pre-owned-rolex-submariner-ref-126613lb-blue-chromalight-dial.html,190921,1,d0d82d89b4913e3d8246cbc3e86b6c9d664d6588ac0029249291a505120a5eca,https://www.bobswatches.com/images/zUsed-Rolex-Submariner-126613-SKU190921.jpg,Bob's Rolex Harvester (ci_harvest_20261009.csv); straight-on gate passed
a905c73ad32c3491,images/a9/a905c73ad32c3491b134f9b863e34925785323f32d4fb7eb27a2549040c2253e.jpg,gen,genuine_population,bobs_126610LN_190095,126610LN,date_41mm,established_dealer,Bob's Watches,https://www.bobswatches.com/pre-owned-rolex-submariner-no-holes-case-ref-126610ln.html,190095,1,a905c73ad32c3491b134f9b863e34925785323f32d4fb7eb27a2549040c2253e,https://www.bobswatches.com/images/zUsed-Rolex-Submariner-126610-SKU190095.jpg,Bob's Rolex Harvester (ci_harvest_20261009.csv); straight-on gate passed
3e903c2fceaee50a,images/3e/3e903c2fceaee50ac8f3753ac9232c533c8a2d00701a1576a435449a38b398c9.jpg,gen,genuine_population,bobs_126613LN_190010,126613LN,date_41mm,established_dealer,Bob's Watches,https://www.bobswatches.com/pre-owned-rolex-submariner-steel-and-gold-ref-126613ln.html,190010,1,3e903c2fceaee50ac8f3753ac9232c533c8a2d00701a1576a435449a38b398c9,https://www.bobswatches.com/images/zUsed-Rolex-Submariner-126613-SKU190010.jpg,Bob's Rolex Harvester (ci_harvest_20261009.csv); straight-on gate passed
800cd2600f322aa5,images/80/800cd2600f322aa5cd6fdfdbb9162ce0cfbae7abfe57a9c58405730b98be349b.jpg,gen,genuine_population,bobs_126613LN_190021,126613LN,date_41mm,established_dealer,Bob's Watches,https://www.bobswatches.com/pre-owned-rolex-submariner-ref-126613ln-no-holes-case.html,190021,1,800cd2600f322aa5cd6fdfdbb9162ce0cfbae7abfe57a9c58405730b98be349b,https://www.bobswatches.com/images/zUsed-Rolex-Submariner-126613-SKU190021.jpg,Bob's Rolex Harvester (ci_harvest_20261009.csv); straight-on gate passed
61a0a09f8d1c3605,images/61/61a0a09f8d1c3605b65dbcb879e860373f6cb8a45361a76501935e78afc24899.jpg,gen,genuine_population,bobs_126613LN_190206,126613LN,date_41mm,established_dealer,Bob's Watches,https://www.bobswatches.com/pre-owned-rolex-submariner-ref-126613ln.html,190206,1,61a0a09f8d1c3605b65dbcb879e860373f6cb8a45361a76501935e78afc24899,https://www.bobswatches.com/images/zUsed-Rolex-Submariner-126613-SKU190206.jpg,Bob's Rolex Harvester (ci_harvest_20261009.csv); straight-on gate passed
1b2741bc0119257c,images/1b/1b2741bc0119257caf1750a206dee0ab0b132b9432286874732d311b1a2dbd2c.jpg,gen,genuine_population,bobs_126610LN_189923,126610LN,date_41mm,established_dealer,Bob's Watches,https://www.bobswatches.com/pre-owned-rolex-submariner-chromalight-dial-ref-126610ln-stainless-steel.html,189923,1,1b2741bc0119257caf1750a206dee0ab0b132b9432286874732d311b1a2dbd2c,https://www.bobswatches.com/images/zUsed-Rolex-Submariner-126610-SKU189923.jpg,Bob's Rolex Harvester (ci_harvest_20261009.csv); straight-on gate passed
99747e1b41c46f5a,images/99/99747e1b41c46f5aab89c0ad7d09dacc879579e9a8c8872deadc44fc26678373.jpg,gen,genuine_population,bobs_126610_190857,126610,date_41mm,established_dealer,Bob's Watches,https://www.bobswatches.com/used-rolex-submariner-black-chromalight-dial-ref-126610.html,190857,1,99747e1b41c46f5aab89c0ad7d09dacc879579e9a8c8872deadc44fc26678373,https://www.bobswatches.com/images/zUsed-Rolex-Submariner-126610-SKU190857.jpg,Bob's Rolex Harvester (ci_harvest_20261009.csv); straight-on gate passed
b6244ead83e65900,images/b6/b6244ead83e659000643afe8119049321b1b3d667167c34f0d5ee75f9866d35f.jpg,gen,genuine_population,bobs_126613LB_190020,126613LB,date_41mm,established_dealer,Bob's Watches,https://www.bobswatches.com/used-rolex-submariner-ref-126613lb-bluesy.html,190020,1,b6244ead83e659000643afe8119049321b1b3d667167c34f0d5ee75f9866d35f,https://www.bobswatches.com/images/zUsed-Rolex-Submariner-126613-SKU190020.jpg,Bob's Rolex Harvester (ci_harvest_20261009.csv); straight-on gate passed
56c6dd7c987d65b1,images/56/56c6dd7c987d65b10aecbec430bfeac442bd3d2baf4a8484a2f0a6872ce87fb8.jpg,gen,genuine_population,bobs_126610_189883,126610,date_41mm,established_dealer,Bob's Watches,https://www.bobswatches.com/pre-owned-rolex-submariner-stainless-steel-ref126610-black-date-dial.html,189883,1,56c6dd7c987d65b10aecbec430bfeac442bd3d2baf4a8484a2f0a6872ce87fb8,https://www.bobswatches.com/images/zUsed-Rolex-Submariner-126610-SKU189883.jpg,Bob's Rolex Harvester (ci_harvest_20261009.csv); straight-on gate passed
0f8b3975930ee3c7,images/0f/0f8b3975930ee3c71358a04e307f12c464f43e80faefeae2fd596a2dd0de2ba4.jpg,gen,genuine_population,bobs_126610LN_189415,126610LN,date_41mm,established_dealer,Bob's Watches,https://www.bobswatches.com/used-rolex-submariner-black-chromalight-dial-ref-126610ln.html,189415,1,0f8b3975930ee3c71358a04e307f12c464f43e80faefeae2fd596a2dd0de2ba4,https://www.bobswatches.com/images/zUsed-Rolex-Submariner-126610-SKU189415.jpg,Bob's Rolex Harvester (ci_harvest_20261009.csv); straight-on gate passed
0ca9e477da50feee,images/0c/0ca9e477da50feee6e4826e63002c715477542e9c0b81f2b1ec793c40d2ccd4a.jpg,gen,genuine_population,bobs_126613LB_189762,126613LB,date_41mm,established_dealer,Bob's Watches,https://www.bobswatches.com/pre-owned-rolex-submariner-steel-and-yellow-gold-ref-126613lb-blue-dial.html,189762,1,0ca9e477da50feee6e4826e63002c715477542e9c0b81f2b1ec793c40d2ccd4a,https://www.bobswatches.com/images/zUsed-Rolex-Submariner-126613-SKU189762.jpg,Bob's Rolex Harvester (ci_harvest_20261009.csv); straight-on gate passed
1280ff2bd797750a,images/12/1280ff2bd797750ad23a93ef9d5933a7526ae603207ece58826b3bcd5521feb3.jpg,gen,genuine_population,bobs_126610_189635,126610,date_41mm,established_dealer,Bob's Watches,https://www.bobswatches.com/used-steel-rolex-submariner-ref-126610-black-dial-and-bezel.html,189635,1,1280ff2bd797750ad23a93ef9d5933a7526ae603207ece58826b3bcd5521feb3,https://www.bobswatches.com/images/zUsed-Rolex-Submariner-126610-SKU189635.jpg,Bob's Rolex Harvester (ci_harvest_20261009.csv); straight-on gate passed
a30e6188439f9d49,images/a3/a30e6188439f9d497be0e8a479ee4bc2900c1c7b559c3621e392ea24460cd7e0.jpg,gen,genuine_population,bobs_126613LB_188763,126613LB,date_41mm,established_dealer,Bob's Watches,https://www.bobswatches.com/used-rolex-submariner-steel-and-18k-yellow-gold-blue-dial-ref-126613lb.html,188763,1,a30e6188439f9d497be0e8a479ee4bc2900c1c7b559c3621e392ea24460cd7e0,https://www.bobswatches.com/images/zUsed-Rolex-Submariner-126613-SKU188763.jpg,Bob's Rolex Harvester (ci_harvest_20261009.csv); straight-on gate passed
73f994775fa1f3f5,images/73/73f994775fa1f3f5f30d71e8b144490b9ec8c82a7e0fbd1320132624baffb50f.jpg,gen,genuine_population,bobs_126610LV_189849,126610LV,date_41mm,established_dealer,Bob's Watches,https://www.bobswatches.com/pre-owned-rolex-submariner-ref-126610lv-starbucks-stainless-steel.html,189849,1,73f994775fa1f3f5f30d71e8b144490b9ec8c82a7e0fbd1320132624baffb50f,https://www.bobswatches.com/images/zUsed-Master-Rolex-Submariner-126610-SKU189849.jpg,Bob's Rolex Harvester (ci_harvest_20261009.csv); straight-on gate passed
1ef3415e37d6fbf7,images/1e/1ef3415e37d6fbf7328254a0f0e9c1d2569baa22207fe2eceb2bf27f663a37a2.jpg,gen,genuine_population,bobs_126610LV_189937,126610LV,date_41mm,established_dealer,Bob's Watches,https://www.bobswatches.com/pre-owned-rolex-submariner-date-starbucks-ref-126610lv-stainless-steel.html,189937,1,1ef3415e37d6fbf7328254a0f0e9c1d2569baa22207fe2eceb2bf27f663a37a2,https://www.bobswatches.com/images/zUsed-Master-Rolex-Submariner-126610-SKU189937.jpg,Bob's Rolex Harvester (ci_harvest_20261009.csv); straight-on gate passed
7745223f57698695,images/77/7745223f5769869561f07610d1fd531c1ac8aa3ee514ebc630c30dbdeab80de6.jpg,gen,genuine_population,bobs_126618LN_188710,126618LN,date_41mm,established_dealer,Bob's Watches,https://www.bobswatches.com/pre-owned-rolex-submariner-ref-126618ln-black-dial.html,188710,1,7745223f5769869561f07610d1fd531c1ac8aa3ee514ebc630c30dbdeab80de6,https://www.bobswatches.com/images/zUsed-Rolex-Submariner-126618-SKU188710.jpg,Bob's Rolex Harvester (ci_harvest_20261009.csv); straight-on gate passed
07538a36ad50ad91,images/07/07538a36ad50ad9134d345ed27076cc3e7e8f290a356ff244739e62934e925e6.jpg,gen,genuine_population,bobs_126610LV_189184,126610LV,date_41mm,established_dealer,Bob's Watches,https://www.bobswatches.com/used-rolex-submariner-starbucks-ref-126610lv-green-bezel.html,189184,1,07538a36ad50ad9134d345ed27076cc3e7e8f290a356ff244739e62934e925e6,https://www.bobswatches.com/images/zUsed-Rolex-Submariner-126610LV-SKU189184.jpg,Bob's Rolex Harvester (ci_harvest_20261009.csv); straight-on gate passed
9d5b8f66d395961f,images/9d/9d5b8f66d395961f4c37c61ea7e786ab225be5b027ff356e7e3c70ad03dc05ba.jpg,gen,genuine_population,bobs_126613LN_187189,126613LN,date_41mm,established_dealer,Bob's Watches,https://www.bobswatches.com/used-rolex-submariner-two-tone-126613ln-black-dial.html,187189,1,9d5b8f66d395961f4c37c61ea7e786ab225be5b027ff356e7e3c70ad03dc05ba,https://www.bobswatches.com/images/zUsed-Rolex-Submariner-126613-SKU187189.jpg,Bob's Rolex Harvester (ci_harvest_20261009.csv); straight-on gate passed
4d135d4f16b65ba0,images/4d/4d135d4f16b65ba0e6ec82d373744bca33f3926e5d279b02eaba6572421279b2.jpg,gen,genuine_population,bobs_126613LN_189487,126613LN,date_41mm,established_dealer,Bob's Watches,https://www.bobswatches.com/used-mens-rolex-submariner-ref-126613ln-two-tone.html,189487,1,4d135d4f16b65ba0e6ec82d373744bca33f3926e5d279b02eaba6572421279b2,https://www.bobswatches.com/images/zUsed-Rolex-Submariner-126613-SKU189487.jpg,Bob's Rolex Harvester (ci_harvest_20261009.csv); straight-on gate passed
a56186401b2a6332,images/a5/a56186401b2a6332ad063534f9fc0599522a9be3c17119ef2ad93e8f2860b126.jpg,gen,genuine_population,bobs_126610_189540,126610,date_41mm,established_dealer,Bob's Watches,https://www.bobswatches.com/used-rolex-submariner-stainless-steel-126610-black-date-dial.html,189540,1,a56186401b2a6332ad063534f9fc0599522a9be3c17119ef2ad93e8f2860b126,https://www.bobswatches.com/images/zUsed-Rolex-Submariner-126610-SKU189540.jpg,Bob's Rolex Harvester (ci_harvest_20261009.csv); straight-on gate passed
355d47df5ee1eee0,images/35/355d47df5ee1eee0fc777bc05650da02101929fba449e40e24ec5e0097501aab.jpg,gen,genuine_population,bobs_126610LN_187666,126610LN,date_41mm,established_dealer,Bob's Watches,https://www.bobswatches.com/pre-owned-steel-rolex-submariner-ref-126610ln-black-dial.html,187666,1,355d47df5ee1eee0fc777bc05650da02101929fba449e40e24ec5e0097501aab,https://www.bobswatches.com/images/zUsed-Rolex-Submariner-126610-SKU187666.jpg,Bob's Rolex Harvester (ci_harvest_20261009.csv); straight-on gate passed
f59aaf8269e671fc,images/f5/f59aaf8269e671fce0653017d32750af5c337d82c66826f0a5765d43acd0669a.jpg,gen,genuine_population,bobs_126610LN_189475,126610LN,date_41mm,established_dealer,Bob's Watches,https://www.bobswatches.com/pre-owned-rolex-submariner-stainless-steel-126610ln-black-dial.html,189475,1,f59aaf8269e671fce0653017d32750af5c337d82c66826f0a5765d43acd0669a,https://www.bobswatches.com/images/zUsed-Rolex-Submariner-126610-SKU189475.jpg,Bob's Rolex Harvester (ci_harvest_20261009.csv); straight-on gate passed
0c561e8e07be2e7a,images/0c/0c561e8e07be2e7ab3de314cace0591b949d05b18370a0b878b9518ed50315d8.jpg,gen,genuine_population,bobs_126610_189514,126610,date_41mm,established_dealer,Bob's Watches,https://www.bobswatches.com/used-rolex-submariner-stainless-steel-ref-126610-black-dial.html,189514,1,0c561e8e07be2e7ab3de314cace0591b949d05b18370a0b878b9518ed50315d8,https://www.bobswatches.com/images/zUsed-Rolex-Submariner-126610-SKU189514.jpg,Bob's Rolex Harvester (ci_harvest_20261009.csv); straight-on gate passed
27e3a47518e6d017,images/27/27e3a47518e6d0178946830172692621fbfe42e3d262d2c6f88ebc6f28549a86.jpg,gen,genuine_population,bobs_126613LB_189378,126613LB,date_41mm,established_dealer,Bob's Watches,https://www.bobswatches.com/pre-owned-rolex-submariner-ref-126613lb-steel-and-18k-yellow-gold-bluesy.html,189378,1,27e3a47518e6d0178946830172692621fbfe42e3d262d2c6f88ebc6f28549a86,https://www.bobswatches.com/images/zUsed-Rolex-Submariner-126613LB-SKU189378.jpg,Bob's Rolex Harvester (ci_harvest_20261009.csv); straight-on gate passed
1f529fc9ed9c03cb,images/1f/1f529fc9ed9c03cb1e8b4fa372b1fc9482ddf258452176d809a9c36a47d4c37c.jpg,gen,genuine_population,bobs_126613LB_189650,126613LB,date_41mm,established_dealer,Bob's Watches,https://www.bobswatches.com/pre-owned-blue-dial-rolex-submariner-steel-and-18k-yellow-gold-ref-126613lb.html,189650,1,1f529fc9ed9c03cb1e8b4fa372b1fc9482ddf258452176d809a9c36a47d4c37c,https://www.bobswatches.com/images/zUsed-Rolex-Submariner-126613-SKU189650.jpg,Bob's Rolex Harvester (ci_harvest_20261009.csv); straight-on gate passed
8a323cac04f2d8fe,images/8a/8a323cac04f2d8fe9b30e9c913438b3f7ddd8f05e52791c4182e198e92e9b4c5.jpg,gen,genuine_population,bobs_126613_188448,126613,date_41mm,established_dealer,Bob's Watches,https://www.bobswatches.com/used-rolex-submariner-black-dial-steel-and-18k-gold-ref-126613.html,188448,1,8a323cac04f2d8fe9b30e9c913438b3f7ddd8f05e52791c4182e198e92e9b4c5,https://www.bobswatches.com/images/zUsed-Rolex-Submariner-126613-SKU188448.jpg,Bob's Rolex Harvester (ci_harvest_20261009.csv); straight-on gate passed
499a191222240887,images/49/499a191222240887287f46df6da28cf3de37d3829d380a2754347074c962becf.jpg,gen,genuine_population,bobs_126610LN_189130,126610LN,date_41mm,established_dealer,Bob's Watches,https://www.bobswatches.com/used-steel-rolex-submariner-ref-126610ln-black-dial.html,189130,1,499a191222240887287f46df6da28cf3de37d3829d380a2754347074c962becf,https://www.bobswatches.com/images/zUsed-Rolex-Submariner-126610-SKU189130.jpg,Bob's Rolex Harvester (ci_harvest_20261009.csv); straight-on gate passed
c20a4b70ca3ea9c1,images/c2/c20a4b70ca3ea9c1faaf5feab7bbc9216fad5759345b5aa71327e4b1c0b20614.jpg,gen,genuine_population,bobs_126610_189084,126610,date_41mm,established_dealer,Bob's Watches,https://www.bobswatches.com/pre-owned-rolex-submariner-black-dial-ref-126610-stainless-steel.html,189084,1,c20a4b70ca3ea9c1faaf5feab7bbc9216fad5759345b5aa71327e4b1c0b20614,https://www.bobswatches.com/images/z189084-Used-Rolex-Submariner-126610-SKU189084.jpg,Bob's Rolex Harvester (ci_harvest_20261009.csv); straight-on gate passed
63a8ab11f4a943b5,images/63/63a8ab11f4a943b5a7fdb877b9d617eb74656dcc59cf2d5565cfc6446ae588f0.jpg,gen,genuine_population,bobs_126610_189258,126610,date_41mm,established_dealer,Bob's Watches,https://www.bobswatches.com/used-rolex-submariner-ref-126610-black-dial-and-bezel.html,189258,1,63a8ab11f4a943b5a7fdb877b9d617eb74656dcc59cf2d5565cfc6446ae588f0,https://www.bobswatches.com/images/zUsed-Rolex-Submariner-126610-SKU189258.jpg,Bob's Rolex Harvester (ci_harvest_20261009.csv); straight-on gate passed
1b60e2fde8eaf569,images/1b/1b60e2fde8eaf5693cf33337f99e6f8248d5f821048232dce22fefe191be3673.jpg,gen,genuine_population,bobs_126610LV_189122,126610LV,date_41mm,established_dealer,Bob's Watches,https://www.bobswatches.com/pre-owned-rolex-submariner-starbucks-ref-126610lv-green-bezel.html,189122,1,1b60e2fde8eaf5693cf33337f99e6f8248d5f821048232dce22fefe191be3673,https://www.bobswatches.com/images/zUsed-Rolex-Submariner-126610-SKU189122.jpg,Bob's Rolex Harvester (ci_harvest_20261009.csv); straight-on gate passed
976cc327e1b77192,images/97/976cc327e1b771927805b7e2fe56b00c02f23a1cb3a5b11af8ddbfa8dbd1be69.jpg,gen,genuine_population,bobs_126613LB_189175,126613LB,date_41mm,established_dealer,Bob's Watches,https://www.bobswatches.com/pre-owned-rolex-submariner-steel-and-18k-yellow-gold-ref-126613lb.html,189175,1,976cc327e1b771927805b7e2fe56b00c02f23a1cb3a5b11af8ddbfa8dbd1be69,https://www.bobswatches.com/images/zUsed-Rolex-Submariner-126613-SKU189175.jpg,Bob's Rolex Harvester (ci_harvest_20261009.csv); straight-on gate passed
0b0639e714b56e4e,images/0b/0b0639e714b56e4ef53004f4a79f095382c5578ba45e7a7b0993debaec1d4bc9.jpg,gen,genuine_population,bobs_126613LB_189214,126613LB,date_41mm,established_dealer,Bob's Watches,https://www.bobswatches.com/pre-owned-rolex-submariner-steel-and-18k-yellow-gold-ref-126613lb-blue-dial.html,189214,1,0b0639e714b56e4ef53004f4a79f095382c5578ba45e7a7b0993debaec1d4bc9,https://www.bobswatches.com/images/zUsed-Rolex-Submariner-126613-SKU189214.jpg,Bob's Rolex Harvester (ci_harvest_20261009.csv); straight-on gate passed
8c71b7f7a778a5a4,images/8c/8c71b7f7a778a5a482269c3f10df995f10fd73425ebef7a69bdd413d326bbd2d.jpg,gen,genuine_population,bobs_126613LB_189169,126613LB,date_41mm,established_dealer,Bob's Watches,https://www.bobswatches.com/pre-owned-blue-dial-rolex-submariner-steel-and-gold-ref-126613lb.html,189169,1,8c71b7f7a778a5a482269c3f10df995f10fd73425ebef7a69bdd413d326bbd2d,https://www.bobswatches.com/images/zUsed-Rolex-Submariner-126613-SKU189169.jpg,Bob's Rolex Harvester (ci_harvest_20261009.csv); straight-on gate passed
5ab1ccddcef7c0cd,images/5a/5ab1ccddcef7c0cd5ea863e6d81bd3235edb549df450aa5d27a51e981f0ca203.jpg,gen,genuine_population,bobs_126610_189125,126610,date_41mm,established_dealer,Bob's Watches,https://www.bobswatches.com/pre-owned-rolex-submariner-ref-126610-black-dial-and-bezel.html,189125,1,5ab1ccddcef7c0cd5ea863e6d81bd3235edb549df450aa5d27a51e981f0ca203,https://www.bobswatches.com/images/zUsed-Rolex-Submariner-126610-SKU189125.jpg,Bob's Rolex Harvester (ci_harvest_20261009.csv); straight-on gate passed
a0c34ad2a6de27a4,images/a0/a0c34ad2a6de27a493620bb47a11e655d427b48c530ec962e873a144b00a14e2.jpg,gen,genuine_population,bobs_126613_188496,126613,date_41mm,established_dealer,Bob's Watches,https://www.bobswatches.com/pre-owned-rolex-submariner-black-dial-steel-and-18k-gold-ref-126613.html,188496,1,a0c34ad2a6de27a493620bb47a11e655d427b48c530ec962e873a144b00a14e2,https://www.bobswatches.com/images/zUsed-Rolex-Submariner-126613-SKU188496.jpg,Bob's Rolex Harvester (ci_harvest_20261009.csv); straight-on gate passed
2527085c0868c883,images/25/2527085c0868c88395ec10d43794c46a238afcc0f9cdd74d69a9adab051d07a7.jpg,gen,genuine_population,bobs_126610LV_189077,126610LV,date_41mm,established_dealer,Bob's Watches,https://www.bobswatches.com/pre-owned-rolex-submariner-starbucks-green-bezel-ref-126610lv.html,189077,1,2527085c0868c88395ec10d43794c46a238afcc0f9cdd74d69a9adab051d07a7,https://www.bobswatches.com/images/zUsed-Rolex-Submariner-126610-SKU189077.jpg,Bob's Rolex Harvester (ci_harvest_20261009.csv); straight-on gate passed
5dd3527c3a74bc6e,images/5d/5dd3527c3a74bc6e2fbd385a0fb3a743be32edea128090433cd9352fb5e6f237.jpg,gen,genuine_population,bobs_126610LV_189011,126610LV,date_41mm,established_dealer,Bob's Watches,https://www.bobswatches.com/pre-owned-black-dial-rolex-submariner-date-ref-126610lv-green-bezel.html,189011,1,5dd3527c3a74bc6e2fbd385a0fb3a743be32edea128090433cd9352fb5e6f237,https://www.bobswatches.com/images/zUsed-Rolex-Submariner-126610-SKU189011.jpg,Bob's Rolex Harvester (ci_harvest_20261009.csv); straight-on gate passed
4e7e9485023eccb2,images/4e/4e7e9485023eccb2b31b34ef69a29711dc5e5d4a6d1f1b3c1cc09fcaee0e078b.jpg,gen,genuine_population,bobs_126610LN_188986,126610LN,date_41mm,established_dealer,Bob's Watches,https://www.bobswatches.com/pre-owned-stainless-steel-rolex-submariner-126610ln.html,188986,1,4e7e9485023eccb2b31b34ef69a29711dc5e5d4a6d1f1b3c1cc09fcaee0e078b,https://www.bobswatches.com/images/zUsed-Rolex-Submariner-126610-SKU188986.jpg,Bob's Rolex Harvester (ci_harvest_20261009.csv); straight-on gate passed
46d662b1ba13aa01,images/46/46d662b1ba13aa013b567240de7d07239c2a7a94361c48afa668b611c4641c79.jpg,gen,genuine_population,bobs_126619LB_189203,126619LB,date_41mm,established_dealer,Bob's Watches,https://www.bobswatches.com/pre-owned-18k-white-gold-rolex-submariner-126619lb-cookie-monster.html,189203,1,46d662b1ba13aa013b567240de7d07239c2a7a94361c48afa668b611c4641c79,https://www.bobswatches.com/images/zUsed-Rolex-Submariner-126619-SKU189203.jpg,Bob's Rolex Harvester (ci_harvest_20261009.csv); straight-on gate passed
61b5891d853536f2,images/61/61b5891d853536f21268cf8d1423a8134f39a632c3a0c5f5ddc82ab05827ecbf.jpg,gen,genuine_population,bobs_126613LN_188717,126613LN,date_41mm,established_dealer,Bob's Watches,https://www.bobswatches.com/used-rolex-submariner-black-dial-steel-and-18k-gold-ref-126613ln.html,188717,1,61b5891d853536f21268cf8d1423a8134f39a632c3a0c5f5ddc82ab05827ecbf,https://www.bobswatches.com/images/zUsed-Rolex-Submariner-126613-SKU188717.jpg,Bob's Rolex Harvester (ci_harvest_20261009.csv); straight-on gate passed
dd883ab781998f64,images/dd/dd883ab781998f642d2246efb57d8b22fb38a1be92aebd07ce68a849f857b410.jpg,gen,genuine_population,bobs_126613_187641,126613,date_41mm,established_dealer,Bob's Watches,https://www.bobswatches.com/pre-owned-rolex-submariner-126613-steel-and-18k-gold-black-dial.html,187641,1,dd883ab781998f642d2246efb57d8b22fb38a1be92aebd07ce68a849f857b410,https://www.bobswatches.com/images/z187641-Used-Rolex-Submariner-126613-SKU187641-Black-Dial.jpg,Bob's Rolex Harvester (ci_harvest_20261009.csv); straight-on gate passed
9c7e1056c0093e04,images/9c/9c7e1056c0093e04224cfa00c97d95cbd0b908255a5f333a495d758940291c34.jpg,gen,genuine_population,bobs_126610_187551,126610,date_41mm,established_dealer,Bob's Watches,https://www.bobswatches.com/used-rolex-submariner-black-dial-ref-126610.html,187551,1,9c7e1056c0093e04224cfa00c97d95cbd0b908255a5f333a495d758940291c34,https://www.bobswatches.com/images/zUsed-Rolex-Submariner-126610-SKU187551.jpg,Bob's Rolex Harvester (ci_harvest_20261009.csv); straight-on gate passed
f7561ee13418c8e9,images/f7/f7561ee13418c8e98c6c2eca046f883ba9da51e9d4437478af5406a2afa65fe9.jpg,gen,genuine_population,bobs_126610LV_188926,126610LV,date_41mm,established_dealer,Bob's Watches,https://www.bobswatches.com/used-starbucks-rolex-submariner-ref-126610lv-stainless-steel.html,188926,1,f7561ee13418c8e98c6c2eca046f883ba9da51e9d4437478af5406a2afa65fe9,https://www.bobswatches.com/images/zUsed-Rolex-Submariner-126610-SKU188926.jpg,Bob's Rolex Harvester (ci_harvest_20261009.csv); straight-on gate passed
b21d4abe439bd137,images/b2/b21d4abe439bd13755f5d08702a4a3668080f350f6a47ab0f43bd6b3e5b122bc.jpg,gen,genuine_population,bobs_126610LN_188657,126610LN,date_41mm,established_dealer,Bob's Watches,https://www.bobswatches.com/used-rolex-submariner-ref-126610ln-black-chromalight-dial.html,188657,1,b21d4abe439bd13755f5d08702a4a3668080f350f6a47ab0f43bd6b3e5b122bc,https://www.bobswatches.com/images/zUsed-Rolex-Submariner-126610-SKU188657.jpg,Bob's Rolex Harvester (ci_harvest_20261009.csv); straight-on gate passed
a3f3ddfd8182bc0e,images/a3/a3f3ddfd8182bc0e3520a751fc48fc14b2933fe757c1cbc6177c8cd52fe0435a.jpg,gen,genuine_population,bobs_126610LN_188633,126610LN,date_41mm,established_dealer,Bob's Watches,https://www.bobswatches.com/pre-owned-black-dial-rolex-submariner-126610ln.html,188633,1,a3f3ddfd8182bc0e3520a751fc48fc14b2933fe757c1cbc6177c8cd52fe0435a,https://www.bobswatches.com/images/zUsed-Rolex-Submariner-126610-SKU188633.jpg,Bob's Rolex Harvester (ci_harvest_20261009.csv); straight-on gate passed
d8cf70c295772e87,images/d8/d8cf70c295772e879704e0b31f8f4c08929bccef52fe12446b3d7101dc7ffe02.jpg,gen,genuine_population,bobs_126613LB_186670,126613LB,date_41mm,established_dealer,Bob's Watches,https://www.bobswatches.com/pre-owned-rolex-submariner-ref-126613lb-steel-and-18k-yellow-gold.html,186670,1,d8cf70c295772e879704e0b31f8f4c08929bccef52fe12446b3d7101dc7ffe02,https://www.bobswatches.com/images/zUsed-Rolex-Submariner-126613-SKU186670.jpg,Bob's Rolex Harvester (ci_harvest_20261009.csv); straight-on gate passed
01fe8fdc2e390902,images/01/01fe8fdc2e3909026f4d2838364c1386f47d3802891668fc00b83bd97e17b7e2.jpg,gen,genuine_population,bobs_126610LN_188473,126610LN,date_41mm,established_dealer,Bob's Watches,https://www.bobswatches.com/used-steel-rolex-submariner-black-chromalight-dial-126610ln.html,188473,1,01fe8fdc2e3909026f4d2838364c1386f47d3802891668fc00b83bd97e17b7e2,https://www.bobswatches.com/images/zUsed-Rolex-Submariner-126610-SKU188473.jpg,Bob's Rolex Harvester (ci_harvest_20261009.csv); straight-on gate passed
fc58318fbc25608f,images/fc/fc58318fbc25608ff24775db68af10b5adb08291196165412d13cce18c6adee6.jpg,gen,genuine_population,bobs_126610LN_187694,126610LN,date_41mm,established_dealer,Bob's Watches,https://www.bobswatches.com/pre-owned-rolex-submariner-black-chromalight-dial-ref-126610ln.html,187694,1,fc58318fbc25608ff24775db68af10b5adb08291196165412d13cce18c6adee6,https://www.bobswatches.com/images/zUsed-Rolex-Submariner-126610-SKU187694.jpg,Bob's Rolex Harvester (ci_harvest_20261009.csv); straight-on gate passed
02d7c97e429c6984,images/02/02d7c97e429c698451fbd54e5ccd2e5f0b51aca5e0a78479fd08308c28a826b0.jpg,gen,genuine_population,bobs_126613LB_188787,126613LB,date_41mm,established_dealer,Bob's Watches,https://www.bobswatches.com/used-rolex-submariner-date-ref-126613lb-blue-dial.html,188787,1,02d7c97e429c698451fbd54e5ccd2e5f0b51aca5e0a78479fd08308c28a826b0,https://www.bobswatches.com/images/zUsed-Rolex-Submariner-126613-SKU188787.jpg,Bob's Rolex Harvester (ci_harvest_20261009.csv); straight-on gate passed
4fe700b30687bcd9,images/4f/4fe700b30687bcd9f2777dc6f76be4199a05afbb302e14d8f9a23f4e37d5383f.jpg,gen,genuine_population,bobs_126610LV_188769,126610LV,date_41mm,established_dealer,Bob's Watches,https://www.bobswatches.com/used-starbucks-rolex-submariner-ref-126610lv-green-and-black.html,188769,1,4fe700b30687bcd9f2777dc6f76be4199a05afbb302e14d8f9a23f4e37d5383f,https://www.bobswatches.com/images/zUsed-Rolex-Submariner-126610-SKU188769.jpg,Bob's Rolex Harvester (ci_harvest_20261009.csv); straight-on gate passed
c27c0a920cc3b151,images/c2/c27c0a920cc3b1515029cd9e9dbdb5d293e853273db43ff38e3f9232abe167d7.jpg,gen,genuine_population,bobs_126610_188269,126610,date_41mm,established_dealer,Bob's Watches,https://www.bobswatches.com/used-rolex-submariner-black-dial-ref-126610-stainless-steel.html,188269,1,c27c0a920cc3b1515029cd9e9dbdb5d293e853273db43ff38e3f9232abe167d7,https://www.bobswatches.com/images/zUsed-Rolex-Submariner-126610-SKU188269.jpg,Bob's Rolex Harvester (ci_harvest_20261009.csv); straight-on gate passed
c0147d1f1f8de933,images/c0/c0147d1f1f8de9333643bc2fc189cb5da18c7715bd8193cdec437ecd85c05ccf.jpg,gen,genuine_population,bobs_126613_188194,126613,date_41mm,established_dealer,Bob's Watches,https://www.bobswatches.com/pre-owned-rolex-submariner-ref-126613-steel-and-18k-gold-black-dial.html,188194,1,c0147d1f1f8de9333643bc2fc189cb5da18c7715bd8193cdec437ecd85c05ccf,https://www.bobswatches.com/images/zUsed-Rolex-Submariner-126613-SKU188194-Black-Dial.jpg,Bob's Rolex Harvester (ci_harvest_20261009.csv); straight-on gate passed
bc5884e26dfda7f0,images/bc/bc5884e26dfda7f0f97854aab9dd940b4fe3c21378612ec07c34ee0117a0daea.jpg,gen,genuine_population,bobs_126610_187742,126610,date_41mm,established_dealer,Bob's Watches,https://www.bobswatches.com/used-rolex-submariner-126610-black-chromalight-dial.html,187742,1,bc5884e26dfda7f0f97854aab9dd940b4fe3c21378612ec07c34ee0117a0daea,https://www.bobswatches.com/images/zPre-Owned-Rolex-Submariner-126610-SKU187742-Black-Dial.jpg,Bob's Rolex Harvester (ci_harvest_20261009.csv); straight-on gate passed
482e344ce9c60e61,images/48/482e344ce9c60e61f3f3c6d7a1be6a9c6c83841c07f1417b1b2652ecc701538c.jpg,gen,genuine_population,bobs_126610LN_188165,126610LN,date_41mm,established_dealer,Bob's Watches,https://www.bobswatches.com/used-rolex-submariner-126610ln-black-chromalight-dial.html,188165,1,482e344ce9c60e61f3f3c6d7a1be6a9c6c83841c07f1417b1b2652ecc701538c,https://www.bobswatches.com/images/zUsed-Rolex-Submariner-126610-SKU188165.jpg,Bob's Rolex Harvester (ci_harvest_20261009.csv); straight-on gate passed
13b790fe24104d85,images/13/13b790fe24104d8512fcbeac811affeb0b5468fc877e4a7aa734c4b1889c6062.jpg,gen,genuine_population,bobs_126613LB_188116,126613LB,date_41mm,established_dealer,Bob's Watches,https://www.bobswatches.com/pre-owned-rolex-submariner-126613lb-steel-and-18k-yellow-gold-bluesy.html,188116,1,13b790fe24104d8512fcbeac811affeb0b5468fc877e4a7aa734c4b1889c6062,https://www.bobswatches.com/images/zUsed-Rolex-Submariner-126613-SKU188116.jpg,Bob's Rolex Harvester (ci_harvest_20261009.csv); straight-on gate passed
f2186a8cf60e4801,images/f2/f2186a8cf60e4801c0508781282dd319dcdd2bce3c8ca49f04242ef10779e266.jpg,gen,genuine_population,bobs_126613LB_187955,126613LB,date_41mm,established_dealer,Bob's Watches,https://www.bobswatches.com/pre-owned-blue-dial-rolex-submariner-126613lb.html,187955,1,f2186a8cf60e4801c0508781282dd319dcdd2bce3c8ca49f04242ef10779e266,https://www.bobswatches.com/images/zUsed-Rolex-Submariner-126613-SKU187955-Blue-Dial.jpg,Bob's Rolex Harvester (ci_harvest_20261009.csv); straight-on gate passed
fb0691ed6ac836c7,images/fb/fb0691ed6ac836c737db084558695e7680f2b630134f1671074abafe9ad25b45.jpg,gen,genuine_population,bobs_126618LB_188239,126618LB,date_41mm,established_dealer,Bob's Watches,https://www.bobswatches.com/pre-owned-rolex-submariner-126618lb-blue-dial.html,188239,1,fb0691ed6ac836c737db084558695e7680f2b630134f1671074abafe9ad25b45,https://www.bobswatches.com/images/zUsed-Rolex-Submariner-126618-SKU188239-Blue-Dial.jpg,Bob's Rolex Harvester (ci_harvest_20261009.csv); straight-on gate passed
e418538d0e9af0bf,images/e4/e418538d0e9af0bf448c8224d11dcfc07bec579bb3a5bbbd397129a8d2f81555.jpg,gen,genuine_population,bobs_126610LN_187904,126610LN,date_41mm,established_dealer,Bob's Watches,https://www.bobswatches.com/pre-owned-rolex-submariner-ref-126610ln-black-dial.html,187904,1,e418538d0e9af0bf448c8224d11dcfc07bec579bb3a5bbbd397129a8d2f81555,https://www.bobswatches.com/images/zUsed-Rolex-Submariner-126610-SKU187904-Black-Dial.jpg,Bob's Rolex Harvester (ci_harvest_20261009.csv); straight-on gate passed
251599d32d9ea9d4,images/25/251599d32d9ea9d4ac722f29849a7f108d6752defb236d3aeac1356097e502e8.jpg,gen,genuine_population,bobs_126613LB_188118,126613LB,date_41mm,established_dealer,Bob's Watches,https://www.bobswatches.com/used-rolex-submariner-two-tone-ref-126613lb-blue-dial.html,188118,1,251599d32d9ea9d4ac722f29849a7f108d6752defb236d3aeac1356097e502e8,https://www.bobswatches.com/images/zUsed-Rolex-Submariner-126613-SKU188118.jpg,Bob's Rolex Harvester (ci_harvest_20261009.csv); straight-on gate passed
5f83a69fc3d4ffc2,images/5f/5f83a69fc3d4ffc2998739311d542f9d3eeac480962cdd52ee5fbc4ff38892a4.jpg,gen,genuine_population,bobs_126618_186721,126618,date_41mm,established_dealer,Bob's Watches,https://www.bobswatches.com/used-rolex-submariner-18k-yellow-gold-126618-blue-dial.html,186721,1,5f83a69fc3d4ffc2998739311d542f9d3eeac480962cdd52ee5fbc4ff38892a4,https://www.bobswatches.com/images/zUsed-Rolex-Submariner-126618-SKU186721.jpg,Bob's Rolex Harvester (ci_harvest_20261009.csv); straight-on gate passed
4163cb02953e883c,images/41/4163cb02953e883ca5bdcad1101020dead8bc6cd02823b0598abf2699e543231.jpg,gen,genuine_population,bobs_126613_187705,126613,date_41mm,established_dealer,Bob's Watches,https://www.bobswatches.com/used-rolex-submariner-black-dial-126613-steel-and-18k-gold.html,187705,1,4163cb02953e883ca5bdcad1101020dead8bc6cd02823b0598abf2699e543231,https://www.bobswatches.com/images/zUsed-Rolex-Submariner-126613-SKU187705-Black-Dial.jpg,Bob's Rolex Harvester (ci_harvest_20261009.csv); straight-on gate passed
581fb930196aa829,images/58/581fb930196aa8295ad89d1abe9a9265dd66b414e98f652ef7bc6d09dd19e855.jpg,gen,genuine_population,bobs_126610LV_186613,126610LV,date_41mm,established_dealer,Bob's Watches,https://www.bobswatches.com/used-starbucks-rolex-submariner-ref-126610lv.html,186613,1,581fb930196aa8295ad89d1abe9a9265dd66b414e98f652ef7bc6d09dd19e855,https://www.bobswatches.com/images/zUsed-Rolex-Submariner-126610-186613.jpg,Bob's Rolex Harvester (ci_harvest_20261009.csv); straight-on gate passed
d4252d094a5ada08,images/d4/d4252d094a5ada08797da8a71868145a1c2e926bc4548afe8fc3d41e8697d586.jpg,gen,genuine_population,bobs_126613_187456,126613,date_41mm,established_dealer,Bob's Watches,https://www.bobswatches.com/used-rolex-submariner-126613-steel-and-18k-gold-bluesy.html,187456,1,d4252d094a5ada08797da8a71868145a1c2e926bc4548afe8fc3d41e8697d586,https://www.bobswatches.com/images/zPre-Owned-Rolex-Submariner-126613-SKU187456-Blue-Dial.jpg,Bob's Rolex Harvester (ci_harvest_20261009.csv); straight-on gate passed
b55e5c5a950dc685,images/b5/b55e5c5a950dc68553edf4cd6a687b6a0dd16185e2bc85ded6fded9736a12829.jpg,gen,genuine_population,bobs_126613LN_187741,126613LN,date_41mm,established_dealer,Bob's Watches,https://www.bobswatches.com/pre-owned-steel-and-yellow-gold-rolex-submariner-126613ln-black-dial.html,187741,1,b55e5c5a950dc68553edf4cd6a687b6a0dd16185e2bc85ded6fded9736a12829,https://www.bobswatches.com/images/zPre-Owned-Rolex-Submariner-126613-SKU187741-Black-Dial.jpg,Bob's Rolex Harvester (ci_harvest_20261009.csv); straight-on gate passed
56e9865bad69f0fb,images/56/56e9865bad69f0fb124773ff3370435e142747983a4d3426cbf8ad3bdb09c158.jpg,gen,genuine_population,bobs_126613LB_187134,126613LB,date_41mm,established_dealer,Bob's Watches,https://www.bobswatches.com/pre-owned-rolex-submariner-126613lb-blue-chromalight-dial.html,187134,1,56e9865bad69f0fb124773ff3370435e142747983a4d3426cbf8ad3bdb09c158,https://www.bobswatches.com/images/zUsed-Rolex-Submariner-126613-SKU187134.jpg,Bob's Rolex Harvester (ci_harvest_20261009.csv); straight-on gate passed
ebf473c4c7bbdb8d,images/eb/ebf473c4c7bbdb8d1b84ecc6fe5ca928ddc4a9bac94d7f2956bad1684ec6c9b9.jpg,gen,genuine_population,bobs_126613_187400,126613,date_41mm,established_dealer,Bob's Watches,https://www.bobswatches.com/pre-owned-rolex-submariner-bluesy-126613-steel-and-18k-gold.html,187400,1,ebf473c4c7bbdb8d1b84ecc6fe5ca928ddc4a9bac94d7f2956bad1684ec6c9b9,https://www.bobswatches.com/images/zPre-Owned-Rolex-Submariner-126613-SKU187400-Blue-Dial.jpg,Bob's Rolex Harvester (ci_harvest_20261009.csv); straight-on gate passed
33c2a257701bdf56,images/33/33c2a257701bdf565e7b25dd61c6c649626f1d227e387fd6016975aaf221a417.jpg,gen,genuine_population,bobs_126613_187401,126613,date_41mm,established_dealer,Bob's Watches,https://www.bobswatches.com/pre-owned-rolex-submariner-black-dial-126613-steel-and-18k-gold.html,187401,1,33c2a257701bdf565e7b25dd61c6c649626f1d227e387fd6016975aaf221a417,https://www.bobswatches.com/images/zPre-Owned-Rolex-Submariner-126613-SKU187401-Black-Dial.jpg,Bob's Rolex Harvester (ci_harvest_20261009.csv); straight-on gate passed
d2c16567dc10dd11,images/d2/d2c16567dc10dd11c0439888d4ba904ddd6d710ed09a4e11899c148e13c0e390.jpg,gen,genuine_population,bobs_126610LN_187573,126610LN,date_41mm,established_dealer,Bob's Watches,https://www.bobswatches.com/pre-owned-rolex-submariner-black-chromalight-dial-126610ln-steel-oyster.html,187573,1,d2c16567dc10dd11c0439888d4ba904ddd6d710ed09a4e11899c148e13c0e390,https://www.bobswatches.com/images/zUsed-Rolex-Submariner-126610-SKU187573-Black-Dial.jpg,Bob's Rolex Harvester (ci_harvest_20261009.csv); straight-on gate passed
40a774a2922a7689,images/40/40a774a2922a768991a45e30047d3d326d17a486b4a4a70a16c2f673b72f28ed.jpg,gen,genuine_population,bobs_126613LN_187374,126613LN,date_41mm,established_dealer,Bob's Watches,https://www.bobswatches.com/pre-owned-rolex-submariner-126613ln-black-dial.html,187374,1,40a774a2922a768991a45e30047d3d326d17a486b4a4a70a16c2f673b72f28ed,https://www.bobswatches.com/images/zUsed-Rolex-Submariner-126613-SKU187374.jpg,Bob's Rolex Harvester (ci_harvest_20261009.csv); straight-on gate passed
799497234d0115d6,images/79/799497234d0115d60d39e979dd661f2e87e927d19df24bebf43612af686e537d.jpg,gen,genuine_population,bobs_126610LN_187222,126610LN,date_41mm,established_dealer,Bob's Watches,https://www.bobswatches.com/used-rolex-submariner-black-chromalight-dial-126610ln-steel-oyster.html,187222,1,799497234d0115d60d39e979dd661f2e87e927d19df24bebf43612af686e537d,https://www.bobswatches.com/images/zUsed-Rolex-Submariner-126610-187222.jpg,Bob's Rolex Harvester (ci_harvest_20261009.csv); straight-on gate passed
a7d8ae8650d10d77,images/a7/a7d8ae8650d10d7780e390511cf273ab530528fd06f677f1217c9881b5907ab1.jpg,gen,genuine_population,bobs_126618_186232,126618,date_41mm,established_dealer,Bob's Watches,https://www.bobswatches.com/rolex-submariner-18k-yellow-gold-ref-126618-black-dial.html,186232,1,a7d8ae8650d10d7780e390511cf273ab530528fd06f677f1217c9881b5907ab1,https://www.bobswatches.com/images/zUsed-Rolex-Submariner-126618-SKU186232.jpg,Bob's Rolex Harvester (ci_harvest_20261009.csv); straight-on gate passed
14114fd254e5f3c3,images/14/14114fd254e5f3c3c799c7b52cff9785cbc720b7fb7ef1fb5b7b73d0b91512b2.jpg,gen,genuine_population,bobs_126613LB_186989,126613LB,date_41mm,established_dealer,Bob's Watches,https://www.bobswatches.com/pre-owned-rolex-submariner-126613lb-blue-dial.html,186989,1,14114fd254e5f3c3c799c7b52cff9785cbc720b7fb7ef1fb5b7b73d0b91512b2,https://www.bobswatches.com/images/zUsed-Rolex-Submariner-126613LB-SKU186989.jpg,Bob's Rolex Harvester (ci_harvest_20261009.csv); straight-on gate passed
841a0c8334f3e71f,images/84/841a0c8334f3e71f5f177f7081168772c108df19078c1f3f4f36f9e8cfa2ee12.jpg,gen,genuine_population,bobs_126613_186260,126613,date_41mm,established_dealer,Bob's Watches,https://www.bobswatches.com/used-rolex-submariner-bluesy-126613-steel-and-18k-gold.html,186260,1,841a0c8334f3e71f5f177f7081168772c108df19078c1f3f4f36f9e8cfa2ee12,https://www.bobswatches.com/images/zUsed-Rolex-Submariner-126613-SKU186260.jpg,Bob's Rolex Harvester (ci_harvest_20261009.csv); straight-on gate passed
62cddc89a147820f,images/62/62cddc89a147820f3829d88d2f2576d2e5c6614e82553374c896394265fa7658.jpg,gen,genuine_population,bobs_126613LN_186134,126613LN,date_41mm,established_dealer,Bob's Watches,https://www.bobswatches.com/used-rolex-submariner-steel-and-gold-126613ln-black-dial.html,186134,1,62cddc89a147820f3829d88d2f2576d2e5c6614e82553374c896394265fa7658,https://www.bobswatches.com/images/zUsed-Rolex-Submariner-126613LN-SKU186134.jpg,Bob's Rolex Harvester (ci_harvest_20261009.csv); straight-on gate passed
3f1e0be5e376bd92,images/3f/3f1e0be5e376bd9245d95b6109f1a98a1d8ab679279204e2ca389f37ad4313cc.jpg,gen,genuine_population,bobs_126613LN_186134,126613LN,date_41mm,established_dealer,Bob's Watches,https://www.bobswatches.com/used-rolex-submariner-steel-and-gold-126613ln-black-dial.html,186134,1,3f1e0be5e376bd9245d95b6109f1a98a1d8ab679279204e2ca389f37ad4313cc,https://www.bobswatches.com/images/zUsed-Rolex-Submariner-126613LN-Black-Dial-SKU186134.jpg,Bob's Rolex Harvester (ci_harvest_20261009.csv); straight-on gate passed
2fc26427390bb7e6,images/2f/2fc26427390bb7e676fdba373929bfff655c5c2e4f7310feaf8e10be32933440.jpg,gen,genuine_population,bobs_126613LB_186927,126613LB,date_41mm,established_dealer,Bob's Watches,https://www.bobswatches.com/pre-owned-blue-dial-rolex-submariner-126613lb-steel-and-18k-gold.html,186927,1,2fc26427390bb7e676fdba373929bfff655c5c2e4f7310feaf8e10be32933440,https://www.bobswatches.com/images/zUsed-Rolex-Submariner-126613LB-SKU186927.jpg,Bob's Rolex Harvester (ci_harvest_20261009.csv); straight-on gate passed
8e669f626cbf0fee,images/8e/8e669f626cbf0feefd76f740aa0603535079f88a633deb853275656d697186b9.jpg,gen,genuine_population,bobs_126613LB_186927,126613LB,date_41mm,established_dealer,Bob's Watches,https://www.bobswatches.com/pre-owned-blue-dial-rolex-submariner-126613lb-steel-and-18k-gold.html,186927,1,8e669f626cbf0feefd76f740aa0603535079f88a633deb853275656d697186b9,https://www.bobswatches.com/images/zUsed-Rolex-Submariner-126613LB-Blue-Dial-SKU186927.jpg,Bob's Rolex Harvester (ci_harvest_20261009.csv); straight-on gate passed
dc0e8616a28d0c7f,images/dc/dc0e8616a28d0c7f0574d6c44ccd4a84a0dddb87fdf6d834212ef9e951b4d395.jpg,gen,genuine_population,bobs_126610_186928,126610,date_41mm,established_dealer,Bob's Watches,https://www.bobswatches.com/pre-owned-rolex-submariner-stainless-steel-126610-black-dial.html,186928,1,dc0e8616a28d0c7f0574d6c44ccd4a84a0dddb87fdf6d834212ef9e951b4d395,https://www.bobswatches.com/images/zUsed-Rolex-Submariner-126610-SKU186928.jpg,Bob's Rolex Harvester (ci_harvest_20261009.csv); straight-on gate passed
f1215dd2f3962870,images/f1/f1215dd2f3962870b01cdbd4f418f2f8352e85805aff0db30fbde609a051dc0b.jpg,gen,genuine_population,bobs_126613LN_186978,126613LN,date_41mm,established_dealer,Bob's Watches,https://www.bobswatches.com/pre-owned-rolex-submariner-two-tone-126613ln-black-dial.html,186978,1,f1215dd2f3962870b01cdbd4f418f2f8352e85805aff0db30fbde609a051dc0b,https://www.bobswatches.com/images/zUsed-Rolex-Submariner-126613-SKU186978.jpg,Bob's Rolex Harvester (ci_harvest_20261009.csv); straight-on gate passed
797438392540ded4,images/79/797438392540ded46e7c3c8a5fbd652491205e1408e622f48d709eafed0b686c.jpg,gen,genuine_population,bobs_126610LV_186349,126610LV,date_41mm,established_dealer,Bob's Watches,https://www.bobswatches.com/used-green-bezel-starbucks-rolex-submariner-ref-126610lv.html,186349,1,797438392540ded46e7c3c8a5fbd652491205e1408e622f48d709eafed0b686c,https://www.bobswatches.com/images/zUsed-Rolex-Submariner-126610LV-SKU186349.jpg,Bob's Rolex Harvester (ci_harvest_20261009.csv); straight-on gate passed
0d2b716033880e8e,images/0d/0d2b716033880e8e535418ff0b76532c927e226c16c88adbe8cca7effd8fdd74.jpg,gen,genuine_population,bobs_126610LV_186349,126610LV,date_41mm,established_dealer,Bob's Watches,https://www.bobswatches.com/used-green-bezel-starbucks-rolex-submariner-ref-126610lv.html,186349,1,0d2b716033880e8e535418ff0b76532c927e226c16c88adbe8cca7effd8fdd74,https://www.bobswatches.com/images/zUsed-Rolex-Submariner-126610LV-Starbucks-SKU186349.jpg,Bob's Rolex Harvester (ci_harvest_20261009.csv); straight-on gate passed
d5c5a73c2a9548fa,images/d5/d5c5a73c2a9548faa95124ed2d9fea1f6493e38c814752947c5fb31851230523.jpg,gen,genuine_population,bobs_126610LV_185021,126610LV,date_41mm,established_dealer,Bob's Watches,https://www.bobswatches.com/used-mens-rolex-submariner-ref-126610lv-starbucks.html,185021,1,d5c5a73c2a9548faa95124ed2d9fea1f6493e38c814752947c5fb31851230523,https://www.bobswatches.com/images/zUsed-Rolex-Submariner-126610-Black-Dial-SKU185021.jpg,Bob's Rolex Harvester (ci_harvest_20261009.csv); straight-on gate passed
f6ceb74c788d24b4,images/f6/f6ceb74c788d24b4484598b925d761c6abf7ae388ca039ece9efe1b2a10aee45.jpg,gen,genuine_population,bobs_126619_186615,126619,date_41mm,established_dealer,Bob's Watches,https://www.bobswatches.com/pre-owned-18k-white-gold-rolex-submariner-126619-cookie-monster.html,186615,1,f6ceb74c788d24b4484598b925d761c6abf7ae388ca039ece9efe1b2a10aee45,https://www.bobswatches.com/images/zUsed-Rolex-Submariner-126619-186615.jpg,Bob's Rolex Harvester (ci_harvest_20261009.csv); straight-on gate passed
01a18946b1a8793f,images/01/01a18946b1a8793f9e9f71a8648000b29d54b930b92988cef1b7b0c87e411900.jpg,gen,genuine_population,bobs_126619_186615,126619,date_41mm,established_dealer,Bob's Watches,https://www.bobswatches.com/pre-owned-18k-white-gold-rolex-submariner-126619-cookie-monster.html,186615,1,01a18946b1a8793f9e9f71a8648000b29d54b930b92988cef1b7b0c87e411900,https://www.bobswatches.com/images/zUsed-Rolex-Submariner-126619-Cookie-Monster-SKU186615.jpg,Bob's Rolex Harvester (ci_harvest_20261009.csv); straight-on gate passed
43546f793b03e21c,images/43/43546f793b03e21c19294dbe3adc33535ba2a39cb29d59432783b7370849a2d6.jpg,gen,genuine_population,bobs_126613_186482,126613,date_41mm,established_dealer,Bob's Watches,https://www.bobswatches.com/pre-owned-bluesy-rolex-submariner-ref-126613.html,186482,1,43546f793b03e21c19294dbe3adc33535ba2a39cb29d59432783b7370849a2d6,https://www.bobswatches.com/images/zUsed-Rolex-Submariner-126613-186482.jpg,Bob's Rolex Harvester (ci_harvest_20261009.csv); straight-on gate passed
16fe67d46c67d71c,images/16/16fe67d46c67d71c5818fc4cf9bf348a318f33ffa17969fbde42bc4965b3685d.jpg,gen,genuine_population,bobs_126613_186840,126613,date_41mm,established_dealer,Bob's Watches,https://www.bobswatches.com/pre-owned-rolex-submariner-steel-and-gold-ref-126613-blue-dial.html,186840,1,16fe67d46c67d71c5818fc4cf9bf348a318f33ffa17969fbde42bc4965b3685d,https://www.bobswatches.com/images/zUsed-Rolex-Submariner-126613-SKU186840.jpg,Bob's Rolex Harvester (ci_harvest_20261009.csv); straight-on gate passed
f704185b9b458578,images/f7/f704185b9b458578874d6c7bf87644a64c9543670f22d39bfcdc8ebfb9186034.jpg,gen,genuine_population,bobs_126613_186840,126613,date_41mm,established_dealer,Bob's Watches,https://www.bobswatches.com/pre-owned-rolex-submariner-steel-and-gold-ref-126613-blue-dial.html,186840,1,f704185b9b458578874d6c7bf87644a64c9543670f22d39bfcdc8ebfb9186034,https://www.bobswatches.com/images/zUsed-Rolex-Submariner-126613-Blue-Dial-SKU186840.jpg,Bob's Rolex Harvester (ci_harvest_20261009.csv); straight-on gate passed
bd8838456936c2eb,images/bd/bd8838456936c2eb86f0cb2c5b9dc47fb03ec53a94f183566c4b3cdd1df149b9.jpg,gen,genuine_population,bobs_126613_186540,126613,date_41mm,established_dealer,Bob's Watches,https://www.bobswatches.com/used-rolex-submariner-steel-and-gold-ref-126613-blue-dial.html,186540,1,bd8838456936c2eb86f0cb2c5b9dc47fb03ec53a94f183566c4b3cdd1df149b9,https://www.bobswatches.com/images/zUsed-Rolex-Submariner-126613-SKU186540.jpg,Bob's Rolex Harvester (ci_harvest_20261009.csv); straight-on gate passed
ea2aeb7427784a1a,images/ea/ea2aeb7427784a1acdf4b707d715cae95d1d3b0cf2645393df34cf22589efb30.jpg,gen,genuine_population,bobs_126613_186540,126613,date_41mm,established_dealer,Bob's Watches,https://www.bobswatches.com/used-rolex-submariner-steel-and-gold-ref-126613-blue-dial.html,186540,1,ea2aeb7427784a1acdf4b707d715cae95d1d3b0cf2645393df34cf22589efb30,https://www.bobswatches.com/images/zUsed-Rolex-Submariner-126613-Blue-Dial-SKU186540.jpg,Bob's Rolex Harvester (ci_harvest_20261009.csv); straight-on gate passed
7f623113e7d97d02,images/7f/7f623113e7d97d02698fcf229856b563d1267bc9f3f6ebb50449330de0e84a29.jpg,gen,genuine_population,bobs_126613LB_186346,126613LB,date_41mm,established_dealer,Bob's Watches,https://www.bobswatches.com/used-rolex-submariner-date-ref-126613lb-two-tone-bluesy.html,186346,1,7f623113e7d97d02698fcf229856b563d1267bc9f3f6ebb50449330de0e84a29,https://www.bobswatches.com/images/zUsed-Rolex-Submariner-126613-SKU186346.jpg,Bob's Rolex Harvester (ci_harvest_20261009.csv); straight-on gate passed
cf097a4c135f2c6c,images/cf/cf097a4c135f2c6c40c11ce3be5b6e1ca121cbc24bbf510bbeb027a920f69f87.jpg,gen,genuine_population,bobs_126613_185630,126613,date_41mm,established_dealer,Bob's Watches,https://www.bobswatches.com/pre-owned-rolex-submariner-steel-and-gold-126613-black.html,185630,1,cf097a4c135f2c6c40c11ce3be5b6e1ca121cbc24bbf510bbeb027a920f69f87,https://www.bobswatches.com/images/zUsed-Rolex-Submariner-126613-Black-Dial-SKU185630.jpg,Bob's Rolex Harvester (ci_harvest_20261009.csv); straight-on gate passed
2b6df7aea552b5a7,images/2b/2b6df7aea552b5a73165c47d4ccaff2e00b752a21e16ed9eb390ab6164aa44a6.jpg,gen,genuine_population,bobs_126613_184762,126613,date_41mm,established_dealer,Bob's Watches,https://www.bobswatches.com/rolex-submariner-steel-and-gold-ref-126613-blue-dial.html,184762,1,2b6df7aea552b5a73165c47d4ccaff2e00b752a21e16ed9eb390ab6164aa44a6,https://www.bobswatches.com/images/zUsed-Rolex-Submariner-126613-Blue-Dial-SKU184762.jpg,Bob's Rolex Harvester (ci_harvest_20261009.csv); straight-on gate passed
eaba3984f5a3382e,images/ea/eaba3984f5a3382e2343632b6ee7cbe04035b6a7d01b4df90af05aaa3fdb133d.jpg,gen,genuine_population,bobs_126613LN_185741,126613LN,date_41mm,established_dealer,Bob's Watches,https://www.bobswatches.com/used-rolex-submariner-ref-126613ln-black-chromalight-dial.html,185741,1,eaba3984f5a3382e2343632b6ee7cbe04035b6a7d01b4df90af05aaa3fdb133d,https://www.bobswatches.com/images/zUsed-Rolex-Submariner-126613-Black-Dial-SKU185741.jpg,Bob's Rolex Harvester (ci_harvest_20261009.csv); straight-on gate passed
3b739702b1fafe2e,images/3b/3b739702b1fafe2e5c410078e07f6bab4284df3f8b21ab56547fa7bf8398f315.jpg,gen,genuine_population,bobs_126613_184472,126613,date_41mm,established_dealer,Bob's Watches,https://www.bobswatches.com/mens-rolex-submariner-ref-126613-black-dial.html,184472,1,3b739702b1fafe2e5c410078e07f6bab4284df3f8b21ab56547fa7bf8398f315,https://www.bobswatches.com/images/zUsed-Rolex-Submariner-126613-Black-Dial-SKU184472-PL.jpg,Bob's Rolex Harvester (ci_harvest_20261009.csv); straight-on gate passed
1b5fa4cfde6ed740,images/1b/1b5fa4cfde6ed74036f25ae3da5ea630cd547864716eaa63e3d465bfecce14de.jpg,gen,genuine_population,bobs_126613LB_185969,126613LB,date_41mm,established_dealer,Bob's Watches,https://www.bobswatches.com/pre-owned-rolex-submariner-date-ref-126613lb-steel-and-18k-gold.html,185969,1,1b5fa4cfde6ed74036f25ae3da5ea630cd547864716eaa63e3d465bfecce14de,https://www.bobswatches.com/images/zUsed-Rolex-Submariner-126613-SKU185969.jpg,Bob's Rolex Harvester (ci_harvest_20261009.csv); straight-on gate passed
b969509d6e79d0ac,images/b9/b969509d6e79d0ac1fcae41514c47c109f5d97fea91812b49d240c12a1058cc7.jpg,gen,genuine_population,bobs_126610LV_185223,126610LV,date_41mm,established_dealer,Bob's Watches,https://www.bobswatches.com/used-rolex-submariner-starbucks-ref-126610.html,185223,1,b969509d6e79d0ac1fcae41514c47c109f5d97fea91812b49d240c12a1058cc7,https://www.bobswatches.com/images/zUsed-Rolex-Submariner-126610-Black-Dial-SKU185223.jpg,Bob's Rolex Harvester (ci_harvest_20261009.csv); straight-on gate passed
3127ac360cc4299d,images/31/3127ac360cc4299de35fdd28065c7515e93f41829ae5d0c7f6a5918e635c8dc6.jpg,gen,genuine_population,bobs_126613LN_185328,126613LN,date_41mm,established_dealer,Bob's Watches,https://www.bobswatches.com/used-mens-rolex-submariner-date-126613ln-black-chromalight-dial.html,185328,1,3127ac360cc4299de35fdd28065c7515e93f41829ae5d0c7f6a5918e635c8dc6,https://www.bobswatches.com/images/zUsed-Rolex-Submariner-126613-Black-Dial-SKU185328.jpg,Bob's Rolex Harvester (ci_harvest_20261009.csv); straight-on gate passed
63a077c60ab88e8c,images/63/63a077c60ab88e8cbb5b2843a6eea68bb1f1f1c616d3330c0832bd28528fe2d8.jpg,gen,genuine_population,bobs_126619_184809,126619,date_41mm,established_dealer,Bob's Watches,https://www.bobswatches.com/used-rolex-submariner-126619-cookie-monster.html,184809,1,63a077c60ab88e8cbb5b2843a6eea68bb1f1f1c616d3330c0832bd28528fe2d8,https://www.bobswatches.com/images/zUsed-Rolex-Submariner-126619-SKU184809.jpg,Bob's Rolex Harvester (ci_harvest_20261009.csv); straight-on gate passed
33745de80e7a4d9f,images/33/33745de80e7a4d9fafdbdabc4c693a054b2850c13bae371978d5c30bfaba751c.jpg,gen,genuine_population,bobs_126613_185761,126613,date_41mm,established_dealer,Bob's Watches,https://www.bobswatches.com/rolex-submariner-bluesy-126613-steel-and-18k-gold.html,185761,1,33745de80e7a4d9fafdbdabc4c693a054b2850c13bae371978d5c30bfaba751c,https://www.bobswatches.com/images/zUsed-Rolex-Submariner-126613-185761.jpg,Bob's Rolex Harvester (ci_harvest_20261009.csv); straight-on gate passed
c9004d8d5316fa5f,images/c9/c9004d8d5316fa5fcb452671f0afcb14fcc7ea376347d587c6d3f5af1d4fc49c.jpg,gen,genuine_population,bobs_126613_185761,126613,date_41mm,established_dealer,Bob's Watches,https://www.bobswatches.com/rolex-submariner-bluesy-126613-steel-and-18k-gold.html,185761,1,c9004d8d5316fa5fcb452671f0afcb14fcc7ea376347d587c6d3f5af1d4fc49c,https://www.bobswatches.com/images/zUsed-Rolex-Submariner-126613-Blue-Dial-SKU185761.jpg,Bob's Rolex Harvester (ci_harvest_20261009.csv); straight-on gate passed
1d30fcbe630fd98e,images/1d/1d30fcbe630fd98e997604b3a022900463f475a14cb3951d593229628581e19b.jpg,gen,genuine_population,bobs_126613LN_185485,126613LN,date_41mm,established_dealer,Bob's Watches,https://www.bobswatches.com/used-rolex-submariner-date-126613ln-black-chromalight-dial.html,185485,1,1d30fcbe630fd98e997604b3a022900463f475a14cb3951d593229628581e19b,https://www.bobswatches.com/images/zUsed-Rolex-Submariner-126613-Black-Dial-SKU185485.jpg,Bob's Rolex Harvester (ci_harvest_20261009.csv); straight-on gate passed
5cc54f9348e6fc46,images/5c/5cc54f9348e6fc46b9eb3a627cded3bc232af4b2344e0871a0e627ab553b664f.jpg,gen,genuine_population,bobs_126619_183451,126619,date_41mm,established_dealer,Bob's Watches,https://www.bobswatches.com/used-rolex-submariner-ref-126619-cookie-monster.html,183451,1,5cc54f9348e6fc46b9eb3a627cded3bc232af4b2344e0871a0e627ab553b664f,https://www.bobswatches.com/images/zUsed-Rolex-Submariner-126619-Cookie-Monster-SKU183451-PL.jpg,Bob's Rolex Harvester (ci_harvest_20261009.csv); straight-on gate passed
edcec0c4435c38cb,images/ed/edcec0c4435c38cb94ff90097a813300326c761493f02471f434f43cdd42c0bc.jpg,gen,genuine_population,bobs_126619_183451,126619,date_41mm,established_dealer,Bob's Watches,https://www.bobswatches.com/used-rolex-submariner-ref-126619-cookie-monster.html,183451,1,edcec0c4435c38cb94ff90097a813300326c761493f02471f434f43cdd42c0bc,https://www.bobswatches.com/images/zUsed-Rolex-Submariner-126619-Timing-Bezel-SKU183451.jpg,Bob's Rolex Harvester (ci_harvest_20261009.csv); straight-on gate passed
a95f4fee8662dbda,images/a9/a95f4fee8662dbdadda3d8ba36c1ff36ff2ba84ac29586b86aa25c4e5e7d7359.jpg,gen,genuine_population,bobs_126610LV_184634,126610LV,date_41mm,established_dealer,Bob's Watches,https://www.bobswatches.com/mens-used-rolex-submariner-ref-126610lv-starbucks.html,184634,1,a95f4fee8662dbdadda3d8ba36c1ff36ff2ba84ac29586b86aa25c4e5e7d7359,https://www.bobswatches.com/images/zUsed-Rolex-Submariner-126610-Black-Dial-SKU184634.jpg,Bob's Rolex Harvester (ci_harvest_20261009.csv); straight-on gate passed
ec0c0425b4dd3194,images/ec/ec0c0425b4dd3194931d5c3ba1774c4b1346135c077cd7465dbc282aae496677.jpg,gen,genuine_population,bobs_126613LB_185523,126613LB,date_41mm,established_dealer,Bob's Watches,https://www.bobswatches.com/used-rolex-submariner-date-ref-126613lb-steel-and-18k-gold.html,185523,1,ec0c0425b4dd3194931d5c3ba1774c4b1346135c077cd7465dbc282aae496677,https://www.bobswatches.com/images/zUsed-Rolex-Submariner-126613-SKU185523.jpg,Bob's Rolex Harvester (ci_harvest_20261009.csv); straight-on gate passed
94ad771e9e2aedde,images/94/94ad771e9e2aedde628b6ed98ac337afe58bb45b3f297564b40f4d6fd64aaf21.jpg,gen,genuine_population,bobs_126613LB_185523,126613LB,date_41mm,established_dealer,Bob's Watches,https://www.bobswatches.com/used-rolex-submariner-date-ref-126613lb-steel-and-18k-gold.html,185523,1,94ad771e9e2aedde628b6ed98ac337afe58bb45b3f297564b40f4d6fd64aaf21,https://www.bobswatches.com/images/zUsed-Rolex-Submariner-126613-Blue-Dial-SKU185523.jpg,Bob's Rolex Harvester (ci_harvest_20261009.csv); straight-on gate passed
2d16a83c1a8bc6a6,images/2d/2d16a83c1a8bc6a6c7804fb5aeef4d1a6f2575e0a6145bb2d3bf859f5d43ccf0.jpg,gen,genuine_population,bobs_126610LV_185325,126610LV,date_41mm,established_dealer,Bob's Watches,https://www.bobswatches.com/rolex-submariner-starbucks-ref-126610.html,185325,1,2d16a83c1a8bc6a6c7804fb5aeef4d1a6f2575e0a6145bb2d3bf859f5d43ccf0,https://www.bobswatches.com/images/zUsed-Rolex-Submariner-126610-Starbucks-SKU185325.jpg,Bob's Rolex Harvester (ci_harvest_20261009.csv); straight-on gate passed
e379d48768bf2d16,images/e3/e379d48768bf2d1613c9646fc962bf2e19312f6b037f1a896ea9e39cfedf347d.jpg,gen,genuine_population,bobs_126610LV_185325,126610LV,date_41mm,established_dealer,Bob's Watches,https://www.bobswatches.com/rolex-submariner-starbucks-ref-126610.html,185325,1,e379d48768bf2d1613c9646fc962bf2e19312f6b037f1a896ea9e39cfedf347d,https://www.bobswatches.com/images/zUsed-Rolex-Submariner-126610-Timing-Bezel-SKU185325.jpg,Bob's Rolex Harvester (ci_harvest_20261009.csv); straight-on gate passed
d17202c689d957d2,images/d1/d17202c689d957d23122448b79e8acaa00aedcd6e03ff05ef0b37697a3ed70b1.jpg,gen,genuine_population,bobs_126610_182922,126610,date_41mm,established_dealer,Bob's Watches,https://www.bobswatches.com/used-rolex-submariner-steel-126610-black-dial.html,182922,1,d17202c689d957d23122448b79e8acaa00aedcd6e03ff05ef0b37697a3ed70b1,https://www.bobswatches.com/images/zUsed-Rolex-Submariner-126610-Black-Chromalight-Dial-SKU182922-PL.jpg,Bob's Rolex Harvester (ci_harvest_20261009.csv); straight-on gate passed
6149f9363338c14f,images/61/6149f9363338c14f6e8d7c7065e75410de4048f670c2b6d9db116bedf19a7636.jpg,gen,genuine_population,bobs_126610_183641,126610,date_41mm,established_dealer,Bob's Watches,https://www.bobswatches.com/used-rolex-submariner-ref-126610-black.html,183641,1,6149f9363338c14f6e8d7c7065e75410de4048f670c2b6d9db116bedf19a7636,https://www.bobswatches.com/images/zUsed-Rolex-Submariner-126610-Black-Dial-SKU183641-PL.jpg,Bob's Rolex Harvester (ci_harvest_20261009.csv); straight-on gate passed
821f211e705bfd5b,images/82/821f211e705bfd5bcac6085d38d6453045738bb82d9c6603cadc5eab6342acce.jpg,gen,genuine_population,bobs_126610_184365,126610,date_41mm,established_dealer,Bob's Watches,https://www.bobswatches.com/mens-rolex-submariner-stainless-steel-126610-black-dial.html,184365,1,821f211e705bfd5bcac6085d38d6453045738bb82d9c6603cadc5eab6342acce,https://www.bobswatches.com/images/zUsed-Rolex-Submariner-126610-Black-Dial-SKU184365.jpg,Bob's Rolex Harvester (ci_harvest_20261009.csv); straight-on gate passed
9f0e707ad066ee21,images/9f/9f0e707ad066ee218c379365d85e3baec626dd283ffe784bb99c88ff65717273.jpg,gen,genuine_population,bobs_126610_184350,126610,date_41mm,established_dealer,Bob's Watches,https://www.bobswatches.com/used-rolex-submariner-steel-oyster-126610-black-dial.html,184350,1,9f0e707ad066ee218c379365d85e3baec626dd283ffe784bb99c88ff65717273,https://www.bobswatches.com/images/zUsed-Rolex-Submariner-126610-SKU184350.jpg,Bob's Rolex Harvester (ci_harvest_20261009.csv); straight-on gate passed
9a7e4cbaac04e690,images/9a/9a7e4cbaac04e6908f2eb9cd1de33da1e2cfbae54cca1d60268ed4cb637be6a9.jpg,gen,genuine_population,bobs_126610_184157,126610,date_41mm,established_dealer,Bob's Watches,https://www.bobswatches.com/rolex-submariner-black-chromalight-dial-126610-steel.html,184157,1,9a7e4cbaac04e6908f2eb9cd1de33da1e2cfbae54cca1d60268ed4cb637be6a9,https://www.bobswatches.com/images/zUsed-Rolex-Submariner-126610-Black-Chromalight-Dial-SKU184157.jpg,Bob's Rolex Harvester (ci_harvest_20261009.csv); straight-on gate passed
8b8dcdf8b24dfa70,images/8b/8b8dcdf8b24dfa7038962febee0ac92c8df42f257efdbadfdf22dcc5cdd4245f.jpg,gen,genuine_population,bobs_126610_182339,126610,date_41mm,established_dealer,Bob's Watches,https://www.bobswatches.com/mens-rolex-submariner-ref-126610-steel.html,182339,1,8b8dcdf8b24dfa7038962febee0ac92c8df42f257efdbadfdf22dcc5cdd4245f,https://www.bobswatches.com/images/zUsed-Rolex-Submariner-126610-Black-Dial-SKU182339.jpg,Bob's Rolex Harvester (ci_harvest_20261009.csv); straight-on gate passed
7edebd84fe6d3576,images/7e/7edebd84fe6d3576a31b327350a2973cc2cc2949cd95d6eaaf2f3cfbfdaf5fb0.jpg,gen,genuine_population,bobs_126619_183920,126619,date_41mm,established_dealer,Bob's Watches,https://www.bobswatches.com/rolex-submariner-white-gold-126619-cookie-monster.html,183920,1,7edebd84fe6d3576a31b327350a2973cc2cc2949cd95d6eaaf2f3cfbfdaf5fb0,https://www.bobswatches.com/images/zUsed-Rolex-Submariner-126619-SKU183920.jpg,Bob's Rolex Harvester (ci_harvest_20261009.csv); straight-on gate passed
5d345c84b7a33a84,images/5d/5d345c84b7a33a84fc48f88324805f84f89b7874b19adde808c57d9b9ee563ca.jpg,gen,genuine_population,bobs_126610_183619,126610,date_41mm,established_dealer,Bob's Watches,https://www.bobswatches.com/used-rolex-submariner-ref-126610-black-dial.html,183619,1,5d345c84b7a33a84fc48f88324805f84f89b7874b19adde808c57d9b9ee563ca,https://www.bobswatches.com/images/zUsed-Rolex-Submariner-126610-SKU183619-PL.jpg,Bob's Rolex Harvester (ci_harvest_20261009.csv); straight-on gate passed
c48c8527766eae1b,images/c4/c48c8527766eae1b2e7b7c9a3b764ab36327359342d5aae5046549a20fa3e562.jpg,gen,genuine_population,bobs_126610_183729,126610,date_41mm,established_dealer,Bob's Watches,https://www.bobswatches.com/preowned-rolex-submariner-ref-126610-steel.html,183729,1,c48c8527766eae1b2e7b7c9a3b764ab36327359342d5aae5046549a20fa3e562,https://www.bobswatches.com/images/zUsed-Rolex-Submariner-126610-Black-Dial-SKU183729.jpg,Bob's Rolex Harvester (ci_harvest_20261009.csv); straight-on gate passed
8bf300f04ff016a2,images/8b/8bf300f04ff016a2c6e3c2455264fa9afcf89a089187eb56c4afd5869b4692e1.jpg,gen,genuine_population,bobs_126610_183729,126610,date_41mm,established_dealer,Bob's Watches,https://www.bobswatches.com/preowned-rolex-submariner-ref-126610-steel.html,183729,1,8bf300f04ff016a2c6e3c2455264fa9afcf89a089187eb56c4afd5869b4692e1,https://www.bobswatches.com/images/zUsed-Rolex-Submariner-126610-Black-Timing-Bezel-SKU183729.jpg,Bob's Rolex Harvester (ci_harvest_20261009.csv); straight-on gate passed
a4e2235125ec8276,images/a4/a4e2235125ec82769b975f36e9e32d688e210565cada8c1ad7d5e1e993b150e9.jpg,gen,genuine_population,bobs_126610_183659,126610,date_41mm,established_dealer,Bob's Watches,https://www.bobswatches.com/mens-rolex-submariner-ref-126610-black-dial.html,183659,1,a4e2235125ec82769b975f36e9e32d688e210565cada8c1ad7d5e1e993b150e9,https://www.bobswatches.com/images/zUsed-Rolex-Submariner-126610-Black-Chromalight-Dial-SKU183659.jpg,Bob's Rolex Harvester (ci_harvest_20261009.csv); straight-on gate passed
4cf1d7e23e0cb03c,images/4c/4cf1d7e23e0cb03c2d5f197495da1a0c8e29aa8e8dd0b1cfd48a9b006a4e371b.jpg,gen,genuine_population,bobs_126610_183342,126610,date_41mm,established_dealer,Bob's Watches,https://www.bobswatches.com/preowned-rolex-submariner-ref-126610-black.html,183342,1,4cf1d7e23e0cb03c2d5f197495da1a0c8e29aa8e8dd0b1cfd48a9b006a4e371b,https://www.bobswatches.com/images/zUsed-Rolex-Submariner-126610-Black-Dial-SKU183342.jpg,Bob's Rolex Harvester (ci_harvest_20261009.csv); straight-on gate passed
5b50cae73df65ade,images/5b/5b50cae73df65adec4fae3412ed4a0c1b35c021806f4a12be252aa0e708f9329.jpg,gen,genuine_population,bobs_126610_183342,126610,date_41mm,established_dealer,Bob's Watches,https://www.bobswatches.com/preowned-rolex-submariner-ref-126610-black.html,183342,1,5b50cae73df65adec4fae3412ed4a0c1b35c021806f4a12be252aa0e708f9329,https://www.bobswatches.com/images/zUsed-Rolex-Submariner-126610-Timing-Bezel-SKU183342.jpg,Bob's Rolex Harvester (ci_harvest_20261009.csv); straight-on gate passed
b66e57eab506f280,images/b6/b66e57eab506f2807f800972c49d8321817d6b35c1f698c2ad795f8b2f17982b.jpg,gen,genuine_population,bobs_126610_182997,126610,date_41mm,established_dealer,Bob's Watches,https://www.bobswatches.com/pre-owned-rolex-submariner-ref-126610-steel.html,182997,1,b66e57eab506f2807f800972c49d8321817d6b35c1f698c2ad795f8b2f17982b,https://www.bobswatches.com/images/zUsed-Rolex-Submariner-126610-Black-Dial-SKU182997.jpg,Bob's Rolex Harvester (ci_harvest_20261009.csv); straight-on gate passed
8de27ac793b8182b,images/8d/8de27ac793b8182b2a7b2cb5eb2730d680c050a05ba5d56022f0dde66fb672f6.jpg,gen,genuine_population,bobs_126610_183355,126610,date_41mm,established_dealer,Bob's Watches,https://www.bobswatches.com/preowned-rolex-submariner-ref-126610-black-dial.html,183355,1,8de27ac793b8182b2a7b2cb5eb2730d680c050a05ba5d56022f0dde66fb672f6,https://www.bobswatches.com/images/zUsed-Rolex-Submariner-126610-Black-Dial-SKU183355.jpg,Bob's Rolex Harvester (ci_harvest_20261009.csv); straight-on gate passed
b18b8f4187e697a6,images/b1/b18b8f4187e697a69f42d2459def82b7480c4d916ebb580b696f8d820e3e5cc5.jpg,gen,genuine_population,bobs_126610_183354,126610,date_41mm,established_dealer,Bob's Watches,https://www.bobswatches.com/pre-owned-rolex-submariner-126610-black.html,183354,1,b18b8f4187e697a69f42d2459def82b7480c4d916ebb580b696f8d820e3e5cc5,https://www.bobswatches.com/images/zUsed-Rolex-Submariner-126610-Black-Dial-SKU183354.jpg,Bob's Rolex Harvester (ci_harvest_20261009.csv); straight-on gate passed
579234e6f1d53b8a,images/57/579234e6f1d53b8a0b73cbf326e3a56659a653ae40c8f80b6a4b67ec072a5262.jpg,gen,genuine_population,bobs_126610_182808,126610,date_41mm,established_dealer,Bob's Watches,https://www.bobswatches.com/pre-owned-rolex-submariner-ref-126610-black-dial.html,182808,1,579234e6f1d53b8a0b73cbf326e3a56659a653ae40c8f80b6a4b67ec072a5262,https://www.bobswatches.com/images/zUsed-Rolex-Submariner-126610-Black-Dial-SKU182808.jpg,Bob's Rolex Harvester (ci_harvest_20261009.csv); straight-on gate passed
20ec57ce88dc1757,images/20/20ec57ce88dc1757297cd83aefc4e30b08a22363ec82feae3e647e224aee03bb.jpg,gen,genuine_population,bobs_126610_182785,126610,date_41mm,established_dealer,Bob's Watches,https://www.bobswatches.com/pre-owned-rolex-submariner-126610-black-dial.html,182785,1,20ec57ce88dc1757297cd83aefc4e30b08a22363ec82feae3e647e224aee03bb,https://www.bobswatches.com/images/zUsed-Rolex-Submariner-126610-Black-Chromalight-Dial-SKU182785.jpg,Bob's Rolex Harvester (ci_harvest_20261009.csv); straight-on gate passed
e0b1914b15eda819,images/e0/e0b1914b15eda8197b3b78325a5c9bc00365e36d753fb48a5c29a0adcb0e2383.jpg,gen,genuine_population,bobs_126610_182385,126610,date_41mm,established_dealer,Bob's Watches,https://www.bobswatches.com/pre-owned-rolex-submariner-ref-126610.html,182385,1,e0b1914b15eda8197b3b78325a5c9bc00365e36d753fb48a5c29a0adcb0e2383,https://www.bobswatches.com/images/zUsed-Rolex-Submariner-126610-Black-Dial-SKU182385.jpg,Bob's Rolex Harvester (ci_harvest_20261009.csv); straight-on gate passed
991611efcc003a73,images/99/991611efcc003a7310ec96ffb40078f16813d5dc3754def1188d8ffa81490511.jpg,gen,genuine_population,bobs_126610_182385,126610,date_41mm,established_dealer,Bob's Watches,https://www.bobswatches.com/pre-owned-rolex-submariner-ref-126610.html,182385,1,991611efcc003a7310ec96ffb40078f16813d5dc3754def1188d8ffa81490511,https://www.bobswatches.com/images/zUsed-Rolex-Submariner-126610-Black-Dial-182385s.jpg,Bob's Rolex Harvester (ci_harvest_20261009.csv); straight-on gate passed
5ae931778c5a0dcf,images/5a/5ae931778c5a0dcf5fa8f6113c859ec615558c6b869f9ea432a4fa14c45c72d1.jpg,gen,genuine_population,bobs_126610LN_182036,126610LN,date_41mm,established_dealer,Bob's Watches,https://www.bobswatches.com/pre-owned-rolex-submariner-126610ln.html,182036,1,5ae931778c5a0dcf5fa8f6113c859ec615558c6b869f9ea432a4fa14c45c72d1,https://www.bobswatches.com/images/zUsed-Rolex-Submariner-126610-Black-Chromalight-Dial-SKU182036.jpg,Bob's Rolex Harvester (ci_harvest_20261009.csv); straight-on gate passed
7193f4c6830ca5f1,images/71/7193f4c6830ca5f16dbeefbe1baf9d388d9017a3e3af9c89d20d9658e6602464.jpg,gen,genuine_population,bobs_126610LN_182036,126610LN,date_41mm,established_dealer,Bob's Watches,https://www.bobswatches.com/pre-owned-rolex-submariner-126610ln.html,182036,1,7193f4c6830ca5f16dbeefbe1baf9d388d9017a3e3af9c89d20d9658e6602464,https://www.bobswatches.com/images/zUsed-Rolex-Submariner-126610-Black-Timing-Bezel-SKU182036.jpg,Bob's Rolex Harvester (ci_harvest_20261009.csv); straight-on gate passed
00736f3ec8a8c9a8,images/00/00736f3ec8a8c9a8aa31e3b302ab973361e4bfc468c556326ae53ec1dc89c8a9.jpg,gen,genuine_population,bobs_126610LN_182036,126610LN,date_41mm,established_dealer,Bob's Watches,https://www.bobswatches.com/pre-owned-rolex-submariner-126610ln.html,182036,1,00736f3ec8a8c9a8aa31e3b302ab973361e4bfc468c556326ae53ec1dc89c8a9,https://www.bobswatches.com/images/zUsed-Rolex-Submariner-126610-Oyster-182036s.jpg,Bob's Rolex Harvester (ci_harvest_20261009.csv); straight-on gate passed
055788cbb4162266,images/05/055788cbb4162266d4aa9e2b179fa9202146e436d66ef393b2685cdbb16dc7e8.jpg,gen,genuine_population,bobs_126610_181672,126610,date_41mm,established_dealer,Bob's Watches,https://www.bobswatches.com/pre-owned-rolex-submariner-126610.html,181672,1,055788cbb4162266d4aa9e2b179fa9202146e436d66ef393b2685cdbb16dc7e8,https://www.bobswatches.com/images/zUsed-Rolex-Submariner-126610-Black-Timing-Bezel-SKU181672.jpg,Bob's Rolex Harvester (ci_harvest_20261009.csv); straight-on gate passed
ca0d92124a225495,images/ca/ca0d92124a2254957d1c03bafd7028461700459925d0f844e03e889513775769.jpg,gen,genuine_population,bobs_126610_181672,126610,date_41mm,established_dealer,Bob's Watches,https://www.bobswatches.com/pre-owned-rolex-submariner-126610.html,181672,1,ca0d92124a2254957d1c03bafd7028461700459925d0f844e03e889513775769,https://www.bobswatches.com/images/zy-181672s.jpg,Bob's Rolex Harvester (ci_harvest_20261009.csv); straight-on gate passed
f70db34a623f04a6,images/f7/f70db34a623f04a6980563dae70a3d17e9609a884d3b3c332c55e1d39ad57de4.jpg,gen,genuine_population,bobs_126610LN_180634,126610LN,date_41mm,established_dealer,Bob's Watches,https://www.bobswatches.com/mens-rolex-submariner-126610ln.html,180634,1,f70db34a623f04a6980563dae70a3d17e9609a884d3b3c332c55e1d39ad57de4,https://www.bobswatches.com/images/zUsed-Rolex-Submariner-126610-Black-Chromalight-Dial-SKU180634.jpg,Bob's Rolex Harvester (ci_harvest_20261009.csv); straight-on gate passed
4963f5501fcac299,images/49/4963f5501fcac29987637526f988de6cebea3ac58e6079e93ba8c642224402b2.jpg,gen,genuine_population,bobs_126610_181397,126610,date_41mm,established_dealer,Bob's Watches,https://www.bobswatches.com/rolex-submariner-126610-ceramic-41mm.html,181397,1,4963f5501fcac29987637526f988de6cebea3ac58e6079e93ba8c642224402b2,https://www.bobswatches.com/images/zUsed-Rolex-Submariner-126610-Black-Chromalight-Dial-SKU181397.jpg,Bob's Rolex Harvester (ci_harvest_20261009.csv); straight-on gate passed
1144b8350919ede4,images/11/1144b8350919ede4084c881ed1995cc3fa39d00122bebe9799978cc8a8673538.jpg,gen,genuine_population,bobs_126610_181397,126610,date_41mm,established_dealer,Bob's Watches,https://www.bobswatches.com/rolex-submariner-126610-ceramic-41mm.html,181397,1,1144b8350919ede4084c881ed1995cc3fa39d00122bebe9799978cc8a8673538,https://www.bobswatches.com/images/zUsed-Rolex-Submariner-126610-Black-Timing-Bezel-181397s.jpg,Bob's Rolex Harvester (ci_harvest_20261009.csv); straight-on gate passed
7ff894019fbdbfb5,images/7f/7ff894019fbdbfb5f99a290f50cb45d320add40598648a206870446aa7190c7a.jpg,gen,genuine_population,bobs_126613LB_194104,126613LB,date_41mm,established_dealer,Bob's Watches,https://www.bobswatches.com/used-two-tone-rolex-submariner-bluesy-ref-126613lb-ceramic-bezel.html,194104,1,7ff894019fbdbfb5f99a290f50cb45d320add40598648a206870446aa7190c7a,https://www.bobswatches.com/images/zUsed-Rolex-Submariner-126613-SKU194104.jpg,Bob's Rolex Harvester (ci_harvest_20261009.csv); straight-on gate passed
0aec1cbf82d8d0b4,images/0a/0aec1cbf82d8d0b4ace641486211d00e6c36c12c618ed37c46e91e84514a3f85.jpg,gen,genuine_population,bobs_126610_193556,126610,date_41mm,established_dealer,Bob's Watches,https://www.bobswatches.com/pre-owned-rolex-submariner-ref-126610-black-cerachrom-bezel.html,193556,1,0aec1cbf82d8d0b4ace641486211d00e6c36c12c618ed37c46e91e84514a3f85,https://www.bobswatches.com/images/zUsed-Rolex-Submariner-126610-SKU193556.jpg,Bob's Rolex Harvester (ci_harvest_20261009.csv); straight-on gate passed
9a1f3e30447c10fe,images/9a/9a1f3e30447c10fe4808518f78fa42fe242aa934c916248de454c52e69d4baa2.jpg,gen,genuine_population,bobs_126610_192485,126610,date_41mm,established_dealer,Bob's Watches,https://www.bobswatches.com/used-stainless-steel-rolex-submariner-black-chromalight-dial-ref-126610.html,192485,1,9a1f3e30447c10fe4808518f78fa42fe242aa934c916248de454c52e69d4baa2,https://www.bobswatches.com/images/zUsed-Rolex-Submariner-126610-SKU192485.jpg,Bob's Rolex Harvester (ci_harvest_20261009.csv); straight-on gate passed
5fb17e8687395123,images/5f/5fb17e8687395123ea30ad2779c9598335295ce208886cdde4180b9b828e412d.jpg,gen,genuine_population,bobs_126613LB_192698,126613LB,date_41mm,established_dealer,Bob's Watches,https://www.bobswatches.com/pre-owned-two-tone-rolex-submariner-bluesy-ref-126613lb.html,192698,1,5fb17e8687395123ea30ad2779c9598335295ce208886cdde4180b9b828e412d,https://www.bobswatches.com/images/zUsed-Rolex-Submariner-126613-SKU192698.jpg,Bob's Rolex Harvester (ci_harvest_20261009.csv); straight-on gate passed
f7ab82fb42a64998,images/f7/f7ab82fb42a64998663c865597fb73fde5070fde46d70a41b5a91a13dea3278d.jpg,gen,genuine_population,bobs_126613LB_192687,126613LB,date_41mm,established_dealer,Bob's Watches,https://www.bobswatches.com/used-two-tone-rolex-submariner-ref-126613lb-blue-dial.html,192687,1,f7ab82fb42a64998663c865597fb73fde5070fde46d70a41b5a91a13dea3278d,https://www.bobswatches.com/images/zUsed-Rolex-Submariner-126613-SKU192687.jpg,Bob's Rolex Harvester (ci_harvest_20261009.csv); straight-on gate passed
680d9847504c0285,images/68/680d9847504c0285601adfba64d106ea3d1277f32ec4ec9b13057999334cab61.jpg,gen,genuine_population,bobs_126613LB_192895,126613LB,date_41mm,established_dealer,Bob's Watches,https://www.bobswatches.com/used-two-tone-rolex-submariner-bluesy-ref-126613lb.html,192895,1,680d9847504c0285601adfba64d106ea3d1277f32ec4ec9b13057999334cab61,https://www.bobswatches.com/images/zUsed-Rolex-Submariner-126613-SKU192895.jpg,Bob's Rolex Harvester (ci_harvest_20261009.csv); straight-on gate passed
d6936ecb2f776239,images/d6/d6936ecb2f7762393710d031cfb8855078b4000329ae898122f0dba5c8e7a451.jpg,gen,genuine_population,bobs_126610_191612,126610,date_41mm,established_dealer,Bob's Watches,https://www.bobswatches.com/pre-owned-rolex-submariner-black-chromalight-dial-ref-126610.html,191612,1,d6936ecb2f7762393710d031cfb8855078b4000329ae898122f0dba5c8e7a451,https://www.bobswatches.com/images/zUsed-Rolex-Submariner-126610-SKU191612.jpg,Bob's Rolex Harvester (ci_harvest_20261009.csv); straight-on gate passed
336ccaf0bfc0652f,images/33/336ccaf0bfc0652f6e223738ceed81c027b66b6d01da49c6a0ccaac09a8cb734.jpg,gen,genuine_population,bobs_126610_190782,126610,date_41mm,established_dealer,Bob's Watches,https://www.bobswatches.com/pre-owned-rolex-submariner-black-cerachrom-bezel-dial-ref-126610.html,190782,1,336ccaf0bfc0652f6e223738ceed81c027b66b6d01da49c6a0ccaac09a8cb734,https://www.bobswatches.com/images/zUsed-Rolex-Submariner-126610-SKU190782.jpg,Bob's Rolex Harvester (ci_harvest_20261009.csv); straight-on gate passed
1a61ae794347e12d,images/1a/1a61ae794347e12da991608cc1ad6ff3c13ba83ca5f8489abe38f4ad0ca788ce.jpg,gen,genuine_population,bobs_126610LN_189973,126610LN,date_41mm,established_dealer,Bob's Watches,https://www.bobswatches.com/pre-owned-rolex-submariner-chromalight-dial-ref-126610ln.html,189973,1,1a61ae794347e12da991608cc1ad6ff3c13ba83ca5f8489abe38f4ad0ca788ce,https://www.bobswatches.com/images/zUsed-Rolex-Submariner-126610-SKU189973.jpg,Bob's Rolex Harvester (ci_harvest_20261009.csv); straight-on gate passed
d791797eb1b50352,images/d7/d791797eb1b50352053f3aa7596d1f88829b916ce1507dc3b2a6eff225f814b7.jpg,gen,genuine_population,bobs_126610_189183,126610,date_41mm,established_dealer,Bob's Watches,https://www.bobswatches.com/used-rolex-submariner-black-dial-and-bezel-ref-126610.html,189183,1,d791797eb1b50352053f3aa7596d1f88829b916ce1507dc3b2a6eff225f814b7,https://www.bobswatches.com/images/z189183-Used-Rolex-Submariner-126610-SKU189183.jpg,Bob's Rolex Harvester (ci_harvest_20261009.csv); straight-on gate passed
26875ab078460ce5,images/26/26875ab078460ce5f5aac6c3752970838f1748166a03a2d8e1b1101c5171594c.jpg,gen,genuine_population,bobs_126613LB_188586,126613LB,date_41mm,established_dealer,Bob's Watches,https://www.bobswatches.com/used-rolex-submariner-steel-and-18k-yellow-gold-ref-126613lb-blue-dial.html,188586,1,26875ab078460ce5f5aac6c3752970838f1748166a03a2d8e1b1101c5171594c,https://www.bobswatches.com/images/zUsed-Rolex-Submariner-126613-SKU188586.jpg,Bob's Rolex Harvester (ci_harvest_20261009.csv); straight-on gate passed
302bc079d037b019,images/30/302bc079d037b019356d7cb4239205c4785311c2d8d98fe7487dc9ee53998547.jpg,gen,genuine_population,bobs_126613LB_188577,126613LB,date_41mm,established_dealer,Bob's Watches,https://www.bobswatches.com/used-rolex-submariner-date-126613lb-blue-chromalight-dial.html,188577,1,302bc079d037b019356d7cb4239205c4785311c2d8d98fe7487dc9ee53998547,https://www.bobswatches.com/images/zUsed-Rolex-Submariner-126613-SKU188577.jpg,Bob's Rolex Harvester (ci_harvest_20261009.csv); straight-on gate passed
6847d5b4ea9c0d46,images/68/6847d5b4ea9c0d46a547930a18c14eb21aae93c4dc4c9cf7bf18d42f2d0d25f9.jpg,gen,genuine_population,bobs_126613LB_188576,126613LB,date_41mm,established_dealer,Bob's Watches,https://www.bobswatches.com/pre-owned-blue-dial-rolex-submariner-steel-and-gold-126613lb.html,188576,1,6847d5b4ea9c0d46a547930a18c14eb21aae93c4dc4c9cf7bf18d42f2d0d25f9,https://www.bobswatches.com/images/zUsed-Rolex-Submariner-126613-SKU188576.jpg,Bob's Rolex Harvester (ci_harvest_20261009.csv); straight-on gate passed
e6fa4234848c61af,images/e6/e6fa4234848c61aff9f7069fb2004cee3626531d43677643ae12a95895209040.jpg,gen,genuine_population,bobs_126613LB_187736,126613LB,date_41mm,established_dealer,Bob's Watches,https://www.bobswatches.com/used-blue-dial-rolex-submariner-ref-126613lb-steel-and-18k-gold.html,187736,1,e6fa4234848c61aff9f7069fb2004cee3626531d43677643ae12a95895209040,https://www.bobswatches.com/images/zUsed-Rolex-Submariner-126613-SKU187736.jpg,Bob's Rolex Harvester (ci_harvest_20261009.csv); straight-on gate passed
4ec6942e6fc3128d,images/4e/4ec6942e6fc3128de6fa42e67ef8d17e520b4cf0888efd1e6172124c36063a96.jpg,gen,genuine_population,bobs_126610_187617,126610,date_41mm,established_dealer,Bob's Watches,https://www.bobswatches.com/used-rolex-submariner-ref-126610-black-chromalight-dial.html,187617,1,4ec6942e6fc3128de6fa42e67ef8d17e520b4cf0888efd1e6172124c36063a96,https://www.bobswatches.com/images/zUsed-Rolex-Submariner-126610-SKU187617-Black-Dial.jpg,Bob's Rolex Harvester (ci_harvest_20261009.csv); straight-on gate passed
c8b16fee0df1d4ac,images/c8/c8b16fee0df1d4ac5822f27412080b82abf5c989cc8a9e594fa86ed8184ffbbd.jpg,gen,genuine_population,bobs_126613LB_188229,126613LB,date_41mm,established_dealer,Bob's Watches,https://www.bobswatches.com/pre-owned-rolex-submariner-date-126613lb-blue-dial.html,188229,1,c8b16fee0df1d4ac5822f27412080b82abf5c989cc8a9e594fa86ed8184ffbbd,https://www.bobswatches.com/images/zUsed-Rolex-Submariner-126613-SKU188229.jpg,Bob's Rolex Harvester (ci_harvest_20261009.csv); straight-on gate passed
5f579860e4bf2de1,images/5f/5f579860e4bf2de1e8bb7690cd5eb4a32c1c1721ccf070376db969c4e78d3811.jpg,gen,genuine_population,bobs_126613LN_187665,126613LN,date_41mm,established_dealer,Bob's Watches,https://www.bobswatches.com/pre-owned-steel-and-gold-rolex-submariner-126613ln-black-dial.html,187665,1,5f579860e4bf2de1e8bb7690cd5eb4a32c1c1721ccf070376db969c4e78d3811,https://www.bobswatches.com/images/zPre-Owned-Rolex-Submariner-126613LN-SKU187665-Black-Dial.jpg,Bob's Rolex Harvester (ci_harvest_20261009.csv); straight-on gate passed
7422af4d2cdb2d90,images/74/7422af4d2cdb2d909c891e448d7513db7a56d3aea39bc5fb55f9bfa3d0a7ab93.jpg,gen,genuine_population,bobs_126613LB_187537,126613LB,date_41mm,established_dealer,Bob's Watches,https://www.bobswatches.com/used-blue-dial-rolex-submariner-126613lb-steel-and-18k-gold.html,187537,1,7422af4d2cdb2d909c891e448d7513db7a56d3aea39bc5fb55f9bfa3d0a7ab93,https://www.bobswatches.com/images/zPre-Owned-Rolex-Submariner-126613-SKU187537-Blue-Dial.jpg,Bob's Rolex Harvester (ci_harvest_20261009.csv); straight-on gate passed
3f79be0f2e370b15,images/3f/3f79be0f2e370b15a6b2afc7377d2d5126607452ba9458a602687e3dcabd64c4.jpg,gen,genuine_population,bobs_126613LB_187537,126613LB,date_41mm,established_dealer,Bob's Watches,https://www.bobswatches.com/used-blue-dial-rolex-submariner-126613lb-steel-and-18k-gold.html,187537,1,3f79be0f2e370b15a6b2afc7377d2d5126607452ba9458a602687e3dcabd64c4,https://www.bobswatches.com/images/zUsed-Rolex-Submariner-126613-187537w.jpg,Bob's Rolex Harvester (ci_harvest_20261009.csv); straight-on gate passed
a65a5f30f217d35b,images/a6/a65a5f30f217d35be469c79da788c948d790b8aaae03855dee2b41fbd17f539b.jpg,gen,genuine_population,bobs_126610_185625,126610,date_41mm,established_dealer,Bob's Watches,https://www.bobswatches.com/pre-owned-rolex-submariner-black-dial-ref-126610.html,185625,1,a65a5f30f217d35be469c79da788c948d790b8aaae03855dee2b41fbd17f539b,https://www.bobswatches.com/images/zUsed-Rolex-Submariner-126610-185625.jpg,Bob's Rolex Harvester (ci_harvest_20261009.csv); straight-on gate passed
2802b4a30cfb277b,images/28/2802b4a30cfb277bcf16079466bc7926bce1a9912a325b10cceb4c845d054bef.jpg,gen,genuine_population,bobs_126613LB_186320,126613LB,date_41mm,established_dealer,Bob's Watches,https://www.bobswatches.com/pre-owned-rolex-submariner-date-ref-126613lb-two-tone.html,186320,1,2802b4a30cfb277bcf16079466bc7926bce1a9912a325b10cceb4c845d054bef,https://www.bobswatches.com/images/zUsed-Rolex-Submariner-126613-186320.jpg,Bob's Rolex Harvester (ci_harvest_20261009.csv); straight-on gate passed
115eb13963f633e8,images/11/115eb13963f633e84eb5d835b25ade058484fac53e1b005511f9aaba6ec07eef.jpg,gen,genuine_population,bobs_126613LB_186320,126613LB,date_41mm,established_dealer,Bob's Watches,https://www.bobswatches.com/pre-owned-rolex-submariner-date-ref-126613lb-two-tone.html,186320,1,115eb13963f633e84eb5d835b25ade058484fac53e1b005511f9aaba6ec07eef,https://www.bobswatches.com/images/zUsed-Rolex-Submariner-126613-Bluesy-SKU186320.jpg,Bob's Rolex Harvester (ci_harvest_20261009.csv); straight-on gate passed
b3e2d2e921deb4ab,images/b3/b3e2d2e921deb4ab8d51ec892f6ceb281531455d5f6cae73d7879dbbdeec82e8.jpg,gen,genuine_population,bobs_126610_185016,126610,date_41mm,established_dealer,Bob's Watches,https://www.bobswatches.com/mens-rolex-submariner-ref-126610-black.html,185016,1,b3e2d2e921deb4ab8d51ec892f6ceb281531455d5f6cae73d7879dbbdeec82e8,https://www.bobswatches.com/images/zUsed-Rolex-Submariner-126610-Black-Dial-SKU185016.jpg,Bob's Rolex Harvester (ci_harvest_20261009.csv); straight-on gate passed
11ecf2d49196b5f5,images/11/11ecf2d49196b5f501ed5e217c6a3db54af554f78e2ff6eaf951718a9250e382.jpg,gen,genuine_population,bobs_126610LV_184107,126610LV,date_41mm,established_dealer,Bob's Watches,https://www.bobswatches.com/pre-owned-rolex-submariner-starbucks-ref-126610lv.html,184107,1,11ecf2d49196b5f501ed5e217c6a3db54af554f78e2ff6eaf951718a9250e382,https://www.bobswatches.com/images/zUsed-Rolex-Submariner-126610-SKU184107.jpg,Bob's Rolex Harvester (ci_harvest_20261009.csv); straight-on gate passed
c3950f45955a5070,images/c3/c3950f45955a507043db8c94e4ed364760a6dedf71ba8b510fa442eee8596a37.jpg,gen,genuine_population,bobs_126610LV_185990,126610LV,date_41mm,established_dealer,Bob's Watches,https://www.bobswatches.com/used-rolex-submariner-starbucks-126610lv-green-bezel.html,185990,1,c3950f45955a507043db8c94e4ed364760a6dedf71ba8b510fa442eee8596a37,https://www.bobswatches.com/images/zUsed-Rolex-Submariner-126610-SKU185990.jpg,Bob's Rolex Harvester (ci_harvest_20261009.csv); straight-on gate passed
89dbe98654fdd890,images/89/89dbe98654fdd8903c1a24c1e5816d51e06be6e2415f13ee20f1341ebb611711.jpg,gen,genuine_population,bobs_126610_186198,126610,date_41mm,established_dealer,Bob's Watches,https://www.bobswatches.com/mens-used-rolex-submariner-black-date-dial-ref-126610.html,186198,1,89dbe98654fdd8903c1a24c1e5816d51e06be6e2415f13ee20f1341ebb611711,https://www.bobswatches.com/images/zUsed-Rolex-Submariner-126610-SKU186198.jpg,Bob's Rolex Harvester (ci_harvest_20261009.csv); straight-on gate passed
0a9535ef1a7d01c2,images/0a/0a9535ef1a7d01c22e919967b4d02acd2fcff7f86069fef45e595be0c021b6f2.jpg,gen,genuine_population,bobs_126610_182013,126610,date_41mm,established_dealer,Bob's Watches,https://www.bobswatches.com/rolex-submariner-stainless-steel-126610-black-dial.html,182013,1,0a9535ef1a7d01c22e919967b4d02acd2fcff7f86069fef45e595be0c021b6f2,https://www.bobswatches.com/images/zUsed-Rolex-Submariner-126610-Black-Dial-and-Bezel-SKU182013.jpg,Bob's Rolex Harvester (ci_harvest_20261009.csv); straight-on gate passed
bd6ada29a00db3d8,images/bd/bd6ada29a00db3d810d3bb3276d1d0fab874c3612f815d9a23b63073926f6fc5.jpg,gen,genuine_population,bobs_126610_184253,126610,date_41mm,established_dealer,Bob's Watches,https://www.bobswatches.com/used-rolex-submariner-black-date-dial-ref-126610.html,184253,1,bd6ada29a00db3d810d3bb3276d1d0fab874c3612f815d9a23b63073926f6fc5,https://www.bobswatches.com/images/zUsed-Rolex-Submariner-126610-SKU184253.jpg,Bob's Rolex Harvester (ci_harvest_20261009.csv); straight-on gate passed
5b3b4169abf55f2b,images/5b/5b3b4169abf55f2b672850d902061cb035768cfcb12af1429c6e93f7bf3c1023.jpg,gen,genuine_population,bobs_126610LV_185019,126610LV,date_41mm,established_dealer,Bob's Watches,https://www.bobswatches.com/rolex-submariner-starbucks-ref-126610lv.html,185019,1,5b3b4169abf55f2b672850d902061cb035768cfcb12af1429c6e93f7bf3c1023,https://www.bobswatches.com/images/zUsed-Rolex-Submariner-126610-Black-Dial-SKU185019.jpg,Bob's Rolex Harvester (ci_harvest_20261009.csv); straight-on gate passed
06b8fa38414fd52d,images/06/06b8fa38414fd52d69a34d1dd796580d6917e9681fb9e1921e0f6828d0735c43.jpg,gen,genuine_population,bobs_126610_184838,126610,date_41mm,established_dealer,Bob's Watches,https://www.bobswatches.com/mens-rolex-submariner-black-date-dial-ref-126610.html,184838,1,06b8fa38414fd52d69a34d1dd796580d6917e9681fb9e1921e0f6828d0735c43,https://www.bobswatches.com/images/zUsed-Rolex-Submariner-126610-Black-Dial-SKU184838.jpg,Bob's Rolex Harvester (ci_harvest_20261009.csv); straight-on gate passed
73f23cb9c3ca1581,images/73/73f23cb9c3ca1581391411704ed3b3901e31568fef718872bc7b385237ec3d16.jpg,gen,genuine_population,bobs_126610_183186,126610,date_41mm,established_dealer,Bob's Watches,https://www.bobswatches.com/rolex-submariner-stainless-steel-126610-black-date-dial.html,183186,1,73f23cb9c3ca1581391411704ed3b3901e31568fef718872bc7b385237ec3d16,https://www.bobswatches.com/images/zUsed-Rolex-Submariner-126610-SKU183186.jpg,Bob's Rolex Harvester (ci_harvest_20261009.csv); straight-on gate passed
b08abca874101115,images/b0/b08abca8741011151c5b29a152e3dad188e89b9c979d64e2e4651d59261ba71c.jpg,gen,genuine_population,bobs_126618LB_185239,126618LB,date_41mm,established_dealer,Bob's Watches,https://www.bobswatches.com/rolex-submariner-18k-yellow-gold-126618lb-blue-dial.html,185239,1,b08abca8741011151c5b29a152e3dad188e89b9c979d64e2e4651d59261ba71c,https://www.bobswatches.com/images/zUsed-Rolex-Submariner-126618-SKU185239.jpg,Bob's Rolex Harvester (ci_harvest_20261009.csv); straight-on gate passed
b72df7cc0ac1e96d,images/b7/b72df7cc0ac1e96da238fd68205b287b030f915a9744ad8c68f16b33b6a13c0d.jpg,gen,genuine_population,bobs_126610_184953,126610,date_41mm,established_dealer,Bob's Watches,https://www.bobswatches.com/mens-rolex-submariner-ref-126610.html,184953,1,b72df7cc0ac1e96da238fd68205b287b030f915a9744ad8c68f16b33b6a13c0d,https://www.bobswatches.com/images/zUsed-Rolex-Submariner-126610-Black-Dial-SKU184953.jpg,Bob's Rolex Harvester (ci_harvest_20261009.csv); straight-on gate passed
12c6625ff83a2124,images/12/12c6625ff83a21248342fd491e07a91263a35bba281633951bff3e7618a16b61.jpg,gen,genuine_population,bobs_126610_184953,126610,date_41mm,established_dealer,Bob's Watches,https://www.bobswatches.com/mens-rolex-submariner-ref-126610.html,184953,1,12c6625ff83a21248342fd491e07a91263a35bba281633951bff3e7618a16b61,https://www.bobswatches.com/images/zUsed-Rolex-Submariner-126610-Timing-Bezel-SKU184953.jpg,Bob's Rolex Harvester (ci_harvest_20261009.csv); straight-on gate passed
5df7178bf003e9f5,images/5d/5df7178bf003e9f577128b35976bc204c99540daf74cd193ff740c08920a8326.jpg,gen,genuine_population,bobs_126613_184008,126613,date_41mm,established_dealer,Bob's Watches,https://www.bobswatches.com/used-rolex-submariner-two-tone-126613-bluesy.html,184008,1,5df7178bf003e9f577128b35976bc204c99540daf74cd193ff740c08920a8326,https://www.bobswatches.com/images/zUsed-Rolex-Submariner-126613-SKU184008.jpg,Bob's Rolex Harvester (ci_harvest_20261009.csv); straight-on gate passed
6ac43758f0cdb36a,images/6a/6ac43758f0cdb36aeee2e577458b3bb6a146e6826cd8fef3b4d3d27307c817f5.jpg,gen,genuine_population,bobs_126613_184835,126613,date_41mm,established_dealer,Bob's Watches,https://www.bobswatches.com/used-rolex-submariner-steel-and-gold-126613-blue-dial.html,184835,1,6ac43758f0cdb36aeee2e577458b3bb6a146e6826cd8fef3b4d3d27307c817f5,https://www.bobswatches.com/images/zUsed-Rolex-Submariner-126613-Blue-Dial-SKU184835.jpg,Bob's Rolex Harvester (ci_harvest_20261009.csv); straight-on gate passed
d20c3052eb1b9c2a,images/d2/d20c3052eb1b9c2a6495a7ef128c56b531d2e905deda2c070627cec5aec93410.jpg,gen,genuine_population,bobs_126610_184915,126610,date_41mm,established_dealer,Bob's Watches,https://www.bobswatches.com/mens-rolex-submariner-black-dial-ref-126610.html,184915,1,d20c3052eb1b9c2a6495a7ef128c56b531d2e905deda2c070627cec5aec93410,https://www.bobswatches.com/images/zUsed-Rolex-Submariner-126610-Black-Dial-SKU184915.jpg,Bob's Rolex Harvester (ci_harvest_20261009.csv); straight-on gate passed
91e6d6ae2b613490,images/91/91e6d6ae2b6134909195bd56d238c27bff0b9183837b05c9c994ffef49c7567e.jpg,gen,genuine_population,bobs_126610LV_184916,126610LV,date_41mm,established_dealer,Bob's Watches,https://www.bobswatches.com/used-rolex-submariner-starbucks-ref-126610lv.html,184916,1,91e6d6ae2b6134909195bd56d238c27bff0b9183837b05c9c994ffef49c7567e,https://www.bobswatches.com/images/zUsed-Rolex-Submariner-126610-Starbucks-SKU184916.jpg,Bob's Rolex Harvester (ci_harvest_20261009.csv); straight-on gate passed
060f053317dcd3c4,images/06/060f053317dcd3c409875a6eb0d3ede096860c26841d07e82257d6e4aa77602a.jpg,gen,genuine_population,bobs_126613_184710,126613,date_41mm,established_dealer,Bob's Watches,https://www.bobswatches.com/used-rolex-submariner-steel-and-gold-126613-bluesy.html,184710,1,060f053317dcd3c409875a6eb0d3ede096860c26841d07e82257d6e4aa77602a,https://www.bobswatches.com/images/zUsed-Rolex-Submariner-126613-SKU184710.jpg,Bob's Rolex Harvester (ci_harvest_20261009.csv); straight-on gate passed
5fd7646ea466953c,images/5f/5fd7646ea466953cca40ba2ae576df1c0bcf03341cb98357355fc952e53cbf98.jpg,gen,genuine_population,bobs_126610LV_184448,126610LV,date_41mm,established_dealer,Bob's Watches,https://www.bobswatches.com/used-rolex-submariner-starbucks-ref-126610lv-stainless-steel.html,184448,1,5fd7646ea466953cca40ba2ae576df1c0bcf03341cb98357355fc952e53cbf98,https://www.bobswatches.com/images/zUsed-Rolex-Submariner-126610-Black-Chromalight-Dial-SKU184448.jpg,Bob's Rolex Harvester (ci_harvest_20261009.csv); straight-on gate passed
fd6390ba8a18475f,images/fd/fd6390ba8a18475f1a153fe29757272e95494880f8d61d245681eb6b3304c509.jpg,gen,genuine_population,bobs_126610LV_184394,126610LV,date_41mm,established_dealer,Bob's Watches,https://www.bobswatches.com/mens-rolex-submariner-ref-126610lv-starbucks.html,184394,1,fd6390ba8a18475f1a153fe29757272e95494880f8d61d245681eb6b3304c509,https://www.bobswatches.com/images/zUsed-Rolex-Submariner-126610-Black-Dial-SKU184394.jpg,Bob's Rolex Harvester (ci_harvest_20261009.csv); straight-on gate passed
a79badff3a588871,images/a7/a79badff3a5888715dfdeebe24fb0c2283557cfe47a4de01a283f010bf3cf6fd.jpg,gen,genuine_population,bobs_126610LV_184498,126610LV,date_41mm,established_dealer,Bob's Watches,https://www.bobswatches.com/rolex-submariner-starbucks-ref-126610lv-black-dial.html,184498,1,a79badff3a5888715dfdeebe24fb0c2283557cfe47a4de01a283f010bf3cf6fd,https://www.bobswatches.com/images/zUsed-Rolex-Submariner-126610-Black-Dial-SKU184498.jpg,Bob's Rolex Harvester (ci_harvest_20261009.csv); straight-on gate passed
94c7fc9d944cae73,images/94/94c7fc9d944cae73d2747fc5aacf61b723b0d2012dd7adef63cc4d81b126185e.jpg,gen,genuine_population,bobs_126613_184594,126613,date_41mm,established_dealer,Bob's Watches,https://www.bobswatches.com/mens-rolex-submariner-ref-126613-bluesy.html,184594,1,94c7fc9d944cae73d2747fc5aacf61b723b0d2012dd7adef63cc4d81b126185e,https://www.bobswatches.com/images/zUsed-Rolex-Submariner-126613-Blue-Dial-SKU184594.jpg,Bob's Rolex Harvester (ci_harvest_20261009.csv); straight-on gate passed
c11761654b519222,images/c1/c11761654b5192227942084daf8584ec142a4f5a5c7bfe731b7d579fd9a842b0.jpg,gen,genuine_population,bobs_126613_184586,126613,date_41mm,established_dealer,Bob's Watches,https://www.bobswatches.com/mens-rolex-submariner-steel-and-gold-126613-bluesy.html,184586,1,c11761654b5192227942084daf8584ec142a4f5a5c7bfe731b7d579fd9a842b0,https://www.bobswatches.com/images/zUsed-Rolex-Submariner-126613-Blue-Dial-SKU184586.jpg,Bob's Rolex Harvester (ci_harvest_20261009.csv); straight-on gate passed
faf75dbff2a61fd0,images/fa/faf75dbff2a61fd09e2427ac338fd572753ec3a13c0c4249f7e8d26fa905f987.jpg,gen,genuine_population,bobs_126613_184678,126613,date_41mm,established_dealer,Bob's Watches,https://www.bobswatches.com/rolex-submariner-bluesy-126613-steel-and-gold-oyster.html,184678,1,faf75dbff2a61fd09e2427ac338fd572753ec3a13c0c4249f7e8d26fa905f987,https://www.bobswatches.com/images/zUsed-Rolex-Submariner-126613-SKU184678-PL.jpg,Bob's Rolex Harvester (ci_harvest_20261009.csv); straight-on gate passed
a6a60b54e0b4a8b9,images/a6/a6a60b54e0b4a8b9bb3ff49bb1e1512e1458644186b5ff0d88b08475b9009a08.jpg,gen,genuine_population,bobs_126613_183319,126613,date_41mm,established_dealer,Bob's Watches,https://www.bobswatches.com/mens-rolex-submariner-steel-and-gold-126613-black.html,183319,1,a6a60b54e0b4a8b9bb3ff49bb1e1512e1458644186b5ff0d88b08475b9009a08,https://www.bobswatches.com/images/zUsed-Rolex-Submariner-126613-Black-Dial-SKU183319.jpg,Bob's Rolex Harvester (ci_harvest_20261009.csv); straight-on gate passed
c2258bf78976e6f3,images/c2/c2258bf78976e6f383549de69a9ca93b8ee2ebccccafe38670b684338751f8f6.jpg,gen,genuine_population,bobs_126618_184564,126618,date_41mm,established_dealer,Bob's Watches,https://www.bobswatches.com/rolex-submariner-18k-yellow-gold-126618-black-dial.html,184564,1,c2258bf78976e6f383549de69a9ca93b8ee2ebccccafe38670b684338751f8f6,https://www.bobswatches.com/images/zUsed-Rolex-Submariner-126618-184564.jpg,Bob's Rolex Harvester (ci_harvest_20261009.csv); straight-on gate passed
c55fe011598ea3ee,images/c5/c55fe011598ea3ee592bd58e7a083e9481cb207f4a02a3a795c6b756436e286c.jpg,gen,genuine_population,bobs_126610LV_183832,126610LV,date_41mm,established_dealer,Bob's Watches,https://www.bobswatches.com/rolex-submariner-starbucks-126610lv-green-bezel.html,183832,1,c55fe011598ea3ee592bd58e7a083e9481cb207f4a02a3a795c6b756436e286c,https://www.bobswatches.com/images/zUsed-Rolex-Submariner-126610-Black-Luminous-Dial-SKU183832-PL.jpg,Bob's Rolex Harvester (ci_harvest_20261009.csv); straight-on gate passed
f3e1c329f163d4bc,images/f3/f3e1c329f163d4bc1facafba4a8d7b94b99c6bb7f661f9e808f3586676b7baa6.jpg,gen,genuine_population,bobs_126613_182738,126613,date_41mm,established_dealer,Bob's Watches,https://www.bobswatches.com/used-rolex-submariner-ref-126613-black-chromalight-dial.html,182738,1,f3e1c329f163d4bc1facafba4a8d7b94b99c6bb7f661f9e808f3586676b7baa6,https://www.bobswatches.com/images/zUsed-Rolex-Submariner-126613-Black-Dial-SKU182738.jpg,Bob's Rolex Harvester (ci_harvest_20261009.csv); straight-on gate passed
48535c09eba1284f,images/48/48535c09eba1284fb99c2df88a08cd49522021088b3bd52bf64fe3d1bc4802e1.jpg,gen,genuine_population,bobs_126613_184000,126613,date_41mm,established_dealer,Bob's Watches,https://www.bobswatches.com/rolex-submariner-steel-and-gold-126613-black.html,184000,1,48535c09eba1284fb99c2df88a08cd49522021088b3bd52bf64fe3d1bc4802e1,https://www.bobswatches.com/images/zUsed-Rolex-Submariner-126613-SKU184000.jpg,Bob's Rolex Harvester (ci_harvest_20261009.csv); straight-on gate passed
3335f7d2a780869e,images/33/3335f7d2a780869eadf6f49648237b0815973e01759d20553982def042f75c06.jpg,gen,genuine_population,bobs_126613_184000,126613,date_41mm,established_dealer,Bob's Watches,https://www.bobswatches.com/rolex-submariner-steel-and-gold-126613-black.html,184000,1,3335f7d2a780869eadf6f49648237b0815973e01759d20553982def042f75c06,https://www.bobswatches.com/images/zUsed-Rolex-Submariner-126613-Black-Dial-SKU184000.jpg,Bob's Rolex Harvester (ci_harvest_20261009.csv); straight-on gate passed
7ec2b03d74399269,images/7e/7ec2b03d743992693e9802aa76dc132aa741f31a2c4d2b962e6d5bd26d648eec.jpg,gen,genuine_population,bobs_126618LB_184349,126618LB,date_41mm,established_dealer,Bob's Watches,https://www.bobswatches.com/rolex-submariner-blue-126618lb-18k-yellow-gold.html,184349,1,7ec2b03d743992693e9802aa76dc132aa741f31a2c4d2b962e6d5bd26d648eec,https://www.bobswatches.com/images/zUsed-Rolex-Submariner-126618-184349.jpg,Bob's Rolex Harvester (ci_harvest_20261009.csv); straight-on gate passed
866101e502d16395,images/86/866101e502d163959ab1401291b939446c081f3dbb492c7124fef06b6c80a25f.jpg,gen,genuine_population,bobs_126618LB_184349,126618LB,date_41mm,established_dealer,Bob's Watches,https://www.bobswatches.com/rolex-submariner-blue-126618lb-18k-yellow-gold.html,184349,1,866101e502d163959ab1401291b939446c081f3dbb492c7124fef06b6c80a25f,https://www.bobswatches.com/images/zUsed-Rolex-Submariner-126618-Blue-Dial-SKU184349.jpg,Bob's Rolex Harvester (ci_harvest_20261009.csv); straight-on gate passed
1fb794f0783c0568,images/1f/1fb794f0783c0568c52d46dc511040942b0be8eed259128d566bddd3a45de432.jpg,gen,genuine_population,bobs_126610LV_184297,126610LV,date_41mm,established_dealer,Bob's Watches,https://www.bobswatches.com/rolex-submariner-starbucks-green-bezel-126610lv-starbucks.html,184297,1,1fb794f0783c0568c52d46dc511040942b0be8eed259128d566bddd3a45de432,https://www.bobswatches.com/images/zUsed-Rolex-Submariner-126610-Black-Dial-SKU184297.jpg,Bob's Rolex Harvester (ci_harvest_20261009.csv); straight-on gate passed
e1b9407501454908,images/e1/e1b940750145490869041fc9e98f37e8713bb92cba45835e03452a510333fd11.jpg,gen,genuine_population,bobs_126613_184236,126613,date_41mm,established_dealer,Bob's Watches,https://www.bobswatches.com/rolex-submariner-bluesy-126613-steel-and-gold.html,184236,1,e1b940750145490869041fc9e98f37e8713bb92cba45835e03452a510333fd11,https://www.bobswatches.com/images/zUsed-Rolex-Submariner-126613-184236.jpg,Bob's Rolex Harvester (ci_harvest_20261009.csv); straight-on gate passed
612ab4831cff5a28,images/61/612ab4831cff5a288f8339ec3fd4d4c127aa0b43c4418a178a954b4e5b81b402.jpg,gen,genuine_population,bobs_126613LB_184174,126613LB,date_41mm,established_dealer,Bob's Watches,https://www.bobswatches.com/mens-pre-owned-rolex-submariner-126613lb-blue-dial.html,184174,1,612ab4831cff5a288f8339ec3fd4d4c127aa0b43c4418a178a954b4e5b81b402,https://www.bobswatches.com/images/zUsed-Rolex-Submariner-126613-Blue-Dial-SKU184174-PL.jpg,Bob's Rolex Harvester (ci_harvest_20261009.csv); straight-on gate passed
2ec13b1f158411eb,images/2e/2ec13b1f158411ebc00741d785572da7c44aaceb50a792f0df1f1c9001df9ed0.jpg,gen,genuine_population,bobs_126613LB_183835,126613LB,date_41mm,established_dealer,Bob's Watches,https://www.bobswatches.com/rolex-submariner-steel-and-gold-126613lb-blue-dial.html,183835,1,2ec13b1f158411ebc00741d785572da7c44aaceb50a792f0df1f1c9001df9ed0,https://www.bobswatches.com/images/zUsed-Rolex-Submariner-126613-Blue-Dial-SKU183835.jpg,Bob's Rolex Harvester (ci_harvest_20261009.csv); straight-on gate passed
5266946107863ee9,images/52/5266946107863ee9e5becbd6dc475b570ef84196b67e45a345c359c7e91174a3.jpg,gen,genuine_population,bobs_126613_183323,126613,date_41mm,established_dealer,Bob's Watches,https://www.bobswatches.com/used-rolex-submariner-black-chromalight-dial-ref-126613.html,183323,1,5266946107863ee9e5becbd6dc475b570ef84196b67e45a345c359c7e91174a3,https://www.bobswatches.com/images/zUsed-Rolex-Submariner-126613-Black-Dial-SKU183323.jpg,Bob's Rolex Harvester (ci_harvest_20261009.csv); straight-on gate passed
7ff8a383ba2a62b1,images/7f/7ff8a383ba2a62b1f41259751db458967a1bb430b434e987a67c749b739d73dd.jpg,gen,genuine_population,bobs_126610LV_183606,126610LV,date_41mm,established_dealer,Bob's Watches,https://www.bobswatches.com/rolex-submariner-ref-126610lv-stainless-steel.html,183606,1,7ff8a383ba2a62b1f41259751db458967a1bb430b434e987a67c749b739d73dd,https://www.bobswatches.com/images/zUsed-Rolex-Submariner-126610-Black-Dial-SKU183606-PL.jpg,Bob's Rolex Harvester (ci_harvest_20261009.csv); straight-on gate passed
e03ee09f3f48f4d4,images/e0/e03ee09f3f48f4d4747ce500c90f9622a25c41c485dc578f77b525a40338833d.jpg,gen,genuine_population,bobs_126610_183626,126610,date_41mm,established_dealer,Bob's Watches,https://www.bobswatches.com/rolex-submariner-steel-oyster-126610-black-dial.html,183626,1,e03ee09f3f48f4d4747ce500c90f9622a25c41c485dc578f77b525a40338833d,https://www.bobswatches.com/images/zUsed-Rolex-Submariner-126610-SKU183626-PL.jpg,Bob's Rolex Harvester (ci_harvest_20261009.csv); straight-on gate passed
80956880a057b076,images/80/80956880a057b07611a0d8e3b3f55dd6a648240afac400c35d202e946247e8e5.jpg,gen,genuine_population,bobs_126613_183021,126613,date_41mm,established_dealer,Bob's Watches,https://www.bobswatches.com/used-rolex-submariner-ref-126613-black-dial.html,183021,1,80956880a057b07611a0d8e3b3f55dd6a648240afac400c35d202e946247e8e5,https://www.bobswatches.com/images/zUsed-Rolex-Submariner-126613-Black-Dial-SKU183021.jpg,Bob's Rolex Harvester (ci_harvest_20261009.csv); straight-on gate passed
047bed381bded53c,images/04/047bed381bded53c98e496618821caabe3dc7fa89b7d0004b65bd4d2ec978f0d.jpg,gen,genuine_population,bobs_126613_183254,126613,date_41mm,established_dealer,Bob's Watches,https://www.bobswatches.com/mens-rolex-submariner-ref-126613-black.html,183254,1,047bed381bded53c98e496618821caabe3dc7fa89b7d0004b65bd4d2ec978f0d,https://www.bobswatches.com/images/zUsed-Rolex-Submariner-126613-Black-Dial-SKU183254.jpg,Bob's Rolex Harvester (ci_harvest_20261009.csv); straight-on gate passed
e8bf51aa129426ee,images/e8/e8bf51aa129426ee26ee1f22286bf1ba47f26e27b3e3fe39f8f2cd013d7192ee.jpg,gen,genuine_population,bobs_126619_182022,126619,date_41mm,established_dealer,Bob's Watches,https://www.bobswatches.com/rolex-submariner-126619-cookie-monster.html,182022,1,e8bf51aa129426ee26ee1f22286bf1ba47f26e27b3e3fe39f8f2cd013d7192ee,https://www.bobswatches.com/images/zUsed-Rolex-Submariner-126619-182022.jpg,Bob's Rolex Harvester (ci_harvest_20261009.csv); straight-on gate passed
7ec50b94ee0bff77,images/7e/7ec50b94ee0bff776a4be8224ac671f6fb831c30c615b8d7bb010fb1e6804e8f.jpg,gen,genuine_population,bobs_126610LV_182563,126610LV,date_41mm,established_dealer,Bob's Watches,https://www.bobswatches.com/rolex-submariner-green-bezel-starbucks-126610lv.html,182563,1,7ec50b94ee0bff776a4be8224ac671f6fb831c30c615b8d7bb010fb1e6804e8f,https://www.bobswatches.com/images/zUsed-Rolex-Submariner-126610-SKU182563.jpg,Bob's Rolex Harvester (ci_harvest_20261009.csv); straight-on gate passed
b4a611c3aa6e6914,images/b4/b4a611c3aa6e6914edc4f180fedd54a1dc1fbed75905939d94dd10a8192b6edd.jpg,gen,genuine_population,bobs_126610_183185,126610,date_41mm,established_dealer,Bob's Watches,https://www.bobswatches.com/rolex-submariner-ref-126610-black-dial.html,183185,1,b4a611c3aa6e6914edc4f180fedd54a1dc1fbed75905939d94dd10a8192b6edd,https://www.bobswatches.com/images/zUsed-Rolex-Submariner-126610-SKU183185.jpg,Bob's Rolex Harvester (ci_harvest_20261009.csv); straight-on gate passed
cb8f0ce718b8ce9d,images/cb/cb8f0ce718b8ce9d3577fcc4e1bf783f755e1c191778a3568e0750cae2a9b426.jpg,gen,genuine_population,bobs_126610LV_181281,126610LV,date_41mm,established_dealer,Bob's Watches,https://www.bobswatches.com/rolex-submariner-126610lv-stainless-steel.html,181281,1,cb8f0ce718b8ce9d3577fcc4e1bf783f755e1c191778a3568e0750cae2a9b426,https://www.bobswatches.com/images/zUsed-Rolex-Submariner-126610-Black-Dial-SKU181281.jpg,Bob's Rolex Harvester (ci_harvest_20261009.csv); straight-on gate passed
9b2251606d73abb1,images/9b/9b2251606d73abb151a4f456f98172ed83f8c77ae39226b673c1596bc8ddaac0.jpg,gen,genuine_population,bobs_126610LV_181281,126610LV,date_41mm,established_dealer,Bob's Watches,https://www.bobswatches.com/rolex-submariner-126610lv-stainless-steel.html,181281,1,9b2251606d73abb151a4f456f98172ed83f8c77ae39226b673c1596bc8ddaac0,https://www.bobswatches.com/images/zUsed-Rolex-Submariner-126610-Green-Timing-Bezel-SKU181281.jpg,Bob's Rolex Harvester (ci_harvest_20261009.csv); straight-on gate passed
8c65453fe11cab69,images/8c/8c65453fe11cab695601b7e07bd998f9468d9cb37ac1b1fcbd50407772f96f77.jpg,gen,genuine_population,bobs_126613_182345,126613,date_41mm,established_dealer,Bob's Watches,https://www.bobswatches.com/used-rolex-submariner-ref-126613-blue-ceramic-bezel.html,182345,1,8c65453fe11cab695601b7e07bd998f9468d9cb37ac1b1fcbd50407772f96f77,https://www.bobswatches.com/images/zUsed-Rolex-Submariner-126613-Blue-Dial-SKU182345.jpg,Bob's Rolex Harvester (ci_harvest_20261009.csv); straight-on gate passed
3538fe8fe1593875,images/35/3538fe8fe1593875295681ae3be8120578075e870aa58936c95c01fd82c6d146.jpg,gen,genuine_population,bobs_126613_182345,126613,date_41mm,established_dealer,Bob's Watches,https://www.bobswatches.com/used-rolex-submariner-ref-126613-blue-ceramic-bezel.html,182345,1,3538fe8fe1593875295681ae3be8120578075e870aa58936c95c01fd82c6d146,https://www.bobswatches.com/images/zUsed-Rolex-Submariner-126613-Blue-Timing-Bezel-SKU182345.jpg,Bob's Rolex Harvester (ci_harvest_20261009.csv); straight-on gate passed
b4dc854a8fe26945,images/b4/b4dc854a8fe269450079d79e6686ae3777136fd5e0e39fc74de1c6d330695951.jpg,gen,genuine_population,bobs_126610LV_182856,126610LV,date_41mm,established_dealer,Bob's Watches,https://www.bobswatches.com/rolex-submariner-ref-126610-green-starbucks.html,182856,1,b4dc854a8fe269450079d79e6686ae3777136fd5e0e39fc74de1c6d330695951,https://www.bobswatches.com/images/zUsed-Rolex-Submariner-126610-Black-Dial-SKU182856.jpg,Bob's Rolex Harvester (ci_harvest_20261009.csv); straight-on gate passed
e8213cd6a2a3134c,images/e8/e8213cd6a2a3134cecaa63338959b475ef19e6029d0e2fc026024ac930bcddc6.jpg,gen,genuine_population,bobs_126619_182994,126619,date_41mm,established_dealer,Bob's Watches,https://www.bobswatches.com/rolex-submariner-white-gold-ref-126619-cookie-monster.html,182994,1,e8213cd6a2a3134cecaa63338959b475ef19e6029d0e2fc026024ac930bcddc6,https://www.bobswatches.com/images/zUsed-Rolex-Submariner-126619-182994.jpg,Bob's Rolex Harvester (ci_harvest_20261009.csv); straight-on gate passed
36b582b07544cf21,images/36/36b582b07544cf21324305d9283a473f77404791aa9529b178b81213accd7487.jpg,gen,genuine_population,bobs_126610_182369,126610,date_41mm,established_dealer,Bob's Watches,https://www.bobswatches.com/rolex-submariner-ref-126610-black-date-dial.html,182369,1,36b582b07544cf21324305d9283a473f77404791aa9529b178b81213accd7487,https://www.bobswatches.com/images/zUsed-Rolex-Submariner-126610-Black-Dial-SKU182369.jpg,Bob's Rolex Harvester (ci_harvest_20261009.csv); straight-on gate passed
604be8baff046ff1,images/60/604be8baff046ff1472d8875b20d37cd7150da30e2664cd352d6bdef8d1f21cd.jpg,gen,genuine_population,bobs_126610_182369,126610,date_41mm,established_dealer,Bob's Watches,https://www.bobswatches.com/rolex-submariner-ref-126610-black-date-dial.html,182369,1,604be8baff046ff1472d8875b20d37cd7150da30e2664cd352d6bdef8d1f21cd,https://www.bobswatches.com/images/zUsed-Rolex-Submariner-126610-Black-Timing-Bezel-SKU182369.jpg,Bob's Rolex Harvester (ci_harvest_20261009.csv); straight-on gate passed
3edaa778b738038d,images/3e/3edaa778b738038debc17bceab71552e23ff168f2aeb9d0bceda2929f0505c23.jpg,gen,genuine_population,bobs_126610_182369,126610,date_41mm,established_dealer,Bob's Watches,https://www.bobswatches.com/rolex-submariner-ref-126610-black-date-dial.html,182369,1,3edaa778b738038debc17bceab71552e23ff168f2aeb9d0bceda2929f0505c23,https://www.bobswatches.com/images/zUsed-Rolex-Submariner-126610-Oyster-182369s.jpg,Bob's Rolex Harvester (ci_harvest_20261009.csv); straight-on gate passed
48cbd549886fdc55,images/48/48cbd549886fdc5570658ebf48d229c616a945087291c43880d6ad45779f7612.jpg,gen,genuine_population,bobs_126613_182816,126613,date_41mm,established_dealer,Bob's Watches,https://www.bobswatches.com/rolex-submariner-black-chromalight-dial-ref-126613.html,182816,1,48cbd549886fdc5570658ebf48d229c616a945087291c43880d6ad45779f7612,https://www.bobswatches.com/images/zUsed-Rolex-Submariner-126613-SKU182816.jpg,Bob's Rolex Harvester (ci_harvest_20261009.csv); straight-on gate passed
aed7f7498450b2c5,images/ae/aed7f7498450b2c528cbc9475174d73d0ede22d18e0652550e871a015efdebc4.jpg,gen,genuine_population,bobs_126613_182597,126613,date_41mm,established_dealer,Bob's Watches,https://www.bobswatches.com/rolex-submariner-two-tone-126613-blue-dial.html,182597,1,aed7f7498450b2c528cbc9475174d73d0ede22d18e0652550e871a015efdebc4,https://www.bobswatches.com/images/zUsed-Rolex-Submariner-126613-Bluesy-SKU182597.jpg,Bob's Rolex Harvester (ci_harvest_20261009.csv); straight-on gate passed
1a6a3053fece26b5,images/1a/1a6a3053fece26b54bde3cb7f2f063be9d9408dfa97bd438e43b4c01c4ac45da.jpg,gen,genuine_population,bobs_126613_182597,126613,date_41mm,established_dealer,Bob's Watches,https://www.bobswatches.com/rolex-submariner-two-tone-126613-blue-dial.html,182597,1,1a6a3053fece26b54bde3cb7f2f063be9d9408dfa97bd438e43b4c01c4ac45da,https://www.bobswatches.com/images/zUsed-Rolex-Submariner-126613-Bluesy-SKU182597s.jpg,Bob's Rolex Harvester (ci_harvest_20261009.csv); straight-on gate passed
256e67c72edae321,images/25/256e67c72edae321dd499952403b17d2abd9fd6c3a2c3cf5f0405f5273a0fb41.jpg,gen,genuine_population,bobs_126610LV_182606,126610LV,date_41mm,established_dealer,Bob's Watches,https://www.bobswatches.com/rolex-submariner-ref-126610lv-green-bezel-starbucks.html,182606,1,256e67c72edae321dd499952403b17d2abd9fd6c3a2c3cf5f0405f5273a0fb41,https://www.bobswatches.com/images/zUsed-Rolex-Submariner-126610-SKU182606.jpg,Bob's Rolex Harvester (ci_harvest_20261009.csv); straight-on gate passed
1eff025aaf97773e,images/1e/1eff025aaf97773e5fd2fe2d06ae18645fb4e176be60e8f609eae19afee66efc.jpg,gen,genuine_population,bobs_126610_182437,126610,date_41mm,established_dealer,Bob's Watches,https://www.bobswatches.com/rolex-submariner-126610-41mm-stainless-steel.html,182437,1,1eff025aaf97773e5fd2fe2d06ae18645fb4e176be60e8f609eae19afee66efc,https://www.bobswatches.com/images/zUsed-Rolex-Submariner-126610-SKU182437.jpg,Bob's Rolex Harvester (ci_harvest_20261009.csv); straight-on gate passed
780d23e6bbc0350d,images/78/780d23e6bbc0350d748a83394a919de668299217ad29f0282098d876cdb61b8d.jpg,gen,genuine_population,bobs_126610_182437,126610,date_41mm,established_dealer,Bob's Watches,https://www.bobswatches.com/rolex-submariner-126610-41mm-stainless-steel.html,182437,1,780d23e6bbc0350d748a83394a919de668299217ad29f0282098d876cdb61b8d,https://www.bobswatches.com/images/zUsed-Rolex-Submariner-126610-Black-Dial-SKU182437s.jpg,Bob's Rolex Harvester (ci_harvest_20261009.csv); straight-on gate passed
ba1cfd3b43ebed7e,images/ba/ba1cfd3b43ebed7eca87c1960760c43a9ec81b22d559d36233b6d94dc5365eb4.jpg,gen,genuine_population,bobs_126613LB_180707,126613LB,date_41mm,established_dealer,Bob's Watches,https://www.bobswatches.com/rolex-submariner-126613lb-blue-dial.html,180707,1,ba1cfd3b43ebed7eca87c1960760c43a9ec81b22d559d36233b6d94dc5365eb4,https://www.bobswatches.com/images/zUsed-Rolex-Submariner-126613-Blue-Dial-SKU180707.jpg,Bob's Rolex Harvester (ci_harvest_20261009.csv); straight-on gate passed
cfc8b8170886e056,images/cf/cfc8b8170886e0569e91ed1790b7c7d3b9ce7c2840f9c8cd46c33a7e140d2cbf.jpg,gen,genuine_population,bobs_126613LB_180707,126613LB,date_41mm,established_dealer,Bob's Watches,https://www.bobswatches.com/rolex-submariner-126613lb-blue-dial.html,180707,1,cfc8b8170886e0569e91ed1790b7c7d3b9ce7c2840f9c8cd46c33a7e140d2cbf,https://www.bobswatches.com/images/zUsed-Rolex-Submariner-126613-Blue-Timing-Bezel-SKU180707.jpg,Bob's Rolex Harvester (ci_harvest_20261009.csv); straight-on gate passed
eb7cd6c38e603fcb,images/eb/eb7cd6c38e603fcb0d1e402f122834b74d2eeb6946022b57513ff13856335d06.jpg,gen,genuine_population,bobs_126613LB_180707,126613LB,date_41mm,established_dealer,Bob's Watches,https://www.bobswatches.com/rolex-submariner-126613lb-blue-dial.html,180707,1,eb7cd6c38e603fcb0d1e402f122834b74d2eeb6946022b57513ff13856335d06,https://www.bobswatches.com/images/zUsed-Rolex-Submariner-126613-Blue-Dial-180707s.jpg,Bob's Rolex Harvester (ci_harvest_20261009.csv); straight-on gate passed
1787c8a859790d40,images/17/1787c8a859790d4032cd006cc60a8811a9a2d9434affb656eed7c9ca80c62f03.jpg,gen,genuine_population,bobs_126613LB_181160,126613LB,date_41mm,established_dealer,Bob's Watches,https://www.bobswatches.com/rolex-submariner-126613lb-bluesy.html,181160,1,1787c8a859790d4032cd006cc60a8811a9a2d9434affb656eed7c9ca80c62f03,https://www.bobswatches.com/images/zUsed-Rolex-Submariner-126613-Blue-Dial-SKU181160.jpg,Bob's Rolex Harvester (ci_harvest_20261009.csv); straight-on gate passed
575efd4afa1b6fd3,images/57/575efd4afa1b6fd3060f47488462737d898c5aa4e57630137d0147590ab17230.jpg,gen,genuine_population,bobs_126613LB_181160,126613LB,date_41mm,established_dealer,Bob's Watches,https://www.bobswatches.com/rolex-submariner-126613lb-bluesy.html,181160,1,575efd4afa1b6fd3060f47488462737d898c5aa4e57630137d0147590ab17230,https://www.bobswatches.com/images/zUsed-Two-Tone-Rolex-Submariner-126613-Blue-Dial-SKU181160.jpg,Bob's Rolex Harvester (ci_harvest_20261009.csv); straight-on gate passed
c91a29cc5e282c64,images/c9/c91a29cc5e282c64ec5fac3c854a901eddb752a3de0a5807be2092441a4bc87d.jpg,gen,genuine_population,bobs_126613LB_182290,126613LB,date_41mm,established_dealer,Bob's Watches,https://www.bobswatches.com/rolex-submariner-date-ref-126613lb-steel-and-18k-gold.html,182290,1,c91a29cc5e282c64ec5fac3c854a901eddb752a3de0a5807be2092441a4bc87d,https://www.bobswatches.com/images/zUsed-Rolex-Submariner-126613-Blue-Dial-SKU182290.jpg,Bob's Rolex Harvester (ci_harvest_20261009.csv); straight-on gate passed
f35e4f82ff774200,images/f3/f35e4f82ff774200a30170261444cb71c2a6ec0a44f0e91a0559951fb07cf1bc.jpg,gen,genuine_population,bobs_126613_182278,126613,date_41mm,established_dealer,Bob's Watches,https://www.bobswatches.com/rolex-submariner-ref-126613-black.html,182278,1,f35e4f82ff774200a30170261444cb71c2a6ec0a44f0e91a0559951fb07cf1bc,https://www.bobswatches.com/images/zUsed-Rolex-Submariner-126613-Black-Dial-SKU182278.jpg,Bob's Rolex Harvester (ci_harvest_20261009.csv); straight-on gate passed
c276a000159e750e,images/c2/c276a000159e750e2817fd916eb9c589ccbbaab5925c558f0141eccb04995fbb.jpg,gen,genuine_population,bobs_126613_182278,126613,date_41mm,established_dealer,Bob's Watches,https://www.bobswatches.com/rolex-submariner-ref-126613-black.html,182278,1,c276a000159e750e2817fd916eb9c589ccbbaab5925c558f0141eccb04995fbb,https://www.bobswatches.com/images/zUsed-Rolex-Submariner-126613-Black-Timing-Bezel-182278s.jpg,Bob's Rolex Harvester (ci_harvest_20261009.csv); straight-on gate passed
eda152e28778c7b3,images/ed/eda152e28778c7b3105ba7fb2cab31a6e66acdbf3d51c0fda58b194e0dedcbb1.jpg,gen,genuine_population,bobs_126610_182361,126610,date_41mm,established_dealer,Bob's Watches,https://www.bobswatches.com/rolex-submariner-ref-126610-black-chromalight-dial.html,182361,1,eda152e28778c7b3105ba7fb2cab31a6e66acdbf3d51c0fda58b194e0dedcbb1,https://www.bobswatches.com/images/zUsed-Rolex-Submariner-126610-Black-Chromalight-Dial-SKU182361.jpg,Bob's Rolex Harvester (ci_harvest_20261009.csv); straight-on gate passed
c280735e62a986d4,images/c2/c280735e62a986d4827aeb5baf192654086bae2eb966bf526ee303f12a2f35e6.jpg,gen,genuine_population,bobs_126610_182232,126610,date_41mm,established_dealer,Bob's Watches,https://www.bobswatches.com/rolex-submariner-126610-black-date-dial.html,182232,1,c280735e62a986d4827aeb5baf192654086bae2eb966bf526ee303f12a2f35e6,https://www.bobswatches.com/images/zUsed-Rolex-Submariner-126610-SKU182232.jpg,Bob's Rolex Harvester (ci_harvest_20261009.csv); straight-on gate passed
6db27eace23615b0,images/6d/6db27eace23615b0d2e9371773e5f2e199e31c2fca469ce4f1cf3941a92587ab.jpg,gen,genuine_population,bobs_126610LV_181353,126610LV,date_41mm,established_dealer,Bob's Watches,https://www.bobswatches.com/rolex-submariner-126610lv-starbucks.html,181353,1,6db27eace23615b0d2e9371773e5f2e199e31c2fca469ce4f1cf3941a92587ab,https://www.bobswatches.com/images/zUsed-Rolex-Submariner-126610-Black-Chromalight-Dial-SKU181353.jpg,Bob's Rolex Harvester (ci_harvest_20261009.csv); straight-on gate passed
ee07ceedbb6f0bd3,images/ee/ee07ceedbb6f0bd3548f7cef9bf8b5f23fa010f621982a648bba0d01349bd292.jpg,gen,genuine_population,bobs_126610_182143,126610,date_41mm,established_dealer,Bob's Watches,https://www.bobswatches.com/rolex-submariner-126610-black-chromalight-dial.html,182143,1,ee07ceedbb6f0bd3548f7cef9bf8b5f23fa010f621982a648bba0d01349bd292,https://www.bobswatches.com/images/zUsed-Rolex-Submariner-126610-182143.jpg,Bob's Rolex Harvester (ci_harvest_20261009.csv); straight-on gate passed
790813cf05fb7be6,images/79/790813cf05fb7be635e3818a8f4b89cf18b98471da4e4fa2c1ac2cc372fe8ed0.jpg,gen,genuine_population,bobs_126610_182143,126610,date_41mm,established_dealer,Bob's Watches,https://www.bobswatches.com/rolex-submariner-126610-black-chromalight-dial.html,182143,1,790813cf05fb7be635e3818a8f4b89cf18b98471da4e4fa2c1ac2cc372fe8ed0,https://www.bobswatches.com/images/zUsed-Rolex-Submariner-126610-Black-Dial-SKU182143.jpg,Bob's Rolex Harvester (ci_harvest_20261009.csv); straight-on gate passed
6a99af58b50fb1cb,images/6a/6a99af58b50fb1cb742d69f66dbc62f2b150465fb86aa69cd8a59307cc0bc530.jpg,gen,genuine_population,bobs_126613_180092,126613,date_41mm,established_dealer,Bob's Watches,https://www.bobswatches.com/rolex-submariner-126613-two-tone-bluesy.html,180092,1,6a99af58b50fb1cb742d69f66dbc62f2b150465fb86aa69cd8a59307cc0bc530,https://www.bobswatches.com/images/zUsed-Rolex-Submariner-126613-180092.jpg,Bob's Rolex Harvester (ci_harvest_20261009.csv); straight-on gate passed
b25597554cee76ce,images/b2/b25597554cee76ceb719a0cd9f45d16043c30e7ee144ae72c679c60d90f42004.jpg,gen,genuine_population,bobs_126610LV_181837,126610LV,date_41mm,established_dealer,Bob's Watches,https://www.bobswatches.com/rolex-submariner-126610lv-green-bezel-starbucks.html,181837,1,b25597554cee76ceb719a0cd9f45d16043c30e7ee144ae72c679c60d90f42004,https://www.bobswatches.com/images/zUsed-Rolex-Submariner-126610-181837.jpg,Bob's Rolex Harvester (ci_harvest_20261009.csv); straight-on gate passed
6655f33418181ac9,images/66/6655f33418181ac92ecfe87d6b32f3165e2727c3e2c6183fd175a5dc807d0736.jpg,gen,genuine_population,bobs_126619_182021,126619,date_41mm,established_dealer,Bob's Watches,https://www.bobswatches.com/rolex-submariner-126619-white-gold-cookie-monster.html,182021,1,6655f33418181ac92ecfe87d6b32f3165e2727c3e2c6183fd175a5dc807d0736,https://www.bobswatches.com/images/zUsed-Rolex-Submariner-126619-182021.jpg,Bob's Rolex Harvester (ci_harvest_20261009.csv); straight-on gate passed
3611544bd0264da5,images/36/3611544bd0264da50883170dd88bb4b7075799c4daa1775419ecf16bcb17f354.jpg,gen,genuine_population,bobs_126619_182021,126619,date_41mm,established_dealer,Bob's Watches,https://www.bobswatches.com/rolex-submariner-126619-white-gold-cookie-monster.html,182021,1,3611544bd0264da50883170dd88bb4b7075799c4daa1775419ecf16bcb17f354,https://www.bobswatches.com/images/zUsed-Rolex-Submariner-126619-Blue-Bezel-SKU182021.jpg,Bob's Rolex Harvester (ci_harvest_20261009.csv); straight-on gate passed
aae59db4a70ab5e9,images/aa/aae59db4a70ab5e9799a49e4dfe411a01a933cfa256518a35706404beec78205.jpg,gen,genuine_population,bobs_126613LB_181567,126613LB,date_41mm,established_dealer,Bob's Watches,https://www.bobswatches.com/rolex-submariner-ref-126613lb-bluesy.html,181567,1,aae59db4a70ab5e9799a49e4dfe411a01a933cfa256518a35706404beec78205,https://www.bobswatches.com/images/zUsed-Rolex-Submariner-126613-Blue-Dial-SKU181567.jpg,Bob's Rolex Harvester (ci_harvest_20261009.csv); straight-on gate passed
f947b9799d8d203c,images/f9/f947b9799d8d203c7c4c2814d8abe8152577aa4c25d036b2f7c7445bb813afc0.jpg,gen,genuine_population,bobs_126613_181901,126613,date_41mm,established_dealer,Bob's Watches,https://www.bobswatches.com/rolex-submariner-126613-black-chromalight-dial.html,181901,1,f947b9799d8d203c7c4c2814d8abe8152577aa4c25d036b2f7c7445bb813afc0,https://www.bobswatches.com/images/zUsed-Rolex-Submariner-126613-181901.jpg,Bob's Rolex Harvester (ci_harvest_20261009.csv); straight-on gate passed
6b0f3ee618256ebf,images/6b/6b0f3ee618256ebfb90bac73d8a3d438bd7dfc1609e20de3f19f3251945e0f2d.jpg,gen,genuine_population,bobs_126613_181723,126613,date_41mm,established_dealer,Bob's Watches,https://www.bobswatches.com/rolex-submariner-ref-126613-black-dial.html,181723,1,6b0f3ee618256ebfb90bac73d8a3d438bd7dfc1609e20de3f19f3251945e0f2d,https://www.bobswatches.com/images/zUsed-Rolex-Submariner-126613-SKU181723.jpg,Bob's Rolex Harvester (ci_harvest_20261009.csv); straight-on gate passed
57ef0f62976c4182,images/57/57ef0f62976c41825c16cb0dd4b2feacd026d074e00a3f27dd2e65c1e01a9d81.jpg,gen,genuine_population,bobs_126610_181881,126610,date_41mm,established_dealer,Bob's Watches,https://www.bobswatches.com/rolex-submariner-date-126610-green.html,181881,1,57ef0f62976c41825c16cb0dd4b2feacd026d074e00a3f27dd2e65c1e01a9d81,https://www.bobswatches.com/images/zUsed-Rolex-Submariner-126610-SKU181881.jpg,Bob's Rolex Harvester (ci_harvest_20261009.csv); straight-on gate passed
6d27653825536766,images/6d/6d276538255367667a6e6fa8d658be341f3e548075d2f2070386d3e6d0bbbf19.jpg,gen,genuine_population,bobs_126610_181881,126610,date_41mm,established_dealer,Bob's Watches,https://www.bobswatches.com/rolex-submariner-date-126610-green.html,181881,1,6d276538255367667a6e6fa8d658be341f3e548075d2f2070386d3e6d0bbbf19,https://www.bobswatches.com/images/zUsed-Rolex-Submariner-126610-Green-Bezel-SKU181881.jpg,Bob's Rolex Harvester (ci_harvest_20261009.csv); straight-on gate passed
fb7642088c601171,images/fb/fb7642088c6011717f35e88e08c84075e430207d14302a9f8235e5bc2470d259.jpg,gen,genuine_population,bobs_126610_180692,126610,date_41mm,established_dealer,Bob's Watches,https://www.bobswatches.com/rolex-submariner-date-126610-oystersteel.html,180692,1,fb7642088c6011717f35e88e08c84075e430207d14302a9f8235e5bc2470d259,https://www.bobswatches.com/images/zUsed-Rolex-Submariner-126610-Black-Chromalight-Dial-SKU180692.jpg,Bob's Rolex Harvester (ci_harvest_20261009.csv); straight-on gate passed
558fa9ce23c03665,images/55/558fa9ce23c036654284d7a58bf525922ef919e2fe1fca3bfac438b065997d18.jpg,gen,genuine_population,bobs_126610_175600,126610,date_41mm,established_dealer,Bob's Watches,https://www.bobswatches.com/rolex-submariner-126610-black-dial-ceramic-bezel.html,175600,1,558fa9ce23c036654284d7a58bf525922ef919e2fe1fca3bfac438b065997d18,https://www.bobswatches.com/images/zUsed-Rolex-Submariner-126610-Black-Chromalight-Dial-SKU175600.jpg,Bob's Rolex Harvester (ci_harvest_20261009.csv); straight-on gate passed
70c17a6c2b32c96f,images/70/70c17a6c2b32c96f8b3e3d794fba5a34536897b6c9801790fdc2dcaa04360b3f.jpg,gen,genuine_population,bobs_126613LN_181162,126613LN,date_41mm,established_dealer,Bob's Watches,https://www.bobswatches.com/rolex-submariner-126613ln-black-dial.html,181162,1,70c17a6c2b32c96f8b3e3d794fba5a34536897b6c9801790fdc2dcaa04360b3f,https://www.bobswatches.com/images/zUsed-Rolex-Submariner-126613-Black-Chromalight-Dial-SKU181162.jpg,Bob's Rolex Harvester (ci_harvest_20261009.csv); straight-on gate passed
8158464c9fedde52,images/81/8158464c9fedde52c18ee14c2f07dcec9201481b2e11cbe743b155dc96d884fe.jpg,gen,genuine_population,bobs_126610_180253,126610,date_41mm,established_dealer,Bob's Watches,https://www.bobswatches.com/mens-rolex-submariner-126610-ceramic.html,180253,1,8158464c9fedde52c18ee14c2f07dcec9201481b2e11cbe743b155dc96d884fe,https://www.bobswatches.com/images/zUsed-Rolex-Submariner-126610-Black-Dial-SKU180253.jpg,Bob's Rolex Harvester (ci_harvest_20261009.csv); straight-on gate passed
58029edc3528afe3,images/58/58029edc3528afe3afd077826f50f4bc010fd5153d0bf879686e925d9726866f.jpg,gen,genuine_population,bobs_126610_180253,126610,date_41mm,established_dealer,Bob's Watches,https://www.bobswatches.com/mens-rolex-submariner-126610-ceramic.html,180253,1,58029edc3528afe3afd077826f50f4bc010fd5153d0bf879686e925d9726866f,https://www.bobswatches.com/images/zUsed-Rolex-Submariner-126610-Green-Timing-Bezel-SKU180253.jpg,Bob's Rolex Harvester (ci_harvest_20261009.csv); straight-on gate passed
b36f6eb3bba164c2,images/b3/b36f6eb3bba164c2a4cfa0ed9416a570b064854e9598fc23cee1bd51b42e2f42.jpg,gen,genuine_population,bobs_126610_180687,126610,date_41mm,established_dealer,Bob's Watches,https://www.bobswatches.com/mens-rolex-submariner-126610-black-dial.html,180687,1,b36f6eb3bba164c2a4cfa0ed9416a570b064854e9598fc23cee1bd51b42e2f42,https://www.bobswatches.com/images/zUsed-Rolex-Submariner-126610-Black-Dial-SKU180687.jpg,Bob's Rolex Harvester (ci_harvest_20261009.csv); straight-on gate passed
002cb7e326b37f66,images/00/002cb7e326b37f668f9845197525d0cc7e517fe9fd57013f096d8d2e2c585b6f.jpg,gen,genuine_population,bobs_126610_180687,126610,date_41mm,established_dealer,Bob's Watches,https://www.bobswatches.com/mens-rolex-submariner-126610-black-dial.html,180687,1,002cb7e326b37f668f9845197525d0cc7e517fe9fd57013f096d8d2e2c585b6f,https://www.bobswatches.com/images/zUsed-Rolex-Submariner-126610-Black-Timing-Bezel-SKU180687.jpg,Bob's Rolex Harvester (ci_harvest_20261009.csv); straight-on gate passed
ddf6a702c8e6d1af,images/dd/ddf6a702c8e6d1afdfc294ef899b4fb1a782e633505183276b7d525c3a1fa179.jpg,gen,genuine_population,bobs_126610_181229,126610,date_41mm,established_dealer,Bob's Watches,https://www.bobswatches.com/rolex-submariner-date-126610-black-ceramic.html,181229,1,ddf6a702c8e6d1afdfc294ef899b4fb1a782e633505183276b7d525c3a1fa179,https://www.bobswatches.com/images/zUsed-Rolex-Submariner-126610-Black-Dial-SKU181229.jpg,Bob's Rolex Harvester (ci_harvest_20261009.csv); straight-on gate passed
9867ac3e0d7fbd6b,images/98/9867ac3e0d7fbd6b2480a726ec920f99569308e8ef9bb7adea9ba039bbb01c8e.jpg,gen,genuine_population,bobs_126610LV_180485,126610LV,date_41mm,established_dealer,Bob's Watches,https://www.bobswatches.com/rolex-submariner-ref-126610lv-green-starbucks.html,180485,1,9867ac3e0d7fbd6b2480a726ec920f99569308e8ef9bb7adea9ba039bbb01c8e,https://www.bobswatches.com/images/zUsed-Rolex-Submariner-126610-Black-Dial-SKU180485.jpg,Bob's Rolex Harvester (ci_harvest_20261009.csv); straight-on gate passed
3492e88264ed0af4,images/34/3492e88264ed0af4898786a24797c585c61c7ba1b6f5e3571a0020af849e2b35.jpg,gen,genuine_population,bobs_126610_181036,126610,date_41mm,established_dealer,Bob's Watches,https://www.bobswatches.com/rolex-submariner-date-126610.html,181036,1,3492e88264ed0af4898786a24797c585c61c7ba1b6f5e3571a0020af849e2b35,https://www.bobswatches.com/images/zUsed-Rolex-Submariner-126610-Black-Dial-SKU181036.jpg,Bob's Rolex Harvester (ci_harvest_20261009.csv); straight-on gate passed
92efcb09433332f0,images/92/92efcb09433332f0666cadcfcf3185c074c9d919ccb09e46909a50ae250ba89d.jpg,gen,genuine_population,bobs_126610_181036,126610,date_41mm,established_dealer,Bob's Watches,https://www.bobswatches.com/rolex-submariner-date-126610.html,181036,1,92efcb09433332f0666cadcfcf3185c074c9d919ccb09e46909a50ae250ba89d,https://www.bobswatches.com/images/zUsed-Rolex-Submariner-126610-Black-Timing-Bezel-SKU181036.jpg,Bob's Rolex Harvester (ci_harvest_20261009.csv); straight-on gate passed
02fb7b0f8dcd09b0,images/02/02fb7b0f8dcd09b0e4ae480c828469bd040aade3f2d625a4bc8255cdbc19966a.jpg,gen,genuine_population,bobs_126610_181553,126610,date_41mm,established_dealer,Bob's Watches,https://www.bobswatches.com/rolex-submariner-126610-black-dial.html,181553,1,02fb7b0f8dcd09b0e4ae480c828469bd040aade3f2d625a4bc8255cdbc19966a,https://www.bobswatches.com/images/zUsed-Rolex-Submariner-126610-Black-Chromalight-Dial-SKU181553.jpg,Bob's Rolex Harvester (ci_harvest_20261009.csv); straight-on gate passed
c0bf1416fe624b08,images/c0/c0bf1416fe624b08d17a287ed0ef03b091624159d348817369cd85f8df94854e.jpg,gen,genuine_population,bobs_126610_181553,126610,date_41mm,established_dealer,Bob's Watches,https://www.bobswatches.com/rolex-submariner-126610-black-dial.html,181553,1,c0bf1416fe624b08d17a287ed0ef03b091624159d348817369cd85f8df94854e,https://www.bobswatches.com/images/zUsed-Rolex-Submariner-126610-Black-Timing-Bezel-SKU181553.jpg,Bob's Rolex Harvester (ci_harvest_20261009.csv); straight-on gate passed
25e0b74ffb567d7c,images/25/25e0b74ffb567d7c9edd0e2160f02d6e15c937d7ebb6214e622121f01fdbdcd7.jpg,gen,genuine_population,bobs_126613_180403,126613,date_41mm,established_dealer,Bob's Watches,https://www.bobswatches.com/rolex-submariner-126613-steel-and-yellow-gold.html,180403,1,25e0b74ffb567d7c9edd0e2160f02d6e15c937d7ebb6214e622121f01fdbdcd7,https://www.bobswatches.com/images/zUsed-Rolex-Submariner-126613-180403.jpg,Bob's Rolex Harvester (ci_harvest_20261009.csv); straight-on gate passed
cd9aa094f3bc8613,images/cd/cd9aa094f3bc861398a45140b4efe260b727a9f8235579d56aeaf0b920344b18.jpg,gen,genuine_population,bobs_126613_181671,126613,date_41mm,established_dealer,Bob's Watches,https://www.bobswatches.com/rolex-submariner-126613-black.html,181671,1,cd9aa094f3bc861398a45140b4efe260b727a9f8235579d56aeaf0b920344b18,https://www.bobswatches.com/images/zUsed-Rolex-Submariner-126613-SKU181671.jpg,Bob's Rolex Harvester (ci_harvest_20261009.csv); straight-on gate passed
796bdbc12ed2f15d,images/79/796bdbc12ed2f15d60f87c9b0b337be66d7d0d7f92e7dd1ce33aa7433c061014.jpg,gen,genuine_population,bobs_126613_180238,126613,date_41mm,established_dealer,Bob's Watches,https://www.bobswatches.com/rolex-submariner-126613-blue.html,180238,1,796bdbc12ed2f15d60f87c9b0b337be66d7d0d7f92e7dd1ce33aa7433c061014,https://www.bobswatches.com/images/zUsed-Rolex-Submariner-126613-Blue-Chromalight-Dial-SKU180238.jpg,Bob's Rolex Harvester (ci_harvest_20261009.csv); straight-on gate passed
f9bb10025afffafc,images/f9/f9bb10025afffafcb82b436afa1dba8847a21e42639b1158e2062bce8cdc2735.jpg,gen,genuine_population,bobs_126613_180238,126613,date_41mm,established_dealer,Bob's Watches,https://www.bobswatches.com/rolex-submariner-126613-blue.html,180238,1,f9bb10025afffafcb82b436afa1dba8847a21e42639b1158e2062bce8cdc2735,https://www.bobswatches.com/images/zUsed-Rolex-Submariner-126613-Blue-Timing-Bezel-SKU180238.jpg,Bob's Rolex Harvester (ci_harvest_20261009.csv); straight-on gate passed
acf0f1bda6d8c4c5,images/ac/acf0f1bda6d8c4c52c7c36ba49aad2defdeafa5666713f307aa6f54d1a4f3d12.jpg,gen,genuine_population,bobs_126610LV_181090,126610LV,date_41mm,established_dealer,Bob's Watches,https://www.bobswatches.com/rolex-submariner-ref-126610lv-starbucks.html,181090,1,acf0f1bda6d8c4c52c7c36ba49aad2defdeafa5666713f307aa6f54d1a4f3d12,https://www.bobswatches.com/images/zUsed-Rolex-Submariner-126610-Black-Chromalight-Dial-SKU181090.jpg,Bob's Rolex Harvester (ci_harvest_20261009.csv); straight-on gate passed
8723dc6255c2a25c,images/87/8723dc6255c2a25cdd6cc3f150a3a6dfba9fc43ff1edea81384f52f0710a9eed.jpg,gen,genuine_population,bobs_126613_180963,126613,date_41mm,established_dealer,Bob's Watches,https://www.bobswatches.com/rolex-submariner-ref-126613-black-chromalight-dial.html,180963,1,8723dc6255c2a25cdd6cc3f150a3a6dfba9fc43ff1edea81384f52f0710a9eed,https://www.bobswatches.com/images/zUsed-Rolex-Submariner-126613-Black-SKU180963.jpg,Bob's Rolex Harvester (ci_harvest_20261009.csv); straight-on gate passed
8512b736538742ef,images/85/8512b736538742ef5a819c0b9d74139f2e673c6f0717ad1a901fa159e57d552c.jpg,gen,genuine_population,bobs_126613_180963,126613,date_41mm,established_dealer,Bob's Watches,https://www.bobswatches.com/rolex-submariner-ref-126613-black-chromalight-dial.html,180963,1,8512b736538742ef5a819c0b9d74139f2e673c6f0717ad1a901fa159e57d552c,https://www.bobswatches.com/images/zUsed-Rolex-Submariner-126613-Black-Dial-SKU180963.jpg,Bob's Rolex Harvester (ci_harvest_20261009.csv); straight-on gate passed
c2382ba9c960f387,images/c2/c2382ba9c960f387c97481407b1efc4c3c27ee65cc334e73734929b9fd334901.jpg,gen,genuine_population,bobs_126619_175158,126619,date_41mm,established_dealer,Bob's Watches,https://www.bobswatches.com/rolex-submariner-ref-126619-cookie-monster.html,175158,1,c2382ba9c960f387c97481407b1efc4c3c27ee65cc334e73734929b9fd334901,https://www.bobswatches.com/images/zUsed-Rolex-Submariner-126619-Blue-Bezel-SKU175158.jpg,Bob's Rolex Harvester (ci_harvest_20261009.csv); straight-on gate passed
11f773c93a4c676c,images/11/11f773c93a4c676c1647c741b6c1d569aca2c661eff6d426d2041dc5dfcd9742.jpg,gen,genuine_population,bobs_126619_175158,126619,date_41mm,established_dealer,Bob's Watches,https://www.bobswatches.com/rolex-submariner-ref-126619-cookie-monster.html,175158,1,11f773c93a4c676c1647c741b6c1d569aca2c661eff6d426d2041dc5dfcd9742,https://www.bobswatches.com/images/zUsed-White-Gold-Rolex-Submariner-126619-Blue-Bezel-SKU175158.jpg,Bob's Rolex Harvester (ci_harvest_20261009.csv); straight-on gate passed
2889765b386885b6,images/28/2889765b386885b6ffa17f2fa073a9b009fc0cda1c89a00d0290ac63a1e95a3b.jpg,gen,genuine_population,bobs_126610_174852,126610,date_41mm,established_dealer,Bob's Watches,https://www.bobswatches.com/rolex-submariner-126610-factory-stickered.html,174852,1,2889765b386885b6ffa17f2fa073a9b009fc0cda1c89a00d0290ac63a1e95a3b,https://www.bobswatches.com/images/z174852-Used-Rolex-Submariner-126610-Factory-Stickered-SKU174852.jpg,Bob's Rolex Harvester (ci_harvest_20261009.csv); straight-on gate passed
b154c4d5581e3411,images/b1/b154c4d5581e3411ea27010e1fc16b24613fbb905e9a87097efecbf914f0cc3e.jpg,gen,genuine_population,bobs_126610_174852,126610,date_41mm,established_dealer,Bob's Watches,https://www.bobswatches.com/rolex-submariner-126610-factory-stickered.html,174852,1,b154c4d5581e3411ea27010e1fc16b24613fbb905e9a87097efecbf914f0cc3e,https://www.bobswatches.com/images/zUsed-Rolex-Submariner-126610-Black-Dial-SKU174852.jpg,Bob's Rolex Harvester (ci_harvest_20261009.csv); straight-on gate passed
6dbb1bcf3b9cfc96,images/6d/6dbb1bcf3b9cfc9683a7bf85a8a976b453baa403eeb6fcc4716684f23e93275a.jpg,gen,genuine_population,bobs_126613_171971,126613,date_41mm,established_dealer,Bob's Watches,https://www.bobswatches.com/mens-rolex-submariner-126613-blue.html,171971,1,6dbb1bcf3b9cfc9683a7bf85a8a976b453baa403eeb6fcc4716684f23e93275a,https://www.bobswatches.com/images/zUsed-Rolex-Submariner-126613-SKU171971-Bluesy.jpg,Bob's Rolex Harvester (ci_harvest_20261009.csv); straight-on gate passed
19c070baa61c7891,images/19/19c070baa61c7891048ba85c93f6758a38f32b7a51fbcf4fe22bcc51786c1470.jpg,gen,genuine_population,bobs_126613_171971,126613,date_41mm,established_dealer,Bob's Watches,https://www.bobswatches.com/mens-rolex-submariner-126613-blue.html,171971,1,19c070baa61c7891048ba85c93f6758a38f32b7a51fbcf4fe22bcc51786c1470,https://www.bobswatches.com/images/zUsed-Rolex-Submariner-126613-Blue-Dial-SKU171971.jpg,Bob's Rolex Harvester (ci_harvest_20261009.csv); straight-on gate passed
bf9f5383f8d1244c,images/bf/bf9f5383f8d1244c597ad52351300849dafa9efc382766c9bfdc69282b1d6b33.jpg,gen,genuine_population,bobs_126613_171971,126613,date_41mm,established_dealer,Bob's Watches,https://www.bobswatches.com/mens-rolex-submariner-126613-blue.html,171971,1,bf9f5383f8d1244c597ad52351300849dafa9efc382766c9bfdc69282b1d6b33,https://www.bobswatches.com/images/zUsed-Rolex-Submariner-126613-Blue-Dial-SKU171971s.jpg,Bob's Rolex Harvester (ci_harvest_20261009.csv); straight-on gate passed
d3494f45f100d847,images/d3/d3494f45f100d8476f3c3f4b9117612c16ec9a13d8cfefb129ad6eb0710f88aa.jpg,gen,genuine_population,bobs_126613LN_180472,126613LN,date_41mm,established_dealer,Bob's Watches,https://www.bobswatches.com/rolex-submariner-126613ln-stainless-steel-and-18k-yellow-gold.html,180472,1,d3494f45f100d8476f3c3f4b9117612c16ec9a13d8cfefb129ad6eb0710f88aa,https://www.bobswatches.com/images/zUsed-Rolex-Submariner-126613-Black-Dial-SKU180472.jpg,Bob's Rolex Harvester (ci_harvest_20261009.csv); straight-on gate passed
cf92dbe8c0345892,images/cf/cf92dbe8c0345892b857a3a48e30f58de3b473b419b598848272d45351fdff03.jpg,gen,genuine_population,bobs_126610LV_181136,126610LV,date_41mm,established_dealer,Bob's Watches,https://www.bobswatches.com/rolex-submariner-date-126610lv-green-ceramic.html,181136,1,cf92dbe8c0345892b857a3a48e30f58de3b473b419b598848272d45351fdff03,https://www.bobswatches.com/images/zUsed-Rolex-Submariner-126610-181136.jpg,Bob's Rolex Harvester (ci_harvest_20261009.csv); straight-on gate passed
56721cec8359c7de,images/56/56721cec8359c7de454757fd60635182429aadcf4d02af436184c9caab9c5b09.jpg,gen,genuine_population,bobs_126610LV_181136,126610LV,date_41mm,established_dealer,Bob's Watches,https://www.bobswatches.com/rolex-submariner-date-126610lv-green-ceramic.html,181136,1,56721cec8359c7de454757fd60635182429aadcf4d02af436184c9caab9c5b09,https://www.bobswatches.com/images/zUsed-Rolex-Submariner-126610-Starbucks-SKU181136.jpg,Bob's Rolex Harvester (ci_harvest_20261009.csv); straight-on gate passed
918de75dd91d3546,images/91/918de75dd91d3546df439201761bf649f775e26b9c22413d005d340d35b13e7f.jpg,gen,genuine_population,bobs_126618_181964,126618,date_41mm,established_dealer,Bob's Watches,https://www.bobswatches.com/rolex-submariner-yellow-gold-126618.html,181964,1,918de75dd91d3546df439201761bf649f775e26b9c22413d005d340d35b13e7f,https://www.bobswatches.com/images/zUsed-Rolex-Submariner-126618-SKU181964.jpg,Bob's Rolex Harvester (ci_harvest_20261009.csv); straight-on gate passed
da058200d9f9c3fc,images/da/da058200d9f9c3fc2c897b6c56fe9f050c3d07e79b2d70b85009094212bc43fc.jpg,gen,genuine_population,bobs_126618_181964,126618,date_41mm,established_dealer,Bob's Watches,https://www.bobswatches.com/rolex-submariner-yellow-gold-126618.html,181964,1,da058200d9f9c3fc2c897b6c56fe9f050c3d07e79b2d70b85009094212bc43fc,https://www.bobswatches.com/images/zUsed-Rolex-Submariner-126618-Black-SKU181964.jpg,Bob's Rolex Harvester (ci_harvest_20261009.csv); straight-on gate passed
eed6f1d35f30d97b,images/ee/eed6f1d35f30d97b03d824c9440d539ec4a8c17689add9cbfc03a0b880649332.jpg,gen,genuine_population,bobs_126610_180760,126610,date_41mm,established_dealer,Bob's Watches,https://www.bobswatches.com/rolex-submariner-126610-black-dial-and-ceramic-bezel.html,180760,1,eed6f1d35f30d97b03d824c9440d539ec4a8c17689add9cbfc03a0b880649332,https://www.bobswatches.com/images/zUsed-Rolex-Submariner-126610-Black-Chromalight-Dial-SKU180760.jpg,Bob's Rolex Harvester (ci_harvest_20261009.csv); straight-on gate passed
325e817a87fb8ac6,images/32/325e817a87fb8ac661c8a80ae7b53854d976745338e47d1b1a0efab3fc7c143f.jpg,gen,genuine_population,bobs_126618_171401,126618,date_41mm,established_dealer,Bob's Watches,https://www.bobswatches.com/rolex-submariner-ref-126618-18k-yellow-gold-blue-dial.html,171401,1,325e817a87fb8ac661c8a80ae7b53854d976745338e47d1b1a0efab3fc7c143f,https://www.bobswatches.com/images/zUsed-Rolex-Submariner-18k-Yellow-Gold-126618-SKU171401.jpg,Bob's Rolex Harvester (ci_harvest_20261009.csv); straight-on gate passed
5546658ab3c70e9f,images/55/5546658ab3c70e9fc1dba4d1c0c0a7bb6eac252abc1ba79cc17fb735ce6db231.jpg,gen,genuine_population,bobs_126619LB_180619,126619LB,date_41mm,established_dealer,Bob's Watches,https://www.bobswatches.com/rolex-submariner-126619lb-18k-white-gold.html,180619,1,5546658ab3c70e9fc1dba4d1c0c0a7bb6eac252abc1ba79cc17fb735ce6db231,https://www.bobswatches.com/images/zUsed-Rolex-Submariner-126619-Black-Chromalight-Dial-SKU180619.jpg,Bob's Rolex Harvester (ci_harvest_20261009.csv); straight-on gate passed
98d36a6ce9b6dc76,images/98/98d36a6ce9b6dc7683ef3063908948ee2e7b3646b90f8950f92784f30e2a0e25.jpg,gen,genuine_population,bobs_126619LB_180619,126619LB,date_41mm,established_dealer,Bob's Watches,https://www.bobswatches.com/rolex-submariner-126619lb-18k-white-gold.html,180619,1,98d36a6ce9b6dc7683ef3063908948ee2e7b3646b90f8950f92784f30e2a0e25,https://www.bobswatches.com/images/zUsed-Rolex-Submariner-126619-Blue-Timing-Bezel-SKU180619.jpg,Bob's Rolex Harvester (ci_harvest_20261009.csv); straight-on gate passed
b0d02cb4a951a221,images/b0/b0d02cb4a951a221f1541c9c95de045334f0860fcc8784fbc5dfa2f92b64741a.jpg,gen,genuine_population,bobs_126613LB_181123,126613LB,date_41mm,established_dealer,Bob's Watches,https://www.bobswatches.com/rolex-submariner-date-126613lb-steel-and-18k-gold.html,181123,1,b0d02cb4a951a221f1541c9c95de045334f0860fcc8784fbc5dfa2f92b64741a,https://www.bobswatches.com/images/zUsed-Rolex-Submariner-126613-Blue-Chromalight-Dial-SKU181123.jpg,Bob's Rolex Harvester (ci_harvest_20261009.csv); straight-on gate passed
bf7c6a3cd7b06c07,images/bf/bf7c6a3cd7b06c079978b87af6bca1cb31336c3868c9938442fcef0108d4bf25.jpg,gen,genuine_population,bobs_126613LB_181123,126613LB,date_41mm,established_dealer,Bob's Watches,https://www.bobswatches.com/rolex-submariner-date-126613lb-steel-and-18k-gold.html,181123,1,bf7c6a3cd7b06c079978b87af6bca1cb31336c3868c9938442fcef0108d4bf25,https://www.bobswatches.com/images/zUsed-Rolex-Submariner-126613-Blue-Timing-Bezel-SKU181123.jpg,Bob's Rolex Harvester (ci_harvest_20261009.csv); straight-on gate passed
a11c7e7fae6fe93c,images/a1/a11c7e7fae6fe93cfda3e4d8253b478e4a0861460a4c5daf2160db41fd23b5a9.jpg,gen,genuine_population,bobs_126618_171532,126618,date_41mm,established_dealer,Bob's Watches,https://www.bobswatches.com/rolex-submariner-ref-126618-blue-dial.html,171532,1,a11c7e7fae6fe93cfda3e4d8253b478e4a0861460a4c5daf2160db41fd23b5a9,https://www.bobswatches.com/images/zUsed-Rolex-Submariner-126618-171532.jpg,Bob's Rolex Harvester (ci_harvest_20261009.csv); straight-on gate passed
af33e57bab654780,images/af/af33e57bab654780140c54694224d1c10ccf6d7d1013e2cdde469dfabc4e4fa4.jpg,gen,genuine_population,bobs_126618_171532,126618,date_41mm,established_dealer,Bob's Watches,https://www.bobswatches.com/rolex-submariner-ref-126618-blue-dial.html,171532,1,af33e57bab654780140c54694224d1c10ccf6d7d1013e2cdde469dfabc4e4fa4,https://www.bobswatches.com/images/zUsed-Rolex-Submariner-126618-Yellow-Gold-SKU171532.jpg,Bob's Rolex Harvester (ci_harvest_20261009.csv); straight-on gate passed
