local_path,class_label,physical_watch_id,model,factory,source,source_id,image_url,adapter,provider,discovered_at,sha256,dhash,phash,dial_phash,width,height,duplicate_of,suitable,suitability_reasons,pose,dial_diameter_px,sharpness,perspective_axis,rehaut_top_bottom_ratio,rehaut_left_right_ratio,rehaut_confidence,label_confidence,provenance,measurement_status,measurement_file,dataset_decision,sample_role
datasets/harvest/images/49/49ba843c0a7e19d7ca00fd558a3d7f14544925f55d6d0ac7047fe4a4208fce81.jpg,gen,bobs_175818,126710BLNR,Rolex,https://bobswatches.com/rolex-gmt-master-ii-batman-126710blnr.html,bobs_175818,https://www.bobswatches.com/images/zUsed-Rolex-GMT-Master-II-126710-Black-Chromalight-Dial-SKU175818.jpg,repo,direct,2026-09-30T09:48:18Z,49ba843c0a7e19d7ca00fd558a3d7f14544925f55d6d0ac7047fe4a4208fce81,460f17030b17874e,2cf4d04a888bcf7d,0c0ad3a9b68b6abd,1412,2160,,yes,,CORRECTABLE,865.5,2966,,0.4828,1.647,0.63,high,established_dealer,measured,datasets/harvest/measurements/20260930T111251Z/chunk_000/r*.csv,ACCEPT,population
datasets/harvest/images/ca/cae9ed4ca889fc44d149349edba5ea03d9f8624d9a26bf2abe4ef115daf422d0.jpg,gen,bobs_185749,126710BLNR,Rolex,https://bobswatches.com/pre-owned-rolex-gmt-master-ii-ref-126710blnr.html,bobs_185749,https://www.bobswatches.com/images/zUsed-Rolex-GMT-Master-II-126710-Black-Dial-SKU185749.jpg,repo,direct,2026-09-30T09:48:18Z,cae9ed4ca889fc44d149349edba5ea03d9f8624d9a26bf2abe4ef115daf422d0,060307030b078f4e,2cf4d04ac0ab4f7d,2c8a53219e8b6bbd,1412,2160,,yes,,CORRECTABLE,862.9,3271,top_bottom,0.8387,1.176,0.74,high,established_dealer,measured,datasets/harvest/measurements/20260930T111251Z/chunk_000/r*.csv,ACCEPT,population
datasets/collected/images/20260930_085536_20260930_085218_0_w001.jpg,rep,collected_w001,126710BLNR,ARF,local:datasets/collected/images/20260930_085536_20260930_085218_0_w001.jpg,collected_w001,,repo,local,2026-09-30T09:48:18Z,b737323948c9119f6287e3a633d26db2c683befc88df08a31d6412cc28ea5c87,00cdce0f2f97cc0e,ba2efefe0b028145,0c2177a1be0778bd,1080,2340,,yes,,GOOD,554.9,217.1,,1.174,1.122,0.83,high,owner_tagged,measured,datasets/harvest/measurements/20260930T111251Z/chunk_008/r*.csv,QUARANTINE,population
datasets/collected/images/20260930_085934_20260930_085921_0_w002.jpg,rep,collected_w002,126710BLNR,VSF,local:datasets/collected/images/20260930_085934_20260930_085921_0_w002.jpg,collected_w002,,repo,local,2026-09-30T09:48:18Z,379a94d8a62ac5b1e4938b944bd351b2e1b8cfb66284e279e293a0eec9bfe056,6f161b0f270f4613,7c30f8f8302b3d1d,84027f299cc774bd,1808,2175,,yes,,CORRECTABLE,860.9,1452,,1.889,1.2,0.79,high,owner_tagged,measured,datasets/harvest/measurements/20260930T111251Z/chunk_009/r*.csv,QUARANTINE,population
datasets/collected/images/20260930_090312_20260930_090145_0_w003.jpg,rep,collected_w003,126710BLRO,VSF,local:datasets/collected/images/20260930_090312_20260930_090145_0_w003.jpg,collected_w003,,repo,local,2026-09-30T09:48:18Z,1e3c713b4333c18bf2c9a5ae6a9116400dd393a6f46fc16c819c0afd102aaae4,99172b57583b17c6,2e53236b8fa94a35,240adba1dccd6337,1149,1324,,yes,,CORRECTABLE,645.4,388.6,,1.125,1.2,0.89,high,owner_tagged,measured,datasets/harvest/measurements/20260930T111251Z/chunk_009/r*.csv,QUARANTINE,population
datasets/collected/images/20260930_090312_20260930_090257_0_w004.jpg,rep,collected_w004,126710BLRO,VSF,local:datasets/collected/images/20260930_090312_20260930_090257_0_w004.jpg,collected_w004,,repo,local,2026-09-30T09:48:18Z,12ba657294fd442ccb51afca14d3bbeea2fbf8f978d6dc395eb4f7b3b727e320,8c8f9b0f2d1f9736,6eb6d4c01f219ba5,2c28fba9d0c14b3f,2275,2574,,yes,,GOOD,1066,1499,,1.2,1.053,0.63,high,owner_tagged,measured,datasets/harvest/measurements/20260930T111251Z/chunk_009/r*.csv,QUARANTINE,population
datasets/collected/images/20260930_090829_20260930_090821_0_w005.jpg,rep,collected_w005,126720VTNR,Rich,local:datasets/collected/images/20260930_090829_20260930_090821_0_w005.jpg,collected_w005,,repo,local,2026-09-30T09:48:18Z,058f90e2f55a8f22220b181c7268035c2f842122c2522b0bb45592c41e926ba4,82b10c2e3696c861,a28e91dcd3b95385,,1080,1362,,no,reject_no_dial,,,,,0.5,1,0.95,high,owner_tagged,skipped,,REJECT,population
datasets/collected/images/20260930_091001_20260930_090955_0_w006.jpg,rep,collected_w006,126720VTNR,Rich,local:datasets/collected/images/20260930_091001_20260930_090955_0_w006.jpg,collected_w006,,repo,local,2026-09-30T09:48:18Z,a1b43108ed2c2176c04148804975ca16af922e74c4bb197e56b8a4c2d681c8fb,999d370f1d231716,581b624a8fa9dab5,87697a825669499f,2007,2544,,yes,,CORRECTABLE,1070,1698,,0.4545,1.043,0.74,high,owner_tagged,measured,datasets/harvest/measurements/20260930T111251Z/chunk_009/r*.csv,QUARANTINE,population
datasets/collected/images/20260930_091154_20260930_091147_0_w007.jpg,rep,collected_w007,126710GRNR,Rich,local:datasets/collected/images/20260930_091154_20260930_091147_0_w007.jpg,collected_w007,,repo,local,2026-09-30T09:48:18Z,a51143ae04f13126bfad61ceb3575d1709485f5e1f7a83c77a14ed9eda4bdc16,1829380c471f9e61,84b75e0a41abaf55,24021cab76cf7a3d,1503,2122,,yes,,CORRECTABLE,774.4,1119,top_bottom,1.457,1.02,0.68,high,owner_tagged,measured,datasets/harvest/measurements/20260930T111251Z/chunk_009/r*.csv,QUARANTINE,population
datasets/collected/images/20260930_091554_20260930_091255_0_w008.jpg,rep,collected_w008,126710BLRO,Rich,local:datasets/collected/images/20260930_091554_20260930_091255_0_w008.jpg,collected_w008,,repo,local,2026-09-30T09:48:18Z,4813e2c80f1c5f93ff4844afcf0bd8ab772eb1b158b7b3388ef288ddfb50f595,18316844864c6c12,63c0382ed1fb8f45,1c9813a15b07f93f,3024,4032,,yes,,CORRECTABLE,1445,2108,,1,0.5366,0.79,high,owner_tagged,measured,datasets/harvest/measurements/20260930T111251Z/chunk_009/r*.csv,QUARANTINE,population
datasets/collected/images/20260930_091554_20260930_091435_0_w009.jpg,rep,collected_w009,126710BLNR,Rich,local:datasets/collected/images/20260930_091554_20260930_091435_0_w009.jpg,collected_w009,,repo,local,2026-09-30T09:48:18Z,bc23d3bc054c9b235b3805782319bc316f4c18c02e8d27fbb40cb4d5b8867e36,4e4f9f8f864e4c49,c72d3cbcf8f1400d,0c027b21fe4778bd,3840,2880,,yes,,GOOD,1094,2308,,0.9677,1.107,0.58,high,owner_tagged,measured,datasets/harvest/measurements/20260930T111251Z/chunk_009/r*.csv,QUARANTINE,population
datasets/collected/images/20260930_091554_20260930_091535_0_w010.jpg,rep,collected_w010,126710GRNR,Rich,local:datasets/collected/images/20260930_091554_20260930_091535_0_w010.jpg,collected_w010,,repo,local,2026-09-30T09:48:18Z,6f659b9c9792aca7c00dcda123627c3195fe5bce6618a726e291642bb44bc287,ac2a57c68ade5469,ea7036acdad0690f,9e82f3215c8bc375,963,1382,,yes,,GOOD,574.7,2571,top_bottom,1.188,0.9412,0.84,high,owner_tagged,measured,datasets/harvest/measurements/20260930T111251Z/chunk_010/r*.csv,QUARANTINE,population
datasets/harvest/images/01/01016103bf8327e268ea46bb06f1e830b746ac0a23a8bb95e3a8b29d9f8892a9.jpg,gen,gen_126710BLRO_elegantswiss_ES363380210,126710BLRO,Rolex,https://elegantswiss.com/products/rolex-gmt-master-ii-40mm-pepsi-bezel-stainless-steel-jubilee-watch-126710blro-box-papers,gen_126710BLRO_elegantswiss_ES363380210,https://elegantswiss.com/cdn/shop/files/3_54b404b3-c522-4db3-84b0-3ed031da131a.jpg?v=1715008436&width=1946,repo,direct,2026-09-30T09:48:18Z,01016103bf8327e268ea46bb06f1e830b746ac0a23a8bb95e3a8b29d9f8892a9,63210d140e0c8bc3,84411a1e7b7baf85,,1000,999,,no,reject_no_dial,,,,,1,1.1,0.89,medium,gen_candidate,skipped,,REJECT,population
datasets/harvest/images/26/26563b8e9c4b864a83dab322f94172fc0241aa54991c041e38d2b88fb5f998a6.jpg,gen,gen_126710BLRO_elegantswiss_ES387180218,126710BLRO,Rolex,https://elegantswiss.com/products/2020-rolex-gmt-master-ii-40mm-pepsi-red-blue-steel-jubilee-watch-126710blro-box-papers,gen_126710BLRO_elegantswiss_ES387180218,https://elegantswiss.com/cdn/shop/files/1_46726f21-91dc-49c9-8cd2-0f767ffe0347.jpg?v=1764190753&width=1946,repo,direct,2026-09-30T09:48:18Z,26563b8e9c4b864a83dab322f94172fc0241aa54991c041e38d2b88fb5f998a6,b39e272f1b2b87ec,c3db2351c203e3bd,,1000,1000,,no,reject_no_dial,,,,,0.9231,0.45,0.53,medium,gen_candidate,skipped,,REJECT,population
datasets/harvest/images/f0/f036181f390bd44fd2cd0f7e71d63ff85c5b70cd00421cbf1b4428554c492739.jpg,gen,gen_126710BLRO_phillips_122669,126710BLRO,Rolex,https://phillips.com/detail/rolex/122669,gen_126710BLRO_phillips_122669,https://dist.phillips.com/auction-assets/CH080218/1_001.jpg?fit=cover&offset-x=50&offset-y=100&width=928,repo,direct,2026-09-30T09:48:18Z,f036181f390bd44fd2cd0f7e71d63ff85c5b70cd00421cbf1b4428554c492739,949687073b86c460,8eac36565a43d8ad,2c49d3513c4df935,928,1081,,no,inconclusive_marker_layout,CORRECTABLE,485.2,2722,left_right,0.4118,1.312,0.78,high,auction_house,measured,datasets/harvest/measurements/20260930T101251Z/chunk_000/r*.csv,QUARANTINE,population
datasets/harvest/images/68/68b9f82bb2ddbf29da1342be3cbc3bbcbc1fc6af4d11348363da46a139bee0fd.jpg,gen,gen_126710BLRO_phillips_146213,126710BLRO,Rolex,https://phillips.com/detail/rolex/146213,gen_126710BLRO_phillips_146213,https://dist.phillips.com/auction-assets/NY080120/2_001.jpg?fit=cover&offset-x=50&offset-y=100&width=928,repo,direct,2026-09-30T09:48:18Z,68b9f82bb2ddbf29da1342be3cbc3bbcbc1fc6af4d11348363da46a139bee0fd,ccc78f070f8f4c6c,0ea638d6d9c3c26d,2c8361a19e077e3f,928,1068,,yes,,CORRECTABLE,489.6,2309,,1,2,0.79,high,auction_house,measured,datasets/harvest/measurements/20260930T111251Z/chunk_000/r*.csv,ACCEPT,population
datasets/harvest/images/95/959b9d718208d34bf3f9eef71440c0cf4fd7cafa702ccde8e19dd736ba3a8a43.jpg,gen,gen_126710BLRO_phillips_147798,126710BLRO,Rolex,https://phillips.com/detail/rolex/147798,gen_126710BLRO_phillips_147798,https://dist.phillips.com/auction-assets/HK080220/821_001.jpg?fit=cover&offset-x=50&offset-y=100&width=928,repo,direct,2026-09-30T09:48:18Z,959b9d718208d34bf3f9eef71440c0cf4fd7cafa702ccde8e19dd736ba3a8a43,8e8e1f1f3b9ecc79,2eb63c52f0e9d207,0c42fb29be4b6137,928,1080,,yes,,GOOD,500.5,3186,,0.7812,0.9444,0.79,high,auction_house,measured,datasets/harvest/measurements/20260930T111251Z/chunk_000/r*.csv,ACCEPT,population
datasets/harvest/images/6d/6de22511c60b1ca29b6d85d36128a7cc4c5fa24417d1a14cec81776e3edd7a00.jpg,gen,gen_126710BLRO_phillips_151477,126710BLRO,Rolex,https://phillips.com/detail/rolex/151477,gen_126710BLRO_phillips_151477,https://dist.phillips.com/auction-assets/CH080121/131_001.jpg?fit=cover&offset-x=50&offset-y=100&width=928,repo,direct,2026-09-30T09:48:18Z,6de22511c60b1ca29b6d85d36128a7cc4c5fa24417d1a14cec81776e3edd7a00,71f8d4ae9ac46071,cd2e3bb4a652186b,0cc9d321bc4ff135,928,1082,,yes,,CORRECTABLE,480.8,1984,,1.304,1.091,0.32,high,auction_house,measured,datasets/harvest/measurements/20260930T111251Z/chunk_000/r*.csv,ACCEPT,population
datasets/harvest/images/cc/cc84120bd459d485f5e8919708b4b6bd2dd02df6958cad1fd4db6116067860ba.jpg,gen,gen_126710BLRO_phillips_210072,126710BLRO,Rolex,https://phillips.com/detail/rolex/210072,gen_126710BLRO_phillips_210072,https://dist.phillips.com/auction-assets/HK080524/210072_001.jpg?fit=cover&offset-x=50&offset-y=100&width=928,repo,direct,2026-09-30T09:48:18Z,cc84120bd459d485f5e8919708b4b6bd2dd02df6958cad1fd4db6116067860ba,e968c49eb2dc6979,e30e92b49ef25323,0c2113033e4ffb3f,928,1270,,yes,,CORRECTABLE,500.1,1949,,1.043,0.4615,0.63,high,auction_house,measured,datasets/harvest/measurements/20260930T111251Z/chunk_001/r*.csv,ACCEPT,population
datasets/harvest/images/70/7090fe7bb0fa1951bd225ecc15951148bac62e1d4df41a46c6d3b3379515c890.jpg,gen,gen_126710BLRO_phillips_232301,126710BLRO,Rolex,https://phillips.com/detail/rolex/232301,gen_126710BLRO_phillips_232301,https://dist.phillips.com/auction-assets/NY080326/232301_001.jpg?fit=cover&offset-x=50&offset-y=100&width=928,repo,direct,2026-09-30T09:48:18Z,7090fe7bb0fa1951bd225ecc15951148bac62e1d4df41a46c6d3b3379515c890,4d8e0e07178e4c4c,4bb3a51e16e1714d,,928,1391,,no,reject_no_dial,,,,top_bottom,1.364,0.7368,1,high,auction_house,skipped,,REJECT,population
datasets/harvest/images/0b/0b4ce551b94e7ea0c8084b0caac1a529a44939be6bfba1a6f9aa924f8803af1f.jpg,gen,gen_126710BLRO_phillips_CH080120_75,126710BLRO,Rolex,https://phillips.com/detail/rolex/CH080120/75,gen_126710BLRO_phillips_CH080120_75,https://dist.phillips.com/auction-assets/CH080120/75_001.jpg?fit=cover&offset-x=50&offset-y=100&width=928,repo,direct,2026-09-30T09:48:18Z,0b4ce551b94e7ea0c8084b0caac1a529a44939be6bfba1a6f9aa924f8803af1f,79d8d8a682d4c871,ccbe3394b2525c2b,2c49f383bc43d535,928,1081,,yes,,CORRECTABLE,477.5,2140,,0.9412,1.462,0.84,high,auction_house,measured,datasets/harvest/measurements/20260930T111251Z/chunk_001/r*.csv,ACCEPT,population
datasets/harvest/images/50/501e07afc5875f4acb8f2dcf20a4199a90f3a1f6054df9d6d3d8c8976518970e.jpg,gen,gen_126710BLRO_phillips_NY080121_35,126710BLRO,Rolex,https://phillips.com/detail/rolex/NY080121/35,gen_126710BLRO_phillips_NY080121_35,https://dist.phillips.com/auction-assets/NY080121/35_001.jpg?fit=cover&offset-x=50&offset-y=100&width=928,repo,direct,2026-09-30T09:48:18Z,501e07afc5875f4acb8f2dcf20a4199a90f3a1f6054df9d6d3d8c8976518970e,940e0f0f3307069e,acac9272e6a3491f,2c426903fc4ff935,928,1067,,yes,,CORRECTABLE,476.8,2481,left_right,0.7,2.5,0.84,high,auction_house,measured,datasets/harvest/measurements/20260930T111251Z/chunk_001/r*.csv,ACCEPT,population
datasets/126710BLNR/gen/validation/gen_wex_1TDYtpN/image_00.jpg,gen,gen_wex_1TDYtpN,126710BLNR,Rolex,https://www.reddit.com/r/Watchexchange/comments/1s71mol/,gen_wex_1TDYtpN,,repo,imgur_album,2026-09-30T09:48:18Z,591165966a2d4abbd29e833d50b95a95f23141fb669ab96bacac5672d9208f37,838e47cc49496242,e879e6250e931a6d,,1635,1800,,no,reject_no_dial,,,,,1.273,0.75,0.89,medium,gen_candidate,skipped,,QUARANTINE,population
datasets/126710BLNR/gen/validation/gen_wex_1TDYtpN/image_01.jpg,gen,gen_wex_1TDYtpN,126710BLNR,Rolex,https://www.reddit.com/r/Watchexchange/comments/1s71mol/,gen_wex_1TDYtpN,,repo,imgur_album,2026-09-30T09:48:18Z,6bf31a8deaa0ba30c32bfecbecaf3ee751c74398b458c77995029ce532a5e14b,e066634c8949c3c6,427926a31e9b366d,b4a2712186876bbf,1532,1800,,yes,,CORRECTABLE,460.3,1040,,1.818,0.8636,0.63,medium,gen_candidate,measured,datasets/harvest/measurements/20260930T111251Z/chunk_007/r*.csv,QUARANTINE,population
datasets/126710BLNR/gen/validation/gen_wex_1TDYtpN/image_02.jpg,gen,gen_wex_1TDYtpN,126710BLNR,Rolex,https://www.reddit.com/r/Watchexchange/comments/1s71mol/,gen_wex_1TDYtpN,,repo,imgur_album,2026-09-30T09:48:18Z,2f7848f2f2b55991448cfe2d3b0991cdf7a076b20fccf2ee813e53f3144389fb,dcd2a1c989434708,09da34e6d813f46d,,1450,1800,,no,reject_no_dial,,,,,1.4,1,0.95,medium,gen_candidate,skipped,,QUARANTINE,population
datasets/126710BLNR/gen/validation/gen_wex_1TDYtpN/image_03.jpg,gen,gen_wex_1TDYtpN,126710BLNR,Rolex,https://www.reddit.com/r/Watchexchange/comments/1s71mol/,gen_wex_1TDYtpN,,repo,imgur_album,2026-09-30T09:48:18Z,6732ed21bbbcb77ef436602a04bb5507fe6d0184330356596c8db15e633d4387,6d0d4f1f1b9b9ff5,bc03fc03d3e1213f,,1800,1541,,no,reject_no_dial,,,,,1.429,0.3704,0.5,medium,gen_candidate,skipped,,QUARANTINE,population
datasets/126710BLNR/gen/validation/gen_wex_1TDYtpN/image_04.jpg,gen,gen_wex_1TDYtpN,126710BLNR,Rolex,https://www.reddit.com/r/Watchexchange/comments/1s71mol/,gen_wex_1TDYtpN,,repo,imgur_album,2026-09-30T09:48:18Z,b70696b05fbdbbe75572f908b715091930389ddb18eb41480c47eeca8ca2ef8b,c19e9cc7c382a6a6,086627d8e7c39b2d,,1535,1800,,no,reject_no_dial,,,,,1.088,0.8148,0.83,medium,gen_candidate,skipped,,QUARANTINE,population
datasets/126710BLNR/gen/validation/gen_wex_1TDYtpN/image_05.jpg,gen,gen_wex_1TDYtpN,126710BLNR,Rolex,https://www.reddit.com/r/Watchexchange/comments/1s71mol/,gen_wex_1TDYtpN,,repo,imgur_album,2026-09-30T09:48:18Z,e026ab184b9e6f7f9a794179178c9eb968e40bdbd4a8c339e3249b9bae91f51c,b6839939371d2527,a36d1c92604bdbb5,,1350,1800,,no,reject_no_dial,,,,,0.7733,2.125,0.5,medium,gen_candidate,skipped,,QUARANTINE,population
datasets/126710BLNR/gen/validation/gen_wex_1TDYtpN/image_06.jpg,gen,gen_wex_1TDYtpN,126710BLNR,Rolex,https://www.reddit.com/r/Watchexchange/comments/1s71mol/,gen_wex_1TDYtpN,,repo,imgur_album,2026-09-30T09:48:18Z,1cedb6514aa3b3bfe397b4020f811c1c7b92cbe8d20d45b96b980016e1004b64,e5c79c1c19969293,0ba67cd2e20b37a5,,1596,1800,,no,reject_no_dial,,,,,3.125,1.7,0.44,medium,gen_candidate,skipped,,QUARANTINE,population
datasets/126710BLNR/gen/calibration/gen_wex_3KSuGhC/image_00.jpg,gen,gen_wex_3KSuGhC,126710BLNR,Rolex,https://www.reddit.com/r/Watchexchange/comments/1p0o3bp/,gen_wex_3KSuGhC,,repo,imgur_album,2026-09-30T09:48:18Z,a7e4ec15ab75b690a3beab1164bd356336c3a9090fe05f4f159a3e1c93d1608a,4c86860f0e8ecccc,672ca69618e3f30d,d45357a952c35a35,1800,1640,,yes,,GOOD,684.7,4457,top_bottom,0.8235,1.1,0.63,medium,gen_candidate,measured,datasets/harvest/measurements/20260930T111251Z/chunk_007/r*.csv,QUARANTINE,population
datasets/126710BLNR/gen/calibration/gen_wex_3KSuGhC/image_01.jpg,gen,gen_wex_3KSuGhC,126710BLNR,Rolex,https://www.reddit.com/r/Watchexchange/comments/1p0o3bp/,gen_wex_3KSuGhC,,repo,imgur_album,2026-09-30T09:48:18Z,c0a578099e3317a9ac411c0d8710c82ba3ad229773233e51f2b6b701ba3a292a,924b53135f476d3c,7c99032370a1c77f,,1350,1800,,no,reject_no_dial,,,,,,,,medium,gen_candidate,skipped,,QUARANTINE,population
datasets/126710BLNR/gen/calibration/gen_wex_3KSuGhC/image_02.jpg,gen,gen_wex_3KSuGhC,126710BLNR,Rolex,https://www.reddit.com/r/Watchexchange/comments/1p0o3bp/,gen_wex_3KSuGhC,,repo,imgur_album,2026-09-30T09:48:18Z,098b8c62c70d500b585b4a24d0099ce050e08a7c0e71b5eaf5253c41a2a8af57,4c8e8f0f0f8fcbe3,21a6e3de96493927,70d224ad50473ebf,1800,1730,,yes,,CORRECTABLE,692.2,3854,,1.308,3,0.32,medium,gen_candidate,measured,datasets/harvest/measurements/20260930T111251Z/chunk_007/r*.csv,QUARANTINE,population
datasets/126710BLNR/gen/calibration/gen_wex_3KSuGhC/image_03.jpg,gen,gen_wex_3KSuGhC,126710BLNR,Rolex,https://www.reddit.com/r/Watchexchange/comments/1p0o3bp/,gen_wex_3KSuGhC,,repo,imgur_album,2026-09-30T09:48:18Z,c746b019013a23a9d54614fa4ff86e9333825e2530e0fcc8c4c84a56d31629fb,8e8d0f0e174facd0,c10eec3a34f313cd,c98ce4cbc9319937,1800,1371,,no,reject_low_resolution,CORRECTABLE,581.7,4497,,0.8,0.7059,0.84,medium,gen_candidate,skipped,,QUARANTINE,population
datasets/126710BLNR/gen/calibration/gen_wex_3KSuGhC/image_04.jpg,gen,gen_wex_3KSuGhC,126710BLNR,Rolex,https://www.reddit.com/r/Watchexchange/comments/1p0o3bp/,gen_wex_3KSuGhC,,repo,imgur_album,2026-09-30T09:48:18Z,d4856a5c6bbc79fc3abea747f6c3b732ade4b710037e82ba6191fb2a9fe5210d,688e1f07071f4c68,26b617583dc3174d,14538d29f2c33b3d,1562,1800,,yes,,CORRECTABLE,865.3,5101,,0.4857,0.975,0.79,medium,gen_candidate,measured,datasets/harvest/measurements/20260930T111251Z/chunk_007/r*.csv,QUARANTINE,population
datasets/126710BLNR/gen/calibration/gen_wex_3KSuGhC/image_05.jpg,gen,gen_wex_3KSuGhC,126710BLNR,Rolex,https://www.reddit.com/r/Watchexchange/comments/1p0o3bp/,gen_wex_3KSuGhC,,repo,imgur_album,2026-09-30T09:48:18Z,40e9a0564f9390aa449221254c7cfcb589baccd6a083345b4e65fd9a7f3b8e08,8ec4078eba06e890,a11cf127dc23770d,,1800,1020,,no,reject_no_dial,,,,,,,,medium,gen_candidate,skipped,,QUARANTINE,population
datasets/126710BLNR/gen/calibration/gen_wex_3KSuGhC/image_06.jpg,gen,gen_wex_3KSuGhC,126710BLNR,Rolex,https://www.reddit.com/r/Watchexchange/comments/1p0o3bp/,gen_wex_3KSuGhC,,repo,imgur_album,2026-09-30T09:48:18Z,5674a73bc19caf5b3902d32cbb52e0004d28e4a3195e814554512b4354c85eee,ca54612d8fd6e0e0,c7183986d609bf47,,1800,900,,no,reject_no_dial,,,,,0.9091,0.3571,0.33,medium,gen_candidate,skipped,,QUARANTINE,population
datasets/126710BLNR/gen/calibration/gen_wex_3KSuGhC/image_07.jpg,gen,gen_wex_3KSuGhC,126710BLNR,Rolex,https://www.reddit.com/r/Watchexchange/comments/1p0o3bp/,gen_wex_3KSuGhC,,repo,imgur_album,2026-09-30T09:48:18Z,78287b3680538292a3585813f454339ebae222ecf32eb060ba8400e502974d1d,121e0e2113323f38,789c27b8c774d415,,1800,1210,,no,reject_no_dial,,,,,0.6486,1,0.72,medium,gen_candidate,skipped,,QUARANTINE,population
datasets/126710BLNR/gen/calibration/gen_wex_3KSuGhC/image_08.jpg,gen,gen_wex_3KSuGhC,126710BLNR,Rolex,https://www.reddit.com/r/Watchexchange/comments/1p0o3bp/,gen_wex_3KSuGhC,,repo,imgur_album,2026-09-30T09:48:18Z,392311aa2394b61b347ceba2e730393fb4b234e21e6b29f561528d5278883945,23757569694fd0e0,622cd37c42a52bdd,,1800,1077,,no,reject_no_dial,,,,,0.7619,0.4,0.39,medium,gen_candidate,skipped,,QUARANTINE,population
datasets/126710BLNR/gen/calibration/gen_wex_3KSuGhC/image_09.jpg,gen,gen_wex_3KSuGhC,126710BLNR,Rolex,https://www.reddit.com/r/Watchexchange/comments/1p0o3bp/,gen_wex_3KSuGhC,,repo,imgur_album,2026-09-30T09:48:18Z,77933f14288ed72129c761d7b0318d273668f542385503ef287c2fc5e8593819,4c0c0c160223361c,f80ce33d87e4bc05,,1800,1240,,no,reject_no_dial,,,,,0.5,2.25,0.5,medium,gen_candidate,skipped,,QUARANTINE,population
datasets/126710BLNR/gen/validation/gen_wex_8Rg3vqJ/image_00.jpg,gen,gen_wex_8Rg3vqJ,126710BLNR,Rolex,https://www.reddit.com/r/Watchexchange/comments/p5gmvz/,gen_wex_8Rg3vqJ,,repo,imgur_album,2026-09-30T09:48:18Z,b5c31e7ef66d5bfc1d68c3d9bc015164bfc06acca4089c8b7624685d167116af,97d983c2464240c0,90bf78aea1a35649,,1350,1800,,no,reject_no_dial,,,,top_bottom,1,1.182,0.32,medium,gen_candidate,skipped,,REJECT,population
datasets/126710BLNR/gen/validation/gen_wex_8Rg3vqJ/image_01.jpg,gen,gen_wex_8Rg3vqJ,126710BLNR,Rolex,https://www.reddit.com/r/Watchexchange/comments/p5gmvz/,gen_wex_8Rg3vqJ,,repo,imgur_album,2026-09-30T09:48:18Z,35a06a0307e7f6c2518c540d625c837a8a9f71a6c5b081fb1c9ed235a937269c,de7f1a9bf8c9e5e6,ec21c326b69dc8e3,,1800,1350,,no,reject_no_dial,,,,,,,,medium,gen_candidate,skipped,,REJECT,population
datasets/126710BLNR/gen/validation/gen_wex_8Rg3vqJ/image_02.jpg,gen,gen_wex_8Rg3vqJ,126710BLNR,Rolex,https://www.reddit.com/r/Watchexchange/comments/p5gmvz/,gen_wex_8Rg3vqJ,,repo,imgur_album,2026-09-30T09:48:18Z,8b17ef3c627f30a7410af29ad705abfa00d9dbd34179dbde316b2cbb35fb0ba3,7b13326e9ca72142,4e1b274513794db3,,1350,1800,,no,reject_no_dial,,,,,2,1.083,0.83,medium,gen_candidate,skipped,,REJECT,population
datasets/126710BLNR/gen/validation/gen_wex_8Rg3vqJ/image_03.jpg,gen,gen_wex_8Rg3vqJ,126710BLNR,Rolex,https://www.reddit.com/r/Watchexchange/comments/p5gmvz/,gen_wex_8Rg3vqJ,,repo,imgur_album,2026-09-30T09:48:18Z,2fe444a316b1937a7aa7af3c2093aa8388eac532f96ed02c0fbaf51ea00164c5,f17f4b63ec6f91e6,975e878119a1a96f,,1350,1800,,no,reject_no_dial,,,,,,,,medium,gen_candidate,skipped,,REJECT,population
datasets/126710BLNR/gen/validation/gen_wex_8Rg3vqJ/image_04.jpg,gen,gen_wex_8Rg3vqJ,126710BLNR,Rolex,https://www.reddit.com/r/Watchexchange/comments/p5gmvz/,gen_wex_8Rg3vqJ,,repo,imgur_album,2026-09-30T09:48:18Z,d9afa912204742348448b9d76795322ec9be0aca01558241c9398167e830899c,1f8e6e664a5b4352,17732709c9fc7047,,1350,1800,,no,reject_no_dial,,,,,0.4828,1.091,0.78,medium,gen_candidate,skipped,,REJECT,population
datasets/126710BLNR/gen/validation/gen_wex_8Rg3vqJ/image_05.jpg,gen,gen_wex_8Rg3vqJ,126710BLNR,Rolex,https://www.reddit.com/r/Watchexchange/comments/p5gmvz/,gen_wex_8Rg3vqJ,,repo,imgur_album,2026-09-30T09:48:18Z,3016a5d3c9d642068e147c5a0045fa9402b5a4e1d47cdb1784f54b928f9cf4f8,b127693c7c3f5818,b47dce27512924d3,,1350,1800,,no,reject_no_dial,,,,,2.333,1,0.83,medium,gen_candidate,skipped,,REJECT,population
datasets/126710BLNR/gen/validation/gen_wex_8Rg3vqJ/image_06.jpg,gen,gen_wex_8Rg3vqJ,126710BLNR,Rolex,https://www.reddit.com/r/Watchexchange/comments/p5gmvz/,gen_wex_8Rg3vqJ,,repo,imgur_album,2026-09-30T09:48:18Z,8b889a128dbce6b7992450e0cac04ba07c91f77fd7fb39eb04f3f123189789b4,746e1ec9f1ff1f80,4b878df96494ac4b,,1350,1800,,no,reject_no_dial,,,,,0.3333,0.5143,0.61,medium,gen_candidate,skipped,,REJECT,population
datasets/126710BLNR/gen/calibration/gen_wex_K4gqk6U/image_00.jpg,gen,gen_wex_K4gqk6U,126710BLNR,Rolex,https://www.reddit.com/r/Watchexchange/comments/1uab3b8/,gen_wex_K4gqk6U,,repo,imgur_album,2026-09-30T09:48:18Z,50fb8a3322042ca4d68984d8f8d8a05722352b43c9026517adb87ac6e04153a2,6969cccdb033b1e9,5605926765d398f9,,1443,1800,,no,reject_no_dial,,,,,,,,medium,gen_candidate,skipped,,REJECT,population
datasets/126710BLNR/gen/calibration/gen_wex_U2XNblj/image_00.jpg,gen,gen_wex_U2XNblj,126710BLNR,Rolex,https://www.reddit.com/r/Watchexchange/comments/1s0vpgq/,gen_wex_U2XNblj,,repo,imgur_album,2026-09-30T09:48:18Z,47debf46e547170dde664fa488c8558761a6b065305ccd84769c1b0a5b048c4c,0135a4acab04b677,f48d7578a2547a89,,1350,1800,,no,reject_no_dial,,,,,3,0.6458,0.5,medium,gen_candidate,skipped,,REJECT,population
datasets/126710BLNR/gen/validation/gen_wex_bRffRhD/image_00.jpg,gen,gen_wex_bRffRhD,126710BLNR,Rolex,https://www.reddit.com/r/Watchexchange/comments/1s8thx4/,gen_wex_bRffRhD,,repo,imgur_album,2026-09-30T09:48:18Z,4be2d44084ffb04a78e8d65672f1e79fbd7cc242a70fbb7d60818efe21e69fd3,c24672c1e07014bc,f892d129e4f6a319,,1200,1600,,no,reject_no_dial,,,,,1.4,1,0.37,medium,gen_candidate,skipped,,REJECT,population
datasets/126710BLNR/gen/calibration/gen_wex_e99gXKb/image_00.jpg,gen,gen_wex_e99gXKb,126710BLNR,Rolex,https://www.reddit.com/r/Watchexchange/comments/glq9pn/,gen_wex_e99gXKb,,repo,imgur_album,2026-09-30T09:48:18Z,d696eb48eac844d35cb95bcb357395df8d64e4b7422e71b6d725d46dc0abc70d,4c8c962e1e964c4c,cb8c647696697127,869869a9dcd9a627,1800,1800,,yes,,GOOD,681.2,1091,,0.8421,1.059,0.68,medium,gen_candidate,measured,datasets/harvest/measurements/20260930T111251Z/chunk_008/r*.csv,QUARANTINE,population
datasets/126710BLNR/gen/calibration/gen_wex_e99gXKb/image_01.jpg,gen,gen_wex_e99gXKb,126710BLNR,Rolex,https://www.reddit.com/r/Watchexchange/comments/glq9pn/,gen_wex_e99gXKb,,repo,imgur_album,2026-09-30T09:48:18Z,3e0413343b5d9a3e91a44f2e9fe60d187b70cb86545436bb7ff9a57826c79d93,c999bddd8989f3e4,c3c5e7c686891de1,,1800,1800,,no,reject_no_dial,,,,,0.6809,0.76,0.56,medium,gen_candidate,skipped,,QUARANTINE,population
datasets/126710BLNR/gen/calibration/gen_wex_e99gXKb/image_02.jpg,gen,gen_wex_e99gXKb,126710BLNR,Rolex,https://www.reddit.com/r/Watchexchange/comments/glq9pn/,gen_wex_e99gXKb,,repo,imgur_album,2026-09-30T09:48:18Z,8ef3c9f64c7f415187593bf61168c4850dcaaffb476cb5be699d764611f8c055,4bd3b7b3b7ce9216,4ecdc6d69264253d,,1350,1800,,no,reject_no_dial,,,,,0.9091,1.333,0.63,medium,gen_candidate,skipped,,QUARANTINE,population
datasets/126710BLNR/gen/calibration/gen_wex_e99gXKb/image_03.jpg,gen,gen_wex_e99gXKb,126710BLNR,Rolex,https://www.reddit.com/r/Watchexchange/comments/glq9pn/,gen_wex_e99gXKb,,repo,imgur_album,2026-09-30T09:48:18Z,105f67238acf75ed7a7897fbbf534303b22cea6f12cccabd31cd825ce337a745,57e1cb0d87697358,d9408ce4ed1311ff,,1350,1800,,no,reject_no_dial,,,,,1.733,1.571,0.83,medium,gen_candidate,skipped,,QUARANTINE,population
datasets/126710BLNR/gen/calibration/gen_wex_e99gXKb/image_04.jpg,gen,gen_wex_e99gXKb,126710BLNR,Rolex,https://www.reddit.com/r/Watchexchange/comments/glq9pn/,gen_wex_e99gXKb,,repo,imgur_album,2026-09-30T09:48:18Z,2d08dde1e648289a56c6ca747455a65136b929a695e6d107f393ce6cd6a8e318,56a5845142d1e83a,e82c9c16d683717b,,1350,1800,,no,reject_no_dial,,,,,4.227,1.6,0.67,medium,gen_candidate,skipped,,QUARANTINE,population
datasets/126710BLNR/gen/calibration/gen_wex_e99gXKb/image_05.jpg,gen,gen_wex_e99gXKb,126710BLNR,Rolex,https://www.reddit.com/r/Watchexchange/comments/glq9pn/,gen_wex_e99gXKb,,repo,imgur_album,2026-09-30T09:48:18Z,62d270a1e493ee5407e5f836783bc0adcf2802a0d182776e7adcaf7c95f14b24,6575b5a24276063d,81935325b5d6179b,,1350,1800,,no,reject_no_dial,,,,,,,,medium,gen_candidate,skipped,,QUARANTINE,population
datasets/126710BLNR/gen/calibration/gen_wex_e99gXKb/image_06.jpg,gen,gen_wex_e99gXKb,126710BLNR,Rolex,https://www.reddit.com/r/Watchexchange/comments/glq9pn/,gen_wex_e99gXKb,,repo,imgur_album,2026-09-30T09:48:18Z,dd63f6677ac3f1bd4d9f473cb262f9098290b56e7c7d256d9ecb3cfb46493704,65f5970d72764e3d,c49793d1e586139b,,1350,1800,,no,reject_no_dial,,,,,,,,medium,gen_candidate,skipped,,QUARANTINE,population
datasets/126710BLNR/gen/calibration/gen_wex_e99gXKb/image_07.jpg,gen,gen_wex_e99gXKb,126710BLNR,Rolex,https://www.reddit.com/r/Watchexchange/comments/glq9pn/,gen_wex_e99gXKb,,repo,imgur_album,2026-09-30T09:48:18Z,fd1f8558d478e10af54e01fd16dd34b7ad7cef8aa1899e89282e6145c862185e,2bab8e6302e2f337,5a24a75780ff013f,,1350,1800,,no,reject_no_dial,,,,,,,,medium,gen_candidate,skipped,,QUARANTINE,population
datasets/126710BLNR/gen/calibration/gen_wex_e99gXKb/image_08.jpg,gen,gen_wex_e99gXKb,126710BLNR,Rolex,https://www.reddit.com/r/Watchexchange/comments/glq9pn/,gen_wex_e99gXKb,,repo,imgur_album,2026-09-30T09:48:18Z,32fe33cbc12bfe5b01097061b0373f20e498642091a1fad8d8575a10cb0155df,56d23234d97302ca,1b597b03c40ff81b,,1350,1800,,no,reject_no_dial,,,,,,,,medium,gen_candidate,skipped,,QUARANTINE,population
datasets/126710BLNR/gen/calibration/gen_wex_e99gXKb/image_09.jpg,gen,gen_wex_e99gXKb,126710BLNR,Rolex,https://www.reddit.com/r/Watchexchange/comments/glq9pn/,gen_wex_e99gXKb,,repo,imgur_album,2026-09-30T09:48:18Z,f89aeb654ddc73d184cf27cfd894366ad5a79ed06ddf7397209871b781a1ddd5,5263e5cb65d1e174,2783c627c017f17b,,1350,1800,,no,reject_no_dial,,,,,1.591,0.76,0.44,medium,gen_candidate,skipped,,QUARANTINE,population
datasets/126710BLNR/gen/validation/gen_wex_vmbUDwy/image_00.jpg,gen,gen_wex_vmbUDwy,126710BLNR,Rolex,https://www.reddit.com/r/Watchexchange/comments/1wg70ph/,gen_wex_vmbUDwy,,repo,imgur_album,2026-09-30T09:48:18Z,4212501c77f05500b78fc16da01d25d581f16b987102545121f6d74873d5e00e,32d8d89898d0f0f0,962c1c3667dc9963,,1800,1441,,no,reject_no_dial,,,,,1.625,2.3,0.72,medium,gen_candidate,skipped,,QUARANTINE,population
datasets/126710BLNR/gen/validation/gen_wex_vmbUDwy/image_01.jpg,gen,gen_wex_vmbUDwy,126710BLNR,Rolex,https://www.reddit.com/r/Watchexchange/comments/1wg70ph/,gen_wex_vmbUDwy,,repo,imgur_album,2026-09-30T09:48:18Z,a48b091cd4694ce89a0aed7c67dd7570128e40016718e78ef332b0adab4b2f41,73ccccccccd4e8e8,745ea176a41c31eb,,1800,1629,,no,reject_no_dial,,,,,1.75,0.8889,0.89,medium,gen_candidate,skipped,,QUARANTINE,population
datasets/126710BLNR/gen/validation/gen_wex_vmbUDwy/image_02.jpg,gen,gen_wex_vmbUDwy,126710BLNR,Rolex,https://www.reddit.com/r/Watchexchange/comments/1wg70ph/,gen_wex_vmbUDwy,,repo,imgur_album,2026-09-30T09:48:18Z,56087bbf2b5f9885b8c8dae9b1b21c4c0b71757ff08bf22529ba6c6bf7072340,73cce4b4dcccf8c8,93dc6636895c31e3,,1800,1629,,no,reject_no_dial,,,,,,,,medium,gen_candidate,skipped,,QUARANTINE,population
datasets/126710BLNR/gen/validation/gen_wex_vmbUDwy/image_03.jpg,gen,gen_wex_vmbUDwy,126710BLNR,Rolex,https://www.reddit.com/r/Watchexchange/comments/1wg70ph/,gen_wex_vmbUDwy,,repo,imgur_album,2026-09-30T09:48:18Z,43177d93787a8759becb5bed7f1ff67b0dee7e02a1ad7e1d183919a77658c83f,d2cca4d4dce4e8c8,31dcc6768cdc70a3,,1800,1629,,no,reject_no_dial,,,,,,,,medium,gen_candidate,skipped,,QUARANTINE,population
datasets/126710BLNR/gen/validation/gen_wex_vmbUDwy/image_04.jpg,gen,gen_wex_vmbUDwy,126710BLNR,Rolex,https://www.reddit.com/r/Watchexchange/comments/1wg70ph/,gen_wex_vmbUDwy,,repo,imgur_album,2026-09-30T09:48:18Z,6d39d1dae1f0c6c11f8dc0a512ada1440cc032ef956b5ce45eebf132694b5e9e,ccccdcdcccd4c8e8,c9de6456a45cb0e3,,1800,1629,,no,reject_no_dial,,,,,,,,medium,gen_candidate,skipped,,QUARANTINE,population
datasets/126710BLNR/gen/validation/gen_wex_vmbUDwy/image_05.jpg,gen,gen_wex_vmbUDwy,126710BLNR,Rolex,https://www.reddit.com/r/Watchexchange/comments/1wg70ph/,gen_wex_vmbUDwy,,repo,imgur_album,2026-09-30T09:48:18Z,1285ad6b119acf7b128a3e89a39e0931e61b37dde2f29d001c082dfde67dcf1e,7311e0f0e07963b0,f242e39b096723d9,,1800,1629,,no,reject_no_dial,,,,,,,,medium,gen_candidate,skipped,,QUARANTINE,population
datasets/126710BLNR/gen/validation/gen_wex_vmbUDwy/image_06.jpg,gen,gen_wex_vmbUDwy,126710BLNR,Rolex,https://www.reddit.com/r/Watchexchange/comments/1wg70ph/,gen_wex_vmbUDwy,,repo,imgur_album,2026-09-30T09:48:18Z,7a60018026aa3def6a1c6b4ebb49db1733901605c73e0455e60bf1e6bfee3778,64624f070717f006,98e7128c634ba59f,e95c52e328cb233d,1440,1800,,yes,,GOOD,593.7,2680,,1.2,1,0.74,medium,gen_candidate,measured,datasets/harvest/measurements/20260930T111251Z/chunk_008/r*.csv,QUARANTINE,population
datasets/harvest/images/43/43d2ce3e8c6f70f6d5a8e9849fb3988a58f432bb74eddc7590fa01b62d7cda80.jpg,rep,gmt12_REP001,126710GRNR,,https://superclonewatches.is/wp-content/uploads/2024/05/img_2541.jpeg,REP001,https://superclonewatches.is/wp-content/uploads/2024/05/img_2541.jpeg,repo,direct,2026-09-30T09:48:18Z,43d2ce3e8c6f70f6d5a8e9849fb3988a58f432bb74eddc7590fa01b62d7cda80,e688a90d0c8d931b,235ee0c6701f57e1,064e49a196d76b3d,1179,1223,,yes,,CORRECTABLE,244.6,52.2,,0.6667,1,0.47,medium,rep_labelled,measured,datasets/harvest/measurements/20260930T111251Z/chunk_002/r*.csv,QUARANTINE,population
datasets/harvest/images/d2/d234aabc2f3bf14b907bc342f94f0acd75a51b850fc3349dcb4f7f79438d4f7d.jpg,rep,hv_imgur_album_75b0b1130a,126710BLRO,Clean,https://imgur.com/a/s7vrFcU,,,search:brave,imgur_album,2026-09-30T13:02:48Z,d234aabc2f3bf14b907bc342f94f0acd75a51b850fc3349dcb4f7f79438d4f7d,074f93cbcd0bcbc8,64bce083249bf36d,12a6148bfcc05bbf,3718,2789,,no,reject_landmarks_unusable;reject_pose,RETAKE,1644,1498,top_bottom,2.8,1.333,0.58,medium,rep_labelled,skipped,,ACCEPT,population
datasets/harvest/images/7b/7bbc6e051d2ba2de48a00e8046540e5a00e027d5b651f708335a7fda43d517b6.jpg,rep,hv_imgur_album_75b0b1130a,126710BLRO,Clean,https://imgur.com/a/s7vrFcU,,,search:brave,imgur_album,2026-09-30T13:02:48Z,7bbc6e051d2ba2de48a00e8046540e5a00e027d5b651f708335a7fda43d517b6,ec4c0c1c8d09090c,0f174fe10219fbc5,2cde53b936887923,3840,2880,,yes,,CORRECTABLE,783.5,1274,,1.783,1,0.58,medium,rep_labelled,measured,datasets/harvest/measurements/20260930T130244Z/chunk_000/r*.csv,ACCEPT,population
datasets/harvest/images/9f/9f8f35873e21677a18173b8126e238acaf07ab142c9fd9aa17696daff8d8fd73.jpg,rep,hv_imgur_album_75b0b1130a,126710BLRO,Clean,https://imgur.com/a/s7vrFcU,,,search:brave,imgur_album,2026-09-30T13:02:48Z,9f8f35873e21677a18173b8126e238acaf07ab142c9fd9aa17696daff8d8fd73,a4640c1c8d09090c,0e374fb10419fbc5,,3840,2880,,no,reject_no_dial,,,,,1.45,1.098,0.33,medium,rep_labelled,skipped,,ACCEPT,population
datasets/harvest/images/6a/6a7d22e9ef1d9105e74bf206ba165cda084823012bc3de1c88d78623c589eb9e.jpg,rep,hv_imgur_album_75b0b1130a,126710BLRO,Clean,https://imgur.com/a/s7vrFcU,,,search:brave,imgur_album,2026-09-30T13:02:48Z,6a7d22e9ef1d9105e74bf206ba165cda084823012bc3de1c88d78623c589eb9e,6c4c0c0c9d09090c,4e978ea102d9f9c5,,3840,2880,,no,reject_no_dial,,,,,2.3,0.4583,0.83,medium,rep_labelled,skipped,,ACCEPT,population
datasets/harvest/images/e0/e05568678f9f4a155d5b7dae9bdd184d435944cdb5628aab57aabc5eca05d655.jpg,rep,hv_imgur_album_75b0b1130a,126710BLRO,Clean,https://imgur.com/a/s7vrFcU,,,search:brave,imgur_album,2026-09-30T13:02:48Z,e05568678f9f4a155d5b7dae9bdd184d435944cdb5628aab57aabc5eca05d655,ad2a2604a1110924,ce0633cd0067f9e5,,3840,2880,,no,reject_no_dial,,,,,,,,medium,rep_labelled,skipped,,ACCEPT,population
datasets/harvest/images/02/02400c1fc19c675fb6c939dff578e20046fb4f37faf040cb12cb835ea5f82cc3.jpg,rep,hv_imgur_album_75b0b1130a,126710BLRO,Clean,https://imgur.com/a/s7vrFcU,,,search:brave,imgur_album,2026-09-30T13:02:48Z,02400c1fc19c675fb6c939dff578e20046fb4f37faf040cb12cb835ea5f82cc3,6d69262421110904,ce0633cd0073b9f5,,3840,2880,,no,reject_no_dial,,,,,,,,medium,rep_labelled,skipped,,ACCEPT,population
datasets/harvest/images/2e/2ecae252c72b572a1d92f1f0a94836403b0d1cff17fc588f1ac3cee3017c8066.jpg,rep,hv_imgur_album_75b0b1130a,126710BLRO,Clean,https://imgur.com/a/s7vrFcU,,,search:brave,imgur_album,2026-09-30T13:02:48Z,2ecae252c72b572a1d92f1f0a94836403b0d1cff17fc588f1ac3cee3017c8066,4e4e5c1ca111090c,06371b9d024ff9c5,,3840,2880,,no,reject_no_dial,,,,,,,,medium,rep_labelled,skipped,,ACCEPT,population
datasets/harvest/images/89/892263da0270ab6b024d88b63c902db5290ccd2d0c8a0aa726bdc2edab347028.jpg,rep,hv_imgur_album_75b0b1130a,126710BLRO,Clean,https://imgur.com/a/s7vrFcU,,,search:brave,imgur_album,2026-09-30T13:02:48Z,892263da0270ab6b024d88b63c902db5290ccd2d0c8a0aa726bdc2edab347028,8663676389090924,0f8762815aa3e1fd,,3840,2880,,no,reject_no_dial,,,,,,,,medium,rep_labelled,skipped,,ACCEPT,population
datasets/harvest/images/39/39b2b65475be13bd71b5bd4f5753cd917fa18f99cd237c9519ac36bdbef1edac.jpg,rep,hv_imgur_album_75b0b1130a,126710BLRO,Clean,https://imgur.com/a/s7vrFcU,,,search:brave,imgur_album,2026-09-30T13:02:48Z,39b2b65475be13bd71b5bd4f5753cd917fa18f99cd237c9519ac36bdbef1edac,5fcbce35350b9393,b244f7d36023b13d,,3840,2880,,no,reject_no_dial,,,,,1.062,0.8947,0.72,medium,rep_labelled,skipped,,ACCEPT,population
datasets/harvest/images/74/744d85efbe61a9a95168d859c2beb1ec94fc4a4621a0faf2586bee3b6846b6d0.jpg,rep,hv_imgur_album_75b0b1130a,126710BLRO,Clean,https://imgur.com/a/s7vrFcU,,,search:brave,imgur_album,2026-09-30T13:02:48Z,744d85efbe61a9a95168d859c2beb1ec94fc4a4621a0faf2586bee3b6846b6d0,938313874703cb42,e517930ffc20433d,,3840,2880,,no,reject_no_dial,,,,,,,,medium,rep_labelled,skipped,,ACCEPT,population
datasets/harvest/images/28/284c01393d805c9034ceb65f941f40d03b47cbe3b0ac21fad72bdd2f361f279b.jpg,rep,hv_imgur_album_7ac9d73f67,126710BLRO,VSF,https://imgur.com/a/Zz2reLt,,,search:brave,imgur_album,2026-09-30T13:02:48Z,284c01393d805c9034ceb65f941f40d03b47cbe3b0ac21fad72bdd2f361f279b,2546060f0d031208,1f78f1e3070931cd,0d56d6231e0c7b9d,3840,2880,,yes,,CORRECTABLE,806.1,3271,,0.9615,1.087,0.63,medium,rep_labelled,measured,datasets/harvest/measurements/20260930T130244Z/chunk_000/r*.csv,ACCEPT,population
datasets/harvest/images/48/489c045f8712ef2601db5f2392de2280571b1a3abdf15de72518375dff962ff3.jpg,rep,hv_imgur_album_7ac9d73f67,126710BLRO,VSF,https://imgur.com/a/Zz2reLt,,,search:brave,imgur_album,2026-09-30T13:02:48Z,489c045f8712ef2601db5f2392de2280571b1a3abdf15de72518375dff962ff3,37a7060d0d831208,9d38f9e30711709d,,3840,2880,,no,reject_no_dial,,,,,0.75,0.6667,0.39,medium,rep_labelled,skipped,,ACCEPT,population
datasets/harvest/images/fd/fd9310740178c24ee981398bcfb08f44821154cfc5de1a299b1fa19a9de26c24.jpg,rep,hv_imgur_album_7ac9d73f67,126710BLRO,VSF,https://imgur.com/a/Zz2reLt,,,search:brave,imgur_album,2026-09-30T13:02:48Z,fd9310740178c24ee981398bcfb08f44821154cfc5de1a299b1fa19a9de26c24,2747070f4d831208,1cf0e5e7079170cd,,3840,2880,,no,reject_no_dial,,,,,0.5128,0.8649,0.5,medium,rep_labelled,skipped,,ACCEPT,population
datasets/harvest/images/a3/a3580044d6cb897b9e1e1ff902dbc793a7cb18f463f57bc794219a6bf6cd1942.jpg,rep,hv_imgur_album_7ac9d73f67,126710BLRO,VSF,https://imgur.com/a/Zz2reLt,,,search:brave,imgur_album,2026-09-30T13:02:48Z,a3580044d6cb897b9e1e1ff902dbc793a7cb18f463f57bc794219a6bf6cd1942,87adaf0fc1b39228,1c86f1e6470338fd,,3840,2880,,no,reject_no_dial,,,,,1.225,1.705,0.89,medium,rep_labelled,skipped,,ACCEPT,population
datasets/harvest/images/f4/f42427268bbce420f12e69b1f6e9db991350c11b6d820a07e1d92000cf94f157.jpg,rep,hv_imgur_album_7ac9d73f67,126710BLRO,VSF,https://imgur.com/a/Zz2reLt,,,search:brave,imgur_album,2026-09-30T13:02:48Z,f42427268bbce420f12e69b1f6e9db991350c11b6d820a07e1d92000cf94f157,86adaf0781b39208,9c02f1ee470331fd,,3840,2880,,no,reject_no_dial,,,,,1.889,0.7391,0.67,medium,rep_labelled,skipped,,ACCEPT,population
datasets/harvest/images/7c/7cd6c85afabb0c11680502452e2ea18e7cd953a6185039831ebe85e062f78e01.jpg,rep,hv_imgur_album_7ac9d73f67,126710BLRO,VSF,https://imgur.com/a/Zz2reLt,,,search:brave,imgur_album,2026-09-30T13:02:48Z,7cd6c85afabb0c11680502452e2ea18e7cd953a6185039831ebe85e062f78e01,27660e1d19939208,8c30f9e3078331fd,,3840,2880,,no,reject_no_dial,,,,,0.3684,1.625,0.61,medium,rep_labelled,skipped,,ACCEPT,population
datasets/harvest/images/a2/a2d7455528f7872a440fa98328303a45330c403954418fe03bfb052db1ccc978.jpg,rep,hv_imgur_album_7ac9d73f67,126710BLRO,VSF,https://imgur.com/a/Zz2reLt,,,search:brave,imgur_album,2026-09-30T13:02:48Z,a2d7455528f7872a440fa98328303a45330c403954418fe03bfb052db1ccc978,4e4e4e23b9059208,8de6e3f30f01b04d,,3840,2880,,no,reject_no_dial,,,,,0.7826,0.3182,0.5,medium,rep_labelled,skipped,,ACCEPT,population
datasets/harvest/images/26/2632e5326e6197b8f1ec8b5fb86c248ff45686c9cb78c2e9e803ad73181bbf87.jpg,rep,hv_imgur_album_7ac9d73f67,126710BLRO,VSF,https://imgur.com/a/Zz2reLt,,,search:brave,imgur_album,2026-09-30T13:02:48Z,2632e5326e6197b8f1ec8b5fb86c248ff45686c9cb78c2e9e803ad73181bbf87,676d4bb33103a6d2,567c73bb2009b91d,,3840,2880,,no,reject_no_dial,,,,,0.6984,0.7778,0.83,medium,rep_labelled,skipped,,ACCEPT,population
datasets/harvest/images/17/1701c966e5ad2c66cdd38439426c1befd9cc0919b1be1d1a6dcf3f7210cd5969.jpg,rep,hv_imgur_album_7ac9d73f67,126710BLRO,VSF,https://imgur.com/a/Zz2reLt,,,search:brave,imgur_album,2026-09-30T13:02:48Z,1701c966e5ad2c66cdd38439426c1befd9cc0919b1be1d1a6dcf3f7210cd5969,111c0d8d89c3f2c8,912ce4f8c7111bf5,,3840,2880,,no,reject_no_dial,,,,,1,1.714,0.83,medium,rep_labelled,skipped,,ACCEPT,population
datasets/harvest/images/8b/8b101c3e56ad8e4a28dfabe69352f302f99bf456631b32f73b7f6c1038048c63.jpg,gen,hv_page_6c2c4679f0,126720VTNR,Rolex,https://bobswatches.com/rolex-gmt-master-ii-ref-126720vtnr-steel-oyster.html,,https://www.bobswatches.com/images/zUsed-Rolex-GMT-Master-II-126720-Black-Chromalight-Dial-SKU181811.jpg,search:brave,page,2026-09-30T13:02:46Z,8b101c3e56ad8e4a28dfabe69352f302f99bf456631b32f73b7f6c1038048c63,9e070f3f371f1e8d,865e5ee0e0a163d7,0c28f3839e296b9f,1412,2160,,no,reject_landmarks_unusable,CORRECTABLE,865.8,3087,,0.9615,1,0.89,high,established_dealer,skipped,,REJECT,population
datasets/harvest/images/95/95e50911f34626d79ca69812f7b8c40bdc3c49a5edf28c7eadef4de5045e8c87.jpg,gen,hv_page_6c2c4679f0,126720VTNR,Rolex,https://bobswatches.com/rolex-gmt-master-ii-ref-126720vtnr-steel-oyster.html,,"https://www.bobswatches.com/cdn-cgi/image/width=312,height=388,quality=70,fit=cover,format=jpeg/images/nav-thumbs/mega-datejust.jpg?v=4",search:brave,page,2026-09-30T13:02:46Z,95e50911f34626d79ca69812f7b8c40bdc3c49a5edf28c7eadef4de5045e8c87,8687132b0f178e06,30b2bccc790fc32d,,312,388,,no,reject_no_dial,,,,,,,,high,established_dealer,skipped,,REJECT,population
datasets/harvest/images/7b/7b85ffcb23680275c624f16f7f43a1885e0a3995ea0271c98e7d1efb99815e7a.jpg,gen,hv_page_6c2c4679f0,126720VTNR,Rolex,https://bobswatches.com/rolex-gmt-master-ii-ref-126720vtnr-steel-oyster.html,,"https://www.bobswatches.com/cdn-cgi/image/width=312,height=388,quality=70,fit=cover,format=jpeg/images/nav-thumbs/mega-rolex.jpg?v=4",search:brave,page,2026-09-30T13:02:46Z,7b85ffcb23680275c624f16f7f43a1885e0a3995ea0271c98e7d1efb99815e7a,468f17070387864e,4bbca4d0f6034b3d,0cda53a994c3e1bd,312,388,,no,reject_low_resolution,CORRECTABLE,162.5,63.97,,1,0.2963,0.79,high,established_dealer,skipped,,REJECT,population
datasets/harvest/images/17/1762179eb005ec5a89a32ac94ea3be51de216625bc9b9766fb8f99f86f2cda5e.jpg,gen,hv_page_6c2c4679f0,126720VTNR,Rolex,https://bobswatches.com/rolex-gmt-master-ii-ref-126720vtnr-steel-oyster.html,,"https://www.bobswatches.com/cdn-cgi/image/width=312,height=388,quality=70,fit=cover,format=jpeg/images/nav-thumbs/mega-daytona.jpg?v=4",search:brave,page,2026-09-30T13:02:46Z,1762179eb005ec5a89a32ac94ea3be51de216625bc9b9766fb8f99f86f2cda5e,4e97336d69338f4c,4cb036c3c80dcdfd,,312,388,,no,reject_no_dial,,,,,1.75,0.8,0.39,high,established_dealer,skipped,,REJECT,population
datasets/harvest/images/f7/f7347285b5866deb8768514e2ceb2819292a90771a327a2eaf69e25fdd413de6.jpg,gen,hv_page_6c2c4679f0,126720VTNR,Rolex,https://bobswatches.com/rolex-gmt-master-ii-ref-126720vtnr-steel-oyster.html,,"https://www.bobswatches.com/cdn-cgi/image/width=312,height=388,quality=70,fit=cover,format=jpeg/images/nav-thumbs/mega-gmt-master-ii.jpg?v=4",search:brave,page,2026-09-30T13:02:46Z,f7347285b5866deb8768514e2ceb2819292a90771a327a2eaf69e25fdd413de6,4e8f07070787ce4e,0cb4b45accc3c7cd,0c02dba9968f63bd,312,388,,no,reject_low_resolution,CORRECTABLE,156.7,47.27,top_bottom,0.7059,1.286,0.53,high,established_dealer,skipped,,REJECT,population
datasets/harvest/images/1f/1fd77593e11e93a2de35a81ca1a8b99ed08d3b14c5e7c4692fbe4c1ba1432cd4.jpg,gen,hv_page_6c2c4679f0,126720VTNR,Rolex,https://bobswatches.com/rolex-gmt-master-ii-ref-126720vtnr-steel-oyster.html,,"https://www.bobswatches.com/cdn-cgi/image/width=312,height=388,quality=70,fit=cover,format=jpeg/images/nav-thumbs/mega-omega.jpg?v=4",search:brave,page,2026-09-30T13:02:46Z,1fd77593e11e93a2de35a81ca1a8b99ed08d3b14c5e7c4692fbe4c1ba1432cd4,468f071313078f46,b6bc4953b483433d,,312,388,,no,reject_no_dial,,,,top_bottom,0.5,0.2778,0.74,high,established_dealer,skipped,,REJECT,population
datasets/harvest/images/e2/e2f6a441c0adc8d96d854919552b93037115a1c3e7ed3ec471aa9886f014f654.jpg,gen,hv_page_6c2c4679f0,126720VTNR,Rolex,https://bobswatches.com/rolex-gmt-master-ii-ref-126720vtnr-steel-oyster.html,,"https://www.bobswatches.com/cdn-cgi/image/width=312,height=388,quality=70,fit=cover,format=jpeg/images/nav-thumbs/mega-cartier.jpg?v=4",search:brave,page,2026-09-30T13:02:46Z,e2f6a441c0adc8d96d854919552b93037115a1c3e7ed3ec471aa9886f014f654,069f53524e6d9346,b478cc0f13adc15d,,312,388,,no,reject_no_dial,,,,,,,,high,established_dealer,skipped,,REJECT,population
datasets/harvest/images/87/874385b47a90f0489b52675fac44e98d23ef9a356375c3544358e976a4cd99c2.jpg,gen,hv_page_6c2c4679f0,126720VTNR,Rolex,https://bobswatches.com/rolex-gmt-master-ii-ref-126720vtnr-steel-oyster.html,,"https://www.bobswatches.com/cdn-cgi/image/width=312,height=388,quality=70,fit=cover,format=jpeg/images/nav-thumbs/mega-breitling.jpg?v=4",search:brave,page,2026-09-30T13:02:46Z,874385b47a90f0489b52675fac44e98d23ef9a356375c3544358e976a4cd99c2,868e8f1313138e46,34bcb272c14bd13d,,312,388,,no,reject_no_dial,,,,,0.7857,1.917,0.61,high,established_dealer,skipped,,REJECT,population
datasets/harvest/images/5d/5d71559e3d897872293b3a7e0c12408861315627c5d675457671692032295b27.jpg,gen,hv_page_6c2c4679f0,126720VTNR,Rolex,https://bobswatches.com/rolex-gmt-master-ii-ref-126720vtnr-steel-oyster.html,,"https://www.bobswatches.com/cdn-cgi/image/width=312,height=388,quality=70,fit=cover,format=jpeg/images/nav-thumbs/mega-patek-philippe.jpg?v=4",search:brave,page,2026-09-30T13:02:46Z,5d71559e3d897872293b3a7e0c12408861315627c5d675457671692032295b27,96960f9797968e86,a4cd3c3ce3c38c2d,,312,388,,no,reject_no_dial,,,,top_bottom,1.25,1,0.56,high,established_dealer,skipped,,REJECT,population
datasets/harvest/images/35/35b4e941eb3d5591622aba34139c0d40143499368d585b2ef1d79999e50fea40.jpg,gen,hv_page_6c2c4679f0,126720VTNR,Rolex,https://bobswatches.com/rolex-gmt-master-ii-ref-126720vtnr-steel-oyster.html,,"https://www.bobswatches.com/cdn-cgi/image/width=520,height=346,quality=70,fit=cover,format=jpeg/images/nav-thumbs/mega-rolex-market-report.jpg",search:brave,page,2026-09-30T13:02:46Z,35b4e941eb3d5591622aba34139c0d40143499368d585b2ef1d79999e50fea40,8c36b21a2a26360d,11497d6532e6c597,,520,346,,no,reject_no_dial,,,,,,,,high,established_dealer,skipped,,REJECT,population
datasets/harvest/images/c0/c032cff4dc260f4a099a3ddfbb024197f404be5352a6c49d6110411a3c1b8499.jpg,gen,hv_page_6c2c4679f0,126720VTNR,Rolex,https://bobswatches.com/rolex-gmt-master-ii-ref-126720vtnr-steel-oyster.html,,https://www.bobswatches.com/images/sUsed-Rolex-GMT-Master-II-126720-SKU192307.jpg,search:brave,page,2026-09-30T13:02:46Z,c032cff4dc260f4a099a3ddfbb024197f404be5352a6c49d6110411a3c1b8499,8e0f1f1f3f1f0e8d,965e79a0e12163d7,0c287b8396ade91f,196,300,,no,reject_low_resolution;reject_blur,CORRECTABLE,120.2,20.18,diagonal,1,1,0.84,high,established_dealer,skipped,,REJECT,population
datasets/harvest/images/ac/ac71dcbb157dde5a9b8005e1b3ca6fd072072490c7e852c46fda9fb5281f053f.jpg,gen,hv_page_6c2c4679f0,126720VTNR,Rolex,https://bobswatches.com/rolex-gmt-master-ii-ref-126720vtnr-steel-oyster.html,,https://www.bobswatches.com/images/sUsed-Rolex-GMT-Master-II-126720-SKU194148.jpg,search:brave,page,2026-09-30T13:02:46Z,ac71dcbb157dde5a9b8005e1b3ca6fd072072490c7e852c46fda9fb5281f053f,8e0f1f2f1f1f0e8d,965e59a0e12167d7,0c08f3839e2de99f,196,300,,no,reject_low_resolution,GOOD,120,29.32,,1,1,0.63,high,established_dealer,skipped,,REJECT,population
datasets/harvest/images/1d/1d55b01daf63e59dd93246eea5a78f9dcbb96cdf4f32bd8ec7bfb8eefe807cc9.jpg,gen,hv_page_ee91bc679b,126710GRNR,Rolex,https://bobswatches.com/rolex-gmt-master-ii-ref-126710grnr-stainless-steel.html,,https://www.bobswatches.com/images/zUsed-Rolex-GMT-Master-II-126710-Black-Dial-SKU181135.jpg,search:brave,page,2026-09-30T13:02:45Z,1d55b01daf63e59dd93246eea5a78f9dcbb96cdf4f32bd8ec7bfb8eefe807cc9,0e0707030317874e,acd4d04ac90bcd7d,0c0a73219e8feabd,1412,2160,49ba843c0a7e19d7ca00fd558a3d7f14544925f55d6d0ac7047fe4a4208fce81,yes,,CORRECTABLE,866.7,3155,,0.7692,1,0.89,high,established_dealer,skipped,,QUARANTINE,population
datasets/harvest/images/95/95e50911f34626d79ca69812f7b8c40bdc3c49a5edf28c7eadef4de5045e8c87.jpg,gen,hv_page_ee91bc679b,126710GRNR,Rolex,https://bobswatches.com/rolex-gmt-master-ii-ref-126710grnr-stainless-steel.html,,"https://www.bobswatches.com/cdn-cgi/image/width=312,height=388,quality=70,fit=cover,format=jpeg/images/nav-thumbs/mega-datejust.jpg?v=4",search:brave,page,2026-09-30T13:02:45Z,95e50911f34626d79ca69812f7b8c40bdc3c49a5edf28c7eadef4de5045e8c87,8687132b0f178e06,30b2bccc790fc32d,,312,388,,no,reject_no_dial,,,,,,,,high,established_dealer,skipped,,QUARANTINE,population
datasets/harvest/images/7b/7b85ffcb23680275c624f16f7f43a1885e0a3995ea0271c98e7d1efb99815e7a.jpg,gen,hv_page_ee91bc679b,126710GRNR,Rolex,https://bobswatches.com/rolex-gmt-master-ii-ref-126710grnr-stainless-steel.html,,"https://www.bobswatches.com/cdn-cgi/image/width=312,height=388,quality=70,fit=cover,format=jpeg/images/nav-thumbs/mega-rolex.jpg?v=4",search:brave,page,2026-09-30T13:02:45Z,7b85ffcb23680275c624f16f7f43a1885e0a3995ea0271c98e7d1efb99815e7a,468f17070387864e,4bbca4d0f6034b3d,0cda53a994c3e1bd,312,388,,no,reject_low_resolution,CORRECTABLE,162.5,63.97,,1,0.2963,0.79,high,established_dealer,skipped,,QUARANTINE,population
datasets/harvest/images/17/1762179eb005ec5a89a32ac94ea3be51de216625bc9b9766fb8f99f86f2cda5e.jpg,gen,hv_page_ee91bc679b,126710GRNR,Rolex,https://bobswatches.com/rolex-gmt-master-ii-ref-126710grnr-stainless-steel.html,,"https://www.bobswatches.com/cdn-cgi/image/width=312,height=388,quality=70,fit=cover,format=jpeg/images/nav-thumbs/mega-daytona.jpg?v=4",search:brave,page,2026-09-30T13:02:45Z,1762179eb005ec5a89a32ac94ea3be51de216625bc9b9766fb8f99f86f2cda5e,4e97336d69338f4c,4cb036c3c80dcdfd,,312,388,,no,reject_no_dial,,,,,1.75,0.8,0.39,high,established_dealer,skipped,,QUARANTINE,population
datasets/harvest/images/f7/f7347285b5866deb8768514e2ceb2819292a90771a327a2eaf69e25fdd413de6.jpg,gen,hv_page_ee91bc679b,126710GRNR,Rolex,https://bobswatches.com/rolex-gmt-master-ii-ref-126710grnr-stainless-steel.html,,"https://www.bobswatches.com/cdn-cgi/image/width=312,height=388,quality=70,fit=cover,format=jpeg/images/nav-thumbs/mega-gmt-master-ii.jpg?v=4",search:brave,page,2026-09-30T13:02:45Z,f7347285b5866deb8768514e2ceb2819292a90771a327a2eaf69e25fdd413de6,4e8f07070787ce4e,0cb4b45accc3c7cd,0c02dba9968f63bd,312,388,,no,reject_low_resolution,CORRECTABLE,156.7,47.27,top_bottom,0.7059,1.286,0.53,high,established_dealer,skipped,,QUARANTINE,population
datasets/harvest/images/1f/1fd77593e11e93a2de35a81ca1a8b99ed08d3b14c5e7c4692fbe4c1ba1432cd4.jpg,gen,hv_page_ee91bc679b,126710GRNR,Rolex,https://bobswatches.com/rolex-gmt-master-ii-ref-126710grnr-stainless-steel.html,,"https://www.bobswatches.com/cdn-cgi/image/width=312,height=388,quality=70,fit=cover,format=jpeg/images/nav-thumbs/mega-omega.jpg?v=4",search:brave,page,2026-09-30T13:02:45Z,1fd77593e11e93a2de35a81ca1a8b99ed08d3b14c5e7c4692fbe4c1ba1432cd4,468f071313078f46,b6bc4953b483433d,,312,388,,no,reject_no_dial,,,,top_bottom,0.5,0.2778,0.74,high,established_dealer,skipped,,QUARANTINE,population
datasets/harvest/images/e2/e2f6a441c0adc8d96d854919552b93037115a1c3e7ed3ec471aa9886f014f654.jpg,gen,hv_page_ee91bc679b,126710GRNR,Rolex,https://bobswatches.com/rolex-gmt-master-ii-ref-126710grnr-stainless-steel.html,,"https://www.bobswatches.com/cdn-cgi/image/width=312,height=388,quality=70,fit=cover,format=jpeg/images/nav-thumbs/mega-cartier.jpg?v=4",search:brave,page,2026-09-30T13:02:45Z,e2f6a441c0adc8d96d854919552b93037115a1c3e7ed3ec471aa9886f014f654,069f53524e6d9346,b478cc0f13adc15d,,312,388,,no,reject_no_dial,,,,,,,,high,established_dealer,skipped,,QUARANTINE,population
datasets/harvest/images/87/874385b47a90f0489b52675fac44e98d23ef9a356375c3544358e976a4cd99c2.jpg,gen,hv_page_ee91bc679b,126710GRNR,Rolex,https://bobswatches.com/rolex-gmt-master-ii-ref-126710grnr-stainless-steel.html,,"https://www.bobswatches.com/cdn-cgi/image/width=312,height=388,quality=70,fit=cover,format=jpeg/images/nav-thumbs/mega-breitling.jpg?v=4",search:brave,page,2026-09-30T13:02:45Z,874385b47a90f0489b52675fac44e98d23ef9a356375c3544358e976a4cd99c2,868e8f1313138e46,34bcb272c14bd13d,,312,388,,no,reject_no_dial,,,,,0.7857,1.917,0.61,high,established_dealer,skipped,,QUARANTINE,population
datasets/harvest/images/5d/5d71559e3d897872293b3a7e0c12408861315627c5d675457671692032295b27.jpg,gen,hv_page_ee91bc679b,126710GRNR,Rolex,https://bobswatches.com/rolex-gmt-master-ii-ref-126710grnr-stainless-steel.html,,"https://www.bobswatches.com/cdn-cgi/image/width=312,height=388,quality=70,fit=cover,format=jpeg/images/nav-thumbs/mega-patek-philippe.jpg?v=4",search:brave,page,2026-09-30T13:02:45Z,5d71559e3d897872293b3a7e0c12408861315627c5d675457671692032295b27,96960f9797968e86,a4cd3c3ce3c38c2d,,312,388,,no,reject_no_dial,,,,top_bottom,1.25,1,0.56,high,established_dealer,skipped,,QUARANTINE,population
datasets/harvest/images/35/35b4e941eb3d5591622aba34139c0d40143499368d585b2ef1d79999e50fea40.jpg,gen,hv_page_ee91bc679b,126710GRNR,Rolex,https://bobswatches.com/rolex-gmt-master-ii-ref-126710grnr-stainless-steel.html,,"https://www.bobswatches.com/cdn-cgi/image/width=520,height=346,quality=70,fit=cover,format=jpeg/images/nav-thumbs/mega-rolex-market-report.jpg",search:brave,page,2026-09-30T13:02:45Z,35b4e941eb3d5591622aba34139c0d40143499368d585b2ef1d79999e50fea40,8c36b21a2a26360d,11497d6532e6c597,,520,346,,no,reject_no_dial,,,,,,,,high,established_dealer,skipped,,QUARANTINE,population
datasets/harvest/images/1d/1d53927889f3590e8320451bc982351294b6b4cd9b7f7c58e30d6dad1541f9e8.jpg,gen,hv_page_ee91bc679b,126710GRNR,Rolex,https://bobswatches.com/rolex-gmt-master-ii-ref-126710grnr-stainless-steel.html,,https://www.bobswatches.com/images/sUsed-Rolex-GMT-Master-II-126710-SKU193372.jpg,search:brave,page,2026-09-30T13:02:45Z,1d53927889f3590e8320451bc982351294b6b4cd9b7f7c58e30d6dad1541f9e8,4687070343178f0e,34f4d14ac18bc67d,2c0a5329be03ebbd,196,300,,no,reject_low_resolution,CORRECTABLE,122.7,26.8,left_right,2,0.9,0.28,high,established_dealer,skipped,,QUARANTINE,population
datasets/harvest/images/28/28ededa7d0ecbe7950027b0e45ddf53fcad302ac41b2d6aabd16cf396258d7bc.jpg,gen,hv_page_ee91bc679b,126710GRNR,Rolex,https://bobswatches.com/rolex-gmt-master-ii-ref-126710grnr-stainless-steel.html,,https://www.bobswatches.com/images/sUsed-Rolex-GMT-Master-II-126710-SKU192701.jpg,search:brave,page,2026-09-30T13:02:45Z,28ededa7d0ecbe7950027b0e45ddf53fcad302ac41b2d6aabd16cf396258d7bc,060f07430b17870e,2cf4f44ac8ab037d,0c8a7b299c83eb3d,196,300,49ba843c0a7e19d7ca00fd558a3d7f14544925f55d6d0ac7047fe4a4208fce81,no,reject_low_resolution;reject_blur,CORRECTABLE,120.4,24.92,,0.4,1,0.42,high,established_dealer,skipped,,QUARANTINE,population
datasets/126710BLNR/gen/reference/official_rolex_2026/image_00.jpg,gen,official_catalogue_2026,126710BLNR,Rolex,https://rolex.com/watches/gmt-master-ii/m126710blnr-0002,official_rolex_2026,,repo,page,2026-09-30T09:48:18Z,1f300556bf111ea61dc3c4a0e02ab4f65e33a9a5fe298ff638adade22668215a,0c4d8d0e1e0d2e00,4c616696cc7933c7,842a63ab94cfaa3d,1209,1800,,yes,,CORRECTABLE,390.8,1902,diagonal,1.048,0.6154,0.74,high,official,measured,datasets/harvest/measurements/20260930T111251Z/chunk_001/r*.csv,ACCEPT,reference_only
datasets/harvest/images/e6/e63ffdd6aa6909e6c5d90a38d9638f1884a71813572a30dac45a0e9b530e400a.jpg,gen,phillips_181407,126710BLNR,Rolex,https://phillips.com/detail/rolex/181407,phillips_181407,https://dist.phillips.com/auction-assets/CH080323/181407_001.jpg?fit=cover&optimize=medium&width=1302,repo,page,2026-09-30T09:48:18Z,e63ffdd6aa6909e6c5d90a38d9638f1884a71813572a30dac45a0e9b530e400a,c3850e0c166ce000,d256d434a579c1e5,,1302,1628,,no,reject_no_dial,,,,,0.7,0.9,0.74,high,auction_house,skipped,,REJECT,population
datasets/harvest/images/91/91bff020783974d86231ec102f7aae10eb3d16e031fc3893876dd282ae58ab2d.jpg,gen,phillips_181407,126710BLNR,Rolex,https://phillips.com/detail/rolex/181407,phillips_181407,https://dist.phillips.com/auction-assets/CH080323/181407_001.jpg?fit=cover&offset-x=50&offset-y=100&width=928,repo,page,2026-09-30T09:48:18Z,91bff020783974d86231ec102f7aae10eb3d16e031fc3893876dd282ae58ab2d,c3850e0c166ce000,d256d434a579c1e5,29e75ab94c651157,928,1160,e63ffdd6aa6909e6c5d90a38d9638f1884a71813572a30dac45a0e9b530e400a,yes,,CORRECTABLE,309.4,919,top_bottom,0.875,1.286,0.58,high,auction_house,skipped,,REJECT,population
datasets/harvest/images/8b/8b3014e878b525a0ff28c1835995ece3e5061a710a981110b38598951caa6405.jpg,gen,phillips_181407,126710BLNR,Rolex,https://phillips.com/detail/rolex/181407,phillips_181407,https://dist.phillips.com/auction-assets/CH080323/181407_001.jpg?bg-color=0&pad=0&fit=bounds&disable-upscale&height=4000&optimize=medium&width=2000,repo,page,2026-09-30T09:48:18Z,8b3014e878b525a0ff28c1835995ece3e5061a710a981110b38598951caa6405,c3850e0c166ce000,d2565434a5f9c1e5,,1500,1875,e63ffdd6aa6909e6c5d90a38d9638f1884a71813572a30dac45a0e9b530e400a,no,reject_no_dial,,,,,0.7,0.9,0.74,high,auction_house,skipped,,REJECT,population
datasets/harvest/images/ba/baf57b66c2a15daa8fda9338fee32da755bc216981479f200b5d8837386c186a.jpg,gen,phillips_181407,126710BLNR,Rolex,https://phillips.com/detail/rolex/181407,phillips_181407,https://dist.phillips.com/auction-assets/CH080323/181407_001.jpg?fit=cover&offset-x=50&offset-y=100&optimize=medium&width=868,repo,page,2026-09-30T09:48:18Z,baf57b66c2a15daa8fda9338fee32da755bc216981479f200b5d8837386c186a,c3850e0c166ce000,d256d434a579c1e5,29e75ab94c651157,868,1085,e63ffdd6aa6909e6c5d90a38d9638f1884a71813572a30dac45a0e9b530e400a,yes,,CORRECTABLE,289.1,729.3,top_bottom,1,1.429,0.63,high,auction_house,skipped,,REJECT,population
datasets/harvest/images/66/66c4527d45cf91b05a4e520a3e9c620489da78e6afaf4019e2bb0f772412f069.jpg,gen,phillips_181407,126710BLNR,Rolex,https://phillips.com/detail/rolex/181407,phillips_181407,https://dist.phillips.com/auction-assets/CH080323/181407_001.jpg?fit=cover&offset-x=50&offset-y=100&width=750,repo,page,2026-09-30T09:48:18Z,66c4527d45cf91b05a4e520a3e9c620489da78e6afaf4019e2bb0f772412f069,c3850e0c166ce000,d256d434a579c1e5,29e75ab94c651157,750,938,e63ffdd6aa6909e6c5d90a38d9638f1884a71813572a30dac45a0e9b530e400a,yes,,CORRECTABLE,249.4,440.5,,0.875,1.286,0.68,high,auction_house,skipped,,REJECT,population
datasets/harvest/images/30/30f0a5ace97fae537752127dc1fabc66cf7d7e3627f9c13f5da47ee7e94c2b51.jpg,gen,phillips_181407,126710BLNR,Rolex,https://phillips.com/detail/rolex/181407,phillips_181407,https://dist.phillips.com/auction-assets/CH080323/181407_001.jpg?fit=crop&offset-x=50&offset-y=100&height=730,repo,page,2026-09-30T09:48:18Z,30f0a5ace97fae537752127dc1fabc66cf7d7e3627f9c13f5da47ee7e94c2b51,c3850e0c166ce000,d256d434a579c1e5,,1500,1875,e63ffdd6aa6909e6c5d90a38d9638f1884a71813572a30dac45a0e9b530e400a,no,reject_no_dial,,,,,0.4615,2.125,0.32,high,auction_house,skipped,,REJECT,population
datasets/harvest/images/97/972a469317b82b6886ad211dffeeb6a21e9bd3d0c750efc16477d917eb0b9f4b.jpg,gen,phillips_181407,126710BLNR,Rolex,https://phillips.com/detail/rolex/181407,phillips_181407,https://dist.phillips.com/auction-assets/CH080323/181407_001.jpg?fit=cover&offset-x=50&offset-y=100&height=700&optimize=medium,repo,page,2026-09-30T09:48:18Z,972a469317b82b6886ad211dffeeb6a21e9bd3d0c750efc16477d917eb0b9f4b,c3850e0c166ce000,d256d434a579c1e5,,560,700,e63ffdd6aa6909e6c5d90a38d9638f1884a71813572a30dac45a0e9b530e400a,no,reject_no_dial,,,,,0.625,0.7273,0.21,high,auction_house,skipped,,REJECT,population
datasets/harvest/images/57/578544bc2c08d72e5db7f10193a5868d2d5c6a7b8941fd03396bccd3f2a72b17.jpg,gen,phillips_181407,126710BLNR,Rolex,https://phillips.com/detail/rolex/181407,phillips_181407,https://dist.phillips.com/auction-assets/CH080323/181407_001.jpg?bg-color=ffffff&pad=0&fit=bounds&height=550&optimize=medium&width=605,repo,page,2026-09-30T09:48:18Z,578544bc2c08d72e5db7f10193a5868d2d5c6a7b8941fd03396bccd3f2a72b17,c3850e0c166ce000,d256d434a579c1e5,,440,550,e63ffdd6aa6909e6c5d90a38d9638f1884a71813572a30dac45a0e9b530e400a,no,reject_no_dial,,,,,1,1.167,0.21,high,auction_house,skipped,,REJECT,population
datasets/harvest/images/a2/a2f7f206131478e645e3db6a3839e31359e806204095373aaf6bdaebf42b738c.jpg,gen,phillips_181407,126710BLNR,Rolex,https://phillips.com/detail/rolex/181407,phillips_181407,https://dist.phillips.com/auction-assets/CH080323/181407_001.jpg?fit=cover&offset-x=50&offset-y=100&height=300&quality=80,repo,page,2026-09-30T09:48:18Z,a2f7f206131478e645e3db6a3839e31359e806204095373aaf6bdaebf42b738c,c3850e0c166ce000,d256d434a579c1e5,,240,300,e63ffdd6aa6909e6c5d90a38d9638f1884a71813572a30dac45a0e9b530e400a,no,reject_low_resolution;reject_no_dial,,,,,,,,high,auction_house,skipped,,REJECT,population
datasets/harvest/images/c5/c54395983a309b4bb13c2e8adec2cf3c0446a3ad96224aa57db1897f2b76e7fc.jpg,gen,phillips_181407,126710BLNR,Rolex,https://phillips.com/detail/rolex/181407,phillips_181407,https://dist.phillips.com/auction-assets/CH080323/181407_001.jpg?bg-color=0&pad=0&fit=bounds&height=400&width=120,repo,page,2026-09-30T09:48:18Z,c54395983a309b4bb13c2e8adec2cf3c0446a3ad96224aa57db1897f2b76e7fc,c3850e0c166ce000,d256d434a579c1e5,,120,150,e63ffdd6aa6909e6c5d90a38d9638f1884a71813572a30dac45a0e9b530e400a,no,reject_low_resolution;reject_no_dial,,,,,,,,high,auction_house,skipped,,REJECT,population
datasets/harvest/images/6b/6b4582efa163059185421d336d6196fc3f4e0b641bb63c0aabf4ccb20c35360c.jpg,gen,phillips_181407,126710BLNR,Rolex,https://phillips.com/detail/rolex/181407,phillips_181407,https://dist.phillips.com/auction-assets/CH080323/181407_002.jpg?fit=cover&offset-x=50&offset-y=100&width=928,repo,page,2026-09-30T09:48:18Z,6b4582efa163059185421d336d6196fc3f4e0b641bb63c0aabf4ccb20c35360c,838b2a623294e800,71a7b458546da1b5,,928,1160,,no,reject_no_dial,,,,,1.102,0.9213,0.89,high,auction_house,skipped,,REJECT,population
datasets/harvest/images/d3/d3e9e607f5c5d1ebb054e6588ed23fbef961740c470fc14812bf6aae62b35ee8.jpg,gen,phillips_181407,126710BLNR,Rolex,https://phillips.com/detail/rolex/181407,phillips_181407,https://dist.phillips.com/auction-assets/CH080323/181407_002.jpg?bg-color=0&pad=0&fit=bounds&disable-upscale&height=4000&optimize=medium&width=2000,repo,page,2026-09-30T09:48:18Z,d3e9e607f5c5d1ebb054e6588ed23fbef961740c470fc14812bf6aae62b35ee8,838b2a623294c800,71a7b458546da1b5,,1500,1875,6b4582efa163059185421d336d6196fc3f4e0b641bb63c0aabf4ccb20c35360c,no,reject_no_dial,,,,,,,,high,auction_house,skipped,,REJECT,population
datasets/harvest/images/06/06d974dd3915a79c88f8ab7ac92d88f00821d0a6127b838a7aa7b3f8c73cc27d.jpg,gen,phillips_ch080423_22,126710BLNR,Rolex,https://phillips.com/detail/rolex/CH080423/22,phillips_ch080423_22,https://dist.phillips.com/auction-assets/CH080423/189517_001.jpg?fit=cover&optimize=medium&width=1302,repo,page,2026-09-30T09:48:18Z,06d974dd3915a79c88f8ab7ac92d88f00821d0a6127b838a7aa7b3f8c73cc27d,353596168746f5cc,550bf0a424f34f8f,2cad53a195c37535,1302,1628,,no,reject_landmarks_unusable,CORRECTABLE,457.3,1855,diagonal,1.75,2.125,0.42,high,auction_house,skipped,,REJECT,population
datasets/harvest/images/41/4162b13012290a9249eac379917a060d3ce5eba2465770249139c2f014cfd213.jpg,gen,phillips_ch080423_22,126710BLNR,Rolex,https://phillips.com/detail/rolex/CH080423/22,phillips_ch080423_22,https://dist.phillips.com/auction-assets/CH080423/189517_001.jpg?fit=cover&offset-x=50&offset-y=100&width=928,repo,page,2026-09-30T09:48:18Z,4162b13012290a9249eac379917a060d3ce5eba2465770249139c2f014cfd213,353596168746f5cc,550bf0a424f34f8f,2cad53a195c37535,928,1160,06d974dd3915a79c88f8ab7ac92d88f00821d0a6127b838a7aa7b3f8c73cc27d,no,reject_landmarks_unusable;reject_pose,RETAKE,325.8,849,,2.4,1.6,0.5,high,auction_house,skipped,,REJECT,population
datasets/harvest/images/31/3182763748df60837b54b05f0c485159e8a2eafa67c10348f618061d521283d3.jpg,gen,phillips_ch080423_22,126710BLNR,Rolex,https://phillips.com/detail/rolex/CH080423/22,phillips_ch080423_22,https://dist.phillips.com/auction-assets/CH080423/189517_001.jpg?bg-color=0&pad=0&fit=bounds&disable-upscale&height=4000&optimize=medium&width=2000,repo,page,2026-09-30T09:48:18Z,3182763748df60837b54b05f0c485159e8a2eafa67c10348f618061d521283d3,353596168746f5cc,550bf0a424f34f8f,,1500,1875,06d974dd3915a79c88f8ab7ac92d88f00821d0a6127b838a7aa7b3f8c73cc27d,no,reject_no_dial,,,,,,,,high,auction_house,skipped,,REJECT,population
datasets/harvest/images/b0/b038a92423aa82d34a033553a7abe4297618c0b59c7a79c091579db9c768ac60.jpg,gen,phillips_ch080423_22,126710BLNR,Rolex,https://phillips.com/detail/rolex/CH080423/22,phillips_ch080423_22,https://dist.phillips.com/auction-assets/CH080423/189517_001.jpg?fit=cover&offset-x=50&offset-y=100&optimize=medium&width=868,repo,page,2026-09-30T09:48:18Z,b038a92423aa82d34a033553a7abe4297618c0b59c7a79c091579db9c768ac60,353596168746f5cc,550bf0a424f34f8f,2cad53a195c375b1,868,1085,06d974dd3915a79c88f8ab7ac92d88f00821d0a6127b838a7aa7b3f8c73cc27d,no,reject_low_resolution;reject_pose,RETAKE,304.4,702.8,,1.375,3,0.26,high,auction_house,skipped,,REJECT,population
datasets/harvest/images/7c/7cb5cdc01ac786d440e390e6d09d9020219aa9cfa6015db5612fa3c90550957d.jpg,gen,phillips_ch080423_22,126710BLNR,Rolex,https://phillips.com/detail/rolex/CH080423/22,phillips_ch080423_22,https://dist.phillips.com/auction-assets/CH080423/189517_001.jpg?fit=cover&offset-x=50&offset-y=100&width=750,repo,page,2026-09-30T09:48:18Z,7cb5cdc01ac786d440e390e6d09d9020219aa9cfa6015db5612fa3c90550957d,353596168746f5cc,550bf0a424f34f8f,2cad53a195c375b1,750,938,06d974dd3915a79c88f8ab7ac92d88f00821d0a6127b838a7aa7b3f8c73cc27d,no,reject_low_resolution,CORRECTABLE,263,477.6,,1.333,3.667,0.21,high,auction_house,skipped,,REJECT,population
datasets/harvest/images/de/de5c299c2eedad2a31515adc9e2c76afa882e1efa1a3d05c412473e862b2a80b.jpg,gen,phillips_ch080423_22,126710BLNR,Rolex,https://phillips.com/detail/rolex/CH080423/22,phillips_ch080423_22,https://dist.phillips.com/auction-assets/CH080423/189517_001.jpg?fit=crop&offset-x=50&offset-y=100&height=730,repo,page,2026-09-30T09:48:18Z,de5c299c2eedad2a31515adc9e2c76afa882e1efa1a3d05c412473e862b2a80b,353596168746f5cc,550be0ac24f34f8f,2cad53a195c37535,1500,1875,06d974dd3915a79c88f8ab7ac92d88f00821d0a6127b838a7aa7b3f8c73cc27d,no,reject_landmarks_unusable,CORRECTABLE,527.3,2455,diagonal,1.556,2.125,0.47,high,auction_house,skipped,,REJECT,population
datasets/harvest/images/f9/f9c949141b910108c587aae6f796891f5c9a49df5d829e2543fa173eb61606fc.jpg,gen,phillips_ch080423_22,126710BLNR,Rolex,https://phillips.com/detail/rolex/CH080423/22,phillips_ch080423_22,https://dist.phillips.com/auction-assets/CH080423/189517_001.jpg?fit=cover&offset-x=50&offset-y=100&height=700&optimize=medium,repo,page,2026-09-30T09:48:18Z,f9c949141b910108c587aae6f796891f5c9a49df5d829e2543fa173eb61606fc,353596168746f5cc,550bf0a424f34f8f,2cad53a195c37535,560,700,06d974dd3915a79c88f8ab7ac92d88f00821d0a6127b838a7aa7b3f8c73cc27d,no,reject_low_resolution,CORRECTABLE,195.9,120.3,,1.286,2.667,0.21,high,auction_house,skipped,,REJECT,population
datasets/harvest/images/a8/a8661277e559bcff771f292f75661e770a00912cd4ee183c13526ce1529841af.jpg,gen,phillips_ch080423_22,126710BLNR,Rolex,https://phillips.com/detail/rolex/CH080423/22,phillips_ch080423_22,https://dist.phillips.com/auction-assets/CH080423/189517_001.jpg?bg-color=ffffff&pad=0&fit=bounds&height=550&optimize=medium&width=605,repo,page,2026-09-30T09:48:18Z,a8661277e559bcff771f292f75661e770a00912cd4ee183c13526ce1529841af,353596168746f5cc,550bf0a424f34f8f,2cad53a195c371b5,440,550,06d974dd3915a79c88f8ab7ac92d88f00821d0a6127b838a7aa7b3f8c73cc27d,no,reject_low_resolution,CORRECTABLE,153.5,52.77,left_right,2,2.333,0.47,high,auction_house,skipped,,REJECT,population
datasets/harvest/images/88/885d516930e3a7bab83e30d98ebb7a2cce0115fb4b623e8841ba7d4016e6592a.jpg,gen,phillips_ch080423_22,126710BLNR,Rolex,https://phillips.com/detail/rolex/CH080423/22,phillips_ch080423_22,https://dist.phillips.com/auction-assets/CH080423/189517_001.jpg?fit=cover&offset-x=50&offset-y=100&height=300&quality=80,repo,page,2026-09-30T09:48:18Z,885d516930e3a7bab83e30d98ebb7a2cce0115fb4b623e8841ba7d4016e6592a,353596168746f5cc,550bf0ac24734f8f,,240,300,06d974dd3915a79c88f8ab7ac92d88f00821d0a6127b838a7aa7b3f8c73cc27d,no,reject_low_resolution;reject_no_dial,,,,,0.4545,1.75,0.44,high,auction_house,skipped,,REJECT,population
datasets/harvest/images/f6/f6e6d087dcd73e4f899ec05ec3f4dfc16864b7baa98d04404061442c9d06ea2b.jpg,gen,phillips_ch080423_22,126710BLNR,Rolex,https://phillips.com/detail/rolex/CH080423/22,phillips_ch080423_22,https://dist.phillips.com/auction-assets/CH080423/189517_001.jpg?bg-color=0&pad=0&fit=bounds&height=400&width=120,repo,page,2026-09-30T09:48:18Z,f6e6d087dcd73e4f899ec05ec3f4dfc16864b7baa98d04404061442c9d06ea2b,351596168746f7cc,550bf0a424f34f8f,,120,150,06d974dd3915a79c88f8ab7ac92d88f00821d0a6127b838a7aa7b3f8c73cc27d,no,reject_low_resolution;reject_no_dial,,,,,1,0.8,0.44,high,auction_house,skipped,,REJECT,population
datasets/harvest/images/58/5882ae07d2c5668132481d6c4071d58159a342b3c59cc2784633eaf53b5799d1.jpg,gen,phillips_ch080423_22,126710BLNR,Rolex,https://phillips.com/detail/rolex/CH080423/22,phillips_ch080423_22,https://dist.phillips.com/auction-assets/CH080423/189517_002.jpg?fit=cover&offset-x=50&offset-y=100&width=928,repo,page,2026-09-30T09:48:18Z,5882ae07d2c5668132481d6c4071d58159a342b3c59cc2784633eaf53b5799d1,212b6564f361a692,475b3a23a0b42bdb,,928,1160,,no,reject_no_dial,,,,,,,,high,auction_house,skipped,,REJECT,population
datasets/harvest/images/ba/ba4e5358811a3e417aeffa0a347875effb532f7bebaafd90af4288f8fb3be87a.jpg,gen,phillips_ch080423_22,126710BLNR,Rolex,https://phillips.com/detail/rolex/CH080423/22,phillips_ch080423_22,https://dist.phillips.com/auction-assets/CH080423/189517_002.jpg?bg-color=0&pad=0&fit=bounds&disable-upscale&height=4000&optimize=medium&width=2000,repo,page,2026-09-30T09:48:18Z,ba4e5358811a3e417aeffa0a347875effb532f7bebaafd90af4288f8fb3be87a,212b6564f361a692,475b3a23a0b42bdb,,1500,1875,5882ae07d2c5668132481d6c4071d58159a342b3c59cc2784633eaf53b5799d1,no,reject_no_dial,,,,,,,,high,auction_house,skipped,,REJECT,population
datasets/126710BLNR/rep/validation/rep_arf_8xahrjm/image_00.jpg,rep,rep_arf_8xahrjm,126710BLNR,ARF,https://www.reddit.com/r/RepTimeQC/comments/1kqahal/,rep_arf_8xahrjm,,repo,imgur_album,2026-09-30T09:48:18Z,2dbab0a9defce0a14af9bc05bfe9c0ec0baaea7f642436307edda130b6729fbe,0f0f1f07071f0f0f,3cf696c96821a39d,262a59a9b683ea3d,1400,1356,,no,reject_landmarks_unusable,GOOD,726.8,849.1,,1.14,1.02,0.84,high,rep_labelled,skipped,,ACCEPT,population
datasets/126710BLNR/rep/validation/rep_arf_8xahrjm/image_01.jpg,rep,rep_arf_8xahrjm,126710BLNR,ARF,https://www.reddit.com/r/RepTimeQC/comments/1kqahal/,rep_arf_8xahrjm,,repo,imgur_album,2026-09-30T09:48:18Z,db17d2721826ff8f710ca1a9c76a7d05b7fb780b40effd758d5f93b30e26b076,0f0f8f0f0f8e0f4f,6626cc98697966ad,062ad929b693ea3d,1200,900,,yes,,GOOD,412.4,799.2,top_bottom,1,1.036,0.89,high,rep_labelled,measured,datasets/harvest/measurements/20260930T111251Z/chunk_005/r*.csv,ACCEPT,population
datasets/126710BLNR/rep/validation/rep_arf_8xahrjm/image_02.jpg,rep,rep_arf_8xahrjm,126710BLNR,ARF,https://www.reddit.com/r/RepTimeQC/comments/1kqahal/,rep_arf_8xahrjm,,repo,imgur_album,2026-09-30T09:48:18Z,4e0cc6c37c1639346f07b1d73834caf1ab6d4861e382fc8d53790dc2319c4315,03cd8e968e0e0e40,fd06e09aa1796785,,1200,900,,no,reject_no_dial,,,,,0.473,1.025,0.67,high,rep_labelled,skipped,,ACCEPT,population
datasets/126710BLNR/rep/validation/rep_arf_8xahrjm/image_03.jpg,rep,rep_arf_8xahrjm,126710BLNR,ARF,https://www.reddit.com/r/RepTimeQC/comments/1kqahal/,rep_arf_8xahrjm,,repo,imgur_album,2026-09-30T09:48:18Z,d380e221a9810aac3d6ed866e58eaef5342b603473f00c6add5fa1bf18ad896e,038c8e0e16170f8c,f13f00dbc179c705,,1200,900,,no,reject_no_dial,,,,,1.053,0.9167,0.39,high,rep_labelled,skipped,,ACCEPT,population
datasets/126710BLNR/rep/validation/rep_arf_8xahrjm/image_04.jpg,rep,rep_arf_8xahrjm,126710BLNR,ARF,https://www.reddit.com/r/RepTimeQC/comments/1kqahal/,rep_arf_8xahrjm,,repo,imgur_album,2026-09-30T09:48:18Z,af5bb9f2a5724a660d8c12615dfaa10f682315e44b1e134951aa6d8547795e51,030f8e0d339e1d70,e8291dd9cccb1335,,1200,900,,no,reject_no_dial,,,,,3.2,1.684,0.39,high,rep_labelled,skipped,,ACCEPT,population
datasets/126710BLNR/rep/validation/rep_arf_8xahrjm/image_05.jpg,rep,rep_arf_8xahrjm,126710BLNR,ARF,https://www.reddit.com/r/RepTimeQC/comments/1kqahal/,rep_arf_8xahrjm,,repo,imgur_album,2026-09-30T09:48:18Z,324bcead7679c224ff6c1296ba5d56dfcd1ae314471eb9add6ccbbd41fd0964a,0e9f07136d5b7699,3928e6d9a4a9d355,,1200,900,,no,reject_no_dial,,,,,0.9211,0.4156,0.5,high,rep_labelled,skipped,,ACCEPT,population
datasets/126710BLNR/rep/validation/rep_arf_8xahrjm/image_06.jpg,rep,rep_arf_8xahrjm,126710BLNR,ARF,https://www.reddit.com/r/RepTimeQC/comments/1kqahal/,rep_arf_8xahrjm,,repo,imgur_album,2026-09-30T09:48:18Z,24a46879ab63a6ee7de3a1a6f7675098562301800c9861f47558b9858c8e0a5b,98989c92494a4745,3a8371dca3e45d25,,1800,1350,,no,reject_no_dial,,,,,,,,high,rep_labelled,skipped,,ACCEPT,population
datasets/126710BLNR/rep/calibration/rep_arf_m304y61/image_00.jpg,rep,rep_arf_m304y61,126710BLNR,ARF,https://www.reddit.com/r/RepTimeQC/comments/1hwy5ll/,rep_arf_m304y61,,repo,imgur_album,2026-09-30T09:48:18Z,38c461cdb6c8e1bb615cfa723b78a801a9acbed4c8e43689b4706af8bc178c96,9737359cd4748c3c,3eb11a21d6bf01c7,,1070,1220,,no,reject_no_dial,,,,,,,,high,rep_labelled,skipped,,ACCEPT,population
datasets/126710BLNR/rep/calibration/rep_arf_m304y61/image_01.jpg,rep,rep_arf_m304y61,126710BLNR,ARF,https://www.reddit.com/r/RepTimeQC/comments/1hwy5ll/,rep_arf_m304y61,,repo,imgur_album,2026-09-30T09:48:18Z,723cfabc9f8d4655e38f7f151a834268d0dc2eb0ffbe7aa0b6cc6b3431323af4,317066c24e2cb412,f7c7522c2bf12581,860a3681ff0f12bf,1066,1426,,yes,,CORRECTABLE,514.6,963.7,,0.8824,1.036,0.63,high,rep_labelled,measured,datasets/harvest/measurements/20260930T111251Z/chunk_005/r*.csv,ACCEPT,population
datasets/126710BLNR/rep/calibration/rep_arf_m304y61/image_02.jpg,rep,rep_arf_m304y61,126710BLNR,ARF,https://www.reddit.com/r/RepTimeQC/comments/1hwy5ll/,rep_arf_m304y61,,repo,imgur_album,2026-09-30T09:48:18Z,7b9182c52aa513d4220ab74fb541513812e92a6cebc7639f5362dd4b801df0c0,381c5c8ecfebb9c9,324941c1a0f8faff,,1740,1422,,no,reject_no_dial,,,,left_right,0.2321,1,0.28,high,rep_labelled,skipped,,ACCEPT,population
datasets/126710BLNR/rep/calibration/rep_arf_m304y61/image_03.jpg,rep,rep_arf_m304y61,126710BLNR,ARF,https://www.reddit.com/r/RepTimeQC/comments/1hwy5ll/,rep_arf_m304y61,,repo,imgur_album,2026-09-30T09:48:18Z,9f8113d069c330cf92f0445d635b45774f7ac33556a34cf9996d7a80a4b114fd,470e673313da9999,694365b0d2e9a33d,,1020,1402,,no,reject_no_dial,,,,,0.5532,1.405,0.56,high,rep_labelled,skipped,,ACCEPT,population
datasets/126710BLNR/rep/calibration/rep_arf_m304y61/image_04.jpg,rep,rep_arf_m304y61,126710BLNR,ARF,https://www.reddit.com/r/RepTimeQC/comments/1hwy5ll/,rep_arf_m304y61,,repo,imgur_album,2026-09-30T09:48:18Z,8c1423e84d143ef1cc2b9c3a64f2c5a2b1da5a4e654e7e3b2d3d2ff3696f0bc8,071c0a2419c9c599,8f4935b006ababe5,,1040,1398,,no,reject_no_dial,,,,,,,,high,rep_labelled,skipped,,ACCEPT,population
datasets/126710BLNR/rep/calibration/rep_arf_m304y61/image_05.jpg,rep,rep_arf_m304y61,126710BLNR,ARF,https://www.reddit.com/r/RepTimeQC/comments/1hwy5ll/,rep_arf_m304y61,,repo,imgur_album,2026-09-30T09:48:18Z,f8e5bba83e92c7a166f39a2cea8fd9a44d0e0f2aad5bf3baf6210db3d373bffd,ffffefc6d8d29989,8c8f7164dcb0b0ed,,1036,1374,,no,reject_no_dial,,,,,1,0.8182,0.61,high,rep_labelled,skipped,,ACCEPT,population
datasets/126710BLNR/rep/calibration/rep_arf_m304y61/image_06.jpg,rep,rep_arf_m304y61,126710BLNR,ARF,https://www.reddit.com/r/RepTimeQC/comments/1hwy5ll/,rep_arf_m304y61,,repo,imgur_album,2026-09-30T09:48:18Z,fa4309d8eafeda27ec184e05ce00ffb0d732262ab85396dcc8aa37a46f3d7a70,1ce0911934d2d199,e12dd103ec8bbf21,,1040,1382,,no,reject_no_dial,,,,,,,,high,rep_labelled,skipped,,ACCEPT,population
datasets/126710BLNR/rep/calibration/rep_arf_m304y61/image_07.jpg,rep,rep_arf_m304y61,126710BLNR,ARF,https://www.reddit.com/r/RepTimeQC/comments/1hwy5ll/,rep_arf_m304y61,,repo,imgur_album,2026-09-30T09:48:18Z,9e8bd2cfec3b77820d0973f0355b032692c6dff9b35b70298edfce129dd0a30a,cf09068f49d29199,2505736ca4abbb65,,1016,1298,,no,reject_no_dial,,,,,1.143,1.127,0.67,high,rep_labelled,skipped,,ACCEPT,population
datasets/126710BLNR/rep/calibration/rep_arf_m304y61/image_08.jpg,rep,rep_arf_m304y61,126710BLNR,ARF,https://www.reddit.com/r/RepTimeQC/comments/1hwy5ll/,rep_arf_m304y61,,repo,imgur_album,2026-09-30T09:48:18Z,23a7938f73dce9b51f88d0fffffbad3f628f3e6b190860827f08a7499955a158,2c6c9191394ad19d,c125c583bcc33fe1,,1058,1346,,no,reject_no_dial,,,,,0.5217,1.938,0.44,high,rep_labelled,skipped,,ACCEPT,population
datasets/126710BLNR/rep/calibration/rep_arf_m304y61/image_09.jpg,rep,rep_arf_m304y61,126710BLNR,ARF,https://www.reddit.com/r/RepTimeQC/comments/1hwy5ll/,rep_arf_m304y61,,repo,imgur_album,2026-09-30T09:48:18Z,27c52721170dce861b62eb1eaf34704c531d8f2d916e566c41eac882c6ad8b52,433606cd6c5ad19d,360d92e8a4baa3ed,,1008,1300,,no,reject_no_dial,,,,,,,,high,rep_labelled,skipped,,ACCEPT,population
datasets/126710BLNR/rep/calibration/rep_cf_6I00d8w/image_00.jpg,rep,rep_cf_6I00d8w,126710BLNR,Clean,https://www.reddit.com/r/RepTimeQC/comments/tfmfak/,rep_cf_6I00d8w,,repo,imgur_album,2026-09-30T09:48:18Z,6d32c9b104d031dbd2349c79e32252bb825dcf4aed9c15c935bc8f251248459d,733e2c2dad6d78f1,fec20e3c073be0c3,0c0bd3ab9ccf08bd,1800,1013,,yes,,GOOD,385.9,1140,top_bottom,0.9655,1.267,0.74,high,rep_labelled,measured,datasets/harvest/measurements/20260930T111251Z/chunk_007/r*.csv,ACCEPT,population
datasets/126710BLNR/rep/calibration/rep_cf_6I00d8w/image_01.jpg,rep,rep_cf_6I00d8w,126710BLNR,Clean,https://www.reddit.com/r/RepTimeQC/comments/tfmfak/,rep_cf_6I00d8w,,repo,imgur_album,2026-09-30T09:48:18Z,a0a845e09505956a5d12824d11cc71b15ca26bc5a2cf08d9504886cecf5af79f,73360c2d6d69e8f1,de420e3c073be8cb,0c0b532b3ccf18bf,1800,1013,,yes,,CORRECTABLE,394,1229,left_right,1.071,1.067,0.84,high,rep_labelled,measured,datasets/harvest/measurements/20260930T111251Z/chunk_007/r*.csv,ACCEPT,population
datasets/126710BLNR/rep/calibration/rep_cf_6I00d8w/image_02.jpg,rep,rep_cf_6I00d8w,126710BLNR,Clean,https://www.reddit.com/r/RepTimeQC/comments/tfmfak/,rep_cf_6I00d8w,,repo,imgur_album,2026-09-30T09:48:18Z,7f624fe89edd638bf14496aebc975d44b732ae81f77e02f3785aa38100cb305e,73662c2d6d69e8f1,5ca20e3e873be8c3,0c0b73ab3ccf08bd,1800,1013,,yes,,CORRECTABLE,390.1,1216,diagonal,1.071,1.357,0.84,high,rep_labelled,measured,datasets/harvest/measurements/20260930T111251Z/chunk_007/r*.csv,ACCEPT,population
datasets/126710BLNR/rep/calibration/rep_cf_6I00d8w/image_03.jpg,rep,rep_cf_6I00d8w,126710BLNR,Clean,https://www.reddit.com/r/RepTimeQC/comments/tfmfak/,rep_cf_6I00d8w,,repo,imgur_album,2026-09-30T09:48:18Z,a73db3e5abd13010d03f2dad72017bfacd52390bb144f9411c033e0e70c09739,26262c6c6969e8f1,da023efc071b61cb,1c8925a3568d3afd,1800,1013,,no,reject_landmarks_unusable,CORRECTABLE,368.2,1229,,1,1,0.68,high,rep_labelled,skipped,,ACCEPT,population
datasets/126710BLNR/rep/calibration/rep_cf_6I00d8w/image_04.jpg,rep,rep_cf_6I00d8w,126710BLNR,Clean,https://www.reddit.com/r/RepTimeQC/comments/tfmfak/,rep_cf_6I00d8w,,repo,imgur_album,2026-09-30T09:48:18Z,c3ef57ffbb0a053e8a0a9c78ac2f5de9cc511ce6bb0524a2733a130b82444298,3b3e2c6d2d69e8f1,5ad20e3e853be943,2d419725b5c7943d,1800,1013,,yes,,CORRECTABLE,376.9,1169,,0.8511,1.9,0.58,high,rep_labelled,measured,datasets/harvest/measurements/20260930T111251Z/chunk_007/r*.csv,ACCEPT,population
datasets/126710BLNR/rep/validation/rep_cf_6zSSQ1d/image_00.jpg,rep,rep_cf_6zSSQ1d,126710BLNR,Clean,https://www.reddit.com/r/RepTimeQC/comments/1k8nog0/,rep_cf_6zSSQ1d,,repo,imgur_album,2026-09-30T09:48:18Z,54ee227d7536af5a18b32dab0a0fab7a967c742fa15494411b20efac9aaeeb3e,33336b696933320f,99ca36cc6eb46259,0d0297295d97d63d,1800,1013,,no,reject_low_resolution,CORRECTABLE,446.6,1476,,1.333,0.85,1,high,rep_labelled,skipped,,ACCEPT,population
datasets/126710BLNR/rep/validation/rep_cf_6zSSQ1d/image_01.jpg,rep,rep_cf_6zSSQ1d,126710BLNR,Clean,https://www.reddit.com/r/RepTimeQC/comments/1k8nog0/,rep_cf_6zSSQ1d,,repo,imgur_album,2026-09-30T09:48:18Z,0dbcce2c483e630d72b858c8515b741249afdcb231fe88100198d84a2742fc9d,33336b69696933b3,cc6664cc1eb47359,0d0296295d97f63d,1800,1013,,yes,,GOOD,474.6,1989,,1.176,0.85,1,high,rep_labelled,measured,datasets/harvest/measurements/20260930T111251Z/chunk_005/r*.csv,ACCEPT,population
datasets/126710BLNR/rep/validation/rep_cf_6zSSQ1d/image_02.jpg,rep,rep_cf_6zSSQ1d,126710BLNR,Clean,https://www.reddit.com/r/RepTimeQC/comments/1k8nog0/,rep_cf_6zSSQ1d,,repo,imgur_album,2026-09-30T09:48:18Z,09816404f7ddb3b5e0cdb9cb556fbaf482426a6a6fb63f0648866783ed4fa7b8,37336b6969693233,cd66e6c40e947359,0c0237295d97de3d,1800,1013,,yes,,GOOD,455.3,1633,,1.125,0.9375,1,high,rep_labelled,measured,datasets/harvest/measurements/20260930T111251Z/chunk_005/r*.csv,ACCEPT,population
datasets/126710BLNR/rep/validation/rep_cf_6zSSQ1d/image_03.jpg,rep,rep_cf_6zSSQ1d,126710BLNR,Clean,https://www.reddit.com/r/RepTimeQC/comments/1k8nog0/,rep_cf_6zSSQ1d,,repo,imgur_album,2026-09-30T09:48:18Z,6d7ca023f8ec122284834a971e0cabe6c4fbc2a569f2b643cbae1454f0ed71e3,879c386c466e6e1e,ecf9263cf0b40b43,,1800,1013,,no,reject_no_dial,,,,,1.432,0.3,0.5,high,rep_labelled,skipped,,ACCEPT,population
datasets/126710BLNR/rep/validation/rep_cf_6zSSQ1d/image_04.jpg,rep,rep_cf_6zSSQ1d,126710BLNR,Clean,https://www.reddit.com/r/RepTimeQC/comments/1k8nog0/,rep_cf_6zSSQ1d,,repo,imgur_album,2026-09-30T09:48:18Z,ed99a4a27fe1cfa7343232381cf44d777b9c33cd39b65595a06506b1aea2cc8e,4dc46d29130f0307,e1ce2c33d9cc36c1,,1800,1013,,no,reject_no_dial,,,,,,,,high,rep_labelled,skipped,,ACCEPT,population
datasets/126710BLNR/rep/validation/rep_cf_6zSSQ1d/image_05.jpg,rep,rep_cf_6zSSQ1d,126710BLNR,Clean,https://www.reddit.com/r/RepTimeQC/comments/1k8nog0/,rep_cf_6zSSQ1d,,repo,imgur_album,2026-09-30T09:48:18Z,a2d7c6547807edd207e8b9859fb9c07c18efedf3fee4b1157ae08eff819cbe20,dede4d6932110303,d96e349bc32c9469,,1800,1013,,no,reject_no_dial,,,,,,,,high,rep_labelled,skipped,,ACCEPT,population
datasets/126710BLNR/rep/validation/rep_cf_6zSSQ1d/image_06.jpg,rep,rep_cf_6zSSQ1d,126710BLNR,Clean,https://www.reddit.com/r/RepTimeQC/comments/1k8nog0/,rep_cf_6zSSQ1d,,repo,imgur_album,2026-09-30T09:48:18Z,ef477184f0ed05f46555ca19d05e572c4dd8806fe1447bef8515b946293e324a,9494cd69330f0301,714ea65b698658e5,,1800,1013,,no,reject_no_dial,,,,,,,,high,rep_labelled,skipped,,ACCEPT,population
datasets/126710BLNR/rep/validation/rep_cf_6zSSQ1d/image_07.jpg,rep,rep_cf_6zSSQ1d,126710BLNR,Clean,https://www.reddit.com/r/RepTimeQC/comments/1k8nog0/,rep_cf_6zSSQ1d,,repo,imgur_album,2026-09-30T09:48:18Z,abd87856f874efbcdb107aaabe0cdeb2024dade581174131422f9a3fa9a3b4ba,9686846979170b0f,698696794e867ac5,,1800,1013,,no,reject_no_dial,,,,,,,,high,rep_labelled,skipped,,ACCEPT,population
datasets/126710BLNR/rep/validation/rep_cf_6zSSQ1d/image_08.jpg,rep,rep_cf_6zSSQ1d,126710BLNR,Clean,https://www.reddit.com/r/RepTimeQC/comments/1k8nog0/,rep_cf_6zSSQ1d,,repo,imgur_album,2026-09-30T09:48:18Z,c39d10d565f89f6b21c7f276e01b1d73047270c47b8b8c1ed892ef4f105a17be,3333333332737133,4ccea4a6cce6cb31,,1800,1013,,no,reject_no_dial,,,,,1.75,0.7222,0.44,high,rep_labelled,skipped,,ACCEPT,population
datasets/126710BLNR/rep/validation/rep_cf_6zSSQ1d/image_09.jpg,rep,rep_cf_6zSSQ1d,126710BLNR,Clean,https://www.reddit.com/r/RepTimeQC/comments/1k8nog0/,rep_cf_6zSSQ1d,,repo,imgur_album,2026-09-30T09:48:18Z,949849d5edd6c0b0b495d0659e0a1edaa28556347b1ee9588bc6fd98674d663a,3333333332323131,3c186cccc9e77391,,1800,1013,,no,reject_no_dial,,,,,,,,high,rep_labelled,skipped,,ACCEPT,population
datasets/126710BLNR/rep/calibration/rep_cf_QsJT2wk/image_00.jpg,rep,rep_cf_QsJT2wk,126710BLNR,Clean,https://www.reddit.com/r/RepTimeQC/comments/1e97aw3/,rep_cf_QsJT2wk,,repo,imgur_album,2026-09-30T09:48:18Z,8db44c3cd73befa146501ba9f3179078875e1132260576b772cc06bd7e10eff0,7c4426a3ba5a5464,d914e6f39e435b01,0c8a33a17c47f19f,1800,1424,,no,reject_landmarks_unusable,CORRECTABLE,986.6,1578,,1.5,1,0.63,high,rep_labelled,skipped,,ACCEPT,population
datasets/126710BLNR/rep/calibration/rep_cf_QsJT2wk/image_01.jpg,rep,rep_cf_QsJT2wk,126710BLNR,Clean,https://www.reddit.com/r/RepTimeQC/comments/1e97aw3/,rep_cf_QsJT2wk,,repo,imgur_album,2026-09-30T09:48:18Z,c98ead27229388be5c7efc143f68150cacba9cac9ca253ed9fd049602d1a71d9,033e28698c8c69de,6f40a60d523d6bd5,3c981fa17c0b0eaf,1013,1800,,yes,,CORRECTABLE,475.1,1118,,1.818,1.111,0.79,high,rep_labelled,measured,datasets/harvest/measurements/20260930T111251Z/chunk_005/r*.csv,ACCEPT,population
datasets/126710BLNR/rep/calibration/rep_cf_QsJT2wk/image_02.jpg,rep,rep_cf_QsJT2wk,126710BLNR,Clean,https://www.reddit.com/r/RepTimeQC/comments/1e97aw3/,rep_cf_QsJT2wk,,repo,imgur_album,2026-09-30T09:48:18Z,414287f526866719c4ab9100c5b0f6834b24f2196da6817f61fad910053951e0,411693097352656d,0d212f69b4c15bf5,9c183ea17c0b93af,1013,1800,,yes,,CORRECTABLE,271.4,707,,1.375,1,0.95,high,rep_labelled,measured,datasets/harvest/measurements/20260930T111251Z/chunk_005/r*.csv,ACCEPT,population
datasets/126710BLNR/rep/calibration/rep_cf_QsJT2wk/image_03.jpg,rep,rep_cf_QsJT2wk,126710BLNR,Clean,https://www.reddit.com/r/RepTimeQC/comments/1e97aw3/,rep_cf_QsJT2wk,,repo,imgur_album,2026-09-30T09:48:18Z,226efab1d442833d0c6f003f874eff89cc60a4bf5fdcdbee6e9d1220c77ba324,e00793015952656d,0d216f6034c3df75,87987ca17c03b2af,1013,1800,,yes,,CORRECTABLE,266.2,773.3,,1.25,1.2,0.74,high,rep_labelled,measured,datasets/harvest/measurements/20260930T111251Z/chunk_005/r*.csv,ACCEPT,population
datasets/126710BLNR/rep/calibration/rep_cf_QsJT2wk/image_04.jpg,rep,rep_cf_QsJT2wk,126710BLNR,Clean,https://www.reddit.com/r/RepTimeQC/comments/1e97aw3/,rep_cf_QsJT2wk,,repo,imgur_album,2026-09-30T09:48:18Z,1a30260c39647e65ec20dc62a61ae2dcb8ffc1d896a268eeba0dd10794757cca,810c2320594a756d,05396f71944d53d5,,1013,1800,,no,reject_no_dial,,,,,0.3333,3.4,0.78,high,rep_labelled,skipped,,ACCEPT,population
datasets/126710BLNR/rep/calibration/rep_cf_QsJT2wk/image_05.jpg,rep,rep_cf_QsJT2wk,126710BLNR,Clean,https://www.reddit.com/r/RepTimeQC/comments/1e97aw3/,rep_cf_QsJT2wk,,repo,imgur_album,2026-09-30T09:48:18Z,aa727797dc55b9fe7b071007af52d715a98f32e90cbef66a3efbafe3c072b0d9,c00f0b317346756d,85212eb174c5df59,1ce05352b94fc1bd,1013,1800,,yes,,CORRECTABLE,261.5,460.7,,1.714,0.9,0.83,high,rep_labelled,measured,datasets/harvest/measurements/20260930T111251Z/chunk_005/r*.csv,ACCEPT,population
datasets/126710BLNR/rep/calibration/rep_cf_QsJT2wk/image_06.jpg,rep,rep_cf_QsJT2wk,126710BLNR,Clean,https://www.reddit.com/r/RepTimeQC/comments/1e97aw3/,rep_cf_QsJT2wk,,repo,imgur_album,2026-09-30T09:48:18Z,737681a1b1a78b3e71fd222deec3707e794dd76b731b9b0ab7f2b87762598371,7073d98cd1b114c6,94a239476957af31,,1013,1800,,no,reject_no_dial,,,,,1.233,0.5263,0.61,high,rep_labelled,skipped,,ACCEPT,population
datasets/126710BLNR/rep/calibration/rep_cf_QsJT2wk/image_07.jpg,rep,rep_cf_QsJT2wk,126710BLNR,Clean,https://www.reddit.com/r/RepTimeQC/comments/1e97aw3/,rep_cf_QsJT2wk,,repo,imgur_album,2026-09-30T09:48:18Z,0f9c36109ef5b3eeb9462538ea3b50b1fc0f54d4ae2c79b915312416c007df1b,26ed6bf4dc9e8ddb,a60e4e13785d27cd,,1724,1392,,no,reject_no_dial,,,,,,,,high,rep_labelled,skipped,,ACCEPT,population
datasets/126710BLNR/rep/validation/rep_cf_UpTW8nx/image_00.jpg,rep,rep_cf_UpTW8nx,126710BLNR,Clean,https://www.reddit.com/r/RepTimeQC/comments/14ga7kp/,rep_cf_UpTW8nx,,repo,imgur_album,2026-09-30T09:48:18Z,bbb9093b2dfea01e6d29643bc2b9f182b3c99fe4b57f606d2ff67d88be71eaf9,2f67361e27373f4f,9236d96669692597,,1800,1013,,no,reject_no_dial,,,,,1.273,0.6667,0.74,high,rep_labelled,skipped,,ACCEPT,population
datasets/126710BLNR/rep/validation/rep_cf_UpTW8nx/image_01.jpg,rep,rep_cf_UpTW8nx,126710BLNR,Clean,https://www.reddit.com/r/RepTimeQC/comments/14ga7kp/,rep_cf_UpTW8nx,,repo,imgur_album,2026-09-30T09:48:18Z,c6d8e645575ab5bff85f38a3ca992a7c9f409e73ef44d2eb90ebc7d073b95a9a,72666b4f7b1e0e9f,0c7793716990a65f,,1800,1013,,no,reject_no_dial,,,,,1.091,0.8409,0.67,high,rep_labelled,skipped,,ACCEPT,population
datasets/126710BLNR/rep/validation/rep_cf_UpTW8nx/image_02.jpg,rep,rep_cf_UpTW8nx,126710BLNR,Clean,https://www.reddit.com/r/RepTimeQC/comments/14ga7kp/,rep_cf_UpTW8nx,,repo,imgur_album,2026-09-30T09:48:18Z,38ae0593932813de2a766954f2c764b85cc2cdf018373aef137d7dbfad1bcf26,26a5a72706178786,ccb9330efc80639d,,1800,1013,,no,reject_no_dial,,,,,1.056,1.333,0.67,high,rep_labelled,skipped,,ACCEPT,population
datasets/126710BLNR/rep/validation/rep_cf_UpTW8nx/image_03.jpg,rep,rep_cf_UpTW8nx,126710BLNR,Clean,https://www.reddit.com/r/RepTimeQC/comments/14ga7kp/,rep_cf_UpTW8nx,,repo,imgur_album,2026-09-30T09:48:18Z,668bb22e500b390e952f105e0ec4c7f14d433a3b5f89a517700206462e1e5fef,0028107830324010,352a956ab5cc6ab1,,1800,1013,,no,reject_no_dial,,,,,,,,high,rep_labelled,skipped,,ACCEPT,population
datasets/126710BLNR/rep/validation/rep_cf_UpTW8nx/image_04.jpg,rep,rep_cf_UpTW8nx,126710BLNR,Clean,https://www.reddit.com/r/RepTimeQC/comments/14ga7kp/,rep_cf_UpTW8nx,,repo,imgur_album,2026-09-30T09:48:18Z,fd4e40c36843beb7977c98d101e1a23ff79a6474c8193bb5dd7e6fcc7018a8fd,02a72727031f0f87,ccf3310cfc21639d,,1800,1013,,no,reject_no_dial,,,,,,,,high,rep_labelled,skipped,,ACCEPT,population
datasets/126710BLNR/rep/validation/rep_cf_UpTW8nx/image_05.jpg,rep,rep_cf_UpTW8nx,126710BLNR,Clean,https://www.reddit.com/r/RepTimeQC/comments/14ga7kp/,rep_cf_UpTW8nx,,repo,imgur_album,2026-09-30T09:48:18Z,db5375cb6a2aa8fbb0c0ef23ab25c5f309096e901775148ae132dbd09cdf90b0,139717161f170f87,831cec934f70c33d,,1800,1013,,no,reject_no_dial,,,,,1.6,0.7917,0.78,high,rep_labelled,skipped,,ACCEPT,population
datasets/126710BLNR/rep/validation/rep_cf_UpTW8nx/image_06.jpg,rep,rep_cf_UpTW8nx,126710BLNR,Clean,https://www.reddit.com/r/RepTimeQC/comments/14ga7kp/,rep_cf_UpTW8nx,,repo,imgur_album,2026-09-30T09:48:18Z,db13a2d5313f0bea4669baa7c4bb1fb86717d57f7cb8814fb34486148858beed,6d46cbcf7b3f0e9e,0efc33d329c4864f,71f5b8ab91332315,1800,1013,,no,inconclusive_marker_layout;reject_landmarks_unusable,GOOD,582.8,754.7,,0.775,0.7647,0.72,high,rep_labelled,skipped,,ACCEPT,population
datasets/126710BLNR/rep/validation/rep_cf_UpTW8nx/image_07.jpg,rep,rep_cf_UpTW8nx,126710BLNR,Clean,https://www.reddit.com/r/RepTimeQC/comments/14ga7kp/,rep_cf_UpTW8nx,,repo,imgur_album,2026-09-30T09:48:18Z,19146e50dd089d64b5e7ecced879321dbcc5c58a5b9f4cdf4be2a8ff1e57b9b5,93930b0f0f2f330f,01ff6c863f30c32d,85087621dd57d1bd,1800,1013,,yes,,CORRECTABLE,468.7,2511,,1.188,1.042,0.53,high,rep_labelled,measured,datasets/harvest/measurements/20260930T111251Z/chunk_004/r*.csv,ACCEPT,population
datasets/126710BLNR/rep/validation/rep_cf_UpTW8nx/image_08.jpg,rep,rep_cf_UpTW8nx,126710BLNR,Clean,https://www.reddit.com/r/RepTimeQC/comments/14ga7kp/,rep_cf_UpTW8nx,,repo,imgur_album,2026-09-30T09:48:18Z,ce1b2a836467d6d54f6385f07c8989ba5d32ae46b77fffbf459c7ac81ef70086,938713131b0f0787,3cf1867b1cc04b3d,,1800,1013,,no,reject_no_dial,,,,,,,,high,rep_labelled,skipped,,ACCEPT,population
datasets/126710BLNR/rep/validation/rep_cf_UpTW8nx/image_09.jpg,rep,rep_cf_UpTW8nx,126710BLNR,Clean,https://www.reddit.com/r/RepTimeQC/comments/14ga7kp/,rep_cf_UpTW8nx,,repo,imgur_album,2026-09-30T09:48:18Z,30a3d07a4c9ef20cc88236a7222b795e641818e48c4eec2fa11f1a7e94da27e6,65636b6b3f0e1f96,ce4c96c37988265f,,1800,1013,,no,reject_no_dial,,,,,0.2632,0.5769,0.56,high,rep_labelled,skipped,,ACCEPT,population
datasets/126710BLNR/rep/validation/rep_cf_ZVxf97o/image_00.jpg,rep,rep_cf_ZVxf97o,126710BLNR,Clean,https://www.reddit.com/r/RepTimeQC/comments/1hryefk/,rep_cf_ZVxf97o,,repo,imgur_album,2026-09-30T09:48:18Z,1107ae08e2b6b1b1e892c9fc6b5aa415a4eaac2cd7f41b631f55aa2477a96911,6b29cc0614cdc910,5bcab41e8179af41,4f801e21fe17703f,1012,1800,,yes,,CORRECTABLE,546.6,969.1,,0.6842,0.6875,0.79,high,rep_labelled,measured,datasets/harvest/measurements/20260930T111251Z/chunk_005/r*.csv,ACCEPT,population
datasets/126710BLNR/rep/validation/rep_cf_ZVxf97o/image_01.jpg,rep,rep_cf_ZVxf97o,126710BLNR,Clean,https://www.reddit.com/r/RepTimeQC/comments/1hryefk/,rep_cf_ZVxf97o,,repo,imgur_album,2026-09-30T09:48:18Z,46d8a804ad8aed4e24220b975752d43615ddc43ed49bcfa1a75b5751565e2c3b,84307072c343c7c6,c45c378713a74f19,,1653,1582,,no,reject_no_dial,,,,,2.889,1.225,0.5,high,rep_labelled,skipped,,ACCEPT,population
datasets/126710BLNR/rep/validation/rep_cf_ZVxf97o/image_02.jpg,rep,rep_cf_ZVxf97o,126710BLNR,Clean,https://www.reddit.com/r/RepTimeQC/comments/1hryefk/,rep_cf_ZVxf97o,,repo,imgur_album,2026-09-30T09:48:18Z,058bfda2dd50a8efee30206c25a84285ff94c1464c77898656e773a3782111bc,c50123123397874e,8199b24353cf279d,2ea55da15d0534dd,1766,1164,,yes,,CORRECTABLE,556.6,1258,,1.231,0.7895,0.63,high,rep_labelled,measured,datasets/harvest/measurements/20260930T111251Z/chunk_005/r*.csv,ACCEPT,population
datasets/126710BLNR/rep/validation/rep_cf_ZVxf97o/image_03.jpg,rep,rep_cf_ZVxf97o,126710BLNR,Clean,https://www.reddit.com/r/RepTimeQC/comments/1hryefk/,rep_cf_ZVxf97o,,repo,imgur_album,2026-09-30T09:48:18Z,2e22bfbbe33b4dd17b6a025fcc0bd8b066043f6e125e39f3a6600b346b80b3d1,1333712484442d29,2d482807b377cbd5,2eaa1621f717543d,1386,1497,,yes,,CORRECTABLE,544.6,1052,,0.8929,0.6429,0.79,high,rep_labelled,measured,datasets/harvest/measurements/20260930T111251Z/chunk_005/r*.csv,ACCEPT,population
datasets/126710BLNR/rep/validation/rep_cf_ZVxf97o/image_04.jpg,rep,rep_cf_ZVxf97o,126710BLNR,Clean,https://www.reddit.com/r/RepTimeQC/comments/1hryefk/,rep_cf_ZVxf97o,,repo,imgur_album,2026-09-30T09:48:18Z,fb80ffeda4332acde11eed821d310984ce7b83f4962906dd005197bff619655b,070f62446e434726,e51bfdc001b6934d,,1420,1312,,no,reject_no_dial,,,,,1.03,0.9375,0.67,high,rep_labelled,skipped,,ACCEPT,population
datasets/126710BLNR/rep/validation/rep_cf_ZVxf97o/image_05.jpg,rep,rep_cf_ZVxf97o,126710BLNR,Clean,https://www.reddit.com/r/RepTimeQC/comments/1hryefk/,rep_cf_ZVxf97o,,repo,imgur_album,2026-09-30T09:48:18Z,cfba8f67290764073cbb1c239d2b3607f36804f3e40a19f515c060c9d3aec4bd,49c884441e9cc8c1,429c7e1e89789b65,,1800,1663,,no,reject_no_dial,,,,,0.7222,2.253,0.61,high,rep_labelled,skipped,,ACCEPT,population
datasets/126710BLNR/rep/validation/rep_cf_ZVxf97o/image_06.jpg,rep,rep_cf_ZVxf97o,126710BLNR,Clean,https://www.reddit.com/r/RepTimeQC/comments/1hryefk/,rep_cf_ZVxf97o,,repo,imgur_album,2026-09-30T09:48:18Z,7534fa3a6fe6eafeceaf2c84ea230407a97f4a95758dba6862c96c4c1f0fdb00,016145c3090f0669,3686d36b4913475d,,1800,1651,,no,reject_no_dial,,,,,,,,high,rep_labelled,skipped,,ACCEPT,population
datasets/126710BLNR/rep/validation/rep_cf_ZVxf97o/image_07.jpg,rep,rep_cf_ZVxf97o,126710BLNR,Clean,https://www.reddit.com/r/RepTimeQC/comments/1hryefk/,rep_cf_ZVxf97o,,repo,imgur_album,2026-09-30T09:48:18Z,a37fbfc113c7e2e4df0c505c81f8c4aab31e40f5cb261cd6825a46fad4f72f38,1f476369496d2d9b,5a1cacb119a7b355,1e233f23da87a02f,1800,1718,,no,reject_low_resolution,CORRECTABLE,575.3,1032,,1.75,0.4138,0.74,high,rep_labelled,skipped,,ACCEPT,population
datasets/126710BLNR/rep/validation/rep_cf_ZVxf97o/image_08.jpg,rep,rep_cf_ZVxf97o,126710BLNR,Clean,https://www.reddit.com/r/RepTimeQC/comments/1hryefk/,rep_cf_ZVxf97o,,repo,imgur_album,2026-09-30T09:48:18Z,8a2ef441aaffdcfdaf045dfa05fcadfe9d3f5a9099039fc503d1badd4472ea4c,41012f76333373c3,9e9696cb46293b51,,1494,1514,,no,reject_no_dial,,,,,,,,high,rep_labelled,skipped,,ACCEPT,population
datasets/126710BLNR/rep/validation/rep_cf_ZVxf97o/image_09.jpg,rep,rep_cf_ZVxf97o,126710BLNR,Clean,https://www.reddit.com/r/RepTimeQC/comments/1hryefk/,rep_cf_ZVxf97o,,repo,imgur_album,2026-09-30T09:48:18Z,da6179af7b2f6eb46f7f538cb235927d18811c450dddd5f3532f36cb8dd73510,3f45cf8635218d9a,193292162fa7abe5,,1331,1800,,no,reject_no_dial,,,,,0.8125,2.278,0.67,high,rep_labelled,skipped,,ACCEPT,population
datasets/126710BLNR/rep/calibration/rep_cf_bpdi5xV/image_00.jpg,rep,rep_cf_bpdi5xV,126710BLNR,Clean,https://www.reddit.com/r/RepTimeQC/comments/u6er21/,rep_cf_bpdi5xV,,repo,imgur_album,2026-09-30T09:48:18Z,6263005d3d81b036d2c9634645574d4fc491f82ca8cbba575a4cae9eb4928757,4f8f9f0f060f0fae,4d263092b36b9bad,2f807c21f555d535,1800,1350,,yes,,CORRECTABLE,630.5,2167,top_bottom,0.2917,2.931,0.78,high,rep_labelled,measured,datasets/harvest/measurements/20260930T111251Z/chunk_007/r*.csv,ACCEPT,population
datasets/126710BLNR/rep/calibration/rep_cf_bpdi5xV/image_01.jpg,rep,rep_cf_bpdi5xV,126710BLNR,Clean,https://www.reddit.com/r/RepTimeQC/comments/u6er21/,rep_cf_bpdi5xV,,repo,imgur_album,2026-09-30T09:48:18Z,2f368a5d976e0ed43d7d19b2c8a644ee8b4a4c36145b1a31e2d8a6477d3d9194,a191c31e0f271616,e31e998764b9072d,,853,640,,no,reject_no_dial,,,,,,,,high,rep_labelled,skipped,,ACCEPT,population
datasets/126710BLNR/rep/calibration/rep_cf_bpdi5xV/image_02.jpg,rep,rep_cf_bpdi5xV,126710BLNR,Clean,https://www.reddit.com/r/RepTimeQC/comments/u6er21/,rep_cf_bpdi5xV,,repo,imgur_album,2026-09-30T09:48:18Z,41e315431680bfdb906e87345110bf3dc727df5d67a09cf98c672691449bc159,80c0464e0f271616,3c0eb9e44eb1970d,,853,640,,no,reject_no_dial,,,,,,,,high,rep_labelled,skipped,,ACCEPT,population
datasets/126710BLNR/rep/calibration/rep_cf_bpdi5xV/image_03.jpg,rep,rep_cf_bpdi5xV,126710BLNR,Clean,https://www.reddit.com/r/RepTimeQC/comments/u6er21/,rep_cf_bpdi5xV,,repo,imgur_album,2026-09-30T09:48:18Z,459776d3addab16b78c901f93eb77cd482c2473e9f2f0fb0b4c47c4a1426401f,2e2f3d0f27331506,a433d9ad4603a9d7,,853,640,,no,reject_no_dial,,,,,,,,high,rep_labelled,skipped,,ACCEPT,population
datasets/126710BLNR/rep/calibration/rep_cf_bpdi5xV/image_04.jpg,rep,rep_cf_bpdi5xV,126710BLNR,Clean,https://www.reddit.com/r/RepTimeQC/comments/u6er21/,rep_cf_bpdi5xV,,repo,imgur_album,2026-09-30T09:48:18Z,2b3611eca5f4c5f97b832dec87c2713b2bdb645d1c8c7dd999b51c67c81f18c2,c6618c8b13161606,3c85533ae5c3970d,,853,640,,no,reject_no_dial,,,,,0.7333,1.75,0.5,high,rep_labelled,skipped,,ACCEPT,population
datasets/126710BLNR/rep/calibration/rep_cf_bpdi5xV/image_05.jpg,rep,rep_cf_bpdi5xV,126710BLNR,Clean,https://www.reddit.com/r/RepTimeQC/comments/u6er21/,rep_cf_bpdi5xV,,repo,imgur_album,2026-09-30T09:48:18Z,ebe88a4b5c2bdb2af54037b0a86c3e792ffcd38cddabc31b1fa6e8dea58dfd32,4c0e9e9a0e0e0e0e,3b6bcbba26cb8405,,853,640,,no,reject_no_dial,,,,,0.9091,1.455,0.33,high,rep_labelled,skipped,,ACCEPT,population
datasets/126710BLNR/rep/calibration/rep_cf_bpdi5xV/image_06.jpg,rep,rep_cf_bpdi5xV,126710BLNR,Clean,https://www.reddit.com/r/RepTimeQC/comments/u6er21/,rep_cf_bpdi5xV,,repo,imgur_album,2026-09-30T09:48:18Z,6cdb3748d60441870e059b959a245044aa31904433516c49051b660ab39f0f4f,4f8f9f0f060f0fae,4d263092b36b9bad,2f807c21f555d535,853,640,6263005d3d81b036d2c9634645574d4fc491f82ca8cbba575a4cae9eb4928757,yes,,CORRECTABLE,299.1,733.2,,0.875,2.5,0.78,high,rep_labelled,skipped,,ACCEPT,population
datasets/126710BLNR/rep/calibration/rep_cf_bpdi5xV/image_07.jpg,rep,rep_cf_bpdi5xV,126710BLNR,Clean,https://www.reddit.com/r/RepTimeQC/comments/u6er21/,rep_cf_bpdi5xV,,repo,imgur_album,2026-09-30T09:48:18Z,dc0e91e35bc879a5f531ae5d32404e9637512c036222847f79738c5690a8ead3,030d0f8f07070711,c648c639f2d398ad,,853,640,,no,reject_no_dial,,,,,0.9412,1.067,0.26,high,rep_labelled,skipped,,ACCEPT,population
datasets/126710BLNR/rep/calibration/rep_cf_bpdi5xV/image_08.jpg,rep,rep_cf_bpdi5xV,126710BLNR,Clean,https://www.reddit.com/r/RepTimeQC/comments/u6er21/,rep_cf_bpdi5xV,,repo,imgur_album,2026-09-30T09:48:18Z,d1fa6cfd33b0ae27d2f54b5dd47d49776b23feda6369802feb7f8e1e1d0e65a2,06879f0f160e0543,cc662692f659e18d,,853,640,,no,reject_no_dial,,,,top_bottom,0.28,1.065,0.67,high,rep_labelled,skipped,,ACCEPT,population
datasets/126710BLNR/rep/calibration/rep_cf_bpdi5xV/image_09.jpg,rep,rep_cf_bpdi5xV,126710BLNR,Clean,https://www.reddit.com/r/RepTimeQC/comments/u6er21/,rep_cf_bpdi5xV,,repo,imgur_album,2026-09-30T09:48:18Z,c5f965d2cfd9a5e80dfabd16c409502385d8caa222c2590367db4fb1bc1272e6,4e4f8f07060e272f,cf4f24963343938d,0d889ca17d57d535,853,640,,yes,,CORRECTABLE,295.2,746.5,,0.8125,3.286,0.78,high,rep_labelled,measured,datasets/harvest/measurements/20260930T111251Z/chunk_007/r*.csv,ACCEPT,population
datasets/126710BLNR/rep/calibration/rep_cf_f71234_Sw2D1Bt/image_00.jpg,rep,rep_cf_f71234_Sw2D1Bt,126710BLNR,Clean,https://www.reddit.com/r/RepTimeQC/comments/1kah0ug/,rep_cf_f71234_Sw2D1Bt,,repo,imgur_album,2026-09-30T09:48:18Z,5c965ab0f5fc89d7c40a3688f7a70e1c43a726a8b1e2ceb97dd0b2bd0b904d2a,13336b69693b3317,996666cc4e34d2d9,0d8217295d17d6bd,1800,1013,,yes,,GOOD,435.8,1558,,1.133,0.9444,0.95,high,rep_labelled,measured,datasets/harvest/measurements/20260930T111251Z/chunk_005/r*.csv,ACCEPT,population
datasets/126710BLNR/rep/calibration/rep_cf_f71234_Sw2D1Bt/image_01.jpg,rep,rep_cf_f71234_Sw2D1Bt,126710BLNR,Clean,https://www.reddit.com/r/RepTimeQC/comments/1kah0ug/,rep_cf_f71234_Sw2D1Bt,,repo,imgur_album,2026-09-30T09:48:18Z,2eff7b57bc77a01d1e659094a83d4eb59397dc79d40d1444424c6d8cee0726ca,13332b6969693233,ec66cecc12b45359,0d021629fd17d6bd,1800,1013,,yes,,GOOD,460.1,1752,,1,0.9474,1,high,rep_labelled,measured,datasets/harvest/measurements/20260930T111251Z/chunk_005/r*.csv,ACCEPT,population
datasets/126710BLNR/rep/calibration/rep_cf_f71234_Sw2D1Bt/image_02.jpg,rep,rep_cf_f71234_Sw2D1Bt,126710BLNR,Clean,https://www.reddit.com/r/RepTimeQC/comments/1kah0ug/,rep_cf_f71234_Sw2D1Bt,,repo,imgur_album,2026-09-30T09:48:18Z,59f685d014f887ecc87e8cb73f5bd924909bbf3dfacd387c78a0a62a5cea7871,13336b6969693332,996666cc4eb4d259,0d821629dd17d6bd,1800,1013,,yes,,GOOD,452.8,1603,,0.9412,0.878,0.84,high,rep_labelled,measured,datasets/harvest/measurements/20260930T111251Z/chunk_005/r*.csv,ACCEPT,population
datasets/126710BLNR/rep/calibration/rep_cf_f71234_Sw2D1Bt/image_03.jpg,rep,rep_cf_f71234_Sw2D1Bt,126710BLNR,Clean,https://www.reddit.com/r/RepTimeQC/comments/1kah0ug/,rep_cf_f71234_Sw2D1Bt,,repo,imgur_album,2026-09-30T09:48:18Z,d423fdb3d20fc015252808f7de8e0a802d130ea5ca8b66eaed2dfbbac1b326fb,cece6a6e4761791a,c9dbac844726f44b,,1800,1013,,no,reject_no_dial,,,,,1.667,1.375,0.28,high,rep_labelled,skipped,,ACCEPT,population
datasets/126710BLNR/rep/calibration/rep_cf_f71234_Sw2D1Bt/image_04.jpg,rep,rep_cf_f71234_Sw2D1Bt,126710BLNR,Clean,https://www.reddit.com/r/RepTimeQC/comments/1kah0ug/,rep_cf_f71234_Sw2D1Bt,,repo,imgur_album,2026-09-30T09:48:18Z,bf0d4e02196b2fba404aa632eb07199d6a5769a49998bc88f2ad0dd31c180666,c64c2d391b090707,31cb6c33d20cb6cd,,1800,1013,,no,reject_no_dial,,,,,,,,high,rep_labelled,skipped,,ACCEPT,population
datasets/126710BLNR/rep/calibration/rep_cf_f71234_Sw2D1Bt/image_05.jpg,rep,rep_cf_f71234_Sw2D1Bt,126710BLNR,Clean,https://www.reddit.com/r/RepTimeQC/comments/1kah0ug/,rep_cf_f71234_Sw2D1Bt,,repo,imgur_album,2026-09-30T09:48:18Z,366d1d8d135ef8d41591abfb8445efbf4d7a803fc4c9a9915f8b2e33a376fc4c,4c446d2913070b07,8dce3493f8c63cc1,,1800,1013,,no,reject_no_dial,,,,,,,,high,rep_labelled,skipped,,ACCEPT,population
datasets/126710BLNR/rep/calibration/rep_cf_f71234_Sw2D1Bt/image_06.jpg,rep,rep_cf_f71234_Sw2D1Bt,126710BLNR,Clean,https://www.reddit.com/r/RepTimeQC/comments/1kah0ug/,rep_cf_f71234_Sw2D1Bt,,repo,imgur_album,2026-09-30T09:48:18Z,db5c1658c6121ad0ae9c3b50e508956477a2dc3e0dbc78a4b7153456d0413f39,96964d69130f0b03,f1cb2cb3c90e70c5,,1800,1013,,no,reject_no_dial,,,,,,,,high,rep_labelled,skipped,,ACCEPT,population
datasets/126710BLNR/rep/calibration/rep_cf_f71234_Sw2D1Bt/image_07.jpg,rep,rep_cf_f71234_Sw2D1Bt,126710BLNR,Clean,https://www.reddit.com/r/RepTimeQC/comments/1kah0ug/,rep_cf_f71234_Sw2D1Bt,,repo,imgur_album,2026-09-30T09:48:18Z,08c00ffe20c86e4163df5fb6b7e043b75a33d6c2c754c78a0786a8724b747df4,96864c69330f0707,f1ce0cf3c30cf245,,1800,1013,,no,reject_no_dial,,,,,,,,high,rep_labelled,skipped,,ACCEPT,population
datasets/126710BLNR/rep/calibration/rep_cf_f71234_Sw2D1Bt/image_08.jpg,rep,rep_cf_f71234_Sw2D1Bt,126710BLNR,Clean,https://www.reddit.com/r/RepTimeQC/comments/1kah0ug/,rep_cf_f71234_Sw2D1Bt,,repo,imgur_album,2026-09-30T09:48:18Z,0e924586a1fb726acbfc013c7f28b35402423f00eaa99a4fc1772d794a8679ba,3232323332327333,ac66b26419e66bb1,,1800,1013,,no,reject_no_dial,,,,,0.6667,1.375,0.67,high,rep_labelled,skipped,,ACCEPT,population
datasets/126710BLNR/rep/calibration/rep_cf_f71234_Sw2D1Bt/image_09.jpg,rep,rep_cf_f71234_Sw2D1Bt,126710BLNR,Clean,https://www.reddit.com/r/RepTimeQC/comments/1kah0ug/,rep_cf_f71234_Sw2D1Bt,,repo,imgur_album,2026-09-30T09:48:18Z,17628e86b020deb0446219da657bbf1f5e1499b0d0b7765c87ce533ac72c9b66,3233333333333171,3c1cbc0e6cc6e399,,1800,1013,,no,reject_no_dial,,,,,,,,high,rep_labelled,skipped,,ACCEPT,population
datasets/126710BLNR/rep/calibration/rep_cf_sx6zSKZ/image_00.jpg,rep,rep_cf_sx6zSKZ,126710BLNR,Clean,https://www.reddit.com/r/RepTimeQC/comments/1ek3zjb/,rep_cf_sx6zSKZ,,repo,imgur_album,2026-09-30T09:48:18Z,548f87d1adea9f7928b7a679acb868ad77fdcaf619c40434cf880952f7b26637,0083090b130400b4,c6d20c1ef68183fd,25861e29fc8373ad,1012,1800,,yes,,CORRECTABLE,386.4,951.3,,1.9,1,0.79,high,rep_labelled,measured,datasets/harvest/measurements/20260930T111251Z/chunk_005/r*.csv,ACCEPT,population
datasets/126710BLNR/rep/calibration/rep_cf_sx6zSKZ/image_01.jpg,rep,rep_cf_sx6zSKZ,126710BLNR,Clean,https://www.reddit.com/r/RepTimeQC/comments/1ek3zjb/,rep_cf_sx6zSKZ,,repo,imgur_album,2026-09-30T09:48:18Z,80547256d4f4a16e8766220cbae4b2b0052b5689bb0f83a8b57e4f639fc598a3,06032d06076193da,0cc37f02f43b233d,,1012,1800,,no,reject_no_dial,,,,,1.235,0.9783,0.84,high,rep_labelled,skipped,,ACCEPT,population
datasets/126710BLNR/rep/calibration/rep_cf_sx6zSKZ/image_02.jpg,rep,rep_cf_sx6zSKZ,126710BLNR,Clean,https://www.reddit.com/r/RepTimeQC/comments/1ek3zjb/,rep_cf_sx6zSKZ,,repo,imgur_album,2026-09-30T09:48:18Z,87a8ff443ee4f5a3e3e1077a4b7161b7ce5a65478bb1d2317585d2be8554e3e3,0003070c03060999,820e1ea0a0ebebfd,,1012,1800,,no,reject_no_dial,,,,,1.667,0.8,0.84,high,rep_labelled,skipped,,ACCEPT,population
datasets/126710BLNR/rep/calibration/rep_cf_sx6zSKZ/image_03.jpg,rep,rep_cf_sx6zSKZ,126710BLNR,Clean,https://www.reddit.com/r/RepTimeQC/comments/1ek3zjb/,rep_cf_sx6zSKZ,,repo,imgur_album,2026-09-30T09:48:18Z,5f04c880740914519147821d5029878370d147ea282aa1364bda575b6a923b05,b4dad98b8fdcd8dc,b3c30c8e7883abab,,1081,608,,no,reject_no_dial,,,,,,,,high,rep_labelled,skipped,,ACCEPT,population
datasets/126710BLNR/rep/calibration/rep_cf_sx6zSKZ/image_04.jpg,rep,rep_cf_sx6zSKZ,126710BLNR,Clean,https://www.reddit.com/r/RepTimeQC/comments/1ek3zjb/,rep_cf_sx6zSKZ,,repo,imgur_album,2026-09-30T09:48:18Z,c40d63076b8f7ea972d01ba260dc112b07fe47a49c574c77ee4c3e93c46b0931,000e4f0704c03666,8f68e7984e1293cd,,1012,1800,,no,reject_no_dial,,,,,2.833,0.7333,0.78,high,rep_labelled,skipped,,ACCEPT,population
datasets/126710BLNR/rep/calibration/rep_cf_sx6zSKZ/image_05.jpg,rep,rep_cf_sx6zSKZ,126710BLNR,Clean,https://www.reddit.com/r/RepTimeQC/comments/1ek3zjb/,rep_cf_sx6zSKZ,,repo,imgur_album,2026-09-30T09:48:18Z,eb35d8aa42e4e440871d6fa496ec6bcd8be287383d308cc59f317db27fd9adb9,0108c3c1c6d26327,a1ac848dd4575f59,,1012,1800,,no,reject_no_dial,,,,,1.5,1.333,0.5,high,rep_labelled,skipped,,ACCEPT,population
datasets/126710BLNR/rep/calibration/rep_cf_sx6zSKZ/image_06.jpg,rep,rep_cf_sx6zSKZ,126710BLNR,Clean,https://www.reddit.com/r/RepTimeQC/comments/1ek3zjb/,rep_cf_sx6zSKZ,,repo,imgur_album,2026-09-30T09:48:18Z,0b8d361162030509f8d2994b215ed1c49cd03f8941fccb1af6dca14178253382,703c673103030060,f1cd2639d0c3295d,,1012,1800,,no,reject_no_dial,,,,,,,,high,rep_labelled,skipped,,ACCEPT,population
datasets/126710BLNR/rep/calibration/rep_cf_sx6zSKZ/image_07.jpg,rep,rep_cf_sx6zSKZ,126710BLNR,Clean,https://www.reddit.com/r/RepTimeQC/comments/1ek3zjb/,rep_cf_sx6zSKZ,,repo,imgur_album,2026-09-30T09:48:18Z,b1da607e334c27f67c21d856078808e0fac57747329ebdcd9797852599e42502,0f373f1f07038c33,3c349b2c365b29b5,,1012,1800,,no,reject_no_dial,,,,,,,,high,rep_labelled,skipped,,ACCEPT,population
datasets/126710BLNR/rep/calibration/rep_cf_sx6zSKZ/image_08.jpg,rep,rep_cf_sx6zSKZ,126710BLNR,Clean,https://www.reddit.com/r/RepTimeQC/comments/1ek3zjb/,rep_cf_sx6zSKZ,,repo,imgur_album,2026-09-30T09:48:18Z,827aed89c8c7671cd06bcd15b5b5795a1a4f53d92808d3f753adedaf76690683,3f070f4909030060,5aee2d525e8b0955,,1012,1800,,no,reject_no_dial,,,,,8,0.9167,0.72,high,rep_labelled,skipped,,ACCEPT,population
datasets/126710BLNR/rep/calibration/rep_cf_sx6zSKZ/image_09.jpg,rep,rep_cf_sx6zSKZ,126710BLNR,Clean,https://www.reddit.com/r/RepTimeQC/comments/1ek3zjb/,rep_cf_sx6zSKZ,,repo,imgur_album,2026-09-30T09:48:18Z,6058ca1288bded9279da6161099e1558a3b3243373c49755ea2816abd17e79b8,3626849482122a6c,3185dc3b429f7385,,1080,1646,,no,reject_no_dial,,,,,,,,high,rep_labelled,skipped,,ACCEPT,population
datasets/126710BLNR/rep/calibration/rep_cf_xK08a3L/image_00.jpg,rep,rep_cf_xK08a3L,126710BLNR,Clean,https://www.reddit.com/r/RepTimeQC/comments/15wls3u/,rep_cf_xK08a3L,,repo,imgur_album,2026-09-30T09:48:18Z,28fa63f995a8605f626e2c71ee5c0160c4c9583f61d36557173964f9b0536468,969604060e07868e,0cdefc4ac1a34f0d,1c12160b7cdf1abd,1800,1796,,yes,,CORRECTABLE,890.9,1412,,1.259,0.8814,0.79,high,rep_labelled,measured,datasets/harvest/measurements/20260930T111251Z/chunk_004/r*.csv,ACCEPT,population
datasets/126710BLNR/rep/calibration/rep_cf_xK08a3L/image_01.jpg,rep,rep_cf_xK08a3L,126710BLNR,Clean,https://www.reddit.com/r/RepTimeQC/comments/15wls3u/,rep_cf_xK08a3L,,repo,imgur_album,2026-09-30T09:48:18Z,982b17c4f1fd430b21155923814508954e28728e2261ddd87d12444082da72c5,1c32160d2d0f0f6e,b72f58d031334f85,2c11970bdcdf162d,960,1280,,yes,,GOOD,392.8,964.5,,1.278,0.7826,0.79,high,rep_labelled,measured,datasets/harvest/measurements/20260930T111251Z/chunk_004/r*.csv,ACCEPT,population
datasets/126710BLNR/rep/calibration/rep_cf_xK08a3L/image_02.jpg,rep,rep_cf_xK08a3L,126710BLNR,Clean,https://www.reddit.com/r/RepTimeQC/comments/15wls3u/,rep_cf_xK08a3L,,repo,imgur_album,2026-09-30T09:48:18Z,16ff024491eb669e4ce40a50ee8dbdd2b61fa7cdf2b614b45fb99ba4f3405dbb,0d3b1b2004460f0f,896b4ad5352f0e55,1c499601edd7d43d,960,1280,,yes,,GOOD,551.5,1287,,0.8519,0.9697,0.74,high,rep_labelled,measured,datasets/harvest/measurements/20260930T111251Z/chunk_004/r*.csv,ACCEPT,population
datasets/126710BLNR/rep/calibration/rep_cf_xK08a3L/image_03.jpg,rep,rep_cf_xK08a3L,126710BLNR,Clean,https://www.reddit.com/r/RepTimeQC/comments/15wls3u/,rep_cf_xK08a3L,,repo,imgur_album,2026-09-30T09:48:18Z,a0063d6dee1e8e1c0f0b0066fa949e80c4be1e39ad77f7b2bb07059719829163,3a1316044607070f,fca55ac1a3b34c15,1c12164b5cdf1abd,960,1280,,yes,,CORRECTABLE,488.8,1340,,1.5,0.5926,0.74,high,rep_labelled,measured,datasets/harvest/measurements/20260930T111251Z/chunk_004/r*.csv,ACCEPT,population
datasets/126710BLNR/rep/calibration/rep_cf_xK08a3L/image_04.jpg,rep,rep_cf_xK08a3L,126710BLNR,Clean,https://www.reddit.com/r/RepTimeQC/comments/15wls3u/,rep_cf_xK08a3L,,repo,imgur_album,2026-09-30T09:48:18Z,2e2daa6c18cd21d299721b8ca548719628f237332b6803af4795bbacbcd8040d,438f9e8617cee194,ce238e9886dba32d,,1280,1706,,no,reject_no_dial,,,,,1.636,1.25,0.44,high,rep_labelled,skipped,,ACCEPT,population
datasets/126710BLNR/rep/calibration/rep_cf_xK08a3L/image_05.jpg,rep,rep_cf_xK08a3L,126710BLNR,Clean,https://www.reddit.com/r/RepTimeQC/comments/15wls3u/,rep_cf_xK08a3L,,repo,imgur_album,2026-09-30T09:48:18Z,ef3f189af23f5ff59b0dcd21889298ad79b7acece86666ea16c136d9681dc1dc,248889cd4265e563,c7d811183e9bd8cd,,1280,1706,,no,reject_no_dial,,,,,0.2593,1.2,0.5,high,rep_labelled,skipped,,ACCEPT,population
datasets/126710BLNR/rep/calibration/rep_cf_xK08a3L/image_06.jpg,rep,rep_cf_xK08a3L,126710BLNR,Clean,https://www.reddit.com/r/RepTimeQC/comments/15wls3u/,rep_cf_xK08a3L,,repo,imgur_album,2026-09-30T09:48:18Z,a6c2829ce9d43f22b6c05eb49f1419be67c257d7a28e480accbdde00630e4390,32a6854f478ff5ac,ece0073ce093e78d,,1280,1706,,no,reject_no_dial,,,,,,,,high,rep_labelled,skipped,,ACCEPT,population
datasets/126710BLNR/rep/calibration/rep_cf_xK08a3L/image_07.jpg,rep,rep_cf_xK08a3L,126710BLNR,Clean,https://www.reddit.com/r/RepTimeQC/comments/15wls3u/,rep_cf_xK08a3L,,repo,imgur_album,2026-09-30T09:48:18Z,edf8d9a919f7d501cc90e90571cbe1b7f7b654883f2462df5903106de5ebcc1b,38218d8f4113cf78,1d303047c7931fed,,1280,1706,,no,reject_no_dial,,,,,,,,high,rep_labelled,skipped,,ACCEPT,population
datasets/126710BLNR/rep/calibration/rep_cplus_wEYZOyK/image_00.jpg,rep,rep_cplus_wEYZOyK,126710BLNR,C+,https://www.reddit.com/r/RepTimeQC/comments/119o84v/,rep_cplus_wEYZOyK,,repo,imgur_album,2026-09-30T09:48:18Z,6925cae11793010c3bffbf25651e2452387d52490bbec4e5a0b30845718b864f,33727c595bdbd9e0,f3061ef0819b6973,ae2a5b299c8b6a35,1800,1013,,yes,,GOOD,321.6,672.5,top_bottom,1.333,1.1,0.95,high,rep_labelled,measured,datasets/harvest/measurements/20260930T111251Z/chunk_004/r*.csv,ACCEPT,population
datasets/126710BLNR/rep/calibration/rep_cplus_wEYZOyK/image_01.jpg,rep,rep_cplus_wEYZOyK,126710BLNR,C+,https://www.reddit.com/r/RepTimeQC/comments/119o84v/,rep_cplus_wEYZOyK,,repo,imgur_album,2026-09-30T09:48:18Z,5ab8d1800b08dfb960d291d52c659829e73572439ceffb393147f6ce15306e0d,2473d9ac6463fbe0,815e1d85e17a4b79,,1800,1013,,no,reject_no_dial,,,,,2.375,2.125,0.28,high,rep_labelled,skipped,,ACCEPT,population
datasets/126710BLNR/rep/calibration/rep_cplus_wEYZOyK/image_02.jpg,rep,rep_cplus_wEYZOyK,126710BLNR,C+,https://www.reddit.com/r/RepTimeQC/comments/119o84v/,rep_cplus_wEYZOyK,,repo,imgur_album,2026-09-30T09:48:18Z,4e1e5eeb14fdda853392d9c3a1d4216970951bf649f173211c86d36347d4527a,33335e484bcbc9e0,e1075ef0839b6963,9e026b291c8beabd,1800,1013,,yes,,CORRECTABLE,322.8,739,top_bottom,0.9375,1.067,0.68,high,rep_labelled,measured,datasets/harvest/measurements/20260930T111251Z/chunk_004/r*.csv,ACCEPT,population
datasets/126710BLNR/rep/calibration/rep_cplus_wEYZOyK/image_03.jpg,rep,rep_cplus_wEYZOyK,126710BLNR,C+,https://www.reddit.com/r/RepTimeQC/comments/119o84v/,rep_cplus_wEYZOyK,,repo,imgur_album,2026-09-30T09:48:18Z,542b52c8ed0efc8ad4da1f7c34d3895f464c5a9301df1b9a3b1fe6c6c9855ef9,33765c484bdbd9e0,f1071ef0839b6963,9ea269295e8b2ab5,1800,1013,,yes,,GOOD,337.3,793.6,top_bottom,0.9412,1.067,0.74,high,rep_labelled,measured,datasets/harvest/measurements/20260930T111251Z/chunk_004/r*.csv,ACCEPT,population
datasets/126710BLNR/rep/calibration/rep_cplus_wEYZOyK/image_04.jpg,rep,rep_cplus_wEYZOyK,126710BLNR,C+,https://www.reddit.com/r/RepTimeQC/comments/119o84v/,rep_cplus_wEYZOyK,,repo,imgur_album,2026-09-30T09:48:18Z,21bb0aac289ac814ffd32ec62513e4cb738c23d56d3647dad43fdf6a691c33e3,666e7c595bdbc9e0,49960cf6c18bb96b,,1800,1013,,no,reject_no_dial,,,,,1.462,1.25,0.83,high,rep_labelled,skipped,,ACCEPT,population
datasets/126710BLNR/rep/calibration/rep_cplus_wEYZOyK/image_05.jpg,rep,rep_cplus_wEYZOyK,126710BLNR,C+,https://www.reddit.com/r/RepTimeQC/comments/119o84v/,rep_cplus_wEYZOyK,,repo,imgur_album,2026-09-30T09:48:18Z,9b9e2f8777b59208ca9a51dc01abd60145a1afce7bd7510b3728e85f96cc02a4,1b535f4c49cbd9e0,014f78c387b9e963,41a19a8aeda7927d,1800,1013,,yes,,CORRECTABLE,334.3,965.7,,0.9,1.462,0.63,high,rep_labelled,measured,datasets/harvest/measurements/20260930T111251Z/chunk_004/r*.csv,ACCEPT,population
datasets/126710BLNR/rep/calibration/rep_cplus_wEYZOyK/image_06.jpg,rep,rep_cplus_wEYZOyK,126710BLNR,C+,https://www.reddit.com/r/RepTimeQC/comments/119o84v/,rep_cplus_wEYZOyK,,repo,imgur_album,2026-09-30T09:48:18Z,d41a039189eb84640a0ecec098cd609bc827d577b683e5d3f85f50ef40ee6fe5,5adc79714be3e1e0,10d9465da487e97b,,1800,1013,,no,reject_no_dial,,,,,,,,high,rep_labelled,skipped,,ACCEPT,population
datasets/126710BLNR/rep/calibration/rep_cplus_wEYZOyK/image_07.jpg,rep,rep_cplus_wEYZOyK,126710BLNR,C+,https://www.reddit.com/r/RepTimeQC/comments/119o84v/,rep_cplus_wEYZOyK,,repo,imgur_album,2026-09-30T09:48:18Z,7cdff3b733b1d9175dd94a7f78b6220f06b43007762e0e00e55e4277166bbea9,5adc71714be3e1e0,0159465fa483f97b,,1800,1013,,no,reject_no_dial,,,,,,,,high,rep_labelled,skipped,,ACCEPT,population
datasets/126710BLNR/rep/calibration/rep_cplus_wEYZOyK/image_08.jpg,rep,rep_cplus_wEYZOyK,126710BLNR,C+,https://www.reddit.com/r/RepTimeQC/comments/119o84v/,rep_cplus_wEYZOyK,,repo,imgur_album,2026-09-30T09:48:18Z,720af5acb6395fc9f3b24090024cc65369e6098c0ae9b9355492f1e70f9f98c9,69c9c9d9dbe3f1e0,c1d9e606e5cb017b,,1800,1013,,no,reject_no_dial,,,,,,,,high,rep_labelled,skipped,,ACCEPT,population
datasets/126710BLNR/rep/calibration/rep_cplus_wEYZOyK/image_09.jpg,rep,rep_cplus_wEYZOyK,126710BLNR,C+,https://www.reddit.com/r/RepTimeQC/comments/119o84v/,rep_cplus_wEYZOyK,,repo,imgur_album,2026-09-30T09:48:18Z,5c56014a3282e27722e1ec0da5e2fbe49b93eed96cee1dd4c4f07590f9f9747a,60d4d5cdade3f1e0,195987c6a41bb8eb,,1800,1013,,no,reject_no_dial,,,,,0.9545,0.4368,0.5,high,rep_labelled,skipped,,ACCEPT,population
datasets/126710BLNR/rep/validation/rep_vsf_7s6PyXJ/image_00.jpg,rep,rep_vsf_7s6PyXJ,126710BLNR,VSF,https://www.reddit.com/r/RepTimeQC/comments/1u1h4ix/,rep_vsf_7s6PyXJ,,repo,imgur_album,2026-09-30T09:48:18Z,098b8682c6337148099718d8e7fca2438dc3ab4ec28265ecc5afcb8efe92f25c,1913030f8f0f2b0f,4e71b4863930cbed,8403172d574f5e3d,1800,1013,,no,reject_pose,RETAKE,473.1,1518,,1.294,1.143,0.79,high,rep_labelled,skipped,,ACCEPT,population
datasets/126710BLNR/rep/validation/rep_vsf_7s6PyXJ/image_01.jpg,rep,rep_vsf_7s6PyXJ,126710BLNR,VSF,https://www.reddit.com/r/RepTimeQC/comments/1u1h4ix/,rep_vsf_7s6PyXJ,,repo,imgur_album,2026-09-30T09:48:18Z,5737d7cb703359f85e6a25080ce0fdf0693b6c9ddbd786a49d18de63a1aa6003,0113030f8f8f4b0f,ec60948f397047ed,850a9629575f563d,1800,1013,,yes,,CORRECTABLE,490.4,1909,,1.174,1.136,0.79,high,rep_labelled,measured,datasets/harvest/measurements/20260930T111251Z/chunk_006/r*.csv,ACCEPT,population
datasets/126710BLNR/rep/validation/rep_vsf_7s6PyXJ/image_02.jpg,rep,rep_vsf_7s6PyXJ,126710BLNR,VSF,https://www.reddit.com/r/RepTimeQC/comments/1u1h4ix/,rep_vsf_7s6PyXJ,,repo,imgur_album,2026-09-30T09:48:18Z,2b58c2a6d70334f3c6f5cb05e0c9a4a82e0d330b5ccb31f9d22ca291c34c3aee,19130b8f8f0f4b0f,ece48c8639304fed,870a1629575f563d,1800,1013,,yes,,CORRECTABLE,489.6,1936,,1.444,1.091,0.79,high,rep_labelled,measured,datasets/harvest/measurements/20260930T111251Z/chunk_006/r*.csv,ACCEPT,population
datasets/126710BLNR/rep/validation/rep_vsf_7s6PyXJ/image_03.jpg,rep,rep_vsf_7s6PyXJ,126710BLNR,VSF,https://www.reddit.com/r/RepTimeQC/comments/1u1h4ix/,rep_vsf_7s6PyXJ,,repo,imgur_album,2026-09-30T09:48:18Z,dd961e804a09598e5140f600d792bd726833fd02ae4daa029bd3db87d4edda15,8fab73ed89d9c99f,8c1a77c69a1e21eb,,1800,1013,,no,reject_no_dial,,,,,2.222,0.6154,0.83,high,rep_labelled,skipped,,ACCEPT,population
datasets/126710BLNR/rep/validation/rep_vsf_7s6PyXJ/image_04.jpg,rep,rep_vsf_7s6PyXJ,126710BLNR,VSF,https://www.reddit.com/r/RepTimeQC/comments/1u1h4ix/,rep_vsf_7s6PyXJ,,repo,imgur_album,2026-09-30T09:48:18Z,9a611280c50f89d400e79a524785102e1931fb2110fbd72f30d1f413441bb98e,4f8f0f0f4f5f3f2f,8c728c738c3399e7,,1800,1013,,no,reject_no_dial,,,,,,,,high,rep_labelled,skipped,,ACCEPT,population
datasets/126710BLNR/rep/validation/rep_vsf_7s6PyXJ/image_05.jpg,rep,rep_vsf_7s6PyXJ,126710BLNR,VSF,https://www.reddit.com/r/RepTimeQC/comments/1u1h4ix/,rep_vsf_7s6PyXJ,,repo,imgur_album,2026-09-30T09:48:18Z,ac10a5307b1a53add859558211461753c159892ecbd0c240f905545252173817,4f0f0f2f1f2f3f1f,acd924798c26b1cf,,1800,1013,,no,reject_no_dial,,,,,,,,high,rep_labelled,skipped,,ACCEPT,population
datasets/126710BLNR/rep/validation/rep_vsf_7s6PyXJ/image_06.jpg,rep,rep_vsf_7s6PyXJ,126710BLNR,VSF,https://www.reddit.com/r/RepTimeQC/comments/1u1h4ix/,rep_vsf_7s6PyXJ,,repo,imgur_album,2026-09-30T09:48:18Z,ce1574d478e1e3e5f07aef88ebc3cb0c9e1789a2314663b4881a5f4e3f754d71,a7074f6b573fff7f,31ce26336c8e31cf,,1800,1013,,no,reject_no_dial,,,,,,,,high,rep_labelled,skipped,,ACCEPT,population
datasets/126710BLNR/rep/validation/rep_vsf_7s6PyXJ/image_07.jpg,rep,rep_vsf_7s6PyXJ,126710BLNR,VSF,https://www.reddit.com/r/RepTimeQC/comments/1u1h4ix/,rep_vsf_7s6PyXJ,,repo,imgur_album,2026-09-30T09:48:18Z,e113f7500dec8b8d4c0d059afa20be615d7a66bb9dfe824ce4d8484628d45c3e,3d8d0dfb9f3f9fff,194e861b6d8639e7,,1800,1013,,no,reject_no_dial,,,,,,,,high,rep_labelled,skipped,,ACCEPT,population
datasets/126710BLNR/rep/validation/rep_vsf_7s6PyXJ/image_08.jpg,rep,rep_vsf_7s6PyXJ,126710BLNR,VSF,https://www.reddit.com/r/RepTimeQC/comments/1u1h4ix/,rep_vsf_7s6PyXJ,,repo,imgur_album,2026-09-30T09:48:18Z,4491dba64665a59360d4d3cb7f38c467074a0567c6ad6cde72d801bb04222d89,1091911313030b0f,7f609408e3874f3d,,1800,1013,,no,reject_no_dial,,,,,2.429,0.45,0.56,high,rep_labelled,skipped,,ACCEPT,population
datasets/126710BLNR/rep/validation/rep_vsf_7s6PyXJ/image_09.jpg,rep,rep_vsf_7s6PyXJ,126710BLNR,VSF,https://www.reddit.com/r/RepTimeQC/comments/1u1h4ix/,rep_vsf_7s6PyXJ,,repo,imgur_album,2026-09-30T09:48:18Z,99a236886b79de329cda63e93881026d26a490493a1819f60bee5530f3ee6d54,9090919393930f0f,387890c8e3c74f3d,,1800,1013,,no,reject_no_dial,,,,,,,,high,rep_labelled,skipped,,ACCEPT,population
datasets/126710BLNR/rep/validation/rep_vsf_BXiTXD1/image_00.jpg,rep,rep_vsf_BXiTXD1,126710BLNR,VSF,https://www.reddit.com/r/RepTimeQC/comments/1t9ul62/,rep_vsf_BXiTXD1,,repo,imgur_album,2026-09-30T09:48:18Z,c2da52a82cd2da1f944fe5bf26e667c4291c9ca65900f4a8c0de8c0a173d5b20,cb0b170f960c090d,e9c1020fbe79c1e5,2c4af7a0bc03f32d,1800,1350,,no,reject_landmarks_unusable,CORRECTABLE,522.1,1882,,2,1.042,0.74,high,rep_labelled,skipped,,REJECT,population
datasets/126710BLNR/rep/validation/rep_vsf_BXiTXD1/image_01.jpg,rep,rep_vsf_BXiTXD1,126710BLNR,VSF,https://www.reddit.com/r/RepTimeQC/comments/1t9ul62/,rep_vsf_BXiTXD1,,repo,imgur_album,2026-09-30T09:48:18Z,876b08c1e97c5ea1c3d9f7270656638f42bc5917508054b7e4d4451cb698654f,b7171e8e8c0c290d,d84106873f7be1a5,94083d23d60ff9ad,1800,1350,,no,reject_landmarks_unusable;reject_pose,RETAKE,476.8,2063,,0.3235,5,0.44,high,rep_labelled,skipped,,REJECT,population
datasets/126710BLNR/rep/validation/rep_vsf_BXiTXD1/image_02.jpg,rep,rep_vsf_BXiTXD1,126710BLNR,VSF,https://www.reddit.com/r/RepTimeQC/comments/1t9ul62/,rep_vsf_BXiTXD1,,repo,imgur_album,2026-09-30T09:48:18Z,476ca82d7c8299450947d2c067607079864f7f0d2ab3bfbcbba0083db0c43a34,692b320548306909,e40103e59ff361f1,,1800,1350,,no,reject_no_dial,,,,,,,,high,rep_labelled,skipped,,REJECT,population
datasets/126710BLNR/rep/validation/rep_vsf_BXiTXD1/image_03.jpg,rep,rep_vsf_BXiTXD1,126710BLNR,VSF,https://www.reddit.com/r/RepTimeQC/comments/1t9ul62/,rep_vsf_BXiTXD1,,repo,imgur_album,2026-09-30T09:48:18Z,a6efbb5790da0cf384c44b912852d09960d324684ef0442d2e4ed2cf8a6866aa,696b260548306909,e40103e58ff3e1f1,,1800,1350,,no,reject_no_dial,,,,,,,,high,rep_labelled,skipped,,REJECT,population
datasets/126710BLNR/rep/validation/rep_vsf_BXiTXD1/image_04.jpg,rep,rep_vsf_BXiTXD1,126710BLNR,VSF,https://www.reddit.com/r/RepTimeQC/comments/1t9ul62/,rep_vsf_BXiTXD1,,repo,imgur_album,2026-09-30T09:48:18Z,f8beddfd6866a832bcd3c7f76504e1d6f345606c76b65de9526d711fb836e209,97160c0d90202909,c4810271c73ff1f5,,1800,1350,,no,reject_no_dial,,,,,,,,high,rep_labelled,skipped,,REJECT,population
datasets/126710BLNR/rep/validation/rep_vsf_BXiTXD1/image_05.jpg,rep,rep_vsf_BXiTXD1,126710BLNR,VSF,https://www.reddit.com/r/RepTimeQC/comments/1t9ul62/,rep_vsf_BXiTXD1,,repo,imgur_album,2026-09-30T09:48:18Z,48e397d32c1c4974d81ef2123479f870c222bbec3f03481d3544f57be1a2f4c8,9317160d88002909,e00106e1c73ff1f5,,1800,1350,,no,reject_no_dial,,,,,0.3846,1.125,0.5,high,rep_labelled,skipped,,REJECT,population
datasets/126710BLNR/rep/validation/rep_vsf_BXiTXD1/image_06.jpg,rep,rep_vsf_BXiTXD1,126710BLNR,VSF,https://www.reddit.com/r/RepTimeQC/comments/1t9ul62/,rep_vsf_BXiTXD1,,repo,imgur_album,2026-09-30T09:48:18Z,f88e1bcf630434ebe8bc45d08d0df295bfaf604fc55649fbb2a0d5fe3bcfd100,939b0b27b6342909,d8c0030ffff5c131,,1800,1350,,no,reject_no_dial,,,,,,,,high,rep_labelled,skipped,,REJECT,population
datasets/126710BLNR/rep/validation/rep_vsf_BXiTXD1/image_07.jpg,rep,rep_vsf_BXiTXD1,126710BLNR,VSF,https://www.reddit.com/r/RepTimeQC/comments/1t9ul62/,rep_vsf_BXiTXD1,,repo,imgur_album,2026-09-30T09:48:18Z,a731f886be73614450eadadfb0a60a2405dc7a1455a4794830acd34a95b35b3a,ca978799d9706909,a0880747af55f1f9,,1800,1350,,no,reject_no_dial,,,,,,,,high,rep_labelled,skipped,,REJECT,population
datasets/126710BLNR/rep/validation/rep_vsf_BXiTXD1/image_08.jpg,rep,rep_vsf_BXiTXD1,126710BLNR,VSF,https://www.reddit.com/r/RepTimeQC/comments/1t9ul62/,rep_vsf_BXiTXD1,,repo,imgur_album,2026-09-30T09:48:18Z,ae55242af7d906f69d6614c438d3af95202a8f7a6403969eeb85a7721ed00463,472f4f0921230292,f643a379240b197d,,1800,1350,,no,reject_no_dial,,,,,0.6212,0.3286,0.61,high,rep_labelled,skipped,,REJECT,population
datasets/126710BLNR/rep/calibration/rep_vsf_GKJDidL/image_00.jpg,rep,rep_vsf_GKJDidL,126710BLNR,VSF,https://www.reddit.com/r/RepTimeQC/comments/1t81a98/,rep_vsf_GKJDidL,,repo,imgur_album,2026-09-30T09:48:18Z,bf755a5aa337b6fb0a094bb4caab4b0a92422a22a03b335216e54730620f6504,cb8b1f8f960c090d,c101039ffe79c1e5,2c4ad321bc87f32d,1800,1350,,yes,,CORRECTABLE,515.7,2248,,0.9286,2,0.68,high,rep_labelled,measured,datasets/harvest/measurements/20260930T111251Z/chunk_006/r*.csv,ACCEPT,population
datasets/126710BLNR/rep/calibration/rep_vsf_GKJDidL/image_01.jpg,rep,rep_vsf_GKJDidL,126710BLNR,VSF,https://www.reddit.com/r/RepTimeQC/comments/1t81a98/,rep_vsf_GKJDidL,,repo,imgur_album,2026-09-30T09:48:18Z,cf37d33d42f7a0064d769020fa067eec93f707fb7f11edbd6133e78674cdef28,a7170f8e8e0d290d,70e182071ffbe1c5,,1800,1350,,no,reject_no_dial,,,,,1.158,0.8182,0.84,high,rep_labelled,skipped,,ACCEPT,population
datasets/126710BLNR/rep/calibration/rep_vsf_GKJDidL/image_02.jpg,rep,rep_vsf_GKJDidL,126710BLNR,VSF,https://www.reddit.com/r/RepTimeQC/comments/1t81a98/,rep_vsf_GKJDidL,,repo,imgur_album,2026-09-30T09:48:18Z,9ef96be1f6494b4e6f0fe4bbc549e908edbbc1afc97917a417b349b342f0de18,6963370948310b09,fc9003e18f3b6179,,1800,1350,,no,reject_no_dial,,,,,,,,high,rep_labelled,skipped,,ACCEPT,population
datasets/126710BLNR/rep/calibration/rep_vsf_GKJDidL/image_03.jpg,rep,rep_vsf_GKJDidL,126710BLNR,VSF,https://www.reddit.com/r/RepTimeQC/comments/1t81a98/,rep_vsf_GKJDidL,,repo,imgur_album,2026-09-30T09:48:18Z,2f53d2b2642b9020d67a2c6c396c5d2af7a2afc6e2f9631c5d69bb850ceccb82,292b370568210b09,fc8003e18f7b6179,,1800,1350,,no,reject_no_dial,,,,,,,,high,rep_labelled,skipped,,ACCEPT,population
datasets/126710BLNR/rep/calibration/rep_vsf_GKJDidL/image_04.jpg,rep,rep_vsf_GKJDidL,126710BLNR,VSF,https://www.reddit.com/r/RepTimeQC/comments/1t81a98/,rep_vsf_GKJDidL,,repo,imgur_album,2026-09-30T09:48:18Z,0356f0cc53a3f67e5453d111d7616a0893e80b1053471d21381d6af1e4c6b2d2,b7360d0900210b18,fec100a1470779fd,,1800,1350,,no,reject_no_dial,,,,,0.6842,0.6316,0.72,high,rep_labelled,skipped,,ACCEPT,population
datasets/126710BLNR/rep/calibration/rep_vsf_GKJDidL/image_05.jpg,rep,rep_vsf_GKJDidL,126710BLNR,VSF,https://www.reddit.com/r/RepTimeQC/comments/1t81a98/,rep_vsf_GKJDidL,,repo,imgur_album,2026-09-30T09:48:18Z,01f805f1f72e8619f8f76330075e460fcf470f445553f01c3a631fa62ae1f904,96361d0908210b08,fc818041e70f79f5,,1800,1350,,no,reject_no_dial,,,,,0.8649,2,0.78,high,rep_labelled,skipped,,ACCEPT,population
datasets/126710BLNR/rep/calibration/rep_vsf_GKJDidL/image_06.jpg,rep,rep_vsf_GKJDidL,126710BLNR,VSF,https://www.reddit.com/r/RepTimeQC/comments/1t81a98/,rep_vsf_GKJDidL,,repo,imgur_album,2026-09-30T09:48:18Z,d9bbf4108b5325a5c19b558cbad4038e7b56c1441b1248c57887828153a7411b,931b0f273624230a,dbc0020f7f71c13d,,1800,1350,,no,reject_no_dial,,,,,0.871,0.5,0.61,high,rep_labelled,skipped,,ACCEPT,population
datasets/126710BLNR/rep/calibration/rep_vsf_GKJDidL/image_07.jpg,rep,rep_vsf_GKJDidL,126710BLNR,VSF,https://www.reddit.com/r/RepTimeQC/comments/1t81a98/,rep_vsf_GKJDidL,,repo,imgur_album,2026-09-30T09:48:18Z,187ba41c0e66a6d0d267151676ed3667799973982d3cd9e49d77b43d6d0fd5da,de97a7999b23130a,78d8c743af455139,,1800,1350,,no,reject_no_dial,,,,,1.109,0.75,0.33,high,rep_labelled,skipped,,ACCEPT,population
datasets/126710BLNR/rep/calibration/rep_vsf_GKJDidL/image_08.jpg,rep,rep_vsf_GKJDidL,126710BLNR,VSF,https://www.reddit.com/r/RepTimeQC/comments/1t81a98/,rep_vsf_GKJDidL,,repo,imgur_album,2026-09-30T09:48:18Z,ade00fa6bf9c900f23c62af861ab9aa8a68e0a542bdeeee304d2d4212087a81a,c78f4b4b4b030706,3643e3792483997d,,1800,1350,,no,reject_no_dial,,,,,,,,high,rep_labelled,skipped,,ACCEPT,population
datasets/126710BLNR/rep/calibration/rep_vsf_GKJDidL/image_09.jpg,rep,rep_vsf_GKJDidL,126710BLNR,VSF,https://www.reddit.com/r/RepTimeQC/comments/1t81a98/,rep_vsf_GKJDidL,,repo,imgur_album,2026-09-30T09:48:18Z,a29a3c6f122cdcddc302a2ef276ecd936279327e3c9640e883815965d5e0d0d7,0f2f4b33130ba2d3,6166e3b9780b193d,,1800,1350,,no,reject_no_dial,,,,,1.617,1.293,0.5,high,rep_labelled,skipped,,ACCEPT,population
datasets/126710BLNR/rep/calibration/rep_vsf_HCz9EAj/image_00.jpg,rep,rep_vsf_HCz9EAj,126710BLNR,VSF,https://www.reddit.com/r/RepTimeQC/comments/1tzi8cc/,rep_vsf_HCz9EAj,,repo,imgur_album,2026-09-30T09:48:18Z,74fa424816e4bffa6842e853c153c88316bdbe5d3909ea9e1e389a2e02c6dbe2,21626261b13838a3,14b199ad4b0de7d1,,1355,1800,,no,reject_no_dial,,,,,,,,high,rep_labelled,skipped,,ACCEPT,population
datasets/126710BLNR/rep/calibration/rep_vsf_HCz9EAj/image_01.jpg,rep,rep_vsf_HCz9EAj,126710BLNR,VSF,https://www.reddit.com/r/RepTimeQC/comments/1tzi8cc/,rep_vsf_HCz9EAj,,repo,imgur_album,2026-09-30T09:48:18Z,69badae55989d647c86232e40b3e1874db8b682b2e417126e829b6ba74e77ebd,000207310dc8d0c8,3127cdf0140b6bf5,070a3e215e0bfa3f,1355,1800,,yes,,CORRECTABLE,345.2,1385,diagonal,1.4,0.8462,0.89,high,rep_labelled,measured,datasets/harvest/measurements/20260930T111251Z/chunk_006/r*.csv,ACCEPT,population
datasets/126710BLNR/rep/calibration/rep_vsf_HCz9EAj/image_02.jpg,rep,rep_vsf_HCz9EAj,126710BLNR,VSF,https://www.reddit.com/r/RepTimeQC/comments/1tzi8cc/,rep_vsf_HCz9EAj,,repo,imgur_album,2026-09-30T09:48:18Z,d2e3d3a3540886a0ca3dac68f75aba821339fe5bc4d0136f06ce6bb6dbb3ee6f,42c18d8e8cf9c3c1,19f2e10eac5957a9,3c211c23d60f3e6f,1355,1800,,no,reject_landmarks_unusable,CORRECTABLE,642.6,2355,,1.333,1.385,0.84,high,rep_labelled,skipped,,ACCEPT,population
datasets/126710BLNR/rep/calibration/rep_vsf_HCz9EAj/image_03.jpg,rep,rep_vsf_HCz9EAj,126710BLNR,VSF,https://www.reddit.com/r/RepTimeQC/comments/1tzi8cc/,rep_vsf_HCz9EAj,,repo,imgur_album,2026-09-30T09:48:18Z,f825f382835ed79725ee11f2e55c524315a1332dcb1a983e9e289d7392872caf,00020f130fa8c7c6,33c3037cb48beb25,,1355,1800,,no,reject_no_dial,,,,,0.7451,1.13,0.72,high,rep_labelled,skipped,,ACCEPT,population
datasets/126710BLNR/rep/calibration/rep_vsf_HCz9EAj/image_04.jpg,rep,rep_vsf_HCz9EAj,126710BLNR,VSF,https://www.reddit.com/r/RepTimeQC/comments/1tzi8cc/,rep_vsf_HCz9EAj,,repo,imgur_album,2026-09-30T09:48:18Z,b3a8fcd96debd65ef2b7f11b34f8b7ac3c990e928eb68f8fc0631e952da7f8c0,0bce9b3360e18680,3368cb9037c6c93b,,1355,1800,,no,reject_no_dial,,,,,,,,high,rep_labelled,skipped,,ACCEPT,population
datasets/126710BLNR/rep/calibration/rep_vsf_HCz9EAj/image_05.jpg,rep,rep_vsf_HCz9EAj,126710BLNR,VSF,https://www.reddit.com/r/RepTimeQC/comments/1tzi8cc/,rep_vsf_HCz9EAj,,repo,imgur_album,2026-09-30T09:48:18Z,2321336a5ff5359bd0851899519d2a7f162b76161893214742469244639aae53,0e3139b9e9694cd8,b5f3b0ad310d43d1,,1355,1800,,no,reject_no_dial,,,,,11.67,0.7333,0.72,high,rep_labelled,skipped,,ACCEPT,population
datasets/126710BLNR/rep/calibration/rep_vsf_HCz9EAj/image_06.jpg,rep,rep_vsf_HCz9EAj,126710BLNR,VSF,https://www.reddit.com/r/RepTimeQC/comments/1tzi8cc/,rep_vsf_HCz9EAj,,repo,imgur_album,2026-09-30T09:48:18Z,67f782aa5b0d34902fe92bd9c0eec5240fe99daa35694915a86ac5f52bf3f065,021b3727dbebfc79,0f8077dc9f40619f,,1355,1800,,no,reject_no_dial,,,,,,,,high,rep_labelled,skipped,,ACCEPT,population
datasets/126710BLNR/rep/calibration/rep_vsf_HCz9EAj/image_07.jpg,rep,rep_vsf_HCz9EAj,126710BLNR,VSF,https://www.reddit.com/r/RepTimeQC/comments/1tzi8cc/,rep_vsf_HCz9EAj,,repo,imgur_album,2026-09-30T09:48:18Z,f115290088c5fd9baf478396774f64baa08ce8f630588ad2810f497ab40a4765,0b796c8e46f4b387,b9c3d30c44f8afc1,06181f235e4bde37,1355,1800,,yes,,CORRECTABLE,627.5,1928,,1.529,0.76,0.68,high,rep_labelled,measured,datasets/harvest/measurements/20260930T111251Z/chunk_006/r*.csv,ACCEPT,population
datasets/126710BLNR/rep/calibration/rep_vsf_HCz9EAj/image_08.jpg,rep,rep_vsf_HCz9EAj,126710BLNR,VSF,https://www.reddit.com/r/RepTimeQC/comments/1tzi8cc/,rep_vsf_HCz9EAj,,repo,imgur_album,2026-09-30T09:48:18Z,1425a7f15aadf59c10886d8baefaf37890cf1caf1974feff4e9bab88689d3845,a884c4aac620100e,a0f1cc078ffe5381,,1355,1800,,no,reject_no_dial,,,,,0.7792,0.7778,0.56,high,rep_labelled,skipped,,ACCEPT,population
datasets/126710BLNR/rep/calibration/rep_vsf_HCz9EAj/image_09.jpg,rep,rep_vsf_HCz9EAj,126710BLNR,VSF,https://www.reddit.com/r/RepTimeQC/comments/1tzi8cc/,rep_vsf_HCz9EAj,,repo,imgur_album,2026-09-30T09:48:18Z,776087072aea869de53cb3a491e2dca84365048b6e677f589e319beabf5ffc98,30f03613102c1093,caceec383a333531,,1355,1800,,no,reject_no_dial,,,,,1.619,0.2727,0.5,high,rep_labelled,skipped,,ACCEPT,population
datasets/126710BLNR/rep/calibration/rep_vsf_KfRKFwA/image_00.jpg,rep,rep_vsf_KfRKFwA,126710BLNR,VSF,https://www.reddit.com/r/RepTimeQC/comments/1tf4uos/,rep_vsf_KfRKFwA,,repo,imgur_album,2026-09-30T09:48:18Z,9f0db134a4270fd6324e5a68ae64da23471350757b285e88669f5a6e8b339f51,2c2e2fc7cb561f0f,c93b09a979c1391f,8c10a1014dabfffd,793,1038,,yes,,CORRECTABLE,442.3,994.3,,0.9333,1.652,0.79,high,rep_labelled,measured,datasets/harvest/measurements/20260930T111251Z/chunk_006/r*.csv,ACCEPT,population
datasets/126710BLNR/rep/calibration/rep_vsf_KfRKFwA/image_01.jpg,rep,rep_vsf_KfRKFwA,126710BLNR,VSF,https://www.reddit.com/r/RepTimeQC/comments/1tf4uos/,rep_vsf_KfRKFwA,,repo,imgur_album,2026-09-30T09:48:18Z,1deee1599f2cb5674ba327301b68f77731d49c645f92f4b16f890e58956d1f5f,f1e2c7872ecbf66d,2d691be40c71c35f,,887,1108,,no,reject_no_dial,,,,,,,,high,rep_labelled,skipped,,ACCEPT,population
datasets/126710BLNR/rep/calibration/rep_vsf_KfRKFwA/image_02.jpg,rep,rep_vsf_KfRKFwA,126710BLNR,VSF,https://www.reddit.com/r/RepTimeQC/comments/1tf4uos/,rep_vsf_KfRKFwA,,repo,imgur_album,2026-09-30T09:48:18Z,8f776514259d24c4aa9e97f0dc87d8b9ea747d2347fb3016637446c86ce0184f,fbf0c7a2b2f5290f,86ef2114a547d53b,,851,975,,no,reject_no_dial,,,,,,,,high,rep_labelled,skipped,,ACCEPT,population
datasets/126710BLNR/rep/calibration/rep_vsf_KfRKFwA/image_03.jpg,rep,rep_vsf_KfRKFwA,126710BLNR,VSF,https://www.reddit.com/r/RepTimeQC/comments/1tf4uos/,rep_vsf_KfRKFwA,,repo,imgur_album,2026-09-30T09:48:18Z,c3c4e38d3e7a5b652276c93c11bed45948bd1db48a8310b26e0f180287a0020b,4f8f030586150b0f,41930b0bf36b93b5,0cbef3ab4801b27d,838,1041,,yes,,CORRECTABLE,453.8,940.7,,0.7407,0.5217,0.74,high,rep_labelled,measured,datasets/harvest/measurements/20260930T111251Z/chunk_006/r*.csv,ACCEPT,population
datasets/126710BLNR/rep/calibration/rep_vsf_KfRKFwA/image_04.jpg,rep,rep_vsf_KfRKFwA,126710BLNR,VSF,https://www.reddit.com/r/RepTimeQC/comments/1tf4uos/,rep_vsf_KfRKFwA,,repo,imgur_album,2026-09-30T09:48:18Z,20064201cae3c11cbc8f3fae9682bedb29151a90e557547b6c07ee75bd3c707a,3e7377890bb6ad4e,b01058fc6603aeff,,747,842,,no,reject_no_dial,,,,,,,,high,rep_labelled,skipped,,ACCEPT,population
datasets/126710BLNR/rep/calibration/rep_vsf_KfRKFwA/image_05.jpg,rep,rep_vsf_KfRKFwA,126710BLNR,VSF,https://www.reddit.com/r/RepTimeQC/comments/1tf4uos/,rep_vsf_KfRKFwA,,repo,imgur_album,2026-09-30T09:48:18Z,15dc7de6db7f59502d48b3e543ec37448b326cf822636f659e06148b9bd622ef,9f078f3b13ab0f86,f983e9b90901d13f,,890,1002,,no,reject_no_dial,,,,,3.059,0.1915,0.78,high,rep_labelled,skipped,,ACCEPT,population
datasets/126710BLNR/rep/calibration/rep_vsf_KfRKFwA/image_06.jpg,rep,rep_vsf_KfRKFwA,126710BLNR,VSF,https://www.reddit.com/r/RepTimeQC/comments/1tf4uos/,rep_vsf_KfRKFwA,,repo,imgur_album,2026-09-30T09:48:18Z,2554e9466445156492e41d7437897f32ae9b6b7bda60b2ed307cfdf6e6284483,391e0f964f0d81f8,86cf560b82f1f847,,873,967,,no,reject_no_dial,,,,,0.4,1.238,0.32,high,rep_labelled,skipped,,ACCEPT,population
datasets/126710BLNR/rep/calibration/rep_vsf_KfRKFwA/image_07.jpg,rep,rep_vsf_KfRKFwA,126710BLNR,VSF,https://www.reddit.com/r/RepTimeQC/comments/1tf4uos/,rep_vsf_KfRKFwA,,repo,imgur_album,2026-09-30T09:48:18Z,398a1cd5724accd78f88d5804aee48484133fc53510bf53bc5d474302e3c8a12,0c0d8d2e66460ec2,d64b5a19a1e11bc7,ed0851200cabfbfd,670,1078,,yes,,CORRECTABLE,265.7,290.4,,0.5,0.5294,0.74,high,rep_labelled,measured,datasets/harvest/measurements/20260930T111251Z/chunk_006/r*.csv,ACCEPT,population
datasets/126710BLNR/rep/calibration/rep_vsf_KfRKFwA/image_08.jpg,rep,rep_vsf_KfRKFwA,126710BLNR,VSF,https://www.reddit.com/r/RepTimeQC/comments/1tf4uos/,rep_vsf_KfRKFwA,,repo,imgur_album,2026-09-30T09:48:18Z,7bb1bf4a2cc6330e6e2b9246ca56625ae44e59291e6fb19943ced9ad6086a4d4,f11c0f47460f8ee1,349cd2592ae1dd0f,,889,1017,,no,reject_no_dial,,,,,1.36,1.154,0.79,high,rep_labelled,skipped,,ACCEPT,population
datasets/126710BLNR/rep/calibration/rep_vsf_KfRKFwA/image_09.jpg,rep,rep_vsf_KfRKFwA,126710BLNR,VSF,https://www.reddit.com/r/RepTimeQC/comments/1tf4uos/,rep_vsf_KfRKFwA,,repo,imgur_album,2026-09-30T09:48:18Z,1ba044666617d78944a4d930aacdd4ab8913bcabbfb99777c453c446227daa1f,ea8b975b4b5fb932,2704ff58b0931377,,875,1078,,no,reject_no_dial,,,,,0.4655,0.5556,0.5,high,rep_labelled,skipped,,ACCEPT,population
datasets/126710BLNR/rep/validation/rep_vsf_f980504_SHiztEn/image_00.jpg,rep,rep_vsf_f980504_SHiztEn,126710BLNR,VSF,https://www.reddit.com/r/RepTimeQC/comments/1nv3lz8/,rep_vsf_f980504_SHiztEn,,repo,imgur_album,2026-09-30T09:48:18Z,2817e7058a582b1c1db8e185a80aed9f2493803e271194802236d1fa24bdfdd8,93b36b4dcd4d6931,4426b98c3bb0d3f9,2593172dd5479c35,1800,1013,,yes,,GOOD,534.1,1767,top_bottom,1.316,1.158,0.74,high,rep_labelled,measured,datasets/harvest/measurements/20260930T111251Z/chunk_005/r*.csv,ACCEPT,population
datasets/126710BLNR/rep/validation/rep_vsf_f980504_SHiztEn/image_01.jpg,rep,rep_vsf_f980504_SHiztEn,126710BLNR,VSF,https://www.reddit.com/r/RepTimeQC/comments/1nv3lz8/,rep_vsf_f980504_SHiztEn,,repo,imgur_album,2026-09-30T09:48:18Z,9df18ebd44324c6b068e9710aff4378c548bc53fde63e8f1b496678fcd91c97a,3333694d4d6d6931,0c66b90c3bb0f3d9,0d03b6295f07dc3d,1800,1013,,yes,,CORRECTABLE,539.8,2260,,1.333,1.1,0.89,high,rep_labelled,measured,datasets/harvest/measurements/20260930T111251Z/chunk_005/r*.csv,ACCEPT,population
datasets/126710BLNR/rep/validation/rep_vsf_f980504_SHiztEn/image_02.jpg,rep,rep_vsf_f980504_SHiztEn,126710BLNR,VSF,https://www.reddit.com/r/RepTimeQC/comments/1nv3lz8/,rep_vsf_f980504_SHiztEn,,repo,imgur_album,2026-09-30T09:48:18Z,5ce2657c2723f7de7dc5665a669ef0fc4f6f3a7da5bbb7c4e0a81c2e1a6c9f46,2333694d4d4d6931,0c66b90c3bb0f3d9,0d123629df077c3d,1800,1013,,yes,,CORRECTABLE,544.2,2216,top_bottom,1.5,1.263,0.95,high,rep_labelled,measured,datasets/harvest/measurements/20260930T111251Z/chunk_005/r*.csv,ACCEPT,population
datasets/126710BLNR/rep/validation/rep_vsf_f980504_SHiztEn/image_03.jpg,rep,rep_vsf_f980504_SHiztEn,126710BLNR,VSF,https://www.reddit.com/r/RepTimeQC/comments/1nv3lz8/,rep_vsf_f980504_SHiztEn,,repo,imgur_album,2026-09-30T09:48:18Z,44c688f76d3577af82d4cccfcfbac74d2dd5edca91734284915f0b5a3d6893cd,c3e363d0ccc4cc87,345ecc861a5ea769,,1800,1013,,no,reject_no_dial,,,,,2.25,2.857,0.39,high,rep_labelled,skipped,,ACCEPT,population
datasets/126710BLNR/rep/validation/rep_vsf_f980504_SHiztEn/image_04.jpg,rep,rep_vsf_f980504_SHiztEn,126710BLNR,VSF,https://www.reddit.com/r/RepTimeQC/comments/1nv3lz8/,rep_vsf_f980504_SHiztEn,,repo,imgur_album,2026-09-30T09:48:18Z,802bcbe98fadcf777a7922d7418a02ab356692c42ddef023e4c2860d00e9b715,d399c97317030707,394ee61943a59679,,1800,1013,,no,reject_no_dial,,,,,,,,high,rep_labelled,skipped,,ACCEPT,population
datasets/126710BLNR/rep/validation/rep_vsf_f980504_SHiztEn/image_05.jpg,rep,rep_vsf_f980504_SHiztEn,126710BLNR,VSF,https://www.reddit.com/r/RepTimeQC/comments/1nv3lz8/,rep_vsf_f980504_SHiztEn,,repo,imgur_album,2026-09-30T09:48:18Z,cf68ffda5291ffb7d3114d37f3026331c6cccb1b12b51f2ac28defd2495029f0,9d9dd963271b0707,9168a6d979e61e61,,1800,1013,,no,reject_no_dial,,,,,,,,high,rep_labelled,skipped,,ACCEPT,population
datasets/126710BLNR/rep/validation/rep_vsf_f980504_SHiztEn/image_06.jpg,rep,rep_vsf_f980504_SHiztEn,126710BLNR,VSF,https://www.reddit.com/r/RepTimeQC/comments/1nv3lz8/,rep_vsf_f980504_SHiztEn,,repo,imgur_album,2026-09-30T09:48:18Z,75d9a777a9c9d7bfb774581678bc1364d1f8fd43f4b29e75f720baf8d283b342,d4c44d69130d0303,f14b2cbbc32cb0c5,,1800,1013,,no,reject_no_dial,,,,,,,,high,rep_labelled,skipped,,ACCEPT,population
datasets/126710BLNR/rep/validation/rep_vsf_f980504_SHiztEn/image_07.jpg,rep,rep_vsf_f980504_SHiztEn,126710BLNR,VSF,https://www.reddit.com/r/RepTimeQC/comments/1nv3lz8/,rep_vsf_f980504_SHiztEn,,repo,imgur_album,2026-09-30T09:48:18Z,a40ee9484f89652761cc6aeb89809aa8be50803752b91e238b08a8c799c3effa,c4c44d69170b0303,99638c9b738e30e5,,1800,1013,,no,reject_no_dial,,,,,,,,high,rep_labelled,skipped,,ACCEPT,population
datasets/126710BLNR/rep/validation/rep_vsf_f980504_SHiztEn/image_08.jpg,rep,rep_vsf_f980504_SHiztEn,126710BLNR,VSF,https://www.reddit.com/r/RepTimeQC/comments/1nv3lz8/,rep_vsf_f980504_SHiztEn,,repo,imgur_album,2026-09-30T09:48:18Z,aa5ec8062c8650a7ea05d24ed7a4f59741c675fe71ddf2215bc37c79b1ef5ba3,3232323333333169,6c4e6c4c6dcd4b31,,1800,1013,,no,reject_no_dial,,,,,,,,high,rep_labelled,skipped,,ACCEPT,population
datasets/126710BLNR/rep/validation/rep_vsf_f980504_SHiztEn/image_09.jpg,rep,rep_vsf_f980504_SHiztEn,126710BLNR,VSF,https://www.reddit.com/r/RepTimeQC/comments/1nv3lz8/,rep_vsf_f980504_SHiztEn,,repo,imgur_album,2026-09-30T09:48:18Z,3b42102560d9f056305bc15930637c8bee9be78a1da6c2a81d6cee8f7d9b455b,303232323233306c,a4ce93c6c3c7c391,,1800,1013,,no,reject_no_dial,,,,,,,,high,rep_labelled,skipped,,ACCEPT,population
datasets/126710BLNR/rep/validation/rep_vsf_gpZWOfy/image_00.jpg,rep,rep_vsf_gpZWOfy,126710BLNR,VSF,https://www.reddit.com/r/RepTimeQC/comments/1ucww0c/,rep_vsf_gpZWOfy,,repo,imgur_album,2026-09-30T09:48:18Z,d4fa555a730324632ae4d052fa5824a55a8785cf57826451d4ccfd6f6ce183e3,1913030f0f4f0b1f,ef7980871930cb6d,8502172d574f573d,1800,1013,,yes,,GOOD,427.8,1267,,1.286,1.059,0.79,high,rep_labelled,measured,datasets/harvest/measurements/20260930T111251Z/chunk_006/r*.csv,ACCEPT,population
datasets/126710BLNR/rep/validation/rep_vsf_gpZWOfy/image_01.jpg,rep,rep_vsf_gpZWOfy,126710BLNR,VSF,https://www.reddit.com/r/RepTimeQC/comments/1ucww0c/,rep_vsf_gpZWOfy,,repo,imgur_album,2026-09-30T09:48:18Z,2a29141d53d51effb14d22436c99d9e9b08673a511daeeb4118734d753ab1eb0,0113030f0f4b0f0f,3b7b60c719b0436d,8d0a1629575f5e35,1800,1013,,yes,,GOOD,402.1,1410,left_right,1.143,1.125,0.84,high,rep_labelled,measured,datasets/harvest/measurements/20260930T111251Z/chunk_006/r*.csv,ACCEPT,population
datasets/126710BLNR/rep/validation/rep_vsf_gpZWOfy/image_02.jpg,rep,rep_vsf_gpZWOfy,126710BLNR,VSF,https://www.reddit.com/r/RepTimeQC/comments/1ucww0c/,rep_vsf_gpZWOfy,,repo,imgur_album,2026-09-30T09:48:18Z,46c5586460c320ee6352378dd5a3e70411e12300989f14524eece2cc74213f12,1f13030f0f4b0f1f,1f7b60c798b0436d,0d0a1729571f5e3d,1800,1013,,yes,,GOOD,385.8,1229,left_right,1.185,1.067,0.89,high,rep_labelled,measured,datasets/harvest/measurements/20260930T111251Z/chunk_006/r*.csv,ACCEPT,population
datasets/126710BLNR/rep/validation/rep_vsf_gpZWOfy/image_03.jpg,rep,rep_vsf_gpZWOfy,126710BLNR,VSF,https://www.reddit.com/r/RepTimeQC/comments/1ucww0c/,rep_vsf_gpZWOfy,,repo,imgur_album,2026-09-30T09:48:18Z,35791558f24c1bad0d12ddfff74ae62e9b2ab040388759bbcb0db59c980258cc,8f8f6366eccccdc7,8c79c6961c3c69cb,,1800,1013,,no,reject_no_dial,,,,,0.5455,0.7143,0.72,high,rep_labelled,skipped,,ACCEPT,population
datasets/126710BLNR/rep/validation/rep_vsf_gpZWOfy/image_04.jpg,rep,rep_vsf_gpZWOfy,126710BLNR,VSF,https://www.reddit.com/r/RepTimeQC/comments/1ucww0c/,rep_vsf_gpZWOfy,,repo,imgur_album,2026-09-30T09:48:18Z,903da7e6c77d92cd14b301b1e07f9489803add52873a1098e8e31504f0e97aad,4f070f8f5fdf3f7f,8d4eb479c40c71cf,,1800,1013,,no,reject_no_dial,,,,,,,,high,rep_labelled,skipped,,ACCEPT,population
datasets/126710BLNR/rep/validation/rep_vsf_gpZWOfy/image_05.jpg,rep,rep_vsf_gpZWOfy,126710BLNR,VSF,https://www.reddit.com/r/RepTimeQC/comments/1ucww0c/,rep_vsf_gpZWOfy,,repo,imgur_album,2026-09-30T09:48:18Z,5c58fe87012904430fc0e0032d8b1a8daab5bdf7e841ef8a42aea631759f2815,0f070f2f6f6f5f3f,acc82479c43673cf,,1800,1013,,no,reject_no_dial,,,,,,,,high,rep_labelled,skipped,,ACCEPT,population
datasets/126710BLNR/rep/validation/rep_vsf_gpZWOfy/image_06.jpg,rep,rep_vsf_gpZWOfy,126710BLNR,VSF,https://www.reddit.com/r/RepTimeQC/comments/1ucww0c/,rep_vsf_gpZWOfy,,repo,imgur_album,2026-09-30T09:48:18Z,5dd2b2a446d29c093784b81d7aa2af29167a2827da8edd55cc4766f381e3b93c,27270feb1f8fdf3f,71ce9431669c31cf,,1800,1013,,no,reject_no_dial,,,,,,,,high,rep_labelled,skipped,,ACCEPT,population
datasets/126710BLNR/rep/validation/rep_vsf_gpZWOfy/image_07.jpg,rep,rep_vsf_gpZWOfy,126710BLNR,VSF,https://www.reddit.com/r/RepTimeQC/comments/1ucww0c/,rep_vsf_gpZWOfy,,repo,imgur_album,2026-09-30T09:48:18Z,2dd639d464c5ac332aa62407ac49a33eefbaea4ffcacb57165e6afb4cc94a514,b7b70f7b672fef7f,31c68c33668c71df,,1800,1013,,no,reject_no_dial,,,,,,,,high,rep_labelled,skipped,,ACCEPT,population
datasets/126710BLNR/rep/validation/rep_vsf_gpZWOfy/image_08.jpg,rep,rep_vsf_gpZWOfy,126710BLNR,VSF,https://www.reddit.com/r/RepTimeQC/comments/1ucww0c/,rep_vsf_gpZWOfy,,repo,imgur_album,2026-09-30T09:48:18Z,6f1b724725cc78f03e6a4feef19fe07e2682992de180d60d860af0956e0ba804,9290909393934b4f,b860a0c9cbc74f3d,,1800,1013,,no,reject_no_dial,,,,,3.125,1.429,0.94,high,rep_labelled,skipped,,ACCEPT,population
datasets/126710BLNR/rep/validation/rep_vsf_gpZWOfy/image_09.jpg,rep,rep_vsf_gpZWOfy,126710BLNR,VSF,https://www.reddit.com/r/RepTimeQC/comments/1ucww0c/,rep_vsf_gpZWOfy,,repo,imgur_album,2026-09-30T09:48:18Z,396aa0534affb05cab446b340c659a0ec2bdff596a1aeda5ec7d61847f916895,909092939393074f,bd38b0c0c1c74f3d,,1800,1013,,no,reject_no_dial,,,,,0.625,1.5,0.67,high,rep_labelled,skipped,,ACCEPT,population
datasets/126710BLNR/rep/calibration/rep_vsf_oVwWMrC/image_00.jpg,rep,rep_vsf_oVwWMrC,126710BLNR,VSF,https://www.reddit.com/r/RepTimeQC/comments/1u2z5mg/,rep_vsf_oVwWMrC,,repo,imgur_album,2026-09-30T09:48:18Z,29c2a17050d47d6fc208bc653f7b86a579b43c0faabc70da15618e6f33840d43,1913138f8f8f4b0f,ec308c873970cf6d,9502962d56cf563d,1800,1013,,yes,,CORRECTABLE,480.6,1435,,1.133,1.25,0.89,high,rep_labelled,measured,datasets/harvest/measurements/20260930T111251Z/chunk_006/r*.csv,ACCEPT,population
datasets/126710BLNR/rep/calibration/rep_vsf_oVwWMrC/image_01.jpg,rep,rep_vsf_oVwWMrC,126710BLNR,VSF,https://www.reddit.com/r/RepTimeQC/comments/1u2z5mg/,rep_vsf_oVwWMrC,,repo,imgur_album,2026-09-30T09:48:18Z,2f3103ea7f188c89848f4c15552d7a17a8d49e48a26e00ce2ee62e56fb386659,1913130f8f8f4b0f,6c9c84873970cf6d,05089629571ffe3d,1800,1013,,yes,,CORRECTABLE,471.3,1874,,0.2727,0.3333,0.78,high,rep_labelled,measured,datasets/harvest/measurements/20260930T111251Z/chunk_006/r*.csv,ACCEPT,population
datasets/126710BLNR/rep/calibration/rep_vsf_oVwWMrC/image_02.jpg,rep,rep_vsf_oVwWMrC,126710BLNR,VSF,https://www.reddit.com/r/RepTimeQC/comments/1u2z5mg/,rep_vsf_oVwWMrC,,repo,imgur_album,2026-09-30T09:48:18Z,ef1856b3b740acd2d3a9c22aec77fc1bf5f45513e3c80051e304d707b147d036,0913130f8f8f4b0f,ec88848f3970cf6d,05189629575f5e3d,1800,1013,,yes,,CORRECTABLE,477.2,1906,,1.562,1.818,0.95,high,rep_labelled,measured,datasets/harvest/measurements/20260930T111251Z/chunk_006/r*.csv,ACCEPT,population
datasets/126710BLNR/rep/calibration/rep_vsf_oVwWMrC/image_03.jpg,rep,rep_vsf_oVwWMrC,126710BLNR,VSF,https://www.reddit.com/r/RepTimeQC/comments/1u2z5mg/,rep_vsf_oVwWMrC,,repo,imgur_album,2026-09-30T09:48:18Z,5539a458164f3c2dc40fdfcb0559d9b5b15412c8a60b93899db5fd7fa0b0aea9,0f0707073f373f1f,89562cf38c6c338f,,1800,1013,,no,reject_no_dial,,,,,,,,high,rep_labelled,skipped,,ACCEPT,population
datasets/126710BLNR/rep/calibration/rep_vsf_oVwWMrC/image_04.jpg,rep,rep_vsf_oVwWMrC,126710BLNR,VSF,https://www.reddit.com/r/RepTimeQC/comments/1u2z5mg/,rep_vsf_oVwWMrC,,repo,imgur_album,2026-09-30T09:48:18Z,1d91aaec586523a28f4e0022463937e4cfae20f130b1e910c11376a8c44b1e9f,270f0e073f1b1f1f,cc0375d30c72738f,,1800,1013,,no,reject_no_dial,,,,,0.8182,3.333,0.56,high,rep_labelled,skipped,,ACCEPT,population
datasets/126710BLNR/rep/calibration/rep_vsf_oVwWMrC/image_05.jpg,rep,rep_vsf_oVwWMrC,126710BLNR,VSF,https://www.reddit.com/r/RepTimeQC/comments/1u2z5mg/,rep_vsf_oVwWMrC,,repo,imgur_album,2026-09-30T09:48:18Z,8a4273f56acf188b855f5c2709663a8327defd73873eb261b62745957910a75e,27272d29172f7f7f,b1c60c33e69c31cf,,1800,1013,,no,reject_no_dial,,,,,,,,high,rep_labelled,skipped,,ACCEPT,population
datasets/126710BLNR/rep/calibration/rep_vsf_oVwWMrC/image_06.jpg,rep,rep_vsf_oVwWMrC,126710BLNR,VSF,https://www.reddit.com/r/RepTimeQC/comments/1u2z5mg/,rep_vsf_oVwWMrC,,repo,imgur_album,2026-09-30T09:48:18Z,d68dea602fd20fc404981dbcc9b5bb83e59b2e82714afda7e880b25f3c54486d,a7a78f3b1fbf7f3f,3146cc33738c719f,,1800,1013,,no,reject_no_dial,,,,,,,,high,rep_labelled,skipped,,ACCEPT,population
datasets/126710BLNR/rep/calibration/rep_vsf_oVwWMrC/image_07.jpg,rep,rep_vsf_oVwWMrC,126710BLNR,VSF,https://www.reddit.com/r/RepTimeQC/comments/1u2z5mg/,rep_vsf_oVwWMrC,,repo,imgur_album,2026-09-30T09:48:18Z,6266c5b9b66459a872596a7c0f6ccbb18d17f9d8ff60f350b4ffa0151e82a5b1,109091919393930f,30709259e3c74f3d,,1800,1013,,no,reject_no_dial,,,,,1.6,1.6,0.39,high,rep_labelled,skipped,,ACCEPT,population
datasets/126710BLNR/rep/calibration/rep_vsf_oVwWMrC/image_08.jpg,rep,rep_vsf_oVwWMrC,126710BLNR,VSF,https://www.reddit.com/r/RepTimeQC/comments/1u2z5mg/,rep_vsf_oVwWMrC,,repo,imgur_album,2026-09-30T09:48:18Z,56efe63de8cc981b1a9b7e09c3c20d3a38930579eddb395b30a1a7e7be121355,101091919393930f,70e090c9e3c74f3d,,1800,1013,,no,reject_no_dial,,,,,,,,high,rep_labelled,skipped,,ACCEPT,population
datasets/126710BLNR/rep/calibration/rep_vsf_oVwWMrC/image_09.jpg,rep,rep_vsf_oVwWMrC,126710BLNR,VSF,https://www.reddit.com/r/RepTimeQC/comments/1u2z5mg/,rep_vsf_oVwWMrC,,repo,imgur_album,2026-09-30T09:48:18Z,0c9808530966251281bc9d2dd3f39215b519df04c061532398a7f06725984fa3,1f1b3737379f0f0f,f2812996dc62ab97,,1800,1013,,no,reject_no_dial,,,,,1.037,1.583,0.83,high,rep_labelled,skipped,,ACCEPT,population
datasets/126710BLNR/rep/validation/rep_vsf_p3hHVMB/image_00.jpg,rep,rep_vsf_p3hHVMB,126710BLNR,VSF,https://www.reddit.com/r/RepTimeQC/comments/1u91yef/,rep_vsf_p3hHVMB,,repo,imgur_album,2026-09-30T09:48:18Z,996ce3cfa166563e24cd4f066f3961e81546b55d9eddcc8c7afddd8306be7265,cb4b470686cc4c6c,fe6f02053ff18145,0c435303be87fe2d,1800,1350,,yes,,GOOD,511.5,1876,,1.294,0.7826,0.74,high,rep_labelled,measured,datasets/harvest/measurements/20260930T111251Z/chunk_006/r*.csv,ACCEPT,population
datasets/126710BLNR/rep/validation/rep_vsf_p3hHVMB/image_01.jpg,rep,rep_vsf_p3hHVMB,126710BLNR,VSF,https://www.reddit.com/r/RepTimeQC/comments/1u91yef/,rep_vsf_p3hHVMB,,repo,imgur_album,2026-09-30T09:48:18Z,4dcc10af9a7e7861aad2d74c30bc72fee5031ea90d0dd803a7257b9b730aa5ff,cb1b970716864c4c,fe8f121bf3618185,0d017322b6cfec3d,1800,1350,,yes,,CORRECTABLE,609.5,2322,left_right,1.474,0.7778,0.74,high,rep_labelled,measured,datasets/harvest/measurements/20260930T111251Z/chunk_006/r*.csv,ACCEPT,population
datasets/126710BLNR/rep/validation/rep_vsf_p3hHVMB/image_02.jpg,rep,rep_vsf_p3hHVMB,126710BLNR,VSF,https://www.reddit.com/r/RepTimeQC/comments/1u91yef/,rep_vsf_p3hHVMB,,repo,imgur_album,2026-09-30T09:48:18Z,418615491f0f672fcf4cae314b6c7ffaee569001dc10ea886cc1e873998e1cd1,697b32064c356c6c,be9cf3e01e5380d1,,1800,1350,,no,reject_no_dial,,,,,,,,high,rep_labelled,skipped,,ACCEPT,population
datasets/126710BLNR/rep/validation/rep_vsf_p3hHVMB/image_03.jpg,rep,rep_vsf_p3hHVMB,126710BLNR,VSF,https://www.reddit.com/r/RepTimeQC/comments/1u91yef/,rep_vsf_p3hHVMB,,repo,imgur_album,2026-09-30T09:48:18Z,5e1afcd6a0468955dfc5ea4a4cc2075ea302b483da3e75cd956e386d944c4b0f,697b76064c316c6c,be9c63e01e63c1d1,,1800,1350,,no,reject_no_dial,,,,,,,,high,rep_labelled,skipped,,ACCEPT,population
datasets/126710BLNR/rep/validation/rep_vsf_p3hHVMB/image_04.jpg,rep,rep_vsf_p3hHVMB,126710BLNR,VSF,https://www.reddit.com/r/RepTimeQC/comments/1u91yef/,rep_vsf_p3hHVMB,,repo,imgur_album,2026-09-30T09:48:18Z,59358c1a087c81cb038e17f2d8356d166515869239f9ce30ec45e5c3eec42a34,97161c0c00256c6c,ffae3aa00317c1c5,,1800,1350,,no,reject_no_dial,,,,,0.7727,1.364,0.67,high,rep_labelled,skipped,,ACCEPT,population
datasets/126710BLNR/rep/validation/rep_vsf_p3hHVMB/image_05.jpg,rep,rep_vsf_p3hHVMB,126710BLNR,VSF,https://www.reddit.com/r/RepTimeQC/comments/1u91yef/,rep_vsf_p3hHVMB,,repo,imgur_album,2026-09-30T09:48:18Z,99f7b9178d2541dd8e2e5d46b6f142acc109e56c5bd1559c8531326560e74e39,97171e0c08056c6c,f72e3e60031fc1c5,,1800,1350,,no,reject_no_dial,,,,,0.9,1.5,0.78,high,rep_labelled,skipped,,ACCEPT,population
datasets/126710BLNR/rep/validation/rep_vsf_p3hHVMB/image_06.jpg,rep,rep_vsf_p3hHVMB,126710BLNR,VSF,https://www.reddit.com/r/RepTimeQC/comments/1u91yef/,rep_vsf_p3hHVMB,,repo,imgur_album,2026-09-30T09:48:18Z,41420bfdb9ae073b26056217f19119699d3af6be16b5c101c86089778bacaa65,939b1b260624646c,defe220977e1c105,,1800,1350,,no,reject_no_dial,,,,,1.706,0.6538,0.78,high,rep_labelled,skipped,,ACCEPT,population
datasets/126710BLNR/rep/validation/rep_vsf_p3hHVMB/image_07.jpg,rep,rep_vsf_p3hHVMB,126710BLNR,VSF,https://www.reddit.com/r/RepTimeQC/comments/1u91yef/,rep_vsf_p3hHVMB,,repo,imgur_album,2026-09-30T09:48:18Z,b367599ed733b9cfb1c4bc59d68ef22d8b72ea061b278d517fa58adf4f9219ae,db9183c88d216c6c,769fbf47a041c0e1,,1800,1350,,no,reject_no_dial,,,,,,,,high,rep_labelled,skipped,,ACCEPT,population
datasets/126710BLNR/rep/validation/rep_vsf_p3hHVMB/image_08.jpg,rep,rep_vsf_p3hHVMB,126710BLNR,VSF,https://www.reddit.com/r/RepTimeQC/comments/1u91yef/,rep_vsf_p3hHVMB,,repo,imgur_album,2026-09-30T09:48:18Z,66bfd9375dd41e97e78f3495d337ab9b0c10e9e586484a5700f3d42d27b09da0,2f2e0f454503e263,767e53d14613185d,,1800,1350,,no,reject_no_dial,,,,,1.406,1.545,0.39,high,rep_labelled,skipped,,ACCEPT,population
datasets/126710BLNR/rep/validation/rep_vsf_p3hHVMB/image_09.jpg,rep,rep_vsf_p3hHVMB,126710BLNR,VSF,https://www.reddit.com/r/RepTimeQC/comments/1u91yef/,rep_vsf_p3hHVMB,,repo,imgur_album,2026-09-30T09:48:18Z,dfb909bf0b52c9b0276129c784670607b7b729fb8cf472e93ca8eb8f1049bc4d,6e2e0d1517cb6723,826c37b1915b39cd,,1800,1350,,no,reject_no_dial,,,,,,,,high,rep_labelled,skipped,,ACCEPT,population
datasets/126710BLNR/rep/calibration/rep_vsf_sh7PSsh/image_00.jpg,rep,rep_vsf_sh7PSsh,126710BLNR,VSF,https://www.reddit.com/r/RepTimeQC/comments/1v7j7ck/,rep_vsf_sh7PSsh,,repo,imgur_album,2026-09-30T09:48:18Z,e2f8a4dbee7c4ed404d892e49b2152196008a5f8562ccd0f482815c6345418ed,0c06323031397074,c7314d4751cdd171,,768,1020,,no,reject_no_dial,,,,,1.4,1.103,0.44,high,rep_labelled,skipped,,ACCEPT,population
datasets/126710BLNR/rep/calibration/rep_vsf_sh7PSsh/image_01.jpg,rep,rep_vsf_sh7PSsh,126710BLNR,VSF,https://www.reddit.com/r/RepTimeQC/comments/1v7j7ck/,rep_vsf_sh7PSsh,,repo,imgur_album,2026-09-30T09:48:18Z,f328848a3fe17174141e3992728ade77a6d43d744deeb5ae85c06cc5ab4d833e,05f3e9cd8e5e3187,56c10e8ef991076f,3c213c83528f7e2f,768,1020,,no,reject_landmarks_unusable,GOOD,359.9,853,,1.143,1.143,0.63,high,rep_labelled,skipped,,ACCEPT,population
datasets/126710BLNR/rep/calibration/rep_vsf_sh7PSsh/image_02.jpg,rep,rep_vsf_sh7PSsh,126710BLNR,VSF,https://www.reddit.com/r/RepTimeQC/comments/1v7j7ck/,rep_vsf_sh7PSsh,,repo,imgur_album,2026-09-30T09:48:18Z,caae5d63faf70ff2b82fcd88d49e8b95a7ca667b72ec94124bbfd737d5ad5292,1958386cf0e1073c,dc30a2c7571ea9e1,,768,1020,,no,reject_no_dial,,,,,0.9,1,0.61,high,rep_labelled,skipped,,ACCEPT,population
datasets/126710BLNR/rep/calibration/rep_vsf_sh7PSsh/image_03.jpg,rep,rep_vsf_sh7PSsh,126710BLNR,VSF,https://www.reddit.com/r/RepTimeQC/comments/1v7j7ck/,rep_vsf_sh7PSsh,,repo,imgur_album,2026-09-30T09:48:18Z,42dd49fabd82c0aa8e0ee4c2292fc1fcc9f8525f98f7df88a0497012feaea9af,1ffbc9c9cf871ee0,b69c186362919d6f,,768,1020,,no,reject_no_dial,,,,,0.5,0.5909,0.28,high,rep_labelled,skipped,,ACCEPT,population
datasets/126710BLNR/rep/calibration/rep_vsf_sh7PSsh/image_04.jpg,rep,rep_vsf_sh7PSsh,126710BLNR,VSF,https://www.reddit.com/r/RepTimeQC/comments/1v7j7ck/,rep_vsf_sh7PSsh,,repo,imgur_album,2026-09-30T09:48:18Z,d0f28e3fedbaa93aff3a5d3c164cb0f45c8bba7ac2fe15607533444357d815c7,0e7168cc0e0d330f,adc39c86783b87c1,27081c21f70f7ea7,768,1020,,yes,,CORRECTABLE,361.2,753.9,,1.545,1.067,0.68,high,rep_labelled,measured,datasets/harvest/measurements/20260930T111251Z/chunk_007/r*.csv,ACCEPT,population
datasets/126710BLNR/rep/calibration/rep_vsf_sh7PSsh/image_05.jpg,rep,rep_vsf_sh7PSsh,126710BLNR,VSF,https://www.reddit.com/r/RepTimeQC/comments/1v7j7ck/,rep_vsf_sh7PSsh,,repo,imgur_album,2026-09-30T09:48:18Z,2424c7db73a38cac33680d2c3a763906a1faed719c22f42fd1edf3993382a3b8,810e13334fc88c1e,1bb1675ab4894375,27821c21f60f7ea7,768,1020,,no,reject_low_resolution,CORRECTABLE,195.1,175.2,left_right,0.9,0.75,0.79,high,rep_labelled,skipped,,ACCEPT,population
datasets/126710BLNR/rep/calibration/rep_vsf_sh7PSsh/image_06.jpg,rep,rep_vsf_sh7PSsh,126710BLNR,VSF,https://www.reddit.com/r/RepTimeQC/comments/1v7j7ck/,rep_vsf_sh7PSsh,,repo,imgur_album,2026-09-30T09:48:18Z,36917aa33dfb1b62437275f7f7fae47160c5e06ad4f0b7f18be20d066fd90008,6535721b1b69cc0c,da4e9e6c05c965d1,,768,1020,,no,reject_no_dial,,,,,0.4667,1.892,0.72,high,rep_labelled,skipped,,ACCEPT,population
datasets/126710BLNR/rep/calibration/rep_vsf_sh7PSsh/image_07.jpg,rep,rep_vsf_sh7PSsh,126710BLNR,VSF,https://www.reddit.com/r/RepTimeQC/comments/1v7j7ck/,rep_vsf_sh7PSsh,,repo,imgur_album,2026-09-30T09:48:18Z,aad131352029e0acc78c4bb6659249b36cbd05c288c9f43084fb507da58d7ddc,0f7b6d67321e0104,9fc53007db6501cf,,768,1020,,no,reject_no_dial,,,,,1.095,0.7174,0.72,high,rep_labelled,skipped,,ACCEPT,population
datasets/126710BLNR/rep/calibration/rep_vsf_sh7PSsh/image_08.jpg,rep,rep_vsf_sh7PSsh,126710BLNR,VSF,https://www.reddit.com/r/RepTimeQC/comments/1v7j7ck/,rep_vsf_sh7PSsh,,repo,imgur_album,2026-09-30T09:48:18Z,4e93db5e7f5699c090cd760f0bfbdb3d32c95589b964b59c78c4b921b002cc64,4402614f3b308786,65d1b4c25c81bf55,,768,1020,,no,reject_no_dial,,,,,,,,high,rep_labelled,skipped,,ACCEPT,population
datasets/126710BLNR/rep/calibration/rep_vsf_sh7PSsh/image_09.jpg,rep,rep_vsf_sh7PSsh,126710BLNR,VSF,https://www.reddit.com/r/RepTimeQC/comments/1v7j7ck/,rep_vsf_sh7PSsh,,repo,imgur_album,2026-09-30T09:48:18Z,e903878ead5824d3ea8e3acdaf823ce5a139f08bfe795702ae6917b3a0179c5d,4cc6e5d339357a2f,26b3ed344845975b,,768,1020,,no,reject_no_dial,,,,,1.2,0.3667,0.56,high,rep_labelled,skipped,,ACCEPT,population
datasets/harvest/images/6d/6d440f240015dd64dd4f58448ece6168eefb75c94b6ce058c65f2f516e487e87.jpg,gen,swe_42335,126710BLNR,Rolex,https://swisswatchexpo.com/watches/rolex-gmt-master-ii-black-blue-batman-steel-mens-watch-126710-unworn-42335,swe_42335,https://cdn.swisswatchexpo.com/productphotos/4/7/rolex-gmt-master-ii-black-blue-batman-steel-mens-watch-126710-unworn-42335_e5a07.jpg,repo,direct,2026-09-30T09:48:18Z,6d440f240015dd64dd4f58448ece6168eefb75c94b6ce058c65f2f516e487e87,170f1317533b1793,86b6594b68a1a37d,8e26e12916cfab35,2628,2628,,yes,,GOOD,1515,3777,,0.9143,1.188,0.53,high,established_dealer,measured,datasets/harvest/measurements/20260930T111251Z/chunk_003/r*.csv,ACCEPT,population
datasets/harvest/images/97/972c2f9279ee489c210ee5788795b931a67ee8bfd250e36960c0b3a83beb1700.jpg,gen,swe_59259,126710BLNR,Rolex,https://swisswatchexpo.com/watches/rolex-gmt-master-ii-batgirl-black-blue-bezel-steel-mens-watch-126710-unworn-59259,swe_59259,https://cdn.swisswatchexpo.com/productphotos/2/23/rolex-gmt-master-ii-batgirl-black-blue-bezel-steel-mens-watch-126710-unworn-59259_a10b3.jpg,repo,direct,2026-09-30T09:48:18Z,972c2f9279ee489c210ee5788795b931a67ee8bfd250e36960c0b3a83beb1700,17070b17632b1717,86f4d94b242331fd,9e97612916c70b3d,2362,2362,,yes,,CORRECTABLE,1419,4067,,0.5818,1,0.63,high,established_dealer,measured,datasets/harvest/measurements/20260930T111251Z/chunk_003/r*.csv,ACCEPT,population
datasets/harvest/images/ff/ffe13b6968cc3002e91352435bdd70c6e29019decacb44e1cef9c5a110e57d96.jpg,gen,swe_60177,126710BLNR,Rolex,https://swisswatchexpo.com/watches/rolex-gmt-master-ii-batgirl-black-blue-bezel-steel-mens-watch-126710-card-60177,swe_60177,https://cdn.swisswatchexpo.com/productphotos/3/25/rolex-gmt-master-ii-batgirl-black-blue-bezel-steel-mens-watch-126710-card-60177_1c27c.jpg,repo,direct,2026-09-30T09:48:18Z,ffe13b6968cc3002e91352435bdd70c6e29019decacb44e1cef9c5a110e57d96,07071b17533f1717,86d6494bada1137d,9ea6f1291e47a235,2558,2558,,yes,,GOOD,1545,3071,top_bottom,1.192,1.143,0.67,high,established_dealer,measured,datasets/harvest/measurements/20260930T111251Z/chunk_003/r*.csv,ACCEPT,population
datasets/harvest/images/ad/ad1ae3e5b9609de810b7ceee969712cf94cac047ff37a5976258fbede2406d3b.jpg,gen,swe_68351,126710BLNR,Rolex,https://swisswatchexpo.com/watches/rolex-gmt-master-ii-batgirl-black-blue-bezel-steel-mens-watch-126710-card-68351,swe_68351,https://cdn.swisswatchexpo.com/productphotos/2/20/rolex-gmt-master-ii-batgirl-black-blue-bezel-steel-mens-watch-126710-card-68351_f20d3.jpg,repo,direct,2026-09-30T09:48:18Z,ad1ae3e5b9609de810b7ceee969712cf94cac047ff37a5976258fbede2406d3b,17070f1743071f17,8616595b2da1a67d,964663291e4faa3d,2877,2877,,yes,,GOOD,1661,3212,left_right,0.8529,0.9333,0.63,high,established_dealer,measured,datasets/harvest/measurements/20260930T111251Z/chunk_003/r*.csv,ACCEPT,population
datasets/harvest/images/70/709160117d0d8944181665abf809bd13e7ffc0604a51fc1bb85c81fb4e586b9a.jpg,gen,swe_68408,126710BLNR,Rolex,https://swisswatchexpo.com/watches/rolex-gmt-master-ii-black-blue-batman-bezel-steel-mens-watch-126710-68408,swe_68408,https://cdn.swisswatchexpo.com/productphotos/3/1/rolex-gmt-master-ii-black-blue-batman-bezel-steel-mens-watch-126710-68408_fce2c.jpg,repo,direct,2026-09-30T09:48:18Z,709160117d0d8944181665abf809bd13e7ffc0604a51fc1bb85c81fb4e586b9a,13070b17430f1f13,863459592c2be67d,165761291ecf2b35,2688,2688,,yes,,CORRECTABLE,1548,2733,left_right,1.442,0.8108,0.74,high,established_dealer,measured,datasets/harvest/measurements/20260930T111251Z/chunk_003/r*.csv,ACCEPT,population
datasets/harvest/images/21/212c6d510bdfa0c6fcb42c68b5ef79794cc771af958fff17848ed51f9679b81d.jpg,gen,swe_68784,126710BLNR,Rolex,https://swisswatchexpo.com/watches/rolex-gmt-master-ii-batgirl-black-blue-bezel-steel-mens-watch-126710-unworn-68784,swe_68784,https://cdn.swisswatchexpo.com/productphotos/3/13/rolex-gmt-master-ii-batgirl-black-blue-bezel-steel-mens-watch-126710-unworn-68784_c0f62.jpg,repo,direct,2026-09-30T09:48:18Z,212c6d510bdfa0c6fcb42c68b5ef79794cc771af958fff17848ed51f9679b81d,170f131753371f17,86594969ada1c65f,962761091e4f2b3f,2700,2700,,yes,,CORRECTABLE,1596,3061,diagonal,1.842,0.75,1,high,established_dealer,measured,datasets/harvest/measurements/20260930T111251Z/chunk_003/r*.csv,ACCEPT,population
datasets/harvest/images/26/26d884ddb70bbc4c023d54f387edfd97cedc09930b25272a9f2e9db2b4a56345.jpg,gen,swe_74119,126710BLNR,Rolex,https://swisswatchexpo.com/watches/rolex-gmt-master-ii-steel-batman-bezel-mens-watch-126710-74119,swe_74119,https://cdn.swisswatchexpo.com/productphotos/10/22/rolex-gmt-master-ii-steel-batman-bezel-mens-watch-126710-74119_e5cb6.jpg,repo,direct,2026-09-30T09:48:18Z,26d884ddb70bbc4c023d54f387edfd97cedc09930b25272a9f2e9db2b4a56345,16071b57433f1f96,8694594b2ca1b37f,968763291e472b3d,2666,2666,,no,reject_pose,RETAKE,1534,3356,,0.8929,1.05,0.68,high,established_dealer,skipped,,REJECT,population
datasets/harvest/images/6d/6da5df4eb2ac6ff5224db1e8921a9afdb8c82aa6cc836309e952899fed54f6c1.jpg,gen,swe_75910,126710BLNR,Rolex,https://swisswatchexpo.com/watches/rolex-gmt-master-ii-steel-black-blue-batgirl-bezel-mens-watch-126710-75910,swe_75910,https://cdn.swisswatchexpo.com/productphotos/1/9/rolex-gmt-master-ii-steel-black-blue-batgirl-bezel-mens-watch-126710-75910_ca712.jpg,repo,direct,2026-09-30T09:48:18Z,6da5df4eb2ac6ff5224db1e8921a9afdb8c82aa6cc836309e952899fed54f6c1,970f0f17430f0797,a6f651492723587d,9ee361291e43a93d,1956,1955,,yes,,GOOD,1118,4495,,0.8511,1.026,0.53,high,established_dealer,measured,datasets/harvest/measurements/20260930T111251Z/chunk_004/r*.csv,ACCEPT,population
datasets/harvest/images/fc/fc62906af2b272de864a114d32193b8cbce1220dbf68708bf385f481121d9366.jpg,gen,swe_77497,126710BLNR,Rolex,https://swisswatchexpo.com/watches/rolex-gmt-master-ii-steel-batgirl-black-blue-bezel-mens-watch-126710-77497,swe_77497,https://cdn.swisswatchexpo.com/productphotos/2/26/rolex-gmt-master-ii-steel-batgirl-black-blue-bezel-mens-watch-126710-77497_ab4ee.jpg,repo,direct,2026-09-30T09:48:18Z,fc62906af2b272de864a114d32193b8cbce1220dbf68708bf385f481121d9366,97870b074b0f9313,84c4c94b2c2b73fd,9e73e129164b233d,1940,1940,,yes,,CORRECTABLE,1162,4129,left_right,0.7381,0.7436,0.68,high,established_dealer,measured,datasets/harvest/measurements/20260930T111251Z/chunk_003/r*.csv,ACCEPT,population
datasets/harvest/images/d5/d5f6d424f6474c89d39d21c19f2616cc4880043750211b29dd444220e1e4c03d.jpg,gen,wf_435502,126710BLNR,Rolex,https://watchfinder.com/watches/rolex/gmt-master-ii/126710-blnr/435502,wf_435502,https://www.watchfinder.com/media/catalog/product/C/a/Catalogue-1-Rolex-GMTMasterII-126710BLNR-39491-190607-085458-_171.jpg?quality=80&bg-color=255,repo,direct,2026-09-30T09:48:18Z,d5f6d424f6474c89d39d21c19f2616cc4880043750211b29dd444220e1e4c03d,0c060e1733178e4d,a4b5535a8de1161f,2c04532b9ecf6b39,1500,1920,,no,reject_pose,RETAKE,730.7,3363,top_bottom,1.875,0.875,0.83,high,established_dealer,skipped,,REJECT,population
datasets/harvest/images/77/77b2cd98a3cc2503b0d965d09cf2783480bccbaa31eb7f06d0bba3e7340102f5.jpg,gen,wf_441391,126710BLNR,Rolex,https://watchfinder.com/watches/rolex/gmt-master-ii/126710-blnr/441391,wf_441391,"https://www.watchfinder.com/media/catalog/product/W/a/Watch-1-fb19c5574d9e435bad01dce3d3e0b58b_1.jpg?quality=80&bg-color=255,255,255&fit=bounds&height=1280&width=1280",repo,direct,2026-09-30T09:48:18Z,77b2cd98a3cc2503b0d965d09cf2783480bccbaa31eb7f06d0bba3e7340102f5,4d4f960f0f9e0e4d,a5b14e5a2de1660f,8c0243a994df773d,895,1280,,no,reject_landmarks_unusable,CORRECTABLE,391.2,1033,,1.667,0.7778,0.79,high,established_dealer,skipped,,REJECT,population
datasets/harvest/images/a5/a5431af6379b78a5233303aeec379b30ef8a5c46ffa70be67a55a1126de8c138.jpg,gen,wos_cpo_40616911,126710BLNR,Rolex,https://watchesofswitzerland.com/collections/rolex-certified-pre-owned/products/gmt-ii-m126710blnr-0002-40616911,wos_cpo_40616911,https://www.watchesofswitzerland.com/cdn/shop/files/40616911_1.jpg?height=4000&v=1758689262&width=4000,repo,direct,2026-09-30T09:48:18Z,a5431af6379b78a5233303aeec379b30ef8a5c46ffa70be67a55a1126de8c138,b2b231696969b2b2,5ac642ce8cb4bdb1,8409d3a195477f3d,3000,3000,,yes,,CORRECTABLE,900.1,2280,,1.36,0.9474,0.95,high,rolex_cpo,measured,datasets/harvest/measurements/20260930T111251Z/chunk_004/r*.csv,ACCEPT,population
