source_id,physical_watch_id,tilt_deg,angle_deg,n_edge_pixels,resid_vs_ticksonly_H_px,implied_canonical_radius_via_ticksonly_H
rep_vsf_KfRKFwA,rep_vsf_KfRKFwA,2.811,15.00,14,5.120,1.0327
rep_vsf_KfRKFwA,rep_vsf_KfRKFwA,2.811,22.50,9,7.675,1.0440
rep_vsf_KfRKFwA,rep_vsf_KfRKFwA,2.811,30.00,13,4.647,1.0305
rep_vsf_KfRKFwA,rep_vsf_KfRKFwA,2.811,37.50,13,6.726,1.0398
rep_vsf_KfRKFwA,rep_vsf_KfRKFwA,2.811,45.00,14,3.703,1.0264
rep_vsf_KfRKFwA,rep_vsf_KfRKFwA,2.811,52.50,19,1.990,1.0187
rep_vsf_KfRKFwA,rep_vsf_KfRKFwA,2.811,60.00,17,0.709,1.0071
rep_vsf_KfRKFwA,rep_vsf_KfRKFwA,2.811,67.50,16,1.030,1.0079
rep_vsf_KfRKFwA,rep_vsf_KfRKFwA,2.811,75.00,16,0.876,1.0139
rep_vsf_KfRKFwA,rep_vsf_KfRKFwA,2.811,82.50,14,0.405,1.0118
rep_vsf_KfRKFwA,rep_vsf_KfRKFwA,2.811,90.00,16,0.516,1.0078
rep_vsf_KfRKFwA,rep_vsf_KfRKFwA,2.811,97.50,14,1.622,1.0162
rep_vsf_KfRKFwA,rep_vsf_KfRKFwA,2.811,105.00,14,1.082,1.0148
rep_vsf_KfRKFwA,rep_vsf_KfRKFwA,2.811,112.50,19,2.223,1.0197
rep_vsf_KfRKFwA,rep_vsf_KfRKFwA,2.811,120.00,17,2.163,1.0181
rep_vsf_KfRKFwA,rep_vsf_KfRKFwA,2.811,127.50,19,0.767,1.0123
rep_vsf_KfRKFwA,rep_vsf_KfRKFwA,2.811,135.00,19,1.108,1.0149
rep_vsf_KfRKFwA,rep_vsf_KfRKFwA,2.811,142.50,23,0.424,1.0083
rep_vsf_KfRKFwA,rep_vsf_KfRKFwA,2.811,150.00,19,0.510,1.0091
rep_vsf_KfRKFwA,rep_vsf_KfRKFwA,2.811,157.50,14,0.956,1.0060
rep_vsf_KfRKFwA,rep_vsf_KfRKFwA,2.811,165.00,15,1.504,1.0143
rep_vsf_KfRKFwA,rep_vsf_KfRKFwA,2.811,172.50,21,1.762,1.0135
rep_vsf_KfRKFwA,rep_vsf_KfRKFwA,2.811,180.00,14,1.003,1.0056
rep_vsf_KfRKFwA,rep_vsf_KfRKFwA,2.811,-172.50,18,0.831,1.0134
rep_vsf_KfRKFwA,rep_vsf_KfRKFwA,2.811,-165.00,15,1.885,1.0164
rep_vsf_KfRKFwA,rep_vsf_KfRKFwA,2.811,-157.50,12,2.035,1.0123
rep_vsf_KfRKFwA,rep_vsf_KfRKFwA,2.811,-150.00,14,3.245,1.0227
rep_vsf_KfRKFwA,rep_vsf_KfRKFwA,2.811,-142.50,21,1.888,1.0183
rep_vsf_KfRKFwA,rep_vsf_KfRKFwA,2.811,-135.00,24,1.534,1.0164
rep_vsf_KfRKFwA,rep_vsf_KfRKFwA,2.811,-127.50,25,0.916,1.0139
rep_vsf_KfRKFwA,rep_vsf_KfRKFwA,2.811,-120.00,15,0.975,1.0059
rep_vsf_KfRKFwA,rep_vsf_KfRKFwA,2.811,-112.50,17,1.178,1.0114
rep_vsf_KfRKFwA,rep_vsf_KfRKFwA,2.811,-105.00,13,1.445,1.0036
rep_vsf_KfRKFwA,rep_vsf_KfRKFwA,2.811,-97.50,17,1.102,1.0146
rep_vsf_KfRKFwA,rep_vsf_KfRKFwA,2.811,-90.00,13,2.061,1.0190
rep_vsf_KfRKFwA,rep_vsf_KfRKFwA,2.811,-82.50,17,1.890,1.0172
rep_vsf_KfRKFwA,rep_vsf_KfRKFwA,2.811,-75.00,17,3.051,1.0231
rep_vsf_KfRKFwA,rep_vsf_KfRKFwA,2.811,-67.50,16,3.844,1.0267
rep_vsf_KfRKFwA,rep_vsf_KfRKFwA,2.811,-60.00,28,1.055,1.0146
rep_vsf_KfRKFwA,rep_vsf_KfRKFwA,2.811,-52.50,25,3.049,1.0233
rep_vsf_KfRKFwA,rep_vsf_KfRKFwA,2.811,-45.00,22,2.465,1.0204
rep_vsf_KfRKFwA,rep_vsf_KfRKFwA,2.811,-37.50,22,1.879,1.0183
rep_vsf_KfRKFwA,rep_vsf_KfRKFwA,2.811,-30.00,29,0.605,1.0073
rep_vsf_KfRKFwA,rep_vsf_KfRKFwA,2.811,-22.50,28,2.121,1.0023
rep_vsf_KfRKFwA,rep_vsf_KfRKFwA,2.811,-15.00,10,1.260,1.0145
rep_vsf_KfRKFwA,rep_vsf_KfRKFwA,2.811,-7.50,3,8.804,1.0478
rep_vsf_KfRKFwA,rep_vsf_KfRKFwA,2.827,0.00,20,4.453,1.0282
rep_vsf_KfRKFwA,rep_vsf_KfRKFwA,2.827,7.50,21,3.823,1.0267
rep_vsf_KfRKFwA,rep_vsf_KfRKFwA,2.827,15.00,19,3.641,1.0257
rep_vsf_KfRKFwA,rep_vsf_KfRKFwA,2.827,22.50,18,3.394,1.0246
rep_vsf_KfRKFwA,rep_vsf_KfRKFwA,2.827,30.00,23,4.107,1.0278
rep_vsf_KfRKFwA,rep_vsf_KfRKFwA,2.827,37.50,30,4.531,1.0297
rep_vsf_KfRKFwA,rep_vsf_KfRKFwA,2.827,45.00,24,4.723,1.0303
rep_vsf_KfRKFwA,rep_vsf_KfRKFwA,2.827,52.50,26,4.469,1.0294
rep_vsf_KfRKFwA,rep_vsf_KfRKFwA,2.827,60.00,27,3.209,1.0235
rep_vsf_KfRKFwA,rep_vsf_KfRKFwA,2.827,67.50,16,3.955,1.0270
rep_vsf_KfRKFwA,rep_vsf_KfRKFwA,2.827,75.00,14,1.986,1.0183
rep_vsf_KfRKFwA,rep_vsf_KfRKFwA,2.827,82.50,18,1.906,1.0176
rep_vsf_KfRKFwA,rep_vsf_KfRKFwA,2.827,90.00,11,0.537,1.0121
rep_vsf_KfRKFwA,rep_vsf_KfRKFwA,2.827,97.50,14,0.810,1.0126
rep_vsf_KfRKFwA,rep_vsf_KfRKFwA,2.827,105.00,12,0.184,1.0108
rep_vsf_KfRKFwA,rep_vsf_KfRKFwA,2.827,112.50,22,1.746,1.0173
rep_vsf_KfRKFwA,rep_vsf_KfRKFwA,2.827,120.00,19,0.889,1.0114
rep_vsf_KfRKFwA,rep_vsf_KfRKFwA,2.827,127.50,20,0.054,1.0098
rep_vsf_KfRKFwA,rep_vsf_KfRKFwA,2.827,135.00,26,0.834,1.0134
rep_vsf_KfRKFwA,rep_vsf_KfRKFwA,2.827,142.50,28,1.396,1.0154
rep_vsf_KfRKFwA,rep_vsf_KfRKFwA,2.827,150.00,32,0.471,1.0099
rep_vsf_KfRKFwA,rep_vsf_KfRKFwA,2.827,157.50,25,1.897,1.0169
rep_vsf_KfRKFwA,rep_vsf_KfRKFwA,2.827,165.00,9,6.019,1.0350
rep_vsf_KfRKFwA,rep_vsf_KfRKFwA,2.827,172.50,10,3.875,1.0233
rep_vsf_KfRKFwA,rep_vsf_KfRKFwA,2.827,180.00,10,6.555,1.0380
rep_vsf_KfRKFwA,rep_vsf_KfRKFwA,2.827,-172.50,14,2.829,1.0217
rep_vsf_KfRKFwA,rep_vsf_KfRKFwA,2.827,-165.00,14,4.086,1.0270
rep_vsf_KfRKFwA,rep_vsf_KfRKFwA,2.827,-157.50,12,5.367,1.0328
rep_vsf_KfRKFwA,rep_vsf_KfRKFwA,2.827,-150.00,16,4.605,1.0297
rep_vsf_KfRKFwA,rep_vsf_KfRKFwA,2.827,-142.50,18,4.927,1.0311
rep_vsf_KfRKFwA,rep_vsf_KfRKFwA,2.827,-135.00,28,3.102,1.0229
rep_vsf_KfRKFwA,rep_vsf_KfRKFwA,2.827,-127.50,25,3.378,1.0246
rep_vsf_KfRKFwA,rep_vsf_KfRKFwA,2.827,-120.00,22,3.922,1.0270
rep_vsf_KfRKFwA,rep_vsf_KfRKFwA,2.827,-112.50,15,3.363,1.0243
rep_vsf_KfRKFwA,rep_vsf_KfRKFwA,2.827,-105.00,22,3.039,1.0232
rep_vsf_KfRKFwA,rep_vsf_KfRKFwA,2.827,-97.50,17,1.931,1.0180
rep_vsf_KfRKFwA,rep_vsf_KfRKFwA,2.827,-90.00,22,2.931,1.0222
rep_vsf_KfRKFwA,rep_vsf_KfRKFwA,2.827,-82.50,17,2.056,1.0188
rep_vsf_KfRKFwA,rep_vsf_KfRKFwA,2.827,-75.00,14,1.537,1.0167
rep_vsf_KfRKFwA,rep_vsf_KfRKFwA,2.827,-67.50,22,3.760,1.0248
rep_vsf_KfRKFwA,rep_vsf_KfRKFwA,2.827,-60.00,29,1.216,1.0149
rep_vsf_KfRKFwA,rep_vsf_KfRKFwA,2.827,-52.50,24,3.561,1.0252
rep_vsf_KfRKFwA,rep_vsf_KfRKFwA,2.827,-45.00,24,3.242,1.0241
rep_vsf_KfRKFwA,rep_vsf_KfRKFwA,2.827,-37.50,22,2.979,1.0227
rep_vsf_KfRKFwA,rep_vsf_KfRKFwA,2.827,-30.00,33,1.522,1.0159
rep_vsf_KfRKFwA,rep_vsf_KfRKFwA,2.827,-22.50,18,4.897,1.0314
rep_vsf_KfRKFwA,rep_vsf_KfRKFwA,2.827,-15.00,19,4.735,1.0306
rep_vsf_KfRKFwA,rep_vsf_KfRKFwA,2.827,-7.50,19,4.529,1.0297
gen_wex_3KSuGhC,gen_wex_3KSuGhC,3.749,0.00,8,12.745,0.9836
gen_wex_3KSuGhC,gen_wex_3KSuGhC,3.749,15.00,3,14.056,0.9801
gen_wex_3KSuGhC,gen_wex_3KSuGhC,3.749,22.50,3,9.957,1.0094
gen_wex_3KSuGhC,gen_wex_3KSuGhC,3.749,30.00,12,9.030,0.9916
gen_wex_3KSuGhC,gen_wex_3KSuGhC,3.749,45.00,4,7.349,0.9988
gen_wex_3KSuGhC,gen_wex_3KSuGhC,3.749,52.50,16,6.323,1.0040
gen_wex_3KSuGhC,gen_wex_3KSuGhC,3.749,60.00,7,18.051,0.9724
gen_wex_3KSuGhC,gen_wex_3KSuGhC,3.749,67.50,4,15.235,1.0102
gen_wex_3KSuGhC,gen_wex_3KSuGhC,3.749,82.50,4,12.879,1.0364
gen_wex_3KSuGhC,gen_wex_3KSuGhC,3.749,90.00,8,10.654,0.9869
gen_wex_3KSuGhC,gen_wex_3KSuGhC,3.749,112.50,9,8.103,1.0210
gen_wex_3KSuGhC,gen_wex_3KSuGhC,3.749,120.00,4,17.556,0.9784
gen_wex_3KSuGhC,gen_wex_3KSuGhC,3.749,150.00,24,3.398,1.0169
gen_wex_3KSuGhC,gen_wex_3KSuGhC,3.749,172.50,8,7.469,0.9947
gen_wex_3KSuGhC,gen_wex_3KSuGhC,3.749,180.00,8,8.723,0.9909
gen_wex_3KSuGhC,gen_wex_3KSuGhC,3.749,-157.50,6,7.941,1.0225
gen_wex_3KSuGhC,gen_wex_3KSuGhC,3.749,-150.00,6,6.073,0.9989
gen_wex_3KSuGhC,gen_wex_3KSuGhC,3.749,-142.50,7,4.390,1.0056
gen_wex_3KSuGhC,gen_wex_3KSuGhC,3.749,-127.50,8,8.961,1.0212
gen_wex_3KSuGhC,gen_wex_3KSuGhC,3.749,-120.00,9,4.466,1.0003
gen_wex_3KSuGhC,gen_wex_3KSuGhC,3.749,-112.50,3,10.398,1.0080
gen_wex_3KSuGhC,gen_wex_3KSuGhC,3.749,-97.50,8,2.865,1.0057
gen_wex_3KSuGhC,gen_wex_3KSuGhC,3.749,-60.00,4,3.757,1.0139
gen_wex_3KSuGhC,gen_wex_3KSuGhC,3.749,-30.00,3,4.269,1.0191
gen_wex_3KSuGhC,gen_wex_3KSuGhC,3.749,-7.50,3,11.466,0.9918
rep_cf_xK08a3L,rep_cf_xK08a3L,3.895,0.00,3,4.640,0.9944
rep_cf_xK08a3L,rep_cf_xK08a3L,3.895,7.50,5,5.415,1.0295
rep_cf_xK08a3L,rep_cf_xK08a3L,3.895,15.00,7,5.740,1.0297
rep_cf_xK08a3L,rep_cf_xK08a3L,3.895,22.50,6,4.924,1.0299
rep_cf_xK08a3L,rep_cf_xK08a3L,3.895,30.00,18,2.182,1.0082
rep_cf_xK08a3L,rep_cf_xK08a3L,3.895,37.50,9,4.100,1.0247
rep_cf_xK08a3L,rep_cf_xK08a3L,3.895,45.00,9,4.782,1.0308
rep_cf_xK08a3L,rep_cf_xK08a3L,3.895,97.50,3,4.406,1.0310
rep_cf_xK08a3L,rep_cf_xK08a3L,3.895,105.00,8,3.365,1.0242
rep_cf_xK08a3L,rep_cf_xK08a3L,3.895,112.50,8,4.409,1.0306
rep_cf_xK08a3L,rep_cf_xK08a3L,3.895,120.00,15,0.551,1.0083
rep_cf_xK08a3L,rep_cf_xK08a3L,3.895,127.50,10,2.144,1.0157
rep_cf_xK08a3L,rep_cf_xK08a3L,3.895,135.00,7,4.098,1.0295
rep_cf_xK08a3L,rep_cf_xK08a3L,3.895,142.50,11,2.335,1.0001
rep_cf_xK08a3L,rep_cf_xK08a3L,3.895,150.00,13,3.184,0.9975
rep_cf_xK08a3L,rep_cf_xK08a3L,3.895,157.50,4,4.765,1.0044
rep_cf_xK08a3L,rep_cf_xK08a3L,3.895,172.50,6,3.783,1.0278
rep_cf_xK08a3L,rep_cf_xK08a3L,3.895,180.00,11,4.185,0.9918
rep_cf_xK08a3L,rep_cf_xK08a3L,3.895,-172.50,9,3.781,1.0274
rep_cf_xK08a3L,rep_cf_xK08a3L,3.895,-165.00,8,3.886,1.0273
rep_cf_xK08a3L,rep_cf_xK08a3L,3.895,-157.50,4,4.064,1.0273
rep_cf_xK08a3L,rep_cf_xK08a3L,3.895,-150.00,11,3.371,0.9956
rep_cf_xK08a3L,rep_cf_xK08a3L,3.895,-142.50,5,2.556,1.0219
rep_cf_xK08a3L,rep_cf_xK08a3L,3.895,-135.00,7,5.281,1.0283
rep_cf_xK08a3L,rep_cf_xK08a3L,3.895,-127.50,11,5.236,1.0341
rep_cf_xK08a3L,rep_cf_xK08a3L,3.895,-120.00,25,1.757,1.0176
rep_cf_xK08a3L,rep_cf_xK08a3L,3.895,-112.50,17,5.498,1.0354
rep_cf_xK08a3L,rep_cf_xK08a3L,3.895,-105.00,12,5.626,1.0360
rep_cf_xK08a3L,rep_cf_xK08a3L,3.895,-97.50,15,3.413,1.0257
rep_cf_xK08a3L,rep_cf_xK08a3L,3.895,-90.00,26,2.387,1.0203
rep_cf_xK08a3L,rep_cf_xK08a3L,3.895,-82.50,19,3.207,1.0226
rep_cf_xK08a3L,rep_cf_xK08a3L,3.895,-75.00,20,2.584,1.0199
rep_cf_xK08a3L,rep_cf_xK08a3L,3.895,-67.50,13,2.059,1.0145
rep_cf_xK08a3L,rep_cf_xK08a3L,3.895,-60.00,15,1.818,1.0118
rep_cf_xK08a3L,rep_cf_xK08a3L,3.895,-52.50,17,2.092,1.0117
rep_cf_xK08a3L,rep_cf_xK08a3L,3.895,-45.00,18,1.908,1.0107
rep_cf_xK08a3L,rep_cf_xK08a3L,3.895,-37.50,16,1.822,1.0108
rep_cf_xK08a3L,rep_cf_xK08a3L,3.895,-30.00,20,4.303,1.0287
rep_cf_xK08a3L,rep_cf_xK08a3L,3.895,-22.50,15,3.422,1.0122
rep_cf_xK08a3L,rep_cf_xK08a3L,3.895,-15.00,10,1.763,1.0095
rep_cf_xK08a3L,rep_cf_xK08a3L,3.895,-7.50,13,2.507,1.0141
rep_arf_m304y61,rep_arf_m304y61,3.913,0.00,12,6.696,1.0198
rep_arf_m304y61,rep_arf_m304y61,3.913,7.50,17,3.922,1.0146
rep_arf_m304y61,rep_arf_m304y61,3.913,15.00,14,3.038,1.0194
rep_arf_m304y61,rep_arf_m304y61,3.913,22.50,9,2.380,1.0071
rep_arf_m304y61,rep_arf_m304y61,3.913,30.00,24,2.204,1.0124
rep_arf_m304y61,rep_arf_m304y61,3.913,37.50,22,1.410,1.0151
rep_arf_m304y61,rep_arf_m304y61,3.913,45.00,29,0.526,1.0111
rep_arf_m304y61,rep_arf_m304y61,3.913,52.50,25,3.018,1.0209
rep_arf_m304y61,rep_arf_m304y61,3.913,60.00,26,2.774,1.0200
rep_arf_m304y61,rep_arf_m304y61,3.913,67.50,23,3.738,1.0230
rep_arf_m304y61,rep_arf_m304y61,3.913,75.00,21,0.924,1.0131
rep_arf_m304y61,rep_arf_m304y61,3.913,82.50,17,0.717,1.0080
rep_arf_m304y61,rep_arf_m304y61,3.913,90.00,8,4.804,1.0271
rep_arf_m304y61,rep_arf_m304y61,3.913,97.50,18,0.219,1.0093
rep_arf_m304y61,rep_arf_m304y61,3.913,105.00,13,2.096,1.0173
rep_arf_m304y61,rep_arf_m304y61,3.913,112.50,15,4.552,1.0007
rep_arf_m304y61,rep_arf_m304y61,3.913,120.00,16,1.674,1.0110
rep_arf_m304y61,rep_arf_m304y61,3.913,127.50,20,2.267,1.0073
rep_arf_m304y61,rep_arf_m304y61,3.913,135.00,21,1.506,1.0048
rep_arf_m304y61,rep_arf_m304y61,3.913,142.50,18,1.222,1.0093
rep_arf_m304y61,rep_arf_m304y61,3.913,150.00,20,1.339,1.0147
rep_arf_m304y61,rep_arf_m304y61,3.913,157.50,18,1.083,1.0125
rep_arf_m304y61,rep_arf_m304y61,3.913,165.00,8,4.341,1.0222
rep_arf_m304y61,rep_arf_m304y61,3.913,172.50,16,4.251,1.0130
rep_arf_m304y61,rep_arf_m304y61,3.913,180.00,10,0.518,1.0116
rep_arf_m304y61,rep_arf_m304y61,3.913,-172.50,24,2.573,1.0009
rep_arf_m304y61,rep_arf_m304y61,3.913,-165.00,14,1.835,1.0127
rep_arf_m304y61,rep_arf_m304y61,3.913,-157.50,14,1.135,1.0140
rep_arf_m304y61,rep_arf_m304y61,3.913,-150.00,13,1.535,1.0047
rep_arf_m304y61,rep_arf_m304y61,3.913,-142.50,12,1.609,1.0061
rep_arf_m304y61,rep_arf_m304y61,3.913,-135.00,10,0.720,1.0111
rep_arf_m304y61,rep_arf_m304y61,3.913,-127.50,15,3.515,1.0206
rep_arf_m304y61,rep_arf_m304y61,3.913,-120.00,17,1.680,1.0146
rep_arf_m304y61,rep_arf_m304y61,3.913,-112.50,24,2.562,1.0190
rep_arf_m304y61,rep_arf_m304y61,3.913,-105.00,19,3.603,1.0220
rep_arf_m304y61,rep_arf_m304y61,3.913,-97.50,20,4.644,1.0257
rep_arf_m304y61,rep_arf_m304y61,3.913,-90.00,9,0.939,1.0093
rep_arf_m304y61,rep_arf_m304y61,3.913,-82.50,16,4.474,1.0219
rep_arf_m304y61,rep_arf_m304y61,3.913,-75.00,12,3.850,1.0226
rep_arf_m304y61,rep_arf_m304y61,3.913,-67.50,12,2.085,1.0112
rep_arf_m304y61,rep_arf_m304y61,3.913,-60.00,17,1.562,1.0132
rep_arf_m304y61,rep_arf_m304y61,3.913,-52.50,18,2.327,1.0136
rep_arf_m304y61,rep_arf_m304y61,3.913,-45.00,24,2.818,1.0181
rep_arf_m304y61,rep_arf_m304y61,3.913,-37.50,27,3.588,1.0210
rep_arf_m304y61,rep_arf_m304y61,3.913,-30.00,25,3.594,1.0203
rep_arf_m304y61,rep_arf_m304y61,3.913,-22.50,26,5.330,1.0273
rep_arf_m304y61,rep_arf_m304y61,3.913,-15.00,15,4.449,1.0197
rep_arf_m304y61,rep_arf_m304y61,3.913,-7.50,17,2.568,1.0154
rep_vsf_HCz9EAj,rep_vsf_HCz9EAj,3.974,0.00,16,6.536,1.0297
rep_vsf_HCz9EAj,rep_vsf_HCz9EAj,3.974,7.50,15,2.207,1.0031
rep_vsf_HCz9EAj,rep_vsf_HCz9EAj,3.974,15.00,12,0.970,1.0090
rep_vsf_HCz9EAj,rep_vsf_HCz9EAj,3.974,22.50,13,3.722,0.9994
rep_vsf_HCz9EAj,rep_vsf_HCz9EAj,3.974,30.00,17,2.188,1.0067
rep_vsf_HCz9EAj,rep_vsf_HCz9EAj,3.974,37.50,22,1.999,1.0042
rep_vsf_HCz9EAj,rep_vsf_HCz9EAj,3.974,45.00,28,1.920,1.0038
rep_vsf_HCz9EAj,rep_vsf_HCz9EAj,3.974,52.50,27,1.784,1.0050
rep_vsf_HCz9EAj,rep_vsf_HCz9EAj,3.974,60.00,26,0.934,1.0089
rep_vsf_HCz9EAj,rep_vsf_HCz9EAj,3.974,67.50,22,1.928,1.0158
rep_vsf_HCz9EAj,rep_vsf_HCz9EAj,3.974,75.00,11,4.542,1.0249
rep_vsf_HCz9EAj,rep_vsf_HCz9EAj,3.974,82.50,13,1.630,1.0153
rep_vsf_HCz9EAj,rep_vsf_HCz9EAj,3.974,90.00,8,11.463,0.9727
rep_vsf_HCz9EAj,rep_vsf_HCz9EAj,3.974,97.50,11,1.912,1.0039
rep_vsf_HCz9EAj,rep_vsf_HCz9EAj,3.974,105.00,7,4.394,1.0220
rep_vsf_HCz9EAj,rep_vsf_HCz9EAj,3.974,112.50,6,4.395,0.9956
rep_vsf_HCz9EAj,rep_vsf_HCz9EAj,3.974,120.00,12,4.429,0.9957
rep_vsf_HCz9EAj,rep_vsf_HCz9EAj,3.974,127.50,9,11.345,0.9728
rep_vsf_HCz9EAj,rep_vsf_HCz9EAj,3.974,135.00,24,1.629,1.0106
rep_vsf_HCz9EAj,rep_vsf_HCz9EAj,3.974,142.50,23,3.110,1.0192
rep_vsf_HCz9EAj,rep_vsf_HCz9EAj,3.974,150.00,13,4.357,1.0243
rep_vsf_HCz9EAj,rep_vsf_HCz9EAj,3.974,157.50,13,7.061,1.0306
rep_vsf_HCz9EAj,rep_vsf_HCz9EAj,3.974,165.00,16,1.425,1.0139
rep_vsf_HCz9EAj,rep_vsf_HCz9EAj,3.974,172.50,23,1.123,1.0063
rep_vsf_HCz9EAj,rep_vsf_HCz9EAj,3.974,180.00,11,7.141,1.0277
rep_vsf_HCz9EAj,rep_vsf_HCz9EAj,3.974,-172.50,20,4.214,1.0230
rep_vsf_HCz9EAj,rep_vsf_HCz9EAj,3.974,-165.00,25,2.258,1.0165
rep_vsf_HCz9EAj,rep_vsf_HCz9EAj,3.974,-157.50,16,2.879,1.0148
rep_vsf_HCz9EAj,rep_vsf_HCz9EAj,3.974,-150.00,18,7.668,1.0330
rep_vsf_HCz9EAj,rep_vsf_HCz9EAj,3.974,-142.50,22,7.206,1.0323
rep_vsf_HCz9EAj,rep_vsf_HCz9EAj,3.974,-135.00,27,4.074,1.0226
rep_vsf_HCz9EAj,rep_vsf_HCz9EAj,3.974,-127.50,22,3.199,1.0205
rep_vsf_HCz9EAj,rep_vsf_HCz9EAj,3.974,-120.00,11,7.813,1.0351
rep_vsf_HCz9EAj,rep_vsf_HCz9EAj,3.974,-112.50,3,11.133,1.0289
rep_vsf_HCz9EAj,rep_vsf_HCz9EAj,3.974,-97.50,4,5.884,1.0287
rep_vsf_HCz9EAj,rep_vsf_HCz9EAj,3.974,-90.00,9,5.703,1.0288
rep_vsf_HCz9EAj,rep_vsf_HCz9EAj,3.974,-82.50,10,4.388,1.0244
rep_vsf_HCz9EAj,rep_vsf_HCz9EAj,3.974,-75.00,11,6.204,1.0305
rep_vsf_HCz9EAj,rep_vsf_HCz9EAj,3.974,-67.50,20,4.036,1.0232
rep_vsf_HCz9EAj,rep_vsf_HCz9EAj,3.974,-60.00,12,3.213,1.0194
rep_vsf_HCz9EAj,rep_vsf_HCz9EAj,3.974,-52.50,26,0.417,1.0100
rep_vsf_HCz9EAj,rep_vsf_HCz9EAj,3.974,-45.00,32,1.074,1.0064
rep_vsf_HCz9EAj,rep_vsf_HCz9EAj,3.974,-37.50,32,0.599,1.0106
rep_vsf_HCz9EAj,rep_vsf_HCz9EAj,3.974,-30.00,20,2.901,1.0167
rep_vsf_HCz9EAj,rep_vsf_HCz9EAj,3.974,-22.50,22,1.589,1.0058
rep_vsf_HCz9EAj,rep_vsf_HCz9EAj,3.974,-15.00,16,1.920,1.0036
rep_vsf_HCz9EAj,rep_vsf_HCz9EAj,3.974,-7.50,14,0.879,1.0124
rep_cf_bpdi5xV,rep_cf_bpdi5xV,4.008,0.00,3,8.612,0.9834
rep_cf_bpdi5xV,rep_cf_bpdi5xV,4.008,30.00,4,3.532,0.9996
rep_cf_bpdi5xV,rep_cf_bpdi5xV,4.008,37.50,10,6.446,0.9893
rep_cf_bpdi5xV,rep_cf_bpdi5xV,4.008,45.00,4,9.003,0.9845
rep_cf_bpdi5xV,rep_cf_bpdi5xV,4.008,67.50,5,8.562,0.9839
rep_cf_bpdi5xV,rep_cf_bpdi5xV,4.008,82.50,8,1.512,1.0081
rep_cf_bpdi5xV,rep_cf_bpdi5xV,4.008,90.00,14,4.307,1.0162
rep_cf_bpdi5xV,rep_cf_bpdi5xV,4.008,97.50,7,5.349,1.0256
rep_cf_bpdi5xV,rep_cf_bpdi5xV,4.008,105.00,5,3.293,1.0206
rep_cf_bpdi5xV,rep_cf_bpdi5xV,4.008,112.50,11,5.497,1.0187
rep_cf_bpdi5xV,rep_cf_bpdi5xV,4.008,120.00,8,5.678,1.0227
rep_cf_bpdi5xV,rep_cf_bpdi5xV,4.008,127.50,3,5.997,1.0262
rep_cf_bpdi5xV,rep_cf_bpdi5xV,4.008,135.00,3,7.264,1.0265
rep_cf_bpdi5xV,rep_cf_bpdi5xV,4.008,157.50,9,8.077,1.0357
rep_cf_bpdi5xV,rep_cf_bpdi5xV,4.008,165.00,8,5.405,1.0239
rep_cf_bpdi5xV,rep_cf_bpdi5xV,4.008,172.50,10,2.699,1.0169
rep_cf_bpdi5xV,rep_cf_bpdi5xV,4.008,180.00,16,3.601,1.0212
rep_cf_bpdi5xV,rep_cf_bpdi5xV,4.008,-172.50,13,4.110,1.0050
rep_cf_bpdi5xV,rep_cf_bpdi5xV,4.008,-165.00,8,5.139,1.0240
rep_cf_bpdi5xV,rep_cf_bpdi5xV,4.008,-157.50,11,1.484,1.0103
rep_cf_bpdi5xV,rep_cf_bpdi5xV,4.008,-150.00,14,3.779,1.0227
rep_cf_bpdi5xV,rep_cf_bpdi5xV,4.008,-142.50,13,2.609,1.0177
rep_cf_bpdi5xV,rep_cf_bpdi5xV,4.008,-135.00,10,6.774,1.0322
rep_cf_bpdi5xV,rep_cf_bpdi5xV,4.008,-127.50,13,2.152,1.0168
rep_cf_bpdi5xV,rep_cf_bpdi5xV,4.008,-120.00,16,3.287,1.0211
rep_cf_bpdi5xV,rep_cf_bpdi5xV,4.008,-112.50,10,6.944,1.0337
rep_cf_bpdi5xV,rep_cf_bpdi5xV,4.008,-105.00,6,8.577,1.0391
rep_cf_bpdi5xV,rep_cf_bpdi5xV,4.008,-97.50,8,6.357,1.0313
rep_cf_bpdi5xV,rep_cf_bpdi5xV,4.008,-90.00,7,8.570,1.0389
rep_cf_bpdi5xV,rep_cf_bpdi5xV,4.008,-82.50,6,8.629,1.0389
rep_cf_bpdi5xV,rep_cf_bpdi5xV,4.008,-75.00,8,8.620,1.0387
rep_cf_bpdi5xV,rep_cf_bpdi5xV,4.008,-67.50,3,11.920,1.0386
rep_cf_bpdi5xV,rep_cf_bpdi5xV,4.008,-60.00,16,3.825,1.0228
rep_cf_bpdi5xV,rep_cf_bpdi5xV,4.008,-52.50,11,5.695,1.0282
rep_cf_bpdi5xV,rep_cf_bpdi5xV,4.008,-45.00,8,8.144,1.0374
rep_cf_bpdi5xV,rep_cf_bpdi5xV,4.008,-37.50,8,8.051,1.0371
rep_cf_bpdi5xV,rep_cf_bpdi5xV,4.008,-30.00,8,8.117,1.0367
rep_vsf_HCz9EAj,rep_vsf_HCz9EAj,4.073,0.00,6,3.528,1.0142
rep_vsf_HCz9EAj,rep_vsf_HCz9EAj,4.073,7.50,7,7.979,1.0137
rep_vsf_HCz9EAj,rep_vsf_HCz9EAj,4.073,22.50,8,3.301,1.0021
rep_vsf_HCz9EAj,rep_vsf_HCz9EAj,4.073,30.00,12,2.531,1.0040
rep_vsf_HCz9EAj,rep_vsf_HCz9EAj,4.073,37.50,4,8.805,1.0284
rep_vsf_HCz9EAj,rep_vsf_HCz9EAj,4.073,52.50,15,3.324,1.0172
rep_vsf_HCz9EAj,rep_vsf_HCz9EAj,4.073,60.00,16,2.663,1.0161
rep_vsf_HCz9EAj,rep_vsf_HCz9EAj,4.073,67.50,3,14.607,1.0464
rep_vsf_HCz9EAj,rep_vsf_HCz9EAj,4.073,82.50,9,10.443,1.0365
rep_vsf_HCz9EAj,rep_vsf_HCz9EAj,4.073,90.00,10,7.783,1.0323
rep_vsf_HCz9EAj,rep_vsf_HCz9EAj,4.073,97.50,6,9.727,1.0338
rep_vsf_HCz9EAj,rep_vsf_HCz9EAj,4.073,112.50,8,9.534,1.0317
rep_vsf_HCz9EAj,rep_vsf_HCz9EAj,4.073,120.00,11,4.876,1.0239
rep_vsf_HCz9EAj,rep_vsf_HCz9EAj,4.073,127.50,5,11.185,1.0383
rep_vsf_HCz9EAj,rep_vsf_HCz9EAj,4.073,142.50,14,8.282,1.0332
rep_vsf_HCz9EAj,rep_vsf_HCz9EAj,4.073,150.00,14,5.774,1.0251
rep_vsf_HCz9EAj,rep_vsf_HCz9EAj,4.073,157.50,8,10.997,1.0397
rep_vsf_HCz9EAj,rep_vsf_HCz9EAj,4.073,165.00,9,4.884,1.0198
rep_vsf_HCz9EAj,rep_vsf_HCz9EAj,4.073,172.50,10,5.002,1.0110
rep_vsf_HCz9EAj,rep_vsf_HCz9EAj,4.073,-172.50,4,5.549,1.0083
rep_vsf_HCz9EAj,rep_vsf_HCz9EAj,4.073,-165.00,8,3.536,1.0191
rep_vsf_HCz9EAj,rep_vsf_HCz9EAj,4.073,-157.50,10,5.152,1.0068
rep_vsf_HCz9EAj,rep_vsf_HCz9EAj,4.073,-150.00,10,2.018,1.0143
rep_vsf_HCz9EAj,rep_vsf_HCz9EAj,4.073,-142.50,4,6.951,0.9974
rep_vsf_HCz9EAj,rep_vsf_HCz9EAj,4.073,-127.50,7,4.400,0.9996
rep_vsf_HCz9EAj,rep_vsf_HCz9EAj,4.073,-112.50,7,5.309,1.0167
rep_vsf_HCz9EAj,rep_vsf_HCz9EAj,4.073,-97.50,13,3.822,1.0013
rep_vsf_HCz9EAj,rep_vsf_HCz9EAj,4.073,-90.00,4,12.760,0.9970
rep_vsf_HCz9EAj,rep_vsf_HCz9EAj,4.073,-82.50,6,9.587,0.9888
rep_vsf_HCz9EAj,rep_vsf_HCz9EAj,4.073,-67.50,11,5.979,0.9942
rep_vsf_HCz9EAj,rep_vsf_HCz9EAj,4.073,-52.50,6,10.687,0.9869
rep_vsf_HCz9EAj,rep_vsf_HCz9EAj,4.073,-37.50,7,14.231,0.9704
rep_vsf_HCz9EAj,rep_vsf_HCz9EAj,4.073,-30.00,4,4.888,1.0033
rep_vsf_HCz9EAj,rep_vsf_HCz9EAj,4.073,-22.50,4,7.543,1.0132
rep_vsf_HCz9EAj,rep_vsf_HCz9EAj,4.073,-7.50,13,2.857,1.0161
rep_cf_6I00d8w,rep_cf_6I00d8w,4.189,7.50,7,2.049,1.0191
rep_cf_6I00d8w,rep_cf_6I00d8w,4.189,15.00,4,2.388,0.9977
rep_cf_6I00d8w,rep_cf_6I00d8w,4.189,22.50,10,2.846,0.9966
rep_cf_6I00d8w,rep_cf_6I00d8w,4.189,30.00,8,1.085,1.0047
rep_cf_6I00d8w,rep_cf_6I00d8w,4.189,37.50,8,1.077,1.0104
rep_cf_6I00d8w,rep_cf_6I00d8w,4.189,45.00,7,0.948,1.0097
rep_cf_6I00d8w,rep_cf_6I00d8w,4.189,52.50,17,1.733,1.0009
rep_cf_6I00d8w,rep_cf_6I00d8w,4.189,60.00,18,1.913,0.9998
rep_cf_6I00d8w,rep_cf_6I00d8w,4.189,67.50,15,2.168,0.9986
rep_cf_6I00d8w,rep_cf_6I00d8w,4.189,75.00,12,2.067,0.9990
rep_cf_6I00d8w,rep_cf_6I00d8w,4.189,82.50,13,2.806,0.9954
rep_cf_6I00d8w,rep_cf_6I00d8w,4.189,90.00,3,5.111,0.9848
rep_cf_6I00d8w,rep_cf_6I00d8w,4.189,97.50,12,3.317,0.9930
rep_cf_6I00d8w,rep_cf_6I00d8w,4.189,105.00,14,2.864,0.9950
rep_cf_6I00d8w,rep_cf_6I00d8w,4.189,112.50,15,2.711,0.9956
rep_cf_6I00d8w,rep_cf_6I00d8w,4.189,120.00,16,2.622,0.9961
rep_cf_6I00d8w,rep_cf_6I00d8w,4.189,127.50,17,2.191,0.9997
rep_cf_6I00d8w,rep_cf_6I00d8w,4.189,135.00,14,2.003,1.0012
rep_cf_6I00d8w,rep_cf_6I00d8w,4.189,142.50,12,1.372,1.0043
rep_cf_6I00d8w,rep_cf_6I00d8w,4.189,150.00,15,4.371,0.9872
rep_cf_6I00d8w,rep_cf_6I00d8w,4.189,157.50,4,6.044,0.9894
rep_cf_6I00d8w,rep_cf_6I00d8w,4.189,165.00,4,1.924,1.0002
rep_cf_6I00d8w,rep_cf_6I00d8w,4.189,172.50,12,1.777,1.0186
rep_cf_6I00d8w,rep_cf_6I00d8w,4.189,180.00,13,2.143,1.0209
rep_cf_6I00d8w,rep_cf_6I00d8w,4.189,-172.50,11,4.913,1.0351
rep_cf_6I00d8w,rep_cf_6I00d8w,4.189,-165.00,8,0.759,1.0123
rep_cf_6I00d8w,rep_cf_6I00d8w,4.189,-157.50,14,0.831,1.0130
rep_cf_6I00d8w,rep_cf_6I00d8w,4.189,-150.00,14,1.513,1.0176
rep_cf_6I00d8w,rep_cf_6I00d8w,4.189,-142.50,18,0.369,1.0119
rep_cf_6I00d8w,rep_cf_6I00d8w,4.189,-135.00,18,0.204,1.0110
rep_cf_6I00d8w,rep_cf_6I00d8w,4.189,-127.50,15,0.561,1.0071
rep_cf_6I00d8w,rep_cf_6I00d8w,4.189,-120.00,11,1.987,1.0103
rep_cf_6I00d8w,rep_cf_6I00d8w,4.189,-112.50,18,2.511,1.0013
rep_cf_6I00d8w,rep_cf_6I00d8w,4.189,-105.00,11,3.429,0.9919
rep_cf_6I00d8w,rep_cf_6I00d8w,4.189,-97.50,14,3.572,0.9920
rep_cf_6I00d8w,rep_cf_6I00d8w,4.189,-90.00,13,4.403,0.9876
rep_cf_6I00d8w,rep_cf_6I00d8w,4.189,-82.50,16,2.609,0.9962
rep_cf_6I00d8w,rep_cf_6I00d8w,4.189,-75.00,17,2.584,0.9979
rep_cf_6I00d8w,rep_cf_6I00d8w,4.189,-67.50,13,2.584,0.9987
rep_cf_6I00d8w,rep_cf_6I00d8w,4.189,-60.00,13,1.877,1.0013
rep_cf_6I00d8w,rep_cf_6I00d8w,4.189,-52.50,18,0.492,1.0102
rep_cf_6I00d8w,rep_cf_6I00d8w,4.189,-45.00,18,0.410,1.0103
rep_cf_6I00d8w,rep_cf_6I00d8w,4.189,-37.50,20,0.179,1.0092
rep_cf_6I00d8w,rep_cf_6I00d8w,4.189,-30.00,24,0.418,1.0112
rep_cf_6I00d8w,rep_cf_6I00d8w,4.189,-22.50,16,2.379,1.0195
rep_cf_6I00d8w,rep_cf_6I00d8w,4.189,-15.00,15,2.606,1.0239
rep_cf_6I00d8w,rep_cf_6I00d8w,4.189,-7.50,15,1.754,1.0191
gen_wex_3KSuGhC,gen_wex_3KSuGhC,4.418,0.00,7,4.237,1.0097
gen_wex_3KSuGhC,gen_wex_3KSuGhC,4.418,7.50,8,3.477,1.0005
gen_wex_3KSuGhC,gen_wex_3KSuGhC,4.418,30.00,12,2.572,1.0172
gen_wex_3KSuGhC,gen_wex_3KSuGhC,4.418,37.50,11,2.373,1.0116
gen_wex_3KSuGhC,gen_wex_3KSuGhC,4.418,45.00,5,7.399,1.0086
gen_wex_3KSuGhC,gen_wex_3KSuGhC,4.418,60.00,14,2.428,1.0160
gen_wex_3KSuGhC,gen_wex_3KSuGhC,4.418,67.50,10,0.868,1.0091
gen_wex_3KSuGhC,gen_wex_3KSuGhC,4.418,90.00,9,3.772,1.0188
gen_wex_3KSuGhC,gen_wex_3KSuGhC,4.418,97.50,11,4.328,1.0226
gen_wex_3KSuGhC,gen_wex_3KSuGhC,4.418,112.50,7,8.217,1.0266
gen_wex_3KSuGhC,gen_wex_3KSuGhC,4.418,120.00,10,3.655,1.0213
gen_wex_3KSuGhC,gen_wex_3KSuGhC,4.418,127.50,7,11.794,1.0132
gen_wex_3KSuGhC,gen_wex_3KSuGhC,4.418,135.00,11,7.864,1.0147
gen_wex_3KSuGhC,gen_wex_3KSuGhC,4.418,142.50,4,4.270,1.0092
gen_wex_3KSuGhC,gen_wex_3KSuGhC,4.418,150.00,8,1.655,1.0148
gen_wex_3KSuGhC,gen_wex_3KSuGhC,4.418,157.50,8,6.631,1.0054
gen_wex_3KSuGhC,gen_wex_3KSuGhC,4.418,180.00,6,7.807,0.9938
gen_wex_3KSuGhC,gen_wex_3KSuGhC,4.418,-172.50,8,2.821,1.0014
gen_wex_3KSuGhC,gen_wex_3KSuGhC,4.418,-150.00,8,2.897,1.0126
gen_wex_3KSuGhC,gen_wex_3KSuGhC,4.418,-142.50,5,5.213,1.0142
gen_wex_3KSuGhC,gen_wex_3KSuGhC,4.418,-120.00,6,4.658,1.0043
gen_wex_3KSuGhC,gen_wex_3KSuGhC,4.418,-112.50,6,1.906,1.0109
gen_wex_3KSuGhC,gen_wex_3KSuGhC,4.418,-90.00,3,4.899,1.0135
gen_wex_3KSuGhC,gen_wex_3KSuGhC,4.418,-82.50,9,3.390,1.0000
gen_wex_3KSuGhC,gen_wex_3KSuGhC,4.418,-60.00,6,3.272,1.0003
gen_wex_3KSuGhC,gen_wex_3KSuGhC,4.418,-52.50,8,0.795,1.0118
gen_wex_3KSuGhC,gen_wex_3KSuGhC,4.418,-30.00,10,3.660,1.0209
gen_wex_3KSuGhC,gen_wex_3KSuGhC,4.418,-22.50,10,9.519,1.0121
rep_vsf_sh7PSsh,rep_vsf_sh7PSsh,4.510,0.00,24,1.834,1.0191
rep_vsf_sh7PSsh,rep_vsf_sh7PSsh,4.510,7.50,14,3.041,1.0254
rep_vsf_sh7PSsh,rep_vsf_sh7PSsh,4.510,15.00,10,3.825,1.0295
rep_vsf_sh7PSsh,rep_vsf_sh7PSsh,4.510,22.50,17,0.726,1.0081
rep_vsf_sh7PSsh,rep_vsf_sh7PSsh,4.510,30.00,26,1.294,1.0166
rep_vsf_sh7PSsh,rep_vsf_sh7PSsh,4.510,37.50,35,0.496,1.0125
rep_vsf_sh7PSsh,rep_vsf_sh7PSsh,4.510,45.00,18,2.455,1.0212
rep_vsf_sh7PSsh,rep_vsf_sh7PSsh,4.510,52.50,13,2.911,0.9953
rep_vsf_sh7PSsh,rep_vsf_sh7PSsh,4.510,60.00,14,2.392,0.9978
rep_vsf_sh7PSsh,rep_vsf_sh7PSsh,4.510,67.50,11,3.512,0.9921
rep_vsf_sh7PSsh,rep_vsf_sh7PSsh,4.510,75.00,4,1.990,1.0006
rep_vsf_sh7PSsh,rep_vsf_sh7PSsh,4.510,82.50,5,2.861,1.0117
rep_vsf_sh7PSsh,rep_vsf_sh7PSsh,4.510,105.00,5,4.774,0.9855
rep_vsf_sh7PSsh,rep_vsf_sh7PSsh,4.510,112.50,9,1.259,1.0042
rep_vsf_sh7PSsh,rep_vsf_sh7PSsh,4.510,120.00,6,2.374,1.0122
rep_vsf_sh7PSsh,rep_vsf_sh7PSsh,4.510,127.50,9,0.654,1.0129
rep_vsf_sh7PSsh,rep_vsf_sh7PSsh,4.510,135.00,12,2.144,1.0030
rep_vsf_sh7PSsh,rep_vsf_sh7PSsh,4.510,142.50,19,3.357,0.9931
rep_vsf_sh7PSsh,rep_vsf_sh7PSsh,4.510,150.00,18,2.343,0.9987
rep_vsf_sh7PSsh,rep_vsf_sh7PSsh,4.510,157.50,12,2.549,0.9973
rep_vsf_sh7PSsh,rep_vsf_sh7PSsh,4.510,165.00,3,1.003,1.0110
rep_vsf_sh7PSsh,rep_vsf_sh7PSsh,4.510,172.50,3,4.283,0.9992
rep_vsf_sh7PSsh,rep_vsf_sh7PSsh,4.510,180.00,5,2.883,1.0036
rep_vsf_sh7PSsh,rep_vsf_sh7PSsh,4.510,-172.50,3,2.536,1.0014
rep_vsf_sh7PSsh,rep_vsf_sh7PSsh,4.510,-165.00,5,1.760,1.0012
rep_vsf_sh7PSsh,rep_vsf_sh7PSsh,4.510,-157.50,9,1.068,1.0057
rep_vsf_sh7PSsh,rep_vsf_sh7PSsh,4.510,-150.00,21,2.590,0.9989
rep_vsf_sh7PSsh,rep_vsf_sh7PSsh,4.510,-142.50,23,3.096,1.0224
rep_vsf_sh7PSsh,rep_vsf_sh7PSsh,4.510,-135.00,24,3.213,1.0252
rep_vsf_sh7PSsh,rep_vsf_sh7PSsh,4.510,-127.50,20,3.803,1.0235
rep_vsf_sh7PSsh,rep_vsf_sh7PSsh,4.510,-120.00,20,3.042,1.0250
rep_vsf_sh7PSsh,rep_vsf_sh7PSsh,4.510,-112.50,19,2.900,1.0239
rep_vsf_sh7PSsh,rep_vsf_sh7PSsh,4.510,-105.00,13,3.290,1.0236
rep_vsf_sh7PSsh,rep_vsf_sh7PSsh,4.510,-97.50,16,2.529,1.0221
rep_vsf_sh7PSsh,rep_vsf_sh7PSsh,4.510,-90.00,27,2.134,1.0196
rep_vsf_sh7PSsh,rep_vsf_sh7PSsh,4.510,-82.50,17,2.517,1.0222
rep_vsf_sh7PSsh,rep_vsf_sh7PSsh,4.510,-75.00,13,2.369,1.0220
rep_vsf_sh7PSsh,rep_vsf_sh7PSsh,4.510,-67.50,19,2.319,1.0203
rep_vsf_sh7PSsh,rep_vsf_sh7PSsh,4.510,-60.00,28,1.407,1.0163
rep_vsf_sh7PSsh,rep_vsf_sh7PSsh,4.510,-52.50,24,2.055,1.0203
rep_vsf_sh7PSsh,rep_vsf_sh7PSsh,4.510,-45.00,25,2.224,1.0209
rep_vsf_sh7PSsh,rep_vsf_sh7PSsh,4.510,-37.50,19,0.324,1.0114
rep_vsf_sh7PSsh,rep_vsf_sh7PSsh,4.510,-30.00,22,2.723,0.9965
rep_vsf_sh7PSsh,rep_vsf_sh7PSsh,4.510,-22.50,16,0.560,1.0085
rep_vsf_sh7PSsh,rep_vsf_sh7PSsh,4.510,-15.00,16,0.278,1.0108
rep_vsf_sh7PSsh,rep_vsf_sh7PSsh,4.510,-7.50,18,1.464,1.0174
rep_vsf_GKJDidL,rep_vsf_GKJDidL,4.819,0.00,18,3.792,0.9966
rep_vsf_GKJDidL,rep_vsf_GKJDidL,4.819,15.00,6,4.953,0.9933
rep_vsf_GKJDidL,rep_vsf_GKJDidL,4.819,30.00,22,0.504,1.0100
rep_vsf_GKJDidL,rep_vsf_GKJDidL,4.819,45.00,7,6.932,0.9889
rep_vsf_GKJDidL,rep_vsf_GKJDidL,4.819,60.00,7,5.556,0.9936
rep_vsf_GKJDidL,rep_vsf_GKJDidL,4.819,67.50,9,3.902,0.9965
rep_vsf_GKJDidL,rep_vsf_GKJDidL,4.819,75.00,6,7.814,0.9833
rep_vsf_GKJDidL,rep_vsf_GKJDidL,4.819,90.00,8,6.713,0.9888
rep_vsf_GKJDidL,rep_vsf_GKJDidL,4.819,97.50,10,4.572,1.0133
rep_vsf_GKJDidL,rep_vsf_GKJDidL,4.819,105.00,4,7.583,0.9846
rep_vsf_GKJDidL,rep_vsf_GKJDidL,4.819,120.00,11,4.829,0.9936
rep_vsf_GKJDidL,rep_vsf_GKJDidL,4.819,127.50,9,6.428,0.9931
rep_vsf_GKJDidL,rep_vsf_GKJDidL,4.819,135.00,5,10.513,0.9747
rep_vsf_GKJDidL,rep_vsf_GKJDidL,4.819,142.50,10,9.999,0.9911
rep_vsf_GKJDidL,rep_vsf_GKJDidL,4.819,150.00,14,7.328,0.9852
rep_vsf_GKJDidL,rep_vsf_GKJDidL,4.819,157.50,6,10.938,0.9788
rep_vsf_GKJDidL,rep_vsf_GKJDidL,4.819,165.00,9,13.710,0.9635
rep_vsf_GKJDidL,rep_vsf_GKJDidL,4.819,172.50,10,6.960,0.9917
rep_vsf_GKJDidL,rep_vsf_GKJDidL,4.819,180.00,19,7.465,0.9847
rep_vsf_GKJDidL,rep_vsf_GKJDidL,4.819,-165.00,4,14.030,0.9638
rep_vsf_GKJDidL,rep_vsf_GKJDidL,4.819,-157.50,9,7.486,0.9870
rep_vsf_GKJDidL,rep_vsf_GKJDidL,4.819,-150.00,8,4.856,0.9986
rep_vsf_GKJDidL,rep_vsf_GKJDidL,4.819,-142.50,12,7.943,0.9932
rep_vsf_GKJDidL,rep_vsf_GKJDidL,4.819,-135.00,4,10.946,0.9735
rep_vsf_GKJDidL,rep_vsf_GKJDidL,4.819,-127.50,7,5.088,0.9964
rep_vsf_GKJDidL,rep_vsf_GKJDidL,4.819,-120.00,9,3.064,0.9998
rep_vsf_GKJDidL,rep_vsf_GKJDidL,4.819,-112.50,9,2.208,1.0175
rep_vsf_GKJDidL,rep_vsf_GKJDidL,4.819,-97.50,4,7.773,1.0174
rep_vsf_GKJDidL,rep_vsf_GKJDidL,4.819,-60.00,12,2.705,1.0190
rep_vsf_GKJDidL,rep_vsf_GKJDidL,4.819,-45.00,4,4.338,0.9948
rep_vsf_GKJDidL,rep_vsf_GKJDidL,4.819,-30.00,10,8.091,0.9814
rep_vsf_GKJDidL,rep_vsf_GKJDidL,4.819,-15.00,7,3.984,1.0076
rep_cf_bpdi5xV,rep_cf_bpdi5xV,5.024,0.00,9,4.140,1.0358
rep_cf_bpdi5xV,rep_cf_bpdi5xV,5.024,7.50,8,4.105,1.0356
rep_cf_bpdi5xV,rep_cf_bpdi5xV,5.024,15.00,6,4.112,1.0355
rep_cf_bpdi5xV,rep_cf_bpdi5xV,5.024,22.50,8,4.060,1.0352
rep_cf_bpdi5xV,rep_cf_bpdi5xV,5.024,30.00,9,4.034,1.0351
rep_cf_bpdi5xV,rep_cf_bpdi5xV,5.024,37.50,13,2.556,1.0223
rep_cf_bpdi5xV,rep_cf_bpdi5xV,5.024,45.00,16,1.060,1.0161
rep_cf_bpdi5xV,rep_cf_bpdi5xV,5.024,52.50,15,1.835,1.0177
rep_cf_bpdi5xV,rep_cf_bpdi5xV,5.024,60.00,18,1.532,1.0188
rep_cf_bpdi5xV,rep_cf_bpdi5xV,5.024,67.50,13,1.346,1.0160
rep_cf_bpdi5xV,rep_cf_bpdi5xV,5.024,75.00,17,0.990,1.0080
rep_cf_bpdi5xV,rep_cf_bpdi5xV,5.024,82.50,7,4.141,1.0359
rep_cf_bpdi5xV,rep_cf_bpdi5xV,5.024,90.00,9,4.188,1.0362
rep_cf_bpdi5xV,rep_cf_bpdi5xV,5.024,97.50,9,4.245,1.0365
rep_cf_bpdi5xV,rep_cf_bpdi5xV,5.024,105.00,16,1.986,1.0206
rep_cf_bpdi5xV,rep_cf_bpdi5xV,5.024,112.50,7,3.783,1.0335
rep_cf_bpdi5xV,rep_cf_bpdi5xV,5.024,120.00,8,4.404,1.0376
rep_cf_bpdi5xV,rep_cf_bpdi5xV,5.024,127.50,8,4.300,1.0369
rep_cf_bpdi5xV,rep_cf_bpdi5xV,5.024,135.00,9,4.367,1.0373
rep_cf_bpdi5xV,rep_cf_bpdi5xV,5.024,142.50,8,3.694,1.0330
rep_cf_bpdi5xV,rep_cf_bpdi5xV,5.024,150.00,10,3.881,1.0342
rep_cf_bpdi5xV,rep_cf_bpdi5xV,5.024,157.50,9,4.597,1.0387
rep_cf_bpdi5xV,rep_cf_bpdi5xV,5.024,165.00,7,3.348,1.0311
rep_cf_bpdi5xV,rep_cf_bpdi5xV,5.024,172.50,16,0.558,1.0133
rep_cf_bpdi5xV,rep_cf_bpdi5xV,5.024,180.00,9,3.922,0.9878
rep_cf_bpdi5xV,rep_cf_bpdi5xV,5.024,-172.50,14,2.211,1.0232
rep_cf_bpdi5xV,rep_cf_bpdi5xV,5.024,-165.00,20,2.074,1.0157
rep_cf_bpdi5xV,rep_cf_bpdi5xV,5.024,-157.50,16,0.926,1.0120
rep_cf_bpdi5xV,rep_cf_bpdi5xV,5.024,-150.00,17,1.842,1.0217
rep_cf_bpdi5xV,rep_cf_bpdi5xV,5.024,-142.50,15,2.133,1.0221
rep_cf_bpdi5xV,rep_cf_bpdi5xV,5.024,-135.00,10,4.566,1.0389
rep_cf_bpdi5xV,rep_cf_bpdi5xV,5.024,-127.50,8,4.596,1.0391
rep_cf_bpdi5xV,rep_cf_bpdi5xV,5.024,-120.00,7,4.822,1.0405
rep_cf_bpdi5xV,rep_cf_bpdi5xV,5.024,-112.50,4,5.214,1.0410
rep_cf_bpdi5xV,rep_cf_bpdi5xV,5.024,-105.00,4,4.650,1.0388
rep_cf_bpdi5xV,rep_cf_bpdi5xV,5.024,-97.50,5,4.198,1.0364
rep_cf_bpdi5xV,rep_cf_bpdi5xV,5.024,-82.50,5,4.443,1.0365
rep_cf_bpdi5xV,rep_cf_bpdi5xV,5.024,-75.00,5,5.377,1.0434
rep_cf_bpdi5xV,rep_cf_bpdi5xV,5.024,-67.50,7,4.836,1.0391
rep_cf_bpdi5xV,rep_cf_bpdi5xV,5.024,-60.00,11,2.453,1.0246
rep_cf_bpdi5xV,rep_cf_bpdi5xV,5.024,-52.50,15,1.323,1.0178
rep_cf_bpdi5xV,rep_cf_bpdi5xV,5.024,-45.00,11,2.856,1.0277
rep_cf_bpdi5xV,rep_cf_bpdi5xV,5.024,-37.50,10,4.383,1.0373
rep_cf_bpdi5xV,rep_cf_bpdi5xV,5.024,-30.00,10,4.435,1.0372
rep_cf_bpdi5xV,rep_cf_bpdi5xV,5.024,-22.50,8,4.193,1.0362
rep_cf_bpdi5xV,rep_cf_bpdi5xV,5.024,-15.00,8,4.178,1.0361
rep_cf_bpdi5xV,rep_cf_bpdi5xV,5.024,-7.50,5,3.899,1.0343
rep_vsf_KfRKFwA,rep_vsf_KfRKFwA,5.386,0.00,9,7.175,1.0428
rep_vsf_KfRKFwA,rep_vsf_KfRKFwA,5.386,7.50,5,7.170,1.0427
rep_vsf_KfRKFwA,rep_vsf_KfRKFwA,5.386,15.00,9,7.163,1.0426
rep_vsf_KfRKFwA,rep_vsf_KfRKFwA,5.386,22.50,8,7.161,1.0426
rep_vsf_KfRKFwA,rep_vsf_KfRKFwA,5.386,30.00,9,7.180,1.0427
rep_vsf_KfRKFwA,rep_vsf_KfRKFwA,5.386,37.50,9,6.833,1.0408
rep_vsf_KfRKFwA,rep_vsf_KfRKFwA,5.386,45.00,20,0.781,1.0133
rep_vsf_KfRKFwA,rep_vsf_KfRKFwA,5.386,52.50,28,0.378,1.0100
rep_vsf_KfRKFwA,rep_vsf_KfRKFwA,5.386,60.00,18,1.549,1.0030
rep_vsf_KfRKFwA,rep_vsf_KfRKFwA,5.386,67.50,22,0.485,1.0116
rep_vsf_KfRKFwA,rep_vsf_KfRKFwA,5.386,75.00,19,0.992,1.0121
rep_vsf_KfRKFwA,rep_vsf_KfRKFwA,5.386,82.50,17,0.810,1.0082
rep_vsf_KfRKFwA,rep_vsf_KfRKFwA,5.386,90.00,11,0.651,1.0120
rep_vsf_KfRKFwA,rep_vsf_KfRKFwA,5.386,97.50,11,3.251,1.0028
rep_vsf_KfRKFwA,rep_vsf_KfRKFwA,5.386,105.00,4,6.152,1.0376
rep_vsf_KfRKFwA,rep_vsf_KfRKFwA,5.386,112.50,11,6.339,1.0380
rep_vsf_KfRKFwA,rep_vsf_KfRKFwA,5.386,120.00,18,5.700,1.0360
rep_vsf_KfRKFwA,rep_vsf_KfRKFwA,5.386,127.50,10,3.265,1.0250
rep_vsf_KfRKFwA,rep_vsf_KfRKFwA,5.386,135.00,16,5.602,1.0356
rep_vsf_KfRKFwA,rep_vsf_KfRKFwA,5.386,142.50,17,5.987,1.0376
rep_vsf_KfRKFwA,rep_vsf_KfRKFwA,5.386,150.00,12,5.389,1.0345
rep_vsf_KfRKFwA,rep_vsf_KfRKFwA,5.386,157.50,5,3.696,1.0239
rep_vsf_KfRKFwA,rep_vsf_KfRKFwA,5.386,165.00,16,3.453,1.0241
rep_vsf_KfRKFwA,rep_vsf_KfRKFwA,5.386,172.50,17,3.808,1.0268
rep_vsf_KfRKFwA,rep_vsf_KfRKFwA,5.386,180.00,9,2.968,1.0224
rep_vsf_KfRKFwA,rep_vsf_KfRKFwA,5.386,-172.50,9,0.359,1.0111
rep_vsf_KfRKFwA,rep_vsf_KfRKFwA,5.386,-165.00,11,0.542,1.0125
rep_vsf_KfRKFwA,rep_vsf_KfRKFwA,5.386,-157.50,12,0.557,1.0120
rep_vsf_KfRKFwA,rep_vsf_KfRKFwA,5.386,-150.00,4,6.855,1.0205
rep_vsf_KfRKFwA,rep_vsf_KfRKFwA,5.386,-142.50,12,2.079,1.0167
rep_vsf_KfRKFwA,rep_vsf_KfRKFwA,5.386,-135.00,11,3.417,1.0210
rep_vsf_KfRKFwA,rep_vsf_KfRKFwA,5.386,-127.50,3,5.689,1.0345
rep_vsf_KfRKFwA,rep_vsf_KfRKFwA,5.386,-120.00,5,4.603,1.0312
rep_vsf_KfRKFwA,rep_vsf_KfRKFwA,5.386,-112.50,15,2.073,1.0180
rep_vsf_KfRKFwA,rep_vsf_KfRKFwA,5.386,-105.00,9,2.712,1.0217
rep_vsf_KfRKFwA,rep_vsf_KfRKFwA,5.386,-97.50,14,3.809,1.0276
rep_vsf_KfRKFwA,rep_vsf_KfRKFwA,5.386,-90.00,11,4.790,1.0313
rep_vsf_KfRKFwA,rep_vsf_KfRKFwA,5.386,-82.50,15,4.299,1.0299
rep_vsf_KfRKFwA,rep_vsf_KfRKFwA,5.386,-75.00,16,3.877,1.0277
rep_vsf_KfRKFwA,rep_vsf_KfRKFwA,5.386,-67.50,15,3.493,1.0230
rep_vsf_KfRKFwA,rep_vsf_KfRKFwA,5.386,-60.00,22,3.542,1.0254
rep_vsf_KfRKFwA,rep_vsf_KfRKFwA,5.386,-52.50,19,2.839,1.0227
rep_vsf_KfRKFwA,rep_vsf_KfRKFwA,5.386,-45.00,21,3.130,1.0244
rep_vsf_KfRKFwA,rep_vsf_KfRKFwA,5.386,-37.50,20,1.679,1.0174
rep_vsf_KfRKFwA,rep_vsf_KfRKFwA,5.386,-30.00,25,1.552,1.0171
rep_vsf_KfRKFwA,rep_vsf_KfRKFwA,5.386,-22.50,13,1.294,1.0159
rep_vsf_KfRKFwA,rep_vsf_KfRKFwA,5.386,-15.00,16,0.794,1.0078
rep_vsf_KfRKFwA,rep_vsf_KfRKFwA,5.386,-7.50,9,3.769,1.0083
gen_wex_3KSuGhC,gen_wex_3KSuGhC,5.541,0.00,10,3.338,1.0206
gen_wex_3KSuGhC,gen_wex_3KSuGhC,5.541,7.50,14,3.714,1.0202
gen_wex_3KSuGhC,gen_wex_3KSuGhC,5.541,15.00,12,4.186,1.0226
gen_wex_3KSuGhC,gen_wex_3KSuGhC,5.541,22.50,18,2.875,1.0190
gen_wex_3KSuGhC,gen_wex_3KSuGhC,5.541,30.00,17,4.286,1.0233
gen_wex_3KSuGhC,gen_wex_3KSuGhC,5.541,37.50,20,1.077,1.0134
gen_wex_3KSuGhC,gen_wex_3KSuGhC,5.541,45.00,18,2.045,1.0159
gen_wex_3KSuGhC,gen_wex_3KSuGhC,5.541,52.50,20,1.159,1.0125
gen_wex_3KSuGhC,gen_wex_3KSuGhC,5.541,60.00,24,1.262,1.0136
gen_wex_3KSuGhC,gen_wex_3KSuGhC,5.541,67.50,19,2.348,1.0080
gen_wex_3KSuGhC,gen_wex_3KSuGhC,5.541,75.00,23,0.154,1.0103
gen_wex_3KSuGhC,gen_wex_3KSuGhC,5.541,82.50,22,0.927,1.0128
gen_wex_3KSuGhC,gen_wex_3KSuGhC,5.541,90.00,24,1.595,1.0111
gen_wex_3KSuGhC,gen_wex_3KSuGhC,5.541,97.50,19,2.234,1.0144
gen_wex_3KSuGhC,gen_wex_3KSuGhC,5.541,105.00,20,1.456,1.0084
gen_wex_3KSuGhC,gen_wex_3KSuGhC,5.541,112.50,19,1.443,1.0073
gen_wex_3KSuGhC,gen_wex_3KSuGhC,5.541,120.00,31,0.808,1.0099
gen_wex_3KSuGhC,gen_wex_3KSuGhC,5.541,127.50,25,0.746,1.0077
gen_wex_3KSuGhC,gen_wex_3KSuGhC,5.541,135.00,20,1.339,1.0104
gen_wex_3KSuGhC,gen_wex_3KSuGhC,5.541,142.50,12,4.229,1.0225
gen_wex_3KSuGhC,gen_wex_3KSuGhC,5.541,150.00,12,6.186,1.0293
gen_wex_3KSuGhC,gen_wex_3KSuGhC,5.541,157.50,20,1.199,1.0072
gen_wex_3KSuGhC,gen_wex_3KSuGhC,5.541,165.00,22,1.689,1.0051
gen_wex_3KSuGhC,gen_wex_3KSuGhC,5.541,172.50,23,0.748,1.0083
gen_wex_3KSuGhC,gen_wex_3KSuGhC,5.541,180.00,4,1.266,1.0133
gen_wex_3KSuGhC,gen_wex_3KSuGhC,5.541,-172.50,16,2.477,1.0157
gen_wex_3KSuGhC,gen_wex_3KSuGhC,5.541,-165.00,7,3.680,1.0184
gen_wex_3KSuGhC,gen_wex_3KSuGhC,5.541,-157.50,6,7.197,1.0123
gen_wex_3KSuGhC,gen_wex_3KSuGhC,5.541,-150.00,17,0.858,1.0127
gen_wex_3KSuGhC,gen_wex_3KSuGhC,5.541,-142.50,12,4.979,1.0205
gen_wex_3KSuGhC,gen_wex_3KSuGhC,5.541,-135.00,27,3.315,1.0178
gen_wex_3KSuGhC,gen_wex_3KSuGhC,5.541,-127.50,29,4.178,1.0220
gen_wex_3KSuGhC,gen_wex_3KSuGhC,5.541,-120.00,28,3.937,1.0188
gen_wex_3KSuGhC,gen_wex_3KSuGhC,5.541,-112.50,22,4.443,1.0187
gen_wex_3KSuGhC,gen_wex_3KSuGhC,5.541,-105.00,25,3.142,1.0184
gen_wex_3KSuGhC,gen_wex_3KSuGhC,5.541,-97.50,28,3.468,1.0172
gen_wex_3KSuGhC,gen_wex_3KSuGhC,5.541,-90.00,24,6.375,1.0293
gen_wex_3KSuGhC,gen_wex_3KSuGhC,5.541,-82.50,16,4.179,1.0233
gen_wex_3KSuGhC,gen_wex_3KSuGhC,5.541,-75.00,10,7.680,1.0346
gen_wex_3KSuGhC,gen_wex_3KSuGhC,5.541,-67.50,13,7.531,1.0322
gen_wex_3KSuGhC,gen_wex_3KSuGhC,5.541,-60.00,20,4.020,1.0229
gen_wex_3KSuGhC,gen_wex_3KSuGhC,5.541,-52.50,13,7.700,1.0348
gen_wex_3KSuGhC,gen_wex_3KSuGhC,5.541,-45.00,14,6.254,1.0301
gen_wex_3KSuGhC,gen_wex_3KSuGhC,5.541,-37.50,11,8.859,1.0382
gen_wex_3KSuGhC,gen_wex_3KSuGhC,5.541,-30.00,12,6.898,1.0316
gen_wex_3KSuGhC,gen_wex_3KSuGhC,5.541,-22.50,16,2.837,1.0190
gen_wex_3KSuGhC,gen_wex_3KSuGhC,5.541,-15.00,13,4.935,1.0252
gen_wex_3KSuGhC,gen_wex_3KSuGhC,5.541,-7.50,14,4.355,1.0234
rep_cf_f71234_Sw2D1Bt,rep_cf_f71234_Sw2D1Bt,5.615,0.00,15,2.753,0.9982
rep_cf_f71234_Sw2D1Bt,rep_cf_f71234_Sw2D1Bt,5.615,7.50,14,3.616,0.9937
rep_cf_f71234_Sw2D1Bt,rep_cf_f71234_Sw2D1Bt,5.615,15.00,13,3.641,0.9938
rep_cf_f71234_Sw2D1Bt,rep_cf_f71234_Sw2D1Bt,5.615,22.50,22,1.640,1.0030
rep_cf_f71234_Sw2D1Bt,rep_cf_f71234_Sw2D1Bt,5.615,30.00,5,2.253,0.9999
rep_cf_f71234_Sw2D1Bt,rep_cf_f71234_Sw2D1Bt,5.615,37.50,22,3.051,0.9974
rep_cf_f71234_Sw2D1Bt,rep_cf_f71234_Sw2D1Bt,5.615,45.00,24,3.302,0.9952
rep_cf_f71234_Sw2D1Bt,rep_cf_f71234_Sw2D1Bt,5.615,52.50,25,2.100,1.0008
rep_cf_f71234_Sw2D1Bt,rep_cf_f71234_Sw2D1Bt,5.615,60.00,24,2.533,0.9987
rep_cf_f71234_Sw2D1Bt,rep_cf_f71234_Sw2D1Bt,5.615,67.50,26,1.919,1.0017
rep_cf_f71234_Sw2D1Bt,rep_cf_f71234_Sw2D1Bt,5.615,75.00,21,2.119,1.0010
rep_cf_f71234_Sw2D1Bt,rep_cf_f71234_Sw2D1Bt,5.615,82.50,23,1.686,1.0026
rep_cf_f71234_Sw2D1Bt,rep_cf_f71234_Sw2D1Bt,5.615,90.00,16,1.127,1.0076
rep_cf_f71234_Sw2D1Bt,rep_cf_f71234_Sw2D1Bt,5.615,97.50,11,6.766,0.9801
rep_cf_f71234_Sw2D1Bt,rep_cf_f71234_Sw2D1Bt,5.615,105.00,8,7.186,0.9781
rep_cf_f71234_Sw2D1Bt,rep_cf_f71234_Sw2D1Bt,5.615,112.50,12,5.554,0.9854
rep_cf_f71234_Sw2D1Bt,rep_cf_f71234_Sw2D1Bt,5.615,120.00,20,3.381,0.9950
rep_cf_f71234_Sw2D1Bt,rep_cf_f71234_Sw2D1Bt,5.615,127.50,15,4.514,0.9899
rep_cf_f71234_Sw2D1Bt,rep_cf_f71234_Sw2D1Bt,5.615,135.00,14,4.520,0.9903
rep_cf_f71234_Sw2D1Bt,rep_cf_f71234_Sw2D1Bt,5.615,142.50,15,3.198,0.9964
rep_cf_f71234_Sw2D1Bt,rep_cf_f71234_Sw2D1Bt,5.615,150.00,9,4.625,0.9935
rep_cf_f71234_Sw2D1Bt,rep_cf_f71234_Sw2D1Bt,5.615,157.50,13,4.498,0.9911
rep_cf_f71234_Sw2D1Bt,rep_cf_f71234_Sw2D1Bt,5.615,165.00,12,4.347,0.9905
rep_cf_f71234_Sw2D1Bt,rep_cf_f71234_Sw2D1Bt,5.615,172.50,13,3.656,0.9937
rep_cf_f71234_Sw2D1Bt,rep_cf_f71234_Sw2D1Bt,5.615,180.00,10,1.551,1.0050
rep_cf_f71234_Sw2D1Bt,rep_cf_f71234_Sw2D1Bt,5.615,-172.50,21,2.510,1.0013
rep_cf_f71234_Sw2D1Bt,rep_cf_f71234_Sw2D1Bt,5.615,-165.00,18,1.342,1.0048
rep_cf_f71234_Sw2D1Bt,rep_cf_f71234_Sw2D1Bt,5.615,-157.50,16,1.960,1.0082
rep_cf_f71234_Sw2D1Bt,rep_cf_f71234_Sw2D1Bt,5.615,-150.00,27,2.726,1.0184
rep_cf_f71234_Sw2D1Bt,rep_cf_f71234_Sw2D1Bt,5.615,-142.50,22,1.596,1.0093
rep_cf_f71234_Sw2D1Bt,rep_cf_f71234_Sw2D1Bt,5.615,-135.00,19,1.471,1.0161
rep_cf_f71234_Sw2D1Bt,rep_cf_f71234_Sw2D1Bt,5.615,-127.50,21,2.522,1.0172
rep_cf_f71234_Sw2D1Bt,rep_cf_f71234_Sw2D1Bt,5.615,-120.00,11,1.178,1.0144
rep_cf_f71234_Sw2D1Bt,rep_cf_f71234_Sw2D1Bt,5.615,-112.50,21,1.017,1.0107
rep_cf_f71234_Sw2D1Bt,rep_cf_f71234_Sw2D1Bt,5.615,-105.00,11,1.888,1.0167
rep_cf_f71234_Sw2D1Bt,rep_cf_f71234_Sw2D1Bt,5.615,-97.50,5,0.923,1.0110
rep_cf_f71234_Sw2D1Bt,rep_cf_f71234_Sw2D1Bt,5.615,-90.00,19,2.815,0.9972
rep_cf_f71234_Sw2D1Bt,rep_cf_f71234_Sw2D1Bt,5.615,-82.50,12,1.097,1.0150
rep_cf_f71234_Sw2D1Bt,rep_cf_f71234_Sw2D1Bt,5.615,-75.00,12,2.831,1.0175
rep_cf_f71234_Sw2D1Bt,rep_cf_f71234_Sw2D1Bt,5.615,-67.50,18,1.223,1.0112
rep_cf_f71234_Sw2D1Bt,rep_cf_f71234_Sw2D1Bt,5.615,-60.00,18,1.072,1.0144
rep_cf_f71234_Sw2D1Bt,rep_cf_f71234_Sw2D1Bt,5.615,-52.50,26,0.651,1.0114
rep_cf_f71234_Sw2D1Bt,rep_cf_f71234_Sw2D1Bt,5.615,-45.00,19,0.873,1.0118
rep_cf_f71234_Sw2D1Bt,rep_cf_f71234_Sw2D1Bt,5.615,-37.50,13,1.271,1.0042
rep_cf_f71234_Sw2D1Bt,rep_cf_f71234_Sw2D1Bt,5.615,-30.00,19,1.529,1.0035
rep_cf_f71234_Sw2D1Bt,rep_cf_f71234_Sw2D1Bt,5.615,-22.50,23,1.347,1.0042
rep_cf_f71234_Sw2D1Bt,rep_cf_f71234_Sw2D1Bt,5.615,-15.00,21,1.061,1.0090
rep_cf_f71234_Sw2D1Bt,rep_cf_f71234_Sw2D1Bt,5.615,-7.50,25,1.070,1.0059
rep_cf_6I00d8w,rep_cf_6I00d8w,5.725,0.00,16,2.263,0.9985
rep_cf_6I00d8w,rep_cf_6I00d8w,5.725,7.50,5,2.278,1.0189
rep_cf_6I00d8w,rep_cf_6I00d8w,5.725,15.00,8,1.746,1.0191
rep_cf_6I00d8w,rep_cf_6I00d8w,5.725,22.50,17,2.597,0.9981
rep_cf_6I00d8w,rep_cf_6I00d8w,5.725,30.00,12,0.244,1.0108
rep_cf_6I00d8w,rep_cf_6I00d8w,5.725,37.50,16,1.159,1.0039
rep_cf_6I00d8w,rep_cf_6I00d8w,5.725,45.00,10,1.578,1.0016
rep_cf_6I00d8w,rep_cf_6I00d8w,5.725,52.50,15,0.923,1.0110
rep_cf_6I00d8w,rep_cf_6I00d8w,5.725,60.00,10,0.839,1.0117
rep_cf_6I00d8w,rep_cf_6I00d8w,5.725,67.50,10,2.519,1.0234
rep_cf_6I00d8w,rep_cf_6I00d8w,5.725,75.00,8,3.861,1.0285
rep_cf_6I00d8w,rep_cf_6I00d8w,5.725,82.50,6,4.830,1.0282
rep_cf_6I00d8w,rep_cf_6I00d8w,5.725,90.00,8,5.617,1.0385
rep_cf_6I00d8w,rep_cf_6I00d8w,5.725,97.50,9,3.900,1.0275
rep_cf_6I00d8w,rep_cf_6I00d8w,5.725,105.00,15,2.003,1.0076
rep_cf_6I00d8w,rep_cf_6I00d8w,5.725,112.50,9,4.121,1.0173
rep_cf_6I00d8w,rep_cf_6I00d8w,5.725,120.00,13,2.507,1.0186
rep_cf_6I00d8w,rep_cf_6I00d8w,5.725,127.50,25,0.346,1.0115
rep_cf_6I00d8w,rep_cf_6I00d8w,5.725,135.00,17,2.597,1.0105
rep_cf_6I00d8w,rep_cf_6I00d8w,5.725,142.50,24,1.820,1.0135
rep_cf_6I00d8w,rep_cf_6I00d8w,5.725,150.00,17,0.594,1.0088
rep_cf_6I00d8w,rep_cf_6I00d8w,5.725,157.50,12,1.632,1.0183
rep_cf_6I00d8w,rep_cf_6I00d8w,5.725,165.00,7,3.565,1.0131
rep_cf_6I00d8w,rep_cf_6I00d8w,5.725,172.50,6,1.985,1.0077
rep_cf_6I00d8w,rep_cf_6I00d8w,5.725,180.00,17,4.000,0.9912
rep_cf_6I00d8w,rep_cf_6I00d8w,5.725,-172.50,16,1.467,1.0031
rep_cf_6I00d8w,rep_cf_6I00d8w,5.725,-165.00,12,1.715,1.0011
rep_cf_6I00d8w,rep_cf_6I00d8w,5.725,-157.50,11,3.053,0.9974
rep_cf_6I00d8w,rep_cf_6I00d8w,5.725,-150.00,17,3.489,0.9945
rep_cf_6I00d8w,rep_cf_6I00d8w,5.725,-142.50,9,1.324,1.0095
rep_cf_6I00d8w,rep_cf_6I00d8w,5.725,-135.00,6,0.743,1.0068
rep_cf_6I00d8w,rep_cf_6I00d8w,5.725,-127.50,9,2.041,1.0012
rep_cf_6I00d8w,rep_cf_6I00d8w,5.725,-120.00,11,1.966,1.0061
rep_cf_6I00d8w,rep_cf_6I00d8w,5.725,-112.50,17,2.010,1.0015
rep_cf_6I00d8w,rep_cf_6I00d8w,5.725,-105.00,17,2.543,0.9975
rep_cf_6I00d8w,rep_cf_6I00d8w,5.725,-97.50,20,2.736,0.9957
rep_cf_6I00d8w,rep_cf_6I00d8w,5.725,-90.00,10,2.672,0.9974
rep_cf_6I00d8w,rep_cf_6I00d8w,5.725,-82.50,14,2.509,0.9969
rep_cf_6I00d8w,rep_cf_6I00d8w,5.725,-75.00,13,2.517,0.9971
rep_cf_6I00d8w,rep_cf_6I00d8w,5.725,-67.50,15,2.116,0.9988
rep_cf_6I00d8w,rep_cf_6I00d8w,5.725,-60.00,17,2.139,0.9991
rep_cf_6I00d8w,rep_cf_6I00d8w,5.725,-52.50,11,2.240,0.9983
rep_cf_6I00d8w,rep_cf_6I00d8w,5.725,-45.00,9,1.630,1.0014
rep_cf_6I00d8w,rep_cf_6I00d8w,5.725,-37.50,10,2.724,0.9978
rep_cf_6I00d8w,rep_cf_6I00d8w,5.725,-30.00,20,0.580,1.0073
rep_cf_6I00d8w,rep_cf_6I00d8w,5.725,-22.50,17,2.055,1.0176
rep_cf_6I00d8w,rep_cf_6I00d8w,5.725,-15.00,13,2.354,1.0220
rep_cf_6I00d8w,rep_cf_6I00d8w,5.725,-7.50,6,0.904,1.0099
rep_cplus_wEYZOyK,rep_cplus_wEYZOyK,5.806,0.00,16,1.624,1.0093
rep_cplus_wEYZOyK,rep_cplus_wEYZOyK,5.806,15.00,21,1.963,1.0133
rep_cplus_wEYZOyK,rep_cplus_wEYZOyK,5.806,30.00,21,1.385,1.0165
rep_cplus_wEYZOyK,rep_cplus_wEYZOyK,5.806,37.50,6,6.695,1.0257
rep_cplus_wEYZOyK,rep_cplus_wEYZOyK,5.806,45.00,12,1.791,1.0130
rep_cplus_wEYZOyK,rep_cplus_wEYZOyK,5.806,60.00,15,1.639,1.0188
rep_cplus_wEYZOyK,rep_cplus_wEYZOyK,5.806,67.50,13,1.322,1.0110
rep_cplus_wEYZOyK,rep_cplus_wEYZOyK,5.806,75.00,14,1.924,1.0197
rep_cplus_wEYZOyK,rep_cplus_wEYZOyK,5.806,90.00,15,0.947,1.0087
rep_cplus_wEYZOyK,rep_cplus_wEYZOyK,5.806,97.50,17,2.090,1.0021
rep_cplus_wEYZOyK,rep_cplus_wEYZOyK,5.806,105.00,12,2.978,1.0267
rep_cplus_wEYZOyK,rep_cplus_wEYZOyK,5.806,120.00,14,3.735,1.0303
rep_cplus_wEYZOyK,rep_cplus_wEYZOyK,5.806,127.50,7,1.319,1.0154
rep_cplus_wEYZOyK,rep_cplus_wEYZOyK,5.806,135.00,16,2.636,1.0191
rep_cplus_wEYZOyK,rep_cplus_wEYZOyK,5.806,150.00,17,0.273,1.0116
rep_cplus_wEYZOyK,rep_cplus_wEYZOyK,5.806,157.50,12,2.645,1.0166
rep_cplus_wEYZOyK,rep_cplus_wEYZOyK,5.806,165.00,15,0.787,1.0122
rep_cplus_wEYZOyK,rep_cplus_wEYZOyK,5.806,172.50,7,4.803,1.0153
rep_cplus_wEYZOyK,rep_cplus_wEYZOyK,5.806,180.00,23,0.512,1.0127
rep_cplus_wEYZOyK,rep_cplus_wEYZOyK,5.806,-172.50,8,2.841,1.0143
rep_cplus_wEYZOyK,rep_cplus_wEYZOyK,5.806,-165.00,14,0.750,1.0130
rep_cplus_wEYZOyK,rep_cplus_wEYZOyK,5.806,-157.50,12,1.513,1.0149
rep_cplus_wEYZOyK,rep_cplus_wEYZOyK,5.806,-150.00,15,1.780,1.0047
rep_cplus_wEYZOyK,rep_cplus_wEYZOyK,5.806,-142.50,19,1.186,1.0032
rep_cplus_wEYZOyK,rep_cplus_wEYZOyK,5.806,-135.00,15,1.419,1.0160
rep_cplus_wEYZOyK,rep_cplus_wEYZOyK,5.806,-127.50,20,0.829,1.0108
rep_cplus_wEYZOyK,rep_cplus_wEYZOyK,5.806,-120.00,17,0.464,1.0079
rep_cplus_wEYZOyK,rep_cplus_wEYZOyK,5.806,-112.50,22,0.389,1.0098
rep_cplus_wEYZOyK,rep_cplus_wEYZOyK,5.806,-105.00,13,1.137,1.0142
rep_cplus_wEYZOyK,rep_cplus_wEYZOyK,5.806,-90.00,6,1.754,1.0082
rep_cplus_wEYZOyK,rep_cplus_wEYZOyK,5.806,-75.00,14,2.104,1.0221
rep_cplus_wEYZOyK,rep_cplus_wEYZOyK,5.806,-67.50,7,5.875,1.0189
rep_cplus_wEYZOyK,rep_cplus_wEYZOyK,5.806,-60.00,19,0.786,1.0140
rep_cplus_wEYZOyK,rep_cplus_wEYZOyK,5.806,-45.00,15,2.335,1.0221
rep_cplus_wEYZOyK,rep_cplus_wEYZOyK,5.806,-37.50,4,6.228,1.0308
rep_cplus_wEYZOyK,rep_cplus_wEYZOyK,5.806,-30.00,11,1.350,1.0177
rep_cplus_wEYZOyK,rep_cplus_wEYZOyK,5.806,-15.00,19,1.580,1.0188
rep_cf_6I00d8w,rep_cf_6I00d8w,6.092,7.50,7,3.322,0.9943
rep_cf_6I00d8w,rep_cf_6I00d8w,6.092,15.00,6,1.364,1.0093
rep_cf_6I00d8w,rep_cf_6I00d8w,6.092,22.50,11,1.908,1.0000
rep_cf_6I00d8w,rep_cf_6I00d8w,6.092,30.00,7,0.161,1.0096
rep_cf_6I00d8w,rep_cf_6I00d8w,6.092,37.50,6,5.662,0.9808
rep_cf_6I00d8w,rep_cf_6I00d8w,6.092,45.00,12,1.793,1.0020
rep_cf_6I00d8w,rep_cf_6I00d8w,6.092,52.50,14,1.741,1.0040
rep_cf_6I00d8w,rep_cf_6I00d8w,6.092,60.00,16,0.777,1.0060
rep_cf_6I00d8w,rep_cf_6I00d8w,6.092,67.50,13,0.897,1.0065
rep_cf_6I00d8w,rep_cf_6I00d8w,6.092,75.00,8,1.442,1.0129
rep_cf_6I00d8w,rep_cf_6I00d8w,6.092,82.50,6,2.289,1.0095
rep_cf_6I00d8w,rep_cf_6I00d8w,6.092,90.00,3,6.022,1.0290
rep_cf_6I00d8w,rep_cf_6I00d8w,6.092,97.50,12,2.203,1.0201
rep_cf_6I00d8w,rep_cf_6I00d8w,6.092,105.00,17,0.892,1.0125
rep_cf_6I00d8w,rep_cf_6I00d8w,6.092,112.50,18,0.208,1.0096
rep_cf_6I00d8w,rep_cf_6I00d8w,6.092,120.00,15,0.771,1.0141
rep_cf_6I00d8w,rep_cf_6I00d8w,6.092,127.50,20,0.897,1.0118
rep_cf_6I00d8w,rep_cf_6I00d8w,6.092,135.00,14,1.956,1.0144
rep_cf_6I00d8w,rep_cf_6I00d8w,6.092,142.50,20,1.218,1.0124
rep_cf_6I00d8w,rep_cf_6I00d8w,6.092,150.00,14,0.833,1.0107
rep_cf_6I00d8w,rep_cf_6I00d8w,6.092,157.50,9,1.298,1.0050
rep_cf_6I00d8w,rep_cf_6I00d8w,6.092,165.00,15,1.188,1.0093
rep_cf_6I00d8w,rep_cf_6I00d8w,6.092,172.50,11,1.785,1.0011
rep_cf_6I00d8w,rep_cf_6I00d8w,6.092,180.00,20,2.277,1.0097
rep_cf_6I00d8w,rep_cf_6I00d8w,6.092,-172.50,19,0.635,1.0067
rep_cf_6I00d8w,rep_cf_6I00d8w,6.092,-165.00,20,1.780,1.0107
rep_cf_6I00d8w,rep_cf_6I00d8w,6.092,-157.50,19,1.683,1.0049
rep_cf_6I00d8w,rep_cf_6I00d8w,6.092,-150.00,19,0.541,1.0074
rep_cf_6I00d8w,rep_cf_6I00d8w,6.092,-142.50,9,2.159,1.0192
rep_cf_6I00d8w,rep_cf_6I00d8w,6.092,-135.00,9,2.163,1.0190
rep_cf_6I00d8w,rep_cf_6I00d8w,6.092,-127.50,4,1.649,1.0187
rep_cf_6I00d8w,rep_cf_6I00d8w,6.092,-120.00,9,2.951,1.0205
rep_cf_6I00d8w,rep_cf_6I00d8w,6.092,-112.50,19,2.044,1.0073
rep_cf_6I00d8w,rep_cf_6I00d8w,6.092,-105.00,17,1.690,1.0027
rep_cf_6I00d8w,rep_cf_6I00d8w,6.092,-97.50,19,1.623,1.0065
rep_cf_6I00d8w,rep_cf_6I00d8w,6.092,-90.00,18,1.780,1.0047
rep_cf_6I00d8w,rep_cf_6I00d8w,6.092,-82.50,16,2.525,0.9975
rep_cf_6I00d8w,rep_cf_6I00d8w,6.092,-75.00,16,3.188,0.9969
rep_cf_6I00d8w,rep_cf_6I00d8w,6.092,-67.50,18,2.448,0.9991
rep_cf_6I00d8w,rep_cf_6I00d8w,6.092,-60.00,20,1.788,1.0009
rep_cf_6I00d8w,rep_cf_6I00d8w,6.092,-52.50,8,1.959,1.0001
rep_cf_6I00d8w,rep_cf_6I00d8w,6.092,-45.00,9,2.176,1.0000
rep_cf_6I00d8w,rep_cf_6I00d8w,6.092,-37.50,7,2.031,1.0000
rep_cf_6I00d8w,rep_cf_6I00d8w,6.092,-30.00,17,0.698,1.0133
rep_cf_6I00d8w,rep_cf_6I00d8w,6.092,-22.50,12,0.721,1.0117
rep_cf_6I00d8w,rep_cf_6I00d8w,6.092,-15.00,8,0.207,1.0111
rep_cf_6I00d8w,rep_cf_6I00d8w,6.092,-7.50,4,2.363,1.0025
rep_cplus_wEYZOyK,rep_cplus_wEYZOyK,6.207,0.00,3,6.941,1.0323
rep_cplus_wEYZOyK,rep_cplus_wEYZOyK,6.207,7.50,6,8.901,1.0447
rep_cplus_wEYZOyK,rep_cplus_wEYZOyK,6.207,15.00,9,2.680,1.0251
rep_cplus_wEYZOyK,rep_cplus_wEYZOyK,6.207,30.00,19,2.097,1.0221
rep_cplus_wEYZOyK,rep_cplus_wEYZOyK,6.207,37.50,6,6.245,1.0360
rep_cplus_wEYZOyK,rep_cplus_wEYZOyK,6.207,45.00,11,4.509,1.0310
rep_cplus_wEYZOyK,rep_cplus_wEYZOyK,6.207,60.00,18,3.460,1.0303
rep_cplus_wEYZOyK,rep_cplus_wEYZOyK,6.207,67.50,17,2.216,1.0208
rep_cplus_wEYZOyK,rep_cplus_wEYZOyK,6.207,75.00,7,5.183,1.0277
rep_cplus_wEYZOyK,rep_cplus_wEYZOyK,6.207,90.00,13,0.797,1.0072
rep_cplus_wEYZOyK,rep_cplus_wEYZOyK,6.207,97.50,16,1.613,1.0013
rep_cplus_wEYZOyK,rep_cplus_wEYZOyK,6.207,105.00,9,3.488,1.0258
rep_cplus_wEYZOyK,rep_cplus_wEYZOyK,6.207,120.00,10,2.063,1.0196
rep_cplus_wEYZOyK,rep_cplus_wEYZOyK,6.207,127.50,10,2.786,1.0044
rep_cplus_wEYZOyK,rep_cplus_wEYZOyK,6.207,135.00,12,0.799,1.0094
rep_cplus_wEYZOyK,rep_cplus_wEYZOyK,6.207,150.00,13,2.718,0.9951
rep_cplus_wEYZOyK,rep_cplus_wEYZOyK,6.207,157.50,11,4.299,0.9958
rep_cplus_wEYZOyK,rep_cplus_wEYZOyK,6.207,165.00,14,2.808,0.9948
rep_cplus_wEYZOyK,rep_cplus_wEYZOyK,6.207,172.50,6,5.935,0.9860
rep_cplus_wEYZOyK,rep_cplus_wEYZOyK,6.207,180.00,24,3.695,0.9897
rep_cplus_wEYZOyK,rep_cplus_wEYZOyK,6.207,-172.50,6,6.109,0.9825
rep_cplus_wEYZOyK,rep_cplus_wEYZOyK,6.207,-165.00,14,3.156,0.9927
rep_cplus_wEYZOyK,rep_cplus_wEYZOyK,6.207,-157.50,14,4.109,0.9873
rep_cplus_wEYZOyK,rep_cplus_wEYZOyK,6.207,-150.00,13,4.506,0.9850
rep_cplus_wEYZOyK,rep_cplus_wEYZOyK,6.207,-142.50,17,4.130,0.9870
rep_cplus_wEYZOyK,rep_cplus_wEYZOyK,6.207,-135.00,19,1.373,1.0023
rep_cplus_wEYZOyK,rep_cplus_wEYZOyK,6.207,-127.50,20,2.979,0.9972
rep_cplus_wEYZOyK,rep_cplus_wEYZOyK,6.207,-120.00,12,3.073,0.9934
rep_cplus_wEYZOyK,rep_cplus_wEYZOyK,6.207,-112.50,21,0.774,1.0063
rep_cplus_wEYZOyK,rep_cplus_wEYZOyK,6.207,-105.00,17,1.436,1.0155
rep_cplus_wEYZOyK,rep_cplus_wEYZOyK,6.207,-90.00,10,0.575,1.0067
rep_cplus_wEYZOyK,rep_cplus_wEYZOyK,6.207,-75.00,15,4.120,1.0339
rep_cplus_wEYZOyK,rep_cplus_wEYZOyK,6.207,-67.50,5,7.591,1.0393
rep_cplus_wEYZOyK,rep_cplus_wEYZOyK,6.207,-60.00,17,2.947,1.0274
rep_cplus_wEYZOyK,rep_cplus_wEYZOyK,6.207,-45.00,16,5.425,1.0388
rep_cplus_wEYZOyK,rep_cplus_wEYZOyK,6.207,-37.50,3,10.153,1.0626
rep_cplus_wEYZOyK,rep_cplus_wEYZOyK,6.207,-30.00,9,4.513,1.0359
rep_cplus_wEYZOyK,rep_cplus_wEYZOyK,6.207,-15.00,16,4.778,1.0383
rep_cplus_wEYZOyK,rep_cplus_wEYZOyK,6.214,0.00,16,1.329,1.0017
rep_cplus_wEYZOyK,rep_cplus_wEYZOyK,6.214,7.50,13,1.826,0.9985
rep_cplus_wEYZOyK,rep_cplus_wEYZOyK,6.214,15.00,14,1.824,0.9992
rep_cplus_wEYZOyK,rep_cplus_wEYZOyK,6.214,22.50,17,1.216,1.0029
rep_cplus_wEYZOyK,rep_cplus_wEYZOyK,6.214,30.00,17,1.344,1.0015
rep_cplus_wEYZOyK,rep_cplus_wEYZOyK,6.214,37.50,12,0.332,1.0105
rep_cplus_wEYZOyK,rep_cplus_wEYZOyK,6.214,45.00,12,0.455,1.0071
rep_cplus_wEYZOyK,rep_cplus_wEYZOyK,6.214,52.50,18,1.793,0.9991
rep_cplus_wEYZOyK,rep_cplus_wEYZOyK,6.214,60.00,9,1.433,1.0190
rep_cplus_wEYZOyK,rep_cplus_wEYZOyK,6.214,67.50,8,0.637,1.0141
rep_cplus_wEYZOyK,rep_cplus_wEYZOyK,6.214,75.00,15,1.437,1.0030
rep_cplus_wEYZOyK,rep_cplus_wEYZOyK,6.214,82.50,31,0.171,1.0096
rep_cplus_wEYZOyK,rep_cplus_wEYZOyK,6.214,90.00,13,0.655,1.0125
rep_cplus_wEYZOyK,rep_cplus_wEYZOyK,6.214,97.50,11,0.888,1.0074
rep_cplus_wEYZOyK,rep_cplus_wEYZOyK,6.214,105.00,16,0.184,1.0101
rep_cplus_wEYZOyK,rep_cplus_wEYZOyK,6.214,112.50,17,1.269,1.0133
rep_cplus_wEYZOyK,rep_cplus_wEYZOyK,6.214,120.00,18,1.239,1.0160
rep_cplus_wEYZOyK,rep_cplus_wEYZOyK,6.214,127.50,19,1.381,1.0187
rep_cplus_wEYZOyK,rep_cplus_wEYZOyK,6.214,135.00,20,1.729,1.0206
rep_cplus_wEYZOyK,rep_cplus_wEYZOyK,6.214,142.50,20,1.543,1.0196
rep_cplus_wEYZOyK,rep_cplus_wEYZOyK,6.214,150.00,18,1.771,1.0209
rep_cplus_wEYZOyK,rep_cplus_wEYZOyK,6.214,157.50,16,1.713,1.0206
rep_cplus_wEYZOyK,rep_cplus_wEYZOyK,6.214,165.00,11,2.170,1.0233
rep_cplus_wEYZOyK,rep_cplus_wEYZOyK,6.214,172.50,11,2.455,1.0234
rep_cplus_wEYZOyK,rep_cplus_wEYZOyK,6.214,180.00,14,1.388,1.0176
rep_cplus_wEYZOyK,rep_cplus_wEYZOyK,6.214,-172.50,13,0.907,1.0059
rep_cplus_wEYZOyK,rep_cplus_wEYZOyK,6.214,-165.00,13,1.218,1.0176
rep_cplus_wEYZOyK,rep_cplus_wEYZOyK,6.214,-157.50,10,1.458,1.0188
rep_cplus_wEYZOyK,rep_cplus_wEYZOyK,6.214,-150.00,17,1.590,1.0199
rep_cplus_wEYZOyK,rep_cplus_wEYZOyK,6.214,-142.50,16,2.210,1.0230
rep_cplus_wEYZOyK,rep_cplus_wEYZOyK,6.214,-135.00,20,2.372,1.0238
rep_cplus_wEYZOyK,rep_cplus_wEYZOyK,6.214,-127.50,19,2.635,1.0255
rep_cplus_wEYZOyK,rep_cplus_wEYZOyK,6.214,-120.00,16,2.676,1.0266
rep_cplus_wEYZOyK,rep_cplus_wEYZOyK,6.214,-112.50,18,2.831,1.0278
rep_cplus_wEYZOyK,rep_cplus_wEYZOyK,6.214,-105.00,14,2.439,1.0235
rep_cplus_wEYZOyK,rep_cplus_wEYZOyK,6.214,-97.50,13,2.580,1.0264
rep_cplus_wEYZOyK,rep_cplus_wEYZOyK,6.214,-90.00,13,3.619,1.0328
rep_cplus_wEYZOyK,rep_cplus_wEYZOyK,6.214,-82.50,11,1.779,1.0209
rep_cplus_wEYZOyK,rep_cplus_wEYZOyK,6.214,-75.00,14,2.880,1.0269
rep_cplus_wEYZOyK,rep_cplus_wEYZOyK,6.214,-67.50,11,2.953,1.0269
rep_cplus_wEYZOyK,rep_cplus_wEYZOyK,6.214,-60.00,11,2.587,1.0263
rep_cplus_wEYZOyK,rep_cplus_wEYZOyK,6.214,-52.50,13,0.904,1.0150
rep_cplus_wEYZOyK,rep_cplus_wEYZOyK,6.214,-45.00,19,1.066,1.0166
rep_cplus_wEYZOyK,rep_cplus_wEYZOyK,6.214,-37.50,18,1.066,1.0163
rep_cplus_wEYZOyK,rep_cplus_wEYZOyK,6.214,-30.00,13,1.237,1.0178
rep_cplus_wEYZOyK,rep_cplus_wEYZOyK,6.214,-22.50,12,0.539,1.0073
rep_cplus_wEYZOyK,rep_cplus_wEYZOyK,6.214,-15.00,10,2.217,0.9961
rep_cplus_wEYZOyK,rep_cplus_wEYZOyK,6.214,-7.50,14,1.842,0.9996
rep_cf_f71234_Sw2D1Bt,rep_cf_f71234_Sw2D1Bt,6.221,0.00,12,3.329,1.0026
rep_cf_f71234_Sw2D1Bt,rep_cf_f71234_Sw2D1Bt,6.221,7.50,15,3.065,0.9960
rep_cf_f71234_Sw2D1Bt,rep_cf_f71234_Sw2D1Bt,6.221,15.00,9,4.928,0.9886
rep_cf_f71234_Sw2D1Bt,rep_cf_f71234_Sw2D1Bt,6.221,22.50,17,4.185,0.9933
rep_cf_f71234_Sw2D1Bt,rep_cf_f71234_Sw2D1Bt,6.221,30.00,14,2.356,0.9994
rep_cf_f71234_Sw2D1Bt,rep_cf_f71234_Sw2D1Bt,6.221,37.50,22,2.767,1.0000
rep_cf_f71234_Sw2D1Bt,rep_cf_f71234_Sw2D1Bt,6.221,45.00,30,1.178,1.0052
rep_cf_f71234_Sw2D1Bt,rep_cf_f71234_Sw2D1Bt,6.221,52.50,31,0.892,1.0083
rep_cf_f71234_Sw2D1Bt,rep_cf_f71234_Sw2D1Bt,6.221,60.00,28,1.790,1.0029
rep_cf_f71234_Sw2D1Bt,rep_cf_f71234_Sw2D1Bt,6.221,67.50,23,1.311,1.0063
rep_cf_f71234_Sw2D1Bt,rep_cf_f71234_Sw2D1Bt,6.221,75.00,19,1.285,1.0056
rep_cf_f71234_Sw2D1Bt,rep_cf_f71234_Sw2D1Bt,6.221,82.50,21,1.352,1.0060
rep_cf_f71234_Sw2D1Bt,rep_cf_f71234_Sw2D1Bt,6.221,90.00,10,3.747,0.9960
rep_cf_f71234_Sw2D1Bt,rep_cf_f71234_Sw2D1Bt,6.221,97.50,12,4.195,0.9929
rep_cf_f71234_Sw2D1Bt,rep_cf_f71234_Sw2D1Bt,6.221,105.00,13,3.581,0.9952
rep_cf_f71234_Sw2D1Bt,rep_cf_f71234_Sw2D1Bt,6.221,112.50,24,3.219,0.9966
rep_cf_f71234_Sw2D1Bt,rep_cf_f71234_Sw2D1Bt,6.221,120.00,14,2.340,0.9997
rep_cf_f71234_Sw2D1Bt,rep_cf_f71234_Sw2D1Bt,6.221,127.50,20,3.241,0.9968
rep_cf_f71234_Sw2D1Bt,rep_cf_f71234_Sw2D1Bt,6.221,135.00,12,2.211,1.0002
rep_cf_f71234_Sw2D1Bt,rep_cf_f71234_Sw2D1Bt,6.221,142.50,15,2.968,0.9985
rep_cf_f71234_Sw2D1Bt,rep_cf_f71234_Sw2D1Bt,6.221,150.00,19,1.872,1.0038
rep_cf_f71234_Sw2D1Bt,rep_cf_f71234_Sw2D1Bt,6.221,157.50,13,2.232,1.0198
rep_cf_f71234_Sw2D1Bt,rep_cf_f71234_Sw2D1Bt,6.221,165.00,7,1.583,1.0140
rep_cf_f71234_Sw2D1Bt,rep_cf_f71234_Sw2D1Bt,6.221,172.50,14,1.302,1.0109
rep_cf_f71234_Sw2D1Bt,rep_cf_f71234_Sw2D1Bt,6.221,180.00,10,3.520,1.0185
rep_cf_f71234_Sw2D1Bt,rep_cf_f71234_Sw2D1Bt,6.221,-172.50,15,3.504,1.0238
rep_cf_f71234_Sw2D1Bt,rep_cf_f71234_Sw2D1Bt,6.221,-165.00,14,3.841,1.0275
rep_cf_f71234_Sw2D1Bt,rep_cf_f71234_Sw2D1Bt,6.221,-157.50,23,1.718,1.0173
rep_cf_f71234_Sw2D1Bt,rep_cf_f71234_Sw2D1Bt,6.221,-150.00,21,4.011,0.9922
rep_cf_f71234_Sw2D1Bt,rep_cf_f71234_Sw2D1Bt,6.221,-142.50,23,1.883,1.0175
rep_cf_f71234_Sw2D1Bt,rep_cf_f71234_Sw2D1Bt,6.221,-135.00,18,2.195,1.0179
rep_cf_f71234_Sw2D1Bt,rep_cf_f71234_Sw2D1Bt,6.221,-127.50,27,0.852,1.0116
rep_cf_f71234_Sw2D1Bt,rep_cf_f71234_Sw2D1Bt,6.221,-120.00,26,2.092,1.0192
rep_cf_f71234_Sw2D1Bt,rep_cf_f71234_Sw2D1Bt,6.221,-112.50,23,1.328,1.0122
rep_cf_f71234_Sw2D1Bt,rep_cf_f71234_Sw2D1Bt,6.221,-105.00,31,0.885,1.0138
rep_cf_f71234_Sw2D1Bt,rep_cf_f71234_Sw2D1Bt,6.221,-97.50,26,0.496,1.0104
rep_cf_f71234_Sw2D1Bt,rep_cf_f71234_Sw2D1Bt,6.221,-90.00,11,1.103,1.0148
rep_cf_f71234_Sw2D1Bt,rep_cf_f71234_Sw2D1Bt,6.221,-82.50,23,1.219,1.0045
rep_cf_f71234_Sw2D1Bt,rep_cf_f71234_Sw2D1Bt,6.221,-75.00,19,1.305,1.0043
rep_cf_f71234_Sw2D1Bt,rep_cf_f71234_Sw2D1Bt,6.221,-67.50,19,0.930,1.0091
rep_cf_f71234_Sw2D1Bt,rep_cf_f71234_Sw2D1Bt,6.221,-60.00,10,0.614,1.0127
rep_cf_f71234_Sw2D1Bt,rep_cf_f71234_Sw2D1Bt,6.221,-52.50,19,1.439,1.0044
rep_cf_f71234_Sw2D1Bt,rep_cf_f71234_Sw2D1Bt,6.221,-45.00,23,0.931,1.0106
rep_cf_f71234_Sw2D1Bt,rep_cf_f71234_Sw2D1Bt,6.221,-37.50,17,1.239,1.0113
rep_cf_f71234_Sw2D1Bt,rep_cf_f71234_Sw2D1Bt,6.221,-30.00,24,1.445,1.0037
rep_cf_f71234_Sw2D1Bt,rep_cf_f71234_Sw2D1Bt,6.221,-22.50,24,2.324,1.0001
rep_cf_f71234_Sw2D1Bt,rep_cf_f71234_Sw2D1Bt,6.221,-15.00,25,1.830,1.0032
rep_cf_f71234_Sw2D1Bt,rep_cf_f71234_Sw2D1Bt,6.221,-7.50,9,4.848,0.9888
rep_cplus_wEYZOyK,rep_cplus_wEYZOyK,6.517,0.00,11,3.961,0.9897
rep_cplus_wEYZOyK,rep_cplus_wEYZOyK,6.517,15.00,12,3.067,0.9986
rep_cplus_wEYZOyK,rep_cplus_wEYZOyK,6.517,22.50,4,6.795,1.0174
rep_cplus_wEYZOyK,rep_cplus_wEYZOyK,6.517,30.00,21,1.171,1.0056
rep_cplus_wEYZOyK,rep_cplus_wEYZOyK,6.517,45.00,9,1.452,1.0044
rep_cplus_wEYZOyK,rep_cplus_wEYZOyK,6.517,52.50,6,5.211,1.0194
rep_cplus_wEYZOyK,rep_cplus_wEYZOyK,6.517,60.00,18,0.948,1.0053
rep_cplus_wEYZOyK,rep_cplus_wEYZOyK,6.517,67.50,5,2.343,1.0052
rep_cplus_wEYZOyK,rep_cplus_wEYZOyK,6.517,75.00,17,1.844,1.0192
rep_cplus_wEYZOyK,rep_cplus_wEYZOyK,6.517,82.50,7,5.149,1.0141
rep_cplus_wEYZOyK,rep_cplus_wEYZOyK,6.517,90.00,14,1.538,1.0027
rep_cplus_wEYZOyK,rep_cplus_wEYZOyK,6.517,97.50,8,3.299,0.9999
rep_cplus_wEYZOyK,rep_cplus_wEYZOyK,6.517,105.00,13,3.064,1.0262
rep_cplus_wEYZOyK,rep_cplus_wEYZOyK,6.517,112.50,9,4.789,1.0187
rep_cplus_wEYZOyK,rep_cplus_wEYZOyK,6.517,120.00,12,4.264,1.0327
rep_cplus_wEYZOyK,rep_cplus_wEYZOyK,6.517,127.50,5,6.183,1.0295
rep_cplus_wEYZOyK,rep_cplus_wEYZOyK,6.517,135.00,15,2.496,1.0206
rep_cplus_wEYZOyK,rep_cplus_wEYZOyK,6.517,142.50,4,3.698,1.0107
rep_cplus_wEYZOyK,rep_cplus_wEYZOyK,6.517,150.00,15,1.350,1.0045
rep_cplus_wEYZOyK,rep_cplus_wEYZOyK,6.517,157.50,4,5.488,1.0211
rep_cplus_wEYZOyK,rep_cplus_wEYZOyK,6.517,165.00,9,2.290,1.0156
rep_cplus_wEYZOyK,rep_cplus_wEYZOyK,6.517,172.50,13,2.694,1.0078
rep_cplus_wEYZOyK,rep_cplus_wEYZOyK,6.517,180.00,17,3.375,1.0285
rep_cplus_wEYZOyK,rep_cplus_wEYZOyK,6.517,-165.00,10,3.285,1.0057
rep_cplus_wEYZOyK,rep_cplus_wEYZOyK,6.517,-157.50,9,0.517,1.0123
rep_cplus_wEYZOyK,rep_cplus_wEYZOyK,6.517,-150.00,15,1.280,1.0052
rep_cplus_wEYZOyK,rep_cplus_wEYZOyK,6.517,-142.50,12,3.507,1.0001
rep_cplus_wEYZOyK,rep_cplus_wEYZOyK,6.517,-135.00,10,3.706,1.0055
rep_cplus_wEYZOyK,rep_cplus_wEYZOyK,6.517,-127.50,22,0.645,1.0078
rep_cplus_wEYZOyK,rep_cplus_wEYZOyK,6.517,-120.00,19,2.611,0.9973
rep_cplus_wEYZOyK,rep_cplus_wEYZOyK,6.517,-112.50,9,5.217,0.9893
rep_cplus_wEYZOyK,rep_cplus_wEYZOyK,6.517,-105.00,9,4.128,0.9984
rep_cplus_wEYZOyK,rep_cplus_wEYZOyK,6.517,-97.50,5,4.636,1.0203
rep_cplus_wEYZOyK,rep_cplus_wEYZOyK,6.517,-90.00,13,2.263,0.9980
rep_cplus_wEYZOyK,rep_cplus_wEYZOyK,6.517,-75.00,8,4.797,1.0015
rep_cplus_wEYZOyK,rep_cplus_wEYZOyK,6.517,-67.50,12,5.176,0.9846
rep_cplus_wEYZOyK,rep_cplus_wEYZOyK,6.517,-60.00,20,3.795,0.9900
rep_cplus_wEYZOyK,rep_cplus_wEYZOyK,6.517,-45.00,9,4.336,0.9980
rep_cplus_wEYZOyK,rep_cplus_wEYZOyK,6.517,-37.50,7,3.435,1.0030
rep_cplus_wEYZOyK,rep_cplus_wEYZOyK,6.517,-30.00,14,3.930,0.9893
rep_cplus_wEYZOyK,rep_cplus_wEYZOyK,6.517,-15.00,11,4.333,0.9936
rep_cplus_wEYZOyK,rep_cplus_wEYZOyK,6.517,-7.50,7,5.759,1.0017
rep_vsf_HCz9EAj,rep_vsf_HCz9EAj,6.640,0.00,18,0.744,1.0069
rep_vsf_HCz9EAj,rep_vsf_HCz9EAj,6.640,7.50,11,3.606,1.0070
rep_vsf_HCz9EAj,rep_vsf_HCz9EAj,6.640,15.00,8,4.797,1.0066
rep_vsf_HCz9EAj,rep_vsf_HCz9EAj,6.640,30.00,18,0.594,1.0117
rep_vsf_HCz9EAj,rep_vsf_HCz9EAj,6.640,37.50,6,3.096,1.0122
rep_vsf_HCz9EAj,rep_vsf_HCz9EAj,6.640,45.00,10,3.673,1.0154
rep_vsf_HCz9EAj,rep_vsf_HCz9EAj,6.640,60.00,17,2.631,1.0203
rep_vsf_HCz9EAj,rep_vsf_HCz9EAj,6.640,67.50,17,0.854,1.0073
rep_vsf_HCz9EAj,rep_vsf_HCz9EAj,6.640,75.00,10,2.939,1.0196
rep_vsf_HCz9EAj,rep_vsf_HCz9EAj,6.640,90.00,15,1.045,1.0148
rep_vsf_HCz9EAj,rep_vsf_HCz9EAj,6.640,97.50,9,4.267,1.0237
rep_vsf_HCz9EAj,rep_vsf_HCz9EAj,6.640,105.00,15,2.427,1.0173
rep_vsf_HCz9EAj,rep_vsf_HCz9EAj,6.640,120.00,16,2.945,1.0252
rep_vsf_HCz9EAj,rep_vsf_HCz9EAj,6.640,127.50,11,3.871,1.0219
rep_vsf_HCz9EAj,rep_vsf_HCz9EAj,6.640,135.00,15,1.493,1.0159
rep_vsf_HCz9EAj,rep_vsf_HCz9EAj,6.640,142.50,7,6.994,1.0214
rep_vsf_HCz9EAj,rep_vsf_HCz9EAj,6.640,150.00,15,0.545,1.0101
rep_vsf_HCz9EAj,rep_vsf_HCz9EAj,6.640,157.50,10,4.680,1.0258
rep_vsf_HCz9EAj,rep_vsf_HCz9EAj,6.640,165.00,12,2.880,1.0227
rep_vsf_HCz9EAj,rep_vsf_HCz9EAj,6.640,172.50,4,6.632,1.0125
rep_vsf_HCz9EAj,rep_vsf_HCz9EAj,6.640,180.00,15,4.323,1.0314
rep_vsf_HCz9EAj,rep_vsf_HCz9EAj,6.640,-172.50,7,3.921,1.0134
rep_vsf_HCz9EAj,rep_vsf_HCz9EAj,6.640,-165.00,16,1.534,1.0178
rep_vsf_HCz9EAj,rep_vsf_HCz9EAj,6.640,-157.50,19,1.333,1.0068
rep_vsf_HCz9EAj,rep_vsf_HCz9EAj,6.640,-150.00,8,1.729,1.0088
rep_vsf_HCz9EAj,rep_vsf_HCz9EAj,6.640,-142.50,19,1.190,1.0041
rep_vsf_HCz9EAj,rep_vsf_HCz9EAj,6.640,-135.00,14,1.516,1.0152
rep_vsf_HCz9EAj,rep_vsf_HCz9EAj,6.640,-127.50,18,0.971,1.0048
rep_vsf_HCz9EAj,rep_vsf_HCz9EAj,6.640,-120.00,13,2.341,0.9977
rep_vsf_HCz9EAj,rep_vsf_HCz9EAj,6.640,-112.50,19,1.509,1.0046
rep_vsf_HCz9EAj,rep_vsf_HCz9EAj,6.640,-105.00,14,1.790,1.0113
rep_vsf_HCz9EAj,rep_vsf_HCz9EAj,6.640,-90.00,8,3.392,0.9922
rep_vsf_HCz9EAj,rep_vsf_HCz9EAj,6.640,-75.00,12,1.142,1.0107
rep_vsf_HCz9EAj,rep_vsf_HCz9EAj,6.640,-60.00,19,1.725,1.0009
rep_vsf_HCz9EAj,rep_vsf_HCz9EAj,6.640,-52.50,4,6.464,0.9852
rep_vsf_HCz9EAj,rep_vsf_HCz9EAj,6.640,-45.00,9,3.647,1.0023
rep_vsf_HCz9EAj,rep_vsf_HCz9EAj,6.640,-30.00,16,1.846,1.0189
rep_vsf_HCz9EAj,rep_vsf_HCz9EAj,6.640,-22.50,10,4.276,1.0166
rep_vsf_HCz9EAj,rep_vsf_HCz9EAj,6.640,-15.00,7,3.417,1.0121
rep_vsf_sh7PSsh,rep_vsf_sh7PSsh,6.768,0.00,9,0.679,1.0038
rep_vsf_sh7PSsh,rep_vsf_sh7PSsh,6.768,7.50,11,0.529,1.0050
rep_vsf_sh7PSsh,rep_vsf_sh7PSsh,6.768,15.00,13,1.121,0.9999
rep_vsf_sh7PSsh,rep_vsf_sh7PSsh,6.768,22.50,17,1.222,1.0014
rep_vsf_sh7PSsh,rep_vsf_sh7PSsh,6.768,30.00,13,0.332,1.0127
rep_vsf_sh7PSsh,rep_vsf_sh7PSsh,6.768,37.50,13,0.350,1.0133
rep_vsf_sh7PSsh,rep_vsf_sh7PSsh,6.768,45.00,11,0.255,1.0114
rep_vsf_sh7PSsh,rep_vsf_sh7PSsh,6.768,52.50,15,0.403,1.0093
rep_vsf_sh7PSsh,rep_vsf_sh7PSsh,6.768,60.00,13,0.368,1.0136
rep_vsf_sh7PSsh,rep_vsf_sh7PSsh,6.768,67.50,13,0.443,1.0143
rep_vsf_sh7PSsh,rep_vsf_sh7PSsh,6.768,75.00,8,0.500,1.0148
rep_vsf_sh7PSsh,rep_vsf_sh7PSsh,6.768,82.50,4,2.391,1.0159
rep_vsf_sh7PSsh,rep_vsf_sh7PSsh,6.768,142.50,13,0.697,1.0034
rep_vsf_sh7PSsh,rep_vsf_sh7PSsh,6.768,150.00,11,1.005,1.0023
rep_vsf_sh7PSsh,rep_vsf_sh7PSsh,6.768,157.50,12,1.069,1.0001
rep_vsf_sh7PSsh,rep_vsf_sh7PSsh,6.768,165.00,8,1.295,0.9979
rep_vsf_sh7PSsh,rep_vsf_sh7PSsh,6.768,172.50,9,1.547,0.9957
rep_vsf_sh7PSsh,rep_vsf_sh7PSsh,6.768,180.00,18,3.217,0.9801
rep_vsf_sh7PSsh,rep_vsf_sh7PSsh,6.768,-172.50,10,1.757,0.9937
rep_vsf_sh7PSsh,rep_vsf_sh7PSsh,6.768,-165.00,8,2.188,0.9899
rep_vsf_sh7PSsh,rep_vsf_sh7PSsh,6.768,-157.50,11,2.468,0.9872
rep_vsf_sh7PSsh,rep_vsf_sh7PSsh,6.768,-150.00,25,2.948,0.9828
rep_vsf_sh7PSsh,rep_vsf_sh7PSsh,6.768,-142.50,20,1.382,0.9978
rep_vsf_sh7PSsh,rep_vsf_sh7PSsh,6.768,-135.00,23,0.776,1.0035
rep_vsf_sh7PSsh,rep_vsf_sh7PSsh,6.768,-127.50,20,1.203,0.9992
rep_vsf_sh7PSsh,rep_vsf_sh7PSsh,6.768,-120.00,27,2.719,0.9854
rep_vsf_sh7PSsh,rep_vsf_sh7PSsh,6.768,-112.50,11,2.363,0.9884
rep_vsf_sh7PSsh,rep_vsf_sh7PSsh,6.768,-105.00,14,0.799,1.0028
rep_vsf_sh7PSsh,rep_vsf_sh7PSsh,6.768,-97.50,17,0.654,1.0041
rep_vsf_sh7PSsh,rep_vsf_sh7PSsh,6.768,-90.00,9,2.718,0.9851
rep_vsf_sh7PSsh,rep_vsf_sh7PSsh,6.768,-82.50,16,0.582,1.0048
rep_vsf_sh7PSsh,rep_vsf_sh7PSsh,6.768,-75.00,12,1.444,0.9969
rep_vsf_sh7PSsh,rep_vsf_sh7PSsh,6.768,-67.50,15,1.394,0.9971
rep_vsf_sh7PSsh,rep_vsf_sh7PSsh,6.768,-60.00,13,1.291,0.9980
rep_vsf_sh7PSsh,rep_vsf_sh7PSsh,6.768,-52.50,16,0.673,1.0037
rep_vsf_sh7PSsh,rep_vsf_sh7PSsh,6.768,-45.00,18,0.474,1.0057
rep_vsf_sh7PSsh,rep_vsf_sh7PSsh,6.768,-37.50,15,1.339,0.9976
rep_vsf_sh7PSsh,rep_vsf_sh7PSsh,6.768,-30.00,19,1.899,0.9930
rep_vsf_sh7PSsh,rep_vsf_sh7PSsh,6.768,-22.50,10,1.207,1.0036
rep_vsf_sh7PSsh,rep_vsf_sh7PSsh,6.768,-15.00,10,0.772,1.0027
rep_vsf_sh7PSsh,rep_vsf_sh7PSsh,6.768,-7.50,11,0.823,1.0040
rep_cf_bpdi5xV,rep_cf_bpdi5xV,6.788,0.00,11,1.729,1.0112
rep_cf_bpdi5xV,rep_cf_bpdi5xV,6.788,7.50,5,3.251,1.0302
rep_cf_bpdi5xV,rep_cf_bpdi5xV,6.788,15.00,6,3.519,1.0324
rep_cf_bpdi5xV,rep_cf_bpdi5xV,6.788,22.50,10,3.676,1.0264
rep_cf_bpdi5xV,rep_cf_bpdi5xV,6.788,30.00,22,1.665,1.0206
rep_cf_bpdi5xV,rep_cf_bpdi5xV,6.788,37.50,22,0.498,1.0069
rep_cf_bpdi5xV,rep_cf_bpdi5xV,6.788,45.00,12,2.370,1.0203
rep_cf_bpdi5xV,rep_cf_bpdi5xV,6.788,52.50,21,0.514,1.0122
rep_cf_bpdi5xV,rep_cf_bpdi5xV,6.788,60.00,21,0.773,1.0142
rep_cf_bpdi5xV,rep_cf_bpdi5xV,6.788,67.50,20,0.479,1.0101
rep_cf_bpdi5xV,rep_cf_bpdi5xV,6.788,75.00,15,1.168,1.0098
rep_cf_bpdi5xV,rep_cf_bpdi5xV,6.788,82.50,16,0.850,1.0047
rep_cf_bpdi5xV,rep_cf_bpdi5xV,6.788,90.00,14,1.792,1.0197
rep_cf_bpdi5xV,rep_cf_bpdi5xV,6.788,97.50,8,3.023,1.0292
rep_cf_bpdi5xV,rep_cf_bpdi5xV,6.788,105.00,9,3.063,1.0294
rep_cf_bpdi5xV,rep_cf_bpdi5xV,6.788,112.50,8,3.138,1.0295
rep_cf_bpdi5xV,rep_cf_bpdi5xV,6.788,120.00,8,3.122,1.0295
rep_cf_bpdi5xV,rep_cf_bpdi5xV,6.788,127.50,9,2.892,1.0284
rep_cf_bpdi5xV,rep_cf_bpdi5xV,6.788,135.00,9,1.751,1.0205
rep_cf_bpdi5xV,rep_cf_bpdi5xV,6.788,157.50,7,4.250,1.0370
rep_cf_bpdi5xV,rep_cf_bpdi5xV,6.788,165.00,10,2.227,1.0242
rep_cf_bpdi5xV,rep_cf_bpdi5xV,6.788,172.50,22,1.207,1.0026
rep_cf_bpdi5xV,rep_cf_bpdi5xV,6.788,180.00,9,1.595,1.0007
rep_cf_bpdi5xV,rep_cf_bpdi5xV,6.788,-172.50,14,0.874,1.0047
rep_cf_bpdi5xV,rep_cf_bpdi5xV,6.788,-165.00,9,3.585,1.0312
rep_cf_bpdi5xV,rep_cf_bpdi5xV,6.788,-157.50,16,0.727,1.0147
rep_cf_bpdi5xV,rep_cf_bpdi5xV,6.788,-150.00,18,1.909,1.0223
rep_cf_bpdi5xV,rep_cf_bpdi5xV,6.788,-142.50,17,1.152,1.0174
rep_cf_bpdi5xV,rep_cf_bpdi5xV,6.788,-135.00,12,3.185,1.0285
rep_cf_bpdi5xV,rep_cf_bpdi5xV,6.788,-127.50,15,1.813,1.0166
rep_cf_bpdi5xV,rep_cf_bpdi5xV,6.788,-120.00,16,2.107,1.0236
rep_cf_bpdi5xV,rep_cf_bpdi5xV,6.788,-112.50,9,3.373,1.0281
rep_cf_bpdi5xV,rep_cf_bpdi5xV,6.788,-105.00,6,4.608,1.0392
rep_cf_bpdi5xV,rep_cf_bpdi5xV,6.788,-97.50,6,4.221,1.0368
rep_cf_bpdi5xV,rep_cf_bpdi5xV,6.788,-90.00,9,4.220,1.0370
rep_cf_bpdi5xV,rep_cf_bpdi5xV,6.788,-82.50,9,4.268,1.0373
rep_cf_bpdi5xV,rep_cf_bpdi5xV,6.788,-75.00,6,4.303,1.0374
rep_cf_bpdi5xV,rep_cf_bpdi5xV,6.788,-67.50,13,3.067,1.0274
rep_cf_bpdi5xV,rep_cf_bpdi5xV,6.788,-60.00,20,1.763,1.0209
rep_cf_bpdi5xV,rep_cf_bpdi5xV,6.788,-52.50,20,1.641,1.0200
rep_cf_bpdi5xV,rep_cf_bpdi5xV,6.788,-45.00,9,4.000,1.0354
rep_cf_bpdi5xV,rep_cf_bpdi5xV,6.788,-37.50,10,3.630,1.0328
rep_cf_bpdi5xV,rep_cf_bpdi5xV,6.788,-30.00,9,3.521,1.0320
rep_cf_bpdi5xV,rep_cf_bpdi5xV,6.788,-22.50,7,3.789,1.0329
rep_cf_bpdi5xV,rep_cf_bpdi5xV,6.788,-15.00,6,3.440,1.0318
rep_cf_bpdi5xV,rep_cf_bpdi5xV,6.788,-7.50,5,2.784,1.0271
gen_wex_e99gXKb,gen_wex_e99gXKb,6.877,0.00,6,3.526,1.0209
gen_wex_e99gXKb,gen_wex_e99gXKb,6.877,7.50,3,4.096,1.0151
gen_wex_e99gXKb,gen_wex_e99gXKb,6.877,15.00,8,2.876,1.0192
gen_wex_e99gXKb,gen_wex_e99gXKb,6.877,22.50,29,2.725,1.0170
gen_wex_e99gXKb,gen_wex_e99gXKb,6.877,30.00,17,1.672,1.0095
gen_wex_e99gXKb,gen_wex_e99gXKb,6.877,37.50,14,3.201,1.0138
gen_wex_e99gXKb,gen_wex_e99gXKb,6.877,45.00,11,5.995,1.0292
gen_wex_e99gXKb,gen_wex_e99gXKb,6.877,52.50,19,0.666,1.0099
gen_wex_e99gXKb,gen_wex_e99gXKb,6.877,60.00,22,2.191,1.0171
gen_wex_e99gXKb,gen_wex_e99gXKb,6.877,67.50,14,2.657,1.0148
gen_wex_e99gXKb,gen_wex_e99gXKb,6.877,75.00,17,0.447,1.0089
gen_wex_e99gXKb,gen_wex_e99gXKb,6.877,82.50,14,3.638,1.0190
gen_wex_e99gXKb,gen_wex_e99gXKb,6.877,90.00,5,2.808,1.0039
gen_wex_e99gXKb,gen_wex_e99gXKb,6.877,97.50,9,2.866,1.0073
gen_wex_e99gXKb,gen_wex_e99gXKb,6.877,105.00,9,4.320,1.0239
gen_wex_e99gXKb,gen_wex_e99gXKb,6.877,112.50,11,3.529,1.0214
gen_wex_e99gXKb,gen_wex_e99gXKb,6.877,120.00,19,1.991,1.0164
gen_wex_e99gXKb,gen_wex_e99gXKb,6.877,127.50,17,2.060,1.0166
gen_wex_e99gXKb,gen_wex_e99gXKb,6.877,135.00,16,0.597,1.0100
gen_wex_e99gXKb,gen_wex_e99gXKb,6.877,142.50,12,0.379,1.0096
gen_wex_e99gXKb,gen_wex_e99gXKb,6.877,150.00,8,6.505,1.0309
gen_wex_e99gXKb,gen_wex_e99gXKb,6.877,157.50,16,2.477,1.0164
gen_wex_e99gXKb,gen_wex_e99gXKb,6.877,165.00,15,4.431,1.0237
gen_wex_e99gXKb,gen_wex_e99gXKb,6.877,172.50,16,1.897,1.0160
gen_wex_e99gXKb,gen_wex_e99gXKb,6.877,180.00,13,8.874,1.0383
gen_wex_e99gXKb,gen_wex_e99gXKb,6.877,-172.50,16,4.319,1.0167
gen_wex_e99gXKb,gen_wex_e99gXKb,6.877,-165.00,27,0.800,1.0107
gen_wex_e99gXKb,gen_wex_e99gXKb,6.877,-157.50,30,3.008,1.0138
gen_wex_e99gXKb,gen_wex_e99gXKb,6.877,-150.00,24,2.341,1.0159
gen_wex_e99gXKb,gen_wex_e99gXKb,6.877,-142.50,29,4.309,1.0210
gen_wex_e99gXKb,gen_wex_e99gXKb,6.877,-135.00,19,4.950,1.0234
gen_wex_e99gXKb,gen_wex_e99gXKb,6.877,-127.50,17,3.491,1.0019
gen_wex_e99gXKb,gen_wex_e99gXKb,6.877,-120.00,4,10.620,0.9879
gen_wex_e99gXKb,gen_wex_e99gXKb,6.877,-112.50,13,3.072,1.0021
gen_wex_e99gXKb,gen_wex_e99gXKb,6.877,-105.00,16,5.134,0.9968
gen_wex_e99gXKb,gen_wex_e99gXKb,6.877,-97.50,19,4.366,1.0028
gen_wex_e99gXKb,gen_wex_e99gXKb,6.877,-90.00,9,3.492,1.0060
gen_wex_e99gXKb,gen_wex_e99gXKb,6.877,-82.50,14,1.090,1.0071
gen_wex_e99gXKb,gen_wex_e99gXKb,6.877,-75.00,12,8.787,1.0377
gen_wex_e99gXKb,gen_wex_e99gXKb,6.877,-67.50,13,8.408,1.0373
gen_wex_e99gXKb,gen_wex_e99gXKb,6.877,-60.00,19,6.419,1.0307
gen_wex_e99gXKb,gen_wex_e99gXKb,6.877,-52.50,15,6.854,1.0322
gen_wex_e99gXKb,gen_wex_e99gXKb,6.877,-45.00,15,7.614,1.0326
gen_wex_e99gXKb,gen_wex_e99gXKb,6.877,-37.50,13,7.122,1.0332
gen_wex_e99gXKb,gen_wex_e99gXKb,6.877,-30.00,21,6.688,1.0317
gen_wex_e99gXKb,gen_wex_e99gXKb,6.877,-22.50,10,8.777,1.0387
gen_wex_e99gXKb,gen_wex_e99gXKb,6.877,-15.00,7,1.910,1.0150
gen_wex_e99gXKb,gen_wex_e99gXKb,6.877,-7.50,9,6.438,1.0280
rep_cplus_wEYZOyK,rep_cplus_wEYZOyK,7.747,0.00,7,3.349,1.0115
rep_cplus_wEYZOyK,rep_cplus_wEYZOyK,7.747,7.50,16,0.561,1.0110
rep_cplus_wEYZOyK,rep_cplus_wEYZOyK,7.747,15.00,11,0.393,1.0122
rep_cplus_wEYZOyK,rep_cplus_wEYZOyK,7.747,22.50,13,0.484,1.0098
rep_cplus_wEYZOyK,rep_cplus_wEYZOyK,7.747,30.00,17,0.288,1.0114
rep_cplus_wEYZOyK,rep_cplus_wEYZOyK,7.747,37.50,16,0.121,1.0094
rep_cplus_wEYZOyK,rep_cplus_wEYZOyK,7.747,45.00,11,2.768,1.0267
rep_cplus_wEYZOyK,rep_cplus_wEYZOyK,7.747,52.50,11,1.586,1.0189
rep_cplus_wEYZOyK,rep_cplus_wEYZOyK,7.747,60.00,16,0.653,1.0061
rep_cplus_wEYZOyK,rep_cplus_wEYZOyK,7.747,67.50,14,1.934,0.9982
rep_cplus_wEYZOyK,rep_cplus_wEYZOyK,7.747,75.00,21,1.857,0.9988
rep_cplus_wEYZOyK,rep_cplus_wEYZOyK,7.747,82.50,12,2.974,0.9921
rep_cplus_wEYZOyK,rep_cplus_wEYZOyK,7.747,90.00,17,4.159,0.9845
rep_cplus_wEYZOyK,rep_cplus_wEYZOyK,7.747,97.50,12,1.546,1.0191
rep_cplus_wEYZOyK,rep_cplus_wEYZOyK,7.747,105.00,19,1.824,1.0194
rep_cplus_wEYZOyK,rep_cplus_wEYZOyK,7.747,112.50,15,1.828,1.0199
rep_cplus_wEYZOyK,rep_cplus_wEYZOyK,7.747,120.00,17,2.528,1.0250
rep_cplus_wEYZOyK,rep_cplus_wEYZOyK,7.747,127.50,16,2.131,1.0231
rep_cplus_wEYZOyK,rep_cplus_wEYZOyK,7.747,135.00,21,1.571,1.0148
rep_cplus_wEYZOyK,rep_cplus_wEYZOyK,7.747,142.50,19,1.718,1.0202
rep_cplus_wEYZOyK,rep_cplus_wEYZOyK,7.747,150.00,19,2.139,1.0201
rep_cplus_wEYZOyK,rep_cplus_wEYZOyK,7.747,157.50,16,2.294,1.0224
rep_cplus_wEYZOyK,rep_cplus_wEYZOyK,7.747,165.00,15,2.522,1.0237
rep_cplus_wEYZOyK,rep_cplus_wEYZOyK,7.747,172.50,18,2.201,1.0227
rep_cplus_wEYZOyK,rep_cplus_wEYZOyK,7.747,180.00,19,1.530,1.0185
rep_cplus_wEYZOyK,rep_cplus_wEYZOyK,7.747,-172.50,9,2.293,1.0188
rep_cplus_wEYZOyK,rep_cplus_wEYZOyK,7.747,-165.00,15,0.557,1.0077
rep_cplus_wEYZOyK,rep_cplus_wEYZOyK,7.747,-157.50,17,1.650,1.0198
rep_cplus_wEYZOyK,rep_cplus_wEYZOyK,7.747,-150.00,20,1.671,1.0201
rep_cplus_wEYZOyK,rep_cplus_wEYZOyK,7.747,-142.50,20,1.615,1.0200
rep_cplus_wEYZOyK,rep_cplus_wEYZOyK,7.747,-135.00,22,2.195,1.0235
rep_cplus_wEYZOyK,rep_cplus_wEYZOyK,7.747,-127.50,17,3.828,1.0338
rep_cplus_wEYZOyK,rep_cplus_wEYZOyK,7.747,-120.00,11,3.585,1.0312
rep_cplus_wEYZOyK,rep_cplus_wEYZOyK,7.747,-112.50,8,1.926,1.0218
rep_cplus_wEYZOyK,rep_cplus_wEYZOyK,7.747,-105.00,7,1.962,1.0220
rep_cplus_wEYZOyK,rep_cplus_wEYZOyK,7.747,-97.50,9,1.935,1.0220
rep_cplus_wEYZOyK,rep_cplus_wEYZOyK,7.747,-90.00,5,3.732,1.0221
rep_cplus_wEYZOyK,rep_cplus_wEYZOyK,7.747,-82.50,5,3.796,1.0309
rep_cplus_wEYZOyK,rep_cplus_wEYZOyK,7.747,-75.00,6,3.548,1.0307
rep_cplus_wEYZOyK,rep_cplus_wEYZOyK,7.747,-67.50,7,2.931,1.0279
rep_cplus_wEYZOyK,rep_cplus_wEYZOyK,7.747,-60.00,16,0.905,1.0136
rep_cplus_wEYZOyK,rep_cplus_wEYZOyK,7.747,-52.50,19,1.238,1.0144
rep_cplus_wEYZOyK,rep_cplus_wEYZOyK,7.747,-45.00,17,1.291,1.0165
rep_cplus_wEYZOyK,rep_cplus_wEYZOyK,7.747,-37.50,14,2.168,1.0159
rep_cplus_wEYZOyK,rep_cplus_wEYZOyK,7.747,-30.00,15,2.083,1.0222
rep_cplus_wEYZOyK,rep_cplus_wEYZOyK,7.747,-22.50,12,0.494,1.0071
rep_cplus_wEYZOyK,rep_cplus_wEYZOyK,7.747,-15.00,15,0.473,1.0093
rep_cplus_wEYZOyK,rep_cplus_wEYZOyK,7.747,-7.50,16,1.233,1.0168
rep_cf_xK08a3L,rep_cf_xK08a3L,8.473,0.00,9,2.636,1.0077
rep_cf_xK08a3L,rep_cf_xK08a3L,8.473,22.50,3,10.228,1.0085
rep_cf_xK08a3L,rep_cf_xK08a3L,8.473,30.00,12,1.106,1.0066
rep_cf_xK08a3L,rep_cf_xK08a3L,8.473,45.00,3,12.951,0.9762
rep_cf_xK08a3L,rep_cf_xK08a3L,8.473,52.50,9,1.959,1.0161
rep_cf_xK08a3L,rep_cf_xK08a3L,8.473,60.00,4,12.035,0.9936
rep_cf_xK08a3L,rep_cf_xK08a3L,8.473,82.50,11,4.260,1.0004
rep_cf_xK08a3L,rep_cf_xK08a3L,8.473,90.00,12,8.476,0.9848
rep_cf_xK08a3L,rep_cf_xK08a3L,8.473,105.00,3,16.238,0.9655
rep_cf_xK08a3L,rep_cf_xK08a3L,8.473,112.50,9,4.230,1.0006
rep_cf_xK08a3L,rep_cf_xK08a3L,8.473,120.00,18,5.876,0.9917
rep_cf_xK08a3L,rep_cf_xK08a3L,8.473,142.50,7,3.580,0.9987
rep_cf_xK08a3L,rep_cf_xK08a3L,8.473,150.00,6,2.717,1.0165
rep_cf_xK08a3L,rep_cf_xK08a3L,8.473,172.50,4,10.157,1.0322
rep_cf_xK08a3L,rep_cf_xK08a3L,8.473,180.00,10,3.571,1.0021
rep_cf_xK08a3L,rep_cf_xK08a3L,8.473,-157.50,7,5.682,1.0127
rep_cf_xK08a3L,rep_cf_xK08a3L,8.473,-150.00,10,8.893,1.0108
rep_cf_xK08a3L,rep_cf_xK08a3L,8.473,-142.50,9,9.581,1.0016
rep_cf_xK08a3L,rep_cf_xK08a3L,8.473,-127.50,10,2.383,1.0025
rep_cf_xK08a3L,rep_cf_xK08a3L,8.473,-120.00,9,4.975,1.0019
rep_cf_xK08a3L,rep_cf_xK08a3L,8.473,-112.50,9,7.198,1.0242
rep_cf_xK08a3L,rep_cf_xK08a3L,8.473,-105.00,5,8.985,0.9903
rep_cf_xK08a3L,rep_cf_xK08a3L,8.473,-97.50,3,4.712,1.0201
rep_cf_xK08a3L,rep_cf_xK08a3L,8.473,-75.00,4,7.418,0.9911
rep_cf_xK08a3L,rep_cf_xK08a3L,8.473,-60.00,10,3.449,1.0210
rep_cf_xK08a3L,rep_cf_xK08a3L,8.473,-37.50,3,9.340,1.0088
rep_cf_xK08a3L,rep_cf_xK08a3L,8.473,-30.00,10,2.077,1.0033
rep_cf_sx6zSKZ,rep_cf_sx6zSKZ,8.582,0.00,6,6.942,1.0403
rep_cf_sx6zSKZ,rep_cf_sx6zSKZ,8.582,15.00,8,7.965,1.0459
rep_cf_sx6zSKZ,rep_cf_sx6zSKZ,8.582,22.50,11,4.115,1.0285
rep_cf_sx6zSKZ,rep_cf_sx6zSKZ,8.582,30.00,12,2.808,1.0136
rep_cf_sx6zSKZ,rep_cf_sx6zSKZ,8.582,37.50,11,3.876,1.0228
rep_cf_sx6zSKZ,rep_cf_sx6zSKZ,8.582,45.00,8,2.784,1.0189
rep_cf_sx6zSKZ,rep_cf_sx6zSKZ,8.582,52.50,5,4.650,1.0021
rep_cf_sx6zSKZ,rep_cf_sx6zSKZ,8.582,60.00,9,0.543,1.0105
rep_cf_sx6zSKZ,rep_cf_sx6zSKZ,8.582,67.50,17,0.680,1.0129
rep_cf_sx6zSKZ,rep_cf_sx6zSKZ,8.582,75.00,18,2.657,1.0162
rep_cf_sx6zSKZ,rep_cf_sx6zSKZ,8.582,82.50,18,1.574,1.0172
rep_cf_sx6zSKZ,rep_cf_sx6zSKZ,8.582,90.00,11,0.546,1.0082
rep_cf_sx6zSKZ,rep_cf_sx6zSKZ,8.582,97.50,17,2.209,1.0201
rep_cf_sx6zSKZ,rep_cf_sx6zSKZ,8.582,105.00,7,1.570,1.0172
rep_cf_sx6zSKZ,rep_cf_sx6zSKZ,8.582,112.50,20,0.482,1.0087
rep_cf_sx6zSKZ,rep_cf_sx6zSKZ,8.582,120.00,13,2.847,0.9993
rep_cf_sx6zSKZ,rep_cf_sx6zSKZ,8.582,127.50,14,3.829,0.9926
rep_cf_sx6zSKZ,rep_cf_sx6zSKZ,8.582,135.00,9,3.577,0.9937
rep_cf_sx6zSKZ,rep_cf_sx6zSKZ,8.582,142.50,5,5.475,0.9881
rep_cf_sx6zSKZ,rep_cf_sx6zSKZ,8.582,150.00,5,5.706,0.9840
rep_cf_sx6zSKZ,rep_cf_sx6zSKZ,8.582,157.50,3,6.209,0.9835
rep_cf_sx6zSKZ,rep_cf_sx6zSKZ,8.582,-172.50,3,6.717,1.0405
rep_cf_sx6zSKZ,rep_cf_sx6zSKZ,8.582,-165.00,8,0.476,1.0120
rep_cf_sx6zSKZ,rep_cf_sx6zSKZ,8.582,-157.50,13,3.697,1.0262
rep_cf_sx6zSKZ,rep_cf_sx6zSKZ,8.582,-150.00,14,3.266,1.0248
rep_cf_sx6zSKZ,rep_cf_sx6zSKZ,8.582,-142.50,17,1.937,1.0169
rep_cf_sx6zSKZ,rep_cf_sx6zSKZ,8.582,-135.00,18,1.416,1.0165
rep_cf_sx6zSKZ,rep_cf_sx6zSKZ,8.582,-127.50,14,1.298,1.0113
rep_cf_sx6zSKZ,rep_cf_sx6zSKZ,8.582,-120.00,16,0.119,1.0105
rep_cf_sx6zSKZ,rep_cf_sx6zSKZ,8.582,-112.50,15,0.691,1.0132
rep_cf_sx6zSKZ,rep_cf_sx6zSKZ,8.582,-105.00,10,3.081,1.0207
rep_cf_sx6zSKZ,rep_cf_sx6zSKZ,8.582,-97.50,10,3.247,1.0216
rep_cf_sx6zSKZ,rep_cf_sx6zSKZ,8.582,-90.00,11,3.528,1.0256
rep_cf_sx6zSKZ,rep_cf_sx6zSKZ,8.582,-82.50,12,3.903,1.0243
rep_cf_sx6zSKZ,rep_cf_sx6zSKZ,8.582,-75.00,15,4.411,1.0235
rep_cf_sx6zSKZ,rep_cf_sx6zSKZ,8.582,-67.50,9,4.190,1.0258
rep_cf_sx6zSKZ,rep_cf_sx6zSKZ,8.582,-60.00,16,4.629,1.0219
rep_cf_sx6zSKZ,rep_cf_sx6zSKZ,8.582,-52.50,17,4.382,1.0260
rep_cf_sx6zSKZ,rep_cf_sx6zSKZ,8.582,-45.00,11,4.007,1.0255
rep_cf_sx6zSKZ,rep_cf_sx6zSKZ,8.582,-37.50,23,2.526,1.0140
rep_cf_sx6zSKZ,rep_cf_sx6zSKZ,8.582,-30.00,13,2.370,1.0204
rep_cf_sx6zSKZ,rep_cf_sx6zSKZ,8.582,-22.50,10,2.978,1.0231
rep_cf_sx6zSKZ,rep_cf_sx6zSKZ,8.582,-15.00,4,7.107,1.0380
rep_cf_sx6zSKZ,rep_cf_sx6zSKZ,8.582,-7.50,5,5.540,1.0349
gen_wex_e99gXKb,gen_wex_e99gXKb,8.615,0.00,13,1.556,0.9989
gen_wex_e99gXKb,gen_wex_e99gXKb,8.615,7.50,7,2.834,0.9899
gen_wex_e99gXKb,gen_wex_e99gXKb,8.615,15.00,8,2.044,0.9972
gen_wex_e99gXKb,gen_wex_e99gXKb,8.615,22.50,14,0.809,1.0115
gen_wex_e99gXKb,gen_wex_e99gXKb,8.615,30.00,18,0.755,1.0148
gen_wex_e99gXKb,gen_wex_e99gXKb,8.615,37.50,19,0.752,1.0153
gen_wex_e99gXKb,gen_wex_e99gXKb,8.615,45.00,23,0.497,1.0135
gen_wex_e99gXKb,gen_wex_e99gXKb,8.615,52.50,16,0.115,1.0108
gen_wex_e99gXKb,gen_wex_e99gXKb,8.615,60.00,14,2.468,1.0256
gen_wex_e99gXKb,gen_wex_e99gXKb,8.615,67.50,7,4.234,1.0388
gen_wex_e99gXKb,gen_wex_e99gXKb,8.615,75.00,5,4.025,1.0386
gen_wex_e99gXKb,gen_wex_e99gXKb,8.615,82.50,4,4.067,1.0385
gen_wex_e99gXKb,gen_wex_e99gXKb,8.615,112.50,8,1.069,1.0127
gen_wex_e99gXKb,gen_wex_e99gXKb,8.615,120.00,11,1.200,1.0138
gen_wex_e99gXKb,gen_wex_e99gXKb,8.615,127.50,9,4.117,1.0396
gen_wex_e99gXKb,gen_wex_e99gXKb,8.615,135.00,10,3.215,1.0333
gen_wex_e99gXKb,gen_wex_e99gXKb,8.615,142.50,15,1.383,1.0171
gen_wex_e99gXKb,gen_wex_e99gXKb,8.615,150.00,22,1.131,1.0182
gen_wex_e99gXKb,gen_wex_e99gXKb,8.615,157.50,24,0.182,1.0110
gen_wex_e99gXKb,gen_wex_e99gXKb,8.615,165.00,22,0.727,1.0141
gen_wex_e99gXKb,gen_wex_e99gXKb,8.615,172.50,22,0.639,1.0145
gen_wex_e99gXKb,gen_wex_e99gXKb,8.615,180.00,20,0.636,1.0069
gen_wex_e99gXKb,gen_wex_e99gXKb,8.615,-172.50,15,1.420,1.0003
gen_wex_e99gXKb,gen_wex_e99gXKb,8.615,-165.00,13,1.377,1.0000
gen_wex_e99gXKb,gen_wex_e99gXKb,8.615,-157.50,18,0.993,1.0075
gen_wex_e99gXKb,gen_wex_e99gXKb,8.615,-150.00,21,0.618,1.0059
gen_wex_e99gXKb,gen_wex_e99gXKb,8.615,-142.50,29,1.209,1.0012
gen_wex_e99gXKb,gen_wex_e99gXKb,8.615,-135.00,33,0.543,1.0115
gen_wex_e99gXKb,gen_wex_e99gXKb,8.615,-127.50,31,0.506,1.0133
gen_wex_e99gXKb,gen_wex_e99gXKb,8.615,-120.00,24,0.823,1.0040
gen_wex_e99gXKb,gen_wex_e99gXKb,8.615,-112.50,27,0.343,1.0088
gen_wex_e99gXKb,gen_wex_e99gXKb,8.615,-105.00,33,0.417,1.0127
gen_wex_e99gXKb,gen_wex_e99gXKb,8.615,-97.50,19,0.801,1.0124
gen_wex_e99gXKb,gen_wex_e99gXKb,8.615,-90.00,28,0.120,1.0104
gen_wex_e99gXKb,gen_wex_e99gXKb,8.615,-82.50,20,0.491,1.0070
gen_wex_e99gXKb,gen_wex_e99gXKb,8.615,-75.00,13,0.048,1.0097
gen_wex_e99gXKb,gen_wex_e99gXKb,8.615,-67.50,22,0.458,1.0071
gen_wex_e99gXKb,gen_wex_e99gXKb,8.615,-60.00,24,0.848,1.0092
gen_wex_e99gXKb,gen_wex_e99gXKb,8.615,-52.50,25,0.184,1.0089
gen_wex_e99gXKb,gen_wex_e99gXKb,8.615,-45.00,27,0.227,1.0103
gen_wex_e99gXKb,gen_wex_e99gXKb,8.615,-37.50,30,1.063,1.0026
gen_wex_e99gXKb,gen_wex_e99gXKb,8.615,-30.00,20,1.244,1.0190
gen_wex_e99gXKb,gen_wex_e99gXKb,8.615,-22.50,21,1.473,1.0202
gen_wex_e99gXKb,gen_wex_e99gXKb,8.615,-15.00,18,0.406,1.0127
gen_wex_e99gXKb,gen_wex_e99gXKb,8.615,-7.50,9,1.332,1.0040
rep_vsf_oVwWMrC,rep_vsf_oVwWMrC,8.877,0.00,9,8.047,1.0455
rep_vsf_oVwWMrC,rep_vsf_oVwWMrC,8.877,7.50,11,3.425,1.0235
rep_vsf_oVwWMrC,rep_vsf_oVwWMrC,8.877,15.00,11,0.957,1.0126
rep_vsf_oVwWMrC,rep_vsf_oVwWMrC,8.877,22.50,16,1.504,1.0153
rep_vsf_oVwWMrC,rep_vsf_oVwWMrC,8.877,30.00,25,1.564,1.0168
rep_vsf_oVwWMrC,rep_vsf_oVwWMrC,8.877,37.50,29,1.151,1.0151
rep_vsf_oVwWMrC,rep_vsf_oVwWMrC,8.877,45.00,28,1.651,1.0086
rep_vsf_oVwWMrC,rep_vsf_oVwWMrC,8.877,52.50,17,4.158,0.9932
rep_vsf_oVwWMrC,rep_vsf_oVwWMrC,8.877,60.00,5,6.068,0.9841
rep_vsf_oVwWMrC,rep_vsf_oVwWMrC,8.877,67.50,10,3.751,0.9937
rep_vsf_oVwWMrC,rep_vsf_oVwWMrC,8.877,75.00,12,5.258,0.9868
rep_vsf_oVwWMrC,rep_vsf_oVwWMrC,8.877,82.50,10,6.425,0.9820
rep_vsf_oVwWMrC,rep_vsf_oVwWMrC,8.877,90.00,12,3.861,0.9947
rep_vsf_oVwWMrC,rep_vsf_oVwWMrC,8.877,97.50,10,5.466,0.9861
rep_vsf_oVwWMrC,rep_vsf_oVwWMrC,8.877,105.00,13,3.798,0.9942
rep_vsf_oVwWMrC,rep_vsf_oVwWMrC,8.877,112.50,13,5.270,0.9866
rep_vsf_oVwWMrC,rep_vsf_oVwWMrC,8.877,120.00,15,4.230,0.9913
rep_vsf_oVwWMrC,rep_vsf_oVwWMrC,8.877,127.50,18,3.617,0.9942
rep_vsf_oVwWMrC,rep_vsf_oVwWMrC,8.877,135.00,18,3.159,0.9965
rep_vsf_oVwWMrC,rep_vsf_oVwWMrC,8.877,142.50,22,3.977,0.9929
rep_vsf_oVwWMrC,rep_vsf_oVwWMrC,8.877,150.00,13,1.941,1.0013
rep_vsf_oVwWMrC,rep_vsf_oVwWMrC,8.877,157.50,14,1.162,1.0049
rep_vsf_oVwWMrC,rep_vsf_oVwWMrC,8.877,165.00,9,1.845,1.0172
rep_vsf_oVwWMrC,rep_vsf_oVwWMrC,8.877,172.50,13,4.722,1.0292
rep_vsf_oVwWMrC,rep_vsf_oVwWMrC,8.877,180.00,19,1.703,1.0158
rep_vsf_oVwWMrC,rep_vsf_oVwWMrC,8.877,-172.50,17,4.794,1.0304
rep_vsf_oVwWMrC,rep_vsf_oVwWMrC,8.877,-165.00,17,4.819,1.0302
rep_vsf_oVwWMrC,rep_vsf_oVwWMrC,8.877,-157.50,13,2.749,1.0187
rep_vsf_oVwWMrC,rep_vsf_oVwWMrC,8.877,-150.00,19,1.848,1.0167
rep_vsf_oVwWMrC,rep_vsf_oVwWMrC,8.877,-142.50,16,0.772,1.0113
rep_vsf_oVwWMrC,rep_vsf_oVwWMrC,8.877,-135.00,16,3.514,1.0242
rep_vsf_oVwWMrC,rep_vsf_oVwWMrC,8.877,-127.50,11,2.645,1.0201
rep_vsf_oVwWMrC,rep_vsf_oVwWMrC,8.877,-120.00,5,7.283,1.0362
rep_vsf_oVwWMrC,rep_vsf_oVwWMrC,8.877,-112.50,3,3.840,1.0152
rep_vsf_oVwWMrC,rep_vsf_oVwWMrC,8.877,-105.00,13,3.408,1.0221
rep_vsf_oVwWMrC,rep_vsf_oVwWMrC,8.877,-97.50,16,3.326,1.0232
rep_vsf_oVwWMrC,rep_vsf_oVwWMrC,8.877,-90.00,16,3.566,1.0245
rep_vsf_oVwWMrC,rep_vsf_oVwWMrC,8.877,-82.50,16,3.791,1.0258
rep_vsf_oVwWMrC,rep_vsf_oVwWMrC,8.877,-75.00,9,4.330,1.0279
rep_vsf_oVwWMrC,rep_vsf_oVwWMrC,8.877,-67.50,10,6.378,1.0307
rep_vsf_oVwWMrC,rep_vsf_oVwWMrC,8.877,-60.00,20,2.355,1.0128
rep_vsf_oVwWMrC,rep_vsf_oVwWMrC,8.877,-52.50,13,4.958,1.0294
rep_vsf_oVwWMrC,rep_vsf_oVwWMrC,8.877,-45.00,18,4.554,1.0293
rep_vsf_oVwWMrC,rep_vsf_oVwWMrC,8.877,-37.50,14,1.409,1.0162
rep_vsf_oVwWMrC,rep_vsf_oVwWMrC,8.877,-30.00,8,6.947,1.0348
rep_vsf_oVwWMrC,rep_vsf_oVwWMrC,8.877,-22.50,6,5.325,1.0333
rep_vsf_oVwWMrC,rep_vsf_oVwWMrC,8.877,-15.00,6,8.271,1.0451
rep_vsf_oVwWMrC,rep_vsf_oVwWMrC,8.877,-7.50,10,4.877,1.0314
rep_vsf_oVwWMrC,rep_vsf_oVwWMrC,9.401,0.00,8,7.781,1.0434
rep_vsf_oVwWMrC,rep_vsf_oVwWMrC,9.401,7.50,9,3.112,1.0234
rep_vsf_oVwWMrC,rep_vsf_oVwWMrC,9.401,15.00,10,2.033,1.0013
rep_vsf_oVwWMrC,rep_vsf_oVwWMrC,9.401,22.50,17,0.503,1.0119
rep_vsf_oVwWMrC,rep_vsf_oVwWMrC,9.401,30.00,24,1.508,1.0158
rep_vsf_oVwWMrC,rep_vsf_oVwWMrC,9.401,37.50,26,0.487,1.0109
rep_vsf_oVwWMrC,rep_vsf_oVwWMrC,9.401,45.00,36,2.187,1.0182
rep_vsf_oVwWMrC,rep_vsf_oVwWMrC,9.401,52.50,30,0.342,1.0092
rep_vsf_oVwWMrC,rep_vsf_oVwWMrC,9.401,60.00,11,3.243,1.0170
rep_vsf_oVwWMrC,rep_vsf_oVwWMrC,9.401,67.50,10,2.891,0.9977
rep_vsf_oVwWMrC,rep_vsf_oVwWMrC,9.401,75.00,10,3.603,0.9951
rep_vsf_oVwWMrC,rep_vsf_oVwWMrC,9.401,82.50,10,5.439,0.9873
rep_vsf_oVwWMrC,rep_vsf_oVwWMrC,9.401,90.00,23,0.684,1.0099
rep_vsf_oVwWMrC,rep_vsf_oVwWMrC,9.401,97.50,17,1.423,1.0089
rep_vsf_oVwWMrC,rep_vsf_oVwWMrC,9.401,105.00,20,1.027,1.0056
rep_vsf_oVwWMrC,rep_vsf_oVwWMrC,9.401,112.50,16,3.418,0.9953
rep_vsf_oVwWMrC,rep_vsf_oVwWMrC,9.401,120.00,16,2.083,1.0017
rep_vsf_oVwWMrC,rep_vsf_oVwWMrC,9.401,127.50,17,3.591,0.9943
rep_vsf_oVwWMrC,rep_vsf_oVwWMrC,9.401,135.00,21,3.646,0.9942
rep_vsf_oVwWMrC,rep_vsf_oVwWMrC,9.401,142.50,20,3.035,0.9967
rep_vsf_oVwWMrC,rep_vsf_oVwWMrC,9.401,150.00,18,2.111,1.0010
rep_vsf_oVwWMrC,rep_vsf_oVwWMrC,9.401,157.50,14,1.570,1.0034
rep_vsf_oVwWMrC,rep_vsf_oVwWMrC,9.401,165.00,7,2.855,1.0185
rep_vsf_oVwWMrC,rep_vsf_oVwWMrC,9.401,172.50,8,2.220,1.0184
rep_vsf_oVwWMrC,rep_vsf_oVwWMrC,9.401,180.00,12,0.629,1.0073
rep_vsf_oVwWMrC,rep_vsf_oVwWMrC,9.401,-172.50,9,2.463,1.0184
rep_vsf_oVwWMrC,rep_vsf_oVwWMrC,9.401,-165.00,7,2.103,1.0184
rep_vsf_oVwWMrC,rep_vsf_oVwWMrC,9.401,-157.50,13,3.721,1.0253
rep_vsf_oVwWMrC,rep_vsf_oVwWMrC,9.401,-150.00,16,1.522,1.0066
rep_vsf_oVwWMrC,rep_vsf_oVwWMrC,9.401,-142.50,21,2.614,1.0100
rep_vsf_oVwWMrC,rep_vsf_oVwWMrC,9.401,-135.00,17,4.524,1.0282
rep_vsf_oVwWMrC,rep_vsf_oVwWMrC,9.401,-127.50,17,4.375,1.0272
rep_vsf_oVwWMrC,rep_vsf_oVwWMrC,9.401,-120.00,9,2.966,1.0191
rep_vsf_oVwWMrC,rep_vsf_oVwWMrC,9.401,-112.50,3,7.648,1.0251
rep_vsf_oVwWMrC,rep_vsf_oVwWMrC,9.401,-105.00,6,5.850,1.0336
rep_vsf_oVwWMrC,rep_vsf_oVwWMrC,9.401,-97.50,15,5.653,1.0330
rep_vsf_oVwWMrC,rep_vsf_oVwWMrC,9.401,-90.00,11,5.622,1.0339
rep_vsf_oVwWMrC,rep_vsf_oVwWMrC,9.401,-82.50,13,5.032,1.0308
rep_vsf_oVwWMrC,rep_vsf_oVwWMrC,9.401,-75.00,16,4.765,1.0284
rep_vsf_oVwWMrC,rep_vsf_oVwWMrC,9.401,-67.50,19,4.785,1.0293
rep_vsf_oVwWMrC,rep_vsf_oVwWMrC,9.401,-60.00,22,1.645,1.0143
rep_vsf_oVwWMrC,rep_vsf_oVwWMrC,9.401,-52.50,17,5.482,1.0333
rep_vsf_oVwWMrC,rep_vsf_oVwWMrC,9.401,-45.00,24,4.951,1.0311
rep_vsf_oVwWMrC,rep_vsf_oVwWMrC,9.401,-37.50,21,3.311,1.0242
rep_vsf_oVwWMrC,rep_vsf_oVwWMrC,9.401,-30.00,10,4.888,1.0304
rep_vsf_oVwWMrC,rep_vsf_oVwWMrC,9.401,-22.50,10,5.776,1.0346
rep_vsf_oVwWMrC,rep_vsf_oVwWMrC,9.401,-15.00,11,3.434,1.0245
rep_vsf_oVwWMrC,rep_vsf_oVwWMrC,9.401,-7.50,9,5.990,1.0356
rep_cf_bpdi5xV,rep_cf_bpdi5xV,10.111,0.00,14,2.250,1.0236
rep_cf_bpdi5xV,rep_cf_bpdi5xV,10.111,7.50,5,5.543,1.0447
rep_cf_bpdi5xV,rep_cf_bpdi5xV,10.111,15.00,6,4.771,1.0400
rep_cf_bpdi5xV,rep_cf_bpdi5xV,10.111,22.50,6,4.860,1.0381
rep_cf_bpdi5xV,rep_cf_bpdi5xV,10.111,30.00,9,4.608,1.0389
rep_cf_bpdi5xV,rep_cf_bpdi5xV,10.111,37.50,9,4.724,1.0397
rep_cf_bpdi5xV,rep_cf_bpdi5xV,10.111,45.00,12,3.400,1.0285
rep_cf_bpdi5xV,rep_cf_bpdi5xV,10.111,52.50,19,1.474,1.0183
rep_cf_bpdi5xV,rep_cf_bpdi5xV,10.111,60.00,22,1.116,1.0127
rep_cf_bpdi5xV,rep_cf_bpdi5xV,10.111,67.50,7,4.343,1.0369
rep_cf_bpdi5xV,rep_cf_bpdi5xV,10.111,75.00,13,1.464,1.0059
rep_cf_bpdi5xV,rep_cf_bpdi5xV,10.111,82.50,10,0.426,1.0108
rep_cf_bpdi5xV,rep_cf_bpdi5xV,10.111,90.00,15,1.567,1.0199
rep_cf_bpdi5xV,rep_cf_bpdi5xV,10.111,97.50,7,3.493,1.0321
rep_cf_bpdi5xV,rep_cf_bpdi5xV,10.111,105.00,5,3.849,1.0340
rep_cf_bpdi5xV,rep_cf_bpdi5xV,10.111,112.50,5,3.947,1.0350
rep_cf_bpdi5xV,rep_cf_bpdi5xV,10.111,120.00,9,3.477,1.0321
rep_cf_bpdi5xV,rep_cf_bpdi5xV,10.111,127.50,9,3.368,1.0313
rep_cf_bpdi5xV,rep_cf_bpdi5xV,10.111,135.00,9,3.878,1.0346
rep_cf_bpdi5xV,rep_cf_bpdi5xV,10.111,142.50,3,4.772,1.0258
rep_cf_bpdi5xV,rep_cf_bpdi5xV,10.111,157.50,8,3.779,1.0339
rep_cf_bpdi5xV,rep_cf_bpdi5xV,10.111,165.00,13,1.252,1.0086
rep_cf_bpdi5xV,rep_cf_bpdi5xV,10.111,172.50,14,1.412,1.0069
rep_cf_bpdi5xV,rep_cf_bpdi5xV,10.111,180.00,13,1.305,1.0058
rep_cf_bpdi5xV,rep_cf_bpdi5xV,10.111,-172.50,12,1.773,0.9994
rep_cf_bpdi5xV,rep_cf_bpdi5xV,10.111,-165.00,10,0.653,1.0074
rep_cf_bpdi5xV,rep_cf_bpdi5xV,10.111,-157.50,16,1.813,1.0004
rep_cf_bpdi5xV,rep_cf_bpdi5xV,10.111,-150.00,15,0.740,1.0096
rep_cf_bpdi5xV,rep_cf_bpdi5xV,10.111,-142.50,17,0.686,1.0088
rep_cf_bpdi5xV,rep_cf_bpdi5xV,10.111,-135.00,10,0.903,1.0149
rep_cf_bpdi5xV,rep_cf_bpdi5xV,10.111,-127.50,8,2.694,1.0258
rep_cf_bpdi5xV,rep_cf_bpdi5xV,10.111,-120.00,10,2.476,1.0251
rep_cf_bpdi5xV,rep_cf_bpdi5xV,10.111,-112.50,7,2.929,1.0274
rep_cf_bpdi5xV,rep_cf_bpdi5xV,10.111,-105.00,8,2.782,1.0270
rep_cf_bpdi5xV,rep_cf_bpdi5xV,10.111,-97.50,9,0.456,1.0128
rep_cf_bpdi5xV,rep_cf_bpdi5xV,10.111,-90.00,9,1.801,0.9996
rep_cf_bpdi5xV,rep_cf_bpdi5xV,10.111,-82.50,12,2.679,1.0187
rep_cf_bpdi5xV,rep_cf_bpdi5xV,10.111,-75.00,5,4.286,1.0365
rep_cf_bpdi5xV,rep_cf_bpdi5xV,10.111,-67.50,8,5.007,1.0412
rep_cf_bpdi5xV,rep_cf_bpdi5xV,10.111,-60.00,17,2.392,1.0249
rep_cf_bpdi5xV,rep_cf_bpdi5xV,10.111,-52.50,9,4.147,1.0336
rep_cf_bpdi5xV,rep_cf_bpdi5xV,10.111,-22.50,3,5.255,1.0412
rep_cf_bpdi5xV,rep_cf_bpdi5xV,10.111,-15.00,12,2.249,1.0091
rep_cf_bpdi5xV,rep_cf_bpdi5xV,10.111,-7.50,8,5.242,1.0428
rep_vsf_sh7PSsh,rep_vsf_sh7PSsh,10.985,0.00,17,1.782,1.0188
rep_vsf_sh7PSsh,rep_vsf_sh7PSsh,10.985,7.50,17,1.294,1.0120
rep_vsf_sh7PSsh,rep_vsf_sh7PSsh,10.985,15.00,19,1.597,1.0177
rep_vsf_sh7PSsh,rep_vsf_sh7PSsh,10.985,22.50,28,0.692,1.0094
rep_vsf_sh7PSsh,rep_vsf_sh7PSsh,10.985,30.00,31,0.885,1.0060
rep_vsf_sh7PSsh,rep_vsf_sh7PSsh,10.985,37.50,19,0.615,1.0131
rep_vsf_sh7PSsh,rep_vsf_sh7PSsh,10.985,45.00,19,2.158,1.0207
rep_vsf_sh7PSsh,rep_vsf_sh7PSsh,10.985,52.50,14,1.328,1.0157
rep_vsf_sh7PSsh,rep_vsf_sh7PSsh,10.985,60.00,9,0.842,1.0123
rep_vsf_sh7PSsh,rep_vsf_sh7PSsh,10.985,67.50,8,0.660,1.0114
rep_vsf_sh7PSsh,rep_vsf_sh7PSsh,10.985,75.00,3,1.512,1.0094
rep_vsf_sh7PSsh,rep_vsf_sh7PSsh,10.985,82.50,4,0.793,1.0063
rep_vsf_sh7PSsh,rep_vsf_sh7PSsh,10.985,120.00,7,0.859,1.0139
rep_vsf_sh7PSsh,rep_vsf_sh7PSsh,10.985,127.50,8,1.699,1.0136
rep_vsf_sh7PSsh,rep_vsf_sh7PSsh,10.985,135.00,8,0.379,1.0119
rep_vsf_sh7PSsh,rep_vsf_sh7PSsh,10.985,142.50,18,0.623,1.0073
rep_vsf_sh7PSsh,rep_vsf_sh7PSsh,10.985,150.00,12,0.955,1.0101
rep_vsf_sh7PSsh,rep_vsf_sh7PSsh,10.985,157.50,14,2.406,0.9974
rep_vsf_sh7PSsh,rep_vsf_sh7PSsh,10.985,165.00,7,3.062,0.9952
rep_vsf_sh7PSsh,rep_vsf_sh7PSsh,10.985,172.50,7,2.523,0.9978
rep_vsf_sh7PSsh,rep_vsf_sh7PSsh,10.985,180.00,15,0.149,1.0108
rep_vsf_sh7PSsh,rep_vsf_sh7PSsh,10.985,-172.50,3,4.241,1.0271
rep_vsf_sh7PSsh,rep_vsf_sh7PSsh,10.985,-165.00,7,3.802,1.0038
rep_vsf_sh7PSsh,rep_vsf_sh7PSsh,10.985,-157.50,15,2.632,1.0080
rep_vsf_sh7PSsh,rep_vsf_sh7PSsh,10.985,-150.00,14,3.658,1.0263
rep_vsf_sh7PSsh,rep_vsf_sh7PSsh,10.985,-142.50,13,5.793,1.0316
rep_vsf_sh7PSsh,rep_vsf_sh7PSsh,10.985,-135.00,20,4.233,1.0239
rep_vsf_sh7PSsh,rep_vsf_sh7PSsh,10.985,-127.50,25,2.625,1.0149
rep_vsf_sh7PSsh,rep_vsf_sh7PSsh,10.985,-120.00,22,2.551,1.0113
rep_vsf_sh7PSsh,rep_vsf_sh7PSsh,10.985,-112.50,15,5.278,1.0314
rep_vsf_sh7PSsh,rep_vsf_sh7PSsh,10.985,-105.00,15,4.930,1.0317
rep_vsf_sh7PSsh,rep_vsf_sh7PSsh,10.985,-97.50,13,3.610,1.0170
rep_vsf_sh7PSsh,rep_vsf_sh7PSsh,10.985,-90.00,17,3.626,1.0155
rep_vsf_sh7PSsh,rep_vsf_sh7PSsh,10.985,-82.50,15,3.238,1.0235
rep_vsf_sh7PSsh,rep_vsf_sh7PSsh,10.985,-75.00,10,3.510,1.0239
rep_vsf_sh7PSsh,rep_vsf_sh7PSsh,10.985,-67.50,21,2.689,1.0206
rep_vsf_sh7PSsh,rep_vsf_sh7PSsh,10.985,-60.00,22,2.281,1.0200
rep_vsf_sh7PSsh,rep_vsf_sh7PSsh,10.985,-52.50,22,2.389,1.0191
rep_vsf_sh7PSsh,rep_vsf_sh7PSsh,10.985,-45.00,21,1.522,1.0130
rep_vsf_sh7PSsh,rep_vsf_sh7PSsh,10.985,-37.50,26,1.414,1.0169
rep_vsf_sh7PSsh,rep_vsf_sh7PSsh,10.985,-30.00,17,2.040,1.0203
rep_vsf_sh7PSsh,rep_vsf_sh7PSsh,10.985,-22.50,11,3.848,1.0295
rep_vsf_sh7PSsh,rep_vsf_sh7PSsh,10.985,-15.00,16,0.037,1.0102
rep_vsf_sh7PSsh,rep_vsf_sh7PSsh,10.985,-7.50,15,0.256,1.0113
rep_cf_QsJT2wk,rep_cf_QsJT2wk,11.033,0.00,16,0.972,1.0163
rep_cf_QsJT2wk,rep_cf_QsJT2wk,11.033,7.50,16,0.597,1.0135
rep_cf_QsJT2wk,rep_cf_QsJT2wk,11.033,15.00,17,0.616,1.0146
rep_cf_QsJT2wk,rep_cf_QsJT2wk,11.033,22.50,16,0.295,1.0120
rep_cf_QsJT2wk,rep_cf_QsJT2wk,11.033,30.00,21,0.407,1.0130
rep_cf_QsJT2wk,rep_cf_QsJT2wk,11.033,37.50,19,0.453,1.0131
rep_cf_QsJT2wk,rep_cf_QsJT2wk,11.033,45.00,23,0.532,1.0139
rep_cf_QsJT2wk,rep_cf_QsJT2wk,11.033,52.50,22,0.971,1.0165
rep_cf_QsJT2wk,rep_cf_QsJT2wk,11.033,60.00,20,0.444,1.0132
rep_cf_QsJT2wk,rep_cf_QsJT2wk,11.033,67.50,19,1.172,1.0174
rep_cf_QsJT2wk,rep_cf_QsJT2wk,11.033,75.00,16,0.215,1.0115
rep_cf_QsJT2wk,rep_cf_QsJT2wk,11.033,82.50,21,0.608,1.0140
rep_cf_QsJT2wk,rep_cf_QsJT2wk,11.033,90.00,18,1.952,0.9956
rep_cf_QsJT2wk,rep_cf_QsJT2wk,11.033,97.50,10,0.748,1.0050
rep_cf_QsJT2wk,rep_cf_QsJT2wk,11.033,127.50,12,2.713,0.9898
rep_cf_QsJT2wk,rep_cf_QsJT2wk,11.033,135.00,20,0.733,1.0051
rep_cf_QsJT2wk,rep_cf_QsJT2wk,11.033,142.50,20,1.482,0.9987
rep_cf_QsJT2wk,rep_cf_QsJT2wk,11.033,150.00,17,1.329,1.0000
rep_cf_QsJT2wk,rep_cf_QsJT2wk,11.033,157.50,19,0.395,1.0070
rep_cf_QsJT2wk,rep_cf_QsJT2wk,11.033,165.00,18,1.800,1.0237
rep_cf_QsJT2wk,rep_cf_QsJT2wk,11.033,172.50,16,3.010,1.0327
rep_cf_QsJT2wk,rep_cf_QsJT2wk,11.033,180.00,18,2.854,1.0316
rep_cf_QsJT2wk,rep_cf_QsJT2wk,11.033,-172.50,15,2.785,1.0310
rep_cf_QsJT2wk,rep_cf_QsJT2wk,11.033,-165.00,15,2.756,1.0305
rep_cf_QsJT2wk,rep_cf_QsJT2wk,11.033,-157.50,24,0.548,1.0079
rep_cf_QsJT2wk,rep_cf_QsJT2wk,11.033,-150.00,18,0.724,1.0143
rep_cf_QsJT2wk,rep_cf_QsJT2wk,11.033,-142.50,21,2.233,1.0267
rep_cf_QsJT2wk,rep_cf_QsJT2wk,11.033,-135.00,24,2.472,1.0286
rep_cf_QsJT2wk,rep_cf_QsJT2wk,11.033,-127.50,25,2.009,1.0247
rep_cf_QsJT2wk,rep_cf_QsJT2wk,11.033,-120.00,30,0.639,1.0144
rep_cf_QsJT2wk,rep_cf_QsJT2wk,11.033,-112.50,17,1.578,1.0217
rep_cf_QsJT2wk,rep_cf_QsJT2wk,11.033,-105.00,16,1.391,1.0202
rep_cf_QsJT2wk,rep_cf_QsJT2wk,11.033,-97.50,19,0.660,1.0147
rep_cf_QsJT2wk,rep_cf_QsJT2wk,11.033,-90.00,23,1.036,1.0025
rep_cf_QsJT2wk,rep_cf_QsJT2wk,11.033,-82.50,20,0.845,1.0042
rep_cf_QsJT2wk,rep_cf_QsJT2wk,11.033,-75.00,16,1.265,1.0005
rep_cf_QsJT2wk,rep_cf_QsJT2wk,11.033,-67.50,14,0.862,1.0085
rep_cf_QsJT2wk,rep_cf_QsJT2wk,11.033,-60.00,22,1.632,0.9983
rep_cf_QsJT2wk,rep_cf_QsJT2wk,11.033,-52.50,14,0.098,1.0100
rep_cf_QsJT2wk,rep_cf_QsJT2wk,11.033,-45.00,21,1.201,1.0185
rep_cf_QsJT2wk,rep_cf_QsJT2wk,11.033,-37.50,19,1.373,1.0198
rep_cf_QsJT2wk,rep_cf_QsJT2wk,11.033,-30.00,24,1.119,1.0184
rep_cf_QsJT2wk,rep_cf_QsJT2wk,11.033,-22.50,22,0.827,1.0162
rep_cf_QsJT2wk,rep_cf_QsJT2wk,11.033,-15.00,14,1.380,1.0203
rep_cf_QsJT2wk,rep_cf_QsJT2wk,11.033,-7.50,15,0.975,1.0152
rep_cf_QsJT2wk,rep_cf_QsJT2wk,11.841,0.00,9,1.976,1.0039
rep_cf_QsJT2wk,rep_cf_QsJT2wk,11.841,22.50,7,4.347,0.9964
rep_cf_QsJT2wk,rep_cf_QsJT2wk,11.841,30.00,11,3.750,0.9962
rep_cf_QsJT2wk,rep_cf_QsJT2wk,11.841,45.00,6,8.479,0.9857
rep_cf_QsJT2wk,rep_cf_QsJT2wk,11.841,52.50,4,5.785,0.9933
rep_cf_QsJT2wk,rep_cf_QsJT2wk,11.841,60.00,6,7.930,0.9799
rep_cf_QsJT2wk,rep_cf_QsJT2wk,11.841,75.00,4,6.252,0.9970
rep_cf_QsJT2wk,rep_cf_QsJT2wk,11.841,82.50,9,3.636,1.0009
rep_cf_QsJT2wk,rep_cf_QsJT2wk,11.841,90.00,10,5.353,0.9913
rep_cf_QsJT2wk,rep_cf_QsJT2wk,11.841,112.50,13,2.042,1.0163
rep_cf_QsJT2wk,rep_cf_QsJT2wk,11.841,120.00,10,1.714,1.0067
rep_cf_QsJT2wk,rep_cf_QsJT2wk,11.841,127.50,4,11.324,1.0237
rep_cf_QsJT2wk,rep_cf_QsJT2wk,11.841,142.50,11,1.835,1.0135
rep_cf_QsJT2wk,rep_cf_QsJT2wk,11.841,150.00,11,1.100,1.0073
rep_cf_QsJT2wk,rep_cf_QsJT2wk,11.841,157.50,12,3.800,1.0042
rep_cf_QsJT2wk,rep_cf_QsJT2wk,11.841,165.00,4,3.890,1.0249
rep_cf_QsJT2wk,rep_cf_QsJT2wk,11.841,172.50,10,2.130,1.0140
rep_cf_QsJT2wk,rep_cf_QsJT2wk,11.841,180.00,14,2.426,1.0012
rep_cf_QsJT2wk,rep_cf_QsJT2wk,11.841,-172.50,4,6.253,1.0209
rep_cf_QsJT2wk,rep_cf_QsJT2wk,11.841,-165.00,10,1.695,1.0108
rep_cf_QsJT2wk,rep_cf_QsJT2wk,11.841,-157.50,11,2.182,1.0020
rep_cf_QsJT2wk,rep_cf_QsJT2wk,11.841,-150.00,16,5.959,0.9877
rep_cf_QsJT2wk,rep_cf_QsJT2wk,11.841,-142.50,7,2.403,1.0009
rep_cf_QsJT2wk,rep_cf_QsJT2wk,11.841,-135.00,6,2.170,1.0107
rep_cf_QsJT2wk,rep_cf_QsJT2wk,11.841,-127.50,18,3.582,0.9964
rep_cf_QsJT2wk,rep_cf_QsJT2wk,11.841,-120.00,19,5.100,0.9905
rep_cf_QsJT2wk,rep_cf_QsJT2wk,11.841,-112.50,7,5.652,0.9883
rep_cf_QsJT2wk,rep_cf_QsJT2wk,11.841,-97.50,8,2.130,1.0163
rep_cf_QsJT2wk,rep_cf_QsJT2wk,11.841,-90.00,4,3.314,1.0124
rep_cf_QsJT2wk,rep_cf_QsJT2wk,11.841,-60.00,7,1.598,1.0051
rep_cf_QsJT2wk,rep_cf_QsJT2wk,11.841,-52.50,4,8.920,0.9971
rep_cf_QsJT2wk,rep_cf_QsJT2wk,11.841,-37.50,10,2.798,1.0044
rep_cf_QsJT2wk,rep_cf_QsJT2wk,11.841,-30.00,9,3.379,0.9981
rep_cf_QsJT2wk,rep_cf_QsJT2wk,11.841,-22.50,4,9.589,0.9876
rep_cf_QsJT2wk,rep_cf_QsJT2wk,11.841,-7.50,12,1.360,1.0050
gen_wex_e99gXKb,gen_wex_e99gXKb,12.097,7.50,3,5.150,0.9926
gen_wex_e99gXKb,gen_wex_e99gXKb,12.097,15.00,12,2.514,1.0045
gen_wex_e99gXKb,gen_wex_e99gXKb,12.097,22.50,14,2.218,1.0029
gen_wex_e99gXKb,gen_wex_e99gXKb,12.097,30.00,16,3.485,0.9981
gen_wex_e99gXKb,gen_wex_e99gXKb,12.097,37.50,6,4.048,0.9974
gen_wex_e99gXKb,gen_wex_e99gXKb,12.097,60.00,3,7.955,1.0180
gen_wex_e99gXKb,gen_wex_e99gXKb,12.097,67.50,4,6.080,0.9898
gen_wex_e99gXKb,gen_wex_e99gXKb,12.097,82.50,8,6.329,1.0092
gen_wex_e99gXKb,gen_wex_e99gXKb,12.097,112.50,10,0.149,1.0102
gen_wex_e99gXKb,gen_wex_e99gXKb,12.097,127.50,17,2.551,1.0156
gen_wex_e99gXKb,gen_wex_e99gXKb,12.097,135.00,3,10.950,0.9953
gen_wex_e99gXKb,gen_wex_e99gXKb,12.097,142.50,16,5.307,1.0208
gen_wex_e99gXKb,gen_wex_e99gXKb,12.097,150.00,3,7.356,0.9864
gen_wex_e99gXKb,gen_wex_e99gXKb,12.097,157.50,3,6.195,0.9920
gen_wex_e99gXKb,gen_wex_e99gXKb,12.097,172.50,5,7.369,1.0065
gen_wex_e99gXKb,gen_wex_e99gXKb,12.097,180.00,3,3.066,0.9998
gen_wex_e99gXKb,gen_wex_e99gXKb,12.097,-172.50,11,2.004,1.0132
gen_wex_e99gXKb,gen_wex_e99gXKb,12.097,-165.00,4,5.334,1.0280
gen_wex_e99gXKb,gen_wex_e99gXKb,12.097,-157.50,9,2.090,1.0061
gen_wex_e99gXKb,gen_wex_e99gXKb,12.097,-150.00,16,4.491,1.0176
gen_wex_e99gXKb,gen_wex_e99gXKb,12.097,-142.50,9,4.694,0.9939
gen_wex_e99gXKb,gen_wex_e99gXKb,12.097,-135.00,17,5.197,1.0074
gen_wex_e99gXKb,gen_wex_e99gXKb,12.097,-127.50,19,1.412,1.0113
gen_wex_e99gXKb,gen_wex_e99gXKb,12.097,-120.00,13,5.377,1.0104
gen_wex_e99gXKb,gen_wex_e99gXKb,12.097,-112.50,4,6.182,0.9968
gen_wex_e99gXKb,gen_wex_e99gXKb,12.097,-105.00,9,2.179,1.0168
gen_wex_e99gXKb,gen_wex_e99gXKb,12.097,-97.50,6,6.751,0.9870
gen_wex_e99gXKb,gen_wex_e99gXKb,12.097,-90.00,5,10.816,0.9863
gen_wex_e99gXKb,gen_wex_e99gXKb,12.097,-82.50,4,5.553,0.9937
gen_wex_e99gXKb,gen_wex_e99gXKb,12.097,-75.00,8,3.388,1.0083
gen_wex_e99gXKb,gen_wex_e99gXKb,12.097,-67.50,15,2.029,1.0164
gen_wex_e99gXKb,gen_wex_e99gXKb,12.097,-60.00,4,8.944,1.0165
gen_wex_e99gXKb,gen_wex_e99gXKb,12.097,-52.50,5,6.425,0.9964
gen_wex_e99gXKb,gen_wex_e99gXKb,12.097,-45.00,18,1.928,1.0165
gen_wex_e99gXKb,gen_wex_e99gXKb,12.097,-37.50,12,2.346,1.0179
gen_wex_e99gXKb,gen_wex_e99gXKb,12.097,-30.00,11,4.975,1.0261
gen_wex_e99gXKb,gen_wex_e99gXKb,12.097,-22.50,7,6.516,0.9916
gen_wex_e99gXKb,gen_wex_e99gXKb,12.097,-15.00,6,4.862,1.0056
gen_wex_e99gXKb,gen_wex_e99gXKb,12.097,-7.50,4,2.648,1.0044
rep_cf_xK08a3L,rep_cf_xK08a3L,12.182,0.00,9,6.601,1.0312
rep_cf_xK08a3L,rep_cf_xK08a3L,12.182,7.50,7,9.488,1.0373
rep_cf_xK08a3L,rep_cf_xK08a3L,12.182,22.50,6,6.378,1.0301
rep_cf_xK08a3L,rep_cf_xK08a3L,12.182,30.00,14,6.412,1.0315
rep_cf_xK08a3L,rep_cf_xK08a3L,12.182,37.50,17,7.141,1.0342
rep_cf_xK08a3L,rep_cf_xK08a3L,12.182,45.00,9,8.945,1.0405
rep_cf_xK08a3L,rep_cf_xK08a3L,12.182,52.50,15,9.090,1.0411
rep_cf_xK08a3L,rep_cf_xK08a3L,12.182,60.00,13,7.755,1.0366
rep_cf_xK08a3L,rep_cf_xK08a3L,12.182,67.50,11,6.446,1.0322
rep_cf_xK08a3L,rep_cf_xK08a3L,12.182,75.00,11,7.290,1.0352
rep_cf_xK08a3L,rep_cf_xK08a3L,12.182,82.50,12,6.644,1.0330
rep_cf_xK08a3L,rep_cf_xK08a3L,12.182,90.00,8,7.602,1.0273
rep_cf_xK08a3L,rep_cf_xK08a3L,12.182,97.50,10,8.310,1.0378
rep_cf_xK08a3L,rep_cf_xK08a3L,12.182,105.00,4,6.517,1.0315
rep_cf_xK08a3L,rep_cf_xK08a3L,12.182,112.50,3,12.530,1.0529
rep_cf_xK08a3L,rep_cf_xK08a3L,12.182,120.00,10,9.821,1.0436
rep_cf_xK08a3L,rep_cf_xK08a3L,12.182,127.50,8,11.812,1.0502
rep_cf_xK08a3L,rep_cf_xK08a3L,12.182,135.00,12,8.974,1.0395
rep_cf_xK08a3L,rep_cf_xK08a3L,12.182,142.50,17,5.357,1.0280
rep_cf_xK08a3L,rep_cf_xK08a3L,12.182,150.00,8,2.464,1.0139
rep_cf_xK08a3L,rep_cf_xK08a3L,12.182,172.50,12,5.572,1.0282
rep_cf_xK08a3L,rep_cf_xK08a3L,12.182,180.00,8,9.190,1.0385
rep_cf_xK08a3L,rep_cf_xK08a3L,12.182,-172.50,9,9.990,1.0427
rep_cf_xK08a3L,rep_cf_xK08a3L,12.182,-165.00,8,6.711,1.0313
rep_cf_xK08a3L,rep_cf_xK08a3L,12.182,-157.50,9,7.436,1.0342
rep_cf_xK08a3L,rep_cf_xK08a3L,12.182,-150.00,12,4.823,1.0243
rep_cf_xK08a3L,rep_cf_xK08a3L,12.182,-142.50,20,1.875,1.0044
rep_cf_xK08a3L,rep_cf_xK08a3L,12.182,-135.00,18,4.151,1.0230
rep_cf_xK08a3L,rep_cf_xK08a3L,12.182,-127.50,14,4.669,1.0243
rep_cf_xK08a3L,rep_cf_xK08a3L,12.182,-120.00,9,2.841,1.0166
rep_cf_xK08a3L,rep_cf_xK08a3L,12.182,-112.50,18,2.778,1.0190
rep_cf_xK08a3L,rep_cf_xK08a3L,12.182,-105.00,11,4.138,1.0230
rep_cf_xK08a3L,rep_cf_xK08a3L,12.182,-97.50,11,3.930,1.0229
rep_cf_xK08a3L,rep_cf_xK08a3L,12.182,-90.00,12,4.959,1.0220
rep_cf_xK08a3L,rep_cf_xK08a3L,12.182,-82.50,5,5.119,1.0257
rep_cf_xK08a3L,rep_cf_xK08a3L,12.182,-75.00,7,7.971,0.9842
rep_cf_xK08a3L,rep_cf_xK08a3L,12.182,-67.50,6,4.510,1.0214
rep_cf_xK08a3L,rep_cf_xK08a3L,12.182,-60.00,15,6.402,1.0301
rep_cf_xK08a3L,rep_cf_xK08a3L,12.182,-52.50,16,3.654,1.0207
rep_cf_xK08a3L,rep_cf_xK08a3L,12.182,-45.00,17,4.362,1.0239
rep_cf_xK08a3L,rep_cf_xK08a3L,12.182,-37.50,21,0.559,1.0082
rep_cf_xK08a3L,rep_cf_xK08a3L,12.182,-30.00,9,3.098,1.0197
rep_cf_xK08a3L,rep_cf_xK08a3L,12.182,-15.00,3,11.391,1.0471
rep_cf_xK08a3L,rep_cf_xK08a3L,12.182,-7.50,10,8.660,1.0383
rep_cf_6I00d8w,rep_cf_6I00d8w,12.375,0.00,21,2.700,1.0245
rep_cf_6I00d8w,rep_cf_6I00d8w,12.375,7.50,15,1.689,1.0186
rep_cf_6I00d8w,rep_cf_6I00d8w,12.375,15.00,8,1.628,1.0191
rep_cf_6I00d8w,rep_cf_6I00d8w,12.375,22.50,13,2.981,1.0253
rep_cf_6I00d8w,rep_cf_6I00d8w,12.375,30.00,13,1.740,1.0012
rep_cf_6I00d8w,rep_cf_6I00d8w,12.375,37.50,17,2.661,0.9952
rep_cf_6I00d8w,rep_cf_6I00d8w,12.375,45.00,9,0.566,1.0069
rep_cf_6I00d8w,rep_cf_6I00d8w,12.375,52.50,9,1.562,1.0013
rep_cf_6I00d8w,rep_cf_6I00d8w,12.375,60.00,6,1.968,1.0081
rep_cf_6I00d8w,rep_cf_6I00d8w,12.375,67.50,8,0.590,1.0091
rep_cf_6I00d8w,rep_cf_6I00d8w,12.375,75.00,4,0.698,1.0066
rep_cf_6I00d8w,rep_cf_6I00d8w,12.375,82.50,5,2.137,0.9997
rep_cf_6I00d8w,rep_cf_6I00d8w,12.375,90.00,14,3.956,0.9886
rep_cf_6I00d8w,rep_cf_6I00d8w,12.375,97.50,18,1.531,1.0048
rep_cf_6I00d8w,rep_cf_6I00d8w,12.375,105.00,11,0.967,1.0128
rep_cf_6I00d8w,rep_cf_6I00d8w,12.375,112.50,9,1.478,1.0032
rep_cf_6I00d8w,rep_cf_6I00d8w,12.375,120.00,15,2.143,0.9982
rep_cf_6I00d8w,rep_cf_6I00d8w,12.375,127.50,10,2.123,1.0217
rep_cf_6I00d8w,rep_cf_6I00d8w,12.375,135.00,6,2.128,1.0213
rep_cf_6I00d8w,rep_cf_6I00d8w,12.375,142.50,11,1.080,1.0122
rep_cf_6I00d8w,rep_cf_6I00d8w,12.375,150.00,14,1.701,1.0006
rep_cf_6I00d8w,rep_cf_6I00d8w,12.375,157.50,16,2.379,0.9968
rep_cf_6I00d8w,rep_cf_6I00d8w,12.375,165.00,13,2.738,0.9950
rep_cf_6I00d8w,rep_cf_6I00d8w,12.375,172.50,12,2.420,0.9966
rep_cf_6I00d8w,rep_cf_6I00d8w,12.375,180.00,9,1.461,1.0181
rep_cf_6I00d8w,rep_cf_6I00d8w,12.375,-172.50,5,1.629,1.0177
rep_cf_6I00d8w,rep_cf_6I00d8w,12.375,-165.00,4,3.453,1.0264
rep_cf_6I00d8w,rep_cf_6I00d8w,12.375,-157.50,9,1.046,1.0147
rep_cf_6I00d8w,rep_cf_6I00d8w,12.375,-150.00,17,1.983,0.9995
rep_cf_6I00d8w,rep_cf_6I00d8w,12.375,-142.50,12,1.131,1.0038
rep_cf_6I00d8w,rep_cf_6I00d8w,12.375,-135.00,17,0.605,1.0068
rep_cf_6I00d8w,rep_cf_6I00d8w,12.375,-127.50,11,1.148,1.0164
rep_cf_6I00d8w,rep_cf_6I00d8w,12.375,-120.00,21,1.230,1.0167
rep_cf_6I00d8w,rep_cf_6I00d8w,12.375,-112.50,21,0.475,1.0123
rep_cf_6I00d8w,rep_cf_6I00d8w,12.375,-105.00,15,0.428,1.0081
rep_cf_6I00d8w,rep_cf_6I00d8w,12.375,-97.50,14,0.914,1.0144
rep_cf_6I00d8w,rep_cf_6I00d8w,12.375,-90.00,22,1.614,1.0188
rep_cf_6I00d8w,rep_cf_6I00d8w,12.375,-82.50,21,0.630,1.0117
rep_cf_6I00d8w,rep_cf_6I00d8w,12.375,-75.00,13,1.244,1.0032
rep_cf_6I00d8w,rep_cf_6I00d8w,12.375,-67.50,6,1.647,1.0010
rep_cf_6I00d8w,rep_cf_6I00d8w,12.375,-60.00,8,1.438,1.0176
rep_cf_6I00d8w,rep_cf_6I00d8w,12.375,-52.50,6,1.273,1.0171
rep_cf_6I00d8w,rep_cf_6I00d8w,12.375,-45.00,9,1.385,1.0177
rep_cf_6I00d8w,rep_cf_6I00d8w,12.375,-37.50,8,1.502,1.0180
rep_cf_6I00d8w,rep_cf_6I00d8w,12.375,-30.00,13,2.021,1.0209
rep_cf_6I00d8w,rep_cf_6I00d8w,12.375,-22.50,14,2.554,1.0213
rep_cf_6I00d8w,rep_cf_6I00d8w,12.375,-15.00,20,0.713,1.0119
rep_cf_6I00d8w,rep_cf_6I00d8w,12.375,-7.50,13,1.141,1.0165
rep_cf_QsJT2wk,rep_cf_QsJT2wk,12.618,0.00,14,0.715,1.0139
rep_cf_QsJT2wk,rep_cf_QsJT2wk,12.618,7.50,7,2.868,1.0323
rep_cf_QsJT2wk,rep_cf_QsJT2wk,12.618,15.00,11,2.661,1.0306
rep_cf_QsJT2wk,rep_cf_QsJT2wk,12.618,22.50,9,2.077,1.0261
rep_cf_QsJT2wk,rep_cf_QsJT2wk,12.618,30.00,21,0.347,1.0120
rep_cf_QsJT2wk,rep_cf_QsJT2wk,12.618,37.50,13,1.989,1.0231
rep_cf_QsJT2wk,rep_cf_QsJT2wk,12.618,45.00,19,0.126,1.0091
rep_cf_QsJT2wk,rep_cf_QsJT2wk,12.618,52.50,17,1.008,1.0085
rep_cf_QsJT2wk,rep_cf_QsJT2wk,12.618,60.00,21,0.908,1.0029
rep_cf_QsJT2wk,rep_cf_QsJT2wk,12.618,67.50,25,1.910,0.9951
rep_cf_QsJT2wk,rep_cf_QsJT2wk,12.618,75.00,17,0.880,1.0033
rep_cf_QsJT2wk,rep_cf_QsJT2wk,12.618,82.50,8,1.045,1.0181
rep_cf_QsJT2wk,rep_cf_QsJT2wk,12.618,90.00,8,1.701,1.0222
rep_cf_QsJT2wk,rep_cf_QsJT2wk,12.618,97.50,6,3.421,1.0361
rep_cf_QsJT2wk,rep_cf_QsJT2wk,12.618,105.00,8,3.056,1.0338
rep_cf_QsJT2wk,rep_cf_QsJT2wk,12.618,112.50,10,2.648,1.0306
rep_cf_QsJT2wk,rep_cf_QsJT2wk,12.618,127.50,21,1.196,1.0187
rep_cf_QsJT2wk,rep_cf_QsJT2wk,12.618,135.00,34,0.544,1.0136
rep_cf_QsJT2wk,rep_cf_QsJT2wk,12.618,142.50,27,0.524,1.0060
rep_cf_QsJT2wk,rep_cf_QsJT2wk,12.618,150.00,15,1.896,0.9952
rep_cf_QsJT2wk,rep_cf_QsJT2wk,12.618,157.50,23,0.674,1.0048
rep_cf_QsJT2wk,rep_cf_QsJT2wk,12.618,165.00,18,2.140,1.0265
rep_cf_QsJT2wk,rep_cf_QsJT2wk,12.618,172.50,19,2.777,1.0316
rep_cf_QsJT2wk,rep_cf_QsJT2wk,12.618,180.00,19,2.104,1.0262
rep_cf_QsJT2wk,rep_cf_QsJT2wk,12.618,-172.50,16,2.664,1.0306
rep_cf_QsJT2wk,rep_cf_QsJT2wk,12.618,-165.00,17,2.462,1.0291
rep_cf_QsJT2wk,rep_cf_QsJT2wk,12.618,-157.50,18,2.383,1.0285
rep_cf_QsJT2wk,rep_cf_QsJT2wk,12.618,-150.00,23,2.352,1.0277
rep_cf_QsJT2wk,rep_cf_QsJT2wk,12.618,-142.50,22,0.856,1.0166
rep_cf_QsJT2wk,rep_cf_QsJT2wk,12.618,-135.00,18,3.000,1.0331
rep_cf_QsJT2wk,rep_cf_QsJT2wk,12.618,-127.50,18,1.867,1.0244
rep_cf_QsJT2wk,rep_cf_QsJT2wk,12.618,-120.00,24,0.740,1.0057
rep_cf_QsJT2wk,rep_cf_QsJT2wk,12.618,-112.50,7,0.018,1.0101
rep_cf_QsJT2wk,rep_cf_QsJT2wk,12.618,-105.00,8,0.555,1.0099
rep_cf_QsJT2wk,rep_cf_QsJT2wk,12.618,-97.50,14,1.530,1.0004
rep_cf_QsJT2wk,rep_cf_QsJT2wk,12.618,-90.00,18,0.596,1.0054
rep_cf_QsJT2wk,rep_cf_QsJT2wk,12.618,-82.50,18,0.509,1.0103
rep_cf_QsJT2wk,rep_cf_QsJT2wk,12.618,-75.00,22,2.379,1.0288
rep_cf_QsJT2wk,rep_cf_QsJT2wk,12.618,-67.50,12,2.376,1.0257
rep_cf_QsJT2wk,rep_cf_QsJT2wk,12.618,-60.00,22,0.332,1.0079
rep_cf_QsJT2wk,rep_cf_QsJT2wk,12.618,-52.50,11,1.320,1.0200
rep_cf_QsJT2wk,rep_cf_QsJT2wk,12.618,-45.00,11,2.688,1.0310
rep_cf_QsJT2wk,rep_cf_QsJT2wk,12.618,-37.50,9,2.427,1.0289
rep_cf_QsJT2wk,rep_cf_QsJT2wk,12.618,-30.00,22,0.662,1.0065
rep_cf_QsJT2wk,rep_cf_QsJT2wk,12.618,-22.50,10,1.943,1.0248
rep_cf_QsJT2wk,rep_cf_QsJT2wk,12.618,-15.00,7,2.838,1.0315
rep_cf_QsJT2wk,rep_cf_QsJT2wk,12.618,-7.50,8,2.394,1.0285
rep_cf_QsJT2wk,rep_cf_QsJT2wk,12.682,0.00,16,1.976,1.0239
rep_cf_QsJT2wk,rep_cf_QsJT2wk,12.682,7.50,14,1.237,1.0186
rep_cf_QsJT2wk,rep_cf_QsJT2wk,12.682,15.00,15,1.389,1.0203
rep_cf_QsJT2wk,rep_cf_QsJT2wk,12.682,22.50,16,1.529,1.0213
rep_cf_QsJT2wk,rep_cf_QsJT2wk,12.682,30.00,20,2.175,1.0262
rep_cf_QsJT2wk,rep_cf_QsJT2wk,12.682,37.50,21,1.708,1.0182
rep_cf_QsJT2wk,rep_cf_QsJT2wk,12.682,45.00,13,2.786,1.0308
rep_cf_QsJT2wk,rep_cf_QsJT2wk,12.682,52.50,15,1.775,1.0228
rep_cf_QsJT2wk,rep_cf_QsJT2wk,12.682,60.00,15,0.699,1.0151
rep_cf_QsJT2wk,rep_cf_QsJT2wk,12.682,67.50,14,0.867,1.0036
rep_cf_QsJT2wk,rep_cf_QsJT2wk,12.682,75.00,7,2.925,0.9881
rep_cf_QsJT2wk,rep_cf_QsJT2wk,12.682,97.50,3,4.716,1.0461
rep_cf_QsJT2wk,rep_cf_QsJT2wk,12.682,105.00,10,0.779,1.0091
rep_cf_QsJT2wk,rep_cf_QsJT2wk,12.682,112.50,3,5.483,0.9771
rep_cf_QsJT2wk,rep_cf_QsJT2wk,12.682,120.00,9,1.577,1.0220
rep_cf_QsJT2wk,rep_cf_QsJT2wk,12.682,127.50,13,0.834,1.0164
rep_cf_QsJT2wk,rep_cf_QsJT2wk,12.682,135.00,12,3.456,1.0335
rep_cf_QsJT2wk,rep_cf_QsJT2wk,12.682,142.50,23,2.118,1.0262
rep_cf_QsJT2wk,rep_cf_QsJT2wk,12.682,150.00,21,1.839,1.0234
rep_cf_QsJT2wk,rep_cf_QsJT2wk,12.682,157.50,27,0.316,1.0124
rep_cf_QsJT2wk,rep_cf_QsJT2wk,12.682,165.00,14,2.262,1.0255
rep_cf_QsJT2wk,rep_cf_QsJT2wk,12.682,172.50,14,1.828,1.0235
rep_cf_QsJT2wk,rep_cf_QsJT2wk,12.682,180.00,10,0.701,1.0115
rep_cf_QsJT2wk,rep_cf_QsJT2wk,12.682,-172.50,16,1.378,1.0202
rep_cf_QsJT2wk,rep_cf_QsJT2wk,12.682,-165.00,21,0.600,1.0113
rep_cf_QsJT2wk,rep_cf_QsJT2wk,12.682,-157.50,24,0.361,1.0091
rep_cf_QsJT2wk,rep_cf_QsJT2wk,12.682,-150.00,36,0.332,1.0110
rep_cf_QsJT2wk,rep_cf_QsJT2wk,12.682,-142.50,33,0.588,1.0056
rep_cf_QsJT2wk,rep_cf_QsJT2wk,12.682,-135.00,31,0.310,1.0097
rep_cf_QsJT2wk,rep_cf_QsJT2wk,12.682,-127.50,32,0.927,1.0079
rep_cf_QsJT2wk,rep_cf_QsJT2wk,12.682,-120.00,19,1.187,1.0068
rep_cf_QsJT2wk,rep_cf_QsJT2wk,12.682,-112.50,21,2.081,0.9956
rep_cf_QsJT2wk,rep_cf_QsJT2wk,12.682,-105.00,17,2.097,0.9960
rep_cf_QsJT2wk,rep_cf_QsJT2wk,12.682,-97.50,8,0.501,1.0086
rep_cf_QsJT2wk,rep_cf_QsJT2wk,12.682,-90.00,9,1.079,1.0092
rep_cf_QsJT2wk,rep_cf_QsJT2wk,12.682,-82.50,10,1.454,1.0125
rep_cf_QsJT2wk,rep_cf_QsJT2wk,12.682,-75.00,21,1.878,1.0234
rep_cf_QsJT2wk,rep_cf_QsJT2wk,12.682,-67.50,20,2.237,1.0263
rep_cf_QsJT2wk,rep_cf_QsJT2wk,12.682,-60.00,26,2.384,1.0272
rep_cf_QsJT2wk,rep_cf_QsJT2wk,12.682,-52.50,26,0.727,1.0100
rep_cf_QsJT2wk,rep_cf_QsJT2wk,12.682,-45.00,19,1.522,0.9988
rep_cf_QsJT2wk,rep_cf_QsJT2wk,12.682,-37.50,11,1.074,1.0179
rep_cf_QsJT2wk,rep_cf_QsJT2wk,12.682,-30.00,13,1.912,1.0240
rep_cf_QsJT2wk,rep_cf_QsJT2wk,12.682,-22.50,14,1.625,1.0189
rep_cf_QsJT2wk,rep_cf_QsJT2wk,12.682,-15.00,13,2.563,1.0284
rep_cf_QsJT2wk,rep_cf_QsJT2wk,12.682,-7.50,17,1.852,1.0236
rep_vsf_GKJDidL,rep_vsf_GKJDidL,13.761,0.00,11,6.741,0.9812
rep_vsf_GKJDidL,rep_vsf_GKJDidL,13.761,7.50,3,4.788,1.0304
rep_vsf_GKJDidL,rep_vsf_GKJDidL,13.761,22.50,18,1.020,1.0057
rep_vsf_GKJDidL,rep_vsf_GKJDidL,13.761,30.00,26,1.650,1.0119
rep_vsf_GKJDidL,rep_vsf_GKJDidL,13.761,37.50,10,0.681,1.0114
rep_vsf_GKJDidL,rep_vsf_GKJDidL,13.761,45.00,7,2.705,0.9985
rep_vsf_GKJDidL,rep_vsf_GKJDidL,13.761,52.50,9,1.309,1.0053
rep_vsf_GKJDidL,rep_vsf_GKJDidL,13.761,60.00,9,3.405,1.0209
rep_vsf_GKJDidL,rep_vsf_GKJDidL,13.761,67.50,3,3.899,1.0202
rep_vsf_GKJDidL,rep_vsf_GKJDidL,13.761,75.00,3,3.753,1.0159
rep_vsf_GKJDidL,rep_vsf_GKJDidL,13.761,82.50,7,2.778,1.0142
rep_vsf_GKJDidL,rep_vsf_GKJDidL,13.761,90.00,5,3.203,1.0233
rep_vsf_GKJDidL,rep_vsf_GKJDidL,13.761,97.50,8,1.018,1.0145
rep_vsf_GKJDidL,rep_vsf_GKJDidL,13.761,105.00,9,1.367,1.0151
rep_vsf_GKJDidL,rep_vsf_GKJDidL,13.761,112.50,9,2.714,1.0201
rep_vsf_GKJDidL,rep_vsf_GKJDidL,13.761,120.00,11,3.625,1.0261
rep_vsf_GKJDidL,rep_vsf_GKJDidL,13.761,127.50,11,4.247,1.0285
rep_vsf_GKJDidL,rep_vsf_GKJDidL,13.761,135.00,15,3.497,1.0248
rep_vsf_GKJDidL,rep_vsf_GKJDidL,13.761,142.50,15,2.725,1.0225
rep_vsf_GKJDidL,rep_vsf_GKJDidL,13.761,150.00,12,2.572,1.0158
rep_vsf_GKJDidL,rep_vsf_GKJDidL,13.761,157.50,7,5.004,1.0277
rep_vsf_GKJDidL,rep_vsf_GKJDidL,13.761,165.00,3,8.109,1.0431
rep_vsf_GKJDidL,rep_vsf_GKJDidL,13.761,-165.00,5,3.959,0.9997
rep_vsf_GKJDidL,rep_vsf_GKJDidL,13.761,-157.50,5,4.640,1.0303
rep_vsf_GKJDidL,rep_vsf_GKJDidL,13.761,-150.00,14,1.282,1.0156
rep_vsf_GKJDidL,rep_vsf_GKJDidL,13.761,-142.50,11,1.037,1.0128
rep_vsf_GKJDidL,rep_vsf_GKJDidL,13.761,-135.00,14,0.366,1.0084
rep_vsf_GKJDidL,rep_vsf_GKJDidL,13.761,-127.50,14,1.296,1.0066
rep_vsf_GKJDidL,rep_vsf_GKJDidL,13.761,-120.00,13,1.581,1.0032
rep_vsf_GKJDidL,rep_vsf_GKJDidL,13.761,-112.50,9,2.817,1.0021
rep_vsf_GKJDidL,rep_vsf_GKJDidL,13.761,-105.00,6,5.343,0.9913
rep_vsf_GKJDidL,rep_vsf_GKJDidL,13.761,-97.50,14,0.541,1.0081
rep_vsf_GKJDidL,rep_vsf_GKJDidL,13.761,-90.00,8,1.406,1.0040
rep_vsf_GKJDidL,rep_vsf_GKJDidL,13.761,-82.50,12,2.203,1.0028
rep_vsf_GKJDidL,rep_vsf_GKJDidL,13.761,-75.00,18,1.073,1.0066
rep_vsf_GKJDidL,rep_vsf_GKJDidL,13.761,-67.50,15,1.121,1.0054
rep_vsf_GKJDidL,rep_vsf_GKJDidL,13.761,-60.00,18,1.464,1.0053
rep_vsf_GKJDidL,rep_vsf_GKJDidL,13.761,-52.50,7,4.687,1.0014
rep_vsf_GKJDidL,rep_vsf_GKJDidL,13.761,-45.00,12,6.065,0.9837
rep_vsf_GKJDidL,rep_vsf_GKJDidL,13.761,-37.50,17,5.090,0.9886
rep_vsf_GKJDidL,rep_vsf_GKJDidL,13.761,-30.00,16,3.099,0.9967
rep_vsf_GKJDidL,rep_vsf_GKJDidL,13.761,-22.50,12,3.094,0.9967
rep_vsf_GKJDidL,rep_vsf_GKJDidL,13.761,-15.00,6,6.193,0.9833
rep_vsf_GKJDidL,rep_vsf_GKJDidL,13.761,-7.50,10,7.603,0.9780
gen_wex_3KSuGhC,gen_wex_3KSuGhC,20.730,0.00,9,5.140,1.0079
gen_wex_3KSuGhC,gen_wex_3KSuGhC,20.730,7.50,4,12.413,0.9881
gen_wex_3KSuGhC,gen_wex_3KSuGhC,20.730,22.50,15,6.583,1.0011
gen_wex_3KSuGhC,gen_wex_3KSuGhC,20.730,30.00,3,4.279,1.0028
gen_wex_3KSuGhC,gen_wex_3KSuGhC,20.730,37.50,6,9.932,0.9903
gen_wex_3KSuGhC,gen_wex_3KSuGhC,20.730,52.50,6,5.319,0.9980
gen_wex_3KSuGhC,gen_wex_3KSuGhC,20.730,60.00,14,7.699,0.9912
gen_wex_3KSuGhC,gen_wex_3KSuGhC,20.730,67.50,5,8.194,0.9978
gen_wex_3KSuGhC,gen_wex_3KSuGhC,20.730,82.50,6,8.116,0.9880
gen_wex_3KSuGhC,gen_wex_3KSuGhC,20.730,90.00,5,7.327,0.9994
gen_wex_3KSuGhC,gen_wex_3KSuGhC,20.730,97.50,3,7.494,1.0153
gen_wex_3KSuGhC,gen_wex_3KSuGhC,20.730,112.50,5,7.158,1.0040
gen_wex_3KSuGhC,gen_wex_3KSuGhC,20.730,120.00,8,3.188,1.0015
gen_wex_3KSuGhC,gen_wex_3KSuGhC,20.730,127.50,7,4.839,1.0179
gen_wex_3KSuGhC,gen_wex_3KSuGhC,20.730,142.50,4,3.648,1.0072
gen_wex_3KSuGhC,gen_wex_3KSuGhC,20.730,150.00,4,3.600,1.0100
gen_wex_3KSuGhC,gen_wex_3KSuGhC,20.730,172.50,5,4.114,1.0205
gen_wex_3KSuGhC,gen_wex_3KSuGhC,20.730,180.00,3,5.237,1.0124
gen_wex_3KSuGhC,gen_wex_3KSuGhC,20.730,-165.00,11,0.742,1.0115
gen_wex_3KSuGhC,gen_wex_3KSuGhC,20.730,-157.50,5,2.470,1.0076
gen_wex_3KSuGhC,gen_wex_3KSuGhC,20.730,-150.00,12,1.679,1.0087
gen_wex_3KSuGhC,gen_wex_3KSuGhC,20.730,-135.00,10,2.825,1.0159
gen_wex_3KSuGhC,gen_wex_3KSuGhC,20.730,-127.50,8,8.324,0.9975
gen_wex_3KSuGhC,gen_wex_3KSuGhC,20.730,-120.00,18,1.647,1.0077
gen_wex_3KSuGhC,gen_wex_3KSuGhC,20.730,-112.50,3,4.594,1.0099
gen_wex_3KSuGhC,gen_wex_3KSuGhC,20.730,-97.50,5,4.871,0.9972
gen_wex_3KSuGhC,gen_wex_3KSuGhC,20.730,-90.00,3,12.479,1.0316
gen_wex_3KSuGhC,gen_wex_3KSuGhC,20.730,-82.50,9,8.936,0.9856
gen_wex_3KSuGhC,gen_wex_3KSuGhC,20.730,-67.50,13,2.673,1.0027
gen_wex_3KSuGhC,gen_wex_3KSuGhC,20.730,-60.00,8,8.440,0.9961
gen_wex_3KSuGhC,gen_wex_3KSuGhC,20.730,-30.00,6,5.589,0.9943
gen_wex_3KSuGhC,gen_wex_3KSuGhC,20.730,-7.50,10,8.869,0.9887
rep_cf_QsJT2wk,rep_cf_QsJT2wk,45.711,0.00,16,2.379,1.0013
rep_cf_QsJT2wk,rep_cf_QsJT2wk,45.711,7.50,11,2.608,0.9998
rep_cf_QsJT2wk,rep_cf_QsJT2wk,45.711,15.00,11,0.496,1.0121
rep_cf_QsJT2wk,rep_cf_QsJT2wk,45.711,22.50,17,1.795,1.0030
rep_cf_QsJT2wk,rep_cf_QsJT2wk,45.711,30.00,27,0.850,1.0135
rep_cf_QsJT2wk,rep_cf_QsJT2wk,45.711,37.50,13,6.541,1.0179
rep_cf_QsJT2wk,rep_cf_QsJT2wk,45.711,45.00,11,3.485,1.0222
rep_cf_QsJT2wk,rep_cf_QsJT2wk,45.711,52.50,5,3.022,1.0243
rep_cf_QsJT2wk,rep_cf_QsJT2wk,45.711,60.00,22,2.436,1.0061
rep_cf_QsJT2wk,rep_cf_QsJT2wk,45.711,82.50,4,5.838,1.0169
rep_cf_QsJT2wk,rep_cf_QsJT2wk,45.711,90.00,4,5.971,1.0057
rep_cf_QsJT2wk,rep_cf_QsJT2wk,45.711,105.00,12,5.024,1.0244
rep_cf_QsJT2wk,rep_cf_QsJT2wk,45.711,112.50,3,9.739,1.0396
rep_cf_QsJT2wk,rep_cf_QsJT2wk,45.711,127.50,4,4.575,0.9932
rep_cf_QsJT2wk,rep_cf_QsJT2wk,45.711,135.00,12,3.547,1.0063
rep_cf_QsJT2wk,rep_cf_QsJT2wk,45.711,142.50,7,6.299,1.0203
rep_cf_QsJT2wk,rep_cf_QsJT2wk,45.711,150.00,14,1.430,1.0132
rep_cf_QsJT2wk,rep_cf_QsJT2wk,45.711,157.50,24,1.025,1.0135
rep_cf_QsJT2wk,rep_cf_QsJT2wk,45.711,165.00,18,2.427,0.9994
rep_cf_QsJT2wk,rep_cf_QsJT2wk,45.711,172.50,16,0.813,1.0130
rep_cf_QsJT2wk,rep_cf_QsJT2wk,45.711,180.00,11,1.511,1.0074
rep_cf_QsJT2wk,rep_cf_QsJT2wk,45.711,-172.50,13,0.971,1.0081
rep_cf_QsJT2wk,rep_cf_QsJT2wk,45.711,-165.00,10,5.862,0.9855
rep_cf_QsJT2wk,rep_cf_QsJT2wk,45.711,-157.50,15,1.543,1.0166
rep_cf_QsJT2wk,rep_cf_QsJT2wk,45.711,-150.00,13,2.718,0.9977
rep_cf_QsJT2wk,rep_cf_QsJT2wk,45.711,-142.50,6,4.919,0.9989
rep_cf_QsJT2wk,rep_cf_QsJT2wk,45.711,-135.00,11,4.573,0.9873
rep_cf_QsJT2wk,rep_cf_QsJT2wk,45.711,-127.50,20,1.527,1.0103
rep_cf_QsJT2wk,rep_cf_QsJT2wk,45.711,-120.00,17,1.795,1.0176
rep_cf_QsJT2wk,rep_cf_QsJT2wk,45.711,-112.50,4,4.359,0.9858
rep_cf_QsJT2wk,rep_cf_QsJT2wk,45.711,-105.00,8,2.835,1.0097
rep_cf_QsJT2wk,rep_cf_QsJT2wk,45.711,-97.50,14,1.057,1.0041
rep_cf_QsJT2wk,rep_cf_QsJT2wk,45.711,-90.00,17,0.982,1.0141
rep_cf_QsJT2wk,rep_cf_QsJT2wk,45.711,-82.50,6,3.012,1.0057
rep_cf_QsJT2wk,rep_cf_QsJT2wk,45.711,-75.00,8,5.090,0.9826
rep_cf_QsJT2wk,rep_cf_QsJT2wk,45.711,-67.50,15,2.904,1.0085
rep_cf_QsJT2wk,rep_cf_QsJT2wk,45.711,-60.00,16,2.618,0.9956
rep_cf_QsJT2wk,rep_cf_QsJT2wk,45.711,-52.50,3,9.983,0.9700
rep_cf_QsJT2wk,rep_cf_QsJT2wk,45.711,-45.00,3,6.101,1.0187
rep_cf_QsJT2wk,rep_cf_QsJT2wk,45.711,-37.50,7,0.943,1.0129
rep_cf_QsJT2wk,rep_cf_QsJT2wk,45.711,-30.00,18,0.410,1.0111
rep_cf_QsJT2wk,rep_cf_QsJT2wk,45.711,-22.50,4,5.647,1.0267
rep_cf_QsJT2wk,rep_cf_QsJT2wk,45.711,-15.00,12,2.233,1.0044
rep_cf_QsJT2wk,rep_cf_QsJT2wk,45.711,-7.50,11,2.555,0.9997
