source_id,class_label,provenance,split,factory,bracelet,physical_watch_id,source_url,image_url,local_path,width,height,sha256,dhash,possible_duplicate_of,qc_notes,pipeline_outcome,failure_reason,pose_source,pose_accepted,pose_confidence,tilt_deg,dial_radius_px,projective_limit,solved_roll_deg,final_top_error_deg,final_top_accepted,automatic_accepted,reprojection_error_px,center_displacement_frac,identity_required,vetoed_by_identity,ellipse_cx,ellipse_cy,ellipse_w,ellipse_h,ellipse_angle_deg,candidate_count,acquisition_roll_deg,acquisition_fit_median_px,top_phase_error_deg,top_phase_accepted,boundary_confirmed,outer_boundary_radius,outer_boundary_median_px,outer_boundary_p90_px,acquisition_usable,fine_rotation_delta_deg,fine_fit_median_px,fine_fit_ticks,holdout_accepted,holdout_median_px,holdout_p90_px,holdout_inlier_fraction,holdout_ticks,holdout_median_limit_px,holdout_p90_limit_px,holdout_inlier_limit_px,refinement_accepted,refinement_fit_before,refinement_fit_after,refinement_evaluated_fit_after,refinement_holdout_before,refinement_holdout_after,refinement_evaluated_holdout_after,refinement_h31,refinement_h32,identity_verdict,identity_dial_interior_median,identity_interior_edge_fraction,identity_markers_found,marker_1_measured,marker_1_angular_deg,marker_1_radial_pct_r,marker_1_body_rotation_deg,marker_2_measured,marker_2_angular_deg,marker_2_radial_pct_r,marker_2_body_rotation_deg,marker_4_measured,marker_4_angular_deg,marker_4_radial_pct_r,marker_4_body_rotation_deg,marker_5_measured,marker_5_angular_deg,marker_5_radial_pct_r,marker_5_body_rotation_deg,marker_6_measured,marker_6_angular_deg,marker_6_radial_pct_r,marker_6_body_rotation_deg,marker_7_measured,marker_7_angular_deg,marker_7_radial_pct_r,marker_7_body_rotation_deg,marker_8_measured,marker_8_angular_deg,marker_8_radial_pct_r,marker_8_body_rotation_deg,marker_9_measured,marker_9_angular_deg,marker_9_radial_pct_r,marker_9_body_rotation_deg,marker_10_measured,marker_10_angular_deg,marker_10_radial_pct_r,marker_10_body_rotation_deg,marker_11_measured,marker_11_angular_deg,marker_11_radial_pct_r,marker_11_body_rotation_deg,marker_12_measured,marker_12_angular_deg,marker_12_radial_pct_r,marker_12_body_rotation_deg,marker_12_triangle_outward_delta_pct_r
official_rolex_2026,gen,official,reference,Rolex,Jubilee,official_catalogue_2026,https://www.rolex.com/watches/gmt-master-ii/m126710blnr-0002,https://media.rolex.com/image/upload/q_auto/f_jpg/t_v7-cover-majesty-landscape/v1/a677b2c664f6/catalogue/2026/upright-c/m126710blnr-0002,gen/reference/official_rolex_2026/image_00.jpg,1209,1800,1f300556bf111ea61dc3c4a0e02ab4f65e33a9a5fe298ff638adade22668215a,0c4d8d0e1e0d2e00,,First-party catalogue reference; not an independent population sample,accepted,,minute_track_first,True,0.7713991294170958,10.212189483602206,192.845638618469,0.07978235427108904,0.14999999999999436,0.18244332006135458,True,True,1.760117621052929e-05,0.9566835464198993,True,False,539.274312527771,799.441263644104,382.6118069458003,388.7707475280757,88.13304901123047,7,0.09999999999999432,0.9981742471383089,0.1316367331581754,True,True,1.009999999999999,1.714887461555082,3.6371696893240566,True,0.05000000000000005,0.9834160372544818,36,True,0.9498422877212351,1.5935102484608692,1.0,12,2.892684579277035,6.171060435791008,4.242604049606317,False,1.692214456258995,1.692214456258995,0.9823123423490918,1.131518252864802,1.131518252864802,1.1322661783224628,-0.024492109547706958,-0.006875000300608026,PASS,45.77848052076349,0.3246527777777778,3,True,-0.8447169353470372,-1.8029017178240347,,True,-0.7870425912997803,-3.7369751817897034,,True,0.2800501891002227,-2.9759911698785446,,True,0.9627627235877583,-1.6173641484647838,,True,1.0381649593711586,-0.34041222973705265,-2.145486203911531,True,0.34917918955773075,-0.8477537005717406,,True,0.20154046138057424,-0.6519791443172718,,True,-0.09543507426724318,0.377510124173297,-0.06886328712306522,True,-0.029887359597182694,-0.5100756390084893,,True,-0.3479299176917152,-0.6190326349155395,,True,-1.1225635299061878,-1.234644209405078,7.381956587359468,0.2856412425893892
gen_wex_vmbUDwy,gen,gen_candidate,validation,Rolex,Jubilee,gen_wex_vmbUDwy,https://www.reddit.com/r/Watchexchange/comments/1wg70ph/wts_rolex_gmtmaster_ii_126710blnr_batgirl_with/,https://imgur.com/a/vmbUDwy,gen/validation/gen_wex_vmbUDwy/image_00.jpg,1800,1441,4212501c77f05500b78fc16da01d25d581f16b987102545121f6d74873d5e00e,32d8d89898d0f0f0,,Marketplace source-labelled genuine candidate; full set stated by seller,accepted,,minute_track_first,True,0.8887380928647098,4.615231400681685,182.12322509765633,0.03620875647901286,1.6749999999999958,1.9954587117511111,True,True,1.3827021446720547,0.009366744482956596,False,False,1000.1988525390625,657.5345458984375,363.65496093750016,364.83793945312516,57.081687927246094,6,1.6999999999999957,0.6413268109547322,1.7870482212483536,True,True,0.9999999999999991,0.5314134027357074,1.3124739049920853,True,-0.024999999999999953,0.4253624956940223,36,True,0.4369184946469129,0.5112611360903618,1.0,12,2.731848376464845,5.8279432031250025,4.006710952148439,True,0.6774226433398183,0.5037093856551803,0.5037093856551803,0.6633406331845512,0.43831826922337336,0.43831826922337336,-0.005156417774160582,0.006015620947560211,not_evaluated,,,,False,,,,False,,,,False,,,,False,,,,False,,,,False,,,,False,,,,False,,,,False,,,,False,,,,False,,,,
gen_wex_vmbUDwy,gen,gen_candidate,validation,Rolex,Jubilee,gen_wex_vmbUDwy,https://www.reddit.com/r/Watchexchange/comments/1wg70ph/wts_rolex_gmtmaster_ii_126710blnr_batgirl_with/,https://imgur.com/a/vmbUDwy,gen/validation/gen_wex_vmbUDwy/image_01.jpg,1800,1629,a48b091cd4694ce89a0aed7c67dd7570128e40016718e78ef332b0adab4b2f41,73ccccccccd4e8e8,,Marketplace source-labelled genuine candidate; full set stated by seller,accepted,,minute_track_first,True,0.8583573105486988,15.621935527090113,117.77150859832767,0.12117984523290212,-1.8000000000000225,1.9010253150862804,True,True,2.8427039717164386e-05,0.07083762080663479,False,False,793.4735717773438,855.6614990234375,231.11061614990243,239.97541824340828,175.46096801757812,4,-1.6000000000000227,0.9518163268989239,1.7083892384773987,True,True,0.9999999999999991,1.8922422568312076,3.716645267973342,True,-0.1999999999999997,0.9008166784707407,36,True,0.869201824102944,2.621942091061484,0.8333333333333334,12,1.766572628974915,3.7686882751464856,2.5909731891632086,False,1.7634660340350883,1.7634660340350883,1.1828718226174844,1.2913811408574374,1.2913811408574374,1.43442270342515,0.07967952976709788,0.0340545297670979,not_evaluated,,,,False,,,,True,3.220426772683126,2.0086226874906354,,True,0.4076178348448707,0.3139005502016845,,True,-0.9627774868413326,0.6513040053437891,,True,-1.4781981454773359,-0.011406080988773937,1.7314226427297967,True,-0.025098605349739955,-3.581123267890396,,True,0.5035249204832439,-3.713200138997874,,True,0.8067285388756318,-0.6647727115141278,1.7264606433371057,True,0.7587892325865937,-5.105195408455032,,True,1.5834616379531212,-5.9928453006898526,,True,3.534977756799776,-5.796075872385897,,-4.963785791806127
gen_wex_vmbUDwy,gen,gen_candidate,validation,Rolex,Jubilee,gen_wex_vmbUDwy,https://www.reddit.com/r/Watchexchange/comments/1wg70ph/wts_rolex_gmtmaster_ii_126710blnr_batgirl_with/,https://imgur.com/a/vmbUDwy,gen/validation/gen_wex_vmbUDwy/image_02.jpg,1800,1629,56087bbf2b5f9885b8c8dae9b1b21c4c0b71757ff08bf22529ba6c6bf7072340,73cce4b4dcccf8c8,,Marketplace source-labelled genuine candidate; full set stated by seller,acquisition_failed,Minute-track-first acquisition unavailable: no stable approximate dial centre was found.,acquisition_failed,False,0.0,,,,,,,,,,,,,,,,,,,,,,,,,,,,,,,,,,,,,,,,,,,,,,,,,,,,,,,,,,,,,,,,,,,,,,,,,,,,,,,,,,,,,,,,,,,,,,,
gen_wex_vmbUDwy,gen,gen_candidate,validation,Rolex,Jubilee,gen_wex_vmbUDwy,https://www.reddit.com/r/Watchexchange/comments/1wg70ph/wts_rolex_gmtmaster_ii_126710blnr_batgirl_with/,https://imgur.com/a/vmbUDwy,gen/validation/gen_wex_vmbUDwy/image_03.jpg,1800,1629,43177d93787a8759becb5bed7f1ff67b0dee7e02a1ad7e1d183919a77658c83f,d2cca4d4dce4e8c8,,Marketplace source-labelled genuine candidate; full set stated by seller,acquisition_failed,Minute-track-first acquisition unavailable: no stable approximate dial centre was found.,acquisition_failed,False,0.0,,,,,,,,,,,,,,,,,,,,,,,,,,,,,,,,,,,,,,,,,,,,,,,,,,,,,,,,,,,,,,,,,,,,,,,,,,,,,,,,,,,,,,,,,,,,,,,
gen_wex_vmbUDwy,gen,gen_candidate,validation,Rolex,Jubilee,gen_wex_vmbUDwy,https://www.reddit.com/r/Watchexchange/comments/1wg70ph/wts_rolex_gmtmaster_ii_126710blnr_batgirl_with/,https://imgur.com/a/vmbUDwy,gen/validation/gen_wex_vmbUDwy/image_04.jpg,1800,1629,6d39d1dae1f0c6c11f8dc0a512ada1440cc032ef956b5ce45eebf132694b5e9e,ccccdcdcccd4c8e8,,Marketplace source-labelled genuine candidate; full set stated by seller,acquisition_failed,Minute-track-first acquisition unavailable: minor ticks could not establish a dial ellipse.,acquisition_failed,False,0.0,,,,,,,,,,,,,,,,,,,,,,,,,,,,,,,,,,,,,,,,,,,,,,,,,,,,,,,,,,,,,,,,,,,,,,,,,,,,,,,,,,,,,,,,,,,,,,,
gen_wex_vmbUDwy,gen,gen_candidate,validation,Rolex,Jubilee,gen_wex_vmbUDwy,https://www.reddit.com/r/Watchexchange/comments/1wg70ph/wts_rolex_gmtmaster_ii_126710blnr_batgirl_with/,https://imgur.com/a/vmbUDwy,gen/validation/gen_wex_vmbUDwy/image_05.jpg,1800,1629,1285ad6b119acf7b128a3e89a39e0931e61b37dde2f29d001c082dfde67dcf1e,7311e0f0e07963b0,,Marketplace source-labelled genuine candidate; full set stated by seller,acquisition_failed,Minute-track-first acquisition unavailable: minor ticks could not establish a dial ellipse.,acquisition_failed,False,0.0,,,,,,,,,,,,,,,,,,,,,,,,,,,,,,,,,,,,,,,,,,,,,,,,,,,,,,,,,,,,,,,,,,,,,,,,,,,,,,,,,,,,,,,,,,,,,,,
gen_wex_vmbUDwy,gen,gen_candidate,validation,Rolex,Jubilee,gen_wex_vmbUDwy,https://www.reddit.com/r/Watchexchange/comments/1wg70ph/wts_rolex_gmtmaster_ii_126710blnr_batgirl_with/,https://imgur.com/a/vmbUDwy,gen/validation/gen_wex_vmbUDwy/image_06.jpg,1440,1800,7a60018026aa3def6a1c6b4ebb49db1733901605c73e0455e60bf1e6bfee3778,64624f070717f006,,Marketplace source-labelled genuine candidate; full set stated by seller,rejected,,minute_track_first,False,0.35,32.340333865412894,71.89301208496087,0.24072626088190405,-1.55,0.5373958390614437,True,True,2.2110480024152243e-05,1.499108693848479,True,True,798.7736206054688,704.1990966796875,131.69676269531237,155.87528564453112,82.88949584960938,4,-1.5,0.9270229356660089,0.4784271541417585,True,False,0.96,1.4169158600741314,4.2485730992815345,False,-0.049999999999999954,0.9249987281503961,36,True,1.0125511156425377,2.756236233455454,0.75,12,1.5,3.0,2.0,False,2.3772773828279616,2.3772773828279616,1.7277787955735286,1.4052314729063144,1.4052314729063144,2.467786586689672,-0.022249698381904052,0.08935186411809594,FAIL,36.42366539055199,0.3732638888888889,0,True,-0.014100981568617499,0.03379414461127661,,False,,,,True,0.18378188691575303,-4.375347125013973,,True,0.24141266118851945,4.760808308747643,,False,,,,False,,,,False,,,,False,,,,False,,,,False,,,,False,,,,
gen_wex_K4gqk6U,gen,gen_candidate,calibration,Rolex,Oyster,gen_wex_K4gqk6U,https://www.reddit.com/r/Watchexchange/comments/1uab3b8/wts_brand_new_june_2026_rolex_batman_gmt_master/,https://imgur.com/a/K4gqk6U,gen/calibration/gen_wex_K4gqk6U/image_00.jpg,1443,1800,50fb8a3322042ca4d68984d8f8d8a05722352b43c9026517adb87ac6e04153a2,6969cccdb033b1e9,,Marketplace source-labelled genuine candidate; exact reference but Oyster bracelet,acquisition_failed,Minute-track-first acquisition unavailable: minor ticks could not establish a dial ellipse.,acquisition_failed,False,0.0,,,,,,,,,,,,,,,,,,,,,,,,,,,,,,,,,,,,,,,,,,,,,,,,,,,,,,,,,,,,,,,,,,,,,,,,,,,,,,,,,,,,,,,,,,,,,,,
gen_wex_3KSuGhC,gen,gen_candidate,calibration,Rolex,Jubilee,gen_wex_3KSuGhC,https://www.reddit.com/r/Watchexchange/comments/1p0o3bp/wtsrolex_gmt_master_ii_batgirl_jubilee_126710blnr/,https://imgur.com/a/3KSuGhC,gen/calibration/gen_wex_3KSuGhC/image_00.jpg,1800,1640,a7e4ec15ab75b690a3beab1164bd356336c3a9090fe05f4f159a3e1c93d1608a,4c86860f0e8e4ccc,,Marketplace source-labelled genuine candidate; 2021 full-set listing,accepted,,minute_track_first,True,0.8905573221875777,5.541468770645133,315.5879981231691,0.043454772837102605,-0.024999999999999953,0.02823470821319075,True,True,1.4713351462778588,0.0071368174876538775,False,False,774.1729736328125,767.137451171875,629.6976626586917,632.6543298339847,115.52043151855469,8,0.0,0.7592491743132235,0.1045050804979365,True,True,0.9999999999999991,1.0343859793084766,1.51645549909988,True,-0.024999999999999953,0.32239186353600047,36,True,0.34386722864729635,0.4132158041689198,1.0,12,4.733819971847536,10.09881593994141,6.94293595870972,True,0.8626425317036454,0.5744641697533841,0.5744641697533841,0.8021508037926125,0.3443447379721079,0.3443447379721079,0.0004297356033722068,0.0012889657727658895,not_evaluated,,,,True,0.03578964087671466,0.16076895733294627,,True,-0.07661146829042309,0.18956583999611976,,True,-0.020722690500861063,-0.1274358961200761,,True,-0.0857356600129151,-0.35976497179529554,,True,-0.024864600714863627,0.4379427959629201,0.5033530070268739,True,-0.17989534693373344,-0.5552005411193495,,True,0.04355960632614142,-0.7681136664049903,,True,0.04229786403249136,0.3115241072334296,-0.25293706467502375,True,0.09287660421358623,-0.6818275334697477,,True,0.500754552225942,1.1362664792114008,,True,0.28346816842053874,-0.35346102387658895,-1.7648745087930138,1.7037607795265335
gen_wex_3KSuGhC,gen,gen_candidate,calibration,Rolex,Jubilee,gen_wex_3KSuGhC,https://www.reddit.com/r/Watchexchange/comments/1p0o3bp/wtsrolex_gmt_master_ii_batgirl_jubilee_126710blnr/,https://imgur.com/a/3KSuGhC,gen/calibration/gen_wex_3KSuGhC/image_01.jpg,1350,1800,c0a578099e3317a9ac411c0d8710c82ba3ad229773233e51f2b6b701ba3a292a,924b53135f476d3c,,Marketplace source-labelled genuine candidate; 2021 full-set listing,rejected,,minute_track_first,False,0.12668558748496858,36.532004161652004,205.41469284057598,0.26787226980890533,-1.0499999999999785,1.6861977893691764,True,False,40.992917483570125,1.2884410236682091,False,False,672.1481323242188,1274.244140625,366.0737319946286,455.58503936767534,92.64556121826172,1,-2.3999999999999773,6.045563969179282,3.6248543707535417,False,False,0.9974999999999992,7.366766381296971,10.0,False,1.3499999999999988,5.5464967733386015,36,False,8.270435400169148,9.782572734934819,0.16666666666666666,12,3.0812203926086394,6.573270170898431,4.519123242492672,True,6.232651750517068,5.586591869906821,5.586591869906821,6.425436144733595,5.941074716868347,5.941074716868347,0.1149402301910947,-0.2678722698089053,not_evaluated,,,,False,,,,False,,,,False,,,,False,,,,False,,,,False,,,,False,,,,False,,,,False,,,,False,,,,False,,,,
gen_wex_3KSuGhC,gen,gen_candidate,calibration,Rolex,Jubilee,gen_wex_3KSuGhC,https://www.reddit.com/r/Watchexchange/comments/1p0o3bp/wtsrolex_gmt_master_ii_batgirl_jubilee_126710blnr/,https://imgur.com/a/3KSuGhC,gen/calibration/gen_wex_3KSuGhC/image_02.jpg,1800,1730,098b8c62c70d500b585b4a24d0099ce050e08a7c0e71b5eaf5253c41a2a8af57,4c8e8f0f0f8fcbe3,,Marketplace source-labelled genuine candidate; 2021 full-set listing,accepted,,minute_track_first,True,0.7807919812209527,20.730412452071786,352.7894042968747,0.15928709635850782,1.5249999999999964,1.736462061654674,True,True,3.440049450722137e-05,0.627979497553911,True,False,875.2772216796875,811.1701049804688,681.9737695312494,729.1838476562493,4.797584056854248,4,0.29999999999999716,1.2884517560873379,0.5901086504972222,True,True,0.9999999999999991,5.067440903553939,6.519537256728013,True,1.2249999999999992,1.232410126374571,36,True,1.1398506161898052,1.8981209209632914,1.0,12,5.29184106445312,11.289260937499991,7.761366894531243,False,2.7993587746874633,2.7993587746874633,2.488695086932995,1.3122240571444816,1.3122240571444816,1.271141054447756,-0.03999991146340957,-0.019999956548079293,PASS,2.9953124497527597,0.265625,3,False,,,,False,,,,False,,,,False,,,,True,-1.3908843981686232,-3.586796903003242,-4.431592670984031,True,-0.9114543954464125,-5.25646373128692,,True,-1.7431010095105535,-2.439135640350243,,True,-3.901357061369083,-0.7795986477359129,-3.351587694199594,False,,,,False,,,,False,,,,
gen_wex_3KSuGhC,gen,gen_candidate,calibration,Rolex,Jubilee,gen_wex_3KSuGhC,https://www.reddit.com/r/Watchexchange/comments/1p0o3bp/wtsrolex_gmt_master_ii_batgirl_jubilee_126710blnr/,https://imgur.com/a/3KSuGhC,gen/calibration/gen_wex_3KSuGhC/image_03.jpg,1800,1371,c746b019013a23a9d54614fa4ff86e9333825e2530e0fcc8c4c84a56d31629fb,8e8d0f0e174facd0,,Marketplace source-labelled genuine candidate; 2021 full-set listing,accepted,,minute_track_first,True,0.7659278193492964,4.41799195334961,324.3897257995603,0.03466445295269643,-3.2,2.2190178845638084,True,True,6.14398427507265,0.0040695793265931686,False,False,768.9381713867188,686.1988525390625,647.8141296386714,649.7447735595698,52.84431076049805,9,-2.5,0.8924416639171475,2.42020490585509,True,True,0.9999999999999991,5.466344039339256,7.661198158413887,True,-0.7000000000000002,0.6510617919773182,36,True,0.7534099997971696,0.9489311383333557,1.0,12,4.865845886993404,10.38047122558593,7.136573967590326,True,2.3712726838702927,1.9732530076085348,1.9732530076085348,0.8794202729438697,0.7465537472855929,0.7465537472855929,-0.00042968485465942087,0.0221484844614542,not_evaluated,,,,True,1.8066509797616455,-7.811963746921579,,False,,,,False,,,,False,,,,True,2.830999212378174,-5.387495742195281,1.2257477036531128,False,,,,False,,,,True,3.672424394791335,-4.192726507516264,-10.330496765628482,False,,,,True,2.1231409507721537,-7.812894846041818,,False,,,,
gen_wex_3KSuGhC,gen,gen_candidate,calibration,Rolex,Jubilee,gen_wex_3KSuGhC,https://www.reddit.com/r/Watchexchange/comments/1p0o3bp/wtsrolex_gmt_master_ii_batgirl_jubilee_126710blnr/,https://imgur.com/a/3KSuGhC,gen/calibration/gen_wex_3KSuGhC/image_04.jpg,1562,1800,d4856a5c6bbc79fc3abea747f6c3b732ade4b710037e82ba6191fb2a9fe5210d,688e1f07071f4c68,,Marketplace source-labelled genuine candidate; 2021 full-set listing,accepted,,minute_track_first,True,0.7630481323373278,3.7493298864961964,458.26770721435514,0.02942615636101364,1.79999999999999,0.2085875659671955,True,True,12.325958999237912,0.006922611765913358,False,False,677.152587890625,830.2904052734375,915.5535278320306,917.51730102539,103.49256134033203,7,2.29999999999999,1.0400579859397392,2.2766010378082147,True,True,0.9999999999999991,6.131817902393779,7.618550732175889,True,-0.5,0.7138178304420173,36,True,0.78664961356383,1.1668144211564118,1.0,12,6.874015608215327,14.664566630859365,10.081889558715812,True,2.7578419325299097,2.320422768252654,2.320422768252654,1.170702259580817,0.836575982942334,0.836575982942334,-0.027734379369253832,0.0012891288767329376,not_evaluated,,,,True,-1.7911506276670366,-7.92799435878605,,False,,,,False,,,,False,,,,True,-2.382875060380286,-4.980957946848585,-2.3661318877987014,False,,,,False,,,,True,-1.8788235969811922,-4.518202929929426,-2.0734818309077525,False,,,,True,-1.4936157521377709,-7.924198729789056,,False,,,,
gen_wex_3KSuGhC,gen,gen_candidate,calibration,Rolex,Jubilee,gen_wex_3KSuGhC,https://www.reddit.com/r/Watchexchange/comments/1p0o3bp/wtsrolex_gmt_master_ii_batgirl_jubilee_126710blnr/,https://imgur.com/a/3KSuGhC,gen/calibration/gen_wex_3KSuGhC/image_05.jpg,1800,1020,40e9a0564f9390aa449221254c7cfcb589baccd6a083345b4e65fd9a7f3b8e08,8ec4078eba06e890,,Marketplace source-labelled genuine candidate; 2021 full-set listing,acquisition_failed,Minute-track-first acquisition unavailable: minor ticks could not establish a dial ellipse.,acquisition_failed,False,0.0,,,,,,,,,,,,,,,,,,,,,,,,,,,,,,,,,,,,,,,,,,,,,,,,,,,,,,,,,,,,,,,,,,,,,,,,,,,,,,,,,,,,,,,,,,,,,,,
gen_wex_3KSuGhC,gen,gen_candidate,calibration,Rolex,Jubilee,gen_wex_3KSuGhC,https://www.reddit.com/r/Watchexchange/comments/1p0o3bp/wtsrolex_gmt_master_ii_batgirl_jubilee_126710blnr/,https://imgur.com/a/3KSuGhC,gen/calibration/gen_wex_3KSuGhC/image_06.jpg,1800,900,5674a73bc19caf5b3902d32cbb52e0004d28e4a3195e814554512b4354c85eee,ca44612d8fd4e0e0,,Marketplace source-labelled genuine candidate; 2021 full-set listing,rejected,,minute_track_first,False,0.35,41.596560693433815,40.70384342193604,0.2987465954458305,-0.5500000000000227,0.29153532493362216,True,True,8.967325598086495,2.6096953743862152,True,True,815.6849365234375,373.1495056152344,69.66293106079104,93.15244262695315,86.07859802246094,1,-1.6000000000000227,0.8613390624837097,0.8185879702411079,True,True,0.9774999999999996,1.4782660677465145,4.8972951698087535,True,1.05,0.7098616401697688,36,True,0.9661933239788865,2.914289492006436,0.8333333333333334,12,1.5,3.0,2.0,True,2.0351783230741036,1.4343009616735536,1.4343009616735536,2.188005245624529,1.7154157544337363,1.7154157544337363,0.2987465954458305,0.06984715455416955,FAIL,100.41259045111066,0.8871527777777778,1,True,-1.738876849481926,0.2075216080960507,,True,0.28265411536624896,-1.6218650872286244,,False,,,,True,0.6075393737040713,4.403677569703901,,False,,,,True,1.1030365344584254,6.222699986367431,,False,,,,False,,,,False,,,,True,0.5766295148887934,7.023397142447497,,False,,,,
gen_wex_3KSuGhC,gen,gen_candidate,calibration,Rolex,Jubilee,gen_wex_3KSuGhC,https://www.reddit.com/r/Watchexchange/comments/1p0o3bp/wtsrolex_gmt_master_ii_batgirl_jubilee_126710blnr/,https://imgur.com/a/3KSuGhC,gen/calibration/gen_wex_3KSuGhC/image_07.jpg,1800,1210,78287b3680538292a3585813f454339ebae222ecf32eb060ba8400e502974d1d,121e0e2113323f38,,Marketplace source-labelled genuine candidate; 2021 full-set listing,acquisition_failed,Minute-track-first acquisition unavailable: minor ticks could not establish a dial ellipse.,acquisition_failed,False,0.0,,,,,,,,,,,,,,,,,,,,,,,,,,,,,,,,,,,,,,,,,,,,,,,,,,,,,,,,,,,,,,,,,,,,,,,,,,,,,,,,,,,,,,,,,,,,,,,
gen_wex_3KSuGhC,gen,gen_candidate,calibration,Rolex,Jubilee,gen_wex_3KSuGhC,https://www.reddit.com/r/Watchexchange/comments/1p0o3bp/wtsrolex_gmt_master_ii_batgirl_jubilee_126710blnr/,https://imgur.com/a/3KSuGhC,gen/calibration/gen_wex_3KSuGhC/image_08.jpg,1800,1077,392311aa2394b61b347ceba2e730393fb4b234e21e6b29f561528d5278883945,23757569694fd0e0,,Marketplace source-labelled genuine candidate; 2021 full-set listing,acquisition_failed,Minute-track-first acquisition unavailable: minor ticks could not establish a dial ellipse.,acquisition_failed,False,0.0,,,,,,,,,,,,,,,,,,,,,,,,,,,,,,,,,,,,,,,,,,,,,,,,,,,,,,,,,,,,,,,,,,,,,,,,,,,,,,,,,,,,,,,,,,,,,,,
gen_wex_3KSuGhC,gen,gen_candidate,calibration,Rolex,Jubilee,gen_wex_3KSuGhC,https://www.reddit.com/r/Watchexchange/comments/1p0o3bp/wtsrolex_gmt_master_ii_batgirl_jubilee_126710blnr/,https://imgur.com/a/3KSuGhC,gen/calibration/gen_wex_3KSuGhC/image_09.jpg,1800,1240,77933f14288ed72129c761d7b0318d273668f542385503ef287c2fc5e8593819,4c0c0c160223361c,,Marketplace source-labelled genuine candidate; 2021 full-set listing,acquisition_failed,Minute-track-first acquisition unavailable: minor ticks could not establish a dial ellipse.,acquisition_failed,False,0.0,,,,,,,,,,,,,,,,,,,,,,,,,,,,,,,,,,,,,,,,,,,,,,,,,,,,,,,,,,,,,,,,,,,,,,,,,,,,,,,,,,,,,,,,,,,,,,,
gen_wex_e99gXKb,gen,gen_candidate,calibration,Rolex,Jubilee,gen_wex_e99gXKb,https://www.reddit.com/r/Watchexchange/comments/glq9pn,https://imgur.com/a/e99gXKb,gen/calibration/gen_wex_e99gXKb/image_00.jpg,1800,1800,d696eb48eac844d35cb95bcb357395df8d64e4b7422e71b6d725d46dc0abc70d,4c8c962e1e964c4c,,Marketplace source-labelled genuine candidate; early 126710BLNR example,accepted,,minute_track_first,True,0.6011877035050428,6.877377609921287,308.2576431274415,0.05388518427534824,1.274999999999994,1.737963311540913,True,True,5.278655565157884,0.49367143661932067,True,False,803.7603149414062,790.7634920776367,614.2892712402346,618.7413012695314,100.75788879394531,7,1.199999999999994,0.9566966932158338,1.1320212653525283,True,True,1.0224999999999986,0.5907920897276393,1.3269882159972313,True,0.07500000000000005,0.6585597828475446,36,True,0.9496401354717453,2.152397887541584,1.0,12,4.623864646911622,9.864244580078129,6.781668148803712,True,1.8162653898536063,1.1331026743141146,1.1331026743141146,1.271397205262093,1.1448482401752196,1.1448482401752196,0.0017187010709736872,-0.01375005115774636,PASS,59.50308959970965,0.2916666666666667,3,True,0.3019458098397756,0.19848023056635578,,True,0.11024471893203724,-0.3382206047275904,,True,-0.006697773542327923,-0.4989178865565935,,True,-0.01566094767292725,-0.18196966178466445,,False,,,,True,0.15756186253176452,0.09041630615400642,,True,0.010859691908081004,-0.5506438872311725,,True,0.18174405242109515,0.8681351030489282,-0.38152683954737654,True,0.3262736102347503,-0.43335909813290163,,True,0.4526190099608698,-0.29199069625005514,,True,0.4029105717516328,-0.8096607699000224,-0.9854958389248623,0.23147747116502582
gen_wex_e99gXKb,gen,gen_candidate,calibration,Rolex,Jubilee,gen_wex_e99gXKb,https://www.reddit.com/r/Watchexchange/comments/glq9pn,https://imgur.com/a/e99gXKb,gen/calibration/gen_wex_e99gXKb/image_01.jpg,1800,1800,3e0413343b5d9a3e91a44f2e9fe60d187b70cb86545436bb7ff9a57826c79d93,c999bddd8989f3e4,,Marketplace source-labelled genuine candidate; early 126710BLNR example,accepted,,minute_track_first,True,0.7213678353555302,12.09669212278482,292.9298694992061,0.09430295033429588,0.3249999999999972,0.8519109911893923,True,True,2.266111484426337e-05,1.0645212325989792,True,False,856.4156494140625,769.0798950195312,579.2823051452627,592.4371728515616,63.090370178222656,7,0.29999999999999716,0.8628092934261257,0.8265848775266307,True,True,0.9999999999999991,3.85667164573289,6.271891570785452,True,0.02500000000000005,0.8616930003906343,36,True,0.9865806959592456,1.454519029561021,1.0,12,4.393948042488091,9.373755823974596,6.444457128982534,False,2.0942371021706934,2.0942371021706934,1.9195506899196728,0.9843920476800485,0.9843920476800485,1.0527737994339672,-0.039335937499999994,-0.03914062499999999,PASS,29.77367531437187,0.2795138888888889,3,False,,,,False,,,,False,,,,False,,,,True,-3.5321423756808485,-5.223923218632043,2.0311998137116802,False,,,,False,,,,False,,,,False,,,,False,,,,False,,,,
gen_wex_e99gXKb,gen,gen_candidate,calibration,Rolex,Jubilee,gen_wex_e99gXKb,https://www.reddit.com/r/Watchexchange/comments/glq9pn,https://imgur.com/a/e99gXKb,gen/calibration/gen_wex_e99gXKb/image_02.jpg,1350,1800,8ef3c9f64c7f415187593bf61168c4850dcaaffb476cb5be699d764611f8c055,4bd3b7b3b7ce9216,,Marketplace source-labelled genuine candidate; early 126710BLNR example,accepted,,minute_track_first,True,0.7449088570674767,8.61520267492932,137.96092224121097,0.06740896120390368,-1.7,1.32412894005763,True,True,2.9359769573078993,0.054976919675626755,False,False,795.3712271728516,745.0947152099609,274.3563537597657,277.4873352050782,94.71279907226562,5,-2.0,0.6092819324324639,2.0758961247725094,True,True,0.9924999999999993,0.8033360524469242,3.537814724539431,True,0.30000000000000004,0.6853690976173046,36,True,0.6600243936147356,0.9548221105525851,1.0,12,2.0694138336181642,4.414749511718751,3.035140289306641,True,1.3122180793687486,0.6923110274987511,0.6923110274987511,0.7888640985440158,0.6732983875625619,0.6732983875625619,-0.022577907029745294,0.012031241076069597,not_evaluated,,,,True,-3.257679929127562,0.08327416583225888,,True,-3.8704743934779344,-2.841251005776524,,True,-2.97142856664766,-1.8821023793438085,,True,-1.8943651025060149,-2.2713911819289834,,True,-1.9322802374301773,4.495015733600449,5.859256433669088,True,-2.0252559635772514,-0.7981568112065851,,False,,,,True,-2.711241412924039,6.105833229300894,2.2372106963298677,True,-3.2304057327833675,-0.08259367094696213,,True,-2.167537703475091,1.1454935204823213,,False,,,,
gen_wex_e99gXKb,gen,gen_candidate,calibration,Rolex,Jubilee,gen_wex_e99gXKb,https://www.reddit.com/r/Watchexchange/comments/glq9pn,https://imgur.com/a/e99gXKb,gen/calibration/gen_wex_e99gXKb/image_03.jpg,1350,1800,105f67238acf75ed7a7897fbbf534303b22cea6f12cccabd31cd825ce337a745,57e1cb0d87697358,,Marketplace source-labelled genuine candidate; early 126710BLNR example,rejected,,minute_track_first,False,0.35,39.172563356860095,209.9777704238891,0.28424616321783003,7.749999999999996,7.135663987111765,False,False,35.1182544984164,0.24576629132359554,False,False,556.6652095748901,815.5379638671875,366.7875915527343,473.1234901428221,119.2894287109375,6,7.699999999999996,1.5513337122348223,2.2479912599505325,True,True,0.9874999999999994,2.8375360374302554,7.703452087210567,True,0.05000000000000005,1.275054507571656,36,True,1.669060069689397,5.742074331772234,0.8333333333333334,12,3.149666556358336,6.719288653564451,4.6195109493255595,True,3.6260461207585197,2.4880992000595996,2.4880992000595996,3.03766039796416,2.6999957843353273,2.6999957843353273,0.15661314687880679,0.17575382524135472,not_evaluated,,,,True,2.176651428763307,-0.7313758838164541,,True,-0.38673461882825677,6.921254517760989,,True,-0.7861201362516681,-4.588826223834608,,False,,,,False,,,,False,,,,False,,,,False,,,,True,0.36983250776285104,7.337043588545066,,False,,,,False,,,,
gen_wex_e99gXKb,gen,gen_candidate,calibration,Rolex,Jubilee,gen_wex_e99gXKb,https://www.reddit.com/r/Watchexchange/comments/glq9pn,https://imgur.com/a/e99gXKb,gen/calibration/gen_wex_e99gXKb/image_04.jpg,1350,1800,2d08dde1e648289a56c6ca747455a65136b929a695e6d107f393ce6cd6a8e318,56a5845142d1e83a,,Marketplace source-labelled genuine candidate; early 126710BLNR example,acquisition_failed,Minute-track-first acquisition unavailable: minor ticks could not establish a dial ellipse.,acquisition_failed,False,0.0,,,,,,,,,,,,,,,,,,,,,,,,,,,,,,,,,,,,,,,,,,,,,,,,,,,,,,,,,,,,,,,,,,,,,,,,,,,,,,,,,,,,,,,,,,,,,,,
gen_wex_e99gXKb,gen,gen_candidate,calibration,Rolex,Jubilee,gen_wex_e99gXKb,https://www.reddit.com/r/Watchexchange/comments/glq9pn,https://imgur.com/a/e99gXKb,gen/calibration/gen_wex_e99gXKb/image_05.jpg,1350,1800,62d270a1e493ee5407e5f836783bc0adcf2802a0d182776e7adcaf7c95f14b24,6575b5a24276063d,,Marketplace source-labelled genuine candidate; early 126710BLNR example,acquisition_failed,Minute-track-first acquisition unavailable: minor ticks could not establish a dial ellipse.,acquisition_failed,False,0.0,,,,,,,,,,,,,,,,,,,,,,,,,,,,,,,,,,,,,,,,,,,,,,,,,,,,,,,,,,,,,,,,,,,,,,,,,,,,,,,,,,,,,,,,,,,,,,,
gen_wex_e99gXKb,gen,gen_candidate,calibration,Rolex,Jubilee,gen_wex_e99gXKb,https://www.reddit.com/r/Watchexchange/comments/glq9pn,https://imgur.com/a/e99gXKb,gen/calibration/gen_wex_e99gXKb/image_06.jpg,1350,1800,dd63f6677ac3f1bd4d9f473cb262f9098290b56e7c7d256d9ecb3cfb46493704,65f5970d72764e3d,,Marketplace source-labelled genuine candidate; early 126710BLNR example,acquisition_failed,Minute-track-first acquisition unavailable: minor ticks could not establish a dial ellipse.,acquisition_failed,False,0.0,,,,,,,,,,,,,,,,,,,,,,,,,,,,,,,,,,,,,,,,,,,,,,,,,,,,,,,,,,,,,,,,,,,,,,,,,,,,,,,,,,,,,,,,,,,,,,,
gen_wex_e99gXKb,gen,gen_candidate,calibration,Rolex,Jubilee,gen_wex_e99gXKb,https://www.reddit.com/r/Watchexchange/comments/glq9pn,https://imgur.com/a/e99gXKb,gen/calibration/gen_wex_e99gXKb/image_07.jpg,1350,1800,fd1f8558d478e10af54e01fd16dd34b7ad7cef8aa1899e89282e6145c862185e,2bab8e6302e2f337,,Marketplace source-labelled genuine candidate; early 126710BLNR example,rejected,,minute_track_first,False,0.21412550064987543,48.645894565595384,46.058183288574234,0.32,-10.049999999999978,2.0388263293857416,True,False,14.944430855773403,1.204556081929381,False,False,589.7952880859375,656.7980346679688,73.29666137695315,110.93607177734378,15.298622131347656,1,-9.899999999999977,1.6332275676659074,1.9711940772589196,True,False,0.9999999999999991,2.1858637107492696,5.408233340421189,False,-0.14999999999999972,1.5053993037477165,36,False,2.103142044382557,3.3682139398362754,0.4166666666666667,12,1.5,3.0,2.0,True,2.595962572090458,1.7874601079170602,1.7874601079170602,2.7459092224965187,2.316798111619554,2.316798111619554,-0.2559374999999999,-0.2823437499999999,not_evaluated,,,,True,-0.48424860666381164,3.6571662856968667,,False,,,,True,-1.2666457899175612,-1.2979495913911565,,True,0.6233637733471369,1.9858258156204678,,False,,,,False,,,,False,,,,True,1.2130324391167733,-0.8972915026300488,,False,,,,True,0.7873245960067834,5.501132979315337,,False,,,,
gen_wex_e99gXKb,gen,gen_candidate,calibration,Rolex,Jubilee,gen_wex_e99gXKb,https://www.reddit.com/r/Watchexchange/comments/glq9pn,https://imgur.com/a/e99gXKb,gen/calibration/gen_wex_e99gXKb/image_08.jpg,1350,1800,32fe33cbc12bfe5b01097061b0373f20e498642091a1fad8d8575a10cb0155df,56d23234d97302ca,,Marketplace source-labelled genuine candidate; early 126710BLNR example,acquisition_failed,Minute-track-first acquisition unavailable: minor ticks could not establish a dial ellipse.,acquisition_failed,False,0.0,,,,,,,,,,,,,,,,,,,,,,,,,,,,,,,,,,,,,,,,,,,,,,,,,,,,,,,,,,,,,,,,,,,,,,,,,,,,,,,,,,,,,,,,,,,,,,,
gen_wex_e99gXKb,gen,gen_candidate,calibration,Rolex,Jubilee,gen_wex_e99gXKb,https://www.reddit.com/r/Watchexchange/comments/glq9pn,https://imgur.com/a/e99gXKb,gen/calibration/gen_wex_e99gXKb/image_09.jpg,1350,1800,f89aeb654ddc73d184cf27cfd894366ad5a79ed06ddf7397209871b781a1ddd5,5243e5cb65d1e174,,Marketplace source-labelled genuine candidate; early 126710BLNR example,rejected,,minute_track_first,False,0.35,43.509283031178256,61.88476764678949,0.3098124411396181,-7.8999999999999995,3.791206931651565,False,False,11.262634517298551,4.248796966710776,False,False,719.7635498046875,622.7021484375,104.06002170562735,143.47904888153062,63.954200744628906,1,-7.5,1.1512649117759537,1.2219822811618217,True,False,0.9899999999999993,1.5346739929839597,8.366731577346076,False,-0.3999999999999996,1.0568209786470915,36,False,1.6087864918722437,2.29587002449385,0.6666666666666666,12,1.5,3.0,2.0,True,2.638619302257569,1.9222719459759212,1.9222719459759212,2.1194300354545192,1.8687084066417112,1.8687084066417112,-0.022937441139618053,-0.296921816139618,not_evaluated,,,,False,,,,False,,,,False,,,,True,0.021326251560452647,7.08455840640082,,False,,,,True,-0.2308482736092401,-1.1235565948278903,,False,,,,False,,,,True,0.5710571956690274,-0.5515369632104972,,True,-2.7032593104957527,2.244685854466588,,False,,,,
gen_wex_1TDYtpN,gen,gen_candidate,validation,Rolex,Jubilee,gen_wex_1TDYtpN,https://www.reddit.com/r/Watchexchange/comments/1s71mol/wts_rolex_gmtmaster_ii_126710blnr_jubilee_batgirl/,https://imgur.com/a/1TDYtpN,gen/validation/gen_wex_1TDYtpN/image_00.jpg,1635,1800,591165966a2d4abbd29e833d50b95a95f23141fb669ab96bacac5672d9208f37,838e47cc49496242,,Marketplace source-labelled genuine candidate; 2021 box-and-papers listing,accepted,,minute_track_first,True,0.7570907842621186,8.782932960540396,227.0801660156251,0.06871115697842403,2.4249999999999936,2.376788603862046,True,True,2.7876725496186803e-05,0.7985842623775933,True,False,709.32373046875,756.2633666992188,451.4818652343752,456.8387988281252,96.5016098022461,5,2.2999999999999936,0.8231284451817784,2.250328666820854,True,True,0.9999999999999991,0.9061940119721485,1.6949010682941346,True,0.12500000000000006,0.8178666348053767,36,True,0.8502230741167565,1.339562332793909,1.0,12,3.4062024902343766,7.266565312500004,4.9957636523437525,False,1.0234212816127777,1.0234212816127777,0.8291193800716569,0.8554269343953117,0.8554269343953117,0.8110783019687262,0.0021485038516136914,0.0012890653931658385,PASS,28.964791015386258,0.3229166666666667,3,True,3.2659480688968543,-2.5671317991052933,,False,,,,True,2.977250530664719,-0.6209645338168479,,True,3.6535584732766324,-2.6521582272825306,,True,2.8093839906176186,6.290780943536067,-5.8187950812611575,False,,,,False,,,,True,3.553978812687717,4.6942152679104066,-0.7819588162217883,True,3.578081059089868,-1.5187371599589272,,True,3.1158908066989284,-1.6849722225210861,,False,,,,
gen_wex_1TDYtpN,gen,gen_candidate,validation,Rolex,Jubilee,gen_wex_1TDYtpN,https://www.reddit.com/r/Watchexchange/comments/1s71mol/wts_rolex_gmtmaster_ii_126710blnr_jubilee_batgirl/,https://imgur.com/a/1TDYtpN,gen/validation/gen_wex_1TDYtpN/image_01.jpg,1532,1800,6bf31a8deaa0ba30c32bfecbecaf3ee751c74398b458c77995029ce532a5e14b,e066634c8949c3c6,,Marketplace source-labelled genuine candidate; 2021 box-and-papers listing,accepted,,minute_track_first,True,0.5724641999777743,14.171470234918333,249.20157981872532,0.11017108416770849,0.27500000000001157,1.0648852505436357,True,True,9.883593690508887,0.8959155917148978,True,False,682.3212280273438,750.8863738690186,490.7021206665034,506.1041986083979,127.54242706298828,3,-0.19999999999998863,1.1528102968165719,1.0603111686558424,True,False,0.9999999999999991,5.119408531996547,6.264849957153109,False,0.4750000000000002,0.9476541813088997,36,True,0.8057527775788361,1.2521205247420413,1.0,12,3.73802369728088,7.97445055419921,5.482434756011957,True,2.649448715519147,2.228951167028873,2.228951167028873,1.1070733626600966,0.8955950449917048,0.8955950449917048,0.06314916831456933,0.02400866396907184,PASS,41.0,0.2795138888888889,3,False,,,,False,,,,False,,,,True,1.7538201655901275,-7.467781424881026,,True,2.2070299744683552,-2.545769589949143,-0.37286222965167326,True,0.521982797571269,-4.812126346573042,,True,-0.164384134347074,-4.543874335006082,,True,-2.0199786243408653,-2.4125521502807445,3.026183085312084,True,-2.0299348251725746,-7.267734530191716,,False,,,,False,,,,
gen_wex_1TDYtpN,gen,gen_candidate,validation,Rolex,Jubilee,gen_wex_1TDYtpN,https://www.reddit.com/r/Watchexchange/comments/1s71mol/wts_rolex_gmtmaster_ii_126710blnr_jubilee_batgirl/,https://imgur.com/a/1TDYtpN,gen/validation/gen_wex_1TDYtpN/image_02.jpg,1450,1800,2f7848f2f2b55991448cfe2d3b0991cdf7a076b20fccf2ee813e53f3144389fb,dcd2a1c989434708,,Marketplace source-labelled genuine candidate; 2021 box-and-papers listing,accepted,,minute_track_first,True,0.8446068389513635,9.792067255844042,196.44390815734872,0.07653287940473007,1.1407541578023483e-14,0.004846038019805772,True,True,2.4937503759581445e-05,0.0036526302501097767,False,False,643.0064697265625,740.3082456011963,390.0049145507814,395.77071807861347,89.67176055908203,3,-0.19999999999998863,0.7080070688527752,0.19810412415646148,True,True,1.002499999999999,1.0302971188375856,2.8625764038734367,True,0.20000000000000004,0.6892212341358641,36,True,0.8335757743161514,1.522396519178401,1.0,12,2.9466586223602307,6.286205061035159,4.321765979461672,False,1.4315074353085693,1.4315074353085693,1.1639707413292144,1.0287772146733891,1.0287772146733891,1.2766825727719522,0.0034671972240342447,0.00346696054404166,not_evaluated,,,,True,-2.8058723747135446,-1.6084329455031687,,True,-2.9151592115198923,-0.20447798014565643,,True,0.27800232206611497,-3.6014789110322853,,False,,,,False,,,,True,-3.9594367601719114,-3.2562462367493494,,False,,,,True,-2.5932003149895877,6.162367856282125,,True,-3.5708895653838795,-2.750270771926633,,True,-2.83131143938499,-0.9480705772484943,,True,-3.9728616574605553,0.16274195758457788,,-0.28166986616278006
gen_wex_1TDYtpN,gen,gen_candidate,validation,Rolex,Jubilee,gen_wex_1TDYtpN,https://www.reddit.com/r/Watchexchange/comments/1s71mol/wts_rolex_gmtmaster_ii_126710blnr_jubilee_batgirl/,https://imgur.com/a/1TDYtpN,gen/validation/gen_wex_1TDYtpN/image_03.jpg,1800,1541,6732ed21bbbcb77ef436602a04bb5507fe6d0184330356596c8db15e633d4387,6d0d4f1f1b9b9ff5,,Marketplace source-labelled genuine candidate; 2021 box-and-papers listing,rejected,,minute_track_first,False,0.35,25.70051530367716,74.52983688354495,0.19515023488246236,1.4249999999999932,0.8320959044805959,True,False,1.463423941914213e-05,2.022983633753544,False,False,731.121337890625,452.1329345703125,141.30299774169927,156.8163497924805,96.863525390625,1,1.499999999999993,0.9227648733658278,0.9151654923267567,True,True,0.9749999999999996,1.1568959246886599,2.2717741717917024,True,-0.07499999999999973,0.8922492467983556,36,False,1.6335770980223594,2.686719606654426,0.75,12,1.5,3.0,2.0,False,1.508287911321845,1.508287911321845,1.05019383928511,1.6481150704957186,1.6481150704957186,1.8804173435296982,0.16850960988246236,0.12512320261753765,not_evaluated,,,,False,,,,True,1.2730388403664392,-0.8108311061798434,,True,-0.9600031553870849,5.471894295596202,,True,-3.2909162357419746,0.040062375943716866,,False,,,,False,,,,True,-0.1903869510866798,7.293465524540011,,False,,,,False,,,,False,,,,False,,,,
gen_wex_1TDYtpN,gen,gen_candidate,validation,Rolex,Jubilee,gen_wex_1TDYtpN,https://www.reddit.com/r/Watchexchange/comments/1s71mol/wts_rolex_gmtmaster_ii_126710blnr_jubilee_batgirl/,https://imgur.com/a/1TDYtpN,gen/validation/gen_wex_1TDYtpN/image_04.jpg,1535,1800,b70696b05fbdbbe75572f908b715091930389ddb18eb41480c47eeca8ca2ef8b,c19e9cc7c382a6a6,,Marketplace source-labelled genuine candidate; 2021 box-and-papers listing,acquisition_failed,Minute-track-first acquisition unavailable: minor ticks could not establish a dial ellipse.,acquisition_failed,False,0.0,,,,,,,,,,,,,,,,,,,,,,,,,,,,,,,,,,,,,,,,,,,,,,,,,,,,,,,,,,,,,,,,,,,,,,,,,,,,,,,,,,,,,,,,,,,,,,,
gen_wex_1TDYtpN,gen,gen_candidate,validation,Rolex,Jubilee,gen_wex_1TDYtpN,https://www.reddit.com/r/Watchexchange/comments/1s71mol/wts_rolex_gmtmaster_ii_126710blnr_jubilee_batgirl/,https://imgur.com/a/1TDYtpN,gen/validation/gen_wex_1TDYtpN/image_05.jpg,1350,1800,e026ab184b9e6f7f9a794179178c9eb968e40bdbd4a8c339e3249b9bae91f51c,b6839939371d2527,,Marketplace source-labelled genuine candidate; 2021 box-and-papers listing,acquisition_failed,Minute-track-first acquisition unavailable: minor ticks could not establish a dial ellipse.,acquisition_failed,False,0.0,,,,,,,,,,,,,,,,,,,,,,,,,,,,,,,,,,,,,,,,,,,,,,,,,,,,,,,,,,,,,,,,,,,,,,,,,,,,,,,,,,,,,,,,,,,,,,,
gen_wex_1TDYtpN,gen,gen_candidate,validation,Rolex,Jubilee,gen_wex_1TDYtpN,https://www.reddit.com/r/Watchexchange/comments/1s71mol/wts_rolex_gmtmaster_ii_126710blnr_jubilee_batgirl/,https://imgur.com/a/1TDYtpN,gen/validation/gen_wex_1TDYtpN/image_06.jpg,1596,1800,1cedb6514aa3b3bfe397b4020f811c1c7b92cbe8d20d45b96b980016e1004b64,e5c79c1c19969293,,Marketplace source-labelled genuine candidate; 2021 box-and-papers listing,acquisition_failed,Minute-track-first acquisition unavailable: minor ticks could not establish a dial ellipse.,acquisition_failed,False,0.0,,,,,,,,,,,,,,,,,,,,,,,,,,,,,,,,,,,,,,,,,,,,,,,,,,,,,,,,,,,,,,,,,,,,,,,,,,,,,,,,,,,,,,,,,,,,,,,
gen_wex_U2XNblj,gen,gen_candidate,calibration,Rolex,Jubilee,gen_wex_U2XNblj,https://www.reddit.com/r/Watchexchange/comments/1s0vpgq/wts_rolex_gmtmaster_ii_batgirl_126710blnr_watch/,https://imgur.com/gallery/U2XNblj,gen/calibration/gen_wex_U2XNblj/image_00.jpg,1350,1800,47debf46e547170dde664fa488c8558761a6b065305ccd84769c1b0a5b048c4c,0135a4acab04b677,,Marketplace source-labelled genuine candidate; watch card and white tag stated by seller,acquisition_failed,Minute-track-first acquisition unavailable: minor ticks could not establish a dial ellipse.,acquisition_failed,False,0.0,,,,,,,,,,,,,,,,,,,,,,,,,,,,,,,,,,,,,,,,,,,,,,,,,,,,,,,,,,,,,,,,,,,,,,,,,,,,,,,,,,,,,,,,,,,,,,,
gen_wex_8Rg3vqJ,gen,gen_candidate,validation,Rolex,Oyster,gen_wex_8Rg3vqJ,https://www.reddit.com/r/Watchexchange/comments/p5gmvz,https://imgur.com/a/8Rg3vqJ,gen/validation/gen_wex_8Rg3vqJ/image_00.jpg,1350,1800,b5c31e7ef66d5bfc1d68c3d9bc015164bfc06acca4089c8b7624685d167116af,97d983c2464240c0,,Marketplace source-labelled genuine candidate; 2021 exact reference on Oyster bracelet,rejected,,minute_track_first,False,0.35,24.186659090108176,145.50986900329573,0.1843697889571425,-0.1500000000000341,0.4323406239821554,True,True,1.951389061789027e-05,1.044748983715436,True,True,378.6152648925781,709.6734619140625,277.6598367309567,304.3796392822262,83.74565887451172,4,-1.900000000000034,0.8959580420634066,1.4828227683067365,True,False,0.9999999999999991,3.1795329103607077,3.8107653613143255,False,1.75,0.8007800859342318,36,True,0.8307067853446186,1.2196690499324239,1.0,12,2.1826480350494357,4.656315808105464,3.2012171180725058,False,1.7395400781678079,1.7395400781678079,1.5676030844231752,0.8267408204091261,0.8267408204091261,0.8677427819742828,-0.0060885389571424964,0.004653648542857504,AMBIGUOUS,42.23629354162575,0.3541666666666667,2,False,,,,False,,,,True,1.6854219685115766,-6.4075866149834955,,True,0.9529647333170317,-5.674129666105565,,True,-0.016192489369586838,-2.645498209810093,2.4986728064018564,True,-0.5442573887884237,-5.822574556237625,,True,-0.1770495587413734,-7.712703149959587,,True,0.5663350124463591,-4.680858155177514,2.2797528936320646,True,0.5663177682507694,7.76652393018219,,False,,,,False,,,,
gen_wex_8Rg3vqJ,gen,gen_candidate,validation,Rolex,Oyster,gen_wex_8Rg3vqJ,https://www.reddit.com/r/Watchexchange/comments/p5gmvz,https://imgur.com/a/8Rg3vqJ,gen/validation/gen_wex_8Rg3vqJ/image_01.jpg,1800,1350,35a06a0307e7f6c2518c540d625c837a8a9f71a6c5b081fb1c9ed235a937269c,de7f1a9bf8c9e5e6,,Marketplace source-labelled genuine candidate; 2021 exact reference on Oyster bracelet,acquisition_failed,Minute-track-first acquisition unavailable: minor ticks could not establish a dial ellipse.,acquisition_failed,False,0.0,,,,,,,,,,,,,,,,,,,,,,,,,,,,,,,,,,,,,,,,,,,,,,,,,,,,,,,,,,,,,,,,,,,,,,,,,,,,,,,,,,,,,,,,,,,,,,,
gen_wex_8Rg3vqJ,gen,gen_candidate,validation,Rolex,Oyster,gen_wex_8Rg3vqJ,https://www.reddit.com/r/Watchexchange/comments/p5gmvz,https://imgur.com/a/8Rg3vqJ,gen/validation/gen_wex_8Rg3vqJ/image_02.jpg,1350,1800,8b17ef3c627f30a7410af29ad705abfa00d9dbd34179dbde316b2cbb35fb0ba3,7b13326e9ca72142,,Marketplace source-labelled genuine candidate; 2021 exact reference on Oyster bracelet,acquisition_failed,Minute-track-first acquisition unavailable: minor ticks could not establish a dial ellipse.,acquisition_failed,False,0.0,,,,,,,,,,,,,,,,,,,,,,,,,,,,,,,,,,,,,,,,,,,,,,,,,,,,,,,,,,,,,,,,,,,,,,,,,,,,,,,,,,,,,,,,,,,,,,,
gen_wex_8Rg3vqJ,gen,gen_candidate,validation,Rolex,Oyster,gen_wex_8Rg3vqJ,https://www.reddit.com/r/Watchexchange/comments/p5gmvz,https://imgur.com/a/8Rg3vqJ,gen/validation/gen_wex_8Rg3vqJ/image_03.jpg,1350,1800,2fe444a316b1937a7aa7af3c2093aa8388eac532f96ed02c0fbaf51ea00164c5,f17f4b63ec6f91e6,,Marketplace source-labelled genuine candidate; 2021 exact reference on Oyster bracelet,acquisition_failed,Minute-track-first acquisition unavailable: minor ticks could not establish a dial ellipse.,acquisition_failed,False,0.0,,,,,,,,,,,,,,,,,,,,,,,,,,,,,,,,,,,,,,,,,,,,,,,,,,,,,,,,,,,,,,,,,,,,,,,,,,,,,,,,,,,,,,,,,,,,,,,
gen_wex_8Rg3vqJ,gen,gen_candidate,validation,Rolex,Oyster,gen_wex_8Rg3vqJ,https://www.reddit.com/r/Watchexchange/comments/p5gmvz,https://imgur.com/a/8Rg3vqJ,gen/validation/gen_wex_8Rg3vqJ/image_04.jpg,1350,1800,d9afa912204742348448b9d76795322ec9be0aca01558241c9398167e830899c,1f8e6e664a5b5352,,Marketplace source-labelled genuine candidate; 2021 exact reference on Oyster bracelet,acquisition_failed,Minute-track-first acquisition unavailable: minor ticks could not establish a dial ellipse.,acquisition_failed,False,0.0,,,,,,,,,,,,,,,,,,,,,,,,,,,,,,,,,,,,,,,,,,,,,,,,,,,,,,,,,,,,,,,,,,,,,,,,,,,,,,,,,,,,,,,,,,,,,,,
gen_wex_8Rg3vqJ,gen,gen_candidate,validation,Rolex,Oyster,gen_wex_8Rg3vqJ,https://www.reddit.com/r/Watchexchange/comments/p5gmvz,https://imgur.com/a/8Rg3vqJ,gen/validation/gen_wex_8Rg3vqJ/image_05.jpg,1350,1800,3016a5d3c9d642068e147c5a0045fa9402b5a4e1d47cdb1784f54b928f9cf4f8,b127693c7c3f5818,,Marketplace source-labelled genuine candidate; 2021 exact reference on Oyster bracelet,acquisition_failed,Minute-track-first acquisition unavailable: minor ticks could not establish a dial ellipse.,acquisition_failed,False,0.0,,,,,,,,,,,,,,,,,,,,,,,,,,,,,,,,,,,,,,,,,,,,,,,,,,,,,,,,,,,,,,,,,,,,,,,,,,,,,,,,,,,,,,,,,,,,,,,
gen_wex_8Rg3vqJ,gen,gen_candidate,validation,Rolex,Oyster,gen_wex_8Rg3vqJ,https://www.reddit.com/r/Watchexchange/comments/p5gmvz,https://imgur.com/a/8Rg3vqJ,gen/validation/gen_wex_8Rg3vqJ/image_06.jpg,1350,1800,8b889a128dbce6b7992450e0cac04ba07c91f77fd7fb39eb04f3f123189789b4,746e1ec9f1ff1f80,,Marketplace source-labelled genuine candidate; 2021 exact reference on Oyster bracelet,acquisition_failed,Minute-track-first acquisition unavailable: minor ticks could not establish a dial ellipse.,acquisition_failed,False,0.0,,,,,,,,,,,,,,,,,,,,,,,,,,,,,,,,,,,,,,,,,,,,,,,,,,,,,,,,,,,,,,,,,,,,,,,,,,,,,,,,,,,,,,,,,,,,,,,
gen_wex_bRffRhD,gen,gen_candidate,validation,Rolex,Jubilee,gen_wex_bRffRhD,https://www.reddit.com/r/Watchexchange/comments/1s8thx4/wts_2021_rolex_gmtmaster_ii_40mm_batgirl_ref/,https://imgur.com/a/bRffRhD,gen/validation/gen_wex_bRffRhD/image_00.jpg,1200,1600,4be2d44084ffb04a78e8d65672f1e79fbd7cc242a70fbb7d60818efe21e69fd3,c24672c1e07014bc,,Marketplace source-labelled genuine candidate; 2021 complete set and AD receipt stated by seller,accepted,,minute_track_first,True,0.7262244891538343,11.04606108483786,182.06868949890116,0.08621913644563409,-0.49999999999997913,0.02537682255677606,True,True,2.8939049167462926e-05,0.5863710148912318,True,False,515.7833862304688,875.6324462890625,360.73274017333944,367.5420178222652,58.5517692565918,5,-2.3999999999999773,0.8734578771016182,1.9429675610147565,True,False,0.9999999999999991,5.016198632740536,10.0,False,1.8999999999999981,0.7976174305520392,36,True,1.1138554876959044,3.364402965947905,1.0,12,2.731030342483517,5.826198063964838,4.005511168975826,False,2.6538573544007336,2.6538573544007336,2.3759200975231414,1.6837998694768606,1.6837998694768606,1.771257525780281,0.00667164389050872,0.0015150595017504685,PASS,41.74685520566969,0.4236111111111111,3,True,-0.00571649365963367,2.4857419041941053,,True,-0.016854194160771385,1.8691946777018908,,False,,,,False,,,,False,,,,False,,,,False,,,,False,,,,False,,,,True,0.2685441984835961,5.382120412899227,,False,,,,
rep_vsf_p3hHVMB,rep,rep_labelled,validation,VSF,Jubilee,rep_vsf_p3hHVMB,https://www.reddit.com/r/RepTimeQC/comments/1u91yef/qc_request_vsf_batgirl_first_qc_any_help/,https://imgur.com/gallery/vsf-batgirl-qc-p3hHVMB,rep/validation/rep_vsf_p3hHVMB/image_00.jpg,1800,1350,996ce3cfa166563e24cd4f066f3961e81546b55d9eddcc8c7afddd8306be7265,cb4b470686cc4c6c,,Community QC; 12 marker described as slightly counter-clockwise by submitter,accepted,,minute_track_first,True,0.9194669832862365,4.825369640573804,285.9757615280148,0.03785357968567388,-0.875000000000024,0.9352514673876245,True,True,1.966744438438129e-05,0.00781635893884482,False,False,775.8071899414062,588.3695678710938,570.9361427307122,572.9669033813469,107.25528717041016,8,-2.6000000000000227,1.107604327751388,2.665076628147315,True,True,0.9999999999999991,5.086726952888721,7.123535575995289,True,1.7249999999999988,1.0693265069859463,36,True,1.2245823889336132,1.4460974296544016,1.0,12,4.289636422920222,9.151224368896473,6.291466753616326,False,2.3943465422050014,2.3943465422050014,2.084471389793948,1.1967994686429908,1.1967994686429908,1.2225372014866023,-0.023437499999999993,0.006875000000000007,not_evaluated,,,,False,,,,False,,,,False,,,,False,,,,True,2.996450925128869,-4.617704166173553,1.661686095343839,False,,,,True,-0.005897379024872862,6.6379830029503095,,True,2.0179922713147675,-5.366886935154391,3.2277220351885205,False,,,,False,,,,False,,,,
rep_vsf_p3hHVMB,rep,rep_labelled,validation,VSF,Jubilee,rep_vsf_p3hHVMB,https://www.reddit.com/r/RepTimeQC/comments/1u91yef/qc_request_vsf_batgirl_first_qc_any_help/,https://imgur.com/gallery/vsf-batgirl-qc-p3hHVMB,rep/validation/rep_vsf_p3hHVMB/image_01.jpg,1800,1350,4dcc10af9a7e7861aad2d74c30bc72fee5031ea90d0dd803a7257b9b730aa5ff,cb1b970716864c4c,,Community QC; 12 marker described as slightly counter-clockwise by submitter,rejected,,minute_track_first,False,0.35,8.929726343804631,339.64069290161115,0.0698503236006523,-2.199999999999977,4.513959832928468,False,False,13.685067545640887,0.7112036225113446,False,False,800.4545053161621,571.3935922302246,675.1396591186519,683.4231124877925,84.00900268554688,4,-2.8999999999999773,1.2519752960476749,2.8621506948834865,True,True,0.9999999999999991,4.51910534922981,7.949203516667922,True,0.7000000000000003,1.1354125956660683,36,True,1.2319102992535484,1.921515168715184,1.0,12,5.094610393524167,10.868502172851557,7.472095243835445,True,3.0340226030192663,2.4142130508729833,2.4142130508729833,1.734461505581752,1.2856812290308155,1.2856812290308155,0.013587086162970396,0.03229806944676013,not_evaluated,,,,False,,,,True,-0.547843513885141,-7.395750167874626,,True,2.7987328348291385,-7.387279872482477,,True,2.397359669582528,-6.527728015041645,,True,2.289676203907703,-2.7529251382999775,3.044024686510056,True,0.23282031776574286,-7.228638735355042,,False,,,,True,-0.20841497205975656,-5.621174053733102,2.276814772611914,False,,,,False,,,,False,,,,
rep_vsf_p3hHVMB,rep,rep_labelled,validation,VSF,Jubilee,rep_vsf_p3hHVMB,https://www.reddit.com/r/RepTimeQC/comments/1u91yef/qc_request_vsf_batgirl_first_qc_any_help/,https://imgur.com/gallery/vsf-batgirl-qc-p3hHVMB,rep/validation/rep_vsf_p3hHVMB/image_02.jpg,1800,1350,418615491f0f672fcf4cae314b6c7ffaee569001dc10ea886cc1e873998e1cd1,697b32064c356c6c,,Community QC; 12 marker described as slightly counter-clockwise by submitter,acquisition_failed,Minute-track-first acquisition unavailable: minor ticks could not establish a dial ellipse.,acquisition_failed,False,0.0,,,,,,,,,,,,,,,,,,,,,,,,,,,,,,,,,,,,,,,,,,,,,,,,,,,,,,,,,,,,,,,,,,,,,,,,,,,,,,,,,,,,,,,,,,,,,,,
rep_vsf_p3hHVMB,rep,rep_labelled,validation,VSF,Jubilee,rep_vsf_p3hHVMB,https://www.reddit.com/r/RepTimeQC/comments/1u91yef/qc_request_vsf_batgirl_first_qc_any_help/,https://imgur.com/gallery/vsf-batgirl-qc-p3hHVMB,rep/validation/rep_vsf_p3hHVMB/image_03.jpg,1800,1350,5e1afcd6a0468955dfc5ea4a4cc2075ea302b483da3e75cd956e386d944c4b0f,697b76064c316c6c,rep_vsf_p3hHVMB/image_02.jpg,Community QC; 12 marker described as slightly counter-clockwise by submitter,acquisition_failed,Minute-track-first acquisition unavailable: minor ticks could not establish a dial ellipse.,acquisition_failed,False,0.0,,,,,,,,,,,,,,,,,,,,,,,,,,,,,,,,,,,,,,,,,,,,,,,,,,,,,,,,,,,,,,,,,,,,,,,,,,,,,,,,,,,,,,,,,,,,,,,
rep_vsf_p3hHVMB,rep,rep_labelled,validation,VSF,Jubilee,rep_vsf_p3hHVMB,https://www.reddit.com/r/RepTimeQC/comments/1u91yef/qc_request_vsf_batgirl_first_qc_any_help/,https://imgur.com/gallery/vsf-batgirl-qc-p3hHVMB,rep/validation/rep_vsf_p3hHVMB/image_04.jpg,1800,1350,59358c1a087c81cb038e17f2d8356d166515869239f9ce30ec45e5c3eec42a34,97161c0c00256c6c,,Community QC; 12 marker described as slightly counter-clockwise by submitter,acquisition_failed,Minute-track-first acquisition unavailable: minor ticks could not establish a dial ellipse.,acquisition_failed,False,0.0,,,,,,,,,,,,,,,,,,,,,,,,,,,,,,,,,,,,,,,,,,,,,,,,,,,,,,,,,,,,,,,,,,,,,,,,,,,,,,,,,,,,,,,,,,,,,,,
rep_vsf_p3hHVMB,rep,rep_labelled,validation,VSF,Jubilee,rep_vsf_p3hHVMB,https://www.reddit.com/r/RepTimeQC/comments/1u91yef/qc_request_vsf_batgirl_first_qc_any_help/,https://imgur.com/gallery/vsf-batgirl-qc-p3hHVMB,rep/validation/rep_vsf_p3hHVMB/image_05.jpg,1800,1350,99f7b9178d2541dd8e2e5d46b6f142acc109e56c5bd1559c8531326560e74e39,97171e0c08056c6c,,Community QC; 12 marker described as slightly counter-clockwise by submitter,acquisition_failed,Minute-track-first acquisition unavailable: minor ticks could not establish a dial ellipse.,acquisition_failed,False,0.0,,,,,,,,,,,,,,,,,,,,,,,,,,,,,,,,,,,,,,,,,,,,,,,,,,,,,,,,,,,,,,,,,,,,,,,,,,,,,,,,,,,,,,,,,,,,,,,
rep_vsf_p3hHVMB,rep,rep_labelled,validation,VSF,Jubilee,rep_vsf_p3hHVMB,https://www.reddit.com/r/RepTimeQC/comments/1u91yef/qc_request_vsf_batgirl_first_qc_any_help/,https://imgur.com/gallery/vsf-batgirl-qc-p3hHVMB,rep/validation/rep_vsf_p3hHVMB/image_06.jpg,1800,1350,41420bfdb9ae073b26056217f19119699d3af6be16b5c101c86089778bacaa65,939b1b260624646c,,Community QC; 12 marker described as slightly counter-clockwise by submitter,rejected,,minute_track_first,False,0.35,36.965631050095986,103.37184837341312,0.27060113354843257,2.7500000000000013,0.48999707771004924,True,False,2.2296357054373577e-05,2.3105516073190415,False,False,734.0138360705566,511.41292174194336,183.64402008056646,229.843373413086,165.93630981445312,1,3.200000000000001,2.5465488615120977,0.11892452506551211,True,False,0.9999999999999991,4.7726893820759155,9.999860200547538,False,-0.44999999999999984,2.4507681192052813,36,False,1.6425173788318435,9.510619793373381,0.5833333333333334,12,1.5505777256011968,3.30789914794922,2.2741806642150886,False,4.207997584478236,4.207997584478236,3.3255619312929343,3.0142477280710303,3.0142477280710303,3.9847215288065105,-0.11532799664515937,-0.270601162713034,not_evaluated,,,,False,,,,True,3.445296651105423,2.921687174889054,,True,0.15244809457915665,-7.1758287028308665,,True,-0.07608753662162826,1.5551347479883515,,False,,,,True,0.1428989431983041,-0.2743240052335172,,True,-0.10980704418886944,0.462882081168825,,False,,,,True,-0.17852544814917337,1.3372234888647694,,True,1.6790383699760696,3.196104252174292,,False,,,,
rep_vsf_p3hHVMB,rep,rep_labelled,validation,VSF,Jubilee,rep_vsf_p3hHVMB,https://www.reddit.com/r/RepTimeQC/comments/1u91yef/qc_request_vsf_batgirl_first_qc_any_help/,https://imgur.com/gallery/vsf-batgirl-qc-p3hHVMB,rep/validation/rep_vsf_p3hHVMB/image_07.jpg,1800,1350,b367599ed733b9cfb1c4bc59d68ef22d8b72ea061b278d517fa58adf4f9219ae,db9183c88d216c6c,,Community QC; 12 marker described as slightly counter-clockwise by submitter,acquisition_failed,Minute-track-first acquisition unavailable: minor ticks could not establish a dial ellipse.,acquisition_failed,False,0.0,,,,,,,,,,,,,,,,,,,,,,,,,,,,,,,,,,,,,,,,,,,,,,,,,,,,,,,,,,,,,,,,,,,,,,,,,,,,,,,,,,,,,,,,,,,,,,,
rep_vsf_p3hHVMB,rep,rep_labelled,validation,VSF,Jubilee,rep_vsf_p3hHVMB,https://www.reddit.com/r/RepTimeQC/comments/1u91yef/qc_request_vsf_batgirl_first_qc_any_help/,https://imgur.com/gallery/vsf-batgirl-qc-p3hHVMB,rep/validation/rep_vsf_p3hHVMB/image_08.jpg,1800,1350,66bfd9375dd41e97e78f3495d337ab9b0c10e9e586484a5700f3d42d27b09da0,2f2e0f454503e263,,Community QC; 12 marker described as slightly counter-clockwise by submitter,acquisition_failed,Minute-track-first acquisition unavailable: minor ticks could not establish a dial ellipse.,acquisition_failed,False,0.0,,,,,,,,,,,,,,,,,,,,,,,,,,,,,,,,,,,,,,,,,,,,,,,,,,,,,,,,,,,,,,,,,,,,,,,,,,,,,,,,,,,,,,,,,,,,,,,
rep_vsf_p3hHVMB,rep,rep_labelled,validation,VSF,Jubilee,rep_vsf_p3hHVMB,https://www.reddit.com/r/RepTimeQC/comments/1u91yef/qc_request_vsf_batgirl_first_qc_any_help/,https://imgur.com/gallery/vsf-batgirl-qc-p3hHVMB,rep/validation/rep_vsf_p3hHVMB/image_09.jpg,1800,1350,dfb909bf0b52c9b0276129c784670607b7b729fb8cf472e93ca8eb8f1049bc4d,6e2e0d1517cb6723,,Community QC; 12 marker described as slightly counter-clockwise by submitter,rejected,,minute_track_first,False,0.35,19.551433000936285,261.5939888763428,0.15059380973617909,0.9999999999999969,0.6910965883618924,True,True,2.916903236168208e-05,0.5796239186840417,True,True,802.7211483532715,619.3953857421875,507.6571069335938,538.7188485717775,138.25921630859375,10,2.099999999999998,1.5138845978857947,0.40309776595474894,True,True,1.0124999999999988,2.185039841873887,8.340107983310142,True,-1.100000000000001,1.4232628873604192,36,True,1.7625551978326,4.00246727423262,1.0,12,3.923909833145142,8.371007644042969,5.7550677552795415,False,2.9505345184900116,2.9505345184900116,1.6777723273253329,2.044080876923974,2.044080876923974,2.003983591877084,-0.0654376748810755,-0.09321101302311254,FAIL,170.51633585964964,0.4861111111111111,2,True,-0.004133566637733566,-3.6393821282257766,,True,-0.11356083940148665,-3.600035111228994,,True,-3.1948584936196767,-4.329140999422821,,True,-0.14876445173183583,-4.241001626395602,,True,1.3138186543301913,-2.6759358357737795,5.96388417766272,True,0.015457821459392562,-2.6423086011997388,,False,,,,False,,,,True,-0.26756990799037794,-3.1098936663443655,,False,,,,False,,,,
rep_vsf_sh7PSsh,rep,rep_labelled,calibration,VSF,Jubilee,rep_vsf_sh7PSsh,https://www.reddit.com/r/RepTimeQC/comments/1v7j7ck/first_qc_vsf_v3_batgirl_126710blnr/,https://imgur.com/a/sh7PSsh,rep/calibration/rep_vsf_sh7PSsh/image_00.jpg,768,1020,e2f8a4dbee7c4ed404d892e49b2152196008a5f8562ccd0f482815c6345418ed,0c06323031397074,,VSF V3 community QC set,acquisition_failed,Minute-track-first acquisition unavailable: minor ticks could not establish a dial ellipse.,acquisition_failed,False,0.0,,,,,,,,,,,,,,,,,,,,,,,,,,,,,,,,,,,,,,,,,,,,,,,,,,,,,,,,,,,,,,,,,,,,,,,,,,,,,,,,,,,,,,,,,,,,,,,
rep_vsf_sh7PSsh,rep,rep_labelled,calibration,VSF,Jubilee,rep_vsf_sh7PSsh,https://www.reddit.com/r/RepTimeQC/comments/1v7j7ck/first_qc_vsf_v3_batgirl_126710blnr/,https://imgur.com/a/sh7PSsh,rep/calibration/rep_vsf_sh7PSsh/image_01.jpg,768,1020,f328848a3fe17174141e3992728ade77a6d43d744deeb5ae85c06cc5ab4d833e,05f3e9cd8e5e3187,,VSF V3 community QC set,accepted,,minute_track_first,True,0.8079453396514333,10.984749612018692,194.4080876922608,0.08574646923952989,1.9500000000000006,1.4470526393173513,True,True,2.8915011702144646,0.010472392485964047,False,False,380.56976318359375,536.7305908203125,385.22128509521497,392.41106567382826,11.264531135559082,6,2.1000000000000005,0.7123811665097213,2.265140067911158,True,True,1.007499999999999,0.8649732152244917,2.8437814200508176,True,-0.14999999999999994,0.7290042879824609,36,True,0.6911705808119711,4.210133677162878,0.8333333333333334,12,2.916121315383912,6.221058806152346,4.276977929229737,True,1.635702411043066,0.9818429367269778,0.9818429367269778,1.503668272420292,1.275886396609784,1.275886396609784,-0.0036719151195636363,-0.006015626778400036,not_evaluated,,,,False,,,,True,-0.425529916929861,-3.617565210098106,,False,,,,True,-3.984755685916241,-2.9055524150740086,,True,-3.131378569704509,5.711308201936694,1.9030719570386623,False,,,,True,-3.352156544123318,-2.39596979271558,,False,,,,False,,,,False,,,,False,,,,
rep_vsf_sh7PSsh,rep,rep_labelled,calibration,VSF,Jubilee,rep_vsf_sh7PSsh,https://www.reddit.com/r/RepTimeQC/comments/1v7j7ck/first_qc_vsf_v3_batgirl_126710blnr/,https://imgur.com/a/sh7PSsh,rep/calibration/rep_vsf_sh7PSsh/image_02.jpg,768,1020,caae5d63faf70ff2b82fcd88d49e8b95a7ca667b72ec94124bbfd737d5ad5292,1958386cf0e1073c,,VSF V3 community QC set,rejected,,minute_track_first,False,0.35,45.716975440248355,257.4079394149778,0.32,-0.6499999999999773,4.607684866931876,False,False,1.2816082914900867e-05,0.7333114447959187,False,False,386.4098478314209,491.3533308981323,423.3251914978024,606.3065661621089,76.45909118652344,3,-1.3999999999999773,1.863272430554658,3.5840511967592805,False,True,0.9999999999999991,4.784390402148764,10.0,False,0.75,1.7945920448665926,36,True,1.9326408423700454,3.519884573577648,1.0,12,3.8611190912246673,8.23705406127929,5.662974667129512,False,3.2181112964126934,3.2181112964126934,2.5170837148478165,2.257739587276871,2.257739587276871,2.2996879217220854,0.09999996259595062,0.18500000719859253,not_evaluated,,,,False,,,,False,,,,False,,,,False,,,,False,,,,False,,,,False,,,,False,,,,False,,,,False,,,,False,,,,
rep_vsf_sh7PSsh,rep,rep_labelled,calibration,VSF,Jubilee,rep_vsf_sh7PSsh,https://www.reddit.com/r/RepTimeQC/comments/1v7j7ck/first_qc_vsf_v3_batgirl_126710blnr/,https://imgur.com/a/sh7PSsh,rep/calibration/rep_vsf_sh7PSsh/image_03.jpg,768,1020,42dd49fabd82c0aa8e0ee4c2292fc1fcc9f8525f98f7df88a0497012feaea9af,1ffbc9c9cf871ee0,,VSF V3 community QC set,acquisition_failed,Minute-track-first acquisition unavailable: minor ticks could not establish a dial ellipse.,acquisition_failed,False,0.0,,,,,,,,,,,,,,,,,,,,,,,,,,,,,,,,,,,,,,,,,,,,,,,,,,,,,,,,,,,,,,,,,,,,,,,,,,,,,,,,,,,,,,,,,,,,,,,
rep_vsf_sh7PSsh,rep,rep_labelled,calibration,VSF,Jubilee,rep_vsf_sh7PSsh,https://www.reddit.com/r/RepTimeQC/comments/1v7j7ck/first_qc_vsf_v3_batgirl_126710blnr/,https://imgur.com/a/sh7PSsh,rep/calibration/rep_vsf_sh7PSsh/image_04.jpg,768,1020,d0f28e3fedbaa93aff3a5d3c164cb0f45c8bba7ac2fe15607533444357d815c7,0e7168cc0e0d330f,,VSF V3 community QC set,accepted,,minute_track_first,True,0.7677994984224278,4.509930446099395,195.6145844650269,0.03538434566006837,-0.6999999999999997,0.7116845352719743,True,True,1.6724563858212425e-05,0.32258539111033224,True,False,382.0283508300781,527.688806468811,390.6225523376466,391.83578552246104,175.51510620117188,5,-0.5,0.6612677659570867,0.5122987797623613,True,True,1.002499999999999,0.94865581327203,1.8012545733625192,True,-0.1999999999999997,0.6210197238659585,36,True,0.6019007027916758,3.675246786847298,0.9166666666666666,12,2.934218766975403,6.25966670288086,4.303520858230591,False,1.2088323638039715,1.2088323638039715,1.0823010001800624,1.2128705821170946,1.2128705821170946,1.2828909332963492,0.0021483589984082406,0.004296875368660808,PASS,7.0,0.3385416666666667,3,True,0.06459865120656261,-0.7476444674968219,,True,0.35452436188452197,-0.4603516700100174,,True,0.49076000959557575,0.3977542063208439,,False,,,,True,0.5671304431476187,0.9988396955955992,-0.16584748147315054,True,0.4072292353066871,0.42093428386411613,,False,,,,True,0.26811482593609526,0.985587071212346,0.5877981921902347,True,-0.029245127332274024,0.15344102280355765,,True,-0.4752904549634991,-0.22929787663477086,,True,-0.23792419930896358,-0.5863183152530982,1.6118371855687315,0.04986450281172783
rep_vsf_sh7PSsh,rep,rep_labelled,calibration,VSF,Jubilee,rep_vsf_sh7PSsh,https://www.reddit.com/r/RepTimeQC/comments/1v7j7ck/first_qc_vsf_v3_batgirl_126710blnr/,https://imgur.com/a/sh7PSsh,rep/calibration/rep_vsf_sh7PSsh/image_05.jpg,768,1020,2424c7db73a38cac33680d2c3a763906a1faed719c22f42fd1edf3993382a3b8,810e13334fc88c1e,,VSF V3 community QC set,accepted,,minute_track_first,True,0.7544756968192043,6.767629849564249,105.61994991302493,0.053029331091937894,0.07499999999999402,0.09452517252870857,True,True,1.5695234060439607e-05,0.6409308410835106,True,False,379.5080261230469,494.34527587890625,210.50139289855963,211.9784067535401,2.882798194885254,4,0.19999999999999396,0.5416085649952018,0.2186660574792396,True,True,1.002499999999999,0.22607662848045298,4.725784972162388,True,-0.12499999999999994,0.5291609714150534,36,True,0.5887261770586761,2.7325068779102826,0.75,12,1.5842992486953738,3.3798383972167976,2.323638898086548,False,1.0417054081635007,1.0417054081635007,0.9150162330665419,1.271961277686486,1.271961277686486,1.1922362109443316,0.001718750000000007,-0.001718749999999993,PASS,4.366584614694081,0.46875,3,True,-0.5451766160897478,-0.3120635112421999,,True,-0.14887636475646104,-0.16447934952098509,,True,-0.07731688854141794,0.40402997442682276,,False,,,,True,-0.5079488680987652,1.0841024336864846,-1.7452717111297602,True,-0.4093856452709588,-0.15430950316024372,,False,,,,True,-0.4766753918358404,1.0505043017655646,1.5705758324915564,True,-0.6188585380564859,0.03590650452979238,,False,,,,True,-0.8230229566287335,-0.3134625188957907,0.7186007198103681,-0.007706101724694325
rep_vsf_sh7PSsh,rep,rep_labelled,calibration,VSF,Jubilee,rep_vsf_sh7PSsh,https://www.reddit.com/r/RepTimeQC/comments/1v7j7ck/first_qc_vsf_v3_batgirl_126710blnr/,https://imgur.com/a/sh7PSsh,rep/calibration/rep_vsf_sh7PSsh/image_06.jpg,768,1020,36917aa33dfb1b62437275f7f7fae47160c5e06ad4f0b7f18be20d066fd90008,6535721b1b69cc0c,,VSF V3 community QC set,acquisition_failed,Minute-track-first acquisition unavailable: minor ticks could not establish a dial ellipse.,acquisition_failed,False,0.0,,,,,,,,,,,,,,,,,,,,,,,,,,,,,,,,,,,,,,,,,,,,,,,,,,,,,,,,,,,,,,,,,,,,,,,,,,,,,,,,,,,,,,,,,,,,,,,
rep_vsf_sh7PSsh,rep,rep_labelled,calibration,VSF,Jubilee,rep_vsf_sh7PSsh,https://www.reddit.com/r/RepTimeQC/comments/1v7j7ck/first_qc_vsf_v3_batgirl_126710blnr/,https://imgur.com/a/sh7PSsh,rep/calibration/rep_vsf_sh7PSsh/image_07.jpg,768,1020,aad131352029e0acc78c4bb6659249b36cbd05c288c9f43084fb507da58d7ddc,0f7b6d67321e0104,,VSF V3 community QC set,rejected,,minute_track_first,False,0.35,27.93638675079862,127.34499040603622,0.21082093725072934,-4.025000000000023,2.477858492035827,True,False,1.4822976821302925e-05,0.7453978629614744,False,False,420.7497863769531,809.6279907226562,238.93210441589326,270.4478572082516,73.81190490722656,1,-4.100000000000023,1.333788081137158,2.5617142923805636,True,False,0.9999999999999991,3.4670461287558436,6.367263266016084,False,0.07500000000000005,1.3206586605456339,36,False,2.442485915382368,6.291594698587485,0.5,12,1.9101748560905432,4.075039692993159,2.8015897889327968,False,3.030534057836605,3.030534057836605,2.491855671806044,3.1035239149663094,3.1035239149663094,3.2068184322700866,0.023593125249270645,0.1977728127492706,not_evaluated,,,,True,-0.034543137937646406,-0.026789557587680868,,False,,,,False,,,,False,,,,True,1.4719178645320312,1.3330534906677016,9.036706700068066,False,,,,True,0.24199633747815597,-1.7334592133163795,,False,,,,True,-0.08480647062765456,2.3141223504931197,,False,,,,False,,,,
rep_vsf_sh7PSsh,rep,rep_labelled,calibration,VSF,Jubilee,rep_vsf_sh7PSsh,https://www.reddit.com/r/RepTimeQC/comments/1v7j7ck/first_qc_vsf_v3_batgirl_126710blnr/,https://imgur.com/a/sh7PSsh,rep/calibration/rep_vsf_sh7PSsh/image_08.jpg,768,1020,4e93db5e7f5699c090cd760f0bfbdb3d32c95589b964b59c78c4b921b002cc64,4402614f3b308786,,VSF V3 community QC set,acquisition_failed,Minute-track-first acquisition unavailable: minor ticks could not establish a dial ellipse.,acquisition_failed,False,0.0,,,,,,,,,,,,,,,,,,,,,,,,,,,,,,,,,,,,,,,,,,,,,,,,,,,,,,,,,,,,,,,,,,,,,,,,,,,,,,,,,,,,,,,,,,,,,,,
rep_vsf_sh7PSsh,rep,rep_labelled,calibration,VSF,Jubilee,rep_vsf_sh7PSsh,https://www.reddit.com/r/RepTimeQC/comments/1v7j7ck/first_qc_vsf_v3_batgirl_126710blnr/,https://imgur.com/a/sh7PSsh,rep/calibration/rep_vsf_sh7PSsh/image_09.jpg,768,1020,e903878ead5824d3ea8e3acdaf823ce5a139f08bfe795702ae6917b3a0179c5d,4cc6e5d339357a2f,,VSF V3 community QC set,rejected,,minute_track_first,False,0.08468704181611059,39.729889808374196,111.03711307525629,0.2876260983881124,-3.7250000000000014,3.055061507312761,True,False,32.08757803106509,0.6149036721337393,False,False,406.28483807556154,576.0970283795166,193.0846723937987,251.0637799072264,8.76412296295166,1,-2.5,6.306790860869347,0.05559337831230501,True,False,0.9999999999999991,6.918094920834653,10.0,False,-1.2250000000000014,2.1323889377705307,36,False,2.9402270219509647,9.923510235905228,0.5,12,1.6655566961288442,3.5531876184082014,2.442816487655638,True,5.1211057992269025,3.6900746529834465,3.6900746529834465,4.164045009498643,3.866112764048492,3.866112764048492,-0.27301658376867477,-0.283329339557104,not_evaluated,,,,False,,,,True,-0.048034312387358113,7.671226407405762,,True,-0.9753333169996381,-0.3992801299601889,,False,,,,True,-2.5142075357028375,-5.273187816977565,,True,-0.5904309439201256,7.723817787958986,,False,,,,False,,,,True,-2.6690399395919258,4.083357966086876,,True,-0.21273022022796795,-0.6306990185565797,,True,-0.4698219369828962,0.7904973178819774,,3.3985154746088457
rep_vsf_GKJDidL,rep,rep_labelled,calibration,VSF,Jubilee,rep_vsf_GKJDidL,https://www.reddit.com/r/RepTimeQC/comments/1t81a98/vsf_batgirl/,https://imgur.com/a/GKJDidL,rep/calibration/rep_vsf_GKJDidL/image_00.jpg,1800,1350,bf755a5aa337b6fb0a094bb4caab4b0a92422a22a03b335216e54730620f6504,cb8b1f8f960c090d,,Community consensus broadly GL; useful near-clean replica control,accepted,,minute_track_first,True,0.9384668392470725,4.818738180227867,285.24713504791214,0.0378016806630242,2.049999999999993,1.9657044996544082,True,True,2.5402145412870518e-05,0.012524581665411585,False,False,819.5394287109375,585.6652221679688,569.4842619323722,571.5042782592765,153.9081573486328,8,0.39999999999999325,0.8609879094535167,0.3190925168035755,True,True,0.9999999999999991,4.866333925253237,6.582245931773662,True,1.65,0.8141439042713496,36,True,0.7724354785419583,1.5146421033007846,1.0,12,4.278707025718682,9.127908321533189,6.2754369710540665,False,2.335609399306458,2.335609399306458,2.0899701633275196,1.01690923585907,1.01690923585907,0.9859868551720607,-0.03289062719949496,0.007734428254093991,not_evaluated,,,,False,,,,False,,,,False,,,,True,0.4956029859906721,-7.9043776722522825,,True,0.6483194558925334,-4.72105614929248,-1.5471182082803807,False,,,,False,,,,True,-0.41464620219471726,-5.440474410922668,-0.08822974416392526,False,,,,False,,,,False,,,,
rep_vsf_GKJDidL,rep,rep_labelled,calibration,VSF,Jubilee,rep_vsf_GKJDidL,https://www.reddit.com/r/RepTimeQC/comments/1t81a98/vsf_batgirl/,https://imgur.com/a/GKJDidL,rep/calibration/rep_vsf_GKJDidL/image_01.jpg,1800,1350,cf37d33d42f7a0064d769020fa067eec93f707fb7f11edbd6133e78674cdef28,a7170f8e8e0d290d,,Community consensus broadly GL; useful near-clean replica control,accepted,,minute_track_first,True,0.797097469683961,13.760837451950342,226.2555712127686,0.10704132750020767,0.37499999999999367,0.37664137952206406,True,True,1.2022501334147544,0.07314295115729032,False,False,806.5687255859375,610.2142333984375,445.92239196777354,459.09989288330087,143.69985961914062,9,0.2999999999999936,0.9463724742091392,0.4952473692150885,True,True,1.002499999999999,0.8343217160660903,5.493333753473646,True,0.07500000000000005,0.7565978932120558,36,True,1.14660986345088,2.8214308096981293,1.0,12,3.393833568191529,7.240178278808595,4.977622566680909,True,1.6290935134059148,1.3139904267938005,1.3139904267938005,1.6402920005010937,1.3846506591398133,1.3846506591398133,-0.003867187499999993,-0.005156249999999993,not_evaluated,,,,True,3.2912404631227865,3.532319783008653,,True,0.7095419126867739,2.3608338762851955,,False,,,,False,,,,False,,,,True,3.368029742821335,0.9024933615435549,,True,3.8272922771588185,-2.7924416458901313,,False,,,,True,3.204727170631884,1.0724385081127386,,True,2.8431323731865064,0.958641400059046,,True,3.809614919576428,3.7337407082439267,-5.179561242830459,3.280523229785183
rep_vsf_GKJDidL,rep,rep_labelled,calibration,VSF,Jubilee,rep_vsf_GKJDidL,https://www.reddit.com/r/RepTimeQC/comments/1t81a98/vsf_batgirl/,https://imgur.com/a/GKJDidL,rep/calibration/rep_vsf_GKJDidL/image_02.jpg,1800,1350,9ef96be1f6494b4e6f0fe4bbc549e908edbbc1afc97917a417b349b342f0de18,6963370948310b09,,Community consensus broadly GL; useful near-clean replica control,rejected,,minute_track_first,False,0.35,18.382984345180777,52.03889977455141,0.14191525196634872,-1.300000000000023,3.635617639521479,False,False,6.269535227385579,1.5886777668351093,False,False,825.7555541992188,567.3272705078125,101.35270835876469,106.80289073944095,81.07347106933594,4,-0.6000000000000227,1.0954234871257587,0.15902944328293397,True,False,1.002499999999999,1.568439464595261,5.373122979513082,False,-0.7000000000000002,0.9844924112863671,36,False,1.8585660759329041,6.625765760278592,0.5833333333333334,12,1.5,3.0,2.0,True,2.308139714090766,1.6865193505675724,1.6865193505675724,2.705676396847879,2.5343725065772427,2.5343725065772427,0.13504025196634872,0.14191525196634872,not_evaluated,,,,True,0.5576874490024473,2.2630613081922046,,True,0.37788491647242495,-1.6405780978842377,,False,,,,False,,,,False,,,,True,-0.4135065969257994,4.712026136366665,,True,0.3372509594219082,-5.48345583062817,,True,-0.23326971985886757,-4.5287144045796595,,True,0.1473616108185638,-0.41419229422948733,,True,-0.06065165311900955,1.31272623583909,,False,,,,
rep_vsf_GKJDidL,rep,rep_labelled,calibration,VSF,Jubilee,rep_vsf_GKJDidL,https://www.reddit.com/r/RepTimeQC/comments/1t81a98/vsf_batgirl/,https://imgur.com/a/GKJDidL,rep/calibration/rep_vsf_GKJDidL/image_03.jpg,1800,1350,2f53d2b2642b9020d67a2c6c396c5d2af7a2afc6e2f9631c5d69bb850ceccb82,292b370568210b09,,Community consensus broadly GL; useful near-clean replica control,acquisition_failed,Minute-track-first acquisition unavailable: no stable approximate dial centre was found.,acquisition_failed,False,0.0,,,,,,,,,,,,,,,,,,,,,,,,,,,,,,,,,,,,,,,,,,,,,,,,,,,,,,,,,,,,,,,,,,,,,,,,,,,,,,,,,,,,,,,,,,,,,,,
rep_vsf_GKJDidL,rep,rep_labelled,calibration,VSF,Jubilee,rep_vsf_GKJDidL,https://www.reddit.com/r/RepTimeQC/comments/1t81a98/vsf_batgirl/,https://imgur.com/a/GKJDidL,rep/calibration/rep_vsf_GKJDidL/image_04.jpg,1800,1350,0356f0cc53a3f67e5453d111d7616a0893e80b1053471d21381d6af1e4c6b2d2,b7360d0900210b18,,Community consensus broadly GL; useful near-clean replica control,acquisition_failed,Minute-track-first acquisition unavailable: minor ticks could not establish a dial ellipse.,acquisition_failed,False,0.0,,,,,,,,,,,,,,,,,,,,,,,,,,,,,,,,,,,,,,,,,,,,,,,,,,,,,,,,,,,,,,,,,,,,,,,,,,,,,,,,,,,,,,,,,,,,,,,
rep_vsf_GKJDidL,rep,rep_labelled,calibration,VSF,Jubilee,rep_vsf_GKJDidL,https://www.reddit.com/r/RepTimeQC/comments/1t81a98/vsf_batgirl/,https://imgur.com/a/GKJDidL,rep/calibration/rep_vsf_GKJDidL/image_05.jpg,1800,1350,01f805f1f72e8619f8f76330075e460fcf470f445553f01c3a631fa62ae1f904,96361d0908210b08,,Community consensus broadly GL; useful near-clean replica control,acquisition_failed,Minute-track-first acquisition unavailable: minor ticks could not establish a dial ellipse.,acquisition_failed,False,0.0,,,,,,,,,,,,,,,,,,,,,,,,,,,,,,,,,,,,,,,,,,,,,,,,,,,,,,,,,,,,,,,,,,,,,,,,,,,,,,,,,,,,,,,,,,,,,,,
rep_vsf_GKJDidL,rep,rep_labelled,calibration,VSF,Jubilee,rep_vsf_GKJDidL,https://www.reddit.com/r/RepTimeQC/comments/1t81a98/vsf_batgirl/,https://imgur.com/a/GKJDidL,rep/calibration/rep_vsf_GKJDidL/image_06.jpg,1800,1350,d9bbf4108b5325a5c19b558cbad4038e7b56c1441b1248c57887828153a7411b,931b0f273624230a,,Community consensus broadly GL; useful near-clean replica control,acquisition_failed,Minute-track-first acquisition unavailable: minor ticks could not establish a dial ellipse.,acquisition_failed,False,0.0,,,,,,,,,,,,,,,,,,,,,,,,,,,,,,,,,,,,,,,,,,,,,,,,,,,,,,,,,,,,,,,,,,,,,,,,,,,,,,,,,,,,,,,,,,,,,,,
rep_vsf_GKJDidL,rep,rep_labelled,calibration,VSF,Jubilee,rep_vsf_GKJDidL,https://www.reddit.com/r/RepTimeQC/comments/1t81a98/vsf_batgirl/,https://imgur.com/a/GKJDidL,rep/calibration/rep_vsf_GKJDidL/image_07.jpg,1800,1350,187ba41c0e66a6d0d267151676ed3667799973982d3cd9e49d77b43d6d0fd5da,de97a7999b23130a,,Community consensus broadly GL; useful near-clean replica control,acquisition_failed,Minute-track-first acquisition unavailable: minor ticks could not establish a dial ellipse.,acquisition_failed,False,0.0,,,,,,,,,,,,,,,,,,,,,,,,,,,,,,,,,,,,,,,,,,,,,,,,,,,,,,,,,,,,,,,,,,,,,,,,,,,,,,,,,,,,,,,,,,,,,,,
rep_vsf_GKJDidL,rep,rep_labelled,calibration,VSF,Jubilee,rep_vsf_GKJDidL,https://www.reddit.com/r/RepTimeQC/comments/1t81a98/vsf_batgirl/,https://imgur.com/a/GKJDidL,rep/calibration/rep_vsf_GKJDidL/image_08.jpg,1800,1350,ade00fa6bf9c900f23c62af861ab9aa8a68e0a542bdeeee304d2d4212087a81a,c78f4b4b4b030706,,Community consensus broadly GL; useful near-clean replica control,rejected,,minute_track_first,False,0.3004828175338375,25.8281950399982,188.37977539062484,0.19605334057910528,0.04999999999999081,3.548505437395569,False,False,7.730447635973831,1.4313621753536545,False,False,874.537799921875,575.440143671875,356.95190917968716,396.56719238281215,152.0539093017578,2,0.09999999999999076,3.4657704781302305,2.327290902955368,True,False,0.9999999999999991,10.0,10.0,False,-0.049999999999999954,3.2824625569336296,36,False,3.5058020582346345,4.002329176462998,0.9166666666666666,12,2.8256966308593725,6.028152812499995,4.144355058593746,True,4.985662116850108,4.720533523056943,4.720533523056943,3.81688492445021,3.5807160078954348,3.5807160078954348,-0.016483189953136197,-0.05648295993890742,not_evaluated,,,,False,,,,False,,,,True,3.4100111708431626,-0.8734562348381214,,False,,,,False,,,,True,0.38372667133964455,6.1177293619065765,,True,0.256511435774911,-0.35343296703781446,,True,0.2423919495134328,-0.3452643452740656,,True,0.6321964659090895,2.725082492539155,,True,-0.4675087451101376,-0.6150443750025381,,False,,,,
rep_vsf_GKJDidL,rep,rep_labelled,calibration,VSF,Jubilee,rep_vsf_GKJDidL,https://www.reddit.com/r/RepTimeQC/comments/1t81a98/vsf_batgirl/,https://imgur.com/a/GKJDidL,rep/calibration/rep_vsf_GKJDidL/image_09.jpg,1800,1350,a29a3c6f122cdcddc302a2ef276ecd936279327e3c9640e883815965d5e0d0d7,0f2f4b33130ba2d3,,Community consensus broadly GL; useful near-clean replica control,acquisition_failed,Minute-track-first acquisition unavailable: minor ticks could not establish a dial ellipse.,acquisition_failed,False,0.0,,,,,,,,,,,,,,,,,,,,,,,,,,,,,,,,,,,,,,,,,,,,,,,,,,,,,,,,,,,,,,,,,,,,,,,,,,,,,,,,,,,,,,,,,,,,,,,
rep_vsf_BXiTXD1,rep,rep_labelled,validation,VSF,Jubilee,rep_vsf_BXiTXD1,https://www.reddit.com/r/RepTimeQC/comments/1t9ul62/2nd_try_vsf_batgirl/,https://imgur.com/a/BXiTXD1,rep/validation/rep_vsf_BXiTXD1/image_00.jpg,1800,1350,c2da52a82cd2da1f944fe5bf26e667c4291c9ca65900f4a8c0de8c0a173d5b20,cb0b170f960c090d,rep_vsf_GKJDidL/image_00.jpg,Second independent VSF QC watch,rejected,,minute_track_first,False,0.35,5.78314222938479,248.7422021484376,0.04534360894241027,-0.2749999999999886,0.39553039390352224,True,False,1.8599151711274568e-05,0.008469465755630092,False,False,812.7217407226562,609.494873046875,496.2151757812502,498.7536328125002,151.8948974609375,8,-0.19999999999998863,1.0053593510555756,0.3207426027038427,True,True,1.0199999999999987,0.6938040371216359,4.347606051855001,True,-0.07499999999999996,0.9778835786877474,36,False,0.8908483427481491,9.998488447281584,0.75,12,3.731133032226564,7.959750468750003,5.472328447265627,False,2.9331951057987715,2.9331951057987715,2.1452291425856447,2.716726512276099,2.716726512276099,3.4455688665487103,0.0,-0.0107421875,not_evaluated,,,,True,-0.52356320500121,1.1879433113537563,,True,-0.6340781872184493,1.1741769437096372,,True,-0.1313303425012009,0.02760221398397933,,True,0.4217283841073254,0.9154769676846364,,True,0.7275651848392783,0.2994069153436141,0.07341805218887032,True,0.5789454785051475,-0.020340042700361938,,True,0.44761619200318137,0.31695066982225795,,True,0.38915945677018726,1.093626539743997,0.39618520039752525,True,-0.09029774420662307,0.9577954636174946,,True,-0.114014199353619,1.7180446337433986,,True,-0.9143847867443924,0.6983465103376663,10.733266238098054,3.39991636252259
rep_vsf_BXiTXD1,rep,rep_labelled,validation,VSF,Jubilee,rep_vsf_BXiTXD1,https://www.reddit.com/r/RepTimeQC/comments/1t9ul62/2nd_try_vsf_batgirl/,https://imgur.com/a/BXiTXD1,rep/validation/rep_vsf_BXiTXD1/image_01.jpg,1800,1350,876b08c1e97c5ea1c3d9f7270656638f42bc5917508054b7e4d4451cb698654f,b7171e8e8c0c290d,,Second independent VSF QC watch,accepted,,minute_track_first,True,0.7514462732764023,7.6763453927762475,224.24180526733403,0.0601096706212184,2.0249999999999946,1.7694253836799156,True,True,2.393218334576141e-05,1.0926447027317254,True,False,806.7118530273438,613.175537109375,446.46500732421885,450.5022137451173,140.73391723632812,7,1.9999999999999947,0.7243637143878573,1.744453022864125,True,True,1.0249999999999986,0.9967909010973812,5.674689968465332,True,0.02500000000000005,0.7114198243212686,36,True,1.0671002254283646,1.9397522886606444,1.0,12,3.3636270790100102,7.175737768554689,4.933319715881348,False,2.6329905708752173,2.6329905708752173,1.2979625802972998,1.0749071068145815,1.0749071068145815,1.1024536841658292,-0.012890484821295454,-0.0004296824588594153,PASS,22.121461800970415,0.328125,3,True,-0.11604473825434525,1.1970166258687187,,True,0.7635218604141087,-0.6906822135523516,,True,1.1495904978983589,3.8177789866795986,,True,0.24519512493671414,-2.102487323658764,,False,,,,True,0.19785689910574433,0.5658104341396131,,True,0.08936347860657179,-2.7259920664999604,,False,,,,True,-0.6138784157399186,0.9390355483601676,,True,-0.6344133978035984,-0.29277134685004036,,False,,,,
rep_vsf_BXiTXD1,rep,rep_labelled,validation,VSF,Jubilee,rep_vsf_BXiTXD1,https://www.reddit.com/r/RepTimeQC/comments/1t9ul62/2nd_try_vsf_batgirl/,https://imgur.com/a/BXiTXD1,rep/validation/rep_vsf_BXiTXD1/image_02.jpg,1800,1350,476ca82d7c8299450947d2c067607079864f7f0d2ab3bfbcbba0083db0c43a34,692b320548306909,,Second independent VSF QC watch,acquisition_failed,Minute-track-first acquisition unavailable: no stable approximate dial centre was found.,acquisition_failed,False,0.0,,,,,,,,,,,,,,,,,,,,,,,,,,,,,,,,,,,,,,,,,,,,,,,,,,,,,,,,,,,,,,,,,,,,,,,,,,,,,,,,,,,,,,,,,,,,,,,
rep_vsf_BXiTXD1,rep,rep_labelled,validation,VSF,Jubilee,rep_vsf_BXiTXD1,https://www.reddit.com/r/RepTimeQC/comments/1t9ul62/2nd_try_vsf_batgirl/,https://imgur.com/a/BXiTXD1,rep/validation/rep_vsf_BXiTXD1/image_03.jpg,1800,1350,a6efbb5790da0cf384c44b912852d09960d324684ef0442d2e4ed2cf8a6866aa,696b260548306909,rep_vsf_BXiTXD1/image_02.jpg,Second independent VSF QC watch,acquisition_failed,Minute-track-first acquisition unavailable: no stable approximate dial centre was found.,acquisition_failed,False,0.0,,,,,,,,,,,,,,,,,,,,,,,,,,,,,,,,,,,,,,,,,,,,,,,,,,,,,,,,,,,,,,,,,,,,,,,,,,,,,,,,,,,,,,,,,,,,,,,
rep_vsf_BXiTXD1,rep,rep_labelled,validation,VSF,Jubilee,rep_vsf_BXiTXD1,https://www.reddit.com/r/RepTimeQC/comments/1t9ul62/2nd_try_vsf_batgirl/,https://imgur.com/a/BXiTXD1,rep/validation/rep_vsf_BXiTXD1/image_04.jpg,1800,1350,f8beddfd6866a832bcd3c7f76504e1d6f345606c76b65de9526d711fb836e209,97160c0d90202909,,Second independent VSF QC watch,rejected,,minute_track_first,False,0.26967975333021066,41.939361071934535,50.51712107658388,0.3007546763457724,-7.550000000000011,2.2592672891044785,True,False,9.309541694546784,1.3935240551079613,False,False,1064.9091796875,938.5648803710938,86.1937330245972,115.87475128173831,64.0223388671875,1,-8.800000000000011,1.0839571128020555,3.4112449336190838,False,False,0.9749999999999996,2.0003661249976936,6.019109849800307,False,1.25,0.9298665879057932,36,False,2.674990365329889,6.381400707479373,0.4166666666666667,12,1.5,3.0,2.0,True,2.7341680948650806,2.1133888047397167,2.1133888047397167,3.354673897936395,2.8318061066676097,2.8318061066676097,0.29155001115422763,0.08889376115422762,not_evaluated,,,,False,,,,False,,,,False,,,,False,,,,False,,,,False,,,,False,,,,False,,,,False,,,,False,,,,False,,,,
rep_vsf_BXiTXD1,rep,rep_labelled,validation,VSF,Jubilee,rep_vsf_BXiTXD1,https://www.reddit.com/r/RepTimeQC/comments/1t9ul62/2nd_try_vsf_batgirl/,https://imgur.com/a/BXiTXD1,rep/validation/rep_vsf_BXiTXD1/image_05.jpg,1800,1350,48e397d32c1c4974d81ef2123479f870c222bbec3f03481d3544f57be1a2f4c8,9317160d88002909,,Second independent VSF QC watch,acquisition_failed,Minute-track-first acquisition unavailable: minor ticks could not establish a dial ellipse.,acquisition_failed,False,0.0,,,,,,,,,,,,,,,,,,,,,,,,,,,,,,,,,,,,,,,,,,,,,,,,,,,,,,,,,,,,,,,,,,,,,,,,,,,,,,,,,,,,,,,,,,,,,,,
rep_vsf_BXiTXD1,rep,rep_labelled,validation,VSF,Jubilee,rep_vsf_BXiTXD1,https://www.reddit.com/r/RepTimeQC/comments/1t9ul62/2nd_try_vsf_batgirl/,https://imgur.com/a/BXiTXD1,rep/validation/rep_vsf_BXiTXD1/image_06.jpg,1800,1350,f88e1bcf630434ebe8bc45d08d0df295bfaf604fc55649fbb2a0d5fe3bcfd100,939b0b27b6342909,,Second independent VSF QC watch,rejected,,minute_track_first,False,0.35,31.43371075811263,130.3031754302978,0.2346802829804318,3.000000000000001,0.27008025207477754,True,False,2.443588376508295e-05,1.8224532088621936,False,False,697.0247922131348,559.3389222528076,239.96928649902335,281.24341522216787,163.14805603027344,1,3.1000000000000005,2.586492763575511,0.3581750315258342,True,False,0.9999999999999991,5.8707271225103685,10.0,False,-0.09999999999999973,2.5187618803114127,36,False,3.679488622751915,10.0,0.4166666666666667,12,1.9545476314544672,4.16970161376953,2.8666698594665516,False,4.7235104487670885,4.7235104487670885,4.4150112121797465,4.604622735257512,4.604622735257512,4.988189712510933,0.11391321982152013,0.019069480030566337,not_evaluated,,,,True,-0.21740832364992002,-2.0633952269194067,,True,-1.1317484062163317,0.6500230303249865,,True,-3.589601662329642,-4.646319545773691,,True,-0.18192039438474694,6.476558184083991,,False,,,,True,0.31037773408979774,7.246485215162424,,False,,,,False,,,,True,-0.3702772132751875,-4.559312648774494,,True,0.05000572605456455,-1.5717441238149554,,False,,,,
rep_vsf_BXiTXD1,rep,rep_labelled,validation,VSF,Jubilee,rep_vsf_BXiTXD1,https://www.reddit.com/r/RepTimeQC/comments/1t9ul62/2nd_try_vsf_batgirl/,https://imgur.com/a/BXiTXD1,rep/validation/rep_vsf_BXiTXD1/image_07.jpg,1800,1350,a731f886be73614450eadadfb0a60a2405dc7a1455a4794830acd34a95b35b3a,ca978799d9706909,,Second independent VSF QC watch,acquisition_failed,Minute-track-first acquisition unavailable: minor ticks could not establish a dial ellipse.,acquisition_failed,False,0.0,,,,,,,,,,,,,,,,,,,,,,,,,,,,,,,,,,,,,,,,,,,,,,,,,,,,,,,,,,,,,,,,,,,,,,,,,,,,,,,,,,,,,,,,,,,,,,,
rep_vsf_BXiTXD1,rep,rep_labelled,validation,VSF,Jubilee,rep_vsf_BXiTXD1,https://www.reddit.com/r/RepTimeQC/comments/1t9ul62/2nd_try_vsf_batgirl/,https://imgur.com/a/BXiTXD1,rep/validation/rep_vsf_BXiTXD1/image_08.jpg,1800,1350,ae55242af7d906f69d6614c438d3af95202a8f7a6403969eeb85a7721ed00463,472f4f0921230292,,Second independent VSF QC watch,acquisition_failed,Minute-track-first acquisition unavailable: minor ticks could not establish a dial ellipse.,acquisition_failed,False,0.0,,,,,,,,,,,,,,,,,,,,,,,,,,,,,,,,,,,,,,,,,,,,,,,,,,,,,,,,,,,,,,,,,,,,,,,,,,,,,,,,,,,,,,,,,,,,,,,
rep_vsf_HCz9EAj,rep,rep_labelled,calibration,VSF,Jubilee,rep_vsf_HCz9EAj,https://www.reddit.com/r/RepTimeQC/comments/1tzi8cc/qc_3rd_purchase_1st_gmt_vsf_rolex_gmtmaster_ii/,https://imgur.com/a/HCz9EAj,rep/calibration/rep_vsf_HCz9EAj/image_00.jpg,1355,1800,74fa424816e4bffa6842e853c153c88316bdbe5d3909ea9e1e389a2e02c6dbe2,21626261b13838a3,,Community QC; largely clean indices per thread,rejected,,minute_track_first,False,0.35,41.55176920820577,174.58956470489488,0.2984834211501905,6.649999999999992,0.9759848983448275,True,False,2.7137755368109138e-05,1.5039559002746004,False,False,571.112060546875,607.2427978515625,298.9213160705564,399.4369427490231,162.11985778808594,1,6.5999999999999925,1.635032036096455,0.9355087606154304,True,False,0.9999999999999991,4.91428625607416,9.218951102933731,False,0.05000000000000005,1.6255822628341208,36,False,2.986124680671689,9.398314032941038,0.75,12,2.6188434705734234,5.586866070556637,3.840970423507687,False,3.996305311198957,3.996305311198957,3.438518000595258,3.2563217953581547,3.2563217953581547,3.883734711955252,-0.06430373170354667,-0.23848349657969106,not_evaluated,,,,True,-0.892192613823056,3.3395281331734084,,True,-2.961781691694455,-4.657378856295836,,True,-0.6555872945718875,-5.569978693947553,,False,,,,False,,,,False,,,,False,,,,True,2.1071719537758327,3.194272801800968,,True,-0.31345627882217286,-0.9443956191373393,,False,,,,False,,,,
rep_vsf_HCz9EAj,rep,rep_labelled,calibration,VSF,Jubilee,rep_vsf_HCz9EAj,https://www.reddit.com/r/RepTimeQC/comments/1tzi8cc/qc_3rd_purchase_1st_gmt_vsf_rolex_gmtmaster_ii/,https://imgur.com/a/HCz9EAj,rep/calibration/rep_vsf_HCz9EAj/image_01.jpg,1355,1800,69badae55989d647c86232e40b3e1874db8b682b2e417126e829b6ba74e77ebd,000207310dc8d0c8,,Community QC; largely clean indices per thread,accepted,,minute_track_first,True,0.7277376232331958,6.639655608291638,187.4360068893431,0.05203109564669192,-1.1249999999999998,1.5537036189598128,True,True,6.654382233019993,0.01993355626011224,False,False,555.3109130859375,723.2562255859375,373.6106462097165,376.1333813476559,158.194580078125,8,-2.0,1.010750674848351,2.1225981703365937,True,True,0.9999999999999991,3.654391267732113,4.5595622940593525,True,0.8750000000000002,0.9325566096042566,36,True,0.9714514815359527,1.2328221682679048,1.0,12,2.8115401033401466,5.99795222045898,4.123592151565548,True,2.1674288718256265,1.900553585966537,1.900553585966537,1.1381572869631371,1.004682804634738,1.004682804634738,0.001718750000000007,0.02042968750000001,not_evaluated,,,,True,1.1133857128357008,-7.534889206002071,,True,1.71297916686256,-7.72194380495802,,True,1.6742181369815228,-6.953838939939105,,True,1.2383792474762743,-6.967876015432761,,True,0.17799070316021925,-3.8144421547876672,-0.8359926292042132,True,-0.44437290959308484,-7.5279950824272195,,True,-0.7248793068432065,-7.819171130099745,,True,-0.9375602498532203,-4.33378084813083,-0.9806739805195832,False,,,,True,0.7240636717808115,-7.736781347733002,,True,0.9379116100427041,-7.736514085780111,-3.8047170156486345,-8.76471779818525
rep_vsf_HCz9EAj,rep,rep_labelled,calibration,VSF,Jubilee,rep_vsf_HCz9EAj,https://www.reddit.com/r/RepTimeQC/comments/1tzi8cc/qc_3rd_purchase_1st_gmt_vsf_rolex_gmtmaster_ii/,https://imgur.com/a/HCz9EAj,rep/calibration/rep_vsf_HCz9EAj/image_02.jpg,1355,1800,d2e3d3a3540886a0ca3dac68f75aba821339fe5bc4d0136f06ce6bb6dbb3ee6f,42c18d8e8cf9c3c1,,Community QC; largely clean indices per thread,accepted,,minute_track_first,True,0.9083271200823915,4.073038860829673,348.57605834960907,0.031962636023623606,1.4499999999999993,1.400678909664417,True,True,3.1518849882447586e-05,0.001409986844030567,False,False,632.9814453125,974.1535034179688,696.2706106567377,698.0336227416987,159.97259521484375,7,2.6999999999999993,1.4310003416850394,2.6484129847034827,True,True,0.9999999999999991,4.161312709568086,6.032067885114146,True,-1.25,1.3715439207026763,36,True,1.3088261061494655,4.733284941324494,1.0,12,5.228640875244136,11.15443386718749,7.668673283691399,False,2.6856859493296388,2.6856859493296388,2.5037005195974924,1.8863224147202702,1.8863224147202702,2.14019861988587,-0.009453121025558326,0.0042967875556894795,not_evaluated,,,,False,,,,False,,,,False,,,,False,,,,True,-3.478770720032003,-2.7460120865716475,-0.2739952042727509,False,,,,False,,,,True,-3.056765434954798,-2.36202573336064,-0.41728047061479856,False,,,,False,,,,False,,,,
rep_vsf_HCz9EAj,rep,rep_labelled,calibration,VSF,Jubilee,rep_vsf_HCz9EAj,https://www.reddit.com/r/RepTimeQC/comments/1tzi8cc/qc_3rd_purchase_1st_gmt_vsf_rolex_gmtmaster_ii/,https://imgur.com/a/HCz9EAj,rep/calibration/rep_vsf_HCz9EAj/image_03.jpg,1355,1800,f825f382835ed79725ee11f2e55c524315a1332dcb1a983e9e289d7392872caf,00020f130fa8c7c6,,Community QC; largely clean indices per thread,acquisition_failed,Minute-track-first acquisition unavailable: minor ticks could not establish a dial ellipse.,acquisition_failed,False,0.0,,,,,,,,,,,,,,,,,,,,,,,,,,,,,,,,,,,,,,,,,,,,,,,,,,,,,,,,,,,,,,,,,,,,,,,,,,,,,,,,,,,,,,,,,,,,,,,
rep_vsf_HCz9EAj,rep,rep_labelled,calibration,VSF,Jubilee,rep_vsf_HCz9EAj,https://www.reddit.com/r/RepTimeQC/comments/1tzi8cc/qc_3rd_purchase_1st_gmt_vsf_rolex_gmtmaster_ii/,https://imgur.com/a/HCz9EAj,rep/calibration/rep_vsf_HCz9EAj/image_04.jpg,1355,1800,b3a8fcd96debd65ef2b7f11b34f8b7ac3c990e928eb68f8fc0631e952da7f8c0,0bce9b3360e18680,,Community QC; largely clean indices per thread,acquisition_failed,Minute-track-first acquisition unavailable: minor ticks could not establish a dial ellipse.,acquisition_failed,False,0.0,,,,,,,,,,,,,,,,,,,,,,,,,,,,,,,,,,,,,,,,,,,,,,,,,,,,,,,,,,,,,,,,,,,,,,,,,,,,,,,,,,,,,,,,,,,,,,,
rep_vsf_HCz9EAj,rep,rep_labelled,calibration,VSF,Jubilee,rep_vsf_HCz9EAj,https://www.reddit.com/r/RepTimeQC/comments/1tzi8cc/qc_3rd_purchase_1st_gmt_vsf_rolex_gmtmaster_ii/,https://imgur.com/a/HCz9EAj,rep/calibration/rep_vsf_HCz9EAj/image_05.jpg,1355,1800,2321336a5ff5359bd0851899519d2a7f162b76161893214742469244639aae53,0e3139b9e9694cd8,,Community QC; largely clean indices per thread,acquisition_failed,Minute-track-first acquisition unavailable: minor ticks could not establish a dial ellipse.,acquisition_failed,False,0.0,,,,,,,,,,,,,,,,,,,,,,,,,,,,,,,,,,,,,,,,,,,,,,,,,,,,,,,,,,,,,,,,,,,,,,,,,,,,,,,,,,,,,,,,,,,,,,,
rep_vsf_HCz9EAj,rep,rep_labelled,calibration,VSF,Jubilee,rep_vsf_HCz9EAj,https://www.reddit.com/r/RepTimeQC/comments/1tzi8cc/qc_3rd_purchase_1st_gmt_vsf_rolex_gmtmaster_ii/,https://imgur.com/a/HCz9EAj,rep/calibration/rep_vsf_HCz9EAj/image_06.jpg,1355,1800,67f782aa5b0d34902fe92bd9c0eec5240fe99daa35694915a86ac5f52bf3f065,021b3727dbebfc79,,Community QC; largely clean indices per thread,acquisition_failed,Minute-track-first acquisition unavailable: minor ticks could not establish a dial ellipse.,acquisition_failed,False,0.0,,,,,,,,,,,,,,,,,,,,,,,,,,,,,,,,,,,,,,,,,,,,,,,,,,,,,,,,,,,,,,,,,,,,,,,,,,,,,,,,,,,,,,,,,,,,,,,
rep_vsf_HCz9EAj,rep,rep_labelled,calibration,VSF,Jubilee,rep_vsf_HCz9EAj,https://www.reddit.com/r/RepTimeQC/comments/1tzi8cc/qc_3rd_purchase_1st_gmt_vsf_rolex_gmtmaster_ii/,https://imgur.com/a/HCz9EAj,rep/calibration/rep_vsf_HCz9EAj/image_07.jpg,1355,1800,f115290088c5fd9baf478396774f64baa08ce8f630588ad2810f497ab40a4765,0b796c8e46f4b387,,Community QC; largely clean indices per thread,accepted,,minute_track_first,True,0.7639081798601559,3.9743620859786937,301.06868583679204,0.031189540845240234,-0.975,0.977308531752227,True,True,2.7492921365276995e-05,0.32935762789769085,True,False,542.085693359375,905.9691162109375,601.412479248047,602.8622640991213,178.06520080566406,6,-1.0,0.7805118663356883,1.0022476412395642,True,True,0.9874999999999994,1.4689687976835648,3.9161218263505164,True,0.02500000000000005,0.7349381030077047,36,True,0.763128808538648,1.0835083923165043,1.0,12,4.516030287551881,9.634197946777345,6.623511088409424,False,2.21951232087681,2.21951232087681,1.0998937225453544,0.793831990679176,0.793831990679176,0.9690068184164774,0.00042971541835494157,0.00472666333435334,PASS,9.0,0.296875,3,True,0.35387131609891753,0.9976043918239141,,True,0.18950842413986635,0.8679250502458435,,True,0.2274908849732924,0.9987523435419088,,True,0.25794108758088896,0.4276524997176345,,True,0.35597362463570903,0.9018811514381553,-1.601148502610613,True,0.35829243368530683,-0.06056034666064303,,True,0.472500286073398,0.11745586227247529,,True,0.7364415904124826,1.5745447923187328,-4.7489043053383,True,0.3923504232158166,0.42135365374249556,,True,0.6138241331137806,0.8052847088943937,,True,0.5186248253672829,0.6196729324680961,-0.11192343842350283,1.4500741035208098
rep_vsf_HCz9EAj,rep,rep_labelled,calibration,VSF,Jubilee,rep_vsf_HCz9EAj,https://www.reddit.com/r/RepTimeQC/comments/1tzi8cc/qc_3rd_purchase_1st_gmt_vsf_rolex_gmtmaster_ii/,https://imgur.com/a/HCz9EAj,rep/calibration/rep_vsf_HCz9EAj/image_08.jpg,1355,1800,1425a7f15aadf59c10886d8baefaf37890cf1caf1974feff4e9bab88689d3845,a884c4aac620100e,,Community QC; largely clean indices per thread,acquisition_failed,Minute-track-first acquisition unavailable: minor ticks could not establish a dial ellipse.,acquisition_failed,False,0.0,,,,,,,,,,,,,,,,,,,,,,,,,,,,,,,,,,,,,,,,,,,,,,,,,,,,,,,,,,,,,,,,,,,,,,,,,,,,,,,,,,,,,,,,,,,,,,,
rep_vsf_HCz9EAj,rep,rep_labelled,calibration,VSF,Jubilee,rep_vsf_HCz9EAj,https://www.reddit.com/r/RepTimeQC/comments/1tzi8cc/qc_3rd_purchase_1st_gmt_vsf_rolex_gmtmaster_ii/,https://imgur.com/a/HCz9EAj,rep/calibration/rep_vsf_HCz9EAj/image_09.jpg,1355,1800,776087072aea869de53cb3a491e2dca84365048b6e677f589e319beabf5ffc98,30f03613102c1093,,Community QC; largely clean indices per thread,acquisition_failed,Minute-track-first acquisition unavailable: minor ticks could not establish a dial ellipse.,acquisition_failed,False,0.0,,,,,,,,,,,,,,,,,,,,,,,,,,,,,,,,,,,,,,,,,,,,,,,,,,,,,,,,,,,,,,,,,,,,,,,,,,,,,,,,,,,,,,,,,,,,,,,
rep_vsf_oVwWMrC,rep,rep_labelled,calibration,VSF,Jubilee,rep_vsf_oVwWMrC,https://www.reddit.com/r/RepTimeQC/comments/1u2z5mg/vsf_batgirl_gmt_ii/,https://imgur.com/a/vsf-batgirl-oVwWMrC,rep/calibration/rep_vsf_oVwWMrC/image_00.jpg,1800,1013,29c2a17050d47d6fc208bc653f7b86a579b43c0faabc70da15618e6f33840d43,1913138f8f8f4b0f,,Community QC; possible 6-marker and date concerns in thread,accepted,,minute_track_first,True,0.76103208602874,9.401118513871301,231.3546652603149,0.0735053498214217,2.049999999999995,1.9013890663407795,True,True,2.1779640847878954e-05,0.9394445349456468,True,False,775.597412109375,415.910888671875,459.58099136352536,465.8376696777343,170.69570922851562,2,1.9999999999999947,0.7973952793899881,1.852005216538467,True,True,1.0174999999999987,0.5944717168747828,4.791563063250093,True,0.05000000000000005,0.7781385236365197,36,True,0.6946996141090261,1.5582251285249356,1.0,12,3.4703199789047234,7.403349288330077,5.089802635726928,False,2.0976199072317505,2.0976199072317505,1.349097825603434,0.9043993031062171,0.9043993031062171,1.3125574143635028,-0.008164063786817156,0.006015658217060904,PASS,15.876074310521844,0.2916666666666667,3,True,0.20497811384264253,-0.046779922026374265,,True,0.23052572574005126,0.35608705544298846,,True,0.5878142413576342,0.5217622208242179,,True,0.7387147606780786,0.1939680344817174,,True,0.8580401587044264,1.1953228733288856,-0.17755564119897826,True,0.5701407291074361,0.12625693971091145,,True,-0.313711470196381,-0.032254549290378076,,True,-0.5442967291839409,0.9045446320112394,-0.4917281824486395,True,-0.7602198644369196,-0.7498639097578197,,True,-0.5528949244024943,-0.8468468287042952,,False,,,,
rep_vsf_oVwWMrC,rep,rep_labelled,calibration,VSF,Jubilee,rep_vsf_oVwWMrC,https://www.reddit.com/r/RepTimeQC/comments/1u2z5mg/vsf_batgirl_gmt_ii/,https://imgur.com/a/vsf-batgirl-oVwWMrC,rep/calibration/rep_vsf_oVwWMrC/image_01.jpg,1800,1013,2f3103ea7f188c89848f4c15552d7a17a8d49e48a26e00ce2ee62e56fb386659,1913130f8f8f4b0f,rep_vsf_oVwWMrC/image_00.jpg,Community QC; possible 6-marker and date concerns in thread,accepted,,minute_track_first,True,0.7571888726706185,8.876947273172693,226.3809391403198,0.06944079244622431,2.149999999999994,1.9592705353953737,True,True,1.2946887769233256e-05,0.4002561366157337,True,False,780.9570922851562,412.0389404296875,450.0339573669433,455.4897991943359,165.28541564941406,7,2.199999999999994,0.785946120334176,2.0087724638175937,True,True,1.0174999999999987,0.7953823836842198,4.612481050384895,True,-0.049999999999999954,0.7715724276416331,36,True,0.7039143540287924,1.0878234919021095,1.0,12,3.395714087104797,7.244190052490234,4.980380661087035,False,2.062114958568684,2.062114958568684,1.3027587249320376,0.8360701978880817,0.8360701978880817,1.252559642323078,-0.006875001394088306,0.009453159031351716,PASS,17.627320482520652,0.3524305555555556,3,True,0.19629180303243743,0.1351107829108411,,True,0.22242986958368505,0.46189581769000565,,True,0.6350764564676865,0.4984396000518698,,True,0.7795603040014498,0.30208486279592606,,True,0.845965512259653,1.157930075369451,-0.3965893500873392,True,0.056926976733791435,0.44550770071346557,,True,-0.379479011245337,-0.00438967473807006,,True,-0.6191441738054095,0.8445596351836615,-0.4293915881225985,True,-0.7564201334506038,-0.5930276479582441,,True,-0.5105084704032947,-0.5929543749232047,,True,-0.12937894620534962,-0.15001845955996407,1.397121423353994,0.952354039363279
rep_vsf_oVwWMrC,rep,rep_labelled,calibration,VSF,Jubilee,rep_vsf_oVwWMrC,https://www.reddit.com/r/RepTimeQC/comments/1u2z5mg/vsf_batgirl_gmt_ii/,https://imgur.com/a/vsf-batgirl-oVwWMrC,rep/calibration/rep_vsf_oVwWMrC/image_02.jpg,1800,1013,ef1856b3b740acd2d3a9c22aec77fc1bf5f45513e3c80051e304d707b147d036,1913130f8f8f4b0f,rep_vsf_oVwWMrC/image_00.jpg,Community QC; possible 6-marker and date concerns in thread,acquisition_failed,Minute-track-first acquisition unavailable: minor ticks could not establish a dial ellipse.,acquisition_failed,False,0.0,,,,,,,,,,,,,,,,,,,,,,,,,,,,,,,,,,,,,,,,,,,,,,,,,,,,,,,,,,,,,,,,,,,,,,,,,,,,,,,,,,,,,,,,,,,,,,,
rep_vsf_oVwWMrC,rep,rep_labelled,calibration,VSF,Jubilee,rep_vsf_oVwWMrC,https://www.reddit.com/r/RepTimeQC/comments/1u2z5mg/vsf_batgirl_gmt_ii/,https://imgur.com/a/vsf-batgirl-oVwWMrC,rep/calibration/rep_vsf_oVwWMrC/image_03.jpg,1800,1013,5539a458164f3c2dc40fdfcb0559d9b5b15412c8a60b93899db5fd7fa0b0aea9,0f0707073f373f1f,,Community QC; possible 6-marker and date concerns in thread,rejected,,minute_track_first,False,0.35,42.661352968296704,231.58114681243904,0.30494871114630095,-1.4000000000000228,2.0419098242931915,True,False,1.6054617158203363e-05,0.44687516778974967,False,False,735.2219968215942,699.4523315429688,392.5343321228029,533.7902551269533,90.38565063476562,4,-1.6000000000000227,1.894361086102641,2.313631508939768,True,True,1.004999999999999,2.6844157675507487,7.883107603156553,True,0.2,1.743571153030352,36,False,2.545303943092918,8.153374530715844,0.75,12,3.4737172021865854,7.4105966979980495,5.094785229873659,False,3.394729533965719,3.394729533965719,2.6042175401272165,3.3273642731216384,3.3273642731216384,4.680209259357839,0.178488796091936,-0.15526113611442302,not_evaluated,,,,True,1.1384637601366698,6.2304867936351815,,False,,,,True,2.1929482147265986,5.148368390936975,,True,2.8807087230062507,5.128209219523294,,False,,,,False,,,,True,-2.7896692629135487,2.8999496208964137,,False,,,,False,,,,False,,,,False,,,,
rep_vsf_oVwWMrC,rep,rep_labelled,calibration,VSF,Jubilee,rep_vsf_oVwWMrC,https://www.reddit.com/r/RepTimeQC/comments/1u2z5mg/vsf_batgirl_gmt_ii/,https://imgur.com/a/vsf-batgirl-oVwWMrC,rep/calibration/rep_vsf_oVwWMrC/image_04.jpg,1800,1013,1d91aaec586523a28f4e0022463937e4cfae20f130b1e910c11376a8c44b1e9f,270f0e073f1b1f1f,,Community QC; possible 6-marker and date concerns in thread,rejected,,minute_track_first,False,0.35,45.62248311512372,275.9117198181151,0.32,1.2499999999999905,0.400607216840508,True,True,2.491442193039359e-05,0.6134355822211787,True,True,738.8783996008301,640.6425597570801,454.2070953369138,649.4397839355465,93.22883605957031,2,1.1999999999999904,2.538181161836373,0.32920656914392893,True,True,0.9999999999999991,3.8434884413821333,8.706200095354989,True,0.05000000000000005,2.5346129459761246,36,True,3.0426373473001824,5.033609100697751,1.0,12,4.138675797271726,8.829175034179684,6.070057835998532,False,3.6736622747362557,3.6736622747362557,3.099801336365131,3.162146736352332,3.162146736352332,4.120438623849815,0.08257821594936664,-0.24019517928399614,FAIL,6.125380895464048,0.2378472222222222,0,True,-0.16478788102335784,4.053959752293967,,True,-0.09236821515298743,6.521681580345328,,False,,,,False,,,,False,,,,False,,,,False,,,,False,,,,True,0.22580751341496352,7.528182147581508,,True,-0.09729609085411539,4.8328982435070555,,False,,,,
rep_vsf_oVwWMrC,rep,rep_labelled,calibration,VSF,Jubilee,rep_vsf_oVwWMrC,https://www.reddit.com/r/RepTimeQC/comments/1u2z5mg/vsf_batgirl_gmt_ii/,https://imgur.com/a/vsf-batgirl-oVwWMrC,rep/calibration/rep_vsf_oVwWMrC/image_05.jpg,1800,1013,8a4273f56acf188b855f5c2709663a8327defd73873eb261b62745957910a75e,27272d29172f7f7f,,Community QC; possible 6-marker and date concerns in thread,acquisition_failed,Minute-track-first acquisition unavailable: no stable approximate dial centre was found.,acquisition_failed,False,0.0,,,,,,,,,,,,,,,,,,,,,,,,,,,,,,,,,,,,,,,,,,,,,,,,,,,,,,,,,,,,,,,,,,,,,,,,,,,,,,,,,,,,,,,,,,,,,,,
rep_vsf_oVwWMrC,rep,rep_labelled,calibration,VSF,Jubilee,rep_vsf_oVwWMrC,https://www.reddit.com/r/RepTimeQC/comments/1u2z5mg/vsf_batgirl_gmt_ii/,https://imgur.com/a/vsf-batgirl-oVwWMrC,rep/calibration/rep_vsf_oVwWMrC/image_06.jpg,1800,1013,d68dea602fd20fc404981dbcc9b5bb83e59b2e82714afda7e880b25f3c54486d,a7a78f3b1fbf7f3f,,Community QC; possible 6-marker and date concerns in thread,acquisition_failed,Minute-track-first acquisition unavailable: no stable approximate dial centre was found.,acquisition_failed,False,0.0,,,,,,,,,,,,,,,,,,,,,,,,,,,,,,,,,,,,,,,,,,,,,,,,,,,,,,,,,,,,,,,,,,,,,,,,,,,,,,,,,,,,,,,,,,,,,,,
rep_vsf_oVwWMrC,rep,rep_labelled,calibration,VSF,Jubilee,rep_vsf_oVwWMrC,https://www.reddit.com/r/RepTimeQC/comments/1u2z5mg/vsf_batgirl_gmt_ii/,https://imgur.com/a/vsf-batgirl-oVwWMrC,rep/calibration/rep_vsf_oVwWMrC/image_07.jpg,1800,1013,6266c5b9b66459a872596a7c0f6ccbb18d17f9d8ff60f350b4ffa0151e82a5b1,109091919393930f,,Community QC; possible 6-marker and date concerns in thread,acquisition_failed,Minute-track-first acquisition unavailable: minor ticks could not establish a dial ellipse.,acquisition_failed,False,0.0,,,,,,,,,,,,,,,,,,,,,,,,,,,,,,,,,,,,,,,,,,,,,,,,,,,,,,,,,,,,,,,,,,,,,,,,,,,,,,,,,,,,,,,,,,,,,,,
rep_vsf_oVwWMrC,rep,rep_labelled,calibration,VSF,Jubilee,rep_vsf_oVwWMrC,https://www.reddit.com/r/RepTimeQC/comments/1u2z5mg/vsf_batgirl_gmt_ii/,https://imgur.com/a/vsf-batgirl-oVwWMrC,rep/calibration/rep_vsf_oVwWMrC/image_08.jpg,1800,1013,56efe63de8cc981b1a9b7e09c3c20d3a38930579eddb395b30a1a7e7be121355,101091919393930f,rep_vsf_oVwWMrC/image_07.jpg,Community QC; possible 6-marker and date concerns in thread,acquisition_failed,Minute-track-first acquisition unavailable: minor ticks could not establish a dial ellipse.,acquisition_failed,False,0.0,,,,,,,,,,,,,,,,,,,,,,,,,,,,,,,,,,,,,,,,,,,,,,,,,,,,,,,,,,,,,,,,,,,,,,,,,,,,,,,,,,,,,,,,,,,,,,,
rep_vsf_oVwWMrC,rep,rep_labelled,calibration,VSF,Jubilee,rep_vsf_oVwWMrC,https://www.reddit.com/r/RepTimeQC/comments/1u2z5mg/vsf_batgirl_gmt_ii/,https://imgur.com/a/vsf-batgirl-oVwWMrC,rep/calibration/rep_vsf_oVwWMrC/image_09.jpg,1800,1013,0c9808530966251281bc9d2dd3f39215b519df04c061532398a7f06725984fa3,1f1b3737379f0f0f,,Community QC; possible 6-marker and date concerns in thread,acquisition_failed,Minute-track-first acquisition unavailable: minor ticks could not establish a dial ellipse.,acquisition_failed,False,0.0,,,,,,,,,,,,,,,,,,,,,,,,,,,,,,,,,,,,,,,,,,,,,,,,,,,,,,,,,,,,,,,,,,,,,,,,,,,,,,,,,,,,,,,,,,,,,,,
rep_vsf_gpZWOfy,rep,rep_labelled,validation,VSF,Jubilee,rep_vsf_gpZWOfy,https://www.reddit.com/r/RepTimeQC/comments/1ucww0c/vsf_v3_gmtmaster_ii_batgirl/,https://imgur.com/a/gpZWOfy,rep/validation/rep_vsf_gpZWOfy/image_00.jpg,1800,1013,d4fa555a730324632ae4d052fa5824a55a8785cf57826451d4ccfd6f6ce183e3,1913030f0f4f0b1f,,Community comments note small 12 9 and 6 alignment deviations,rejected,,minute_track_first,False,0.35,36.74821972473922,51.57983155250548,0.269234866796344,2.474999999999995,3.017765938733252,True,False,1.7242697598007628e-05,4.103849773404868,False,False,914.27978515625,445.415283203125,91.77844619750974,114.54088001251218,90.28350067138672,5,2.9999999999999947,0.8474470469596518,3.6723180407625913,False,False,0.9624999999999999,0.9940491542726365,2.0550229864326415,False,-0.5249999999999997,0.8087210650549262,36,True,0.5957316327753566,2.335135979590878,0.8333333333333334,12,1.5,3.0,2.0,False,1.3829122484624794,1.3829122484624794,1.128105640945592,0.995378923599299,0.995378923599299,1.542129820166008,-0.08765625,0.020625,not_evaluated,,,,False,,,,False,,,,False,,,,False,,,,False,,,,False,,,,False,,,,False,,,,False,,,,False,,,,False,,,,
rep_vsf_gpZWOfy,rep,rep_labelled,validation,VSF,Jubilee,rep_vsf_gpZWOfy,https://www.reddit.com/r/RepTimeQC/comments/1ucww0c/vsf_v3_gmtmaster_ii_batgirl/,https://imgur.com/a/gpZWOfy,rep/validation/rep_vsf_gpZWOfy/image_01.jpg,1800,1013,2a29141d53d51effb14d22436c99d9e9b08673a511daeeb4118734d753ab1eb0,0113030f0f4b0f0f,,Community comments note small 12 9 and 6 alignment deviations,accepted,,minute_track_first,True,0.6845775600832693,6.699009176009144,194.33135330200201,0.05249410291883728,-0.7000000000000113,0.5200470661414253,True,True,2.156369613830724,0.9261232830934695,True,False,800.3045043945312,470.609375,387.33139709472664,389.99401611328136,67.3134765625,4,-0.8000000000000114,0.6574664166852244,0.6638911729435857,True,True,1.007499999999999,0.6358643708713161,3.0506279179577622,True,0.10000000000000006,0.6044944603651592,36,True,0.5586301453449851,1.0850011431239532,1.0,12,2.91497029953003,6.218603305664065,4.275289772644044,True,1.165109316342628,0.5665399222569784,0.5665399222569784,0.9105277818969616,0.642646992631393,0.642646992631393,-0.005585938897100609,-0.0017188291626859956,PASS,10.815002434514671,0.34375,3,True,0.2734692552105109,0.9650406012800206,,True,-0.10043559115973721,0.9719816055282493,,True,0.2924955540340477,0.47981202606477424,,True,0.1641182571876243,0.540891771027785,,True,-0.1627254457139884,0.6670559569208367,-1.3129810508928017,True,0.5162854562861128,-1.417863667515873,,False,,,,True,1.1161617209748442,0.6151638350671673,-4.529586195247703,True,1.1868990758102314,-0.5152355164256939,,True,1.000953321389943,0.33764636374998824,,True,0.658759808147181,0.12017497902275798,-1.9239379325073287,0.9464312753499473
rep_vsf_gpZWOfy,rep,rep_labelled,validation,VSF,Jubilee,rep_vsf_gpZWOfy,https://www.reddit.com/r/RepTimeQC/comments/1ucww0c/vsf_v3_gmtmaster_ii_batgirl/,https://imgur.com/a/gpZWOfy,rep/validation/rep_vsf_gpZWOfy/image_02.jpg,1800,1013,46c5586460c320ee6352378dd5a3e70411e12300989f14524eece2cc74213f12,1f13030f0f4b0f1f,,Community comments note small 12 9 and 6 alignment deviations,accepted,,minute_track_first,True,0.8902727298087263,5.931942921068314,185.30279983520512,0.046506184515521624,-0.04999999999998861,0.18286035215304752,True,True,2.2584956044766702e-05,0.008945856678279518,False,False,815.382568359375,474.2893981933594,369.6107052612305,371.6004940795899,150.0098419189453,6,-0.19999999999998863,0.6149990511938882,0.33245714055615094,True,True,1.007499999999999,0.42831594519725774,0.850034023953735,True,0.15000000000000002,0.579296105447972,36,True,0.5256245935136867,1.0386541075701827,1.0,12,2.7795419975280766,5.929689594726564,4.076661596374512,False,1.012895133528665,1.012895133528665,0.5792461712926501,0.6327502975412854,0.6327502975412854,0.7785556824018337,-0.009023437499999993,-0.0008593749999999931,not_evaluated,,,,True,0.2640756732045908,0.5768804059644528,,True,0.18679923713875013,0.4457463699968134,,True,0.5682854347549977,0.3153713989670126,,True,0.8086993759507664,0.5031673145374782,,True,1.0933415265705264,0.9268536855420839,-1.6222355414151366,True,0.7152546976736289,0.502887816308617,,False,,,,False,,,,True,0.43908879945530543,0.4721390743023579,,True,0.33493342090730494,0.3194862612146965,,True,0.12512741974740038,0.010418536703504788,-0.24529769502521503,0.5841097910420021
rep_vsf_gpZWOfy,rep,rep_labelled,validation,VSF,Jubilee,rep_vsf_gpZWOfy,https://www.reddit.com/r/RepTimeQC/comments/1ucww0c/vsf_v3_gmtmaster_ii_batgirl/,https://imgur.com/a/gpZWOfy,rep/validation/rep_vsf_gpZWOfy/image_03.jpg,1800,1013,35791558f24c1bad0d12ddfff74ae62e9b2ab040388759bbcb0db59c980258cc,8f8f6366ecccccc7,,Community comments note small 12 9 and 6 alignment deviations,acquisition_failed,Minute-track-first acquisition unavailable: minor ticks could not establish a dial ellipse.,acquisition_failed,False,0.0,,,,,,,,,,,,,,,,,,,,,,,,,,,,,,,,,,,,,,,,,,,,,,,,,,,,,,,,,,,,,,,,,,,,,,,,,,,,,,,,,,,,,,,,,,,,,,,
rep_vsf_gpZWOfy,rep,rep_labelled,validation,VSF,Jubilee,rep_vsf_gpZWOfy,https://www.reddit.com/r/RepTimeQC/comments/1ucww0c/vsf_v3_gmtmaster_ii_batgirl/,https://imgur.com/a/gpZWOfy,rep/validation/rep_vsf_gpZWOfy/image_04.jpg,1800,1013,903da7e6c77d92cd14b301b1e07f9489803add52873a1098e8e31504f0e97aad,4f070f8f5fdf3f7f,,Community comments note small 12 9 and 6 alignment deviations,acquisition_failed,Minute-track-first acquisition unavailable: minor ticks could not establish a dial ellipse.,acquisition_failed,False,0.0,,,,,,,,,,,,,,,,,,,,,,,,,,,,,,,,,,,,,,,,,,,,,,,,,,,,,,,,,,,,,,,,,,,,,,,,,,,,,,,,,,,,,,,,,,,,,,,
rep_vsf_gpZWOfy,rep,rep_labelled,validation,VSF,Jubilee,rep_vsf_gpZWOfy,https://www.reddit.com/r/RepTimeQC/comments/1ucww0c/vsf_v3_gmtmaster_ii_batgirl/,https://imgur.com/a/gpZWOfy,rep/validation/rep_vsf_gpZWOfy/image_05.jpg,1800,1013,5c58fe87012904430fc0e0032d8b1a8daab5bdf7e841ef8a42aea631759f2815,0f070f2f6f6f5f3f,,Community comments note small 12 9 and 6 alignment deviations,rejected,,minute_track_first,False,0.35,42.12122633833745,201.80565132141106,0.3018156535612144,-5.224999999999977,0.3736230474456362,True,False,2.2642788722660497e-05,0.8100138892189143,False,False,709.3012127886963,660.1780352581787,343.76167724609365,463.46092803955065,67.00381469726562,1,-5.399999999999977,1.6471211330421016,0.15424104967295274,True,False,0.9999999999999991,4.675898901175575,7.864321678835452,False,0.17500000000000002,1.5723794248823966,36,False,1.6935201710952197,9.841347699502466,0.6666666666666666,12,3.027084769821166,6.457780842285154,4.439724329071043,False,3.453114471994797,3.453114471994797,3.094744594015754,3.2131163748189056,3.2131163748189056,4.054040461387548,-0.01494065706893476,-0.0035345744695502437,not_evaluated,,,,False,,,,False,,,,True,-0.09687233768494252,0.8434531958878,,True,-1.00559154233531,-1.7449915580795894,,False,,,,False,,,,False,,,,False,,,,True,0.2865227324750208,1.0087036104165725,,True,0.025328014939873356,1.9895352532918187,,False,,,,
rep_vsf_gpZWOfy,rep,rep_labelled,validation,VSF,Jubilee,rep_vsf_gpZWOfy,https://www.reddit.com/r/RepTimeQC/comments/1ucww0c/vsf_v3_gmtmaster_ii_batgirl/,https://imgur.com/a/gpZWOfy,rep/validation/rep_vsf_gpZWOfy/image_06.jpg,1800,1013,5dd2b2a446d29c093784b81d7aa2af29167a2827da8edd55cc4766f381e3b93c,27270f6b1f8fdf3f,,Community comments note small 12 9 and 6 alignment deviations,acquisition_failed,Minute-track-first acquisition unavailable: no stable approximate dial centre was found.,acquisition_failed,False,0.0,,,,,,,,,,,,,,,,,,,,,,,,,,,,,,,,,,,,,,,,,,,,,,,,,,,,,,,,,,,,,,,,,,,,,,,,,,,,,,,,,,,,,,,,,,,,,,,
rep_vsf_gpZWOfy,rep,rep_labelled,validation,VSF,Jubilee,rep_vsf_gpZWOfy,https://www.reddit.com/r/RepTimeQC/comments/1ucww0c/vsf_v3_gmtmaster_ii_batgirl/,https://imgur.com/a/gpZWOfy,rep/validation/rep_vsf_gpZWOfy/image_07.jpg,1800,1013,2dd639d464c5ac332aa62407ac49a33eefbaea4ffcacb57165e6afb4cc94a514,b7b70f7b672fef7f,,Community comments note small 12 9 and 6 alignment deviations,acquisition_failed,Minute-track-first acquisition unavailable: minor ticks could not establish a dial ellipse.,acquisition_failed,False,0.0,,,,,,,,,,,,,,,,,,,,,,,,,,,,,,,,,,,,,,,,,,,,,,,,,,,,,,,,,,,,,,,,,,,,,,,,,,,,,,,,,,,,,,,,,,,,,,,
rep_vsf_gpZWOfy,rep,rep_labelled,validation,VSF,Jubilee,rep_vsf_gpZWOfy,https://www.reddit.com/r/RepTimeQC/comments/1ucww0c/vsf_v3_gmtmaster_ii_batgirl/,https://imgur.com/a/gpZWOfy,rep/validation/rep_vsf_gpZWOfy/image_08.jpg,1800,1013,6f1b724725cc78f03e6a4feef19fe07e2682992de180d60d860af0956e0ba804,9290909393934b4f,,Community comments note small 12 9 and 6 alignment deviations,acquisition_failed,Minute-track-first acquisition unavailable: minor ticks could not establish a dial ellipse.,acquisition_failed,False,0.0,,,,,,,,,,,,,,,,,,,,,,,,,,,,,,,,,,,,,,,,,,,,,,,,,,,,,,,,,,,,,,,,,,,,,,,,,,,,,,,,,,,,,,,,,,,,,,,
rep_vsf_gpZWOfy,rep,rep_labelled,validation,VSF,Jubilee,rep_vsf_gpZWOfy,https://www.reddit.com/r/RepTimeQC/comments/1ucww0c/vsf_v3_gmtmaster_ii_batgirl/,https://imgur.com/a/gpZWOfy,rep/validation/rep_vsf_gpZWOfy/image_09.jpg,1800,1013,396aa0534affb05cab446b340c659a0ec2bdff596a1aeda5ec7d61847f916895,909092939393074f,,Community comments note small 12 9 and 6 alignment deviations,acquisition_failed,Minute-track-first acquisition unavailable: minor ticks could not establish a dial ellipse.,acquisition_failed,False,0.0,,,,,,,,,,,,,,,,,,,,,,,,,,,,,,,,,,,,,,,,,,,,,,,,,,,,,,,,,,,,,,,,,,,,,,,,,,,,,,,,,,,,,,,,,,,,,,,
rep_vsf_KfRKFwA,rep,rep_labelled,calibration,VSF,Jubilee,rep_vsf_KfRKFwA,https://www.reddit.com/r/RepTimeQC/comments/1tf4uos/vsf_gmtmaster_ii_batgirl_first_qc/,https://imgur.com/a/KfRKFwA,rep/calibration/rep_vsf_KfRKFwA/image_00.jpg,793,1038,9f0db134a4270fd6324e5a68ae64da23471350757b285e88669f5a6e8b339f51,2c2e2fc7cb561f0f,,Community QC; broadly clean with date-window concern,accepted,,minute_track_first,True,0.8935046521745162,2.8113958257288134,226.28458454132084,0.022071791724793684,1.0999999999999943,1.0858680591553147,True,True,1.293195434164101,0.016081741636758223,False,False,390.1400451660156,440.2491760253906,452.29664932250984,452.84168884277346,103.23403930664062,5,1.0999999999999943,0.6781483998930878,1.0858119457169075,True,True,1.009999999999999,0.2843003904381371,2.6447806151081146,True,0.0,0.5396160919155379,36,True,0.3707729571654137,1.322724147673401,0.9166666666666666,12,3.3942687681198125,7.241106705322267,4.978260859909058,True,1.552011138510055,1.1891587467119806,1.1891587467119806,1.297487529669839,1.10539141714022,1.10539141714022,-0.00042968683849342474,0.0038671539305790955,not_evaluated,,,,True,0.35340459178947015,-0.5439452982131332,,True,0.3165264218184092,-0.44173031164352894,,False,,,,True,0.3787415583657321,-0.3884640277296181,,True,0.13614049027339092,0.8104863767392945,-1.0464089252610052,True,-0.1336943176592058,-0.18877109830146566,,True,0.1253775886778783,0.051464045851679074,,True,-0.06463514894619493,0.27881051270786106,0.4896507312690801,True,-0.10000317875278597,0.2070545489879727,,True,-0.05648382264007523,-0.27701966584954274,,True,-0.5388515086851271,-1.1247151164845204,3.905011936885984,0.16672029614282352
rep_vsf_KfRKFwA,rep,rep_labelled,calibration,VSF,Jubilee,rep_vsf_KfRKFwA,https://www.reddit.com/r/RepTimeQC/comments/1tf4uos/vsf_gmtmaster_ii_batgirl_first_qc/,https://imgur.com/a/KfRKFwA,rep/calibration/rep_vsf_KfRKFwA/image_01.jpg,887,1108,1deee1599f2cb5674ba327301b68f77731d49c645f92f4b16f890e58956d1f5f,f1e2c7872ecbf66d,,Community QC; broadly clean with date-window concern,acquisition_failed,Minute-track-first acquisition unavailable: minor ticks could not establish a dial ellipse.,acquisition_failed,False,0.0,,,,,,,,,,,,,,,,,,,,,,,,,,,,,,,,,,,,,,,,,,,,,,,,,,,,,,,,,,,,,,,,,,,,,,,,,,,,,,,,,,,,,,,,,,,,,,,
rep_vsf_KfRKFwA,rep,rep_labelled,calibration,VSF,Jubilee,rep_vsf_KfRKFwA,https://www.reddit.com/r/RepTimeQC/comments/1tf4uos/vsf_gmtmaster_ii_batgirl_first_qc/,https://imgur.com/a/KfRKFwA,rep/calibration/rep_vsf_KfRKFwA/image_02.jpg,851,975,8f776514259d24c4aa9e97f0dc87d8b9ea747d2347fb3016637446c86ce0184f,fbf0c7a2b2f5290f,,Community QC; broadly clean with date-window concern,acquisition_failed,Minute-track-first acquisition unavailable: minor ticks could not establish a dial ellipse.,acquisition_failed,False,0.0,,,,,,,,,,,,,,,,,,,,,,,,,,,,,,,,,,,,,,,,,,,,,,,,,,,,,,,,,,,,,,,,,,,,,,,,,,,,,,,,,,,,,,,,,,,,,,,
rep_vsf_KfRKFwA,rep,rep_labelled,calibration,VSF,Jubilee,rep_vsf_KfRKFwA,https://www.reddit.com/r/RepTimeQC/comments/1tf4uos/vsf_gmtmaster_ii_batgirl_first_qc/,https://imgur.com/a/KfRKFwA,rep/calibration/rep_vsf_KfRKFwA/image_03.jpg,838,1041,c3c4e38d3e7a5b652276c93c11bed45948bd1db48a8310b26e0f180287a0020b,4f8f030586150b0f,,Community QC; broadly clean with date-window concern,accepted,,minute_track_first,True,0.7310359301848209,2.8273547115737965,231.4967555236817,0.022196980803336805,1.6999999999999957,1.7098003063993268,True,True,0.5310322081428865,0.31013346556105076,True,False,414.71875,469.37774658203125,462.7115386962892,463.27548339843764,35.39006423950195,7,1.6999999999999957,0.603984540660506,1.7322025574869606,True,True,0.9999999999999991,0.6719886587437807,2.8527093436699658,True,0.0,0.471941256878736,36,True,0.40246025715689676,1.7731056259979072,1.0,12,3.4724513328552256,7.407896176757815,5.092928621520997,True,1.0162341126896304,0.885247739440743,0.885247739440743,0.7993133162697833,0.7009592967946535,0.7009592967946535,-0.00128909639994127,0.001289094388023574,PASS,14.0,0.3177083333333333,3,True,-0.038252095783207096,-0.02716560836084625,,True,-0.012418318172649379,-0.045327016513541096,,False,,,,True,0.3357186242259047,-0.531611051590164,,True,-0.05225366486854455,0.5562626686160255,-0.3793579935524747,True,0.345491625987961,-0.46429530241715034,,True,0.39708898319793207,-0.38647170435625045,,True,0.37738756763718584,0.40663743586059065,0.43932141575510286,True,0.35717099787717643,-0.04995166750850766,,True,-0.19150312576340411,0.44193505964201796,,True,0.24871397494885228,-0.4092512524544456,-2.2403015146389578,0.9052568958683532
rep_vsf_KfRKFwA,rep,rep_labelled,calibration,VSF,Jubilee,rep_vsf_KfRKFwA,https://www.reddit.com/r/RepTimeQC/comments/1tf4uos/vsf_gmtmaster_ii_batgirl_first_qc/,https://imgur.com/a/KfRKFwA,rep/calibration/rep_vsf_KfRKFwA/image_04.jpg,747,842,20064201cae3c11cbc8f3fae9682bedb29151a90e557547b6c07ee75bd3c707a,3e7377890bb6ad4e,,Community QC; broadly clean with date-window concern,acquisition_failed,Minute-track-first acquisition unavailable: minor ticks could not establish a dial ellipse.,acquisition_failed,False,0.0,,,,,,,,,,,,,,,,,,,,,,,,,,,,,,,,,,,,,,,,,,,,,,,,,,,,,,,,,,,,,,,,,,,,,,,,,,,,,,,,,,,,,,,,,,,,,,,
rep_vsf_KfRKFwA,rep,rep_labelled,calibration,VSF,Jubilee,rep_vsf_KfRKFwA,https://www.reddit.com/r/RepTimeQC/comments/1tf4uos/vsf_gmtmaster_ii_batgirl_first_qc/,https://imgur.com/a/KfRKFwA,rep/calibration/rep_vsf_KfRKFwA/image_05.jpg,890,1002,15dc7de6db7f59502d48b3e543ec37448b326cf822636f659e06148b9bd622ef,9f078f3b13ab0f86,,Community QC; broadly clean with date-window concern,acquisition_failed,Minute-track-first acquisition unavailable: minor ticks could not establish a dial ellipse.,acquisition_failed,False,0.0,,,,,,,,,,,,,,,,,,,,,,,,,,,,,,,,,,,,,,,,,,,,,,,,,,,,,,,,,,,,,,,,,,,,,,,,,,,,,,,,,,,,,,,,,,,,,,,
rep_vsf_KfRKFwA,rep,rep_labelled,calibration,VSF,Jubilee,rep_vsf_KfRKFwA,https://www.reddit.com/r/RepTimeQC/comments/1tf4uos/vsf_gmtmaster_ii_batgirl_first_qc/,https://imgur.com/a/KfRKFwA,rep/calibration/rep_vsf_KfRKFwA/image_06.jpg,873,967,2554e9466445156492e41d7437897f32ae9b6b7bda60b2ed307cfdf6e6284483,391e0f964f0d81f8,,Community QC; broadly clean with date-window concern,rejected,,minute_track_first,False,0.35,16.034253588181198,213.55031921386728,0.1242953933369516,-1.8999999999999773,2.060797080292739,True,True,2.4987341836975663,0.2870537150745463,True,True,463.693603515625,493.0069560205078,418.6280282592775,435.5732485961916,91.50444030761719,5,-1.8999999999999773,0.8825347591047871,2.0374608835942807,True,True,0.9999999999999991,0.8795432072065525,4.9750132357994135,True,0.0,0.7889738796914982,36,True,0.7967254576714129,1.7745275549467234,0.9166666666666666,12,3.203254788208009,6.833610214843754,4.69810702270508,True,1.471003885632767,1.1383661426630487,1.1383661426630487,1.604583757558552,1.2451733545330657,1.2451733545330657,0.00171875,0.0,FAIL,13.0,0.3003472222222222,1,False,,,,False,,,,False,,,,False,,,,False,,,,True,0.857479557308352,-6.45204521708771,,False,,,,False,,,,False,,,,False,,,,False,,,,
rep_vsf_KfRKFwA,rep,rep_labelled,calibration,VSF,Jubilee,rep_vsf_KfRKFwA,https://www.reddit.com/r/RepTimeQC/comments/1tf4uos/vsf_gmtmaster_ii_batgirl_first_qc/,https://imgur.com/a/KfRKFwA,rep/calibration/rep_vsf_KfRKFwA/image_07.jpg,670,1078,398a1cd5724accd78f88d5804aee48484133fc53510bf53bc5d474302e3c8a12,0c0d8d2e66460ec2,,Community QC; broadly clean with date-window concern,rejected,,minute_track_first,False,0.35,8.82976210034238,138.57845951080327,0.06907461639156269,0.7249999999999951,0.38836498323828794,True,False,1.2240931883194747e-05,0.013162467257106633,False,False,333.78370702178955,374.1714782714844,275.5048054504395,278.8090325927735,130.6944122314453,2,0.899999999999995,0.6145448933285602,0.5637283429041949,True,True,0.9999999999999991,0.7228202280293314,3.1923027547080216,True,-0.17499999999999993,0.6064046377965218,36,False,0.5386739801195857,6.709184208221587,0.8333333333333334,12,2.078676892662049,4.434510704345705,3.0487261092376716,False,1.5910344432642114,1.5910344432642114,1.185596712656163,1.7223106730578757,1.7223106730578757,2.02058407493917,0.04667968374737503,-0.0068751106965793275,not_evaluated,,,,True,-0.4967874487667814,0.2560917891180847,,True,-0.8198667149130756,0.027346657883065006,,False,,,,True,0.025396087154803126,-1.19585616675848,,True,0.5074119071063876,0.5551877027462293,-0.6935357477926232,True,0.10893595866156147,0.09418321243612748,,True,0.10701176453287076,0.7461093122268059,,True,-0.2459999091133227,0.733538851359794,-1.1534141454949065,True,-0.5272797035569283,0.8506026752091667,,True,-0.4717708925049351,0.5238571849999651,,True,-0.9739039281213877,-0.43182643376525887,6.006689126098507,1.167401766507227
rep_vsf_KfRKFwA,rep,rep_labelled,calibration,VSF,Jubilee,rep_vsf_KfRKFwA,https://www.reddit.com/r/RepTimeQC/comments/1tf4uos/vsf_gmtmaster_ii_batgirl_first_qc/,https://imgur.com/a/KfRKFwA,rep/calibration/rep_vsf_KfRKFwA/image_08.jpg,889,1017,7bb1bf4a2cc6330e6e2b9246ca56625ae44e59291e6fb19943ced9ad6086a4d4,f11c0f47460f8ee1,,Community QC; broadly clean with date-window concern,accepted,,minute_track_first,True,0.7426717972073059,5.385567141899849,217.41322696685802,0.04223588732376929,0.7999999999999954,0.6735971729965626,True,True,1.4003231379835999e-05,0.6002684112498528,True,False,450.815673828125,509.48921426300046,433.86459045410174,435.7883174133303,137.8415985107422,5,0.7999999999999954,0.6906783043493145,0.6735999523291368,True,True,1.004999999999999,1.0130138823884196,5.360323052833289,True,0.0,0.6906743014508343,36,True,0.7586483679994678,1.496599866351902,1.0,12,3.26119840450287,6.957223262939457,4.783090993270876,False,2.0359168024278462,2.0359168024278462,1.4630818816307112,0.9393241207260178,0.9393241207260178,1.4106573859415459,-0.01718746392453783,-0.015468749545518861,PASS,14.0,0.3107638888888889,3,False,,,,False,,,,False,,,,False,,,,False,,,,False,,,,False,,,,False,,,,True,3.3441189761020382,-0.46368046463519663,,False,,,,False,,,,
rep_vsf_KfRKFwA,rep,rep_labelled,calibration,VSF,Jubilee,rep_vsf_KfRKFwA,https://www.reddit.com/r/RepTimeQC/comments/1tf4uos/vsf_gmtmaster_ii_batgirl_first_qc/,https://imgur.com/a/KfRKFwA,rep/calibration/rep_vsf_KfRKFwA/image_09.jpg,875,1078,1ba044666617d78944a4d930aacdd4ab8913bcabbfb99777c453c446227daa1f,ea8b975b4b5fb932,,Community QC; broadly clean with date-window concern,acquisition_failed,Minute-track-first acquisition unavailable: minor ticks could not establish a dial ellipse.,acquisition_failed,False,0.0,,,,,,,,,,,,,,,,,,,,,,,,,,,,,,,,,,,,,,,,,,,,,,,,,,,,,,,,,,,,,,,,,,,,,,,,,,,,,,,,,,,,,,,,,,,,,,,
rep_vsf_7s6PyXJ,rep,rep_labelled,validation,VSF,Jubilee,rep_vsf_7s6PyXJ,https://www.reddit.com/r/RepTimeQC/comments/1u1h4ix/first_time_qc_vsf_v3_gmtmaster_ii_batgirl/,https://imgur.com/a/vsf-v3-gmt-master-ii-batgirl-7s6PyXJ,rep/validation/rep_vsf_7s6PyXJ/image_00.jpg,1800,1013,098b8682c6337148099718d8e7fca2438dc3ab4ec28265ecc5afcb8efe92f25c,1913030f8f0f2b0f,,Community QC; 6 marker notably left and 12 slightly tilted per comments,accepted,,minute_track_first,True,0.739109970421874,6.0436848718621405,229.11672592163092,0.047379015407920534,-0.7249999999999772,0.860733040912924,True,True,1.65065631542791e-05,0.3156344407506366,True,False,776.7410278320312,430.3033752441406,456.95645141601574,459.5104522705079,150.09674072265625,3,-0.8999999999999773,0.8501272988547744,1.0352186724180923,True,True,1.009999999999999,1.3279127018379309,3.29188387774368,True,0.17500000000000002,0.820069295403247,36,True,0.7594534886380957,1.756145726657354,1.0,12,3.436750888824464,7.33173522949219,5.040567970275879,False,1.6167790579722923,1.6167790579722923,0.9658921919059347,1.117716772028763,1.117716772028763,1.0927455273147244,0.0025781258817961245,0.008593783492123423,PASS,9.208769585546337,0.265625,3,True,0.6692554083996143,-0.6616174747503867,,True,1.0539170688802457,-0.5827264717872427,,True,1.436213237914572,-0.5519035471192701,,True,1.53830789509351,-0.31691762291813363,,False,,,,True,1.168769252816162,0.21986070154998982,,True,0.8526711162397191,0.6394772554566108,,True,0.18698142107234617,1.343397071993846,0.1410560159518468,True,0.08848574612426319,-0.09328152674298318,,True,0.007514539085377692,0.13131218602264738,,False,,,,
rep_vsf_7s6PyXJ,rep,rep_labelled,validation,VSF,Jubilee,rep_vsf_7s6PyXJ,https://www.reddit.com/r/RepTimeQC/comments/1u1h4ix/first_time_qc_vsf_v3_gmtmaster_ii_batgirl/,https://imgur.com/a/vsf-v3-gmt-master-ii-batgirl-7s6PyXJ,rep/validation/rep_vsf_7s6PyXJ/image_01.jpg,1800,1013,5737d7cb703359f85e6a25080ce0fdf0693b6c9ddbd786a49d18de63a1aa6003,0113030f8f8f4b0f,rep_vsf_oVwWMrC/image_01.jpg,Community QC; 6 marker notably left and 12 slightly tilted per comments,accepted,,minute_track_first,True,0.5699768521395627,5.237967318660449,236.79354187011725,0.041081619486010926,0.9749999999999908,0.08448622727471054,True,True,4.791096209990565,0.33426235147034705,True,False,792.6694946289062,418.0240173339844,472.59619384765637,474.57797363281264,158.21803283691406,6,1.0999999999999908,0.9669544964369424,1.0142343454605118,True,True,0.9999999999999991,2.024923006434596,4.883362473363249,True,-0.12499999999999994,0.7845467182997206,36,True,0.808264508306715,1.7139182522600906,1.0,12,3.551903128051759,7.577393339843752,5.2094579211425796,True,1.9458624726654123,0.9224501348315829,0.9224501348315829,1.5811425759938675,1.0990468242946718,1.0990468242946718,-0.0023828134327440417,0.026875032126202965,PASS,10.80988320058654,0.3246527777777778,3,True,-0.3654982833618874,-1.044978160958765,,True,0.3586118382585468,-0.8294619842540985,,True,1.024788004468519,-0.1072207984202933,,True,0.9985367684031417,0.14039955800762005,,True,1.3039726303874488,1.205490411868293,-1.1861615432689518,True,0.15498523373597095,1.0601577329374057,,False,,,,True,-1.5205066458894976,1.3783556595925561,-1.1544210406837578,True,-1.2670119243978206,-0.011566247399574792,,True,-1.2468147498300937,-0.39872293918961077,,True,-1.5556336629169323,-1.2250132303470718,4.480907638336305,-0.16098602002447837
rep_vsf_7s6PyXJ,rep,rep_labelled,validation,VSF,Jubilee,rep_vsf_7s6PyXJ,https://www.reddit.com/r/RepTimeQC/comments/1u1h4ix/first_time_qc_vsf_v3_gmtmaster_ii_batgirl/,https://imgur.com/a/vsf-v3-gmt-master-ii-batgirl-7s6PyXJ,rep/validation/rep_vsf_7s6PyXJ/image_02.jpg,1800,1013,2b58c2a6d70334f3c6f5cb05e0c9a4a82e0d330b5ccb31f9d22ca291c34c3aee,19130b8f8f0f4b0f,rep_vsf_oVwWMrC/image_00.jpg,Community QC; 6 marker notably left and 12 slightly tilted per comments,acquisition_failed,Minute-track-first acquisition unavailable: minor ticks could not establish a dial ellipse.,acquisition_failed,False,0.0,,,,,,,,,,,,,,,,,,,,,,,,,,,,,,,,,,,,,,,,,,,,,,,,,,,,,,,,,,,,,,,,,,,,,,,,,,,,,,,,,,,,,,,,,,,,,,,
rep_vsf_7s6PyXJ,rep,rep_labelled,validation,VSF,Jubilee,rep_vsf_7s6PyXJ,https://www.reddit.com/r/RepTimeQC/comments/1u1h4ix/first_time_qc_vsf_v3_gmtmaster_ii_batgirl/,https://imgur.com/a/vsf-v3-gmt-master-ii-batgirl-7s6PyXJ,rep/validation/rep_vsf_7s6PyXJ/image_03.jpg,1800,1013,dd961e804a09598e5140f600d792bd726833fd02ae4daa029bd3db87d4edda15,8fab73ed89d9c99f,,Community QC; 6 marker notably left and 12 slightly tilted per comments,acquisition_failed,Minute-track-first acquisition unavailable: minor ticks could not establish a dial ellipse.,acquisition_failed,False,0.0,,,,,,,,,,,,,,,,,,,,,,,,,,,,,,,,,,,,,,,,,,,,,,,,,,,,,,,,,,,,,,,,,,,,,,,,,,,,,,,,,,,,,,,,,,,,,,,
rep_vsf_7s6PyXJ,rep,rep_labelled,validation,VSF,Jubilee,rep_vsf_7s6PyXJ,https://www.reddit.com/r/RepTimeQC/comments/1u1h4ix/first_time_qc_vsf_v3_gmtmaster_ii_batgirl/,https://imgur.com/a/vsf-v3-gmt-master-ii-batgirl-7s6PyXJ,rep/validation/rep_vsf_7s6PyXJ/image_04.jpg,1800,1013,9a611280c50f89d400e79a524785102e1931fb2110fbd72f30d1f413441bb98e,4f8f0f0f4f5f3f2f,,Community QC; 6 marker notably left and 12 slightly tilted per comments,acquisition_failed,Minute-track-first acquisition unavailable: minor ticks could not establish a dial ellipse.,acquisition_failed,False,0.0,,,,,,,,,,,,,,,,,,,,,,,,,,,,,,,,,,,,,,,,,,,,,,,,,,,,,,,,,,,,,,,,,,,,,,,,,,,,,,,,,,,,,,,,,,,,,,,
rep_vsf_7s6PyXJ,rep,rep_labelled,validation,VSF,Jubilee,rep_vsf_7s6PyXJ,https://www.reddit.com/r/RepTimeQC/comments/1u1h4ix/first_time_qc_vsf_v3_gmtmaster_ii_batgirl/,https://imgur.com/a/vsf-v3-gmt-master-ii-batgirl-7s6PyXJ,rep/validation/rep_vsf_7s6PyXJ/image_05.jpg,1800,1013,ac10a5307b1a53add859558211461753c159892ecbd0c240f905545252173817,4f0f0f2f1f2f3f1f,,Community QC; 6 marker notably left and 12 slightly tilted per comments,rejected,,minute_track_first,False,0.35,42.38867218258989,234.11426467895518,0.30337036924095845,-0.475,2.402495384125566,True,True,2.200107884410632e-05,0.3613567344322972,True,True,797.7094116210938,706.94189453125,397.8264495849611,538.6306091308596,95.0244140625,3,-0.5,2.158257763782765,2.436089619272005,True,False,1.007499999999999,6.394969882171533,10.0,False,0.02500000000000005,2.1445449184525405,36,True,2.0535409245818257,6.6470360227107745,0.75,12,3.5117139701843274,7.491656469726566,5.150513822937014,False,4.452257263722754,4.452257263722754,3.168006040017304,3.0004418987593655,3.0004418987593655,4.693033721169765,0.001054688929719256,-0.032929610083482365,FAIL,8.030778948769779,0.3229166666666667,0,False,,,,True,-0.43384249060932234,4.79117785743699,,True,3.1182007734336423,3.7254778996304916,,False,,,,False,,,,True,-0.017539719804972265,-0.054449617061758104,,True,0.00570760389842917,-0.003906417281052121,,False,,,,False,,,,False,,,,False,,,,
rep_vsf_7s6PyXJ,rep,rep_labelled,validation,VSF,Jubilee,rep_vsf_7s6PyXJ,https://www.reddit.com/r/RepTimeQC/comments/1u1h4ix/first_time_qc_vsf_v3_gmtmaster_ii_batgirl/,https://imgur.com/a/vsf-v3-gmt-master-ii-batgirl-7s6PyXJ,rep/validation/rep_vsf_7s6PyXJ/image_06.jpg,1800,1013,ce1574d478e1e3e5f07aef88ebc3cb0c9e1789a2314663b4881a5f4e3f754d71,a7074f6b573fff7f,,Community QC; 6 marker notably left and 12 slightly tilted per comments,acquisition_failed,Minute-track-first acquisition unavailable: minor ticks could not establish a dial ellipse.,acquisition_failed,False,0.0,,,,,,,,,,,,,,,,,,,,,,,,,,,,,,,,,,,,,,,,,,,,,,,,,,,,,,,,,,,,,,,,,,,,,,,,,,,,,,,,,,,,,,,,,,,,,,,
rep_vsf_7s6PyXJ,rep,rep_labelled,validation,VSF,Jubilee,rep_vsf_7s6PyXJ,https://www.reddit.com/r/RepTimeQC/comments/1u1h4ix/first_time_qc_vsf_v3_gmtmaster_ii_batgirl/,https://imgur.com/a/vsf-v3-gmt-master-ii-batgirl-7s6PyXJ,rep/validation/rep_vsf_7s6PyXJ/image_07.jpg,1800,1013,e113f7500dec8b8d4c0d059afa20be615d7a66bb9dfe824ce4d8484628d45c3e,3d8d0dfb9f3f9fff,,Community QC; 6 marker notably left and 12 slightly tilted per comments,acquisition_failed,Minute-track-first acquisition unavailable: no stable approximate dial centre was found.,acquisition_failed,False,0.0,,,,,,,,,,,,,,,,,,,,,,,,,,,,,,,,,,,,,,,,,,,,,,,,,,,,,,,,,,,,,,,,,,,,,,,,,,,,,,,,,,,,,,,,,,,,,,,
rep_vsf_7s6PyXJ,rep,rep_labelled,validation,VSF,Jubilee,rep_vsf_7s6PyXJ,https://www.reddit.com/r/RepTimeQC/comments/1u1h4ix/first_time_qc_vsf_v3_gmtmaster_ii_batgirl/,https://imgur.com/a/vsf-v3-gmt-master-ii-batgirl-7s6PyXJ,rep/validation/rep_vsf_7s6PyXJ/image_08.jpg,1800,1013,4491dba64665a59360d4d3cb7f38c467074a0567c6ad6cde72d801bb04222d89,1091911313030b0f,,Community QC; 6 marker notably left and 12 slightly tilted per comments,acquisition_failed,Minute-track-first acquisition unavailable: minor ticks could not establish a dial ellipse.,acquisition_failed,False,0.0,,,,,,,,,,,,,,,,,,,,,,,,,,,,,,,,,,,,,,,,,,,,,,,,,,,,,,,,,,,,,,,,,,,,,,,,,,,,,,,,,,,,,,,,,,,,,,,
rep_vsf_7s6PyXJ,rep,rep_labelled,validation,VSF,Jubilee,rep_vsf_7s6PyXJ,https://www.reddit.com/r/RepTimeQC/comments/1u1h4ix/first_time_qc_vsf_v3_gmtmaster_ii_batgirl/,https://imgur.com/a/vsf-v3-gmt-master-ii-batgirl-7s6PyXJ,rep/validation/rep_vsf_7s6PyXJ/image_09.jpg,1800,1013,99a236886b79de329cda63e93881026d26a490493a1819f60bee5530f3ee6d54,9090919393930f0f,,Community QC; 6 marker notably left and 12 slightly tilted per comments,acquisition_failed,Minute-track-first acquisition unavailable: minor ticks could not establish a dial ellipse.,acquisition_failed,False,0.0,,,,,,,,,,,,,,,,,,,,,,,,,,,,,,,,,,,,,,,,,,,,,,,,,,,,,,,,,,,,,,,,,,,,,,,,,,,,,,,,,,,,,,,,,,,,,,,
rep_vsf_f980504_SHiztEn,rep,rep_labelled,validation,VSF,Oyster,rep_vsf_f980504_SHiztEn,https://www.reddit.com/r/RepTimeQC/comments/1nv3lz8,https://imgur.com/a/f980504-SHiztEn,rep/validation/rep_vsf_f980504_SHiztEn/image_00.jpg,1800,1013,2817e7058a582b1c1db8e185a80aed9f2493803e271194802236d1fa24bdfdd8,93b36b4dcd4d6931,,VSF-labelled exact-reference QC; bracelet configuration disputed in comments so bracelet is recorded explicitly,accepted,,minute_track_first,True,0.9518025325370141,4.061882555077916,289.88865783691375,0.031875235301774725,-2.099999999999977,2.0752933357882997,True,True,2.2106608872451865e-05,0.008931495576028797,False,False,782.2594604492188,419.5079345703125,579.0482366943353,580.5063946533197,7.94123649597168,9,-1.8999999999999773,0.649472323952069,1.87576162683417,True,True,0.9999999999999991,3.535320261834725,5.741094814592962,True,-0.1999999999999997,0.6212418655864369,36,True,0.6655306710275047,0.9519159664463765,1.0,12,4.348329867553706,9.27643705078124,6.377550472412102,False,1.9284887741750105,1.9284887741750105,1.7214580556039811,0.6926709335493618,0.6926709335493618,0.7103655771569449,-0.0034374486061923702,-2.864633063259902e-08,not_evaluated,,,,True,1.5537572975256602,-7.464636715956152,,True,1.5858861383443568,-7.444738078907321,,True,1.5372608433054893,-7.043896483198397,,True,1.4769719419799685,-7.077876038181952,,True,2.200999353409827,-3.3356830547494165,1.2499050708577641,True,1.3749142901066875,-7.297297513840572,,True,1.0768642684467125,-7.639696514850747,,True,1.9295923505759447,-4.203004744960537,2.8002264485058106,True,1.4904330323510067,-7.757041232303818,,True,1.4789637396299895,-7.687208314462346,,False,,,,
rep_vsf_f980504_SHiztEn,rep,rep_labelled,validation,VSF,Oyster,rep_vsf_f980504_SHiztEn,https://www.reddit.com/r/RepTimeQC/comments/1nv3lz8,https://imgur.com/a/f980504-SHiztEn,rep/validation/rep_vsf_f980504_SHiztEn/image_01.jpg,1800,1013,9df18ebd44324c6b068e9710aff4378c548bc53fde63e8f1b496678fcd91c97a,3333694d4d6d6931,,VSF-labelled exact-reference QC; bracelet configuration disputed in comments so bracelet is recorded explicitly,accepted,,minute_track_first,True,0.9520662546162371,1.9972648356165277,293.72354705810517,0.015683304653617086,0.30000000000001137,0.2973162757686233,True,True,1.9608110048410027e-05,0.006458228736618333,False,False,781.6907958984375,426.8939208984375,587.2686004638665,587.625587768554,94.73405456542969,10,-1.6999999999999886,0.6904778787469602,1.7038782893767455,True,True,0.9999999999999991,3.5524046258381334,6.7154682920443625,True,2.0,0.6778528885299933,36,True,0.6684869760962346,1.0765310826300736,1.0,12,4.405853205871577,9.399153505859365,6.461918035278313,False,2.058387298890081,2.058387298890081,1.709977647432603,0.8208864934851557,0.8208864934851557,0.7919528676198704,-0.002578228563066057,-0.00042968254356420506,not_evaluated,,,,True,1.8871262185380289,-7.351158912604405,,True,1.7609785445975064,-7.373494630498545,,True,1.7427668809905867,-7.123310593260479,,True,1.6795954268931723,-7.1267243073985025,,True,2.4365336674827915,-3.3088801613621266,-0.12331232038147277,True,1.5108358346867021,-7.360796463236541,,True,1.1378888329560937,-7.6685385603614264,,True,2.4807675534615328,-4.12570153360109,2.4232556176381195,True,1.7615945646962246,-7.719529210784259,,True,1.7208822470890937,-7.557978126790099,,True,2.1760661047881626,-7.500915305078426,,-7.4187205015292
rep_vsf_f980504_SHiztEn,rep,rep_labelled,validation,VSF,Oyster,rep_vsf_f980504_SHiztEn,https://www.reddit.com/r/RepTimeQC/comments/1nv3lz8,https://imgur.com/a/f980504-SHiztEn,rep/validation/rep_vsf_f980504_SHiztEn/image_02.jpg,1800,1013,5ce2657c2723f7de7dc5665a669ef0fc4f6f3a7da5bbb7c4e0a81c2e1a6c9f46,2333694d4d4d6931,rep_vsf_f980504_SHiztEn/image_01.jpg,VSF-labelled exact-reference QC; bracelet configuration disputed in comments so bracelet is recorded explicitly,accepted,,minute_track_first,True,0.947080585451006,3.6814816447419414,295.8505044555661,0.02889439753586222,-1.7000000000000028,1.6767669788621653,True,True,3.1158585246342154e-05,0.0076486304335904465,False,False,778.95751953125,424.7371520996094,591.0898681640618,592.3121496582025,9.866766929626465,10,0.29999999999999716,0.723804949800446,0.3193779737321407,True,True,0.9999999999999991,5.5201779077137445,7.2038432471524345,True,-2.0,0.7190072483158014,36,True,0.7808225188398528,1.0661239961865256,1.0,12,4.437757566833492,9.467216142578117,6.508711098022454,False,2.3654137547965437,2.3654137547965437,1.769380773748945,0.7494782609053295,0.7494782609053295,0.8691709102280231,-0.008464607129002237,-0.003074081147341798,not_evaluated,,,,True,-0.47792255994045263,-7.490199284506572,,True,-0.3993996627136198,-7.4972690518882885,,True,-0.3293654103929953,-7.0645942168759746,,True,-0.6068811151808404,-6.9718120204318,,True,-0.8640226975746828,-3.1048452270989846,0.3828084197123758,True,-0.5581993874914701,-7.441431607737147,,True,-1.4935850314526533,-7.734503470711851,,True,-0.8669860378216754,-4.31086756783754,-0.963939433295991,False,,,,True,-0.33620603006869487,-7.841159922107721,,False,,,,
rep_vsf_f980504_SHiztEn,rep,rep_labelled,validation,VSF,Oyster,rep_vsf_f980504_SHiztEn,https://www.reddit.com/r/RepTimeQC/comments/1nv3lz8,https://imgur.com/a/f980504-SHiztEn,rep/validation/rep_vsf_f980504_SHiztEn/image_03.jpg,1800,1013,44c688f76d3577af82d4cccfcfbac74d2dd5edca91734284915f0b5a3d6893cd,c3e363d0ccc4cc87,,VSF-labelled exact-reference QC; bracelet configuration disputed in comments so bracelet is recorded explicitly,rejected,,minute_track_first,False,0.35,19.531828945262507,103.05970420837394,0.15044870870983199,-5.699999999999989,4.2157898663961975,False,False,1.816463636817341e-05,0.1298427722485901,False,False,713.3768920898438,632.8525390625,200.0132446289061,212.2255722045897,25.525232315063477,4,-3.6999999999999886,1.2491567685358658,2.2759079390660952,True,True,1.0124999999999988,1.277673235612153,2.717810631178753,True,-2.0,1.1454257729549793,36,False,1.707648112729896,6.70014880577154,0.6666666666666666,12,1.545895563125609,3.2979105346679662,2.2673134925842264,False,2.171062985180269,2.171062985180269,1.6664317701952764,2.613868442581061,2.613868442581061,2.6930769787227518,0.038848166290168046,0.15044870870983199,not_evaluated,,,,False,,,,False,,,,True,-0.586284254370014,5.636553358455531,,False,,,,False,,,,False,,,,False,,,,False,,,,True,-0.5161980484588753,-2.9945293710180176,,False,,,,False,,,,
rep_vsf_f980504_SHiztEn,rep,rep_labelled,validation,VSF,Oyster,rep_vsf_f980504_SHiztEn,https://www.reddit.com/r/RepTimeQC/comments/1nv3lz8,https://imgur.com/a/f980504-SHiztEn,rep/validation/rep_vsf_f980504_SHiztEn/image_04.jpg,1800,1013,802bcbe98fadcf777a7922d7418a02ab356692c42ddef023e4c2860d00e9b715,d399c97317030707,,VSF-labelled exact-reference QC; bracelet configuration disputed in comments so bracelet is recorded explicitly,acquisition_failed,Minute-track-first acquisition unavailable: minor ticks could not establish a dial ellipse.,acquisition_failed,False,0.0,,,,,,,,,,,,,,,,,,,,,,,,,,,,,,,,,,,,,,,,,,,,,,,,,,,,,,,,,,,,,,,,,,,,,,,,,,,,,,,,,,,,,,,,,,,,,,,
rep_vsf_f980504_SHiztEn,rep,rep_labelled,validation,VSF,Oyster,rep_vsf_f980504_SHiztEn,https://www.reddit.com/r/RepTimeQC/comments/1nv3lz8,https://imgur.com/a/f980504-SHiztEn,rep/validation/rep_vsf_f980504_SHiztEn/image_05.jpg,1800,1013,cf68ffda5291ffb7d3114d37f3026331c6cccb1b12b51f2ac28defd2495029f0,9d9dd963271b0707,,VSF-labelled exact-reference QC; bracelet configuration disputed in comments so bracelet is recorded explicitly,rejected,,minute_track_first,False,0.35,42.89586288613375,277.376351509094,0.3063005878511261,-2.2500000000000226,0.7692318304906696,True,True,2.7736081898532535e-05,0.34943091187899256,True,True,954.7746138394165,687.6137361883546,469.1322688293453,640.3731372070307,83.6711196899414,1,-2.6000000000000227,2.463423310934753,1.245083284791506,True,True,0.9999999999999991,3.5582584349420943,9.998747681435919,True,0.3500000000000001,2.3750880266906274,36,True,1.9950279841404983,6.688859613578774,0.8333333333333334,12,4.160645272636409,8.876043248291008,6.102279733200067,False,3.614284258980635,3.614284258980635,3.056041861730208,2.689711062267173,2.689711062267173,3.5176320228497815,-0.0663005878511261,-0.30630058785112607,AMBIGUOUS,4.323154364270233,0.2916666666666667,2,True,0.12942307626534344,3.022579636385969,,True,-0.10195098584409834,2.4972298189772757,,False,,,,True,3.3998680562035872,1.040089722179427,,False,,,,False,,,,False,,,,True,2.909475520600722,-0.3918769448864712,-0.3378996367663376,False,,,,False,,,,False,,,,
rep_vsf_f980504_SHiztEn,rep,rep_labelled,validation,VSF,Oyster,rep_vsf_f980504_SHiztEn,https://www.reddit.com/r/RepTimeQC/comments/1nv3lz8,https://imgur.com/a/f980504-SHiztEn,rep/validation/rep_vsf_f980504_SHiztEn/image_06.jpg,1800,1013,75d9a777a9c9d7bfb774581678bc1364d1f8fd43f4b29e75f720baf8d283b342,d4c44d69130d0303,,VSF-labelled exact-reference QC; bracelet configuration disputed in comments so bracelet is recorded explicitly,acquisition_failed,Minute-track-first acquisition unavailable: no stable approximate dial centre was found.,acquisition_failed,False,0.0,,,,,,,,,,,,,,,,,,,,,,,,,,,,,,,,,,,,,,,,,,,,,,,,,,,,,,,,,,,,,,,,,,,,,,,,,,,,,,,,,,,,,,,,,,,,,,,
rep_vsf_f980504_SHiztEn,rep,rep_labelled,validation,VSF,Oyster,rep_vsf_f980504_SHiztEn,https://www.reddit.com/r/RepTimeQC/comments/1nv3lz8,https://imgur.com/a/f980504-SHiztEn,rep/validation/rep_vsf_f980504_SHiztEn/image_07.jpg,1800,1013,a40ee9484f89652761cc6aeb89809aa8be50803752b91e238b08a8c799c3effa,c4c44d69170b0303,,VSF-labelled exact-reference QC; bracelet configuration disputed in comments so bracelet is recorded explicitly,acquisition_failed,Minute-track-first acquisition unavailable: no stable approximate dial centre was found.,acquisition_failed,False,0.0,,,,,,,,,,,,,,,,,,,,,,,,,,,,,,,,,,,,,,,,,,,,,,,,,,,,,,,,,,,,,,,,,,,,,,,,,,,,,,,,,,,,,,,,,,,,,,,
rep_vsf_f980504_SHiztEn,rep,rep_labelled,validation,VSF,Oyster,rep_vsf_f980504_SHiztEn,https://www.reddit.com/r/RepTimeQC/comments/1nv3lz8,https://imgur.com/a/f980504-SHiztEn,rep/validation/rep_vsf_f980504_SHiztEn/image_08.jpg,1800,1013,aa5ec8062c8650a7ea05d24ed7a4f59741c675fe71ddf2215bc37c79b1ef5ba3,3232323333333169,,VSF-labelled exact-reference QC; bracelet configuration disputed in comments so bracelet is recorded explicitly,acquisition_failed,Minute-track-first acquisition unavailable: no stable approximate dial centre was found.,acquisition_failed,False,0.0,,,,,,,,,,,,,,,,,,,,,,,,,,,,,,,,,,,,,,,,,,,,,,,,,,,,,,,,,,,,,,,,,,,,,,,,,,,,,,,,,,,,,,,,,,,,,,,
rep_vsf_f980504_SHiztEn,rep,rep_labelled,validation,VSF,Oyster,rep_vsf_f980504_SHiztEn,https://www.reddit.com/r/RepTimeQC/comments/1nv3lz8,https://imgur.com/a/f980504-SHiztEn,rep/validation/rep_vsf_f980504_SHiztEn/image_09.jpg,1800,1013,3b42102560d9f056305bc15930637c8bee9be78a1da6c2a81d6cee8f7d9b455b,303232323233306c,,VSF-labelled exact-reference QC; bracelet configuration disputed in comments so bracelet is recorded explicitly,acquisition_failed,Minute-track-first acquisition unavailable: no stable approximate dial centre was found.,acquisition_failed,False,0.0,,,,,,,,,,,,,,,,,,,,,,,,,,,,,,,,,,,,,,,,,,,,,,,,,,,,,,,,,,,,,,,,,,,,,,,,,,,,,,,,,,,,,,,,,,,,,,,
rep_cf_xK08a3L,rep,rep_labelled,calibration,Clean,unknown,rep_cf_xK08a3L,https://www.reddit.com/r/RepTimeQC/comments/15wls3u,https://imgur.com/a/xK08a3L,rep/calibration/rep_cf_xK08a3L/image_00.jpg,1800,1796,28fa63f995a8605f626e2c71ee5c0160c4c9583f61d36557173964f9b0536468,969604060e07868e,,Clean Factory community QC set,rejected,,minute_track_first,False,0.35,30.65639501155183,440.13846679687515,0.22944977055843813,1.4249999999999954,2.5308224093129104,True,True,24.417043379487847,0.22041762837009696,True,True,738.7211303710938,641.6811627734374,814.1419384765628,946.4119287109379,89.45208740234375,10,1.899999999999995,3.0432967728223774,2.297093547999786,True,True,0.9999999999999991,6.042126843637316,8.036953800597722,True,-0.47499999999999964,2.0923054459342483,36,True,4.905213756736416,9.45964947233583,0.9166666666666666,12,6.602077001953127,14.084430937500006,9.683046269531253,True,4.489088827441048,4.138769054472863,4.138769054472863,4.522311703104799,4.296826088523171,4.296826088523171,0.09055025914147798,-0.01632465912658651,AMBIGUOUS,15.12028442436846,0.2586805555555556,2,True,0.5025968978906015,2.636560085643236,,False,,,,True,-2.3295010740312136,-5.0590506833800735,,False,,,,False,,,,False,,,,False,,,,False,,,,False,,,,False,,,,True,-0.10348723268970161,-5.584864139153234,10.156711038357088,3.397776458173181
rep_cf_xK08a3L,rep,rep_labelled,calibration,Clean,unknown,rep_cf_xK08a3L,https://www.reddit.com/r/RepTimeQC/comments/15wls3u,https://imgur.com/a/xK08a3L,rep/calibration/rep_cf_xK08a3L/image_01.jpg,960,1280,982b17c4f1fd430b21155923814508954e28728e2261ddd87d12444082da72c5,1c32160d2d0f0f6e,,Clean Factory community QC set,accepted,,minute_track_first,True,0.7722536618214019,3.8948607669448703,212.5924449920655,0.03056661070474159,0.6499999999999958,0.674272174275754,True,True,1.6316564049430773e-05,0.45827150872397954,True,False,486.7889099121094,535.2152709960938,424.693313598633,425.6764663696291,11.409673690795898,5,0.6999999999999957,0.7592961723023317,0.72416511535933,True,True,1.0249999999999986,0.3266242125004156,2.311810885484536,True,-0.049999999999999954,0.7247776780234112,36,True,0.8174105648867197,1.3608598127024745,1.0,12,3.1888866748809823,6.802958239746096,4.677033789825441,False,2.2654708300915263,2.2654708300915263,1.4743151973799418,0.8650791721527326,0.8650791721527326,1.542099376732044,-0.003437573942540174,0.009687573164466962,PASS,17.906026191445974,0.3628472222222222,3,True,0.18787695980416075,0.23824486586826454,,True,0.5198661982308366,-0.13596630003214205,,True,0.5879842236906114,-0.004287101845423802,,True,0.3530519641898593,0.7200360966352126,,True,0.4557906155592377,0.4360585240682058,1.9683097340497397,True,0.14243914038837602,1.0129150605871273,,False,,,,True,-0.6930776439730835,0.919999339729638,0.7746235816765363,True,0.006859437911430177,0.09525564955272792,,True,-0.30473586023668986,0.1634145341087634,,True,0.5883881401120257,-0.541526368820755,-4.243242757362225,2.229238513316778
rep_cf_xK08a3L,rep,rep_labelled,calibration,Clean,unknown,rep_cf_xK08a3L,https://www.reddit.com/r/RepTimeQC/comments/15wls3u,https://imgur.com/a/xK08a3L,rep/calibration/rep_cf_xK08a3L/image_02.jpg,960,1280,16ff024491eb669e4ce40a50ee8dbdd2b61fa7cdf2b614b45fb99ba4f3405dbb,0d3b1b2004460f0f,,Clean Factory community QC set,accepted,,minute_track_first,True,0.6947873645545257,12.182459523324303,302.13875976562514,0.09496150261381407,2.199999999999995,2.2963839770488392,True,True,3.6571094883289765,0.04597455009093087,False,False,521.9793701171875,383.5791889355469,597.3960351562503,611.1590039062503,84.97748565673828,4,2.199999999999995,1.3842315758841066,2.364576716206622,True,True,0.9999999999999991,1.5462148827213742,5.74286594289993,True,0.0,1.3118417763257426,36,True,1.4949337719150724,4.168795282470767,1.0,12,4.532081396484377,9.668440312500005,6.647052714843753,True,2.1470393535999177,1.2935071411874415,1.2935071411874415,2.1396122089238645,2.034239452941419,2.034239452941419,-0.000859398594225199,0.01761714796181386,not_evaluated,,,,True,2.912953862779176,0.8005770047387784,,True,3.3505911948994296,-0.5876440944959316,,True,3.5632963768571813,-2.9438640571723185,,False,,,,False,,,,True,3.0247407103337594,-2.3057777814762925,,True,2.0626054939463074,-2.5685738808024716,,True,3.8485380539901257,-0.6764477683420478,2.805206541981107,True,2.635645130956334,0.1337713153908182,,True,2.8622110686611677,1.2477157714253728,,True,3.9596189581570913,-0.5205644767819484,-8.727465200870228,3.393769466853565
rep_cf_xK08a3L,rep,rep_labelled,calibration,Clean,unknown,rep_cf_xK08a3L,https://www.reddit.com/r/RepTimeQC/comments/15wls3u,https://imgur.com/a/xK08a3L,rep/calibration/rep_cf_xK08a3L/image_03.jpg,960,1280,a0063d6dee1e8e1c0f0b0066fa949e80c4be1e39ad77f7b2bb07059719829163,3a1316044607070f,,Clean Factory community QC set,accepted,,minute_track_first,True,0.9163321223965681,8.473108956849714,311.83114013671855,0.06630534580015918,2.149999999999995,2.0297219436327665,True,True,8.412437634365225e-06,0.006833107901640708,False,False,444.51446533203125,455.2685241699219,620.2400061035152,627.0845544433589,170.84353637695312,5,2.199999999999995,1.2007508191172256,2.0792157590274543,True,True,0.9999999999999991,5.387224379950555,6.641892698263,True,-0.049999999999999954,1.1924391301150026,36,True,1.2695602772643229,2.649819780521222,1.0,12,4.677467102050778,9.978596484374993,6.860285083007808,False,2.754984622363504,2.754984622363504,2.5513124572885055,1.4106985370921077,1.4106985370921077,1.3578766891584166,0.02214843791307243,-2.425131703250489e-08,not_evaluated,,,,False,,,,False,,,,False,,,,True,0.028006819081383583,7.972327518674316,,True,-2.784466146092768,-5.605851156242214,-0.5724632974975634,False,,,,True,-0.08295210813628273,7.66739740428134,,True,-3.335864287954678,-5.2827686175976,-0.45692502345670505,False,,,,False,,,,False,,,,
rep_cf_xK08a3L,rep,rep_labelled,calibration,Clean,unknown,rep_cf_xK08a3L,https://www.reddit.com/r/RepTimeQC/comments/15wls3u,https://imgur.com/a/xK08a3L,rep/calibration/rep_cf_xK08a3L/image_04.jpg,1280,1706,2e2daa6c18cd21d299721b8ca548719628f237332b6803af4795bbacbcd8040d,438f9e8617cee194,,Clean Factory community QC set,rejected,,minute_track_first,False,0.3130932697778011,34.482029996111216,118.10584178924549,0.254766480141902,1.6499999999999957,1.5148017257237767,True,False,11.908877237014963,0.3419513037568059,False,False,583.859108343811,822.392067328186,213.46245895385718,258.96090820312475,86.98110961914062,2,1.6999999999999957,2.517080405917625,2.6997217658167205,True,False,0.96,6.258887167303499,9.501837806215214,False,-0.049999999999999954,2.0129622062269563,36,False,2.2619285234353175,9.1328187841919,0.5833333333333334,12,1.7715876268386823,3.7793869372558557,2.5983285193634007,True,4.558023904216199,3.9480328236500872,3.9480328236500872,3.978372027308905,3.2084269224763506,3.2084269224763506,0.14882715305391353,0.015546293185414199,not_evaluated,,,,False,,,,False,,,,False,,,,True,-0.5644974395299869,-2.626274738873624,,False,,,,True,3.094541078812739,2.6237562586333807,,True,-0.1860169923356807,-2.2863067289602967,,True,-0.3004597006194558,-3.7263958600740055,-4.075120194196501,True,0.1333849280379127,-4.901609756292813,,False,,,,False,,,,
rep_cf_xK08a3L,rep,rep_labelled,calibration,Clean,unknown,rep_cf_xK08a3L,https://www.reddit.com/r/RepTimeQC/comments/15wls3u,https://imgur.com/a/xK08a3L,rep/calibration/rep_cf_xK08a3L/image_05.jpg,1280,1706,ef3f189af23f5ff59b0dcd21889298ad79b7acece86666ea16c136d9681dc1dc,248889cd4265e563,,Clean Factory community QC set,acquisition_failed,Minute-track-first acquisition unavailable: minor ticks could not establish a dial ellipse.,acquisition_failed,False,0.0,,,,,,,,,,,,,,,,,,,,,,,,,,,,,,,,,,,,,,,,,,,,,,,,,,,,,,,,,,,,,,,,,,,,,,,,,,,,,,,,,,,,,,,,,,,,,,,
rep_cf_xK08a3L,rep,rep_labelled,calibration,Clean,unknown,rep_cf_xK08a3L,https://www.reddit.com/r/RepTimeQC/comments/15wls3u,https://imgur.com/a/xK08a3L,rep/calibration/rep_cf_xK08a3L/image_06.jpg,1280,1706,a6c2829ce9d43f22b6c05eb49f1419be67c257d7a28e480accbdde00630e4390,32a6854f478ff5ac,,Clean Factory community QC set,acquisition_failed,Minute-track-first acquisition unavailable: minor ticks could not establish a dial ellipse.,acquisition_failed,False,0.0,,,,,,,,,,,,,,,,,,,,,,,,,,,,,,,,,,,,,,,,,,,,,,,,,,,,,,,,,,,,,,,,,,,,,,,,,,,,,,,,,,,,,,,,,,,,,,,
rep_cf_xK08a3L,rep,rep_labelled,calibration,Clean,unknown,rep_cf_xK08a3L,https://www.reddit.com/r/RepTimeQC/comments/15wls3u,https://imgur.com/a/xK08a3L,rep/calibration/rep_cf_xK08a3L/image_07.jpg,1280,1706,edf8d9a919f7d501cc90e90571cbe1b7f7b654883f2462df5903106de5ebcc1b,38218d8f4113cf78,,Clean Factory community QC set,acquisition_failed,Minute-track-first acquisition unavailable: minor ticks could not establish a dial ellipse.,acquisition_failed,False,0.0,,,,,,,,,,,,,,,,,,,,,,,,,,,,,,,,,,,,,,,,,,,,,,,,,,,,,,,,,,,,,,,,,,,,,,,,,,,,,,,,,,,,,,,,,,,,,,,
rep_cf_UpTW8nx,rep,rep_labelled,validation,Clean,Jubilee,rep_cf_UpTW8nx,https://www.reddit.com/r/RepTimeQC/comments/14ga7kp,https://imgur.com/a/UpTW8nx,rep/validation/rep_cf_UpTW8nx/image_00.jpg,1800,1013,bbb9093b2dfea01e6d29643bc2b9f182b3c99fe4b57f606d2ff67d88be71eaf9,2f67361e27373f4f,,Clean Factory Batgirl; thread flags date-wheel centring,rejected,,minute_track_first,False,0.35,33.064042683778226,116.65987197875981,0.24550925552658046,1.2749999999999968,2.0578974806363064,True,True,5.372218617515754,0.444569412417176,True,True,1116.063720703125,324.0169982910156,212.76357238769538,253.87591552734384,119.51214599609375,5,1.3999999999999968,0.7245453164961259,3.003355472208339,True,True,0.9999999999999991,1.6443314998131489,4.493614710068683,True,-0.12499999999999994,0.7872745365011495,36,True,0.8588668564518376,1.0298147473049524,1.0,12,1.749898079681397,3.733115903320314,2.566517183532716,True,1.6166258391697963,0.8529690414884016,0.8529690414884016,1.3902347177777825,0.8749855458171595,0.8749855458171595,-0.025509255526580458,0.009295431973419541,AMBIGUOUS,10.08983927903994,0.4947916666666667,2,False,,,,False,,,,False,,,,False,,,,False,,,,True,-1.24913307229167,0.7724347684644362,,True,-0.7184792924332442,3.5677959630711853,,True,-1.5041899795098175,2.1674216979389316,-0.6158238302189716,True,-1.9802752502060343,4.978665882325739,,True,-2.590577892409044,4.048643885791858,,False,,,,
rep_cf_UpTW8nx,rep,rep_labelled,validation,Clean,Jubilee,rep_cf_UpTW8nx,https://www.reddit.com/r/RepTimeQC/comments/14ga7kp,https://imgur.com/a/UpTW8nx,rep/validation/rep_cf_UpTW8nx/image_01.jpg,1800,1013,c6d8e645575ab5bff85f38a3ca992a7c9f409e73ef44d2eb90ebc7d073b95a9a,72666b4f7b1e0e9f,,Clean Factory Batgirl; thread flags date-wheel centring,acquisition_failed,Minute-track-first acquisition unavailable: minor ticks could not establish a dial ellipse.,acquisition_failed,False,0.0,,,,,,,,,,,,,,,,,,,,,,,,,,,,,,,,,,,,,,,,,,,,,,,,,,,,,,,,,,,,,,,,,,,,,,,,,,,,,,,,,,,,,,,,,,,,,,,
rep_cf_UpTW8nx,rep,rep_labelled,validation,Clean,Jubilee,rep_cf_UpTW8nx,https://www.reddit.com/r/RepTimeQC/comments/14ga7kp,https://imgur.com/a/UpTW8nx,rep/validation/rep_cf_UpTW8nx/image_02.jpg,1800,1013,38ae0593932813de2a766954f2c764b85cc2cdf018373aef137d7dbfad1bcf26,26a5a72706178786,,Clean Factory Batgirl; thread flags date-wheel centring,rejected,,minute_track_first,False,0.35,38.53758501301155,85.35912025451663,0.28036254586680426,2.7500000000000004,0.7887161376847103,True,True,1.7737019469714015e-05,1.5323041338849805,True,True,500.6200866699219,593.2089233398438,149.8549795532227,191.5815014648438,165.81292724609375,1,2.8000000000000003,0.5920370274404527,0.7482662753709647,True,True,0.9999999999999991,0.8031508942499018,1.0508770292744425,True,-0.049999999999999954,0.5896018713327214,36,True,0.7578406925204024,0.8587332266397825,1.0,12,1.5,3.0,2.0,False,0.7566737875186591,0.7566737875186591,0.6270538086141753,0.7793315033661335,0.7793315033661335,0.7846377075096068,-0.19864379586680425,-0.11692504586680423,FAIL,68.43233779990331,0.9930555555555556,0,True,-0.07969345994058585,2.475559246086345,,False,,,,False,,,,False,,,,False,,,,True,-0.3394378868666763,3.345689964051579,,True,-0.33462325347500155,-0.9012244821367532,,False,,,,True,-0.3374221412785232,-2.9471406361193386,,True,-0.7595892072859556,-2.1664230736356926,,False,,,,
rep_cf_UpTW8nx,rep,rep_labelled,validation,Clean,Jubilee,rep_cf_UpTW8nx,https://www.reddit.com/r/RepTimeQC/comments/14ga7kp,https://imgur.com/a/UpTW8nx,rep/validation/rep_cf_UpTW8nx/image_03.jpg,1800,1013,668bb22e500b390e952f105e0ec4c7f14d433a3b5f89a517700206462e1e5fef,0028107830324010,,Clean Factory Batgirl; thread flags date-wheel centring,acquisition_failed,Minute-track-first acquisition unavailable: no stable approximate dial centre was found.,acquisition_failed,False,0.0,,,,,,,,,,,,,,,,,,,,,,,,,,,,,,,,,,,,,,,,,,,,,,,,,,,,,,,,,,,,,,,,,,,,,,,,,,,,,,,,,,,,,,,,,,,,,,,
rep_cf_UpTW8nx,rep,rep_labelled,validation,Clean,Jubilee,rep_cf_UpTW8nx,https://www.reddit.com/r/RepTimeQC/comments/14ga7kp,https://imgur.com/a/UpTW8nx,rep/validation/rep_cf_UpTW8nx/image_04.jpg,1800,1013,fd4e40c36843beb7977c98d101e1a23ff79a6474c8193bb5dd7e6fcc7018a8fd,02a72727031f0f87,,Clean Factory Batgirl; thread flags date-wheel centring,rejected,,minute_track_first,False,0.35,38.90736480117864,51.737249565124486,0.28262838953628966,4.7249999999999925,1.8518595429138391,True,True,1.582790205151785e-05,2.36675156084566,True,True,315.493408203125,627.1856079101562,90.56536788940426,116.3836303710937,148.11338806152344,2,4.499999999999993,0.6148911335686691,2.0553503693907884,True,True,0.9999999999999991,0.8994380724254736,1.8269796612972873,True,0.225,0.5964692346375362,36,True,0.6405345148889185,2.45016325429043,0.8333333333333334,12,1.5,3.0,2.0,False,0.9673267150687538,0.9673267150687538,0.7779100133362479,1.0188330574662086,1.0188330574662086,1.033069142249988,0.27737161046371034,0.03608254796371037,FAIL,75.0277747487486,0.9739583333333334,0,True,-0.8102875911372394,-2.230857621497495,,True,-0.17391611638890936,3.7558121252893706,,False,,,,True,0.5104755245619117,0.6989474256757222,,True,-1.4570368715043287,-0.7111226461533726,,True,0.5243592828309147,-1.9528165593712066,,True,-0.9347580854980038,5.359216235486841,,False,,,,False,,,,False,,,,False,,,,
rep_cf_UpTW8nx,rep,rep_labelled,validation,Clean,Jubilee,rep_cf_UpTW8nx,https://www.reddit.com/r/RepTimeQC/comments/14ga7kp,https://imgur.com/a/UpTW8nx,rep/validation/rep_cf_UpTW8nx/image_05.jpg,1800,1013,db5375cb6a2aa8fbb0c0ef23ab25c5f309096e901775148ae132dbd09cdf90b0,139717161f170f87,,Clean Factory Batgirl; thread flags date-wheel centring,acquisition_failed,Minute-track-first acquisition unavailable: minor ticks could not establish a dial ellipse.,acquisition_failed,False,0.0,,,,,,,,,,,,,,,,,,,,,,,,,,,,,,,,,,,,,,,,,,,,,,,,,,,,,,,,,,,,,,,,,,,,,,,,,,,,,,,,,,,,,,,,,,,,,,,
rep_cf_UpTW8nx,rep,rep_labelled,validation,Clean,Jubilee,rep_cf_UpTW8nx,https://www.reddit.com/r/RepTimeQC/comments/14ga7kp,https://imgur.com/a/UpTW8nx,rep/validation/rep_cf_UpTW8nx/image_06.jpg,1800,1013,db13a2d5313f0bea4669baa7c4bb1fb86717d57f7cb8814fb34486148858beed,6d46cbcf7b3f0e9e,,Clean Factory Batgirl; thread flags date-wheel centring,rejected,,minute_track_first,False,0.35,30.46459931397715,204.73219642639165,0.228152655536926,0.34999999999999964,0.36938366298279,True,False,1.6409600802909398e-05,0.2967199873602097,False,False,700.0843699279785,590.519287109375,379.10384521484383,439.8249404907228,94.8647232055664,1,0.5999999999999996,3.5727615184498327,0.07992667514498485,True,False,0.9999999999999991,5.95514739833523,9.232817983677602,False,-0.25,3.4354690365235205,36,False,3.0105319683732805,9.579991319292857,0.75,12,3.070982946395875,6.551430285644533,4.504108321380616,False,4.719726908474175,4.719726908474175,4.106410186589525,3.6862633129123683,3.6862633129123683,4.895943326049348,-0.07159015435531278,-0.18491039056771139,not_evaluated,,,,False,,,,True,-0.5224407784924097,-1.9977198728682422,,False,,,,True,3.1540905475545458,2.845802412194409,,False,,,,False,,,,True,0.2289499618715638,3.663231125608113,,True,-1.109879017858475,3.8379425874033646,,False,,,,False,,,,False,,,,
rep_cf_UpTW8nx,rep,rep_labelled,validation,Clean,Jubilee,rep_cf_UpTW8nx,https://www.reddit.com/r/RepTimeQC/comments/14ga7kp,https://imgur.com/a/UpTW8nx,rep/validation/rep_cf_UpTW8nx/image_07.jpg,1800,1013,19146e50dd089d64b5e7ecced879321dbcc5c58a5b9f4cdf4be2a8ff1e57b9b5,93930b0f0f2f330f,,Clean Factory Batgirl; thread flags date-wheel centring,rejected,,minute_track_first,False,0.35,2.5483802485284617,265.8152701187132,0.020008333200554156,-4.050000000000011,4.077631212332135,False,False,2.5438431609432286e-05,0.5793236312782326,False,False,805.1201171875,483.8099670410156,531.3675277709957,531.893552703857,137.39566040039062,4,-2.3000000000000114,0.5434313234536865,2.32796363948915,True,True,0.9999999999999991,3.5834478310613345,6.724926339522216,True,-1.75,0.5239562323102323,36,True,0.6796634212168031,2.8034902230178957,1.0,12,3.987229051780698,8.506088643798822,5.847935942611691,False,1.95750479483216,1.95750479483216,1.9235698001580706,1.0157269804781632,1.0157269804781632,0.9515385066036576,0.0012891783782181048,-0.0008593511097851606,not_evaluated,,,,False,,,,False,,,,True,0.007762567080661142,7.859590625631984,,False,,,,True,3.5852659168104424,-5.81284278163835,2.8765660365275494,False,,,,False,,,,True,3.897075287392056,-5.9440051741784465,1.33550282499192,False,,,,False,,,,False,,,,
rep_cf_UpTW8nx,rep,rep_labelled,validation,Clean,Jubilee,rep_cf_UpTW8nx,https://www.reddit.com/r/RepTimeQC/comments/14ga7kp,https://imgur.com/a/UpTW8nx,rep/validation/rep_cf_UpTW8nx/image_08.jpg,1800,1013,ce1b2a836467d6d54f6385f07c8989ba5d32ae46b77fffbf459c7ac81ef70086,938713131b0f0787,,Clean Factory Batgirl; thread flags date-wheel centring,rejected,,minute_track_first,False,0.2815487670809095,46.448131857373816,55.94116487503048,0.32,-9.400000000000034,0.18940502264294307,True,False,17.28251969446487,0.3623342098360847,False,False,1076.5556640625,449.73724365234375,91.28200206756587,132.48265743255607,26.298452377319336,1,-10.400000000000034,1.4108126408163835,0.8840403196267452,True,False,1.0274999999999985,2.362580758327693,10.0,False,1.0,1.288637192806935,36,False,1.8389841898047807,3.9593478572524687,0.5,12,1.5,3.0,2.0,True,3.1258646999388575,1.9589287886934668,1.9589287886934668,2.7654386997162965,2.2588079089771553,2.2588079089771553,0.2638671875,0.2725000000000001,not_evaluated,,,,True,0.25727052308850773,-4.006092414027151,,True,-0.06620509990045775,-0.00594801004862866,,True,0.34740529101958373,1.1431622192523583,,True,0.6690814813881616,6.848660967217102,,False,,,,False,,,,False,,,,False,,,,True,3.4246575111703237,3.1058301758239093,,True,-0.5706120959843588,4.117940314692725,,False,,,,
rep_cf_UpTW8nx,rep,rep_labelled,validation,Clean,Jubilee,rep_cf_UpTW8nx,https://www.reddit.com/r/RepTimeQC/comments/14ga7kp,https://imgur.com/a/UpTW8nx,rep/validation/rep_cf_UpTW8nx/image_09.jpg,1800,1013,30a3d07a4c9ef20cc88236a7222b795e641818e48c4eec2fa11f1a7e94da27e6,65636b6b3f0e1f96,,Clean Factory Batgirl; thread flags date-wheel centring,acquisition_failed,Minute-track-first acquisition unavailable: minor ticks could not establish a dial ellipse.,acquisition_failed,False,0.0,,,,,,,,,,,,,,,,,,,,,,,,,,,,,,,,,,,,,,,,,,,,,,,,,,,,,,,,,,,,,,,,,,,,,,,,,,,,,,,,,,,,,,,,,,,,,,,
rep_cf_6I00d8w,rep,rep_labelled,calibration,Clean,Jubilee,rep_cf_6I00d8w,https://www.reddit.com/r/RepTimeQC/comments/tfmfak,https://imgur.com/a/6I00d8w,rep/calibration/rep_cf_6I00d8w/image_00.jpg,1800,1013,6d32c9b104d031dbd2349c79e32252bb825dcf4aed9c15c935bc8f251248459d,733e2c2dad6d78f1,,Clean Factory Batgirl; thread notes possible bezel triangle and colour-transition alignment,accepted,,minute_track_first,True,0.9190841808343357,4.189183161115509,188.5350854873658,0.03287246101594933,0.1999999999999946,0.16810228032925542,True,True,1.2707538691332312e-05,0.00987796733369782,False,False,742.0471801757812,489.25824942321776,376.5657853698732,377.57455657959,102.48221588134766,5,0.09999999999999432,0.8748097852416442,0.06785678406344488,True,True,0.9974999999999992,1.3002591518462054,2.1240931087647805,True,0.10000000000000028,0.8640715449112326,36,True,0.8750554387628879,1.3451732230005138,1.0,12,2.828026282310487,6.033122735595706,4.147771880722047,False,1.376950559110416,1.376950559110416,0.9648476824190604,1.0876358458350959,1.0876358458350959,1.0573233372450919,-0.001718750506155347,-0.0004296079726215839,not_evaluated,,,,True,0.610460277701339,-1.1487536748560512,,True,0.29326325480855076,-1.0974665630809732,,True,0.13671458677441706,-0.126406510420618,,True,1.584214878026387,0.23849260665451677,,True,-0.2797638506155522,0.3985875948441908,-0.2943340832344461,True,-0.6790092676733934,-0.6721119059979741,,True,-0.5191909424952428,-0.7490383963694502,,True,-0.5703430192312453,0.38918533970697666,-1.170693362734994,True,-0.6291148527503196,-1.2046963986805492,,True,-0.31381237868163225,-1.557530712499433,,True,0.22829445935370601,-1.3416457836682882,0.844253768204851,-0.6214147862858441
rep_cf_6I00d8w,rep,rep_labelled,calibration,Clean,Jubilee,rep_cf_6I00d8w,https://www.reddit.com/r/RepTimeQC/comments/tfmfak,https://imgur.com/a/6I00d8w,rep/calibration/rep_cf_6I00d8w/image_01.jpg,1800,1013,a0a845e09505956a5d12824d11cc71b15ca26bc5a2cf08d9504886cecf5af79f,73360c2d6d69e8f1,,Clean Factory Batgirl; thread notes possible bezel triangle and colour-transition alignment,accepted,,minute_track_first,True,0.7979250681594798,5.7247780587732375,188.78836441040045,0.0448875273999734,0.174999999999994,0.5418322631977678,True,True,2.799149087651112,0.02250697664006095,False,False,756.0262451171875,464.5115822143555,376.63279769897474,378.5206599426271,126.24284362792969,6,0.19999999999999396,0.8232923192262736,0.06360205974515817,True,True,0.9999999999999991,1.0175563194250028,2.2279249844691833,True,-0.024999999999999953,0.6458748135918783,36,True,0.728392584029026,5.2363021624259645,0.6666666666666666,12,2.8318254661560065,6.041227661132814,4.153344017028809,True,1.287491954160636,1.0188108334770678,1.0188108334770678,2.120671401769527,1.9051632641333047,1.9051632641333047,0.0073046875,-0.000859375,not_evaluated,,,,False,,,,True,0.0951437639639039,0.5102744216422983,,True,0.21446600208980726,1.5485417894595455,,True,1.717352224610181,1.8389732816613935,,True,-0.2908310647424628,0.9290071626366303,-0.45207347419722055,True,-0.8776375327216783,1.0617525860184385,,True,-0.7843334601684546,0.755381740971317,,True,-1.124500053083807,0.9977358162774563,-1.5336448855971128,True,-0.9971628069553731,0.12779757648171408,,True,-0.8036391682135786,-0.21540372634185623,,True,-0.2861297923893744,-0.04362606043402106,0.8698188782793039,0.9889673558918246
rep_cf_6I00d8w,rep,rep_labelled,calibration,Clean,Jubilee,rep_cf_6I00d8w,https://www.reddit.com/r/RepTimeQC/comments/tfmfak,https://imgur.com/a/6I00d8w,rep/calibration/rep_cf_6I00d8w/image_02.jpg,1800,1013,7f624fe89edd638bf14496aebc975d44b732ae81f77e02f3785aa38100cb305e,73662c2d6d69e8f1,rep_cf_6I00d8w/image_01.jpg,Clean Factory Batgirl; thread notes possible bezel triangle and colour-transition alignment,accepted,,minute_track_first,True,0.8490661337952103,6.091612223674417,186.91817180633552,0.047753327149670656,-0.5,1.1920165980550894,True,True,1.9395335509380156,0.019161872407218818,False,False,758.3822472299195,448.75749276031496,372.77792007446305,374.89476715087903,138.85833740234375,7,-0.5,0.7140709220570616,0.6602757410674939,True,True,0.9999999999999991,0.951229329519134,2.190263249348314,True,0.0,0.5630688358409228,36,True,0.5776754940779482,5.116389950220498,0.6666666666666666,12,2.8037725770950326,5.981381497802737,4.112199779739381,True,1.069684602194214,0.8013751830565095,0.8013751830565095,2.0810242093145708,1.8994242332784825,1.8994242332784825,-0.005156250852365371,-0.0008594573389830042,not_evaluated,,,,True,-0.537222250411503,0.5344649788394107,,True,-0.3425596545471876,0.18704190650922214,,True,0.012781831962342949,0.4079331953355414,,True,2.1017161355514986,1.0248088025421431,,True,0.4859205589357316,0.5465399649648872,-0.6713273156970843,True,1.758359030930336,0.8882145850643619,,True,-0.08138998386812091,0.9888950117706741,,True,-0.4475516835691451,1.286238955861585,-0.37017582955809303,True,-0.8499458233266068,0.8994396503906876,,True,-0.8457331967748587,0.5407867708592917,,True,-0.7799619177549744,0.5282562664688961,2.389945533022342,1.7878898744595084
rep_cf_6I00d8w,rep,rep_labelled,calibration,Clean,Jubilee,rep_cf_6I00d8w,https://www.reddit.com/r/RepTimeQC/comments/tfmfak,https://imgur.com/a/6I00d8w,rep/calibration/rep_cf_6I00d8w/image_03.jpg,1800,1013,a73db3e5abd13010d03f2dad72017bfacd52390bb144f9411c033e0e70c09739,26262c6c6969e8f1,,Clean Factory Batgirl; thread notes possible bezel triangle and colour-transition alignment,accepted,,minute_track_first,True,0.8809239356835936,12.375454348539714,179.90545425415044,0.09644260441165031,-2.7750000000000226,2.7282058268893477,True,True,2.512472837626252e-05,0.03212010527489022,False,False,819.2073364257812,484.41869703979495,355.58152145385753,364.04029556274423,179.24020385742188,3,-2.6000000000000227,0.8296880529497174,2.557269740688876,True,True,1.0149999999999988,1.0805421406017643,2.8002642836149545,True,-0.1749999999999997,0.7575928621108595,36,True,0.8382698257964647,3.4199218962141433,0.9166666666666666,12,2.6985818138122566,5.756974536132814,3.9579199935913096,False,2.160631241059248,2.160631241059248,1.5394426069106173,1.5562090639293589,1.5562090639293589,2.191269548112234,-0.052890625777021055,0.04644522828029822,not_evaluated,,,,True,-0.9655368320401294,-5.841084678366459,,False,,,,False,,,,True,0.2612952529849224,-2.717298881444452,,False,,,,True,-0.3332822058990814,0.10609275731437995,,True,0.3836740010862343,-2.7822588418328187,,False,,,,True,-0.01373102452475905,0.3240875971832424,,True,-0.1846540725603063,-1.3099415895217792,,False,,,,
rep_cf_6I00d8w,rep,rep_labelled,calibration,Clean,Jubilee,rep_cf_6I00d8w,https://www.reddit.com/r/RepTimeQC/comments/tfmfak,https://imgur.com/a/6I00d8w,rep/calibration/rep_cf_6I00d8w/image_04.jpg,1800,1013,c3ef57ffbb0a053e8a0a9c78ac2f5de9cc511ce6bb0524a2733a130b82444298,3b3e2c6d2d69e8f1,,Clean Factory Batgirl; thread notes possible bezel triangle and colour-transition alignment,rejected,,minute_track_first,False,0.35,10.892924028227728,181.17028850555423,0.08503837678079441,-0.9250000000000114,0.06679928972353279,True,True,1.7616860562450214,0.8335091483399344,True,True,753.8767915072632,480.0845031738281,359.04658584594733,365.63456817626957,45.68363571166992,3,-0.8000000000000114,0.7491306919611584,0.27959925585941175,True,True,0.9974999999999992,0.6055545315427394,1.7076721303774938,True,-0.12499999999999994,0.6863173873171532,36,True,0.7400953024455097,3.4219159604412774,1.0,12,2.717554327583313,5.797449232177735,3.9857463471221926,True,1.1850493079550453,0.776102377567056,0.776102377567056,1.4734945775159416,1.3604092728017958,1.3604092728017958,0.00945329135455136,-8.863192875493693e-08,FAIL,11.35204684068999,0.3298611111111111,0,False,,,,False,,,,False,,,,False,,,,False,,,,False,,,,False,,,,False,,,,False,,,,False,,,,False,,,,
rep_cf_sx6zSKZ,rep,rep_labelled,calibration,Clean,Jubilee,rep_cf_sx6zSKZ,https://www.reddit.com/r/RepTimeQC/comments/1ek3zjb,https://imgur.com/a/sx6zSKZ,rep/calibration/rep_cf_sx6zSKZ/image_00.jpg,1012,1800,548f87d1adea9f7928b7a679acb868ad77fdcaf619c40434cf880952f7b26637,0083090b130400b4,,Clean Factory Batgirl; community GL reference,rejected,,minute_track_first,False,0.35,47.5014463322471,128.2899009704588,0.32,1.6500000000000001,1.517116815458477,True,True,4.100099825088565e-05,0.8891834039600112,True,True,471.8387756347656,1055.284912109375,206.9001727294919,306.2594311523433,91.92671203613281,7,1.5,1.3674949340366032,1.295094836237056,True,True,0.9999999999999991,1.6852861710405613,4.551227298859041,True,0.15000000000000005,1.3366203191262538,36,True,1.5826474256974064,2.969342654214505,0.75,12,1.924348514556882,4.105276831054682,2.8223778213500936,False,2.108474985628066,2.108474985628066,1.76402025911516,2.0304153659950406,2.0304153659950406,2.073453618418765,0.3161328268305131,0.09117159754889675,FAIL,28.041830539510798,0.3402777777777778,0,False,,,,False,,,,True,0.2044435935946325,7.364596224393482,,True,-0.015580696327560872,5.678407921602179,,False,,,,True,-0.040052615811589476,6.746464484606307,,False,,,,False,,,,False,,,,True,0.025840217915799713,6.49564866437955,,False,,,,
rep_cf_sx6zSKZ,rep,rep_labelled,calibration,Clean,Jubilee,rep_cf_sx6zSKZ,https://www.reddit.com/r/RepTimeQC/comments/1ek3zjb,https://imgur.com/a/sx6zSKZ,rep/calibration/rep_cf_sx6zSKZ/image_01.jpg,1012,1800,80547256d4f4a16e8766220cbae4b2b0052b5689bb0f83a8b57e4f639fc598a3,06032d06076193da,,Clean Factory Batgirl; community GL reference,accepted,,minute_track_first,True,0.5400878812301549,8.582326456116409,218.17727767944348,0.0671536543622256,-0.8000000000000114,0.7981479741121774,True,True,5.378241548646967,1.0036036602318426,True,False,399.1981506347656,959.4855915612793,433.89775146484396,438.8113592529299,67.38665008544922,3,-0.8000000000000114,0.8351303245320787,0.5765157253022885,True,True,1.0124999999999988,0.6115406886611853,6.472491664191183,True,0.0,1.381905147442043,36,True,1.4929122601075089,4.225238440171761,1.0,12,3.272659165191652,6.981672885742191,4.799900108947757,True,2.2466576770821516,1.7072480279372586,1.7072480279372586,2.5026700285225267,2.155146404693986,2.155146404693986,-0.012890691498623725,-0.021718605999522304,PASS,26.951147895829642,0.3888888888888889,3,False,,,,True,-1.422635121217354,-3.9166042993612815,,False,,,,False,,,,True,-3.3737789927247377,6.0739347887207025,6.852947898588184,False,,,,False,,,,False,,,,True,-2.062514343543569,-2.4099077543731418,,True,-2.42680301455772,-2.6908638371627824,,True,-3.771709087215527,0.8945037879926399,7.877605211093339,1.2406565958648557
rep_cf_sx6zSKZ,rep,rep_labelled,calibration,Clean,Jubilee,rep_cf_sx6zSKZ,https://www.reddit.com/r/RepTimeQC/comments/1ek3zjb,https://imgur.com/a/sx6zSKZ,rep/calibration/rep_cf_sx6zSKZ/image_02.jpg,1012,1800,87a8ff443ee4f5a3e3e1077a4b7161b7ce5a65478bb1d2317585d2be8554e3e3,0003070c03060999,,Clean Factory Batgirl; community GL reference,rejected,,minute_track_first,False,0.35,11.144900228907309,204.121969871521,0.08698090681318811,0.9999999999999999,1.5283200754340913,True,False,2.8384805633358485e-05,0.7498099797730182,False,False,424.79913330078125,897.193359375,404.35786102294924,412.13001846313483,39.074546813964844,5,0.9999999999999999,1.117579913645307,1.5283210872792992,True,False,1.009999999999999,0.7201910026828042,8.272726973828032,False,0.0,1.1175773076892006,36,False,1.0963020379445845,9.982675822312242,0.75,12,3.061829548072815,6.531903035888672,4.490683337173462,False,2.938488910475233,2.938488910475233,2.7118790581982113,2.811122636680611,2.811122636680611,3.082070128205246,-0.007734298880819139,-0.006445311603474847,not_evaluated,,,,True,2.3621192755924483,-3.262618439464071,,False,,,,True,2.1489729547702865,-1.2291655188094386,,False,,,,False,,,,False,,,,False,,,,False,,,,False,,,,True,3.025554170800717,-0.5323164029996108,,True,3.872758412577334,-0.49114796709205377,3.6201700647792165,-1.6483937579312276
rep_cf_sx6zSKZ,rep,rep_labelled,calibration,Clean,Jubilee,rep_cf_sx6zSKZ,https://www.reddit.com/r/RepTimeQC/comments/1ek3zjb,https://imgur.com/a/sx6zSKZ,rep/calibration/rep_cf_sx6zSKZ/image_03.jpg,1081,608,5f04c880740914519147821d5029878370d147ea282aa1364bda575b6a923b05,b4dad98b8fdcd8dc,,Clean Factory Batgirl; community GL reference,acquisition_failed,Minute-track-first acquisition unavailable: minor ticks could not establish a dial ellipse.,acquisition_failed,False,0.0,,,,,,,,,,,,,,,,,,,,,,,,,,,,,,,,,,,,,,,,,,,,,,,,,,,,,,,,,,,,,,,,,,,,,,,,,,,,,,,,,,,,,,,,,,,,,,,
rep_cf_sx6zSKZ,rep,rep_labelled,calibration,Clean,Jubilee,rep_cf_sx6zSKZ,https://www.reddit.com/r/RepTimeQC/comments/1ek3zjb,https://imgur.com/a/sx6zSKZ,rep/calibration/rep_cf_sx6zSKZ/image_04.jpg,1012,1800,c40d63076b8f7ea972d01ba260dc112b07fe47a49c574c77ee4c3e93c46b0931,000e4f0704c03666,,Clean Factory Batgirl; community GL reference,acquisition_failed,Minute-track-first acquisition unavailable: no stable approximate dial centre was found.,acquisition_failed,False,0.0,,,,,,,,,,,,,,,,,,,,,,,,,,,,,,,,,,,,,,,,,,,,,,,,,,,,,,,,,,,,,,,,,,,,,,,,,,,,,,,,,,,,,,,,,,,,,,,
rep_cf_sx6zSKZ,rep,rep_labelled,calibration,Clean,Jubilee,rep_cf_sx6zSKZ,https://www.reddit.com/r/RepTimeQC/comments/1ek3zjb,https://imgur.com/a/sx6zSKZ,rep/calibration/rep_cf_sx6zSKZ/image_05.jpg,1012,1800,eb35d8aa42e4e440871d6fa496ec6bcd8be287383d308cc59f317db27fd9adb9,0108c3c1c6d26327,,Clean Factory Batgirl; community GL reference,rejected,,minute_track_first,False,0.2806147968838376,40.483538141461054,88.97694969177238,0.292153295937309,-7.450000000000012,2.8738372123278366,True,False,20.008361546492495,0.9385925262728833,False,False,507.01287841796875,728.3583984375,153.75551605224595,202.15228271484355,50.30194854736328,5,-6.300000000000011,1.9366646778694283,1.2227634624499775,True,False,0.96,5.074255123379002,10.0,False,-1.1500000000000008,1.785438845534404,36,False,2.4123858906102393,8.191846285142464,0.3333333333333333,12,1.5,3.0,2.0,True,4.6706820504557385,3.0609885021345327,3.0609885021345327,4.038423620214092,3.3142838984067016,3.3142838984067016,-0.19102034118711259,0.2670654124817998,not_evaluated,,,,False,,,,True,-0.011686423484491115,5.028074471030841,,True,-0.04756524021019004,4.985125465858142,,False,,,,True,0.10991255130224431,1.572168638514948,,True,-0.6376445547638809,0.21833717603343406,,True,-0.19498661191209976,0.2041586463531586,,False,,,,True,-0.16171399352936078,-5.099670578034976,,False,,,,False,,,,
rep_cf_sx6zSKZ,rep,rep_labelled,calibration,Clean,Jubilee,rep_cf_sx6zSKZ,https://www.reddit.com/r/RepTimeQC/comments/1ek3zjb,https://imgur.com/a/sx6zSKZ,rep/calibration/rep_cf_sx6zSKZ/image_06.jpg,1012,1800,0b8d361162030509f8d2994b215ed1c49cd03f8941fccb1af6dca14178253382,703c673103030060,,Clean Factory Batgirl; community GL reference,acquisition_failed,Minute-track-first acquisition unavailable: minor ticks could not establish a dial ellipse.,acquisition_failed,False,0.0,,,,,,,,,,,,,,,,,,,,,,,,,,,,,,,,,,,,,,,,,,,,,,,,,,,,,,,,,,,,,,,,,,,,,,,,,,,,,,,,,,,,,,,,,,,,,,,
rep_cf_sx6zSKZ,rep,rep_labelled,calibration,Clean,Jubilee,rep_cf_sx6zSKZ,https://www.reddit.com/r/RepTimeQC/comments/1ek3zjb,https://imgur.com/a/sx6zSKZ,rep/calibration/rep_cf_sx6zSKZ/image_07.jpg,1012,1800,b1da607e334c27f67c21d856078808e0fac57747329ebdcd9797852599e42502,0f373f1f07038c33,,Clean Factory Batgirl; community GL reference,rejected,,minute_track_first,False,0.35,34.325112625127964,118.75458356857288,0.2537496324098004,3.424999999999992,1.62793493680001,True,False,1.8219689390207195e-05,0.9627692513787848,False,False,432.7928466796875,736.2966674330139,214.85566146850564,260.16267280578586,124.61483001708984,1,5.399999999999993,1.4282931449867386,0.5111422706485328,True,False,0.9649999999999999,2.830930141611634,6.042843828902696,False,-1.9750000000000014,1.1319507237826176,36,False,1.6180675695071731,6.656030034885455,0.5833333333333334,12,1.7813187535285933,3.800146674194332,2.6126008385086035,False,3.034588244733448,3.034588244733448,2.475550552849542,2.812585676640993,2.812585676640993,3.610618842319265,0.015039548989081013,-0.25289023798483873,not_evaluated,,,,True,-0.2894256887819324,-2.3907468363472018,,False,,,,True,-2.9425315019263394,-2.946765126543649,,True,0.42920630669019033,-4.770938121872781,,False,,,,True,-1.8569539485888527,-5.858010553294091,,False,,,,False,,,,True,-0.3606330626281533,-5.891402805494483,,True,0.28613109416824045,-7.385295749410448,,True,0.93688582353181,-3.3860545901642336,-8.475312314549228,3.3604789488043045
rep_cf_sx6zSKZ,rep,rep_labelled,calibration,Clean,Jubilee,rep_cf_sx6zSKZ,https://www.reddit.com/r/RepTimeQC/comments/1ek3zjb,https://imgur.com/a/sx6zSKZ,rep/calibration/rep_cf_sx6zSKZ/image_08.jpg,1012,1800,827aed89c8c7671cd06bcd15b5b5795a1a4f53d92808d3f753adedaf76690683,3f070f4909030060,,Clean Factory Batgirl; community GL reference,rejected,,minute_track_first,False,0.35,11.23787220370576,367.51471710205067,0.08769722168256505,1.5999999999999925,2.16260804181452,True,False,21.345835466893156,0.024105758330649985,False,False,469.7158338623047,949.2252061767579,727.9147033691404,742.1441650390623,101.19722747802734,3,1.5999999999999925,5.489349878337868,1.4159811457040121,True,True,0.9999999999999991,6.793592867198672,10.0,True,0.0,2.7251574985386195,36,False,6.438070366385274,10.0,0.5833333333333334,12,5.51272075653076,11.760470947265622,8.085323776245113,True,5.285554744823167,4.168107615363494,4.168107615363494,5.52371571215032,5.034259766936492,5.034259766936492,-0.08769722168256505,0.00628715331743495,not_evaluated,,,,False,,,,True,-0.753039388850425,-1.618199524246955,,False,,,,False,,,,False,,,,False,,,,True,0.0011158385605369858,-7.1036485425670985,,False,,,,True,0.14027082022931836,-5.456177493300663,,True,-0.03343143624141476,-3.874365179041528,,False,,,,
rep_cf_sx6zSKZ,rep,rep_labelled,calibration,Clean,Jubilee,rep_cf_sx6zSKZ,https://www.reddit.com/r/RepTimeQC/comments/1ek3zjb,https://imgur.com/a/sx6zSKZ,rep/calibration/rep_cf_sx6zSKZ/image_09.jpg,1080,1646,6058ca1288bded9279da6161099e1558a3b3243373c49755ea2816abd17e79b8,3626849482122a6c,,Clean Factory Batgirl; community GL reference,acquisition_failed,Minute-track-first acquisition unavailable: minor ticks could not establish a dial ellipse.,acquisition_failed,False,0.0,,,,,,,,,,,,,,,,,,,,,,,,,,,,,,,,,,,,,,,,,,,,,,,,,,,,,,,,,,,,,,,,,,,,,,,,,,,,,,,,,,,,,,,,,,,,,,,
rep_cf_bpdi5xV,rep,rep_labelled,calibration,Clean,Oyster,rep_cf_bpdi5xV,https://www.reddit.com/r/RepTimeQC/comments/u6er21,https://imgur.com/a/bpdi5xV,rep/calibration/rep_cf_bpdi5xV/image_00.jpg,1800,1350,6263005d3d81b036d2c9634645574d4fc491f82ca8cbba575a4cae9eb4928757,4f8f9f0f060f0fae,,Clean Factory exact-reference QC; thread ultimately flags unusual dial-font rendering and recommends RL,accepted,,minute_track_first,True,0.931184727124438,4.008311849056158,297.9662319183351,0.03145553494265041,-0.8249999999999772,0.8769044028882655,True,True,2.700199050940786e-05,0.0035228454309598886,False,False,802.7017211914062,583.9860229492188,595.202722167969,596.6622055053714,113.004638671875,6,-0.8999999999999773,1.0141316417586672,0.9520258693317234,True,True,1.0324999999999984,0.7717202050035701,1.5227140626356253,True,0.07500000000000005,0.8970595707112017,36,True,1.074949221991896,1.3942428162923193,1.0,12,4.469493478775027,9.534919421386723,6.555257102203372,False,2.5216852101791116,2.5216852101791116,0.8826838874527851,1.059608497898178,1.059608497898178,1.057578008081122,-0.002578178934420056,-5.1964992595627063e-08,not_evaluated,,,,True,0.18051410656428502,2.204096145955392,,True,-0.20988796173327273,2.4474256866292565,,True,-0.08403551893417216,1.1289939477672206,,True,0.5921778116571659,0.9729801484733458,,True,0.7363119423633862,1.346956231416574,-0.3176728183892976,True,0.582703268370409,1.1159155279801602,,True,0.8177948257134915,1.7613066740121863,,True,0.8755139989535223,-0.18510931260737884,5.703427671907065,True,0.29654135664554815,1.7168183832496076,,True,0.3991291271815953,2.2636885458192646,,True,0.08145285298513727,1.1005528935220554,-4.036982146676678,2.806673790748632
rep_cf_bpdi5xV,rep,rep_labelled,calibration,Clean,Oyster,rep_cf_bpdi5xV,https://www.reddit.com/r/RepTimeQC/comments/u6er21,https://imgur.com/a/bpdi5xV,rep/calibration/rep_cf_bpdi5xV/image_01.jpg,853,640,2f368a5d976e0ed43d7d19b2c8a644ee8b4a4c36145b1a31e2d8a6477d3d9194,a191c31e0f271616,,Clean Factory exact-reference QC; thread ultimately flags unusual dial-font rendering and recommends RL,acquisition_failed,Minute-track-first acquisition unavailable: no stable approximate dial centre was found.,acquisition_failed,False,0.0,,,,,,,,,,,,,,,,,,,,,,,,,,,,,,,,,,,,,,,,,,,,,,,,,,,,,,,,,,,,,,,,,,,,,,,,,,,,,,,,,,,,,,,,,,,,,,,
rep_cf_bpdi5xV,rep,rep_labelled,calibration,Clean,Oyster,rep_cf_bpdi5xV,https://www.reddit.com/r/RepTimeQC/comments/u6er21,https://imgur.com/a/bpdi5xV,rep/calibration/rep_cf_bpdi5xV/image_02.jpg,853,640,41e315431680bfdb906e87345110bf3dc727df5d67a09cf98c672691449bc159,80c0464e0f271616,,Clean Factory exact-reference QC; thread ultimately flags unusual dial-font rendering and recommends RL,acquisition_failed,Minute-track-first acquisition unavailable: no stable approximate dial centre was found.,acquisition_failed,False,0.0,,,,,,,,,,,,,,,,,,,,,,,,,,,,,,,,,,,,,,,,,,,,,,,,,,,,,,,,,,,,,,,,,,,,,,,,,,,,,,,,,,,,,,,,,,,,,,,
rep_cf_bpdi5xV,rep,rep_labelled,calibration,Clean,Oyster,rep_cf_bpdi5xV,https://www.reddit.com/r/RepTimeQC/comments/u6er21,https://imgur.com/a/bpdi5xV,rep/calibration/rep_cf_bpdi5xV/image_03.jpg,853,640,459776d3addab16b78c901f93eb77cd482c2473e9f2f0fb0b4c47c4a1426401f,2e2f3d0f27331506,,Clean Factory exact-reference QC; thread ultimately flags unusual dial-font rendering and recommends RL,acquisition_failed,Minute-track-first acquisition unavailable: minor ticks could not establish a dial ellipse.,acquisition_failed,False,0.0,,,,,,,,,,,,,,,,,,,,,,,,,,,,,,,,,,,,,,,,,,,,,,,,,,,,,,,,,,,,,,,,,,,,,,,,,,,,,,,,,,,,,,,,,,,,,,,
rep_cf_bpdi5xV,rep,rep_labelled,calibration,Clean,Oyster,rep_cf_bpdi5xV,https://www.reddit.com/r/RepTimeQC/comments/u6er21,https://imgur.com/a/bpdi5xV,rep/calibration/rep_cf_bpdi5xV/image_04.jpg,853,640,2b3611eca5f4c5f97b832dec87c2713b2bdb645d1c8c7dd999b51c67c81f18c2,c6618c8b13161606,,Clean Factory exact-reference QC; thread ultimately flags unusual dial-font rendering and recommends RL,acquisition_failed,Minute-track-first acquisition unavailable: minor ticks could not establish a dial ellipse.,acquisition_failed,False,0.0,,,,,,,,,,,,,,,,,,,,,,,,,,,,,,,,,,,,,,,,,,,,,,,,,,,,,,,,,,,,,,,,,,,,,,,,,,,,,,,,,,,,,,,,,,,,,,,
rep_cf_bpdi5xV,rep,rep_labelled,calibration,Clean,Oyster,rep_cf_bpdi5xV,https://www.reddit.com/r/RepTimeQC/comments/u6er21,https://imgur.com/a/bpdi5xV,rep/calibration/rep_cf_bpdi5xV/image_05.jpg,853,640,ebe88a4b5c2bdb2af54037b0a86c3e792ffcd38cddabc31b1fa6e8dea58dfd32,4c0e9e9a0e0e0e0e,,Clean Factory exact-reference QC; thread ultimately flags unusual dial-font rendering and recommends RL,acquisition_failed,Minute-track-first acquisition unavailable: minor ticks could not establish a dial ellipse.,acquisition_failed,False,0.0,,,,,,,,,,,,,,,,,,,,,,,,,,,,,,,,,,,,,,,,,,,,,,,,,,,,,,,,,,,,,,,,,,,,,,,,,,,,,,,,,,,,,,,,,,,,,,,
rep_cf_bpdi5xV,rep,rep_labelled,calibration,Clean,Oyster,rep_cf_bpdi5xV,https://www.reddit.com/r/RepTimeQC/comments/u6er21,https://imgur.com/a/bpdi5xV,rep/calibration/rep_cf_bpdi5xV/image_06.jpg,853,640,6cdb3748d60441870e059b959a245044aa31904433516c49051b660ab39f0f4f,4f8f9f0f060f0fae,rep_cf_bpdi5xV/image_00.jpg,Clean Factory exact-reference QC; thread ultimately flags unusual dial-font rendering and recommends RL,accepted,,minute_track_first,True,0.9410747960727058,10.110838567976801,158.47529182434073,0.07899883206177757,-0.6749999999999886,1.1187550676982303,True,True,1.570284924224474e-05,0.004557135512036413,False,False,426.56041421813967,310.73865804748533,314.47020034790023,319.43096694946274,138.2258758544922,6,-0.6999999999999886,0.6521173618597831,1.1436968697956946,True,True,1.0299999999999985,0.7550764778888197,2.8631022548050646,True,0.02500000000000005,0.6508907284285605,36,True,0.6189717224930301,0.9454953186378288,1.0,12,2.3771293773651108,5.071209338378903,3.4864564201354957,False,1.9805940953508387,1.9805940953508387,0.6179391996231112,0.6820353114686807,0.6820353114686807,0.7659140446110541,-0.002436432040366357,0.0018605434378300624,not_evaluated,,,,True,0.2893699705532313,3.0370266501242638,,True,-0.10178169313826402,3.6450676193272913,,True,-0.15375093736349754,1.8325701871767741,,True,0.21193746152951576,1.001885347789444,,True,0.29865769473923365,1.5120909421215134,0.062248919559706906,True,0.23208866439830445,1.9263059434717733,,True,0.22839394888956122,2.2909540395246286,,True,0.1400789746232931,-0.5513927225120119,4.601411022236505,True,0.0037404568893748547,0.9329199544205968,,True,0.6518385663749768,1.5404450599640684,,True,0.6938404336390818,0.8578273827490768,-7.864735814970004,2.8568378029708477
rep_cf_bpdi5xV,rep,rep_labelled,calibration,Clean,Oyster,rep_cf_bpdi5xV,https://www.reddit.com/r/RepTimeQC/comments/u6er21,https://imgur.com/a/bpdi5xV,rep/calibration/rep_cf_bpdi5xV/image_07.jpg,853,640,dc0e91e35bc879a5f531ae5d32404e9637512c036222847f79738c5690a8ead3,030d0f8f07070711,,Clean Factory exact-reference QC; thread ultimately flags unusual dial-font rendering and recommends RL,acquisition_failed,Minute-track-first acquisition unavailable: minor ticks could not establish a dial ellipse.,acquisition_failed,False,0.0,,,,,,,,,,,,,,,,,,,,,,,,,,,,,,,,,,,,,,,,,,,,,,,,,,,,,,,,,,,,,,,,,,,,,,,,,,,,,,,,,,,,,,,,,,,,,,,
rep_cf_bpdi5xV,rep,rep_labelled,calibration,Clean,Oyster,rep_cf_bpdi5xV,https://www.reddit.com/r/RepTimeQC/comments/u6er21,https://imgur.com/a/bpdi5xV,rep/calibration/rep_cf_bpdi5xV/image_08.jpg,853,640,d1fa6cfd33b0ae27d2f54b5dd47d49776b23feda6369802feb7f8e1e1d0e65a2,06879f0f160e0543,,Clean Factory exact-reference QC; thread ultimately flags unusual dial-font rendering and recommends RL,accepted,,minute_track_first,True,0.763708840438029,5.024227618566932,159.26906768798833,0.039409639910416065,0.5499999999999962,0.5822093895526955,True,True,1.3643832464516882e-05,0.8387430519461369,True,False,423.9844055175781,309.40252685546875,317.9250067138673,319.151264038086,82.07433319091797,5,0.5999999999999961,0.5596236193102445,0.6323980372890176,True,True,1.0349999999999984,0.3482358394823246,0.9504929907719876,True,-0.049999999999999954,0.5528214109054932,36,True,0.6319931045791167,0.8838745389488198,1.0,12,2.389036015319825,5.096610166015626,3.503919489135743,False,2.0037784216860586,2.0037784216860586,0.5705336703066186,0.636718362449064,0.636718362449064,0.814996230832849,-0.0017187505752348905,0.0017187997296669684,PASS,39.38090250472651,0.4131944444444444,3,True,2.5811111799363218,0.8690937388552311,,True,2.845683079533046,1.9324864923823126,,True,1.7577287729985045,-3.2359302140033686,,True,3.0580582325506214,1.5552888715248403,,False,,,,False,,,,False,,,,False,,,,True,0.6802374500755377,2.6301208636132167,,False,,,,False,,,,
rep_cf_bpdi5xV,rep,rep_labelled,calibration,Clean,Oyster,rep_cf_bpdi5xV,https://www.reddit.com/r/RepTimeQC/comments/u6er21,https://imgur.com/a/bpdi5xV,rep/calibration/rep_cf_bpdi5xV/image_09.jpg,853,640,c5f965d2cfd9a5e80dfabd16c409502385d8caa222c2590367db4fb1bc1272e6,4e4f8f07060e272f,,Clean Factory exact-reference QC; thread ultimately flags unusual dial-font rendering and recommends RL,accepted,,minute_track_first,True,0.7725625511608963,6.7883818716731446,156.48361740112307,0.05319117796393955,0.24999999999999423,0.45140575930820187,True,True,7.561471188669065e-06,0.35349788213687067,True,False,397.74615478515625,317.01092529296875,311.8663470458985,314.0681225585938,46.409461975097656,5,0.19999999999999396,0.603233438801994,0.4013920584185046,True,True,1.0324999999999984,0.567143576181309,1.5554992062609008,True,0.05000000000000027,0.5691954617372674,36,True,0.5795234898243813,0.7860929176136897,1.0,12,2.347254261016846,5.007475756835938,3.4426395828247074,False,1.6513682345959397,1.6513682345959397,0.6246093762276972,0.6057711965270213,0.6057711965270213,0.778359328983491,0.0034375,0.0034375,PASS,34.79466273644392,0.4097222222222222,3,True,-0.056122195064858715,2.396117297771705,,True,-0.12816015708233408,2.524869143362418,,True,0.046561872984838715,2.0959354071255376,,True,0.2450312467368292,1.2967200192834039,,True,0.21658885156870156,0.7499511293199146,0.378832081316375,True,0.4498771925576932,1.2986671986082166,,True,0.8794673292899233,1.7500595659544427,,True,1.4895398899392376,-0.7429974131851647,4.346286039119946,True,0.4276595264662433,2.278801906437833,,True,0.19140588656682667,2.8743499182584453,,True,-0.07800184757519446,1.4386858901982658,-1.5543016630431055,2.8751534775481424
rep_cf_6zSSQ1d,rep,rep_labelled,validation,Clean,Jubilee,rep_cf_6zSSQ1d,https://www.reddit.com/r/RepTimeQC/comments/1k8nog0/clean_factory_v3_rolex_batgirl_gmt/,https://imgur.com/a/f941411-2-6zSSQ1d,rep/validation/rep_cf_6zSSQ1d/image_00.jpg,1800,1013,54ee227d7536af5a18b32dab0a0fab7a967c742fa15494411b20efac9aaeeb3e,33336b696933320f,,Clean Factory V3 QC; second QC after a prior RL and thread discusses rehaut and timegrapher concerns,accepted,,minute_track_first,True,0.5566345145433239,4.411204842066216,216.48007026672371,0.03461130525460776,-0.19999999999998863,0.03852027869018629,True,True,3.6806378854877417,0.9687198745581346,True,False,806.1596069335938,506.4885559082031,432.3179168701173,433.6023641967775,86.19193267822266,4,-0.19999999999998863,0.5996872290298532,0.18930861846383157,True,True,0.9849999999999994,0.6075953084128712,1.4975470107001596,True,0.0,0.5220946794198421,36,True,0.5578110389648983,0.6747633133275525,1.0,12,3.247201054000856,6.927362248535159,4.762561545867921,True,1.1389738269965248,0.634259643598416,0.634259643598416,0.6287725338609554,0.5458877001108497,0.5458877001108497,0.0017187505449248004,0.004296944635292227,PASS,10.010440644770755,0.3454861111111111,3,True,0.12202042342186559,-0.7633824894158536,,True,-0.005713586150250194,-0.7407485786347534,,True,0.15705716759769928,-0.6458038704113878,,True,0.3405035533371574,-0.665761870655146,,True,0.2467212381914976,-0.38531981590516073,0.5919259366650351,True,-0.047030647551025595,-0.454732314254902,,True,-0.11374730976177716,-0.1084447194987459,,True,-0.351490107379675,-0.08512275511537437,-0.001965225933702186,True,0.03908571699122376,-0.4069634091593666,,True,-0.014170525312522386,-0.5304458371087506,,True,-2.5957448024989276,-0.9121360372529419,-9.628635500344302,3.384639725568711
rep_cf_6zSSQ1d,rep,rep_labelled,validation,Clean,Jubilee,rep_cf_6zSSQ1d,https://www.reddit.com/r/RepTimeQC/comments/1k8nog0/clean_factory_v3_rolex_batgirl_gmt/,https://imgur.com/a/f941411-2-6zSSQ1d,rep/validation/rep_cf_6zSSQ1d/image_01.jpg,1800,1013,0dbcce2c483e630d72b858c8515b741249afdcb231fe88100198d84a2742fc9d,33336b69696933b3,,Clean Factory V3 QC; second QC after a prior RL and thread discusses rehaut and timegrapher concerns,rejected,,minute_track_first,False,0.35,43.40960619587509,193.46530303955063,0.3092441933124625,-5.800000000000022,3.673950691921494,False,False,1.9732646313784227e-05,0.5983510735273702,False,False,782.2213674438476,362.97496145019534,325.6252539062497,448.23595825195275,78.49239349365234,5,-5.600000000000023,1.0562264537876664,3.4011414222648932,False,True,0.9999999999999991,2.6240562015955198,5.963187333005852,False,-0.1999999999999997,0.9956673035375733,36,False,1.3163033546232952,6.225745697701447,0.8333333333333334,12,2.9019795455932593,6.190889697265621,4.256236666870113,False,2.616656082131852,2.616656082131852,1.9348505625010992,2.323212024994097,2.323212024994097,2.972953535658823,0.2745056853488855,-0.11268168455477166,not_evaluated,,,,False,,,,False,,,,False,,,,False,,,,False,,,,False,,,,False,,,,False,,,,False,,,,False,,,,False,,,,
rep_cf_6zSSQ1d,rep,rep_labelled,validation,Clean,Jubilee,rep_cf_6zSSQ1d,https://www.reddit.com/r/RepTimeQC/comments/1k8nog0/clean_factory_v3_rolex_batgirl_gmt/,https://imgur.com/a/f941411-2-6zSSQ1d,rep/validation/rep_cf_6zSSQ1d/image_02.jpg,1800,1013,09816404f7ddb3b5e0cdb9cb556fbaf482426a6a6fb63f0648866783ed4fa7b8,37336b6969693233,rep_cf_6zSSQ1d/image_01.jpg,Clean Factory V3 QC; second QC after a prior RL and thread discusses rehaut and timegrapher concerns,accepted,,minute_track_first,True,0.9341619297498521,2.427054676735329,256.03496337890584,0.01905634261650549,3.2249999999999903,3.2179171449305732,True,True,2.7015576783991612e-05,0.002096007313590006,False,False,802.2362060546875,465.8381042480469,511.84014633178634,512.2997071838371,101.21419525146484,6,2.29999999999999,0.9663187637685678,2.2921250028181857,True,True,0.9999999999999991,4.435953701227708,5.283778111830844,True,0.9250000000000003,0.9193564084287777,36,True,0.9129865617549433,2.2849262380377997,1.0,12,3.8405244506835876,8.193118828124987,5.632769194335928,False,2.335540193543562,2.335540193543562,2.087134567485216,1.1139925411153708,1.1139925411153708,1.2299276406075008,0.018197088680052095,-0.0008594254231588785,not_evaluated,,,,True,-1.8619343722064627,-7.85861773937696,,False,,,,True,0.027703491192312413,7.632834807404487,,True,-0.03938365098997565,7.154696094536361,,True,-1.7243443813061958,-5.460965980098543,-0.36810327743484095,True,-0.0074158259072305555,7.593244579955993,,True,-0.026554992029218738,7.95360850754081,,True,-0.7752473445975738,-4.785165012673486,-2.7239217450762396,False,,,,True,-1.1280293929119694,-7.78786523254883,,False,,,,
rep_cf_6zSSQ1d,rep,rep_labelled,validation,Clean,Jubilee,rep_cf_6zSSQ1d,https://www.reddit.com/r/RepTimeQC/comments/1k8nog0/clean_factory_v3_rolex_batgirl_gmt/,https://imgur.com/a/f941411-2-6zSSQ1d,rep/validation/rep_cf_6zSSQ1d/image_03.jpg,1800,1013,6d7ca023f8ec122284834a971e0cabe6c4fbc2a569f2b643cbae1454f0ed71e3,879c386c466e6e1e,,Clean Factory V3 QC; second QC after a prior RL and thread discusses rehaut and timegrapher concerns,rejected,,minute_track_first,False,0.35,44.001479711228036,90.79919322967532,0.31260462649957055,1.7500000000000007,1.5325514284576998,True,False,2.4430690508644575e-05,2.0348868152403825,False,False,1013.7680053710938,297.34967041015625,151.95257171630865,211.24420120239267,169.84202575683594,3,1.5000000000000007,1.3985256177848948,1.7160873889103767,True,True,0.9674999999999998,1.6530446366686817,4.615976614104488,True,0.25,1.373196195846739,36,False,1.4346393710827605,8.367701332334367,0.8333333333333334,12,1.5,3.0,2.0,False,2.736530385631689,2.736530385631689,2.3760490679893898,2.4814882084463026,2.4814882084463026,3.246191654706387,-0.06830775681987657,-0.11260469661378797,not_evaluated,,,,True,0.0768443986450329,-4.713243412406665,,True,0.6003937950263492,1.9241860629404917,,True,-1.0826829282434005,-1.4845850595456844,,True,-1.7519464381775833,-5.02502991926127,,False,,,,True,0.09711727668101844,0.3035355707688314,,True,0.35151480214989306,-5.310941116171463,,False,,,,True,0.36251484714301796,4.004239172415113,,False,,,,True,-0.5298555145328123,-1.9315485017479261,0.7804750522678887,3.37949528818985
rep_cf_6zSSQ1d,rep,rep_labelled,validation,Clean,Jubilee,rep_cf_6zSSQ1d,https://www.reddit.com/r/RepTimeQC/comments/1k8nog0/clean_factory_v3_rolex_batgirl_gmt/,https://imgur.com/a/f941411-2-6zSSQ1d,rep/validation/rep_cf_6zSSQ1d/image_04.jpg,1800,1013,ed99a4a27fe1cfa7343232381cf44d777b9c33cd39b65595a06506b1aea2cc8e,4dc46d29130f0307,,Clean Factory V3 QC; second QC after a prior RL and thread discusses rehaut and timegrapher concerns,rejected,,minute_track_first,False,0.35,44.49262550307522,237.5015835571287,0.31536785545318685,-3.625,1.174870749189048,True,True,1.8713915345278803e-05,0.4810720043137083,True,True,704.0803340112304,628.5189936791992,395.5302990722653,554.4760351562495,73.7708740234375,2,-3.5,1.4570734203738542,1.3423333868867053,True,True,0.9999999999999991,3.5360469497848683,7.825832225747041,True,-0.12499999999999994,1.4502088129634696,36,True,1.2572411179405916,3.591721355449102,0.9166666666666666,12,3.5625237533569303,7.600050673828118,5.225034838256831,False,3.215839657814494,3.215839657814494,2.7132881815057694,1.9775875809839647,1.9775875809839647,3.6588159947515195,0.1480696995951729,-0.07321942575648839,FAIL,7.480493039650987,0.3003472222222222,0,False,,,,True,0.6887100438499871,-6.809803968983596,,False,,,,False,,,,False,,,,False,,,,True,2.5547244957789985,-7.815319359531692,,False,,,,True,0.09707646561844285,5.0450946840503885,,True,0.05618194462022075,3.149971489144787,,False,,,,
rep_cf_6zSSQ1d,rep,rep_labelled,validation,Clean,Jubilee,rep_cf_6zSSQ1d,https://www.reddit.com/r/RepTimeQC/comments/1k8nog0/clean_factory_v3_rolex_batgirl_gmt/,https://imgur.com/a/f941411-2-6zSSQ1d,rep/validation/rep_cf_6zSSQ1d/image_05.jpg,1800,1013,a2d7c6547807edd207e8b9859fb9c07c18efedf3fee4b1157ae08eff819cbe20,dede4d6932110303,,Clean Factory V3 QC; second QC after a prior RL and thread discusses rehaut and timegrapher concerns,rejected,,minute_track_first,False,0.26903195049213585,41.69231912980498,100.98887596130365,0.2993086156476944,3.050000000000002,1.443467546932325,True,False,19.40703553340156,1.5430714493963757,False,False,595.6217268127441,711.706298828125,172.69130401611318,231.26419982910141,105.60060119628906,9,2.900000000000002,1.7030393464140094,1.1938067504214112,True,False,0.9999999999999991,5.050500661186351,9.224944456834304,False,0.15000000000000002,1.8985619271562615,36,False,3.0948284978086398,8.011970424286535,0.4166666666666667,12,1.5148331394195547,3.231644030761717,2.2217552711486803,True,3.524466230649719,3.0602830302106296,3.0602830302106296,4.4311218268561765,3.9043586587345644,3.9043586587345644,0.1051834425976959,0.27338668010713374,not_evaluated,,,,True,3.1757455625746758,1.0768875157159963,,True,0.8441238781045897,3.226892696290362,,False,,,,True,-0.26631508056277653,5.475242241305622,,False,,,,True,-1.5924274767551765,5.35693912165941,,False,,,,False,,,,True,-1.2581951182720559,6.314338103111028,,True,2.2800210107615158,6.577286809711302,,False,,,,
rep_cf_6zSSQ1d,rep,rep_labelled,validation,Clean,Jubilee,rep_cf_6zSSQ1d,https://www.reddit.com/r/RepTimeQC/comments/1k8nog0/clean_factory_v3_rolex_batgirl_gmt/,https://imgur.com/a/f941411-2-6zSSQ1d,rep/validation/rep_cf_6zSSQ1d/image_06.jpg,1800,1013,ef477184f0ed05f46555ca19d05e572c4dd8806fe1447bef8515b946293e324a,9494cd69330f0301,,Clean Factory V3 QC; second QC after a prior RL and thread discusses rehaut and timegrapher concerns,acquisition_failed,Minute-track-first acquisition unavailable: minor ticks could not establish a dial ellipse.,acquisition_failed,False,0.0,,,,,,,,,,,,,,,,,,,,,,,,,,,,,,,,,,,,,,,,,,,,,,,,,,,,,,,,,,,,,,,,,,,,,,,,,,,,,,,,,,,,,,,,,,,,,,,
rep_cf_6zSSQ1d,rep,rep_labelled,validation,Clean,Jubilee,rep_cf_6zSSQ1d,https://www.reddit.com/r/RepTimeQC/comments/1k8nog0/clean_factory_v3_rolex_batgirl_gmt/,https://imgur.com/a/f941411-2-6zSSQ1d,rep/validation/rep_cf_6zSSQ1d/image_07.jpg,1800,1013,abd87856f874efbcdb107aaabe0cdeb2024dade581174131422f9a3fa9a3b4ba,9686846979170b0f,,Clean Factory V3 QC; second QC after a prior RL and thread discusses rehaut and timegrapher concerns,acquisition_failed,Minute-track-first acquisition unavailable: no stable approximate dial centre was found.,acquisition_failed,False,0.0,,,,,,,,,,,,,,,,,,,,,,,,,,,,,,,,,,,,,,,,,,,,,,,,,,,,,,,,,,,,,,,,,,,,,,,,,,,,,,,,,,,,,,,,,,,,,,,
rep_cf_6zSSQ1d,rep,rep_labelled,validation,Clean,Jubilee,rep_cf_6zSSQ1d,https://www.reddit.com/r/RepTimeQC/comments/1k8nog0/clean_factory_v3_rolex_batgirl_gmt/,https://imgur.com/a/f941411-2-6zSSQ1d,rep/validation/rep_cf_6zSSQ1d/image_08.jpg,1800,1013,c39d10d565f89f6b21c7f276e01b1d73047270c47b8b8c1ed892ef4f105a17be,3333333332737133,,Clean Factory V3 QC; second QC after a prior RL and thread discusses rehaut and timegrapher concerns,acquisition_failed,Minute-track-first acquisition unavailable: minor ticks could not establish a dial ellipse.,acquisition_failed,False,0.0,,,,,,,,,,,,,,,,,,,,,,,,,,,,,,,,,,,,,,,,,,,,,,,,,,,,,,,,,,,,,,,,,,,,,,,,,,,,,,,,,,,,,,,,,,,,,,,
rep_cf_6zSSQ1d,rep,rep_labelled,validation,Clean,Jubilee,rep_cf_6zSSQ1d,https://www.reddit.com/r/RepTimeQC/comments/1k8nog0/clean_factory_v3_rolex_batgirl_gmt/,https://imgur.com/a/f941411-2-6zSSQ1d,rep/validation/rep_cf_6zSSQ1d/image_09.jpg,1800,1013,949849d5edd6c0b0b495d0659e0a1edaa28556347b1ee9588bc6fd98674d663a,3333333332323131,,Clean Factory V3 QC; second QC after a prior RL and thread discusses rehaut and timegrapher concerns,acquisition_failed,Minute-track-first acquisition unavailable: minor ticks could not establish a dial ellipse.,acquisition_failed,False,0.0,,,,,,,,,,,,,,,,,,,,,,,,,,,,,,,,,,,,,,,,,,,,,,,,,,,,,,,,,,,,,,,,,,,,,,,,,,,,,,,,,,,,,,,,,,,,,,,
rep_cf_QsJT2wk,rep,rep_labelled,calibration,Clean,Jubilee,rep_cf_QsJT2wk,https://www.reddit.com/r/RepTimeQC/comments/1e97aw3,https://imgur.com/a/QsJT2wk,rep/calibration/rep_cf_QsJT2wk/image_00.jpg,1800,1424,8db44c3cd73befa146501ba9f3179078875e1132260576b772cc06bd7e10eff0,7c4426a3ba5a5464,,Clean Factory DD3285 Batgirl QC; community described overall alignment as good,acquisition_failed,Minute-track-first acquisition unavailable: minor ticks could not establish a dial ellipse.,acquisition_failed,False,0.0,,,,,,,,,,,,,,,,,,,,,,,,,,,,,,,,,,,,,,,,,,,,,,,,,,,,,,,,,,,,,,,,,,,,,,,,,,,,,,,,,,,,,,,,,,,,,,,
rep_cf_QsJT2wk,rep,rep_labelled,calibration,Clean,Jubilee,rep_cf_QsJT2wk,https://www.reddit.com/r/RepTimeQC/comments/1e97aw3,https://imgur.com/a/QsJT2wk,rep/calibration/rep_cf_QsJT2wk/image_01.jpg,1013,1800,c98ead27229388be5c7efc143f68150cacba9cac9ca253ed9fd049602d1a71d9,033e28698c8c69de,,Clean Factory DD3285 Batgirl QC; community described overall alignment as good,accepted,,minute_track_first,True,0.5488703048113623,11.841418387512286,257.8208141326902,0.09234162408911396,1.4499999999999997,0.2913339506938796,True,True,6.911297966869696,0.4165034920879402,True,False,448.6221978607178,680.853082901001,510.09601501464806,521.1872415161129,132.12356567382812,4,3.1000000000000014,1.4078186759968048,2.495833359600413,True,True,0.9999999999999991,4.891005445045549,6.985278713396851,True,-1.6500000000000017,1.157834193958676,36,True,1.3354978637804282,2.6973831596437887,1.0,12,3.867312211990353,8.250266052246086,5.672057910919184,True,2.878023717738132,2.223773683947383,2.223773683947383,1.988206690507331,1.4861333841373356,1.4861333841373356,0.014298968145358498,-0.012341566457522012,PASS,29.382130628829913,0.3472222222222222,3,False,,,,False,,,,False,,,,True,-0.16107551345692173,-7.181038367614335,,True,-1.3337716215069122,-3.1716623231640595,-3.577537268015192,True,-1.737836989783716,-5.5164224441780485,,True,-2.4503977401519705,-5.491547843923572,,False,,,,True,-2.9919156632739714,-7.163521526626804,,True,-2.8761943540089305,-7.608166344527467,,False,,,,
rep_cf_QsJT2wk,rep,rep_labelled,calibration,Clean,Jubilee,rep_cf_QsJT2wk,https://www.reddit.com/r/RepTimeQC/comments/1e97aw3,https://imgur.com/a/QsJT2wk,rep/calibration/rep_cf_QsJT2wk/image_02.jpg,1013,1800,414287f526866719c4ab9100c5b0f6834b24f2196da6817f61fad910053951e0,411693097352656d,,Clean Factory DD3285 Batgirl QC; community described overall alignment as good,accepted,,minute_track_first,True,0.8023602598691987,11.03322185456376,132.23823547363284,0.08612016340101347,-2.0000000000000226,2.4642016834391267,True,True,8.639946634698614e-06,0.009560716884454966,False,False,448.5331115722656,848.884765625,262.0094299316407,266.9435119628907,117.91217803955078,6,-2.1000000000000227,0.6766966697070744,2.5651236056732354,True,True,0.9999999999999991,0.5020956164312131,2.6215326752827197,True,0.10000000000000006,0.659561815645151,36,True,1.1439119092990246,3.2848079067422553,0.75,12,1.9835735321044925,4.231623535156251,2.9092411804199223,False,1.1303619417867372,1.1303619417867372,0.9796259579474708,1.4624591226907455,1.4624591226907455,1.5017280447035792,-0.007838913401013461,-0.007409225901013464,not_evaluated,,,,True,-0.5570338839625606,-0.7333093253031664,,True,-0.6996248259021627,-1.9116920713963426,,True,-0.005845344142073827,-3.540953368509281,,True,0.6278054795262449,-2.4433753349608622,,True,1.7135234360243032,-0.18376823246722962,-2.5296525847623457,True,0.8595015398266241,-0.2368851415522233,,True,0.5554355789935244,-0.06263496540069857,,True,0.9564061561210337,-0.0013409018458587774,-1.8765228215775096,True,0.24012583767103024,-0.6569725520243597,,True,0.5692849240351165,-0.03430165416742348,,True,-0.3476709809237377,-1.2813424846129906,-0.4969652831434246,-0.003531307605146583
rep_cf_QsJT2wk,rep,rep_labelled,calibration,Clean,Jubilee,rep_cf_QsJT2wk,https://www.reddit.com/r/RepTimeQC/comments/1e97aw3,https://imgur.com/a/QsJT2wk,rep/calibration/rep_cf_QsJT2wk/image_03.jpg,1013,1800,226efab1d442833d0c6f003f874eff89cc60a4bf5fdcdbee6e9d1220c77ba324,e00793015952656d,,Clean Factory DD3285 Batgirl QC; community described overall alignment as good,accepted,,minute_track_first,True,0.6954123402262092,12.618340042428988,127.8568055725098,0.09830502694710964,-0.6,0.9138249779623543,True,True,5.272112172116329,0.010568688560175274,False,False,431.38275468627927,822.6311645507812,252.58772109985358,258.8395011901856,109.39872741699219,5,-0.5,0.6419220262850687,0.9525461434130194,True,True,1.0149999999999988,0.6217070979208774,1.6723207120000678,True,-0.09999999999999995,0.708304637307168,36,True,1.1251827651314885,3.1087086501995,0.75,12,1.917852083587647,4.091417778320314,2.8128497225952156,True,1.556755052646243,0.9708580239132353,0.9708580239132353,1.582413113097731,1.4558459459499655,1.4558459459499655,0.027304687500000008,0.03312500000000001,not_evaluated,,,,True,0.11115543705824749,0.8271870703829287,,True,-0.3124123560842236,-0.3222779781859808,,True,-0.053786948424487946,-1.376686767652513,,True,0.5305851714243488,0.0722102409476566,,True,0.4425370122151264,0.91887203239569,-0.30039148586467945,True,0.03836794886692019,0.7185315926046654,,True,-0.012897330191037781,-0.03723326028424179,,True,-0.041558693037927696,-0.052679307462544234,0.27574264258723247,True,0.8536970317250052,-0.02409384665450487,,True,0.4616861353152899,-0.3066092126487119,,True,0.27372242592497287,0.5116404209297265,-7.73963896195454,2.7083233781389895
rep_cf_QsJT2wk,rep,rep_labelled,calibration,Clean,Jubilee,rep_cf_QsJT2wk,https://www.reddit.com/r/RepTimeQC/comments/1e97aw3,https://imgur.com/a/QsJT2wk,rep/calibration/rep_cf_QsJT2wk/image_04.jpg,1013,1800,1a30260c39647e65ec20dc62a61ae2dcb8ffc1d896a268eeba0dd10794757cca,810c2320594a756d,,Clean Factory DD3285 Batgirl QC; community described overall alignment as good,accepted,,minute_track_first,True,0.7046303862829703,12.682462029296445,131.56900749206548,0.098796414369306,0.15000000000000002,1.9624096827163426,True,True,5.711308721528905,0.008847394644828557,False,False,433.2887878417969,841.64990234375,259.8883236694337,266.3877062988282,106.3530044555664,7,0.0,0.6159211377712934,0.38633957166657507,True,True,1.007499999999999,0.6148523277793632,3.7335143261628057,True,0.15000000000000002,0.9032188555065912,36,True,0.8001793661730413,2.8743236447684657,0.8333333333333334,12,1.9735351123809821,4.210208239746096,2.8945181648254406,True,1.4782416540611745,1.2215815471523919,1.2215815471523919,1.6303943932971396,1.5192922961350135,1.5192922961350135,0.023437500000000007,0.03312500000000001,not_evaluated,,,,False,,,,False,,,,False,,,,False,,,,False,,,,True,1.2056001043885374,0.8196728164057143,,False,,,,False,,,,True,2.502645956334618,-0.02613413475121007,,False,,,,False,,,,
rep_cf_QsJT2wk,rep,rep_labelled,calibration,Clean,Jubilee,rep_cf_QsJT2wk,https://www.reddit.com/r/RepTimeQC/comments/1e97aw3,https://imgur.com/a/QsJT2wk,rep/calibration/rep_cf_QsJT2wk/image_05.jpg,1013,1800,aa727797dc55b9fe7b071007af52d715a98f32e90cbef66a3efbafe3c072b0d9,c00f0b317346756d,,Clean Factory DD3285 Batgirl QC; community described overall alignment as good,rejected,,minute_track_first,False,0.35,19.72139866903901,137.25624694824205,0.1518510837224086,2.125,4.7557236297858,False,False,5.963987103627868,0.8444524334898265,False,False,426.04718017578125,843.056396484375,266.2184252929685,282.80656249999976,85.9498519897461,6,1.0999999999999999,0.7559678986055829,1.4190177867224838,True,True,0.9974999999999992,1.7404458024866005,3.2249844153357827,True,1.0250000000000001,0.9803780776693265,36,True,1.0489531551635563,1.8609728679387834,1.0,12,2.0588437042236305,4.392199902343746,3.019637432861325,True,1.4562575310299253,1.3550922711022737,1.3550922711022737,1.5033390093294152,1.1710964709027507,1.1710964709027507,-0.043867187499999995,-0.039999999999999994,not_evaluated,,,,False,,,,False,,,,True,-2.767651875576803,-6.837476540849908,,True,3.0749190360329237,-5.3722133594582555,,False,,,,False,,,,False,,,,False,,,,False,,,,True,2.103475407503254,-7.505748652405753,,False,,,,
rep_cf_QsJT2wk,rep,rep_labelled,calibration,Clean,Jubilee,rep_cf_QsJT2wk,https://www.reddit.com/r/RepTimeQC/comments/1e97aw3,https://imgur.com/a/QsJT2wk,rep/calibration/rep_cf_QsJT2wk/image_06.jpg,1013,1800,737681a1b1a78b3e71fd222deec3707e794dd76b731b9b0ab7f2b87762598371,7073d98cd1b114c6,,Clean Factory DD3285 Batgirl QC; community described overall alignment as good,accepted,,minute_track_first,True,0.5896470164433897,45.71148495644719,206.88017154693597,0.32,2.049999999999991,0.04201358794515037,True,True,1.8162199015257917e-05,0.2171354300646351,False,False,506.47402317443846,822.5753173828125,340.2484597778319,487.2722264099119,96.73309326171875,3,2.8999999999999915,1.345133119435529,1.2522680182098,True,True,0.9924999999999993,2.2222129766337195,5.986404374748226,True,-0.8500000000000003,1.1639086388870314,36,True,1.9610968870783232,5.792515145212529,0.8333333333333334,12,3.1032025732040394,6.620165489501951,4.551363774032591,False,3.00116469785219,3.00116469785219,2.1314232393882184,2.2526424891491756,2.2526424891491756,3.331753186610742,-0.2599999999999999,-0.31999999999999995,not_evaluated,,,,True,-0.018051804864512633,5.4232762923306925,,True,-0.35417013312604695,6.278062826997111,,False,,,,True,-0.9656182668286988,2.5865459332090945,,False,,,,False,,,,True,2.0446868725666434,-5.251598128800461,,False,,,,True,0.20904621867748574,7.969518401503251,,True,0.05664987338457195,6.07006706791916,,False,,,,
rep_cf_QsJT2wk,rep,rep_labelled,calibration,Clean,Jubilee,rep_cf_QsJT2wk,https://www.reddit.com/r/RepTimeQC/comments/1e97aw3,https://imgur.com/a/QsJT2wk,rep/calibration/rep_cf_QsJT2wk/image_07.jpg,1724,1392,0f9c36109ef5b3eeb9462538ea3b50b1fc0f54d4ae2c79b915312416c007df1b,26ed6bf4dc9e8ddb,,Clean Factory DD3285 Batgirl QC; community described overall alignment as good,acquisition_failed,Minute-track-first acquisition unavailable: minor ticks could not establish a dial ellipse.,acquisition_failed,False,0.0,,,,,,,,,,,,,,,,,,,,,,,,,,,,,,,,,,,,,,,,,,,,,,,,,,,,,,,,,,,,,,,,,,,,,,,,,,,,,,,,,,,,,,,,,,,,,,,
rep_cf_ZVxf97o,rep,rep_labelled,validation,Clean,Oyster,rep_cf_ZVxf97o,https://www.reddit.com/r/RepTimeQC/comments/1hryefk,https://imgur.com/a/ZVxf97o,rep/validation/rep_cf_ZVxf97o/image_00.jpg,1012,1800,1107ae08e2b6b1b1e892c9fc6b5aa415a4eaac2cd7f41b631f55aa2477a96911,6b29cc0614cdc910,,Clean Factory exact-reference QC; album may contain a limited number of views and thread notes a small SEL gap,accepted,,minute_track_first,True,0.9504043467751804,4.4054641804009425,264.988861160278,0.03456635158969508,-1.1499999999999773,1.0923998888406916,True,True,3.044630577786829e-05,0.00580218541267723,False,False,447.02801513671875,860.850341796875,529.193636169433,530.761808471679,20.281570434570312,5,-0.8999999999999773,0.707375990258204,0.8429438197674852,True,True,0.9999999999999991,1.7527562668914203,6.213862240931613,True,-0.25,0.6673368516447613,36,True,0.5516619600414228,0.8623606083589634,1.0,12,3.97483291740417,8.479643557128897,5.829754945526116,False,1.6402240259310072,1.6402240259310072,1.263173182491863,0.8067415604692704,0.8067415604692704,1.5167484550124748,-0.0021483823884718986,0.009023321092048434,not_evaluated,,,,True,-0.3153809356828674,-1.1454159149389853,,True,-0.057410499586922015,-1.0252191656273113,,False,,,,True,0.20127018125083396,-0.8370622441697062,,True,0.026601766115732062,0.2632412971905973,-0.5599608539791632,True,0.058735389685153905,-0.49867228916004036,,True,-0.05930966995100562,-0.05237287749796371,,True,-0.28365735510840295,0.2747255879579913,-0.2687713131191174,False,,,,True,-0.703254193426119,-0.4264850897481076,,True,-0.5232161947168379,-0.9838545656820297,0.6223350081379238,0.013809600764844165
rep_cf_ZVxf97o,rep,rep_labelled,validation,Clean,Oyster,rep_cf_ZVxf97o,https://www.reddit.com/r/RepTimeQC/comments/1hryefk,https://imgur.com/a/ZVxf97o,rep/validation/rep_cf_ZVxf97o/image_01.jpg,1653,1582,46d8a804ad8aed4e24220b975752d43615ddc43ed49bcfa1a75b5751565e2c3b,84307072c343c7c6,,Clean Factory exact-reference QC; album may contain a limited number of views and thread notes a small SEL gap,acquisition_failed,Minute-track-first acquisition unavailable: minor ticks could not establish a dial ellipse.,acquisition_failed,False,0.0,,,,,,,,,,,,,,,,,,,,,,,,,,,,,,,,,,,,,,,,,,,,,,,,,,,,,,,,,,,,,,,,,,,,,,,,,,,,,,,,,,,,,,,,,,,,,,,
rep_cf_ZVxf97o,rep,rep_labelled,validation,Clean,Oyster,rep_cf_ZVxf97o,https://www.reddit.com/r/RepTimeQC/comments/1hryefk,https://imgur.com/a/ZVxf97o,rep/validation/rep_cf_ZVxf97o/image_02.jpg,1766,1164,058bfda2dd50a8efee30206c25a84285ff94c1464c77898656e773a3782111bc,c50123123397874e,,Clean Factory exact-reference QC; album may contain a limited number of views and thread notes a small SEL gap,accepted,,minute_track_first,True,0.7686201683270775,10.800144932391968,276.26008209228524,0.08432270969729323,-2.100000000000011,2.473158659580247,True,True,4.221811440649037e-05,0.5165754117994871,True,False,1055.5419945385743,507.86139151123047,547.5829809570314,557.4573474121096,154.31764221191406,5,-2.3000000000000114,0.9340940133451507,2.6707276857248172,True,True,0.9999999999999991,2.7470249819153736,8.468271490627814,True,0.20000000000000004,0.9096971442395272,36,True,0.9086758916053648,1.4039211996684502,1.0,12,4.1439012313842785,8.840322626953128,6.077721806030275,False,2.127250651721783,2.127250651721783,1.7272698783076796,0.9783075682537178,0.9783075682537178,2.270853938299691,-0.010312385738391962,0.0034374675660081948,PASS,36.113321340007445,0.328125,3,True,-3.120156703673274,-0.3279796387251066,,True,-2.86139644229155,-0.7651800635716577,,False,,,,True,1.069564874109716,-4.659975214360157,,False,,,,False,,,,False,,,,True,-3.539744363094087,4.276522917584646,-3.3748965590975786,True,-3.2217049906741977,-2.334373912091192,,True,-3.2018866171688956,-3.994902310988424,,False,,,,
rep_cf_ZVxf97o,rep,rep_labelled,validation,Clean,Oyster,rep_cf_ZVxf97o,https://www.reddit.com/r/RepTimeQC/comments/1hryefk,https://imgur.com/a/ZVxf97o,rep/validation/rep_cf_ZVxf97o/image_03.jpg,1386,1497,2e22bfbbe33b4dd17b6a025fcc0bd8b066043f6e125e39f3a6600b346b80b3d1,1333712484442d29,,Clean Factory exact-reference QC; album may contain a limited number of views and thread notes a small SEL gap,accepted,,minute_track_first,True,0.5359231041613857,9.587955171643344,291.4315695190431,0.07495265927691584,-0.27500000000001135,1.3192980242300711,True,True,13.590462480374523,0.881557675247545,True,False,613.6806640625,611.5075073242188,578.7635192871096,586.9627587890627,112.58013916015625,5,-0.30000000000001137,1.236775113030188,0.5901377742663572,True,True,1.0174999999999987,1.0284567853330668,8.528940042232385,True,0.02500000000000005,1.0437994446578982,36,True,1.7597799920001793,2.7147863892932387,1.0,12,4.371473542785646,9.325810224609379,6.411494529418947,True,3.020349801780935,1.700726333296281,1.700726333296281,1.9632244800224106,1.7511833113983712,1.7511833113983712,5.5763361279668826e-08,-0.036328072752242695,PASS,33.92196996098173,0.3246527777777778,3,True,0.39010767187486195,2.300475914752209,,True,-0.3133747509971272,1.7977186646168986,,True,-0.029766810625801554,0.2445828864401034,,True,0.23807051360276432,-0.306857870018018,,True,0.2932852027028332,0.2808228776738253,1.3265526515017427,True,0.43569087401760953,-0.12025596379465764,,True,0.5354910480530748,0.039784127860420515,,True,1.9894180762203746,0.5241520274342881,-1.7361637054114283,True,0.7360968163616803,-0.07308716787645109,,True,1.138788174549461,1.129483503887685,,True,1.2063542290985652,1.5997700876266396,-5.05963287043312,3.162651773091822
rep_cf_ZVxf97o,rep,rep_labelled,validation,Clean,Oyster,rep_cf_ZVxf97o,https://www.reddit.com/r/RepTimeQC/comments/1hryefk,https://imgur.com/a/ZVxf97o,rep/validation/rep_cf_ZVxf97o/image_04.jpg,1420,1312,fb80ffeda4332acde11eed821d310984ce7b83f4962906dd005197bff619655b,070f62446ec34726,,Clean Factory exact-reference QC; album may contain a limited number of views and thread notes a small SEL gap,rejected,,minute_track_first,False,0.35,15.512217309398634,339.4788844299311,0.1203497312016823,-0.10000000000002274,1.4189875143714217,True,True,20.56940430185646,0.7951987924108884,True,True,511.3004455566406,478.2798767089844,666.3623190307607,691.5532186889639,54.55620574951172,2,-1.6000000000000227,1.496872408811826,0.60980326520855,True,True,0.9999999999999991,5.294100646962433,7.455066470004533,True,1.5,1.2194008990046246,36,True,1.614924807521518,3.323584399193287,1.0,12,5.092183266448966,10.863324301757796,7.468535457458484,True,3.106664841803232,2.758347558008276,2.758347558008276,2.196537689262842,1.963509737898914,1.963509737898914,0.00042964326690267667,0.05828122808261973,FAIL,48.959705296761854,0.2708333333333333,0,True,-0.11560903202331474,6.893069299556032,,False,,,,False,,,,False,,,,False,,,,False,,,,True,0.27412219952083205,6.994636195442904,,False,,,,False,,,,False,,,,False,,,,
rep_cf_ZVxf97o,rep,rep_labelled,validation,Clean,Oyster,rep_cf_ZVxf97o,https://www.reddit.com/r/RepTimeQC/comments/1hryefk,https://imgur.com/a/ZVxf97o,rep/validation/rep_cf_ZVxf97o/image_05.jpg,1800,1663,cfba8f67290764073cbb1c239d2b3607f36804f3e40a19f515c060c9d3aec4bd,49c884441e9cc8c1,,Clean Factory exact-reference QC; album may contain a limited number of views and thread notes a small SEL gap,acquisition_failed,Minute-track-first acquisition unavailable: minor ticks could not establish a dial ellipse.,acquisition_failed,False,0.0,,,,,,,,,,,,,,,,,,,,,,,,,,,,,,,,,,,,,,,,,,,,,,,,,,,,,,,,,,,,,,,,,,,,,,,,,,,,,,,,,,,,,,,,,,,,,,,
rep_cf_ZVxf97o,rep,rep_labelled,validation,Clean,Oyster,rep_cf_ZVxf97o,https://www.reddit.com/r/RepTimeQC/comments/1hryefk,https://imgur.com/a/ZVxf97o,rep/validation/rep_cf_ZVxf97o/image_06.jpg,1800,1651,7534fa3a6fe6eafeceaf2c84ea230407a97f4a95758dba6862c96c4c1f0fdb00,016145c3090f0669,,Clean Factory exact-reference QC; album may contain a limited number of views and thread notes a small SEL gap,acquisition_failed,Minute-track-first acquisition unavailable: minor ticks could not establish a dial ellipse.,acquisition_failed,False,0.0,,,,,,,,,,,,,,,,,,,,,,,,,,,,,,,,,,,,,,,,,,,,,,,,,,,,,,,,,,,,,,,,,,,,,,,,,,,,,,,,,,,,,,,,,,,,,,,
rep_cf_ZVxf97o,rep,rep_labelled,validation,Clean,Oyster,rep_cf_ZVxf97o,https://www.reddit.com/r/RepTimeQC/comments/1hryefk,https://imgur.com/a/ZVxf97o,rep/validation/rep_cf_ZVxf97o/image_07.jpg,1800,1718,a37fbfc113c7e2e4df0c505c81f8c4aab31e40f5cb261cd6825a46fad4f72f38,1f476369496d2d9b,,Clean Factory exact-reference QC; album may contain a limited number of views and thread notes a small SEL gap,accepted,,minute_track_first,True,0.8678159795235154,8.115462312773001,280.8742822265626,0.06352578124791772,-0.10000000000002274,0.3413694308040011,True,True,2.7142089947374315e-05,0.03314949817603075,False,False,768.3148653515625,616.0430297851562,558.9216210937502,564.5755078125003,118.19752502441406,7,-0.10000000000002274,0.9761706077252281,0.34136968519872923,True,True,1.0199999999999987,0.7591253165114359,2.2960181309886147,True,0.0,0.9761737535771139,36,True,1.1246898711334885,1.9160058244812712,1.0,12,4.213114233398439,8.987977031250004,6.1792342089843775,False,1.8520582851636105,1.8520582851636105,1.3566133782156262,1.2501302204952587,1.2501302204952587,2.2252775441353028,0.0034374996815597397,0.0017186941708043741,not_evaluated,,,,True,-0.311153120044537,-0.7063876228615817,,True,1.5171312342179135,-3.7707822891328124,,True,-0.19735661831884954,-1.7576915279679306,,True,-0.44928536196391633,-3.7318257539846633,,False,,,,True,-0.5132182793698803,-1.5845664509452795,,True,-0.14964093491551012,-3.163756559228159,,False,,,,True,-0.36479057331621334,-1.1602376694166527,,True,-0.1948882340255409,-2.0206969655054197,,False,,,,
rep_cf_ZVxf97o,rep,rep_labelled,validation,Clean,Oyster,rep_cf_ZVxf97o,https://www.reddit.com/r/RepTimeQC/comments/1hryefk,https://imgur.com/a/ZVxf97o,rep/validation/rep_cf_ZVxf97o/image_08.jpg,1494,1514,8a2ef441aaffdcfdaf045dfa05fcadfe9d3f5a9099039fc503d1badd4472ea4c,41012f76333373c3,,Clean Factory exact-reference QC; album may contain a limited number of views and thread notes a small SEL gap,acquisition_failed,Minute-track-first acquisition unavailable: minor ticks could not establish a dial ellipse.,acquisition_failed,False,0.0,,,,,,,,,,,,,,,,,,,,,,,,,,,,,,,,,,,,,,,,,,,,,,,,,,,,,,,,,,,,,,,,,,,,,,,,,,,,,,,,,,,,,,,,,,,,,,,
rep_cf_ZVxf97o,rep,rep_labelled,validation,Clean,Oyster,rep_cf_ZVxf97o,https://www.reddit.com/r/RepTimeQC/comments/1hryefk,https://imgur.com/a/ZVxf97o,rep/validation/rep_cf_ZVxf97o/image_09.jpg,1331,1800,da6179af7b2f6eb46f7f538cb235927d18811c450dddd5f3532f36cb8dd73510,3f45cf8635218d9a,,Clean Factory exact-reference QC; album may contain a limited number of views and thread notes a small SEL gap,acquisition_failed,Minute-track-first acquisition unavailable: minor ticks could not establish a dial ellipse.,acquisition_failed,False,0.0,,,,,,,,,,,,,,,,,,,,,,,,,,,,,,,,,,,,,,,,,,,,,,,,,,,,,,,,,,,,,,,,,,,,,,,,,,,,,,,,,,,,,,,,,,,,,,,
rep_cf_f71234_Sw2D1Bt,rep,rep_labelled,calibration,Clean,Oyster,rep_cf_f71234_Sw2D1Bt,https://www.reddit.com/r/RepTimeQC/comments/1kah0ug,https://imgur.com/a/f71234-Sw2D1Bt,rep/calibration/rep_cf_f71234_Sw2D1Bt/image_00.jpg,1800,1013,5c965ab0f5fc89d7c40a3688f7a70e1c43a726a8b1e2ceb97dd0b2bd0b904d2a,13336b69693b3317,,Clean Factory QC; thread specifically discusses cyclops perspective and otherwise GL-level cosmetics,rejected,,minute_track_first,False,0.35,38.323013412158915,53.859378166198724,0.2790423877154627,-5.7499999999999885,0.7977827383618069,True,False,1.2765283790976518e-05,1.7804545225044466,False,False,931.584228515625,502.1795654296875,94.71226257324217,120.72525009155271,32.92618179321289,2,-5.699999999999989,1.1348663078377004,0.8439343484573507,True,False,0.9999999999999991,2.553138311824311,7.96961265290604,False,-0.049999999999999954,1.1307354066194608,36,False,1.2396792614711798,8.062306476537046,0.6666666666666666,12,1.5,3.0,2.0,False,2.900906897162646,2.900906897162646,2.2205720465361294,2.834916690756389,2.834916690756389,3.5834441565494064,-0.0743939502154627,0.0018169872845373277,not_evaluated,,,,True,0.2982645189436077,-7.291642813873933,,False,,,,False,,,,True,-0.7959093265108663,-5.490850887534037,,False,,,,True,-0.5797192234387012,5.151355755229536,,True,0.6937661242214119,-2.227739939363149,,False,,,,True,-0.5207057365980177,-6.858219814386802,,True,-0.21387956690676901,-3.3473774480476615,,False,,,,
rep_cf_f71234_Sw2D1Bt,rep,rep_labelled,calibration,Clean,Oyster,rep_cf_f71234_Sw2D1Bt,https://www.reddit.com/r/RepTimeQC/comments/1kah0ug,https://imgur.com/a/f71234-Sw2D1Bt,rep/calibration/rep_cf_f71234_Sw2D1Bt/image_01.jpg,1800,1013,2eff7b57bc77a01d1e659094a83d4eb59397dc79d40d1444424c6d8cee0726ca,13332b6969693233,rep_cf_6zSSQ1d/image_02.jpg,Clean Factory QC; thread specifically discusses cyclops perspective and otherwise GL-level cosmetics,accepted,,minute_track_first,True,0.7795139246377755,5.6154871834164215,222.05646366119396,0.04403335881983345,1.2749999999999937,1.4040414912900052,True,True,2.357992306698806e-05,0.33451876921987617,True,False,799.8552856445312,442.2807312011719,443.0447122192385,445.1811424255373,56.61967849731445,9,1.2999999999999936,0.5965288568058011,1.4290763813525567,True,True,0.9874999999999994,0.49336898771309995,1.422790009647775,True,-0.024999999999999953,0.5913603627374933,36,True,0.5720201781533052,0.7499740153841082,1.0,12,3.3308469549179094,7.105806837158207,4.885242200546267,False,1.176142023548961,1.176142023548961,0.7410557199775912,0.6152851583380874,0.6152851583380874,0.8573774654360321,0.010312500741969804,-0.007734409950206361,PASS,7.242206284942672,0.3420138888888889,3,True,-0.3272360999723105,0.5500127812499866,,True,-0.33481015825356053,-0.20644665056100964,,True,0.08623474097842632,-0.5887117035111689,,True,0.05664410858520341,-0.721446775887391,,True,-0.3414781936032796,0.03422630133613769,-1.4192447080302486,True,0.05773130347191113,-0.7013680240419706,,True,2.210245273454234,0.4915453227170241,,True,-1.712492642361667,2.1793612523948735,7.210203557556525,True,0.0014813744890034286,0.671217897800247,,True,-0.13518853157211197,1.018664486482579,,True,-0.021601292107845893,-0.3107668108328743,-0.5078101735779796,2.793810808386972
rep_cf_f71234_Sw2D1Bt,rep,rep_labelled,calibration,Clean,Oyster,rep_cf_f71234_Sw2D1Bt,https://www.reddit.com/r/RepTimeQC/comments/1kah0ug,https://imgur.com/a/f71234-Sw2D1Bt,rep/calibration/rep_cf_f71234_Sw2D1Bt/image_02.jpg,1800,1013,59f685d014f887ecc87e8cb73f5bd924909bbf3dfacd387c78a0a62a5cea7871,13336b6969693332,rep_cf_6zSSQ1d/image_01.jpg,Clean Factory QC; thread specifically discusses cyclops perspective and otherwise GL-level cosmetics,accepted,,minute_track_first,True,0.7678065659878448,6.220537725810149,218.71728698730476,0.0487600663967774,1.1000000000000003,1.1801071105044327,True,True,2.3899939767224373e-05,0.35222807729322064,True,False,799.755126953125,473.6739631494141,436.14300537109386,438.7261425781251,77.00984191894531,8,1.2,0.5747220276181924,1.2806202730553469,True,True,1.007499999999999,0.9210420898067885,1.8058416087451206,True,-0.09999999999999973,0.5471117440751365,36,True,0.545144012587085,0.6172250899232166,1.0,12,3.280759304809571,6.998953183593753,4.811780313720704,False,0.9807510307726411,0.9807510307726411,0.6881424139886639,0.5578943869856797,0.5578943869856797,0.6619201030424396,-0.0004296883486462357,0.00687503493946257,PASS,7.13462894328395,0.3663194444444444,3,True,-0.27472710385603705,0.4304560939241253,,True,-0.26587509404987486,-0.2052399433662644,,True,0.05418007209416942,-0.5125063994725676,,True,-0.029681371880997176,-0.3881024757621865,,True,-0.5223474368727921,-0.1237805945774495,-0.8598736035569914,True,-0.1347364992062694,-0.5196856024293539,,True,1.9324229692019799,0.2319922314998002,,True,2.0094015796719873,2.087513503386129,-7.08367736250969,True,-0.010767386403017554,0.024036715807351783,,True,-0.0975478112292194,0.40747451311518024,,True,0.06549969865060934,-0.6129027274473176,-3.159749694089726,2.3231088084011144
rep_cf_f71234_Sw2D1Bt,rep,rep_labelled,calibration,Clean,Oyster,rep_cf_f71234_Sw2D1Bt,https://www.reddit.com/r/RepTimeQC/comments/1kah0ug,https://imgur.com/a/f71234-Sw2D1Bt,rep/calibration/rep_cf_f71234_Sw2D1Bt/image_03.jpg,1800,1013,d423fdb3d20fc015252808f7de8e0a802d130ea5ca8b66eaed2dfbbac1b326fb,cece6a6e4761791a,,Clean Factory QC; thread specifically discusses cyclops perspective and otherwise GL-level cosmetics,acquisition_failed,Minute-track-first acquisition unavailable: minor ticks could not establish a dial ellipse.,acquisition_failed,False,0.0,,,,,,,,,,,,,,,,,,,,,,,,,,,,,,,,,,,,,,,,,,,,,,,,,,,,,,,,,,,,,,,,,,,,,,,,,,,,,,,,,,,,,,,,,,,,,,,
rep_cf_f71234_Sw2D1Bt,rep,rep_labelled,calibration,Clean,Oyster,rep_cf_f71234_Sw2D1Bt,https://www.reddit.com/r/RepTimeQC/comments/1kah0ug,https://imgur.com/a/f71234-Sw2D1Bt,rep/calibration/rep_cf_f71234_Sw2D1Bt/image_04.jpg,1800,1013,bf0d4e02196b2fba404aa632eb07199d6a5769a49998bc88f2ad0dd31c180666,c64c2d391b090707,,Clean Factory QC; thread specifically discusses cyclops perspective and otherwise GL-level cosmetics,rejected,,minute_track_first,False,0.35,43.548076996271384,254.9577426910397,0.3100333483295407,1.6249999999999911,4.927231790874723,False,False,3.2804251405760406e-05,0.8015962132447789,False,False,764.7138890075684,723.7442517852783,428.5548629760736,591.2761077880851,111.17706298828125,1,3.5999999999999925,3.762829824117615,2.4310561496700807,True,True,1.004999999999999,4.278739582703203,10.0,True,-1.9750000000000014,3.126664684352691,36,False,2.7075400575302213,9.742890623252112,0.75,12,3.8243661403655955,8.15864776611327,5.609070339202873,False,4.578847767850094,4.578847767850094,3.4436504790291425,3.9964635923503558,3.9964635923503558,4.78183055777695,-0.3100334757331323,-0.283392873551217,not_evaluated,,,,False,,,,True,-3.3244757471869093,-4.851521846776241,,False,,,,False,,,,False,,,,False,,,,False,,,,False,,,,False,,,,False,,,,False,,,,
rep_cf_f71234_Sw2D1Bt,rep,rep_labelled,calibration,Clean,Oyster,rep_cf_f71234_Sw2D1Bt,https://www.reddit.com/r/RepTimeQC/comments/1kah0ug,https://imgur.com/a/f71234-Sw2D1Bt,rep/calibration/rep_cf_f71234_Sw2D1Bt/image_05.jpg,1800,1013,366d1d8d135ef8d41591abfb8445efbf4d7a803fc4c9a9915f8b2e33a376fc4c,4c446d2913070b07,,Clean Factory QC; thread specifically discusses cyclops perspective and otherwise GL-level cosmetics,rejected,,minute_track_first,False,0.35,29.499448158860503,307.70017913818367,0.22158682978399094,-3.2249999999999783,3.5115163987205213,False,False,3.464922664254997e-05,0.25025081055234233,False,False,785.5442504882812,716.8881151049804,572.7453540039064,658.0553625488283,88.70039367675781,8,-1.3999999999999773,1.376110978757724,1.4149535281623609,True,True,0.9949999999999992,4.973373122164054,10.0,True,-1.825000000000001,1.284039059173168,36,True,1.5867807527713356,9.647521003676555,0.8333333333333334,12,4.6155026870727545,9.846405732421879,6.76940394104004,False,3.9063544511580135,3.9063544511580135,3.223257865558314,2.55385074220955,2.55385074220955,2.990127714925315,0.05841307360004675,-0.22158687173394204,not_evaluated,,,,True,-0.02033572079443502,7.67658142050286,,False,,,,True,-2.5209921212453423,-6.2442569471095055,,True,-2.8607083549505887,-5.159909382397587,,False,,,,False,,,,True,-2.525028036516858,-6.428018550115122,,False,,,,False,,,,True,0.0019414670629771535,7.8788177666048735,,False,,,,
rep_cf_f71234_Sw2D1Bt,rep,rep_labelled,calibration,Clean,Oyster,rep_cf_f71234_Sw2D1Bt,https://www.reddit.com/r/RepTimeQC/comments/1kah0ug,https://imgur.com/a/f71234-Sw2D1Bt,rep/calibration/rep_cf_f71234_Sw2D1Bt/image_06.jpg,1800,1013,db5c1658c6121ad0ae9c3b50e508956477a2dc3e0dbc78a4b7153456d0413f39,96964d69130f0b03,,Clean Factory QC; thread specifically discusses cyclops perspective and otherwise GL-level cosmetics,rejected,,minute_track_first,False,0.35,44.34084319625479,52.815604219436636,0.31451637971294416,4.699999999999994,0.050878100878304106,True,True,5.987006430794232,1.1209670709566455,True,True,780.0458374023438,515.7021484375,88.09131660461425,123.17110027313231,106.38758087158203,1,4.299999999999994,0.9270921951371301,0.28198873382134576,True,True,0.9999999999999991,1.485646304272122,3.3722107266595747,True,0.40000000000000013,0.8196756523717823,36,True,0.8323975301456709,1.2901172541176276,0.9166666666666666,12,1.5,3.0,2.0,True,1.6946258130477119,1.432574371561409,1.432574371561409,1.5550437330337783,1.348013846455597,1.348013846455597,-0.1362351297129442,-0.07107887971294413,FAIL,231.33420425043766,0.6475694444444444,1,True,-0.7823227506397643,1.1826120453352074,,True,-1.081659353699024,4.341970923222583,,True,-0.30813132865313264,-3.9921903055245456,,True,-0.17947722915118902,-6.414423178595719,,False,,,,True,0.9779675705036084,7.252614738078201,,True,0.04853224631577291,-5.174497488226903,,False,,,,True,-0.17585425965177137,-3.898340100333564,,True,-0.9092170106534923,7.938922160829797,,False,,,,
rep_cf_f71234_Sw2D1Bt,rep,rep_labelled,calibration,Clean,Oyster,rep_cf_f71234_Sw2D1Bt,https://www.reddit.com/r/RepTimeQC/comments/1kah0ug,https://imgur.com/a/f71234-Sw2D1Bt,rep/calibration/rep_cf_f71234_Sw2D1Bt/image_07.jpg,1800,1013,08c00ffe20c86e4163df5fb6b7e043b75a33d6c2c754c78a0786a8724b747df4,96864c69330f0707,,Clean Factory QC; thread specifically discusses cyclops perspective and otherwise GL-level cosmetics,acquisition_failed,Minute-track-first acquisition unavailable: no stable approximate dial centre was found.,acquisition_failed,False,0.0,,,,,,,,,,,,,,,,,,,,,,,,,,,,,,,,,,,,,,,,,,,,,,,,,,,,,,,,,,,,,,,,,,,,,,,,,,,,,,,,,,,,,,,,,,,,,,,
rep_cf_f71234_Sw2D1Bt,rep,rep_labelled,calibration,Clean,Oyster,rep_cf_f71234_Sw2D1Bt,https://www.reddit.com/r/RepTimeQC/comments/1kah0ug,https://imgur.com/a/f71234-Sw2D1Bt,rep/calibration/rep_cf_f71234_Sw2D1Bt/image_08.jpg,1800,1013,0e924586a1fb726acbfc013c7f28b35402423f00eaa99a4fc1772d794a8679ba,3232323332327333,,Clean Factory QC; thread specifically discusses cyclops perspective and otherwise GL-level cosmetics,acquisition_failed,Minute-track-first acquisition unavailable: minor ticks could not establish a dial ellipse.,acquisition_failed,False,0.0,,,,,,,,,,,,,,,,,,,,,,,,,,,,,,,,,,,,,,,,,,,,,,,,,,,,,,,,,,,,,,,,,,,,,,,,,,,,,,,,,,,,,,,,,,,,,,,
rep_cf_f71234_Sw2D1Bt,rep,rep_labelled,calibration,Clean,Oyster,rep_cf_f71234_Sw2D1Bt,https://www.reddit.com/r/RepTimeQC/comments/1kah0ug,https://imgur.com/a/f71234-Sw2D1Bt,rep/calibration/rep_cf_f71234_Sw2D1Bt/image_09.jpg,1800,1013,17628e86b020deb0446219da657bbf1f5e1499b0d0b7765c87ce533ac72c9b66,3233333333333171,,Clean Factory QC; thread specifically discusses cyclops perspective and otherwise GL-level cosmetics,rejected,,minute_track_first,False,0.05503978687708232,48.23720418681174,86.52517234802245,0.32,-2.4500000000000237,2.2168920518998263,True,False,24.69432587896089,1.9391790385102698,False,False,820.001220703125,461.3740539550781,138.36319671630858,207.73749267578123,79.90047454833984,1,-1.1000000000000227,3.8401609765237485,3.276121989439605,False,False,0.9999999999999991,5.077773007219429,10.0,False,-1.350000000000001,1.8685238148078014,36,False,2.7696841148110867,10.0,0.4166666666666667,12,1.5,3.0,2.0,True,4.699755260027228,3.6424232671398187,3.6424232671398187,4.332914356241211,4.031338721143303,4.031338721143303,-0.18800781249999998,0.32000000000000006,not_evaluated,,,,False,,,,False,,,,False,,,,False,,,,False,,,,False,,,,False,,,,False,,,,False,,,,False,,,,False,,,,
rep_arf_8xahrjm,rep,rep_labelled,validation,ARF,Jubilee,rep_arf_8xahrjm,https://www.reddit.com/r/RepTimeQC/comments/1kqahal,https://imgur.com/a/8xahrjm,rep/validation/rep_arf_8xahrjm/image_00.jpg,1400,1356,2dbab0a9defce0a14af9bc05bfe9c0ec0baaea7f642436307edda130b6729fbe,0f0f1f07071f0f0f,,ARF exact-reference Batgirl QC; useful factory-diversity validation watch,acquisition_failed,Minute-track-first acquisition unavailable: minor ticks could not establish a dial ellipse.,acquisition_failed,False,0.0,,,,,,,,,,,,,,,,,,,,,,,,,,,,,,,,,,,,,,,,,,,,,,,,,,,,,,,,,,,,,,,,,,,,,,,,,,,,,,,,,,,,,,,,,,,,,,,
rep_arf_8xahrjm,rep,rep_labelled,validation,ARF,Jubilee,rep_arf_8xahrjm,https://www.reddit.com/r/RepTimeQC/comments/1kqahal,https://imgur.com/a/8xahrjm,rep/validation/rep_arf_8xahrjm/image_01.jpg,1200,900,db17d2721826ff8f710ca1a9c76a7d05b7fb780b40effd758d5f93b30e26b076,0f0f8f0f0f8e0f4f,,ARF exact-reference Batgirl QC; useful factory-diversity validation watch,accepted,,minute_track_first,True,0.7196270969648375,1.857386476483617,225.24286376953137,0.015,1.175,1.4539622168997683,True,True,1.8988988110132845,0.35045798687832264,True,False,604.2100830078125,440.36883544921875,450.3673535156252,450.6041015625002,124.07096099853516,4,1.2,0.6527646180674203,1.1862722675364674,True,True,0.9949999999999992,0.29548776625964024,0.6881879063266059,True,-0.024999999999999953,0.5115394478991407,36,True,0.554069605744434,0.7237857492617582,1.0,12,3.3786429565429703,7.207771640625004,4.955343002929689,True,1.0284000092224008,0.49219193644982506,0.49219193644982506,0.7578355526603867,0.5276803462765519,0.5276803462765519,-0.004296942316865275,-0.007734376084072963,PASS,48.632986704970605,0.3055555555555556,3,True,-0.05968359799715017,-0.05542072612197968,,False,,,,True,0.09352322242251887,-0.8096043144364962,,True,0.022415028856272556,-0.7191841546902111,,True,0.3785403299551433,-0.036567910346996246,1.626100118647912,True,0.13639286767815406,-0.4658770884077401,,True,0.24548964757045155,-0.06301733288097688,,False,,,,True,0.25641093263561743,0.6465703485780461,,True,-0.007589472685083365,0.9113689592032959,,True,0.36986249825989836,-0.38701304173299755,-2.1911472292351846,1.2673020971408668
rep_arf_8xahrjm,rep,rep_labelled,validation,ARF,Jubilee,rep_arf_8xahrjm,https://www.reddit.com/r/RepTimeQC/comments/1kqahal,https://imgur.com/a/8xahrjm,rep/validation/rep_arf_8xahrjm/image_02.jpg,1200,900,4e0cc6c37c1639346f07b1d73834caf1ab6d4861e382fc8d53790dc2319c4315,03cd8e968e0e0e40,,ARF exact-reference Batgirl QC; useful factory-diversity validation watch,accepted,,minute_track_first,True,0.5103139385800961,39.14013245642852,271.19126289367665,0.2840486532021801,2.7499999999999907,2.883008613852008,True,True,4.460105888642829,0.46273239209788586,True,False,604.3315074945068,391.61834716796875,473.837858276367,610.9271932983396,90.5700912475586,5,0.8999999999999915,1.5025792448682644,0.9954450882638738,True,True,0.9999999999999991,4.925183209141787,7.085168428771748,True,1.8499999999999992,1.3778805037958821,36,True,1.4322477113723395,2.147940610282466,1.0,12,4.067868943405149,8.678120412597654,5.966207783660886,True,2.7008008855894374,2.443726724911393,2.443726724911393,1.7160741782655282,1.492437186124038,1.492437186124038,-0.0103124991099753,-0.030312564272057967,PASS,56.28016929854442,0.2222222222222222,3,True,-0.1105916766417181,5.3327092661910385,,True,-0.07455123147087761,6.745953281850237,,True,1.38416640481924,-4.864790574864508,,True,0.0976721015451858,-0.5029533511589745,,False,,,,True,-2.7215792464685364,-3.5780596588905977,,False,,,,False,,,,True,0.10763018257051726,6.101878323508414,,True,-0.027574266707802053,4.810862643376524,,False,,,,
rep_arf_8xahrjm,rep,rep_labelled,validation,ARF,Jubilee,rep_arf_8xahrjm,https://www.reddit.com/r/RepTimeQC/comments/1kqahal,https://imgur.com/a/8xahrjm,rep/validation/rep_arf_8xahrjm/image_03.jpg,1200,900,d380e221a9810aac3d6ed866e58eaef5342b603473f00c6add5fa1bf18ad896e,038c8e0e16170f8c,,ARF exact-reference Batgirl QC; useful factory-diversity validation watch,rejected,,minute_track_first,False,0.35,36.23851139391547,309.97701301574693,0.2660165698689447,-2.825000000000023,6.916342785508406,False,False,11.679465875808296,0.21432964939835278,False,False,610.6692317474365,378.9465026855469,553.5727587890623,686.3352932739255,91.68359375,5,-2.1000000000000227,1.782506254812894,3.003759112275217,True,True,0.9999999999999991,5.1785570810988935,7.50348804278482,True,-0.7250000000000002,1.5762690717157946,36,True,1.6408791841477215,2.898688335410488,1.0,12,4.649655195236204,9.919264416503902,6.8194942863464325,True,3.0128317164893104,2.7136089584022853,2.7136089584022853,2.186544665747552,2.0100015205613238,2.0100015205613238,0.031835893424808796,-0.025585883109446317,not_evaluated,,,,True,-0.053434857647175704,5.471448902893727,,True,-0.0752489470997375,6.782668179638751,,True,3.083603435283436,-5.498288876490487,,True,2.0781480059654314,-2.2708244455571847,,False,,,,True,-0.8624595480568473,-2.33606231393344,,True,-2.0315575637952747,-5.124670552131516,,True,-1.7461210929475328,-3.495001059331926,,True,0.10347930741096434,6.558643949138987,,True,0.027499350326650074,5.230867607515144,,False,,,,
rep_arf_8xahrjm,rep,rep_labelled,validation,ARF,Jubilee,rep_arf_8xahrjm,https://www.reddit.com/r/RepTimeQC/comments/1kqahal,https://imgur.com/a/8xahrjm,rep/validation/rep_arf_8xahrjm/image_04.jpg,1200,900,af5bb9f2a5724a660d8c12615dfaa10f682315e44b1e134951aa6d8547795e51,030f8e0d339e1d70,,ARF exact-reference Batgirl QC; useful factory-diversity validation watch,acquisition_failed,Minute-track-first acquisition unavailable: minor ticks could not establish a dial ellipse.,acquisition_failed,False,0.0,,,,,,,,,,,,,,,,,,,,,,,,,,,,,,,,,,,,,,,,,,,,,,,,,,,,,,,,,,,,,,,,,,,,,,,,,,,,,,,,,,,,,,,,,,,,,,,
rep_arf_8xahrjm,rep,rep_labelled,validation,ARF,Jubilee,rep_arf_8xahrjm,https://www.reddit.com/r/RepTimeQC/comments/1kqahal,https://imgur.com/a/8xahrjm,rep/validation/rep_arf_8xahrjm/image_05.jpg,1200,900,324bcead7679c224ff6c1296ba5d56dfcd1ae314471eb9add6ccbbd41fd0964a,0e9f07136d5b7699,,ARF exact-reference Batgirl QC; useful factory-diversity validation watch,rejected,,minute_track_first,False,0.35,34.18482405625974,133.49769241333013,0.25283893011878306,-1.7999999999999896,1.6830781344443468,True,False,1.1255430090835665e-05,1.3998994760294152,False,False,598.810387019043,365.410804387207,241.75008956909187,292.2406800842286,69.95099639892578,5,-3.1999999999999886,3.001041625812613,0.058832669717595536,True,False,0.9899999999999993,4.637879636855648,10.0,False,1.399999999999999,2.672587971541369,36,False,1.8067134527345554,4.869424180392433,0.6666666666666666,12,2.002465386199952,4.271926157226564,2.9369492330932627,False,4.287996996212382,4.287996996212382,3.355741463063887,2.1493388683614643,2.1493388683614643,5.0549288523961105,0.17747356988121693,0.09946575738121696,not_evaluated,,,,True,0.03084145057110277,-0.06015762561132343,,True,-2.3296133332155478,-7.708306331361914,,True,0.4664338244640902,1.0696932598660225,,True,-1.9161074541665357,0.07398827113075379,,True,0.2569968698871037,-0.3374557801247069,8.891449266565473,True,1.1450509772040505,5.368554649021872,,True,1.8167132089753295,2.6089500844412528,,True,0.3838130732869445,-0.6845327681592184,7.228273264207161,False,,,,True,-0.20362046403084832,3.8494386185818796,,True,-0.16755613935663405,-2.57092661821402,,3.376372070841062
rep_arf_8xahrjm,rep,rep_labelled,validation,ARF,Jubilee,rep_arf_8xahrjm,https://www.reddit.com/r/RepTimeQC/comments/1kqahal,https://imgur.com/a/8xahrjm,rep/validation/rep_arf_8xahrjm/image_06.jpg,1800,1350,24a46879ab63a6ee7de3a1a6f7675098562301800c9861f47558b9858c8e0a5b,98989c92494a4745,,ARF exact-reference Batgirl QC; useful factory-diversity validation watch,acquisition_failed,Minute-track-first acquisition unavailable: minor ticks could not establish a dial ellipse.,acquisition_failed,False,0.0,,,,,,,,,,,,,,,,,,,,,,,,,,,,,,,,,,,,,,,,,,,,,,,,,,,,,,,,,,,,,,,,,,,,,,,,,,,,,,,,,,,,,,,,,,,,,,,
rep_arf_m304y61,rep,rep_labelled,calibration,ARF,Jubilee,rep_arf_m304y61,https://www.reddit.com/r/RepTimeQC/comments/1hwy5ll,https://imgur.com/a/m304y61,rep/calibration/rep_arf_m304y61/image_00.jpg,1070,1220,38c461cdb6c8e1bb615cfa723b78a801a9acbed4c8e43689b4706af8bc178c96,9737359cd4748c3c,,ARF exact-reference Batgirl QC; community broadly GL and useful near-clean factory-diversity control,rejected,,minute_track_first,False,0.35,48.23424379847631,340.72211837768566,0.32,0.95,3.837720819471141,False,False,2.7736579524084486e-05,0.45837426538739484,False,False,598.3701171875,865.5180053710938,544.87078704834,818.0176864624027,100.86152648925781,1,0.9999999999999999,2.8546070639295236,3.7653314216036167,False,True,0.9974999999999992,5.305688972219134,9.87310367521203,False,-0.049999999999999954,2.8244738723493503,36,False,5.4558063859848245,10.0,0.6666666666666666,12,5.110831775665285,10.903107788085942,7.495886604309084,False,4.566980698912034,4.566980698912034,3.9921894046889435,4.955875325014748,4.955875325014748,5.2261116324836125,-0.06816410756319573,-0.1296094840217356,not_evaluated,,,,False,,,,False,,,,False,,,,False,,,,False,,,,False,,,,False,,,,False,,,,False,,,,False,,,,False,,,,
rep_arf_m304y61,rep,rep_labelled,calibration,ARF,Jubilee,rep_arf_m304y61,https://www.reddit.com/r/RepTimeQC/comments/1hwy5ll,https://imgur.com/a/m304y61,rep/calibration/rep_arf_m304y61/image_01.jpg,1066,1426,723cfabc9f8d4655e38f7f151a834268d0dc2eb0ffbe7aa0b6cc6b3431323af4,317066c24e2cb412,,ARF exact-reference Batgirl QC; community broadly GL and useful near-clean factory-diversity control,accepted,,minute_track_first,True,0.8896483298449656,3.9127745498026263,279.34991546630874,0.030706978778522315,-0.30000000000001137,0.21325085520847192,True,True,1.2190501000444411,0.009059574860521493,False,False,451.177734375,793.257568359375,558.047931518555,559.3517303466799,168.70420837402344,6,-0.30000000000001137,0.776601302459456,0.32500762899975827,True,True,0.9999999999999991,0.33478589960732086,1.046527202769911,True,0.0,0.5266632523006219,36,True,0.4945462738247838,1.0049024574105425,1.0,12,4.190248731994631,8.93919729492188,6.145698140258792,True,0.725525392633832,0.5018983360437429,0.5018983360437429,0.8479738354935841,0.5760046910701112,0.5760046910701112,0.002578125000000007,0.004726562500000008,not_evaluated,,,,True,0.2167515704039502,-0.9858972707758928,,True,0.4068386786015594,-0.35005083578176777,,True,0.3918170072463312,0.3314714223767945,,True,0.38246066889070107,0.8064689858853669,,True,0.06941628671998501,0.8541500241193267,0.534247056766759,True,0.06784346741258673,0.9408880251551954,,True,-0.1966557727131999,0.8464994035542905,,True,-0.660039688865595,0.5944954547328574,0.017322212694949712,False,,,,True,-0.3287617328419401,-0.6633024821618316,,True,0.28662924974338466,-0.9045385333516176,-1.0974033819865952,0.12992937255987963
rep_arf_m304y61,rep,rep_labelled,calibration,ARF,Jubilee,rep_arf_m304y61,https://www.reddit.com/r/RepTimeQC/comments/1hwy5ll,https://imgur.com/a/m304y61,rep/calibration/rep_arf_m304y61/image_02.jpg,1740,1422,7b9182c52aa513d4220ab74fb541513812e92a6cebc7639f5362dd4b801df0c0,381c5c8ecfebb9c9,,ARF exact-reference Batgirl QC; community broadly GL and useful near-clean factory-diversity control,acquisition_failed,Minute-track-first acquisition unavailable: minor ticks could not establish a dial ellipse.,acquisition_failed,False,0.0,,,,,,,,,,,,,,,,,,,,,,,,,,,,,,,,,,,,,,,,,,,,,,,,,,,,,,,,,,,,,,,,,,,,,,,,,,,,,,,,,,,,,,,,,,,,,,,
rep_arf_m304y61,rep,rep_labelled,calibration,ARF,Jubilee,rep_arf_m304y61,https://www.reddit.com/r/RepTimeQC/comments/1hwy5ll,https://imgur.com/a/m304y61,rep/calibration/rep_arf_m304y61/image_03.jpg,1020,1402,9f8113d069c330cf92f0445d635b45774f7ac33556a34cf9996d7a80a4b114fd,470e673313da9999,,ARF exact-reference Batgirl QC; community broadly GL and useful near-clean factory-diversity control,acquisition_failed,Minute-track-first acquisition unavailable: minor ticks could not establish a dial ellipse.,acquisition_failed,False,0.0,,,,,,,,,,,,,,,,,,,,,,,,,,,,,,,,,,,,,,,,,,,,,,,,,,,,,,,,,,,,,,,,,,,,,,,,,,,,,,,,,,,,,,,,,,,,,,,
rep_arf_m304y61,rep,rep_labelled,calibration,ARF,Jubilee,rep_arf_m304y61,https://www.reddit.com/r/RepTimeQC/comments/1hwy5ll,https://imgur.com/a/m304y61,rep/calibration/rep_arf_m304y61/image_04.jpg,1040,1398,8c1423e84d143ef1cc2b9c3a64f2c5a2b1da5a4e654e7e3b2d3d2ff3696f0bc8,071c0a2419c9c599,,ARF exact-reference Batgirl QC; community broadly GL and useful near-clean factory-diversity control,rejected,,minute_track_first,False,0.20404623148602719,47.83045843274785,140.69281551361087,0.32,-1.3500000000000227,3.654570153836155,False,False,25.63585471154937,0.11614368628470657,False,False,651.5457763671875,178.4632279925537,226.0499807739258,336.72128128051764,89.86444854736328,1,-0.6000000000000227,4.966051518128992,0.827369848287928,True,False,0.9999999999999991,9.962546756785496,10.0,False,-0.75,4.28157639006875,36,False,4.800676702701464,9.980335146864443,0.3333333333333333,12,2.110392232704163,4.502170096435548,3.095241941299439,True,6.193230318652275,5.434153606797866,5.434153606797866,5.25995362970246,4.642150464546217,4.642150464546217,0.04000000000000003,-0.31999999999999995,not_evaluated,,,,True,1.7942369119513266,1.4564302771176818,,False,,,,True,-1.1474157733912307,-4.759886581813156,,False,,,,False,,,,False,,,,True,1.0324324489101286,-3.060334484282945,,True,-3.0527901312905215,-0.3012760255956759,0.06070960802057357,False,,,,True,-0.29063342154734073,2.7368261748016542,,False,,,,
rep_arf_m304y61,rep,rep_labelled,calibration,ARF,Jubilee,rep_arf_m304y61,https://www.reddit.com/r/RepTimeQC/comments/1hwy5ll,https://imgur.com/a/m304y61,rep/calibration/rep_arf_m304y61/image_05.jpg,1036,1374,f8e5bba83e92c7a166f39a2cea8fd9a44d0e0f2aad5bf3baf6210db3d373bffd,ffffefc6d8d29989,,ARF exact-reference Batgirl QC; community broadly GL and useful near-clean factory-diversity control,rejected,,minute_track_first,False,0.35,38.325622109140355,170.55096237182624,0.27905846133928197,5.974999999999992,4.584416702535945,False,False,1.8074150583209696e-05,0.5555986683591649,False,False,523.3094760583496,679.52392578125,299.9095480346681,382.2943014526369,101.07609558105469,4,4.499999999999993,1.1669988613800197,2.71638244840052,True,False,0.96,3.5722226193455704,7.070251702892552,False,1.4749999999999988,1.0550226283518818,36,True,0.9009231193725447,3.8251563494313556,0.8333333333333334,12,2.5582644355773936,5.45763079589844,3.752121172180177,False,3.976959069961276,3.976959069961276,2.4513738461521895,1.913795072174562,1.913795072174562,2.3106571785464416,0.27905846133928197,-0.2328475238392819,not_evaluated,,,,False,,,,False,,,,True,0.1282892153648305,-1.3956561111115207,,False,,,,False,,,,False,,,,False,,,,True,1.7598696431949747,3.9981092785492,-2.046262840404637,True,-0.0907945912475725,2.0428053511392763,,True,-0.4020888978572543,3.0529002799130622,,False,,,,
rep_arf_m304y61,rep,rep_labelled,calibration,ARF,Jubilee,rep_arf_m304y61,https://www.reddit.com/r/RepTimeQC/comments/1hwy5ll,https://imgur.com/a/m304y61,rep/calibration/rep_arf_m304y61/image_06.jpg,1040,1382,fa4309d8eafeda27ec184e05ce00ffb0d732262ab85396dcc8aa37a46f3d7a70,1ce0911934d2d199,,ARF exact-reference Batgirl QC; community broadly GL and useful near-clean factory-diversity control,acquisition_failed,Minute-track-first acquisition unavailable: minor ticks could not establish a dial ellipse.,acquisition_failed,False,0.0,,,,,,,,,,,,,,,,,,,,,,,,,,,,,,,,,,,,,,,,,,,,,,,,,,,,,,,,,,,,,,,,,,,,,,,,,,,,,,,,,,,,,,,,,,,,,,,
rep_arf_m304y61,rep,rep_labelled,calibration,ARF,Jubilee,rep_arf_m304y61,https://www.reddit.com/r/RepTimeQC/comments/1hwy5ll,https://imgur.com/a/m304y61,rep/calibration/rep_arf_m304y61/image_07.jpg,1016,1298,9e8bd2cfec3b77820d0973f0355b032692c6dff9b35b70298edfce129dd0a30a,cf09068f49d29199,,ARF exact-reference Batgirl QC; community broadly GL and useful near-clean factory-diversity control,acquisition_failed,Minute-track-first acquisition unavailable: minor ticks could not establish a dial ellipse.,acquisition_failed,False,0.0,,,,,,,,,,,,,,,,,,,,,,,,,,,,,,,,,,,,,,,,,,,,,,,,,,,,,,,,,,,,,,,,,,,,,,,,,,,,,,,,,,,,,,,,,,,,,,,
rep_arf_m304y61,rep,rep_labelled,calibration,ARF,Jubilee,rep_arf_m304y61,https://www.reddit.com/r/RepTimeQC/comments/1hwy5ll,https://imgur.com/a/m304y61,rep/calibration/rep_arf_m304y61/image_08.jpg,1058,1346,23a7938f73dce9b51f88d0fffffbad3f628f3e6b190860827f08a7499955a158,2c6c9191394ad19d,,ARF exact-reference Batgirl QC; community broadly GL and useful near-clean factory-diversity control,rejected,,minute_track_first,False,0.35,39.69989876711578,82.47727603912358,0.28744490614643853,-0.7000000000000227,0.45554643477436685,True,False,1.8467085063367447e-05,1.8074082318282227,False,False,541.1622924804688,776.5869750976562,143.4566475677491,186.4524565887452,4.328596591949463,1,-0.6000000000000227,1.730114640559934,0.5327134660819816,True,False,0.9999999999999991,2.272760145460165,6.666299007511847,False,-0.09999999999999995,1.7111207233285188,36,False,1.7004305799371722,4.206756057643111,0.6666666666666666,12,1.5,3.0,2.0,False,2.482762949084801,2.482762949084801,1.8547087529004609,2.0759263430798045,2.0759263430798045,2.5614303620279277,0.144156857262227,-0.05517929256537025,not_evaluated,,,,True,-0.14961866505791477,3.6668423460219812,,True,0.7612440645995235,-5.454838629782943,,True,0.3365393451230432,0.558128335617869,,False,,,,False,,,,True,0.610756901003441,-6.665214032298761,,True,2.410728950083751,-5.017161581886076,,True,1.2050645340121946,-0.3958499898089052,3.046827383009429,True,-0.09174731991635099,-0.7862598744453608,,False,,,,False,,,,
rep_arf_m304y61,rep,rep_labelled,calibration,ARF,Jubilee,rep_arf_m304y61,https://www.reddit.com/r/RepTimeQC/comments/1hwy5ll,https://imgur.com/a/m304y61,rep/calibration/rep_arf_m304y61/image_09.jpg,1008,1300,27c52721170dce861b62eb1eaf34704c531d8f2d916e566c41eac882c6ad8b52,433606cd6c5ad19d,,ARF exact-reference Batgirl QC; community broadly GL and useful near-clean factory-diversity control,acquisition_failed,Minute-track-first acquisition unavailable: minor ticks could not establish a dial ellipse.,acquisition_failed,False,0.0,,,,,,,,,,,,,,,,,,,,,,,,,,,,,,,,,,,,,,,,,,,,,,,,,,,,,,,,,,,,,,,,,,,,,,,,,,,,,,,,,,,,,,,,,,,,,,,
rep_cplus_wEYZOyK,rep,rep_labelled,calibration,C+ Factory,unknown,rep_cplus_wEYZOyK,https://www.reddit.com/r/RepTimeQC/comments/119o84v,https://imgur.com/a/wEYZOyK,rep/calibration/rep_cplus_wEYZOyK/image_00.jpg,1800,1013,6925cae11793010c3bffbf25651e2452387d52490bbec4e5a0b30845718b864f,33727c595bdbd9e0,,C+ Factory exact-reference QC set; adds factory diversity,accepted,,minute_track_first,True,0.8930158851168475,6.207082200907819,173.89176773071281,0.048655007828439005,-1.4250000000000227,1.4373122617065885,True,True,2.3220789413945055e-05,0.011004321238618492,False,False,917.333984375,410.5911865234375,346.76111663818347,348.8059542846678,90.66404724121094,4,-1.6000000000000227,1.1364353630556612,1.6133369874183567,True,True,0.9999999999999991,3.4000073959130006,4.816171384542721,True,0.17500000000000004,1.1236425415330182,36,True,1.2040669586112662,3.389290458172852,1.0,12,2.608376515960692,5.56453656738281,3.8256188900756816,False,2.2663243967630065,2.2663243967630065,2.0546580316618424,1.5221131783950967,1.5221131783950967,1.73420615344085,-0.013554509743307753,0.01957035607595309,not_evaluated,,,,True,0.1608527600083285,-7.834098663403932,,False,,,,True,2.0668185418276153,-7.640443222742621,,False,,,,True,3.2927984809844304,-3.8380389007380167,1.6133369874180659,True,2.120486588697702,-7.287003564717365,,True,1.808156477891032,-7.207455499600823,,True,1.4141093642779197,-3.5098427435163337,1.1062336675943243,True,0.7819259498269275,-7.335220446158308,,True,0.4215968151838183,-7.856830141199178,,True,0.5716606071902106,-7.159178473468164,9.929676871027027,-7.933305174698048
rep_cplus_wEYZOyK,rep,rep_labelled,calibration,C+ Factory,unknown,rep_cplus_wEYZOyK,https://www.reddit.com/r/RepTimeQC/comments/119o84v,https://imgur.com/a/wEYZOyK,rep/calibration/rep_cplus_wEYZOyK/image_01.jpg,1800,1013,5ab8d1800b08dfb960d291d52c659829e73572439ceffb393147f6ce15306e0d,2473d9ac6463fbe0,,C+ Factory exact-reference QC set; adds factory diversity,rejected,,minute_track_first,False,0.35,22.14578292939171,198.03405113220222,0.16963402390538979,-1.0750000000000082,2.3502253311046672,True,True,2.8404502129166383e-05,1.0184562706068259,True,True,913.0290088409424,544.4496631378174,380.8991523742677,411.2370521545412,106.0509033203125,4,0.39999999999999325,1.1786467381755192,0.7784759967728171,True,False,0.9749999999999996,3.7088583768783656,10.0,False,-1.4750000000000014,1.0814423207314974,36,True,0.9574893421396489,2.562433754812986,1.0,12,2.970510766983033,6.337089636230472,4.356749124908449,False,3.1399902971553066,3.1399902971553066,2.569582646972002,1.5950823364878566,1.5950823364878566,1.9287145725922004,-0.0672121482254755,-0.029204416015036875,FAIL,188.94935501369366,0.0,2,True,-1.0059775226422403,-6.328071068348795,,False,,,,False,,,,False,,,,False,,,,False,,,,False,,,,False,,,,False,,,,True,0.19991609633189,-3.5358241336852725,,False,,,,
rep_cplus_wEYZOyK,rep,rep_labelled,calibration,C+ Factory,unknown,rep_cplus_wEYZOyK,https://www.reddit.com/r/RepTimeQC/comments/119o84v,https://imgur.com/a/wEYZOyK,rep/calibration/rep_cplus_wEYZOyK/image_02.jpg,1800,1013,4e1e5eeb14fdda853392d9c3a1d4216970951bf649f173211c86d36347d4527a,33335e484bcbc9e0,,C+ Factory exact-reference QC set; adds factory diversity,accepted,,minute_track_first,True,0.8965770529264747,5.806008392913971,174.7836356735229,0.04552228171142596,-1.1749999999999998,1.241899842004973,True,True,2.733034461914723e-05,0.003353227748173741,False,False,888.1841430664062,427.3274230957031,348.6683441162108,350.46619857788073,102.29478454589844,4,-1.5,1.1648469196066662,1.5683934407758773,True,True,0.9999999999999991,3.444104885938806,4.815781925443089,True,0.32500000000000007,1.112375853199045,36,True,1.2448794400098913,2.7701906991314056,1.0,12,2.6217545351028435,5.593076341552733,3.8452399848175034,False,2.121789737093549,2.121789737093549,1.9929675352185787,1.437605857213572,1.437605857213572,1.522364468985782,-0.009819160750473142,-0.006811431399863715,not_evaluated,,,,True,0.07243919862072445,-7.920068648298395,,False,,,,True,1.8840617317697053,-7.583043323592387,,False,,,,True,2.6544682795881727,-4.021768782559687,1.2660087490509113,True,1.9908129676634871,-7.270936383436267,,True,1.5967484358370712,-7.35995563864138,,True,1.1797700163979812,-3.654802476638319,0.4345632045440766,True,0.7345336148119372,-7.427189048401816,,True,0.24827034062462872,-7.788467453848746,,True,0.3711524612961057,-7.390274093966709,-0.5883396596190664,-8.261394137590697
rep_cplus_wEYZOyK,rep,rep_labelled,calibration,C+ Factory,unknown,rep_cplus_wEYZOyK,https://www.reddit.com/r/RepTimeQC/comments/119o84v,https://imgur.com/a/wEYZOyK,rep/calibration/rep_cplus_wEYZOyK/image_03.jpg,1800,1013,542b52c8ed0efc8ad4da1f7c34d3895f464c5a9301df1b9a3b1fe6c6c9855ef9,33765c484bdbd9e0,,C+ Factory exact-reference QC set; adds factory diversity,accepted,,minute_track_first,True,0.8918185016090661,6.516768126929766,182.83108200073235,0.051072294008582354,-1.450000000000013,1.5381855266121527,True,True,2.7251220567694867e-05,0.00308054051779515,False,False,902.7207641601562,436.2928771972656,364.4770056152342,366.84732238769516,102.67986297607422,5,-0.30000000000001137,1.273366371719432,0.3815270331437438,True,True,0.9999999999999991,3.470403041730586,4.840710891197482,True,-1.1500000000000017,1.1104878198316732,36,True,1.3246932160022142,3.5976667583986117,1.0,12,2.742466230010985,5.850594624023436,4.022283804016111,False,2.1351746951516444,2.1351746951516444,1.9230792427626804,1.6003916932188593,1.6003916932188593,1.6836415313320037,-0.020000000203191325,-0.0012891468680720285,not_evaluated,,,,True,-1.4113855465946585,-7.778313071070741,,True,-0.7378983903703329,-7.896729718193063,,True,0.5161101398297063,-7.921822709729442,,False,,,,True,1.1567595287147299,-4.168597630347836,-2.411928561081311,True,1.016729108396163,-7.373714560052036,,True,0.27859101699039,-7.4624963116668885,,True,-0.2755241561420121,-3.304184639151486,-0.9298491164448137,True,-0.8882920466008954,-7.498160481503858,,True,-1.196783881693193,-7.848446090252903,,True,-1.399654667427285,-7.283747438531318,-0.46047210309140496,-8.347257129282104
rep_cplus_wEYZOyK,rep,rep_labelled,calibration,C+ Factory,unknown,rep_cplus_wEYZOyK,https://www.reddit.com/r/RepTimeQC/comments/119o84v,https://imgur.com/a/wEYZOyK,rep/calibration/rep_cplus_wEYZOyK/image_04.jpg,1800,1013,21bb0aac289ac814ffd32ec62513e4cb738c23d56d3647dad43fdf6a691c33e3,666e7c595bdbc9e0,,C+ Factory exact-reference QC set; adds factory diversity,accepted,,minute_track_first,True,0.9203067723243324,6.213528455705312,157.43677520751956,0.04870533948144248,-2.6499999999999884,2.589735827112514,True,True,1.71529897973515e-05,0.020946523580613885,False,False,912.9304536743164,419.8889497680664,313.9459533691407,315.80114746093756,76.92256164550781,7,-2.6999999999999886,0.7666333941498293,2.6400206992866546,True,True,1.007499999999999,0.837402911129191,2.002470571281755,True,0.05000000000000005,0.7506787645438802,36,True,0.7323463994159736,1.5177449595447994,1.0,12,2.3615516281127933,5.037976806640626,3.46360905456543,False,1.1434706681128814,1.1434706681128814,0.8516998540970199,0.9256406424149569,0.9256406424149569,1.0561513479012747,-0.019999999999999993,0.005390625000000007,not_evaluated,,,,False,,,,False,,,,False,,,,False,,,,False,,,,False,,,,False,,,,False,,,,False,,,,False,,,,False,,,,
rep_cplus_wEYZOyK,rep,rep_labelled,calibration,C+ Factory,unknown,rep_cplus_wEYZOyK,https://www.reddit.com/r/RepTimeQC/comments/119o84v,https://imgur.com/a/wEYZOyK,rep/calibration/rep_cplus_wEYZOyK/image_05.jpg,1800,1013,9b9e2f8777b59208ca9a51dc01abd60145a1afce7bd7510b3728e85f96cc02a4,1b535f4c49cbd9e0,,C+ Factory exact-reference QC set; adds factory diversity,accepted,,minute_track_first,True,0.9428597731494729,7.747133216785896,162.04057800292975,0.06066060854488682,-2.2750000000000115,2.530119372093998,True,True,1.621478770830219e-05,0.017169148999656852,False,False,889.6383067236328,419.2319030761719,322.59537322998057,325.5669387817384,125.70526885986328,4,-2.3000000000000114,0.5345279136250543,2.555168418068721,True,True,0.9999999999999991,1.7022273094171416,3.710451264795404,True,0.02500000000000005,0.5337381119299285,36,True,0.5244411586757182,0.7064650329245281,1.0,12,2.430608670043946,5.185298496093752,3.5648927160644543,False,1.1729997354324617,1.1729997354324617,0.8573415373450303,0.549187914037984,0.549187914037984,0.7459633158101857,0.007734371266977351,0.006874904885206798,not_evaluated,,,,False,,,,False,,,,True,-1.301437256882707,3.1606056597321297,,False,,,,False,,,,False,,,,False,,,,True,3.676252638309677,3.630244668772331,-2.7052938559775725,False,,,,False,,,,False,,,,
rep_cplus_wEYZOyK,rep,rep_labelled,calibration,C+ Factory,unknown,rep_cplus_wEYZOyK,https://www.reddit.com/r/RepTimeQC/comments/119o84v,https://imgur.com/a/wEYZOyK,rep/calibration/rep_cplus_wEYZOyK/image_06.jpg,1800,1013,d41a039189eb84640a0ecec098cd609bc827d577b683e5d3f85f50ef40ee6fe5,5adc79714be3e1e0,,C+ Factory exact-reference QC set; adds factory diversity,rejected,,minute_track_first,False,0.35,30.33790858024501,51.97851753234865,0.22729444260522982,-2.075,2.6283914373862176,True,True,12.97918926303951,0.5788711777646935,True,True,883.5927124023438,430.3724365234375,96.31600189208987,111.59806823730472,25.660085678100586,1,-2.0,1.1175738331654115,1.3204317484732542,True,False,0.9899999999999993,1.0953212995243933,9.181038396789056,False,-0.07499999999999996,0.8325380964615776,36,True,1.115119947226531,2.900759421562412,0.75,12,1.5,3.0,2.0,True,2.4669917389004317,1.14298346805661,1.14298346805661,1.6180596015002255,1.5224300426046158,1.5224300426046158,0.11145555739477017,-0.2135444426052298,AMBIGUOUS,109.11571147332589,0.7916666666666666,2,False,,,,False,,,,True,-0.7605776436989231,-3.0810750498985406,,True,0.1393710194925859,3.0285597943432774,,False,,,,False,,,,True,0.14213956722053922,3.583121863728145,,False,,,,True,0.09469310375442319,-1.4658445373037288,,True,-0.5573946460324919,6.317894761908294,,False,,,,
rep_cplus_wEYZOyK,rep,rep_labelled,calibration,C+ Factory,unknown,rep_cplus_wEYZOyK,https://www.reddit.com/r/RepTimeQC/comments/119o84v,https://imgur.com/a/wEYZOyK,rep/calibration/rep_cplus_wEYZOyK/image_07.jpg,1800,1013,7cdff3b733b1d9175dd94a7f78b6220f06b43007762e0e00e55e4277166bbea9,5adc71714be3e1e0,rep_cplus_wEYZOyK/image_06.jpg,C+ Factory exact-reference QC set; adds factory diversity,acquisition_failed,Minute-track-first acquisition unavailable: minor ticks could not establish a dial ellipse.,acquisition_failed,False,0.0,,,,,,,,,,,,,,,,,,,,,,,,,,,,,,,,,,,,,,,,,,,,,,,,,,,,,,,,,,,,,,,,,,,,,,,,,,,,,,,,,,,,,,,,,,,,,,,
rep_cplus_wEYZOyK,rep,rep_labelled,calibration,C+ Factory,unknown,rep_cplus_wEYZOyK,https://www.reddit.com/r/RepTimeQC/comments/119o84v,https://imgur.com/a/wEYZOyK,rep/calibration/rep_cplus_wEYZOyK/image_08.jpg,1800,1013,720af5acb6395fc9f3b24090024cc65369e6098c0ae9b9355492f1e70f9f98c9,69c9c9d9dbe3f1e0,,C+ Factory exact-reference QC set; adds factory diversity,rejected,,minute_track_first,False,0.26329929402983143,45.87531894307259,74.0542707824707,0.32,5.724999999999994,2.4889795330992692,True,False,8.46106812369115,2.5732406734864495,False,False,636.158447265625,451.0533142089844,121.58365081787109,174.6334323120117,165.26878356933594,1,6.199999999999994,1.6846618180981325,0.18037572750668815,True,False,0.9999999999999991,2.1769920550992437,7.938176534443599,False,-0.47499999999999964,1.3761654374911978,36,False,2.384886535274657,5.672604410036536,0.4166666666666667,12,1.5,3.0,2.0,True,3.1301684799346257,2.270383631314667,2.270383631314667,3.1984317895316106,2.7769420495431287,2.7769420495431287,0.18835936928613412,0.05500018576389772,not_evaluated,,,,True,-0.010042186534917619,0.015894367786706276,,True,-0.4848383066718043,-3.302633283788947,,True,-0.38784107434821635,-6.5095964100428505,,True,-0.007746342224095315,0.12633652074700574,,True,-2.643175713781204,0.34292215041661356,-0.24768257291279383,False,,,,True,-0.8786881541849993,-7.478856520591782,,False,,,,True,1.6120438194267876,-2.954834376018811,,False,,,,True,0.04772087408028014,-2.123050231894863,-2.6960446502967557,3.170795954109344
rep_cplus_wEYZOyK,rep,rep_labelled,calibration,C+ Factory,unknown,rep_cplus_wEYZOyK,https://www.reddit.com/r/RepTimeQC/comments/119o84v,https://imgur.com/a/wEYZOyK,rep/calibration/rep_cplus_wEYZOyK/image_09.jpg,1800,1013,5c56014a3282e27722e1ec0da5e2fbe49b93eed96cee1dd4c4f07590f9f9747a,60d4d5cdade3f1e0,,C+ Factory exact-reference QC set; adds factory diversity,acquisition_failed,Minute-track-first acquisition unavailable: minor ticks could not establish a dial ellipse.,acquisition_failed,False,0.0,,,,,,,,,,,,,,,,,,,,,,,,,,,,,,,,,,,,,,,,,,,,,,,,,,,,,,,,,,,,,,,,,,,,,,,,,,,,,,,,,,,,,,,,,,,,,,,
