physical_watch_id,class_label,provenance,split,factory,source_ids,n_images_total,n_images_pose_accepted,acquisition_success_rate,pose_confidence__n,pose_confidence__median,pose_confidence__min,pose_confidence__max,pose_confidence__mad,tilt_deg__n,tilt_deg__median,tilt_deg__min,tilt_deg__max,tilt_deg__mad,dial_radius_px__n,dial_radius_px__median,dial_radius_px__min,dial_radius_px__max,dial_radius_px__mad,projective_limit__n,projective_limit__median,projective_limit__min,projective_limit__max,projective_limit__mad,solved_roll_deg__n,solved_roll_deg__median,solved_roll_deg__min,solved_roll_deg__max,solved_roll_deg__mad,final_top_error_deg__n,final_top_error_deg__median,final_top_error_deg__min,final_top_error_deg__max,final_top_error_deg__mad,reprojection_error_px__n,reprojection_error_px__median,reprojection_error_px__min,reprojection_error_px__max,reprojection_error_px__mad,center_displacement_frac__n,center_displacement_frac__median,center_displacement_frac__min,center_displacement_frac__max,center_displacement_frac__mad,ellipse_cx__n,ellipse_cx__median,ellipse_cx__min,ellipse_cx__max,ellipse_cx__mad,ellipse_cy__n,ellipse_cy__median,ellipse_cy__min,ellipse_cy__max,ellipse_cy__mad,ellipse_w__n,ellipse_w__median,ellipse_w__min,ellipse_w__max,ellipse_w__mad,ellipse_h__n,ellipse_h__median,ellipse_h__min,ellipse_h__max,ellipse_h__mad,ellipse_angle_deg__n,ellipse_angle_deg__median,ellipse_angle_deg__min,ellipse_angle_deg__max,ellipse_angle_deg__mad,candidate_count__n,candidate_count__median,candidate_count__min,candidate_count__max,candidate_count__mad,acquisition_roll_deg__n,acquisition_roll_deg__median,acquisition_roll_deg__min,acquisition_roll_deg__max,acquisition_roll_deg__mad,acquisition_fit_median_px__n,acquisition_fit_median_px__median,acquisition_fit_median_px__min,acquisition_fit_median_px__max,acquisition_fit_median_px__mad,top_phase_error_deg__n,top_phase_error_deg__median,top_phase_error_deg__min,top_phase_error_deg__max,top_phase_error_deg__mad,outer_boundary_radius__n,outer_boundary_radius__median,outer_boundary_radius__min,outer_boundary_radius__max,outer_boundary_radius__mad,outer_boundary_median_px__n,outer_boundary_median_px__median,outer_boundary_median_px__min,outer_boundary_median_px__max,outer_boundary_median_px__mad,outer_boundary_p90_px__n,outer_boundary_p90_px__median,outer_boundary_p90_px__min,outer_boundary_p90_px__max,outer_boundary_p90_px__mad,fine_rotation_delta_deg__n,fine_rotation_delta_deg__median,fine_rotation_delta_deg__min,fine_rotation_delta_deg__max,fine_rotation_delta_deg__mad,fine_fit_median_px__n,fine_fit_median_px__median,fine_fit_median_px__min,fine_fit_median_px__max,fine_fit_median_px__mad,fine_fit_ticks__n,fine_fit_ticks__median,fine_fit_ticks__min,fine_fit_ticks__max,fine_fit_ticks__mad,holdout_median_px__n,holdout_median_px__median,holdout_median_px__min,holdout_median_px__max,holdout_median_px__mad,holdout_p90_px__n,holdout_p90_px__median,holdout_p90_px__min,holdout_p90_px__max,holdout_p90_px__mad,holdout_inlier_fraction__n,holdout_inlier_fraction__median,holdout_inlier_fraction__min,holdout_inlier_fraction__max,holdout_inlier_fraction__mad,holdout_ticks__n,holdout_ticks__median,holdout_ticks__min,holdout_ticks__max,holdout_ticks__mad,holdout_median_limit_px__n,holdout_median_limit_px__median,holdout_median_limit_px__min,holdout_median_limit_px__max,holdout_median_limit_px__mad,holdout_p90_limit_px__n,holdout_p90_limit_px__median,holdout_p90_limit_px__min,holdout_p90_limit_px__max,holdout_p90_limit_px__mad,holdout_inlier_limit_px__n,holdout_inlier_limit_px__median,holdout_inlier_limit_px__min,holdout_inlier_limit_px__max,holdout_inlier_limit_px__mad,refinement_fit_before__n,refinement_fit_before__median,refinement_fit_before__min,refinement_fit_before__max,refinement_fit_before__mad,refinement_fit_after__n,refinement_fit_after__median,refinement_fit_after__min,refinement_fit_after__max,refinement_fit_after__mad,refinement_evaluated_fit_after__n,refinement_evaluated_fit_after__median,refinement_evaluated_fit_after__min,refinement_evaluated_fit_after__max,refinement_evaluated_fit_after__mad,refinement_holdout_before__n,refinement_holdout_before__median,refinement_holdout_before__min,refinement_holdout_before__max,refinement_holdout_before__mad,refinement_holdout_after__n,refinement_holdout_after__median,refinement_holdout_after__min,refinement_holdout_after__max,refinement_holdout_after__mad,refinement_evaluated_holdout_after__n,refinement_evaluated_holdout_after__median,refinement_evaluated_holdout_after__min,refinement_evaluated_holdout_after__max,refinement_evaluated_holdout_after__mad,refinement_h31__n,refinement_h31__median,refinement_h31__min,refinement_h31__max,refinement_h31__mad,refinement_h32__n,refinement_h32__median,refinement_h32__min,refinement_h32__max,refinement_h32__mad,identity_dial_interior_median__n,identity_dial_interior_median__median,identity_dial_interior_median__min,identity_dial_interior_median__max,identity_dial_interior_median__mad,identity_interior_edge_fraction__n,identity_interior_edge_fraction__median,identity_interior_edge_fraction__min,identity_interior_edge_fraction__max,identity_interior_edge_fraction__mad,identity_markers_found__n,identity_markers_found__median,identity_markers_found__min,identity_markers_found__max,identity_markers_found__mad,marker_1_angular_deg__n,marker_1_angular_deg__median,marker_1_angular_deg__min,marker_1_angular_deg__max,marker_1_angular_deg__mad,marker_1_radial_pct_r__n,marker_1_radial_pct_r__median,marker_1_radial_pct_r__min,marker_1_radial_pct_r__max,marker_1_radial_pct_r__mad,marker_2_angular_deg__n,marker_2_angular_deg__median,marker_2_angular_deg__min,marker_2_angular_deg__max,marker_2_angular_deg__mad,marker_2_radial_pct_r__n,marker_2_radial_pct_r__median,marker_2_radial_pct_r__min,marker_2_radial_pct_r__max,marker_2_radial_pct_r__mad,marker_4_angular_deg__n,marker_4_angular_deg__median,marker_4_angular_deg__min,marker_4_angular_deg__max,marker_4_angular_deg__mad,marker_4_radial_pct_r__n,marker_4_radial_pct_r__median,marker_4_radial_pct_r__min,marker_4_radial_pct_r__max,marker_4_radial_pct_r__mad,marker_5_angular_deg__n,marker_5_angular_deg__median,marker_5_angular_deg__min,marker_5_angular_deg__max,marker_5_angular_deg__mad,marker_5_radial_pct_r__n,marker_5_radial_pct_r__median,marker_5_radial_pct_r__min,marker_5_radial_pct_r__max,marker_5_radial_pct_r__mad,marker_6_angular_deg__n,marker_6_angular_deg__median,marker_6_angular_deg__min,marker_6_angular_deg__max,marker_6_angular_deg__mad,marker_6_radial_pct_r__n,marker_6_radial_pct_r__median,marker_6_radial_pct_r__min,marker_6_radial_pct_r__max,marker_6_radial_pct_r__mad,marker_6_body_rotation_deg__n,marker_6_body_rotation_deg__median,marker_6_body_rotation_deg__min,marker_6_body_rotation_deg__max,marker_6_body_rotation_deg__mad,marker_7_angular_deg__n,marker_7_angular_deg__median,marker_7_angular_deg__min,marker_7_angular_deg__max,marker_7_angular_deg__mad,marker_7_radial_pct_r__n,marker_7_radial_pct_r__median,marker_7_radial_pct_r__min,marker_7_radial_pct_r__max,marker_7_radial_pct_r__mad,marker_8_angular_deg__n,marker_8_angular_deg__median,marker_8_angular_deg__min,marker_8_angular_deg__max,marker_8_angular_deg__mad,marker_8_radial_pct_r__n,marker_8_radial_pct_r__median,marker_8_radial_pct_r__min,marker_8_radial_pct_r__max,marker_8_radial_pct_r__mad,marker_9_angular_deg__n,marker_9_angular_deg__median,marker_9_angular_deg__min,marker_9_angular_deg__max,marker_9_angular_deg__mad,marker_9_radial_pct_r__n,marker_9_radial_pct_r__median,marker_9_radial_pct_r__min,marker_9_radial_pct_r__max,marker_9_radial_pct_r__mad,marker_9_body_rotation_deg__n,marker_9_body_rotation_deg__median,marker_9_body_rotation_deg__min,marker_9_body_rotation_deg__max,marker_9_body_rotation_deg__mad,marker_10_angular_deg__n,marker_10_angular_deg__median,marker_10_angular_deg__min,marker_10_angular_deg__max,marker_10_angular_deg__mad,marker_10_radial_pct_r__n,marker_10_radial_pct_r__median,marker_10_radial_pct_r__min,marker_10_radial_pct_r__max,marker_10_radial_pct_r__mad,marker_11_angular_deg__n,marker_11_angular_deg__median,marker_11_angular_deg__min,marker_11_angular_deg__max,marker_11_angular_deg__mad,marker_11_radial_pct_r__n,marker_11_radial_pct_r__median,marker_11_radial_pct_r__min,marker_11_radial_pct_r__max,marker_11_radial_pct_r__mad,marker_12_angular_deg__n,marker_12_angular_deg__median,marker_12_angular_deg__min,marker_12_angular_deg__max,marker_12_angular_deg__mad,marker_12_radial_pct_r__n,marker_12_radial_pct_r__median,marker_12_radial_pct_r__min,marker_12_radial_pct_r__max,marker_12_radial_pct_r__mad,marker_12_body_rotation_deg__n,marker_12_body_rotation_deg__median,marker_12_body_rotation_deg__min,marker_12_body_rotation_deg__max,marker_12_body_rotation_deg__mad,marker_12_triangle_outward_delta_pct_r__n,marker_12_triangle_outward_delta_pct_r__median,marker_12_triangle_outward_delta_pct_r__min,marker_12_triangle_outward_delta_pct_r__max,marker_12_triangle_outward_delta_pct_r__mad
gen_wex_1TDYtpN,gen,gen_candidate,validation,Rolex,gen_wex_1TDYtpN,7,3,0.42857142857142855,7,0.35,0.0,0.8446068389513635,0.35,4,11.981768745381189,8.782932960540396,25.70051530367716,2.6942686371889693,4,211.7620370864869,74.52983688354495,249.20157981872532,26.378835830688303,4,0.09335198178621928,0.06871115697842403,0.19515023488246236,0.020729963594642235,4,0.8500000000000023,1.1407541578023483e-14,2.4249999999999936,0.7124999999999908,4,0.9484905775121157,0.004846038019805772,2.376788603862046,0.5300196062619149,4,2.6407114627884123e-05,1.463423941914213e-05,9.883593690508887,6.621243038522336e-06,4,0.8472499270462455,0.0036526302501097767,2.022983633753544,0.446131480732394,4,695.8224792480469,643.0064697265625,731.121337890625,24.400054931640625,4,745.5973097351075,452.1329345703125,756.2633666992188,7.97756054901123,4,420.7433898925783,141.30299774169927,490.7021206665034,50.348603057861,4,426.30475845336935,156.8163497924805,506.1041986083979,55.16674026489221,4,96.68256759643555,89.67176055908203,127.54242706298828,3.5958824157714844,4,3.0,1.0,5.0,1.0,4,0.6500000000000021,-0.19999999999998863,2.2999999999999936,0.8499999999999908,4,0.8729466592738031,0.7080070688527752,1.1528102968165719,0.1073789022565263,4,0.9877383304912996,0.19810412415646148,2.250328666820854,0.43110352224969045,4,0.9999999999999991,0.9749999999999996,1.002499999999999,0.0012499999999999734,4,1.0935965217631227,0.9061940119721485,5.119408531996547,0.12535095635825566,4,2.5671752878325695,1.6949010682941346,6.264849957153109,0.5838376677896511,4,0.16250000000000003,-0.07499999999999973,0.4750000000000002,0.1374999999999999,4,0.8550579408018661,0.6892212341358641,0.9476541813088997,0.06489377325176149,4,36.0,36.0,36.0,0.0,4,0.8418994242164539,0.8057527775788361,1.6335770980223594,0.02223514826896017,4,1.430979425986155,1.2521205247420413,2.686719606654426,0.13513799721817987,4,1.0,0.75,1.0,0.0,4,12.0,12.0,12.0,0.0,4,3.1764305562973036,1.5,3.73802369728088,0.39568253746032456,4,6.776385186767581,3.0,7.97445055419921,0.8441227465820256,4,4.658764815902712,2.0,5.482434756011957,0.5803343882751424,4,1.4698976733152072,1.0234212816127777,2.649448715519147,0.24243331485453368,4,1.4698976733152072,1.0234212816127777,2.228951167028873,0.24243331485453368,4,1.1070822903071622,0.8291193800716569,2.228951167028873,0.16742568062877877,4,1.0679252886667427,0.8554269343953117,1.6481150704957186,0.12582321413239245,4,0.9621861298325469,0.8554269343953117,1.6481150704957186,0.08667514013903871,4,1.0861388088818285,0.8110783019687262,1.8804173435296982,0.232802135401613,4,0.03330818276930179,0.0021485038516136914,0.16850960988246236,0.03050033223147782,4,0.01373781225655675,0.0012890653931658385,0.12512320261753765,0.011359799287953,2,34.98239550769313,28.964791015386258,41.0,6.017604492306871,2,0.3012152777777778,0.2795138888888889,0.3229166666666667,0.021701388888888895,2,3.0,3.0,3.0,0.0,2,0.23003784709165487,-2.8058723747135446,3.2659480688968543,3.0359102218051994,2,-2.087782372304231,-2.5671317991052933,-1.6084329455031687,0.4793494268010623,2,-0.8210601855767266,-2.9151592115198923,1.2730388403664392,2.0940990259431658,2,-0.5076545431627499,-0.8108311061798434,-0.20447798014565643,0.3031765630170935,3,0.27800232206611497,-0.9600031553870849,2.977250530664719,1.2380054774531999,3,-0.6209645338168479,-3.6014789110322853,5.471894295596202,2.9805143772154374,3,1.7538201655901275,-3.2909162357419746,3.6535584732766324,1.8997383076865049,3,-2.6521582272825306,-7.467781424881026,0.040062375943716866,2.6922206032262475,2,2.508206982542987,2.2070299744683552,2.8093839906176186,0.30117700807463166,2,1.872505676793462,-2.545769589949143,6.290780943536067,4.418275266742604,2,-3.0958286554564154,-5.8187950812611575,-0.37286222965167326,2.722966425804742,2,-1.7187269813003212,-3.9594367601719114,0.521982797571269,2.24070977887159,2,-4.034186291661196,-4.812126346573042,-3.2562462367493494,0.7779400549118465,2,-0.1773855427168769,-0.1903869510866798,-0.164384134347074,0.013001408369802903,2,1.3747955947669643,-4.543874335006082,7.293465524540011,5.9186699297730465,3,-2.0199786243408653,-2.5932003149895877,3.553978812687717,0.5732216906487224,3,4.6942152679104066,-2.4125521502807445,6.162367856282125,1.4681525883717184,2,1.122112134545148,-0.7819588162217883,3.026183085312084,1.9040709507669362,3,-2.0299348251725746,-3.5708895653838795,3.578081059089868,1.5409547402113049,3,-2.750270771926633,-7.267734530191716,-1.5187371599589272,1.2315336119677056,2,0.14228968365696915,-2.83131143938499,3.1158908066989284,2.9736011230419592,2,-1.3165213998847902,-1.6849722225210861,-0.9480705772484943,0.3684508226362959,1,-3.9728616574605553,-3.9728616574605553,-3.9728616574605553,0.0,1,0.16274195758457788,0.16274195758457788,0.16274195758457788,0.0,0,,,,,1,-0.28166986616278006,-0.28166986616278006,-0.28166986616278006,0.0
gen_wex_3KSuGhC,gen,gen_candidate,calibration,Rolex,gen_wex_3KSuGhC,10,4,0.4,10,0.2383427937424843,0.0,0.8905573221875777,0.2383427937424843,6,13.135940611358459,3.7493298864961964,41.596560693433815,9.052279691435555,6,319.9888619613647,40.70384342193604,458.26770721435514,73.68735572814936,6,0.10137093459780522,0.02942615636101364,0.2987465954458305,0.06932562994095018,6,-0.2875000000000113,-3.2,1.79999999999999,1.2874999999999874,6,0.9888665571513993,0.02823470821319075,2.2190178845638084,0.7639372478437392,6,7.555654936579572,3.440049450722137e-05,40.992917483570125,5.4273119264800265,6,0.3175581575207824,0.0040695793265931686,2.6096953743862152,0.3120620619745291,6,771.5555725097656,672.1481323242188,875.2772216796875,69.26617431640625,6,789.1537780761719,373.1495056152344,1274.244140625,72.0457763671875,6,638.7558961486816,69.66293106079104,915.5535278320306,157.95001876831043,6,641.1995516967772,93.15244262695315,917.51730102539,136.799404144287,6,89.36207962036133,4.797584056854248,115.52043151855469,20.14441680908203,6,5.5,1.0,9.0,3.0,6,-0.8000000000000114,-2.5,2.29999999999999,1.3499999999999872,6,0.9662498249284434,0.7592491743132235,6.045563969179282,0.15595570652997676,6,1.5475945040246613,0.1045050804979365,3.6248543707535417,0.915048127678934,6,0.9999999999999991,0.9774999999999996,0.9999999999999991,0.0,6,5.266892471446598,1.0343859793084766,7.366766381296971,1.4823996703987774,6,7.069043994451951,1.51645549909988,10.0,1.3819514943025668,6,0.5125000000000001,-0.7000000000000002,1.3499999999999988,0.7749999999999989,6,0.7118397353058931,0.32239186353600047,5.5464967733386015,0.22511290754923374,6,36.0,36.0,36.0,0.0,6,0.8764214687713583,0.34386722864729635,8.270435400169148,0.1932203081963178,6,1.5324676710598517,0.4132158041689198,9.782572734934819,0.851394199808714,6,1.0,0.16666666666666666,1.0,0.0,6,12.0,12.0,12.0,0.0,6,4.79983292942047,1.5,6.874015608215327,1.1053103359222403,6,10.23964358276367,3.0,14.664566630859365,2.35799538330078,6,7.039754963150023,2.0,10.081889558715812,1.6211218260192855,6,2.564557308200101,0.8626425317036454,6.232651750517068,0.38209022580667984,6,2.1468378879305945,0.5744641697533841,5.586591869906821,0.6825289065069549,6,2.1468378879305945,0.5744641697533841,5.586591869906821,0.5271970626297207,6,1.2414631583626492,0.8021508037926125,6.425436144733595,0.4006776199944081,6,1.0744000200434078,0.3443447379721079,5.941074716868347,0.4844310035740717,6,1.053858518695045,0.3443447379721079,5.941074716868347,0.4844310035740717,6,2.537435639295843e-08,-0.03999991146340957,0.2987465954458305,0.03386717079068809,6,0.0012890473247494135,-0.2678722698089053,0.06984715455416955,0.021074220504766747,2,51.70395145043171,2.9953124497527597,100.41259045111066,48.70863900067895,2,0.5763888888888888,0.265625,0.8871527777777778,0.3107638888888889,2,2.0,1.0,3.0,1.0,4,-0.8515436043026057,-1.7911506276670366,1.8066509797616455,0.9134701342718756,4,-3.8255973947943165,-7.92799435878605,0.2075216080960507,4.0097426775088145,2,0.10302132353791293,-0.07661146829042309,0.28265411536624896,0.17963279182833602,2,-0.7161496236162523,-1.6218650872286244,0.18956583999611976,0.9057154636123721,1,-0.020722690500861063,-0.020722690500861063,-0.020722690500861063,0.0,1,-0.1274358961200761,-0.1274358961200761,-0.1274358961200761,0.0,2,0.2609018568455781,-0.0857356600129151,0.6075393737040713,0.3466375168584932,2,2.0219562989543025,-0.35976497179529554,4.403677569703901,2.3817212707495985,4,-0.7078744994417434,-2.382875060380286,2.830999212378174,1.1790052298327112,4,-4.2838774249259135,-5.387495742195281,0.4379427959629201,0.9003494195960196,4,-0.9313894403859138,-4.431592670984031,1.2257477036531128,1.7959397957259071,3,-0.17989534693373344,-0.9114543954464125,1.1030365344584254,0.731559048512679,3,-0.5552005411193495,-5.25646373128692,6.222699986367431,4.7012631901675705,2,-0.849770701592206,-1.7431010095105535,0.04355960632614142,0.8933303079183474,2,-1.6036246533776166,-2.439135640350243,-0.7681136664049903,0.8355109869726263,4,-0.9182628664743504,-3.901357061369083,3.672424394791335,1.9718274627007872,4,-2.4861625776260885,-4.518202929929426,0.3115241072334296,1.8693021410967567,4,-2.7125347625536733,-10.330496765628482,-0.25293706467502375,1.5493253147622852,1,0.09287660421358623,0.09287660421358623,0.09287660421358623,0.0,1,-0.6818275334697477,-0.6818275334697477,-0.6818275334697477,0.0,4,0.5386920335573677,-1.4936157521377709,2.1231409507721537,0.8111931992731058,4,-3.338314183415209,-7.924198729789056,7.023397142447497,4.530232604500228,1,0.28346816842053874,0.28346816842053874,0.28346816842053874,0.0,1,-0.35346102387658895,-0.35346102387658895,-0.35346102387658895,0.0,1,-1.7648745087930138,-1.7648745087930138,-1.7648745087930138,0.0,1,1.7037607795265335,1.7037607795265335,1.7037607795265335,0.0
gen_wex_8Rg3vqJ,gen,gen_candidate,validation,Rolex,gen_wex_8Rg3vqJ,7,0,0.0,7,0.0,0.0,0.35,0.0,1,24.186659090108176,24.186659090108176,24.186659090108176,0.0,1,145.50986900329573,145.50986900329573,145.50986900329573,0.0,1,0.1843697889571425,0.1843697889571425,0.1843697889571425,0.0,1,-0.1500000000000341,-0.1500000000000341,-0.1500000000000341,0.0,1,0.4323406239821554,0.4323406239821554,0.4323406239821554,0.0,1,1.951389061789027e-05,1.951389061789027e-05,1.951389061789027e-05,0.0,1,1.044748983715436,1.044748983715436,1.044748983715436,0.0,1,378.6152648925781,378.6152648925781,378.6152648925781,0.0,1,709.6734619140625,709.6734619140625,709.6734619140625,0.0,1,277.6598367309567,277.6598367309567,277.6598367309567,0.0,1,304.3796392822262,304.3796392822262,304.3796392822262,0.0,1,83.74565887451172,83.74565887451172,83.74565887451172,0.0,1,4.0,4.0,4.0,0.0,1,-1.900000000000034,-1.900000000000034,-1.900000000000034,0.0,1,0.8959580420634066,0.8959580420634066,0.8959580420634066,0.0,1,1.4828227683067365,1.4828227683067365,1.4828227683067365,0.0,1,0.9999999999999991,0.9999999999999991,0.9999999999999991,0.0,1,3.1795329103607077,3.1795329103607077,3.1795329103607077,0.0,1,3.8107653613143255,3.8107653613143255,3.8107653613143255,0.0,1,1.75,1.75,1.75,0.0,1,0.8007800859342318,0.8007800859342318,0.8007800859342318,0.0,1,36.0,36.0,36.0,0.0,1,0.8307067853446186,0.8307067853446186,0.8307067853446186,0.0,1,1.2196690499324239,1.2196690499324239,1.2196690499324239,0.0,1,1.0,1.0,1.0,0.0,1,12.0,12.0,12.0,0.0,1,2.1826480350494357,2.1826480350494357,2.1826480350494357,0.0,1,4.656315808105464,4.656315808105464,4.656315808105464,0.0,1,3.2012171180725058,3.2012171180725058,3.2012171180725058,0.0,1,1.7395400781678079,1.7395400781678079,1.7395400781678079,0.0,1,1.7395400781678079,1.7395400781678079,1.7395400781678079,0.0,1,1.5676030844231752,1.5676030844231752,1.5676030844231752,0.0,1,0.8267408204091261,0.8267408204091261,0.8267408204091261,0.0,1,0.8267408204091261,0.8267408204091261,0.8267408204091261,0.0,1,0.8677427819742828,0.8677427819742828,0.8677427819742828,0.0,1,-0.0060885389571424964,-0.0060885389571424964,-0.0060885389571424964,0.0,1,0.004653648542857504,0.004653648542857504,0.004653648542857504,0.0,1,42.23629354162575,42.23629354162575,42.23629354162575,0.0,1,0.3541666666666667,0.3541666666666667,0.3541666666666667,0.0,1,2.0,2.0,2.0,0.0,0,,,,,0,,,,,0,,,,,0,,,,,1,1.6854219685115766,1.6854219685115766,1.6854219685115766,0.0,1,-6.4075866149834955,-6.4075866149834955,-6.4075866149834955,0.0,1,0.9529647333170317,0.9529647333170317,0.9529647333170317,0.0,1,-5.674129666105565,-5.674129666105565,-5.674129666105565,0.0,1,-0.016192489369586838,-0.016192489369586838,-0.016192489369586838,0.0,1,-2.645498209810093,-2.645498209810093,-2.645498209810093,0.0,1,2.4986728064018564,2.4986728064018564,2.4986728064018564,0.0,1,-0.5442573887884237,-0.5442573887884237,-0.5442573887884237,0.0,1,-5.822574556237625,-5.822574556237625,-5.822574556237625,0.0,1,-0.1770495587413734,-0.1770495587413734,-0.1770495587413734,0.0,1,-7.712703149959587,-7.712703149959587,-7.712703149959587,0.0,1,0.5663350124463591,0.5663350124463591,0.5663350124463591,0.0,1,-4.680858155177514,-4.680858155177514,-4.680858155177514,0.0,1,2.2797528936320646,2.2797528936320646,2.2797528936320646,0.0,1,0.5663177682507694,0.5663177682507694,0.5663177682507694,0.0,1,7.76652393018219,7.76652393018219,7.76652393018219,0.0,0,,,,,0,,,,,0,,,,,0,,,,,0,,,,,0,,,,
gen_wex_K4gqk6U,gen,gen_candidate,calibration,Rolex,gen_wex_K4gqk6U,1,0,0.0,1,0.0,0.0,0.0,0.0,0,,,,,0,,,,,0,,,,,0,,,,,0,,,,,0,,,,,0,,,,,0,,,,,0,,,,,0,,,,,0,,,,,0,,,,,0,,,,,0,,,,,0,,,,,0,,,,,0,,,,,0,,,,,0,,,,,0,,,,,0,,,,,0,,,,,0,,,,,0,,,,,0,,,,,0,,,,,0,,,,,0,,,,,0,,,,,0,,,,,0,,,,,0,,,,,0,,,,,0,,,,,0,,,,,0,,,,,0,,,,,0,,,,,0,,,,,0,,,,,0,,,,,0,,,,,0,,,,,0,,,,,0,,,,,0,,,,,0,,,,,0,,,,,0,,,,,0,,,,,0,,,,,0,,,,,0,,,,,0,,,,,0,,,,,0,,,,,0,,,,,0,,,,,0,,,,,0,,,,,0,,,,,0,,,,,0,,,,,0,,,,,0,,,,,0,,,,
gen_wex_U2XNblj,gen,gen_candidate,calibration,Rolex,gen_wex_U2XNblj,1,0,0.0,1,0.0,0.0,0.0,0.0,0,,,,,0,,,,,0,,,,,0,,,,,0,,,,,0,,,,,0,,,,,0,,,,,0,,,,,0,,,,,0,,,,,0,,,,,0,,,,,0,,,,,0,,,,,0,,,,,0,,,,,0,,,,,0,,,,,0,,,,,0,,,,,0,,,,,0,,,,,0,,,,,0,,,,,0,,,,,0,,,,,0,,,,,0,,,,,0,,,,,0,,,,,0,,,,,0,,,,,0,,,,,0,,,,,0,,,,,0,,,,,0,,,,,0,,,,,0,,,,,0,,,,,0,,,,,0,,,,,0,,,,,0,,,,,0,,,,,0,,,,,0,,,,,0,,,,,0,,,,,0,,,,,0,,,,,0,,,,,0,,,,,0,,,,,0,,,,,0,,,,,0,,,,,0,,,,,0,,,,,0,,,,,0,,,,,0,,,,,0,,,,,0,,,,,0,,,,
gen_wex_bRffRhD,gen,gen_candidate,validation,Rolex,gen_wex_bRffRhD,1,1,1.0,1,0.7262244891538343,0.7262244891538343,0.7262244891538343,0.0,1,11.04606108483786,11.04606108483786,11.04606108483786,0.0,1,182.06868949890116,182.06868949890116,182.06868949890116,0.0,1,0.08621913644563409,0.08621913644563409,0.08621913644563409,0.0,1,-0.49999999999997913,-0.49999999999997913,-0.49999999999997913,0.0,1,0.02537682255677606,0.02537682255677606,0.02537682255677606,0.0,1,2.8939049167462926e-05,2.8939049167462926e-05,2.8939049167462926e-05,0.0,1,0.5863710148912318,0.5863710148912318,0.5863710148912318,0.0,1,515.7833862304688,515.7833862304688,515.7833862304688,0.0,1,875.6324462890625,875.6324462890625,875.6324462890625,0.0,1,360.73274017333944,360.73274017333944,360.73274017333944,0.0,1,367.5420178222652,367.5420178222652,367.5420178222652,0.0,1,58.5517692565918,58.5517692565918,58.5517692565918,0.0,1,5.0,5.0,5.0,0.0,1,-2.3999999999999773,-2.3999999999999773,-2.3999999999999773,0.0,1,0.8734578771016182,0.8734578771016182,0.8734578771016182,0.0,1,1.9429675610147565,1.9429675610147565,1.9429675610147565,0.0,1,0.9999999999999991,0.9999999999999991,0.9999999999999991,0.0,1,5.016198632740536,5.016198632740536,5.016198632740536,0.0,1,10.0,10.0,10.0,0.0,1,1.8999999999999981,1.8999999999999981,1.8999999999999981,0.0,1,0.7976174305520392,0.7976174305520392,0.7976174305520392,0.0,1,36.0,36.0,36.0,0.0,1,1.1138554876959044,1.1138554876959044,1.1138554876959044,0.0,1,3.364402965947905,3.364402965947905,3.364402965947905,0.0,1,1.0,1.0,1.0,0.0,1,12.0,12.0,12.0,0.0,1,2.731030342483517,2.731030342483517,2.731030342483517,0.0,1,5.826198063964838,5.826198063964838,5.826198063964838,0.0,1,4.005511168975826,4.005511168975826,4.005511168975826,0.0,1,2.6538573544007336,2.6538573544007336,2.6538573544007336,0.0,1,2.6538573544007336,2.6538573544007336,2.6538573544007336,0.0,1,2.3759200975231414,2.3759200975231414,2.3759200975231414,0.0,1,1.6837998694768606,1.6837998694768606,1.6837998694768606,0.0,1,1.6837998694768606,1.6837998694768606,1.6837998694768606,0.0,1,1.771257525780281,1.771257525780281,1.771257525780281,0.0,1,0.00667164389050872,0.00667164389050872,0.00667164389050872,0.0,1,0.0015150595017504685,0.0015150595017504685,0.0015150595017504685,0.0,1,41.74685520566969,41.74685520566969,41.74685520566969,0.0,1,0.4236111111111111,0.4236111111111111,0.4236111111111111,0.0,1,3.0,3.0,3.0,0.0,1,-0.00571649365963367,-0.00571649365963367,-0.00571649365963367,0.0,1,2.4857419041941053,2.4857419041941053,2.4857419041941053,0.0,1,-0.016854194160771385,-0.016854194160771385,-0.016854194160771385,0.0,1,1.8691946777018908,1.8691946777018908,1.8691946777018908,0.0,0,,,,,0,,,,,0,,,,,0,,,,,0,,,,,0,,,,,0,,,,,0,,,,,0,,,,,0,,,,,0,,,,,0,,,,,0,,,,,0,,,,,0,,,,,0,,,,,1,0.2685441984835961,0.2685441984835961,0.2685441984835961,0.0,1,5.382120412899227,5.382120412899227,5.382120412899227,0.0,0,,,,,0,,,,,0,,,,,0,,,,
gen_wex_e99gXKb,gen,gen_candidate,calibration,Rolex,gen_wex_e99gXKb,10,3,0.3,10,0.2820627503249377,0.0,0.7449088570674767,0.2820627503249377,6,25.634627739822456,6.877377609921287,48.645894565595384,17.447040178124468,6,173.96934633255003,46.058183288574234,308.2576431274415,115.52255092620831,6,0.18927455677606295,0.05388518427534824,0.32,0.12120173996785721,6,-0.6875000000000013,-10.049999999999978,7.749999999999996,4.587499999999997,6,1.8883948204633274,0.8519109911893923,7.135663987111765,0.8003748548398163,6,8.270645041228217,2.266111484426337e-05,35.1182544984164,6.004226949232752,6,0.77909633460915,0.054976919675626755,4.248796966710776,0.47939489530289275,6,757.5673884887696,556.6652095748901,856.4156494140625,72.52059368896482,6,757.0873051147461,622.7021484375,815.5379638671875,46.06342285766601,6,320.57197265624995,73.29666137695315,614.2892712402346,231.8936311149597,6,375.3054126739502,110.93607177734378,618.7413012695314,224.4790619850155,6,79.33349990844727,15.298622131347656,119.2894287109375,18.833759307861328,6,5.5,1.0,7.0,1.5,6,-0.8500000000000014,-9.899999999999977,7.699999999999996,4.349999999999997,6,1.0539808024958939,0.6092819324324639,1.6332275676659074,0.3179351895665991,6,1.5965881792103707,0.8265848775266307,2.2479912599505325,0.47193742970999053,6,0.9962499999999992,0.9874999999999994,1.0224999999999986,0.004999999999999893,6,1.8602688518666146,0.5907920897276393,3.85667164573289,1.0170999924916657,6,5.84006245560332,1.3269882159972313,8.366731577346076,2.082818681335568,6,0.03750000000000005,-0.3999999999999996,0.30000000000000004,0.11249999999999989,6,0.959256989518863,0.6585597828475446,1.5053993037477165,0.2872925492864384,6,36.0,36.0,36.0,0.0,6,1.2976835939157447,0.6600243936147356,2.103142044382557,0.3597099671088258,6,2.2241339560177167,0.9548221105525851,5.742074331772234,0.9568474551376271,6,0.9166666666666667,0.4166666666666667,1.0,0.08333333333333331,6,12.0,12.0,12.0,0.0,6,2.6095401949882504,1.5,4.623864646911622,1.1095401949882504,6,5.567019082641601,3.0,9.864244580078129,2.5670190826416013,6,3.8273256193161003,2.0,6.781668148803712,1.8273256193161003,6,2.345099837130576,1.3122180793687486,3.6260461207585197,0.41117695620198136,6,1.8548660269464907,0.6923110274987511,2.4880992000595996,0.43630212416865577,6,1.8535053989183665,0.6923110274987511,2.4880992000595996,0.3516801740993939,6,1.6954136203583061,0.7888640985440158,3.03766039796416,0.8087855472462739,6,1.5067783234084655,0.6732983875625619,2.6999957843353273,0.6662030319697527,6,1.5067783234084655,0.6732983875625619,2.6999957843353273,0.6320121560927934,6,-0.022757674084681673,-0.2559374999999999,0.15661314687880679,0.02052731928548684,6,-0.026445338078873178,-0.296921816139618,0.17575382524135472,0.12033787123758533,2,44.63838245704076,29.77367531437187,59.50308959970965,14.864707142668887,2,0.2855902777777778,0.2795138888888889,0.2916666666666667,0.006076388888888895,2,3.0,3.0,3.0,0.0,4,-0.09115139841201803,-3.257679929127562,2.176651428763307,1.3304500177135594,4,0.14087719819930733,-0.7313758838164541,3.6571662856968667,0.46492805719140495,3,-0.38673461882825677,-3.8704743934779344,0.11024471893203724,0.496979337760294,3,-0.3382206047275904,-2.841251005776524,6.921254517760989,2.5030304010489335,4,-1.0263829630846146,-2.97142856664766,-0.006697773542327923,0.6299740081876166,4,-1.5900259853674825,-4.588826223834608,-0.4989178865565935,0.6915922463936075,4,0.0028326519437626985,-1.8943651025060149,0.6233637733471369,0.31951236051003207,4,0.9019280769179017,-2.2713911819289834,7.08455840640082,2.1286084987747254,2,-2.732211306555513,-3.5321423756808485,-1.9322802374301773,0.7999310691253356,2,-0.364453742515797,-5.223923218632043,4.495015733600449,4.859469476116246,2,3.9452281236903843,2.0311998137116802,5.859256433669088,1.914028309978704,3,-0.2308482736092401,-2.0252559635772514,0.15756186253176452,0.3884101361410046,3,-0.7981568112065851,-1.1235565948278903,0.09041630615400642,0.32539978362130517,1,0.010859691908081004,0.010859691908081004,0.010859691908081004,0.0,1,-0.5506438872311725,-0.5506438872311725,-0.5506438872311725,0.0,3,0.18174405242109515,-2.711241412924039,1.2130324391167733,1.0312883866956781,3,0.8681351030489282,-0.8972915026300488,6.105833229300894,1.765426605678977,2,0.9278419283912456,-0.38152683954737654,2.2372106963298677,1.3093687679386221,4,0.3480530589988007,-3.2304057327833675,0.5710571956690274,0.12239179271713851,4,-0.2579763845399319,-0.5515369632104972,7.337043588545066,0.23447164613176752,4,-0.8574593467571106,-2.7032593104957527,0.7873245960067834,1.4774311497409371,4,1.6950896874744548,-0.29199069625005514,5.501132979315337,1.2683382753583217,1,0.4029105717516328,0.4029105717516328,0.4029105717516328,0.0,1,-0.8096607699000224,-0.8096607699000224,-0.8096607699000224,0.0,1,-0.9854958389248623,-0.9854958389248623,-0.9854958389248623,0.0,1,0.23147747116502582,0.23147747116502582,0.23147747116502582,0.0
gen_wex_vmbUDwy,gen,gen_candidate,validation,Rolex,gen_wex_vmbUDwy,7,2,0.2857142857142857,7,0.0,0.0,0.8887380928647098,0.0,3,15.621935527090113,4.615231400681685,32.340333865412894,11.006704126408428,3,117.77150859832767,71.89301208496087,182.12322509765633,45.8784965133668,3,0.12117984523290212,0.03620875647901286,0.24072626088190405,0.08497108875388926,3,-1.55,-1.8000000000000225,1.6749999999999958,0.2500000000000224,3,1.9010253150862804,0.5373958390614437,1.9954587117511111,0.09443339666483075,3,2.8427039717164386e-05,2.2110480024152243e-05,1.3827021446720547,6.316559693012143e-06,3,0.07083762080663479,0.009366744482956596,1.499108693848479,0.061470876323678196,3,798.7736206054688,793.4735717773438,1000.1988525390625,5.300048828125,3,704.1990966796875,657.5345458984375,855.6614990234375,46.66455078125,3,231.11061614990243,131.69676269531237,363.65496093750016,99.41385345459005,3,239.97541824340828,155.87528564453112,364.83793945312516,84.10013259887717,3,82.88949584960938,57.081687927246094,175.46096801757812,25.80780792236328,3,4.0,4.0,6.0,0.0,3,-1.5,-1.6000000000000227,1.6999999999999957,0.10000000000002274,3,0.9270229356660089,0.6413268109547322,0.9518163268989239,0.02479339123291502,3,1.7083892384773987,0.4784271541417585,1.7870482212483536,0.07865898277095495,3,0.9999999999999991,0.96,0.9999999999999991,0.0,3,1.4169158600741314,0.5314134027357074,1.8922422568312076,0.4753263967570762,3,3.716645267973342,1.3124739049920853,4.2485730992815345,0.5319278313081925,3,-0.049999999999999954,-0.1999999999999997,-0.024999999999999953,0.025,3,0.9008166784707407,0.4253624956940223,0.9249987281503961,0.024182049679655426,3,36.0,36.0,36.0,0.0,3,0.869201824102944,0.4369184946469129,1.0125511156425377,0.14334929153959375,3,2.621942091061484,0.5112611360903618,2.756236233455454,0.13429414239397008,3,0.8333333333333334,0.75,1.0,0.08333333333333337,3,12.0,12.0,12.0,0.0,3,1.766572628974915,1.5,2.731848376464845,0.26657262897491507,3,3.7686882751464856,3.0,5.8279432031250025,0.7686882751464856,3,2.5909731891632086,2.0,4.006710952148439,0.5909731891632086,3,1.7634660340350883,0.6774226433398183,2.3772773828279616,0.6138113487928734,3,1.7634660340350883,0.5037093856551803,2.3772773828279616,0.6138113487928734,3,1.1828718226174844,0.5037093856551803,1.7277787955735286,0.5449069729560443,3,1.2913811408574374,0.6633406331845512,1.4052314729063144,0.11385033204887707,3,1.2913811408574374,0.43831826922337336,1.4052314729063144,0.11385033204887707,3,1.43442270342515,0.43831826922337336,2.467786586689672,0.9961044342017766,3,-0.005156417774160582,-0.022249698381904052,0.07967952976709788,0.01709328060774347,3,0.0340545297670979,0.006015620947560211,0.08935186411809594,0.02803890881953769,1,36.42366539055199,36.42366539055199,36.42366539055199,0.0,1,0.3732638888888889,0.3732638888888889,0.3732638888888889,0.0,1,0.0,0.0,0.0,0.0,1,-0.014100981568617499,-0.014100981568617499,-0.014100981568617499,0.0,1,0.03379414461127661,0.03379414461127661,0.03379414461127661,0.0,1,3.220426772683126,3.220426772683126,3.220426772683126,0.0,1,2.0086226874906354,2.0086226874906354,2.0086226874906354,0.0,2,0.29569986088031186,0.18378188691575303,0.4076178348448707,0.11191797396455883,2,-2.0307232874061443,-4.375347125013973,0.3139005502016845,2.3446238376078288,2,-0.36068241282640656,-0.9627774868413326,0.24141266118851945,0.602095074014926,2,2.7060561570457162,0.6513040053437891,4.760808308747643,2.054752151701927,1,-1.4781981454773359,-1.4781981454773359,-1.4781981454773359,0.0,1,-0.011406080988773937,-0.011406080988773937,-0.011406080988773937,0.0,1,1.7314226427297967,1.7314226427297967,1.7314226427297967,0.0,1,-0.025098605349739955,-0.025098605349739955,-0.025098605349739955,0.0,1,-3.581123267890396,-3.581123267890396,-3.581123267890396,0.0,1,0.5035249204832439,0.5035249204832439,0.5035249204832439,0.0,1,-3.713200138997874,-3.713200138997874,-3.713200138997874,0.0,1,0.8067285388756318,0.8067285388756318,0.8067285388756318,0.0,1,-0.6647727115141278,-0.6647727115141278,-0.6647727115141278,0.0,1,1.7264606433371057,1.7264606433371057,1.7264606433371057,0.0,1,0.7587892325865937,0.7587892325865937,0.7587892325865937,0.0,1,-5.105195408455032,-5.105195408455032,-5.105195408455032,0.0,1,1.5834616379531212,1.5834616379531212,1.5834616379531212,0.0,1,-5.9928453006898526,-5.9928453006898526,-5.9928453006898526,0.0,1,3.534977756799776,3.534977756799776,3.534977756799776,0.0,1,-5.796075872385897,-5.796075872385897,-5.796075872385897,0.0,0,,,,,1,-4.963785791806127,-4.963785791806127,-4.963785791806127,0.0
official_catalogue_2026,gen,official,reference,Rolex,official_rolex_2026,1,1,1.0,1,0.7713991294170958,0.7713991294170958,0.7713991294170958,0.0,1,10.212189483602206,10.212189483602206,10.212189483602206,0.0,1,192.845638618469,192.845638618469,192.845638618469,0.0,1,0.07978235427108904,0.07978235427108904,0.07978235427108904,0.0,1,0.14999999999999436,0.14999999999999436,0.14999999999999436,0.0,1,0.18244332006135458,0.18244332006135458,0.18244332006135458,0.0,1,1.760117621052929e-05,1.760117621052929e-05,1.760117621052929e-05,0.0,1,0.9566835464198993,0.9566835464198993,0.9566835464198993,0.0,1,539.274312527771,539.274312527771,539.274312527771,0.0,1,799.441263644104,799.441263644104,799.441263644104,0.0,1,382.6118069458003,382.6118069458003,382.6118069458003,0.0,1,388.7707475280757,388.7707475280757,388.7707475280757,0.0,1,88.13304901123047,88.13304901123047,88.13304901123047,0.0,1,7.0,7.0,7.0,0.0,1,0.09999999999999432,0.09999999999999432,0.09999999999999432,0.0,1,0.9981742471383089,0.9981742471383089,0.9981742471383089,0.0,1,0.1316367331581754,0.1316367331581754,0.1316367331581754,0.0,1,1.009999999999999,1.009999999999999,1.009999999999999,0.0,1,1.714887461555082,1.714887461555082,1.714887461555082,0.0,1,3.6371696893240566,3.6371696893240566,3.6371696893240566,0.0,1,0.05000000000000005,0.05000000000000005,0.05000000000000005,0.0,1,0.9834160372544818,0.9834160372544818,0.9834160372544818,0.0,1,36.0,36.0,36.0,0.0,1,0.9498422877212351,0.9498422877212351,0.9498422877212351,0.0,1,1.5935102484608692,1.5935102484608692,1.5935102484608692,0.0,1,1.0,1.0,1.0,0.0,1,12.0,12.0,12.0,0.0,1,2.892684579277035,2.892684579277035,2.892684579277035,0.0,1,6.171060435791008,6.171060435791008,6.171060435791008,0.0,1,4.242604049606317,4.242604049606317,4.242604049606317,0.0,1,1.692214456258995,1.692214456258995,1.692214456258995,0.0,1,1.692214456258995,1.692214456258995,1.692214456258995,0.0,1,0.9823123423490918,0.9823123423490918,0.9823123423490918,0.0,1,1.131518252864802,1.131518252864802,1.131518252864802,0.0,1,1.131518252864802,1.131518252864802,1.131518252864802,0.0,1,1.1322661783224628,1.1322661783224628,1.1322661783224628,0.0,1,-0.024492109547706958,-0.024492109547706958,-0.024492109547706958,0.0,1,-0.006875000300608026,-0.006875000300608026,-0.006875000300608026,0.0,1,45.77848052076349,45.77848052076349,45.77848052076349,0.0,1,0.3246527777777778,0.3246527777777778,0.3246527777777778,0.0,1,3.0,3.0,3.0,0.0,1,-0.8447169353470372,-0.8447169353470372,-0.8447169353470372,0.0,1,-1.8029017178240347,-1.8029017178240347,-1.8029017178240347,0.0,1,-0.7870425912997803,-0.7870425912997803,-0.7870425912997803,0.0,1,-3.7369751817897034,-3.7369751817897034,-3.7369751817897034,0.0,1,0.2800501891002227,0.2800501891002227,0.2800501891002227,0.0,1,-2.9759911698785446,-2.9759911698785446,-2.9759911698785446,0.0,1,0.9627627235877583,0.9627627235877583,0.9627627235877583,0.0,1,-1.6173641484647838,-1.6173641484647838,-1.6173641484647838,0.0,1,1.0381649593711586,1.0381649593711586,1.0381649593711586,0.0,1,-0.34041222973705265,-0.34041222973705265,-0.34041222973705265,0.0,1,-2.145486203911531,-2.145486203911531,-2.145486203911531,0.0,1,0.34917918955773075,0.34917918955773075,0.34917918955773075,0.0,1,-0.8477537005717406,-0.8477537005717406,-0.8477537005717406,0.0,1,0.20154046138057424,0.20154046138057424,0.20154046138057424,0.0,1,-0.6519791443172718,-0.6519791443172718,-0.6519791443172718,0.0,1,-0.09543507426724318,-0.09543507426724318,-0.09543507426724318,0.0,1,0.377510124173297,0.377510124173297,0.377510124173297,0.0,1,-0.06886328712306522,-0.06886328712306522,-0.06886328712306522,0.0,1,-0.029887359597182694,-0.029887359597182694,-0.029887359597182694,0.0,1,-0.5100756390084893,-0.5100756390084893,-0.5100756390084893,0.0,1,-0.3479299176917152,-0.3479299176917152,-0.3479299176917152,0.0,1,-0.6190326349155395,-0.6190326349155395,-0.6190326349155395,0.0,1,-1.1225635299061878,-1.1225635299061878,-1.1225635299061878,0.0,1,-1.234644209405078,-1.234644209405078,-1.234644209405078,0.0,1,7.381956587359468,7.381956587359468,7.381956587359468,0.0,1,0.2856412425893892,0.2856412425893892,0.2856412425893892,0.0
rep_arf_8xahrjm,rep,rep_labelled,validation,ARF,rep_arf_8xahrjm,7,2,0.2857142857142857,7,0.35,0.0,0.7196270969648375,0.35,4,35.21166772508761,1.857386476483617,39.14013245642852,2.4776542000843875,4,248.217063331604,133.49769241333013,309.97701301574693,42.36707462310778,4,0.25942774999386387,0.015,0.2840486532021801,0.015604861541698517,4,-0.3124999999999948,-2.825000000000023,2.7499999999999907,2.0000000000000115,4,2.2830433741481775,1.4539622168997683,6.916342785508406,0.7145231984761199,4,3.1795023498280566,1.1255430090835665e-05,11.679465875808296,2.2300473166063695,4,0.40659518948810425,0.21432964939835278,1.3998994760294152,0.12420137134976654,4,604.2707952511596,598.810387019043,610.6692317474365,2.7605602377319087,4,385.2824249267578,365.410804387207,440.36883544921875,13.10377139038087,4,462.10260589599613,241.75008956909187,553.5727587890623,51.60270263671853,4,530.7656474304199,292.2406800842286,686.3352932739255,117.86559585571263,4,91.1268424987793,69.95099639892578,124.07096099853516,10.86629867553711,4,5.0,4.0,5.0,0.0,4,-0.6000000000000156,-3.1999999999999886,1.2,1.6500000000000115,4,1.6425427498405791,0.6527646180674203,3.001041625812613,0.5648708183727369,4,1.0908586779001705,0.058832669717595536,3.003759112275217,0.5637197989094359,4,0.9974999999999992,0.9899999999999993,0.9999999999999991,0.0024999999999999467,4,4.781531422998718,0.29548776625964024,5.1785570810988935,0.2703387221216227,4,7.294328235778284,0.6881879063266059,10.0,1.4574157856141259,4,0.6874999999999996,-0.7250000000000002,1.8499999999999992,0.9374999999999996,4,1.4770747877558383,0.5115394478991407,2.672587971541369,0.5323648119083269,4,36.0,36.0,36.0,0.0,4,1.5365634477600305,0.554069605744434,1.8067134527345554,0.18723287068110794,4,2.523314472846477,0.7237857492617582,4.869424180392433,1.087451293074365,4,1.0,0.6666666666666666,1.0,0.0,4,12.0,12.0,12.0,0.0,4,3.72325594997406,2.002465386199952,4.649655195236204,0.6355061193466169,4,7.942946026611329,4.271926157226564,9.919264416503902,1.355746387939449,4,5.460775393295288,2.9369492330932627,6.8194942863464325,0.9320756417083715,4,2.856816301039374,1.0284000092224008,4.287996996212382,0.7935980553114721,4,2.578667841656839,0.49219193644982506,4.287996996212382,0.9221351356504943,4,2.578667841656839,0.49219193644982506,3.355741463063887,0.45600736907624695,4,1.9327065233134961,0.7578355526603867,2.186544665747552,0.2352352437410119,4,1.7512193533426808,0.5276803462765519,2.1493388683614643,0.32845084111871325,4,1.7512193533426808,0.5276803462765519,5.0549288523961105,0.7411605871423859,4,0.01376947555397176,-0.0103124991099753,0.17747356988121693,0.02107419626739205,4,-0.01666012959675964,-0.030312564272057967,0.09946575738121696,0.0112890940939925,2,52.456578001757514,48.632986704970605,56.28016929854442,3.8235912967869083,2,0.2638888888888889,0.2222222222222222,0.3055555555555556,0.041666666666666685,2,3.0,3.0,3.0,0.0,4,-0.05655922782216294,-0.1105916766417181,0.03084145057110277,0.028578409497271196,4,2.638644270034529,-0.06015762561132343,5.471448902893727,2.6964334459011807,3,-0.0752489470997375,-2.3296133332155478,-0.07455123147087761,0.0006977156288598962,3,6.745953281850237,-7.708306331361914,6.782668179638751,0.036714897788514556,4,0.9253001146416651,0.09352322242251887,3.083603435283436,0.6453215911983605,4,-2.837197444650502,-5.498288876490487,1.0696932598660225,2.3443422810269956,4,0.060043565200729176,-1.9161074541665357,2.0781480059654314,1.0068897778558608,4,-0.6110687529245928,-2.2708244455571847,0.07398827113075379,0.39658621291048246,2,0.3177685999211235,0.2569968698871037,0.3785403299551433,0.06077173003401981,2,-0.18701184523585157,-0.3374557801247069,-0.036567910346996246,0.15044393488885532,2,5.258774692606693,1.626100118647912,8.891449266565473,3.6326745739587807,4,-0.36303334018934663,-2.7215792464685364,1.1450509772040505,1.003755262630449,4,-1.4009697011705902,-3.5780596588905977,5.368554649021872,1.556091285241429,3,0.24548964757045155,-2.0315575637952747,1.8167132089753295,1.571223561404878,3,-0.06301733288097688,-5.124670552131516,2.6089500844412528,2.6719674173222296,2,-0.6811540098302942,-1.7461210929475328,0.3838130732869445,1.0649670831172386,2,-2.089766913745572,-3.495001059331926,-0.6845327681592184,1.4052341455863537,1,7.228273264207161,7.228273264207161,7.228273264207161,0.0,3,0.10763018257051726,0.10347930741096434,0.25641093263561743,0.004150875159552925,3,6.101878323508414,0.6465703485780461,6.558643949138987,0.456765625630573,4,-0.01758186969644271,-0.20362046403084832,0.027499350326650074,0.027536808517226063,4,4.330150630979202,0.9113689592032959,5.230867607515144,0.6907144944666321,2,0.10115317945163216,-0.16755613935663405,0.36986249825989836,0.2687093188082662,2,-1.4789698299735088,-2.57092661821402,-0.38701304173299755,1.0919567882405112,1,-2.1911472292351846,-2.1911472292351846,-2.1911472292351846,0.0,2,2.3218370839909643,1.2673020971408668,3.376372070841062,1.0545349868500975
rep_arf_m304y61,rep,rep_labelled,calibration,ARF,rep_arf_m304y61,10,1,0.1,10,0.10202311574301359,0.0,0.8896483298449656,0.10202311574301359,5,39.69989876711578,3.9127745498026263,48.23424379847631,8.130559665632063,5,170.55096237182624,82.47727603912358,340.72211837768566,88.07368633270266,5,0.28744490614643853,0.030706978778522315,0.32,0.03255509385356148,5,-0.30000000000001137,-1.3500000000000227,5.974999999999992,1.0500000000000114,5,3.654570153836155,0.21325085520847192,4.584416702535945,0.92984654869979,5,2.7736579524084486e-05,1.8074150583209696e-05,25.63585471154937,9.66242894087479e-06,5,0.45837426538739484,0.009059574860521493,1.8074082318282227,0.3422305791026883,5,541.1622924804688,451.177734375,651.5457763671875,57.20782470703125,5,776.5869750976562,178.4632279925537,865.5180053710938,88.9310302734375,5,299.9095480346681,143.4566475677491,558.047931518555,156.452900466919,5,382.2943014526369,186.4524565887452,818.0176864624027,177.05742889404303,5,100.86152648925781,4.328596591949463,168.70420837402344,10.997077941894531,5,1.0,1.0,6.0,0.0,5,-0.30000000000001137,-0.6000000000000227,4.499999999999993,0.30000000000001137,5,1.730114640559934,0.776601302459456,4.966051518128992,0.9535133381004779,5,0.827369848287928,0.32500762899975827,3.7653314216036167,0.5023622192881698,5,0.9999999999999991,0.96,0.9999999999999991,0.0,5,3.5722226193455704,0.33478589960732086,9.962546756785496,1.7334663528735632,5,7.070251702892552,1.046527202769911,10.0,2.8028519723194787,5,-0.049999999999999954,-0.75,1.4749999999999988,0.049999999999999996,5,1.7111207233285188,0.5266632523006219,4.28157639006875,1.1133531490208315,5,36.0,36.0,36.0,0.0,5,1.7004305799371722,0.4945462738247838,5.4558063859848245,1.2058843061123885,5,4.206756057643111,1.0049024574105425,10.0,3.2018536002325684,5,0.6666666666666666,0.3333333333333333,1.0,0.16666666666666674,5,12.0,12.0,12.0,0.0,5,2.5582644355773936,1.5,5.110831775665285,1.0582644355773936,5,5.45763079589844,3.0,10.903107788085942,2.4576307958984396,5,3.752121172180177,2.0,7.495886604309084,1.752121172180177,5,3.976959069961276,0.725525392633832,6.193230318652275,1.4941961208764747,5,3.976959069961276,0.5018983360437429,5.434153606797866,1.4571945368365906,5,2.4513738461521895,0.5018983360437429,5.434153606797866,1.540815558536754,5,2.0759263430798045,0.8479738354935841,5.25995362970246,1.2279525075862203,5,2.0759263430798045,0.5760046910701112,4.955875325014748,1.4999216520096934,5,2.5614303620279277,0.5760046910701112,5.2261116324836125,1.9854256709578166,5,0.04000000000000003,-0.06816410756319573,0.27905846133928197,0.10415685726222695,5,-0.1296094840217356,-0.31999999999999995,0.004726562500000008,0.10323803981754628,0,,,,,0,,,,,0,,,,,3,0.2167515704039502,-0.14961866505791477,1.7942369119513266,0.366370235461865,3,1.4564302771176818,-0.9858972707758928,3.6668423460219812,2.2104120689042994,2,0.5840413716005415,0.4068386786015594,0.7612440645995235,0.17720269299898206,2,-2.9024447327823553,-5.454838629782943,-0.35005083578176777,2.5523938970005875,4,0.23241428024393684,-1.1474157733912307,0.3918170072463312,0.13176389594075033,4,-0.5320923443673631,-4.759886581813156,0.558128335617869,0.9768922233646948,1,0.38246066889070107,0.38246066889070107,0.38246066889070107,0.0,1,0.8064689858853669,0.8064689858853669,0.8064689858853669,0.0,1,0.06941628671998501,0.06941628671998501,0.06941628671998501,0.0,1,0.8541500241193267,0.8541500241193267,0.8541500241193267,0.0,1,0.534247056766759,0.534247056766759,0.534247056766759,0.0,2,0.3393001842080139,0.06784346741258673,0.610756901003441,0.27145671679542716,2,-2.8621630035717827,-6.665214032298761,0.9408880251551954,3.803051028726978,3,1.0324324489101286,-0.1966557727131999,2.410728950083751,1.2290882216233285,3,-3.060334484282945,-5.017161581886076,0.8464994035542905,1.956827097603131,4,0.2725124225732998,-3.0527901312905215,1.7598696431949747,1.209954666030285,4,0.14660971456859073,-0.3958499898089052,3.9981092785492,0.49517272227088127,4,0.03901591035776164,-2.046262840404637,3.046827383009429,1.0534862242126053,2,-0.09127095558196174,-0.09174731991635099,-0.0907945912475725,0.0004763643343892454,2,0.6282727383469577,-0.7862598744453608,2.0428053511392763,1.4145326127923186,3,-0.3287617328419401,-0.4020888978572543,-0.29063342154734073,0.03812831129459937,3,2.7368261748016542,-0.6633024821618316,3.0529002799130622,0.316074105111408,1,0.28662924974338466,0.28662924974338466,0.28662924974338466,0.0,1,-0.9045385333516176,-0.9045385333516176,-0.9045385333516176,0.0,1,-1.0974033819865952,-1.0974033819865952,-1.0974033819865952,0.0,1,0.12992937255987963,0.12992937255987963,0.12992937255987963,0.0
rep_cf_6I00d8w,rep,rep_labelled,calibration,Clean,rep_cf_6I00d8w,5,4,0.8,5,0.8490661337952103,0.35,0.9190841808343357,0.05114106563573051,5,6.091612223674417,4.189183161115509,12.375454348539714,1.902429062558908,5,186.91817180633552,179.90545425415044,188.78836441040045,1.8701926040649255,5,0.047753327149670656,0.03287246101594933,0.09644260441165031,0.014880866133721325,5,-0.5,-2.7750000000000226,0.1999999999999946,0.674999999999994,5,0.5418322631977678,0.06679928972353279,2.7282058268893477,0.475032973474235,5,1.7616860562450214,1.2707538691332312e-05,2.799149087651112,1.0374630314060906,5,0.02250697664006095,0.00987796733369782,0.8335091483399344,0.009613128634829268,5,756.0262451171875,742.0471801757812,819.2073364257812,2.3560021127319715,5,480.0845031738281,448.75749276031496,489.25824942321776,9.173746249389637,5,372.77792007446305,355.58152145385753,376.63279769897474,3.854877624511687,5,374.89476715087903,364.04029556274423,378.5206599426271,3.625892791748072,5,126.24284362792969,45.68363571166992,179.24020385742188,23.76062774658203,5,5.0,3.0,7.0,2.0,5,-0.5,-2.6000000000000227,0.19999999999999396,0.5999999999999943,5,0.8232923192262736,0.7140709220570616,0.8748097852416442,0.05151746601537066,5,0.27959925585941175,0.06360205974515817,2.557269740688876,0.21599719611425358,5,0.9999999999999991,0.9974999999999992,1.0149999999999988,0.0024999999999999467,5,1.0175563194250028,0.6055545315427394,1.3002591518462054,0.06632698990586883,5,2.190263249348314,1.7076721303774938,2.8002642836149545,0.06617014058353332,5,-0.024999999999999953,-0.1749999999999997,0.10000000000000028,0.09999999999999999,5,0.6863173873171532,0.5630688358409228,0.8640715449112326,0.07127547479370633,5,36.0,36.0,36.0,0.0,5,0.7400953024455097,0.5776754940779482,0.8750554387628879,0.098174523350955,5,3.4219159604412774,1.3451732230005138,5.2363021624259645,1.6944739897792203,5,0.9166666666666666,0.6666666666666666,1.0,0.08333333333333337,5,12.0,12.0,12.0,0.0,5,2.8037725770950326,2.6985818138122566,2.8318254661560065,0.028052889060973918,5,5.981381497802737,5.756974536132814,6.041227661132814,0.05984616333007775,5,4.112199779739381,3.9579199935913096,4.153344017028809,0.041144237289428176,5,1.287491954160636,1.069684602194214,2.160631241059248,0.10244264620559074,5,1.0188108334770678,0.776102377567056,2.160631241059248,0.24270845591001178,5,0.9648476824190604,0.776102377567056,1.5394426069106173,0.16347249936255093,5,1.5562090639293589,1.0876358458350959,2.120671401769527,0.468573218094263,5,1.5562090639293589,1.0876358458350959,1.9051632641333047,0.34321516934912366,5,1.8994242332784825,1.0573233372450919,2.191269548112234,0.2918453148337514,5,-0.001718750506155347,-0.052890625777021055,0.00945329135455136,0.009023438006155347,5,-0.0004296079726215839,-0.0008594573389830042,0.04644522828029822,0.0004297670273784161,1,11.35204684068999,11.35204684068999,11.35204684068999,0.0,1,0.3298611111111111,0.3298611111111111,0.3298611111111111,0.0,1,0.0,0.0,0.0,0.0,3,-0.537222250411503,-0.9655368320401294,0.610460277701339,0.42831458162862646,3,-1.1487536748560512,-5.841084678366459,0.5344649788394107,1.6832186536954619,3,0.0951437639639039,-0.3425596545471876,0.29326325480855076,0.19811949084464686,3,0.18704190650922214,-1.0974665630809732,0.5102744216422983,0.32323251513307616,3,0.13671458677441706,0.012781831962342949,0.21446600208980726,0.0777514153153902,3,0.4079331953355414,-0.126406510420618,1.5485417894595455,0.5343397057561594,4,1.650783551318284,0.2612952529849224,2.1017161355514986,0.25875062876255583,4,0.63165070459833,-2.717298881444452,1.8389732816613935,0.8002403375034384,3,-0.2797638506155522,-0.2908310647424628,0.4859205589357316,0.011067214126910585,3,0.5465399649648872,0.3985875948441908,0.9290071626366303,0.1479523701206964,3,-0.45207347419722055,-0.6713273156970843,-0.2943340832344461,0.15773939096277445,4,-0.5061457367862374,-0.8776375327216783,1.758359030930336,0.27217766341129845,4,0.4971536711893709,-0.6721119059979741,1.0617525860184385,0.47782991435202926,4,-0.30029046318168184,-0.7843334601684546,0.3836740010862343,0.35147173815016686,4,0.0031716723009334036,-2.7822588418328187,0.9888950117706741,0.8689667040700622,3,-0.5703430192312453,-1.124500053083807,-0.4475516835691451,0.12279133566210021,3,0.9977358162774563,0.38918533970697666,1.286238955861585,0.28850313958412865,3,-1.170693362734994,-1.5336448855971128,-0.37017582955809303,0.36295152286211874,4,-0.7395303380384632,-0.9971628069553731,-0.01373102452475905,0.18402397710252671,4,0.22594258683247825,-1.2046963986805492,0.8994396503906876,0.3858210369544868,4,-0.5587257734476054,-0.8457331967748587,-0.1846540725603063,0.2659604090466132,4,-0.7626726579318177,-1.557530712499433,0.5407867708592917,0.6710634930787884,3,-0.2861297923893744,-0.7799619177549744,0.22829445935370601,0.49383212536559995,3,-0.04362606043402106,-1.3416457836682882,0.5282562664688961,0.5718823269029172,3,0.8698188782793039,0.844253768204851,2.389945533022342,0.025565110074452946,3,0.9889673558918246,-0.6214147862858441,1.7878898744595084,0.7989225185676838
rep_cf_6zSSQ1d,rep,rep_labelled,validation,Clean,rep_cf_6zSSQ1d,10,2,0.2,10,0.3095159752460679,0.0,0.9341619297498521,0.27831725727166196,6,42.550962662840035,2.427054676735329,44.49262550307522,1.6960899443115913,6,204.97268665313717,90.79919322967532,256.03496337890584,41.795586814880096,6,0.3042764044800784,0.01905634261650549,0.31536785545318685,0.009709836496300278,6,0.775000000000006,-5.800000000000022,3.2249999999999903,2.36249999999999,6,1.4880094876950123,0.03852027869018629,3.673950691921494,0.8813139737553951,6,2.5723133646318094e-05,1.8713915345278803e-05,19.40703553340156,6.499852816786579e-06,6,0.7835354740427524,0.002096007313590006,2.0348868152403825,0.5309997225413338,6,792.2287867492676,595.6217268127441,1013.7680053710938,51.03963646118166,6,486.163330078125,297.34967041015625,711.706298828125,132.77201611450192,6,360.57777648925753,151.95257171630865,511.84014633178634,111.50125511169429,6,440.9191612243651,211.24420120239267,554.4760351562495,92.4687099456782,6,93.70306396484375,73.7708740234375,169.84202575683594,13.55410385131836,6,4.5,2.0,9.0,1.5,6,0.650000000000006,-5.600000000000023,2.900000000000002,1.94999999999999,6,1.2273760357862806,0.5996872290298532,1.7030393464140094,0.2453773283026432,6,1.529210387898541,0.18930861846383157,3.4011414222648932,0.5491591261983872,6,0.9999999999999991,0.9674999999999998,0.9999999999999991,0.0,6,3.0800515756901943,0.6075953084128712,5.050500661186351,1.3914545322795133,6,5.623482722418348,1.4975470107001596,9.224944456834304,1.6049278058212764,6,0.07500000000000001,-0.1999999999999997,0.9250000000000003,0.18749999999999997,6,1.1844317496921561,0.5220946794198421,1.8985619271562615,0.2654262022673459,6,36.0,36.0,36.0,0.0,6,1.2867722362819434,0.5578110389648983,3.0948284978086398,0.2608264046639086,6,4.908733526575274,0.6747633133275525,8.367701332334367,2.8635220931243675,6,0.875,0.4166666666666667,1.0,0.08333333333333331,6,12.0,12.0,12.0,0.0,6,3.0745902997970576,1.5,3.8405244506835876,0.6269338022232014,6,6.5591259729003895,3.0,8.193118828124987,1.3374587780761633,6,4.509399106369017,2.0,5.632769194335928,0.9195029099273628,6,2.6765932338817704,1.1389738269965248,3.524466230649719,0.44014973213546593,6,2.6765932338817704,0.634259643598416,3.215839657814494,0.3623714183335338,6,2.2315918177373026,0.634259643598416,3.0602830302106296,0.3892188095023351,6,2.150399802989031,0.6287725338609554,4.4311218268561765,0.6837478336654659,6,2.150399802989031,0.5458877001108497,3.9043586587345644,0.6837478336654659,6,3.109572595182605,0.5458877001108497,3.9043586587345644,0.672014731560437,6,0.061690265638873996,-0.06830775681987657,0.2745056853488855,0.07317547452512405,6,-0.037039425589823635,-0.11268168455477166,0.27338668010713374,0.0584508206245401,2,8.74546684221087,7.480493039650987,10.010440644770755,1.2649738025598838,2,0.32291666666666663,0.3003472222222222,0.3454861111111111,0.022569444444444448,2,1.5,0.0,3.0,1.5,4,0.09943241103344924,-1.8619343722064627,3.1757455625746758,0.9919773978141642,4,-2.738312950911259,-7.85861773937696,1.0768875157159963,2.8950654640613305,4,0.6445519194381681,-0.005713586150250194,0.8441238781045897,0.12186504153912026,4,0.5917187421528691,-6.809803968983596,3.226892696290362,1.9838206374625578,3,0.027703491192312413,-1.0826829282434005,0.15705716759769928,0.12935367640538686,3,-0.6458038704113878,-1.4845850595456844,7.632834807404487,0.8387811891342967,4,-0.1528493657763761,-1.7519464381775833,0.3405035533371574,0.303409316949967,4,2.404740185325238,-5.02502991926127,7.154696094536361,3.9102289825957537,2,-0.7388115715573491,-1.7243443813061958,0.2467212381914976,0.9855328097488467,2,-2.923142898001852,-5.460965980098543,-0.38531981590516073,2.5378230820966907,2,0.11191132961509709,-0.36810327743484095,0.5919259366650351,0.48001460704993804,4,-0.027223236729128075,-1.5924274767551765,0.09711727668101844,0.07207396211602202,4,2.830237346214121,-0.454732314254902,7.593244579955993,2.905835717957156,4,0.16247990506033716,-0.11374730976177716,2.5547244957789985,0.2326310559558351,4,-2.7096929178351044,-7.815319359531692,7.95360850754081,3.8534373200164733,2,-0.5633687259886244,-0.7752473445975738,-0.351490107379675,0.2118786186089494,2,-2.4351438838944306,-4.785165012673486,-0.08512275511537437,2.350021128779056,2,-1.362943485504971,-2.7239217450762396,-0.001965225933702186,1.3609782595712687,4,0.06808109130483331,-1.2581951182720559,0.36251484714301796,0.1617145650758971,4,4.524666928232751,-0.4069634091593666,6.314338103111028,1.1550494653479575,4,0.02100570965384918,-1.1280293929119694,2.2800210107615158,0.592105668766095,4,1.3097628260180183,-7.78786523254883,6.577286809711302,3.5538663234100265,2,-1.56280015851587,-2.5957448024989276,-0.5298555145328123,1.0329446439830576,2,-1.421842269500434,-1.9315485017479261,-0.9121360372529419,0.5097062322474921,2,-4.424080224038207,-9.628635500344302,0.7804750522678887,5.204555276306095,2,3.3820675068792805,3.37949528818985,3.384639725568711,0.002572218689430361
rep_cf_QsJT2wk,rep,rep_labelled,calibration,Clean,rep_cf_QsJT2wk,8,5,0.625,8,0.569258660627376,0.0,0.8023602598691987,0.17731519314148514,6,12.650401035862718,11.03322185456376,45.71148495644719,1.2130809148246948,6,134.74724121093743,127.8568055725098,257.8208141326902,5.034334678649792,6,0.09855072065820783,0.08612016340101347,0.32,0.009319826913144112,6,0.7999999999999998,-2.0000000000000226,2.125,1.2874999999999956,6,1.4381173303393484,0.04201358794515037,4.7557236297858,1.0864338663726236,6,5.491710446822617,8.639946634698614e-06,6.911297966869696,0.9459320884261646,6,0.11385205931240519,0.008847394644828557,0.8444524334898265,0.10464800354776344,6,440.91094970703125,426.04718017578125,506.47402317443846,8.61972158721926,6,832.1405334472656,680.853082901001,848.884765625,10.24053955078125,6,264.11392761230456,252.58772109985358,510.09601501464806,7.8759052276609225,6,274.8750372314452,258.8395011901856,521.1872415161129,12.261433486938301,6,107.8758659362793,85.9498519897461,132.12356567382812,10.589542388916016,6,5.5,3.0,7.0,1.0,6,0.5499999999999999,-2.1000000000000227,3.1000000000000014,1.6999999999999957,6,0.7163322841563287,0.6159211377712934,1.4078186759968048,0.08741070212814761,6,1.3356429024661418,0.38633957166657507,2.5651236056732354,0.6662000449263445,6,0.9999999999999991,0.9924999999999993,1.0149999999999988,0.004999999999999893,6,1.181076450203739,0.5020956164312131,4.891005445045549,0.6226024780984508,6,3.479249370749294,1.6723207120000678,6.985278713396851,1.3323226771079004,6,5.551115123125783e-17,-1.6500000000000017,1.0250000000000001,0.5000000000000001,6,0.9417984665879588,0.659561815645151,1.1639086388870314,0.2190729498348949,6,36.0,36.0,36.0,0.0,6,1.1345473372152566,0.8001793661730413,1.9610968870783232,0.143272354308436,6,2.991516147483983,1.8609728679387834,5.792515145212529,0.2937123735492333,6,0.8333333333333334,0.75,1.0,0.08333333333333337,6,12.0,12.0,12.0,0.0,6,2.0212086181640614,1.917852083587647,3.867312211990353,0.07551502017974687,6,4.3119117187499985,4.091417778320314,8.250266052246086,0.16109870971679374,6,2.9644393066406236,2.8128497225952156,5.672057910919184,0.11075536293029553,6,1.5174983533537088,1.1303619417867372,3.00116469785219,0.2241886169453775,6,1.2883369091273327,0.9708580239132353,3.00116469785219,0.23772692627734643,6,1.2883369091273327,0.9708580239132353,2.223773683947383,0.31309491819697965,6,1.6064037531974353,1.4624591226907455,2.2526424891491756,0.12350468718735497,6,1.4742962534140407,1.1710964709027507,2.2526424891491756,0.03172317509252398,6,1.4939307144204574,1.1710964709027507,3.331753186610742,0.03172317509252398,6,0.0032300273721725184,-0.2599999999999999,0.027304687500000008,0.02214106637782749,6,-0.009875396179267738,-0.31999999999999995,0.03312500000000001,0.036562500000000005,1,29.382130628829913,29.382130628829913,29.382130628829913,0.0,1,0.3472222222222222,0.3472222222222222,0.3472222222222222,0.0,1,3.0,3.0,3.0,0.0,3,-0.018051804864512633,-0.5570338839625606,0.11115543705824749,0.12920724192276012,3,0.8271870703829287,-0.7333093253031664,5.4232762923306925,1.560496395686095,3,-0.35417013312604695,-0.6996248259021627,-0.3124123560842236,0.041757777041823374,3,-0.3222779781859808,-1.9116920713963426,6.278062826997111,1.5894140932103618,3,-0.053786948424487946,-2.767651875576803,-0.005845344142073827,0.04794160428241412,3,-3.540953368509281,-6.837476540849908,-1.376686767652513,2.164266600856768,5,0.5305851714243488,-0.9656182668286988,3.0749190360329237,0.6916606848812705,5,-2.4433753349608622,-7.181038367614335,2.5865459332090945,2.9288380244973933,3,0.4425370122151264,-1.3337716215069122,1.7135234360243032,1.2709864238091768,3,-0.18376823246722962,-3.1716623231640595,0.91887203239569,1.1026402648629197,3,-2.5296525847623457,-3.577537268015192,-0.30039148586467945,1.0478846832528461,4,0.44893474434677216,-1.737836989783716,1.2056001043885374,0.5836160777608086,4,0.24082322552622104,-5.5164224441780485,0.8196728164057143,0.5282789789789688,4,0.2712691244012433,-2.4503977401519705,2.0446868725666434,1.0287921013788406,4,-2.65711654710058,-5.491547843923572,-0.03723326028424179,2.6071824342581102,2,0.457423731541553,-0.041558693037927696,0.9564061561210337,0.4989824245794807,2,-0.027010104654201506,-0.052679307462544234,-0.0013409018458587774,0.025669202808342728,2,-0.8003900894951386,-1.8765228215775096,0.27574264258723247,1.076132732082371,5,0.24012583767103024,-2.9919156632739714,2.502645956334618,0.613571194053975,5,-0.02613413475121007,-7.163521526626804,7.969518401503251,0.6308384172731496,5,0.4616861353152899,-2.8761943540089305,2.103475407503254,0.40503626193071796,5,-0.3066092126487119,-7.608166344527467,6.07006706791916,6.376676280567872,2,-0.036974277499382424,-0.3476709809237377,0.27372242592497287,0.3106967034243553,2,-0.38485103184163205,-1.2813424846129906,0.5116404209297265,0.8964914527713586,2,-4.118302122548982,-7.73963896195454,-0.4969652831434246,3.621336839405558,2,1.3523960352669215,-0.003531307605146583,2.7083233781389895,1.355927342872068
rep_cf_UpTW8nx,rep,rep_labelled,validation,Clean,rep_cf_UpTW8nx,10,0,0.0,10,0.31577438354045473,0.0,0.35,0.03422561645954525,6,35.80081384839489,2.5483802485284617,46.448131857373816,4.221382743600744,6,101.00949611663822,51.737249565124486,265.8152701187132,47.170288896560734,6,0.26293590069669237,0.020008333200554156,0.32,0.027237866999681823,6,0.8124999999999982,-9.400000000000034,4.7249999999999925,2.924999999999998,6,1.3202878402992746,0.18940502264294307,4.077631212332135,0.8442569088267582,6,2.1587725539573152e-05,1.582790205151785e-05,17.28251969446487,5.468974112359529e-06,6,0.5119465218477043,0.2967199873602097,2.36675156084566,0.18241942324955707,6,752.6022435577393,315.493408203125,1116.063720703125,287.96778869628906,6,537.1646270751953,324.0169982910156,627.1856079101562,71.73583984375,6,181.30927597045905,90.56536788940426,531.3675277709957,90.385590991974,6,222.72870849609382,116.3836303710937,531.893552703857,98.29556459426894,6,128.4539031982422,26.298452377319336,165.81292724609375,26.624332427978516,6,1.5,1.0,5.0,0.5,6,0.9999999999999982,-10.400000000000034,4.499999999999993,2.550000000000006,6,0.6697182250323974,0.5434313234536865,3.5727615184498327,0.10198404958532781,6,1.4696953445087668,0.07992667514498485,3.003355472208339,0.7898486820590926,6,0.9999999999999991,0.9999999999999991,1.0274999999999985,0.0,6,2.003456129070421,0.8031508942499018,5.95514739833523,1.1521616457327333,6,5.609270524795449,1.0508770292744425,10.0,3.7029191611901577,6,-0.08749999999999995,-1.75,1.0,0.2375,6,0.6918718855693429,0.5239562323102323,3.4354690365235205,0.13509283374786607,6,36.0,36.0,36.0,0.0,6,0.80835377448612,0.6405345148889185,3.0105319683732805,0.14825480643325917,6,2.626826738654163,0.8587332266397825,9.579991319292857,1.464766554973758,6,0.9166666666666667,0.5,1.0,0.08333333333333331,6,12.0,12.0,12.0,0.0,6,1.6249490398406985,1.5,3.987229051780698,0.1249490398406985,6,3.366557951660157,3.0,8.506088643798822,0.36655795166015714,6,2.2832585917663577,2.0,5.847935942611691,0.2832585917663579,6,1.787065317000978,0.7566737875186591,4.719726908474175,0.9250650657072716,6,1.4624157549504568,0.7566737875186591,4.719726908474175,0.5529798736025326,6,1.388269420823236,0.6270538086141753,4.106410186589525,0.5905093876786094,6,1.2045338876219955,0.7793315033661335,3.6862633129123683,0.30700464569984715,6,1.017280018972186,0.7793315033661335,3.6862633129123683,0.1901214943805395,6,0.9923038244268227,0.7846377075096068,4.895943326049348,0.1624921977634396,6,-0.012110038574181177,-0.19864379586680425,0.27737161046371034,0.12300693653687735,6,0.00421804043181719,-0.18491039056771139,0.2725000000000001,0.0765037969152573,3,68.43233779990331,10.08983927903994,75.0277747487486,6.59543694884529,3,0.9739583333333334,0.4947916666666667,0.9930555555555556,0.01909722222222221,3,0.0,0.0,2.0,0.0,3,-0.07969345994058585,-0.8102875911372394,0.25727052308850773,0.3369639830290936,3,-2.230857621497495,-4.006092414027151,2.475559246086345,1.7752347925296559,3,-0.17391611638890936,-0.5224407784924097,-0.06620509990045775,0.1077110164884516,3,-0.00594801004862866,-1.9977198728682422,3.7558121252893706,1.9917718628196135,2,0.17758392905012244,0.007762567080661142,0.34740529101958373,0.1698213619694613,2,4.5013764224421715,1.1431622192523583,7.859590625631984,3.358214203189813,3,0.6690814813881616,0.5104755245619117,3.1540905475545458,0.1586059568262499,3,2.845802412194409,0.6989474256757222,6.848660967217102,2.146854986518687,2,1.0641145226530568,-1.4570368715043287,3.5852659168104424,2.5211513941573855,2,-3.2619827138958613,-5.81284278163835,-0.7111226461533726,2.550860067742489,1,2.8765660365275494,2.8765660365275494,2.8765660365275494,0.0,3,-0.3394378868666763,-1.24913307229167,0.5243592828309147,0.863797169697591,3,0.7724347684644362,-1.9528165593712066,3.345689964051579,2.573255195587143,4,-0.5265512729541229,-0.9347580854980038,0.2289499618715638,0.3000674160115011,4,3.615513544339649,-0.9012244821367532,5.359216235486841,0.8957101362078279,3,-1.109879017858475,-1.5041899795098175,3.897075287392056,0.3943109616513425,3,2.1674216979389316,-5.9440051741784465,3.8379425874033646,1.670520889464433,2,0.35983949738647425,-0.6158238302189716,1.33550282499192,0.9756633276054458,3,-0.3374221412785232,-1.9802752502060343,3.4246575111703237,1.6428531089275111,3,3.1058301758239093,-2.9471406361193386,4.978665882325739,1.8728357065018297,3,-0.7595892072859556,-2.590577892409044,-0.5706120959843588,0.18897711130159678,3,4.048643885791858,-2.1664230736356926,4.117940314692725,0.06929642890086729,0,,,,,0,,,,,0,,,,,0,,,,
rep_cf_ZVxf97o,rep,rep_labelled,validation,Clean,rep_cf_ZVxf97o,10,4,0.4,10,0.175,0.0,0.9504043467751804,0.175,5,9.587955171643344,4.4054641804009425,15.512217309398634,1.4724928588703428,5,280.8742822265626,264.988861160278,339.4788844299311,10.557287292480453,5,0.07495265927691584,0.03456635158969508,0.1203497312016823,0.011426878028998125,5,-0.27500000000001135,-2.100000000000011,-0.10000000000002274,0.1749999999999886,5,1.3192980242300711,0.3413694308040011,2.473158659580247,0.22689813538937953,5,4.221811440649037e-05,2.7142089947374315e-05,20.56940430185646,1.5076024459116057e-05,5,0.5165754117994871,0.00580218541267723,0.881557675247545,0.36498226344805795,5,613.6806640625,447.02801513671875,1055.5419945385743,154.6342012890625,5,611.5075073242188,478.2798767089844,860.850341796875,103.64611581298828,5,558.9216210937502,529.193636169433,666.3623190307607,19.841898193359384,5,564.5755078125003,530.761808471679,691.5532186889639,22.387250976562427,5,112.58013916015625,20.281570434570312,154.31764221191406,41.73750305175781,5,5.0,2.0,7.0,0.0,5,-0.8999999999999773,-2.3000000000000114,-0.10000000000002274,0.7000000000000455,5,0.9761706077252281,0.707375990258204,1.496872408811826,0.26060450530495993,5,0.60980326520855,0.34136968519872923,2.6707276857248172,0.23314055455893523,5,0.9999999999999991,0.9999999999999991,1.0199999999999987,0.0,5,1.7527562668914203,0.7591253165114359,5.294100646962433,0.9936309503799844,5,7.455066470004533,2.2960181309886147,8.528940042232385,1.0738735722278525,5,0.02500000000000005,-0.25,1.5,0.175,5,0.9761737535771139,0.6673368516447613,1.2194008990046246,0.06762569108078431,5,36.0,36.0,36.0,0.0,5,1.1246898711334885,0.5516619600414228,1.7597799920001793,0.4902349363880294,5,1.9160058244812712,0.8623606083589634,3.323584399193287,0.7987805648119675,5,1.0,1.0,1.0,0.0,5,12.0,12.0,12.0,0.0,5,4.213114233398439,3.97483291740417,5.092183266448966,0.15835930938720644,5,8.987977031250004,8.479643557128897,10.863324301757796,0.33783319335937456,5,6.1792342089843775,5.829754945526116,7.468535457458484,0.23226032043456968,5,2.127250651721783,1.6402240259310072,3.106664841803232,0.4870266257907756,5,1.8520582851636105,1.6402240259310072,2.758347558008276,0.21183425923260324,5,1.700726333296281,1.263173182491863,2.758347558008276,0.34411295508065476,5,1.2501302204952587,0.8067415604692704,2.196537689262842,0.4433886600259883,5,1.2501302204952587,0.8067415604692704,1.963509737898914,0.4433886600259883,5,1.963509737898914,1.5167484550124748,2.270853938299691,0.26176780623638884,5,5.5763361279668826e-08,-0.010312385738391962,0.0034374996815597397,0.0021484381518331783,5,0.0034374675660081948,-0.036328072752242695,0.05828122808261973,0.005585853526040239,3,36.113321340007445,33.92196996098173,48.959705296761854,2.1913513790257184,3,0.3246527777777778,0.2708333333333333,0.328125,0.00347222222222221,3,3.0,0.0,3.0,0.0,5,-0.311153120044537,-3.120156703673274,0.39010767187486195,0.19554408802122225,5,-0.3279796387251066,-1.1454159149389853,6.893069299556032,0.8174362762138787,4,-0.1853926252920246,-2.86139644229155,1.5171312342179135,0.9152529926075204,4,-0.8951996145994845,-3.7707822891328124,1.7977186646168986,1.411468915122105,2,-0.11356171447232555,-0.19735661831884954,-0.029766810625801554,0.083794903846524,2,-0.7565543207639136,-1.7576915279679306,0.2445828864401034,1.001137207204017,4,0.21967034742679914,-0.44928536196391633,1.069564874109716,0.3436779377833403,4,-2.284443999077185,-4.659975214360157,-0.306857870018018,1.7124839419833229,2,0.15994348440928263,0.026601766115732062,0.2932852027028332,0.13334171829355057,2,0.2720320874322113,0.2632412971905973,0.2808228776738253,0.008790790241614,2,0.3832958987612898,-0.5599608539791632,1.3265526515017427,0.943256752740453,3,0.058735389685153905,-0.5132182793698803,0.43569087401760953,0.3769554843324556,3,-0.49867228916004036,-1.5845664509452795,-0.12025596379465764,0.3784163253653827,4,0.10740626478491322,-0.14964093491551012,0.5354910480530748,0.21188156721817109,4,-0.0062943748187715975,-3.163756559228159,6.994636195442904,1.6017703435442898,3,-0.28365735510840295,-3.539744363094087,1.9894180762203746,2.2730754313287775,3,0.5241520274342881,0.2747255879579913,4.276522917584646,0.24942643947629684,3,-1.7361637054114283,-3.3748965590975786,-0.2687713131191174,1.4673923922923109,3,-0.36479057331621334,-3.2217049906741977,0.7360968163616803,1.1008873896778937,3,-1.1602376694166527,-2.334373912091192,-0.07308716787645109,1.0871505015402017,4,-0.4490712137258299,-3.2018866171688956,1.138788174549461,0.92102118398779,4,-1.2235910276267636,-3.994902310988424,1.129483503887685,1.5750902346965523,2,0.34156901719086363,-0.5232161947168379,1.2063542290985652,0.8647852119077015,2,0.307957760972305,-0.9838545656820297,1.5997700876266396,1.2918123266543347,2,-2.218648931147598,-5.05963287043312,0.6223350081379238,2.840983939285522,2,1.5882306869283331,0.013809600764844165,3.162651773091822,1.5744210861634889
rep_cf_bpdi5xV,rep,rep_labelled,calibration,Clean,rep_cf_bpdi5xV,10,4,0.4,10,0.0,0.0,0.9410747960727058,0.0,4,5.906304745120038,4.008311849056158,10.110838567976801,1.3900350113084934,4,158.87217975616454,156.48361740112307,297.9662319183351,1.3927251434326422,4,0.04630040893717781,0.03145553494265041,0.07899883206177757,0.010867821510644571,4,-0.2124999999999972,-0.8249999999999772,0.5499999999999962,0.5374999999999858,4,0.7295568962204806,0.45140575930820187,1.1187550676982303,0.2127493217900319,4,1.4673340853380812e-05,7.561471188669065e-06,2.700199050940786e-05,4.0706890267878385e-06,4,0.17902750882445354,0.0035228454309598886,0.8387430519461369,0.1749875183529554,4,425.27240986785887,397.74615478515625,802.7017211914062,14.40712971649171,4,313.87479167022707,309.40252685546875,583.9860229492188,3.8041992187500284,4,316.1976035308837,311.8663470458985,595.202722167969,3.0293298339843773,4,319.2911154937744,314.0681225585938,596.6622055053714,2.6814221954344646,4,97.53948593139648,46.409461975097656,138.2258758544922,28.07577133178711,4,5.5,5.0,6.0,0.5,4,-0.24999999999999734,-0.8999999999999773,0.5999999999999961,0.5499999999999856,4,0.6276754003308885,0.5596236193102445,1.0141316417586672,0.046246871274769286,4,0.7922119533103704,0.4013920584185046,1.1436968697956946,0.2556494162533386,4,1.0324999999999984,1.0299999999999985,1.0349999999999984,0.0012499999999999734,4,0.6611100270350643,0.3482358394823246,0.7717202050035701,0.10228831441113062,4,1.5391066344482631,0.9504929907719876,2.8631022548050646,0.3025031077444567,4,0.03750000000000016,-0.049999999999999954,0.07500000000000005,0.025000000000000005,4,0.610043095082914,0.5528214109054932,0.8970595707112017,0.04903465876153368,4,36.0,36.0,36.0,0.0,4,0.6254824135360735,0.5795234898243813,1.074949221991896,0.026234807377367775,4,0.9146849287933243,0.7860929176136897,1.3942428162923193,0.07970120051206953,4,1.0,1.0,1.0,0.0,4,12.0,12.0,12.0,0.0,4,2.383082696342468,2.347254261016846,4.469493478775027,0.02089087715148974,4,5.083909752197265,5.007475756835938,9.534919421386723,0.04456720458984398,4,3.495187954635619,3.4426395828247074,6.555257102203372,0.030639953155517707,4,1.9921862585184487,1.6513682345959397,2.5216852101791116,0.17620509354505942,4,1.9921862585184487,1.6513682345959397,2.5216852101791116,0.17620509354505942,4,0.6212742879254042,0.5705336703066186,0.8826838874527851,0.027037852960539288,4,0.6593768369588724,0.6057711965270213,1.059608497898178,0.03813205747082976,4,0.6593768369588724,0.6057711965270213,1.059608497898178,0.03813205747082976,4,0.79667777990817,0.7659140446110541,1.057578008081122,0.02454109311089747,4,-0.0020775913078006237,-0.002578178934420056,0.0034375,0.00042971417959258287,4,0.0017896715837485153,-5.1964992595627063e-08,0.0034375,0.0008593501351665159,2,37.087782620585216,34.79466273644392,39.38090250472651,2.2931198841412943,2,0.4114583333333333,0.4097222222222222,0.4131944444444444,0.001736111111111105,2,3.0,3.0,3.0,0.0,4,0.23494203855875817,-0.056122195064858715,2.5811111799363218,0.17274608280904502,4,2.3001067218635485,0.8690937388552311,3.0370266501242638,0.41646525208443586,4,-0.11497092511029905,-0.20988796173327273,2.845683079533046,0.05405313429750436,4,2.4861474149958376,1.9324864923823126,3.6450676193272913,0.296191325490053,4,-0.018736822974666723,-0.15375093736349754,1.7577287729985045,0.10015640517416813,4,1.4807820674719974,-3.2359302140033686,2.0959354071255376,0.4834707296791585,4,0.41860452919699753,0.21193746152951576,3.0580582325506214,0.19012017506382506,4,1.149302683536424,0.9729801484733458,1.5552888715248403,0.16186993540502903,3,0.29865769473923365,0.21658885156870156,0.7363119423633862,0.08206884317053209,3,1.346956231416574,0.7499511293199146,1.5120909421215134,0.16513471070493946,3,0.062248919559706906,-0.3176728183892976,0.378832081316375,0.3165831617566681,3,0.4498771925576932,0.23208866439830445,0.582703268370409,0.13282607581271577,3,1.2986671986082166,1.1159155279801602,1.9263059434717733,0.1827516706280563,3,0.8177948257134915,0.22839394888956122,0.8794673292899233,0.061672503576431836,3,1.7613066740121863,1.7500595659544427,2.2909540395246286,0.011247108057743649,3,0.8755139989535223,0.1400789746232931,1.4895398899392376,0.6140258909857153,3,-0.5513927225120119,-0.7429974131851647,-0.18510931260737884,0.19160469067315278,3,4.601411022236505,4.346286039119946,5.703427671907065,0.2551249831165592,4,0.3621004415558957,0.0037404568893748547,0.6802374500755377,0.19184804671499478,4,1.9978101448437202,0.9329199544205968,2.6301208636132167,0.4566512401818046,3,0.3991291271815953,0.19140588656682667,0.6518385663749768,0.20772324061476866,3,2.2636885458192646,1.5404450599640684,2.8743499182584453,0.6106613724391807,3,0.08145285298513727,-0.07800184757519446,0.6938404336390818,0.15945470056033173,3,1.1005528935220554,0.8578273827490768,1.4386858901982658,0.24272551077297866,3,-4.036982146676678,-7.864735814970004,-1.5543016630431055,2.4826804836335725,3,2.8568378029708477,2.806673790748632,2.8751534775481424,0.01831567457729477
rep_cf_f71234_Sw2D1Bt,rep,rep_labelled,calibration,Clean,rep_cf_f71234_Sw2D1Bt,10,2,0.2,10,0.35,0.0,0.7795139246377755,0.3224801065614588,7,38.323013412158915,5.6154871834164215,48.23720418681174,8.823565253298412,7,218.71728698730476,52.815604219436636,307.70017913818367,88.98289215087891,7,0.2790423877154627,0.04403335881983345,0.32,0.040957612284537315,7,1.1000000000000003,-5.7499999999999885,4.699999999999994,3.550000000000024,7,1.4040414912900052,0.050878100878304106,4.927231790874723,0.8128505606098211,7,3.2804251405760406e-05,1.2765283790976518e-05,24.69432587896089,9.224328338772348e-06,7,0.8015962132447789,0.25025081055234233,1.9391790385102698,0.46707744402490275,7,799.755126953125,764.7138890075684,931.584228515625,19.70928955078125,7,502.1795654296875,442.2807312011719,723.7442517852783,40.805511474609375,7,428.5548629760736,88.09131660461425,572.7453540039064,144.19049102783282,7,438.7261425781251,120.72525009155271,658.0553625488283,219.32921997070315,7,79.90047454833984,32.92618179321289,111.17706298828125,23.28079605102539,7,2.0,1.0,9.0,1.0,7,1.2,-5.699999999999989,4.299999999999994,2.3999999999999924,7,1.1348663078377004,0.5747220276181924,3.8401609765237485,0.5383374510318992,7,1.4149535281623609,0.28198873382134576,3.276121989439605,0.5710191797050101,7,0.9999999999999991,0.9874999999999994,1.007499999999999,0.004999999999999893,7,2.553138311824311,0.49336898771309995,5.077773007219429,1.725601270878892,7,7.96961265290604,1.422790009647775,10.0,2.03038734709396,7,-0.09999999999999973,-1.9750000000000014,0.40000000000000013,0.4999999999999999,7,1.1307354066194608,0.5471117440751365,3.126664684352691,0.5393750438819676,7,36.0,36.0,36.0,0.0,7,1.2396792614711798,0.545144012587085,2.7696841148110867,0.6676590833178746,7,8.062306476537046,0.6172250899232166,10.0,1.9376935234629542,7,0.8333333333333334,0.4166666666666667,1.0,0.16666666666666663,7,12.0,12.0,12.0,0.0,7,3.280759304809571,1.5,4.6155026870727545,1.3347433822631833,7,6.998953183593753,3.0,9.846405732421879,2.8474525488281257,7,4.811780313720704,2.0,6.76940394104004,1.957623627319336,7,2.900906897162646,0.9807510307726411,4.699755260027228,1.6779408706874483,7,2.900906897162646,0.9807510307726411,4.578847767850094,1.468332525601237,7,2.2205720465361294,0.6881424139886639,3.6424232671398187,1.223078432493013,7,2.55385074220955,0.5578943869856797,4.332914356241211,1.4426128501408058,7,2.55385074220955,0.5578943869856797,4.031338721143303,1.4426128501408058,7,2.990127714925315,0.6619201030424396,4.78183055777695,1.642113868469718,7,-0.0743939502154627,-0.3100334757331323,0.05841307360004675,0.08470645095743251,7,-0.007734409950206361,-0.283392873551217,0.32000000000000006,0.06334446976273778,3,7.242206284942672,7.13462894328395,231.33420425043766,0.10757734165872179,3,0.3663194444444444,0.3420138888888889,0.6475694444444444,0.024305555555555525,3,3.0,1.0,3.0,0.0,5,-0.27472710385603705,-0.7823227506397643,0.2982645189436077,0.254391383061602,5,0.5500127812499866,-7.291642813873933,7.67658142050286,0.6325992640852207,4,-0.7082347559762923,-3.3244757471869093,-0.26587509404987486,0.40789212982457457,4,-0.205843296963637,-4.851521846776241,4.341970923222583,2.2742087868917964,4,-0.1269756282794816,-2.5209921212453423,0.08623474097842632,0.19718303481577948,4,-2.290451004517857,-6.2442569471095055,-0.5125063994725676,1.739841953025989,5,-0.17947722915118902,-2.8607083549505887,0.05664410858520341,0.23612133773639243,5,-5.159909382397587,-6.414423178595719,-0.3881024757621865,1.2545137961981316,2,-0.4319128152380358,-0.5223474368727921,-0.3414781936032796,0.09043462163475624,2,-0.044777146620655905,-0.1237805945774495,0.03422630133613769,0.0790034479567936,2,-1.13955915579362,-1.4192447080302486,-0.8598736035569914,0.2796855522366286,4,-0.038502597867179134,-0.5797192234387012,0.9779675705036084,0.31872526345530616,4,2.3158350764000915,-0.7013680240419706,7.252614738078201,2.9263618896357535,5,0.6937661242214119,-2.525028036516858,2.210245273454234,1.238656844980568,5,-2.227739939363149,-6.428018550115122,0.4915453227170241,2.7192852620801733,2,0.1484544686551601,-1.712492642361667,2.0094015796719873,1.8609471110168272,2,2.1334373778905014,2.087513503386129,2.1793612523948735,0.045923874504372186,2,0.06326309752341785,-7.08367736250969,7.210203557556525,7.1469404600331075,4,-0.09331082302739446,-0.5207057365980177,0.0014813744890034286,0.0886678170703874,4,-1.937151692263106,-6.858219814386802,0.671217897800247,2.2847789990669054,5,-0.13518853157211197,-0.9092170106534923,0.0019414670629771535,0.07869103533465704,5,1.018664486482579,-3.3473774480476615,7.938922160829797,4.366041934530241,2,0.021949203271381723,-0.021601292107845893,0.06549969865060934,0.043550495379227616,2,-0.4618347691400959,-0.6129027274473176,-0.3107668108328743,0.15106795830722164,2,-1.8337799338338527,-3.159749694089726,-0.5078101735779796,1.325969760255873,2,2.5584598083940433,2.3231088084011144,2.793810808386972,0.23535099999292886
rep_cf_sx6zSKZ,rep,rep_labelled,calibration,Clean,rep_cf_sx6zSKZ,10,1,0.1,10,0.3153073984419188,0.0,0.5400878812301549,0.12973654217315866,6,22.78149241441686,8.582326456116409,47.5014463322471,12.917879071905002,6,166.2059354209899,88.97694969177238,367.51471710205067,49.7113470554353,6,0.17072342704618274,0.0671536543622256,0.32,0.09365614645847588,6,1.2999999999999963,-7.450000000000012,3.424999999999992,1.2250000000000059,6,1.5781275061170508,0.7981479741121774,2.8738372123278366,0.3227456131780214,6,2.689141274822609,1.8219689390207195e-05,21.345835466893156,2.6891179725750973,6,0.9138879651164472,0.024105758330649985,1.0036036602318426,0.06929849068886645,6,451.25434027099607,399.1981506347656,507.01287841796875,23.519821166992188,6,923.2092827758789,728.3583984375,1055.284912109375,84.17596905944822,6,309.60676124572745,153.75551605224595,727.9147033691404,113.49878936767603,6,359.1947248077391,202.15228271484355,742.1441650390623,89.32434322357201,6,79.65668106079102,39.074546813964844,124.61483001708984,25.44763946533203,6,4.0,1.0,7.0,1.0,6,1.25,-6.300000000000011,5.399999999999993,1.200000000000002,6,1.3978940395116708,0.8351303245320787,5.489349878337868,0.4095423821120606,6,1.2589291493435169,0.5111422706485328,1.5283210872792992,0.2132219671481388,6,0.9999999999999991,0.96,1.0124999999999988,0.01124999999999976,6,2.258108156326098,0.6115406886611853,6.793592867198672,1.592242310654103,6,7.372609319009607,4.551227298859041,10.0,1.9785780855486519,6,0.0,-1.9750000000000014,0.15000000000000005,0.07500000000000002,6,1.3592627332841483,1.1175773076892006,2.7251574985386195,0.23449871754823914,6,36.0,36.0,36.0,0.0,6,1.6003574976022898,1.0963020379445845,6.438070366385274,0.30575034857624317,6,7.423938160013959,2.969342654214505,10.0,2.567399751142162,6,0.6666666666666667,0.3333333333333333,1.0,0.08333333333333337,6,12.0,12.0,12.0,0.0,6,2.4930890313148484,1.5,5.51272075653076,0.7456702058315293,6,5.318589933471677,3.0,11.760470947265622,1.5907631057739295,6,3.656530579261778,2.0,8.085323776245113,1.0936496352195766,6,2.9865385776043407,2.108474985628066,5.285554744823167,0.8089722462492319,6,2.9865385776043407,1.7072480279372586,4.168107615363494,0.4762567582532333,6,2.5937148055238763,1.7072480279372586,4.168107615363494,0.6484841215096864,6,2.811854156660802,2.0304153659950406,5.52371571215032,0.5453114594020183,6,2.811854156660802,2.0304153659950406,5.034259766936492,0.5795687468563577,6,3.1981770133059735,2.073453618418765,5.034259766936492,0.7277362188126395,6,-0.010312495189721431,-0.19102034118711259,0.3161328268305131,0.051368385335823025,6,-7.907914301994844e-05,-0.25289023798483873,0.2670654124817998,0.05644510177420953,2,27.49648921767022,26.951147895829642,28.041830539510798,0.5453413218405778,2,0.36458333333333337,0.3402777777777778,0.3888888888888889,0.024305555555555552,2,1.5,0.0,3.0,1.5,2,1.036346793405258,-0.2894256887819324,2.3621192755924483,1.3257724821871903,2,-2.8266826379056367,-3.262618439464071,-2.3907468363472018,0.4359358015584347,3,-0.753039388850425,-1.422635121217354,-0.011686423484491115,0.669595732366929,3,-1.618199524246955,-3.9166042993612815,5.028074471030841,2.2984047751143266,4,0.07843917669222122,-2.9425315019263394,2.1489729547702865,1.0982690974902383,4,1.8779799735243519,-2.946765126543649,7.364596224393482,3.965945296200896,2,0.20681280518131473,-0.015580696327560872,0.42920630669019033,0.2223935015088756,2,0.45373489986469906,-4.770938121872781,5.678407921602179,5.22467302173748,2,-1.6319332207112467,-3.3737789927247377,0.10991255130224431,1.741845772013491,2,3.8230517136178253,1.572168638514948,6.0739347887207025,2.250883075102877,1,6.852947898588184,6.852947898588184,6.852947898588184,0.0,3,-0.6376445547638809,-1.8569539485888527,-0.040052615811589476,0.5975919389522915,3,0.21833717603343406,-5.858010553294091,6.746464484606307,6.076347729327525,2,-0.09693538667578139,-0.19498661191209976,0.0011158385605369858,0.09805122523631837,2,-3.4497449481069697,-7.1036485425670985,0.2041586463531586,3.653903594460129,0,,,,,0,,,,,0,,,,,4,-0.26117352807875704,-2.062514343543569,0.14027082022931836,0.25045194142873584,4,-5.277924035667819,-5.891402805494483,-2.4099077543731418,0.39586611372975344,5,0.025840217915799713,-2.42680301455772,3.025554170800717,0.26029087625244074,5,-2.6908638371627824,-7.385295749410448,6.49564866437955,2.1585474341631716,3,0.93688582353181,-3.771709087215527,3.872758412577334,2.935872589045524,3,-0.49114796709205377,-3.3860545901642336,0.8945037879926399,1.3856517550846936,3,3.6201700647792165,-8.475312314549228,7.877605211093339,4.257435146314123,3,1.2406565958648557,-1.6483937579312276,3.3604789488043045,2.119822352939449
rep_cf_xK08a3L,rep,rep_labelled,calibration,Clean,rep_cf_xK08a3L,8,3,0.375,8,0.33154663488890057,0.0,0.9163321223965681,0.33154663488890057,5,12.182459523324303,3.8948607669448703,34.482029996111216,8.287598756379433,5,302.13875976562514,118.10584178924549,440.13846679687515,89.54631477355963,5,0.09496150261381407,0.03056661070474159,0.254766480141902,0.06439489190907248,5,1.6499999999999957,0.6499999999999958,2.199999999999995,0.49999999999999933,5,2.0297219436327665,0.674272174275754,2.5308224093129104,0.5011004656801439,5,3.6571094883289765,8.412437634365225e-06,24.417043379487847,3.657101075891342,5,0.22041762837009696,0.006833107901640708,0.45827150872397954,0.17444307827916608,5,521.9793701171875,444.51446533203125,738.7211303710938,61.879738226623545,5,535.2152709960938,383.5791889355469,822.392067328186,106.4658917773437,5,597.3960351562503,213.46245895385718,814.1419384765628,172.70272155761728,5,611.1590039062503,258.96090820312475,946.4119287109379,185.48253753662118,5,86.98110961914062,11.409673690795898,170.84353637695312,2.470977783203125,5,5.0,2.0,10.0,1.0,5,1.899999999999995,0.6999999999999957,2.199999999999995,0.2999999999999998,5,1.3842315758841066,0.7592961723023317,3.0432967728223774,0.6249354035817749,5,2.297093547999786,0.72416511535933,2.6997217658167205,0.21787778897233157,5,0.9999999999999991,0.96,1.0249999999999986,0.0,5,5.387224379950555,0.3266242125004156,6.258887167303499,0.8716627873529434,5,6.641892698263,2.311810885484536,9.501837806215214,1.3950611023347221,5,-0.049999999999999954,-0.47499999999999964,0.0,0.0,5,1.3118417763257426,0.7247776780234112,2.0923054459342483,0.5870640983023314,5,36.0,36.0,36.0,0.0,5,1.4949337719150724,0.8174105648867197,4.905213756736416,0.6775232070283527,5,4.168795282470767,1.3608598127024745,9.45964947233583,2.8079354697682923,5,1.0,0.5833333333333334,1.0,0.0,5,12.0,12.0,12.0,0.0,5,4.532081396484377,1.7715876268386823,6.602077001953127,1.3431947216033944,5,9.668440312500005,3.7793869372558557,14.084430937500006,2.8654820727539088,5,6.647052714843753,2.5983285193634007,9.683046269531253,1.9700189250183113,5,2.754984622363504,2.1470393535999177,4.558023904216199,0.6079452687635865,5,2.754984622363504,1.2935071411874415,4.138769054472863,1.193048201286583,5,2.5513124572885055,1.2935071411874415,4.138769054472863,1.257805316101064,5,2.1396122089238645,0.8650791721527326,4.522311703104799,1.2745330367711318,5,2.034239452941419,0.8650791721527326,4.296826088523171,1.1691602807886863,5,2.034239452941419,1.3578766891584166,4.296826088523171,0.6763627637830023,5,0.02214843791307243,-0.003437573942540174,0.14882715305391353,0.025586011855612604,5,0.009687573164466962,-0.01632465912658651,0.01761714796181386,0.007929574797346899,2,16.51315530790722,15.12028442436846,17.906026191445974,1.392870883538757,2,0.3107638888888889,0.2586805555555556,0.3628472222222222,0.052083333333333315,2,2.5,2.0,3.0,0.5,3,0.5025968978906015,0.18787695980416075,2.912953862779176,0.3147199380864407,3,0.8005770047387784,0.23824486586826454,2.636560085643236,0.5623321388705138,2,1.935228696565133,0.5198661982308366,3.3505911948994296,1.4153624983342965,2,-0.3618051972640368,-0.5876440944959316,-0.13596630003214205,0.22583889723189476,3,0.5879842236906114,-2.3295010740312136,3.5632963768571813,2.917485297721825,3,-2.9438640571723185,-5.0590506833800735,-0.004287101845423802,2.115186626207755,3,0.028006819081383583,-0.5644974395299869,0.3530519641898593,0.3250451451084757,3,0.7200360966352126,-2.626274738873624,7.972327518674316,3.3463108355088367,2,-1.1643377652667652,-2.784466146092768,0.4557906155592377,1.620128380826003,2,-2.584896316087004,-5.605851156242214,0.4360585240682058,3.02095484015521,2,0.6979232182760882,-0.5724632974975634,1.9683097340497397,1.2703865157736516,3,3.0247407103337594,0.14243914038837602,3.094541078812739,0.06980036847897964,3,1.0129150605871273,-2.3057777814762925,2.6237562586333807,1.6108411980462534,3,-0.08295210813628273,-0.1860169923356807,2.0626054939463074,0.10306488419939797,3,-2.2863067289602967,-2.5685738808024716,7.66739740428134,0.2822671518421749,4,-0.49676867229626964,-3.335864287954678,3.8485380539901257,1.517702293667611,4,-2.2014218142080266,-5.2827686175976,0.919999339729638,2.3031604246277757,4,0.15884927910991564,-4.075120194196501,2.805206541981107,1.6310657827189061,3,0.1333849280379127,0.006859437911430177,2.635645130956334,0.1265254901264825,3,0.09525564955272792,-4.901609756292813,0.1337713153908182,0.038515665838090296,2,1.278737604212239,-0.30473586023668986,2.8622110686611677,1.5834734644489288,2,0.7055651527670681,0.1634145341087634,1.2477157714253728,0.5421506186583047,3,0.5883881401120257,-0.10348723268970161,3.9596189581570913,0.6918753728017273,3,-0.541526368820755,-5.584864139153234,-0.5205644767819484,0.020961892038806607,3,-4.243242757362225,-8.727465200870228,10.156711038357088,4.484222443508003,3,3.393769466853565,2.229238513316778,3.397776458173181,0.004006991319616127
rep_cplus_wEYZOyK,rep,rep_labelled,calibration,C+ Factory,rep_cplus_wEYZOyK,10,5,0.5,10,0.6209092508045331,0.0,0.9428597731494729,0.2875326618208705,8,7.131950671857831,5.806008392913971,45.87531894307259,1.1254053749469364,8,167.9661728668213,51.97851753234865,198.03405113220222,12.697153396606396,8,0.05586645127673459,0.04552228171142596,0.32,0.00877780650680211,8,-1.4375000000000178,-2.6499999999999884,5.724999999999994,0.499999999999996,8,2.4196024321019682,1.241899842004973,2.6283914373862176,0.18946120014739765,8,2.7290782593421048e-05,1.621478770830219e-05,12.97918926303951,7.10389298777277e-06,8,0.01905783629013537,0.00308054051779515,2.5732406734864495,0.015840952157150923,8,896.1795354418946,636.158447265625,917.333984375,14.668870635986309,8,428.8499298095703,410.5911865234375,544.4496631378174,9.289503387451163,8,334.67824493408204,96.31600189208987,380.8991523742677,25.265526123046754,8,337.1864465332031,111.59806823730472,411.2370521545412,25.5230874633788,8,102.48732376098633,25.660085678100586,165.26878356933594,17.520610809326172,8,4.0,1.0,7.0,0.5,8,-1.5500000000000114,-2.6999999999999886,6.199999999999994,0.9499999999999886,8,1.1506411413311637,0.5345279136250543,1.6846618180981325,0.07789626927701021,8,1.4444125946245658,0.18037572750668815,2.6400206992866546,0.8644110796662854,8,0.9999999999999991,0.9749999999999996,1.007499999999999,0.0,8,2.788499725506122,0.837402911129191,3.7088583768783656,0.8011309837983536,8,4.828441137870101,2.002470571281755,10.0,1.9719802198315213,8,-0.024999999999999953,-1.4750000000000014,0.32500000000000007,0.275,8,1.0959650702815853,0.5337381119299285,1.3761654374911978,0.1455522225357203,8,36.0,36.0,36.0,0.0,8,1.1595934529188985,0.5244411586757182,2.384886535274657,0.18360193693128268,8,2.8354750603469085,0.7064650329245281,5.672604410036536,0.6580035479388233,8,1.0,0.4166666666666667,1.0,0.0,8,12.0,12.0,12.0,0.0,8,2.519492593002319,1.5,2.970510766983033,0.19045730094909596,8,5.374917531738282,3.0,6.337089636230472,0.4063089086914049,8,3.6952558030700677,2.0,4.356749124908449,0.2793373747253407,8,2.2007495459573256,1.1434706681128814,3.1399902971553066,0.597830563460203,8,2.1284822161225967,1.14298346805661,3.1399902971553066,0.5486919479411027,8,1.9580233889906296,0.8516998540970199,2.569582646972002,0.46195975015270485,8,1.5585977574414767,0.549187914037984,3.1984317895316106,0.09022687214332681,8,1.5222716104998564,0.549187914037984,2.7769420495431287,0.0813929180026437,8,1.6030357869683098,0.7459633158101857,2.7769420495431287,0.2284245760482153,8,-0.011686835246890449,-0.0672121482254755,0.18835936928613412,0.013867185735084338,8,0.0020507390659639897,-0.2135444426052298,0.05500018576389772,0.013190893737908403,2,149.03253324350976,109.11571147332589,188.94935501369366,39.91682177018389,2,0.3958333333333333,0.0,0.7916666666666666,0.3958333333333333,2,2.0,2.0,2.0,0.0,5,-0.010042186534917619,-1.4113855465946585,0.1608527600083285,0.1708949465432461,5,-7.778313071070741,-7.920068648298395,0.015894367786706276,0.14175557722765397,2,-0.6113683485210686,-0.7378983903703329,-0.4848383066718043,0.1265300418492643,2,-5.5996815009910055,-7.896729718193063,-3.302633283788947,2.297048217202058,6,0.06413453274074499,-1.301437256882707,2.0668185418276153,1.09514198303156,6,-7.046319866817619,-7.921822709729442,3.1606056597321297,0.7348130994184126,2,0.0658123386342453,-0.007746342224095315,0.1393710194925859,0.07355868085834061,2,1.5774481575451416,0.12633652074700574,3.0285597943432774,1.4511116367981358,4,1.9056139041514513,-2.643175713781204,3.2927984809844304,1.0680194761348503,4,-3.929903841648852,-4.168597630347836,0.34292215041661356,0.1652793648049098,4,0.5091630880690587,-2.411928561081311,1.6133369874180659,0.9305097801654298,3,1.9908129676634871,1.016729108396163,2.120486588697702,0.12967362103421465,3,-7.287003564717365,-7.373714560052036,-7.270936383436267,0.016067181281098186,5,0.27859101699039,-0.8786881541849993,1.808156477891032,1.1572791711753894,5,-7.35995563864138,-7.478856520591782,3.583121863728145,0.1189008819504016,4,1.2969396903379504,-0.2755241561420121,3.676252638309677,0.8448167602099659,4,-3.40701369133391,-3.654802476638319,3.630244668772331,0.17530891874341648,4,-0.24764295595036856,-2.7052938559775725,1.1062336675943243,1.018041392019569,5,0.7345336148119372,-0.8882920466008954,1.6120438194267876,0.639840511057514,5,-7.335220446158308,-7.498160481503858,-1.4658445373037288,0.16294003534554946,5,0.19991609633189,-1.196783881693193,0.4215968151838183,0.2216807188519283,5,-7.788467453848746,-7.856830141199178,6.317894761908294,0.06836268735043216,4,0.2094366676881929,-1.399654667427285,0.5716606071902106,0.26196986655496524,4,-7.2214629559997405,-7.390274093966709,-2.123050231894863,0.11554781024927285,4,-0.5244058813552357,-2.6960446502967557,9.929676871027027,1.1177862736026754,4,-8.097349656144372,-8.347257129282104,3.170795954109344,0.20697597729202855
rep_vsf_7s6PyXJ,rep,rep_labelled,validation,VSF,rep_vsf_7s6PyXJ,10,2,0.2,10,0.0,0.0,0.739109970421874,0.0,3,6.0436848718621405,5.237967318660449,42.38867218258989,0.8057175532016911,3,234.11426467895518,229.11672592163092,236.79354187011725,2.679277191162072,3,0.047379015407920534,0.041081619486010926,0.30337036924095845,0.0062973959219096085,3,-0.475,-0.7249999999999772,0.9749999999999908,0.24999999999997724,3,0.860733040912924,0.08448622727471054,2.402495384125566,0.7762468136382135,3,2.200107884410632e-05,1.65065631542791e-05,4.791096209990565,5.494515689827221e-06,3,0.33426235147034705,0.3156344407506366,0.3613567344322972,0.018627910719710428,3,792.6694946289062,776.7410278320312,797.7094116210938,5.0399169921875,3,430.3033752441406,418.0240173339844,706.94189453125,12.27935791015625,3,456.95645141601574,397.8264495849611,472.59619384765637,15.639742431640627,3,474.57797363281264,459.5104522705079,538.6306091308596,15.067521362304717,3,150.09674072265625,95.0244140625,158.21803283691406,8.121292114257812,3,3.0,3.0,6.0,0.0,3,-0.5,-0.8999999999999773,1.0999999999999908,0.39999999999997726,3,0.9669544964369424,0.8501272988547744,2.158257763782765,0.11682719758216797,3,1.0352186724180923,1.0142343454605118,2.436089619272005,0.020984326957580457,3,1.007499999999999,0.9999999999999991,1.009999999999999,0.0024999999999999467,3,2.024923006434596,1.3279127018379309,6.394969882171533,0.6970103045966654,3,4.883362473363249,3.29188387774368,10.0,1.5914785956195692,3,0.02500000000000005,-0.12499999999999994,0.17500000000000002,0.14999999999999997,3,0.820069295403247,0.7845467182997206,2.1445449184525405,0.035522577103526465,3,36.0,36.0,36.0,0.0,3,0.808264508306715,0.7594534886380957,2.0535409245818257,0.04881101966861934,3,1.756145726657354,1.7139182522600906,6.6470360227107745,0.042227474397263265,3,1.0,0.75,1.0,0.0,3,12.0,12.0,12.0,0.0,3,3.5117139701843274,3.436750888824464,3.551903128051759,0.04018915786743138,3,7.491656469726566,7.33173522949219,7.577393339843752,0.08573687011718611,3,5.150513822937014,5.040567970275879,5.2094579211425796,0.05894409820556579,3,1.9458624726654123,1.6167790579722923,4.452257263722754,0.3290834146931201,3,1.6167790579722923,0.9224501348315829,4.452257263722754,0.6943289231407094,3,0.9658921919059347,0.9224501348315829,3.168006040017304,0.04344205707435178,3,1.5811425759938675,1.117716772028763,3.0004418987593655,0.46342580396510447,3,1.117716772028763,1.0990468242946718,3.0004418987593655,0.018669947734091252,3,1.0990468242946718,1.0927455273147244,4.693033721169765,0.006301296979947413,3,0.001054688929719256,-0.0023828134327440417,0.0025781258817961245,0.0015234369520768685,3,0.008593783492123423,-0.032929610083482365,0.026875032126202965,0.018281248634079542,3,9.208769585546337,8.030778948769779,10.80988320058654,1.177990636776558,3,0.3229166666666667,0.265625,0.3246527777777778,0.001736111111111105,3,3.0,0.0,3.0,0.0,2,0.15187856251886345,-0.3654982833618874,0.6692554083996143,0.5173768458807508,2,-0.8532978178545758,-1.044978160958765,-0.6616174747503867,0.19168034310418913,3,0.3586118382585468,-0.43384249060932234,1.0539170688802457,0.6953052306216989,3,-0.5827264717872427,-0.8294619842540985,4.79117785743699,0.24673551246685577,3,1.436213237914572,1.024788004468519,3.1182007734336423,0.4114252334460531,3,-0.1072207984202933,-0.5519035471192701,3.7254778996304916,0.44468274869897684,2,1.2684223317483259,0.9985367684031417,1.53830789509351,0.2698855633451842,2,-0.08825903245525679,-0.31691762291813363,0.14039955800762005,0.22865859046287684,1,1.3039726303874488,1.3039726303874488,1.3039726303874488,0.0,1,1.205490411868293,1.205490411868293,1.205490411868293,0.0,1,-1.1861615432689518,-1.1861615432689518,-1.1861615432689518,0.0,3,0.15498523373597095,-0.017539719804972265,1.168769252816162,0.17252495354094322,3,0.21986070154998982,-0.054449617061758104,1.0601577329374057,0.2743103186117479,2,0.42918936006907416,0.00570760389842917,0.8526711162397191,0.423481756170645,2,0.31778541908777935,-0.003906417281052121,0.6394772554566108,0.3216918363688315,2,-0.6667626124085757,-1.5205066458894976,0.18698142107234617,0.8537440334809219,2,1.360876365793201,1.343397071993846,1.3783556595925561,0.01747929379935509,2,-0.5066825123659555,-1.1544210406837578,0.1410560159518468,0.6477385283178023,2,-0.5892630891367787,-1.2670119243978206,0.08848574612426319,0.6777488352610419,2,-0.052423887071278985,-0.09328152674298318,-0.011566247399574792,0.04085763967170419,2,-0.619650105372358,-1.2468147498300937,0.007514539085377692,0.6271646444577357,2,-0.1337053765834817,-0.39872293918961077,0.13131218602264738,0.2650175626061291,1,-1.5556336629169323,-1.5556336629169323,-1.5556336629169323,0.0,1,-1.2250132303470718,-1.2250132303470718,-1.2250132303470718,0.0,1,4.480907638336305,4.480907638336305,4.480907638336305,0.0,1,-0.16098602002447837,-0.16098602002447837,-0.16098602002447837,0.0
rep_vsf_BXiTXD1,rep,rep_labelled,validation,VSF,rep_vsf_BXiTXD1,9,1,0.1111111111111111,9,0.0,0.0,0.7514462732764023,0.0,4,19.555028075444437,5.78314222938479,41.939361071934535,12.825284264363919,4,177.27249034881592,50.51712107658388,248.7422021484376,59.21951335906989,4,0.1473949768008251,0.04534360894241027,0.3007546763457724,0.09466833701901078,4,0.875000000000003,-7.550000000000011,3.000000000000001,1.6374999999999946,4,1.082477888791719,0.27008025207477754,2.2592672891044785,0.7496725658025691,4,2.418403355542218e-05,1.8599151711274568e-05,9.309541694546784,2.9183660269041917e-06,4,1.2430843789198434,0.008469465755630092,1.8224532088621936,0.3649042530652341,4,809.716796875,697.0247922131348,1064.9091796875,57.84847425476073,4,611.335205078125,559.3389222528076,938.5648803710938,26.918307428283697,4,343.2171469116211,86.1937330245972,496.2151757812502,128.1229446411134,4,365.87281448364257,115.87475128173831,498.7536328125002,108.75510879516617,4,146.3144073486328,64.0223388671875,163.14805603027344,11.207069396972656,4,4.0,1.0,8.0,3.0,4,0.900000000000003,-8.800000000000011,3.1000000000000005,1.6499999999999946,4,1.0446582319288156,0.7243637143878573,2.586492763575511,0.17979669920709912,4,1.0513140271949797,0.3207426027038427,3.4112449336190838,0.7118552100801412,4,1.009999999999999,0.9749999999999996,1.0249999999999986,0.012499999999999734,4,1.4985785130475375,0.6938040371216359,5.8707271225103685,0.653281043938029,4,5.846899909132819,4.347606051855001,10.0,0.8357518989726529,4,-0.024999999999999953,-0.09999999999999973,1.25,0.06249999999999989,4,0.9538750832967704,0.7114198243212686,2.5187618803114127,0.13323187718323948,4,36.0,36.0,36.0,0.0,4,1.871045295379127,0.8908483427481491,3.679488622751915,0.8920710112908702,4,8.189944577380478,1.9397522886606444,10.0,1.809299646260314,4,0.5833333333333334,0.4166666666666667,1.0,0.16666666666666669,4,12.0,12.0,12.0,0.0,4,2.6590873552322387,1.5,3.731133032226564,0.8882927003860484,4,5.67271969116211,3.0,7.959750468750003,1.8950244274902364,4,3.8999947876739496,2.0,5.472328447265627,1.302829293899538,4,2.833681600331926,2.6329905708752173,4.7235104487670885,0.15010226746177713,4,2.7830928383369944,2.1133888047397167,4.7235104487670885,0.4099031505295274,4,2.1293089736626807,1.2979625802972998,4.4150112121797465,0.4236332811441724,4,3.035700205106247,1.0749071068145815,4.604622735257512,0.9439481114907065,4,2.7742663094718543,1.0749071068145815,4.604622735257512,0.8784494999265141,4,3.13868748660816,1.1024536841658292,4.988189712510933,1.0781918029216617,4,0.05695660991076006,-0.012890484821295454,0.29155001115422763,0.06340185232140778,4,0.00931989878585346,-0.0107421875,0.08889376115422762,0.014905833765283167,1,22.121461800970415,22.121461800970415,22.121461800970415,0.0,1,0.328125,0.328125,0.328125,0.0,1,3.0,3.0,3.0,0.0,3,-0.21740832364992002,-0.52356320500121,-0.11604473825434525,0.10136358539557477,3,1.1879433113537563,-2.0633952269194067,1.1970166258687187,0.009073314514962405,3,-0.6340781872184493,-1.1317484062163317,0.7635218604141087,0.49767021899788233,3,0.6500230303249865,-0.6906822135523516,1.1741769437096372,0.5241539133846507,3,-0.1313303425012009,-3.589601662329642,1.1495904978983589,1.2809208403995598,3,0.02760221398397933,-4.646319545773691,3.8177789866795986,3.7901767726956193,3,0.24519512493671414,-0.18192039438474694,0.4217283841073254,0.17653325917061125,3,0.9154769676846364,-2.102487323658764,6.476558184083991,3.0179642913434,1,0.7275651848392783,0.7275651848392783,0.7275651848392783,0.0,1,0.2994069153436141,0.2994069153436141,0.2994069153436141,0.0,1,0.07341805218887032,0.07341805218887032,0.07341805218887032,0.0,3,0.31037773408979774,0.19785689910574433,0.5789454785051475,0.11252083498405341,3,0.5658104341396131,-0.020340042700361938,7.246485215162424,0.586150476839975,2,0.2684898353048766,0.08936347860657179,0.44761619200318137,0.1791263566983048,2,-1.2045206983388512,-2.7259920664999604,0.31695066982225795,1.5214713681611092,1,0.38915945677018726,0.38915945677018726,0.38915945677018726,0.0,1,1.093626539743997,1.093626539743997,1.093626539743997,0.0,1,0.39618520039752525,0.39618520039752525,0.39618520039752525,0.0,3,-0.3702772132751875,-0.6138784157399186,-0.09029774420662307,0.24360120246473116,3,0.9390355483601676,-4.559312648774494,0.9577954636174946,0.01875991525732701,3,-0.114014199353619,-0.6344133978035984,0.05000572605456455,0.16401992540818355,3,-0.29277134685004036,-1.5717441238149554,1.7180446337433986,1.278972776964915,1,-0.9143847867443924,-0.9143847867443924,-0.9143847867443924,0.0,1,0.6983465103376663,0.6983465103376663,0.6983465103376663,0.0,1,10.733266238098054,10.733266238098054,10.733266238098054,0.0,1,3.39991636252259,3.39991636252259,3.39991636252259,0.0
rep_vsf_GKJDidL,rep,rep_labelled,calibration,VSF,rep_vsf_GKJDidL,10,2,0.2,10,0.0,0.0,0.9384668392470725,0.0,4,16.07191089856556,4.818738180227867,25.8281950399982,6.033678794023929,4,207.31767330169671,52.03889977455141,285.24713504791214,48.43367982864365,4,0.1244782897332782,0.0378016806630242,0.19605334057910528,0.044506006539448806,4,0.21249999999999225,-1.300000000000023,2.049999999999993,0.8375000000000083,4,2.7571049685249887,0.37664137952206406,3.635617639521479,0.8349565699335355,4,3.7358926804001666,2.5402145412870518e-05,7.730447635973831,3.134754912620083,4,0.7522525632554724,0.012524581665411585,1.5886777668351093,0.7094187968441215,4,822.6474914550781,806.5687255859375,874.537799921875,9.593414306640625,4,580.5526829199218,567.3272705078125,610.2142333984375,9.168975830078125,4,401.4371505737304,101.35270835876469,569.4842619323722,106.26617637634251,4,427.8335426330565,106.80289073944095,571.5042782592765,87.46854293823219,4,147.87688446044922,81.07347106933594,153.9081573486328,5.104148864746094,4,6.0,2.0,9.0,2.5,4,0.19999999999999218,-0.6000000000000227,0.39999999999999325,0.15000000000000124,4,1.020897980667449,0.8609879094535167,3.4657704781302305,0.11721778883612105,4,0.40716994300933196,0.15902944328293397,2.327290902955368,0.16810896296607725,4,1.001249999999999,0.9999999999999991,1.002499999999999,0.0012499999999999734,4,3.217386694924249,0.8343217160660903,10.0,2.0160061045935738,4,6.0377898426236545,5.373122979513082,10.0,0.6045614761302907,4,0.01250000000000005,-0.7000000000000002,1.65,0.3875000000000001,4,0.8993181577788584,0.7565978932120558,3.2824625569336296,0.11394725903715563,4,36.0,36.0,36.0,0.0,4,1.502587969691892,0.7724354785419583,3.5058020582346345,0.5430652986954729,4,3.4118799930805634,1.5146421033007846,6.625765760278592,1.2438435365811065,4,0.9583333333333333,0.5833333333333334,1.0,0.04166666666666674,4,12.0,12.0,12.0,0.0,4,3.1097650995254504,1.5,4.278707025718682,0.726505197429655,4,6.6341655456542945,3.0,9.127908321533189,1.5498777545165976,4,4.560988812637327,2.0,6.2754369710540665,1.0655409562301603,4,2.321874556698612,1.6290935134059148,4.985662116850108,0.3532579429502716,4,2.011064374937015,1.3139904267938005,4.720533523056943,0.5108094862563287,4,1.888244756947546,1.3139904267938005,4.720533523056943,0.38798986826685955,4,2.1729841986744862,1.01690923585907,3.81688492445021,0.8443835804944045,4,1.9595115828585281,1.01690923585907,3.5807160078954348,0.7587316353590865,4,1.9595115828585281,0.9859868551720607,3.5807160078954348,0.7741928257025911,4,-0.010175188726568096,-0.03289062719949496,0.13504025196634872,0.014511719849747483,4,0.001289089127046999,-0.05648295993890742,0.14191525196634872,0.0321086940965007,0,,,,,0,,,,,0,,,,,2,1.9244639560626169,0.5576874490024473,3.2912404631227865,1.3667765070601696,2,2.8976905456004287,2.2630613081922046,3.532319783008653,0.6346292374082241,2,0.5437134145795994,0.37788491647242495,0.7095419126867739,0.16582849810717448,2,0.3601278892004789,-1.6405780978842377,2.3608338762851955,2.0007059870847166,1,3.4100111708431626,3.4100111708431626,3.4100111708431626,0.0,1,-0.8734562348381214,-0.8734562348381214,-0.8734562348381214,0.0,1,0.4956029859906721,0.4956029859906721,0.4956029859906721,0.0,1,-7.9043776722522825,-7.9043776722522825,-7.9043776722522825,0.0,1,0.6483194558925334,0.6483194558925334,0.6483194558925334,0.0,1,-4.72105614929248,-4.72105614929248,-4.72105614929248,0.0,1,-1.5471182082803807,-1.5471182082803807,-1.5471182082803807,0.0,3,0.38372667133964455,-0.4135065969257994,3.368029742821335,0.7972332682654439,3,4.712026136366665,0.9024933615435549,6.1177293619065765,1.4057032255399111,3,0.3372509594219082,0.256511435774911,3.8272922771588185,0.08073952364699721,3,-2.7924416458901313,-5.48345583062817,-0.35343296703781446,2.439008678852317,3,-0.23326971985886757,-0.41464620219471726,0.2423919495134328,0.1813764823358497,3,-4.5287144045796595,-5.440474410922668,-0.3452643452740656,0.9117600063430089,1,-0.08822974416392526,-0.08822974416392526,-0.08822974416392526,0.0,3,0.6321964659090895,0.1473616108185638,3.204727170631884,0.4848348550905257,3,1.0724385081127386,-0.41419229422948733,2.725082492539155,1.4866308023422259,3,-0.06065165311900955,-0.4675087451101376,2.8431323731865064,0.4068570919911281,3,0.958641400059046,-0.6150443750025381,1.31272623583909,0.3540848357800441,1,3.809614919576428,3.809614919576428,3.809614919576428,0.0,1,3.7337407082439267,3.7337407082439267,3.7337407082439267,0.0,1,-5.179561242830459,-5.179561242830459,-5.179561242830459,0.0,1,3.280523229785183,3.280523229785183,3.280523229785183,0.0
rep_vsf_HCz9EAj,rep,rep_labelled,calibration,VSF,rep_vsf_HCz9EAj,10,3,0.3,10,0.0,0.0,0.9083271200823915,0.0,4,5.356347234560655,3.9743620859786937,41.55176920820577,1.332646761156472,4,244.25234636306757,174.58956470489488,348.57605834960907,63.23956056594858,4,0.041996865835157764,0.031189540845240234,0.2984834211501905,0.010420777400725844,4,0.23749999999999966,-1.1249999999999998,6.649999999999992,1.2874999999999996,4,1.1889937207083219,0.9759848983448275,1.5537036189598128,0.21234700565979475,4,2.950588562386229e-05,2.7137755368109138e-05,6.654382233019993,2.190547257169224e-06,4,0.17464559207890154,0.001409986844030567,1.5039559002746004,0.16397382052683013,4,563.2114868164062,542.085693359375,632.9814453125,14.51318359375,4,814.6126708984375,607.2427978515625,974.1535034179688,125.44863891601562,4,487.51156272888176,298.9213160705564,696.2706106567377,151.24558158874532,4,501.1496034240722,376.1333813476559,698.0336227416987,113.3644413757327,4,161.04622650146484,158.194580078125,178.06520080566406,1.9626388549804688,4,6.5,1.0,8.0,1.0,4,0.8499999999999996,-2.0,6.5999999999999925,2.3499999999999996,4,1.2208755082666953,0.7805118663356883,1.635032036096455,0.312140680624052,4,1.562422905788079,0.9355087606154304,2.6484129847034827,0.5935447048605816,4,0.9999999999999991,0.9874999999999994,0.9999999999999991,0.0,4,3.9078519886500995,1.4689687976835648,4.91428625607416,0.6299474941710235,4,5.29581508958675,3.9161218263505164,9.218951102933731,1.0579730293818153,4,0.03750000000000005,-1.25,0.8750000000000002,0.42500000000000004,4,1.1520502651534663,0.7349381030077047,1.6255822628341208,0.3183029088474858,4,36.0,36.0,36.0,0.0,4,1.1401387938427092,0.763128808538648,2.986124680671689,0.2728486488054089,4,2.9830535547961996,1.0835083923165043,9.398314032941038,1.8248882745039952,4,1.0,0.75,1.0,0.0,4,12.0,12.0,12.0,0.0,4,3.663785195446014,2.6188434705734234,5.228640875244136,0.9485934084892289,4,7.816075083618163,5.586866070556637,11.15443386718749,2.0236659381103546,4,5.373551619987486,3.840970423507687,7.668673283691399,1.3912703324508686,4,2.4525991351032244,2.1674288718256265,3.996305311198957,0.25912853875200614,4,2.4525991351032244,1.900553585966537,3.996305311198957,0.3925661816815509,4,2.2021270527820147,1.0998937225453544,3.438518000595258,0.701903398526069,4,1.5122398508417036,0.793831990679176,3.2563217953581547,0.5462452120205471,4,1.445502609677504,0.793831990679176,3.2563217953581547,0.5462452120205471,4,1.572440712260304,0.9690068184164774,3.883734711955252,0.5855959007346963,4,-0.004511702803601692,-0.06430373170354667,0.001718750000000007,0.0055859355127791666,4,0.00451172544502141,-0.23848349657969106,0.02042968750000001,0.008066449972155264,1,9.0,9.0,9.0,0.0,1,0.296875,0.296875,0.296875,0.0,1,3.0,3.0,3.0,0.0,3,0.35387131609891753,-0.892192613823056,1.1133857128357008,0.7595143967367832,3,0.9976043918239141,-7.534889206002071,3.3395281331734084,2.341923741349494,3,0.18950842413986635,-2.961781691694455,1.71297916686256,1.5234707427226937,3,-4.657378856295836,-7.72194380495802,0.8679250502458435,3.064564948662184,3,0.2274908849732924,-0.6555872945718875,1.6742181369815228,0.8830781795451799,3,-5.569978693947553,-6.953838939939105,0.9987523435419088,1.3838602459915528,2,0.7481601675285816,0.25794108758088896,1.2383792474762743,0.49021907994769265,2,-3.2701117578575634,-6.967876015432761,0.4276524997176345,3.697764257575198,3,0.17799070316021925,-3.478770720032003,0.35597362463570903,0.17798292147548977,3,-2.7460120865716475,-3.8144421547876672,0.9018811514381553,1.0684300682160197,3,-0.8359926292042132,-1.601148502610613,-0.2739952042727509,0.5619974249314623,2,-0.043040237953889005,-0.44437290959308484,0.35829243368530683,0.40133267163919584,2,-3.7942777145439313,-7.5279950824272195,-0.06056034666064303,3.7337173678832882,2,-0.12618951038490422,-0.7248793068432065,0.472500286073398,0.5986897964583022,2,-3.850857633913635,-7.819171130099745,0.11745586227247529,3.96831349618611,4,-0.10055932972036885,-3.056765434954798,2.1071719537758327,1.5223661018145265,4,-0.3937404705209535,-4.33378084813083,3.194272801800968,2.7781492675808037,3,-0.9806739805195832,-4.7489043053383,-0.41728047061479856,0.5633935099047847,2,0.039447072196821864,-0.31345627882217286,0.3923504232158166,0.3529033510189947,2,-0.26152098269742186,-0.9443956191373393,0.42135365374249556,0.6828746364399174,2,0.6689439024472961,0.6138241331137806,0.7240636717808115,0.05511976933351548,2,-3.465748319419304,-7.736781347733002,0.8052847088943937,4.271033028313697,2,0.7282682177049935,0.5186248253672829,0.9379116100427041,0.20964339233771057,2,-3.5584205766560073,-7.736514085780111,0.6196729324680961,4.178093509124103,2,-1.9583202270360687,-3.8047170156486345,-0.11192343842350283,1.8463967886125658,2,-3.6573218473322204,-8.76471779818525,1.4500741035208098,5.10739595085303
rep_vsf_KfRKFwA,rep,rep_labelled,calibration,VSF,rep_vsf_KfRKFwA,10,3,0.3,10,0.175,0.0,0.8935046521745162,0.175,5,5.385567141899849,2.8113958257288134,16.034253588181198,2.574171316171036,5,217.41322696685802,138.57845951080327,231.4967555236817,8.87135757446282,5,0.04223588732376929,0.022071791724793684,0.1242953933369516,0.020164095598975605,5,0.7999999999999954,-1.8999999999999773,1.6999999999999957,0.29999999999999893,5,1.0858680591553147,0.38836498323828794,2.060797080292739,0.6239322472440121,5,0.5310322081428865,1.2240931883194747e-05,2.4987341836975663,0.5310199672110033,5,0.2870537150745463,0.013162467257106633,0.6002684112498528,0.27097197343778806,5,414.71875,333.78370702178955,463.693603515625,36.096923828125,5,469.37774658203125,374.1714782714844,509.48921426300046,29.128570556640625,5,433.86459045410174,275.5048054504395,462.7115386962892,18.43205886840809,5,435.7883174133303,278.8090325927735,463.27548339843764,17.05337142944319,5,103.23403930664062,35.39006423950195,137.8415985107422,27.460372924804688,5,5.0,2.0,7.0,0.0,5,0.899999999999995,-1.8999999999999773,1.6999999999999957,0.1999999999999993,5,0.6781483998930878,0.603984540660506,0.8825347591047871,0.06360350656452762,5,1.0858119457169075,0.5637283429041949,2.0374608835942807,0.5220836028127126,5,0.9999999999999991,0.9999999999999991,1.009999999999999,0.0,5,0.7228202280293314,0.2843003904381371,1.0130138823884196,0.1567229791772211,5,3.1923027547080216,2.6447806151081146,5.360323052833289,0.547522139599907,5,0.0,-0.17499999999999993,0.0,0.0,5,0.6064046377965218,0.471941256878736,0.7889738796914982,0.08426966365431254,5,36.0,36.0,36.0,0.0,5,0.5386739801195857,0.3707729571654137,0.7967254576714129,0.16790102295417197,5,1.7731056259979072,1.322724147673401,6.709184208221587,0.2765057596460052,5,0.9166666666666666,0.8333333333333334,1.0,0.08333333333333326,5,12.0,12.0,12.0,0.0,5,3.26119840450287,2.078676892662049,3.4724513328552256,0.13307036361694236,5,6.957223262939457,4.434510704345705,7.407896176757815,0.2838834423828098,5,4.783090993270876,3.0487261092376716,5.092928621520997,0.19516986663818248,5,1.552011138510055,1.0162341126896304,2.0359168024278462,0.08100725287728805,5,1.1891587467119806,0.885247739440743,2.0359168024278462,0.30391100727123765,5,1.185596712656163,0.885247739440743,1.4630818816307112,0.04723056999311437,5,1.297487529669839,0.7993133162697833,1.7223106730578757,0.35816340894382115,5,1.10539141714022,0.7009592967946535,1.7223106730578757,0.16606729641420215,5,1.2451733545330657,0.7009592967946535,2.02058407493917,0.16548403140848023,5,-0.00042968683849342474,-0.01718746392453783,0.04667968374737503,0.002148436838493425,5,0.0,-0.015468749545518861,0.0038671539305790955,0.0038671539305790955,3,14.0,13.0,14.0,0.0,3,0.3107638888888889,0.3003472222222222,0.3177083333333333,0.00694444444444442,3,3.0,1.0,3.0,0.0,3,-0.038252095783207096,-0.4967874487667814,0.35340459178947015,0.39165668757267724,3,-0.02716560836084625,-0.5439452982131332,0.2560917891180847,0.283257397478931,3,-0.012418318172649379,-0.8198667149130756,0.3165264218184092,0.32894473999105855,3,-0.045327016513541096,-0.44173031164352894,0.027346657883065006,0.0726736743966061,0,,,,,0,,,,,3,0.3357186242259047,0.025396087154803126,0.3787415583657321,0.043022934139827385,3,-0.531611051590164,-1.19585616675848,-0.3884640277296181,0.1431470238605459,3,0.13614049027339092,-0.05225366486854455,0.5074119071063876,0.18839415514193547,3,0.5562626686160255,0.5551877027462293,0.8104863767392945,0.0010749658697961628,3,-0.6935357477926232,-1.0464089252610052,-0.3793579935524747,0.3141777542401485,4,0.22721379232476124,-0.1336943176592058,0.857479557308352,0.2395929718235834,4,-0.326533200359308,-6.45204521708771,0.09418321243612748,0.2792392574266389,3,0.1253775886778783,0.10701176453287076,0.39708898319793207,0.018365824145007537,3,0.051464045851679074,-0.38647170435625045,0.7461093122268059,0.4379357502079295,3,-0.06463514894619493,-0.2459999091133227,0.37738756763718584,0.18136476016712777,3,0.40663743586059065,0.27881051270786106,0.733538851359794,0.1278269231527296,3,0.43932141575510286,-1.1534141454949065,0.4896507312690801,0.050329315513977235,4,0.12858390956219523,-0.5272797035569283,3.3441189761020382,0.4422253507170524,4,0.07855144073973253,-0.46368046463519663,0.8506026752091667,0.33536750681158467,3,-0.19150312576340411,-0.4717708925049351,-0.05648382264007523,0.13501930312332888,3,0.44193505964201796,-0.27701966584954274,0.5238571849999651,0.08192212535794718,3,-0.5388515086851271,-0.9739039281213877,0.24871397494885228,0.4350524194362606,3,-0.43182643376525887,-1.1247151164845204,-0.4092512524544456,0.022575181310813264,3,3.905011936885984,-2.2403015146389578,6.006689126098507,2.1016771892125234,3,0.9052568958683532,0.16672029614282352,1.167401766507227,0.2621448706388737
rep_vsf_f980504_SHiztEn,rep,rep_labelled,validation,VSF,rep_vsf_f980504_SHiztEn,10,3,0.3,10,0.175,0.0,0.9520662546162371,0.175,5,4.061882555077916,1.9972648356165277,42.89586288613375,2.0646177194613884,5,289.88865783691375,103.05970420837394,295.8505044555661,5.961846618652373,5,0.031875235301774725,0.015683304653617086,0.3063005878511261,0.01619193064815764,5,-2.099999999999977,-5.699999999999989,0.30000000000001137,0.39999999999997415,5,1.6767669788621653,0.2973162757686233,4.2157898663961975,0.9075351483714957,5,2.2106608872451865e-05,1.816463636817341e-05,3.1158585246342154e-05,3.9419725042784535e-06,5,0.008931495576028797,0.006458228736618333,0.34943091187899256,0.002473266839410464,5,781.6907958984375,713.3768920898438,954.7746138394165,2.7332763671875,5,426.8939208984375,419.5079345703125,687.6137361883546,7.385986328125,5,579.0482366943353,200.0132446289061,591.0898681640618,12.041631469726553,5,587.625587768554,212.2255722045897,640.3731372070307,7.119193115234339,5,25.525232315063477,7.94123649597168,94.73405456542969,17.583995819091797,5,9.0,1.0,10.0,1.0,5,-1.8999999999999773,-3.6999999999999886,0.29999999999999716,0.7000000000000455,5,0.723804949800446,0.649472323952069,2.463423310934753,0.07433262584837697,5,1.7038782893767455,0.3193779737321407,2.2759079390660952,0.45879500458523936,5,0.9999999999999991,0.9999999999999991,1.0124999999999988,0.0,5,3.5524046258381334,1.277673235612153,5.5201779077137445,0.017084364003408403,5,6.7154682920443625,2.717810631178753,9.998747681435919,0.9743734774514001,5,-0.1999999999999997,-2.0,2.0,1.8000000000000003,5,0.7190072483158014,0.6212418655864369,2.3750880266906274,0.09776538272936453,5,36.0,36.0,36.0,0.0,5,0.7808225188398528,0.6655306710275047,1.9950279841404983,0.11529184781234803,5,1.0765310826300736,0.9519159664463765,6.70014880577154,0.12461511618369703,5,1.0,0.6666666666666666,1.0,0.0,5,12.0,12.0,12.0,0.0,5,4.348329867553706,1.545895563125609,4.437757566833492,0.08942769927978578,5,9.27643705078124,3.2979105346679662,9.467216142578117,0.1907790917968768,5,6.377550472412102,2.2673134925842264,6.508711098022454,0.13116062561035235,5,2.171062985180269,1.9284887741750105,3.614284258980635,0.19435076961627473,5,2.171062985180269,1.9284887741750105,3.614284258980635,0.19435076961627473,5,1.7214580556039811,1.6664317701952764,3.056041861730208,0.04792271814496396,5,0.8208864934851557,0.6926709335493618,2.689711062267173,0.12821555993579392,5,0.8208864934851557,0.6926709335493618,2.689711062267173,0.12821555993579392,5,0.8691709102280231,0.7103655771569449,3.5176320228497815,0.15880533307107814,5,-0.0034374486061923702,-0.0663005878511261,0.038848166290168046,0.005027158522809867,5,-0.00042968254356420506,-0.30630058785112607,0.15044870870983199,0.0026443986037775927,1,4.323154364270233,4.323154364270233,4.323154364270233,0.0,1,0.2916666666666667,0.2916666666666667,0.2916666666666667,0.0,1,2.0,2.0,2.0,0.0,4,0.8415901868955018,-0.47792255994045263,1.8871262185380289,0.8788515711363427,4,-7.407897814280279,-7.490199284506572,3.022579636385969,0.06952018595108322,4,0.7419675762501292,-0.3993996627136198,1.7609785445975064,0.9314647652208023,4,-7.409116354702933,-7.4972690518882885,2.4972298189772757,0.0618872106948718,4,0.603947716456247,-0.586284254370014,1.7427668809905867,1.036066145691791,4,-7.054245350037186,-7.123310593260479,5.636553358455531,0.039707055031040994,4,1.5782836844365704,-0.6068811151808404,3.3998680562035872,0.9614480571118094,4,-7.024844029306876,-7.1267243073985025,1.040089722179427,0.07745614348335117,3,2.200999353409827,-0.8640226975746828,2.4365336674827915,0.23553431407296443,3,-3.3088801613621266,-3.3356830547494165,-3.1048452270989846,0.026802893387289917,3,0.3828084197123758,-0.12331232038147277,1.2499050708577641,0.5061207400938486,3,1.3749142901066875,-0.5581993874914701,1.5108358346867021,0.1359215445800146,3,-7.360796463236541,-7.441431607737147,-7.297297513840572,0.063498949395969,3,1.0768642684467125,-1.4935850314526533,1.1378888329560937,0.06102456450938121,3,-7.6685385603614264,-7.734503470711851,-7.639696514850747,0.028842045510679704,4,2.2051799520187387,-0.8669860378216754,2.909475520600722,0.4899415850123887,4,-4.164353139280813,-4.31086756783754,-0.3918769448864712,0.09258301711822536,4,1.042677990435891,-0.963939433295991,2.8002264485058106,1.569063042636074,3,1.4904330323510067,-0.5161980484588753,1.7615945646962246,0.2711615323452179,3,-7.719529210784259,-7.757041232303818,-2.9945293710180176,0.03751202151955901,3,1.4789637396299895,-0.33620603006869487,1.7208822470890937,0.24191850745910415,3,-7.687208314462346,-7.841159922107721,-7.557978126790099,0.12923018767224725,1,2.1760661047881626,2.1760661047881626,2.1760661047881626,0.0,1,-7.500915305078426,-7.500915305078426,-7.500915305078426,0.0,0,,,,,1,-7.4187205015292,-7.4187205015292,-7.4187205015292,0.0
rep_vsf_gpZWOfy,rep,rep_labelled,validation,VSF,rep_vsf_gpZWOfy,10,2,0.2,10,0.0,0.0,0.8902727298087263,0.0,4,21.723614450374182,5.931942921068314,42.12122633833745,15.408138401835455,4,189.81707656860357,51.57983155250548,201.80565132141106,8.25142574310297,4,0.16086448485759064,0.046506184515521624,0.3018156535612144,0.11136434114041119,4,-0.37499999999999994,-5.224999999999977,2.474999999999995,1.5875000000000032,4,0.44683505679353075,0.18286035215304752,3.017765938733252,0.1685933569941889,4,2.26138723837136e-05,1.7242697598007628e-05,2.156369613830724,2.700045562326435e-06,4,0.8680685861561919,0.008945856678279518,4.103849773404868,0.458588713207595,4,807.8435363769531,709.3012127886963,914.27978515625,53.04067778533937,4,472.4493865966797,445.415283203125,660.1780352581787,14.437057495117188,4,356.68619125366206,91.77844619750974,387.33139709472664,21.78485992431652,4,380.7972550964356,114.54088001251218,463.46092803955065,45.9302169799804,4,78.79848861694336,67.00381469726562,150.0098419189453,11.639842987060547,4,4.5,1.0,6.0,1.0,4,-0.5,-5.399999999999977,2.9999999999999947,1.900000000000003,4,0.7524567318224381,0.6149990511938882,1.6471211330421016,0.11622399788288179,4,0.4981741567498683,0.15424104967295274,3.6723180407625913,0.2548250616353165,4,1.003749999999999,0.9624999999999999,1.007499999999999,0.00374999999999992,4,0.8149567625719762,0.42831594519725774,4.675898901175575,0.2828666045376894,4,2.5528254521952016,0.850034023953735,7.864321678835452,1.1002969470020136,4,0.12500000000000006,-0.5249999999999997,0.17500000000000002,0.03749999999999998,4,0.7066077627100427,0.579296105447972,1.5723794248823966,0.1147124798034771,4,36.0,36.0,36.0,0.0,4,0.5771808890601708,0.5256245935136867,1.6935201710952197,0.03505351963083492,4,1.7100685613574156,1.0386541075701827,9.841347699502466,0.6482409360103476,4,0.9166666666666667,0.6666666666666666,1.0,0.08333333333333331,4,12.0,12.0,12.0,0.0,4,2.8472561485290533,1.5,3.027084769821166,0.12377138614654459,4,6.074146450195315,3.0,6.457780842285154,0.2640456237792952,4,4.175975684509278,2.0,4.439724329071043,0.1815313663482656,4,1.2740107824025537,1.012895133528665,3.453114471994797,0.18500855746690725,4,1.197903690995572,0.5665399222569784,3.453114471994797,0.4081861631027505,4,0.853675906119121,0.5665399222569784,3.094744594015754,0.28078285934430686,4,0.9529533527481303,0.6327502975412854,3.2131163748189056,0.1813143130290068,4,0.819012958115346,0.6327502975412854,3.2131163748189056,0.1813143130290068,4,1.1603427512839208,0.642646992631393,4.054040461387548,0.44974141376730753,4,-0.011982047284467376,-0.08765625,-0.005585938897100609,0.004677359085917076,4,-0.0012891020813429943,-0.0035345744695502437,0.020625,0.0013375997347751254,1,10.815002434514671,10.815002434514671,10.815002434514671,0.0,1,0.34375,0.34375,0.34375,0.0,1,3.0,3.0,3.0,0.0,2,0.26877246420755085,0.2640756732045908,0.2734692552105109,0.004696791002960055,2,0.7709605036222367,0.5768804059644528,0.9650406012800206,0.1940800976577839,2,0.04318182298950646,-0.10043559115973721,0.18679923713875013,0.14361741414924367,2,0.7088639877625313,0.4457463699968134,0.9719816055282493,0.26311761776571796,3,0.2924955540340477,-0.09687233768494252,0.5682854347549977,0.27578988072095,3,0.47981202606477424,0.3153713989670126,0.8434531958878,0.16444062709776164,3,0.1641182571876243,-1.00559154233531,0.8086993759507664,0.6445811187631421,3,0.5031673145374782,-1.7449915580795894,0.540891771027785,0.03772445649030676,2,0.465308040428269,-0.1627254457139884,1.0933415265705264,0.6280334861422574,2,0.7969548212314603,0.6670559569208367,0.9268536855420839,0.12989886431062359,2,-1.4676082961539691,-1.6222355414151366,-1.3129810508928017,0.15462724526116745,2,0.6157700769798709,0.5162854562861128,0.7152546976736289,0.09948462069375807,2,-0.45748792560362794,-1.417863667515873,0.502887816308617,0.960375741912245,0,,,,,0,,,,,1,1.1161617209748442,1.1161617209748442,1.1161617209748442,0.0,1,0.6151638350671673,0.6151638350671673,0.6151638350671673,0.0,1,-4.529586195247703,-4.529586195247703,-4.529586195247703,0.0,3,0.43908879945530543,0.2865227324750208,1.1868990758102314,0.15256606698028463,3,0.4721390743023579,-0.5152355164256939,1.0087036104165725,0.5365645361142146,3,0.33493342090730494,0.025328014939873356,1.000953321389943,0.3096054059674316,3,0.33764636374998824,0.3194862612146965,1.9895352532918187,0.018160102535291767,2,0.3919436139472907,0.12512741974740038,0.658759808147181,0.26681619419989033,2,0.06529675786313138,0.010418536703504788,0.12017497902275798,0.054878221159626595,2,-1.0846178137662719,-1.9239379325073287,-0.24529769502521503,0.8393201187410568,2,0.7652705331959747,0.5841097910420021,0.9464312753499473,0.1811607421539726
rep_vsf_oVwWMrC,rep,rep_labelled,calibration,VSF,rep_vsf_oVwWMrC,10,2,0.2,10,0.0,0.0,0.76103208602874,0.0,4,26.031235741084004,8.876947273172693,45.62248311512372,16.892202847562004,4,231.46790603637697,226.3809391403198,275.9117198181151,2.600103836059617,4,0.18922703048386133,0.06944079244622431,0.32,0.11775395935003832,4,1.6499999999999928,-1.4000000000000228,2.149999999999994,0.45000000000000184,4,1.9303298008680767,0.400607216840508,2.0419098242931915,0.07026037897620596,4,1.8917129003041158e-05,1.2946887769233256e-05,2.491442193039359e-05,4.416376539322849e-06,4,0.5301553750054642,0.4002561366157337,0.9394445349456468,0.10658972280272247,4,757.2379058551026,735.2219968215942,780.9570922851562,20.187707643890406,4,528.2767242144776,412.0389404296875,699.4523315429688,114.3018096636963,4,452.12052635192856,392.5343321228029,459.58099136352536,4.773516998291029,4,499.8139624023438,455.4897991943359,649.4397839355465,39.150227966308705,4,129.2571258544922,90.38565063476562,170.69570922851562,37.44988250732422,4,3.0,2.0,7.0,1.0,4,1.5999999999999925,-1.6000000000000227,2.199999999999994,0.5000000000000018,4,1.3458781827463144,0.785946120334176,2.538181161836373,0.5542074828842325,4,1.9303888401780305,0.32920656914392893,2.313631508939768,0.23081314620065052,4,1.0112499999999989,0.9999999999999991,1.0174999999999987,0.006249999999999867,4,1.7398990756174841,0.5944717168747828,3.8434884413821333,1.0449720253379828,4,6.337335333203323,4.612481050384895,8.706200095354989,1.635313276385829,4,0.05000000000000005,-0.049999999999999954,0.2,0.05,4,1.2608548383334357,0.7715724276416331,2.5346129459761246,0.4859993626943594,4,36.0,36.0,36.0,0.0,4,1.6246091485608551,0.6946996141090261,3.0426373473001824,0.9253021644919459,4,3.2959171146113433,1.0878234919021095,8.153374530715844,1.9728928043978207,4,1.0,0.75,1.0,0.0,4,12.0,12.0,12.0,0.0,4,3.4720185905456544,3.395714087104797,4.138675797271726,0.03900155754089418,4,7.406972993164063,7.244190052490234,8.829175034179684,0.08320332275390774,4,5.092293932800294,4.980380661087035,6.070057835998532,0.05720228439331221,4,2.746174720598735,2.062114958568684,3.6736622747362557,0.6663072876985174,4,2.746174720598735,2.062114958568684,3.6736622747362557,0.6663072876985174,4,1.9766576828653253,1.3027587249320376,3.099801336365131,0.6507294075975895,4,2.0332730197292745,0.8360701978880817,3.3273642731216384,1.163038269232125,4,2.0332730197292745,0.8360701978880817,3.3273642731216384,1.163038269232125,4,2.716498019106659,1.252559642323078,4.680209259357839,1.4339394907633687,4,0.037851607277639164,-0.008164063786817156,0.178488796091936,0.045371139868091895,4,-0.07462273894868106,-0.24019517928399614,0.009453159031351716,0.08235714757288737,3,15.876074310521844,6.125380895464048,17.627320482520652,1.7512461719988082,3,0.2916666666666667,0.2378472222222222,0.3524305555555556,0.053819444444444475,3,3.0,0.0,3.0,0.0,4,0.20063495843753998,-0.16478788102335784,1.1384637601366698,0.18488299743300018,4,2.0945352676024043,-0.046779922026374265,6.2304867936351815,2.050369837160171,3,0.22242986958368505,-0.09236821515298743,0.23052572574005126,0.00809585615636621,3,0.46189581769000565,0.35608705544298846,6.521681580345328,0.10580876224701719,3,0.6350764564676865,0.5878142413576342,2.1929482147265986,0.04726221511005235,3,0.5217622208242179,0.4984396000518698,5.148368390936975,0.023322620772348035,3,0.7795603040014498,0.7387147606780786,2.8807087230062507,0.0408455433233712,3,0.30208486279592606,0.1939680344817174,5.128209219523294,0.10811682831420866,2,0.8520028354820397,0.845965512259653,0.8580401587044264,0.0060373232223867035,2,1.1766264743491683,1.157930075369451,1.1953228733288856,0.01869639897971731,2,-0.28707249564315873,-0.3965893500873392,-0.17755564119897826,0.10951685444418047,2,0.31353385292061375,0.056926976733791435,0.5701407291074361,0.2566068761868223,2,0.2858823202121885,0.12625693971091145,0.44550770071346557,0.15962538050127706,3,-0.379479011245337,-2.7896692629135487,-0.313711470196381,0.06576754104895599,3,-0.00438967473807006,-0.032254549290378076,2.8999496208964137,0.027864874552308017,2,-0.5817204514946752,-0.6191441738054095,-0.5442967291839409,0.03742372231073432,2,0.8745521335974504,0.8445596351836615,0.9045446320112394,0.029992498413788926,2,-0.460559885285619,-0.4917281824486395,-0.4293915881225985,0.031168297163020497,3,-0.7564201334506038,-0.7602198644369196,0.22580751341496352,0.003799730986315808,3,-0.5930276479582441,-0.7498639097578197,7.528182147581508,0.15683626179957555,3,-0.5105084704032947,-0.5528949244024943,-0.09729609085411539,0.0423864539991996,3,-0.5929543749232047,-0.8468468287042952,4.8328982435070555,0.2538924537810905,1,-0.12937894620534962,-0.12937894620534962,-0.12937894620534962,0.0,1,-0.15001845955996407,-0.15001845955996407,-0.15001845955996407,0.0,1,1.397121423353994,1.397121423353994,1.397121423353994,0.0,1,0.952354039363279,0.952354039363279,0.952354039363279,0.0
rep_vsf_p3hHVMB,rep,rep_labelled,validation,VSF,rep_vsf_p3hHVMB,10,1,0.1,10,0.0,0.0,0.9194669832862365,0.0,4,14.240579672370458,4.825369640573804,36.965631050095986,7.3630316801812405,4,273.7848752021788,103.37184837341312,339.64069290161115,39.02335201263418,4,0.11022206666841569,0.03785357968567388,0.27060113354843257,0.056370115025252604,4,0.062499999999986455,-2.199999999999977,2.7500000000000013,1.5999999999999872,4,0.8131740278747585,0.48999707771004924,4.513959832928468,0.22262719483878765,4,2.573269470802783e-05,1.966744438438129e-05,13.685067545640887,4.750793988650396e-06,4,0.6454137705976932,0.00781635893884482,2.3105516073190415,0.35169363178624996,4,788.1308476287842,734.0138360705566,802.7211483532715,13.456979205932612,4,579.8815800506592,511.41292174194336,619.3953857421875,24.000896755981444,4,539.2966248321529,183.64402008056646,675.1396591186519,83.74127609252912,4,555.8428759765623,229.843373413086,683.4231124877925,72.35213195800753,4,122.75725173950195,84.00900268554688,165.93630981445312,27.125106811523438,4,6.0,1.0,10.0,3.0,4,-0.25000000000001243,-2.8999999999999773,3.200000000000001,2.4999999999999876,4,1.3829299469667347,1.107604327751388,2.5465488615120977,0.2031401350672033,4,1.534087197051032,0.11892452506551211,2.8621506948834865,1.2295264644643689,4,0.9999999999999991,0.9999999999999991,1.0124999999999988,0.0,4,4.645897365652862,2.185039841873887,5.086726952888721,0.28381080182945606,4,8.144655749989031,7.123535575995289,9.999860200547538,0.6082862036574266,4,0.12500000000000022,-1.100000000000001,1.7249999999999988,0.9000000000000006,4,1.2793377415132436,1.0693265069859463,2.4507681192052813,0.17696819018723642,4,36.0,36.0,36.0,0.0,4,1.437213839042696,1.2245823889336132,1.7625551978326,0.20896749494911526,4,2.9619912214739017,1.4460974296544016,9.510619793373381,1.278184922289109,4,1.0,0.5833333333333334,1.0,0.0,4,12.0,12.0,12.0,0.0,4,4.106773128032682,1.5505777256011968,5.094610393524167,0.585350280189513,4,8.76111600646972,3.30789914794922,10.868502172851557,1.2487472644042947,4,6.0232672544479335,2.2741806642150886,7.472095243835445,0.8585137442779516,4,2.992278560754639,2.3943465422050014,4.207997584478236,0.31983803040713243,4,2.6823737846814977,2.3943465422050014,4.207997584478236,0.2780939881425053,4,2.2493422203334656,1.6777723273253329,3.3255619312929343,0.3682203617738252,4,1.889271191252863,1.1967994686429908,3.0142477280710303,0.4236407041404916,4,1.6648810529773947,1.1967994686429908,3.0142477280710303,0.4236407041404916,4,1.6448324104539498,1.2225372014866023,3.9847215288065105,0.3907231951952409,4,-0.044437587440537746,-0.11532799664515937,0.013587086162970396,0.03951238052202295,4,-0.043168006511556264,-0.270601162713034,0.03229806944676013,0.06275454123493633,1,170.51633585964964,170.51633585964964,170.51633585964964,0.0,1,0.4861111111111111,0.4861111111111111,0.4861111111111111,0.0,1,2.0,2.0,2.0,0.0,1,-0.004133566637733566,-0.004133566637733566,-0.004133566637733566,0.0,1,-3.6393821282257766,-3.6393821282257766,-3.6393821282257766,0.0,3,-0.11356083940148665,-0.547843513885141,3.445296651105423,0.4342826744836543,3,-3.600035111228994,-7.395750167874626,2.921687174889054,3.7957150566456317,3,0.15244809457915665,-3.1948584936196767,2.7987328348291385,2.646284740249982,3,-7.1758287028308665,-7.387279872482477,-4.329140999422821,0.21145116965161037,3,-0.07608753662162826,-0.14876445173183583,2.397359669582528,0.07267691511020757,3,-4.241001626395602,-6.527728015041645,1.5551347479883515,2.286726388646043,3,2.289676203907703,1.3138186543301913,2.996450925128869,0.7067747212211657,3,-2.7529251382999775,-4.617704166173553,-2.6759358357737795,0.07698930252619807,3,3.044024686510056,1.661686095343839,5.96388417766272,1.3823385911662172,3,0.1428989431983041,0.015457821459392562,0.23282031776574286,0.08992137456743876,3,-2.6423086011997388,-7.228638735355042,-0.2743240052335172,2.3679845959662216,2,-0.05785221160687115,-0.10980704418886944,-0.005897379024872862,0.05195483258199829,2,3.5504325420595673,0.462882081168825,6.6379830029503095,3.0875504608907423,2,0.9047886496275055,-0.20841497205975656,2.0179922713147675,1.113203621687262,2,-5.494030494443747,-5.621174053733102,-5.366886935154391,0.1271435592893555,2,2.752268403900217,2.276814772611914,3.2277220351885205,0.4754536312883033,2,-0.22304767806977566,-0.26756990799037794,-0.17852544814917337,0.044522229920602285,2,-0.886335088739798,-3.1098936663443655,1.3372234888647694,2.2235585776045674,1,1.6790383699760696,1.6790383699760696,1.6790383699760696,0.0,1,3.196104252174292,3.196104252174292,3.196104252174292,0.0,0,,,,,0,,,,,0,,,,,0,,,,
rep_vsf_sh7PSsh,rep,rep_labelled,calibration,VSF,rep_vsf_sh7PSsh,10,3,0.3,10,0.21734352090805528,0.0,0.8079453396514333,0.21734352090805528,6,19.460568181408654,4.509930446099395,45.716975440248355,13.821788033576832,6,160.8765390491485,105.61994991302493,257.4079394149778,42.288735694885304,6,0.14828370324512963,0.03538434566006837,0.32,0.1040768648691265,6,-0.6749999999999885,-4.025000000000023,1.9500000000000006,1.6874999999999858,6,1.9624555656765892,0.09452517252870857,4.607684866931876,1.1716884860203933,6,1.6209898959326016e-05,1.2816082914900867e-05,32.08757803106509,2.3903690912241196e-06,6,0.627917256608625,0.010472392485964047,0.7453978629614744,0.11143739727007157,6,384.2190993307495,379.5080261230469,420.7497863769531,4.180204677429174,6,532.2096986445617,491.3533308981323,809.6279907226562,39.360395256042466,6,312.0766947555541,193.0846723937987,423.3251914978024,90.06057971954348,6,331.14182136535635,211.9784067535401,606.3065661621089,70.67364288330093,6,42.53821802139282,2.882798194885254,175.51510620117188,33.84748411178589,6,3.5,1.0,6.0,2.0,6,-0.9499999999999886,-4.100000000000023,2.1000000000000005,1.349999999999997,6,1.0230846238234397,0.5416085649952018,6.306790860869347,0.4216464583472954,6,1.3887194238367597,0.05559337831230501,3.5840511967592805,1.1715241174506619,6,1.001249999999999,0.9999999999999991,1.007499999999999,0.0012499999999999734,6,2.207850971013937,0.22607662848045298,6.918094920834653,1.6623260491614646,6,5.546524119089236,1.8012545733625192,10.0,3.2240061223825673,6,-0.13749999999999996,-1.2250000000000014,0.75,0.1374999999999999,6,1.0248314742640474,0.5291609714150534,2.1323889377705307,0.4497411266235415,6,36.0,36.0,36.0,0.0,6,1.3119057115910082,0.5887261770586761,2.9402270219509647,0.7165922716658322,6,3.942690232005088,2.7325068779102826,9.923510235905228,0.8164945062611226,6,0.7916666666666667,0.5,1.0,0.16666666666666657,6,12.0,12.0,12.0,0.0,6,2.4131480857372276,1.5842992486953738,3.8611190912246673,0.6343310354232795,6,5.148049249572752,3.3798383972167976,8.23705406127929,1.3532395422363295,6,3.5392838590812667,2.323638898086548,5.662974667129512,0.9303521852874765,6,2.3331182344398353,1.0417054081635007,5.1211057992269025,1.004639466304361,6,2.1196832108202885,0.9818429367269778,3.6900746529834465,1.0882029441245964,6,1.787078335993053,0.9150162330665419,3.6900746529834465,0.7676203890604194,6,1.8807039298485817,1.2128705821170946,4.164045009498643,0.6382879999467914,6,1.7668129919433275,1.2128705821170946,3.866112764048492,0.5243970620415372,6,1.7912894275092173,1.1922362109443316,3.866112764048492,0.5572281237321595,6,0.0019335544992041239,-0.27301658376867477,0.09999996259595062,0.013632520184417142,6,0.0012890626843304076,-0.283329339557104,0.1977728127492706,0.09550781698849628,2,5.68329230734704,4.366584614694081,7.0,1.3167076926529595,2,0.40364583333333337,0.3385416666666667,0.46875,0.06510416666666666,2,3.0,3.0,3.0,0.0,3,-0.034543137937646406,-0.5451766160897478,0.06459865120656261,0.09914178914420901,3,-0.3120635112421999,-0.7476444674968219,-0.026789557587680868,0.285273953654519,4,-0.09845533857190958,-0.425529916929861,0.35452436188452197,0.18874780227125143,4,-0.31241550976550125,-3.617565210098106,7.671226407405762,1.7265429302885602,3,-0.07731688854141794,-0.9753333169996381,0.49076000959557575,0.5680768981369937,3,0.3977542063208439,-0.3992801299601889,0.40402997442682276,0.006275768105978852,1,-3.984755685916241,-3.984755685916241,-3.984755685916241,0.0,1,-2.9055524150740086,-2.9055524150740086,-2.9055524150740086,0.0,5,-0.5079488680987652,-3.131378569704509,1.4719178645320312,1.9798667326307964,5,1.0841024336864846,-5.273187816977565,5.711308201936694,0.248951056981217,4,0.8686122377827559,-1.7452717111297602,9.036706700068066,1.8241718340842112,3,-0.4093856452709588,-0.5904309439201256,0.4072292353066871,0.18104529864916685,3,0.42093428386411613,-0.15430950316024372,7.723817787958986,0.5752437870243599,2,-1.555080103322581,-3.352156544123318,0.24199633747815597,1.797076440800737,2,-2.0647145030159795,-2.39596979271558,-1.7334592133163795,0.33125528969960016,2,-0.10428028294987257,-0.4766753918358404,0.26811482593609526,0.37239510888596783,2,1.0180456864889553,0.985587071212346,1.0505043017655646,0.032458615276609315,2,1.0791870123408955,0.5877981921902347,1.5705758324915564,0.4913888201506609,4,-0.35183250434207025,-2.6690399395919258,-0.029245127332274024,0.29480670536210596,4,1.2337816866483386,0.03590650452979238,4.083357966086876,1.1391079229816636,2,-0.3440103375957335,-0.4752904549634991,-0.21273022022796795,0.13128011736776557,2,-0.4299984475956753,-0.6306990185565797,-0.22929787663477086,0.20070057096090443,3,-0.4698219369828962,-0.8230229566287335,-0.23792419930896358,0.23189773767393262,3,-0.3134625188957907,-0.5863183152530982,0.7904973178819774,0.2728557963573075,2,1.1652189526895498,0.7186007198103681,1.6118371855687315,0.4466182328791817,3,0.04986450281172783,-0.007706101724694325,3.3985154746088457,0.057570604536422154
