photo_id,path,status,width,height,pose_reason,twelve_phase_used,dial_radius_px_edge,ellipse_ratio,tick_rms_px,ticks_used,tick_sectors,dial_radius_px,ring_usable,ring_n,ring_shift_x_px,ring_shift_y_px,ring_shift_px,ring_scale_pct,ring_rotation_deg,m12_usable,m12_reason,m12_right_px,m12_down_px,m12_raw_dx_px,m12_raw_dy_px,m12_raw_px,m12_radial_px,m12_tangential_px,m12_local_px,m12_local_radial_px,m12_local_tangential_px,m12_rotation_deg,m12_radius_err_px,m12_edge_support,m12_outline_integrity,m12_left_side_err_deg,m12_right_side_err_deg,m12_base_tilt_deg,m3_usable,m3_reason,m3_right_px,m3_down_px,m3_raw_dx_px,m3_raw_dy_px,m3_raw_px,m3_radial_px,m3_tangential_px,m3_local_px,m3_local_radial_px,m3_local_tangential_px,m3_rotation_deg,m3_radius_err_px,m3_edge_support,m3_outline_integrity,m6_usable,m6_reason,m6_right_px,m6_down_px,m6_raw_dx_px,m6_raw_dy_px,m6_raw_px,m6_radial_px,m6_tangential_px,m6_local_px,m6_local_radial_px,m6_local_tangential_px,m6_rotation_deg,m6_radius_err_px,m6_edge_support,m6_outline_integrity,m9_usable,m9_reason,m9_right_px,m9_down_px,m9_raw_dx_px,m9_raw_dy_px,m9_raw_px,m9_radial_px,m9_tangential_px,m9_local_px,m9_local_radial_px,m9_local_tangential_px,m9_rotation_deg,m9_radius_err_px,m9_edge_support,m9_outline_integrity,m1_usable,m1_reason,m1_right_px,m1_down_px,m1_raw_dx_px,m1_raw_dy_px,m1_raw_px,m1_radial_px,m1_tangential_px,m1_local_px,m1_local_radial_px,m1_local_tangential_px,m1_rotation_deg,m1_radius_err_px,m1_edge_support,m1_outline_integrity,m2_usable,m2_reason,m2_right_px,m2_down_px,m2_raw_dx_px,m2_raw_dy_px,m2_raw_px,m2_radial_px,m2_tangential_px,m2_local_px,m2_local_radial_px,m2_local_tangential_px,m2_rotation_deg,m2_radius_err_px,m2_edge_support,m2_outline_integrity,m4_usable,m4_reason,m4_right_px,m4_down_px,m4_raw_dx_px,m4_raw_dy_px,m4_raw_px,m4_radial_px,m4_tangential_px,m4_local_px,m4_local_radial_px,m4_local_tangential_px,m4_rotation_deg,m4_radius_err_px,m4_edge_support,m4_outline_integrity,m5_usable,m5_reason,m5_right_px,m5_down_px,m5_raw_dx_px,m5_raw_dy_px,m5_raw_px,m5_radial_px,m5_tangential_px,m5_local_px,m5_local_radial_px,m5_local_tangential_px,m5_rotation_deg,m5_radius_err_px,m5_edge_support,m5_outline_integrity,m7_usable,m7_reason,m7_right_px,m7_down_px,m7_raw_dx_px,m7_raw_dy_px,m7_raw_px,m7_radial_px,m7_tangential_px,m7_local_px,m7_local_radial_px,m7_local_tangential_px,m7_rotation_deg,m7_radius_err_px,m7_edge_support,m7_outline_integrity,m8_usable,m8_reason,m8_right_px,m8_down_px,m8_raw_dx_px,m8_raw_dy_px,m8_raw_px,m8_radial_px,m8_tangential_px,m8_local_px,m8_local_radial_px,m8_local_tangential_px,m8_rotation_deg,m8_radius_err_px,m8_edge_support,m8_outline_integrity,m10_usable,m10_reason,m10_right_px,m10_down_px,m10_raw_dx_px,m10_raw_dy_px,m10_raw_px,m10_radial_px,m10_tangential_px,m10_local_px,m10_local_radial_px,m10_local_tangential_px,m10_rotation_deg,m10_radius_err_px,m10_edge_support,m10_outline_integrity,m11_usable,m11_reason,m11_right_px,m11_down_px,m11_raw_dx_px,m11_raw_dy_px,m11_raw_px,m11_radial_px,m11_tangential_px,m11_local_px,m11_local_radial_px,m11_local_tangential_px,m11_rotation_deg,m11_radius_err_px,m11_edge_support,m11_outline_integrity,ms,group,class_label,physical_watch_id,model,source,image_url
d15ed6cf309dec1f,images/d1/d15ed6cf309dec1fd5b0ff89431ce72faaa1bb89f5185c43e4392503677278f0.jpg,accepted,1412,2160,,true,435.90801,0.99324,0.17331,54,12,438.28583,true,11,0.11263,-1.03377,1.03989,-0.00523,-0.00993,true,,-0.04697,-0.50223,-0.04293,-0.49887,0.50071,0.50223,-0.04697,0.52017,-0.51630,-0.09063,0.19468,,1.00000,1.00000,0.05353,0.24831,-0.12097,true,,0.49494,-1.33553,0.50172,-1.32753,1.41918,0.49494,-1.33553,0.47261,0.40798,-0.24103,-0.70413,,1.00000,1.00000,true,,-0.03496,-0.55497,-0.03066,-0.55707,0.55791,-0.55497,0.03496,0.53841,0.49926,0.19696,-0.18513,,0.80952,1.00000,true,,-0.05777,-0.75408,-0.04992,-0.75351,0.75516,0.05777,0.75408,0.28812,0.17951,-0.22510,0.78053,,0.85714,1.00000,true,,-0.24498,-0.69945,-0.23989,-0.69672,0.73686,0.48326,-0.56188,0.45089,-0.44821,-0.07204,,-0.08777,0.88889,1.00000,true,,0.11177,-1.66377,0.12060,-1.65369,1.65808,0.92868,-1.38499,0.58192,0.33853,-0.47744,,-0.01289,0.80556,0.98333,true,,0.13863,-1.11987,0.14489,-1.11892,1.12827,-0.43988,-1.03915,0.02806,0.00681,-0.02725,,-0.00904,0.97222,1.00000,true,,-0.61577,-0.87173,-0.61168,-0.87916,1.07101,-1.06283,0.09741,0.79490,-0.19844,0.76799,,-0.18264,0.87500,0.98333,true,,0.80449,-0.94859,0.81654,-0.94482,1.24876,-1.22374,-0.22241,0.64399,-0.25501,-0.58867,,-0.09641,0.84722,0.94444,true,,0.25370,-1.46726,0.26982,-1.46703,1.49163,-0.95334,1.14384,0.48642,-0.32591,0.35988,,0.02010,0.94444,0.99444,true,,0.05931,-1.18614,0.07162,-1.18045,1.18262,0.54171,1.05688,0.21336,0.13229,0.16858,,0.03227,0.95833,0.98889,true,,0.29616,-0.82120,0.30348,-0.81293,0.86773,0.56310,0.66708,0.28924,-0.26401,0.12009,,0.06128,0.83333,1.00000,3019,genuine_population,gen,auto_bobs_124060_d758a78acef9,124060,Bob's Watches,https://www.bobswatches.com/images/zUsed-Rolex-Submariner-124060-SKU194063.jpg
d2d17532532ec40b,images/d2/d2d17532532ec40b656bf78d71aef3a91a1e30828a92af60d078c95fa6421d8a.jpg,accepted,1307,2000,,true,403.42521,0.99403,0.15165,55,12,405.71265,true,11,0.07859,-0.94390,0.94716,0.00285,-0.00888,true,,-0.08882,-0.46391,-0.08500,-0.46137,0.46913,0.46391,-0.08882,0.49997,-0.49162,-0.10962,0.17334,,1.00000,1.00000,0.08139,0.24658,0.10580,true,,0.47570,-1.22550,0.48195,-1.21827,1.31014,0.47570,-1.22550,0.45740,0.39585,-0.23148,-0.73480,,1.00000,1.00000,true,,-0.18822,-0.45176,-0.18527,-0.45490,0.49118,-0.45176,0.18822,0.57647,0.48573,0.30703,-0.27869,,0.66667,1.00000,true,,-0.03254,-0.63232,-0.02595,-0.63180,0.63233,0.03254,0.63232,0.28249,0.09482,-0.26622,0.77801,,0.95238,1.00000,true,,-0.29132,-0.68783,-0.28620,-0.68582,0.74314,0.45002,-0.59621,0.43282,-0.41443,-0.13344,,-0.05534,0.88889,1.00000,true,,0.13020,-1.56339,0.13848,-1.55413,1.56028,0.89445,-1.28884,0.57003,0.35035,-0.45370,,-0.01640,0.79167,0.98333,true,,0.15584,-1.02028,0.16159,-1.01938,1.03211,-0.37517,-0.96151,0.06150,0.02700,-0.05530,,0.00975,0.95833,0.99444,true,,-0.58799,-0.79926,-0.58427,-0.80645,0.99586,-0.98617,0.10958,0.72849,-0.21163,0.69544,,-0.18824,0.86111,0.98889,true,,0.66098,-0.81525,0.67110,-0.81234,1.05370,-1.03652,-0.16480,0.56089,-0.19090,-0.52522,,-0.07135,0.84722,0.95556,true,,0.18469,-1.33082,0.19907,-1.33118,1.34599,-0.82535,1.06018,0.44499,-0.30008,0.32739,,0.00644,0.98611,0.99444,true,,0.03339,-1.11034,0.04484,-1.10545,1.10636,0.52625,0.97827,0.20288,0.10524,0.17441,,0.02392,0.91667,0.98889,true,,0.28876,-0.76351,0.29551,-0.75588,0.81159,0.51684,0.63183,0.31305,-0.27654,0.14831,,0.01207,0.86111,1.00000,1882,genuine_population,gen,auto_bobs_124060_d758a78acef9,124060,Bob's Watches,https://www.bobswatches.com/images/Used-Rolex-Submariner-124060-SKU194063.jpg
762af6e930a7eed0,images/76/762af6e930a7eed091d3c9000c8b2b2cdad814f84b4faaf6b7c094ca62c6496d.jpg,accepted,418,640,,true,128.99293,0.99436,0.17804,55,12,129.61820,true,11,0.03999,-0.43717,0.43899,0.00321,-0.02099,true,,0.02291,-0.21234,0.02450,-0.21100,0.21242,0.21234,0.02291,0.22878,-0.22863,0.02428,0.29005,,1.00000,0.86667,0.06330,0.33426,-0.36616,true,,0.32801,-0.66642,0.33143,-0.66285,0.74109,0.32801,-0.66642,0.34596,0.28826,-0.19272,-0.63209,,1.00000,0.83333,true,,-0.18329,-0.49208,-0.18003,-0.49585,0.52752,-0.49208,0.18329,0.26321,-0.05760,0.25593,-0.18294,,1.00000,0.96667,true,,0.11697,-0.19182,0.11911,-0.19079,0.22492,-0.11697,0.19182,0.22583,-0.08354,-0.20976,0.86786,,1.00000,0.83333,true,,-0.07863,-0.30954,-0.07648,-0.30877,0.31810,0.22876,-0.22287,0.17099,-0.17193,0.00291,,0.25108,0.97222,1.00000,true,,0.11279,-0.55580,0.11567,-0.55289,0.56486,0.37558,-0.42494,0.12382,0.12169,-0.02559,,0.17857,0.84722,0.90556,true,,0.07841,-0.48288,0.08115,-0.48302,0.48979,-0.17354,-0.45739,0.02374,0.01021,-0.02144,,0.26185,1.00000,1.00000,true,,-0.14668,-0.37274,-0.14460,-0.37543,0.40231,-0.39614,-0.05934,0.23348,-0.03882,0.22981,,0.20672,1.00000,1.00000,true,,0.26175,-0.36905,0.26598,-0.36839,0.45437,-0.45048,-0.04216,0.19956,-0.05657,-0.19065,,0.23071,1.00000,0.92222,true,,-0.00972,-0.56082,-0.00417,-0.56243,0.56245,-0.27199,0.49054,0.17072,-0.02488,0.16847,,0.24434,1.00000,1.00000,true,,-0.04146,-0.43519,-0.03717,-0.43457,0.43616,0.25350,0.35616,0.06301,0.06298,-0.00250,,0.28722,0.98611,1.00000,true,,0.00038,-0.37452,0.00373,-0.37287,0.37289,0.32416,0.18759,0.04654,-0.03995,-0.02428,,0.26572,1.00000,1.00000,858,genuine_population,gen,auto_bobs_124060_d758a78acef9,124060,Bob's Watches,"https://www.bobswatches.com/cdn-cgi/image/fit=contain,sharpen=0.33,height=640,quality=82,format=jpeg/images/Used-Rolex-Submariner-124060-SKU194063.jpg"
4f2e03ae50108874,images/4f/4f2e03ae501088740d1331cf4460cc9c9a945aa4f0aaec4d288b87c7866bc368.jpg,pose_rejected,2160,2160,overlay unavailable: inner-end lattice evidence insufficient,false,,,,0,0,,,,,,,,,,,,,,,,,,,,,,,,,,,,,,,,,,,,,,,,,,,,,,,,,,,,,,,,,,,,,,,,,,,,,,,,,,,,,,,,,,,,,,,,,,,,,,,,,,,,,,,,,,,,,,,,,,,,,,,,,,,,,,,,,,,,,,,,,,,,,,,,,,,,,,,,,,,,,,,,,,,,,,,,,,,,,,,,,,,,,,,,,,,,,,,,,,,,,,,,,,,,,genuine_population,gen,auto_bobs_124060_36490c8b564e,124060,Bob's Watches,https://www.bobswatches.com/images/zUsed-Rolex-Submariner-124060LN-Black-Dial-SKU194063.jpg
b95403efbdc5c799,images/b9/b95403efbdc5c799892a39e60c6250af1623da1d86d78b7e57be03b87d431552.jpg,missing,,,,,,,,,,,,,,,,,,,,,,,,,,,,,,,,,,,,,,,,,,,,,,,,,,,,,,,,,,,,,,,,,,,,,,,,,,,,,,,,,,,,,,,,,,,,,,,,,,,,,,,,,,,,,,,,,,,,,,,,,,,,,,,,,,,,,,,,,,,,,,,,,,,,,,,,,,,,,,,,,,,,,,,,,,,,,,,,,,,,,,,,,,,,,,,,,,,,,,,,,,,,,,,,,,,,,,genuine_population,gen,auto_bobs_124060_36490c8b564e,124060,Bob's Watches,https://www.bobswatches.com/images/zUsed-Steel-Rolex-Submariner-124060LN-Black-Dial-SKU194063.jpg
5ce63457d8056191,images/5c/5ce63457d805619175ca8a7bee5f5cd6040fe4d0cc6f94faf56f963d8cafa08a.jpg,missing,,,,,,,,,,,,,,,,,,,,,,,,,,,,,,,,,,,,,,,,,,,,,,,,,,,,,,,,,,,,,,,,,,,,,,,,,,,,,,,,,,,,,,,,,,,,,,,,,,,,,,,,,,,,,,,,,,,,,,,,,,,,,,,,,,,,,,,,,,,,,,,,,,,,,,,,,,,,,,,,,,,,,,,,,,,,,,,,,,,,,,,,,,,,,,,,,,,,,,,,,,,,,,,,,,,,,,genuine_population,gen,auto_bobs_124060_36490c8b564e,124060,Bob's Watches,https://www.bobswatches.com/images/zy-194063-3-29-2021.jpg
b68d5dd74b3f5162,images/b6/b68d5dd74b3f5162bd21af47f9f751704b9bd24817e4a73c94a1a4818f801774.jpg,accepted,768,1174,,true,236.99072,0.99376,0.12897,52,12,238.34032,true,11,0.06715,-0.55437,0.55843,-0.01807,-0.00847,true,,0.03838,-0.37206,0.04120,-0.36842,0.37071,0.37206,0.03838,0.14891,-0.15018,0.00378,0.25227,,1.00000,1.00000,0.11366,0.23225,-0.32177,true,,0.24359,-0.57684,0.24642,-0.57255,0.62333,0.24359,-0.57684,0.21358,0.21353,0.00655,-0.64642,,1.00000,0.90000,true,,-0.10950,-0.90524,-0.10273,-0.90837,0.91416,-0.90524,0.10950,0.37448,-0.31591,0.19897,-0.16983,,0.76190,1.00000,true,,0.06120,-0.31622,0.06467,-0.31488,0.32145,-0.06120,0.31622,0.21596,0.03422,-0.21369,0.74193,,1.00000,1.00000,true,,-0.11280,-0.42493,-0.10982,-0.42243,0.43648,0.31161,-0.31015,0.17528,-0.16680,-0.05750,,0.09507,0.98611,1.00000,true,,0.09824,-0.90651,0.10285,-0.89970,0.90556,0.53834,-0.73594,0.34931,0.24071,-0.25659,,0.09484,0.81944,0.97222,true,,0.04295,-0.50113,0.04566,-0.50043,0.50251,-0.21337,-0.45546,0.09786,0.04565,0.08663,,0.11848,1.00000,1.00000,true,,-0.19344,-0.37028,-0.19158,-0.37257,0.41894,-0.41739,-0.01762,0.35087,0.06835,0.34370,,0.10330,0.94444,1.00000,true,,0.35363,-0.43296,0.35907,-0.43096,0.56094,-0.55177,-0.08978,0.28604,-0.00330,-0.28511,,0.15565,0.93056,0.88333,true,,0.15290,-0.66853,0.16038,-0.66745,0.68645,-0.46668,0.50252,0.12775,-0.09899,0.08047,,0.13018,1.00000,1.00000,true,,0.05077,-0.60339,0.05705,-0.59961,0.60232,0.25772,0.54794,0.09288,0.06877,0.06316,,0.13487,0.98611,0.99444,true,,0.12931,-0.44977,0.13332,-0.44501,0.46456,0.32486,0.33687,0.09621,-0.09081,0.03287,,0.11665,0.91667,1.00000,1390,genuine_population,gen,auto_bobs_124060_36490c8b564e,124060,Bob's Watches,"https://www.bobswatches.com/cdn-cgi/image/width=768,quality=85,sharpen=0.5/images/zUsed-Rolex-Submariner-124060-SKU194063.jpg"
cac72ac78f458690,images/ca/cac72ac78f4586901f41901daed1ccd5d3e0bec416e25990323c96916f836ec7.jpg,pose_rejected,768,768,overlay unavailable: inner-end lattice evidence insufficient,false,,,,0,0,,,,,,,,,,,,,,,,,,,,,,,,,,,,,,,,,,,,,,,,,,,,,,,,,,,,,,,,,,,,,,,,,,,,,,,,,,,,,,,,,,,,,,,,,,,,,,,,,,,,,,,,,,,,,,,,,,,,,,,,,,,,,,,,,,,,,,,,,,,,,,,,,,,,,,,,,,,,,,,,,,,,,,,,,,,,,,,,,,,,,,,,,,,,,,,,,,,,,,,,,,,,,genuine_population,gen,auto_bobs_124060_36490c8b564e,124060,Bob's Watches,"https://www.bobswatches.com/cdn-cgi/image/width=768,quality=85,sharpen=0.5/images/zUsed-Rolex-Submariner-124060LN-Black-Dial-SKU194063.jpg"
4252d055b9d715db,images/42/4252d055b9d715dbd8476e37957296cb87c6a3a4b9066ad264ae7a14b065d225.jpg,missing,,,,,,,,,,,,,,,,,,,,,,,,,,,,,,,,,,,,,,,,,,,,,,,,,,,,,,,,,,,,,,,,,,,,,,,,,,,,,,,,,,,,,,,,,,,,,,,,,,,,,,,,,,,,,,,,,,,,,,,,,,,,,,,,,,,,,,,,,,,,,,,,,,,,,,,,,,,,,,,,,,,,,,,,,,,,,,,,,,,,,,,,,,,,,,,,,,,,,,,,,,,,,,,,,,,,,,genuine_population,gen,auto_bobs_124060_36490c8b564e,124060,Bob's Watches,"https://www.bobswatches.com/cdn-cgi/image/width=768,quality=85,sharpen=0.5/images/zUsed-Steel-Rolex-Submariner-124060LN-Black-Dial-SKU194063.jpg"
a4f28a7240406e2d,images/a4/a4f28a7240406e2de09b208c1ea6ff5c9c7a9215e8baa22a6af6063cc140812d.jpg,missing,,,,,,,,,,,,,,,,,,,,,,,,,,,,,,,,,,,,,,,,,,,,,,,,,,,,,,,,,,,,,,,,,,,,,,,,,,,,,,,,,,,,,,,,,,,,,,,,,,,,,,,,,,,,,,,,,,,,,,,,,,,,,,,,,,,,,,,,,,,,,,,,,,,,,,,,,,,,,,,,,,,,,,,,,,,,,,,,,,,,,,,,,,,,,,,,,,,,,,,,,,,,,,,,,,,,,,genuine_population,gen,auto_bobs_124060_acb8dd97ca70,124060,Bob's Watches,https://www.bobswatches.com/images/zUsed-Rolex-Submariner-124060-SKU194034PL.jpg
d04c99024b491471,images/d0/d04c99024b491471b200c7557c67e6d37465b4899f11c6b93ef2957b8fe12d46.jpg,accepted,1307,2000,,true,403.06268,0.99355,0.10322,53,12,405.69715,true,10,0.19500,-0.45445,0.49452,-0.00402,0.17408,true,,0.20941,0.53353,0.20689,0.52965,0.56862,-0.53353,0.20941,1.36637,-0.97783,-0.96872,-0.06480,,1.00000,1.00000,-0.16537,0.19157,0.49320,true,,0.07057,0.94619,0.06960,0.94243,0.94500,0.07057,0.94619,0.47811,-0.11014,0.46786,-0.00198,,1.00000,1.00000,true,,-0.33916,-1.37095,-0.33507,-1.37535,1.41558,-1.37095,0.33916,0.98911,-0.90125,-0.40342,0.17663,,0.76190,1.00000,true,,-0.09911,-1.31704,-0.09043,-1.31336,1.31647,0.09911,1.31704,0.31450,0.30456,-0.07595,0.11167,,1.00000,1.00000,true,,1.08093,-0.11438,1.07846,-0.10640,1.08370,0.63952,0.87892,0.17023,0.16018,-0.06246,,0.03358,0.94444,1.00000,false,hand/occluder crosses outline (clean 0.61),,,,,,,,,,,,,0.69444,0.61111,true,,-0.09805,0.70142,-0.09901,0.69998,0.70694,0.26579,0.65648,0.37119,0.34050,0.14624,,-0.00284,0.97222,1.00000,true,,-0.75821,-0.23337,-0.75979,-0.23766,0.79609,-0.58121,0.53994,0.27726,-0.26844,-0.06702,,-0.13082,0.88889,1.00000,true,,-0.66590,-1.05861,-0.66289,-1.06407,1.25366,-0.58383,1.10599,0.08859,-0.07797,0.04170,,0.04042,0.95833,1.00000,true,,-0.67782,-0.80590,-0.67489,-0.80950,1.05392,0.18406,1.03685,0.65094,0.59319,-0.26551,,-0.04369,0.95833,1.00000,true,,0.52871,-1.30128,0.53738,-1.28977,1.39724,0.19276,1.39129,0.17824,0.14457,-0.10414,,0.10891,0.97222,1.00000,true,,1.46325,-0.90683,1.46633,-0.88950,1.71503,0.05371,1.72063,0.39666,-0.23255,0.32192,,0.04052,0.86111,1.00000,1751,genuine_population,gen,auto_bobs_124060_acb8dd97ca70,124060,Bob's Watches,https://www.bobswatches.com/images/Used-Rolex-Submariner-124060-SKU194034PL.jpg
675ee96f6d6f853e,images/67/675ee96f6d6f853e8e84a68fff7869d828ff93fd883dc5a1e21493ad12211529.jpg,pose_rejected,2160,2160,physical black-dial boundary not found,false,,,,0,0,,,,,,,,,,,,,,,,,,,,,,,,,,,,,,,,,,,,,,,,,,,,,,,,,,,,,,,,,,,,,,,,,,,,,,,,,,,,,,,,,,,,,,,,,,,,,,,,,,,,,,,,,,,,,,,,,,,,,,,,,,,,,,,,,,,,,,,,,,,,,,,,,,,,,,,,,,,,,,,,,,,,,,,,,,,,,,,,,,,,,,,,,,,,,,,,,,,,,,,,,,,,,genuine_population,gen,auto_bobs_124060_acb8dd97ca70,124060,Bob's Watches,https://www.bobswatches.com/images/zy-194034-3-6-2023.jpg
3f07b99e12fa5014,images/3f/3f07b99e12fa50143c2728067e0ef2961ee780827f9a91b38a5d8d810e11b55f.jpg,missing,,,,,,,,,,,,,,,,,,,,,,,,,,,,,,,,,,,,,,,,,,,,,,,,,,,,,,,,,,,,,,,,,,,,,,,,,,,,,,,,,,,,,,,,,,,,,,,,,,,,,,,,,,,,,,,,,,,,,,,,,,,,,,,,,,,,,,,,,,,,,,,,,,,,,,,,,,,,,,,,,,,,,,,,,,,,,,,,,,,,,,,,,,,,,,,,,,,,,,,,,,,,,,,,,,,,,,genuine_population,gen,auto_bobs_124060_acb8dd97ca70,124060,Bob's Watches,"https://www.bobswatches.com/cdn-cgi/image/width=768,quality=85,sharpen=0.5/images/zUsed-Rolex-Submariner-124060-SKU194034PL.jpg"
0c05e10dcb93270c,images/0c/0c05e10dcb93270cba0e3f2c8888fcb4706dca4384cc18768fe54543cf10542b.jpg,pose_rejected,768,768,physical black-dial boundary not found,false,,,,0,0,,,,,,,,,,,,,,,,,,,,,,,,,,,,,,,,,,,,,,,,,,,,,,,,,,,,,,,,,,,,,,,,,,,,,,,,,,,,,,,,,,,,,,,,,,,,,,,,,,,,,,,,,,,,,,,,,,,,,,,,,,,,,,,,,,,,,,,,,,,,,,,,,,,,,,,,,,,,,,,,,,,,,,,,,,,,,,,,,,,,,,,,,,,,,,,,,,,,,,,,,,,,,genuine_population,gen,auto_bobs_124060_acb8dd97ca70,124060,Bob's Watches,"https://www.bobswatches.com/cdn-cgi/image/width=768,quality=85,sharpen=0.5/images/zy-194034-3-6-2023.jpg"
63dc466faad01512,images/63/63dc466faad015127b2e6fe77c3c73048a1a4ff7d51893fdaec9305fa16e2dd1.jpg,accepted,1412,2160,,true,433.87330,0.99634,0.14408,52,12,438.12902,true,10,0.00326,-1.23766,1.23767,-0.02294,-0.07325,true,,-1.08897,0.45458,-1.08867,0.44326,1.17545,-0.45458,-1.08897,1.72234,-1.61653,-0.63913,0.06171,,1.00000,1.00000,0.05657,0.17251,0.44415,true,,-0.58909,-1.79205,-0.58590,-1.78769,1.88125,-0.58909,-1.79205,0.52573,-0.51058,-0.12461,-0.77586,,1.00000,0.96667,true,,0.15702,-1.33222,0.16351,-1.33390,1.34389,-1.33222,-0.15702,0.26726,-0.01368,0.26593,0.00399,,0.71429,0.96667,true,,0.58995,-0.85033,0.59732,-0.84429,1.03423,-0.58995,0.85033,0.51810,-0.51590,0.03325,-0.13113,,1.00000,1.00000,true,,-0.73593,-1.78816,-0.72892,-1.77642,1.92015,1.18063,-1.53141,0.48756,0.18768,-0.45266,,-0.00101,0.91667,0.98889,false,outline coverage 0.72; 6/8 octants,,,,,,,,,,,,,0.72222,0.97778,true,,0.22154,-1.40899,0.22438,-1.40595,1.42374,-0.51263,-1.33099,0.27687,0.19218,0.19942,,0.00198,0.93056,1.00000,true,,0.27158,-1.31142,0.27617,-1.31149,1.34026,-0.99993,-0.89090,0.24318,0.15877,0.18400,,-0.07158,0.90278,1.00000,true,,0.61859,-0.88267,0.62637,-0.88104,1.08101,-1.07370,-0.09438,0.27520,0.08276,-0.26174,,-0.08799,0.90278,1.00000,true,,0.31249,-0.49187,0.31705,-0.49009,0.58370,-0.51656,0.26972,0.39688,0.18439,-0.35152,,-0.17871,0.86111,0.95556,true,,0.09336,-0.86842,0.09949,-0.86255,0.86827,0.35336,0.79876,0.26016,-0.18795,0.17975,,-0.04951,0.94444,1.00000,true,,-0.23798,-1.41896,-0.22936,-1.40837,1.42693,1.34784,0.50339,0.48579,0.35266,0.33989,,-0.08074,0.83333,1.00000,1717,genuine_population,gen,auto_bobs_124060_7f1b144ca515,124060,Bob's Watches,https://www.bobswatches.com/images/zUsed-Rolex-Submariner-124060-SKU194074PL.jpg
4ce166aee7c06206,images/4c/4ce166aee7c0620667adfaf48b9438a0b436444f3eccaa7651c9304f4e12bf9f.jpg,missing,,,,,,,,,,,,,,,,,,,,,,,,,,,,,,,,,,,,,,,,,,,,,,,,,,,,,,,,,,,,,,,,,,,,,,,,,,,,,,,,,,,,,,,,,,,,,,,,,,,,,,,,,,,,,,,,,,,,,,,,,,,,,,,,,,,,,,,,,,,,,,,,,,,,,,,,,,,,,,,,,,,,,,,,,,,,,,,,,,,,,,,,,,,,,,,,,,,,,,,,,,,,,,,,,,,,,,genuine_population,gen,auto_bobs_124060_7f1b144ca515,124060,Bob's Watches,https://www.bobswatches.com/images/Used-Rolex-Submariner-124060-SKU194074PL.jpg
6504df3f05260df3,images/65/6504df3f05260df3918cf7c9a5dfd18921885224820983f186547fc952cf1d4e.jpg,pose_rejected,2160,2160,physical black-dial boundary not found,false,,,,0,0,,,,,,,,,,,,,,,,,,,,,,,,,,,,,,,,,,,,,,,,,,,,,,,,,,,,,,,,,,,,,,,,,,,,,,,,,,,,,,,,,,,,,,,,,,,,,,,,,,,,,,,,,,,,,,,,,,,,,,,,,,,,,,,,,,,,,,,,,,,,,,,,,,,,,,,,,,,,,,,,,,,,,,,,,,,,,,,,,,,,,,,,,,,,,,,,,,,,,,,,,,,,,genuine_population,gen,auto_bobs_124060_7f1b144ca515,124060,Bob's Watches,https://www.bobswatches.com/images/zy-194074-7-19-2026.jpg
e6368f4187793b43,images/e6/e6368f4187793b432e1ab6f50ba3279ebadd7f56d6b71279b1ec5c8e9b103ead.jpg,missing,,,,,,,,,,,,,,,,,,,,,,,,,,,,,,,,,,,,,,,,,,,,,,,,,,,,,,,,,,,,,,,,,,,,,,,,,,,,,,,,,,,,,,,,,,,,,,,,,,,,,,,,,,,,,,,,,,,,,,,,,,,,,,,,,,,,,,,,,,,,,,,,,,,,,,,,,,,,,,,,,,,,,,,,,,,,,,,,,,,,,,,,,,,,,,,,,,,,,,,,,,,,,,,,,,,,,,genuine_population,gen,auto_bobs_124060_7f1b144ca515,124060,Bob's Watches,"https://www.bobswatches.com/cdn-cgi/image/width=768,quality=85,sharpen=0.5/images/zUsed-Rolex-Submariner-124060-SKU194074PL.jpg"
53e87049dd5b114b,images/53/53e87049dd5b114bcd7eb5feadf0fae62ac6c89d5126a70ebebd4dc875159c62.jpg,pose_rejected,768,768,physical black-dial boundary not found,false,,,,0,0,,,,,,,,,,,,,,,,,,,,,,,,,,,,,,,,,,,,,,,,,,,,,,,,,,,,,,,,,,,,,,,,,,,,,,,,,,,,,,,,,,,,,,,,,,,,,,,,,,,,,,,,,,,,,,,,,,,,,,,,,,,,,,,,,,,,,,,,,,,,,,,,,,,,,,,,,,,,,,,,,,,,,,,,,,,,,,,,,,,,,,,,,,,,,,,,,,,,,,,,,,,,,genuine_population,gen,auto_bobs_124060_7f1b144ca515,124060,Bob's Watches,"https://www.bobswatches.com/cdn-cgi/image/width=768,quality=85,sharpen=0.5/images/zy-194074-7-19-2026.jpg"
39d163d48710cb5a,images/39/39d163d48710cb5ad1ddd1316169ca34747e20b21b87837c0d7db1bd77533324.jpg,accepted,1307,2000,,true,402.42623,0.99636,0.12642,53,12,405.65836,true,10,0.17459,-0.42282,0.45745,-0.00361,0.17385,true,,0.14209,0.53330,0.13974,0.52908,0.54722,-0.53330,0.14209,1.37821,-0.94708,-1.01437,-0.08632,,1.00000,1.00000,-0.18916,0.17651,0.48647,true,,0.06541,0.95050,0.06435,0.94669,0.94888,0.06541,0.95050,0.44966,-0.09629,0.44164,-0.01866,,1.00000,1.00000,true,,-0.33877,-1.35610,-0.33470,-1.36019,1.40077,-1.35610,0.33877,1.01359,-0.91953,-0.42275,0.23568,,0.90476,1.00000,true,,-0.14266,-1.32117,-0.13416,-1.31768,1.32449,0.14266,1.32117,0.32952,0.32658,-0.03864,0.15014,,1.00000,1.00000,true,,1.05970,-0.09481,1.05733,-0.08718,1.06092,0.61196,0.87032,0.18040,0.16899,-0.06802,,0.03811,0.94444,1.00000,false,hand/occluder crosses outline (clean 0.60),,,,,,,,,,,,,0.65278,0.60000,true,,-0.11432,0.72892,-0.11539,0.72726,0.73636,0.26545,0.68842,0.36940,0.34044,0.14188,,-0.01870,1.00000,1.00000,true,,-0.84102,-0.16083,-0.84292,-0.16544,0.85900,-0.55979,0.64793,0.26672,-0.26583,0.00891,,-0.15169,0.88889,1.00000,true,,-0.65963,-0.99570,-0.65691,-1.00081,1.19714,-0.53248,1.06911,0.06601,-0.06571,0.00461,,0.05879,0.93056,1.00000,true,,-0.68482,-0.76367,-0.68219,-0.76722,1.02665,0.21123,1.00377,0.64976,0.58552,-0.27971,,-0.03772,0.97222,1.00000,true,,0.53239,-1.27230,0.54077,-1.26104,1.37210,0.17509,1.36804,0.15218,0.12391,-0.08825,,0.12895,0.98611,1.00000,true,,1.42707,-0.85385,1.42995,-0.83734,1.65707,0.02592,1.66280,0.38562,-0.24425,0.29900,,0.05223,0.87500,1.00000,1641,genuine_population,gen,auto_bobs_124060_0831b5e1a2b9,124060,Bob's Watches,https://www.bobswatches.com/images/Used-Rolex-Submariner-124060-SKU193191.jpg
afd1c29ada4942d5,images/af/afd1c29ada4942d588e3f598cb09c26db716035ab946d6af5608ebf2e5ee72d1.jpg,pose_rejected,2160,2160,overlay unavailable: inner-end lattice evidence insufficient,false,,,,0,0,,,,,,,,,,,,,,,,,,,,,,,,,,,,,,,,,,,,,,,,,,,,,,,,,,,,,,,,,,,,,,,,,,,,,,,,,,,,,,,,,,,,,,,,,,,,,,,,,,,,,,,,,,,,,,,,,,,,,,,,,,,,,,,,,,,,,,,,,,,,,,,,,,,,,,,,,,,,,,,,,,,,,,,,,,,,,,,,,,,,,,,,,,,,,,,,,,,,,,,,,,,,,genuine_population,gen,auto_bobs_124060_0831b5e1a2b9,124060,Bob's Watches,https://www.bobswatches.com/images/zUsed-Rolex-Submariner-124060-Black-Dial-SKU193191.jpg
75d2f6b7bd5e2b02,images/75/75d2f6b7bd5e2b0262f1be70261d03ff817bf59bde6369a8c6cfe294ce9ad015.jpg,pose_rejected,2160,2160,physical black-dial boundary could not be fitted,false,,,,0,0,,,,,,,,,,,,,,,,,,,,,,,,,,,,,,,,,,,,,,,,,,,,,,,,,,,,,,,,,,,,,,,,,,,,,,,,,,,,,,,,,,,,,,,,,,,,,,,,,,,,,,,,,,,,,,,,,,,,,,,,,,,,,,,,,,,,,,,,,,,,,,,,,,,,,,,,,,,,,,,,,,,,,,,,,,,,,,,,,,,,,,,,,,,,,,,,,,,,,,,,,,,,,genuine_population,gen,auto_bobs_124060_0831b5e1a2b9,124060,Bob's Watches,https://www.bobswatches.com/images/zUsed-Steel-Rolex-Submariner-124060-Black-Dial-SKU193191.jpg
0f7eaf7c5e6cf012,images/0f/0f7eaf7c5e6cf0120e4adadc6ad21d6ea0005de8e5b3d8b24b4c7f8d36779a93.jpg,pose_rejected,2160,2160,physical black-dial boundary not found,false,,,,0,0,,,,,,,,,,,,,,,,,,,,,,,,,,,,,,,,,,,,,,,,,,,,,,,,,,,,,,,,,,,,,,,,,,,,,,,,,,,,,,,,,,,,,,,,,,,,,,,,,,,,,,,,,,,,,,,,,,,,,,,,,,,,,,,,,,,,,,,,,,,,,,,,,,,,,,,,,,,,,,,,,,,,,,,,,,,,,,,,,,,,,,,,,,,,,,,,,,,,,,,,,,,,,genuine_population,gen,auto_bobs_124060_0831b5e1a2b9,124060,Bob's Watches,https://www.bobswatches.com/images/zy-193191-12-12-2024.jpg
ab95d0c9ede48bd5,images/ab/ab95d0c9ede48bd573a95d2000df8aacb8b96918eec2ac2e3c8901b08b5f0f68.jpg,missing,,,,,,,,,,,,,,,,,,,,,,,,,,,,,,,,,,,,,,,,,,,,,,,,,,,,,,,,,,,,,,,,,,,,,,,,,,,,,,,,,,,,,,,,,,,,,,,,,,,,,,,,,,,,,,,,,,,,,,,,,,,,,,,,,,,,,,,,,,,,,,,,,,,,,,,,,,,,,,,,,,,,,,,,,,,,,,,,,,,,,,,,,,,,,,,,,,,,,,,,,,,,,,,,,,,,,,genuine_population,gen,auto_bobs_124060_0831b5e1a2b9,124060,Bob's Watches,"https://www.bobswatches.com/cdn-cgi/image/width=768,quality=85,sharpen=0.5/images/zUsed-Rolex-Submariner-124060-Black-Dial-SKU193191.jpg"
1f373a521c3ea388,images/1f/1f373a521c3ea3883066986eb8cc60e2366599406512f4ff7fad1cfd648bd6a6.jpg,missing,,,,,,,,,,,,,,,,,,,,,,,,,,,,,,,,,,,,,,,,,,,,,,,,,,,,,,,,,,,,,,,,,,,,,,,,,,,,,,,,,,,,,,,,,,,,,,,,,,,,,,,,,,,,,,,,,,,,,,,,,,,,,,,,,,,,,,,,,,,,,,,,,,,,,,,,,,,,,,,,,,,,,,,,,,,,,,,,,,,,,,,,,,,,,,,,,,,,,,,,,,,,,,,,,,,,,,genuine_population,gen,auto_bobs_124060_0831b5e1a2b9,124060,Bob's Watches,"https://www.bobswatches.com/cdn-cgi/image/width=768,quality=85,sharpen=0.5/images/zUsed-Steel-Rolex-Submariner-124060-Black-Dial-SKU193191.jpg"
c2c6f5cc69fa1c6c,images/c2/c2c6f5cc69fa1c6c320a52df76baf149bf558505ec35a0d443418cd20f5f85fd.jpg,accepted,1412,2160,,true,433.99741,0.99721,0.14206,54,12,438.02949,true,10,-0.13217,-0.29181,0.32034,-0.04511,-0.06485,true,,-0.62588,0.56734,-0.62771,0.55461,0.83763,-0.56734,-0.62588,0.69864,-0.70154,-0.09526,0.16614,,1.00000,0.96667,-0.07500,0.39982,0.13955,true,,0.59900,-1.24636,0.60341,-1.23533,1.37483,0.59900,-1.24636,1.05182,0.88341,-0.57789,0.00350,,0.85714,0.83333,true,,-0.33588,-1.01786,-0.32940,-1.02402,1.07569,-1.01786,0.33588,0.81894,-0.57574,0.57783,0.13895,,0.52381,1.00000,true,,0.18191,-0.00329,0.18208,-0.00181,0.18209,-0.18191,0.00329,0.18816,-0.16631,0.08752,0.05235,,1.00000,1.00000,true,,-0.52784,-0.10790,-0.52525,-0.11090,0.53683,-0.17048,-0.51107,0.24638,-0.19549,0.15476,,-0.31217,0.88889,1.00000,false,outline coverage 0.69; 6/8 octants,,,,,,,,,,,,,0.69444,0.98333,true,,-0.45586,-0.18659,-0.45606,-0.19011,0.49410,-0.48808,0.06634,0.65769,-0.06486,0.65550,,-0.41588,0.93056,1.00000,true,,0.27524,-0.54540,0.27935,-0.54474,0.61219,-0.33471,-0.51106,0.16652,0.14624,-0.07802,,-0.55853,0.91667,1.00000,true,,-0.02037,-0.39791,-0.01646,-0.39926,0.39960,-0.33441,0.21660,0.35886,0.01214,0.35752,,-0.41562,0.98611,1.00000,true,,0.83073,0.01908,0.83294,0.02568,0.83333,-0.70990,-0.43189,0.62732,-0.51946,-0.34870,,-0.40294,1.00000,1.00000,true,,-0.95704,1.10879,-0.96840,1.09106,1.45884,0.27442,-1.43876,1.22792,0.17274,-1.22117,,-0.33958,1.00000,1.00000,true,,-0.21662,-0.42481,-0.21171,-0.42140,0.47159,0.47621,0.02480,0.50380,0.31680,0.39851,,-0.38925,0.86111,1.00000,1711,genuine_population,gen,auto_bobs_124060_53360dc3b324,124060,Bob's Watches,https://www.bobswatches.com/images/zUsed-Rolex-Submariner-124060-SKU192468.jpg
aeba8809053dac13,images/ae/aeba8809053dac136c31ffe3b04474994aa64ab342655e5444a9beb861c948ab.jpg,accepted,1307,2000,,true,401.84098,0.99790,0.14232,54,12,405.39609,true,10,-0.09800,-0.28533,0.30169,-0.03607,-0.06713,true,,-0.49646,0.37182,-0.49728,0.36285,0.61559,-0.37182,-0.49646,0.53394,-0.54071,-0.01670,0.26375,,1.00000,0.96667,-0.09168,0.51751,-0.09646,true,,0.74550,-1.17585,0.74949,-1.16447,1.38482,0.74550,-1.17585,1.09005,0.95668,-0.52954,0.09306,,0.80952,0.83333,true,,-0.32070,-0.99226,-0.31442,-0.99880,1.04712,-0.99226,0.32070,0.83564,-0.59550,0.58108,0.12007,,0.66667,1.00000,true,,0.27217,0.06079,0.27167,0.06275,0.27882,-0.27217,-0.06079,0.26199,-0.26134,0.01401,-0.09996,,1.00000,1.00000,true,,-0.43025,-0.16815,-0.42769,-0.16968,0.46012,-0.06950,-0.45669,0.21514,-0.14791,0.15939,,-0.24682,0.93056,1.00000,false,outline coverage 0.69; 6/8 octants,,,,,,,,,,,,,0.69444,0.98333,true,,-0.39620,-0.17927,-0.39633,-0.18242,0.43630,-0.43275,0.04285,0.63153,-0.08415,0.62668,,-0.37504,0.91667,1.00000,true,,0.31258,-0.52597,0.31670,-0.52526,0.61335,-0.29922,-0.53369,0.14924,0.11732,-0.09112,,-0.49349,0.97222,1.00000,true,,-0.03251,-0.39322,-0.02871,-0.39488,0.39592,-0.32428,0.22476,0.38293,-0.00793,0.38158,,-0.36203,0.97222,1.00000,true,,0.69086,0.00828,0.69285,0.01379,0.69299,-0.59416,-0.35260,0.49657,-0.41906,-0.26371,,-0.36562,1.00000,1.00000,true,,-0.95221,1.03357,-0.96276,1.01692,1.40037,0.30785,-1.37120,1.19374,0.19720,-1.18214,,-0.29205,0.98611,1.00000,true,,-0.23418,-0.36127,-0.22983,-0.35892,0.42620,0.42996,-0.02217,0.39362,0.25138,0.30816,,-0.33371,0.90278,1.00000,1608,genuine_population,gen,auto_bobs_124060_53360dc3b324,124060,Bob's Watches,https://www.bobswatches.com/images/Used-Rolex-Submariner-124060-SKU192468.jpg
14d6fc13f4d6e292,images/14/14d6fc13f4d6e2922969a84348cb07e4f988b55ac7dd159a3d4c24155b208562.jpg,pose_rejected,2160,2160,overlay unavailable: inner-end lattice evidence insufficient,false,,,,0,0,,,,,,,,,,,,,,,,,,,,,,,,,,,,,,,,,,,,,,,,,,,,,,,,,,,,,,,,,,,,,,,,,,,,,,,,,,,,,,,,,,,,,,,,,,,,,,,,,,,,,,,,,,,,,,,,,,,,,,,,,,,,,,,,,,,,,,,,,,,,,,,,,,,,,,,,,,,,,,,,,,,,,,,,,,,,,,,,,,,,,,,,,,,,,,,,,,,,,,,,,,,,,genuine_population,gen,auto_bobs_124060_53360dc3b324,124060,Bob's Watches,https://www.bobswatches.com/images/zUsed-Black-DIal-Rolex-Submariner-124060-SKU192468.jpg
c53fc1764226d8bb,images/c5/c53fc1764226d8bb9ac376fe2d534257f4bdd27c5698a66726f8c4910980842f.jpg,pose_rejected,2160,2160,physical black-dial boundary not found,false,,,,0,0,,,,,,,,,,,,,,,,,,,,,,,,,,,,,,,,,,,,,,,,,,,,,,,,,,,,,,,,,,,,,,,,,,,,,,,,,,,,,,,,,,,,,,,,,,,,,,,,,,,,,,,,,,,,,,,,,,,,,,,,,,,,,,,,,,,,,,,,,,,,,,,,,,,,,,,,,,,,,,,,,,,,,,,,,,,,,,,,,,,,,,,,,,,,,,,,,,,,,,,,,,,,,genuine_population,gen,auto_bobs_124060_53360dc3b324,124060,Bob's Watches,https://www.bobswatches.com/images/zUsed-Oyster-Black-DIal-Rolex-Submariner-124060-SKU192468.jpg
c9080afffd28f2c5,images/c9/c9080afffd28f2c5d0195a22601eb577798c4b911d4b78260c8494b6108c4a42.jpg,pose_rejected,2160,2160,physical black-dial boundary not found,false,,,,0,0,,,,,,,,,,,,,,,,,,,,,,,,,,,,,,,,,,,,,,,,,,,,,,,,,,,,,,,,,,,,,,,,,,,,,,,,,,,,,,,,,,,,,,,,,,,,,,,,,,,,,,,,,,,,,,,,,,,,,,,,,,,,,,,,,,,,,,,,,,,,,,,,,,,,,,,,,,,,,,,,,,,,,,,,,,,,,,,,,,,,,,,,,,,,,,,,,,,,,,,,,,,,,genuine_population,gen,auto_bobs_124060_53360dc3b324,124060,Bob's Watches,https://www.bobswatches.com/images/zy-192468-9-16-21.jpg
df62d9a339c284a2,images/df/df62d9a339c284a2bb2924e4791f832972bdc2abcb3f0e7480c297fe90a972ed.jpg,pose_rejected,2160,2160,overlay unavailable: 12 direction could not be established (minute-lattice branch unknown),false,,,,0,0,,,,,,,,,,,,,,,,,,,,,,,,,,,,,,,,,,,,,,,,,,,,,,,,,,,,,,,,,,,,,,,,,,,,,,,,,,,,,,,,,,,,,,,,,,,,,,,,,,,,,,,,,,,,,,,,,,,,,,,,,,,,,,,,,,,,,,,,,,,,,,,,,,,,,,,,,,,,,,,,,,,,,,,,,,,,,,,,,,,,,,,,,,,,,,,,,,,,,,,,,,,,,genuine_population,gen,auto_bobs_124060_53360dc3b324,124060,Bob's Watches,https://www.bobswatches.com/images/zUsed-Rolex-Daytona-126515-SKU192468w.jpg
0cd5716970b500d5,images/0c/0cd5716970b500d5177539f662c1e4ec42c5a62ff793a32f20a3bbfa3334f6e1.jpg,missing,,,,,,,,,,,,,,,,,,,,,,,,,,,,,,,,,,,,,,,,,,,,,,,,,,,,,,,,,,,,,,,,,,,,,,,,,,,,,,,,,,,,,,,,,,,,,,,,,,,,,,,,,,,,,,,,,,,,,,,,,,,,,,,,,,,,,,,,,,,,,,,,,,,,,,,,,,,,,,,,,,,,,,,,,,,,,,,,,,,,,,,,,,,,,,,,,,,,,,,,,,,,,,,,,,,,,,genuine_population,gen,auto_bobs_124060_53360dc3b324,124060,Bob's Watches,"https://www.bobswatches.com/cdn-cgi/image/width=768,quality=85,sharpen=0.5/images/zUsed-Rolex-Submariner-124060-SKU192468.jpg"
28112018638d47a3,images/28/28112018638d47a328c31785126e0db59023196f306908f2ae1f7bd9c984eae4.jpg,missing,,,,,,,,,,,,,,,,,,,,,,,,,,,,,,,,,,,,,,,,,,,,,,,,,,,,,,,,,,,,,,,,,,,,,,,,,,,,,,,,,,,,,,,,,,,,,,,,,,,,,,,,,,,,,,,,,,,,,,,,,,,,,,,,,,,,,,,,,,,,,,,,,,,,,,,,,,,,,,,,,,,,,,,,,,,,,,,,,,,,,,,,,,,,,,,,,,,,,,,,,,,,,,,,,,,,,,genuine_population,gen,auto_bobs_124060_53360dc3b324,124060,Bob's Watches,"https://www.bobswatches.com/cdn-cgi/image/width=768,quality=85,sharpen=0.5/images/zUsed-Black-DIal-Rolex-Submariner-124060-SKU192468.jpg"
a873cd649dee3d36,images/a8/a873cd649dee3d36fa17c7f32adc30a304243f66e593bf061d915fabd5674e11.jpg,accepted,1307,2000,,true,401.78581,0.99766,0.11934,52,12,405.48537,true,11,0.01991,-1.12944,1.12962,-0.00036,-0.07695,true,,-1.02265,0.37969,-1.02220,0.36967,1.08699,-0.37969,-1.02265,1.61309,-1.51175,-0.60233,0.04161,,1.00000,1.00000,0.01145,0.21232,0.54838,true,,-0.47849,-1.63037,-0.47559,-1.62677,1.69487,-0.47849,-1.63037,0.49943,-0.49229,-0.08372,-0.84603,,1.00000,0.96667,true,,0.10332,-1.14466,0.10876,-1.14670,1.15185,-1.14466,-0.10332,0.32635,-0.01031,0.32500,-0.08317,,0.80952,1.00000,true,,0.44912,-0.79201,0.45575,-0.78731,0.90971,-0.44912,0.79201,0.44004,-0.43309,0.07218,-0.13813,,1.00000,1.00000,true,,-0.65482,-1.56145,-0.64870,-1.55205,1.68216,1.02485,-1.34782,0.35195,0.03717,-0.35103,,-0.00819,0.90278,0.99444,true,,-0.07596,-1.62102,-0.07285,-1.61047,1.61212,0.74473,-1.44183,0.16725,0.16639,-0.02478,,0.06140,0.69444,0.97778,true,,0.26612,-1.25084,0.26872,-1.24826,1.27685,-0.39495,-1.21632,0.26836,0.15995,0.21564,,0.00346,0.91667,1.00000,true,,0.44578,-1.16117,0.45039,-1.16060,1.24493,-0.78271,-0.96664,0.20085,0.19244,0.05598,,-0.00658,0.90278,1.00000,true,,0.65294,-0.79479,0.66030,-0.79313,1.03202,-1.01478,-0.16806,0.28075,-0.02471,-0.27867,,-0.13746,0.90278,1.00000,true,,0.23655,-0.43388,0.24042,-0.43270,0.49501,-0.42180,0.25747,0.31633,0.15894,-0.27339,,-0.15480,0.86111,0.95000,true,,-0.07082,-0.81885,-0.06517,-0.81468,0.81728,0.47076,0.67374,0.15178,-0.08174,0.12796,,0.00784,0.86111,1.00000,true,,-0.29626,-1.25769,-0.28859,-1.24949,1.28238,1.23732,0.37228,0.35165,0.26457,0.23583,,-0.10800,0.86111,1.00000,1649,genuine_population,gen,auto_bobs_124060_03e9c7f833e7,124060,Bob's Watches,https://www.bobswatches.com/images/Used-Rolex-Submariner-124060-SKU193105.jpg
556d9b35f5f20782,images/55/556d9b35f5f207824d7c03b071cad78951a9b1a3544b1e7ba7604cd35e205d44.jpg,pose_rejected,2160,2160,overlay unavailable: inner-end lattice evidence insufficient,false,,,,0,0,,,,,,,,,,,,,,,,,,,,,,,,,,,,,,,,,,,,,,,,,,,,,,,,,,,,,,,,,,,,,,,,,,,,,,,,,,,,,,,,,,,,,,,,,,,,,,,,,,,,,,,,,,,,,,,,,,,,,,,,,,,,,,,,,,,,,,,,,,,,,,,,,,,,,,,,,,,,,,,,,,,,,,,,,,,,,,,,,,,,,,,,,,,,,,,,,,,,,,,,,,,,,genuine_population,gen,auto_bobs_124060_03e9c7f833e7,124060,Bob's Watches,https://www.bobswatches.com/images/zUsed-Rolex-Submariner-124060-Black-Dial-SKU193105.jpg
568cbd27e40aab37,images/56/568cbd27e40aab37a82f932de80d10ccf0f78049d5b62a696ddd90599c1d42a5.jpg,pose_rejected,2160,2160,physical black-dial boundary not found,false,,,,0,0,,,,,,,,,,,,,,,,,,,,,,,,,,,,,,,,,,,,,,,,,,,,,,,,,,,,,,,,,,,,,,,,,,,,,,,,,,,,,,,,,,,,,,,,,,,,,,,,,,,,,,,,,,,,,,,,,,,,,,,,,,,,,,,,,,,,,,,,,,,,,,,,,,,,,,,,,,,,,,,,,,,,,,,,,,,,,,,,,,,,,,,,,,,,,,,,,,,,,,,,,,,,,genuine_population,gen,auto_bobs_124060_03e9c7f833e7,124060,Bob's Watches,https://www.bobswatches.com/images/zUsed-Rolex-Submariner-124060-Stainless-Steel-SKU193105.jpg
c6f4d9e620bb82f5,images/c6/c6f4d9e620bb82f5be58485eab75cceb8c672dbc4011ca197b13e4a4b10ca514.jpg,pose_rejected,2160,2160,physical black-dial boundary not found,false,,,,0,0,,,,,,,,,,,,,,,,,,,,,,,,,,,,,,,,,,,,,,,,,,,,,,,,,,,,,,,,,,,,,,,,,,,,,,,,,,,,,,,,,,,,,,,,,,,,,,,,,,,,,,,,,,,,,,,,,,,,,,,,,,,,,,,,,,,,,,,,,,,,,,,,,,,,,,,,,,,,,,,,,,,,,,,,,,,,,,,,,,,,,,,,,,,,,,,,,,,,,,,,,,,,,genuine_population,gen,auto_bobs_124060_03e9c7f833e7,124060,Bob's Watches,https://www.bobswatches.com/images/zy-193105-4-3-2024.jpg
7a8b0fa6131024c9,images/7a/7a8b0fa6131024c96ce6a2083ecbc86bb00406564866cc8c7d44540a7fa77437.jpg,missing,,,,,,,,,,,,,,,,,,,,,,,,,,,,,,,,,,,,,,,,,,,,,,,,,,,,,,,,,,,,,,,,,,,,,,,,,,,,,,,,,,,,,,,,,,,,,,,,,,,,,,,,,,,,,,,,,,,,,,,,,,,,,,,,,,,,,,,,,,,,,,,,,,,,,,,,,,,,,,,,,,,,,,,,,,,,,,,,,,,,,,,,,,,,,,,,,,,,,,,,,,,,,,,,,,,,,,genuine_population,gen,auto_bobs_124060_03e9c7f833e7,124060,Bob's Watches,"https://www.bobswatches.com/cdn-cgi/image/width=768,quality=85,sharpen=0.5/images/zUsed-Rolex-Submariner-124060-Black-Dial-SKU193105.jpg"
04d96a8b7352327b,images/04/04d96a8b7352327b12a2a87b4a3b487b18b6bcf93ec7e650a80c18e87f83628d.jpg,missing,,,,,,,,,,,,,,,,,,,,,,,,,,,,,,,,,,,,,,,,,,,,,,,,,,,,,,,,,,,,,,,,,,,,,,,,,,,,,,,,,,,,,,,,,,,,,,,,,,,,,,,,,,,,,,,,,,,,,,,,,,,,,,,,,,,,,,,,,,,,,,,,,,,,,,,,,,,,,,,,,,,,,,,,,,,,,,,,,,,,,,,,,,,,,,,,,,,,,,,,,,,,,,,,,,,,,,genuine_population,gen,auto_bobs_124060_03e9c7f833e7,124060,Bob's Watches,"https://www.bobswatches.com/cdn-cgi/image/width=768,quality=85,sharpen=0.5/images/zUsed-Rolex-Submariner-124060-Stainless-Steel-SKU193105.jpg"
937808e420a1e00b,images/93/937808e420a1e00b465e1c5319bb6512de38fdade5eb662faef40bb8415d1616.jpg,accepted,1412,2160,,true,436.23848,0.99332,0.13576,53,12,438.60433,true,10,0.61175,-0.01341,0.61189,0.09055,0.01697,true,,0.50088,-0.07308,0.50019,-0.06680,0.50464,0.07308,0.50088,0.33742,-0.26422,-0.21402,0.30611,,1.00000,1.00000,0.04307,0.50707,0.08483,true,,1.16231,-0.02286,1.16186,-0.01053,1.16190,1.16231,-0.02286,0.26894,0.24975,-0.10157,-0.38649,,1.00000,1.00000,true,,0.73928,0.32614,0.73939,0.33489,0.81169,0.32614,-0.73928,0.23217,0.04456,-0.22683,-0.25184,,0.76190,1.00000,true,,0.41545,-0.52054,0.42271,-0.51525,0.66646,-0.41545,0.52054,0.41531,-0.10585,0.40200,-0.20000,,1.00000,1.00000,true,,0.88581,-0.02390,0.88336,-0.01384,0.88347,0.46360,0.75519,0.22219,-0.18231,0.13023,,-0.15159,0.87500,1.00000,false,outline coverage 0.64; 6/8 octants,,,,,,,,,,,,,0.63889,0.96667,true,,0.88102,0.30124,0.88044,0.31044,0.93357,0.91361,-0.17962,0.08070,0.07122,0.03745,,-0.20063,0.87500,1.00000,true,,0.51654,0.18186,0.51687,0.18765,0.54988,0.41577,-0.35641,0.21127,-0.19566,0.07705,,-0.19414,0.90278,1.00000,true,,0.35966,0.18292,0.35933,0.18728,0.40520,-0.02142,-0.40293,0.02432,-0.02176,0.01062,,-0.21803,0.95833,1.00000,true,,0.08796,0.05497,0.08763,0.05597,0.10397,-0.04869,-0.09158,0.19123,0.16735,0.09101,,-0.19385,0.91667,1.00000,true,,0.23048,-0.11508,0.23191,-0.11196,0.25752,-0.14206,0.21490,0.21989,0.05407,-0.21359,,-0.19177,0.81944,1.00000,true,,0.40097,-0.19235,0.40239,-0.18633,0.44344,-0.03390,0.44343,0.21170,-0.06874,-0.20144,,-0.20825,0.76389,1.00000,1664,genuine_population,gen,auto_bobs_124060_bad22cadcb43,124060,Bob's Watches,https://www.bobswatches.com/images/zUsed-Rolex-Submariner-124060-SKU190826.jpg
122812e316bca62d,images/12/122812e316bca62d91b12fe213fb306e67f96d398f9c614b3eb6bf9600a42b4c.jpg,accepted,1307,2000,,true,404.04261,0.99145,0.10248,54,12,406.01377,true,10,0.55958,-0.00287,0.55959,0.08180,0.01682,true,,0.57770,0.04675,0.57579,0.05285,0.57821,-0.04675,0.57770,0.32701,-0.32098,-0.07656,0.33379,,1.00000,0.96667,0.08354,0.45094,-0.14271,true,,0.96960,-0.07699,0.96953,-0.06654,0.97181,0.96960,-0.07699,0.22333,0.15846,-0.15865,-0.36185,,1.00000,1.00000,true,,0.65873,0.40963,0.65777,0.41802,0.77936,0.40963,-0.65873,0.25385,0.16631,-0.19016,-0.25325,,0.66667,1.00000,true,,0.45698,-0.50260,0.46414,-0.49707,0.68008,-0.45698,0.50260,0.43021,-0.15007,0.40334,-0.10705,,1.00000,1.00000,true,,0.75780,-0.01024,0.75566,-0.00169,0.75566,0.38777,0.65115,0.18359,-0.16958,0.07447,,-0.15217,0.91667,1.00000,false,outline coverage 0.64; 6/8 octants,,,,,,,,,,,,,0.63889,0.96667,true,,0.78705,0.26417,0.78653,0.27244,0.83238,0.81369,-0.16475,0.06885,0.06374,0.02543,,-0.16754,0.84722,1.00000,true,,0.44811,0.16226,0.44836,0.16732,0.47856,0.36457,-0.30695,0.19759,-0.17753,0.08463,,-0.17932,0.93056,1.00000,true,,0.33885,0.15591,0.33875,0.15998,0.37463,-0.03441,-0.37141,0.02095,-0.01749,0.01136,,-0.22727,1.00000,1.00000,true,,0.11604,0.09570,0.11534,0.09709,0.15076,-0.05264,-0.14089,0.16986,0.16567,0.03404,,-0.17069,0.93056,1.00000,true,,0.25502,-0.13204,0.25669,-0.12860,0.28711,-0.15483,0.24186,0.15221,0.05468,-0.14223,,-0.20665,0.87500,1.00000,true,,0.42912,-0.15056,0.43010,-0.14460,0.45376,-0.08417,0.44691,0.16025,-0.08250,-0.13858,,-0.22894,0.70833,1.00000,1687,genuine_population,gen,auto_bobs_124060_bad22cadcb43,124060,Bob's Watches,https://www.bobswatches.com/images/Used-Rolex-Submariner-124060-SKU190826.jpg
24b1d31d9dca47c4,images/24/24b1d31d9dca47c482751e1bfa8157e85aea5f0630e45b30d09bb442cb045e65.jpg,missing,,,,,,,,,,,,,,,,,,,,,,,,,,,,,,,,,,,,,,,,,,,,,,,,,,,,,,,,,,,,,,,,,,,,,,,,,,,,,,,,,,,,,,,,,,,,,,,,,,,,,,,,,,,,,,,,,,,,,,,,,,,,,,,,,,,,,,,,,,,,,,,,,,,,,,,,,,,,,,,,,,,,,,,,,,,,,,,,,,,,,,,,,,,,,,,,,,,,,,,,,,,,,,,,,,,,,,genuine_population,gen,auto_bobs_124060_bad22cadcb43,124060,Bob's Watches,https://www.bobswatches.com/images/zUsed-Rolex-Submariner-124060-SKU190826-Black-Dial.jpg
3936ce4e294ee288,images/39/3936ce4e294ee2884031a14bc0bf5cd333ad1def18f2968fd2961b08db7ab4bc.jpg,pose_rejected,2160,2160,physical black-dial boundary not found,false,,,,0,0,,,,,,,,,,,,,,,,,,,,,,,,,,,,,,,,,,,,,,,,,,,,,,,,,,,,,,,,,,,,,,,,,,,,,,,,,,,,,,,,,,,,,,,,,,,,,,,,,,,,,,,,,,,,,,,,,,,,,,,,,,,,,,,,,,,,,,,,,,,,,,,,,,,,,,,,,,,,,,,,,,,,,,,,,,,,,,,,,,,,,,,,,,,,,,,,,,,,,,,,,,,,,genuine_population,gen,auto_bobs_124060_bad22cadcb43,124060,Bob's Watches,https://www.bobswatches.com/images/zUsed-Rolex-Submariner-124060-SKU190826-Steel.jpg
91797b97a7b652fa,images/91/91797b97a7b652fad8c5dff16fb9bcb90d0d91960573575503ed25680145d0e2.jpg,pose_rejected,2160,2160,physical black-dial boundary could not be fitted,false,,,,0,0,,,,,,,,,,,,,,,,,,,,,,,,,,,,,,,,,,,,,,,,,,,,,,,,,,,,,,,,,,,,,,,,,,,,,,,,,,,,,,,,,,,,,,,,,,,,,,,,,,,,,,,,,,,,,,,,,,,,,,,,,,,,,,,,,,,,,,,,,,,,,,,,,,,,,,,,,,,,,,,,,,,,,,,,,,,,,,,,,,,,,,,,,,,,,,,,,,,,,,,,,,,,,genuine_population,gen,auto_bobs_124060_bad22cadcb43,124060,Bob's Watches,https://www.bobswatches.com/images/zy-190826-02-05-2022.jpg
d12dd0a74835a475,images/d1/d12dd0a74835a4759af9e42bbbe40cb87270f9af7564c09a6fe1a7de18ae6159.jpg,accepted,768,1174,,true,237.14458,0.99512,0.12611,53,12,238.51005,true,10,0.37364,-0.10696,0.38865,0.09983,0.01202,true,,0.35681,-0.08696,0.35662,-0.08207,0.36594,0.08696,0.35681,0.21942,-0.21457,-0.05553,0.44107,,1.00000,0.96667,0.11320,0.55663,-0.31647,true,,0.50017,-0.08244,0.50037,-0.07685,0.50624,0.50017,-0.08244,0.05373,-0.05293,-0.00919,-0.34723,,1.00000,0.96667,true,,0.32149,-0.13699,0.32407,-0.13429,0.35079,-0.13699,-0.32149,0.20769,-0.20650,0.01287,0.06796,,1.00000,1.00000,true,,0.27761,-0.35547,0.28257,-0.35168,0.45114,-0.27761,0.35547,0.22323,-0.08602,0.20625,-0.40309,,1.00000,1.00000,true,,0.46809,0.15896,0.46557,0.16268,0.49317,0.09638,0.48486,0.41510,-0.37985,0.17730,,0.16295,0.73611,1.00000,false,outline coverage 0.60; 7/8 octants,,,,,,,,,,,,,0.59722,0.96667,true,,0.83303,-0.37056,0.83632,-0.36201,0.91131,0.53614,-0.73742,0.50055,0.07558,-0.49563,,-0.40539,0.76389,1.00000,true,,0.23426,0.23718,0.23331,0.24020,0.33486,0.32254,-0.08428,0.25651,0.03897,0.25308,,0.08846,0.87500,1.00000,true,,0.21370,0.20544,0.21249,0.20830,0.29756,0.07106,-0.28779,0.17197,0.15984,-0.06166,,0.07833,0.91667,1.00000,true,,0.07919,0.18662,0.07724,0.18765,0.20293,0.02474,-0.20121,0.25916,0.20909,-0.15209,,0.10895,0.90278,1.00000,true,,0.14702,-0.07954,0.14802,-0.07745,0.16706,-0.08756,0.14240,0.18062,-0.01444,-0.18083,,0.02034,0.83333,1.00000,true,,0.42277,-0.63324,0.42885,-0.62291,0.75626,0.33702,0.68275,0.34929,0.23312,0.26396,,-0.29595,0.73611,1.00000,1311,genuine_population,gen,auto_bobs_124060_bad22cadcb43,124060,Bob's Watches,"https://www.bobswatches.com/cdn-cgi/image/width=768,quality=85,sharpen=0.5/images/zUsed-Rolex-Submariner-124060-SKU190826.jpg"
d9402e7f776b43b8,images/d9/d9402e7f776b43b86dc0d255898086836825d94c22ac8c9e5a869661b3c202f5.jpg,missing,,,,,,,,,,,,,,,,,,,,,,,,,,,,,,,,,,,,,,,,,,,,,,,,,,,,,,,,,,,,,,,,,,,,,,,,,,,,,,,,,,,,,,,,,,,,,,,,,,,,,,,,,,,,,,,,,,,,,,,,,,,,,,,,,,,,,,,,,,,,,,,,,,,,,,,,,,,,,,,,,,,,,,,,,,,,,,,,,,,,,,,,,,,,,,,,,,,,,,,,,,,,,,,,,,,,,,genuine_population,gen,auto_bobs_124060_bad22cadcb43,124060,Bob's Watches,"https://www.bobswatches.com/cdn-cgi/image/width=768,quality=85,sharpen=0.5/images/zUsed-Rolex-Submariner-124060-SKU190826-Black-Dial.jpg"
94581add784f156f,images/94/94581add784f156f7d8230ac0cb1118764c22e35c724516b31b3de26369bfd48.jpg,pose_rejected,768,768,physical black-dial boundary not found,false,,,,0,0,,,,,,,,,,,,,,,,,,,,,,,,,,,,,,,,,,,,,,,,,,,,,,,,,,,,,,,,,,,,,,,,,,,,,,,,,,,,,,,,,,,,,,,,,,,,,,,,,,,,,,,,,,,,,,,,,,,,,,,,,,,,,,,,,,,,,,,,,,,,,,,,,,,,,,,,,,,,,,,,,,,,,,,,,,,,,,,,,,,,,,,,,,,,,,,,,,,,,,,,,,,,,genuine_population,gen,auto_bobs_124060_bad22cadcb43,124060,Bob's Watches,"https://www.bobswatches.com/cdn-cgi/image/width=768,quality=85,sharpen=0.5/images/zUsed-Rolex-Submariner-124060-SKU190826-Steel.jpg"
cb9df048dfd43767,images/cb/cb9df048dfd43767d9951b25574dbcf8520dca5efd2e46f43ed469304809b9bf.jpg,accepted,1412,2160,,true,435.21634,0.99584,0.12927,52,12,438.39021,true,10,0.03503,-1.35759,1.35804,-0.03631,-0.03102,true,,-0.36256,-0.35332,-0.35477,-0.35705,0.50333,0.35332,-0.36256,0.89180,-0.88230,-0.18235,-0.00435,,0.95238,0.96667,-0.12410,0.02040,-0.34775,true,,0.13884,-1.35087,0.15985,-1.34290,1.35238,0.13884,-1.35087,0.31573,0.25021,0.19216,0.37300,,0.95238,1.00000,true,,0.35183,-1.37603,0.37891,-1.37254,1.42389,-1.37603,-0.35183,0.19540,0.10767,-0.16218,-0.17769,,0.57143,1.00000,true,,-0.08780,-1.25317,-0.06036,-1.25040,1.25186,0.08780,1.25317,0.22914,0.21812,0.07049,0.86984,,1.00000,0.96667,true,,-0.13192,-1.19932,-0.11117,-1.19049,1.19567,0.97269,-0.71390,0.17238,-0.08279,0.15242,,0.01402,0.98611,1.00000,false,hand/occluder crosses outline (clean 0.74),,,,,,,,,,,,,0.65278,0.74444,true,,-0.47947,-1.96246,-0.44900,-1.97129,2.02177,-1.39646,-1.45981,0.60109,-0.59372,-0.08170,,-0.02989,0.97222,1.00000,true,,0.08988,-1.80005,0.12101,-1.80202,1.80608,-1.51395,-0.97786,0.23012,-0.20890,-0.09513,,-0.04628,0.95833,0.99444,true,,0.22267,-1.13388,0.24669,-1.13191,1.15848,-1.09331,0.37410,0.24591,0.22121,-0.10601,,-0.16513,0.87500,1.00000,true,,0.38135,-1.08445,0.40571,-1.07649,1.15041,-0.87248,0.74849,0.23998,-0.05333,-0.23393,,-0.15616,1.00000,1.00000,true,,-0.18120,-1.23185,-0.15431,-1.22690,1.23657,0.77285,0.97622,0.22904,0.22915,-0.01568,,-0.05694,1.00000,1.00000,true,,0.17945,-1.25480,0.20446,-1.23923,1.25599,0.99696,0.78281,0.28949,-0.04904,0.28628,,-0.13900,0.84722,0.93889,1727,genuine_population,gen,auto_bobs_124060_3d1f0a3378e2,124060,Bob's Watches,https://www.bobswatches.com/images/zUsed-Rolex-Submariner-124060-SKU192314.jpg
8518cd227de55495,images/85/8518cd227de554951867272b02876bfcaa5b3a8c80017a9629d19c0254251ee9.jpg,accepted,1307,2000,,true,402.92152,0.99543,0.12289,53,12,405.76036,true,10,0.02859,-1.33304,1.33334,-0.05712,-0.02955,true,,-0.26760,-0.48419,-0.25768,-0.48468,0.54892,0.48419,-0.26760,0.66936,-0.66820,-0.10388,0.04611,,1.00000,0.96667,-0.17142,0.09769,-0.55047,true,,0.15031,-1.20104,0.16879,-1.19377,1.20565,0.15031,-1.20104,0.43785,0.32272,0.29543,0.41312,,0.95238,1.00000,true,,0.34468,-2.00189,0.38361,-2.00147,2.03790,-2.00189,-0.34468,0.52285,-0.48834,-0.18230,-0.19015,,0.66667,1.00000,true,,-0.00422,-1.18745,0.02196,-1.18372,1.18392,0.00422,1.18745,0.18400,0.18368,0.00870,0.81656,,1.00000,0.96667,true,,-0.08845,-1.15463,-0.06869,-1.14543,1.14749,0.95572,-0.65391,0.18215,-0.01588,0.18210,,0.04884,0.97222,1.00000,false,hand/occluder crosses outline (clean 0.76),,,,,,,,,,,,,0.65278,0.75556,true,,-0.47674,-1.80777,-0.44900,-1.81742,1.87206,-1.31675,-1.32721,0.46391,-0.46243,0.00322,,-0.03278,0.97222,1.00000,true,,0.01499,-1.70245,0.04409,-1.70673,1.70730,-1.46687,-0.86421,0.12413,-0.12166,-0.02209,,-0.00869,0.97222,0.99444,true,,0.18280,-1.10254,0.20617,-1.10202,1.12114,-1.04622,0.39296,0.32044,0.30251,-0.10253,,-0.10252,0.91667,1.00000,true,,0.35859,-1.00599,0.38142,-0.99909,1.06942,-0.81355,0.69192,0.29824,0.04688,-0.29447,,-0.11388,0.97222,1.00000,true,,-0.15734,-1.14909,-0.13216,-1.14453,1.15214,0.71080,0.91647,0.24449,0.23362,-0.07344,,-0.02511,1.00000,1.00000,true,,0.11792,-1.18604,0.14177,-1.17252,1.18106,0.96818,0.69514,0.19274,0.00011,0.19354,,-0.07848,0.84722,0.89444,1648,genuine_population,gen,auto_bobs_124060_3d1f0a3378e2,124060,Bob's Watches,https://www.bobswatches.com/images/Used-Rolex-Submariner-124060-SKU192314.jpg
f8a5a7025ff88d53,images/f8/f8a5a7025ff88d536ff99d02b2e272134b0fbb2bb0bb5fc876a4aa74929d04a7.jpg,pose_rejected,2160,2160,overlay unavailable: inner-end lattice evidence insufficient,false,,,,0,0,,,,,,,,,,,,,,,,,,,,,,,,,,,,,,,,,,,,,,,,,,,,,,,,,,,,,,,,,,,,,,,,,,,,,,,,,,,,,,,,,,,,,,,,,,,,,,,,,,,,,,,,,,,,,,,,,,,,,,,,,,,,,,,,,,,,,,,,,,,,,,,,,,,,,,,,,,,,,,,,,,,,,,,,,,,,,,,,,,,,,,,,,,,,,,,,,,,,,,,,,,,,,genuine_population,gen,auto_bobs_124060_3d1f0a3378e2,124060,Bob's Watches,https://www.bobswatches.com/images/zUsed-Black-Dial-Rolex-Submariner-124060-SKU192314.jpg
b9e9ff6a09e290be,images/b9/b9e9ff6a09e290be80d5dcfe6eeba67e09ba500ff8ae00495bbc13b1a1162ac3.jpg,pose_rejected,2160,2160,physical black-dial boundary could not be fitted,false,,,,0,0,,,,,,,,,,,,,,,,,,,,,,,,,,,,,,,,,,,,,,,,,,,,,,,,,,,,,,,,,,,,,,,,,,,,,,,,,,,,,,,,,,,,,,,,,,,,,,,,,,,,,,,,,,,,,,,,,,,,,,,,,,,,,,,,,,,,,,,,,,,,,,,,,,,,,,,,,,,,,,,,,,,,,,,,,,,,,,,,,,,,,,,,,,,,,,,,,,,,,,,,,,,,,genuine_population,gen,auto_bobs_124060_3d1f0a3378e2,124060,Bob's Watches,https://www.bobswatches.com/images/zUsed-Oyster-Black-Dial-Rolex-Submariner-124060-SKU192314.jpg
e9acca50a15ab5a1,images/e9/e9acca50a15ab5a18ea62a1db9348b6e58d6bedb620e91830bffe11080ca5330.jpg,pose_rejected,2160,2160,physical black-dial boundary not found,false,,,,0,0,,,,,,,,,,,,,,,,,,,,,,,,,,,,,,,,,,,,,,,,,,,,,,,,,,,,,,,,,,,,,,,,,,,,,,,,,,,,,,,,,,,,,,,,,,,,,,,,,,,,,,,,,,,,,,,,,,,,,,,,,,,,,,,,,,,,,,,,,,,,,,,,,,,,,,,,,,,,,,,,,,,,,,,,,,,,,,,,,,,,,,,,,,,,,,,,,,,,,,,,,,,,,genuine_population,gen,auto_bobs_124060_3d1f0a3378e2,124060,Bob's Watches,https://www.bobswatches.com/images/zy-192314-7-16-23.jpg
a71c3f6f611907a2,images/a7/a71c3f6f611907a259adec503bdd263aa5e6c85b5aa00cb86c7a6f90cfb99a93.jpg,missing,,,,,,,,,,,,,,,,,,,,,,,,,,,,,,,,,,,,,,,,,,,,,,,,,,,,,,,,,,,,,,,,,,,,,,,,,,,,,,,,,,,,,,,,,,,,,,,,,,,,,,,,,,,,,,,,,,,,,,,,,,,,,,,,,,,,,,,,,,,,,,,,,,,,,,,,,,,,,,,,,,,,,,,,,,,,,,,,,,,,,,,,,,,,,,,,,,,,,,,,,,,,,,,,,,,,,,genuine_population,gen,auto_bobs_124060_3d1f0a3378e2,124060,Bob's Watches,"https://www.bobswatches.com/cdn-cgi/image/width=768,quality=85,sharpen=0.5/images/zUsed-Rolex-Submariner-124060-SKU192314.jpg"
d64c1a3dd3109b40,images/d6/d64c1a3dd3109b40c293b27c9cef518144ea36c2df519642fb6b7a3d0fe4aded.jpg,missing,,,,,,,,,,,,,,,,,,,,,,,,,,,,,,,,,,,,,,,,,,,,,,,,,,,,,,,,,,,,,,,,,,,,,,,,,,,,,,,,,,,,,,,,,,,,,,,,,,,,,,,,,,,,,,,,,,,,,,,,,,,,,,,,,,,,,,,,,,,,,,,,,,,,,,,,,,,,,,,,,,,,,,,,,,,,,,,,,,,,,,,,,,,,,,,,,,,,,,,,,,,,,,,,,,,,,,genuine_population,gen,auto_bobs_124060_3d1f0a3378e2,124060,Bob's Watches,"https://www.bobswatches.com/cdn-cgi/image/width=768,quality=85,sharpen=0.5/images/zUsed-Black-Dial-Rolex-Submariner-124060-SKU192314.jpg"
9a65367bfe7f656e,images/9a/9a65367bfe7f656e9f6d0aa9c67706b43ab2b91b1f4e466583524ee197394790.jpg,missing,,,,,,,,,,,,,,,,,,,,,,,,,,,,,,,,,,,,,,,,,,,,,,,,,,,,,,,,,,,,,,,,,,,,,,,,,,,,,,,,,,,,,,,,,,,,,,,,,,,,,,,,,,,,,,,,,,,,,,,,,,,,,,,,,,,,,,,,,,,,,,,,,,,,,,,,,,,,,,,,,,,,,,,,,,,,,,,,,,,,,,,,,,,,,,,,,,,,,,,,,,,,,,,,,,,,,,genuine_population,gen,auto_bobs_124060_3d1f0a3378e2,124060,Bob's Watches,"https://www.bobswatches.com/cdn-cgi/image/width=768,quality=85,sharpen=0.5/images/zUsed-Oyster-Black-Dial-Rolex-Submariner-124060-SKU192314.jpg"
077c7533c2846cb2,images/07/077c7533c2846cb2a8726d9977f9f97e4bff6cf2a896b86cf3d8c1d7e5bb059f.jpg,missing,,,,,,,,,,,,,,,,,,,,,,,,,,,,,,,,,,,,,,,,,,,,,,,,,,,,,,,,,,,,,,,,,,,,,,,,,,,,,,,,,,,,,,,,,,,,,,,,,,,,,,,,,,,,,,,,,,,,,,,,,,,,,,,,,,,,,,,,,,,,,,,,,,,,,,,,,,,,,,,,,,,,,,,,,,,,,,,,,,,,,,,,,,,,,,,,,,,,,,,,,,,,,,,,,,,,,,genuine_population,gen,auto_bobs_124060_2905d2d5bc5c,124060,Bob's Watches,https://www.bobswatches.com/images/zUsed-Rolex-Submariner-124060-SKU191878.jpg
067c933e30ac2cc6,images/06/067c933e30ac2cc6087f50135f10c8acdac4249b06fc0608975cbb3418e9b42f.jpg,accepted,1307,2000,,true,402.27893,0.99801,0.14290,53,12,405.99692,true,11,-0.06085,-1.09491,1.09660,0.05395,0.07296,true,,0.27259,-1.23413,0.27287,-1.21872,1.24890,1.23413,0.27259,0.08854,-0.04144,-0.07879,0.16118,,1.00000,0.96667,0.00722,0.28677,0.05923,true,,-0.08462,-0.96052,-0.08690,-0.95532,0.95926,-0.08462,-0.96052,0.31489,-0.18909,-0.25246,0.17393,,0.95238,1.00000,true,,-0.28798,-1.02398,-0.28816,-1.02575,1.06546,-1.02398,0.28798,0.18953,-0.08973,-0.16628,0.01042,,0.80952,1.00000,true,,-0.39895,-1.61375,-0.39273,-1.60665,1.65395,0.39895,1.61375,0.20885,0.17088,0.12077,0.29141,,1.00000,1.00000,true,,0.18353,-1.02158,0.18210,-1.00954,1.02584,0.97648,-0.35185,0.20862,-0.12391,-0.16871,,-0.18190,0.77778,1.00000,true,,0.28416,-0.73654,0.28202,-0.72936,0.78199,0.61436,-0.49578,0.08989,-0.06059,0.06756,,-0.20035,0.76389,0.90556,true,,-0.30976,-0.39915,-0.31111,-0.39879,0.50579,-0.46784,-0.19079,0.31285,-0.04227,0.31076,,-0.14600,0.93056,1.00000,true,,-0.40068,-0.44096,-0.40233,-0.44179,0.59753,-0.58222,0.12652,0.30182,0.22355,0.20263,,-0.23922,0.93056,0.99444,true,,-0.25244,-0.99991,-0.25079,-1.00134,1.03227,-0.73972,0.71857,0.30668,0.00425,-0.30584,,-0.14982,0.87500,1.00000,true,,-0.20128,-1.23370,-0.19701,-1.23235,1.24800,-0.44254,1.16905,0.26638,-0.12400,-0.23556,,-0.14534,0.93056,1.00000,true,,0.14148,-1.69846,0.14806,-1.68404,1.69053,0.72670,1.54165,0.20569,-0.05528,0.19883,,-0.18738,0.88889,1.00000,true,,0.25433,-1.81094,0.25855,-1.79045,1.80902,1.44115,1.12573,0.34441,0.27896,0.20834,,-0.11483,0.94444,1.00000,1591,genuine_population,gen,auto_bobs_124060_2905d2d5bc5c,124060,Bob's Watches,https://www.bobswatches.com/images/Used-Rolex-Submariner-124060-SKU191878.jpg
baed667450a56f10,images/ba/baed667450a56f10bb3c20dcb35527e3b5e261ab8833897bc0dda38909e81508.jpg,pose_rejected,2160,2160,physical black-dial boundary not found,false,,,,0,0,,,,,,,,,,,,,,,,,,,,,,,,,,,,,,,,,,,,,,,,,,,,,,,,,,,,,,,,,,,,,,,,,,,,,,,,,,,,,,,,,,,,,,,,,,,,,,,,,,,,,,,,,,,,,,,,,,,,,,,,,,,,,,,,,,,,,,,,,,,,,,,,,,,,,,,,,,,,,,,,,,,,,,,,,,,,,,,,,,,,,,,,,,,,,,,,,,,,,,,,,,,,,genuine_population,gen,auto_bobs_124060_2905d2d5bc5c,124060,Bob's Watches,https://www.bobswatches.com/images/zy-191878-05-24-2024.jpg
245d21c8a6ade530,images/24/245d21c8a6ade53050c86f0abe2e0c55e2bf16f8e14ba8b52166bd1bc37699fd.jpg,missing,,,,,,,,,,,,,,,,,,,,,,,,,,,,,,,,,,,,,,,,,,,,,,,,,,,,,,,,,,,,,,,,,,,,,,,,,,,,,,,,,,,,,,,,,,,,,,,,,,,,,,,,,,,,,,,,,,,,,,,,,,,,,,,,,,,,,,,,,,,,,,,,,,,,,,,,,,,,,,,,,,,,,,,,,,,,,,,,,,,,,,,,,,,,,,,,,,,,,,,,,,,,,,,,,,,,,,genuine_population,gen,auto_bobs_124060_2905d2d5bc5c,124060,Bob's Watches,"https://www.bobswatches.com/cdn-cgi/image/width=768,quality=85,sharpen=0.5/images/zUsed-Rolex-Submariner-124060-SKU191878.jpg"
2d76516ef24e1da6,images/2d/2d76516ef24e1da6fec456d9b5800e6fb4640e9337f2c6003874a5b0494438ac.jpg,missing,,,,,,,,,,,,,,,,,,,,,,,,,,,,,,,,,,,,,,,,,,,,,,,,,,,,,,,,,,,,,,,,,,,,,,,,,,,,,,,,,,,,,,,,,,,,,,,,,,,,,,,,,,,,,,,,,,,,,,,,,,,,,,,,,,,,,,,,,,,,,,,,,,,,,,,,,,,,,,,,,,,,,,,,,,,,,,,,,,,,,,,,,,,,,,,,,,,,,,,,,,,,,,,,,,,,,,genuine_population,gen,auto_bobs_124060_2905d2d5bc5c,124060,Bob's Watches,"https://www.bobswatches.com/cdn-cgi/image/width=768,quality=85,sharpen=0.5/images/zy-191878-05-24-2024.jpg"
e4ea736606798ecd,images/e4/e4ea736606798ecd41bb41a1eb35bcc78e184494d59d329d10ef8ba4e5da8c96.jpg,accepted,1412,2160,,true,435.69816,0.99328,0.12216,54,12,438.00767,true,11,0.49394,-0.53689,0.72954,0.00404,-0.09119,true,,0.29399,0.83834,0.28116,0.83507,0.88114,-0.83834,0.29399,1.43308,-1.39857,0.36514,0.00048,,0.90476,1.00000,-0.11104,0.14236,0.10968,true,,-0.05212,-1.33775,-0.03695,-1.33411,1.33462,-0.05212,-1.33775,0.61130,-0.55153,-0.26250,0.08386,,0.95238,1.00000,true,,0.84969,-0.01065,0.85269,0.00222,0.85269,-0.01065,-0.84969,0.54919,0.52197,0.16545,-0.00437,,0.52381,1.00000,true,,0.93163,0.18101,0.92931,0.19490,0.94953,-0.93163,-0.18101,0.49981,-0.45912,-0.19789,0.13857,,1.00000,1.00000,true,,0.15672,-0.63317,0.16429,-0.62514,0.64637,0.62670,-0.18086,0.25867,-0.10360,0.23849,,-0.26966,0.70833,1.00000,true,,0.35460,-1.07960,0.36635,-1.06702,1.12815,0.84690,-0.75766,0.14367,0.13860,0.03944,,-0.32750,0.75000,1.00000,true,,0.95820,-1.13424,0.97262,-1.11954,1.48302,0.26270,-1.46138,0.20457,0.10047,-0.17832,,-0.38709,0.84722,0.99444,true,,1.07294,-1.00505,1.08880,-0.99121,1.47241,-0.33393,-1.43172,0.20806,-0.11841,-0.17066,,-0.30373,0.84722,1.00000,true,,1.00348,-0.11676,1.00882,-0.10183,1.01395,-0.60286,-0.81065,0.13776,0.09861,-0.09566,,-0.24397,0.68056,1.00000,true,,0.49996,-0.31488,0.50664,-0.30737,0.59258,-0.59042,0.02272,0.37103,0.08906,0.35996,,-0.29789,0.72222,1.00000,true,,0.07867,-0.07865,0.07995,-0.07694,0.11096,-0.02880,0.10744,0.11233,0.10460,-0.04127,,-0.42602,0.79167,1.00000,true,,0.02095,-0.46353,0.02829,-0.45925,0.46012,0.39096,0.24991,0.18994,0.14661,0.12320,,-0.39261,0.70833,1.00000,1645,genuine_population,gen,auto_bobs_124060_51facf8c751c,124060,Bob's Watches,https://www.bobswatches.com/images/z191304-Used-Rolex-Submariner-124060-SKU191304.jpg
628cf0ec47f521ee,images/62/628cf0ec47f521eef5984d94fb4e1680e31880c485d7959141acd8ffab1eb9d7.jpg,missing,,,,,,,,,,,,,,,,,,,,,,,,,,,,,,,,,,,,,,,,,,,,,,,,,,,,,,,,,,,,,,,,,,,,,,,,,,,,,,,,,,,,,,,,,,,,,,,,,,,,,,,,,,,,,,,,,,,,,,,,,,,,,,,,,,,,,,,,,,,,,,,,,,,,,,,,,,,,,,,,,,,,,,,,,,,,,,,,,,,,,,,,,,,,,,,,,,,,,,,,,,,,,,,,,,,,,,genuine_population,gen,auto_bobs_124060_51facf8c751c,124060,Bob's Watches,https://www.bobswatches.com/images/191304-Used-Rolex-Submariner-124060-SKU191304.jpg
fbcf7e6ec7feb989,images/fb/fbcf7e6ec7feb989d38dded6000686f75fc76c0a0af9772443dde1ace0d8c0c2.jpg,pose_rejected,2160,2160,overlay unavailable: inner-end lattice evidence insufficient,false,,,,0,0,,,,,,,,,,,,,,,,,,,,,,,,,,,,,,,,,,,,,,,,,,,,,,,,,,,,,,,,,,,,,,,,,,,,,,,,,,,,,,,,,,,,,,,,,,,,,,,,,,,,,,,,,,,,,,,,,,,,,,,,,,,,,,,,,,,,,,,,,,,,,,,,,,,,,,,,,,,,,,,,,,,,,,,,,,,,,,,,,,,,,,,,,,,,,,,,,,,,,,,,,,,,,genuine_population,gen,auto_bobs_124060_51facf8c751c,124060,Bob's Watches,https://www.bobswatches.com/images/zUsed-Rolex-Submariner-124060-Black-Dial-SKU191304.jpg
d1511d328086b128,images/d1/d1511d328086b1281cb5344c327a50407dcd6ee88fbc5e3b562e8a8e04539c51.jpg,pose_rejected,2160,2160,physical black-dial boundary not found,false,,,,0,0,,,,,,,,,,,,,,,,,,,,,,,,,,,,,,,,,,,,,,,,,,,,,,,,,,,,,,,,,,,,,,,,,,,,,,,,,,,,,,,,,,,,,,,,,,,,,,,,,,,,,,,,,,,,,,,,,,,,,,,,,,,,,,,,,,,,,,,,,,,,,,,,,,,,,,,,,,,,,,,,,,,,,,,,,,,,,,,,,,,,,,,,,,,,,,,,,,,,,,,,,,,,,genuine_population,gen,auto_bobs_124060_51facf8c751c,124060,Bob's Watches,https://www.bobswatches.com/images/zUsed-Steel-Rolex-Submariner-124060-Black-Dial-SKU191304.jpg
df558051f3401d7f,images/df/df558051f3401d7f0cba8ad9e078977802e83b0e005487d42c8f32c4b0804872.jpg,pose_rejected,2160,2160,physical black-dial boundary not found,false,,,,0,0,,,,,,,,,,,,,,,,,,,,,,,,,,,,,,,,,,,,,,,,,,,,,,,,,,,,,,,,,,,,,,,,,,,,,,,,,,,,,,,,,,,,,,,,,,,,,,,,,,,,,,,,,,,,,,,,,,,,,,,,,,,,,,,,,,,,,,,,,,,,,,,,,,,,,,,,,,,,,,,,,,,,,,,,,,,,,,,,,,,,,,,,,,,,,,,,,,,,,,,,,,,,,genuine_population,gen,auto_bobs_124060_51facf8c751c,124060,Bob's Watches,https://www.bobswatches.com/images/zy-191304-07-31-2025.jpg
73da1a5a239908fa,images/73/73da1a5a239908fae24045aa05c610f6d827dd8768bc3ac663e0dbf79a6217dd.jpg,missing,,,,,,,,,,,,,,,,,,,,,,,,,,,,,,,,,,,,,,,,,,,,,,,,,,,,,,,,,,,,,,,,,,,,,,,,,,,,,,,,,,,,,,,,,,,,,,,,,,,,,,,,,,,,,,,,,,,,,,,,,,,,,,,,,,,,,,,,,,,,,,,,,,,,,,,,,,,,,,,,,,,,,,,,,,,,,,,,,,,,,,,,,,,,,,,,,,,,,,,,,,,,,,,,,,,,,,genuine_population,gen,auto_bobs_124060_51facf8c751c,124060,Bob's Watches,"https://www.bobswatches.com/cdn-cgi/image/width=768,quality=85,sharpen=0.5/images/z191304-Used-Rolex-Submariner-124060-SKU191304.jpg"
7404f41ba3254dc7,images/74/7404f41ba3254dc73ff5826b318d5964e75141581cc003ed3103d7264e8807ee.jpg,missing,,,,,,,,,,,,,,,,,,,,,,,,,,,,,,,,,,,,,,,,,,,,,,,,,,,,,,,,,,,,,,,,,,,,,,,,,,,,,,,,,,,,,,,,,,,,,,,,,,,,,,,,,,,,,,,,,,,,,,,,,,,,,,,,,,,,,,,,,,,,,,,,,,,,,,,,,,,,,,,,,,,,,,,,,,,,,,,,,,,,,,,,,,,,,,,,,,,,,,,,,,,,,,,,,,,,,,genuine_population,gen,auto_bobs_124060_51facf8c751c,124060,Bob's Watches,"https://www.bobswatches.com/cdn-cgi/image/width=768,quality=85,sharpen=0.5/images/zUsed-Rolex-Submariner-124060-Black-Dial-SKU191304.jpg"
c5ceeb763fdb6510,images/c5/c5ceeb763fdb6510975d3db6ac3b737c972463f89a2aae732f1cd92c0555f01b.jpg,missing,,,,,,,,,,,,,,,,,,,,,,,,,,,,,,,,,,,,,,,,,,,,,,,,,,,,,,,,,,,,,,,,,,,,,,,,,,,,,,,,,,,,,,,,,,,,,,,,,,,,,,,,,,,,,,,,,,,,,,,,,,,,,,,,,,,,,,,,,,,,,,,,,,,,,,,,,,,,,,,,,,,,,,,,,,,,,,,,,,,,,,,,,,,,,,,,,,,,,,,,,,,,,,,,,,,,,,genuine_population,gen,auto_bobs_124060_51facf8c751c,124060,Bob's Watches,"https://www.bobswatches.com/cdn-cgi/image/width=768,quality=85,sharpen=0.5/images/zUsed-Steel-Rolex-Submariner-124060-Black-Dial-SKU191304.jpg"
c14f8b3abb49c038,images/c1/c14f8b3abb49c038e4163d608bb95c7e592a96315a34d44d1742ddf34938dfca.jpg,accepted,1412,2160,,true,433.63970,0.99505,0.15532,52,12,435.92211,true,11,0.92755,-0.44768,1.02993,0.08991,0.12290,true,,1.59497,0.19456,1.59267,0.19929,1.60509,-0.19456,1.59497,0.95510,-0.95773,-0.07849,0.48059,,1.00000,1.00000,0.33059,0.63510,0.49679,true,,0.54904,0.64039,0.55044,0.64107,0.84496,0.54904,0.64039,0.77216,-0.67466,0.38055,-0.19833,,1.00000,1.00000,true,,0.52296,0.30001,0.52523,0.30243,0.60607,0.30001,-0.52296,0.54978,0.45247,-0.30656,-0.07222,,0.66667,0.96667,true,,-0.20119,-0.81938,-0.19969,-0.82085,0.84479,0.20119,0.81938,0.90011,0.82988,-0.34039,-0.08944,,1.00000,1.00000,true,,2.22463,-0.25134,2.21907,-0.24205,2.23223,1.32999,1.80091,0.48863,0.15834,0.46302,,-0.21488,0.66667,1.00000,true,,1.65489,0.02178,1.65145,0.02681,1.65166,1.42228,0.84631,0.07696,0.07633,0.01213,,-0.27843,0.70833,0.99444,true,,0.92840,-0.04255,0.92911,-0.04089,0.93001,0.78275,-0.50105,0.42478,-0.11324,-0.40904,,-0.34228,0.76389,1.00000,true,,0.37140,-0.08266,0.37234,-0.08251,0.38137,0.11411,-0.36297,0.29600,-0.27817,-0.09665,,-0.27145,0.72222,1.00000,true,,0.28418,-0.60174,0.28657,-0.60487,0.66932,-0.66321,0.05476,0.18354,-0.12930,-0.12887,,-0.24922,0.73611,0.99444,true,,0.37474,-1.17210,0.37965,-1.17620,1.23596,-0.91059,0.82769,0.24739,-0.20236,0.14035,,-0.33006,0.94444,1.00000,true,,1.43226,-1.29150,1.43853,-1.28459,1.92861,-0.59463,1.83460,0.40333,-0.33636,0.22106,,-0.21387,0.87500,1.00000,true,,1.33704,-1.35301,1.33911,-1.34213,1.89593,0.50322,1.83442,0.26107,0.25777,0.04656,,-0.20571,0.65278,1.00000,1636,genuine_population,gen,auto_bobs_124060_3a293ae091d4,124060,Bob's Watches,https://www.bobswatches.com/images/z191110-Used-Rolex-Submariner-124060-SKU191110.jpg
383bdfd3e61f568a,images/38/383bdfd3e61f568a7029f4da167c3be4b84496c6c77b9c38a8ea2ada89a0ae22.jpg,accepted,1307,2000,,true,401.24912,0.99523,0.15149,50,12,403.53908,true,11,0.85536,-0.46793,0.97498,0.07852,0.12256,true,,1.52016,0.09719,1.51773,0.10216,1.52116,-0.09719,1.52016,0.81588,-0.82036,-0.02384,0.46281,,1.00000,1.00000,0.25085,0.60828,0.22467,true,,0.33736,0.47171,0.33850,0.47217,0.58097,0.33736,0.47171,0.80761,-0.75734,0.28639,-0.22091,,1.00000,1.00000,true,,0.57665,0.14025,0.57917,0.14191,0.59630,0.14025,-0.57665,0.53166,0.36965,-0.37775,-0.11473,,0.66667,0.96667,true,,-0.10787,-0.97106,-0.10550,-0.97266,0.97836,0.10787,0.97106,0.74045,0.72150,-0.15412,-0.09477,,1.00000,1.00000,true,,2.09690,-0.37182,2.09122,-0.36238,2.12238,1.37045,1.63006,0.50512,0.27859,0.42300,,-0.20352,0.75000,1.00000,true,,1.52605,-0.02169,1.52272,-0.01692,1.52281,1.33244,0.74424,0.10190,0.09994,0.02184,,-0.27016,0.72222,0.99444,true,,0.75055,-0.01944,0.75121,-0.01805,0.75143,0.64028,-0.39211,0.28821,-0.12229,-0.26035,,-0.32700,0.72222,1.00000,true,,0.35334,-0.09685,0.35422,-0.09683,0.36722,0.09279,-0.35442,0.20357,-0.18512,-0.08203,,-0.26085,0.72222,1.00000,true,,0.24917,-0.60425,0.25140,-0.60767,0.65762,-0.64789,0.08634,0.13298,-0.07164,-0.11120,,-0.23003,0.73611,0.99444,true,,0.36193,-1.10720,0.36668,-1.11138,1.17031,-0.86704,0.77790,0.17893,-0.15015,0.09571,,-0.26023,0.87500,1.00000,true,,1.32907,-1.14501,1.33462,-1.13882,1.75446,-0.57851,1.65615,0.35320,-0.33156,0.11979,,-0.16063,0.84722,1.00000,true,,1.26737,-1.20337,1.26905,-1.19350,1.74210,0.40846,1.69926,0.17167,0.17076,0.02227,,-0.22879,0.80556,1.00000,1584,genuine_population,gen,auto_bobs_124060_3a293ae091d4,124060,Bob's Watches,https://www.bobswatches.com/images/191110-Used-Rolex-Submariner-124060-SKU191110.jpg
35dd075cf1f8de87,images/35/35dd075cf1f8de87cc4c05fec27b3d2c23779cad33d26a04bba67c48482d9f3a.jpg,pose_rejected,2160,2160,overlay unavailable: centroid lattice evidence insufficient,false,,,,0,0,,,,,,,,,,,,,,,,,,,,,,,,,,,,,,,,,,,,,,,,,,,,,,,,,,,,,,,,,,,,,,,,,,,,,,,,,,,,,,,,,,,,,,,,,,,,,,,,,,,,,,,,,,,,,,,,,,,,,,,,,,,,,,,,,,,,,,,,,,,,,,,,,,,,,,,,,,,,,,,,,,,,,,,,,,,,,,,,,,,,,,,,,,,,,,,,,,,,,,,,,,,,,genuine_population,gen,auto_bobs_124060_3a293ae091d4,124060,Bob's Watches,https://www.bobswatches.com/images/zUsed-Rolex-Submariner-124060-SKU191110-Black-Dial.jpg
ce6a92fd6ea8c2b4,images/ce/ce6a92fd6ea8c2b475451abfc35a5b5b3c4539092dd1740968b738f08664e820.jpg,pose_rejected,2160,2160,physical black-dial boundary not found,false,,,,0,0,,,,,,,,,,,,,,,,,,,,,,,,,,,,,,,,,,,,,,,,,,,,,,,,,,,,,,,,,,,,,,,,,,,,,,,,,,,,,,,,,,,,,,,,,,,,,,,,,,,,,,,,,,,,,,,,,,,,,,,,,,,,,,,,,,,,,,,,,,,,,,,,,,,,,,,,,,,,,,,,,,,,,,,,,,,,,,,,,,,,,,,,,,,,,,,,,,,,,,,,,,,,,genuine_population,gen,auto_bobs_124060_3a293ae091d4,124060,Bob's Watches,https://www.bobswatches.com/images/zUsed-Rolex-Submariner-124060-SKU191110-Steel.jpg
80d18fb97d107c75,images/80/80d18fb97d107c7506021de9813e8a4da8fadd27f336ea17de3e81d8359ca89b.jpg,pose_rejected,2160,2160,physical black-dial boundary not found,false,,,,0,0,,,,,,,,,,,,,,,,,,,,,,,,,,,,,,,,,,,,,,,,,,,,,,,,,,,,,,,,,,,,,,,,,,,,,,,,,,,,,,,,,,,,,,,,,,,,,,,,,,,,,,,,,,,,,,,,,,,,,,,,,,,,,,,,,,,,,,,,,,,,,,,,,,,,,,,,,,,,,,,,,,,,,,,,,,,,,,,,,,,,,,,,,,,,,,,,,,,,,,,,,,,,,genuine_population,gen,auto_bobs_124060_3a293ae091d4,124060,Bob's Watches,https://www.bobswatches.com/images/zy-191110-05-27-2022.jpg
b48391fd2abddfb9,images/b4/b48391fd2abddfb9850b18c14851f29155e5d0986aba547d60d34c713b5c4212.jpg,accepted,768,1174,,true,235.85199,0.99728,0.13082,52,12,237.06019,true,11,0.55978,-0.42942,0.70551,0.11270,0.12764,true,,0.79222,0.05562,0.79104,0.05813,0.79317,-0.05562,0.79222,0.71988,-0.70023,-0.18872,0.41036,,1.00000,0.96667,0.30100,0.64236,0.84989,true,,0.19894,0.51756,0.20024,0.51704,0.55446,0.19894,0.51756,0.78220,-0.56274,0.54777,-0.17809,,1.00000,0.96667,true,,0.22969,-0.16685,0.23073,-0.16741,0.28507,-0.16685,-0.22969,0.09493,0.06144,-0.07170,0.00613,,0.95238,1.00000,true,,-0.18759,-0.55176,-0.18669,-0.55244,0.58313,0.18759,0.55176,0.61375,0.54367,-0.28023,-0.10721,,1.00000,1.00000,true,,1.41091,-0.57761,1.40666,-0.56877,1.51729,1.20568,0.93307,0.40754,0.33554,0.23494,,-0.15191,0.72222,1.00000,true,,1.00203,-0.46553,0.99860,-0.46018,1.09953,1.10055,0.09785,0.29885,0.18363,-0.23792,,-0.31828,0.80556,1.00000,true,,0.71936,-0.20151,0.71948,-0.20048,0.74689,0.52223,-0.53419,0.31290,0.03642,-0.31109,,-0.20732,0.83333,1.00000,true,,0.23917,0.12388,0.24007,0.12469,0.27052,0.22687,-0.14519,0.16247,0.10341,0.12469,,0.05838,0.69444,1.00000,true,,0.25102,-0.83059,0.25377,-0.83463,0.87235,-0.84483,0.19791,0.41328,-0.40941,0.03668,,-0.40018,0.86111,0.99444,true,,0.29349,-0.60726,0.29674,-0.60882,0.67729,-0.55780,0.37916,0.16373,-0.07561,-0.14442,,0.04160,0.83333,1.00000,true,,0.87443,-1.03702,0.87921,-1.03146,1.35533,-0.23877,1.33530,0.31531,-0.18767,0.25285,,-0.14596,0.90278,1.00000,true,,0.71533,-0.74259,0.71663,-0.73599,1.02724,0.28543,0.99079,0.14039,-0.02583,-0.13844,,0.05674,0.81944,1.00000,1309,genuine_population,gen,auto_bobs_124060_3a293ae091d4,124060,Bob's Watches,"https://www.bobswatches.com/cdn-cgi/image/width=768,quality=85,sharpen=0.5/images/z191110-Used-Rolex-Submariner-124060-SKU191110.jpg"
97c9235244d52f81,images/97/97c9235244d52f818c44aab0d93cf6dc1963499fd4f8ce19ec69412fd2bec32d.jpg,missing,,,,,,,,,,,,,,,,,,,,,,,,,,,,,,,,,,,,,,,,,,,,,,,,,,,,,,,,,,,,,,,,,,,,,,,,,,,,,,,,,,,,,,,,,,,,,,,,,,,,,,,,,,,,,,,,,,,,,,,,,,,,,,,,,,,,,,,,,,,,,,,,,,,,,,,,,,,,,,,,,,,,,,,,,,,,,,,,,,,,,,,,,,,,,,,,,,,,,,,,,,,,,,,,,,,,,,genuine_population,gen,auto_bobs_124060_3a293ae091d4,124060,Bob's Watches,"https://www.bobswatches.com/cdn-cgi/image/width=768,quality=85,sharpen=0.5/images/zUsed-Rolex-Submariner-124060-SKU191110-Black-Dial.jpg"
a19c2ebcabb5a9a4,images/a1/a19c2ebcabb5a9a4730280ecbf9f5a1d11877d39aaa63625842f08b4aaac5c41.jpg,missing,,,,,,,,,,,,,,,,,,,,,,,,,,,,,,,,,,,,,,,,,,,,,,,,,,,,,,,,,,,,,,,,,,,,,,,,,,,,,,,,,,,,,,,,,,,,,,,,,,,,,,,,,,,,,,,,,,,,,,,,,,,,,,,,,,,,,,,,,,,,,,,,,,,,,,,,,,,,,,,,,,,,,,,,,,,,,,,,,,,,,,,,,,,,,,,,,,,,,,,,,,,,,,,,,,,,,,genuine_population,gen,auto_bobs_124060_3a293ae091d4,124060,Bob's Watches,"https://www.bobswatches.com/cdn-cgi/image/width=768,quality=85,sharpen=0.5/images/zUsed-Rolex-Submariner-124060-SKU191110-Steel.jpg"
5986c5a3258ae9ec,images/59/5986c5a3258ae9ec3b11b5ae38ee891c83334074e209fb48e30267aa3625910b.jpg,accepted,2477,2477,,true,707.24618,0.99504,0.25925,55,12,715.25144,true,8,-0.72105,-2.51227,2.61369,-0.02207,0.02578,true,,-0.24524,0.43678,-0.24878,0.42762,0.49472,-0.43678,-0.24524,2.80389,-2.84483,0.24675,1.00591,,0.90476,0.96667,0.72400,0.98060,-0.09913,true,,-0.59532,-2.48195,-0.57745,-2.46148,2.52831,-0.59532,-2.48195,0.33358,0.27374,-0.19206,-0.28934,,1.00000,1.00000,true,,-5.75078,-0.02858,-5.76466,-0.07021,5.76509,-0.02858,5.75078,5.44809,2.62549,4.75723,1.92989,,1.00000,0.93333,true,,-0.04539,-2.44045,-0.01041,-2.41305,2.41307,0.04539,2.44045,0.66931,-0.58398,-0.33810,0.57044,,0.95238,1.00000,false,outline coverage 0.53; 6/8 octants,,,,,,,,,,,,,0.52778,1.00000,false,hand/occluder crosses outline (clean 0.69),,,,,,,,,,,,,0.51389,0.69444,true,,-1.05703,-2.83851,-1.03784,-2.82839,3.01278,-2.33467,-1.92971,0.46859,-0.29026,-0.37149,,-0.76491,0.72222,1.00000,true,,-0.62820,-2.32844,-0.60915,-2.32435,2.40284,-2.33059,-0.62018,0.45267,0.36717,-0.26378,,-0.70093,0.87500,1.00000,true,,-1.04018,-3.58961,-0.99583,-3.58076,3.71665,-2.58860,2.69562,0.81902,-0.64005,0.51781,,-0.66821,0.86111,1.00000,true,,-0.44075,-2.99726,-0.39826,-2.97756,3.00408,-1.11693,2.81608,0.37087,-0.37021,-0.01510,,-0.58606,0.83333,1.00000,true,,-0.91091,-2.57683,-0.87095,-2.54372,2.68869,2.07728,1.77615,0.42007,0.28979,-0.30581,,-0.51271,0.69444,1.00000,false,outline coverage 0.57; 8/8 octants,,,,,,,,,,,,,0.56944,0.96667,1570,genuine_population,gen,auto_swe_124060_3a43ecd6a5fa,124060,SwissWatchExpo,https://cdn.swisswatchexpo.com/productphotos/9/15/rolex-submariner-no-date-steel-ceramic-bezel-mens-watch-124060-box-card-83537_5e0e9.jpg
cb5175ff2c02a6b1,images/cb/cb5175ff2c02a6b1f686f02ceed19e4638219d6f3ec806e04fe26857d78141bd.jpg,accepted,900,900,,true,257.09608,0.99404,0.14680,55,12,259.66223,true,10,-0.19897,-0.88657,0.90862,0.06152,0.07676,true,,-0.05798,0.04335,-0.05817,0.04226,0.07190,-0.04335,-0.05798,1.05512,-1.06561,-0.12715,1.02862,,1.00000,1.00000,0.70460,0.99116,-0.26986,true,,-0.11074,-0.83698,-0.10466,-0.82958,0.83615,-0.11074,-0.83698,0.20577,-0.02316,-0.20648,-0.34908,,0.95238,1.00000,true,,-2.17764,0.09713,-2.18407,0.08098,2.18557,0.09713,2.17764,1.91938,0.87045,1.70471,1.81614,,1.00000,0.93333,true,,-0.06506,-0.94098,-0.05147,-0.93082,0.93224,0.06506,0.94098,0.33961,-0.26505,-0.21769,1.13812,,1.00000,1.00000,true,,0.12061,-1.24229,0.13123,-1.22115,1.22819,1.13616,-0.51670,0.37105,0.33588,-0.17158,,0.18817,0.73611,1.00000,false,hand/occluder crosses outline (clean 0.69),,,,,,,,,,,,,0.68056,0.68889,true,,-0.28482,-0.87494,-0.27880,-0.87161,0.91512,-0.68413,-0.61531,0.29250,-0.18594,-0.22804,,-0.06029,0.98611,1.00000,true,,-0.22396,-0.73238,-0.21805,-0.73134,0.76316,-0.74624,-0.17223,0.18931,0.00295,-0.18885,,-0.03536,0.98611,1.00000,true,,-0.42827,-1.24276,-0.41303,-1.24029,1.30725,-0.86212,0.99227,0.33102,-0.32178,0.08107,,-0.05972,0.98611,1.00000,true,,-0.15681,-1.04813,-0.14196,-1.04136,1.05099,-0.38827,0.98611,0.30691,-0.25181,-0.17609,,-0.07415,0.98611,1.00000,true,,-0.41744,-1.06899,-0.40072,-1.05562,1.12911,0.89601,0.71705,0.27266,0.13788,-0.23631,,0.02420,0.90278,1.00000,true,,0.43279,-1.11442,0.44463,-1.09269,1.17968,0.74872,0.93202,0.46018,-0.26041,0.38255,,-0.27519,0.80556,1.00000,963,genuine_population,gen,auto_swe_124060_3a43ecd6a5fa,124060,SwissWatchExpo,https://cdn.swisswatchexpo.com/productphotos/9/15/rolex-submariner-no-date-steel-ceramic-bezel-mens-watch-124060-box-card-83537_a62f4_md.jpg
a3bed3b63f3e9fd5,images/a3/a3bed3b63f3e9fd5f14aabd7bbee7b8af374e02cc45ab9c5fefa60eb868eaf60.jpg,accepted,3200,3200,,true,576.71959,0.99489,0.22524,55,12,583.25500,true,8,-0.67390,-2.02971,2.13866,-0.02068,0.02356,true,,-0.25357,0.36584,-0.25628,0.35788,0.44018,-0.36584,-0.25357,2.28747,-2.31606,0.25143,0.99665,,0.95238,1.00000,0.78932,0.95125,0.08384,true,,-0.60667,-2.16208,-0.59135,-2.14505,2.22506,-0.60667,-2.16208,0.34621,0.18154,-0.29747,-0.24320,,1.00000,1.00000,true,,-4.74975,0.09344,-4.76265,0.05842,4.76301,0.09344,4.74975,4.48000,2.23164,3.87109,1.87696,,1.00000,0.93333,true,,-0.19606,-1.92234,-0.16812,-1.90197,1.90939,0.19606,1.92234,0.50619,-0.40900,-0.30631,0.55262,,0.95238,1.00000,false,outline coverage 0.54; 6/8 octants,,,,,,,,,,,,,0.54167,1.00000,false,hand/occluder crosses outline (clean 0.69),,,,,,,,,,,,,0.55556,0.68889,true,,-0.82075,-2.22527,-0.80592,-2.21762,2.35952,-1.82343,-1.51676,0.30250,-0.09866,-0.28774,,-0.55563,0.76389,1.00000,true,,-0.64671,-1.93002,-0.63147,-1.92789,2.02868,-1.99480,-0.40495,0.28793,0.22410,-0.18003,,-0.58105,0.87500,1.00000,true,,-0.79524,-3.00110,-0.75818,-2.99369,3.08821,-2.20141,2.18925,0.76903,-0.67915,0.36754,,-0.54591,0.91667,1.00000,true,,-0.37207,-2.39944,-0.33809,-2.38413,2.40798,-0.87750,2.26401,0.36343,-0.35934,-0.05183,,-0.47029,0.86111,1.00000,true,,-0.78941,-2.07417,-0.75701,-2.04799,2.18342,1.72073,1.40159,0.28952,0.19226,-0.21762,,-0.37218,0.76389,1.00000,false,outline coverage 0.60; 8/8 octants,,,,,,,,,,,,,0.59722,1.00000,1524,genuine_population,gen,auto_swe_124060_3a43ecd6a5fa,124060,SwissWatchExpo,https://cdn.swisswatchexpo.com/productphotos/9/15/rolex-submariner-no-date-steel-ceramic-bezel-mens-watch-124060-box-card-83537_2a5b3.jpg
0595d2168378efce,images/05/0595d2168378efced6e2966275b8bb1eb6ddb2bf84bc649fc667aa2dfb34c840.jpg,pose_rejected,3200,3200,physical black-dial boundary could not be fitted,false,,,,0,0,,,,,,,,,,,,,,,,,,,,,,,,,,,,,,,,,,,,,,,,,,,,,,,,,,,,,,,,,,,,,,,,,,,,,,,,,,,,,,,,,,,,,,,,,,,,,,,,,,,,,,,,,,,,,,,,,,,,,,,,,,,,,,,,,,,,,,,,,,,,,,,,,,,,,,,,,,,,,,,,,,,,,,,,,,,,,,,,,,,,,,,,,,,,,,,,,,,,,,,,,,,,,genuine_population,gen,auto_swe_124060_3a43ecd6a5fa,124060,SwissWatchExpo,https://cdn.swisswatchexpo.com/productphotos/9/15/rolex-submariner-no-date-steel-ceramic-bezel-mens-watch-124060-box-card-83537_302cd.jpg
578b4eb58da9e7e0,images/57/578b4eb58da9e7e0a29fd5f34db42b79161896b0e657bd0dd974f1585163fbad.jpg,pose_rejected,3200,3200,physical black-dial boundary not found,false,,,,0,0,,,,,,,,,,,,,,,,,,,,,,,,,,,,,,,,,,,,,,,,,,,,,,,,,,,,,,,,,,,,,,,,,,,,,,,,,,,,,,,,,,,,,,,,,,,,,,,,,,,,,,,,,,,,,,,,,,,,,,,,,,,,,,,,,,,,,,,,,,,,,,,,,,,,,,,,,,,,,,,,,,,,,,,,,,,,,,,,,,,,,,,,,,,,,,,,,,,,,,,,,,,,,genuine_population,gen,auto_swe_124060_3a43ecd6a5fa,124060,SwissWatchExpo,https://cdn.swisswatchexpo.com/productphotos/9/15/rolex-submariner-no-date-steel-ceramic-bezel-mens-watch-124060-box-card-83537_52485.jpg
996a689efaefa0e0,images/99/996a689efaefa0e023318684171c0a586386b6707c05140b7188e46c9b7b6880.jpg,pose_rejected,3200,3200,physical black-dial boundary could not be fitted,false,,,,0,0,,,,,,,,,,,,,,,,,,,,,,,,,,,,,,,,,,,,,,,,,,,,,,,,,,,,,,,,,,,,,,,,,,,,,,,,,,,,,,,,,,,,,,,,,,,,,,,,,,,,,,,,,,,,,,,,,,,,,,,,,,,,,,,,,,,,,,,,,,,,,,,,,,,,,,,,,,,,,,,,,,,,,,,,,,,,,,,,,,,,,,,,,,,,,,,,,,,,,,,,,,,,,genuine_population,gen,auto_swe_124060_3a43ecd6a5fa,124060,SwissWatchExpo,https://cdn.swisswatchexpo.com/productphotos/9/15/rolex-submariner-no-date-steel-ceramic-bezel-mens-watch-124060-box-card-83537_fea4a.jpg
6d1efbd6fea5ccfe,images/6d/6d1efbd6fea5ccfe02ae4fbcfb213fd4b9a147c8e6067e6b703b8c66820fa1b5.jpg,accepted,900,900,,true,162.63057,0.99156,0.14060,55,12,163.84972,true,10,-0.15386,-0.48610,0.50987,0.03832,0.07635,true,,-0.13692,-0.05293,-0.13572,-0.05279,0.14563,0.05293,-0.13692,0.50296,-0.48738,-0.15215,0.84571,,1.00000,1.00000,0.72991,0.93456,0.74856,true,,-0.01051,-0.59024,-0.00626,-0.58465,0.58468,-0.01051,-0.59024,0.28211,0.10108,-0.26583,-0.29076,,1.00000,1.00000,true,,-1.30510,0.16779,-1.31002,0.15753,1.31946,0.16779,1.30510,1.15725,0.61027,0.98011,1.96867,,1.00000,0.93333,true,,0.21364,-0.49789,0.22010,-0.49091,0.53799,-0.21364,0.49789,0.44649,-0.42055,-0.15798,0.67521,,1.00000,1.00000,true,,-0.04579,-0.53460,-0.04095,-0.52616,0.52776,0.44008,-0.30696,0.10933,0.04415,-0.10161,,0.08758,1.00000,1.00000,false,hand/occluder crosses outline (clean 0.67),,,,,,,,,,,,,0.70833,0.67222,true,,-0.13737,-0.56493,-0.13345,-0.56252,0.57814,-0.40143,-0.42055,0.26132,-0.06953,-0.25334,,0.07362,1.00000,1.00000,true,,-0.11694,-0.40115,-0.11373,-0.40057,0.41640,-0.40587,-0.09930,0.17673,0.04714,-0.16978,,0.09660,1.00000,1.00000,true,,-0.27620,-0.71146,-0.26760,-0.71032,0.75906,-0.47804,0.59492,0.18706,-0.18428,0.03431,,0.07607,1.00000,1.00000,true,,-0.15544,-0.59508,-0.14706,-0.59173,0.60973,-0.16292,0.59307,0.13857,-0.10685,-0.08865,,0.06289,0.98611,1.00000,true,,-0.22136,-0.57079,-0.21252,-0.56372,0.60245,0.47710,0.38363,0.14460,0.04303,-0.13884,,0.07693,1.00000,1.00000,true,,0.16378,-0.68367,0.17144,-0.67100,0.69256,0.51019,0.48367,0.20305,-0.04499,0.19889,,0.00962,0.86111,1.00000,696,genuine_population,gen,auto_swe_124060_3a43ecd6a5fa,124060,SwissWatchExpo,https://cdn.swisswatchexpo.com/productphotos/9/15/rolex-submariner-no-date-steel-ceramic-bezel-mens-watch-124060-box-card-83537_2a5b3_md.jpg
f6e48b2414bf9bea,images/f6/f6e48b2414bf9beadcfe7c50f014d14f70a16a1d9a6d5506cdb6a5bcc02d2ff1.jpg,pose_rejected,900,900,overlay unavailable: 12 direction could not be established (minute-lattice branch unknown),false,,,,0,0,,,,,,,,,,,,,,,,,,,,,,,,,,,,,,,,,,,,,,,,,,,,,,,,,,,,,,,,,,,,,,,,,,,,,,,,,,,,,,,,,,,,,,,,,,,,,,,,,,,,,,,,,,,,,,,,,,,,,,,,,,,,,,,,,,,,,,,,,,,,,,,,,,,,,,,,,,,,,,,,,,,,,,,,,,,,,,,,,,,,,,,,,,,,,,,,,,,,,,,,,,,,,genuine_population,gen,auto_swe_124060_3a43ecd6a5fa,124060,SwissWatchExpo,https://cdn.swisswatchexpo.com/productphotos/9/15/rolex-submariner-no-date-steel-ceramic-bezel-mens-watch-124060-box-card-83537_302cd_md.jpg
915c11f534a20eae,images/91/915c11f534a20eaea2f25f28b14fee70193bac42f4141c153231fcc1d0662e06.jpg,pose_rejected,900,900,overlay unavailable: centroid lattice evidence insufficient,false,,,,0,0,,,,,,,,,,,,,,,,,,,,,,,,,,,,,,,,,,,,,,,,,,,,,,,,,,,,,,,,,,,,,,,,,,,,,,,,,,,,,,,,,,,,,,,,,,,,,,,,,,,,,,,,,,,,,,,,,,,,,,,,,,,,,,,,,,,,,,,,,,,,,,,,,,,,,,,,,,,,,,,,,,,,,,,,,,,,,,,,,,,,,,,,,,,,,,,,,,,,,,,,,,,,,genuine_population,gen,auto_swe_124060_3a43ecd6a5fa,124060,SwissWatchExpo,https://cdn.swisswatchexpo.com/productphotos/9/15/rolex-submariner-no-date-steel-ceramic-bezel-mens-watch-124060-box-card-83537_52485_md.jpg
87da4af1942b938d,images/87/87da4af1942b938d66ab28f1bebd523138ee10edb13bd012258d1d7cac24a7ef.jpg,accepted,2498,2498,,true,724.58079,0.99669,0.22957,55,12,732.71654,false,0,,,,,,true,,-0.11585,-0.09777,-0.11477,-0.09773,0.15074,0.09777,-0.11585,,,,0.25836,,1.00000,1.00000,0.08297,0.45859,0.34727,true,,-0.74179,-4.82059,-0.76277,-4.85626,4.91579,-0.74179,-4.82059,,,,0.01937,,0.85714,1.00000,true,,-7.77294,-1.18202,-7.83264,-1.25077,7.93188,-1.18202,7.77294,,,,2.40634,,0.95238,0.90000,true,,0.33154,-5.68461,0.39029,-5.72549,5.73878,-0.33154,5.68461,,,,-0.00616,,1.00000,1.00000,false,outline coverage 0.44; 5/8 octants,,,,,,,,,,,,,0.44444,1.00000,false,hand/occluder crosses outline (clean 0.75),,,,,,,,,,,,,0.43056,0.75000,true,,-0.35851,-5.28922,-0.38058,-5.36766,5.38113,-2.95509,-4.40134,,,,,-1.09244,0.72222,1.00000,false,outline coverage 0.54; 6/8 octants,,,,,,,,,,,,,0.54167,1.00000,false,outline coverage 0.53; 6/8 octants,,,,,,,,,,,,,0.52778,1.00000,false,outline coverage 0.58; 8/8 octants,,,,,,,,,,,,,0.58333,1.00000,false,outline coverage 0.54; 8/8 octants,,,,,,,,,,,,,0.54167,1.00000,false,outline coverage 0.53; 7/8 octants,,,,,,,,,,,,,0.52778,0.80556,1561,genuine_population,gen,auto_swe_124060_b769fc6369b0,124060,SwissWatchExpo,https://cdn.swisswatchexpo.com/productphotos/5/7/rolex-submariner-no-date-steel-ceramic-bezel-mens-watch-124060-80219_7ee66.jpg
531bbfa97d5559b8,images/53/531bbfa97d5559b8d39e73d6ad4562deb1bd876ca26e3305d8b1c55fc986a8e3.jpg,accepted,900,900,,true,261.10214,0.99629,0.17263,55,12,263.95635,true,10,-0.19716,-1.56515,1.57752,-0.00990,-0.00104,true,,-0.02551,-0.06891,-0.02514,-0.06850,0.07297,0.06891,-0.02551,1.46286,-1.46351,0.17972,0.24071,,1.00000,1.00000,0.08413,0.44132,0.39840,true,,-0.50368,-1.64969,-0.51087,-1.66316,1.73985,-0.50368,-1.64969,0.29830,-0.28245,-0.09275,0.05155,,1.00000,1.00000,true,,-2.88650,-0.31598,-2.90898,-0.33874,2.92864,-0.31598,2.88650,2.99663,1.25716,2.68874,2.37503,,1.00000,0.90000,true,,0.36012,-2.13003,0.38238,-2.14352,2.17736,-0.36012,2.13003,0.79935,-0.54168,0.58038,0.10041,,1.00000,1.00000,true,,-1.01964,-1.92507,-1.01492,-1.91828,2.17022,1.15734,-1.84557,0.88974,-0.06590,-0.89061,,-0.88355,0.72222,1.00000,false,hand/occluder crosses outline (clean 0.78),,,,,,,,,,,,,0.54167,0.77778,true,,-0.05515,-1.86390,-0.06281,-1.89085,1.89189,-0.97971,-1.58661,0.34093,-0.00739,-0.33822,,-0.30059,0.81944,1.00000,true,,0.10412,-1.55858,0.10310,-1.58976,1.59310,-1.29770,-0.86946,0.31543,0.16945,-0.26333,,-0.10335,0.77778,1.00000,true,,-0.04055,-1.37292,-0.03150,-1.40192,1.40228,-1.16870,0.72158,0.24948,0.09705,-0.22559,,-0.12056,0.80556,1.00000,true,,0.03088,-1.34055,0.04405,-1.36088,1.36159,-0.69702,1.14551,0.30816,-0.07352,-0.29649,,-0.10373,0.77778,1.00000,true,,-0.15936,-1.49311,-0.14475,-1.49334,1.50034,0.88456,1.21339,0.05268,-0.04524,-0.02721,,-0.14711,0.75000,1.00000,true,,0.49104,-1.65309,0.49934,-1.63928,1.71364,1.18610,1.25180,0.69187,-0.23854,0.65346,,-0.78791,0.75000,1.00000,934,genuine_population,gen,auto_swe_124060_b769fc6369b0,124060,SwissWatchExpo,https://cdn.swisswatchexpo.com/productphotos/5/7/rolex-submariner-no-date-steel-ceramic-bezel-mens-watch-124060-80219_fecd0_md.jpg
3c699da2e30eb356,images/3c/3c699da2e30eb3563b7cc806fe28ef6b4e6759082e76754403c40778e99ccbe2.jpg,accepted,3200,3200,,true,583.42354,0.99640,0.14344,55,12,589.86957,true,7,-0.14623,-3.60175,3.60472,-0.01263,-0.01038,true,,-0.05750,-0.04825,-0.05697,-0.04824,0.07465,0.04825,-0.05750,3.44515,-3.46797,0.18419,0.26484,,1.00000,1.00000,0.08415,0.45285,0.29106,true,,-0.46760,-3.85463,-0.48453,-3.88222,3.91234,-0.46760,-3.85463,0.32485,-0.25475,-0.19777,0.10755,,1.00000,1.00000,true,,-6.23366,-0.90260,-6.28191,-0.95680,6.35436,-0.90260,6.23366,6.80037,2.72971,6.15847,2.39590,,0.95238,0.90000,true,,0.87697,-4.62903,0.92577,-4.65869,4.74978,-0.87697,4.62903,1.50780,-0.97672,1.13438,0.40882,,0.90476,1.00000,false,outline coverage 0.54; 7/8 octants,,,,,,,,,,,,,0.54167,1.00000,false,hand/occluder crosses outline (clean 0.76),,,,,,,,,,,,,0.45833,0.75556,true,,-0.29302,-4.24392,-0.31085,-4.30661,4.31781,-2.37573,-3.52883,0.58612,-0.39188,-0.42335,,-0.85108,0.79167,1.00000,true,,0.38555,-3.70593,0.38420,-3.77966,3.79913,-3.01666,-2.18686,0.50132,0.21880,-0.44741,,-0.55366,0.61111,1.00000,false,outline coverage 0.63; 6/8 octants,,,,,,,,,,,,,0.62500,1.00000,true,,0.01673,-2.82339,0.04427,-2.86703,2.86737,-1.42618,2.43676,0.72231,0.28695,-0.65116,,-0.28086,0.63889,1.00000,true,,-0.31549,-3.38300,-0.28248,-3.38401,3.39578,1.96472,2.77202,0.18940,0.10209,-0.15960,,-0.41908,0.62500,1.00000,false,outline coverage 0.57; 7/8 octants,,,,,,,,,,,,,0.56944,0.84444,1462,genuine_population,gen,auto_swe_124060_b769fc6369b0,124060,SwissWatchExpo,https://cdn.swisswatchexpo.com/productphotos/5/7/rolex-submariner-no-date-steel-ceramic-bezel-mens-watch-124060-80219_f0ed4.jpg
abf0ce24a5339bfd,images/ab/abf0ce24a5339bfd0e0f3923e883f6f1287b96dc0361b282b99de22f684b56c9.jpg,pose_rejected,3200,3200,physical black-dial boundary not found,false,,,,0,0,,,,,,,,,,,,,,,,,,,,,,,,,,,,,,,,,,,,,,,,,,,,,,,,,,,,,,,,,,,,,,,,,,,,,,,,,,,,,,,,,,,,,,,,,,,,,,,,,,,,,,,,,,,,,,,,,,,,,,,,,,,,,,,,,,,,,,,,,,,,,,,,,,,,,,,,,,,,,,,,,,,,,,,,,,,,,,,,,,,,,,,,,,,,,,,,,,,,,,,,,,,,,genuine_population,gen,auto_swe_124060_b769fc6369b0,124060,SwissWatchExpo,https://cdn.swisswatchexpo.com/productphotos/5/7/rolex-submariner-no-date-steel-ceramic-bezel-mens-watch-124060-80219_2aacb.jpg
21433f387b38ebe6,images/21/21433f387b38ebe674f642a825430b1f73ba65dee9facb2758934f0797ec778d.jpg,missing,,,,,,,,,,,,,,,,,,,,,,,,,,,,,,,,,,,,,,,,,,,,,,,,,,,,,,,,,,,,,,,,,,,,,,,,,,,,,,,,,,,,,,,,,,,,,,,,,,,,,,,,,,,,,,,,,,,,,,,,,,,,,,,,,,,,,,,,,,,,,,,,,,,,,,,,,,,,,,,,,,,,,,,,,,,,,,,,,,,,,,,,,,,,,,,,,,,,,,,,,,,,,,,,,,,,,,genuine_population,gen,auto_swe_124060_b769fc6369b0,124060,SwissWatchExpo,https://cdn.swisswatchexpo.com/productphotos/5/7/rolex-submariner-no-date-steel-ceramic-bezel-mens-watch-124060-80219_62bcf.jpg
cf9e8ff78463af50,images/cf/cf9e8ff78463af507b03c2d05c753d8e58ea6e5b34c6453623488d06946b9f4e.jpg,pose_rejected,2237,2237,overlay unavailable: 12 direction could not be established (minute-lattice branch unknown),false,,,,0,0,,,,,,,,,,,,,,,,,,,,,,,,,,,,,,,,,,,,,,,,,,,,,,,,,,,,,,,,,,,,,,,,,,,,,,,,,,,,,,,,,,,,,,,,,,,,,,,,,,,,,,,,,,,,,,,,,,,,,,,,,,,,,,,,,,,,,,,,,,,,,,,,,,,,,,,,,,,,,,,,,,,,,,,,,,,,,,,,,,,,,,,,,,,,,,,,,,,,,,,,,,,,,genuine_population,gen,auto_swe_124060_b769fc6369b0,124060,SwissWatchExpo,https://cdn.swisswatchexpo.com/productphotos/5/7/rolex-submariner-no-date-steel-ceramic-bezel-mens-watch-124060-80219_14399.jpg
72483a476c62cf9e,images/72/72483a476c62cf9e40039e089a7dfab440c4e8f1c302fa11238458c40c73047c.jpg,accepted,900,900,,true,164.07101,0.99554,0.12451,55,12,165.74175,true,10,-0.16220,-1.04160,1.05416,0.10251,0.00432,true,,0.05072,-0.15735,0.05079,-0.15571,0.16379,0.15735,0.05072,1.02498,-1.01194,0.20570,0.32289,,1.00000,1.00000,0.03780,0.46790,-0.17722,true,,0.06062,-1.35388,0.05455,-1.36217,1.36326,0.06062,-1.35388,0.34478,0.09662,-0.32987,0.18530,,1.00000,1.00000,true,,-1.92522,-0.12794,-1.94009,-0.14167,1.94526,-0.12794,1.92522,1.93281,0.77660,1.75075,2.35927,,0.95238,0.93333,true,,-0.01921,-1.41986,-0.00499,-1.43029,1.43030,0.01921,1.41986,0.46972,-0.27474,0.37685,-0.18743,,1.00000,1.00000,true,,-0.47441,-1.23045,-0.47259,-1.22519,1.31318,0.82839,-1.02607,0.39402,-0.12240,-0.37662,,-0.38006,0.84722,1.00000,false,hand/occluder crosses outline (clean 0.79),,,,,,,,,,,,,0.68056,0.78889,true,,0.03191,-1.20388,0.02724,-1.22090,1.22120,-0.57430,-1.05854,0.26428,-0.05291,-0.25616,,-0.12996,0.86111,1.00000,true,,0.09890,-0.99251,0.09846,-1.01208,1.01686,-0.81009,-0.58190,0.22156,0.02921,-0.21820,,-0.04921,0.81944,1.00000,true,,-0.05367,-0.81269,-0.04860,-0.82989,0.83131,-0.67698,0.45283,0.21930,-0.00265,-0.21697,,0.00623,0.84722,1.00000,true,,-0.15164,-0.86282,-0.14418,-0.87677,0.88855,-0.30008,0.82304,0.17815,-0.06443,-0.16467,,-0.01456,0.81944,1.00000,true,,-0.19479,-1.11680,-0.18376,-1.11745,1.13246,0.72709,0.86978,0.08480,-0.07078,0.04705,,-0.09595,0.93056,1.00000,true,,0.09269,-1.02500,0.09891,-1.01791,1.02271,0.84133,0.59277,0.34283,-0.27443,0.20872,,-0.30293,0.81944,1.00000,670,genuine_population,gen,auto_swe_124060_b769fc6369b0,124060,SwissWatchExpo,https://cdn.swisswatchexpo.com/productphotos/5/7/rolex-submariner-no-date-steel-ceramic-bezel-mens-watch-124060-80219_f0ed4_md.jpg
8a8177a3f3fd5b71,images/8a/8a8177a3f3fd5b717cb45ebc8a648314dbfd2d2543461f5b355c1d7b941b02df.jpg,pose_rejected,900,900,overlay unavailable: inner-end lattice evidence insufficient,false,,,,0,0,,,,,,,,,,,,,,,,,,,,,,,,,,,,,,,,,,,,,,,,,,,,,,,,,,,,,,,,,,,,,,,,,,,,,,,,,,,,,,,,,,,,,,,,,,,,,,,,,,,,,,,,,,,,,,,,,,,,,,,,,,,,,,,,,,,,,,,,,,,,,,,,,,,,,,,,,,,,,,,,,,,,,,,,,,,,,,,,,,,,,,,,,,,,,,,,,,,,,,,,,,,,,genuine_population,gen,auto_swe_124060_b769fc6369b0,124060,SwissWatchExpo,https://cdn.swisswatchexpo.com/productphotos/5/7/rolex-submariner-no-date-steel-ceramic-bezel-mens-watch-124060-80219_2aacb_md.jpg
37538979358e4224,images/37/37538979358e42240c79919089162e0d1264879060df9d43a0fe7f6b0b0cdb29.jpg,pose_rejected,900,900,overlay unavailable: 12 direction could not be established (minute-lattice branch unknown),false,,,,0,0,,,,,,,,,,,,,,,,,,,,,,,,,,,,,,,,,,,,,,,,,,,,,,,,,,,,,,,,,,,,,,,,,,,,,,,,,,,,,,,,,,,,,,,,,,,,,,,,,,,,,,,,,,,,,,,,,,,,,,,,,,,,,,,,,,,,,,,,,,,,,,,,,,,,,,,,,,,,,,,,,,,,,,,,,,,,,,,,,,,,,,,,,,,,,,,,,,,,,,,,,,,,,genuine_population,gen,auto_swe_124060_b769fc6369b0,124060,SwissWatchExpo,https://cdn.swisswatchexpo.com/productphotos/5/7/rolex-submariner-no-date-steel-ceramic-bezel-mens-watch-124060-80219_62bcf_md.jpg
f27a64f84579f41b,images/f2/f27a64f84579f41b3a80a0abcbcf9fb0922312f3911407d9ebeed1ba95e621ca.jpg,accepted,2390,2390,,true,676.47747,0.99272,0.29682,55,12,679.53051,true,10,-0.72170,-2.90109,2.98951,-0.13196,-0.01937,true,,-1.84402,0.17369,-1.83522,0.15592,1.84183,-0.17369,-1.84402,2.49746,-2.36332,-0.91844,0.50344,,1.00000,1.00000,0.44248,0.67011,0.88420,true,,-1.05057,-3.35275,-1.04614,-3.34613,3.50585,-1.05057,-3.35275,0.45873,0.37205,-0.27210,0.51670,,0.90476,1.00000,true,,-4.99509,0.19671,-5.03122,0.16432,5.03390,0.19671,4.99509,5.86990,3.78360,4.42756,2.06676,,0.90476,0.93333,true,,1.05915,-2.75827,1.09796,-2.74198,2.95363,-1.05915,2.75827,1.12343,-1.12044,0.02646,0.53728,,0.85714,1.00000,true,,-1.91105,-3.93065,-1.88524,-3.88680,4.31988,2.44852,-3.62034,1.66904,1.03217,-1.33774,,-0.51684,0.65278,1.00000,false,hand/occluder crosses outline (clean 0.69),,,,,,,,,,,,,0.58333,0.68889,true,,-1.45616,-3.78611,-1.45418,-3.80476,4.07318,-3.15413,-2.55079,0.39639,-0.32893,-0.21796,,-0.32539,0.93056,1.00000,true,,-0.38051,-3.42499,-0.36901,-3.45231,3.47198,-3.15639,-1.38296,0.60504,0.46099,-0.38546,,-0.30961,0.93056,1.00000,true,,-0.67536,-3.52402,-0.64309,-3.55652,3.61419,-2.71421,2.34689,0.47000,0.16122,0.43817,,-0.07823,0.75000,1.00000,true,,-0.18725,-3.63439,-0.14146,-3.64800,3.65075,-1.65503,3.24110,0.55339,-0.11493,0.54020,,-0.46390,0.76389,1.00000,true,,-0.41407,-2.32943,-0.38400,-2.31056,2.34225,1.52331,1.81031,0.21625,0.15719,-0.14864,,-0.47878,0.66667,1.00000,true,,0.18400,-0.97437,0.19330,-0.95889,0.97818,0.75183,0.64653,1.38896,-1.40648,0.02291,,-1.31119,0.63889,1.00000,1646,genuine_population,gen,auto_swe_124060_053392110b92,124060,SwissWatchExpo,https://cdn.swisswatchexpo.com/productphotos/11/19/rolex-submariner-non-date-ceramic-bezel-steel-mens-watch-124060-47665_aada7.jpg
c321f6173f473250,images/c3/c321f6173f47325053621bff8791d89564d869d1426be3a8e55f6e427047b426.jpg,accepted,900,900,,true,264.05917,0.98193,0.19464,55,12,255.73254,true,10,-0.35258,-0.97995,1.04145,-0.09943,-0.02004,true,,-0.68251,0.03366,-0.67906,0.02752,0.67961,-0.03366,-0.68251,0.83627,-0.81125,-0.25167,0.54134,,1.00000,1.00000,0.44752,0.66831,0.66078,true,,-0.37885,-1.19137,-0.37722,-1.18907,1.24747,-0.37885,-1.19137,0.22352,0.17353,-0.14269,0.13682,,1.00000,1.00000,true,,-1.82227,-0.00038,-1.83517,-0.01270,1.83522,-0.00038,1.82227,1.94424,1.17344,1.53079,2.17829,,0.85714,0.96667,true,,0.29867,-0.95505,0.31215,-0.95005,1.00001,-0.29867,0.95505,0.46830,-0.46501,0.04213,0.48016,,1.00000,1.00000,true,,-1.05524,-1.41729,-1.04383,-1.40442,1.74985,0.69979,-1.62251,0.77797,0.23695,-0.74813,,-0.27861,0.84722,1.00000,false,hand/occluder crosses outline (clean 0.68),,,,,,,,,,,,,0.66667,0.67778,true,,-0.46141,-1.35267,-0.46049,-1.35898,1.43488,-1.07593,-0.94074,0.20969,-0.06743,-0.19827,,0.04448,0.95833,1.00000,true,,-0.04959,-1.17168,-0.04514,-1.18063,1.18149,-1.03950,-0.54289,0.35319,0.19645,-0.29096,,0.11470,1.00000,1.00000,true,,-0.23613,-1.30605,-0.22398,-1.31825,1.33714,-1.01300,0.85752,0.18888,-0.13641,0.12866,,0.10747,0.94444,1.00000,true,,-0.10085,-1.33548,-0.08405,-1.34096,1.34360,-0.58040,1.20699,0.31861,-0.19435,0.25067,,-0.02064,0.97222,1.00000,true,,0.13489,-0.63711,0.14293,-0.63006,0.64607,0.20174,0.61919,0.39181,-0.39300,0.02224,,-0.18524,0.93056,1.00000,true,,-0.17023,-0.50091,-0.16436,-0.49510,0.52167,0.51892,0.10303,0.29942,-0.30328,-0.00339,,-0.33002,0.97222,1.00000,1106,genuine_population,gen,auto_swe_124060_053392110b92,124060,SwissWatchExpo,https://cdn.swisswatchexpo.com/productphotos/11/19/rolex-submariner-non-date-ceramic-bezel-steel-mens-watch-124060-47665_18f88_md.jpg
afdea66df8e58c0f,images/af/afdea66df8e58c0f85e0c4907d415fa3a72264e95606ea05d5fc52a81bfcbb0f.jpg,accepted,3200,3200,,true,552.11632,0.99270,0.22915,55,12,554.23234,true,10,-0.59281,-2.37770,2.45049,-0.12533,-0.02093,true,,-1.53304,0.18701,-1.52595,0.17168,1.53557,-0.18701,-1.53304,2.12088,-2.01402,-0.76169,0.51175,,1.00000,1.00000,0.44888,0.69684,0.95155,true,,-0.79263,-2.70916,-0.78887,-2.70336,2.81611,-0.79263,-2.70916,0.38402,0.34424,-0.17339,0.55602,,1.00000,1.00000,true,,-3.99441,0.13339,-4.02251,0.10693,4.02393,0.13339,3.99441,4.70275,3.04280,3.53848,2.09295,,0.95238,0.93333,true,,0.86241,-2.25012,0.89382,-2.23645,2.40844,-0.86241,2.25012,0.94696,-0.94471,0.02164,0.58280,,0.85714,1.00000,true,,-1.57655,-3.22113,-1.55516,-3.18528,3.54465,2.00130,-2.97590,1.34244,0.80826,-1.09224,,-0.42995,0.66667,1.00000,false,hand/occluder crosses outline (clean 0.68),,,,,,,,,,,,,0.58333,0.68333,true,,-1.19958,-3.14988,-1.19764,-3.16513,3.38414,-2.61381,-2.12809,0.39012,-0.32969,-0.20522,,-0.30383,0.95833,1.00000,true,,-0.27301,-2.79723,-0.26318,-2.81890,2.83116,-2.55898,-1.16218,0.50499,0.37394,-0.33435,,-0.21232,0.98611,1.00000,true,,-0.57233,-2.86100,-0.54612,-2.88694,2.93814,-2.19154,1.92615,0.39705,0.13180,0.37185,,-0.05590,0.84722,1.00000,true,,-0.08882,-3.01171,-0.05051,-3.02185,3.02227,-1.42893,2.65263,0.49361,-0.20064,0.44953,,-0.43323,0.86111,1.00000,true,,-0.33112,-1.88925,-0.30666,-1.87367,1.89860,1.23138,1.47058,0.14520,0.07755,-0.12293,,-0.33176,0.65278,1.00000,true,,0.05713,-0.93569,0.06656,-0.92174,0.92414,0.78176,0.51733,1.00809,-1.02086,0.01886,,-1.15697,0.75000,1.00000,1521,genuine_population,gen,auto_swe_124060_053392110b92,124060,SwissWatchExpo,https://cdn.swisswatchexpo.com/productphotos/11/19/rolex-submariner-non-date-ceramic-bezel-steel-mens-watch-124060-47665_9ac0313a3d.jpg
3514a2d4c5549bd5,images/35/3514a2d4c5549bd50990e6c7d27d61c3c94739881c234d46f9dbd752970738b7.jpg,pose_rejected,3200,3200,physical black-dial boundary not found,false,,,,0,0,,,,,,,,,,,,,,,,,,,,,,,,,,,,,,,,,,,,,,,,,,,,,,,,,,,,,,,,,,,,,,,,,,,,,,,,,,,,,,,,,,,,,,,,,,,,,,,,,,,,,,,,,,,,,,,,,,,,,,,,,,,,,,,,,,,,,,,,,,,,,,,,,,,,,,,,,,,,,,,,,,,,,,,,,,,,,,,,,,,,,,,,,,,,,,,,,,,,,,,,,,,,,genuine_population,gen,auto_swe_124060_053392110b92,124060,SwissWatchExpo,https://cdn.swisswatchexpo.com/productphotos/11/19/rolex-submariner-non-date-ceramic-bezel-steel-mens-watch-124060-47665_65cb3.jpg
d54ef17175a0a94f,images/d5/d54ef17175a0a94f6151ab5f2870bc3ff93749f6ba491e9cbddceb80099197db.jpg,pose_rejected,3200,3200,overlay unavailable: 12 direction could not be established (minute-lattice branch unknown),false,,,,0,0,,,,,,,,,,,,,,,,,,,,,,,,,,,,,,,,,,,,,,,,,,,,,,,,,,,,,,,,,,,,,,,,,,,,,,,,,,,,,,,,,,,,,,,,,,,,,,,,,,,,,,,,,,,,,,,,,,,,,,,,,,,,,,,,,,,,,,,,,,,,,,,,,,,,,,,,,,,,,,,,,,,,,,,,,,,,,,,,,,,,,,,,,,,,,,,,,,,,,,,,,,,,,genuine_population,gen,auto_swe_124060_053392110b92,124060,SwissWatchExpo,https://cdn.swisswatchexpo.com/productphotos/11/19/rolex-submariner-non-date-ceramic-bezel-steel-mens-watch-124060-47665_3d6e4.jpg
a53dab49951b7c07,images/a5/a53dab49951b7c075c2de8b9d0d57caa153916b99ebb33f69ecddeade0a5157c.jpg,pose_rejected,2879,2879,physical black-dial boundary not found,false,,,,0,0,,,,,,,,,,,,,,,,,,,,,,,,,,,,,,,,,,,,,,,,,,,,,,,,,,,,,,,,,,,,,,,,,,,,,,,,,,,,,,,,,,,,,,,,,,,,,,,,,,,,,,,,,,,,,,,,,,,,,,,,,,,,,,,,,,,,,,,,,,,,,,,,,,,,,,,,,,,,,,,,,,,,,,,,,,,,,,,,,,,,,,,,,,,,,,,,,,,,,,,,,,,,,genuine_population,gen,auto_swe_124060_053392110b92,124060,SwissWatchExpo,https://cdn.swisswatchexpo.com/productphotos/11/19/rolex-submariner-non-date-ceramic-bezel-steel-mens-watch-124060-47665_01be1.jpg
cbf0cb6844dde503,images/cb/cbf0cb6844dde503d5b93a006446b53184a4079c7003d3b99f2a753f12aaec17.jpg,accepted,900,900,,true,160.75801,0.98551,0.16248,55,12,155.65082,true,10,-0.16191,-0.52046,0.54506,0.02473,-0.00204,true,,-0.30536,-0.05214,-0.30331,-0.05370,0.30802,0.05214,-0.30536,0.50991,-0.49976,-0.13527,0.67546,,1.00000,1.00000,0.48038,0.68627,0.01120,true,,0.13208,-0.72001,0.13315,-0.71607,0.72834,0.13208,-0.72001,0.33022,0.26853,-0.19466,0.48603,,1.00000,0.90000,true,,-1.20725,0.33700,-1.21773,0.33150,1.26204,0.33700,1.20725,1.34455,0.82892,1.04578,2.11687,,0.80952,0.93333,true,,0.28345,-0.52945,0.29096,-0.52570,0.60085,-0.28345,0.52945,0.47940,-0.47834,0.01251,0.95782,,0.90476,1.00000,true,,-0.49038,-0.91434,-0.48389,-0.90474,1.02601,0.54665,-0.88185,0.49131,0.14685,-0.47331,,-0.05210,0.93056,1.00000,false,hand/occluder crosses outline (clean 0.67),,,,,,,,,,,,,0.69444,0.67222,true,,-0.12073,-0.72493,-0.11962,-0.72736,0.73713,-0.46702,-0.56744,0.21651,-0.09429,-0.19445,,0.18604,0.95833,1.00000,true,,0.12209,-0.54610,0.12513,-0.54909,0.56317,-0.41189,-0.37878,0.27420,0.09095,-0.25718,,0.20717,0.98611,1.00000,true,,-0.17936,-0.59254,-0.17423,-0.59824,0.62309,-0.42348,0.45160,0.10155,-0.08630,0.05206,,0.24678,0.91667,1.00000,true,,-0.14330,-0.75873,-0.13416,-0.76208,0.77380,-0.25527,0.72873,0.26257,-0.16949,0.19907,,0.11839,0.86111,1.00000,true,,0.01105,-0.37788,0.01586,-0.37423,0.37457,0.17937,0.33278,0.25612,-0.25599,-0.03121,,0.06533,0.95833,1.00000,true,,-0.13080,-0.33568,-0.12674,-0.33195,0.35532,0.35610,0.05457,0.21420,-0.20937,-0.05803,,-0.02530,0.84722,1.00000,717,genuine_population,gen,auto_swe_124060_053392110b92,124060,SwissWatchExpo,https://cdn.swisswatchexpo.com/productphotos/11/19/rolex-submariner-non-date-ceramic-bezel-steel-mens-watch-124060-47665_9ac0313a3d_md.jpg
15c91d474acee081,images/15/15c91d474acee081935bec58ac48e43d06a80ce730d54cd9a8abe1c9b16e8556.jpg,pose_rejected,900,900,overlay unavailable: inner-end lattice evidence insufficient,false,,,,0,0,,,,,,,,,,,,,,,,,,,,,,,,,,,,,,,,,,,,,,,,,,,,,,,,,,,,,,,,,,,,,,,,,,,,,,,,,,,,,,,,,,,,,,,,,,,,,,,,,,,,,,,,,,,,,,,,,,,,,,,,,,,,,,,,,,,,,,,,,,,,,,,,,,,,,,,,,,,,,,,,,,,,,,,,,,,,,,,,,,,,,,,,,,,,,,,,,,,,,,,,,,,,,genuine_population,gen,auto_swe_124060_053392110b92,124060,SwissWatchExpo,https://cdn.swisswatchexpo.com/productphotos/11/19/rolex-submariner-non-date-ceramic-bezel-steel-mens-watch-124060-47665_65cb3_md.jpg
eae7e5912883148b,images/ea/eae7e5912883148b3dc7c442fd89a8922efe41287e2d2fd246cd4e22d5cad30a.jpg,pose_rejected,900,900,overlay unavailable: inner-end lattice evidence insufficient,false,,,,0,0,,,,,,,,,,,,,,,,,,,,,,,,,,,,,,,,,,,,,,,,,,,,,,,,,,,,,,,,,,,,,,,,,,,,,,,,,,,,,,,,,,,,,,,,,,,,,,,,,,,,,,,,,,,,,,,,,,,,,,,,,,,,,,,,,,,,,,,,,,,,,,,,,,,,,,,,,,,,,,,,,,,,,,,,,,,,,,,,,,,,,,,,,,,,,,,,,,,,,,,,,,,,,genuine_population,gen,auto_swe_124060_053392110b92,124060,SwissWatchExpo,https://cdn.swisswatchexpo.com/productphotos/11/19/rolex-submariner-non-date-ceramic-bezel-steel-mens-watch-124060-47665_3d6e4_md.jpg
5e97eb15aa3ce07d,images/5e/5e97eb15aa3ce07d73db1c429684629731fda8a4767d8b4fc58e8f2c3a1b2cdc.jpg,accepted,2566,2566,,true,761.68720,0.98940,0.33449,55,12,776.67369,true,8,-0.92419,-1.89294,2.10650,-0.08881,-0.00385,true,,-2.57799,1.69349,-2.57358,1.65612,3.06040,-1.69349,-2.57799,3.39842,-3.06762,-1.59573,-0.19028,,0.95238,1.00000,-0.24218,-0.08455,0.00416,true,,-1.03214,-1.71686,-1.02758,-1.69094,1.97869,-1.03214,-1.71686,0.49607,0.43205,0.24808,0.34861,,1.00000,1.00000,true,,-1.18334,-1.73010,-1.17242,-1.71668,2.07884,-1.73010,1.18334,0.76809,0.71886,0.28233,0.29231,,1.00000,1.00000,true,,-0.42727,-1.03551,-0.41303,-1.01627,1.09700,0.42727,1.03551,0.83476,0.01028,-0.85027,-0.36321,,0.90476,1.00000,false,outline coverage 0.50; 7/8 octants,,,,,,,,,,,,,0.50000,0.90000,false,hand/occluder crosses outline (clean 0.72),,,,,,,,,,,,,0.62500,0.72222,true,,-1.92909,-2.75902,-1.92488,-2.73048,3.34076,-3.05015,-1.42484,0.73160,-0.71170,-0.18530,,-0.47307,0.77778,1.00000,true,,-0.57780,-2.47023,-0.56667,-2.45008,2.51475,-2.42818,-0.73472,0.60992,0.27072,-0.54420,,-0.51789,0.83333,1.00000,true,,-0.73789,-3.23945,-0.70650,-3.20679,3.28370,-2.43650,2.25876,0.84734,-0.67819,0.52392,,-0.56833,0.76389,1.00000,true,,-0.63279,-2.43375,-0.60358,-2.39968,2.47442,-0.66886,2.42408,0.32622,0.04043,0.32879,,-0.91790,0.93056,1.00000,true,,-0.38414,-1.75745,-0.36185,-1.71735,1.75505,1.21140,1.32993,0.17300,-0.00466,0.17523,,-0.94263,0.69444,1.00000,false,outline coverage 0.60; 7/8 octants,,,,,,,,,,,,,0.59722,0.88333,1678,genuine_population,gen,auto_swe_124060_09937175f4aa,124060,SwissWatchExpo,https://cdn.swisswatchexpo.com/productphotos/5/14/rolex-submariner-non-date-ceramic-bezel-steel-mens-watch-124060-box-card-70263_c79e4.jpg
5eaf2ff81c7622bc,images/5e/5eaf2ff81c7622bc2ac863780a2a9e054998a84a244efe79ad1efa60733aea1f.jpg,accepted,900,900,,true,266.98486,0.98935,0.19119,55,12,272.31397,true,10,-0.30255,-0.62847,0.69750,-0.13926,-0.01374,true,,-0.94331,0.42927,-0.94040,0.42032,1.03006,-0.42927,-0.94331,0.94913,-0.76542,-0.58309,-0.22472,,1.00000,1.00000,-0.25369,-0.09169,0.15111,true,,-0.53754,-0.57074,-0.53619,-0.56212,0.77684,-0.53754,-0.57074,0.12994,0.05835,0.11805,0.07120,,1.00000,0.96667,true,,-0.40889,-0.57415,-0.40525,-0.56972,0.69915,-0.57415,0.40889,0.38170,0.35293,0.15045,0.03967,,1.00000,1.00000,true,,0.24483,-0.31263,0.24697,-0.30686,0.39391,-0.24483,0.31263,0.37639,-0.26498,-0.27701,-0.44834,,1.00000,0.96667,true,,-0.81096,-0.95975,-0.80253,-0.93625,1.23314,0.42569,-1.18218,0.62375,0.33467,-0.54268,,-0.52938,0.84722,1.00000,false,hand/occluder crosses outline (clean 0.71),,,,,,,,,,,,,0.70833,0.71111,true,,-0.61308,-1.00772,-0.61114,-0.99720,1.16957,-1.03480,-0.56617,0.17830,-0.13990,-0.11347,,-0.11511,0.94444,1.00000,true,,-0.17528,-0.79526,-0.17158,-0.78873,0.80718,-0.77635,-0.24583,0.27721,0.23977,-0.13984,,-0.03381,1.00000,1.00000,true,,-0.31855,-1.18466,-0.30697,-1.17280,1.21231,-0.86667,0.86820,0.36654,-0.15857,0.33498,,-0.10103,1.00000,1.00000,true,,-0.21736,-0.89394,-0.20664,-0.88145,0.90535,-0.25873,0.88286,0.24742,0.10266,0.22841,,-0.29039,0.95833,1.00000,true,,-0.05913,-0.63863,-0.05162,-0.62419,0.62632,0.37053,0.52351,0.19550,0.09270,0.17708,,-0.43558,0.98611,1.00000,true,,0.15909,0.14923,0.15643,0.14526,0.21347,-0.20878,0.06316,0.59630,-0.60783,0.06345,,-0.39372,0.87500,1.00000,984,genuine_population,gen,auto_swe_124060_09937175f4aa,124060,SwissWatchExpo,https://cdn.swisswatchexpo.com/productphotos/5/14/rolex-submariner-non-date-ceramic-bezel-steel-mens-watch-124060-box-card-70263_78084_md.jpg
1d9060e2f0ed6313,images/1d/1d9060e2f0ed6313c5f59653e24f555d5ff4d1bb84e8ba6472478ca78d04847e.jpg,accepted,3200,3200,,true,572.29998,0.98936,0.24099,55,12,583.57040,true,10,-0.71196,-1.33229,1.51059,-0.13962,-0.01282,true,,-1.91507,1.22222,-1.91151,1.19540,2.25452,-1.22222,-1.91507,2.17530,-1.92625,-1.08695,-0.17310,,0.95238,1.00000,-0.23491,-0.08304,-0.07099,true,,-1.02473,-1.28508,-1.02159,-1.26563,1.62648,-1.02473,-1.28508,0.35842,0.31750,0.16925,0.28702,,1.00000,1.00000,true,,-0.86272,-1.32318,-0.85421,-1.31282,1.56626,-1.32318,0.86272,0.68874,0.65050,0.23814,0.29830,,1.00000,1.00000,true,,-0.05298,-0.81389,-0.04341,-0.79875,0.79993,0.05298,0.81389,0.43644,-0.05225,-0.44213,-0.30008,,0.95238,1.00000,true,,-1.85611,-1.60082,-1.84001,-1.56050,2.41263,0.45830,-2.40784,1.02550,0.30945,-0.99721,,-1.24340,0.61111,0.96667,false,hand/occluder crosses outline (clean 0.72),,,,,,,,,,,,,0.70833,0.72222,true,,-1.43512,-2.08265,-1.43181,-2.06107,2.50960,-2.28418,-1.08607,0.35575,-0.31691,-0.16804,,-0.42550,0.86111,1.00000,true,,-0.42134,-1.88676,-0.41269,-1.87132,1.91629,-1.84465,-0.57848,0.55143,0.35374,-0.42139,,-0.38656,0.87500,1.00000,true,,-0.58258,-2.43818,-0.55879,-2.41356,2.47740,-1.82024,1.72362,0.62162,-0.34557,0.52554,,-0.41301,0.77778,1.00000,true,,-0.44871,-1.86537,-0.42632,-1.83914,1.88790,-0.54409,1.83981,0.43870,0.16964,0.41061,,-0.71125,0.94444,1.00000,true,,-0.32420,-1.38581,-0.30636,-1.35407,1.38830,0.97367,1.03805,0.45849,0.33222,0.33257,,-0.80985,0.79167,1.00000,true,,0.49758,0.37753,0.49004,0.36722,0.61237,-0.57574,0.24215,1.44451,-1.44831,0.29760,,-1.21380,0.70833,1.00000,1512,genuine_population,gen,auto_swe_124060_09937175f4aa,124060,SwissWatchExpo,https://cdn.swisswatchexpo.com/productphotos/5/14/rolex-submariner-non-date-ceramic-bezel-steel-mens-watch-124060-box-card-70263_d8967.jpg
a671550fba4c5cec,images/a6/a671550fba4c5cec0e59cb822c23aa1ab3ee93da86f41d7cd1adcd5aaf8f206f.jpg,pose_rejected,3200,3200,overlay unavailable: 12 direction could not be established (minute-lattice branch unknown),false,,,,0,0,,,,,,,,,,,,,,,,,,,,,,,,,,,,,,,,,,,,,,,,,,,,,,,,,,,,,,,,,,,,,,,,,,,,,,,,,,,,,,,,,,,,,,,,,,,,,,,,,,,,,,,,,,,,,,,,,,,,,,,,,,,,,,,,,,,,,,,,,,,,,,,,,,,,,,,,,,,,,,,,,,,,,,,,,,,,,,,,,,,,,,,,,,,,,,,,,,,,,,,,,,,,,genuine_population,gen,auto_swe_124060_09937175f4aa,124060,SwissWatchExpo,https://cdn.swisswatchexpo.com/productphotos/5/14/rolex-submariner-non-date-ceramic-bezel-steel-mens-watch-124060-box-card-70263_c1243.jpg
32c4b7f8f52b3ee4,images/32/32c4b7f8f52b3ee4d49c172cdc38051d519b56c323b08d43a9723ce56e822196.jpg,pose_rejected,3200,3200,physical black-dial boundary could not be fitted,false,,,,0,0,,,,,,,,,,,,,,,,,,,,,,,,,,,,,,,,,,,,,,,,,,,,,,,,,,,,,,,,,,,,,,,,,,,,,,,,,,,,,,,,,,,,,,,,,,,,,,,,,,,,,,,,,,,,,,,,,,,,,,,,,,,,,,,,,,,,,,,,,,,,,,,,,,,,,,,,,,,,,,,,,,,,,,,,,,,,,,,,,,,,,,,,,,,,,,,,,,,,,,,,,,,,,genuine_population,gen,auto_swe_124060_09937175f4aa,124060,SwissWatchExpo,https://cdn.swisswatchexpo.com/productphotos/5/14/rolex-submariner-non-date-ceramic-bezel-steel-mens-watch-124060-box-card-70263_6b8da.jpg
1b918e8c7efe2e2c,images/1b/1b918e8c7efe2e2c20e2bb0434c75413fd7c32456926a03ad106697163c7c30a.jpg,pose_rejected,3200,3200,physical black-dial boundary not found,false,,,,0,0,,,,,,,,,,,,,,,,,,,,,,,,,,,,,,,,,,,,,,,,,,,,,,,,,,,,,,,,,,,,,,,,,,,,,,,,,,,,,,,,,,,,,,,,,,,,,,,,,,,,,,,,,,,,,,,,,,,,,,,,,,,,,,,,,,,,,,,,,,,,,,,,,,,,,,,,,,,,,,,,,,,,,,,,,,,,,,,,,,,,,,,,,,,,,,,,,,,,,,,,,,,,,genuine_population,gen,auto_swe_124060_09937175f4aa,124060,SwissWatchExpo,https://cdn.swisswatchexpo.com/productphotos/5/14/rolex-submariner-non-date-ceramic-bezel-steel-mens-watch-124060-box-card-70263_d45c9.jpg
27628aadf410d2ab,images/27/27628aadf410d2ab8849462b8b98b29d0aaefa0c1fc455c64246595c21f1e111.jpg,accepted,900,900,,true,160.81103,0.98947,0.20006,55,12,163.95029,true,10,-0.17901,-0.42350,0.45978,-0.05689,-0.01931,true,,-0.48730,0.35914,-0.48701,0.35116,0.60041,-0.35914,-0.48730,0.74673,-0.71538,-0.26065,-0.13896,,1.00000,1.00000,-0.18818,-0.06581,-0.05238,true,,-0.18236,-0.50877,-0.18071,-0.50097,0.53256,-0.18236,-0.50877,0.07951,0.07094,-0.03605,0.04024,,1.00000,0.96667,true,,-0.25186,-0.14918,-0.25114,-0.14813,0.29157,-0.14918,0.25186,0.36689,0.35241,0.11130,0.99907,,0.85714,1.00000,true,,0.11614,-0.37338,0.11951,-0.36644,0.38543,-0.11614,0.37338,0.22696,-0.22783,-0.01546,-0.16624,,1.00000,0.93333,true,,-0.47896,-0.75982,-0.47320,-0.74201,0.88005,0.41854,-0.79470,0.42333,0.21261,-0.37632,,-0.24968,0.86111,1.00000,false,hand/occluder crosses outline (clean 0.69),,,,,,,,,,,,,0.72222,0.69444,true,,-0.30822,-0.66803,-0.30647,-0.66049,0.72813,-0.60094,-0.42442,0.17856,-0.15162,-0.09765,,0.01686,0.95833,1.00000,true,,-0.08431,-0.34896,-0.08270,-0.34575,0.35550,-0.34436,-0.10146,0.19426,0.19584,0.00083,,0.11065,1.00000,1.00000,true,,-0.25949,-0.61357,-0.25374,-0.60705,0.65794,-0.40162,0.53151,0.20582,-0.04391,0.20302,,0.04708,1.00000,1.00000,true,,-0.19486,-0.53693,-0.18860,-0.52923,0.56183,-0.09971,0.56243,0.14487,0.03353,0.14306,,-0.07097,0.94444,1.00000,true,,-0.03259,-0.39110,-0.02830,-0.38241,0.38346,0.22378,0.32241,0.11236,-0.07376,0.08553,,-0.14667,0.87500,1.00000,true,,-0.01828,-0.02791,-0.01789,-0.02721,0.03256,0.03331,-0.00187,0.34659,-0.35512,-0.01427,,-0.11445,1.00000,1.00000,673,genuine_population,gen,auto_swe_124060_09937175f4aa,124060,SwissWatchExpo,https://cdn.swisswatchexpo.com/productphotos/5/14/rolex-submariner-non-date-ceramic-bezel-steel-mens-watch-124060-box-card-70263_d8967_md.jpg
c98d3c808851baca,images/c9/c98d3c808851baca50b65abb1c90fef216bcbdaba0058d3830a9ba488139be28.jpg,pose_rejected,900,900,overlay unavailable: 12 direction could not be established (minute-lattice branch unknown),false,,,,0,0,,,,,,,,,,,,,,,,,,,,,,,,,,,,,,,,,,,,,,,,,,,,,,,,,,,,,,,,,,,,,,,,,,,,,,,,,,,,,,,,,,,,,,,,,,,,,,,,,,,,,,,,,,,,,,,,,,,,,,,,,,,,,,,,,,,,,,,,,,,,,,,,,,,,,,,,,,,,,,,,,,,,,,,,,,,,,,,,,,,,,,,,,,,,,,,,,,,,,,,,,,,,,genuine_population,gen,auto_swe_124060_09937175f4aa,124060,SwissWatchExpo,https://cdn.swisswatchexpo.com/productphotos/5/14/rolex-submariner-non-date-ceramic-bezel-steel-mens-watch-124060-box-card-70263_c1243_md.jpg
499858e39697fede,images/49/499858e39697fedea1471908ad4bc5112b9c03aad322ab25e497b8b2c6de6ec6.jpg,pose_rejected,900,900,overlay unavailable: 12 direction could not be established (minute-lattice branch unknown),false,,,,0,0,,,,,,,,,,,,,,,,,,,,,,,,,,,,,,,,,,,,,,,,,,,,,,,,,,,,,,,,,,,,,,,,,,,,,,,,,,,,,,,,,,,,,,,,,,,,,,,,,,,,,,,,,,,,,,,,,,,,,,,,,,,,,,,,,,,,,,,,,,,,,,,,,,,,,,,,,,,,,,,,,,,,,,,,,,,,,,,,,,,,,,,,,,,,,,,,,,,,,,,,,,,,,genuine_population,gen,auto_swe_124060_09937175f4aa,124060,SwissWatchExpo,https://cdn.swisswatchexpo.com/productphotos/5/14/rolex-submariner-non-date-ceramic-bezel-steel-mens-watch-124060-box-card-70263_6b8da_md.jpg
9e6811c0987db1f0,images/9e/9e6811c0987db1f0076e2ff4e20aecf41979d2a4d02b1d864a94e048ebe2a385.jpg,accepted,2413,2413,,true,708.04205,0.99827,0.25674,55,12,722.33115,true,8,-0.35970,-1.38366,1.42965,-0.03496,0.05209,true,,0.01855,1.51361,0.01370,1.48268,1.48274,-1.51361,0.01855,2.66428,-2.71429,-0.14083,0.00418,,1.00000,1.00000,-0.09168,0.16518,0.23848,true,,-0.87036,0.41633,-0.87160,0.41660,0.96604,-0.87036,0.41633,1.34615,-0.31328,1.32034,-0.26511,,0.95238,1.00000,false,hand/occluder crosses outline (clean 0.50),,,,,,,,,,,,,1.00000,0.50000,true,,0.16472,-2.01410,0.17749,-1.98511,1.99303,-0.16472,2.01410,0.35475,-0.33843,0.11315,-0.14326,,1.00000,0.96667,true,,-0.50384,-1.32686,-0.50030,-1.29930,1.39229,0.89718,-1.09977,0.61226,0.07074,-0.61634,,-1.12880,0.66667,1.00000,true,,0.01260,-0.56032,0.01229,-0.55260,0.55274,0.29108,-0.47895,0.39606,0.11173,0.38407,,-1.02107,0.66667,0.81667,true,,-0.90244,-1.39574,-0.90641,-1.38499,1.65522,-1.47941,-0.75753,0.36295,-0.25627,-0.25990,,-1.21352,0.77778,1.00000,true,,-0.46827,-1.29295,-0.46836,-1.28742,1.36996,-1.35386,-0.24094,0.46430,0.24887,-0.39039,,-1.05907,0.77778,1.00000,true,,-0.40194,-1.90404,-0.39077,-1.89114,1.93109,-1.44798,1.30011,0.32780,-0.21064,-0.25183,,-1.03777,0.80556,1.00000,false,outline coverage 0.63; 6/8 octants,,,,,,,,,,,,,0.62500,1.00000,true,,-0.42984,-2.16722,-0.41065,-2.12388,2.16321,1.45586,1.66195,0.63768,0.64363,0.09580,,-1.48376,0.65278,1.00000,false,outline coverage 0.58; 8/8 octants,,,,,,,,,,,,,0.58333,1.00000,1571,genuine_population,gen,auto_swe_124060_3d75dffe31f4,124060,SwissWatchExpo,https://cdn.swisswatchexpo.com/productphotos/5/5/rolex-submariner-non-date-ceramic-bezel-steel-mens-watch-124060-box-card-70059_d83f2.jpg
31fc7762c10c98fa,images/31/31fc7762c10c98fa2e611fd7ae8213b33079b8289486e9059e52733d17b13b69.jpg,accepted,900,900,,true,263.78795,0.99855,0.18386,55,12,269.27712,true,9,-0.16098,-0.50926,0.53410,-0.01446,0.02822,true,,0.04933,0.56675,0.04718,0.55499,0.55699,-0.56675,0.04933,1.03513,-1.05198,0.10654,0.02082,,1.00000,1.00000,-0.06998,0.14745,0.14991,true,,-0.37477,0.15202,-0.37535,0.15240,0.40511,-0.37477,0.15202,0.59185,-0.18202,0.56769,-0.51129,,1.00000,0.96667,false,hand/occluder crosses outline (clean 0.67),,,,,,,,,,,,,0.90476,0.66667,true,,0.41522,-0.69271,0.41631,-0.68443,0.80110,-0.41522,0.69271,0.54992,-0.54886,0.07570,-0.34906,,0.80952,0.96667,true,,-0.22242,-0.56051,-0.22086,-0.54892,0.59169,0.37420,-0.47288,0.18300,0.04031,-0.18128,,-0.34627,0.86111,1.00000,false,hand/occluder crosses outline (clean 0.79),,,,,,,,,,,,,0.79167,0.78889,true,,-0.24509,-0.50639,-0.24615,-0.50271,0.55974,-0.46545,-0.31600,0.06728,-0.03428,-0.05834,,-0.30719,0.88889,1.00000,true,,-0.00425,-0.45860,-0.00375,-0.45691,0.45692,-0.39928,-0.22562,0.27069,0.16115,-0.21668,,-0.26478,0.91667,1.00000,true,,-0.20210,-0.56265,-0.19856,-0.55848,0.59273,-0.38621,0.45635,0.05179,0.01102,-0.05105,,-0.18623,0.94444,1.00000,true,,-0.19960,-0.70691,-0.19355,-0.69874,0.72505,-0.18060,0.71200,0.08093,-0.03209,0.07534,,-0.35897,0.86111,0.99444,true,,-0.31759,-0.75656,-0.30919,-0.74045,0.80241,0.65332,0.49640,0.28092,0.28549,0.02294,,-0.34207,0.80556,1.00000,true,,-0.34467,-0.66404,-0.33780,-0.64786,0.73064,0.74741,0.03352,0.30998,0.25032,-0.19122,,-0.40761,0.90278,1.00000,1046,genuine_population,gen,auto_swe_124060_3d75dffe31f4,124060,SwissWatchExpo,https://cdn.swisswatchexpo.com/productphotos/5/5/rolex-submariner-non-date-ceramic-bezel-steel-mens-watch-124060-box-card-70059_9e3e5_md.jpg
c384dcf12a73f9a3,images/c3/c384dcf12a73f9a399a4d9616d3f3218665ef8b59eb87c435a9e3e0a0147364e.jpg,accepted,3200,3200,,true,577.22727,0.99826,0.21125,55,12,589.14467,true,9,-0.37519,-1.14046,1.20060,-0.03837,0.03712,true,,0.00724,1.30066,0.00318,1.27420,1.27421,-1.30066,0.00724,2.23087,-2.27644,0.08236,-0.01244,,1.00000,0.96667,-0.09883,0.15485,0.27857,true,,-0.79482,0.27184,-0.79607,0.27308,0.84161,-0.79482,0.27184,1.15461,-0.24305,1.13852,-0.29485,,1.00000,1.00000,false,hand/occluder crosses outline (clean 0.53),,,,,,,,,,,,,1.00000,0.53333,true,,0.07737,-1.59662,0.08781,-1.57319,1.57564,-0.07737,1.59662,0.32132,-0.28593,0.15042,-0.08827,,1.00000,0.96667,true,,-0.36791,-0.95618,-0.36535,-0.93633,1.00509,0.64412,-0.79671,0.19799,0.01663,-0.19982,,-1.01725,0.72222,1.00000,false,outline coverage 0.68; 6/8 octants,,,,,,,,,,,,,0.68056,0.81667,true,,-0.81392,-1.21299,-0.81745,-1.20348,1.45485,-1.31137,-0.64352,0.26093,-0.21999,-0.14266,,-1.04687,0.86111,1.00000,true,,-0.29203,-1.20177,-0.29165,-1.19682,1.23184,-1.18678,-0.34799,0.45241,0.18874,-0.40956,,-0.97989,0.90278,1.00000,true,,-0.35732,-1.52501,-0.34830,-1.51432,1.55386,-1.14204,1.07195,0.20675,-0.14669,-0.14607,,-0.80957,0.90278,1.00000,true,,-0.21441,-1.43559,-0.20334,-1.41968,1.43417,-0.53211,1.35046,0.17917,-0.09919,-0.15169,,-1.14079,0.68056,1.00000,true,,-0.43733,-1.57816,-0.42212,-1.54574,1.60234,1.16782,1.14806,0.43659,0.44430,0.02608,,-1.06223,0.72222,1.00000,true,,-0.21711,-1.39587,-0.20773,-1.36528,1.38099,1.31741,0.50991,0.30662,0.30975,-0.04964,,-1.51252,0.63889,1.00000,1500,genuine_population,gen,auto_swe_124060_3d75dffe31f4,124060,SwissWatchExpo,https://cdn.swisswatchexpo.com/productphotos/5/5/rolex-submariner-non-date-ceramic-bezel-steel-mens-watch-124060-box-card-70059_58970.jpg
439d3fdbed7e5d64,images/43/439d3fdbed7e5d642f44b00dc4af11298277cbc47fa7a0ce5ca7304d4b4db351.jpg,pose_rejected,3200,3200,overlay unavailable: centroid lattice evidence insufficient,false,,,,0,0,,,,,,,,,,,,,,,,,,,,,,,,,,,,,,,,,,,,,,,,,,,,,,,,,,,,,,,,,,,,,,,,,,,,,,,,,,,,,,,,,,,,,,,,,,,,,,,,,,,,,,,,,,,,,,,,,,,,,,,,,,,,,,,,,,,,,,,,,,,,,,,,,,,,,,,,,,,,,,,,,,,,,,,,,,,,,,,,,,,,,,,,,,,,,,,,,,,,,,,,,,,,,genuine_population,gen,auto_swe_124060_3d75dffe31f4,124060,SwissWatchExpo,https://cdn.swisswatchexpo.com/productphotos/5/5/rolex-submariner-non-date-ceramic-bezel-steel-mens-watch-124060-box-card-70059_60cb6.jpg
bc978fd120e70b9f,images/bc/bc978fd120e70b9fc83316d4d4cae7198119ef66469f5df8467b6852355fdaa9.jpg,pose_rejected,3200,3200,physical black-dial boundary could not be fitted,false,,,,0,0,,,,,,,,,,,,,,,,,,,,,,,,,,,,,,,,,,,,,,,,,,,,,,,,,,,,,,,,,,,,,,,,,,,,,,,,,,,,,,,,,,,,,,,,,,,,,,,,,,,,,,,,,,,,,,,,,,,,,,,,,,,,,,,,,,,,,,,,,,,,,,,,,,,,,,,,,,,,,,,,,,,,,,,,,,,,,,,,,,,,,,,,,,,,,,,,,,,,,,,,,,,,,genuine_population,gen,auto_swe_124060_3d75dffe31f4,124060,SwissWatchExpo,https://cdn.swisswatchexpo.com/productphotos/5/5/rolex-submariner-non-date-ceramic-bezel-steel-mens-watch-124060-box-card-70059_b8279.jpg
30af368a03d2bf93,images/30/30af368a03d2bf93828c41a1e36102ebda45124380f1028d493823a555486f4f.jpg,pose_rejected,3200,3200,overlay unavailable: inner-end lattice evidence insufficient,false,,,,0,0,,,,,,,,,,,,,,,,,,,,,,,,,,,,,,,,,,,,,,,,,,,,,,,,,,,,,,,,,,,,,,,,,,,,,,,,,,,,,,,,,,,,,,,,,,,,,,,,,,,,,,,,,,,,,,,,,,,,,,,,,,,,,,,,,,,,,,,,,,,,,,,,,,,,,,,,,,,,,,,,,,,,,,,,,,,,,,,,,,,,,,,,,,,,,,,,,,,,,,,,,,,,,genuine_population,gen,auto_swe_124060_3d75dffe31f4,124060,SwissWatchExpo,https://cdn.swisswatchexpo.com/productphotos/5/5/rolex-submariner-non-date-ceramic-bezel-steel-mens-watch-124060-box-card-70059_7ce66.jpg
4c8a1e9cee3e03b7,images/4c/4c8a1e9cee3e03b748365f7051d74438d73cd90efada87ff2195d2352fdabcc3.jpg,accepted,900,900,,true,162.03248,0.99739,0.16969,55,12,165.47696,true,9,-0.03672,-0.39834,0.40003,0.02313,0.00187,true,,0.08518,0.30376,0.08353,0.29715,0.30866,-0.30376,0.08518,0.73140,-0.73758,0.11905,0.05242,,1.00000,1.00000,-0.17010,0.20179,-0.20940,true,,0.02340,-0.42116,0.02321,-0.41744,0.41809,0.02340,-0.42116,0.03932,0.03254,-0.02204,-0.03209,,1.00000,1.00000,false,hand/occluder crosses outline (clean 0.57),,,,,,,,,,,,,0.90476,0.56667,true,,0.27850,-0.47794,0.27958,-0.47259,0.54910,-0.27850,0.47794,0.35068,-0.34576,0.07062,0.24790,,1.00000,1.00000,true,,-0.08398,-0.31827,-0.08323,-0.31211,0.32302,0.23363,-0.23186,0.12633,-0.12761,-0.00157,,-0.14155,0.91667,1.00000,false,hand/occluder crosses outline (clean 0.77),,,,,,,,,,,,,0.80556,0.76667,true,,-0.03314,-0.31545,-0.03333,-0.31371,0.31548,-0.18642,-0.25662,0.07092,0.01712,0.06908,,-0.09286,0.88889,1.00000,true,,0.09759,-0.26789,0.09823,-0.26733,0.28481,-0.18320,-0.21846,0.16301,0.15395,-0.05433,,-0.04014,0.94444,1.00000,true,,-0.05483,-0.36273,-0.05271,-0.36048,0.36431,-0.28671,0.22885,0.01585,0.01224,-0.01024,,0.00115,0.90278,1.00000,true,,-0.12721,-0.53655,-0.12271,-0.53081,0.54481,-0.15811,0.52826,0.15490,-0.02073,0.15557,,-0.14339,0.88889,1.00000,true,,-0.20000,-0.49629,-0.19454,-0.48607,0.52356,0.42135,0.32980,0.15287,0.15551,-0.00470,,-0.06502,0.83333,1.00000,true,,-0.27329,-0.42095,-0.26838,-0.41052,0.49046,0.50120,-0.02620,0.22160,0.10176,-0.19913,,-0.11146,0.93056,1.00000,695,genuine_population,gen,auto_swe_124060_3d75dffe31f4,124060,SwissWatchExpo,https://cdn.swisswatchexpo.com/productphotos/5/5/rolex-submariner-non-date-ceramic-bezel-steel-mens-watch-124060-box-card-70059_58970_md.jpg
52147fd675582a32,images/52/52147fd675582a32290c49bc7a55642ba84ce6a299e860f3c687efc3662a4ff3.jpg,pose_rejected,900,900,physical black-dial boundary could not be fitted,false,,,,0,0,,,,,,,,,,,,,,,,,,,,,,,,,,,,,,,,,,,,,,,,,,,,,,,,,,,,,,,,,,,,,,,,,,,,,,,,,,,,,,,,,,,,,,,,,,,,,,,,,,,,,,,,,,,,,,,,,,,,,,,,,,,,,,,,,,,,,,,,,,,,,,,,,,,,,,,,,,,,,,,,,,,,,,,,,,,,,,,,,,,,,,,,,,,,,,,,,,,,,,,,,,,,,genuine_population,gen,auto_swe_124060_3d75dffe31f4,124060,SwissWatchExpo,https://cdn.swisswatchexpo.com/productphotos/5/5/rolex-submariner-non-date-ceramic-bezel-steel-mens-watch-124060-box-card-70059_60cb6_md.jpg
8c2a7aeada9fc9db,images/8c/8c2a7aeada9fc9dbf812b155825488ecf03b8361aaec49d8cba07fa8f21def29.jpg,pose_rejected,900,900,overlay unavailable: centroid lattice evidence insufficient,false,,,,0,0,,,,,,,,,,,,,,,,,,,,,,,,,,,,,,,,,,,,,,,,,,,,,,,,,,,,,,,,,,,,,,,,,,,,,,,,,,,,,,,,,,,,,,,,,,,,,,,,,,,,,,,,,,,,,,,,,,,,,,,,,,,,,,,,,,,,,,,,,,,,,,,,,,,,,,,,,,,,,,,,,,,,,,,,,,,,,,,,,,,,,,,,,,,,,,,,,,,,,,,,,,,,,genuine_population,gen,auto_swe_124060_3d75dffe31f4,124060,SwissWatchExpo,https://cdn.swisswatchexpo.com/productphotos/5/5/rolex-submariner-non-date-ceramic-bezel-steel-mens-watch-124060-box-card-70059_b8279_md.jpg
f127a52bacf6b822,images/f1/f127a52bacf6b82230ef0787534db0864f71a1312e50b217d5e6876411c9f067.jpg,accepted,2415,2415,,true,721.24442,0.99727,0.25513,55,12,732.38118,true,8,-2.25014,-1.91739,2.95627,-0.03422,0.08250,true,,-2.61716,2.07707,-2.61297,2.05236,3.32262,-2.07707,-2.61716,3.93796,-3.78888,-1.18693,-0.64541,,0.71429,0.96667,-0.69082,-0.55013,-0.46513,true,,-2.74427,-0.65053,-2.74683,-0.66233,2.82556,-2.74427,-0.65053,0.54034,-0.28102,0.46101,0.72321,,0.95238,1.00000,true,,-3.65365,-2.07843,-3.63855,-2.11540,4.20880,-2.07843,3.65365,0.58078,0.02389,0.58008,-0.43757,,0.95238,1.00000,true,,-2.51530,-2.41860,-2.46478,-2.41718,3.45223,2.51530,2.41860,0.52079,0.43251,-0.29403,0.28116,,0.71429,1.00000,false,outline coverage 0.57; 6/8 octants,,,,,,,,,,,,,0.56944,1.00000,false,hand/occluder crosses outline (clean 0.72),,,,,,,,,,,,,0.56944,0.71667,true,,-2.60129,-1.92710,-2.60261,-1.95062,3.25246,-3.21633,-0.36828,0.71513,-0.08790,-0.70689,,-0.47994,0.63889,1.00000,true,,-2.86990,-1.85975,-2.86780,-1.89129,3.43530,-3.04554,1.55553,0.32001,-0.04922,-0.31495,,-0.41749,0.66667,1.00000,true,,-2.94102,-2.31998,-2.90965,-2.34804,3.73889,-0.53865,3.70698,0.20032,0.18464,-0.07558,,-0.46221,0.81944,1.00000,true,,-2.42412,-2.33995,-2.38178,-2.35229,3.34756,0.92937,3.23851,0.42841,0.12081,-0.41194,,-0.59557,0.69444,1.00000,true,,-0.97379,-3.09075,-0.92877,-3.06612,3.20371,2.38870,2.18978,0.87247,-0.33195,0.81235,,-0.12013,0.63889,1.00000,false,outline coverage 0.49; 8/8 octants,,,,,,,,,,,,,0.48611,1.00000,1568,genuine_population,gen,auto_swe_124060_2a6bc830ee2f,124060,SwissWatchExpo,https://cdn.swisswatchexpo.com/productphotos/12/15/rolex-submariner-non-date-ceramic-bezel-steel-mens-watch-124060-unworn-57216_eed13.jpg
ec2537fa08837262,images/ec/ec2537fa08837262b2535ff7009998f3e86e78891ff4a1bc939f42632d60d581.jpg,accepted,900,900,,true,268.37993,0.99652,0.16431,55,12,272.82656,true,10,-0.75069,-0.57959,0.94840,-0.05975,0.09860,true,,-0.97386,0.61832,-0.97139,0.61100,1.14757,-0.61832,-0.97386,1.21081,-1.06578,-0.59118,-0.63311,,0.95238,1.00000,-0.66475,-0.58863,-0.58658,true,,-0.77244,-0.11642,-0.77339,-0.11968,0.78259,-0.77244,-0.11642,0.15163,0.10919,0.10493,0.98684,,1.00000,1.00000,true,,-1.41739,-0.65078,-1.41239,-0.66386,1.56063,-0.65078,1.41739,0.30744,0.05072,0.30311,-0.43190,,0.85714,1.00000,true,,-0.79891,-0.83683,-0.78223,-0.83599,1.14489,0.79891,0.83683,0.19046,0.16478,-0.09731,0.56236,,0.90476,0.96667,true,,-0.76251,-0.18961,-0.75831,-0.18941,0.78161,-0.21705,-0.75516,0.28051,-0.20581,-0.19192,,0.00446,0.72222,1.00000,false,hand/occluder crosses outline (clean 0.71),,,,,,,,,,,,,0.66667,0.70556,true,,-0.87792,-0.62097,-0.87821,-0.62856,1.07998,-1.07079,-0.09882,0.36075,0.00707,-0.35941,,0.03446,0.88889,1.00000,true,,-1.07117,-0.51128,-1.07111,-0.52157,1.19134,-0.97837,0.67202,0.08462,0.03355,-0.07744,,0.07652,0.88889,1.00000,true,,-1.11580,-0.73736,-1.10514,-0.74711,1.33398,-0.08068,1.33499,0.17402,0.17336,0.00779,,-0.01678,0.81944,1.00000,true,,-0.81654,-0.93928,-0.80064,-0.94307,1.23709,0.23751,1.22171,0.03949,0.00267,-0.03955,,-0.17308,0.86111,1.00000,true,,0.05999,-1.06693,0.07115,-1.05759,1.05998,0.48152,0.95398,0.55518,-0.33107,0.45060,,-0.24104,0.88889,1.00000,true,,-0.43866,-0.62884,-0.42831,-0.62300,0.75602,0.76392,-0.06548,0.08121,0.01728,-0.07998,,0.05602,0.61111,0.99444,1004,genuine_population,gen,auto_swe_124060_2a6bc830ee2f,124060,SwissWatchExpo,https://cdn.swisswatchexpo.com/productphotos/12/15/rolex-submariner-non-date-ceramic-bezel-steel-mens-watch-124060-unworn-57216_5a0fb_md.jpg
c58f78ef6c1cd5b7,images/c5/c58f78ef6c1cd5b72db5a0c38bc56cb8a4db203d0e0b197ec4cca5a18a203a09.jpg,accepted,3200,3200,,true,628.53188,0.99755,0.23307,55,12,638.23935,true,8,-1.88700,-1.57049,2.45503,-0.06396,0.09123,true,,-2.20968,1.72772,-2.20590,1.70703,2.78925,-1.72772,-2.20968,3.14539,-2.96729,-1.11600,-0.59586,,0.61905,0.96667,-0.66690,-0.50368,-0.51954,true,,-2.44594,-0.58290,-2.44821,-0.59354,2.51913,-2.44594,-0.58290,0.31294,-0.23024,0.21144,0.72493,,1.00000,1.00000,true,,-3.18692,-1.83644,-3.17374,-1.86912,3.68324,-1.83644,3.18692,0.51138,0.03921,0.50964,-0.43374,,0.90476,1.00000,true,,-1.45450,-1.97883,-1.41865,-1.97540,2.43203,1.45450,1.97883,0.38233,-0.14147,-0.35841,0.26686,,0.57143,1.00000,false,outline coverage 0.58; 7/8 octants,,,,,,,,,,,,,0.58333,1.00000,false,hand/occluder crosses outline (clean 0.71),,,,,,,,,,,,,0.55556,0.71111,true,,-2.10834,-1.75380,-2.10871,-1.77395,2.75564,-2.70278,-0.46467,0.89383,0.06273,-0.88840,,-0.35248,0.68056,1.00000,true,,-3.04330,-1.31871,-3.04488,-1.34805,3.32995,-2.66369,1.97622,0.28361,-0.02265,0.28178,,-0.43004,0.66667,1.00000,true,,-2.51429,-1.99020,-2.48755,-2.01452,3.20097,-0.46642,3.17254,0.28392,0.26879,-0.08769,,-0.39936,0.86111,1.00000,true,,-1.94778,-2.22276,-1.90998,-2.23281,2.93827,0.57545,2.89886,0.23955,0.03995,-0.23690,,-0.68926,0.69444,1.00000,true,,-0.87496,-2.60989,-0.83638,-2.58939,2.72112,2.06268,1.82275,0.59090,-0.03861,0.59282,,-0.07240,0.62500,1.00000,false,outline coverage 0.50; 7/8 octants,,,,,,,,,,,,,0.50000,1.00000,1541,genuine_population,gen,auto_swe_124060_2a6bc830ee2f,124060,SwissWatchExpo,https://cdn.swisswatchexpo.com/productphotos/12/15/rolex-submariner-non-date-ceramic-bezel-steel-mens-watch-124060-unworn-57216_1c06261fc0.jpg
7d013cdd4a4aa3a5,images/7d/7d013cdd4a4aa3a5169f31147f823d66d794f1b506f8b4b5051ea20768b4d541.jpg,pose_rejected,3200,3200,overlay unavailable: 12 direction could not be established (minute-lattice branch unknown),false,,,,0,0,,,,,,,,,,,,,,,,,,,,,,,,,,,,,,,,,,,,,,,,,,,,,,,,,,,,,,,,,,,,,,,,,,,,,,,,,,,,,,,,,,,,,,,,,,,,,,,,,,,,,,,,,,,,,,,,,,,,,,,,,,,,,,,,,,,,,,,,,,,,,,,,,,,,,,,,,,,,,,,,,,,,,,,,,,,,,,,,,,,,,,,,,,,,,,,,,,,,,,,,,,,,,genuine_population,gen,auto_swe_124060_2a6bc830ee2f,124060,SwissWatchExpo,https://cdn.swisswatchexpo.com/productphotos/12/15/rolex-submariner-non-date-ceramic-bezel-steel-mens-watch-124060-unworn-57216_96cdb.jpg
86cc62a3cdcbcf40,images/86/86cc62a3cdcbcf4071871043999faea00a706df27490784d0d62ede17ead272a.jpg,pose_rejected,3200,3200,physical black-dial boundary not found,false,,,,0,0,,,,,,,,,,,,,,,,,,,,,,,,,,,,,,,,,,,,,,,,,,,,,,,,,,,,,,,,,,,,,,,,,,,,,,,,,,,,,,,,,,,,,,,,,,,,,,,,,,,,,,,,,,,,,,,,,,,,,,,,,,,,,,,,,,,,,,,,,,,,,,,,,,,,,,,,,,,,,,,,,,,,,,,,,,,,,,,,,,,,,,,,,,,,,,,,,,,,,,,,,,,,,genuine_population,gen,auto_swe_124060_2a6bc830ee2f,124060,SwissWatchExpo,https://cdn.swisswatchexpo.com/productphotos/12/15/rolex-submariner-non-date-ceramic-bezel-steel-mens-watch-124060-unworn-57216_2ea53.jpg
b9c96ffca59bdcba,images/b9/b9c96ffca59bdcbab5b170e013eae27a54e390ff5f9d8406d4d1739a2c633844.jpg,pose_rejected,3175,3175,overlay unavailable: 12 direction could not be established (minute-lattice branch unknown),false,,,,0,0,,,,,,,,,,,,,,,,,,,,,,,,,,,,,,,,,,,,,,,,,,,,,,,,,,,,,,,,,,,,,,,,,,,,,,,,,,,,,,,,,,,,,,,,,,,,,,,,,,,,,,,,,,,,,,,,,,,,,,,,,,,,,,,,,,,,,,,,,,,,,,,,,,,,,,,,,,,,,,,,,,,,,,,,,,,,,,,,,,,,,,,,,,,,,,,,,,,,,,,,,,,,,genuine_population,gen,auto_swe_124060_2a6bc830ee2f,124060,SwissWatchExpo,https://cdn.swisswatchexpo.com/productphotos/12/15/rolex-submariner-non-date-ceramic-bezel-steel-mens-watch-124060-unworn-57216_71279.jpg
6313ac0f2a504448,images/63/6313ac0f2a504448fca006de4498709f89b0cdff283dc559d7fae80345867d13.jpg,accepted,900,900,,true,176.28624,0.99605,0.14299,55,12,179.26466,true,10,-0.43767,-0.38422,0.58240,0.02364,0.09400,true,,-0.65438,0.30015,-0.65167,0.29613,0.71580,-0.30015,-0.65438,0.83950,-0.71711,-0.44726,-0.74389,,1.00000,1.00000,-0.76549,-0.58373,-0.24387,true,,-0.32960,-0.01657,-0.33012,-0.01796,0.33061,-0.32960,-0.01657,0.16448,0.08038,0.14327,1.48128,,0.76190,0.96667,true,,-0.87131,-0.23915,-0.86992,-0.24658,0.90419,-0.23915,0.87131,0.23480,0.11176,0.20590,-0.45071,,0.85714,1.00000,true,,-0.76313,-0.47727,-0.75097,-0.47829,0.89035,0.76313,0.47727,0.31472,0.28881,-0.12908,0.15340,,1.00000,1.00000,true,,-0.30002,-0.42076,-0.29639,-0.41797,0.51239,0.21438,-0.47021,0.15044,0.06921,-0.13503,,0.11221,0.79167,1.00000,false,hand/occluder crosses outline (clean 0.69),,,,,,,,,,,,,0.69444,0.68889,true,,-0.42359,-0.37596,-0.42359,-0.38018,0.56918,-0.55482,-0.11380,0.24383,-0.01484,-0.24240,,0.15320,0.91667,1.00000,true,,-0.59449,-0.29977,-0.59463,-0.30584,0.66867,-0.55685,0.36495,0.07658,-0.03849,-0.06570,,0.18511,1.00000,1.00000,true,,-0.70145,-0.54734,-0.69423,-0.55428,0.88836,-0.12329,0.88114,0.08236,-0.04709,0.06739,,0.07158,0.86111,1.00000,true,,-0.56557,-0.57280,-0.55554,-0.57594,0.80021,0.20340,0.77884,0.02593,-0.02246,-0.01328,,0.00979,0.81944,1.00000,true,,-0.07252,-0.67700,-0.06410,-0.67140,0.67446,0.40130,0.55004,0.28596,-0.20764,0.20006,,0.01955,0.93056,1.00000,true,,-0.17264,-0.36209,-0.16740,-0.35853,0.39569,0.39990,0.03153,0.18560,-0.18743,-0.01638,,-0.01256,0.83333,1.00000,727,genuine_population,gen,auto_swe_124060_2a6bc830ee2f,124060,SwissWatchExpo,https://cdn.swisswatchexpo.com/productphotos/12/15/rolex-submariner-non-date-ceramic-bezel-steel-mens-watch-124060-unworn-57216_1c06261fc0_md.jpg
0050fc277c987207,images/00/0050fc277c9872079966f00051166ee1ba21424aefaf5d0d9350caa3200642ef.jpg,pose_rejected,900,900,overlay unavailable: inner-end lattice evidence insufficient,false,,,,0,0,,,,,,,,,,,,,,,,,,,,,,,,,,,,,,,,,,,,,,,,,,,,,,,,,,,,,,,,,,,,,,,,,,,,,,,,,,,,,,,,,,,,,,,,,,,,,,,,,,,,,,,,,,,,,,,,,,,,,,,,,,,,,,,,,,,,,,,,,,,,,,,,,,,,,,,,,,,,,,,,,,,,,,,,,,,,,,,,,,,,,,,,,,,,,,,,,,,,,,,,,,,,,genuine_population,gen,auto_swe_124060_2a6bc830ee2f,124060,SwissWatchExpo,https://cdn.swisswatchexpo.com/productphotos/12/15/rolex-submariner-non-date-ceramic-bezel-steel-mens-watch-124060-unworn-57216_96cdb_md.jpg
386744246ca24cc5,images/38/386744246ca24cc5ea2c8d57c556c3229e97bf1695c7b131e496c4db2b1ef544.jpg,pose_rejected,900,900,overlay unavailable: inner-end lattice evidence insufficient,false,,,,0,0,,,,,,,,,,,,,,,,,,,,,,,,,,,,,,,,,,,,,,,,,,,,,,,,,,,,,,,,,,,,,,,,,,,,,,,,,,,,,,,,,,,,,,,,,,,,,,,,,,,,,,,,,,,,,,,,,,,,,,,,,,,,,,,,,,,,,,,,,,,,,,,,,,,,,,,,,,,,,,,,,,,,,,,,,,,,,,,,,,,,,,,,,,,,,,,,,,,,,,,,,,,,,genuine_population,gen,auto_swe_124060_2a6bc830ee2f,124060,SwissWatchExpo,https://cdn.swisswatchexpo.com/productphotos/12/15/rolex-submariner-non-date-ceramic-bezel-steel-mens-watch-124060-unworn-57216_2ea53_md.jpg
f830414d02ab4d92,images/f8/f830414d02ab4d92b821c7a4f72a1a321ae546263b98ded20a28b3e245c35cfa.jpg,accepted,1080,864,,true,192.70037,0.99779,0.11795,53,12,193.97343,true,11,-0.17111,-0.37664,0.41369,-0.10320,0.12415,true,,-0.00333,-0.28453,-0.00335,-0.28369,0.28371,0.28453,-0.00333,0.18043,0.06709,-0.16797,0.14121,,1.00000,1.00000,0.02127,0.28857,0.23980,true,,-0.19134,0.18115,-0.19132,0.18116,0.26348,-0.19134,0.18115,0.27325,0.13188,0.23951,-0.40341,,1.00000,1.00000,true,,-0.36798,-0.43090,-0.36785,-0.43068,0.56639,-0.43090,0.36798,0.15698,0.09848,-0.12234,0.01308,,1.00000,1.00000,true,,-0.26183,-0.88275,-0.26067,-0.88033,0.91811,0.26183,0.88275,0.30480,0.24252,0.18627,0.21672,,1.00000,1.00000,true,,0.06834,-0.04352,0.06827,-0.04353,0.08096,0.07186,0.03742,0.03305,-0.00650,0.03248,,0.09908,0.98611,1.00000,true,,-0.32702,-0.01677,-0.32707,-0.01632,0.32748,-0.27482,-0.17804,0.18648,-0.15235,-0.10752,,0.10805,0.95833,0.98889,true,,-0.51195,-0.36110,-0.51257,-0.36079,0.62681,-0.62391,-0.05675,0.20041,-0.12401,-0.15749,,0.14326,1.00000,1.00000,true,,-0.49751,-0.17747,-0.49776,-0.17740,0.52842,-0.40245,0.34212,0.17760,0.17291,0.04054,,0.13106,1.00000,1.00000,true,,-0.30455,-0.90459,-0.30391,-0.90366,0.95339,-0.63112,0.71604,0.22982,-0.22703,0.03704,,0.16050,1.00000,1.00000,true,,-0.09243,-0.75137,-0.09186,-0.74999,0.75559,-0.29564,0.69692,0.10858,-0.09237,-0.05754,,0.16984,1.00000,1.00000,true,,0.06627,-0.58926,0.06636,-0.58753,0.59126,0.23723,0.54345,0.07434,0.06307,-0.03975,,0.12399,0.98611,1.00000,true,,0.21705,-0.32703,0.21659,-0.32633,0.39166,0.17469,0.35149,0.08076,-0.07493,-0.03087,,0.09725,0.98611,1.00000,896,genuine_population,gen,auto_ewc_124060_ad749eab5fe7,124060,European Watch Company,https://images.europeanwatch.com/images/72/72376-1.jpg
295ff012729b77e6,images/29/295ff012729b77e690d5d059cc4c328f3e7732067e623c2ce9e6bd43bfae28e1.jpg,accepted,1080,864,,true,277.93422,0.99831,0.11359,53,12,279.95126,true,11,-0.14042,-0.48651,0.50637,-0.11918,0.12117,true,,-0.02764,-0.10765,-0.01349,-0.11020,0.11102,0.10765,-0.02764,0.31164,-0.09044,-0.29848,0.08060,,1.00000,1.00000,-0.04343,0.23357,0.18461,true,,-0.24081,0.25105,-0.27139,0.21795,0.34807,-0.24081,0.25105,0.34223,0.21479,0.26634,-0.25752,,1.00000,1.00000,true,,-0.50902,-0.57652,-0.42968,-0.63717,0.76851,-0.57652,0.50902,0.20082,0.14148,-0.14274,0.03543,,1.00000,1.00000,true,,-0.09010,-1.29254,0.07748,-1.29110,1.29342,0.09010,1.29254,0.40302,0.14106,0.37838,0.40328,,1.00000,1.00000,true,,0.18204,0.05992,0.17277,0.08269,0.19154,0.03913,0.18761,0.11379,0.00928,0.11348,,-0.01721,1.00000,1.00000,true,,-0.45100,0.12709,-0.46393,0.06815,0.46891,-0.45413,-0.11543,0.25757,-0.23982,-0.09351,,0.00985,0.84722,0.97778,true,,-0.69214,-0.47196,-0.62570,-0.55759,0.83809,-0.83539,-0.06265,0.28902,-0.15636,-0.24305,,0.00651,1.00000,1.00000,true,,-0.67661,-0.22663,-0.64145,-0.31238,0.71347,-0.53457,0.47265,0.24523,0.24051,0.04809,,0.01882,0.98611,1.00000,true,,-0.39016,-1.26281,-0.22316,-1.30102,1.32002,-0.89854,0.96929,0.33493,-0.32578,0.08001,,0.04788,1.00000,1.00000,true,,-0.14019,-0.98540,-0.01161,-0.99358,0.99365,-0.37129,0.92348,0.07494,-0.04268,-0.06185,,0.02788,1.00000,1.00000,true,,0.05654,-0.67985,0.14353,-0.66585,0.68114,0.29096,0.61704,0.22638,0.15484,-0.16597,,-0.01391,0.98611,1.00000,true,,0.27651,-0.30763,0.31330,-0.26939,0.41319,0.12816,0.39328,0.17874,-0.10401,-0.14557,,0.00278,1.00000,1.00000,1311,genuine_population,gen,auto_ewc_124060_ad749eab5fe7,124060,European Watch Company,https://images.europeanwatch.com/images/72/72376-2.jpg
07c4c6d4dd492ffb,images/07/07c4c6d4dd492ffbc04fd1d3a00edf39e67bfd379af01d0bf6cfd3b7e0e2ff9a.jpg,pose_rejected,1080,864,physical black-dial boundary not found,false,,,,0,0,,,,,,,,,,,,,,,,,,,,,,,,,,,,,,,,,,,,,,,,,,,,,,,,,,,,,,,,,,,,,,,,,,,,,,,,,,,,,,,,,,,,,,,,,,,,,,,,,,,,,,,,,,,,,,,,,,,,,,,,,,,,,,,,,,,,,,,,,,,,,,,,,,,,,,,,,,,,,,,,,,,,,,,,,,,,,,,,,,,,,,,,,,,,,,,,,,,,,,,,,,,,,genuine_population,gen,auto_ewc_124060_ad749eab5fe7,124060,European Watch Company,https://images.europeanwatch.com/images/72/72376-3.jpg
8fc3da9013fd3a5c,images/8f/8fc3da9013fd3a5c211e44cb10b8ce65e28086e33ec4a09c409cf2ce41e9effd.jpg,pose_rejected,1080,864,physical black-dial boundary could not be fitted,false,,,,0,0,,,,,,,,,,,,,,,,,,,,,,,,,,,,,,,,,,,,,,,,,,,,,,,,,,,,,,,,,,,,,,,,,,,,,,,,,,,,,,,,,,,,,,,,,,,,,,,,,,,,,,,,,,,,,,,,,,,,,,,,,,,,,,,,,,,,,,,,,,,,,,,,,,,,,,,,,,,,,,,,,,,,,,,,,,,,,,,,,,,,,,,,,,,,,,,,,,,,,,,,,,,,,genuine_population,gen,auto_ewc_124060_ad749eab5fe7,124060,European Watch Company,https://images.europeanwatch.com/images/72/72376-4.jpg
2117ed41b48ccbbb,images/21/2117ed41b48ccbbbad025168f065246cd8d4563a9dda4f78573b76bb7696fb6a.jpg,pose_rejected,1080,864,physical black-dial boundary could not be fitted,false,,,,0,0,,,,,,,,,,,,,,,,,,,,,,,,,,,,,,,,,,,,,,,,,,,,,,,,,,,,,,,,,,,,,,,,,,,,,,,,,,,,,,,,,,,,,,,,,,,,,,,,,,,,,,,,,,,,,,,,,,,,,,,,,,,,,,,,,,,,,,,,,,,,,,,,,,,,,,,,,,,,,,,,,,,,,,,,,,,,,,,,,,,,,,,,,,,,,,,,,,,,,,,,,,,,,genuine_population,gen,auto_ewc_124060_ad749eab5fe7,124060,European Watch Company,https://images.europeanwatch.com/images/72/72376-5.jpg
033ea6a314b07844,images/03/033ea6a314b07844d002043fe6bfbeac56cef899e878c63a494ee1d6c82ef169.jpg,pose_rejected,1080,864,physical black-dial boundary not found,false,,,,0,0,,,,,,,,,,,,,,,,,,,,,,,,,,,,,,,,,,,,,,,,,,,,,,,,,,,,,,,,,,,,,,,,,,,,,,,,,,,,,,,,,,,,,,,,,,,,,,,,,,,,,,,,,,,,,,,,,,,,,,,,,,,,,,,,,,,,,,,,,,,,,,,,,,,,,,,,,,,,,,,,,,,,,,,,,,,,,,,,,,,,,,,,,,,,,,,,,,,,,,,,,,,,,genuine_population,gen,auto_ewc_124060_ad749eab5fe7,124060,European Watch Company,https://images.europeanwatch.com/images/72/72376-6.jpg
ef64a6b234b037bf,images/ef/ef64a6b234b037bf77a4348c7b0666e82710f1a620a5fc311abcc67f17c06c1b.jpg,pose_rejected,1080,864,physical black-dial boundary not found,false,,,,0,0,,,,,,,,,,,,,,,,,,,,,,,,,,,,,,,,,,,,,,,,,,,,,,,,,,,,,,,,,,,,,,,,,,,,,,,,,,,,,,,,,,,,,,,,,,,,,,,,,,,,,,,,,,,,,,,,,,,,,,,,,,,,,,,,,,,,,,,,,,,,,,,,,,,,,,,,,,,,,,,,,,,,,,,,,,,,,,,,,,,,,,,,,,,,,,,,,,,,,,,,,,,,,genuine_population,gen,auto_ewc_124060_ad749eab5fe7,124060,European Watch Company,https://images.europeanwatch.com/images/72/72376-7.jpg
448814812e7079fd,images/44/448814812e7079fd7014c80211109991368585e5eddc169e658e9a3127eb45dc.jpg,accepted,1080,864,,true,187.19156,0.99903,0.13759,55,12,188.19110,true,10,-0.17204,0.19384,0.25918,0.00342,0.02213,true,,-0.10471,0.24276,-0.10473,0.24246,0.26411,-0.24276,-0.10471,0.05475,-0.05404,0.00917,0.09943,,1.00000,1.00000,-0.04195,0.51593,1.07622,true,,-0.23699,0.63130,-0.23689,0.63143,0.67440,-0.23699,0.63130,0.38868,-0.06988,0.38225,-0.07277,,1.00000,1.00000,true,,-0.42685,0.14742,-0.42711,0.14743,0.45184,0.14742,0.42685,0.20627,-0.05132,0.19967,-0.18165,,1.00000,0.96667,true,,-0.30345,-0.07491,-0.30322,-0.07502,0.31236,0.30345,0.07491,0.24817,0.12658,0.21359,0.02082,,0.90476,0.96667,true,,-0.08878,0.16970,-0.08875,0.16952,0.19134,-0.19135,0.00796,0.05725,0.05730,0.00083,,0.05034,0.95833,1.00000,false,hand/occluder crosses outline (clean 0.65),,,,,,,,,,,,,0.62500,0.65000,true,,-0.09133,0.14615,-0.09135,0.14626,0.17244,-0.00602,0.17223,0.14664,0.04076,-0.14080,,0.15452,0.94444,1.00000,true,,-0.09416,0.12472,-0.09423,0.12486,0.15642,0.06093,0.14390,0.16336,-0.02620,-0.16112,,0.16477,0.87500,1.00000,true,,-0.07238,0.14436,-0.07252,0.14452,0.16169,0.16121,-0.00950,0.15543,-0.09790,-0.12066,,0.16871,0.80556,1.00000,true,,-0.04256,0.27832,-0.04285,0.27852,0.28179,0.17602,-0.21976,0.21082,-0.07509,-0.19701,,0.13078,0.83333,1.00000,true,,-0.25311,0.11372,-0.25303,0.11358,0.27735,0.16234,-0.22504,0.10927,0.10510,-0.03031,,-0.05182,0.98611,1.00000,true,,-0.19956,0.21411,-0.19954,0.21383,0.29248,-0.08565,-0.27988,0.09351,-0.00898,-0.09315,,0.14911,0.81944,1.00000,878,genuine_population,gen,auto_ewc_124060_dd10dd8bfba9,124060,European Watch Company,https://images.europeanwatch.com/images/72/72241-1.jpg
8b8c84ce9219f904,images/8b/8b8c84ce9219f904e98e9074cf9c88472ca702b3dd6bb4ab73d041fcabb9e159.jpg,accepted,1080,864,,true,282.16668,0.99870,0.10693,54,12,283.87543,true,10,-0.25944,0.48940,0.55391,-0.01852,0.00723,true,,-0.04872,0.63549,-0.13030,0.62502,0.63846,-0.63549,-0.04872,0.13896,-0.07480,0.11692,0.25256,,1.00000,1.00000,0.04959,0.48361,0.35277,true,,-0.34368,1.06323,-0.47850,1.01007,1.11768,-0.34368,1.06323,0.52892,-0.10950,0.51736,-0.19952,,1.00000,1.00000,true,,-0.37755,0.35996,-0.42042,0.30791,0.52112,0.35996,0.37755,0.19595,-0.11880,0.15609,-0.11430,,1.00000,1.00000,true,,-0.13976,0.35605,-0.18419,0.33519,0.38246,0.13976,-0.35605,0.13622,-0.01460,0.13543,0.03364,,1.00000,0.96667,true,,-0.15694,0.42889,-0.21122,0.40572,0.45741,-0.44990,0.07853,0.14554,0.13920,-0.04171,,-0.10777,1.00000,1.00000,false,hand/occluder crosses outline (clean 0.60),,,,,,,,,,,,,0.65278,0.60000,true,,-0.11579,0.40466,-0.16711,0.38603,0.42065,0.10205,0.40834,0.17552,0.05373,-0.16713,,0.00279,0.93056,0.96667,true,,-0.14376,0.42479,-0.19724,0.40216,0.44792,0.29600,0.33689,0.12048,-0.01328,-0.11984,,-0.03911,0.94444,1.00000,true,,-0.09804,0.43276,-0.15262,0.41601,0.44312,0.42380,-0.13148,0.10572,-0.07974,-0.06953,,-0.03661,0.93056,1.00000,true,,0.00267,0.59918,-0.07400,0.59417,0.59876,0.29728,-0.52024,0.21586,-0.08752,-0.19734,,-0.11910,0.88889,1.00000,true,,-0.31286,0.48177,-0.37217,0.43798,0.57475,0.03006,-0.57365,0.17352,0.16393,-0.05648,,-0.29953,1.00000,1.00000,true,,-0.26170,0.54892,-0.33029,0.51151,0.60888,-0.34452,-0.50110,0.11443,0.05030,-0.10267,,-0.08178,0.87500,1.00000,1408,genuine_population,gen,auto_ewc_124060_dd10dd8bfba9,124060,European Watch Company,https://images.europeanwatch.com/images/72/72241-2.jpg
81e5006162d2efe4,images/81/81e5006162d2efe46e256fcd10801662e964265eb6d764ba574c0d95e5e9f987.jpg,pose_rejected,1080,864,overlay unavailable: centroid lattice evidence insufficient,false,,,,0,0,,,,,,,,,,,,,,,,,,,,,,,,,,,,,,,,,,,,,,,,,,,,,,,,,,,,,,,,,,,,,,,,,,,,,,,,,,,,,,,,,,,,,,,,,,,,,,,,,,,,,,,,,,,,,,,,,,,,,,,,,,,,,,,,,,,,,,,,,,,,,,,,,,,,,,,,,,,,,,,,,,,,,,,,,,,,,,,,,,,,,,,,,,,,,,,,,,,,,,,,,,,,,genuine_population,gen,auto_ewc_124060_dd10dd8bfba9,124060,European Watch Company,https://images.europeanwatch.com/images/72/72241-3.jpg
ee3930455c9c81e7,images/ee/ee3930455c9c81e7b9a9e9934489257f8135c4cdb13d2cf3b0547dd054353a3a.jpg,pose_rejected,1080,864,physical black-dial boundary could not be fitted,false,,,,0,0,,,,,,,,,,,,,,,,,,,,,,,,,,,,,,,,,,,,,,,,,,,,,,,,,,,,,,,,,,,,,,,,,,,,,,,,,,,,,,,,,,,,,,,,,,,,,,,,,,,,,,,,,,,,,,,,,,,,,,,,,,,,,,,,,,,,,,,,,,,,,,,,,,,,,,,,,,,,,,,,,,,,,,,,,,,,,,,,,,,,,,,,,,,,,,,,,,,,,,,,,,,,,genuine_population,gen,auto_ewc_124060_dd10dd8bfba9,124060,European Watch Company,https://images.europeanwatch.com/images/72/72241-4.jpg
10d2bbdb61befe0a,images/10/10d2bbdb61befe0ae022ab8c020864919fb0014441b215346d118ba089452552.jpg,pose_rejected,1080,864,overlay unavailable: 12 direction could not be established (minute-lattice branch unknown),false,,,,0,0,,,,,,,,,,,,,,,,,,,,,,,,,,,,,,,,,,,,,,,,,,,,,,,,,,,,,,,,,,,,,,,,,,,,,,,,,,,,,,,,,,,,,,,,,,,,,,,,,,,,,,,,,,,,,,,,,,,,,,,,,,,,,,,,,,,,,,,,,,,,,,,,,,,,,,,,,,,,,,,,,,,,,,,,,,,,,,,,,,,,,,,,,,,,,,,,,,,,,,,,,,,,,genuine_population,gen,auto_ewc_124060_dd10dd8bfba9,124060,European Watch Company,https://images.europeanwatch.com/images/72/72241-5.jpg
a411f6560d9a90cb,images/a4/a411f6560d9a90cb9ddcea82ef5e06ccbcdbf4e20c19a984e5800481fe4d31fb.jpg,pose_rejected,1080,864,physical black-dial boundary not found,false,,,,0,0,,,,,,,,,,,,,,,,,,,,,,,,,,,,,,,,,,,,,,,,,,,,,,,,,,,,,,,,,,,,,,,,,,,,,,,,,,,,,,,,,,,,,,,,,,,,,,,,,,,,,,,,,,,,,,,,,,,,,,,,,,,,,,,,,,,,,,,,,,,,,,,,,,,,,,,,,,,,,,,,,,,,,,,,,,,,,,,,,,,,,,,,,,,,,,,,,,,,,,,,,,,,,genuine_population,gen,auto_ewc_124060_dd10dd8bfba9,124060,European Watch Company,https://images.europeanwatch.com/images/72/72241-6.jpg
bee93d6730c6af33,images/be/bee93d6730c6af33dafb470ae1cf528201c1ad074498e3ceeda66d0a2e3cd5f8.jpg,pose_rejected,1080,864,physical black-dial boundary not found,false,,,,0,0,,,,,,,,,,,,,,,,,,,,,,,,,,,,,,,,,,,,,,,,,,,,,,,,,,,,,,,,,,,,,,,,,,,,,,,,,,,,,,,,,,,,,,,,,,,,,,,,,,,,,,,,,,,,,,,,,,,,,,,,,,,,,,,,,,,,,,,,,,,,,,,,,,,,,,,,,,,,,,,,,,,,,,,,,,,,,,,,,,,,,,,,,,,,,,,,,,,,,,,,,,,,,genuine_population,gen,auto_ewc_124060_dd10dd8bfba9,124060,European Watch Company,https://images.europeanwatch.com/images/72/72241-7.jpg
6cac8c2178b1448e,images/6c/6cac8c2178b1448ef806f811bda4bf0f2f44a31bb9fb45ea49477497080a0147.jpg,accepted,1080,864,,true,191.87416,0.99791,0.19153,54,12,192.79362,true,10,-0.26577,0.11788,0.29074,0.02539,0.08210,true,,0.04439,0.13987,0.04452,0.13948,0.14641,-0.13987,0.04439,0.10857,-0.06161,0.08966,-0.24428,,1.00000,0.96667,-0.47680,0.06324,0.02219,true,,-0.16647,0.53010,-0.16519,0.53060,0.55572,-0.16647,0.53010,0.21251,0.06240,0.20303,0.11526,,1.00000,0.96667,true,,-0.51357,0.21325,-0.51363,0.21454,0.55664,0.21325,0.51357,0.06998,0.05872,0.03784,0.17175,,1.00000,0.93333,true,,-0.53474,0.06406,-0.53427,0.06504,0.53821,0.53474,-0.06406,0.27943,0.23156,-0.15638,0.16636,,1.00000,0.96667,true,,0.00924,0.13534,0.00949,0.13509,0.13543,-0.11259,0.07567,0.08519,0.08224,0.02262,,0.08790,0.75000,1.00000,false,outline coverage 0.63; 6/8 octants,,,,,,,,,,,,,0.62500,0.99444,true,,-0.45660,0.35601,-0.45607,0.35732,0.57938,-0.21743,0.53662,0.11530,-0.08555,0.07720,,0.07490,0.80556,1.00000,true,,-0.36996,0.09147,-0.37011,0.09227,0.38144,-0.10576,0.36613,0.18707,-0.11422,-0.14770,,0.05201,0.88889,1.00000,true,,-0.34211,-0.05745,-0.34229,-0.05701,0.34700,0.12130,0.32500,0.16924,-0.15319,-0.07145,,0.06785,0.95833,1.00000,true,,-0.34035,-0.09341,-0.34031,-0.09292,0.35276,0.24805,0.25107,0.08105,-0.08085,-0.00505,,0.07397,0.88889,1.00000,true,,-0.14976,-0.20951,-0.14965,-0.20895,0.25701,0.23445,0.10656,0.11861,0.02292,0.11647,,0.08236,0.83333,1.00000,true,,-0.15253,0.00631,-0.15228,0.00662,0.15242,0.07080,-0.13525,0.07084,-0.00039,-0.07092,,0.06599,0.84722,1.00000,914,genuine_population,gen,auto_ewc_124060_a42ce22b328c,124060,European Watch Company,https://images.europeanwatch.com/images/71/71272-1.jpg
cb8e33b7dc48de42,images/cb/cb8e33b7dc48de42c10472fe179f32e64686ce0cfa44fd476ed1e89f579beef7.jpg,accepted,1080,864,,true,273.64624,0.99779,0.15531,54,12,275.73515,true,11,-0.56264,0.40312,0.69215,-0.00807,0.08066,true,,-0.04633,0.74251,-0.14728,0.72986,0.74458,-0.74251,-0.04633,0.28768,-0.24739,0.14661,-0.14034,,1.00000,1.00000,-0.39208,0.12612,-0.08797,true,,-0.49428,0.97538,-0.62412,0.89780,1.09342,-0.49428,0.97538,0.20492,0.02577,0.20336,0.06382,,1.00000,1.00000,true,,-0.80745,0.55397,-0.87279,0.43511,0.97524,0.55397,0.80745,0.09363,0.09351,0.00961,0.24867,,1.00000,1.00000,true,,-0.67733,0.39580,-0.72165,0.29840,0.78091,0.67733,-0.39580,0.28498,0.19105,-0.21313,0.24360,,1.00000,1.00000,true,,-0.22274,0.55712,-0.29727,0.52213,0.60083,-0.59385,0.08566,0.09529,0.08923,-0.03308,,-0.12444,0.87500,1.00000,true,,-0.40096,0.78285,-0.50540,0.72111,0.88059,-0.73867,0.47749,0.04621,-0.04614,-0.00015,,-0.11759,0.65278,0.99444,true,,-0.80491,0.80342,-0.90751,0.68338,1.13603,-0.29536,1.09824,0.14212,-0.08018,0.11743,,-0.13508,0.88889,0.92222,true,,-0.74313,0.48630,-0.80142,0.37748,0.88587,0.04958,0.88672,0.13948,-0.09413,-0.10354,,-0.17668,0.91667,1.00000,true,,-0.53320,0.24313,-0.55889,0.16629,0.58310,0.47716,0.34021,0.24104,-0.16972,-0.17271,,-0.15010,0.97222,1.00000,true,,-0.57837,0.10725,-0.58477,0.02637,0.58537,0.55451,0.19630,0.10967,-0.10182,0.04228,,-0.14690,0.94444,1.00000,true,,-0.28831,0.02147,-0.28759,-0.01806,0.28815,0.23895,-0.16275,0.19545,0.05996,0.18640,,-0.15932,0.88889,1.00000,true,,-0.27884,0.30721,-0.31746,0.26640,0.41443,-0.12663,-0.39509,0.06448,0.05327,-0.03649,,-0.14808,0.87500,1.00000,1372,genuine_population,gen,auto_ewc_124060_a42ce22b328c,124060,European Watch Company,https://images.europeanwatch.com/images/71/71272-2.jpg
e17995e3fdd93e72,images/e1/e17995e3fdd93e720e0c5fcdfff37a00800e09463089cc3ecb4c247934de7d4a.jpg,pose_rejected,1080,864,physical black-dial boundary not found,false,,,,0,0,,,,,,,,,,,,,,,,,,,,,,,,,,,,,,,,,,,,,,,,,,,,,,,,,,,,,,,,,,,,,,,,,,,,,,,,,,,,,,,,,,,,,,,,,,,,,,,,,,,,,,,,,,,,,,,,,,,,,,,,,,,,,,,,,,,,,,,,,,,,,,,,,,,,,,,,,,,,,,,,,,,,,,,,,,,,,,,,,,,,,,,,,,,,,,,,,,,,,,,,,,,,,genuine_population,gen,auto_ewc_124060_a42ce22b328c,124060,European Watch Company,https://images.europeanwatch.com/images/71/71272-3.jpg
c43ff348244e86dd,images/c4/c43ff348244e86dd4f955ebb7c0b8dd5a0e29f42a3976be013322a0b1d226122.jpg,pose_rejected,1080,864,physical black-dial boundary not found,false,,,,0,0,,,,,,,,,,,,,,,,,,,,,,,,,,,,,,,,,,,,,,,,,,,,,,,,,,,,,,,,,,,,,,,,,,,,,,,,,,,,,,,,,,,,,,,,,,,,,,,,,,,,,,,,,,,,,,,,,,,,,,,,,,,,,,,,,,,,,,,,,,,,,,,,,,,,,,,,,,,,,,,,,,,,,,,,,,,,,,,,,,,,,,,,,,,,,,,,,,,,,,,,,,,,,genuine_population,gen,auto_ewc_124060_a42ce22b328c,124060,European Watch Company,https://images.europeanwatch.com/images/71/71272-4.jpg
3a8e2e590abad011,images/3a/3a8e2e590abad01134f7bdf810512e026fe2a619f38ecbc2599812aa3309867f.jpg,pose_rejected,1080,864,physical black-dial boundary not found,false,,,,0,0,,,,,,,,,,,,,,,,,,,,,,,,,,,,,,,,,,,,,,,,,,,,,,,,,,,,,,,,,,,,,,,,,,,,,,,,,,,,,,,,,,,,,,,,,,,,,,,,,,,,,,,,,,,,,,,,,,,,,,,,,,,,,,,,,,,,,,,,,,,,,,,,,,,,,,,,,,,,,,,,,,,,,,,,,,,,,,,,,,,,,,,,,,,,,,,,,,,,,,,,,,,,,genuine_population,gen,auto_ewc_124060_a42ce22b328c,124060,European Watch Company,https://images.europeanwatch.com/images/71/71272-5.jpg
48a95a3ddf6494e6,images/48/48a95a3ddf6494e6552ad2b007e5be353375fdfb48710e191bbbcb755ba7d37c.jpg,pose_rejected,1080,864,physical black-dial boundary not found,false,,,,0,0,,,,,,,,,,,,,,,,,,,,,,,,,,,,,,,,,,,,,,,,,,,,,,,,,,,,,,,,,,,,,,,,,,,,,,,,,,,,,,,,,,,,,,,,,,,,,,,,,,,,,,,,,,,,,,,,,,,,,,,,,,,,,,,,,,,,,,,,,,,,,,,,,,,,,,,,,,,,,,,,,,,,,,,,,,,,,,,,,,,,,,,,,,,,,,,,,,,,,,,,,,,,,genuine_population,gen,auto_ewc_124060_a42ce22b328c,124060,European Watch Company,https://images.europeanwatch.com/images/71/71272-6.jpg
c40c4a6cf0adf0e6,images/c4/c40c4a6cf0adf0e6d5f19fbf811fbf7431e16cc97960bcdff821ad06983b39ce.jpg,pose_rejected,1080,864,overlay unavailable: 12 direction could not be established (minute-lattice branch unknown),false,,,,0,0,,,,,,,,,,,,,,,,,,,,,,,,,,,,,,,,,,,,,,,,,,,,,,,,,,,,,,,,,,,,,,,,,,,,,,,,,,,,,,,,,,,,,,,,,,,,,,,,,,,,,,,,,,,,,,,,,,,,,,,,,,,,,,,,,,,,,,,,,,,,,,,,,,,,,,,,,,,,,,,,,,,,,,,,,,,,,,,,,,,,,,,,,,,,,,,,,,,,,,,,,,,,,genuine_population,gen,auto_ewc_124060_a42ce22b328c,124060,European Watch Company,https://images.europeanwatch.com/images/71/71272-7.jpg
14a800efc5982cf7,images/14/14a800efc5982cf7acaaf0219fc2accb0a7da3a3332a8a9304867efa9d8d851c.jpg,accepted,1080,864,,true,194.49828,0.99747,0.13567,54,12,196.01530,true,10,-0.08285,-0.19571,0.21252,-0.06873,-0.13111,true,,-0.26825,0.13254,-0.26815,0.13147,0.29865,-0.13254,-0.26825,0.27981,-0.22074,0.17365,0.03234,,1.00000,1.00000,-0.12882,0.15763,-0.09654,true,,-0.05755,-0.70272,-0.05649,-0.70186,0.70413,-0.05755,-0.70272,0.20975,0.12814,-0.16636,-0.19075,,1.00000,0.96667,true,,0.08298,-0.18587,0.08356,-0.18580,0.20372,-0.18587,-0.08298,0.20732,0.11225,0.17409,-0.20061,,1.00000,0.93333,true,,-0.09209,-0.06179,-0.09175,-0.06187,0.11066,0.09209,0.06179,0.23375,0.11093,0.20643,-0.18926,,0.95238,0.96667,true,,-0.47041,-0.14172,-0.46954,-0.14208,0.49057,-0.11247,-0.47825,0.14207,-0.13077,0.05687,,0.03335,0.98611,1.00000,false,hand/occluder crosses outline (clean 0.66),,,,,,,,,,,,,0.69444,0.65556,true,,0.10766,-0.56410,0.10865,-0.56378,0.57415,-0.18882,-0.54235,0.10365,0.09097,-0.04950,,0.08783,1.00000,1.00000,true,,0.22449,-0.52442,0.22582,-0.52423,0.57080,-0.34192,-0.45662,0.06930,-0.02098,-0.06600,,0.14082,1.00000,1.00000,true,,0.26416,-0.12881,0.26469,-0.12819,0.29410,-0.24363,-0.16437,0.03101,-0.00612,0.03040,,0.18815,1.00000,1.00000,true,,0.23972,0.01642,0.23956,0.01698,0.24016,-0.19939,-0.13408,0.06703,-0.06410,0.01954,,0.12648,1.00000,1.00000,true,,-0.08293,0.28635,-0.08389,0.28523,0.29731,-0.07136,-0.28945,0.14145,-0.13192,-0.05241,,0.06978,0.93056,1.00000,true,,-0.43237,0.20707,-0.43225,0.20538,0.47856,0.03686,-0.47798,0.15272,-0.06486,-0.13872,,0.05031,0.98611,1.00000,915,genuine_population,gen,auto_ewc_124060_7761710b6ccf,124060,European Watch Company,https://images.europeanwatch.com/images/71/71758-1.jpg
39333b0946ed7fd0,images/39/39333b0946ed7fd0dbed8538e796947d0c71766d5e78845fe2d45ddd037db7fb.jpg,accepted,1080,864,,true,277.57790,0.99719,0.16111,55,12,279.50736,true,10,-0.02579,-0.06640,0.07123,-0.08703,-0.12964,true,,-0.32572,0.48814,-0.38638,0.44130,0.58655,-0.48814,-0.32572,0.41529,-0.35622,0.21394,0.08138,,1.00000,1.00000,-0.03589,0.17563,-0.00159,true,,0.08274,-0.71518,0.17506,-0.69838,0.71999,0.08274,-0.71518,0.34750,0.30161,-0.17262,-0.28315,,1.00000,1.00000,true,,0.17597,-0.12401,0.19066,-0.10006,0.21532,-0.12401,-0.17597,0.29670,0.12311,0.26989,-0.29621,,1.00000,1.00000,true,,-0.06556,0.23738,-0.09597,0.22679,0.24626,0.06556,-0.23738,0.28121,0.21598,0.18024,-0.22397,,1.00000,1.00000,true,,-0.63627,0.10175,-0.64392,0.01798,0.64417,-0.40625,-0.50015,0.25651,-0.24534,0.07528,,-0.09992,1.00000,1.00000,false,hand/occluder crosses outline (clean 0.61),,,,,,,,,,,,,0.73611,0.61111,true,,0.18716,-0.64817,0.26993,-0.61849,0.67483,-0.16200,-0.65491,0.14161,0.09678,-0.10336,,-0.00261,0.98611,1.00000,true,,0.38976,-0.58359,0.46252,-0.52809,0.70200,-0.31052,-0.62934,0.12055,-0.04140,-0.11318,,-0.00394,0.98611,1.00000,true,,0.48474,-0.02154,0.48342,0.04186,0.48523,-0.26102,-0.40903,0.05175,-0.02613,0.04465,,0.09334,1.00000,1.00000,true,,0.47920,0.15268,0.45510,0.21387,0.50285,-0.33866,-0.37182,0.15649,-0.13916,0.07152,,0.09388,0.98611,1.00000,true,,-0.02501,0.55865,-0.09770,0.55040,0.55900,-0.25766,-0.49631,0.12201,-0.12063,-0.01874,,-0.01359,1.00000,1.00000,true,,-0.50622,0.57932,-0.57720,0.50815,0.76901,-0.24860,-0.72806,0.24713,-0.12191,-0.21510,,0.01154,0.98611,1.00000,1357,genuine_population,gen,auto_ewc_124060_7761710b6ccf,124060,European Watch Company,https://images.europeanwatch.com/images/71/71758-2.jpg
38ecb96fae29c5dd,images/38/38ecb96fae29c5dda2d1e9c30ebcfbafcaa616eb70adce1f127ee3e60d70479d.jpg,pose_rejected,1080,864,physical black-dial boundary could not be fitted,false,,,,0,0,,,,,,,,,,,,,,,,,,,,,,,,,,,,,,,,,,,,,,,,,,,,,,,,,,,,,,,,,,,,,,,,,,,,,,,,,,,,,,,,,,,,,,,,,,,,,,,,,,,,,,,,,,,,,,,,,,,,,,,,,,,,,,,,,,,,,,,,,,,,,,,,,,,,,,,,,,,,,,,,,,,,,,,,,,,,,,,,,,,,,,,,,,,,,,,,,,,,,,,,,,,,,genuine_population,gen,auto_ewc_124060_7761710b6ccf,124060,European Watch Company,https://images.europeanwatch.com/images/71/71758-3.jpg
c984ed38e5351bee,images/c9/c984ed38e5351beececa397572ce668acaacd6a159b2d067e68746d06a0a9155.jpg,pose_rejected,1080,864,physical black-dial boundary not found,false,,,,0,0,,,,,,,,,,,,,,,,,,,,,,,,,,,,,,,,,,,,,,,,,,,,,,,,,,,,,,,,,,,,,,,,,,,,,,,,,,,,,,,,,,,,,,,,,,,,,,,,,,,,,,,,,,,,,,,,,,,,,,,,,,,,,,,,,,,,,,,,,,,,,,,,,,,,,,,,,,,,,,,,,,,,,,,,,,,,,,,,,,,,,,,,,,,,,,,,,,,,,,,,,,,,,genuine_population,gen,auto_ewc_124060_7761710b6ccf,124060,European Watch Company,https://images.europeanwatch.com/images/71/71758-4.jpg
cf59f22c3f531346,images/cf/cf59f22c3f531346b7c90a7af778b72fc95e47e21196aecdec255e620b42755e.jpg,pose_rejected,1080,864,overlay unavailable: 12 direction could not be established (minute-lattice branch unknown),false,,,,0,0,,,,,,,,,,,,,,,,,,,,,,,,,,,,,,,,,,,,,,,,,,,,,,,,,,,,,,,,,,,,,,,,,,,,,,,,,,,,,,,,,,,,,,,,,,,,,,,,,,,,,,,,,,,,,,,,,,,,,,,,,,,,,,,,,,,,,,,,,,,,,,,,,,,,,,,,,,,,,,,,,,,,,,,,,,,,,,,,,,,,,,,,,,,,,,,,,,,,,,,,,,,,,genuine_population,gen,auto_ewc_124060_7761710b6ccf,124060,European Watch Company,https://images.europeanwatch.com/images/71/71758-5.jpg
3f2e35ad97963fbc,images/3f/3f2e35ad97963fbce0b9a290262ab14a246c4d163845a9583e5cb46a3d351363.jpg,pose_rejected,1080,864,physical black-dial boundary not found,false,,,,0,0,,,,,,,,,,,,,,,,,,,,,,,,,,,,,,,,,,,,,,,,,,,,,,,,,,,,,,,,,,,,,,,,,,,,,,,,,,,,,,,,,,,,,,,,,,,,,,,,,,,,,,,,,,,,,,,,,,,,,,,,,,,,,,,,,,,,,,,,,,,,,,,,,,,,,,,,,,,,,,,,,,,,,,,,,,,,,,,,,,,,,,,,,,,,,,,,,,,,,,,,,,,,,genuine_population,gen,auto_ewc_124060_7761710b6ccf,124060,European Watch Company,https://images.europeanwatch.com/images/71/71758-6.jpg
54f4a8cc67c0410e,images/54/54f4a8cc67c0410e1c75e67ba90bf213e02130993b6a9a279023745743cf4d15.jpg,pose_rejected,1080,864,physical black-dial boundary not found,false,,,,0,0,,,,,,,,,,,,,,,,,,,,,,,,,,,,,,,,,,,,,,,,,,,,,,,,,,,,,,,,,,,,,,,,,,,,,,,,,,,,,,,,,,,,,,,,,,,,,,,,,,,,,,,,,,,,,,,,,,,,,,,,,,,,,,,,,,,,,,,,,,,,,,,,,,,,,,,,,,,,,,,,,,,,,,,,,,,,,,,,,,,,,,,,,,,,,,,,,,,,,,,,,,,,,genuine_population,gen,auto_ewc_124060_7761710b6ccf,124060,European Watch Company,https://images.europeanwatch.com/images/71/71758-7.jpg
8cc107d61cf3afca,images/8c/8cc107d61cf3afcac2473c3b460b1af42e5a715d4ef2f4aac60311675dd44720.jpg,accepted,1080,864,,true,196.40365,0.99740,0.12147,54,12,197.47312,true,10,0.20941,-0.27405,0.34490,-0.00017,0.02739,true,,0.07848,0.45249,0.07679,0.45213,0.45860,-0.45249,0.07848,0.75369,-0.72658,-0.20518,0.07137,,1.00000,0.96667,-0.08890,0.40595,0.69192,true,,0.49037,-0.30759,0.49075,-0.30608,0.57838,0.49037,-0.30759,0.30100,0.28241,-0.10490,0.79879,,0.90476,0.96667,true,,0.04015,-0.14152,0.04076,-0.14209,0.14782,-0.14152,-0.04015,0.16505,0.13308,0.09641,0.48226,,1.00000,0.96667,true,,0.24057,-0.38704,0.24317,-0.38710,0.45714,-0.24057,0.38704,0.05226,-0.03210,0.04103,0.36872,,1.00000,0.96667,true,,0.25103,-0.19127,0.25123,-0.18987,0.31491,0.29116,0.12176,0.05020,-0.05027,0.00181,,0.13814,0.83333,1.00000,false,hand/occluder crosses outline (clean 0.52),,,,,,,,,,,,,0.63889,0.51667,true,,0.14077,-0.14633,0.14115,-0.14627,0.20327,0.04874,-0.19711,0.06817,0.00587,0.06778,,0.13857,0.79167,1.00000,true,,0.05431,-0.29095,0.05521,-0.29202,0.29720,-0.22481,-0.19251,0.10327,-0.09106,0.04818,,0.08250,0.88889,1.00000,true,,0.14549,-0.47700,0.14809,-0.47896,0.50133,-0.48584,0.11250,0.16489,-0.14387,0.07884,,0.09378,0.84722,1.00000,true,,0.23450,-0.40027,0.23728,-0.40113,0.46605,-0.40322,0.22939,0.08795,-0.08545,0.01910,,0.14401,0.81944,1.00000,true,,0.15517,-0.17608,0.15630,-0.17557,0.23506,-0.04634,0.23008,0.18870,-0.00293,-0.18843,,0.11280,0.80556,1.00000,true,,0.21994,-0.29236,0.22131,-0.29115,0.36572,0.14322,0.33665,0.05852,0.01000,-0.05764,,0.12152,0.81944,1.00000,932,genuine_population,gen,auto_ewc_124060_61da7322ed22,124060,European Watch Company,https://images.europeanwatch.com/images/68/68145-1.jpg
e11198980d028b5f,images/e1/e11198980d028b5fe3e00a198eeac88cc0803efaadc9c4c9ddd37b02e61d83f1.jpg,accepted,1080,864,,true,271.27529,0.99842,0.11298,54,12,273.46169,true,10,0.03745,-0.12829,0.13365,-0.00982,0.02628,true,,-0.07994,0.94619,-0.21844,0.92274,0.94824,-0.94619,-0.07994,1.07430,-1.05724,-0.19828,0.21024,,0.90476,0.96667,0.05442,0.33459,0.09714,true,,0.23037,-0.18044,0.25461,-0.14448,0.29274,0.23037,-0.18044,0.27327,0.23264,-0.14311,0.30256,,0.95238,1.00000,true,,-0.24550,0.07586,-0.25369,0.03855,0.25660,0.07586,0.24550,0.28379,0.22878,0.16842,0.09131,,1.00000,0.96667,true,,0.11866,-0.20309,0.14693,-0.18301,0.23469,-0.11866,0.20309,0.08355,-0.08015,-0.02464,0.33435,,1.00000,1.00000,true,,0.04432,-0.09492,0.05781,-0.08731,0.10471,0.10436,-0.00908,0.06053,0.00239,-0.06054,,-0.03081,0.84722,1.00000,false,hand/occluder crosses outline (clean 0.59),,,,,,,,,,,,,0.63889,0.58889,true,,-0.06314,-0.03532,-0.05728,-0.04432,0.07242,-0.07234,0.00098,0.02278,0.00009,0.02277,,-0.00534,0.79167,1.00000,true,,-0.22240,-0.16755,-0.19521,-0.19883,0.27864,-0.25630,0.10883,0.15644,-0.12873,0.08875,,-0.09724,0.87500,1.00000,true,,-0.06233,-0.32366,-0.01370,-0.32909,0.32937,-0.24913,0.21581,0.12113,-0.10345,0.06321,,-0.06656,0.84722,1.00000,true,,0.05672,-0.26282,0.09473,-0.25116,0.26843,-0.18053,0.19925,0.07695,-0.07672,-0.00849,,-0.04347,0.87500,1.00000,true,,0.06964,-0.08674,0.08144,-0.07540,0.11099,-0.01694,0.10995,0.12433,-0.04565,-0.11592,,-0.02549,0.79167,1.00000,true,,0.12756,-0.16624,0.15034,-0.14544,0.20917,0.08019,0.19359,0.01025,-0.00366,0.00960,,-0.06502,0.81944,1.00000,1280,genuine_population,gen,auto_ewc_124060_61da7322ed22,124060,European Watch Company,https://images.europeanwatch.com/images/68/68145-2.jpg
3b34611fab9713f4,images/3b/3b34611fab9713f451b5bebcd4b0c9a7cb6a74ed4a1060dffbd61abb999ac336.jpg,pose_rejected,1080,864,overlay unavailable: 12 direction could not be established (minute-lattice branch unknown),false,,,,0,0,,,,,,,,,,,,,,,,,,,,,,,,,,,,,,,,,,,,,,,,,,,,,,,,,,,,,,,,,,,,,,,,,,,,,,,,,,,,,,,,,,,,,,,,,,,,,,,,,,,,,,,,,,,,,,,,,,,,,,,,,,,,,,,,,,,,,,,,,,,,,,,,,,,,,,,,,,,,,,,,,,,,,,,,,,,,,,,,,,,,,,,,,,,,,,,,,,,,,,,,,,,,,genuine_population,gen,auto_ewc_124060_61da7322ed22,124060,European Watch Company,https://images.europeanwatch.com/images/68/68145-3.jpg
f29537f82cd6efc2,images/f2/f29537f82cd6efc280f7e88ce7a19b4fb7c62d3660c15a45b0ec77fc3ca50bfa.jpg,pose_rejected,1080,864,physical black-dial boundary not found,false,,,,0,0,,,,,,,,,,,,,,,,,,,,,,,,,,,,,,,,,,,,,,,,,,,,,,,,,,,,,,,,,,,,,,,,,,,,,,,,,,,,,,,,,,,,,,,,,,,,,,,,,,,,,,,,,,,,,,,,,,,,,,,,,,,,,,,,,,,,,,,,,,,,,,,,,,,,,,,,,,,,,,,,,,,,,,,,,,,,,,,,,,,,,,,,,,,,,,,,,,,,,,,,,,,,,genuine_population,gen,auto_ewc_124060_61da7322ed22,124060,European Watch Company,https://images.europeanwatch.com/images/68/68145-4.jpg
c99359eec84e3fa1,images/c9/c99359eec84e3fa153d5c8b5c65fd49080c196933e9b4a0c6a0f87934fb2b894.jpg,pose_rejected,1080,864,overlay unavailable: 12 direction could not be established (minute-lattice branch unknown),false,,,,0,0,,,,,,,,,,,,,,,,,,,,,,,,,,,,,,,,,,,,,,,,,,,,,,,,,,,,,,,,,,,,,,,,,,,,,,,,,,,,,,,,,,,,,,,,,,,,,,,,,,,,,,,,,,,,,,,,,,,,,,,,,,,,,,,,,,,,,,,,,,,,,,,,,,,,,,,,,,,,,,,,,,,,,,,,,,,,,,,,,,,,,,,,,,,,,,,,,,,,,,,,,,,,,genuine_population,gen,auto_ewc_124060_61da7322ed22,124060,European Watch Company,https://images.europeanwatch.com/images/68/68145-5.jpg
25b386227abb7a77,images/25/25b386227abb7a7784d8b36d40273df634036a3fec56a44dc7b2ea945a68ceed.jpg,pose_rejected,1080,864,physical black-dial boundary not found,false,,,,0,0,,,,,,,,,,,,,,,,,,,,,,,,,,,,,,,,,,,,,,,,,,,,,,,,,,,,,,,,,,,,,,,,,,,,,,,,,,,,,,,,,,,,,,,,,,,,,,,,,,,,,,,,,,,,,,,,,,,,,,,,,,,,,,,,,,,,,,,,,,,,,,,,,,,,,,,,,,,,,,,,,,,,,,,,,,,,,,,,,,,,,,,,,,,,,,,,,,,,,,,,,,,,,genuine_population,gen,auto_ewc_124060_61da7322ed22,124060,European Watch Company,https://images.europeanwatch.com/images/68/68145-6.jpg
073e565e8059d86e,images/07/073e565e8059d86ee1d0ae8586e45f27a3874220f19fbf49592aeac52a833f24.jpg,pose_rejected,1080,864,physical black-dial boundary not found,false,,,,0,0,,,,,,,,,,,,,,,,,,,,,,,,,,,,,,,,,,,,,,,,,,,,,,,,,,,,,,,,,,,,,,,,,,,,,,,,,,,,,,,,,,,,,,,,,,,,,,,,,,,,,,,,,,,,,,,,,,,,,,,,,,,,,,,,,,,,,,,,,,,,,,,,,,,,,,,,,,,,,,,,,,,,,,,,,,,,,,,,,,,,,,,,,,,,,,,,,,,,,,,,,,,,,genuine_population,gen,auto_ewc_124060_61da7322ed22,124060,European Watch Company,https://images.europeanwatch.com/images/68/68145-7.jpg
f97405415bac87e3,images/f9/f97405415bac87e33fb1c913c7fa96632e1559269b4897c423cf5f6da369f4b3.jpg,accepted,1080,864,,true,228.16404,0.98731,0.14032,52,12,230.90222,true,10,0.23983,-0.79489,0.83028,0.11092,-0.00538,true,,-0.13954,-0.74996,-0.14552,-0.73382,0.74811,0.74996,-0.13954,0.44355,-0.25870,-0.36833,-0.18221,,1.00000,1.00000,-0.44027,-0.15070,-0.99599,true,,0.43336,-0.82577,0.42126,-0.81467,0.91714,0.43336,-0.82577,0.00895,-0.00717,-0.00534,-0.14454,,0.90476,1.00000,true,,0.01035,-0.36343,0.00726,-0.36329,0.36336,-0.36343,-0.01035,0.35246,0.24612,0.25223,0.48222,,1.00000,1.00000,true,,-0.08221,-0.47383,-0.08430,-0.46960,0.47711,0.08221,0.47383,0.33830,0.13390,-0.31368,0.18673,,1.00000,0.96667,true,,0.33903,-1.22253,0.32364,-1.19498,1.23803,1.22826,-0.31765,0.22427,0.20056,-0.11117,,0.11981,0.86111,1.00000,false,hand/occluder crosses outline (clean 0.56),,,,,,,,,,,,,0.72222,0.55556,true,,0.49731,-0.96283,0.48506,-0.95599,1.07201,-0.05073,-1.08249,0.25289,-0.07027,-0.24553,,0.09629,0.94444,1.00000,true,,0.19551,-0.68580,0.18862,-0.68445,0.70997,-0.49617,-0.51222,0.17967,-0.13135,0.12055,,0.23284,1.00000,1.00000,true,,0.10163,-0.65270,0.09883,-0.65273,0.66017,-0.61607,0.23833,0.06792,-0.00513,0.06713,,0.32946,0.95833,1.00000,true,,0.19404,-0.61392,0.19357,-0.61181,0.64170,-0.47500,0.43465,0.13989,-0.06826,-0.12091,,0.08134,0.97222,1.00000,true,,0.27137,-0.96699,0.26879,-0.95210,0.98932,0.24849,0.97312,0.22694,-0.14874,0.17144,,0.04049,0.84722,0.92778,true,,0.34557,-0.95804,0.34004,-0.93823,0.99795,0.65690,0.77829,0.21971,-0.12468,0.18081,,0.07626,0.88889,1.00000,1179,genuine_population,gen,auto_ewc_124060_e50d1ad826ff,124060,European Watch Company,https://images.europeanwatch.com/images/39/39410-1.jpg
c2143f68590be66c,images/c2/c2143f68590be66cd06cf9f233d7491962d6c8f7465978748e9b35bf46934938.jpg,accepted,1080,864,,true,307.24716,0.98881,0.17658,53,12,309.68760,true,10,0.62861,-0.65957,0.91114,0.18554,-0.01117,true,,-0.14916,-0.63944,0.00971,-0.64926,0.64934,0.63944,-0.14916,0.81626,-0.62183,-0.54774,-0.18493,,1.00000,1.00000,-0.35735,-0.10878,-0.53136,true,,0.99233,-0.99394,1.19417,-0.70532,1.38690,0.99233,-0.99394,0.18001,0.10932,-0.14601,-0.19958,,1.00000,1.00000,true,,0.14718,-0.04439,0.15454,-0.00595,0.15465,-0.04439,-0.14718,0.47311,0.32151,0.34551,0.09783,,1.00000,0.96667,true,,-0.34378,-0.36721,-0.24491,-0.44289,0.50610,0.34378,0.36721,0.52648,0.35446,-0.38901,0.31065,,0.85714,1.00000,true,,0.63885,-1.44674,0.95996,-1.21913,1.55171,1.57234,-0.17011,0.21196,0.18681,-0.10691,,0.18165,0.88889,1.00000,false,hand/occluder crosses outline (clean 0.58),,,,,,,,,,,,,0.69444,0.57778,true,,1.01765,-0.91917,1.20529,-0.63208,1.36098,0.42173,-1.30485,0.33654,-0.03170,-0.33767,,0.31280,1.00000,1.00000,true,,0.38529,-0.49648,0.49488,-0.38496,0.62698,-0.23732,-0.58191,0.34830,-0.23361,0.25525,,0.58085,0.93056,1.00000,true,,0.26772,-0.47862,0.38049,-0.39778,0.55046,-0.54836,0.00746,0.10705,-0.09780,0.04255,,0.85136,0.94444,1.00000,true,,0.20404,-0.43642,0.30827,-0.37146,0.48272,-0.39491,0.27593,0.16576,-0.07438,-0.14612,,0.53640,0.93056,1.00000,true,,0.25871,-1.07993,0.51784,-0.97174,1.10111,0.31591,1.06460,0.25721,-0.16563,0.19570,,0.16423,0.90278,1.00000,true,,0.56605,-1.04537,0.80331,-0.85527,1.17337,0.62230,1.01290,0.42054,-0.31638,0.27402,,0.09424,0.90278,1.00000,1507,genuine_population,gen,auto_ewc_124060_e50d1ad826ff,124060,European Watch Company,https://images.europeanwatch.com/images/39/39410-2.jpg
118a19a2c398b312,images/11/118a19a2c398b312bd262a41d05f30bd69bf520e8fed2cd6b088747d51b5ddfa.jpg,pose_rejected,1080,864,physical black-dial boundary could not be fitted,false,,,,0,0,,,,,,,,,,,,,,,,,,,,,,,,,,,,,,,,,,,,,,,,,,,,,,,,,,,,,,,,,,,,,,,,,,,,,,,,,,,,,,,,,,,,,,,,,,,,,,,,,,,,,,,,,,,,,,,,,,,,,,,,,,,,,,,,,,,,,,,,,,,,,,,,,,,,,,,,,,,,,,,,,,,,,,,,,,,,,,,,,,,,,,,,,,,,,,,,,,,,,,,,,,,,,genuine_population,gen,auto_ewc_124060_e50d1ad826ff,124060,European Watch Company,https://images.europeanwatch.com/images/39/39410-3.jpg
5f06d2a6befa6364,images/5f/5f06d2a6befa6364bcd7d11266cf2f563a9399eba3b47290f2539de354877a0e.jpg,pose_rejected,1080,864,physical black-dial boundary could not be fitted,false,,,,0,0,,,,,,,,,,,,,,,,,,,,,,,,,,,,,,,,,,,,,,,,,,,,,,,,,,,,,,,,,,,,,,,,,,,,,,,,,,,,,,,,,,,,,,,,,,,,,,,,,,,,,,,,,,,,,,,,,,,,,,,,,,,,,,,,,,,,,,,,,,,,,,,,,,,,,,,,,,,,,,,,,,,,,,,,,,,,,,,,,,,,,,,,,,,,,,,,,,,,,,,,,,,,,genuine_population,gen,auto_ewc_124060_e50d1ad826ff,124060,European Watch Company,https://images.europeanwatch.com/images/39/39410-4.jpg
4a51b55871e0ca8a,images/4a/4a51b55871e0ca8a1d4cfe6075db741f0f43de23ea089ff1d6d93d41c4fb8b13.jpg,pose_rejected,1080,864,overlay unavailable: centroid lattice evidence insufficient,false,,,,0,0,,,,,,,,,,,,,,,,,,,,,,,,,,,,,,,,,,,,,,,,,,,,,,,,,,,,,,,,,,,,,,,,,,,,,,,,,,,,,,,,,,,,,,,,,,,,,,,,,,,,,,,,,,,,,,,,,,,,,,,,,,,,,,,,,,,,,,,,,,,,,,,,,,,,,,,,,,,,,,,,,,,,,,,,,,,,,,,,,,,,,,,,,,,,,,,,,,,,,,,,,,,,,genuine_population,gen,auto_ewc_124060_e50d1ad826ff,124060,European Watch Company,https://images.europeanwatch.com/images/39/39410-5.jpg
e7c211d50e13ee27,images/e7/e7c211d50e13ee27527a6154bb7e219cae3e6270a9d26f351127eb773edd0866.jpg,pose_rejected,1080,864,physical black-dial boundary could not be fitted,false,,,,0,0,,,,,,,,,,,,,,,,,,,,,,,,,,,,,,,,,,,,,,,,,,,,,,,,,,,,,,,,,,,,,,,,,,,,,,,,,,,,,,,,,,,,,,,,,,,,,,,,,,,,,,,,,,,,,,,,,,,,,,,,,,,,,,,,,,,,,,,,,,,,,,,,,,,,,,,,,,,,,,,,,,,,,,,,,,,,,,,,,,,,,,,,,,,,,,,,,,,,,,,,,,,,,genuine_population,gen,auto_ewc_124060_e50d1ad826ff,124060,European Watch Company,https://images.europeanwatch.com/images/39/39410-6.jpg
70b73e048ab97768,images/70/70b73e048ab977683d7a5cb25aa94ccbc3d57e355d58bd468efbf45ff9e84562.jpg,pose_rejected,1080,864,physical black-dial boundary could not be fitted,false,,,,0,0,,,,,,,,,,,,,,,,,,,,,,,,,,,,,,,,,,,,,,,,,,,,,,,,,,,,,,,,,,,,,,,,,,,,,,,,,,,,,,,,,,,,,,,,,,,,,,,,,,,,,,,,,,,,,,,,,,,,,,,,,,,,,,,,,,,,,,,,,,,,,,,,,,,,,,,,,,,,,,,,,,,,,,,,,,,,,,,,,,,,,,,,,,,,,,,,,,,,,,,,,,,,,genuine_population,gen,auto_ewc_124060_e50d1ad826ff,124060,European Watch Company,https://images.europeanwatch.com/images/39/39410-7.jpg
445e3c952d68ede4,images/44/445e3c952d68ede4a1a356d67602cec65d304d3bb18561a3d2b0175673aeeb87.jpg,accepted,1080,864,,true,204.26807,0.99897,0.12663,54,12,204.91608,true,10,0.15360,0.19575,0.24882,-0.01572,-0.00227,true,,-0.10162,0.63434,-0.10960,0.63303,0.64245,-0.63434,-0.10162,0.48496,-0.41514,-0.25092,-1.20877,,1.00000,1.00000,-1.33395,-1.08048,-1.19758,true,,0.00110,0.15057,-0.00068,0.15065,0.15065,0.00110,0.15057,0.13527,-0.13025,-0.03672,-0.51079,,1.00000,1.00000,true,,0.15869,0.19295,0.15661,0.19535,0.25037,0.19295,-0.15869,0.02423,0.02394,0.00328,-0.41731,,1.00000,1.00000,true,,-0.16193,0.11223,-0.16400,0.11046,0.19773,0.16193,-0.11223,0.35443,0.34217,0.08741,-0.56600,,0.95238,1.00000,true,,0.05658,0.38417,0.05190,0.38485,0.38833,-0.30441,0.24108,0.18908,-0.18857,0.01604,,-0.02257,1.00000,1.00000,false,hand/occluder crosses outline (clean 0.74),,,,,,,,,,,,,0.66667,0.74444,true,,0.33627,0.10339,0.33493,0.10759,0.35179,0.34291,-0.07860,0.21214,0.13746,-0.16163,,0.14120,1.00000,1.00000,true,,0.24804,0.18162,0.24604,0.18491,0.30778,0.28131,-0.12400,0.10071,0.06207,-0.07920,,0.12415,1.00000,1.00000,true,,0.20664,0.26501,0.20390,0.26833,0.33701,0.12619,-0.31146,0.09670,0.06275,-0.07319,,0.09133,0.97222,1.00000,true,,0.21667,0.04954,0.21686,0.05234,0.22309,-0.16287,-0.15124,0.14145,-0.09848,0.10082,,0.13902,1.00000,1.00000,true,,0.27735,0.11480,0.27673,0.11873,0.30112,-0.29759,0.03926,0.14157,-0.03974,0.13551,,0.02948,1.00000,1.00000,true,,0.25073,0.34853,0.24676,0.35232,0.43014,-0.42719,0.04287,0.15624,-0.15555,0.01129,,-0.02488,1.00000,1.00000,938,genuine_population,gen,auto_ewc_124060_ceb5b8d52802,124060,European Watch Company,https://images.europeanwatch.com/images/46/46216-1.jpg
728e4c157ef1075d,images/72/728e4c157ef1075da97af7f6caaeec1a62dd65adeb89c640333a52a4998fffd6.jpg,accepted,1080,864,,true,270.06893,0.99926,0.11669,54,12,270.53824,true,10,0.38916,0.22533,0.44969,-0.02202,-0.00308,true,,0.15092,0.88173,0.05484,0.89586,0.89754,-0.88173,0.15092,0.69984,-0.65353,-0.24761,-0.92264,,1.00000,1.00000,-0.99349,-1.01831,-1.52902,true,,0.18552,0.04626,0.17919,0.06640,0.19109,0.18552,0.04626,0.21788,-0.17942,-0.12328,-0.62542,,1.00000,1.00000,true,,0.31856,0.25367,0.29018,0.28791,0.40878,0.25367,-0.31856,0.15732,0.11829,0.10265,-0.30686,,1.00000,1.00000,true,,0.18889,0.04258,0.18431,0.06342,0.19492,-0.18889,-0.04258,0.30742,0.26649,0.14906,-0.34440,,1.00000,1.00000,true,,0.26026,0.42239,0.21308,0.44971,0.49763,-0.23567,0.43658,0.23585,-0.23589,0.00292,,-0.15688,0.98611,1.00000,false,outline coverage 0.69; 6/8 octants,,,,,,,,,,,,,0.69444,0.86111,true,,0.70059,0.02783,0.69294,0.10377,0.70066,0.62064,-0.32619,0.34699,0.22359,-0.26566,,0.06463,0.88889,0.97778,true,,0.49431,0.15740,0.47492,0.21048,0.51947,0.38347,-0.34938,0.10131,0.07045,-0.07262,,0.00001,1.00000,1.00000,true,,0.43287,0.26436,0.40378,0.31135,0.50988,0.01251,-0.50705,0.12114,0.10966,-0.04971,,0.01998,1.00000,1.00000,true,,0.48470,0.01656,0.48315,0.06954,0.48813,-0.41149,-0.25669,0.15339,-0.09811,0.11663,,0.02573,1.00000,1.00000,true,,0.57785,0.11015,0.56564,0.17438,0.59191,-0.55551,0.19353,0.16910,-0.06154,0.15669,,-0.09923,1.00000,1.00000,true,,0.51702,0.40552,0.47183,0.46256,0.66074,-0.60970,0.24500,0.20098,-0.19976,-0.00808,,-0.15700,0.98611,1.00000,1311,genuine_population,gen,auto_ewc_124060_ceb5b8d52802,124060,European Watch Company,https://images.europeanwatch.com/images/46/46216-2.jpg
917eae5464347c2e,images/91/917eae5464347c2e4d538b786621eeaf019913fb44c4175555fdc880d29c34c5.jpg,pose_rejected,1080,864,physical black-dial boundary not found,false,,,,0,0,,,,,,,,,,,,,,,,,,,,,,,,,,,,,,,,,,,,,,,,,,,,,,,,,,,,,,,,,,,,,,,,,,,,,,,,,,,,,,,,,,,,,,,,,,,,,,,,,,,,,,,,,,,,,,,,,,,,,,,,,,,,,,,,,,,,,,,,,,,,,,,,,,,,,,,,,,,,,,,,,,,,,,,,,,,,,,,,,,,,,,,,,,,,,,,,,,,,,,,,,,,,,genuine_population,gen,auto_ewc_124060_ceb5b8d52802,124060,European Watch Company,https://images.europeanwatch.com/images/46/46216-3.jpg
584ed035089cacac,images/58/584ed035089cacacf0b62eef125271c1fb50b5c28715a886980e89166552f9a9.jpg,pose_rejected,1080,864,physical black-dial boundary could not be fitted,false,,,,0,0,,,,,,,,,,,,,,,,,,,,,,,,,,,,,,,,,,,,,,,,,,,,,,,,,,,,,,,,,,,,,,,,,,,,,,,,,,,,,,,,,,,,,,,,,,,,,,,,,,,,,,,,,,,,,,,,,,,,,,,,,,,,,,,,,,,,,,,,,,,,,,,,,,,,,,,,,,,,,,,,,,,,,,,,,,,,,,,,,,,,,,,,,,,,,,,,,,,,,,,,,,,,,genuine_population,gen,auto_ewc_124060_ceb5b8d52802,124060,European Watch Company,https://images.europeanwatch.com/images/46/46216-4.jpg
adfa691245706b56,images/ad/adfa691245706b567874d4691af826fed218c9de044dd19aaccf67d3e2c96239.jpg,pose_rejected,1080,864,physical black-dial boundary not found,false,,,,0,0,,,,,,,,,,,,,,,,,,,,,,,,,,,,,,,,,,,,,,,,,,,,,,,,,,,,,,,,,,,,,,,,,,,,,,,,,,,,,,,,,,,,,,,,,,,,,,,,,,,,,,,,,,,,,,,,,,,,,,,,,,,,,,,,,,,,,,,,,,,,,,,,,,,,,,,,,,,,,,,,,,,,,,,,,,,,,,,,,,,,,,,,,,,,,,,,,,,,,,,,,,,,,genuine_population,gen,auto_ewc_124060_ceb5b8d52802,124060,European Watch Company,https://images.europeanwatch.com/images/46/46216-5.jpg
0b73ce5d95e2aa03,images/0b/0b73ce5d95e2aa03556f33fc176f2db16a18bb346044db3efdcc2ef2d62b5444.jpg,pose_rejected,1080,864,physical black-dial boundary not found,false,,,,0,0,,,,,,,,,,,,,,,,,,,,,,,,,,,,,,,,,,,,,,,,,,,,,,,,,,,,,,,,,,,,,,,,,,,,,,,,,,,,,,,,,,,,,,,,,,,,,,,,,,,,,,,,,,,,,,,,,,,,,,,,,,,,,,,,,,,,,,,,,,,,,,,,,,,,,,,,,,,,,,,,,,,,,,,,,,,,,,,,,,,,,,,,,,,,,,,,,,,,,,,,,,,,,genuine_population,gen,auto_ewc_124060_ceb5b8d52802,124060,European Watch Company,https://images.europeanwatch.com/images/46/46216-6.jpg
02f3c5864aa0b8d1,images/02/02f3c5864aa0b8d157280a4755662a12cb1b7d546c734bb4b4e02f1816b6c103.jpg,pose_rejected,1080,864,overlay unavailable: 12 direction could not be established (minute-lattice branch unknown),false,,,,0,0,,,,,,,,,,,,,,,,,,,,,,,,,,,,,,,,,,,,,,,,,,,,,,,,,,,,,,,,,,,,,,,,,,,,,,,,,,,,,,,,,,,,,,,,,,,,,,,,,,,,,,,,,,,,,,,,,,,,,,,,,,,,,,,,,,,,,,,,,,,,,,,,,,,,,,,,,,,,,,,,,,,,,,,,,,,,,,,,,,,,,,,,,,,,,,,,,,,,,,,,,,,,,genuine_population,gen,auto_ewc_124060_ceb5b8d52802,124060,European Watch Company,https://images.europeanwatch.com/images/46/46216-7.jpg
855041528fc1ac79,images/85/855041528fc1ac79fd05eaf698d6932fdcc958e4b67962ebe7d07260106ccd72.jpg,accepted,1080,864,,true,198.20563,0.99374,0.11049,54,12,199.31826,true,6,-0.10743,-0.24654,0.26893,0.06135,0.20375,true,,0.39836,0.82840,0.40654,0.81478,0.91057,-0.82840,0.39836,1.16232,-1.17504,-0.06351,0.83912,,1.00000,0.96667,0.56968,1.02009,0.52353,true,,-0.24814,0.58306,-0.23964,0.58178,0.62920,-0.24814,0.58306,0.37481,-0.23639,0.29394,-0.24895,,1.00000,0.96667,true,,-0.35206,-0.01319,-0.35361,-0.00965,0.35374,-0.01319,0.35206,0.32505,0.14291,-0.29055,0.14913,,1.00000,0.96667,true,,0.00347,-0.39760,0.00031,-0.39567,0.39567,-0.00347,0.39760,0.43636,-0.20086,-0.38936,0.19971,,1.00000,1.00000,false,outline coverage 0.60; 6/8 octants,,,,,,,,,,,,,0.59722,1.00000,false,outline coverage 0.46; 5/8 octants,,,,,,,,,,,,,0.45833,0.83889,false,outline coverage 0.58; 5/8 octants,,,,,,,,,,,,,0.58333,1.00000,true,,-0.36074,-0.08536,-0.36296,-0.08174,0.37205,-0.25429,0.26973,0.28623,-0.08592,-0.27304,,0.08907,0.88889,1.00000,true,,-0.10224,-0.23825,-0.10496,-0.23739,0.25956,-0.15521,0.20766,0.59339,-0.09141,-0.58402,,0.12512,0.81944,1.00000,true,,-1.51630,-1.52670,-1.53433,-1.50945,2.15236,0.54980,2.08031,1.32848,0.48422,1.23579,,-1.50112,0.63889,1.00000,false,outline coverage 0.57; 6/8 octants,,,,,,,,,,,,,0.56944,1.00000,false,outline coverage 0.60; 7/8 octants,,,,,,,,,,,,,0.59722,0.88333,945,genuine_population,gen,auto_ewc_124060_5812eb095371,124060,European Watch Company,https://images.europeanwatch.com/images/49/49845-1.jpg
6ac54fe6dfcbd61a,images/6a/6ac54fe6dfcbd61a90a0f21bb58fa43401a5ec2a9ffbd5d5a676316c9c60685b.jpg,accepted,1080,864,,true,275.50938,0.99754,0.09647,55,12,277.09674,true,7,-0.19431,0.36200,0.41085,-0.13445,0.11741,true,,0.35959,1.48549,0.20378,1.50365,1.51739,-1.48549,0.35959,0.80317,-0.80666,0.06167,0.78372,,1.00000,0.96667,0.56951,0.92146,0.50978,true,,-0.42867,1.15501,-0.54355,1.10243,1.22915,-0.42867,1.15501,0.34231,0.00998,0.34289,-0.35408,,1.00000,0.96667,true,,-0.63360,0.07297,-0.63867,0.00702,0.63871,0.07297,0.63360,0.05322,-0.02533,0.04672,-0.21713,,1.00000,0.96667,true,,0.10280,-0.21695,0.12494,-0.20447,0.23963,-0.10280,0.21695,0.16816,0.02415,0.16703,0.03288,,0.95238,1.00000,false,outline coverage 0.57; 6/8 octants,,,,,,,,,,,,,0.56944,1.00000,false,hand/occluder crosses outline (clean 0.71),,,,,,,,,,,,,0.38889,0.70556,true,,-0.57701,0.40156,-0.61558,0.33986,0.70317,-0.29892,0.63627,0.23920,-0.05140,-0.23367,,-0.05757,0.63889,1.00000,true,,-0.76113,0.18655,-0.77760,0.10697,0.78493,-0.21900,0.75243,0.17196,-0.16802,-0.03506,,-0.10079,0.88889,1.00000,true,,-0.20135,0.03286,-0.20386,0.01186,0.20420,0.12913,0.15795,0.24967,0.02426,-0.24844,,-0.05874,0.86111,1.00000,true,,-0.28516,-0.07516,-0.27554,-0.10410,0.29455,0.20938,0.20767,0.18704,0.18695,-0.00218,,-0.07010,0.80556,1.00000,false,outline coverage 0.50; 7/8 octants,,,,,,,,,,,,,0.50000,0.96111,false,outline coverage 0.54; 5/8 octants,,,,,,,,,,,,,0.54167,1.00000,1316,genuine_population,gen,auto_ewc_124060_5812eb095371,124060,European Watch Company,https://images.europeanwatch.com/images/49/49845-2.jpg
6f8ed5c0ff041a93,images/6f/6f8ed5c0ff041a933188628eb9bfcd10a0bf0f417d8d410efb30f07bb0dcb03f.jpg,pose_rejected,1080,864,physical black-dial boundary not found,false,,,,0,0,,,,,,,,,,,,,,,,,,,,,,,,,,,,,,,,,,,,,,,,,,,,,,,,,,,,,,,,,,,,,,,,,,,,,,,,,,,,,,,,,,,,,,,,,,,,,,,,,,,,,,,,,,,,,,,,,,,,,,,,,,,,,,,,,,,,,,,,,,,,,,,,,,,,,,,,,,,,,,,,,,,,,,,,,,,,,,,,,,,,,,,,,,,,,,,,,,,,,,,,,,,,,genuine_population,gen,auto_ewc_124060_5812eb095371,124060,European Watch Company,https://images.europeanwatch.com/images/49/49845-3.jpg
85a15f648e4de593,images/85/85a15f648e4de593aa9445c8fe4c8fdc358e77bd9e0d5e9c0a636d84a36bfa1f.jpg,pose_rejected,1080,864,physical black-dial boundary could not be fitted,false,,,,0,0,,,,,,,,,,,,,,,,,,,,,,,,,,,,,,,,,,,,,,,,,,,,,,,,,,,,,,,,,,,,,,,,,,,,,,,,,,,,,,,,,,,,,,,,,,,,,,,,,,,,,,,,,,,,,,,,,,,,,,,,,,,,,,,,,,,,,,,,,,,,,,,,,,,,,,,,,,,,,,,,,,,,,,,,,,,,,,,,,,,,,,,,,,,,,,,,,,,,,,,,,,,,,genuine_population,gen,auto_ewc_124060_5812eb095371,124060,European Watch Company,https://images.europeanwatch.com/images/49/49845-4.jpg
be503e67f1100725,images/be/be503e67f11007257850de03aee72ffd8bb6e52d5a674368f5a9ae5b4354888c.jpg,pose_rejected,1080,864,physical black-dial boundary not found,false,,,,0,0,,,,,,,,,,,,,,,,,,,,,,,,,,,,,,,,,,,,,,,,,,,,,,,,,,,,,,,,,,,,,,,,,,,,,,,,,,,,,,,,,,,,,,,,,,,,,,,,,,,,,,,,,,,,,,,,,,,,,,,,,,,,,,,,,,,,,,,,,,,,,,,,,,,,,,,,,,,,,,,,,,,,,,,,,,,,,,,,,,,,,,,,,,,,,,,,,,,,,,,,,,,,,genuine_population,gen,auto_ewc_124060_5812eb095371,124060,European Watch Company,https://images.europeanwatch.com/images/49/49845-5.jpg
2e33da857f09e627,images/2e/2e33da857f09e6277fa9d7e50f3f76627d7fdc7cefda5c24fbddc3d618074949.jpg,pose_rejected,1080,864,physical black-dial boundary not found,false,,,,0,0,,,,,,,,,,,,,,,,,,,,,,,,,,,,,,,,,,,,,,,,,,,,,,,,,,,,,,,,,,,,,,,,,,,,,,,,,,,,,,,,,,,,,,,,,,,,,,,,,,,,,,,,,,,,,,,,,,,,,,,,,,,,,,,,,,,,,,,,,,,,,,,,,,,,,,,,,,,,,,,,,,,,,,,,,,,,,,,,,,,,,,,,,,,,,,,,,,,,,,,,,,,,,genuine_population,gen,auto_ewc_124060_5812eb095371,124060,European Watch Company,https://images.europeanwatch.com/images/49/49845-6.jpg
37662bef338053b8,images/37/37662bef338053b8161c799aa0b8154a52629fb6baad57a83dc0d54c0e9619a8.jpg,pose_rejected,1080,864,physical black-dial boundary could not be fitted,false,,,,0,0,,,,,,,,,,,,,,,,,,,,,,,,,,,,,,,,,,,,,,,,,,,,,,,,,,,,,,,,,,,,,,,,,,,,,,,,,,,,,,,,,,,,,,,,,,,,,,,,,,,,,,,,,,,,,,,,,,,,,,,,,,,,,,,,,,,,,,,,,,,,,,,,,,,,,,,,,,,,,,,,,,,,,,,,,,,,,,,,,,,,,,,,,,,,,,,,,,,,,,,,,,,,,genuine_population,gen,auto_ewc_124060_5812eb095371,124060,European Watch Company,https://images.europeanwatch.com/images/49/49845-7.jpg
fe415ba6ad0b207e,images/fe/fe415ba6ad0b207e13a31c8ac4778b62974297dcc3e007e9737fe6ed917b58c2.jpg,accepted,900,900,,true,166.43108,0.96154,0.18200,54,12,161.40536,true,10,0.97445,-0.60081,1.14478,0.00198,-0.00105,true,,1.80603,-0.74312,1.65501,-0.97613,1.92143,0.74312,1.80603,0.79303,0.29665,0.74885,0.26799,,1.00000,1.00000,-0.09079,0.54996,-0.00376,true,,0.99954,-0.33163,0.91405,-0.47213,1.02879,0.99954,-0.33163,0.12864,-0.06242,0.11452,0.03139,,0.95238,1.00000,true,,1.62717,-0.29959,1.58127,-0.56176,1.67810,-0.29959,-1.62717,0.60208,0.14189,-0.56541,0.28769,,0.90476,1.00000,true,,0.73498,-0.30153,0.69481,-0.41618,0.80992,-0.73498,0.30153,0.35794,0.32211,-0.14015,-0.00625,,1.00000,1.00000,true,,0.89088,-0.29112,0.82106,-0.40551,0.91574,0.69756,0.62596,0.22191,-0.21925,-0.06726,,-0.21182,0.83333,1.00000,false,hand/occluder crosses outline (clean 0.72),,,,,,,,,,,,,0.56944,0.72222,true,,1.27294,-0.43655,1.16621,-0.62760,1.32436,0.88412,-1.01454,0.21019,0.18590,-0.09793,,-0.09515,0.84722,1.00000,true,,0.82961,-0.56595,0.71108,-0.70299,0.99991,-0.07532,-1.00144,0.27300,-0.22325,0.14050,,-0.03364,0.86111,1.00000,true,,1.00892,-0.59834,0.91010,-0.77483,1.19526,-1.02263,-0.57458,0.17572,-0.11103,0.12344,,-0.09434,0.83333,1.00000,true,,0.94264,-0.58960,0.85218,-0.75113,1.13596,-1.11115,0.03929,0.20059,0.02578,0.18700,,-0.06955,0.81944,1.00000,true,,1.07110,-0.58507,0.97986,-0.74234,1.22930,-0.63507,1.04223,0.14598,0.05795,0.13042,,-0.16076,0.81944,1.00000,true,,1.21869,-0.43399,1.14588,-0.59894,1.29297,-0.23350,1.27242,0.16655,-0.09078,0.13527,,-0.23063,0.83333,1.00000,759,genuine_population,gen,auto_davidsw_124060_911ce140f7b9,124060,DavidSW,https://davidsw.com/wp-content/uploads/2026/08/26.08.18-110.jpg
848b12d7004b393f,images/84/848b12d7004b393fe3df01c82fecd6a3af1fab7cf6489956853b604bbf62972b.jpg,pose_rejected,900,900,overlay unavailable: 12 direction could not be established (minute-lattice branch unknown),false,,,,0,0,,,,,,,,,,,,,,,,,,,,,,,,,,,,,,,,,,,,,,,,,,,,,,,,,,,,,,,,,,,,,,,,,,,,,,,,,,,,,,,,,,,,,,,,,,,,,,,,,,,,,,,,,,,,,,,,,,,,,,,,,,,,,,,,,,,,,,,,,,,,,,,,,,,,,,,,,,,,,,,,,,,,,,,,,,,,,,,,,,,,,,,,,,,,,,,,,,,,,,,,,,,,,genuine_population,gen,auto_davidsw_124060_911ce140f7b9,124060,DavidSW,https://davidsw.com/wp-content/uploads/2026/08/26.08.18-108.jpg
3cce6d1b709364b0,images/3c/3cce6d1b709364b02c0427a1fdf1d6954901ef4d5d311dfae1f67a9711a2ff7f.jpg,accepted,900,900,,true,262.94162,0.99776,0.12052,54,12,263.71644,true,10,0.21316,0.48248,0.52747,-0.00409,0.02034,true,,0.47946,0.94191,0.48239,0.93872,1.05541,-0.94191,0.47946,0.48944,-0.45047,0.19330,0.37058,,1.00000,1.00000,0.06674,0.57102,0.00262,true,,0.08040,0.51511,0.08287,0.51501,0.52164,0.08040,0.51511,0.12876,-0.12274,-0.03876,0.11091,,0.85714,0.96667,true,,0.18273,0.97452,0.18653,0.97698,0.99463,0.97452,-0.18273,0.50329,0.49990,-0.04245,0.25987,,1.00000,1.00000,true,,-0.08483,0.56258,-0.08363,0.56338,0.56955,0.08483,-0.56258,0.34016,0.30437,-0.15082,-0.08648,,0.95238,0.96667,true,,0.32492,0.51870,0.32676,0.51683,0.61146,-0.28675,0.54074,0.05285,0.03450,0.04014,,-0.49911,0.84722,0.93333,false,hand/occluder crosses outline (clean 0.65),,,,,,,,,,,,,0.61111,0.65000,true,,0.39769,0.45759,0.40006,0.45708,0.60742,0.57320,0.19744,0.24777,0.15755,-0.19118,,-0.47477,1.00000,1.00000,true,,-0.01220,0.19276,-0.01139,0.19334,0.19367,0.16084,0.10694,0.35627,-0.35418,-0.02760,,-0.45168,1.00000,1.00000,true,,0.07794,0.20421,0.07869,0.20459,0.21920,0.13788,-0.16960,0.24446,-0.16580,0.17867,,-0.43880,1.00000,1.00000,true,,0.21795,0.32496,0.21911,0.32501,0.39197,-0.02627,-0.39040,0.09527,-0.07586,0.05724,,-0.45101,1.00000,1.00000,true,,0.26650,0.48798,0.26777,0.48702,0.55578,-0.47478,-0.28936,0.06737,-0.04156,-0.05306,,-0.42265,0.84722,1.00000,true,,0.56080,0.51121,0.56207,0.50890,0.75823,-0.72312,0.23006,0.28514,-0.19053,0.21228,,-0.46080,0.87500,1.00000,1181,genuine_population,gen,auto_davidsw_124060_911ce140f7b9,124060,DavidSW,https://davidsw.com/wp-content/uploads/2026/08/26.08.18-109.jpg
8751950c5ff2e42b,images/87/8751950c5ff2e42b07e99fcf982c5688a30739a7b1315774d938dbbe18a6b5a0.jpg,pose_rejected,900,900,physical black-dial boundary could not be fitted,false,,,,0,0,,,,,,,,,,,,,,,,,,,,,,,,,,,,,,,,,,,,,,,,,,,,,,,,,,,,,,,,,,,,,,,,,,,,,,,,,,,,,,,,,,,,,,,,,,,,,,,,,,,,,,,,,,,,,,,,,,,,,,,,,,,,,,,,,,,,,,,,,,,,,,,,,,,,,,,,,,,,,,,,,,,,,,,,,,,,,,,,,,,,,,,,,,,,,,,,,,,,,,,,,,,,,genuine_population,gen,auto_davidsw_124060_911ce140f7b9,124060,DavidSW,https://davidsw.com/wp-content/uploads/2026/08/26.08.18-115.jpg
a1bfaf5a1c5e2de4,images/a1/a1bfaf5a1c5e2de49301f2cbd265c815ee509f91bbc33f2e74ba55d70488557d.jpg,pose_rejected,900,900,physical black-dial boundary not found,false,,,,0,0,,,,,,,,,,,,,,,,,,,,,,,,,,,,,,,,,,,,,,,,,,,,,,,,,,,,,,,,,,,,,,,,,,,,,,,,,,,,,,,,,,,,,,,,,,,,,,,,,,,,,,,,,,,,,,,,,,,,,,,,,,,,,,,,,,,,,,,,,,,,,,,,,,,,,,,,,,,,,,,,,,,,,,,,,,,,,,,,,,,,,,,,,,,,,,,,,,,,,,,,,,,,,genuine_population,gen,auto_davidsw_124060_911ce140f7b9,124060,DavidSW,https://davidsw.com/wp-content/uploads/2026/08/26.08.18-114.jpg
efe4f0c579f2054b,images/ef/efe4f0c579f2054bc577275875bd4d6943baed79329d634150a2cc39fcc389d0.jpg,pose_rejected,900,900,physical black-dial boundary not found,false,,,,0,0,,,,,,,,,,,,,,,,,,,,,,,,,,,,,,,,,,,,,,,,,,,,,,,,,,,,,,,,,,,,,,,,,,,,,,,,,,,,,,,,,,,,,,,,,,,,,,,,,,,,,,,,,,,,,,,,,,,,,,,,,,,,,,,,,,,,,,,,,,,,,,,,,,,,,,,,,,,,,,,,,,,,,,,,,,,,,,,,,,,,,,,,,,,,,,,,,,,,,,,,,,,,,genuine_population,gen,auto_davidsw_124060_911ce140f7b9,124060,DavidSW,https://davidsw.com/wp-content/uploads/2026/08/26.08.18-113.jpg
f85255084ee671f1,images/f8/f85255084ee671f136b8caa246fcb1c1d2820c688e50e3c036437ebbc63d612c.jpg,pose_rejected,900,900,physical black-dial boundary could not be fitted,false,,,,0,0,,,,,,,,,,,,,,,,,,,,,,,,,,,,,,,,,,,,,,,,,,,,,,,,,,,,,,,,,,,,,,,,,,,,,,,,,,,,,,,,,,,,,,,,,,,,,,,,,,,,,,,,,,,,,,,,,,,,,,,,,,,,,,,,,,,,,,,,,,,,,,,,,,,,,,,,,,,,,,,,,,,,,,,,,,,,,,,,,,,,,,,,,,,,,,,,,,,,,,,,,,,,,genuine_population,gen,auto_davidsw_124060_911ce140f7b9,124060,DavidSW,https://davidsw.com/wp-content/uploads/2026/08/26.08.18-111.jpg
c0eefd9f03b9481d,images/c0/c0eefd9f03b9481d66b0b123c292ed49129ad3ff953fac684a61aa3bc05a006f.jpg,pose_rejected,900,900,physical black-dial boundary not found,false,,,,0,0,,,,,,,,,,,,,,,,,,,,,,,,,,,,,,,,,,,,,,,,,,,,,,,,,,,,,,,,,,,,,,,,,,,,,,,,,,,,,,,,,,,,,,,,,,,,,,,,,,,,,,,,,,,,,,,,,,,,,,,,,,,,,,,,,,,,,,,,,,,,,,,,,,,,,,,,,,,,,,,,,,,,,,,,,,,,,,,,,,,,,,,,,,,,,,,,,,,,,,,,,,,,,genuine_population,gen,auto_davidsw_124060_911ce140f7b9,124060,DavidSW,https://davidsw.com/wp-content/uploads/2026/08/26.08.18-112.jpg
f1e212d88da74dc7,images/f1/f1e212d88da74dc7b8db95c4134421ae9f0fa5ba8e4c006ae52b679a43a61cf1.jpg,pose_rejected,32,32,physical black-dial boundary not found,false,,,,0,0,,,,,,,,,,,,,,,,,,,,,,,,,,,,,,,,,,,,,,,,,,,,,,,,,,,,,,,,,,,,,,,,,,,,,,,,,,,,,,,,,,,,,,,,,,,,,,,,,,,,,,,,,,,,,,,,,,,,,,,,,,,,,,,,,,,,,,,,,,,,,,,,,,,,,,,,,,,,,,,,,,,,,,,,,,,,,,,,,,,,,,,,,,,,,,,,,,,,,,,,,,,,,genuine_population,gen,auto_davidsw_124060_911ce140f7b9,124060,DavidSW,https://davidsw.com/wp-content/uploads/2026/08/26.08.18-110-32x32.jpg
f5893aba6c6a05ea,images/f5/f5893aba6c6a05ea6bd5d4dff8a43a48ee5b54c37409953c779e3fb1a5c9dcb5.jpg,pose_rejected,100,100,physical black-dial boundary could not be fitted,false,,,,0,0,,,,,,,,,,,,,,,,,,,,,,,,,,,,,,,,,,,,,,,,,,,,,,,,,,,,,,,,,,,,,,,,,,,,,,,,,,,,,,,,,,,,,,,,,,,,,,,,,,,,,,,,,,,,,,,,,,,,,,,,,,,,,,,,,,,,,,,,,,,,,,,,,,,,,,,,,,,,,,,,,,,,,,,,,,,,,,,,,,,,,,,,,,,,,,,,,,,,,,,,,,,,,genuine_population,gen,auto_davidsw_124060_911ce140f7b9,124060,DavidSW,https://davidsw.com/wp-content/uploads/2026/08/26.08.18-110-100x100.jpg
493539781bde43cf,images/49/493539781bde43cf57c5f73d6c3af68c4b62f74967a0ec651a181549ff76bc9a.jpg,accepted,900,900,,true,162.64588,0.97769,0.17833,54,12,154.16905,true,11,1.12608,-0.59096,1.27173,0.09315,0.15255,true,,1.80317,-0.74023,1.66196,-0.99467,1.93687,0.74023,1.80317,0.34910,0.22056,0.27459,0.00328,,1.00000,1.00000,-0.53765,0.72117,0.61307,true,,1.52337,-0.03397,1.49039,-0.25842,1.51263,1.52337,-0.03397,0.22318,0.21383,0.05934,0.10486,,1.00000,0.90000,true,,1.25467,-0.26929,1.20911,-0.47707,1.29983,-0.26929,-1.25467,0.37363,0.02661,-0.36573,0.31432,,1.00000,1.00000,true,,1.21715,-0.66869,1.11863,-0.87144,1.41800,-1.21715,0.66869,0.14013,-0.12563,-0.04782,0.01761,,0.95238,1.00000,true,,1.42167,-0.28509,1.35160,-0.48308,1.43534,0.95773,1.08866,0.13545,-0.11004,-0.08255,,-0.31031,0.98611,1.00000,true,,1.28986,-0.08388,1.25116,-0.26718,1.27937,1.15899,0.57229,0.19635,-0.20000,-0.01128,,-0.37146,0.95833,1.00000,true,,0.96072,-0.13359,0.92138,-0.28184,0.96352,0.76522,-0.59605,0.19281,-0.18885,0.02091,,-0.24325,0.95833,1.00000,true,,0.97390,-0.14665,0.94015,-0.30321,0.98784,0.35995,-0.91675,0.01099,-0.00649,-0.00857,,-0.29446,0.98611,1.00000,true,,0.69654,-0.38198,0.63505,-0.50559,0.81173,-0.67908,-0.41223,0.18372,0.15502,0.09103,,-0.17468,0.81944,1.00000,true,,0.79956,-0.66393,0.69315,-0.81022,1.06626,-1.02440,0.17520,0.14096,0.10091,0.09084,,-0.26666,0.95833,1.00000,true,,1.25799,-0.88824,1.11666,-1.09000,1.56046,-0.64533,1.39824,0.14102,0.07507,0.11334,,-0.23503,0.97222,1.00000,true,,1.49883,-0.78972,1.36599,-1.01118,1.69953,-0.06550,1.69289,0.13578,0.06727,0.11677,,-0.29271,1.00000,1.00000,792,genuine_population,gen,auto_davidsw_124060_36185ea2c96c,124060,DavidSW,https://davidsw.com/wp-content/uploads/2026/01/26.01.12-122.jpg
80a6ba9bf517ee0c,images/80/80a6ba9bf517ee0c471177b3693ec2451f6326b114dee8213e95a17a378f853f.jpg,pose_rejected,900,900,physical black-dial boundary not found,false,,,,0,0,,,,,,,,,,,,,,,,,,,,,,,,,,,,,,,,,,,,,,,,,,,,,,,,,,,,,,,,,,,,,,,,,,,,,,,,,,,,,,,,,,,,,,,,,,,,,,,,,,,,,,,,,,,,,,,,,,,,,,,,,,,,,,,,,,,,,,,,,,,,,,,,,,,,,,,,,,,,,,,,,,,,,,,,,,,,,,,,,,,,,,,,,,,,,,,,,,,,,,,,,,,,,genuine_population,gen,auto_davidsw_124060_36185ea2c96c,124060,DavidSW,https://davidsw.com/wp-content/uploads/2026/01/26.01.12-120.jpg
300443c8ae84ff63,images/30/300443c8ae84ff637ee9cc6070aa5763a8525e624bec6a602741a8dc734c2a2d.jpg,accepted,900,900,,true,256.02597,0.99590,0.10955,54,12,257.57564,true,10,0.25918,0.69933,0.74581,0.15960,0.15003,true,,0.71499,0.74328,0.73050,0.73120,1.03358,-0.74328,0.71499,0.37327,-0.36557,-0.06975,0.38822,,1.00000,1.00000,0.04056,0.83114,0.72310,true,,1.04065,1.10277,1.06010,1.08166,1.51453,1.04065,1.10277,0.49707,0.48286,-0.11547,0.21970,,1.00000,0.96667,true,,-0.18205,1.09236,-0.15963,1.08516,1.09683,1.09236,0.18205,0.11157,0.07406,-0.08422,0.34624,,1.00000,1.00000,true,,0.22988,0.12355,0.23151,0.11877,0.26020,-0.22988,-0.12355,0.30272,-0.29621,0.07068,0.11619,,0.95238,0.96667,true,,0.72221,0.76672,0.73786,0.75475,1.05550,-0.30289,1.00881,0.18301,-0.14860,-0.10587,,-0.15390,1.00000,1.00000,false,hand/occluder crosses outline (clean 0.51),,,,,,,,,,,,,0.77778,0.51111,true,,-0.04760,1.28830,-0.02565,1.28241,1.28266,0.60293,1.13950,0.31413,-0.29746,0.10198,,-0.14958,1.00000,1.00000,true,,-0.21069,1.28699,-0.18668,1.28006,1.29360,1.00922,0.82596,0.14885,-0.05973,0.13688,,-0.22722,1.00000,1.00000,true,,-0.40342,0.75629,-0.38474,0.75567,0.84797,0.85668,-0.02877,0.03505,0.03345,-0.01161,,-0.24446,1.00000,1.00000,true,,-0.48435,0.43963,-0.47135,0.44449,0.64787,0.63928,-0.13855,0.16982,0.16449,0.04717,,-0.24053,1.00000,1.00000,true,,0.16705,0.09358,0.16861,0.09025,0.19124,-0.19145,0.00248,0.06976,0.04000,-0.05752,,-0.16191,0.98611,1.00000,true,,0.54952,0.11625,0.55148,0.10562,0.56150,-0.37544,0.41777,0.02634,0.02458,0.00933,,-0.16750,1.00000,1.00000,1147,genuine_population,gen,auto_davidsw_124060_36185ea2c96c,124060,DavidSW,https://davidsw.com/wp-content/uploads/2026/01/26.01.12-121.jpg
b4c9de29f3d0c228,images/b4/b4c9de29f3d0c228cfb70ea56993eb60d47bd37cf5c95f7799eb5f25da549511.jpg,pose_rejected,900,900,physical black-dial boundary not found,false,,,,0,0,,,,,,,,,,,,,,,,,,,,,,,,,,,,,,,,,,,,,,,,,,,,,,,,,,,,,,,,,,,,,,,,,,,,,,,,,,,,,,,,,,,,,,,,,,,,,,,,,,,,,,,,,,,,,,,,,,,,,,,,,,,,,,,,,,,,,,,,,,,,,,,,,,,,,,,,,,,,,,,,,,,,,,,,,,,,,,,,,,,,,,,,,,,,,,,,,,,,,,,,,,,,,genuine_population,gen,auto_davidsw_124060_36185ea2c96c,124060,DavidSW,https://davidsw.com/wp-content/uploads/2026/01/26.01.12-127.jpg
b0bff20f0be6bcfb,images/b0/b0bff20f0be6bcfbd4674e1be39a6797a0cbbd2d7741f781c5c876d8a114c174.jpg,pose_rejected,900,900,physical black-dial boundary not found,false,,,,0,0,,,,,,,,,,,,,,,,,,,,,,,,,,,,,,,,,,,,,,,,,,,,,,,,,,,,,,,,,,,,,,,,,,,,,,,,,,,,,,,,,,,,,,,,,,,,,,,,,,,,,,,,,,,,,,,,,,,,,,,,,,,,,,,,,,,,,,,,,,,,,,,,,,,,,,,,,,,,,,,,,,,,,,,,,,,,,,,,,,,,,,,,,,,,,,,,,,,,,,,,,,,,,genuine_population,gen,auto_davidsw_124060_36185ea2c96c,124060,DavidSW,https://davidsw.com/wp-content/uploads/2026/01/26.01.12-126.jpg
4efe06d6a3a299c1,images/4e/4efe06d6a3a299c1844e22e2bdeb89bd1d59173b92e5c24a4d4ef5c2d64c8659.jpg,pose_rejected,900,900,physical black-dial boundary not found,false,,,,0,0,,,,,,,,,,,,,,,,,,,,,,,,,,,,,,,,,,,,,,,,,,,,,,,,,,,,,,,,,,,,,,,,,,,,,,,,,,,,,,,,,,,,,,,,,,,,,,,,,,,,,,,,,,,,,,,,,,,,,,,,,,,,,,,,,,,,,,,,,,,,,,,,,,,,,,,,,,,,,,,,,,,,,,,,,,,,,,,,,,,,,,,,,,,,,,,,,,,,,,,,,,,,,genuine_population,gen,auto_davidsw_124060_36185ea2c96c,124060,DavidSW,https://davidsw.com/wp-content/uploads/2026/01/26.01.12-125.jpg
e6a965999c44bac2,images/e6/e6a965999c44bac2f89297278bb4e91b6c0bdb964630cbd39f29c9839f5f818a.jpg,pose_rejected,900,900,physical black-dial boundary could not be fitted,false,,,,0,0,,,,,,,,,,,,,,,,,,,,,,,,,,,,,,,,,,,,,,,,,,,,,,,,,,,,,,,,,,,,,,,,,,,,,,,,,,,,,,,,,,,,,,,,,,,,,,,,,,,,,,,,,,,,,,,,,,,,,,,,,,,,,,,,,,,,,,,,,,,,,,,,,,,,,,,,,,,,,,,,,,,,,,,,,,,,,,,,,,,,,,,,,,,,,,,,,,,,,,,,,,,,,genuine_population,gen,auto_davidsw_124060_36185ea2c96c,124060,DavidSW,https://davidsw.com/wp-content/uploads/2026/01/26.01.12-123.jpg
3c1cf7e45e85ab3c,images/3c/3c1cf7e45e85ab3c3646843ca3a435b728322a94aa36044ac70958b1ef986e9a.jpg,pose_rejected,900,900,physical black-dial boundary could not be fitted,false,,,,0,0,,,,,,,,,,,,,,,,,,,,,,,,,,,,,,,,,,,,,,,,,,,,,,,,,,,,,,,,,,,,,,,,,,,,,,,,,,,,,,,,,,,,,,,,,,,,,,,,,,,,,,,,,,,,,,,,,,,,,,,,,,,,,,,,,,,,,,,,,,,,,,,,,,,,,,,,,,,,,,,,,,,,,,,,,,,,,,,,,,,,,,,,,,,,,,,,,,,,,,,,,,,,,genuine_population,gen,auto_davidsw_124060_36185ea2c96c,124060,DavidSW,https://davidsw.com/wp-content/uploads/2026/01/26.01.12-124.jpg
bd2ec5e22bc68bdd,images/bd/bd2ec5e22bc68bddc78f3e2520fb370db9143bdd7e4edefa5cf29266e8520de3.jpg,pose_rejected,32,32,physical black-dial boundary not found,false,,,,0,0,,,,,,,,,,,,,,,,,,,,,,,,,,,,,,,,,,,,,,,,,,,,,,,,,,,,,,,,,,,,,,,,,,,,,,,,,,,,,,,,,,,,,,,,,,,,,,,,,,,,,,,,,,,,,,,,,,,,,,,,,,,,,,,,,,,,,,,,,,,,,,,,,,,,,,,,,,,,,,,,,,,,,,,,,,,,,,,,,,,,,,,,,,,,,,,,,,,,,,,,,,,,,genuine_population,gen,auto_davidsw_124060_36185ea2c96c,124060,DavidSW,https://davidsw.com/wp-content/uploads/2026/01/26.01.12-122-32x32.jpg
0bc163325f228c30,images/0b/0bc163325f228c3020fa00cf6d4b98126d5483e860f8092e5585cd4d28a8af1a.jpg,pose_rejected,100,100,physical black-dial boundary could not be fitted,false,,,,0,0,,,,,,,,,,,,,,,,,,,,,,,,,,,,,,,,,,,,,,,,,,,,,,,,,,,,,,,,,,,,,,,,,,,,,,,,,,,,,,,,,,,,,,,,,,,,,,,,,,,,,,,,,,,,,,,,,,,,,,,,,,,,,,,,,,,,,,,,,,,,,,,,,,,,,,,,,,,,,,,,,,,,,,,,,,,,,,,,,,,,,,,,,,,,,,,,,,,,,,,,,,,,,genuine_population,gen,auto_davidsw_124060_36185ea2c96c,124060,DavidSW,https://davidsw.com/wp-content/uploads/2026/01/26.01.12-122-100x100.jpg
5fa5736bf56385c3,images/5f/5fa5736bf56385c31b812265ccc69d6506b8e68aa0925021fb261c236996730d.jpg,accepted,900,900,,true,163.97106,0.95483,0.16648,54,12,154.27631,true,10,0.65781,-0.52597,0.84223,-0.01423,-0.00199,true,,1.15941,-0.49266,1.03434,-0.70829,1.25361,0.49266,1.15941,0.43353,0.13556,0.41315,-0.01543,,1.00000,1.00000,-0.26423,0.41915,0.64062,false,hand/occluder crosses outline (clean 0.53),,,,,,,,,,,,,0.61905,0.53333,true,,0.53627,-0.37983,0.44432,-0.49792,0.66734,-0.37983,-0.53627,0.22218,0.01149,0.21837,0.20401,,0.95238,1.00000,true,,0.90373,-0.37651,0.82776,-0.56575,1.00263,-0.90373,0.37651,0.14088,-0.13651,0.00593,-0.12595,,0.90476,1.00000,true,,0.61889,-0.18770,0.56324,-0.30192,0.63906,0.47200,0.44213,0.20890,-0.20987,-0.01618,,-0.19203,0.79167,1.00000,true,,0.38132,-0.49347,0.25593,-0.56149,0.61706,0.57697,-0.23670,0.37581,-0.24249,-0.28316,,-0.13845,0.81944,1.00000,true,,1.09296,-0.59222,0.92736,-0.81230,1.23282,0.65042,-1.05935,0.40722,0.20561,-0.35525,,-0.04300,0.72222,0.80000,true,,0.90671,-0.23970,0.83634,-0.42901,0.93996,0.24577,-0.90509,0.22930,0.21281,-0.06339,,-0.03462,0.80556,1.00000,true,,0.52657,-0.34531,0.44864,-0.46332,0.64494,-0.56233,-0.28337,0.24641,0.15527,0.18368,,0.02003,0.93056,1.00000,true,,0.67347,-0.28437,0.61559,-0.43043,0.75114,-0.72543,-0.09046,0.13842,0.12976,-0.03527,,0.07568,0.98611,1.00000,true,,0.90191,-0.42373,0.81294,-0.60546,1.01364,-0.56921,0.81792,0.15392,-0.08867,0.12255,,-0.07604,0.81944,1.00000,true,,0.98449,-0.43624,0.88493,-0.62539,1.08361,-0.11445,1.07071,0.24409,-0.04576,0.23775,,-0.15839,0.83333,1.00000,808,genuine_population,gen,auto_davidsw_124060_5f3e76a1ef3e,124060,DavidSW,https://davidsw.com/wp-content/uploads/2025/07/25.07.07-11.jpg
303f8c74471a80e5,images/30/303f8c74471a80e5c3c7645cbfd2409f1f5b0dd6be216a6740870f818288ce89.jpg,pose_rejected,900,900,physical black-dial boundary not found,false,,,,0,0,,,,,,,,,,,,,,,,,,,,,,,,,,,,,,,,,,,,,,,,,,,,,,,,,,,,,,,,,,,,,,,,,,,,,,,,,,,,,,,,,,,,,,,,,,,,,,,,,,,,,,,,,,,,,,,,,,,,,,,,,,,,,,,,,,,,,,,,,,,,,,,,,,,,,,,,,,,,,,,,,,,,,,,,,,,,,,,,,,,,,,,,,,,,,,,,,,,,,,,,,,,,,genuine_population,gen,auto_davidsw_124060_5f3e76a1ef3e,124060,DavidSW,https://davidsw.com/wp-content/uploads/2025/07/25.07.07-9.jpg
033133202cf757da,images/03/033133202cf757dad919a76e72c9bc3635981192c4c31f103d6808defcc1dadb.jpg,accepted,900,900,,true,266.52684,0.98886,0.17721,55,12,250.40378,true,10,0.01806,0.32743,0.32793,-0.01909,-0.01934,true,,-0.26061,0.91271,-0.25471,0.91945,0.95408,-0.91271,-0.26061,0.58762,-0.54616,-0.20880,0.38802,,1.00000,1.00000,0.36433,0.46417,0.57805,true,,-0.05400,0.09821,-0.05371,0.09837,0.11208,-0.05400,0.09821,0.16903,-0.03346,-0.16599,0.09446,,1.00000,0.96667,true,,0.17300,0.33584,0.17448,0.33166,0.37476,0.33584,-0.17300,0.10234,0.04376,-0.09310,0.03271,,1.00000,1.00000,true,,0.02661,0.43868,0.03129,0.43692,0.43804,-0.02661,-0.43868,0.05239,0.02542,-0.04616,-0.44668,,1.00000,0.96667,true,,-0.26675,0.44693,-0.26531,0.45099,0.52324,-0.52043,-0.00754,0.23691,-0.20504,-0.11659,,-0.27281,0.93056,1.00000,true,,-0.25720,0.05452,-0.25767,0.05626,0.26374,-0.25000,-0.08139,0.31122,-0.06056,-0.30486,,-0.31565,0.95833,1.00000,false,hand/occluder crosses outline (clean 0.66),,,,,,,,,,,,,0.76389,0.65556,true,,0.34720,0.57691,0.34880,0.57013,0.66836,0.67321,-0.01223,0.42752,0.41986,-0.09401,,-0.18673,1.00000,1.00000,true,,-0.29771,0.32338,-0.29296,0.32148,0.43494,0.42891,0.09614,0.39013,0.19130,0.34272,,-0.14295,1.00000,1.00000,true,,0.08292,0.25624,0.08518,0.25387,0.26778,0.05631,-0.26337,0.11139,-0.05535,0.09763,,-0.23749,0.98611,1.00000,true,,0.21860,0.35820,0.22211,0.35701,0.42046,-0.36841,-0.20091,0.20893,-0.15171,0.14435,,-0.33620,0.97222,1.00000,true,,0.24822,0.43743,0.25247,0.43748,0.50511,-0.50294,-0.00376,0.27603,-0.17181,0.21556,,-0.31737,0.97222,1.00000,1123,genuine_population,gen,auto_davidsw_124060_5f3e76a1ef3e,124060,DavidSW,https://davidsw.com/wp-content/uploads/2025/07/25.07.07-10.jpg
d22b335fc6f4a414,images/d2/d22b335fc6f4a4146aeae32d805ed9281d67c38470c02358753d943d61a8ed36.jpg,pose_rejected,900,900,physical black-dial boundary not found,false,,,,0,0,,,,,,,,,,,,,,,,,,,,,,,,,,,,,,,,,,,,,,,,,,,,,,,,,,,,,,,,,,,,,,,,,,,,,,,,,,,,,,,,,,,,,,,,,,,,,,,,,,,,,,,,,,,,,,,,,,,,,,,,,,,,,,,,,,,,,,,,,,,,,,,,,,,,,,,,,,,,,,,,,,,,,,,,,,,,,,,,,,,,,,,,,,,,,,,,,,,,,,,,,,,,,genuine_population,gen,auto_davidsw_124060_5f3e76a1ef3e,124060,DavidSW,https://davidsw.com/wp-content/uploads/2025/07/25.07.07-16.jpg
d8de6984291c74e3,images/d8/d8de6984291c74e3e65b8de50759351921898aad7198dbc7835f1daabcc00d9d.jpg,pose_rejected,900,900,physical black-dial boundary could not be fitted,false,,,,0,0,,,,,,,,,,,,,,,,,,,,,,,,,,,,,,,,,,,,,,,,,,,,,,,,,,,,,,,,,,,,,,,,,,,,,,,,,,,,,,,,,,,,,,,,,,,,,,,,,,,,,,,,,,,,,,,,,,,,,,,,,,,,,,,,,,,,,,,,,,,,,,,,,,,,,,,,,,,,,,,,,,,,,,,,,,,,,,,,,,,,,,,,,,,,,,,,,,,,,,,,,,,,,genuine_population,gen,auto_davidsw_124060_5f3e76a1ef3e,124060,DavidSW,https://davidsw.com/wp-content/uploads/2025/07/25.07.07-15.jpg
a3694e1cc74091b4,images/a3/a3694e1cc74091b492d8105564d23982072bf176ffd591ca7a1f241869c0e793.jpg,pose_rejected,900,900,physical black-dial boundary could not be fitted,false,,,,0,0,,,,,,,,,,,,,,,,,,,,,,,,,,,,,,,,,,,,,,,,,,,,,,,,,,,,,,,,,,,,,,,,,,,,,,,,,,,,,,,,,,,,,,,,,,,,,,,,,,,,,,,,,,,,,,,,,,,,,,,,,,,,,,,,,,,,,,,,,,,,,,,,,,,,,,,,,,,,,,,,,,,,,,,,,,,,,,,,,,,,,,,,,,,,,,,,,,,,,,,,,,,,,genuine_population,gen,auto_davidsw_124060_5f3e76a1ef3e,124060,DavidSW,https://davidsw.com/wp-content/uploads/2025/07/25.07.07-14.jpg
2ac951dfd6e51437,images/2a/2ac951dfd6e51437675dbb6db0d7103f7f5ce1b0e2a54fad7ee57293cc67ab0b.jpg,pose_rejected,900,900,physical black-dial boundary could not be fitted,false,,,,0,0,,,,,,,,,,,,,,,,,,,,,,,,,,,,,,,,,,,,,,,,,,,,,,,,,,,,,,,,,,,,,,,,,,,,,,,,,,,,,,,,,,,,,,,,,,,,,,,,,,,,,,,,,,,,,,,,,,,,,,,,,,,,,,,,,,,,,,,,,,,,,,,,,,,,,,,,,,,,,,,,,,,,,,,,,,,,,,,,,,,,,,,,,,,,,,,,,,,,,,,,,,,,,genuine_population,gen,auto_davidsw_124060_5f3e76a1ef3e,124060,DavidSW,https://davidsw.com/wp-content/uploads/2025/07/25.07.07-12.jpg
f3b5790dc785c02c,images/f3/f3b5790dc785c02cb53c17fcb9e89bb7f4281576a891d5fd464f45a0253332d6.jpg,pose_rejected,900,900,physical black-dial boundary could not be fitted,false,,,,0,0,,,,,,,,,,,,,,,,,,,,,,,,,,,,,,,,,,,,,,,,,,,,,,,,,,,,,,,,,,,,,,,,,,,,,,,,,,,,,,,,,,,,,,,,,,,,,,,,,,,,,,,,,,,,,,,,,,,,,,,,,,,,,,,,,,,,,,,,,,,,,,,,,,,,,,,,,,,,,,,,,,,,,,,,,,,,,,,,,,,,,,,,,,,,,,,,,,,,,,,,,,,,,genuine_population,gen,auto_davidsw_124060_5f3e76a1ef3e,124060,DavidSW,https://davidsw.com/wp-content/uploads/2025/07/25.07.07-13.jpg
fb7fb717b31e3311,images/fb/fb7fb717b31e33115c7e2f6e90a4b2d08e311be4a8835875137dfdf879d81222.jpg,pose_rejected,32,32,physical black-dial boundary not found,false,,,,0,0,,,,,,,,,,,,,,,,,,,,,,,,,,,,,,,,,,,,,,,,,,,,,,,,,,,,,,,,,,,,,,,,,,,,,,,,,,,,,,,,,,,,,,,,,,,,,,,,,,,,,,,,,,,,,,,,,,,,,,,,,,,,,,,,,,,,,,,,,,,,,,,,,,,,,,,,,,,,,,,,,,,,,,,,,,,,,,,,,,,,,,,,,,,,,,,,,,,,,,,,,,,,,genuine_population,gen,auto_davidsw_124060_5f3e76a1ef3e,124060,DavidSW,https://davidsw.com/wp-content/uploads/2025/07/25.07.07-11-32x32.jpg
ae68042381fb2488,images/ae/ae68042381fb2488a0d897a5ce1a1e56a7e47502bbb0db2b15b624556fafd0b6.jpg,pose_rejected,100,100,physical black-dial boundary could not be fitted,false,,,,0,0,,,,,,,,,,,,,,,,,,,,,,,,,,,,,,,,,,,,,,,,,,,,,,,,,,,,,,,,,,,,,,,,,,,,,,,,,,,,,,,,,,,,,,,,,,,,,,,,,,,,,,,,,,,,,,,,,,,,,,,,,,,,,,,,,,,,,,,,,,,,,,,,,,,,,,,,,,,,,,,,,,,,,,,,,,,,,,,,,,,,,,,,,,,,,,,,,,,,,,,,,,,,,genuine_population,gen,auto_davidsw_124060_5f3e76a1ef3e,124060,DavidSW,https://davidsw.com/wp-content/uploads/2025/07/25.07.07-11-100x100.jpg
6831c54c06b80361,images/68/6831c54c06b80361e7d9541075647bf1329467f26e5e75d8409cea0098139af6.jpg,accepted,900,900,,true,164.49880,0.95955,0.15688,55,12,153.82038,true,11,0.52480,-0.58522,0.78606,0.02578,-0.02400,true,,0.43235,-0.91264,0.20211,-1.00267,1.02284,0.91264,0.43235,0.48551,0.43854,-0.15733,-2.65120,,0.66667,1.00000,-4.29660,-0.48968,-1.04967,true,,0.83513,-0.72620,0.62840,-0.90199,1.09930,0.83513,-0.72620,0.28734,0.16385,-0.23486,-0.38116,,1.00000,0.90000,true,,0.40835,-0.43332,0.29618,-0.53404,0.61067,-0.43332,-0.40835,0.28787,-0.02100,0.28174,-0.26971,,0.95238,1.00000,true,,0.72040,-0.44758,0.61758,-0.61586,0.87217,-0.72040,0.44758,0.12542,-0.10932,0.05408,0.01526,,0.85714,1.00000,true,,0.38448,-0.43436,0.26842,-0.51112,0.57732,0.56840,0.11579,0.23362,-0.16759,-0.16585,,-0.17606,0.84722,1.00000,true,,0.32923,-0.53952,0.18519,-0.60501,0.63272,0.55488,-0.30262,0.31480,-0.25386,-0.18764,,-0.22507,0.86111,1.00000,true,,0.98208,-0.46967,0.83681,-0.68513,1.08151,0.61567,-0.89779,0.28577,0.24934,-0.14162,,-0.18822,0.81944,0.94444,true,,0.94241,-0.13061,0.89135,-0.34277,0.95498,0.35810,-0.88145,0.40717,0.38839,-0.05254,,-0.14762,0.83333,1.00000,true,,0.54204,-0.43888,0.43372,-0.57339,0.71895,-0.65110,-0.24998,0.14323,0.02038,0.13652,,-0.06444,1.00000,1.00000,true,,0.46075,-0.48244,0.34551,-0.59884,0.69136,-0.64024,0.18743,0.21552,0.10398,0.17730,,-0.01202,0.81944,1.00000,true,,0.83932,-0.43383,0.73971,-0.62026,0.96534,-0.50996,0.79537,0.26044,-0.20815,0.14407,,-0.20383,0.84722,1.00000,true,,0.65770,-0.30007,0.58380,-0.43915,0.73053,-0.06898,0.71962,0.17204,-0.16379,-0.00444,,-0.23938,0.84722,1.00000,854,genuine_population,gen,auto_davidsw_124060_47ed7fb4d547,124060,DavidSW,https://davidsw.com/wp-content/uploads/2024/11/24.11.07-63.jpg
c81c1742c609160c,images/c8/c81c1742c609160c2e4d64e5bb4030a53e18984fabc3c578a53275ae6a81c48f.jpg,pose_rejected,900,900,overlay unavailable: 12 direction could not be established (minute-lattice branch unknown),false,,,,0,0,,,,,,,,,,,,,,,,,,,,,,,,,,,,,,,,,,,,,,,,,,,,,,,,,,,,,,,,,,,,,,,,,,,,,,,,,,,,,,,,,,,,,,,,,,,,,,,,,,,,,,,,,,,,,,,,,,,,,,,,,,,,,,,,,,,,,,,,,,,,,,,,,,,,,,,,,,,,,,,,,,,,,,,,,,,,,,,,,,,,,,,,,,,,,,,,,,,,,,,,,,,,,genuine_population,gen,auto_davidsw_124060_47ed7fb4d547,124060,DavidSW,https://davidsw.com/wp-content/uploads/2024/11/24.11.07-61.jpg
5cec141d6bc20f7a,images/5c/5cec141d6bc20f7a722d830b8b47aa7c2fb5f75249dbdd306f849368da6ec3dd.jpg,accepted,900,900,,true,255.95184,0.99987,0.15707,55,12,256.12708,true,11,-0.21343,0.16677,0.27086,0.06196,-0.03805,true,,-0.49850,0.44014,-0.49244,0.45087,0.66767,-0.44014,-0.49850,0.43130,-0.40329,-0.14620,-0.47589,,1.00000,1.00000,-0.53090,-0.51799,-0.82894,true,,-0.30091,0.02147,-0.30076,0.02616,0.30189,-0.30091,0.02147,0.20548,-0.20499,-0.01309,-0.32660,,1.00000,1.00000,true,,-0.17696,0.25773,-0.17193,0.25812,0.31014,0.25773,0.17696,0.09308,-0.02639,0.08969,-0.42386,,1.00000,1.00000,true,,-0.40981,0.13171,-0.40604,0.13777,0.42878,0.40981,-0.13171,0.17667,0.07297,0.16106,-0.16255,,0.90476,1.00000,true,,-0.45403,-0.01527,-0.45558,-0.00788,0.45565,-0.21379,-0.40084,0.18294,-0.09297,-0.15691,,-0.39338,0.98611,1.00000,true,,-0.43188,-0.16771,-0.43505,-0.16122,0.46396,-0.29016,-0.36118,0.29741,-0.15004,-0.25636,,-0.41996,0.97222,1.00000,true,,0.16386,0.25913,0.16702,0.25543,0.30519,0.27147,0.14248,0.24896,0.24792,0.03093,,-0.25214,0.83333,0.96667,true,,0.51280,0.61069,0.51984,0.59836,0.79264,0.78528,-0.13875,0.67506,0.62262,-0.26960,,-0.15859,1.00000,1.00000,true,,-0.17801,0.21973,-0.17307,0.22048,0.28030,0.27930,0.04429,0.12507,-0.09974,0.07711,,-0.15394,0.94444,1.00000,true,,-0.40219,0.01008,-0.40018,0.01612,0.40050,0.35335,0.19236,0.36552,-0.04498,0.36429,,-0.08472,0.98611,1.00000,true,,-0.28490,0.32155,-0.27832,0.32652,0.42904,0.08596,-0.42092,0.15256,-0.14870,-0.03262,,-0.14172,0.98611,1.00000,true,,-0.28905,0.27167,-0.28438,0.27759,0.39740,-0.09075,-0.38616,0.18835,-0.18631,0.02144,,-0.44319,1.00000,1.00000,1184,genuine_population,gen,auto_davidsw_124060_47ed7fb4d547,124060,DavidSW,https://davidsw.com/wp-content/uploads/2024/11/24.11.07-62.jpg
154fba1b80a74545,images/15/154fba1b80a745454e67e84627dba5184200591f25e203b3dbdbc586a7b736b6.jpg,pose_rejected,900,900,physical black-dial boundary could not be fitted,false,,,,0,0,,,,,,,,,,,,,,,,,,,,,,,,,,,,,,,,,,,,,,,,,,,,,,,,,,,,,,,,,,,,,,,,,,,,,,,,,,,,,,,,,,,,,,,,,,,,,,,,,,,,,,,,,,,,,,,,,,,,,,,,,,,,,,,,,,,,,,,,,,,,,,,,,,,,,,,,,,,,,,,,,,,,,,,,,,,,,,,,,,,,,,,,,,,,,,,,,,,,,,,,,,,,,genuine_population,gen,auto_davidsw_124060_47ed7fb4d547,124060,DavidSW,https://davidsw.com/wp-content/uploads/2024/11/24.11.07-67.jpg
5d770f2122719e46,images/5d/5d770f2122719e46b957e91b0beefaf6242fa9a5e7a00388ffdb978d5b8fa9b4.jpg,pose_rejected,900,900,physical black-dial boundary could not be fitted,false,,,,0,0,,,,,,,,,,,,,,,,,,,,,,,,,,,,,,,,,,,,,,,,,,,,,,,,,,,,,,,,,,,,,,,,,,,,,,,,,,,,,,,,,,,,,,,,,,,,,,,,,,,,,,,,,,,,,,,,,,,,,,,,,,,,,,,,,,,,,,,,,,,,,,,,,,,,,,,,,,,,,,,,,,,,,,,,,,,,,,,,,,,,,,,,,,,,,,,,,,,,,,,,,,,,,genuine_population,gen,auto_davidsw_124060_47ed7fb4d547,124060,DavidSW,https://davidsw.com/wp-content/uploads/2024/11/24.11.07-1.jpg
b3b9c11c660b3568,images/b3/b3b9c11c660b35689d9c980c8260d5342381c442efa97e9fbeef871778fc07b2.jpg,pose_rejected,900,900,physical black-dial boundary not found,false,,,,0,0,,,,,,,,,,,,,,,,,,,,,,,,,,,,,,,,,,,,,,,,,,,,,,,,,,,,,,,,,,,,,,,,,,,,,,,,,,,,,,,,,,,,,,,,,,,,,,,,,,,,,,,,,,,,,,,,,,,,,,,,,,,,,,,,,,,,,,,,,,,,,,,,,,,,,,,,,,,,,,,,,,,,,,,,,,,,,,,,,,,,,,,,,,,,,,,,,,,,,,,,,,,,,genuine_population,gen,auto_davidsw_124060_47ed7fb4d547,124060,DavidSW,https://davidsw.com/wp-content/uploads/2024/11/24.11.07-66.jpg
ad5a648baaa00e4f,images/ad/ad5a648baaa00e4fd6ef5d51bf36d2b4fc61730a8fb8c16d44b806801e0954d5.jpg,pose_rejected,900,900,physical black-dial boundary not found,false,,,,0,0,,,,,,,,,,,,,,,,,,,,,,,,,,,,,,,,,,,,,,,,,,,,,,,,,,,,,,,,,,,,,,,,,,,,,,,,,,,,,,,,,,,,,,,,,,,,,,,,,,,,,,,,,,,,,,,,,,,,,,,,,,,,,,,,,,,,,,,,,,,,,,,,,,,,,,,,,,,,,,,,,,,,,,,,,,,,,,,,,,,,,,,,,,,,,,,,,,,,,,,,,,,,,genuine_population,gen,auto_davidsw_124060_47ed7fb4d547,124060,DavidSW,https://davidsw.com/wp-content/uploads/2024/11/24.11.07-64.jpg
a6231bdc63e7565a,images/a6/a6231bdc63e7565a9ad0a424d1edd089543e433da33aa9cd812c8c578d18dd5d.jpg,pose_rejected,900,900,physical black-dial boundary not found,false,,,,0,0,,,,,,,,,,,,,,,,,,,,,,,,,,,,,,,,,,,,,,,,,,,,,,,,,,,,,,,,,,,,,,,,,,,,,,,,,,,,,,,,,,,,,,,,,,,,,,,,,,,,,,,,,,,,,,,,,,,,,,,,,,,,,,,,,,,,,,,,,,,,,,,,,,,,,,,,,,,,,,,,,,,,,,,,,,,,,,,,,,,,,,,,,,,,,,,,,,,,,,,,,,,,,genuine_population,gen,auto_davidsw_124060_47ed7fb4d547,124060,DavidSW,https://davidsw.com/wp-content/uploads/2024/11/24.11.07-65.jpg
a367ed5e6bffbd58,images/a3/a367ed5e6bffbd58458a062e3219ce8b3e933f319fb4f71328cd9b59301a13f8.jpg,pose_rejected,32,32,physical black-dial boundary not found,false,,,,0,0,,,,,,,,,,,,,,,,,,,,,,,,,,,,,,,,,,,,,,,,,,,,,,,,,,,,,,,,,,,,,,,,,,,,,,,,,,,,,,,,,,,,,,,,,,,,,,,,,,,,,,,,,,,,,,,,,,,,,,,,,,,,,,,,,,,,,,,,,,,,,,,,,,,,,,,,,,,,,,,,,,,,,,,,,,,,,,,,,,,,,,,,,,,,,,,,,,,,,,,,,,,,,genuine_population,gen,auto_davidsw_124060_47ed7fb4d547,124060,DavidSW,https://davidsw.com/wp-content/uploads/2024/11/24.11.07-63-32x32.jpg
df12caba4b0f49be,images/df/df12caba4b0f49bedce8558f455839e66ff330de2424ffb5916576b5008f023f.jpg,pose_rejected,100,100,physical black-dial boundary could not be fitted,false,,,,0,0,,,,,,,,,,,,,,,,,,,,,,,,,,,,,,,,,,,,,,,,,,,,,,,,,,,,,,,,,,,,,,,,,,,,,,,,,,,,,,,,,,,,,,,,,,,,,,,,,,,,,,,,,,,,,,,,,,,,,,,,,,,,,,,,,,,,,,,,,,,,,,,,,,,,,,,,,,,,,,,,,,,,,,,,,,,,,,,,,,,,,,,,,,,,,,,,,,,,,,,,,,,,,genuine_population,gen,auto_davidsw_124060_47ed7fb4d547,124060,DavidSW,https://davidsw.com/wp-content/uploads/2024/11/24.11.07-63-100x100.jpg
cc22ce01fa0e766c,images/cc/cc22ce01fa0e766c126e54cfa9669db74088a348bfcef433cd0699a974e1331e.jpg,accepted,900,900,,true,153.43774,0.96885,0.15775,54,12,147.75510,true,10,0.68699,-0.58251,0.90071,0.02522,0.03865,true,,1.27981,-0.60924,1.13336,-0.84129,1.41148,0.60924,1.27981,0.43943,0.15485,0.41256,-0.17822,,1.00000,1.00000,-0.49787,0.03937,-0.54095,true,,1.12353,-0.46901,0.98581,-0.68097,1.19814,1.12353,-0.46901,0.32502,0.30764,-0.12007,0.02415,,1.00000,0.83333,true,,1.04367,-0.57518,0.90844,-0.80343,1.21275,-0.57518,-1.04367,0.38352,-0.17886,-0.33174,-0.02426,,1.00000,1.00000,true,,0.84124,-0.54377,0.73334,-0.72475,1.03104,-0.84124,0.54377,0.09546,-0.08192,0.04349,0.39154,,1.00000,1.00000,true,,0.92745,-0.35221,0.83057,-0.51707,0.97837,0.76875,0.62709,0.08285,-0.02309,0.07622,,-0.11899,0.83333,1.00000,true,,0.65043,-0.27262,0.57113,-0.39018,0.69169,0.69960,0.08912,0.22148,-0.22510,-0.01805,,-0.09867,0.83333,1.00000,false,hand/occluder crosses outline (clean 0.76),,,,,,,,,,,,,0.66667,0.76111,true,,0.53021,-0.30048,0.45287,-0.41272,0.61272,0.00488,-0.60941,0.21086,-0.05151,0.20387,,-0.02341,0.86111,1.00000,true,,0.46705,-0.36679,0.38715,-0.47527,0.61300,-0.55117,-0.22108,0.25280,0.18003,0.16760,,-0.06027,0.84722,1.00000,true,,0.65880,-0.50216,0.55589,-0.65300,0.85757,-0.82162,0.10548,0.06924,0.04245,0.05046,,-0.00757,0.93056,1.00000,true,,0.70530,-0.42355,0.62062,-0.56657,0.84034,-0.39903,0.71946,0.13257,0.04043,-0.12316,,-0.08325,0.84722,1.00000,true,,0.86695,-0.49742,0.75953,-0.66257,1.00791,-0.00270,0.99950,0.02534,-0.00694,0.02402,,-0.15826,0.88889,1.00000,738,genuine_population,gen,auto_davidsw_124060_dc4ee2d322fd,124060,DavidSW,https://davidsw.com/wp-content/uploads/2024/08/24.08.27-64.jpg
a0c21679dd23c4be,images/a0/a0c21679dd23c4beb5cbfba49532fdf158c8141c0865b0cd9d147e9433ba9f72.jpg,pose_rejected,900,900,physical black-dial boundary not found,false,,,,0,0,,,,,,,,,,,,,,,,,,,,,,,,,,,,,,,,,,,,,,,,,,,,,,,,,,,,,,,,,,,,,,,,,,,,,,,,,,,,,,,,,,,,,,,,,,,,,,,,,,,,,,,,,,,,,,,,,,,,,,,,,,,,,,,,,,,,,,,,,,,,,,,,,,,,,,,,,,,,,,,,,,,,,,,,,,,,,,,,,,,,,,,,,,,,,,,,,,,,,,,,,,,,,genuine_population,gen,auto_davidsw_124060_dc4ee2d322fd,124060,DavidSW,https://davidsw.com/wp-content/uploads/2024/08/24.08.27-62.jpg
b7657df8e4867d6f,images/b7/b7657df8e4867d6f61c6a96255e0712e7c9287ae74e3535f1f5e4848c4797e71.jpg,pose_rejected,900,900,overlay unavailable: inner-end lattice evidence insufficient,false,,,,0,0,,,,,,,,,,,,,,,,,,,,,,,,,,,,,,,,,,,,,,,,,,,,,,,,,,,,,,,,,,,,,,,,,,,,,,,,,,,,,,,,,,,,,,,,,,,,,,,,,,,,,,,,,,,,,,,,,,,,,,,,,,,,,,,,,,,,,,,,,,,,,,,,,,,,,,,,,,,,,,,,,,,,,,,,,,,,,,,,,,,,,,,,,,,,,,,,,,,,,,,,,,,,,genuine_population,gen,auto_davidsw_124060_dc4ee2d322fd,124060,DavidSW,https://davidsw.com/wp-content/uploads/2024/08/24.08.27-63.jpg
99edda321721be1f,images/99/99edda321721be1f8e5ab783d5ac58016c3ac53f991c95c88566e27003521852.jpg,pose_rejected,900,900,physical black-dial boundary could not be fitted,false,,,,0,0,,,,,,,,,,,,,,,,,,,,,,,,,,,,,,,,,,,,,,,,,,,,,,,,,,,,,,,,,,,,,,,,,,,,,,,,,,,,,,,,,,,,,,,,,,,,,,,,,,,,,,,,,,,,,,,,,,,,,,,,,,,,,,,,,,,,,,,,,,,,,,,,,,,,,,,,,,,,,,,,,,,,,,,,,,,,,,,,,,,,,,,,,,,,,,,,,,,,,,,,,,,,,genuine_population,gen,auto_davidsw_124060_dc4ee2d322fd,124060,DavidSW,https://davidsw.com/wp-content/uploads/2024/08/24.08.27-69.jpg
e03da702be066576,images/e0/e03da702be06657661c81b772b18302afbbbc41ae0b363e896d5186927948250.jpg,pose_rejected,900,900,physical black-dial boundary could not be fitted,false,,,,0,0,,,,,,,,,,,,,,,,,,,,,,,,,,,,,,,,,,,,,,,,,,,,,,,,,,,,,,,,,,,,,,,,,,,,,,,,,,,,,,,,,,,,,,,,,,,,,,,,,,,,,,,,,,,,,,,,,,,,,,,,,,,,,,,,,,,,,,,,,,,,,,,,,,,,,,,,,,,,,,,,,,,,,,,,,,,,,,,,,,,,,,,,,,,,,,,,,,,,,,,,,,,,,genuine_population,gen,auto_davidsw_124060_dc4ee2d322fd,124060,DavidSW,https://davidsw.com/wp-content/uploads/2024/08/24.08.27-68.jpg
e40f1df193a8d0c4,images/e4/e40f1df193a8d0c43114f16d2a5feaee77eb77745badb00b0b50fd0ea82b8bca.jpg,pose_rejected,900,900,physical black-dial boundary not found,false,,,,0,0,,,,,,,,,,,,,,,,,,,,,,,,,,,,,,,,,,,,,,,,,,,,,,,,,,,,,,,,,,,,,,,,,,,,,,,,,,,,,,,,,,,,,,,,,,,,,,,,,,,,,,,,,,,,,,,,,,,,,,,,,,,,,,,,,,,,,,,,,,,,,,,,,,,,,,,,,,,,,,,,,,,,,,,,,,,,,,,,,,,,,,,,,,,,,,,,,,,,,,,,,,,,,genuine_population,gen,auto_davidsw_124060_dc4ee2d322fd,124060,DavidSW,https://davidsw.com/wp-content/uploads/2024/08/24.08.27-67.jpg
fef0cf5feb6e1fda,images/fe/fef0cf5feb6e1fda6ac47f840d833725cffd92f08dbc1f19dfb59cb0f40b42b3.jpg,pose_rejected,900,900,physical black-dial boundary could not be fitted,false,,,,0,0,,,,,,,,,,,,,,,,,,,,,,,,,,,,,,,,,,,,,,,,,,,,,,,,,,,,,,,,,,,,,,,,,,,,,,,,,,,,,,,,,,,,,,,,,,,,,,,,,,,,,,,,,,,,,,,,,,,,,,,,,,,,,,,,,,,,,,,,,,,,,,,,,,,,,,,,,,,,,,,,,,,,,,,,,,,,,,,,,,,,,,,,,,,,,,,,,,,,,,,,,,,,,genuine_population,gen,auto_davidsw_124060_dc4ee2d322fd,124060,DavidSW,https://davidsw.com/wp-content/uploads/2024/08/24.08.27-65.jpg
0f657b5ae76872d3,images/0f/0f657b5ae76872d39185c6a99136cf7297ec087187b210d3218c9148340513ed.jpg,pose_rejected,900,900,physical black-dial boundary could not be fitted,false,,,,0,0,,,,,,,,,,,,,,,,,,,,,,,,,,,,,,,,,,,,,,,,,,,,,,,,,,,,,,,,,,,,,,,,,,,,,,,,,,,,,,,,,,,,,,,,,,,,,,,,,,,,,,,,,,,,,,,,,,,,,,,,,,,,,,,,,,,,,,,,,,,,,,,,,,,,,,,,,,,,,,,,,,,,,,,,,,,,,,,,,,,,,,,,,,,,,,,,,,,,,,,,,,,,,genuine_population,gen,auto_davidsw_124060_dc4ee2d322fd,124060,DavidSW,https://davidsw.com/wp-content/uploads/2024/08/24.08.27-66.jpg
99711943b400f4c3,images/99/99711943b400f4c3793025e46d2e41375c488f6e33c084c3ad3375125be88aff.jpg,pose_rejected,32,32,physical black-dial boundary not found,false,,,,0,0,,,,,,,,,,,,,,,,,,,,,,,,,,,,,,,,,,,,,,,,,,,,,,,,,,,,,,,,,,,,,,,,,,,,,,,,,,,,,,,,,,,,,,,,,,,,,,,,,,,,,,,,,,,,,,,,,,,,,,,,,,,,,,,,,,,,,,,,,,,,,,,,,,,,,,,,,,,,,,,,,,,,,,,,,,,,,,,,,,,,,,,,,,,,,,,,,,,,,,,,,,,,,genuine_population,gen,auto_davidsw_124060_dc4ee2d322fd,124060,DavidSW,https://davidsw.com/wp-content/uploads/2024/08/24.08.27-64-32x32.jpg
c5fa09132c742dd0,images/c5/c5fa09132c742dd0c6b6c7008f2bb13389d77d8a385e927299dd5f7aab49a8aa.jpg,pose_rejected,100,100,physical black-dial boundary not found,false,,,,0,0,,,,,,,,,,,,,,,,,,,,,,,,,,,,,,,,,,,,,,,,,,,,,,,,,,,,,,,,,,,,,,,,,,,,,,,,,,,,,,,,,,,,,,,,,,,,,,,,,,,,,,,,,,,,,,,,,,,,,,,,,,,,,,,,,,,,,,,,,,,,,,,,,,,,,,,,,,,,,,,,,,,,,,,,,,,,,,,,,,,,,,,,,,,,,,,,,,,,,,,,,,,,,genuine_population,gen,auto_davidsw_124060_dc4ee2d322fd,124060,DavidSW,https://davidsw.com/wp-content/uploads/2024/08/24.08.27-64-100x100.jpg
373238b7b24c266b,images/37/373238b7b24c266b95273018156ae5b677e6db37d1bfde54582f5a627155769c.jpg,pose_rejected,900,900,overlay unavailable: minute-lattice median residual too high (wrong local fit),false,,,,0,0,,,,,,,,,,,,,,,,,,,,,,,,,,,,,,,,,,,,,,,,,,,,,,,,,,,,,,,,,,,,,,,,,,,,,,,,,,,,,,,,,,,,,,,,,,,,,,,,,,,,,,,,,,,,,,,,,,,,,,,,,,,,,,,,,,,,,,,,,,,,,,,,,,,,,,,,,,,,,,,,,,,,,,,,,,,,,,,,,,,,,,,,,,,,,,,,,,,,,,,,,,,,,genuine_population,gen,auto_davidsw_124060_e840fd0e1afd,124060,DavidSW,https://davidsw.com/wp-content/uploads/2024/04/24.04.26-40.jpg
53a2318f08d66616,images/53/53a2318f08d66616ed81d728acfdf8b6c8e6e7aac6a932921416ad711e61041e.jpg,pose_rejected,900,900,physical black-dial boundary could not be fitted,false,,,,0,0,,,,,,,,,,,,,,,,,,,,,,,,,,,,,,,,,,,,,,,,,,,,,,,,,,,,,,,,,,,,,,,,,,,,,,,,,,,,,,,,,,,,,,,,,,,,,,,,,,,,,,,,,,,,,,,,,,,,,,,,,,,,,,,,,,,,,,,,,,,,,,,,,,,,,,,,,,,,,,,,,,,,,,,,,,,,,,,,,,,,,,,,,,,,,,,,,,,,,,,,,,,,,genuine_population,gen,auto_davidsw_124060_e840fd0e1afd,124060,DavidSW,https://davidsw.com/wp-content/uploads/2024/04/24.04.26-38.jpg
2fdf38169ee1b57a,images/2f/2fdf38169ee1b57a6b148d3ede7788b2614fb6ef4628e78272568cf387907832.jpg,accepted,900,900,,true,275.45375,0.99879,0.13427,55,12,276.28483,true,10,0.55151,0.00996,0.55160,0.11625,0.04274,true,,0.79824,-0.16824,0.79519,-0.17159,0.81350,0.16824,0.79824,0.11099,-0.07497,0.08256,0.31096,,1.00000,1.00000,0.08137,0.54140,0.31400,true,,0.78386,0.48795,0.78785,0.48255,0.92388,0.78386,0.48795,0.31795,-0.01095,0.31804,0.14259,,0.95238,1.00000,true,,0.60780,0.68585,0.61416,0.68596,0.92073,0.68585,-0.60780,0.48126,0.42856,-0.21323,0.27995,,1.00000,1.00000,true,,0.08301,-0.07204,0.08301,-0.07260,0.11028,-0.08301,0.07204,0.23585,0.22418,-0.07092,0.15199,,1.00000,1.00000,true,,0.67632,-0.43347,0.67118,-0.43450,0.79955,0.71355,0.36898,0.33787,0.18841,-0.28260,,-0.16718,0.90278,1.00000,true,,1.05635,0.07708,1.05479,0.07039,1.05714,0.87629,0.59493,0.20096,0.14453,0.14009,,-0.15821,0.84722,1.00000,false,outline coverage 0.71; 6/8 octants,,,,,,,,,,,,,0.70833,1.00000,true,,0.41784,0.09815,0.41990,0.09579,0.43068,0.29392,-0.31278,0.25610,-0.25457,-0.01000,,-0.28117,1.00000,1.00000,true,,0.40832,-0.21160,0.40935,-0.21577,0.46273,-0.38741,-0.24782,0.39369,-0.38490,0.06844,,-0.35112,1.00000,1.00000,true,,0.16222,-0.23904,0.16221,-0.24106,0.29056,-0.26001,0.12590,0.25129,-0.05088,0.24541,,-0.34990,1.00000,1.00000,true,,0.52078,-0.11703,0.52058,-0.11981,0.53419,-0.39249,0.36174,0.18300,-0.16989,-0.06975,,-0.29267,0.80556,1.00000,true,,0.49459,-0.17314,0.49315,-0.17498,0.52327,-0.09735,0.51490,0.14188,-0.07149,-0.12321,,-0.32989,0.94444,1.00000,1197,genuine_population,gen,auto_davidsw_124060_e840fd0e1afd,124060,DavidSW,https://davidsw.com/wp-content/uploads/2024/04/24.04.26-39.jpg
2950d626ddbc3530,images/29/2950d626ddbc35308ff33f76d09f756ba0d1e5e1e1213e7a70a9bdc6773da0eb.jpg,pose_rejected,900,900,physical black-dial boundary not found,false,,,,0,0,,,,,,,,,,,,,,,,,,,,,,,,,,,,,,,,,,,,,,,,,,,,,,,,,,,,,,,,,,,,,,,,,,,,,,,,,,,,,,,,,,,,,,,,,,,,,,,,,,,,,,,,,,,,,,,,,,,,,,,,,,,,,,,,,,,,,,,,,,,,,,,,,,,,,,,,,,,,,,,,,,,,,,,,,,,,,,,,,,,,,,,,,,,,,,,,,,,,,,,,,,,,,genuine_population,gen,auto_davidsw_124060_e840fd0e1afd,124060,DavidSW,https://davidsw.com/wp-content/uploads/2024/04/24.04.26-45.jpg
6f77cb46e3d65ce6,images/6f/6f77cb46e3d65ce6d13abacab62f8e987df7025483b02a4252adfa90fe7beea2.jpg,pose_rejected,900,900,physical black-dial boundary not found,false,,,,0,0,,,,,,,,,,,,,,,,,,,,,,,,,,,,,,,,,,,,,,,,,,,,,,,,,,,,,,,,,,,,,,,,,,,,,,,,,,,,,,,,,,,,,,,,,,,,,,,,,,,,,,,,,,,,,,,,,,,,,,,,,,,,,,,,,,,,,,,,,,,,,,,,,,,,,,,,,,,,,,,,,,,,,,,,,,,,,,,,,,,,,,,,,,,,,,,,,,,,,,,,,,,,,genuine_population,gen,auto_davidsw_124060_e840fd0e1afd,124060,DavidSW,https://davidsw.com/wp-content/uploads/2024/04/24.04.26-44.jpg
d53e46ec58fa04c7,images/d5/d53e46ec58fa04c7b32e902292bb91414951220c942c780693ec14067b0d93ab.jpg,pose_rejected,900,900,physical black-dial boundary not found,false,,,,0,0,,,,,,,,,,,,,,,,,,,,,,,,,,,,,,,,,,,,,,,,,,,,,,,,,,,,,,,,,,,,,,,,,,,,,,,,,,,,,,,,,,,,,,,,,,,,,,,,,,,,,,,,,,,,,,,,,,,,,,,,,,,,,,,,,,,,,,,,,,,,,,,,,,,,,,,,,,,,,,,,,,,,,,,,,,,,,,,,,,,,,,,,,,,,,,,,,,,,,,,,,,,,,genuine_population,gen,auto_davidsw_124060_e840fd0e1afd,124060,DavidSW,https://davidsw.com/wp-content/uploads/2024/04/24.04.26-43.jpg
7ef67ccad5575960,images/7e/7ef67ccad5575960a4599b3c511b3a8a0a3c5bede1d87007ef04b572233c77a1.jpg,pose_rejected,900,900,physical black-dial boundary not found,false,,,,0,0,,,,,,,,,,,,,,,,,,,,,,,,,,,,,,,,,,,,,,,,,,,,,,,,,,,,,,,,,,,,,,,,,,,,,,,,,,,,,,,,,,,,,,,,,,,,,,,,,,,,,,,,,,,,,,,,,,,,,,,,,,,,,,,,,,,,,,,,,,,,,,,,,,,,,,,,,,,,,,,,,,,,,,,,,,,,,,,,,,,,,,,,,,,,,,,,,,,,,,,,,,,,,genuine_population,gen,auto_davidsw_124060_e840fd0e1afd,124060,DavidSW,https://davidsw.com/wp-content/uploads/2024/04/24.04.26-41.jpg
792def35c19a123b,images/79/792def35c19a123b1aa339b1b1c3c6ccee80c9d71bd8c90df0f82f587520937f.jpg,pose_rejected,900,900,physical black-dial boundary not found,false,,,,0,0,,,,,,,,,,,,,,,,,,,,,,,,,,,,,,,,,,,,,,,,,,,,,,,,,,,,,,,,,,,,,,,,,,,,,,,,,,,,,,,,,,,,,,,,,,,,,,,,,,,,,,,,,,,,,,,,,,,,,,,,,,,,,,,,,,,,,,,,,,,,,,,,,,,,,,,,,,,,,,,,,,,,,,,,,,,,,,,,,,,,,,,,,,,,,,,,,,,,,,,,,,,,,genuine_population,gen,auto_davidsw_124060_e840fd0e1afd,124060,DavidSW,https://davidsw.com/wp-content/uploads/2024/04/24.04.26-42.jpg
a7261c47b6dce057,images/a7/a7261c47b6dce0570da07557463b1a10f93a79f9b1681d7574d7aa24aab0a340.jpg,pose_rejected,32,32,physical black-dial boundary not found,false,,,,0,0,,,,,,,,,,,,,,,,,,,,,,,,,,,,,,,,,,,,,,,,,,,,,,,,,,,,,,,,,,,,,,,,,,,,,,,,,,,,,,,,,,,,,,,,,,,,,,,,,,,,,,,,,,,,,,,,,,,,,,,,,,,,,,,,,,,,,,,,,,,,,,,,,,,,,,,,,,,,,,,,,,,,,,,,,,,,,,,,,,,,,,,,,,,,,,,,,,,,,,,,,,,,,genuine_population,gen,auto_davidsw_124060_e840fd0e1afd,124060,DavidSW,https://davidsw.com/wp-content/uploads/2024/04/24.04.26-40-32x32.jpg
5d21f978ebfe736d,images/5d/5d21f978ebfe736d20632fbc8f11ae3df9bcbfb4ce7340a28f788ec639915064.jpg,pose_rejected,100,100,physical black-dial boundary could not be fitted,false,,,,0,0,,,,,,,,,,,,,,,,,,,,,,,,,,,,,,,,,,,,,,,,,,,,,,,,,,,,,,,,,,,,,,,,,,,,,,,,,,,,,,,,,,,,,,,,,,,,,,,,,,,,,,,,,,,,,,,,,,,,,,,,,,,,,,,,,,,,,,,,,,,,,,,,,,,,,,,,,,,,,,,,,,,,,,,,,,,,,,,,,,,,,,,,,,,,,,,,,,,,,,,,,,,,,genuine_population,gen,auto_davidsw_124060_e840fd0e1afd,124060,DavidSW,https://davidsw.com/wp-content/uploads/2024/04/24.04.26-40-100x100.jpg
ea6471c0ef6ada52,images/ea/ea6471c0ef6ada5273f9cefb00936ad23516d939ca1ba415bddba3c01a8f5417.jpg,accepted,900,900,,true,172.40775,0.95701,0.19071,54,12,162.72086,true,10,0.63835,-0.86653,1.07628,-0.01427,0.02625,true,,1.46614,-0.70144,1.32468,-0.91024,1.60727,0.70144,1.46614,0.62981,-0.01909,0.62514,0.45439,,1.00000,1.00000,-0.11126,1.13167,0.83927,true,,0.63913,-0.59929,0.50838,-0.69538,0.86140,0.63913,-0.59929,0.14706,-0.12465,0.08321,-0.35698,,0.90476,1.00000,true,,1.23739,-0.54030,1.13749,-0.75877,1.36734,-0.54030,-1.23739,0.57368,0.21642,-0.51258,-0.57635,,1.00000,1.00000,true,,0.95017,-0.72204,0.83220,-0.88644,1.21587,-0.95017,0.72204,0.17541,-0.15112,-0.07364,-0.00695,,0.85714,1.00000,true,,0.92839,-0.62356,0.79416,-0.75183,1.09359,1.00422,0.49223,0.12725,-0.00766,0.12439,,-0.44200,0.87500,0.93889,true,,0.65500,-0.70592,0.50324,-0.79606,0.94178,0.92021,-0.28385,0.14349,-0.10716,-0.09514,,-0.23281,0.83333,1.00000,false,hand/occluder crosses outline (clean 0.78),,,,,,,,,,,,,0.79167,0.78333,true,,0.62908,-0.84424,0.45789,-0.95945,1.06311,-0.41659,-0.96692,0.15515,-0.14832,0.01869,,-0.25625,0.87500,1.00000,true,,0.58379,-0.91178,0.41619,-1.03293,1.11362,-1.08152,-0.04968,0.20848,-0.03184,0.19683,,-0.26055,0.83333,1.00000,true,,0.48040,-0.74852,0.34780,-0.84583,0.91454,-0.79030,0.40804,0.30059,0.27487,0.09801,,-0.14603,0.79167,1.00000,true,,0.97872,-0.90745,0.82320,-1.06634,1.34712,-0.39388,1.27523,0.19781,-0.06780,0.18380,,-0.28775,0.91667,1.00000,true,,0.72215,-0.84852,0.56617,-0.95555,1.11068,0.37376,1.04966,0.15989,0.14330,-0.05727,,-0.11642,0.80556,1.00000,820,genuine_population,gen,auto_davidsw_124060_5c3a5b60da5d,124060,DavidSW,https://davidsw.com/wp-content/uploads/2025/04/25.04.15-59.jpg
cf00e6294aaeb7ef,images/cf/cf00e6294aaeb7efdf477e4c97eea82e6e470375b2462156bfb46582812d6b73.jpg,pose_rejected,900,900,physical black-dial boundary could not be fitted,false,,,,0,0,,,,,,,,,,,,,,,,,,,,,,,,,,,,,,,,,,,,,,,,,,,,,,,,,,,,,,,,,,,,,,,,,,,,,,,,,,,,,,,,,,,,,,,,,,,,,,,,,,,,,,,,,,,,,,,,,,,,,,,,,,,,,,,,,,,,,,,,,,,,,,,,,,,,,,,,,,,,,,,,,,,,,,,,,,,,,,,,,,,,,,,,,,,,,,,,,,,,,,,,,,,,,genuine_population,gen,auto_davidsw_124060_5c3a5b60da5d,124060,DavidSW,https://davidsw.com/wp-content/uploads/2025/04/25.04.15-57.jpg
690f6fba68b00139,images/69/690f6fba68b00139a82ca09d29bc857ec8b610ae27768af0d51cd4124b091170.jpg,pose_rejected,900,900,physical black-dial boundary could not be fitted,false,,,,0,0,,,,,,,,,,,,,,,,,,,,,,,,,,,,,,,,,,,,,,,,,,,,,,,,,,,,,,,,,,,,,,,,,,,,,,,,,,,,,,,,,,,,,,,,,,,,,,,,,,,,,,,,,,,,,,,,,,,,,,,,,,,,,,,,,,,,,,,,,,,,,,,,,,,,,,,,,,,,,,,,,,,,,,,,,,,,,,,,,,,,,,,,,,,,,,,,,,,,,,,,,,,,,genuine_population,gen,auto_davidsw_124060_5c3a5b60da5d,124060,DavidSW,https://davidsw.com/wp-content/uploads/2025/04/25.04.15-58.jpg
a21badd71a70565b,images/a2/a21badd71a70565beb9de3640dfdf3caf7a482e3e67218728a49786e584bbfad.jpg,pose_rejected,900,900,physical black-dial boundary not found,false,,,,0,0,,,,,,,,,,,,,,,,,,,,,,,,,,,,,,,,,,,,,,,,,,,,,,,,,,,,,,,,,,,,,,,,,,,,,,,,,,,,,,,,,,,,,,,,,,,,,,,,,,,,,,,,,,,,,,,,,,,,,,,,,,,,,,,,,,,,,,,,,,,,,,,,,,,,,,,,,,,,,,,,,,,,,,,,,,,,,,,,,,,,,,,,,,,,,,,,,,,,,,,,,,,,,genuine_population,gen,auto_davidsw_124060_5c3a5b60da5d,124060,DavidSW,https://davidsw.com/wp-content/uploads/2025/04/25.04.15-64.jpg
244ae73bbc31b32a,images/24/244ae73bbc31b32a3f6d7ee623c655cda5414eff58eac93aa735feacad80a5ee.jpg,pose_rejected,900,900,physical black-dial boundary not found,false,,,,0,0,,,,,,,,,,,,,,,,,,,,,,,,,,,,,,,,,,,,,,,,,,,,,,,,,,,,,,,,,,,,,,,,,,,,,,,,,,,,,,,,,,,,,,,,,,,,,,,,,,,,,,,,,,,,,,,,,,,,,,,,,,,,,,,,,,,,,,,,,,,,,,,,,,,,,,,,,,,,,,,,,,,,,,,,,,,,,,,,,,,,,,,,,,,,,,,,,,,,,,,,,,,,,genuine_population,gen,auto_davidsw_124060_5c3a5b60da5d,124060,DavidSW,https://davidsw.com/wp-content/uploads/2025/04/25.04.15-63.jpg
0ddce4fdb448751f,images/0d/0ddce4fdb448751f8bd373214739e5d9283c3c5e76358f83c2ab5bf970b022e1.jpg,pose_rejected,900,900,physical black-dial boundary could not be fitted,false,,,,0,0,,,,,,,,,,,,,,,,,,,,,,,,,,,,,,,,,,,,,,,,,,,,,,,,,,,,,,,,,,,,,,,,,,,,,,,,,,,,,,,,,,,,,,,,,,,,,,,,,,,,,,,,,,,,,,,,,,,,,,,,,,,,,,,,,,,,,,,,,,,,,,,,,,,,,,,,,,,,,,,,,,,,,,,,,,,,,,,,,,,,,,,,,,,,,,,,,,,,,,,,,,,,,genuine_population,gen,auto_davidsw_124060_5c3a5b60da5d,124060,DavidSW,https://davidsw.com/wp-content/uploads/2025/04/25.04.15-62.jpg
13be7c94a09c47fa,images/13/13be7c94a09c47fa5527cba86e1146ba8b3b36626b0ed79468dbc2437ee07c62.jpg,pose_rejected,900,900,physical black-dial boundary could not be fitted,false,,,,0,0,,,,,,,,,,,,,,,,,,,,,,,,,,,,,,,,,,,,,,,,,,,,,,,,,,,,,,,,,,,,,,,,,,,,,,,,,,,,,,,,,,,,,,,,,,,,,,,,,,,,,,,,,,,,,,,,,,,,,,,,,,,,,,,,,,,,,,,,,,,,,,,,,,,,,,,,,,,,,,,,,,,,,,,,,,,,,,,,,,,,,,,,,,,,,,,,,,,,,,,,,,,,,genuine_population,gen,auto_davidsw_124060_5c3a5b60da5d,124060,DavidSW,https://davidsw.com/wp-content/uploads/2025/04/25.04.15-60.jpg
e56978e02d9886fe,images/e5/e56978e02d9886fea332671b3cea2fc052f43a0b6a88a0db80e4217e236beceb.jpg,pose_rejected,900,900,physical black-dial boundary not found,false,,,,0,0,,,,,,,,,,,,,,,,,,,,,,,,,,,,,,,,,,,,,,,,,,,,,,,,,,,,,,,,,,,,,,,,,,,,,,,,,,,,,,,,,,,,,,,,,,,,,,,,,,,,,,,,,,,,,,,,,,,,,,,,,,,,,,,,,,,,,,,,,,,,,,,,,,,,,,,,,,,,,,,,,,,,,,,,,,,,,,,,,,,,,,,,,,,,,,,,,,,,,,,,,,,,,genuine_population,gen,auto_davidsw_124060_5c3a5b60da5d,124060,DavidSW,https://davidsw.com/wp-content/uploads/2025/04/25.04.15-61.jpg
1bdf1e161ff95d74,images/1b/1bdf1e161ff95d74add695e3df5dfa0757370e0f4a455bee88f7f073f5efbf45.jpg,pose_rejected,32,32,physical black-dial boundary not found,false,,,,0,0,,,,,,,,,,,,,,,,,,,,,,,,,,,,,,,,,,,,,,,,,,,,,,,,,,,,,,,,,,,,,,,,,,,,,,,,,,,,,,,,,,,,,,,,,,,,,,,,,,,,,,,,,,,,,,,,,,,,,,,,,,,,,,,,,,,,,,,,,,,,,,,,,,,,,,,,,,,,,,,,,,,,,,,,,,,,,,,,,,,,,,,,,,,,,,,,,,,,,,,,,,,,,genuine_population,gen,auto_davidsw_124060_5c3a5b60da5d,124060,DavidSW,https://davidsw.com/wp-content/uploads/2025/04/25.04.15-59-32x32.jpg
f8ca053b793aa52d,images/f8/f8ca053b793aa52d2c565dfaba6e9feed439c4f211fed541b1178d2eb13dd07d.jpg,pose_rejected,100,100,physical black-dial boundary could not be fitted,false,,,,0,0,,,,,,,,,,,,,,,,,,,,,,,,,,,,,,,,,,,,,,,,,,,,,,,,,,,,,,,,,,,,,,,,,,,,,,,,,,,,,,,,,,,,,,,,,,,,,,,,,,,,,,,,,,,,,,,,,,,,,,,,,,,,,,,,,,,,,,,,,,,,,,,,,,,,,,,,,,,,,,,,,,,,,,,,,,,,,,,,,,,,,,,,,,,,,,,,,,,,,,,,,,,,,genuine_population,gen,auto_davidsw_124060_5c3a5b60da5d,124060,DavidSW,https://davidsw.com/wp-content/uploads/2025/04/25.04.15-59-100x100.jpg
38faa437653386b5,images/38/38faa437653386b5f503b2a4b1fd72677d796b14603a9a3583853653ee505c0e.jpg,pose_rejected,90,90,physical black-dial boundary not found,false,,,,0,0,,,,,,,,,,,,,,,,,,,,,,,,,,,,,,,,,,,,,,,,,,,,,,,,,,,,,,,,,,,,,,,,,,,,,,,,,,,,,,,,,,,,,,,,,,,,,,,,,,,,,,,,,,,,,,,,,,,,,,,,,,,,,,,,,,,,,,,,,,,,,,,,,,,,,,,,,,,,,,,,,,,,,,,,,,,,,,,,,,,,,,,,,,,,,,,,,,,,,,,,,,,,,genuine_population,gen,auto_wos_cpo_124060_90d49f205494,124060,Watches of Switzerland Rolex CPO,https://www.watchesofswitzerland.com/cdn/shop/files/40411297_1.jpg?height=90&v=1789485528&width=90
ade45a373412f737,images/ad/ade45a373412f737ceb1f7d0a4e24873b94d74796e9871058949bcc7e996bdcb.jpg,pose_rejected,80,80,physical black-dial boundary not found,false,,,,0,0,,,,,,,,,,,,,,,,,,,,,,,,,,,,,,,,,,,,,,,,,,,,,,,,,,,,,,,,,,,,,,,,,,,,,,,,,,,,,,,,,,,,,,,,,,,,,,,,,,,,,,,,,,,,,,,,,,,,,,,,,,,,,,,,,,,,,,,,,,,,,,,,,,,,,,,,,,,,,,,,,,,,,,,,,,,,,,,,,,,,,,,,,,,,,,,,,,,,,,,,,,,,,genuine_population,gen,auto_wos_cpo_124060_90d49f205494,124060,Watches of Switzerland Rolex CPO,https://www.watchesofswitzerland.com/cdn/shop/files/40411297_1.jpg?height=80&v=1789485528&width=80
d554604d93e97b4d,images/d5/d554604d93e97b4d145a28fdacf82310c9bfb28f7be0b7113485585adc252c08.jpg,pose_rejected,60,60,physical black-dial boundary not found,false,,,,0,0,,,,,,,,,,,,,,,,,,,,,,,,,,,,,,,,,,,,,,,,,,,,,,,,,,,,,,,,,,,,,,,,,,,,,,,,,,,,,,,,,,,,,,,,,,,,,,,,,,,,,,,,,,,,,,,,,,,,,,,,,,,,,,,,,,,,,,,,,,,,,,,,,,,,,,,,,,,,,,,,,,,,,,,,,,,,,,,,,,,,,,,,,,,,,,,,,,,,,,,,,,,,,genuine_population,gen,auto_wos_cpo_124060_90d49f205494,124060,Watches of Switzerland Rolex CPO,https://www.watchesofswitzerland.com/cdn/shop/files/40411297_1.jpg?height=60&v=1789485528&width=60
69c2ceba1f2930aa,images/69/69c2ceba1f2930aa21502e65399fa03dbd14a8d405f9903ce0c5ce3551bbac56.jpg,pose_rejected,40,40,physical black-dial boundary not found,false,,,,0,0,,,,,,,,,,,,,,,,,,,,,,,,,,,,,,,,,,,,,,,,,,,,,,,,,,,,,,,,,,,,,,,,,,,,,,,,,,,,,,,,,,,,,,,,,,,,,,,,,,,,,,,,,,,,,,,,,,,,,,,,,,,,,,,,,,,,,,,,,,,,,,,,,,,,,,,,,,,,,,,,,,,,,,,,,,,,,,,,,,,,,,,,,,,,,,,,,,,,,,,,,,,,,genuine_population,gen,auto_wos_cpo_124060_90d49f205494,124060,Watches of Switzerland Rolex CPO,https://www.watchesofswitzerland.com/cdn/shop/files/40411297_1.jpg?height=40&v=1789485528&width=40
0fb109068675e89b,images/0f/0fb109068675e89b858eb7df6a725bbafcd70248de80ba4fd73edcf84e629547.jpg,pose_rejected,90,90,physical black-dial boundary not found,false,,,,0,0,,,,,,,,,,,,,,,,,,,,,,,,,,,,,,,,,,,,,,,,,,,,,,,,,,,,,,,,,,,,,,,,,,,,,,,,,,,,,,,,,,,,,,,,,,,,,,,,,,,,,,,,,,,,,,,,,,,,,,,,,,,,,,,,,,,,,,,,,,,,,,,,,,,,,,,,,,,,,,,,,,,,,,,,,,,,,,,,,,,,,,,,,,,,,,,,,,,,,,,,,,,,,genuine_population,gen,auto_wos_cpo_124060_90d49f205494,124060,Watches of Switzerland Rolex CPO,https://www.watchesofswitzerland.com/cdn/shop/files/40411297_2.jpg?height=90&v=1789485528&width=90
99f238f2ccfaebda,images/99/99f238f2ccfaebda8d0407b46086f58eb69c57dbe853f145c35ee8bc830334d6.jpg,pose_rejected,80,80,physical black-dial boundary not found,false,,,,0,0,,,,,,,,,,,,,,,,,,,,,,,,,,,,,,,,,,,,,,,,,,,,,,,,,,,,,,,,,,,,,,,,,,,,,,,,,,,,,,,,,,,,,,,,,,,,,,,,,,,,,,,,,,,,,,,,,,,,,,,,,,,,,,,,,,,,,,,,,,,,,,,,,,,,,,,,,,,,,,,,,,,,,,,,,,,,,,,,,,,,,,,,,,,,,,,,,,,,,,,,,,,,,genuine_population,gen,auto_wos_cpo_124060_90d49f205494,124060,Watches of Switzerland Rolex CPO,https://www.watchesofswitzerland.com/cdn/shop/files/40411297_2.jpg?height=80&v=1789485528&width=80
868187808b09149a,images/86/868187808b09149a6084d7f5b6400df93eb4a0a97ba05deb1de6bb2cc977a575.jpg,pose_rejected,60,60,physical black-dial boundary not found,false,,,,0,0,,,,,,,,,,,,,,,,,,,,,,,,,,,,,,,,,,,,,,,,,,,,,,,,,,,,,,,,,,,,,,,,,,,,,,,,,,,,,,,,,,,,,,,,,,,,,,,,,,,,,,,,,,,,,,,,,,,,,,,,,,,,,,,,,,,,,,,,,,,,,,,,,,,,,,,,,,,,,,,,,,,,,,,,,,,,,,,,,,,,,,,,,,,,,,,,,,,,,,,,,,,,,genuine_population,gen,auto_wos_cpo_124060_90d49f205494,124060,Watches of Switzerland Rolex CPO,https://www.watchesofswitzerland.com/cdn/shop/files/40411297_2.jpg?height=60&v=1789485528&width=60
3db99a110e2f1c23,images/3d/3db99a110e2f1c23941c9baed9ee87576a4de670738e726b3f881071dbd0fd8b.jpg,pose_rejected,40,40,physical black-dial boundary not found,false,,,,0,0,,,,,,,,,,,,,,,,,,,,,,,,,,,,,,,,,,,,,,,,,,,,,,,,,,,,,,,,,,,,,,,,,,,,,,,,,,,,,,,,,,,,,,,,,,,,,,,,,,,,,,,,,,,,,,,,,,,,,,,,,,,,,,,,,,,,,,,,,,,,,,,,,,,,,,,,,,,,,,,,,,,,,,,,,,,,,,,,,,,,,,,,,,,,,,,,,,,,,,,,,,,,,genuine_population,gen,auto_wos_cpo_124060_90d49f205494,124060,Watches of Switzerland Rolex CPO,https://www.watchesofswitzerland.com/cdn/shop/files/40411297_2.jpg?height=40&v=1789485528&width=40
00d2f06eb1283744,images/00/00d2f06eb12837449c17a7844906e4db762ca139a5bba88a0c7132891fd37cf6.jpg,pose_rejected,90,90,physical black-dial boundary not found,false,,,,0,0,,,,,,,,,,,,,,,,,,,,,,,,,,,,,,,,,,,,,,,,,,,,,,,,,,,,,,,,,,,,,,,,,,,,,,,,,,,,,,,,,,,,,,,,,,,,,,,,,,,,,,,,,,,,,,,,,,,,,,,,,,,,,,,,,,,,,,,,,,,,,,,,,,,,,,,,,,,,,,,,,,,,,,,,,,,,,,,,,,,,,,,,,,,,,,,,,,,,,,,,,,,,,genuine_population,gen,auto_wos_cpo_124060_90d49f205494,124060,Watches of Switzerland Rolex CPO,https://www.watchesofswitzerland.com/cdn/shop/files/40411297_3.jpg?height=90&v=1789485528&width=90
3b18bcfedeb0d485,images/3b/3b18bcfedeb0d4859301eced4d9fe56fe7b083846597bdcb4f3075f43682f717.jpg,pose_rejected,80,80,physical black-dial boundary not found,false,,,,0,0,,,,,,,,,,,,,,,,,,,,,,,,,,,,,,,,,,,,,,,,,,,,,,,,,,,,,,,,,,,,,,,,,,,,,,,,,,,,,,,,,,,,,,,,,,,,,,,,,,,,,,,,,,,,,,,,,,,,,,,,,,,,,,,,,,,,,,,,,,,,,,,,,,,,,,,,,,,,,,,,,,,,,,,,,,,,,,,,,,,,,,,,,,,,,,,,,,,,,,,,,,,,,genuine_population,gen,auto_wos_cpo_124060_90d49f205494,124060,Watches of Switzerland Rolex CPO,https://www.watchesofswitzerland.com/cdn/shop/files/40411297_3.jpg?height=80&v=1789485528&width=80
2a1cab79859f77df,images/2a/2a1cab79859f77df126a5853d1893bcb553c13e9931181fb66b42a4d57464f2f.jpg,pose_rejected,90,90,physical black-dial boundary not found,false,,,,0,0,,,,,,,,,,,,,,,,,,,,,,,,,,,,,,,,,,,,,,,,,,,,,,,,,,,,,,,,,,,,,,,,,,,,,,,,,,,,,,,,,,,,,,,,,,,,,,,,,,,,,,,,,,,,,,,,,,,,,,,,,,,,,,,,,,,,,,,,,,,,,,,,,,,,,,,,,,,,,,,,,,,,,,,,,,,,,,,,,,,,,,,,,,,,,,,,,,,,,,,,,,,,,genuine_population,gen,auto_wos_cpo_124060_066a8179bd49,124060,Watches of Switzerland Rolex CPO,https://www.watchesofswitzerland.com/cdn/shop/files/40411298_1.jpg?height=90&v=1789188091&width=90
dfa01f1adaf1bc18,images/df/dfa01f1adaf1bc18570d3a559430b9983b54ef33b972064980fff3c462580b9e.jpg,pose_rejected,80,80,physical black-dial boundary not found,false,,,,0,0,,,,,,,,,,,,,,,,,,,,,,,,,,,,,,,,,,,,,,,,,,,,,,,,,,,,,,,,,,,,,,,,,,,,,,,,,,,,,,,,,,,,,,,,,,,,,,,,,,,,,,,,,,,,,,,,,,,,,,,,,,,,,,,,,,,,,,,,,,,,,,,,,,,,,,,,,,,,,,,,,,,,,,,,,,,,,,,,,,,,,,,,,,,,,,,,,,,,,,,,,,,,,genuine_population,gen,auto_wos_cpo_124060_066a8179bd49,124060,Watches of Switzerland Rolex CPO,https://www.watchesofswitzerland.com/cdn/shop/files/40411298_1.jpg?height=80&v=1789188091&width=80
86d79ec4c9bf81cd,images/86/86d79ec4c9bf81cd0af2123c7d62bcb50e4abb60f0b69c16bf5e7a0823789aa5.jpg,pose_rejected,60,60,physical black-dial boundary not found,false,,,,0,0,,,,,,,,,,,,,,,,,,,,,,,,,,,,,,,,,,,,,,,,,,,,,,,,,,,,,,,,,,,,,,,,,,,,,,,,,,,,,,,,,,,,,,,,,,,,,,,,,,,,,,,,,,,,,,,,,,,,,,,,,,,,,,,,,,,,,,,,,,,,,,,,,,,,,,,,,,,,,,,,,,,,,,,,,,,,,,,,,,,,,,,,,,,,,,,,,,,,,,,,,,,,,genuine_population,gen,auto_wos_cpo_124060_066a8179bd49,124060,Watches of Switzerland Rolex CPO,https://www.watchesofswitzerland.com/cdn/shop/files/40411298_1.jpg?height=60&v=1789188091&width=60
bca4151e4390cdf0,images/bc/bca4151e4390cdf0fb08aa50100892cb392bf42be0cb5f0702866de9e50a5a3d.jpg,pose_rejected,40,40,physical black-dial boundary not found,false,,,,0,0,,,,,,,,,,,,,,,,,,,,,,,,,,,,,,,,,,,,,,,,,,,,,,,,,,,,,,,,,,,,,,,,,,,,,,,,,,,,,,,,,,,,,,,,,,,,,,,,,,,,,,,,,,,,,,,,,,,,,,,,,,,,,,,,,,,,,,,,,,,,,,,,,,,,,,,,,,,,,,,,,,,,,,,,,,,,,,,,,,,,,,,,,,,,,,,,,,,,,,,,,,,,,genuine_population,gen,auto_wos_cpo_124060_066a8179bd49,124060,Watches of Switzerland Rolex CPO,https://www.watchesofswitzerland.com/cdn/shop/files/40411298_1.jpg?height=40&v=1789188091&width=40
1f7ada052a6f79ad,images/1f/1f7ada052a6f79add78417632065a5d8d2d4dab1fcb3c6a0dae3425bc17d2a33.jpg,pose_rejected,90,90,physical black-dial boundary not found,false,,,,0,0,,,,,,,,,,,,,,,,,,,,,,,,,,,,,,,,,,,,,,,,,,,,,,,,,,,,,,,,,,,,,,,,,,,,,,,,,,,,,,,,,,,,,,,,,,,,,,,,,,,,,,,,,,,,,,,,,,,,,,,,,,,,,,,,,,,,,,,,,,,,,,,,,,,,,,,,,,,,,,,,,,,,,,,,,,,,,,,,,,,,,,,,,,,,,,,,,,,,,,,,,,,,,genuine_population,gen,auto_wos_cpo_124060_066a8179bd49,124060,Watches of Switzerland Rolex CPO,https://www.watchesofswitzerland.com/cdn/shop/files/40411298_2.jpg?height=90&v=1789188090&width=90
6c5a94b72239f86e,images/6c/6c5a94b72239f86e1e517a38933201272aabb71d79ed1a21745358d29e1baede.jpg,pose_rejected,80,80,physical black-dial boundary not found,false,,,,0,0,,,,,,,,,,,,,,,,,,,,,,,,,,,,,,,,,,,,,,,,,,,,,,,,,,,,,,,,,,,,,,,,,,,,,,,,,,,,,,,,,,,,,,,,,,,,,,,,,,,,,,,,,,,,,,,,,,,,,,,,,,,,,,,,,,,,,,,,,,,,,,,,,,,,,,,,,,,,,,,,,,,,,,,,,,,,,,,,,,,,,,,,,,,,,,,,,,,,,,,,,,,,,genuine_population,gen,auto_wos_cpo_124060_066a8179bd49,124060,Watches of Switzerland Rolex CPO,https://www.watchesofswitzerland.com/cdn/shop/files/40411298_2.jpg?height=80&v=1789188090&width=80
96ebc8a23b128551,images/96/96ebc8a23b128551e3b66469e7dc268d9d0e159721db0cfa7546d511ae1a794c.jpg,pose_rejected,60,60,physical black-dial boundary not found,false,,,,0,0,,,,,,,,,,,,,,,,,,,,,,,,,,,,,,,,,,,,,,,,,,,,,,,,,,,,,,,,,,,,,,,,,,,,,,,,,,,,,,,,,,,,,,,,,,,,,,,,,,,,,,,,,,,,,,,,,,,,,,,,,,,,,,,,,,,,,,,,,,,,,,,,,,,,,,,,,,,,,,,,,,,,,,,,,,,,,,,,,,,,,,,,,,,,,,,,,,,,,,,,,,,,,genuine_population,gen,auto_wos_cpo_124060_066a8179bd49,124060,Watches of Switzerland Rolex CPO,https://www.watchesofswitzerland.com/cdn/shop/files/40411298_2.jpg?height=60&v=1789188090&width=60
40f522108c90b62e,images/40/40f522108c90b62e482155110e05fdbafffb2cd9b6add363abe75d5c7ba1df2c.jpg,pose_rejected,40,40,physical black-dial boundary not found,false,,,,0,0,,,,,,,,,,,,,,,,,,,,,,,,,,,,,,,,,,,,,,,,,,,,,,,,,,,,,,,,,,,,,,,,,,,,,,,,,,,,,,,,,,,,,,,,,,,,,,,,,,,,,,,,,,,,,,,,,,,,,,,,,,,,,,,,,,,,,,,,,,,,,,,,,,,,,,,,,,,,,,,,,,,,,,,,,,,,,,,,,,,,,,,,,,,,,,,,,,,,,,,,,,,,,genuine_population,gen,auto_wos_cpo_124060_066a8179bd49,124060,Watches of Switzerland Rolex CPO,https://www.watchesofswitzerland.com/cdn/shop/files/40411298_2.jpg?height=40&v=1789188090&width=40
eafb926d8f4ef847,images/ea/eafb926d8f4ef847c97f58e9230bb9f810680c1bdd71aa26c7e0a54571a39ae0.jpg,pose_rejected,90,90,physical black-dial boundary not found,false,,,,0,0,,,,,,,,,,,,,,,,,,,,,,,,,,,,,,,,,,,,,,,,,,,,,,,,,,,,,,,,,,,,,,,,,,,,,,,,,,,,,,,,,,,,,,,,,,,,,,,,,,,,,,,,,,,,,,,,,,,,,,,,,,,,,,,,,,,,,,,,,,,,,,,,,,,,,,,,,,,,,,,,,,,,,,,,,,,,,,,,,,,,,,,,,,,,,,,,,,,,,,,,,,,,,genuine_population,gen,auto_wos_cpo_124060_066a8179bd49,124060,Watches of Switzerland Rolex CPO,https://www.watchesofswitzerland.com/cdn/shop/files/40411298_3.jpg?height=90&v=1789188089&width=90
561cde235f33c63e,images/56/561cde235f33c63e2b4fedcfbb66f008ec04bb58532a4457064d6a5dbcd95eb7.jpg,pose_rejected,80,80,physical black-dial boundary not found,false,,,,0,0,,,,,,,,,,,,,,,,,,,,,,,,,,,,,,,,,,,,,,,,,,,,,,,,,,,,,,,,,,,,,,,,,,,,,,,,,,,,,,,,,,,,,,,,,,,,,,,,,,,,,,,,,,,,,,,,,,,,,,,,,,,,,,,,,,,,,,,,,,,,,,,,,,,,,,,,,,,,,,,,,,,,,,,,,,,,,,,,,,,,,,,,,,,,,,,,,,,,,,,,,,,,,genuine_population,gen,auto_wos_cpo_124060_066a8179bd49,124060,Watches of Switzerland Rolex CPO,https://www.watchesofswitzerland.com/cdn/shop/files/40411298_3.jpg?height=80&v=1789188089&width=80
dc2f53100dbb094e,images/dc/dc2f53100dbb094ee3953b7709feec522df95bbdd4a0a8418700f697c6d4c341.jpg,pose_rejected,90,90,physical black-dial boundary not found,false,,,,0,0,,,,,,,,,,,,,,,,,,,,,,,,,,,,,,,,,,,,,,,,,,,,,,,,,,,,,,,,,,,,,,,,,,,,,,,,,,,,,,,,,,,,,,,,,,,,,,,,,,,,,,,,,,,,,,,,,,,,,,,,,,,,,,,,,,,,,,,,,,,,,,,,,,,,,,,,,,,,,,,,,,,,,,,,,,,,,,,,,,,,,,,,,,,,,,,,,,,,,,,,,,,,,genuine_population,gen,auto_wos_cpo_124060_bdaa12c2cffd,124060,Watches of Switzerland Rolex CPO,https://www.watchesofswitzerland.com/cdn/shop/files/40410494_1.jpg?height=90&v=1786509370&width=90
0c7a5900adb4c92d,images/0c/0c7a5900adb4c92ddc4054f8b17b617305152b45f41ea7685aea3a1b3727ad89.jpg,pose_rejected,80,80,physical black-dial boundary not found,false,,,,0,0,,,,,,,,,,,,,,,,,,,,,,,,,,,,,,,,,,,,,,,,,,,,,,,,,,,,,,,,,,,,,,,,,,,,,,,,,,,,,,,,,,,,,,,,,,,,,,,,,,,,,,,,,,,,,,,,,,,,,,,,,,,,,,,,,,,,,,,,,,,,,,,,,,,,,,,,,,,,,,,,,,,,,,,,,,,,,,,,,,,,,,,,,,,,,,,,,,,,,,,,,,,,,genuine_population,gen,auto_wos_cpo_124060_bdaa12c2cffd,124060,Watches of Switzerland Rolex CPO,https://www.watchesofswitzerland.com/cdn/shop/files/40410494_1.jpg?height=80&v=1786509370&width=80
50b757e84552f472,images/50/50b757e84552f472080551357a34696505121471da6a0feff173da2f2309e3a4.jpg,pose_rejected,60,60,physical black-dial boundary not found,false,,,,0,0,,,,,,,,,,,,,,,,,,,,,,,,,,,,,,,,,,,,,,,,,,,,,,,,,,,,,,,,,,,,,,,,,,,,,,,,,,,,,,,,,,,,,,,,,,,,,,,,,,,,,,,,,,,,,,,,,,,,,,,,,,,,,,,,,,,,,,,,,,,,,,,,,,,,,,,,,,,,,,,,,,,,,,,,,,,,,,,,,,,,,,,,,,,,,,,,,,,,,,,,,,,,,genuine_population,gen,auto_wos_cpo_124060_bdaa12c2cffd,124060,Watches of Switzerland Rolex CPO,https://www.watchesofswitzerland.com/cdn/shop/files/40410494_1.jpg?height=60&v=1786509370&width=60
01d7d4baf36843fb,images/01/01d7d4baf36843fbdf338dde2c086c9630344dcf754690061de5d392fdb05b91.jpg,pose_rejected,40,40,physical black-dial boundary not found,false,,,,0,0,,,,,,,,,,,,,,,,,,,,,,,,,,,,,,,,,,,,,,,,,,,,,,,,,,,,,,,,,,,,,,,,,,,,,,,,,,,,,,,,,,,,,,,,,,,,,,,,,,,,,,,,,,,,,,,,,,,,,,,,,,,,,,,,,,,,,,,,,,,,,,,,,,,,,,,,,,,,,,,,,,,,,,,,,,,,,,,,,,,,,,,,,,,,,,,,,,,,,,,,,,,,,genuine_population,gen,auto_wos_cpo_124060_bdaa12c2cffd,124060,Watches of Switzerland Rolex CPO,https://www.watchesofswitzerland.com/cdn/shop/files/40410494_1.jpg?height=40&v=1786509370&width=40
e3087e868b75f785,images/e3/e3087e868b75f785db70b08310bd6223f4d2b0ae3e442a50b3fe702d9486e5d6.jpg,pose_rejected,90,90,physical black-dial boundary not found,false,,,,0,0,,,,,,,,,,,,,,,,,,,,,,,,,,,,,,,,,,,,,,,,,,,,,,,,,,,,,,,,,,,,,,,,,,,,,,,,,,,,,,,,,,,,,,,,,,,,,,,,,,,,,,,,,,,,,,,,,,,,,,,,,,,,,,,,,,,,,,,,,,,,,,,,,,,,,,,,,,,,,,,,,,,,,,,,,,,,,,,,,,,,,,,,,,,,,,,,,,,,,,,,,,,,,genuine_population,gen,auto_wos_cpo_124060_bdaa12c2cffd,124060,Watches of Switzerland Rolex CPO,https://www.watchesofswitzerland.com/cdn/shop/files/40410494_2.jpg?height=90&v=1786509369&width=90
701082b628330938,images/70/701082b62833093859533b06a9de6c3ed43d0ed15b20136c63295ec219bfc512.jpg,pose_rejected,80,80,physical black-dial boundary not found,false,,,,0,0,,,,,,,,,,,,,,,,,,,,,,,,,,,,,,,,,,,,,,,,,,,,,,,,,,,,,,,,,,,,,,,,,,,,,,,,,,,,,,,,,,,,,,,,,,,,,,,,,,,,,,,,,,,,,,,,,,,,,,,,,,,,,,,,,,,,,,,,,,,,,,,,,,,,,,,,,,,,,,,,,,,,,,,,,,,,,,,,,,,,,,,,,,,,,,,,,,,,,,,,,,,,,genuine_population,gen,auto_wos_cpo_124060_bdaa12c2cffd,124060,Watches of Switzerland Rolex CPO,https://www.watchesofswitzerland.com/cdn/shop/files/40410494_2.jpg?height=80&v=1786509369&width=80
ce3db8ab80c8ec44,images/ce/ce3db8ab80c8ec4489d712018e5ce2e662b165d52f52f94718bc6baef74833ae.jpg,pose_rejected,60,60,physical black-dial boundary not found,false,,,,0,0,,,,,,,,,,,,,,,,,,,,,,,,,,,,,,,,,,,,,,,,,,,,,,,,,,,,,,,,,,,,,,,,,,,,,,,,,,,,,,,,,,,,,,,,,,,,,,,,,,,,,,,,,,,,,,,,,,,,,,,,,,,,,,,,,,,,,,,,,,,,,,,,,,,,,,,,,,,,,,,,,,,,,,,,,,,,,,,,,,,,,,,,,,,,,,,,,,,,,,,,,,,,,genuine_population,gen,auto_wos_cpo_124060_bdaa12c2cffd,124060,Watches of Switzerland Rolex CPO,https://www.watchesofswitzerland.com/cdn/shop/files/40410494_2.jpg?height=60&v=1786509369&width=60
fe60327274d9299d,images/fe/fe60327274d9299de084e67d4dec7db3b264671b38dfb35feedb5f98dcc1c4b2.jpg,pose_rejected,40,40,physical black-dial boundary not found,false,,,,0,0,,,,,,,,,,,,,,,,,,,,,,,,,,,,,,,,,,,,,,,,,,,,,,,,,,,,,,,,,,,,,,,,,,,,,,,,,,,,,,,,,,,,,,,,,,,,,,,,,,,,,,,,,,,,,,,,,,,,,,,,,,,,,,,,,,,,,,,,,,,,,,,,,,,,,,,,,,,,,,,,,,,,,,,,,,,,,,,,,,,,,,,,,,,,,,,,,,,,,,,,,,,,,genuine_population,gen,auto_wos_cpo_124060_bdaa12c2cffd,124060,Watches of Switzerland Rolex CPO,https://www.watchesofswitzerland.com/cdn/shop/files/40410494_2.jpg?height=40&v=1786509369&width=40
d20e252f44117d8d,images/d2/d20e252f44117d8d0843e8a8243d3f7d1f4c8f65677411e1239d6e6aa319c916.jpg,pose_rejected,90,90,physical black-dial boundary not found,false,,,,0,0,,,,,,,,,,,,,,,,,,,,,,,,,,,,,,,,,,,,,,,,,,,,,,,,,,,,,,,,,,,,,,,,,,,,,,,,,,,,,,,,,,,,,,,,,,,,,,,,,,,,,,,,,,,,,,,,,,,,,,,,,,,,,,,,,,,,,,,,,,,,,,,,,,,,,,,,,,,,,,,,,,,,,,,,,,,,,,,,,,,,,,,,,,,,,,,,,,,,,,,,,,,,,genuine_population,gen,auto_wos_cpo_124060_bdaa12c2cffd,124060,Watches of Switzerland Rolex CPO,https://www.watchesofswitzerland.com/cdn/shop/files/40410494_3.jpg?height=90&v=1786509370&width=90
958ee6f9a9a5a78e,images/95/958ee6f9a9a5a78ea75423eaf6f0aee6ba10d4b8e386c2f0c04e621b37e95b2a.jpg,pose_rejected,80,80,physical black-dial boundary not found,false,,,,0,0,,,,,,,,,,,,,,,,,,,,,,,,,,,,,,,,,,,,,,,,,,,,,,,,,,,,,,,,,,,,,,,,,,,,,,,,,,,,,,,,,,,,,,,,,,,,,,,,,,,,,,,,,,,,,,,,,,,,,,,,,,,,,,,,,,,,,,,,,,,,,,,,,,,,,,,,,,,,,,,,,,,,,,,,,,,,,,,,,,,,,,,,,,,,,,,,,,,,,,,,,,,,,genuine_population,gen,auto_wos_cpo_124060_bdaa12c2cffd,124060,Watches of Switzerland Rolex CPO,https://www.watchesofswitzerland.com/cdn/shop/files/40410494_3.jpg?height=80&v=1786509370&width=80
02524c4273a7cea3,images/02/02524c4273a7cea3669a2c966c62809c4f858166f9837cc93d459de4ba7e0f6c.jpg,pose_rejected,90,90,physical black-dial boundary not found,false,,,,0,0,,,,,,,,,,,,,,,,,,,,,,,,,,,,,,,,,,,,,,,,,,,,,,,,,,,,,,,,,,,,,,,,,,,,,,,,,,,,,,,,,,,,,,,,,,,,,,,,,,,,,,,,,,,,,,,,,,,,,,,,,,,,,,,,,,,,,,,,,,,,,,,,,,,,,,,,,,,,,,,,,,,,,,,,,,,,,,,,,,,,,,,,,,,,,,,,,,,,,,,,,,,,,genuine_population,gen,auto_wos_cpo_124060_28bfb401ce77,124060,Watches of Switzerland Rolex CPO,https://www.watchesofswitzerland.com/cdn/shop/files/40410234_1.jpg?height=90&v=1787633019&width=90
70b369ba3f547e81,images/70/70b369ba3f547e8112df5d088b854333e08aa57a303242421fce9c2da0a1b585.jpg,pose_rejected,80,80,physical black-dial boundary not found,false,,,,0,0,,,,,,,,,,,,,,,,,,,,,,,,,,,,,,,,,,,,,,,,,,,,,,,,,,,,,,,,,,,,,,,,,,,,,,,,,,,,,,,,,,,,,,,,,,,,,,,,,,,,,,,,,,,,,,,,,,,,,,,,,,,,,,,,,,,,,,,,,,,,,,,,,,,,,,,,,,,,,,,,,,,,,,,,,,,,,,,,,,,,,,,,,,,,,,,,,,,,,,,,,,,,,genuine_population,gen,auto_wos_cpo_124060_28bfb401ce77,124060,Watches of Switzerland Rolex CPO,https://www.watchesofswitzerland.com/cdn/shop/files/40410234_1.jpg?height=80&v=1787633019&width=80
ed359d3134f7b9d6,images/ed/ed359d3134f7b9d60731a1bf7e630a7c2a693742d61d58d5cc6bf19442ec2116.jpg,pose_rejected,60,60,physical black-dial boundary not found,false,,,,0,0,,,,,,,,,,,,,,,,,,,,,,,,,,,,,,,,,,,,,,,,,,,,,,,,,,,,,,,,,,,,,,,,,,,,,,,,,,,,,,,,,,,,,,,,,,,,,,,,,,,,,,,,,,,,,,,,,,,,,,,,,,,,,,,,,,,,,,,,,,,,,,,,,,,,,,,,,,,,,,,,,,,,,,,,,,,,,,,,,,,,,,,,,,,,,,,,,,,,,,,,,,,,,genuine_population,gen,auto_wos_cpo_124060_28bfb401ce77,124060,Watches of Switzerland Rolex CPO,https://www.watchesofswitzerland.com/cdn/shop/files/40410234_1.jpg?height=60&v=1787633019&width=60
93896dccf98e6bbf,images/93/93896dccf98e6bbf1e52fbe05bf6023c834f42bc36fced659c3cd7c30b4c2c79.jpg,pose_rejected,40,40,physical black-dial boundary not found,false,,,,0,0,,,,,,,,,,,,,,,,,,,,,,,,,,,,,,,,,,,,,,,,,,,,,,,,,,,,,,,,,,,,,,,,,,,,,,,,,,,,,,,,,,,,,,,,,,,,,,,,,,,,,,,,,,,,,,,,,,,,,,,,,,,,,,,,,,,,,,,,,,,,,,,,,,,,,,,,,,,,,,,,,,,,,,,,,,,,,,,,,,,,,,,,,,,,,,,,,,,,,,,,,,,,,genuine_population,gen,auto_wos_cpo_124060_28bfb401ce77,124060,Watches of Switzerland Rolex CPO,https://www.watchesofswitzerland.com/cdn/shop/files/40410234_1.jpg?height=40&v=1787633019&width=40
1b92f7bc91b072b8,images/1b/1b92f7bc91b072b829dd02db72c15157b4a37baa5c8744ed4ce5e0254c2e5b72.jpg,pose_rejected,90,90,physical black-dial boundary not found,false,,,,0,0,,,,,,,,,,,,,,,,,,,,,,,,,,,,,,,,,,,,,,,,,,,,,,,,,,,,,,,,,,,,,,,,,,,,,,,,,,,,,,,,,,,,,,,,,,,,,,,,,,,,,,,,,,,,,,,,,,,,,,,,,,,,,,,,,,,,,,,,,,,,,,,,,,,,,,,,,,,,,,,,,,,,,,,,,,,,,,,,,,,,,,,,,,,,,,,,,,,,,,,,,,,,,genuine_population,gen,auto_wos_cpo_124060_28bfb401ce77,124060,Watches of Switzerland Rolex CPO,https://www.watchesofswitzerland.com/cdn/shop/files/40410234_2.jpg?height=90&v=1787633020&width=90
bd98c62beb622775,images/bd/bd98c62beb62277560dc38df86823b84d8f0a59bd33499ffd158cc5e33a53109.jpg,pose_rejected,80,80,physical black-dial boundary not found,false,,,,0,0,,,,,,,,,,,,,,,,,,,,,,,,,,,,,,,,,,,,,,,,,,,,,,,,,,,,,,,,,,,,,,,,,,,,,,,,,,,,,,,,,,,,,,,,,,,,,,,,,,,,,,,,,,,,,,,,,,,,,,,,,,,,,,,,,,,,,,,,,,,,,,,,,,,,,,,,,,,,,,,,,,,,,,,,,,,,,,,,,,,,,,,,,,,,,,,,,,,,,,,,,,,,,genuine_population,gen,auto_wos_cpo_124060_28bfb401ce77,124060,Watches of Switzerland Rolex CPO,https://www.watchesofswitzerland.com/cdn/shop/files/40410234_2.jpg?height=80&v=1787633020&width=80
0951c0b5033eaed4,images/09/0951c0b5033eaed48ea122b5fb62761115675c885a4e27cb6e767216dc602014.jpg,pose_rejected,60,60,physical black-dial boundary not found,false,,,,0,0,,,,,,,,,,,,,,,,,,,,,,,,,,,,,,,,,,,,,,,,,,,,,,,,,,,,,,,,,,,,,,,,,,,,,,,,,,,,,,,,,,,,,,,,,,,,,,,,,,,,,,,,,,,,,,,,,,,,,,,,,,,,,,,,,,,,,,,,,,,,,,,,,,,,,,,,,,,,,,,,,,,,,,,,,,,,,,,,,,,,,,,,,,,,,,,,,,,,,,,,,,,,,genuine_population,gen,auto_wos_cpo_124060_28bfb401ce77,124060,Watches of Switzerland Rolex CPO,https://www.watchesofswitzerland.com/cdn/shop/files/40410234_2.jpg?height=60&v=1787633020&width=60
f59d9d5e6fa3f021,images/f5/f59d9d5e6fa3f021bcfb60a814dee14d3a56a6f8307f63e319d2c6575ab91b7e.jpg,pose_rejected,40,40,physical black-dial boundary not found,false,,,,0,0,,,,,,,,,,,,,,,,,,,,,,,,,,,,,,,,,,,,,,,,,,,,,,,,,,,,,,,,,,,,,,,,,,,,,,,,,,,,,,,,,,,,,,,,,,,,,,,,,,,,,,,,,,,,,,,,,,,,,,,,,,,,,,,,,,,,,,,,,,,,,,,,,,,,,,,,,,,,,,,,,,,,,,,,,,,,,,,,,,,,,,,,,,,,,,,,,,,,,,,,,,,,,genuine_population,gen,auto_wos_cpo_124060_28bfb401ce77,124060,Watches of Switzerland Rolex CPO,https://www.watchesofswitzerland.com/cdn/shop/files/40410234_2.jpg?height=40&v=1787633020&width=40
670b67b1b2ecd5c4,images/67/670b67b1b2ecd5c48a86c4ac4829fe7c65d44ad83f78d1a8881061a406f0f636.jpg,pose_rejected,90,90,physical black-dial boundary not found,false,,,,0,0,,,,,,,,,,,,,,,,,,,,,,,,,,,,,,,,,,,,,,,,,,,,,,,,,,,,,,,,,,,,,,,,,,,,,,,,,,,,,,,,,,,,,,,,,,,,,,,,,,,,,,,,,,,,,,,,,,,,,,,,,,,,,,,,,,,,,,,,,,,,,,,,,,,,,,,,,,,,,,,,,,,,,,,,,,,,,,,,,,,,,,,,,,,,,,,,,,,,,,,,,,,,,genuine_population,gen,auto_wos_cpo_124060_28bfb401ce77,124060,Watches of Switzerland Rolex CPO,https://www.watchesofswitzerland.com/cdn/shop/files/40410234_3.jpg?height=90&v=1787633019&width=90
ba420c6165dd5d46,images/ba/ba420c6165dd5d467d172b3117e4b0196daeb7bbda5193f9905099c71d03993b.jpg,pose_rejected,80,80,physical black-dial boundary not found,false,,,,0,0,,,,,,,,,,,,,,,,,,,,,,,,,,,,,,,,,,,,,,,,,,,,,,,,,,,,,,,,,,,,,,,,,,,,,,,,,,,,,,,,,,,,,,,,,,,,,,,,,,,,,,,,,,,,,,,,,,,,,,,,,,,,,,,,,,,,,,,,,,,,,,,,,,,,,,,,,,,,,,,,,,,,,,,,,,,,,,,,,,,,,,,,,,,,,,,,,,,,,,,,,,,,,genuine_population,gen,auto_wos_cpo_124060_28bfb401ce77,124060,Watches of Switzerland Rolex CPO,https://www.watchesofswitzerland.com/cdn/shop/files/40410234_3.jpg?height=80&v=1787633019&width=80
bf356ac99fa357e6,images/bf/bf356ac99fa357e662e7017d5f0a04c46eb51659fa3ea326fcf32d8b0294b854.jpg,pose_rejected,90,90,physical black-dial boundary not found,false,,,,0,0,,,,,,,,,,,,,,,,,,,,,,,,,,,,,,,,,,,,,,,,,,,,,,,,,,,,,,,,,,,,,,,,,,,,,,,,,,,,,,,,,,,,,,,,,,,,,,,,,,,,,,,,,,,,,,,,,,,,,,,,,,,,,,,,,,,,,,,,,,,,,,,,,,,,,,,,,,,,,,,,,,,,,,,,,,,,,,,,,,,,,,,,,,,,,,,,,,,,,,,,,,,,,genuine_population,gen,auto_wos_cpo_124060_d2fd6df04a3b,124060,Watches of Switzerland Rolex CPO,https://www.watchesofswitzerland.com/cdn/shop/files/40410136_1.jpg?height=90&v=1786770878&width=90
59fdbc3426d48cb7,images/59/59fdbc3426d48cb770b2cd7addb6ff3be308b988defb6260e16b2f73bd4347f1.jpg,pose_rejected,80,80,physical black-dial boundary not found,false,,,,0,0,,,,,,,,,,,,,,,,,,,,,,,,,,,,,,,,,,,,,,,,,,,,,,,,,,,,,,,,,,,,,,,,,,,,,,,,,,,,,,,,,,,,,,,,,,,,,,,,,,,,,,,,,,,,,,,,,,,,,,,,,,,,,,,,,,,,,,,,,,,,,,,,,,,,,,,,,,,,,,,,,,,,,,,,,,,,,,,,,,,,,,,,,,,,,,,,,,,,,,,,,,,,,genuine_population,gen,auto_wos_cpo_124060_d2fd6df04a3b,124060,Watches of Switzerland Rolex CPO,https://www.watchesofswitzerland.com/cdn/shop/files/40410136_1.jpg?height=80&v=1786770878&width=80
e68314208853a9a0,images/e6/e68314208853a9a04874edcaa4e4c60ba8888c6f27b3e66f303780ff8940fa5a.jpg,pose_rejected,60,60,physical black-dial boundary not found,false,,,,0,0,,,,,,,,,,,,,,,,,,,,,,,,,,,,,,,,,,,,,,,,,,,,,,,,,,,,,,,,,,,,,,,,,,,,,,,,,,,,,,,,,,,,,,,,,,,,,,,,,,,,,,,,,,,,,,,,,,,,,,,,,,,,,,,,,,,,,,,,,,,,,,,,,,,,,,,,,,,,,,,,,,,,,,,,,,,,,,,,,,,,,,,,,,,,,,,,,,,,,,,,,,,,,genuine_population,gen,auto_wos_cpo_124060_d2fd6df04a3b,124060,Watches of Switzerland Rolex CPO,https://www.watchesofswitzerland.com/cdn/shop/files/40410136_1.jpg?height=60&v=1786770878&width=60
f7076f79eb3ed4ba,images/f7/f7076f79eb3ed4ba2e8c415c3ff3c8a462f4f6d83e4ec749275ce06590ce41e1.jpg,pose_rejected,40,40,physical black-dial boundary not found,false,,,,0,0,,,,,,,,,,,,,,,,,,,,,,,,,,,,,,,,,,,,,,,,,,,,,,,,,,,,,,,,,,,,,,,,,,,,,,,,,,,,,,,,,,,,,,,,,,,,,,,,,,,,,,,,,,,,,,,,,,,,,,,,,,,,,,,,,,,,,,,,,,,,,,,,,,,,,,,,,,,,,,,,,,,,,,,,,,,,,,,,,,,,,,,,,,,,,,,,,,,,,,,,,,,,,genuine_population,gen,auto_wos_cpo_124060_d2fd6df04a3b,124060,Watches of Switzerland Rolex CPO,https://www.watchesofswitzerland.com/cdn/shop/files/40410136_1.jpg?height=40&v=1786770878&width=40
5004fb96c230ae39,images/50/5004fb96c230ae397d26340e6df19f6343062b0c227bf9216ecd7d913e41e1f6.jpg,pose_rejected,90,90,physical black-dial boundary not found,false,,,,0,0,,,,,,,,,,,,,,,,,,,,,,,,,,,,,,,,,,,,,,,,,,,,,,,,,,,,,,,,,,,,,,,,,,,,,,,,,,,,,,,,,,,,,,,,,,,,,,,,,,,,,,,,,,,,,,,,,,,,,,,,,,,,,,,,,,,,,,,,,,,,,,,,,,,,,,,,,,,,,,,,,,,,,,,,,,,,,,,,,,,,,,,,,,,,,,,,,,,,,,,,,,,,,genuine_population,gen,auto_wos_cpo_124060_d2fd6df04a3b,124060,Watches of Switzerland Rolex CPO,https://www.watchesofswitzerland.com/cdn/shop/files/40410136_2.jpg?height=90&v=1786770879&width=90
a283c30279bb1d64,images/a2/a283c30279bb1d647d0ff787e278e46c5605948799919277db81e2ddb65255b0.jpg,pose_rejected,80,80,physical black-dial boundary not found,false,,,,0,0,,,,,,,,,,,,,,,,,,,,,,,,,,,,,,,,,,,,,,,,,,,,,,,,,,,,,,,,,,,,,,,,,,,,,,,,,,,,,,,,,,,,,,,,,,,,,,,,,,,,,,,,,,,,,,,,,,,,,,,,,,,,,,,,,,,,,,,,,,,,,,,,,,,,,,,,,,,,,,,,,,,,,,,,,,,,,,,,,,,,,,,,,,,,,,,,,,,,,,,,,,,,,genuine_population,gen,auto_wos_cpo_124060_d2fd6df04a3b,124060,Watches of Switzerland Rolex CPO,https://www.watchesofswitzerland.com/cdn/shop/files/40410136_2.jpg?height=80&v=1786770879&width=80
ba7c42ce1ce35fe1,images/ba/ba7c42ce1ce35fe12abcaaface42f6eb451263d70fe0c1cfa578497e173d954b.jpg,pose_rejected,60,60,physical black-dial boundary not found,false,,,,0,0,,,,,,,,,,,,,,,,,,,,,,,,,,,,,,,,,,,,,,,,,,,,,,,,,,,,,,,,,,,,,,,,,,,,,,,,,,,,,,,,,,,,,,,,,,,,,,,,,,,,,,,,,,,,,,,,,,,,,,,,,,,,,,,,,,,,,,,,,,,,,,,,,,,,,,,,,,,,,,,,,,,,,,,,,,,,,,,,,,,,,,,,,,,,,,,,,,,,,,,,,,,,,genuine_population,gen,auto_wos_cpo_124060_d2fd6df04a3b,124060,Watches of Switzerland Rolex CPO,https://www.watchesofswitzerland.com/cdn/shop/files/40410136_2.jpg?height=60&v=1786770879&width=60
5e99455bb1f2dca5,images/5e/5e99455bb1f2dca50f7a36908d75bea0139a1f0e959b2c599ef70da135c637be.jpg,pose_rejected,40,40,physical black-dial boundary not found,false,,,,0,0,,,,,,,,,,,,,,,,,,,,,,,,,,,,,,,,,,,,,,,,,,,,,,,,,,,,,,,,,,,,,,,,,,,,,,,,,,,,,,,,,,,,,,,,,,,,,,,,,,,,,,,,,,,,,,,,,,,,,,,,,,,,,,,,,,,,,,,,,,,,,,,,,,,,,,,,,,,,,,,,,,,,,,,,,,,,,,,,,,,,,,,,,,,,,,,,,,,,,,,,,,,,,genuine_population,gen,auto_wos_cpo_124060_d2fd6df04a3b,124060,Watches of Switzerland Rolex CPO,https://www.watchesofswitzerland.com/cdn/shop/files/40410136_2.jpg?height=40&v=1786770879&width=40
d637e4972ff8f6a7,images/d6/d637e4972ff8f6a72075fc073ce3d0706cf0107a9fd8442b47df78c5ad3a7b65.jpg,pose_rejected,90,90,physical black-dial boundary not found,false,,,,0,0,,,,,,,,,,,,,,,,,,,,,,,,,,,,,,,,,,,,,,,,,,,,,,,,,,,,,,,,,,,,,,,,,,,,,,,,,,,,,,,,,,,,,,,,,,,,,,,,,,,,,,,,,,,,,,,,,,,,,,,,,,,,,,,,,,,,,,,,,,,,,,,,,,,,,,,,,,,,,,,,,,,,,,,,,,,,,,,,,,,,,,,,,,,,,,,,,,,,,,,,,,,,,genuine_population,gen,auto_wos_cpo_124060_d2fd6df04a3b,124060,Watches of Switzerland Rolex CPO,https://www.watchesofswitzerland.com/cdn/shop/files/40410136_3.jpg?height=90&v=1786770879&width=90
b262db66d7353275,images/b2/b262db66d7353275796ca9c2ed2dd8c2d96d29cc09fb5e2d04276d97b94242a5.jpg,pose_rejected,80,80,physical black-dial boundary not found,false,,,,0,0,,,,,,,,,,,,,,,,,,,,,,,,,,,,,,,,,,,,,,,,,,,,,,,,,,,,,,,,,,,,,,,,,,,,,,,,,,,,,,,,,,,,,,,,,,,,,,,,,,,,,,,,,,,,,,,,,,,,,,,,,,,,,,,,,,,,,,,,,,,,,,,,,,,,,,,,,,,,,,,,,,,,,,,,,,,,,,,,,,,,,,,,,,,,,,,,,,,,,,,,,,,,,genuine_population,gen,auto_wos_cpo_124060_d2fd6df04a3b,124060,Watches of Switzerland Rolex CPO,https://www.watchesofswitzerland.com/cdn/shop/files/40410136_3.jpg?height=80&v=1786770879&width=80
32164f2192b5298c,images/32/32164f2192b5298cdb280b337a8f9555166064f1f6cbd7aa600dbc4dba8b7d41.jpg,pose_rejected,90,90,physical black-dial boundary not found,false,,,,0,0,,,,,,,,,,,,,,,,,,,,,,,,,,,,,,,,,,,,,,,,,,,,,,,,,,,,,,,,,,,,,,,,,,,,,,,,,,,,,,,,,,,,,,,,,,,,,,,,,,,,,,,,,,,,,,,,,,,,,,,,,,,,,,,,,,,,,,,,,,,,,,,,,,,,,,,,,,,,,,,,,,,,,,,,,,,,,,,,,,,,,,,,,,,,,,,,,,,,,,,,,,,,,genuine_population,gen,auto_wos_cpo_124060_550a75a62717,124060,Watches of Switzerland Rolex CPO,https://www.watchesofswitzerland.com/cdn/shop/files/40410472_1.jpg?height=90&v=1786510349&width=90
9b3cbe47cf90e972,images/9b/9b3cbe47cf90e97244ab5ffd66206c1d83d6bb422b2fde55f2ac2a26022652ed.jpg,pose_rejected,80,80,physical black-dial boundary not found,false,,,,0,0,,,,,,,,,,,,,,,,,,,,,,,,,,,,,,,,,,,,,,,,,,,,,,,,,,,,,,,,,,,,,,,,,,,,,,,,,,,,,,,,,,,,,,,,,,,,,,,,,,,,,,,,,,,,,,,,,,,,,,,,,,,,,,,,,,,,,,,,,,,,,,,,,,,,,,,,,,,,,,,,,,,,,,,,,,,,,,,,,,,,,,,,,,,,,,,,,,,,,,,,,,,,,genuine_population,gen,auto_wos_cpo_124060_550a75a62717,124060,Watches of Switzerland Rolex CPO,https://www.watchesofswitzerland.com/cdn/shop/files/40410472_1.jpg?height=80&v=1786510349&width=80
35da8afa01a425e0,images/35/35da8afa01a425e02d5207e473d03e0d84f6e0e328794ee61ab806270f87b261.jpg,pose_rejected,60,60,physical black-dial boundary not found,false,,,,0,0,,,,,,,,,,,,,,,,,,,,,,,,,,,,,,,,,,,,,,,,,,,,,,,,,,,,,,,,,,,,,,,,,,,,,,,,,,,,,,,,,,,,,,,,,,,,,,,,,,,,,,,,,,,,,,,,,,,,,,,,,,,,,,,,,,,,,,,,,,,,,,,,,,,,,,,,,,,,,,,,,,,,,,,,,,,,,,,,,,,,,,,,,,,,,,,,,,,,,,,,,,,,,genuine_population,gen,auto_wos_cpo_124060_550a75a62717,124060,Watches of Switzerland Rolex CPO,https://www.watchesofswitzerland.com/cdn/shop/files/40410472_1.jpg?height=60&v=1786510349&width=60
5eb1c9db37479432,images/5e/5eb1c9db374794324f00e9dd8523ef276cf39f518f61587782ce99484dab7c58.jpg,pose_rejected,40,40,physical black-dial boundary not found,false,,,,0,0,,,,,,,,,,,,,,,,,,,,,,,,,,,,,,,,,,,,,,,,,,,,,,,,,,,,,,,,,,,,,,,,,,,,,,,,,,,,,,,,,,,,,,,,,,,,,,,,,,,,,,,,,,,,,,,,,,,,,,,,,,,,,,,,,,,,,,,,,,,,,,,,,,,,,,,,,,,,,,,,,,,,,,,,,,,,,,,,,,,,,,,,,,,,,,,,,,,,,,,,,,,,,genuine_population,gen,auto_wos_cpo_124060_550a75a62717,124060,Watches of Switzerland Rolex CPO,https://www.watchesofswitzerland.com/cdn/shop/files/40410472_1.jpg?height=40&v=1786510349&width=40
35e0a9fcb72de479,images/35/35e0a9fcb72de4798732b92d0f5e2265c624e107fc3a2a757b3b4eeef6ef72b9.jpg,pose_rejected,90,90,physical black-dial boundary not found,false,,,,0,0,,,,,,,,,,,,,,,,,,,,,,,,,,,,,,,,,,,,,,,,,,,,,,,,,,,,,,,,,,,,,,,,,,,,,,,,,,,,,,,,,,,,,,,,,,,,,,,,,,,,,,,,,,,,,,,,,,,,,,,,,,,,,,,,,,,,,,,,,,,,,,,,,,,,,,,,,,,,,,,,,,,,,,,,,,,,,,,,,,,,,,,,,,,,,,,,,,,,,,,,,,,,,genuine_population,gen,auto_wos_cpo_124060_550a75a62717,124060,Watches of Switzerland Rolex CPO,https://www.watchesofswitzerland.com/cdn/shop/files/40410472_2.jpg?height=90&v=1786510349&width=90
ecb45a8c33149e07,images/ec/ecb45a8c33149e0757daa4bd4ab000fa7df5f9b5cf3aef9a66bdb3ed397e72b2.jpg,pose_rejected,80,80,physical black-dial boundary not found,false,,,,0,0,,,,,,,,,,,,,,,,,,,,,,,,,,,,,,,,,,,,,,,,,,,,,,,,,,,,,,,,,,,,,,,,,,,,,,,,,,,,,,,,,,,,,,,,,,,,,,,,,,,,,,,,,,,,,,,,,,,,,,,,,,,,,,,,,,,,,,,,,,,,,,,,,,,,,,,,,,,,,,,,,,,,,,,,,,,,,,,,,,,,,,,,,,,,,,,,,,,,,,,,,,,,,genuine_population,gen,auto_wos_cpo_124060_550a75a62717,124060,Watches of Switzerland Rolex CPO,https://www.watchesofswitzerland.com/cdn/shop/files/40410472_2.jpg?height=80&v=1786510349&width=80
a815f2eed48c727c,images/a8/a815f2eed48c727ce631a30e5ad91cb85e6cc988733b0acf06b4b1858fa3ba65.jpg,pose_rejected,60,60,physical black-dial boundary not found,false,,,,0,0,,,,,,,,,,,,,,,,,,,,,,,,,,,,,,,,,,,,,,,,,,,,,,,,,,,,,,,,,,,,,,,,,,,,,,,,,,,,,,,,,,,,,,,,,,,,,,,,,,,,,,,,,,,,,,,,,,,,,,,,,,,,,,,,,,,,,,,,,,,,,,,,,,,,,,,,,,,,,,,,,,,,,,,,,,,,,,,,,,,,,,,,,,,,,,,,,,,,,,,,,,,,,genuine_population,gen,auto_wos_cpo_124060_550a75a62717,124060,Watches of Switzerland Rolex CPO,https://www.watchesofswitzerland.com/cdn/shop/files/40410472_2.jpg?height=60&v=1786510349&width=60
8c9e1ebee13fc180,images/8c/8c9e1ebee13fc18073d12f9b786bff5f0a57a0f873b78533a6cb9207e7dc8164.jpg,pose_rejected,40,40,physical black-dial boundary not found,false,,,,0,0,,,,,,,,,,,,,,,,,,,,,,,,,,,,,,,,,,,,,,,,,,,,,,,,,,,,,,,,,,,,,,,,,,,,,,,,,,,,,,,,,,,,,,,,,,,,,,,,,,,,,,,,,,,,,,,,,,,,,,,,,,,,,,,,,,,,,,,,,,,,,,,,,,,,,,,,,,,,,,,,,,,,,,,,,,,,,,,,,,,,,,,,,,,,,,,,,,,,,,,,,,,,,genuine_population,gen,auto_wos_cpo_124060_550a75a62717,124060,Watches of Switzerland Rolex CPO,https://www.watchesofswitzerland.com/cdn/shop/files/40410472_2.jpg?height=40&v=1786510349&width=40
055bd38887edd16a,images/05/055bd38887edd16a995c7e520738609f92b868d3711f7e3eaa65ccf7332f8e7c.jpg,pose_rejected,90,90,physical black-dial boundary not found,false,,,,0,0,,,,,,,,,,,,,,,,,,,,,,,,,,,,,,,,,,,,,,,,,,,,,,,,,,,,,,,,,,,,,,,,,,,,,,,,,,,,,,,,,,,,,,,,,,,,,,,,,,,,,,,,,,,,,,,,,,,,,,,,,,,,,,,,,,,,,,,,,,,,,,,,,,,,,,,,,,,,,,,,,,,,,,,,,,,,,,,,,,,,,,,,,,,,,,,,,,,,,,,,,,,,,genuine_population,gen,auto_wos_cpo_124060_550a75a62717,124060,Watches of Switzerland Rolex CPO,https://www.watchesofswitzerland.com/cdn/shop/files/40410472_3.jpg?height=90&v=1786510350&width=90
f83a5fe10c734c96,images/f8/f83a5fe10c734c963ef40fdf13ed4dc2c8a2c23789871565479f63bac82a2a06.jpg,pose_rejected,80,80,physical black-dial boundary not found,false,,,,0,0,,,,,,,,,,,,,,,,,,,,,,,,,,,,,,,,,,,,,,,,,,,,,,,,,,,,,,,,,,,,,,,,,,,,,,,,,,,,,,,,,,,,,,,,,,,,,,,,,,,,,,,,,,,,,,,,,,,,,,,,,,,,,,,,,,,,,,,,,,,,,,,,,,,,,,,,,,,,,,,,,,,,,,,,,,,,,,,,,,,,,,,,,,,,,,,,,,,,,,,,,,,,,genuine_population,gen,auto_wos_cpo_124060_550a75a62717,124060,Watches of Switzerland Rolex CPO,https://www.watchesofswitzerland.com/cdn/shop/files/40410472_3.jpg?height=80&v=1786510350&width=80
d6113f3297e054a5,images/d6/d6113f3297e054a59a2b828e844247f66500aca62e48a68672f16420e3865926.jpg,accepted,1302,1781,,true,349.78819,0.98099,0.20281,52,12,335.41495,true,10,-1.01783,-0.03673,1.01849,-0.04021,0.14626,true,,-0.74980,1.11416,-0.74014,1.13390,1.35408,-1.11416,-0.74980,1.13655,-1.04707,-0.40990,0.42409,,1.00000,1.00000,0.44530,0.52214,0.85642,true,,-1.13353,0.34804,-1.13573,0.35847,1.19096,-1.13353,0.34804,0.26545,-0.00695,-0.26122,0.21732,,0.85714,1.00000,true,,-1.77661,-0.03569,-1.76503,-0.03708,1.76542,-0.03569,1.77661,0.14840,0.10740,0.10245,-0.42745,,1.00000,1.00000,true,,-0.92919,-0.73849,-0.91788,-0.73897,1.17839,0.92919,0.73849,0.04866,0.00739,0.04782,-0.48135,,1.00000,1.00000,true,,-0.17873,0.58464,-0.17597,0.59438,0.61988,-0.59568,0.13753,0.34872,-0.00910,0.34822,,-0.32812,0.93056,1.00000,false,hand/occluder crosses outline (clean 0.65),,,,,,,,,,,,,0.59722,0.65000,true,,-1.56219,0.37816,-1.56439,0.38657,1.61145,-1.16382,1.10860,0.16239,-0.14675,-0.06488,,-0.32397,0.91667,1.00000,true,,-1.68421,0.22951,-1.68079,0.23214,1.69674,-0.64334,1.57332,0.01725,0.01374,0.01007,,-0.33312,0.93056,1.00000,true,,-1.63252,-0.40099,-1.61527,-0.40448,1.66514,0.46900,1.61430,0.10231,0.10189,0.01034,,-0.23419,0.88889,1.00000,true,,-1.13746,-0.67039,-1.12316,-0.67259,1.30915,0.64987,1.14931,0.14089,-0.10701,-0.09467,,-0.23810,0.87500,1.00000,true,,-0.62093,-0.67666,-0.61472,-0.67687,0.91435,0.87607,0.27554,0.09646,0.07848,0.05574,,-0.19514,0.87500,1.00000,true,,-0.48976,-0.18575,-0.48508,-0.18306,0.51847,0.40574,-0.33127,0.16434,-0.03186,-0.16129,,-0.11311,0.93056,1.00000,1368,genuine_population,gen,auto_phillips_124060_e677bdc312cb,124060,Phillips,https://dist.phillips.com/auction-assets/HK080524/206976_001.jpg?fit=cover&optimize=medium&width=1302
abbc909629c4da6d,images/ab/abbc909629c4da6db9e8a08f5faf7357e8f4ab17a5830e48d139a48025b4289b.jpg,pose_rejected,1302,1781,overlay unavailable: minute-lattice median residual too high (wrong local fit),false,,,,0,0,,,,,,,,,,,,,,,,,,,,,,,,,,,,,,,,,,,,,,,,,,,,,,,,,,,,,,,,,,,,,,,,,,,,,,,,,,,,,,,,,,,,,,,,,,,,,,,,,,,,,,,,,,,,,,,,,,,,,,,,,,,,,,,,,,,,,,,,,,,,,,,,,,,,,,,,,,,,,,,,,,,,,,,,,,,,,,,,,,,,,,,,,,,,,,,,,,,,,,,,,,,,,genuine_population,gen,auto_phillips_124060_52ee129407d1,124060,Phillips,https://dist.phillips.com/auction-assets/NY080125/217746_001.jpg?fit=cover&optimize=medium&width=1302
a699939a5839d8b0,images/a6/a699939a5839d8b09c13d988aa30a9729451e3baddc8ba2b65cabcb1fe780646.jpg,missing,,,,,,,,,,,,,,,,,,,,,,,,,,,,,,,,,,,,,,,,,,,,,,,,,,,,,,,,,,,,,,,,,,,,,,,,,,,,,,,,,,,,,,,,,,,,,,,,,,,,,,,,,,,,,,,,,,,,,,,,,,,,,,,,,,,,,,,,,,,,,,,,,,,,,,,,,,,,,,,,,,,,,,,,,,,,,,,,,,,,,,,,,,,,,,,,,,,,,,,,,,,,,,,,,,,,,,replica_validation,rep,rep_124060_clean_1lnn2kz,124060,curated replica seeds,
531bf26df63f8e28,images/53/531bf26df63f8e2821d555abb5aca9efaeb2390f318cf954acbf5411e7da0e66.jpg,missing,,,,,,,,,,,,,,,,,,,,,,,,,,,,,,,,,,,,,,,,,,,,,,,,,,,,,,,,,,,,,,,,,,,,,,,,,,,,,,,,,,,,,,,,,,,,,,,,,,,,,,,,,,,,,,,,,,,,,,,,,,,,,,,,,,,,,,,,,,,,,,,,,,,,,,,,,,,,,,,,,,,,,,,,,,,,,,,,,,,,,,,,,,,,,,,,,,,,,,,,,,,,,,,,,,,,,,replica_validation,rep,rep_124060_clean_1lnn2kz,124060,curated replica seeds,
7924b3438d027820,images/79/7924b3438d027820115a26dc8e4ce5178f50da034cbee53d5d1e1c721bca7c3b.jpg,missing,,,,,,,,,,,,,,,,,,,,,,,,,,,,,,,,,,,,,,,,,,,,,,,,,,,,,,,,,,,,,,,,,,,,,,,,,,,,,,,,,,,,,,,,,,,,,,,,,,,,,,,,,,,,,,,,,,,,,,,,,,,,,,,,,,,,,,,,,,,,,,,,,,,,,,,,,,,,,,,,,,,,,,,,,,,,,,,,,,,,,,,,,,,,,,,,,,,,,,,,,,,,,,,,,,,,,,replica_validation,rep,rep_124060_clean_1lnn2kz,124060,curated replica seeds,
6e94bea97f9a4131,images/6e/6e94bea97f9a41316ebdb95adf6f955096b63f8c388d710834f3c75153705e79.jpg,missing,,,,,,,,,,,,,,,,,,,,,,,,,,,,,,,,,,,,,,,,,,,,,,,,,,,,,,,,,,,,,,,,,,,,,,,,,,,,,,,,,,,,,,,,,,,,,,,,,,,,,,,,,,,,,,,,,,,,,,,,,,,,,,,,,,,,,,,,,,,,,,,,,,,,,,,,,,,,,,,,,,,,,,,,,,,,,,,,,,,,,,,,,,,,,,,,,,,,,,,,,,,,,,,,,,,,,,replica_validation,rep,rep_124060_clean_1lnn2kz,124060,curated replica seeds,
143fd10ba12988a1,images/14/143fd10ba12988a1823584c5d748435f0c09c08a7df3c1a3d23625d3d0c780dd.jpg,missing,,,,,,,,,,,,,,,,,,,,,,,,,,,,,,,,,,,,,,,,,,,,,,,,,,,,,,,,,,,,,,,,,,,,,,,,,,,,,,,,,,,,,,,,,,,,,,,,,,,,,,,,,,,,,,,,,,,,,,,,,,,,,,,,,,,,,,,,,,,,,,,,,,,,,,,,,,,,,,,,,,,,,,,,,,,,,,,,,,,,,,,,,,,,,,,,,,,,,,,,,,,,,,,,,,,,,,replica_validation,rep,rep_124060_clean_1lnn2kz,124060,curated replica seeds,
53316f31797c69a7,images/53/53316f31797c69a727283eeaf82ace9d7cbe066f4456bebd58d0c02951c48781.jpg,missing,,,,,,,,,,,,,,,,,,,,,,,,,,,,,,,,,,,,,,,,,,,,,,,,,,,,,,,,,,,,,,,,,,,,,,,,,,,,,,,,,,,,,,,,,,,,,,,,,,,,,,,,,,,,,,,,,,,,,,,,,,,,,,,,,,,,,,,,,,,,,,,,,,,,,,,,,,,,,,,,,,,,,,,,,,,,,,,,,,,,,,,,,,,,,,,,,,,,,,,,,,,,,,,,,,,,,,replica_validation,rep,rep_124060_clean_1lnn2kz,124060,curated replica seeds,
fb0c96d7911acae0,images/fb/fb0c96d7911acae0c97d0888c72f1459f7c99af2ef6ee5d2b41d8e9d297ca81d.jpg,missing,,,,,,,,,,,,,,,,,,,,,,,,,,,,,,,,,,,,,,,,,,,,,,,,,,,,,,,,,,,,,,,,,,,,,,,,,,,,,,,,,,,,,,,,,,,,,,,,,,,,,,,,,,,,,,,,,,,,,,,,,,,,,,,,,,,,,,,,,,,,,,,,,,,,,,,,,,,,,,,,,,,,,,,,,,,,,,,,,,,,,,,,,,,,,,,,,,,,,,,,,,,,,,,,,,,,,,replica_validation,rep,rep_124060_clean_1lnn2kz,124060,curated replica seeds,
93c9bf296152e067,images/93/93c9bf296152e067f41d6a3d1747aadf2a6ca1ad90a03917fb219edcbeeb73ae.jpg,missing,,,,,,,,,,,,,,,,,,,,,,,,,,,,,,,,,,,,,,,,,,,,,,,,,,,,,,,,,,,,,,,,,,,,,,,,,,,,,,,,,,,,,,,,,,,,,,,,,,,,,,,,,,,,,,,,,,,,,,,,,,,,,,,,,,,,,,,,,,,,,,,,,,,,,,,,,,,,,,,,,,,,,,,,,,,,,,,,,,,,,,,,,,,,,,,,,,,,,,,,,,,,,,,,,,,,,,replica_validation,rep,rep_124060_clean_1lnn2kz,124060,curated replica seeds,
e3ac0fd56cb3e773,images/e3/e3ac0fd56cb3e77356b5205864b29d137e0554d1e53c9f51c576dfa6389349fc.jpg,missing,,,,,,,,,,,,,,,,,,,,,,,,,,,,,,,,,,,,,,,,,,,,,,,,,,,,,,,,,,,,,,,,,,,,,,,,,,,,,,,,,,,,,,,,,,,,,,,,,,,,,,,,,,,,,,,,,,,,,,,,,,,,,,,,,,,,,,,,,,,,,,,,,,,,,,,,,,,,,,,,,,,,,,,,,,,,,,,,,,,,,,,,,,,,,,,,,,,,,,,,,,,,,,,,,,,,,,replica_validation,rep,rep_124060_clean_1lnn2kz,124060,curated replica seeds,
89ccd688a7054b40,images/89/89ccd688a7054b400e01bdfae6ba91a5e8f086baa0ffccc6f45d2507052b97d7.jpg,missing,,,,,,,,,,,,,,,,,,,,,,,,,,,,,,,,,,,,,,,,,,,,,,,,,,,,,,,,,,,,,,,,,,,,,,,,,,,,,,,,,,,,,,,,,,,,,,,,,,,,,,,,,,,,,,,,,,,,,,,,,,,,,,,,,,,,,,,,,,,,,,,,,,,,,,,,,,,,,,,,,,,,,,,,,,,,,,,,,,,,,,,,,,,,,,,,,,,,,,,,,,,,,,,,,,,,,,replica_validation,rep,rep_124060_clean_1lnn2kz,124060,curated replica seeds,
e42f2509dbe91be7,images/e4/e42f2509dbe91be740129c5bda8983cf4dc0493104208dbff0ba391899112794.png,missing,,,,,,,,,,,,,,,,,,,,,,,,,,,,,,,,,,,,,,,,,,,,,,,,,,,,,,,,,,,,,,,,,,,,,,,,,,,,,,,,,,,,,,,,,,,,,,,,,,,,,,,,,,,,,,,,,,,,,,,,,,,,,,,,,,,,,,,,,,,,,,,,,,,,,,,,,,,,,,,,,,,,,,,,,,,,,,,,,,,,,,,,,,,,,,,,,,,,,,,,,,,,,,,,,,,,,,replica_validation,rep,rep_124060_clean_1d06ekm,124060,curated replica seeds,
c7f8f078b5f52976,images/c7/c7f8f078b5f52976ddc5718b4c57783242e01322528b8245471d549c3187d2a8.jpg,missing,,,,,,,,,,,,,,,,,,,,,,,,,,,,,,,,,,,,,,,,,,,,,,,,,,,,,,,,,,,,,,,,,,,,,,,,,,,,,,,,,,,,,,,,,,,,,,,,,,,,,,,,,,,,,,,,,,,,,,,,,,,,,,,,,,,,,,,,,,,,,,,,,,,,,,,,,,,,,,,,,,,,,,,,,,,,,,,,,,,,,,,,,,,,,,,,,,,,,,,,,,,,,,,,,,,,,,replica_validation,rep,rep_124060_clean_1d06ekm,124060,curated replica seeds,
5e972c30e8228f60,images/5e/5e972c30e8228f60667d03c96931fa8299a24e5391d56b7cc450a66acd35e02a.jpg,missing,,,,,,,,,,,,,,,,,,,,,,,,,,,,,,,,,,,,,,,,,,,,,,,,,,,,,,,,,,,,,,,,,,,,,,,,,,,,,,,,,,,,,,,,,,,,,,,,,,,,,,,,,,,,,,,,,,,,,,,,,,,,,,,,,,,,,,,,,,,,,,,,,,,,,,,,,,,,,,,,,,,,,,,,,,,,,,,,,,,,,,,,,,,,,,,,,,,,,,,,,,,,,,,,,,,,,,replica_validation,rep,rep_124060_clean_1d06ekm,124060,curated replica seeds,
4c4411346933c6b4,images/4c/4c4411346933c6b41c8481d251c20addbf220d4ff2581b74caf8281de0ee2004.jpg,missing,,,,,,,,,,,,,,,,,,,,,,,,,,,,,,,,,,,,,,,,,,,,,,,,,,,,,,,,,,,,,,,,,,,,,,,,,,,,,,,,,,,,,,,,,,,,,,,,,,,,,,,,,,,,,,,,,,,,,,,,,,,,,,,,,,,,,,,,,,,,,,,,,,,,,,,,,,,,,,,,,,,,,,,,,,,,,,,,,,,,,,,,,,,,,,,,,,,,,,,,,,,,,,,,,,,,,,replica_validation,rep,rep_124060_clean_1d06ekm,124060,curated replica seeds,
c46f94befa166a95,images/c4/c46f94befa166a95594d3e33cf98abbbd11ba826aa8b4b4937931c47cf83416c.jpg,missing,,,,,,,,,,,,,,,,,,,,,,,,,,,,,,,,,,,,,,,,,,,,,,,,,,,,,,,,,,,,,,,,,,,,,,,,,,,,,,,,,,,,,,,,,,,,,,,,,,,,,,,,,,,,,,,,,,,,,,,,,,,,,,,,,,,,,,,,,,,,,,,,,,,,,,,,,,,,,,,,,,,,,,,,,,,,,,,,,,,,,,,,,,,,,,,,,,,,,,,,,,,,,,,,,,,,,,replica_validation,rep,rep_124060_clean_1d06ekm,124060,curated replica seeds,
a88dd1f1dd52766c,images/a8/a88dd1f1dd52766c88295262cfddd9ab75fbb9f001cf81ad0355c330f0eaaf0c.jpg,missing,,,,,,,,,,,,,,,,,,,,,,,,,,,,,,,,,,,,,,,,,,,,,,,,,,,,,,,,,,,,,,,,,,,,,,,,,,,,,,,,,,,,,,,,,,,,,,,,,,,,,,,,,,,,,,,,,,,,,,,,,,,,,,,,,,,,,,,,,,,,,,,,,,,,,,,,,,,,,,,,,,,,,,,,,,,,,,,,,,,,,,,,,,,,,,,,,,,,,,,,,,,,,,,,,,,,,,replica_validation,rep,rep_124060_clean_1d06ekm,124060,curated replica seeds,
7259cf7b3e4aa640,images/72/7259cf7b3e4aa64014df885787cbe7e72285ef8c46cf0145e9e38df31eac8142.jpg,missing,,,,,,,,,,,,,,,,,,,,,,,,,,,,,,,,,,,,,,,,,,,,,,,,,,,,,,,,,,,,,,,,,,,,,,,,,,,,,,,,,,,,,,,,,,,,,,,,,,,,,,,,,,,,,,,,,,,,,,,,,,,,,,,,,,,,,,,,,,,,,,,,,,,,,,,,,,,,,,,,,,,,,,,,,,,,,,,,,,,,,,,,,,,,,,,,,,,,,,,,,,,,,,,,,,,,,,replica_validation,rep,rep_124060_clean_1d06ekm,124060,curated replica seeds,
1db3a6e0e730caba,images/1d/1db3a6e0e730caba7cccf2eab0cf6c7e5b6dac2fd1dc4c8c1c4e083979c85c5e.png,missing,,,,,,,,,,,,,,,,,,,,,,,,,,,,,,,,,,,,,,,,,,,,,,,,,,,,,,,,,,,,,,,,,,,,,,,,,,,,,,,,,,,,,,,,,,,,,,,,,,,,,,,,,,,,,,,,,,,,,,,,,,,,,,,,,,,,,,,,,,,,,,,,,,,,,,,,,,,,,,,,,,,,,,,,,,,,,,,,,,,,,,,,,,,,,,,,,,,,,,,,,,,,,,,,,,,,,,replica_validation,rep,rep_124060_clean_1d06ekm,124060,curated replica seeds,
742cdc88c4dbab9c,images/74/742cdc88c4dbab9c89a30e3dfde829336505818fa10ec6c742c0c2ffa3f03b0e.jpg,missing,,,,,,,,,,,,,,,,,,,,,,,,,,,,,,,,,,,,,,,,,,,,,,,,,,,,,,,,,,,,,,,,,,,,,,,,,,,,,,,,,,,,,,,,,,,,,,,,,,,,,,,,,,,,,,,,,,,,,,,,,,,,,,,,,,,,,,,,,,,,,,,,,,,,,,,,,,,,,,,,,,,,,,,,,,,,,,,,,,,,,,,,,,,,,,,,,,,,,,,,,,,,,,,,,,,,,,replica_validation,rep,rep_124060_clean_1d06ekm,124060,curated replica seeds,
bf19bc998a0a5326,images/bf/bf19bc998a0a5326a0f6b166b830a2c01606998dc3c4f6c96430a669ba430a5e.jpg,missing,,,,,,,,,,,,,,,,,,,,,,,,,,,,,,,,,,,,,,,,,,,,,,,,,,,,,,,,,,,,,,,,,,,,,,,,,,,,,,,,,,,,,,,,,,,,,,,,,,,,,,,,,,,,,,,,,,,,,,,,,,,,,,,,,,,,,,,,,,,,,,,,,,,,,,,,,,,,,,,,,,,,,,,,,,,,,,,,,,,,,,,,,,,,,,,,,,,,,,,,,,,,,,,,,,,,,,replica_validation,rep,rep_124060_clean_1d06ekm,124060,curated replica seeds,
0bc6f00d7ce8a109,images/0b/0bc6f00d7ce8a109a014f9f6cbb15df36b7d76965aa23555d43b4ca204428bee.jpg,missing,,,,,,,,,,,,,,,,,,,,,,,,,,,,,,,,,,,,,,,,,,,,,,,,,,,,,,,,,,,,,,,,,,,,,,,,,,,,,,,,,,,,,,,,,,,,,,,,,,,,,,,,,,,,,,,,,,,,,,,,,,,,,,,,,,,,,,,,,,,,,,,,,,,,,,,,,,,,,,,,,,,,,,,,,,,,,,,,,,,,,,,,,,,,,,,,,,,,,,,,,,,,,,,,,,,,,,replica_validation,rep,rep_124060_clean_15spe47,124060,curated replica seeds,
ecdf7ca4f611b956,images/ec/ecdf7ca4f611b956a375154abc74d989d65a90082fee2df362e6589b18a23616.png,missing,,,,,,,,,,,,,,,,,,,,,,,,,,,,,,,,,,,,,,,,,,,,,,,,,,,,,,,,,,,,,,,,,,,,,,,,,,,,,,,,,,,,,,,,,,,,,,,,,,,,,,,,,,,,,,,,,,,,,,,,,,,,,,,,,,,,,,,,,,,,,,,,,,,,,,,,,,,,,,,,,,,,,,,,,,,,,,,,,,,,,,,,,,,,,,,,,,,,,,,,,,,,,,,,,,,,,,replica_validation,rep,rep_124060_clean_15spe47,124060,curated replica seeds,
e11caf4a6c471d22,images/e1/e11caf4a6c471d2259c56d9720bd6973193d8066f6ae73f0792fc3d9be903f87.jpg,missing,,,,,,,,,,,,,,,,,,,,,,,,,,,,,,,,,,,,,,,,,,,,,,,,,,,,,,,,,,,,,,,,,,,,,,,,,,,,,,,,,,,,,,,,,,,,,,,,,,,,,,,,,,,,,,,,,,,,,,,,,,,,,,,,,,,,,,,,,,,,,,,,,,,,,,,,,,,,,,,,,,,,,,,,,,,,,,,,,,,,,,,,,,,,,,,,,,,,,,,,,,,,,,,,,,,,,,replica_validation,rep,rep_124060_clean_15spe47,124060,curated replica seeds,
f5807589cf269db3,images/f5/f5807589cf269db30e26a7e123733d217f124197440808e90a70513539fc8320.jpg,missing,,,,,,,,,,,,,,,,,,,,,,,,,,,,,,,,,,,,,,,,,,,,,,,,,,,,,,,,,,,,,,,,,,,,,,,,,,,,,,,,,,,,,,,,,,,,,,,,,,,,,,,,,,,,,,,,,,,,,,,,,,,,,,,,,,,,,,,,,,,,,,,,,,,,,,,,,,,,,,,,,,,,,,,,,,,,,,,,,,,,,,,,,,,,,,,,,,,,,,,,,,,,,,,,,,,,,,replica_validation,rep,rep_124060_clean_15spe47,124060,curated replica seeds,
7355d70349785498,images/73/7355d703497854986af953d0adf8f32ce86d6f00922c9b0a0fe1ec459f1622b3.jpg,missing,,,,,,,,,,,,,,,,,,,,,,,,,,,,,,,,,,,,,,,,,,,,,,,,,,,,,,,,,,,,,,,,,,,,,,,,,,,,,,,,,,,,,,,,,,,,,,,,,,,,,,,,,,,,,,,,,,,,,,,,,,,,,,,,,,,,,,,,,,,,,,,,,,,,,,,,,,,,,,,,,,,,,,,,,,,,,,,,,,,,,,,,,,,,,,,,,,,,,,,,,,,,,,,,,,,,,,replica_validation,rep,rep_124060_clean_15spe47,124060,curated replica seeds,
348553927d971fce,images/34/348553927d971fceeec371cf0aa98c33ccc6ceb75bc58d1a646c0e4931a4335b.jpg,missing,,,,,,,,,,,,,,,,,,,,,,,,,,,,,,,,,,,,,,,,,,,,,,,,,,,,,,,,,,,,,,,,,,,,,,,,,,,,,,,,,,,,,,,,,,,,,,,,,,,,,,,,,,,,,,,,,,,,,,,,,,,,,,,,,,,,,,,,,,,,,,,,,,,,,,,,,,,,,,,,,,,,,,,,,,,,,,,,,,,,,,,,,,,,,,,,,,,,,,,,,,,,,,,,,,,,,,replica_validation,rep,rep_124060_clean_15spe47,124060,curated replica seeds,
65c5bd0b13f98bad,images/65/65c5bd0b13f98bad9f1d8ec47b21693e6409fe58026169dd04bd940d1ece3885.jpg,missing,,,,,,,,,,,,,,,,,,,,,,,,,,,,,,,,,,,,,,,,,,,,,,,,,,,,,,,,,,,,,,,,,,,,,,,,,,,,,,,,,,,,,,,,,,,,,,,,,,,,,,,,,,,,,,,,,,,,,,,,,,,,,,,,,,,,,,,,,,,,,,,,,,,,,,,,,,,,,,,,,,,,,,,,,,,,,,,,,,,,,,,,,,,,,,,,,,,,,,,,,,,,,,,,,,,,,,replica_validation,rep,rep_124060_clean_15spe47,124060,curated replica seeds,
21a2847d3d17f454,images/21/21a2847d3d17f454b12071c8adf0af3d3e08e253bc009be484d05ea250dc7d58.jpg,missing,,,,,,,,,,,,,,,,,,,,,,,,,,,,,,,,,,,,,,,,,,,,,,,,,,,,,,,,,,,,,,,,,,,,,,,,,,,,,,,,,,,,,,,,,,,,,,,,,,,,,,,,,,,,,,,,,,,,,,,,,,,,,,,,,,,,,,,,,,,,,,,,,,,,,,,,,,,,,,,,,,,,,,,,,,,,,,,,,,,,,,,,,,,,,,,,,,,,,,,,,,,,,,,,,,,,,,replica_validation,rep,rep_124060_clean_15spe47,124060,curated replica seeds,
a69ad6a835506ff9,images/a6/a69ad6a835506ff92c0ca29d932aef6bce413de44d7d2fcb5309cb4200eae0e7.jpg,missing,,,,,,,,,,,,,,,,,,,,,,,,,,,,,,,,,,,,,,,,,,,,,,,,,,,,,,,,,,,,,,,,,,,,,,,,,,,,,,,,,,,,,,,,,,,,,,,,,,,,,,,,,,,,,,,,,,,,,,,,,,,,,,,,,,,,,,,,,,,,,,,,,,,,,,,,,,,,,,,,,,,,,,,,,,,,,,,,,,,,,,,,,,,,,,,,,,,,,,,,,,,,,,,,,,,,,,replica_validation,rep,rep_124060_vsf_1rslupa,124060,curated replica seeds,
86c421e3fc503832,images/86/86c421e3fc503832789a6a85710740c73fe209727184b4fc7bd4d8fcd87a2f94.jpg,missing,,,,,,,,,,,,,,,,,,,,,,,,,,,,,,,,,,,,,,,,,,,,,,,,,,,,,,,,,,,,,,,,,,,,,,,,,,,,,,,,,,,,,,,,,,,,,,,,,,,,,,,,,,,,,,,,,,,,,,,,,,,,,,,,,,,,,,,,,,,,,,,,,,,,,,,,,,,,,,,,,,,,,,,,,,,,,,,,,,,,,,,,,,,,,,,,,,,,,,,,,,,,,,,,,,,,,,replica_validation,rep,rep_124060_vsf_1rslupa,124060,curated replica seeds,
c63e219ccd3d8b16,images/c6/c63e219ccd3d8b16e6f914cbadc94faad5fee41777231082d884636ef6ba3471.jpg,missing,,,,,,,,,,,,,,,,,,,,,,,,,,,,,,,,,,,,,,,,,,,,,,,,,,,,,,,,,,,,,,,,,,,,,,,,,,,,,,,,,,,,,,,,,,,,,,,,,,,,,,,,,,,,,,,,,,,,,,,,,,,,,,,,,,,,,,,,,,,,,,,,,,,,,,,,,,,,,,,,,,,,,,,,,,,,,,,,,,,,,,,,,,,,,,,,,,,,,,,,,,,,,,,,,,,,,,replica_validation,rep,rep_124060_vsf_1rslupa,124060,curated replica seeds,
9c4d6cd0bf6c77d4,images/9c/9c4d6cd0bf6c77d452bc4848fd285f35c5cb236dff43539a14b8564e7a20818f.jpg,missing,,,,,,,,,,,,,,,,,,,,,,,,,,,,,,,,,,,,,,,,,,,,,,,,,,,,,,,,,,,,,,,,,,,,,,,,,,,,,,,,,,,,,,,,,,,,,,,,,,,,,,,,,,,,,,,,,,,,,,,,,,,,,,,,,,,,,,,,,,,,,,,,,,,,,,,,,,,,,,,,,,,,,,,,,,,,,,,,,,,,,,,,,,,,,,,,,,,,,,,,,,,,,,,,,,,,,,replica_validation,rep,rep_124060_vsf_1rslupa,124060,curated replica seeds,
d03a66b9004eecaf,images/d0/d03a66b9004eecaf474da76966710c9bfc4174e8463ba67e2fa6ee3905578ef2.jpg,missing,,,,,,,,,,,,,,,,,,,,,,,,,,,,,,,,,,,,,,,,,,,,,,,,,,,,,,,,,,,,,,,,,,,,,,,,,,,,,,,,,,,,,,,,,,,,,,,,,,,,,,,,,,,,,,,,,,,,,,,,,,,,,,,,,,,,,,,,,,,,,,,,,,,,,,,,,,,,,,,,,,,,,,,,,,,,,,,,,,,,,,,,,,,,,,,,,,,,,,,,,,,,,,,,,,,,,,replica_validation,rep,rep_124060_vsf_1rslupa,124060,curated replica seeds,
74dcf31068be44dd,images/74/74dcf31068be44dddae701668877d4a38c2d8bf3d58d24792d4ec6166dc8dc4a.jpg,missing,,,,,,,,,,,,,,,,,,,,,,,,,,,,,,,,,,,,,,,,,,,,,,,,,,,,,,,,,,,,,,,,,,,,,,,,,,,,,,,,,,,,,,,,,,,,,,,,,,,,,,,,,,,,,,,,,,,,,,,,,,,,,,,,,,,,,,,,,,,,,,,,,,,,,,,,,,,,,,,,,,,,,,,,,,,,,,,,,,,,,,,,,,,,,,,,,,,,,,,,,,,,,,,,,,,,,,replica_validation,rep,rep_124060_vsf_1rslupa,124060,curated replica seeds,
bd181fa1b0ccb4c3,images/bd/bd181fa1b0ccb4c329a95bde99ec7d0147a0d1635962cdd88d6fa7b5ab41e237.jpg,missing,,,,,,,,,,,,,,,,,,,,,,,,,,,,,,,,,,,,,,,,,,,,,,,,,,,,,,,,,,,,,,,,,,,,,,,,,,,,,,,,,,,,,,,,,,,,,,,,,,,,,,,,,,,,,,,,,,,,,,,,,,,,,,,,,,,,,,,,,,,,,,,,,,,,,,,,,,,,,,,,,,,,,,,,,,,,,,,,,,,,,,,,,,,,,,,,,,,,,,,,,,,,,,,,,,,,,,replica_validation,rep,rep_124060_vsf_1rslupa,124060,curated replica seeds,
72d1133a1f25445f,images/72/72d1133a1f25445fd997dd93847c8dc9345136d377c31d69ce624b752fb6b669.jpg,missing,,,,,,,,,,,,,,,,,,,,,,,,,,,,,,,,,,,,,,,,,,,,,,,,,,,,,,,,,,,,,,,,,,,,,,,,,,,,,,,,,,,,,,,,,,,,,,,,,,,,,,,,,,,,,,,,,,,,,,,,,,,,,,,,,,,,,,,,,,,,,,,,,,,,,,,,,,,,,,,,,,,,,,,,,,,,,,,,,,,,,,,,,,,,,,,,,,,,,,,,,,,,,,,,,,,,,,replica_validation,rep,rep_124060_vsf_1u8hbiz,124060,curated replica seeds,
f15decbaae76e4c0,images/f1/f15decbaae76e4c07d0a02d55b9e6063160dbffe1cd086f1c89725436c393b31.jpg,missing,,,,,,,,,,,,,,,,,,,,,,,,,,,,,,,,,,,,,,,,,,,,,,,,,,,,,,,,,,,,,,,,,,,,,,,,,,,,,,,,,,,,,,,,,,,,,,,,,,,,,,,,,,,,,,,,,,,,,,,,,,,,,,,,,,,,,,,,,,,,,,,,,,,,,,,,,,,,,,,,,,,,,,,,,,,,,,,,,,,,,,,,,,,,,,,,,,,,,,,,,,,,,,,,,,,,,,replica_validation,rep,rep_124060_vsf_1u8hbiz,124060,curated replica seeds,
473a7d4fff41094d,images/47/473a7d4fff41094d887035fd3f74a933bea855a1f752d9815dcd11f3f6375d31.jpg,missing,,,,,,,,,,,,,,,,,,,,,,,,,,,,,,,,,,,,,,,,,,,,,,,,,,,,,,,,,,,,,,,,,,,,,,,,,,,,,,,,,,,,,,,,,,,,,,,,,,,,,,,,,,,,,,,,,,,,,,,,,,,,,,,,,,,,,,,,,,,,,,,,,,,,,,,,,,,,,,,,,,,,,,,,,,,,,,,,,,,,,,,,,,,,,,,,,,,,,,,,,,,,,,,,,,,,,,replica_validation,rep,rep_124060_vsf_1u8hbiz,124060,curated replica seeds,
3cdbc2c51414d118,images/3c/3cdbc2c51414d11894609c51ad1082e3e0424db468e09cc7bd3917468cd720c8.jpg,missing,,,,,,,,,,,,,,,,,,,,,,,,,,,,,,,,,,,,,,,,,,,,,,,,,,,,,,,,,,,,,,,,,,,,,,,,,,,,,,,,,,,,,,,,,,,,,,,,,,,,,,,,,,,,,,,,,,,,,,,,,,,,,,,,,,,,,,,,,,,,,,,,,,,,,,,,,,,,,,,,,,,,,,,,,,,,,,,,,,,,,,,,,,,,,,,,,,,,,,,,,,,,,,,,,,,,,,replica_validation,rep,rep_124060_vsf_1u8hbiz,124060,curated replica seeds,
b6ff7dfd357c552b,images/b6/b6ff7dfd357c552bdef831eac20fb8e0854edb398ff1f63c83d1219dd55de332.jpg,missing,,,,,,,,,,,,,,,,,,,,,,,,,,,,,,,,,,,,,,,,,,,,,,,,,,,,,,,,,,,,,,,,,,,,,,,,,,,,,,,,,,,,,,,,,,,,,,,,,,,,,,,,,,,,,,,,,,,,,,,,,,,,,,,,,,,,,,,,,,,,,,,,,,,,,,,,,,,,,,,,,,,,,,,,,,,,,,,,,,,,,,,,,,,,,,,,,,,,,,,,,,,,,,,,,,,,,,replica_validation,rep,rep_124060_vsf_1u8hbiz,124060,curated replica seeds,
b1c1f3fde53931af,images/b1/b1c1f3fde53931affe8e587e6925742ed17ccc127201bce938731b3f53ee3f0f.jpg,missing,,,,,,,,,,,,,,,,,,,,,,,,,,,,,,,,,,,,,,,,,,,,,,,,,,,,,,,,,,,,,,,,,,,,,,,,,,,,,,,,,,,,,,,,,,,,,,,,,,,,,,,,,,,,,,,,,,,,,,,,,,,,,,,,,,,,,,,,,,,,,,,,,,,,,,,,,,,,,,,,,,,,,,,,,,,,,,,,,,,,,,,,,,,,,,,,,,,,,,,,,,,,,,,,,,,,,,replica_validation,rep,rep_124060_vsf_1u8hbiz,124060,curated replica seeds,
3637b4154272f23d,images/36/3637b4154272f23df5e2f8779d8e6ca15f37538d2a19c4bca40926f0f8116912.jpg,missing,,,,,,,,,,,,,,,,,,,,,,,,,,,,,,,,,,,,,,,,,,,,,,,,,,,,,,,,,,,,,,,,,,,,,,,,,,,,,,,,,,,,,,,,,,,,,,,,,,,,,,,,,,,,,,,,,,,,,,,,,,,,,,,,,,,,,,,,,,,,,,,,,,,,,,,,,,,,,,,,,,,,,,,,,,,,,,,,,,,,,,,,,,,,,,,,,,,,,,,,,,,,,,,,,,,,,,replica_validation,rep,rep_124060_vsf_1u8hbiz,124060,curated replica seeds,
2eec46fcb133ee82,images/2e/2eec46fcb133ee827d431113ca0e0bddef105cf81532ac0bb532a7bce65953bc.jpg,missing,,,,,,,,,,,,,,,,,,,,,,,,,,,,,,,,,,,,,,,,,,,,,,,,,,,,,,,,,,,,,,,,,,,,,,,,,,,,,,,,,,,,,,,,,,,,,,,,,,,,,,,,,,,,,,,,,,,,,,,,,,,,,,,,,,,,,,,,,,,,,,,,,,,,,,,,,,,,,,,,,,,,,,,,,,,,,,,,,,,,,,,,,,,,,,,,,,,,,,,,,,,,,,,,,,,,,,replica_validation,rep,rep_124060_vsf_1u8hbiz,124060,curated replica seeds,
f8e433d04cc45601,images/f8/f8e433d04cc4560128fbc3a20e8548de9e3caad4d6988ed4f851a08e27ed805b.jpg,missing,,,,,,,,,,,,,,,,,,,,,,,,,,,,,,,,,,,,,,,,,,,,,,,,,,,,,,,,,,,,,,,,,,,,,,,,,,,,,,,,,,,,,,,,,,,,,,,,,,,,,,,,,,,,,,,,,,,,,,,,,,,,,,,,,,,,,,,,,,,,,,,,,,,,,,,,,,,,,,,,,,,,,,,,,,,,,,,,,,,,,,,,,,,,,,,,,,,,,,,,,,,,,,,,,,,,,,replica_validation,rep,rep_124060_vsf_1u8hbiz,124060,curated replica seeds,
213e3479a5c0379c,images/21/213e3479a5c0379c22c9ecd0dd8df553d26af68f07e32736a8e1cd443d894d00.jpg,missing,,,,,,,,,,,,,,,,,,,,,,,,,,,,,,,,,,,,,,,,,,,,,,,,,,,,,,,,,,,,,,,,,,,,,,,,,,,,,,,,,,,,,,,,,,,,,,,,,,,,,,,,,,,,,,,,,,,,,,,,,,,,,,,,,,,,,,,,,,,,,,,,,,,,,,,,,,,,,,,,,,,,,,,,,,,,,,,,,,,,,,,,,,,,,,,,,,,,,,,,,,,,,,,,,,,,,,replica_validation,rep,rep_124060_vsf_1u8hbiz,124060,curated replica seeds,
72d75735b3df22da,images/72/72d75735b3df22daa126bbe282bf7d4bb2747b3180185eed21f00ce08a839ec9.jpg,missing,,,,,,,,,,,,,,,,,,,,,,,,,,,,,,,,,,,,,,,,,,,,,,,,,,,,,,,,,,,,,,,,,,,,,,,,,,,,,,,,,,,,,,,,,,,,,,,,,,,,,,,,,,,,,,,,,,,,,,,,,,,,,,,,,,,,,,,,,,,,,,,,,,,,,,,,,,,,,,,,,,,,,,,,,,,,,,,,,,,,,,,,,,,,,,,,,,,,,,,,,,,,,,,,,,,,,,replica_validation,rep,rep_124060_vsf_1gwpcm4,124060,curated replica seeds,
2cdac89f6ac7c40d,images/2c/2cdac89f6ac7c40dda35a62d3c75e9cce47ac0ff416c9c406e1b9b4726a3313a.jpg,missing,,,,,,,,,,,,,,,,,,,,,,,,,,,,,,,,,,,,,,,,,,,,,,,,,,,,,,,,,,,,,,,,,,,,,,,,,,,,,,,,,,,,,,,,,,,,,,,,,,,,,,,,,,,,,,,,,,,,,,,,,,,,,,,,,,,,,,,,,,,,,,,,,,,,,,,,,,,,,,,,,,,,,,,,,,,,,,,,,,,,,,,,,,,,,,,,,,,,,,,,,,,,,,,,,,,,,,replica_validation,rep,rep_124060_vsf_1gwpcm4,124060,curated replica seeds,
881f5b3aa1abb05e,images/88/881f5b3aa1abb05eddbaf076440d9f33313e9aa8197679b79891df74fd108059.jpg,missing,,,,,,,,,,,,,,,,,,,,,,,,,,,,,,,,,,,,,,,,,,,,,,,,,,,,,,,,,,,,,,,,,,,,,,,,,,,,,,,,,,,,,,,,,,,,,,,,,,,,,,,,,,,,,,,,,,,,,,,,,,,,,,,,,,,,,,,,,,,,,,,,,,,,,,,,,,,,,,,,,,,,,,,,,,,,,,,,,,,,,,,,,,,,,,,,,,,,,,,,,,,,,,,,,,,,,,replica_validation,rep,rep_124060_vsf_1gwpcm4,124060,curated replica seeds,
7748e630c6703233,images/77/7748e630c6703233eff24c77a8bd85e56b6d8d6665a6a5ca2a531435361bbaf5.jpg,missing,,,,,,,,,,,,,,,,,,,,,,,,,,,,,,,,,,,,,,,,,,,,,,,,,,,,,,,,,,,,,,,,,,,,,,,,,,,,,,,,,,,,,,,,,,,,,,,,,,,,,,,,,,,,,,,,,,,,,,,,,,,,,,,,,,,,,,,,,,,,,,,,,,,,,,,,,,,,,,,,,,,,,,,,,,,,,,,,,,,,,,,,,,,,,,,,,,,,,,,,,,,,,,,,,,,,,,replica_validation,rep,rep_124060_vsf_1gwpcm4,124060,curated replica seeds,
1e090129a34bfbf1,images/1e/1e090129a34bfbf15d4a4aad8705497e274fd14aac21eb6306804e118705e6da.jpg,missing,,,,,,,,,,,,,,,,,,,,,,,,,,,,,,,,,,,,,,,,,,,,,,,,,,,,,,,,,,,,,,,,,,,,,,,,,,,,,,,,,,,,,,,,,,,,,,,,,,,,,,,,,,,,,,,,,,,,,,,,,,,,,,,,,,,,,,,,,,,,,,,,,,,,,,,,,,,,,,,,,,,,,,,,,,,,,,,,,,,,,,,,,,,,,,,,,,,,,,,,,,,,,,,,,,,,,,replica_validation,rep,rep_124060_vsf_1gwpcm4,124060,curated replica seeds,
7c6665e9293bba99,images/7c/7c6665e9293bba99828ee953f0c7fc540808b702cfd7d2b56719b57f1a0251f5.jpg,missing,,,,,,,,,,,,,,,,,,,,,,,,,,,,,,,,,,,,,,,,,,,,,,,,,,,,,,,,,,,,,,,,,,,,,,,,,,,,,,,,,,,,,,,,,,,,,,,,,,,,,,,,,,,,,,,,,,,,,,,,,,,,,,,,,,,,,,,,,,,,,,,,,,,,,,,,,,,,,,,,,,,,,,,,,,,,,,,,,,,,,,,,,,,,,,,,,,,,,,,,,,,,,,,,,,,,,,replica_validation,rep,rep_124060_vsf_1gwpcm4,124060,curated replica seeds,
c1bd62901096e590,images/c1/c1bd62901096e590e77e1c1628a1e438189626c0fac9005bb61d32d880c2409b.jpg,missing,,,,,,,,,,,,,,,,,,,,,,,,,,,,,,,,,,,,,,,,,,,,,,,,,,,,,,,,,,,,,,,,,,,,,,,,,,,,,,,,,,,,,,,,,,,,,,,,,,,,,,,,,,,,,,,,,,,,,,,,,,,,,,,,,,,,,,,,,,,,,,,,,,,,,,,,,,,,,,,,,,,,,,,,,,,,,,,,,,,,,,,,,,,,,,,,,,,,,,,,,,,,,,,,,,,,,,replica_validation,rep,rep_124060_vsf_1gwpcm4,124060,curated replica seeds,
09ae82970a387210,images/09/09ae82970a387210113697ab473d6bea7b63f72c456f6f856817ef35f877e82c.jpg,missing,,,,,,,,,,,,,,,,,,,,,,,,,,,,,,,,,,,,,,,,,,,,,,,,,,,,,,,,,,,,,,,,,,,,,,,,,,,,,,,,,,,,,,,,,,,,,,,,,,,,,,,,,,,,,,,,,,,,,,,,,,,,,,,,,,,,,,,,,,,,,,,,,,,,,,,,,,,,,,,,,,,,,,,,,,,,,,,,,,,,,,,,,,,,,,,,,,,,,,,,,,,,,,,,,,,,,,replica_validation,rep,rep_124060_vsf_1gwpcm4,124060,curated replica seeds,
88aa071c00fd9961,images/88/88aa071c00fd9961742937fd302ecc7bc5e9eb712d729502546edf699218ff7f.jpg,missing,,,,,,,,,,,,,,,,,,,,,,,,,,,,,,,,,,,,,,,,,,,,,,,,,,,,,,,,,,,,,,,,,,,,,,,,,,,,,,,,,,,,,,,,,,,,,,,,,,,,,,,,,,,,,,,,,,,,,,,,,,,,,,,,,,,,,,,,,,,,,,,,,,,,,,,,,,,,,,,,,,,,,,,,,,,,,,,,,,,,,,,,,,,,,,,,,,,,,,,,,,,,,,,,,,,,,,replica_validation,rep,rep_124060_vsf_1gwpcm4,124060,curated replica seeds,
2ab5d1f765c45b20,images/2a/2ab5d1f765c45b20945032306f61ee38aca171ff80c651e95ffd7b95f311e830.jpg,missing,,,,,,,,,,,,,,,,,,,,,,,,,,,,,,,,,,,,,,,,,,,,,,,,,,,,,,,,,,,,,,,,,,,,,,,,,,,,,,,,,,,,,,,,,,,,,,,,,,,,,,,,,,,,,,,,,,,,,,,,,,,,,,,,,,,,,,,,,,,,,,,,,,,,,,,,,,,,,,,,,,,,,,,,,,,,,,,,,,,,,,,,,,,,,,,,,,,,,,,,,,,,,,,,,,,,,,replica_validation,rep,rep_124060_vsf_1gwpcm4,124060,curated replica seeds,
6529d575cc81f1c6,images/65/6529d575cc81f1c6df06d2a9dc50e8b9bd4c39b8a5a7fa2676d1649db6e0db46.jpg,accepted,1080,864,,true,266.09305,0.99973,0.09512,53,12,267.89306,true,11,-0.52542,0.43161,0.67996,0.04391,0.06179,true,,-0.31970,0.90437,-0.42188,0.86075,0.95858,-0.90437,-0.31970,0.51434,-0.50878,-0.07828,0.58408,,1.00000,1.00000,0.36192,0.78561,0.51036,true,,-0.23682,0.50329,-0.29353,0.47269,0.55641,-0.23682,0.50329,0.25239,0.14618,-0.20563,-0.35911,,1.00000,1.00000,true,,-0.56744,0.58504,-0.63103,0.51530,0.81470,0.58504,0.56744,0.12424,0.00614,-0.12417,-0.10842,,1.00000,1.00000,true,,-0.46303,0.57608,-0.52571,0.51820,0.73818,0.46303,-0.57608,0.32084,-0.09857,-0.30578,-0.19953,,1.00000,1.00000,true,,-0.28568,0.40604,-0.33062,0.37029,0.49641,-0.49448,-0.04438,0.13468,0.06997,-0.11521,,-0.23716,0.97222,1.00000,true,,-0.12412,0.70108,-0.20436,0.68205,0.71201,-0.45803,0.54510,0.15795,0.10009,0.12218,,-0.26541,1.00000,1.00000,true,,-0.68078,0.87969,-0.77828,0.79532,1.11277,-0.14973,1.10222,0.22245,-0.08122,0.20701,,-0.29824,1.00000,1.00000,true,,-0.82089,0.67506,-0.89355,0.57549,1.06283,0.17417,1.04844,0.19348,-0.10940,0.15956,,-0.26446,1.00000,1.00000,true,,-0.75365,0.40197,-0.79413,0.31174,0.85312,0.72494,0.45169,0.06084,-0.03094,0.05242,,-0.26628,1.00000,1.00000,true,,-0.72089,0.21955,-0.74005,0.13453,0.75218,0.73408,0.17031,0.12396,-0.01546,0.12312,,-0.22735,1.00000,1.00000,true,,-0.52376,0.18784,-0.54085,0.12614,0.55537,0.35967,-0.42455,0.09949,0.09974,0.00056,,-0.33314,0.93056,1.00000,true,,-0.23758,0.33934,-0.27487,0.30938,0.41385,-0.17509,-0.37542,0.09338,-0.08294,0.04336,,-0.24564,0.94444,1.00000,2013,genuine_population,gen,ewc_124060_62088,124060,European Watch Company,https://images.europeanwatch.com/images/62/62088-2.jpg
7e0e15cbb64ef45b,images/7e/7e0e15cbb64ef45b9826f6f882a7b0598f0d048c046bcfc18397bf2aa03f56a5.jpg,accepted,1080,864,,true,287.78559,0.99164,0.12120,55,12,290.09341,true,11,0.11968,-0.29470,0.31807,-0.05700,-0.00271,true,,-0.66008,0.90581,-0.77542,0.78982,1.10684,-0.90581,-0.66008,1.28882,-1.08476,-0.72665,-1.10468,,1.00000,1.00000,-1.14030,-0.98661,-0.80680,true,,-0.02405,-0.40280,0.03014,-0.39897,0.40011,-0.02405,-0.40280,0.08390,0.02391,-0.08128,-0.20438,,1.00000,1.00000,true,,0.31638,-0.06015,0.32313,-0.01503,0.32347,-0.06015,-0.31638,0.44093,0.37645,-0.22839,0.19553,,1.00000,1.00000,true,,0.07281,-0.47755,0.13980,-0.45908,0.47989,-0.07281,0.47755,0.21876,0.13026,0.17690,-0.12253,,1.00000,1.00000,true,,-0.20513,0.02086,-0.20523,-0.00863,0.20541,-0.12063,-0.16722,0.29835,-0.29429,-0.06765,,-0.29181,0.95833,1.00000,true,,-0.14953,0.07444,-0.15762,0.05174,0.16590,-0.16672,-0.01030,0.33973,-0.25490,0.23151,,-0.42326,0.75000,0.99444,true,,0.39838,-0.79600,0.50221,-0.72881,0.88508,-0.05300,-0.88854,0.59157,0.16991,-0.56917,,0.21319,0.95833,1.00000,true,,0.15558,-0.65777,0.24441,-0.62862,0.67446,-0.49185,-0.46362,0.26190,-0.12670,-0.22973,,0.30978,0.98611,1.00000,true,,-0.08540,-0.37192,-0.03276,-0.37999,0.38140,-0.27939,0.25992,0.24641,0.16332,0.18272,,0.39576,0.97222,1.00000,true,,-0.20237,-0.61308,-0.11450,-0.63347,0.64373,-0.13129,0.63213,0.47140,0.22594,0.41268,,0.25489,0.95833,1.00000,true,,0.31568,-0.40329,0.36948,-0.35017,0.50905,-0.07174,0.50710,0.21032,-0.02559,0.21010,,-0.02644,0.88889,1.00000,true,,0.27117,0.13980,0.24873,0.17484,0.30403,-0.25666,0.16494,0.35162,-0.35277,-0.04658,,-0.27906,0.94444,1.00000,1438,genuine_population,gen,ewc_124060_48227,124060,European Watch Company,https://images.europeanwatch.com/images/48/48227-2.jpg
cf8b3558e1f51d5d,images/cf/cf8b3558e1f51d5d35077f27dcd2ae47646dfee1d0559804436b8503fc3e5d56.jpg,accepted,1080,864,,true,282.00320,0.99798,0.10116,55,12,283.75713,true,10,0.28402,0.21700,0.35743,0.01566,0.02787,true,,0.24950,0.66576,0.18678,0.68795,0.71285,-0.66576,0.24950,0.53845,-0.51168,-0.16357,0.45224,,1.00000,0.96667,0.23114,0.68017,0.47658,true,,0.21400,0.39415,0.17595,0.41225,0.44823,0.21400,0.39415,0.15802,-0.12248,0.09978,-0.49148,,1.00000,1.00000,true,,0.35482,0.56338,0.30089,0.59284,0.66483,0.56338,-0.35482,0.37392,0.34007,-0.15685,-0.30230,,0.85714,0.80000,true,,-0.03713,0.34160,-0.06849,0.33703,0.34392,0.03713,-0.34160,0.40000,0.30616,-0.25680,-0.09054,,1.00000,1.00000,true,,0.34513,0.09324,0.33525,0.12530,0.35790,0.09182,0.34551,0.14171,0.06848,-0.12378,,-0.29953,0.97222,1.00000,false,hand/occluder crosses outline (clean 0.73),,,,,,,,,,,,,0.58333,0.72778,true,,0.41941,0.07746,0.40999,0.11585,0.42605,0.40195,-0.14262,0.26776,0.00882,-0.26774,,-0.27396,1.00000,1.00000,true,,0.29599,0.24578,0.27154,0.27162,0.38407,0.36084,-0.13345,0.07884,0.00914,-0.07835,,-0.27294,0.98611,1.00000,true,,-0.05812,-0.02421,-0.05565,-0.02946,0.06297,0.00809,0.06244,0.30976,-0.04086,0.30712,,-0.26881,0.93056,1.00000,true,,0.15951,-0.22276,0.17952,-0.20699,0.27399,-0.24952,0.11316,0.33780,-0.11826,0.31641,,-0.25332,1.00000,1.00000,true,,0.53855,0.22498,0.51666,0.27480,0.58520,-0.57889,0.07444,0.25998,-0.25805,-0.02506,,-0.37585,0.95833,1.00000,true,,0.60314,0.15676,0.58731,0.21297,0.62473,-0.43733,0.44396,0.22841,-0.15791,0.16425,,-0.29644,1.00000,1.00000,1236,genuine_population,gen,ewc_124060_55297,124060,European Watch Company,https://images.europeanwatch.com/images/55/55297-2.jpg
89990846ea01b6fd,images/89/89990846ea01b6fd8412f0ad153ea4e1e17aba5cea7949b29a13d6f08fc33d6d.jpg,accepted,1080,864,,true,281.77436,0.99754,0.12299,54,12,283.19119,true,11,-0.01214,0.25694,0.25723,0.05307,-0.09192,true,,-0.52569,0.99077,-0.66807,0.90365,1.12379,-0.99077,-0.52569,0.87752,-0.85505,-0.18878,0.03394,,1.00000,0.96667,-0.21543,0.24248,-0.11166,true,,0.23744,-0.05875,0.24354,-0.02285,0.24461,0.23744,-0.05875,0.10176,0.09720,0.03029,-0.01140,,1.00000,1.00000,true,,0.38367,0.26476,0.33997,0.31823,0.46568,0.26476,-0.38367,0.10574,-0.10514,-0.01265,-0.04805,,1.00000,1.00000,true,,-0.13910,0.79738,-0.25552,0.76845,0.80982,0.13910,-0.79738,0.20334,0.05119,-0.19670,0.20444,,1.00000,1.00000,true,,-0.25663,0.16454,-0.27858,0.12479,0.30526,-0.27081,-0.13998,0.20121,-0.18461,0.07907,,-0.31245,1.00000,1.00000,true,,0.03161,-0.29627,0.07558,-0.28854,0.29827,0.17551,-0.24077,0.19078,0.15849,-0.10577,,-0.26154,0.73611,0.98333,true,,0.71955,0.00818,0.70991,0.11471,0.71912,0.62724,-0.35269,0.40258,0.35441,-0.19154,,-0.44266,0.95833,1.00000,true,,0.23683,-0.09073,0.24753,-0.05452,0.25347,0.03984,-0.25046,0.31681,-0.31706,0.01390,,-0.35352,0.94444,1.00000,true,,0.11773,0.50362,0.04193,0.51490,0.51661,0.37728,-0.35377,0.17278,0.04655,0.16642,,-0.44257,0.98611,1.00000,true,,-0.26332,0.47460,-0.33062,0.43014,0.54253,0.46534,-0.27935,0.40286,0.23782,0.32490,,-0.34249,1.00000,1.00000,true,,-0.13034,0.71949,-0.23554,0.69331,0.73223,-0.24686,-0.68826,0.24524,-0.21857,-0.11018,,-0.46546,0.98611,1.00000,true,,-0.30481,0.44128,-0.36738,0.39195,0.53721,-0.22975,-0.48461,0.11807,-0.11739,-0.00974,,-0.42709,0.97222,1.00000,1135,genuine_population,gen,ewc_124060_71823,124060,European Watch Company,https://images.europeanwatch.com/images/71/71823-2.jpg
c753feff923f118e,images/c7/c753feff923f118ee7fdb4eb15c29261318052232be7a030e4f310b48e3d74dd.jpg,accepted,1080,864,,true,269.83224,0.99645,0.12122,55,12,272.28863,true,11,-0.46441,0.69001,0.83174,0.00307,0.05219,true,,-0.92792,1.08210,-1.02604,0.99115,1.42658,-1.08210,-0.92792,0.80935,-0.35319,-0.72691,-0.01794,,1.00000,1.00000,-0.15900,0.17872,0.18138,true,,-0.56642,0.68153,-0.62915,0.62092,0.88395,-0.56642,0.68153,0.29702,-0.17354,-0.24235,0.29748,,1.00000,1.00000,true,,-0.65955,0.69688,-0.71689,0.62178,0.94897,0.69688,0.65955,0.08451,-0.04507,0.07202,0.39604,,1.00000,1.00000,true,,-0.23658,0.67626,-0.29442,0.64639,0.71028,0.23658,-0.67626,0.21227,-0.16901,-0.12895,-0.45367,,0.76190,1.00000,true,,-0.16997,1.01833,-0.26570,0.99856,1.03331,-0.96689,0.36197,0.19477,-0.13704,0.13812,,-0.05720,0.93056,1.00000,true,,-0.48039,0.99812,-0.57458,0.94642,1.10718,-0.91509,0.62420,0.20931,-0.20836,-0.01503,,-0.01436,0.77778,0.96667,true,,-0.25920,0.87141,-0.34017,0.83485,0.90150,0.21123,0.88427,0.23844,0.18237,-0.15420,,-0.01960,0.98611,1.00000,true,,-0.49956,1.12897,-0.60056,1.06258,1.22055,0.72793,0.99712,0.29196,0.28370,0.08177,,0.04519,1.00000,1.00000,true,,-0.73928,0.71784,-0.79592,0.63498,1.01818,0.99131,0.28132,0.17774,0.14783,0.10156,,0.04914,1.00000,1.00000,true,,-0.32927,0.47764,-0.36827,0.43932,0.57326,0.52398,-0.24902,0.19516,-0.19638,-0.01340,,-0.02335,1.00000,1.00000,true,,-0.28226,0.38273,-0.31466,0.35328,0.47309,0.05307,-0.47258,0.17538,0.06831,0.16227,,-0.02838,0.90278,1.00000,true,,-0.35742,0.44816,-0.39670,0.41251,0.57231,-0.20941,-0.53361,0.22275,0.22120,-0.02187,,-0.04030,0.88889,1.00000,1131,genuine_population,gen,ewc_124060_59112_59921_62175,124060,European Watch Company,https://images.europeanwatch.com/images/59/59921-2.jpg
f76f406446724e3d,images/f7/f76f406446724e3de427bb74450b41a411cdc7756ab3f8b5d37cc8147d3b6226.jpg,accepted,1080,864,,true,270.51819,0.99881,0.10141,54,12,272.60834,true,10,0.33703,0.51927,0.61905,0.06290,0.07625,true,,0.83777,1.11303,0.62490,1.24536,1.39335,-1.11303,0.83777,0.80916,-0.79940,0.12310,0.12895,,1.00000,1.00000,-0.01958,0.29775,0.20169,true,,0.88694,0.85249,0.71985,0.99759,1.23019,0.88694,0.85249,0.35534,0.33202,0.12645,0.04573,,1.00000,1.00000,true,,0.21448,0.44131,0.13190,0.47208,0.49016,0.44131,-0.21448,0.15373,-0.13952,-0.06511,0.26247,,1.00000,1.00000,true,,0.34161,0.39094,0.26590,0.44548,0.51880,-0.34161,-0.39094,0.22056,-0.04702,-0.21566,0.09305,,0.85714,0.80000,true,,0.73198,0.44742,0.64016,0.57139,0.85807,-0.02149,0.85762,0.03507,0.01691,-0.03071,,-0.06135,1.00000,1.00000,false,hand/occluder crosses outline (clean 0.71),,,,,,,,,,,,,0.79167,0.70556,true,,0.30202,0.79560,0.15446,0.83643,0.85057,0.65936,0.53799,0.09794,-0.07333,0.06493,,-0.00819,1.00000,1.00000,true,,0.06449,0.67272,-0.05703,0.67269,0.67511,0.61484,0.28051,0.18037,-0.12733,0.12787,,-0.05211,1.00000,1.00000,true,,0.09783,0.33462,0.03638,0.34629,0.34819,0.24087,-0.25204,0.08917,-0.07655,0.04599,,-0.02086,1.00000,1.00000,true,,0.18607,0.22510,0.14263,0.25453,0.29177,-0.04859,-0.28798,0.04950,-0.04558,0.01953,,-0.03696,1.00000,1.00000,true,,0.27283,0.12057,0.24663,0.16739,0.29807,-0.29656,0.03199,0.17857,0.15711,-0.08525,,-0.06300,1.00000,1.00000,true,,0.60550,0.17017,0.56500,0.27571,0.62868,-0.45013,0.43929,0.01313,0.01303,0.00163,,-0.04875,1.00000,1.00000,1125,genuine_population,gen,ewc_124060_67390,124060,European Watch Company,https://images.europeanwatch.com/images/67/67390-2.jpg
863994badba1492e,images/86/863994badba1492ef6fdc8b975d8d055cbb8ce7034ba4e2df1a4518e6367772b.jpg,accepted,1080,864,,true,272.90706,0.99777,0.12428,54,12,274.72532,true,11,-0.25826,0.69030,0.73703,0.13108,0.04114,true,,-0.26531,0.91309,-0.35837,0.88195,0.95198,-0.91309,-0.26531,0.54164,-0.48627,-0.23713,0.03778,,1.00000,0.96667,0.08999,0.07769,0.37304,true,,-0.10116,1.37053,-0.24400,1.35145,1.37330,-0.10116,1.37053,0.54008,-0.18872,0.50619,-0.30169,,1.00000,1.00000,true,,-0.64935,0.97253,-0.74411,0.89526,1.16413,0.97253,0.64935,0.31339,-0.01544,0.31382,-0.13017,,1.00000,1.00000,true,,-0.68166,0.67143,-0.74406,0.59567,0.95313,0.68166,-0.67143,0.24574,0.22249,-0.10655,0.02490,,1.00000,1.00000,true,,0.07894,0.50470,0.02603,0.51073,0.51139,-0.39762,0.32072,0.04192,0.02117,-0.03615,,-0.33711,0.93056,1.00000,true,,0.03506,0.44453,-0.01159,0.44597,0.44612,-0.19190,0.40250,0.28595,0.03332,-0.28395,,-0.60725,0.70833,0.97778,true,,0.21418,1.07594,0.10074,1.08990,1.09455,0.72346,0.82470,0.23873,0.23407,-0.04755,,-0.19665,0.93056,1.00000,true,,-0.01014,1.05239,-0.11914,1.04172,1.04851,0.90633,0.53498,0.16794,0.08737,-0.14372,,-0.31546,1.00000,1.00000,true,,-0.30143,0.88162,-0.38872,0.84138,0.92683,0.91422,-0.17976,0.16935,-0.09054,-0.14385,,-0.19900,0.98611,1.00000,true,,-0.16075,0.51132,-0.21124,0.48988,0.53349,0.39488,-0.36244,0.41434,-0.41633,0.00305,,-0.27334,0.87500,1.00000,true,,-0.22887,0.40212,-0.26810,0.37598,0.46177,-0.00285,-0.46268,0.13287,-0.09945,0.08862,,-0.40271,1.00000,1.00000,true,,-0.38840,0.24697,-0.41127,0.20585,0.45991,-0.01968,-0.45985,0.23634,0.21330,-0.10211,,-0.22720,0.88889,1.00000,1128,genuine_population,gen,ewc_124060_58030,124060,European Watch Company,https://images.europeanwatch.com/images/58/58030-2.jpg
ce897d84b86f5ae9,images/ce/ce897d84b86f5ae9e15f0641e829d5bbaa9b825f6469b8ec3ac143bb3466ab68.jpg,accepted,1080,864,,true,275.47079,0.99933,0.11342,54,12,276.55103,true,10,0.35432,0.34532,0.49476,0.02418,-0.11120,true,,0.15728,0.20960,0.14177,0.21989,0.26163,-0.20960,0.15728,0.21541,0.05531,0.20860,0.22659,,1.00000,1.00000,-0.01179,0.45470,0.19001,true,,0.51013,0.36962,0.48288,0.40584,0.63078,0.51013,0.36962,0.46629,0.08174,0.45873,-0.59646,,1.00000,1.00000,true,,0.70161,0.56160,0.66179,0.61369,0.90255,0.56160,-0.70161,0.21083,0.19250,0.08348,-0.42175,,1.00000,1.00000,true,,-0.07749,0.72762,-0.13110,0.72134,0.73316,0.07749,-0.72762,0.40553,0.40437,-0.00183,-0.32891,,1.00000,1.00000,true,,0.00103,0.05660,-0.00294,0.05634,0.05641,-0.04850,0.02919,0.02582,-0.01602,-0.02032,,-0.25059,0.98611,1.00000,true,,0.29049,-0.42506,0.31868,-0.40192,0.51293,0.46410,-0.22287,0.34728,0.24183,-0.25067,,-0.32739,0.91667,1.00000,true,,0.70970,-0.09297,0.71480,-0.04168,0.71601,0.56813,-0.43537,0.08986,0.02752,-0.08554,,-0.10389,0.98611,1.00000,true,,0.59407,-0.09233,0.60035,-0.04971,0.60240,0.21708,-0.56064,0.30636,-0.30183,0.04394,,-0.08883,1.00000,1.00000,true,,0.93011,0.42105,0.90076,0.48937,1.02511,-0.10041,-1.01603,0.26027,-0.24168,-0.09311,,-0.13794,1.00000,1.00000,true,,0.65715,0.68517,0.60750,0.73377,0.95261,-0.22652,-0.92195,0.11542,-0.11304,-0.02074,,-0.10193,0.97222,1.00000,true,,0.27242,0.85162,0.20966,0.86885,0.89379,-0.66174,-0.60132,0.24277,-0.22992,-0.07774,,-0.19843,1.00000,1.00000,false,outline coverage 0.58; 6/8 octants,,,,,,,,,,,,,0.58333,1.00000,1126,genuine_population,gen,ewc_124060_46174,124060,European Watch Company,https://images.europeanwatch.com/images/46/46174-2.jpg
1f8e307cd10eff78,images/1f/1f8e307cd10eff78a9e7696bfe9b99a9bccc83d517dc15c3ae831436a5a9b603.jpg,accepted,1080,864,,true,282.97202,0.99489,0.12318,54,12,284.77710,true,10,0.06106,0.55298,0.55634,-0.07122,0.07635,true,,0.41031,1.31176,0.21220,1.36438,1.38078,-1.31176,0.41031,0.61439,-0.61030,-0.03523,0.42628,,1.00000,1.00000,0.32706,0.49056,0.30008,true,,0.32892,0.70942,0.21774,0.74669,0.77779,0.32892,0.70942,0.36075,0.34062,-0.11803,0.16604,,1.00000,1.00000,true,,-0.10921,0.58624,-0.19413,0.55869,0.59145,0.58624,0.10921,0.20218,0.20082,-0.03659,0.23816,,1.00000,1.00000,true,,0.30601,0.16378,0.28025,0.20673,0.34825,-0.30601,-0.16378,0.08798,-0.00979,0.08753,0.10978,,1.00000,1.00000,true,,0.09314,0.88398,-0.04089,0.89067,0.89161,-0.71897,0.52265,0.23972,-0.15798,-0.17900,,-0.18864,1.00000,1.00000,false,outline coverage 0.72; 6/8 octants,,,,,,,,,,,,,0.72222,0.98889,true,,-0.25816,0.62441,-0.34881,0.57540,0.67287,0.08864,0.66984,0.14242,-0.13925,-0.03490,,-0.13404,1.00000,1.00000,true,,-0.24952,0.59620,-0.33498,0.54793,0.64221,0.39157,0.51419,0.06152,0.01833,0.05896,,-0.02287,0.97222,1.00000,true,,-0.18362,0.07020,-0.19186,0.04229,0.19646,0.15260,0.12392,0.22106,-0.07837,0.20806,,-0.06311,0.94444,1.00000,true,,0.05300,0.22211,0.02042,0.22642,0.22734,0.06516,-0.21885,0.08446,0.08369,0.01065,,-0.09457,1.00000,1.00000,true,,0.56833,0.52126,0.48949,0.60086,0.77501,-0.75282,-0.16725,0.21162,-0.19491,-0.08002,,-0.15780,0.98611,1.00000,true,,0.57422,0.51236,0.49597,0.59423,0.77401,-0.73082,0.24111,0.08403,-0.02756,0.07885,,-0.10502,1.00000,1.00000,1150,genuine_population,gen,ewc_124060_66197,124060,European Watch Company,https://images.europeanwatch.com/images/66/66197-2.jpg
faf4136781344da2,images/fa/faf4136781344da208835457d84e48b26101d65b9ffc4031a12f8e87c515a3b6.jpg,accepted,1080,864,,true,270.61265,0.99888,0.11111,54,12,272.74070,true,10,0.06696,0.05852,0.08893,0.02493,0.00335,true,,0.29747,0.44977,0.24620,0.47740,0.53715,-0.44977,0.29747,0.49818,-0.45316,0.21171,0.26237,,1.00000,0.96667,0.04272,0.49251,0.29979,true,,0.48033,-0.10188,0.48872,-0.04900,0.49117,0.48033,-0.10188,0.39209,0.35570,-0.16495,-0.14714,,0.71429,1.00000,true,,-0.31813,0.04305,-0.32099,0.00802,0.32109,0.04305,0.31813,0.38380,-0.05953,0.37904,-0.08071,,1.00000,1.00000,true,,0.12101,-0.30557,0.15362,-0.28996,0.32814,-0.12101,0.30557,0.35794,-0.09962,0.34441,0.07225,,0.85714,0.96667,true,,0.08780,0.06250,0.08042,0.07141,0.10755,-0.01023,0.10729,0.05805,-0.05793,0.00560,,-0.31054,1.00000,1.00000,false,hand/occluder crosses outline (clean 0.58),,,,,,,,,,,,,0.70833,0.57778,true,,0.03797,0.07614,0.02956,0.07989,0.08518,0.07095,0.04695,0.07779,-0.07309,0.02635,,-0.21606,1.00000,1.00000,true,,0.07964,0.21264,0.05615,0.22039,0.22743,0.22397,0.03735,0.10785,0.08800,0.06212,,-0.22080,1.00000,1.00000,true,,0.05239,0.12457,0.03837,0.12961,0.13517,0.08169,-0.10766,0.03702,0.01873,-0.03192,,-0.31935,0.98611,1.00000,true,,0.23230,0.19782,0.20872,0.22178,0.30455,-0.10226,-0.28747,0.24986,-0.11984,-0.21981,,-0.37518,0.98611,1.00000,true,,-0.00199,0.21555,-0.02564,0.21332,0.21485,-0.10605,-0.18766,0.20563,-0.07267,-0.19301,,-0.31938,1.00000,1.00000,true,,-0.10769,0.05282,-0.11252,0.04070,0.11966,0.00810,-0.11968,0.17322,0.03341,-0.17041,,-0.28154,1.00000,1.00000,1145,genuine_population,gen,ewc_124060_59697,124060,European Watch Company,https://images.europeanwatch.com/images/59/59697-2.jpg
3eb726b6222a3cb1,images/3e/3eb726b6222a3cb10eb5b041e062ed538f035f4b041fa90370a0b487462e7dd7.jpg,accepted,1080,864,,true,267.41658,0.99953,0.10842,54,12,269.36669,true,10,0.10984,-0.12722,0.16808,-0.01665,0.02563,true,,0.16180,0.23602,0.14360,0.24647,0.28525,-0.23602,0.16180,0.33641,-0.33533,-0.03480,0.27184,,1.00000,1.00000,0.09776,0.37030,0.00004,true,,-0.33127,0.22939,-0.34756,0.20435,0.40318,-0.33127,0.22939,0.48255,-0.39751,0.27306,-0.20616,,1.00000,1.00000,true,,0.00045,0.27900,-0.02019,0.27807,0.27881,0.27900,-0.00045,0.44797,0.44820,0.00835,-0.38248,,1.00000,1.00000,true,,0.31710,-0.40233,0.34475,-0.37688,0.51078,-0.31710,0.40233,0.25272,-0.18276,0.17569,-0.21199,,1.00000,1.00000,true,,-0.65606,-0.13839,-0.64368,-0.18520,0.66980,-0.20819,-0.63736,0.82657,-0.33889,-0.75469,,-0.50309,0.80556,0.93333,false,hand/occluder crosses outline (clean 0.57),,,,,,,,,,,,,0.69444,0.57222,true,,0.33455,-0.43101,0.36569,-0.40505,0.54571,0.07422,-0.54054,0.48029,0.09144,-0.47140,,-0.36403,0.83333,1.00000,true,,0.12958,0.47062,0.09448,0.47900,0.48823,0.47236,0.12309,0.60317,0.57576,0.17947,,-0.31256,0.94444,1.00000,true,,-0.07315,-0.20626,-0.05745,-0.21084,0.21853,-0.14205,0.16648,0.10690,0.06164,0.08770,,-0.37076,0.93056,1.00000,true,,0.31195,-0.50269,0.34721,-0.47710,0.59006,-0.52150,0.27936,0.34881,-0.33057,0.11440,,-0.39297,0.86111,1.00000,true,,0.56836,-0.01291,0.56536,0.02838,0.56607,-0.48576,0.29536,0.42901,-0.43000,0.03011,,-0.67890,0.83333,1.00000,true,,0.29248,-0.77422,0.34803,-0.74873,0.82566,0.52425,0.64040,0.62629,0.49384,0.38792,,-0.40258,0.88889,1.00000,1082,genuine_population,gen,ewc_124060_57714,124060,European Watch Company,https://images.europeanwatch.com/images/57/57714-2.jpg
02848b9bfa678830,images/02/02848b9bfa6788303b5b6b91954c96a1120d944442effcf1ecc1459759495883.jpg,accepted,1080,864,,true,278.22970,0.99771,0.12193,54,12,280.47558,true,10,-0.07865,0.59678,0.60194,0.05077,-0.01795,true,,0.22909,1.37677,0.09776,1.39422,1.39764,-1.37677,0.22909,0.94497,-0.88751,0.32118,0.12696,,1.00000,1.00000,0.10216,0.25045,0.48362,true,,0.14390,0.51259,0.09397,0.52325,0.53162,0.14390,0.51259,0.06246,0.05769,-0.02379,-0.14737,,1.00000,0.96667,true,,0.24319,0.96473,0.15054,0.97772,0.98924,0.96473,-0.24319,0.32056,0.25357,-0.19839,-0.24181,,1.00000,0.96667,true,,-0.00331,0.92501,-0.08870,0.91732,0.92160,0.00331,-0.92501,0.28420,-0.12667,-0.25527,-0.01386,,0.90476,0.96667,true,,-0.13222,0.36657,-0.16693,0.35303,0.39051,-0.38356,0.06878,0.14641,0.03379,-0.14233,,-0.39340,0.98611,1.00000,false,outline coverage 0.67; 6/8 octants,,,,,,,,,,,,,0.66667,0.98889,true,,0.03955,0.54959,-0.01342,0.54894,0.54911,0.30905,0.45618,0.08942,-0.08938,-0.00556,,-0.33453,1.00000,1.00000,true,,-0.02288,0.78054,-0.09695,0.77057,0.77665,0.66453,0.41009,0.16469,0.03735,0.16107,,-0.32002,0.93056,0.94444,true,,-0.15495,0.68198,-0.21690,0.65961,0.69436,0.66809,-0.20680,0.14789,0.01902,0.14725,,-0.33273,0.95833,1.00000,true,,-0.08649,0.39482,-0.12212,0.38265,0.40166,0.27231,-0.29868,0.32622,-0.16403,0.28412,,-0.40265,0.97222,1.00000,true,,-0.00174,0.66683,-0.06353,0.66275,0.66579,-0.33191,-0.57837,0.16693,-0.16518,0.02632,,-0.47085,0.91667,1.00000,true,,-0.24182,0.41589,-0.27941,0.39149,0.48098,-0.23926,-0.41737,0.15828,0.15621,-0.02541,,-0.38451,0.94444,1.00000,1108,genuine_population,gen,ewc_124060_58150,124060,European Watch Company,https://images.europeanwatch.com/images/58/58150-2.jpg
8a879a6b7af453d4,images/8a/8a879a6b7af453d42304bf7b30cc48c0b815e31a8cda49fa2f05eee093b16b5c.jpg,accepted,1080,864,,true,274.56925,0.99936,0.11865,54,12,276.39825,true,10,-0.07056,0.27198,0.28099,-0.04001,-0.01950,true,,-0.64932,0.72348,-0.72048,0.65393,0.97299,-0.72348,-0.64932,0.64110,-0.35723,-0.53185,-0.82231,,1.00000,1.00000,-0.80085,-0.73983,-0.44520,true,,-0.06361,0.02854,-0.06623,0.02183,0.06974,-0.06361,0.02854,0.18868,0.06266,-0.17793,-0.08891,,1.00000,1.00000,true,,-0.03009,0.24987,-0.05548,0.24499,0.25119,0.24987,0.03009,0.08128,0.05596,0.05917,-0.48621,,1.00000,1.00000,true,,0.19519,0.19682,0.17393,0.21581,0.27718,-0.19519,-0.19682,0.21605,-0.15355,0.15244,-0.13664,,1.00000,1.00000,true,,-0.42199,0.24059,-0.44485,0.19621,0.48620,-0.41935,-0.24516,0.27943,-0.06757,-0.27094,,-0.19648,0.86111,1.00000,false,hand/occluder crosses outline (clean 0.74),,,,,,,,,,,,,0.61111,0.73889,true,,0.05334,0.22280,0.03004,0.22695,0.22893,0.15760,0.16628,0.14648,0.14529,-0.01900,,-0.08533,0.90278,1.00000,true,,0.02966,0.24610,0.00417,0.24748,0.24752,0.22796,0.09736,0.09836,0.09846,-0.00170,,-0.11245,1.00000,1.00000,true,,-0.14289,0.17768,-0.16003,0.16166,0.22747,0.22532,0.03491,0.22005,0.05351,0.21371,,-0.04565,1.00000,1.00000,true,,-0.06886,0.37701,-0.10673,0.36743,0.38262,0.24814,-0.29207,0.16226,0.16255,0.00393,,-0.22532,0.90278,1.00000,true,,0.20957,0.45878,0.16161,0.47814,0.50471,-0.41088,-0.29253,0.22333,-0.21861,0.04578,,-0.36539,0.95833,1.00000,true,,0.00414,0.51780,-0.04883,0.51610,0.51841,-0.45050,-0.25531,0.14124,-0.14104,-0.00322,,-0.20625,0.90278,0.89444,1106,genuine_population,gen,ewc_124060_58678,124060,European Watch Company,https://images.europeanwatch.com/images/58/58678-2.jpg
81d79fcb376dc958,images/81/81d79fcb376dc958a3a1c36bdedb19f804cd6408db7217646199c4bf8af9a26a.jpg,accepted,1080,864,,true,278.96431,0.99930,0.12505,54,12,280.94926,true,10,-0.38266,0.10039,0.39561,-0.01303,0.05672,true,,-0.85296,0.50805,-0.89901,0.41815,0.99150,-0.50805,-0.85296,0.78097,-0.33969,-0.70439,0.02834,,1.00000,1.00000,-0.06416,0.17585,0.22636,true,,-0.65385,0.14845,-0.66592,0.08080,0.67081,-0.65385,0.14845,0.32552,-0.25523,-0.20177,0.29895,,0.95238,1.00000,true,,-0.68380,0.03790,-0.68355,-0.03272,0.68434,0.03790,0.68380,0.12555,-0.07342,0.10186,0.45361,,1.00000,1.00000,true,,-0.08920,0.08274,-0.09695,0.07306,0.12140,0.08920,-0.08274,0.29644,-0.25383,-0.15475,-0.44358,,0.66667,1.00000,true,,-0.15587,0.55430,-0.21140,0.53484,0.57510,-0.55797,0.14216,0.27792,-0.22230,0.16749,,-0.15117,0.87500,1.00000,false,hand/occluder crosses outline (clean 0.72),,,,,,,,,,,,,0.51389,0.71667,true,,-0.29470,0.22113,-0.31586,0.18977,0.36849,-0.14465,0.33886,0.23684,0.13673,-0.19329,,-0.10915,0.95833,1.00000,true,,-0.51854,0.49344,-0.56622,0.43758,0.71560,0.16806,0.69579,0.27449,0.26279,0.07882,,-0.06483,1.00000,1.00000,true,,-0.72841,0.09798,-0.73336,0.02251,0.73370,0.44906,0.58183,0.20147,0.17297,0.10397,,-0.05451,1.00000,1.00000,true,,-0.31208,-0.13359,-0.29595,-0.16466,0.33867,0.20348,0.27174,0.15826,-0.15744,-0.01948,,-0.06677,0.94444,1.00000,true,,-0.26560,-0.21236,-0.24168,-0.23767,0.33896,0.33619,0.05111,0.17326,0.11439,0.13073,,-0.12582,0.86111,1.00000,true,,-0.30467,-0.13758,-0.28828,-0.16734,0.33333,0.27148,-0.19506,0.23760,0.23633,-0.03063,,-0.16285,0.86111,1.00000,1134,genuine_population,gen,ewc_124060_59112_59921_62175,124060,European Watch Company,https://images.europeanwatch.com/images/59/59112-2.jpg
9e1cc007f5720dbb,images/9e/9e1cc007f5720dbb1b976431a9153373feeb1f4c40306dc28b75656249749325.jpg,accepted,1080,864,,true,263.15422,0.99908,0.10966,54,12,264.73517,true,10,-0.30535,0.51536,0.59903,0.04529,-0.07173,true,,-0.15163,0.89781,-0.24217,0.87436,0.90728,-0.89781,-0.15163,0.57714,-0.44954,0.36415,0.91121,,1.00000,0.96667,0.83927,0.99384,0.94984,true,,-0.54985,0.57157,-0.60442,0.51198,0.79212,-0.54985,0.57157,0.47894,-0.38993,0.27906,-0.32195,,0.71429,1.00000,true,,0.24635,1.11363,0.13122,1.13640,1.14395,1.11363,-0.24635,0.53945,0.47854,-0.24570,-0.19483,,0.95238,0.80000,true,,-0.54363,0.93855,-0.63872,0.87766,1.08548,0.54363,-0.93855,0.24746,0.20169,-0.14289,-0.24872,,1.00000,1.00000,true,,-0.49716,0.23291,-0.51738,0.17988,0.54776,-0.45029,-0.31410,0.11033,0.04883,-0.09919,,-0.17581,0.97222,1.00000,false,hand/occluder crosses outline (clean 0.69),,,,,,,,,,,,,0.79167,0.69444,true,,-0.07098,0.25362,-0.09627,0.24537,0.26358,0.06534,0.25513,0.11300,-0.08693,-0.07189,,-0.20909,1.00000,1.00000,true,,-0.04823,0.46367,-0.09523,0.45755,0.46735,0.37743,0.27360,0.08524,-0.06583,0.05389,,-0.22838,0.97222,1.00000,true,,0.17164,0.81189,0.08708,0.82752,0.83209,0.61729,-0.55459,0.24320,-0.07690,-0.23023,,-0.22266,1.00000,1.00000,true,,0.05060,0.60335,-0.01232,0.60633,0.60646,0.25785,-0.54782,0.33667,-0.32904,0.06755,,-0.24499,1.00000,1.00000,true,,-0.37009,0.35388,-0.40477,0.31334,0.51188,0.14357,-0.49151,0.38757,0.10076,0.37478,,-0.20894,1.00000,1.00000,true,,-0.59602,0.47106,-0.64078,0.40586,0.75850,-0.10993,-0.75170,0.13807,0.13825,0.00729,,-0.14180,1.00000,1.00000,1071,genuine_population,gen,ewc_124060_62097,124060,European Watch Company,https://images.europeanwatch.com/images/62/62097-2.jpg
438ebce8166d3617,images/43/438ebce8166d361728c1806f774b833504fc69c7d810129ba4393ed6bf10b522.jpg,accepted,1080,864,,true,278.01769,0.99541,0.12649,54,12,280.03963,true,10,-0.02125,-0.43565,0.43616,-0.01052,0.03918,true,,-0.16279,0.32661,-0.19317,0.30555,0.36149,-0.32661,-0.16279,0.77014,-0.73604,-0.25196,0.56460,,1.00000,1.00000,0.61770,0.55305,0.71614,true,,-0.39813,-0.09409,-0.38725,-0.13258,0.40932,-0.39813,-0.09409,0.36599,-0.31190,0.19352,0.09282,,0.90476,1.00000,true,,-0.15560,-0.45443,-0.11069,-0.46906,0.48194,-0.45443,0.15560,0.05383,0.00090,-0.05363,-0.04192,,1.00000,1.00000,true,,0.27264,-0.71560,0.34388,-0.68262,0.76434,-0.27264,0.71560,0.34321,-0.31414,0.13728,-0.21353,,1.00000,1.00000,true,,0.04622,-0.17312,0.06235,-0.16606,0.17738,0.17304,-0.04654,0.16008,-0.14602,0.06946,,-0.35316,0.91667,0.95000,false,hand/occluder crosses outline (clean 0.54),,,,,,,,,,,,,0.66667,0.53889,true,,0.09300,-0.60336,0.15000,-0.59137,0.61010,-0.22113,-0.56902,0.38858,0.07463,-0.38179,,-0.18879,0.94444,1.00000,true,,-0.01303,-0.18956,0.00530,-0.19045,0.19053,-0.17067,-0.08350,0.27275,0.26019,-0.07812,,0.03117,1.00000,1.00000,true,,-0.32147,-0.43803,-0.27719,-0.46884,0.54465,-0.21861,0.49742,0.16466,0.14838,0.06983,,0.10919,0.95833,1.00000,true,,-0.24508,-0.73331,-0.17023,-0.75394,0.77292,-0.15441,0.75761,0.19729,0.03073,0.19492,,0.08262,0.90278,1.00000,true,,-0.10067,-0.54914,-0.04486,-0.55245,0.55427,0.36176,0.42524,0.13549,0.11393,-0.07358,,-0.03425,0.90278,1.00000,true,,-0.01906,-0.54829,0.03534,-0.54214,0.54329,0.48436,0.25764,0.11694,0.10143,-0.05933,,-0.25333,0.86111,1.00000,1122,genuine_population,gen,ewc_124060_42174,124060,European Watch Company,https://images.europeanwatch.com/images/42/42174-2.jpg
6bdbaa824febd436,images/6b/6bdbaa824febd43664c865fc33e65ba17017f063393ac97a0c41bc931d909e71.jpg,accepted,1080,864,,true,270.54394,0.99939,0.12151,54,12,272.54251,true,10,-0.35641,0.35462,0.50278,0.05175,0.05109,true,,-0.78234,0.67766,-0.86363,0.57256,1.03618,-0.67766,-0.78234,0.77604,-0.39263,-0.66857,0.04587,,1.00000,1.00000,0.02205,0.13662,0.28815,true,,-0.35760,0.41074,-0.40793,0.36116,0.54483,-0.35760,0.41074,0.23223,-0.15669,-0.17146,0.17933,,1.00000,1.00000,true,,-0.62810,0.37922,-0.67059,0.29412,0.73226,0.37922,0.62810,0.18459,-0.12559,0.13566,0.43572,,1.00000,1.00000,true,,-0.32658,0.44442,-0.38019,0.39844,0.55073,0.32658,-0.44442,0.24743,-0.08845,-0.23114,-0.39528,,0.85714,1.00000,true,,-0.05993,0.69875,-0.14988,0.68637,0.70255,-0.63510,0.29747,0.30266,-0.25141,0.16760,,-0.09604,0.93056,1.00000,false,hand/occluder crosses outline (clean 0.58),,,,,,,,,,,,,0.73611,0.58333,true,,-0.07823,0.52076,-0.14493,0.50572,0.52608,0.19263,0.49011,0.25228,0.14572,-0.20604,,-0.01426,0.98611,1.00000,true,,-0.35367,0.80935,-0.45466,0.75531,0.88159,0.52408,0.71096,0.22357,0.21886,0.04767,,0.01232,1.00000,1.00000,true,,-0.70459,0.46714,-0.75718,0.37129,0.84331,0.75684,0.37662,0.18118,0.14365,0.11107,,0.01596,1.00000,1.00000,true,,-0.34805,0.20656,-0.37093,0.15966,0.40383,0.40470,-0.00486,0.17567,-0.17563,-0.01210,,-0.00294,1.00000,1.00000,true,,-0.28904,-0.02144,-0.28375,-0.05848,0.28971,0.26103,-0.12595,0.19165,0.07844,0.17479,,0.00878,0.93056,1.00000,true,,-0.31664,0.05516,-0.32113,0.01403,0.32144,0.11055,-0.30180,0.18955,0.18627,-0.03392,,-0.04811,0.93056,1.00000,1176,genuine_population,gen,ewc_124060_59112_59921_62175,124060,European Watch Company,https://images.europeanwatch.com/images/62/62175-2.jpg
e5053040ac2be163,images/e5/e5053040ac2be163e50b99582aa9677356aa1d27e20503230ad2766bc3223022.jpg,accepted,1080,864,,true,277.40885,0.99894,0.12876,54,12,278.82775,true,10,0.10793,-0.12811,0.16752,-0.06703,0.09154,true,,-0.19271,0.99200,-0.27161,0.97459,1.01173,-0.99200,-0.19271,1.17349,-0.97878,-0.64598,0.74608,,1.00000,1.00000,0.74232,0.85650,1.13218,true,,-0.03555,-0.00147,-0.03530,-0.00433,0.03556,-0.03555,-0.00147,0.20386,0.00908,-0.20349,0.22686,,1.00000,1.00000,true,,-0.08173,-0.22749,-0.06336,-0.23371,0.24215,-0.22749,0.08173,0.16722,0.05054,-0.15919,0.32051,,1.00000,1.00000,true,,0.01027,-0.25065,0.03036,-0.24965,0.25148,-0.01027,0.25065,0.32077,0.22886,-0.22367,-0.02101,,1.00000,1.00000,true,,0.32127,0.57755,0.27409,0.60240,0.66183,-0.33954,0.56700,0.40142,-0.35401,0.18841,,-0.26178,1.00000,1.00000,false,hand/occluder crosses outline (clean 0.67),,,,,,,,,,,,,0.77778,0.66667,true,,0.03767,-0.23016,0.05591,-0.22665,0.23344,-0.08246,-0.21816,0.41767,0.05346,-0.41407,,-0.04337,0.98611,1.00000,true,,-0.15448,0.07841,-0.16030,0.06596,0.17334,-0.00933,0.17299,0.21545,0.21202,-0.03717,,-0.03711,0.95833,0.92778,true,,-0.54621,-0.66551,-0.49228,-0.70853,0.86276,-0.30324,0.80579,0.46066,0.01536,0.45948,,-0.03493,1.00000,1.00000,true,,-0.18661,-0.70045,-0.13034,-0.71496,0.72675,-0.18862,0.69991,0.29286,0.11574,0.26818,,-0.04942,0.98611,1.00000,true,,0.72425,-0.26677,0.74510,-0.20780,0.77353,-0.49383,0.59315,0.33282,-0.32562,0.06416,,-0.20657,1.00000,1.00000,true,,0.49589,-0.20677,0.51174,-0.16616,0.53804,-0.06888,0.53284,0.02285,0.01390,0.01810,,-0.20925,0.97222,1.00000,1151,genuine_population,gen,ewc_124060_51884,124060,European Watch Company,https://images.europeanwatch.com/images/51/51884-2.jpg
4c5af62e5f35ab0d,images/4c/4c5af62e5f35ab0db21939018ea4515f22f4b60892ef656a496b5fd66e6f7d17.jpg,accepted,1080,864,,true,266.74737,0.99895,0.12528,54,12,268.10634,true,10,-0.16813,0.13486,0.21553,-0.04524,0.05984,true,,-0.03113,0.90902,-0.12182,0.90035,0.90855,-0.90902,-0.03113,0.66804,-0.66118,-0.10138,-0.52948,,1.00000,1.00000,-0.77264,-0.47853,-1.21973,true,,0.04457,0.18974,0.02554,0.19334,0.19502,0.04457,0.18974,0.33773,0.29018,-0.17374,-0.12863,,1.00000,1.00000,true,,-0.35348,0.22602,-0.37541,0.19045,0.42096,0.22602,0.35348,0.16830,0.16719,-0.01264,-0.41608,,1.00000,1.00000,true,,-0.23365,-0.12282,-0.22095,-0.14617,0.26493,0.23365,0.12282,0.18341,0.17218,0.06115,0.48428,,1.00000,1.00000,true,,-0.08634,0.57253,-0.14266,0.56010,0.57799,-0.53900,0.21149,0.23597,-0.23286,0.04118,,-0.23631,0.98611,1.00000,false,hand/occluder crosses outline (clean 0.77),,,,,,,,,,,,,0.68056,0.76667,true,,-0.47323,0.30807,-0.50137,0.25966,0.56462,-0.25579,0.50342,0.12065,-0.09959,0.06812,,0.01489,1.00000,1.00000,true,,-0.43313,0.41526,-0.47298,0.37121,0.60126,0.14306,0.58273,0.23888,0.18783,0.14647,,0.02083,1.00000,1.00000,true,,-0.08101,-0.16743,-0.06401,-0.17541,0.18672,-0.10450,0.15387,0.25169,-0.21327,-0.13148,,-0.00094,1.00000,1.00000,true,,-0.09507,-0.51289,-0.04295,-0.52180,0.52357,-0.17411,0.49171,0.42785,-0.28386,0.31779,,0.00419,1.00000,1.00000,true,,0.05919,0.20896,0.03792,0.21420,0.21753,-0.15575,-0.15137,0.20675,-0.11459,-0.17175,,-0.14440,0.98611,1.00000,true,,-0.12431,0.05286,-0.12921,0.03989,0.13523,0.01638,-0.13408,0.22875,0.16897,-0.15349,,-0.22601,1.00000,1.00000,1125,genuine_population,gen,ewc_124060_47106,124060,European Watch Company,https://images.europeanwatch.com/images/47/47106-2.jpg
87a03e2dee808813,images/87/87a03e2dee808813324e3b1e175ce96bfeca5b7bbf81e32d9c4a664539c1bc11.jpg,accepted,1080,864,,true,272.35231,0.99898,0.15454,54,12,274.05525,true,11,-0.12250,0.36003,0.38030,-0.05809,-0.12339,true,,-1.01632,0.75420,-1.09548,0.63721,1.26732,-0.75420,-1.01632,0.52964,-0.25580,-0.46302,-0.26995,,1.00000,1.00000,-0.37342,-0.23174,-0.50589,true,,-0.15803,-0.20885,-0.13354,-0.22539,0.26198,-0.15803,-0.20885,0.13936,0.04446,-0.13200,-0.20947,,0.80952,1.00000,true,,0.12252,0.28697,0.08977,0.29859,0.31180,0.28697,-0.12252,0.24643,0.03666,0.24386,0.30086,,1.00000,1.00000,true,,-0.01807,0.86255,-0.11325,0.85626,0.86372,0.01807,-0.86255,0.07186,0.05729,-0.04337,0.45072,,1.00000,1.00000,true,,-0.80346,-0.04510,-0.79409,-0.13541,0.80555,-0.36267,-0.71837,0.37679,0.12911,-0.35307,,-0.13795,0.88889,1.00000,true,,-0.26363,0.24783,-0.28992,0.21704,0.36216,-0.35223,0.08281,0.28473,0.03358,0.28237,,-0.61718,0.81944,1.00000,true,,0.18022,0.01666,0.17709,0.03673,0.18086,0.16440,-0.07568,0.18385,0.17904,0.04224,,-0.12579,0.94444,1.00000,true,,0.33524,0.02172,0.33042,0.05907,0.33566,0.18643,-0.27946,0.06579,0.03533,-0.05556,,-0.11550,0.98611,1.00000,true,,0.29030,0.43382,0.24037,0.46331,0.52196,0.23055,-0.46831,0.12680,-0.00218,0.12676,,-0.10855,0.98611,1.00000,true,,0.44054,0.56617,0.37540,0.61216,0.71810,-0.09843,-0.71058,0.23058,-0.22518,0.05023,,-0.26745,0.98611,1.00000,true,,0.03647,0.91218,-0.06464,0.91271,0.91500,-0.48767,-0.77174,0.25381,-0.24325,0.07071,,-0.33773,0.95833,1.00000,true,,-0.61202,0.86805,-0.70554,0.79622,1.06384,-0.44575,-0.96405,0.23064,-0.03559,-0.22759,,-0.15765,0.91667,1.00000,1163,genuine_population,gen,ewc_124060_57290,124060,European Watch Company,https://images.europeanwatch.com/images/57/57290-2.jpg
deeac9c977cff01b,images/de/deeac9c977cff01bc1cc317a9cb75d0a64dc515626f88f8550d8cc092811ede2.jpg,accepted,1080,864,,true,200.82010,0.99977,0.08836,54,12,202.30220,true,11,0.08489,0.55940,0.56581,0.08804,-0.00827,true,,-0.03087,0.88144,-0.03229,0.88118,0.88177,-0.88144,-0.03087,0.47324,-0.46407,-0.09331,0.29402,,1.00000,1.00000,0.05201,0.52433,0.25232,true,,0.10354,0.81233,0.10202,0.81172,0.81810,0.10354,0.81233,0.29859,-0.11743,0.27477,-0.08307,,1.00000,1.00000,true,,0.01937,0.83475,0.01804,0.83366,0.83385,0.83475,-0.01937,0.16536,0.13983,0.08856,-0.47720,,1.00000,1.00000,true,,-0.06454,0.85272,-0.06570,0.85207,0.85460,0.06454,-0.85272,0.27110,0.01510,-0.27086,-0.22753,,1.00000,1.00000,true,,0.50360,0.28613,0.50325,0.28690,0.57929,0.00400,0.57920,0.39055,0.30093,0.24881,,-0.15190,1.00000,1.00000,true,,0.57892,0.24827,0.57850,0.24909,0.62984,0.37722,0.50447,0.43787,0.43789,0.00061,,-0.11185,0.88889,0.93333,true,,-0.03425,0.46631,-0.03510,0.46568,0.46700,0.20349,0.42096,0.29539,-0.29555,0.00286,,-0.11558,1.00000,1.00000,true,,-0.02306,0.42430,-0.02379,0.42368,0.42435,0.35592,0.23212,0.32023,-0.31660,0.05028,,-0.03965,1.00000,1.00000,true,,0.46511,0.81068,0.46399,0.81037,0.93381,0.46951,-0.80814,0.44596,-0.11724,-0.43026,,-0.09520,1.00000,1.00000,true,,-0.29805,0.34572,-0.29862,0.34494,0.45624,0.43098,-0.15037,0.40886,0.08049,0.40098,,-0.10781,1.00000,1.00000,true,,0.01769,0.53475,0.01698,0.53459,0.53486,-0.28269,-0.45427,0.07439,-0.07347,0.01132,,-0.15798,1.00000,1.00000,true,,-0.30274,0.67608,-0.30391,0.67541,0.74063,-0.43413,-0.60022,0.37450,-0.05144,-0.37090,,-0.18427,1.00000,1.00000,845,genuine_population,gen,ewc_124060_66045,124060,European Watch Company,https://images.europeanwatch.com/images/66/66045-1.jpg
f012ee60547d1305,images/f0/f012ee60547d130529ca033022e00660ed5944d1c991ddfe457878bbfae92143.jpg,accepted,1080,864,,true,266.67153,0.99815,0.15363,54,12,268.00556,true,11,-0.13200,0.05422,0.14270,-0.06968,-0.02982,true,,-0.38710,0.70614,-0.44233,0.67317,0.80549,-0.70614,-0.38710,0.51442,-0.49237,-0.14840,-0.22924,,1.00000,1.00000,-0.32050,-0.21413,-0.50494,true,,-0.24623,-0.17093,-0.23177,-0.19019,0.29982,-0.24623,-0.17093,0.13164,0.02275,-0.12956,-0.35723,,1.00000,1.00000,true,,-0.09697,0.15354,-0.10900,0.14555,0.18184,0.15354,0.09697,0.24322,0.23077,0.07566,-0.15665,,1.00000,1.00000,true,,-0.30258,0.11736,-0.31123,0.09293,0.32480,0.30258,-0.11736,0.32173,0.31713,0.05307,-0.18775,,0.95238,1.00000,true,,-0.25174,0.47388,-0.28872,0.45240,0.53668,-0.53626,0.01893,0.33833,-0.26483,0.21033,,-0.02833,0.90278,1.00000,true,,-0.31202,-0.10234,-0.30278,-0.12702,0.32834,-0.21904,-0.24464,0.14467,0.07533,-0.12342,,-0.05475,0.93056,1.00000,true,,-0.03705,-0.07116,-0.03126,-0.07397,0.08030,-0.06767,-0.04310,0.16946,0.16217,-0.04909,,-0.03825,0.98611,1.00000,true,,-0.16065,-0.45427,-0.12387,-0.46626,0.48243,-0.47373,-0.08801,0.33558,-0.31407,-0.11694,,-0.00013,1.00000,1.00000,true,,-0.17449,0.04871,-0.17796,0.03471,0.18131,0.12943,0.12675,0.22946,0.16188,0.16236,,-0.00703,1.00000,1.00000,true,,0.33540,0.06442,0.32940,0.09109,0.34177,-0.25825,-0.22349,0.27540,-0.24875,-0.11771,,-0.03282,0.95833,1.00000,true,,0.08704,0.34588,0.05903,0.35203,0.35695,-0.24832,-0.25602,0.17588,-0.17428,-0.02303,,-0.02418,1.00000,1.00000,true,,-0.13413,0.16300,-0.14680,0.15183,0.21119,-0.07409,-0.19766,0.09123,0.07013,0.05827,,-0.25213,0.90278,1.00000,1097,genuine_population,gen,ewc_124060_55139,124060,European Watch Company,https://images.europeanwatch.com/images/55/55139-2.jpg
cff7f3769fe83671,images/cf/cff7f3769fe83671b854e2d07fc7e32b5ca4dab5ae04f63f641f56abbce2d6f2.jpg,accepted,1080,864,,true,268.02414,0.99801,0.15715,53,12,270.15551,true,11,0.00771,-0.05855,0.05906,-0.09052,-0.03912,true,,-0.50925,0.59470,-0.57801,0.52790,0.78280,-0.59470,-0.50925,0.58414,-0.45834,-0.36230,0.62848,,1.00000,1.00000,0.49518,0.78994,0.72960,true,,-0.29092,-0.47554,-0.23048,-0.50791,0.55776,-0.29092,-0.47554,0.29612,-0.10577,-0.27644,-0.00763,,1.00000,0.96667,true,,-0.21597,-0.12390,-0.19898,-0.14957,0.24893,-0.12390,0.21597,0.37602,0.12080,0.35649,-0.02490,,1.00000,0.96667,true,,-0.08139,0.13879,-0.09762,0.12766,0.16071,0.08139,-0.13879,0.27322,0.26751,-0.05782,-0.11410,,1.00000,1.00000,true,,-0.21946,-0.15088,-0.19931,-0.17669,0.26635,0.02093,-0.26550,0.18937,0.16850,-0.08630,,0.01523,0.95833,0.94444,true,,-0.25813,0.05575,-0.26310,0.02364,0.26416,-0.25142,-0.08079,0.14581,-0.08241,0.12021,,0.03501,0.97222,0.95000,true,,0.02714,-0.30183,0.06395,-0.29626,0.30309,-0.12742,-0.27496,0.12464,0.10066,-0.07348,,0.03198,0.98611,1.00000,true,,0.22166,-0.27914,0.25413,-0.24965,0.35624,-0.13091,-0.33154,0.19260,0.11896,-0.15150,,0.14822,1.00000,1.00000,true,,0.16767,-0.25214,0.19704,-0.22941,0.30241,-0.30220,-0.01914,0.11424,-0.05184,0.10184,,0.09033,1.00000,1.00000,true,,0.29932,0.02629,0.29335,0.06291,0.30002,-0.24607,-0.17242,0.07518,-0.01716,-0.07324,,0.01916,1.00000,1.00000,true,,0.48693,0.17576,0.46103,0.23405,0.51704,-0.50957,0.09125,0.38865,-0.33972,0.18995,,-0.07700,0.93056,1.00000,true,,0.00852,0.35149,-0.03459,0.34982,0.35152,-0.30866,-0.16837,0.16766,-0.16061,-0.04823,,-0.00849,1.00000,1.00000,1067,genuine_population,gen,ewc_124060_64518,124060,European Watch Company,https://images.europeanwatch.com/images/64/64518-2.jpg
f1e3a0fcb0ac0900,images/f1/f1e3a0fcb0ac0900aaea6fa888135857d0139d522e1b615a9e4616db347b7195.jpg,accepted,1080,864,,true,274.97416,0.99897,0.14298,54,12,276.15872,true,10,0.07351,0.24831,0.25896,-0.08464,-0.00712,true,,-0.65761,1.46953,-0.76455,1.41597,1.60919,-1.46953,-0.65761,1.26599,-1.04081,-0.72185,-1.04045,,0.80952,1.00000,-1.07613,-0.93861,-0.80124,true,,-0.05251,0.20992,-0.06778,0.20558,0.21647,-0.05251,0.20992,0.03379,0.03328,-0.00595,-0.09369,,1.00000,1.00000,true,,0.28607,0.28952,0.26413,0.31055,0.40768,0.28952,-0.28607,0.28158,0.22505,-0.16838,0.06537,,1.00000,1.00000,true,,0.18072,0.11621,0.17177,0.12950,0.21512,-0.18072,-0.11621,0.17581,0.08837,0.15174,-0.18077,,1.00000,1.00000,true,,-0.21898,0.57081,-0.26036,0.55272,0.61097,-0.60383,0.09576,0.26124,-0.24997,-0.07666,,-0.22143,0.98611,1.00000,false,hand/occluder crosses outline (clean 0.58),,,,,,,,,,,,,0.79167,0.57778,true,,0.28506,-0.10385,0.29196,-0.08259,0.30342,0.19495,-0.23247,0.41210,0.18480,-0.36823,,0.09307,1.00000,1.00000,true,,0.04199,-0.07147,0.04719,-0.06831,0.08302,-0.04090,-0.07210,0.13665,-0.10604,-0.08577,,0.04760,1.00000,1.00000,true,,-0.01739,0.10715,-0.02537,0.10583,0.10883,0.10149,-0.03851,0.22924,0.12800,0.18972,,0.07964,0.95833,1.00000,true,,-0.09676,-0.00871,-0.09601,-0.01589,0.09731,0.07944,0.05593,0.40931,0.22805,0.33916,,0.02547,0.98611,1.00000,true,,0.53821,0.35011,0.51107,0.38953,0.64260,-0.64116,-0.03410,0.29631,-0.25065,0.15748,,-0.19262,0.94444,1.00000,true,,0.17482,0.71102,0.12147,0.72218,0.73233,-0.70317,-0.20411,0.29075,-0.25767,-0.13463,,-0.24706,0.98611,1.00000,1126,genuine_population,gen,ewc_124060_50093,124060,European Watch Company,https://images.europeanwatch.com/images/50/50093-2.jpg
25d1d07126ca87f4,images/25/25d1d07126ca87f429ea615833a25523fee5c10c3a398f3d8431c30d84daf646.jpg,accepted,1080,864,,true,227.54663,0.99742,0.07814,52,12,229.13061,true,9,0.04255,-0.27250,0.27581,-0.04857,0.14864,true,,0.60594,-0.72095,0.59778,-0.71883,0.93492,0.72095,0.60594,0.53904,0.53712,0.08582,0.32235,,1.00000,1.00000,0.16698,0.48020,0.33122,true,,0.14963,0.44964,0.15518,0.44713,0.47329,0.14963,0.44964,0.33059,0.18904,0.27117,-0.20705,,1.00000,0.96667,true,,-0.54694,-0.47792,-0.55368,-0.47517,0.72963,-0.47792,0.54694,0.18626,-0.12068,0.14076,-0.30644,,1.00000,1.00000,true,,0.36884,-0.94983,0.36383,-0.95131,1.01851,-0.36884,0.94983,0.32950,-0.23930,0.22583,-0.78830,,1.00000,0.96667,false,hand/occluder crosses outline (clean 0.79),,,,,,,,,,,,,0.91667,0.78889,false,hand/occluder crosses outline (clean 0.67),,,,,,,,,,,,,0.77778,0.67222,true,,-0.22685,0.07291,-0.22623,0.07481,0.23828,-0.16000,0.17656,0.05576,0.02790,-0.04832,,-0.11061,1.00000,1.00000,true,,-0.64478,-0.20481,-0.64905,-0.19997,0.67916,-0.49976,0.45599,0.24609,-0.19554,0.14777,,-0.15026,0.98611,1.00000,true,,-0.18943,-0.44082,-0.19372,-0.44098,0.48166,-0.28704,0.38446,0.20696,0.06225,-0.19652,,-0.09217,1.00000,1.00000,true,,0.08783,-0.59183,0.08436,-0.59366,0.59962,-0.37198,0.46863,0.25271,-0.10604,-0.22869,,-0.12999,1.00000,1.00000,true,,0.18254,-0.67089,0.17835,-0.66895,0.69232,0.17736,0.67228,0.18447,0.17054,-0.07010,,-0.12337,0.97222,1.00000,true,,0.23650,-0.51012,0.23233,-0.50789,0.55851,0.32352,0.45988,0.28210,0.20037,-0.19916,,-0.11616,0.90278,1.00000,963,genuine_population,gen,ewc_124060_43020,124060,European Watch Company,https://images.europeanwatch.com/images/43/43020-1.jpg
452179d4614332e4,images/45/452179d4614332e47c0725712a9edf7ede33645383c591f2388222a3125c716f.jpg,accepted,1080,864,,true,276.92157,0.99897,0.15104,54,12,278.54434,true,10,-0.14496,-0.10038,0.17632,-0.04356,-0.03853,true,,-0.32858,0.69453,-0.42292,0.64174,0.76857,-0.69453,-0.32858,0.67719,-0.67646,-0.02127,-0.13069,,1.00000,1.00000,-0.22512,-0.21591,-0.78391,true,,-0.32449,-0.24516,-0.28680,-0.28864,0.40690,-0.32449,-0.24516,0.07859,-0.07479,-0.02408,-0.09847,,1.00000,1.00000,true,,-0.14737,-0.06718,-0.13650,-0.08734,0.16205,-0.06718,0.14737,0.16799,0.10381,0.13197,0.46195,,1.00000,1.00000,true,,-0.04981,0.19266,-0.07646,0.18392,0.19918,0.04981,-0.19266,0.13043,-0.01569,-0.12934,0.07641,,1.00000,1.00000,true,,-0.19591,-0.04346,-0.18783,-0.07066,0.20068,-0.06032,-0.19139,0.14541,0.04887,0.13695,,-0.23096,1.00000,1.00000,false,hand/occluder crosses outline (clean 0.64),,,,,,,,,,,,,0.79167,0.63889,true,,0.13979,-0.38211,0.19208,-0.35902,0.40717,-0.06999,-0.40081,0.33000,0.20465,-0.25888,,-0.04055,1.00000,1.00000,true,,-0.07931,-0.32000,-0.03355,-0.32836,0.33007,-0.31678,-0.09131,0.07963,-0.07095,-0.03595,,-0.02045,1.00000,1.00000,true,,-0.14258,-0.15080,-0.12000,-0.16957,0.20773,-0.05931,0.19888,0.17783,0.02892,0.17536,,-0.04636,1.00000,1.00000,true,,-0.06830,-0.22824,-0.03551,-0.23586,0.23852,-0.05497,0.23181,0.24330,-0.05331,0.23710,,-0.02213,1.00000,1.00000,true,,-0.08908,0.29108,-0.12919,0.27588,0.30463,-0.06839,-0.29662,0.19788,-0.14561,-0.13373,,-0.22604,0.97222,1.00000,true,,-0.31506,0.15488,-0.33374,0.10903,0.35110,0.02341,-0.35029,0.10391,-0.02500,-0.10084,,-0.17255,1.00000,1.00000,1126,genuine_population,gen,ewc_124060_47706,124060,European Watch Company,https://images.europeanwatch.com/images/47/47706-2.jpg
9b9533ead6035a40,images/9b/9b9533ead6035a40cdd00fb09e1a33a3424114ed55e30c2c2efc91588dc697d3.jpg,accepted,1080,864,,true,280.71182,0.99850,0.15536,55,12,282.28087,true,10,0.06333,-0.17665,0.18766,-0.04047,-0.01518,true,,-0.09159,0.53782,-0.15280,0.52034,0.54231,-0.53782,-0.09159,0.63012,-0.62950,-0.07419,0.46712,,1.00000,1.00000,0.26876,0.53269,-0.01039,true,,0.13281,-0.12138,0.14559,-0.10481,0.17939,0.13281,-0.12138,0.21334,0.17715,0.11839,0.26731,,0.85714,0.96667,true,,0.14487,-0.19348,0.16688,-0.17598,0.24252,-0.19348,-0.14487,0.08929,0.07623,-0.04570,0.76758,,1.00000,1.00000,true,,0.32932,-0.10422,0.34008,-0.06462,0.34616,-0.32932,0.10422,0.20183,-0.20021,-0.02198,0.22150,,1.00000,1.00000,true,,-0.16211,0.09882,-0.17191,0.07848,0.18897,-0.16664,-0.09099,0.25295,-0.25334,0.02466,,-0.18308,0.88889,1.00000,false,hand/occluder crosses outline (clean 0.56),,,,,,,,,,,,,0.70833,0.56111,true,,0.30896,-0.34818,0.34676,-0.31010,0.46519,0.09348,-0.45601,0.32352,0.24122,-0.21549,,0.03374,1.00000,1.00000,true,,0.02875,-0.53953,0.09071,-0.53453,0.54218,-0.45287,-0.29466,0.24736,-0.22265,-0.10560,,0.07330,1.00000,1.00000,true,,-0.02022,-0.24426,0.00861,-0.24601,0.24616,-0.20143,0.13964,0.16279,0.07118,0.14571,,0.06278,1.00000,1.00000,true,,-0.05833,-0.45338,-0.00439,-0.45828,0.45830,-0.17617,0.42181,0.34920,0.04497,0.34539,,0.03602,1.00000,1.00000,true,,-0.07386,-0.03331,-0.06947,-0.04173,0.08104,0.08062,-0.00808,0.17389,0.11878,-0.12688,,-0.05095,0.90278,1.00000,true,,-0.03864,0.02860,-0.04168,0.02370,0.04795,-0.00545,-0.04776,0.12492,-0.04978,-0.11510,,-0.17387,0.87500,1.00000,1189,genuine_population,gen,ewc_124060_44294,124060,European Watch Company,https://images.europeanwatch.com/images/44/44294-2.jpg
22b6183aa899f82a,images/22/22b6183aa899f82aa6f71cb3e474d18f4781df28ac15ee3c5ddfb69790647fb8.jpg,accepted,1080,864,,true,198.27460,0.99822,0.10382,53,12,199.55271,true,11,-0.14143,0.48076,0.50114,0.10204,0.04188,true,,-0.18668,0.40247,-0.18458,0.40365,0.44385,-0.40247,-0.18668,0.18027,-0.08446,-0.15926,-0.05446,,1.00000,1.00000,-0.17095,0.16793,0.32509,true,,0.07474,0.94799,0.07874,0.94733,0.95059,0.07474,0.94799,0.36211,0.06416,0.35652,-0.82516,,0.95238,0.96667,true,,-0.59711,0.82386,-0.59178,0.82372,1.01426,0.82386,0.59711,0.38977,0.18855,0.34238,0.05595,,1.00000,0.96667,true,,-0.45686,0.50836,-0.45237,0.50930,0.68120,0.45686,-0.50836,0.20950,0.15829,-0.13835,-0.38157,,1.00000,1.00000,true,,0.01140,0.42963,0.01334,0.42981,0.43002,-0.36637,0.22468,0.04482,-0.04371,-0.00966,,-0.24797,1.00000,1.00000,true,,-0.00687,0.18699,-0.00609,0.18710,0.18720,-0.09944,0.15850,0.32057,0.09996,-0.30452,,-0.46085,0.69444,0.83889,true,,-0.06398,0.55152,-0.06167,0.55113,0.55457,0.22035,0.50962,0.11478,-0.06099,-0.09739,,-0.21143,0.93056,0.81667,true,,-0.06615,0.65374,-0.06314,0.65255,0.65560,0.53308,0.38416,0.10211,0.02308,-0.09960,,-0.23136,1.00000,1.00000,true,,-0.21818,0.54361,-0.21459,0.54263,0.58352,0.57987,-0.08286,0.11305,-0.07413,-0.08587,,-0.15692,1.00000,1.00000,true,,-0.07942,0.30454,-0.07741,0.30392,0.31362,0.22105,-0.22404,0.30840,-0.30969,0.00162,,-0.23006,1.00000,1.00000,true,,-0.12217,0.24315,-0.12044,0.24342,0.27159,-0.01578,-0.27166,0.11769,-0.06578,0.09799,,-0.26421,1.00000,1.00000,true,,-0.17009,0.24931,-0.16845,0.25016,0.30158,-0.13087,-0.27196,0.05411,0.04780,-0.02557,,-0.19926,1.00000,1.00000,910,genuine_population,gen,ewc_124060_58030,124060,European Watch Company,https://images.europeanwatch.com/images/58/58030-1.jpg
17484cbe61baaa1a,images/17/17484cbe61baaa1ac6f5c09a8f5a40504042bd53b47dd1bafe7a69d8fe6f9ed5.jpg,accepted,1080,864,,true,200.54697,0.99948,0.10756,53,12,202.19856,true,11,-0.24301,0.46216,0.52215,0.13741,0.03085,true,,0.21876,0.84690,0.22074,0.84545,0.87379,-0.84690,0.21876,0.71337,-0.60709,0.37596,0.73181,,1.00000,0.96667,0.63169,0.87535,0.88806,true,,0.19438,0.47803,0.19564,0.47726,0.51580,0.19438,0.47803,0.23720,0.22768,-0.06645,-0.31798,,1.00000,1.00000,true,,-0.23280,0.75256,-0.23094,0.75279,0.78742,0.75256,0.23280,0.12331,0.07981,-0.09404,0.02405,,1.00000,0.96667,true,,-0.56206,0.31181,-0.56102,0.31301,0.64243,0.56206,-0.31181,0.12632,0.10696,0.06739,0.01151,,1.00000,0.96667,true,,0.03328,0.33953,0.03412,0.33914,0.34085,-0.27740,0.19858,0.09244,0.01862,0.09057,,0.03343,1.00000,1.00000,true,,-0.04513,0.43252,-0.04403,0.43234,0.43458,-0.25535,0.35201,0.04157,-0.03899,-0.01443,,0.03223,0.94444,0.92222,true,,-0.13702,0.62065,-0.13545,0.62074,0.63534,0.19166,0.60601,0.05402,-0.05382,-0.00463,,-0.00044,1.00000,1.00000,true,,-0.27576,0.73691,-0.27393,0.73731,0.78656,0.50030,0.60727,0.07638,-0.00361,0.07630,,-0.00684,1.00000,1.00000,true,,-0.44836,0.38652,-0.44732,0.38741,0.59176,0.55892,0.19503,0.22713,-0.18919,0.12590,,0.03931,1.00000,1.00000,true,,-0.52000,0.42915,-0.51876,0.43016,0.67391,0.66491,-0.11166,0.07767,-0.00354,0.07764,,0.02281,1.00000,1.00000,true,,-0.50294,0.44451,-0.50160,0.44542,0.67083,0.21331,-0.63643,0.20289,0.00670,-0.20293,,0.02867,1.00000,1.00000,true,,-0.27240,0.35899,-0.27140,0.35937,0.45034,-0.17470,-0.41540,0.13728,-0.12287,-0.06157,,-0.02351,1.00000,1.00000,865,genuine_population,gen,ewc_124060_67830,124060,European Watch Company,https://images.europeanwatch.com/images/67/67830-1.jpg
80d288dcc8689345,images/80/80d288dcc86893452c36984d75fabe80ad58f27b87e18b39bed8566a8021ccf2.jpg,accepted,1080,864,,true,226.66891,0.99799,0.11309,54,12,228.01194,true,10,0.05659,-0.18963,0.19789,-0.01990,0.04934,true,,-0.06002,0.19196,-0.05960,0.19100,0.20009,-0.19196,-0.06002,0.43886,-0.34546,-0.27384,0.44900,,1.00000,1.00000,0.35979,0.52530,0.40236,true,,-0.14276,0.14930,-0.14215,0.14915,0.20604,-0.14276,0.14930,0.25113,-0.16522,0.19000,0.03720,,0.90476,1.00000,true,,-0.12555,-0.23491,-0.12631,-0.23552,0.26725,-0.23491,0.12555,0.03516,-0.01071,0.03338,-0.01402,,1.00000,1.00000,true,,0.06784,-0.35873,0.06802,-0.35866,0.36506,-0.06784,0.35873,0.03081,0.02349,0.01990,-0.42992,,1.00000,1.00000,true,,0.21807,-0.01754,0.21766,-0.01742,0.21836,0.12423,0.18008,0.07296,-0.03165,0.06593,,-0.23128,1.00000,1.00000,false,hand/occluder crosses outline (clean 0.58),,,,,,,,,,,,,0.68056,0.57778,true,,0.10501,-0.38666,0.10370,-0.38701,0.40066,-0.10238,-0.38736,0.35474,-0.01986,-0.35434,,-0.24638,0.95833,1.00000,true,,0.09386,0.02074,0.09410,0.02071,0.09635,0.06489,-0.07091,0.25375,0.23770,-0.08653,,-0.06214,1.00000,1.00000,true,,-0.16696,-0.23079,-0.16766,-0.23136,0.28572,-0.11639,0.25999,0.12618,0.11330,0.05461,,-0.02150,1.00000,1.00000,true,,-0.02349,-0.60719,-0.02355,-0.60826,0.60872,-0.28326,0.53759,0.26308,-0.10219,0.24193,,-0.15016,0.83333,1.00000,true,,0.19686,-0.18800,0.19700,-0.18757,0.27201,-0.07648,0.26124,0.12460,-0.08518,-0.09131,,-0.18175,0.90278,1.00000,true,,0.14905,-0.23511,0.14880,-0.23412,0.27741,0.12909,0.24663,0.06468,0.03011,-0.05728,,-0.25466,1.00000,1.00000,933,genuine_population,gen,ewc_124060_42174,124060,European Watch Company,https://images.europeanwatch.com/images/42/42174-1.jpg
bab3598bd3412577,images/ba/bab3598bd34125776024ff067b1dbe09afba5b333b88412a7962524b308fac7f.jpg,accepted,1080,864,,true,243.60145,0.99890,0.15249,54,12,244.91905,true,11,0.00829,0.13272,0.13297,-0.04979,-0.12626,true,,-0.78799,0.40344,-0.82486,0.32181,0.88541,-0.40344,-0.78799,0.41673,-0.17507,-0.37808,-0.29368,,1.00000,1.00000,-0.41035,-0.23993,-0.52085,true,,-0.06880,-0.32682,-0.03605,-0.33245,0.33440,-0.06880,-0.32682,0.04815,0.00236,-0.04804,-0.11291,,1.00000,1.00000,true,,0.25031,0.15624,0.23404,0.18083,0.29576,0.15624,-0.25031,0.21644,0.11789,0.18080,0.42403,,1.00000,1.00000,true,,0.09731,0.56261,0.04074,0.57154,0.57299,-0.09731,-0.56261,0.02769,0.01667,-0.02199,0.39929,,1.00000,1.00000,true,,-0.66989,-0.15515,-0.65089,-0.22232,0.68781,-0.20059,-0.65772,0.30288,0.00130,-0.30260,,-0.20229,1.00000,1.00000,true,,-0.13576,-0.17435,-0.11769,-0.18726,0.22117,-0.03040,-0.21887,0.15037,0.11573,0.09615,,-0.39756,0.91667,1.00000,true,,0.25122,-0.18170,0.26789,-0.15614,0.31007,0.12671,-0.28297,0.15185,0.14192,0.05347,,-0.17574,0.88889,0.95556,true,,0.41349,-0.15232,0.42695,-0.11099,0.44114,0.07484,-0.43425,0.06537,0.04996,-0.04206,,-0.11471,1.00000,1.00000,true,,0.39420,0.19286,0.37431,0.23185,0.44030,-0.03008,-0.43781,0.09198,-0.03354,0.08531,,-0.08571,0.98611,1.00000,true,,0.46574,0.31809,0.43345,0.36434,0.56623,-0.24429,-0.50835,0.20055,-0.19200,0.05486,,-0.21046,1.00000,1.00000,true,,0.06990,0.52266,0.01739,0.52855,0.52884,-0.32187,-0.41769,0.18671,-0.13865,0.12410,,-0.23523,1.00000,1.00000,true,,-0.42249,0.58545,-0.47983,0.54068,0.72289,-0.29577,-0.65861,0.18741,-0.07247,-0.17258,,-0.22453,1.00000,1.00000,1115,genuine_population,gen,ewc_124060_63861,124060,European Watch Company,https://images.europeanwatch.com/images/63/63861-2.jpg
d29283758a85581c,images/d2/d29283758a85581caf037aab311620d8a549d90606acec5147687721830f18e0.jpg,accepted,1080,864,,true,193.76731,0.99893,0.10234,54,12,194.83580,true,11,-0.30366,0.23770,0.38563,0.08870,0.06576,true,,-0.25844,0.42517,-0.25745,0.42395,0.49600,-0.42517,-0.25844,0.35095,-0.32605,-0.13315,0.47149,,1.00000,1.00000,0.17607,0.88276,0.88024,true,,0.06955,0.16522,0.07003,0.16498,0.17922,0.06955,0.16522,0.34208,0.24235,-0.24174,-0.09581,,1.00000,1.00000,true,,-0.38155,0.43129,-0.38163,0.43320,0.57732,0.43129,0.38155,0.11174,0.06288,-0.09217,-0.23952,,1.00000,1.00000,true,,-0.40604,0.34036,-0.40608,0.34094,0.53023,0.40604,-0.34036,0.27413,-0.02912,-0.27287,-0.33169,,1.00000,1.00000,true,,-0.15510,0.06103,-0.15473,0.06114,0.16637,-0.13040,-0.10381,0.16492,0.08643,-0.14109,,-0.11373,0.87500,1.00000,true,,-0.02599,0.43084,-0.02479,0.42986,0.43058,-0.23793,0.36013,0.12458,0.00334,0.12475,,-0.13184,0.93056,1.00000,true,,-0.45236,0.55147,-0.45128,0.55304,0.71379,-0.11602,0.70376,0.19906,-0.11198,0.16440,,-0.09542,1.00000,1.00000,true,,-0.62321,0.42733,-0.62328,0.42963,0.75701,0.05848,0.75338,0.23344,-0.13558,0.18959,,-0.07243,1.00000,1.00000,true,,-0.56793,0.20936,-0.56863,0.21099,0.60651,0.46527,0.38717,0.06899,-0.03277,0.06060,,-0.08584,0.95833,1.00000,true,,-0.54161,0.09411,-0.54197,0.09531,0.55029,0.51611,0.18930,0.06117,-0.00637,0.06084,,-0.07715,1.00000,1.00000,true,,-0.32920,0.00628,-0.32882,0.00697,0.32889,0.28196,-0.17004,0.00638,-0.00329,0.00547,,-0.18696,0.88889,1.00000,true,,-0.10008,0.02342,-0.09990,0.02355,0.10264,0.02976,-0.09839,0.11645,-0.05739,0.10156,,-0.11262,0.94444,1.00000,842,genuine_population,gen,ewc_124060_62088,124060,European Watch Company,https://images.europeanwatch.com/images/62/62088-1.jpg
efa51fd35fd54519,images/ef/efa51fd35fd545193baffb48db7e3ca6509ccc3d5b60433af5a093f14ac573e7.jpg,accepted,1080,864,,true,202.07318,0.99668,0.11122,54,12,203.01719,true,11,-0.08900,0.00056,0.08900,-0.01677,0.05432,true,,0.04223,0.50709,0.03958,0.50619,0.50773,-0.50709,0.04223,0.47788,-0.47864,-0.02278,-0.26308,,1.00000,1.00000,-0.28498,-0.44684,-1.01647,true,,-0.00825,0.10558,-0.00861,0.10548,0.10583,-0.00825,0.10558,0.11405,0.10641,-0.04177,-0.19194,,1.00000,1.00000,true,,-0.24990,0.17563,-0.25175,0.17491,0.30655,0.17563,0.24990,0.20172,0.20024,0.01497,-0.40955,,1.00000,1.00000,true,,-0.07304,-0.11224,-0.07262,-0.11309,0.13440,0.07304,0.11224,0.03424,0.01007,-0.03263,0.60474,,0.95238,1.00000,true,,-0.02507,0.18636,-0.02583,0.18560,0.18739,-0.17393,0.07147,0.10067,-0.10075,-0.00883,,0.02126,1.00000,1.00000,true,,-0.00615,0.10342,-0.00651,0.10315,0.10336,-0.05704,0.08649,0.05491,0.04820,-0.02677,,0.06829,0.73611,0.97778,true,,-0.28904,0.09317,-0.28941,0.09135,0.30348,-0.20373,0.22521,0.10249,-0.09973,0.02313,,0.20543,0.98611,1.00000,true,,-0.25291,0.23316,-0.25442,0.23241,0.34459,0.07546,0.33561,0.17882,0.14651,0.10147,,0.23314,1.00000,1.00000,true,,-0.03427,-0.21522,-0.03311,-0.21655,0.21906,-0.16925,0.13729,0.21114,-0.18703,-0.09562,,0.17240,1.00000,1.00000,true,,-0.12630,-0.45302,-0.12389,-0.45588,0.47241,-0.11713,0.45548,0.30660,-0.16697,0.25554,,0.16463,1.00000,1.00000,true,,0.04080,0.00687,0.04090,0.00722,0.04154,-0.03877,0.01445,0.13045,-0.08736,-0.09668,,0.05757,0.98611,1.00000,true,,-0.09898,-0.13597,-0.09833,-0.13668,0.16837,0.16724,-0.01773,0.18031,0.15160,-0.09680,,-0.02190,0.98611,1.00000,838,genuine_population,gen,ewc_124060_47106,124060,European Watch Company,https://images.europeanwatch.com/images/47/47106-1.jpg
59db582c885be64a,images/59/59db582c885be64a6be078cb23ed1df5464ab98f44ead32235ccc3d8954b6709.jpg,accepted,1080,864,,true,236.23877,0.99776,0.12690,53,12,237.93716,true,10,0.12777,-0.58250,0.59635,-0.02260,-0.00697,true,,-0.07705,-0.70535,-0.07909,-0.70306,0.70750,0.70535,-0.07705,0.24746,0.16633,-0.18321,-0.68015,,1.00000,1.00000,-0.93470,-0.60260,-1.31474,true,,0.17713,-0.69925,0.17360,-0.69899,0.72022,0.17713,-0.69925,0.12982,0.08869,-0.09529,-0.40210,,1.00000,1.00000,true,,0.05795,-0.54223,0.05656,-0.54479,0.54772,-0.54223,-0.05795,0.12371,0.08060,0.09327,0.08512,,1.00000,1.00000,true,,0.28616,-0.63263,0.28670,-0.63407,0.69588,-0.28616,0.63263,0.13735,-0.11606,0.07258,0.55517,,0.90476,1.00000,true,,0.18362,-0.76807,0.18032,-0.76530,0.78626,0.75698,-0.22502,0.23204,0.23207,-0.02243,,0.01373,0.91667,1.00000,false,hand/occluder crosses outline (clean 0.59),,,,,,,,,,,,,0.70833,0.59444,true,,-0.04639,-0.65231,-0.04948,-0.65327,0.65514,-0.36633,-0.54172,0.15229,-0.14352,0.05048,,-0.15282,0.90278,1.00000,true,,-0.13292,-0.53728,-0.13533,-0.53894,0.55567,-0.53176,-0.15353,0.27769,-0.04860,0.27296,,0.07316,1.00000,1.00000,true,,0.25451,-0.56998,0.25463,-0.57327,0.62727,-0.62087,0.06457,0.09177,-0.00845,-0.09094,,0.09520,0.98611,1.00000,true,,0.31915,-0.47278,0.32020,-0.47509,0.57292,-0.51278,0.24987,0.17946,-0.06607,-0.16600,,-0.06209,0.97222,1.00000,true,,0.15843,-0.40746,0.15843,-0.40739,0.43711,0.06652,0.43208,0.13230,-0.06877,-0.11305,,-0.18957,0.90278,1.00000,true,,0.10665,-0.58039,0.10568,-0.57909,0.58865,0.44931,0.38256,0.05373,0.05367,0.00314,,-0.01439,0.95833,1.00000,1022,genuine_population,gen,ewc_124060_37836,124060,European Watch Company,https://images.europeanwatch.com/images/37/37836-1.jpg
57baf569cec2a1fa,images/57/57baf569cec2a1fa156865f7de43d9c3297da5f6e033ae877a9e4de1408182f6.jpg,accepted,1080,864,,true,196.64891,0.99312,0.11586,55,12,198.15552,true,11,-0.05095,-0.11816,0.12867,-0.02929,-0.00721,true,,-0.35916,0.55696,-0.36109,0.54885,0.65698,-0.55696,-0.35916,0.68505,-0.62920,-0.28764,-0.86923,,1.00000,1.00000,-1.21531,-0.81317,-1.90583,true,,-0.11132,-0.11299,-0.11103,-0.11284,0.15830,-0.11132,-0.11299,0.02900,-0.01567,0.02457,-0.19106,,1.00000,1.00000,true,,0.14175,0.08321,0.14168,0.08382,0.16462,0.08321,-0.14175,0.30153,0.24590,-0.17440,0.34277,,1.00000,0.96667,true,,-0.15300,-0.22696,-0.15114,-0.22629,0.27213,0.15300,0.22696,0.19243,0.14547,0.12727,-0.10541,,1.00000,1.00000,true,,-0.18429,0.06881,-0.18409,0.06721,0.19597,-0.15173,-0.12520,0.17980,-0.18144,-0.00091,,-0.02644,1.00000,1.00000,true,,-0.13423,-0.04109,-0.13392,-0.04134,0.14016,-0.09570,-0.10271,0.07752,-0.06311,0.04612,,-0.00464,0.88889,1.00000,true,,0.16223,-0.40403,0.16362,-0.40207,0.43409,-0.06152,-0.43102,0.34506,0.08970,-0.33378,,0.19817,1.00000,1.00000,true,,-0.04323,-0.32582,-0.04206,-0.32574,0.32844,-0.30379,-0.12547,0.15666,-0.12803,-0.09053,,0.21478,1.00000,1.00000,true,,-0.13884,-0.14993,-0.13815,-0.15043,0.20424,-0.06042,0.19520,0.12876,0.06375,0.11151,,0.25049,1.00000,1.00000,true,,-0.22358,-0.22691,-0.22209,-0.22725,0.31775,0.08017,0.30831,0.24520,0.14204,0.20007,,0.20595,1.00000,1.00000,true,,0.08704,-0.12842,0.08791,-0.12688,0.15436,-0.01117,0.15474,0.11913,-0.06793,0.09809,,0.08265,0.97222,1.00000,true,,0.04895,0.11517,0.04804,0.11413,0.12382,-0.12421,-0.01520,0.20365,-0.20551,-0.00954,,-0.03061,1.00000,1.00000,920,genuine_population,gen,ewc_124060_48227,124060,European Watch Company,https://images.europeanwatch.com/images/48/48227-1.jpg
94945a768f7d1b42,images/94/94945a768f7d1b42e9b25b7ed6924ca4d5deb1696e15c024a02352bb869c195f.jpg,accepted,1080,864,,true,259.63479,0.99835,0.16222,54,12,261.22537,true,10,0.24749,0.35915,0.43617,0.04168,0.01242,true,,0.33507,0.44029,0.26371,0.48552,0.55251,-0.44029,0.33507,0.21011,-0.21042,-0.00951,0.35236,,1.00000,0.96667,0.18985,0.54316,0.45370,true,,0.70251,0.03385,0.68894,0.14127,0.70328,0.70251,0.03385,0.45664,0.32052,-0.32602,-0.15053,,1.00000,1.00000,true,,0.37047,0.87340,0.23297,0.92216,0.95114,0.87340,-0.37047,0.48865,0.47386,-0.11412,-0.07874,,1.00000,1.00000,true,,0.38072,-0.00578,0.37739,0.05277,0.38106,-0.38072,0.00578,0.32443,-0.16405,0.27969,-0.15509,,1.00000,1.00000,true,,0.27057,0.29907,0.22170,0.33646,0.40294,-0.12372,0.38385,0.11832,-0.08755,-0.07988,,-0.19313,1.00000,1.00000,false,hand/occluder crosses outline (clean 0.66),,,,,,,,,,,,,0.77778,0.65556,true,,0.04649,0.37290,-0.01062,0.37614,0.37629,0.22671,0.29969,0.30804,-0.27955,0.12886,,-0.16866,0.98611,1.00000,true,,0.03024,0.36607,-0.02586,0.36724,0.36815,0.33215,0.15684,0.27852,-0.18054,0.21156,,-0.18964,1.00000,1.00000,true,,0.06532,0.38659,0.00524,0.39298,0.39301,0.30214,-0.24986,0.15093,0.08878,0.12174,,-0.22310,1.00000,1.00000,true,,0.40397,0.50151,0.32250,0.55836,0.64481,-0.09910,-0.63630,0.27284,-0.08690,-0.25827,,-0.21009,1.00000,1.00000,true,,0.32839,0.20312,0.29332,0.25095,0.38602,-0.38596,-0.01171,0.08788,-0.05688,0.06699,,-0.19504,1.00000,1.00000,true,,0.25189,0.22520,0.21431,0.26078,0.33754,-0.32098,0.10555,0.04376,0.01453,-0.04130,,-0.22503,0.98611,1.00000,1123,genuine_population,gen,ewc_124060_65028,124060,European Watch Company,https://images.europeanwatch.com/images/65/65028-2.jpg
ae62696b350860cc,images/ae/ae62696b350860ccb9167368b1ce28845d717ac17d9dd6ddc3b526e6323264d9.jpg,accepted,1080,864,,true,200.31748,0.99889,0.10839,54,12,201.76463,true,10,0.25128,0.29669,0.38880,0.06005,0.08023,true,,0.61132,0.91759,0.61187,0.91678,1.10221,-0.91759,0.61132,0.72995,-0.71742,0.13432,0.09137,,1.00000,0.96667,0.10034,0.12258,0.23741,true,,0.49918,0.67145,0.49999,0.67132,0.83705,0.49918,0.67145,0.22355,0.15599,0.15998,0.03382,,1.00000,1.00000,true,,0.10255,0.30709,0.10275,0.30684,0.32359,0.30709,-0.10255,0.10490,-0.08188,-0.06581,0.35836,,1.00000,1.00000,true,,0.30022,0.27195,0.29984,0.27141,0.40443,-0.30022,-0.27195,0.23582,-0.14098,-0.18943,0.11875,,1.00000,1.00000,true,,0.53346,0.30366,0.53377,0.30299,0.61377,0.00375,0.61382,0.04092,0.03677,0.01789,,0.07342,0.98611,1.00000,false,hand/occluder crosses outline (clean 0.68),,,,,,,,,,,,,0.80556,0.68333,true,,0.18655,0.54624,0.18706,0.54623,0.57737,0.43467,0.37979,0.03512,-0.02996,0.01831,,0.08697,1.00000,1.00000,true,,-0.00654,0.43354,-0.00613,0.43340,0.43344,0.37219,0.22244,0.12538,-0.10920,0.06162,,0.09086,1.00000,1.00000,true,,-0.00226,0.17886,-0.00204,0.17866,0.17867,0.15603,-0.08747,0.08863,-0.07415,0.04871,,0.11164,0.97222,1.00000,true,,0.03475,0.12740,0.03483,0.12723,0.13191,0.03361,-0.12771,0.02553,0.00408,0.02523,,0.09595,0.90278,0.90556,true,,0.09394,0.01248,0.09375,0.01235,0.09456,-0.08760,0.03616,0.18989,0.17988,-0.06211,,0.09548,1.00000,1.00000,true,,0.35550,0.05948,0.35502,0.05891,0.35988,-0.22926,0.27813,0.05870,0.05497,-0.02080,,0.08972,0.95833,1.00000,823,genuine_population,gen,ewc_124060_67390,124060,European Watch Company,https://images.europeanwatch.com/images/67/67390-1.jpg
11fd59370de4c8ac,images/11/11fd59370de4c8acb1206357139825995ad6a05f95bfeee482468a834a58c8f9.jpg,accepted,1080,864,,true,202.38216,0.99983,0.11147,54,12,203.58903,true,10,0.23049,-0.15899,0.28001,-0.02528,0.02828,true,,0.23836,-0.16216,0.23906,-0.16058,0.28799,0.16216,0.23836,0.08343,0.04309,-0.07155,0.22413,,1.00000,1.00000,-0.11953,0.45405,-0.17944,true,,-0.07627,0.20847,-0.07720,0.20797,0.22184,-0.07627,0.20847,0.39558,-0.26679,0.29240,-0.24402,,0.95238,0.96667,true,,0.11737,0.09464,0.11699,0.09533,0.15091,0.09464,-0.11737,0.29649,0.29392,0.03594,-0.25318,,1.00000,1.00000,true,,0.46832,-0.22729,0.46995,-0.22487,0.52098,-0.46832,0.22729,0.19996,-0.19965,-0.00920,-0.17987,,1.00000,0.96667,true,,-0.21397,-0.17614,-0.21295,-0.17691,0.27685,0.04556,-0.27337,0.50178,-0.16610,-0.47386,,-0.26588,1.00000,1.00000,false,hand/occluder crosses outline (clean 0.55),,,,,,,,,,,,,0.77778,0.55000,true,,0.30326,-0.38573,0.30513,-0.38434,0.49074,0.06977,-0.48568,0.31403,-0.00708,-0.31390,,-0.26581,0.91667,1.00000,true,,0.22221,0.22328,0.22129,0.22460,0.31530,0.30447,-0.08080,0.38855,0.37030,0.11638,,-0.23090,0.93056,1.00000,true,,0.13782,-0.23083,0.13931,-0.23043,0.26927,-0.26882,-0.00394,0.04246,0.02660,0.03303,,-0.26409,1.00000,1.00000,true,,0.44790,-0.44713,0.45102,-0.44518,0.63373,-0.61146,0.16328,0.29669,-0.29064,0.05757,,-0.30194,1.00000,1.00000,true,,0.47762,-0.15754,0.47861,-0.15491,0.50306,-0.33487,0.37524,0.17873,-0.17426,0.03994,,-0.38219,0.91667,1.00000,true,,0.33077,-0.63464,0.33429,-0.63178,0.71477,0.38423,0.60377,0.46908,0.40216,0.24308,,-0.28703,0.91667,0.93333,860,genuine_population,gen,ewc_124060_57714,124060,European Watch Company,https://images.europeanwatch.com/images/57/57714-1.jpg
3f133ea7c7ca62a1,images/3f/3f133ea7c7ca62a14af9b2b4d74207960fae9ff7a912816ef548ff8e142f112d.jpg,accepted,1080,864,,true,199.72603,0.99911,0.13013,54,12,200.91841,true,11,0.11511,0.33444,0.35369,0.04963,-0.01883,true,,0.27871,0.68819,0.27472,0.69010,0.74277,-0.68819,0.27871,0.48425,-0.43401,0.21438,0.06886,,1.00000,1.00000,-0.08657,0.27664,0.25631,true,,0.28193,0.23485,0.28045,0.23638,0.36678,0.28193,0.23485,0.10169,0.08913,-0.04891,-0.21350,,1.00000,0.96667,true,,0.38096,0.68011,0.37677,0.68156,0.77876,0.68011,-0.38096,0.34446,0.27053,-0.21374,-0.18415,,1.00000,0.96667,true,,-0.05259,0.57824,-0.05580,0.57775,0.58043,0.05259,-0.57824,0.21571,0.09398,-0.19424,-0.18558,,1.00000,0.96667,true,,-0.02418,0.16981,-0.02523,0.16974,0.17160,-0.15915,0.06397,0.15100,-0.00968,-0.15066,,-0.24265,0.98611,1.00000,true,,0.07897,0.33503,0.07688,0.33551,0.34421,-0.09912,0.32963,0.12020,-0.11473,0.03566,,-0.26386,0.72222,0.97778,true,,0.19291,0.27419,0.19115,0.27510,0.33499,0.30416,0.14100,0.05775,-0.04532,-0.03587,,-0.15806,0.95833,0.92778,true,,0.09224,0.45113,0.08944,0.45121,0.45999,0.43681,0.14569,0.13407,0.00798,0.13388,,-0.16877,0.98611,1.00000,true,,0.10002,0.31933,0.09815,0.31957,0.33431,0.22654,-0.24628,0.11391,-0.08520,0.07579,,-0.18408,0.98611,1.00000,true,,0.04341,0.16449,0.04248,0.16462,0.17001,0.04465,-0.16416,0.25808,-0.10202,0.23725,,-0.20111,1.00000,1.00000,true,,0.20714,0.37889,0.20504,0.38009,0.43187,-0.36883,-0.22456,0.19123,-0.18162,0.05976,,-0.27060,0.91667,1.00000,true,,0.03738,0.16229,0.03645,0.16256,0.16660,-0.15923,-0.04878,0.12845,0.10733,0.07048,,-0.22475,0.98611,1.00000,845,genuine_population,gen,ewc_124060_58150,124060,European Watch Company,https://images.europeanwatch.com/images/58/58150-1.jpg
c993b7704f866103,images/c9/c993b7704f866103d250573cb290b92e984131b015665745f504f25f849a9a62.jpg,accepted,1080,864,,true,231.23377,0.99724,0.14844,54,12,232.41395,true,10,0.08729,-0.07966,0.11818,-0.08172,-0.01068,true,,-0.02538,0.51389,-0.02691,0.51178,0.51249,-0.51389,-0.02538,0.44701,-0.44215,-0.07765,0.48253,,1.00000,1.00000,0.25505,0.54145,-0.12297,true,,-0.08927,-0.02808,-0.08915,-0.02848,0.09359,-0.08927,-0.02808,0.09047,-0.03198,0.08485,0.19854,,1.00000,1.00000,true,,0.18982,-0.20343,0.19119,-0.20370,0.27937,-0.20343,-0.18982,0.07337,0.02079,-0.07005,0.81294,,1.00000,1.00000,true,,0.27680,-0.09138,0.27861,-0.09021,0.29285,-0.27680,0.09138,0.06384,-0.04574,0.04421,0.28396,,1.00000,1.00000,true,,-0.18855,0.26699,-0.18878,0.26474,0.32515,-0.32549,-0.02979,0.28381,-0.28374,-0.02977,,-0.16711,1.00000,1.00000,false,hand/occluder crosses outline (clean 0.59),,,,,,,,,,,,,0.73611,0.59444,true,,0.36452,-0.22109,0.36488,-0.21989,0.42601,0.20514,-0.37373,0.39526,0.32444,-0.22572,,0.04154,0.98611,1.00000,true,,0.11922,-0.38087,0.12022,-0.38176,0.40024,-0.27024,-0.29369,0.16945,-0.08983,-0.14317,,0.03445,1.00000,1.00000,true,,0.05540,-0.15814,0.05635,-0.15874,0.16844,-0.16466,0.03110,0.14519,0.10264,0.10156,,0.01523,1.00000,1.00000,true,,0.02534,-0.37850,0.02734,-0.37991,0.38089,-0.21119,0.31512,0.33116,0.05860,0.32448,,-0.02939,0.97222,1.00000,true,,0.18386,0.04305,0.18430,0.04407,0.18950,-0.18075,0.05465,0.02463,0.00900,-0.02288,,-0.13032,0.94444,1.00000,true,,0.11605,0.16006,0.11559,0.16038,0.19769,-0.19664,0.02047,0.09014,-0.06800,-0.05956,,-0.17029,1.00000,1.00000,954,genuine_population,gen,ewc_124060_44294,124060,European Watch Company,https://images.europeanwatch.com/images/44/44294-1.jpg
ef5f5a66fe27f59f,images/ef/ef5f5a66fe27f59f972be1e164b341ef574b27b624a18d51badf8da067594814.jpg,accepted,1080,864,,true,192.77705,0.99879,0.11022,54,12,193.67920,true,10,0.24710,0.01817,0.24777,-0.00814,0.02365,true,,0.17195,0.35591,0.17162,0.35709,0.39619,-0.35591,0.17195,0.35443,-0.32563,-0.13873,0.41195,,1.00000,0.96667,0.14684,0.60072,0.13970,true,,0.24482,0.14368,0.24436,0.14418,0.28372,0.24482,0.14368,0.06609,0.01000,0.06532,-0.61483,,1.00000,0.96667,true,,0.28211,0.13101,0.28219,0.13134,0.31126,0.13101,-0.28211,0.15792,0.12530,-0.09600,-0.34198,,1.00000,1.00000,true,,0.06421,0.23024,0.06410,0.23090,0.23963,-0.06421,-0.23024,0.33627,0.19456,-0.27324,-0.02557,,1.00000,1.00000,true,,0.19306,-0.00507,0.19316,-0.00451,0.19322,0.10092,0.16466,0.12322,0.00566,-0.12295,,-0.06164,1.00000,1.00000,false,outline coverage 0.69; 6/8 octants,,,,,,,,,,,,,0.69444,0.82778,true,,0.25296,-0.06271,0.25290,-0.06237,0.26048,0.18771,-0.18078,0.13951,-0.02202,-0.13774,,-0.06059,1.00000,1.00000,true,,0.23358,0.07814,0.23343,0.07837,0.24623,0.18446,-0.16321,0.06305,0.05858,-0.02337,,-0.04280,1.00000,1.00000,true,,0.03147,-0.20676,0.03187,-0.20700,0.20944,-0.19479,0.07613,0.24540,-0.07387,0.23365,,-0.07582,1.00000,1.00000,true,,0.17606,-0.22221,0.17695,-0.22240,0.28421,-0.26358,0.10441,0.18425,-0.04586,0.17807,,-0.02588,0.97222,1.00000,true,,0.44932,0.04011,0.45083,0.04133,0.45272,-0.40918,0.18992,0.17524,-0.17378,0.01679,,-0.08755,1.00000,1.00000,true,,0.45825,-0.02436,0.45956,-0.02309,0.46014,-0.20802,0.40903,0.15053,-0.05648,0.13911,,-0.04388,1.00000,1.00000,854,genuine_population,gen,ewc_124060_55297,124060,European Watch Company,https://images.europeanwatch.com/images/55/55297-1.jpg
fa3d832d3793a70f,images/fa/fa3d832d3793a70f691e4abb260923a53934b59add0567fbabe5f44312e33135.jpg,accepted,1080,864,,true,205.37859,0.99608,0.14584,55,12,207.15953,true,11,-0.26893,0.53842,0.60184,-0.00031,0.05061,true,,-0.60504,0.66172,-0.60460,0.66369,0.89779,-0.66172,-0.60504,0.49647,-0.12042,-0.48068,0.14800,,1.00000,1.00000,0.04007,0.26100,0.16629,true,,-0.12083,0.45496,-0.12107,0.45320,0.46909,-0.12083,0.45496,0.26979,0.15025,-0.22475,0.37568,,1.00000,1.00000,true,,-0.43649,0.44044,-0.43362,0.43578,0.61476,0.44044,0.43649,0.10245,-0.09987,0.02698,0.61353,,1.00000,1.00000,true,,-0.37178,0.46534,-0.36825,0.46307,0.59164,0.37178,-0.46534,0.11918,0.10165,-0.06346,-0.45001,,1.00000,1.00000,true,,-0.14035,0.84649,-0.13986,0.84762,0.85908,-0.80326,0.30170,0.23106,-0.19910,0.11676,,-0.07648,1.00000,1.00000,true,,-0.41083,0.77098,-0.41178,0.77077,0.87387,-0.74128,0.46228,0.23732,-0.23602,-0.01965,,-0.00676,0.86111,0.96111,true,,-0.21133,0.59691,-0.21118,0.59264,0.62914,0.11543,0.62261,0.15218,0.07990,-0.12993,,-0.00850,1.00000,1.00000,true,,-0.32086,0.80647,-0.31911,0.79852,0.85992,0.53800,0.68111,0.20550,0.20547,0.02747,,0.08164,1.00000,1.00000,true,,-0.59742,0.51954,-0.59252,0.51409,0.78446,0.74864,0.25761,0.20404,0.14551,0.14477,,0.12019,1.00000,1.00000,true,,-0.20875,0.30863,-0.20627,0.30604,0.36906,0.33510,-0.16290,0.16910,-0.16914,0.02125,,0.01176,1.00000,1.00000,true,,-0.07015,0.34660,-0.06823,0.34586,0.35253,-0.11255,-0.33524,0.14123,-0.07598,0.11952,,-0.11250,0.97222,1.00000,true,,-0.22675,0.39193,-0.22531,0.39240,0.45249,-0.22605,-0.39234,0.11375,0.10751,-0.03647,,-0.07826,1.00000,1.00000,924,genuine_population,gen,ewc_124060_59112_59921_62175,124060,European Watch Company,https://images.europeanwatch.com/images/59/59921-1.jpg
6bb224f7e4a96d4b,images/6b/6bb224f7e4a96d4b6de7ddc45a2f1c0f2b638d9f9aaa236378a58076f21cfbbb.jpg,accepted,1080,864,,true,196.92545,0.99901,0.14410,54,12,198.13506,true,11,-0.02734,0.12128,0.12433,-0.12803,-0.13065,true,,-0.68613,0.21998,-0.68682,0.21810,0.72062,-0.21998,-0.68613,0.31583,0.10392,-0.29796,-0.26416,,1.00000,1.00000,-0.36256,-0.19389,-0.36575,true,,-0.28384,-0.29695,-0.28331,-0.29782,0.41105,-0.28384,-0.29695,0.09890,-0.06416,-0.07516,-0.16239,,1.00000,1.00000,true,,0.18622,0.15639,0.18617,0.15703,0.24355,0.15639,-0.18622,0.26261,0.22779,0.12962,0.53206,,1.00000,1.00000,true,,0.46814,0.48072,0.46811,0.48278,0.67246,-0.46814,-0.48072,0.30378,-0.30268,-0.01660,0.60980,,1.00000,1.00000,true,,-0.64416,-0.06003,-0.64395,-0.06190,0.64692,-0.27009,-0.58788,0.26337,0.05479,-0.25741,,-0.13777,1.00000,1.00000,true,,-0.26192,-0.09867,-0.26164,-0.09940,0.27988,-0.17749,-0.21641,0.12773,0.11296,0.05978,,-0.26824,0.93056,1.00000,true,,-0.07355,-0.19775,-0.07326,-0.19813,0.21124,-0.16257,-0.13448,0.11489,0.00672,0.11460,,-0.15977,1.00000,1.00000,true,,0.19979,-0.18531,0.20017,-0.18530,0.27278,-0.06059,-0.26567,0.05737,0.05442,0.01784,,-0.08665,1.00000,1.00000,true,,0.36935,0.09664,0.36985,0.09750,0.38249,-0.10098,-0.36818,0.03885,-0.01308,0.03650,,-0.12220,1.00000,1.00000,true,,0.41909,0.27212,0.41946,0.27359,0.50079,-0.22688,-0.44521,0.10570,-0.10455,0.01375,,-0.16398,1.00000,1.00000,true,,0.03986,0.45724,0.03897,0.45809,0.45974,-0.26314,-0.37605,0.11192,-0.01964,0.11001,,-0.18020,1.00000,1.00000,true,,-0.37422,0.51589,-0.37567,0.51537,0.63776,-0.25966,-0.58202,0.13598,0.03811,-0.13039,,-0.12754,1.00000,1.00000,846,genuine_population,gen,ewc_124060_57290,124060,European Watch Company,https://images.europeanwatch.com/images/57/57290-1.jpg
1b33b3c613d20838,images/1b/1b33b3c613d20838d3bca2590c977f7dd361637c81424fd93665a9f711fe85fe.jpg,accepted,1080,864,,true,197.18989,0.99942,0.13085,54,12,198.51375,true,10,-0.26120,0.11322,0.28468,-0.07179,0.06207,true,,-0.61924,0.39702,-0.61855,0.39719,0.73509,-0.39702,-0.61924,0.55577,-0.16989,-0.52969,-0.00953,,1.00000,1.00000,-0.01968,0.04820,0.16304,true,,-0.57140,0.13164,-0.57171,0.13183,0.58671,-0.57140,0.13164,0.24844,-0.20179,-0.14485,0.42108,,0.95238,1.00000,true,,-0.54591,-0.03657,-0.54549,-0.03680,0.54673,-0.03657,0.54591,0.12808,-0.04161,0.12122,0.36127,,1.00000,1.00000,true,,-0.01254,0.07831,-0.01255,0.07820,0.07920,0.01254,-0.07831,0.18996,-0.14070,-0.12835,-0.48437,,1.00000,1.00000,true,,-0.19822,0.46527,-0.19821,0.46507,0.50555,-0.50205,0.06097,0.16681,-0.15732,0.05578,,-0.09977,1.00000,1.00000,false,hand/occluder crosses outline (clean 0.75),,,,,,,,,,,,,0.66667,0.75000,true,,-0.30463,0.11284,-0.30481,0.11284,0.32503,-0.20739,0.25004,0.17261,0.07835,-0.15371,,-0.09406,1.00000,1.00000,true,,-0.37665,0.32884,-0.37673,0.32874,0.50000,0.09646,0.49060,0.24729,0.24507,0.03261,,-0.00557,1.00000,1.00000,true,,-0.51525,0.05030,-0.51445,0.05007,0.51688,0.30119,0.42107,0.20299,0.18837,0.07629,,0.00787,1.00000,1.00000,true,,-0.08567,-0.16078,-0.08537,-0.16059,0.18187,-0.00620,0.18207,0.17479,-0.17326,-0.02557,,-0.10301,1.00000,1.00000,true,,0.01829,-0.15652,0.01833,-0.15625,0.15732,0.06242,0.14469,0.19838,0.00858,0.19848,,-0.19535,0.91667,0.93889,true,,-0.17264,0.00121,-0.17227,0.00139,0.17228,0.08527,-0.15011,0.17328,0.16857,-0.04208,,-0.13739,0.97222,1.00000,816,genuine_population,gen,ewc_124060_59112_59921_62175,124060,European Watch Company,https://images.europeanwatch.com/images/59/59112-1.jpg
46a616a7fc9dacde,images/46/46a616a7fc9dacdefab1250999c15d83da780f8c46bc2d67b52f4c8c78aa7ac7.jpg,accepted,1080,864,,true,199.64683,0.99916,0.13663,54,12,201.01276,true,10,-0.14988,0.24133,0.28408,-0.05801,-0.02346,true,,-0.58822,0.54202,-0.58989,0.54153,0.80077,-0.54202,-0.58822,0.42699,-0.20700,-0.37310,-0.93365,,1.00000,1.00000,-0.97270,-0.72080,-0.30829,true,,-0.12372,0.02276,-0.12385,0.02234,0.12585,-0.12372,0.02276,0.19389,0.11414,-0.15659,0.05772,,1.00000,1.00000,true,,-0.13522,0.23330,-0.13561,0.23229,0.26898,0.23330,0.13522,0.09324,0.07999,0.04836,-0.47257,,1.00000,1.00000,true,,-0.01279,0.18801,-0.01307,0.18788,0.18834,0.01279,-0.18801,0.12566,-0.04803,0.11629,-0.24947,,0.95238,1.00000,true,,-0.45435,0.32895,-0.45579,0.32834,0.56174,-0.51206,-0.22900,0.20344,-0.13308,-0.15362,,-0.14251,1.00000,1.00000,false,outline coverage 0.67; 6/8 octants,,,,,,,,,,,,,0.66667,0.86111,true,,-0.14521,0.10751,-0.14556,0.10691,0.18060,-0.07200,0.16571,0.06017,0.03130,-0.05142,,-0.12600,1.00000,1.00000,true,,-0.08740,0.18911,-0.08791,0.18846,0.20796,0.12007,0.17024,0.08116,0.08019,-0.01304,,-0.07098,1.00000,1.00000,true,,-0.13441,0.10312,-0.13432,0.10236,0.16888,0.15651,0.06484,0.12749,-0.03272,0.12339,,-0.06297,1.00000,1.00000,true,,-0.18666,0.33278,-0.18681,0.33157,0.38058,0.32804,-0.19487,0.17230,0.17267,0.00686,,-0.10233,1.00000,1.00000,true,,0.00737,0.37463,0.00673,0.37491,0.37497,-0.19370,-0.32075,0.11137,-0.10724,0.03031,,-0.17312,0.97222,1.00000,true,,-0.04289,0.46014,-0.04385,0.46081,0.46289,-0.37705,-0.26721,0.15583,-0.14742,0.05000,,-0.12741,1.00000,1.00000,824,genuine_population,gen,ewc_124060_58678,124060,European Watch Company,https://images.europeanwatch.com/images/58/58678-1.jpg
754299bf17ee6817,images/75/754299bf17ee6817be19dd4f6c576c71d5e60b22b34b110cd3e0aa2a8c06281d.jpg,accepted,1080,864,,true,197.06482,0.99962,0.13564,54,12,198.30893,true,10,0.08937,-0.01376,0.09042,0.04153,0.00280,true,,0.24392,0.22518,0.24263,0.22535,0.33114,-0.22518,0.24392,0.33757,-0.30509,0.14685,0.15882,,1.00000,0.96667,0.06654,0.21278,0.02030,true,,0.22274,-0.10254,0.22304,-0.10169,0.24513,0.22274,-0.10254,0.11912,0.07091,-0.09581,-0.14595,,1.00000,0.96667,true,,-0.10431,-0.09530,-0.10404,-0.09589,0.14149,-0.09530,0.10431,0.23558,-0.14371,0.18627,-0.14787,,1.00000,1.00000,true,,0.15821,-0.34507,0.16006,-0.34432,0.37971,-0.15821,0.34507,0.34934,-0.13141,0.32361,0.06739,,1.00000,1.00000,true,,0.11731,-0.00757,0.11719,-0.00713,0.11741,0.06521,0.09780,0.06168,-0.05866,0.01962,,-0.12858,1.00000,1.00000,false,hand/occluder crosses outline (clean 0.64),,,,,,,,,,,,,0.72222,0.63889,true,,0.14478,0.07025,0.14467,0.07085,0.16109,0.16051,-0.01155,0.04408,0.02320,0.03743,,-0.07311,1.00000,1.00000,true,,0.16877,0.22924,0.16816,0.23031,0.28517,0.28291,-0.03154,0.18926,0.18345,0.04498,,-0.08658,1.00000,1.00000,true,,0.06698,0.10937,0.06652,0.10983,0.12840,0.06122,-0.11269,0.07179,0.05109,-0.05028,,-0.11550,1.00000,1.00000,true,,0.18037,0.09078,0.17998,0.09153,0.20191,-0.11081,-0.16880,0.17183,-0.09341,-0.14424,,-0.16119,0.98611,1.00000,true,,-0.03547,0.10059,-0.03598,0.10027,0.10653,-0.01958,-0.10485,0.17021,-0.01628,-0.16960,,-0.12422,1.00000,1.00000,true,,-0.09552,-0.10152,-0.09490,-0.10158,0.13901,0.13568,-0.03196,0.15995,0.10113,-0.12425,,-0.12871,1.00000,1.00000,822,genuine_population,gen,ewc_124060_59697,124060,European Watch Company,https://images.europeanwatch.com/images/59/59697-1.jpg
e8d6f0479a29d86d,images/e8/e8d6f0479a29d86d3b0541ac805b953084fea3d95e43ba26b05a523f1ec2b066.jpg,accepted,1080,864,,true,198.20148,0.99954,0.14483,54,12,199.47544,true,10,-0.15340,0.21476,0.26392,-0.01364,0.05575,true,,-0.50833,0.39317,-0.51246,0.38803,0.64279,-0.39317,-0.50833,0.53528,-0.15509,-0.51226,0.00047,,1.00000,1.00000,-0.03797,0.15015,0.40181,true,,-0.19000,0.17825,-0.19191,0.17627,0.26058,-0.19000,0.17825,0.18638,-0.01818,-0.18540,0.15874,,1.00000,1.00000,true,,-0.42665,0.06672,-0.42717,0.06207,0.43166,0.06672,0.42665,0.18180,-0.12895,0.12815,0.41018,,1.00000,1.00000,true,,0.00392,0.15080,0.00238,0.15088,0.15089,-0.00392,-0.15080,0.15738,-0.13444,-0.08180,-0.25837,,1.00000,1.00000,true,,-0.04467,0.51789,-0.05016,0.51780,0.52023,-0.47084,0.22026,0.20450,-0.18578,0.08510,,-0.07346,1.00000,1.00000,false,hand/occluder crosses outline (clean 0.53),,,,,,,,,,,,,0.76389,0.53333,true,,-0.14911,0.24530,-0.15171,0.24372,0.28708,-0.00649,0.28699,0.13924,0.03840,-0.13384,,-0.05951,1.00000,1.00000,true,,-0.24798,0.49456,-0.25314,0.49183,0.55315,0.30431,0.46204,0.22434,0.21468,0.06506,,0.03660,1.00000,1.00000,true,,-0.47374,0.24276,-0.47601,0.23757,0.53200,0.44710,0.28889,0.23284,0.20631,0.10823,,0.03279,1.00000,1.00000,true,,-0.07017,0.02869,-0.07043,0.02793,0.07577,0.07512,0.01024,0.14622,-0.14182,-0.03591,,-0.03981,1.00000,1.00000,true,,0.01097,0.00528,0.01091,0.00540,0.01218,-0.01214,0.00091,0.10670,-0.01276,0.10593,,-0.11288,1.00000,1.00000,true,,-0.13134,0.06454,-0.13199,0.06318,0.14633,0.00977,-0.14601,0.15769,0.14367,-0.06484,,-0.07391,0.98611,1.00000,832,genuine_population,gen,ewc_124060_59112_59921_62175,124060,European Watch Company,https://images.europeanwatch.com/images/62/62175-1.jpg
7e07e72d310bb5b1,images/7e/7e07e72d310bb5b1d6b6e3b10d49756a87e7fdd96952ed9c3972583968ed1066.jpg,accepted,1080,864,,true,195.16380,0.99822,0.16261,54,12,196.22766,true,11,-0.17325,-0.08759,0.19414,-0.04797,-0.02756,true,,-0.44357,0.36361,-0.44478,0.36095,0.57281,-0.36361,-0.44357,0.42188,-0.37521,-0.19444,-0.23917,,1.00000,1.00000,-0.33746,-0.17055,-0.34633,true,,-0.30994,-0.25957,-0.30897,-0.26094,0.40442,-0.30994,-0.25957,0.12010,-0.06477,-0.10109,-0.45143,,1.00000,1.00000,true,,-0.18915,-0.05340,-0.18907,-0.05435,0.19672,-0.05340,0.18915,0.13663,0.10490,0.08708,-0.26331,,1.00000,1.00000,true,,-0.43653,-0.07223,-0.43595,-0.07409,0.44221,0.43653,0.07223,0.33891,0.33429,0.05703,-0.18615,,0.95238,1.00000,true,,-0.23196,0.22992,-0.23271,0.22851,0.32615,-0.31510,-0.08593,0.29199,-0.22686,0.18472,,0.12975,0.93056,1.00000,true,,-0.25427,-0.20457,-0.25333,-0.20544,0.32616,-0.11792,-0.30430,0.09263,0.06569,-0.06545,,0.13048,0.93056,1.00000,true,,-0.02185,-0.13581,-0.02133,-0.13609,0.13775,-0.08682,-0.10669,0.18842,0.18362,-0.04155,,0.15318,1.00000,1.00000,true,,-0.11131,-0.39768,-0.10970,-0.39906,0.41386,-0.40005,-0.10244,0.20940,-0.16141,-0.13267,,0.18864,1.00000,1.00000,true,,-0.18539,-0.11138,-0.18493,-0.11243,0.21642,-0.00376,0.21625,0.11663,0.06118,0.09918,,0.17703,1.00000,1.00000,true,,0.15246,-0.06278,0.15288,-0.06221,0.16505,-0.16343,-0.02186,0.22156,-0.19385,-0.10713,,0.16532,1.00000,1.00000,true,,-0.03170,0.06330,-0.03205,0.06309,0.07076,-0.00419,-0.07067,0.12256,-0.12145,0.01777,,0.10913,1.00000,1.00000,true,,-0.21947,-0.02249,-0.21907,-0.02336,0.22031,0.12921,-0.17882,0.04392,0.04375,0.00498,,-0.03061,0.91667,1.00000,802,genuine_population,gen,ewc_124060_55139,124060,European Watch Company,https://images.europeanwatch.com/images/55/55139-1.jpg
42f628843cc56302,images/42/42f628843cc56302c53a4b8139d06133b8a26f874c3ec2a488df7704b1610ded.jpg,accepted,1412,2160,,true,437.46157,0.99450,0.15199,54,12,439.59442,true,11,0.64221,-0.37854,0.74548,0.04695,-0.09429,true,,0.15658,0.78138,0.15232,0.77363,0.78849,-0.78138,0.15658,1.31912,-1.33061,0.09504,0.09522,,0.95238,0.96667,-0.10649,0.29195,0.07747,true,,0.20009,-0.67193,0.20091,-0.66741,0.69699,0.20009,-0.67193,0.64906,-0.59625,0.26151,-0.38407,,1.00000,1.00000,true,,0.77601,0.08600,0.77914,0.09078,0.78441,0.08600,-0.77601,0.52032,0.31363,0.41280,-0.07100,,0.57143,1.00000,true,,0.83425,-0.08743,0.83715,-0.08165,0.84112,-0.83425,0.08743,0.43314,-0.35125,0.25228,0.16576,,1.00000,0.96667,true,,0.28724,-1.23930,0.29009,-1.22365,1.25756,1.21688,-0.37089,0.41691,0.39632,-0.14414,,-0.26189,0.75000,1.00000,true,,0.71452,-1.38625,0.71512,-1.36950,1.54497,1.31192,-0.84327,0.46123,0.39789,-0.24173,,-0.28010,0.77778,1.00000,true,,1.04335,-0.68995,1.04601,-0.68288,1.24918,0.55859,-1.11919,0.12514,0.02886,0.12202,,-0.28671,0.80556,0.99444,true,,1.25368,-0.48832,1.25952,-0.48202,1.34860,0.20395,-1.32988,0.04941,0.04900,0.00481,,-0.22714,0.83333,1.00000,true,,1.00721,0.08056,1.01186,0.08672,1.01557,-0.43384,-0.91255,0.06375,0.05089,0.03784,,-0.31678,0.83333,1.00000,true,,1.24409,0.33606,1.24677,0.34392,1.29333,-0.90939,-0.91308,0.47454,-0.33118,-0.33749,,-0.31515,0.91667,1.00000,true,,0.26455,0.51174,0.26049,0.50997,0.57265,-0.48498,-0.31091,0.47134,-0.29107,-0.37498,,-0.28310,0.69444,1.00000,true,,-0.03948,-0.52176,-0.03588,-0.51676,0.51801,0.47160,0.22669,0.29605,0.29071,0.06914,,-0.15896,0.84722,1.00000,2156,genuine_population,gen,bobs_124060_186406,124060,Bob's Watches,https://www.bobswatches.com/images/zUsed-Rolex-Submariner-124060-186406.jpg
cbf87c606906d99c,images/cb/cbf87c606906d99c0a0ab3793e2dca1da47cb42b47b53df102bbba64569494da.jpg,accepted,1412,2160,,true,436.78718,0.99376,0.14902,54,12,439.05429,true,11,0.46508,0.03018,0.46606,0.03309,-0.10356,true,,0.22552,-0.12839,0.22654,-0.12493,0.25871,0.12839,0.22552,0.39506,0.03690,0.39427,0.21902,,1.00000,1.00000,-0.05263,0.49261,0.22594,true,,0.51778,-0.06140,0.51838,-0.05508,0.52130,0.51778,-0.06140,0.51887,-0.05794,0.51639,-0.54573,,1.00000,1.00000,true,,0.99798,0.38778,0.99525,0.40103,1.07301,0.38778,-0.99798,0.26317,0.25290,0.06986,-0.43157,,0.85714,1.00000,true,,-0.08879,0.71686,-0.09910,0.71476,0.72160,0.08879,-0.71686,0.45309,0.44396,-0.08986,-0.31170,,1.00000,1.00000,true,,-0.27481,-0.60574,-0.26755,-0.60581,0.66226,0.38718,-0.54087,0.31497,0.05758,-0.31061,,-0.39320,0.94444,1.00000,true,,0.44143,-0.89172,0.45000,-0.88319,0.99122,0.82815,-0.55154,0.35570,0.31917,-0.15993,,-0.44657,0.90278,1.00000,true,,0.74420,-0.44203,0.74956,-0.43348,0.86588,0.42347,-0.75491,0.15031,-0.11010,0.10215,,-0.29755,0.98611,1.00000,true,,0.66739,-0.48426,0.67407,-0.47747,0.82604,-0.08568,-0.82011,0.50780,-0.45791,0.21632,,-0.30505,0.95833,1.00000,true,,1.37180,0.40811,1.36883,0.42580,1.43353,-0.33247,-1.39207,0.40928,-0.23924,-0.33104,,-0.28396,0.91667,1.00000,true,,1.04815,0.78391,1.03795,0.79728,1.30881,-0.51577,-1.20296,0.38884,-0.24317,-0.30328,,-0.34965,1.00000,1.00000,true,,0.07140,0.85335,0.05916,0.85102,0.85307,-0.48851,-0.70333,0.32891,-0.19131,-0.26910,,-0.29251,0.97222,1.00000,true,,0.22577,-0.28394,0.22907,-0.27970,0.36153,0.13301,0.33750,0.64819,0.26885,0.59235,,-0.32408,0.88889,1.00000,1694,genuine_population,gen,bobs_124060_174149,124060,Bob's Watches,https://www.bobswatches.com/images/zUsed-Rolex-Submariner-124060-SKU174149-Black-Dial.jpg
cec3df93135c079a,images/ce/cec3df93135c079a914c8c8d5d3c0aec3055c16980079296d71cc68038dd162e.jpg,accepted,1412,2160,,true,435.13191,0.99563,0.11969,53,12,437.75805,true,10,1.12032,-1.15024,1.60566,0.03409,-0.02364,true,,1.23492,-0.05311,1.23340,-0.04208,1.23412,0.05311,1.23492,1.25188,-1.22756,0.26825,0.33920,,1.00000,0.96667,0.12636,0.58479,0.45602,true,,0.93832,-0.82638,0.94398,-0.81721,1.24857,0.93832,-0.82638,0.55109,-0.28597,0.47213,0.19475,,1.00000,0.96667,true,,1.39693,-0.39164,1.40181,-0.37972,1.45233,-0.39164,-1.39693,0.67433,0.65648,-0.14883,0.03197,,0.61905,1.00000,true,,1.12095,-1.24253,1.13240,-1.23105,1.67267,-1.12095,1.24253,0.25045,-0.12324,0.21823,0.28553,,1.00000,1.00000,true,,0.55738,-2.11007,0.57232,-2.09761,2.17428,2.10606,-0.57233,0.90906,0.42333,-0.80684,,-1.64078,0.61111,0.90000,false,outline coverage 0.54; 7/8 octants,,,,,,,,,,,,,0.54167,0.97222,true,,0.79362,-1.28190,0.80309,-1.27534,1.50713,0.04635,-1.50697,0.49942,-0.45653,0.20129,,-0.34573,0.69444,1.00000,true,,1.52482,-1.09503,1.53482,-1.08293,1.87841,-0.18592,-1.86805,0.22883,0.14297,-0.17825,,-0.37232,0.87500,1.00000,true,,1.37198,-0.82735,1.38074,-0.81614,1.60391,-1.40250,-0.77450,0.24922,0.03739,-0.24610,,-0.33660,0.88889,0.87222,true,,1.13905,-1.12232,1.15010,-1.11240,1.60005,-1.54761,0.40243,0.16049,-0.12617,0.09907,,-0.37116,0.81944,1.00000,true,,1.19151,-1.11917,1.20079,-1.10567,1.63230,-0.47230,1.56498,0.26002,-0.21226,0.15061,,-0.31958,0.68056,1.00000,true,,1.18089,-1.29643,1.19061,-1.28128,1.74906,0.53230,1.67089,0.27731,-0.03943,0.27497,,-0.42169,0.66667,1.00000,1433,genuine_population,gen,bobs_124060_182482,124060,Bob's Watches,https://www.bobswatches.com/images/zUsed-Rolex-Submariner-124060-SKU182482.jpg
702f07117bd1cb03,images/70/702f07117bd1cb03fac12d846a661f3e6cd78405daa2cd49fb17682db23e5254.jpg,accepted,1412,2160,,true,434.49989,0.99184,0.16040,52,12,436.71945,true,11,-0.01107,-0.77224,0.77232,-0.04549,-0.03898,true,,-0.96632,0.14638,-0.96599,0.13555,0.97545,-0.14638,-0.96632,1.03653,-0.76104,-0.71098,-1.02562,,0.95238,0.96667,-1.05754,-0.91662,-0.74691,true,,0.32586,-0.76340,0.33087,-0.75854,0.82756,0.32586,-0.76340,0.54807,0.49457,0.23553,-0.08221,,1.00000,1.00000,true,,0.35992,-1.42681,0.37360,-1.42709,1.47519,-1.42681,-0.35992,0.52649,-0.50261,-0.15231,-0.15244,,0.95238,1.00000,true,,-0.00731,-0.09150,-0.00631,-0.09146,0.09167,0.00731,0.09150,0.47713,0.14019,-0.45638,0.36162,,1.00000,1.00000,true,,-0.75629,-0.47384,-0.75119,-0.47873,0.89077,0.03221,-0.89188,0.52657,-0.46701,-0.24795,,-0.04437,0.98611,1.00000,true,,-0.27874,-0.91602,-0.27205,-0.91473,0.95433,0.21662,-0.93266,0.01403,0.00704,-0.01220,,-0.05455,0.95833,1.00000,true,,0.22626,-0.98044,0.23320,-0.97841,1.00582,-0.29427,-0.96221,0.27653,0.26956,-0.05966,,-0.13735,0.95833,1.00000,true,,-0.05742,-1.14209,-0.04869,-1.14492,1.14595,-1.01779,-0.52132,0.20023,-0.17742,0.09159,,-0.07107,0.97222,1.00000,true,,0.49062,-0.80491,0.50024,-0.80232,0.94549,-0.94238,-0.02244,0.21944,-0.11993,-0.18294,,-0.26808,0.87500,1.00000,true,,-0.21845,-0.84738,-0.20980,-0.85030,0.87580,-0.23451,0.84308,0.50481,0.29831,0.40605,,-0.14814,0.77778,0.93889,true,,-0.12399,-0.81696,-0.11517,-0.81526,0.82335,0.51586,0.64552,0.35521,0.27526,0.22640,,-0.14658,0.93056,1.00000,true,,0.06801,-0.39494,0.07189,-0.39209,0.39862,0.30802,0.25637,0.24415,-0.20911,0.12689,,-0.12943,0.88889,0.99444,1470,genuine_population,gen,bobs_124060_190837,124060,Bob's Watches,https://www.bobswatches.com/images/zUsed-Rolex-Submariner-124060-SKU190837.jpg
414d382cc00b771f,images/41/414d382cc00b771f06bc929b6e5bcc6e28257fe7aae3dc5cecef0151d9db121b.jpg,accepted,1412,2160,,true,437.13739,0.99603,0.15446,54,12,439.48116,true,11,0.46628,-0.99535,1.09916,0.05560,-0.02812,true,,0.31330,-0.22104,0.31543,-0.21660,0.38263,0.22104,0.31330,0.97257,-0.97470,0.03049,1.13893,,0.95238,1.00000,0.98775,1.15188,0.63969,true,,0.26779,-1.04849,0.27749,-1.04498,1.08120,0.26779,-1.04849,0.39000,-0.37286,0.11569,-0.18170,,1.00000,1.00000,true,,0.71187,-0.56496,0.71949,-0.55878,0.91099,-0.56496,-0.71187,0.26757,0.25003,-0.09298,-0.09862,,0.71429,1.00000,true,,0.21766,-0.69764,0.22658,-0.69563,0.73160,-0.21766,0.69764,0.14869,0.05203,-0.13910,0.12658,,1.00000,1.00000,true,,0.58383,-1.26634,0.59578,-1.25578,1.38994,1.38860,-0.12756,0.18110,0.09578,0.15396,,-0.16917,0.93056,1.00000,true,,0.64018,-1.67059,0.65525,-1.65986,1.78452,1.38971,-1.12668,0.42967,0.29648,-0.31237,,-0.14309,0.81944,1.00000,true,,0.81456,-0.91514,0.82355,-0.90699,1.22510,0.24786,-1.19981,0.17035,0.15511,0.06968,,-0.11668,0.94444,1.00000,true,,0.19103,-0.90030,0.20035,-0.90043,0.92245,-0.68417,-0.61558,0.51648,-0.24412,0.45431,,-0.27090,0.90278,1.00000,true,,0.78037,-0.77558,0.79140,-0.76931,1.10370,-1.06185,-0.28803,0.27563,-0.16663,-0.21860,,-0.08168,0.97222,1.00000,true,,0.53698,-0.80774,0.54814,-0.80344,0.97261,-0.86891,0.43103,0.17677,-0.17328,-0.03234,,-0.12580,0.95833,1.00000,true,,0.33827,-0.81845,0.34851,-0.81375,0.88523,0.11628,0.87793,0.19293,-0.18857,-0.04061,,-0.14197,0.93056,1.00000,true,,0.08808,-1.35444,0.10369,-1.35048,1.35445,1.12894,0.75350,0.29290,0.29130,0.03455,,-0.11045,0.90278,1.00000,1500,genuine_population,gen,bobs_124060_184467,124060,Bob's Watches,https://www.bobswatches.com/images/zUsed-Rolex-Submariner-124060-SKU184467-PL.jpg
fcbe67be97b22776,images/fc/fcbe67be97b22776b98e38cd330af971802043d6d839fd8dc603549ce22fd127.jpg,accepted,1412,2160,,true,437.01176,0.99072,0.15481,53,12,439.13651,true,11,0.05807,-0.54580,0.54888,-0.04735,0.03340,true,,0.17125,0.82560,0.16672,0.81854,0.83534,-0.82560,0.17125,1.19906,-1.20735,-0.08866,0.26809,,1.00000,0.96667,0.00066,0.51962,0.21150,true,,0.63634,-0.45433,0.63714,-0.44967,0.77984,0.63634,-0.45433,0.74523,0.73882,-0.10071,0.00077,,1.00000,1.00000,true,,-0.69927,-0.81053,-0.69750,-0.81582,1.07334,-0.81053,0.69927,0.57183,-0.10477,0.56032,0.08346,,0.57143,1.00000,true,,0.71224,-0.88016,0.71964,-0.87393,1.13209,-0.71224,0.88016,0.51836,-0.49904,0.13794,-0.02044,,1.00000,1.00000,true,,-0.12603,-0.23419,-0.12491,-0.23272,0.26412,0.13980,-0.22624,0.28330,-0.19322,-0.20848,,-0.32340,0.70833,1.00000,true,,0.20022,-0.20815,0.20033,-0.20577,0.28719,0.27747,-0.08015,0.20135,0.12474,0.15843,,-0.37678,0.65278,0.98889,true,,-0.34828,-0.36795,-0.34799,-0.36944,0.50752,-0.48559,-0.14451,0.17464,-0.09040,0.14943,,-0.26369,0.90278,1.00000,true,,-0.26389,-0.59003,-0.26264,-0.59244,0.64805,-0.64292,-0.06648,0.05446,-0.02692,0.04717,,-0.25494,0.94444,1.00000,true,,0.16642,-0.88017,0.17273,-0.88136,0.89812,-0.84546,0.29596,0.22319,-0.17409,-0.13831,,-0.30832,0.95833,1.00000,true,,0.02609,-0.87752,0.03292,-0.87736,0.87798,-0.46136,0.74691,0.09648,0.02971,0.09182,,-0.21267,0.97222,1.00000,true,,0.16879,-0.29477,0.17088,-0.29206,0.33838,0.00121,0.33967,0.37318,-0.05564,-0.37077,,-0.23348,0.95833,1.00000,true,,-0.05800,-0.58717,-0.05406,-0.58231,0.58481,0.53751,0.24335,0.38589,0.25984,-0.28680,,-0.31778,0.75000,1.00000,1385,genuine_population,gen,bobs_124060_185013,124060,Bob's Watches,https://www.bobswatches.com/images/zUsed-Rolex-Submariner-124060-Black-Dial-SKU185013.jpg
f0a0d60a88ddfaa5,images/f0/f0a0d60a88ddfaa5b8a1451e39b7f97dcfdacec2dae85475440e25e7f7f4c8cb.jpg,accepted,1412,2160,,true,436.36607,0.99145,0.11240,54,12,437.97132,true,10,-0.31537,0.03213,0.31700,0.08019,0.06345,true,,-0.71754,0.27833,-0.71957,0.26484,0.76676,-0.27833,-0.71754,0.94262,-0.52207,-0.79046,-0.01224,,1.00000,0.96667,-0.26837,0.25231,0.01767,true,,-0.02159,0.56277,-0.02781,0.56085,0.56154,-0.02159,0.56277,0.15957,0.02648,0.15769,0.29241,,1.00000,1.00000,false,side edge coverage 0.48,,,,,,,,,,,,,0.47619,1.00000,true,,-0.86278,-0.32822,-0.85854,-0.34050,0.92359,0.86278,0.32822,0.28203,0.28152,-0.00302,0.20422,,1.00000,0.96667,true,,0.30186,0.07101,0.30014,0.07507,0.30939,0.08943,0.29693,0.15609,-0.00700,0.15639,,-0.49591,0.90278,1.00000,true,,0.43333,0.14055,0.43088,0.14628,0.45504,0.30500,0.33839,0.31678,0.31024,0.06917,,-0.31071,0.69444,0.98333,true,,-0.33277,0.54643,-0.33937,0.54178,0.63929,-0.01498,0.63961,0.07268,-0.04666,0.05572,,-0.39685,1.00000,1.00000,true,,-0.77219,0.23846,-0.77736,0.22799,0.81011,-0.17958,0.78796,0.35644,-0.33994,0.10241,,-0.36191,0.98611,1.00000,true,,-0.53603,-0.01622,-0.53788,-0.02406,0.53842,0.25396,0.47232,0.28402,-0.22107,-0.17632,,-0.31328,0.95833,1.00000,true,,-0.61692,-0.20578,-0.61537,-0.21512,0.65189,0.43137,0.48667,0.14964,-0.14532,-0.03328,,-0.39405,1.00000,1.00000,true,,-0.68359,-0.16630,-0.68072,-0.17583,0.70306,0.67516,-0.19778,0.42462,0.13537,-0.40306,,-0.31458,0.94444,1.00000,true,,-0.05600,-0.47355,-0.04850,-0.47077,0.47326,0.43810,0.18828,0.08845,0.02701,0.08466,,-0.59036,0.98611,1.00000,1466,genuine_population,gen,bobs_124060_188850,124060,Bob's Watches,https://www.bobswatches.com/images/zUsed-Rolex-Submariner-124060-SKU188850.jpg
77dac8c7ee53a544,images/77/77dac8c7ee53a54424e278bcdbc18c8fea5cc30a711012021c2475af6fe2b25a.jpg,accepted,1412,2160,,true,435.66642,0.99663,0.18504,52,12,437.94169,true,11,0.11070,-1.07516,1.08084,-0.00086,-0.04410,true,,-0.81249,-0.58265,-0.81430,-0.57570,0.99726,0.58265,-0.81249,0.81788,-0.49174,-0.65994,0.03600,,1.00000,1.00000,-0.01275,0.17824,0.37327,true,,-0.03983,-1.51729,-0.05344,-1.51185,1.51280,-0.03983,-1.51729,0.23997,-0.15381,-0.18404,-0.03760,,1.00000,1.00000,true,,0.00748,-1.40978,-0.00076,-1.41534,1.41534,-1.40978,-0.00748,0.49441,-0.32954,0.36521,-0.01634,,0.66667,1.00000,true,,-0.41347,-0.43184,-0.41608,-0.42993,0.59830,0.41347,0.43184,0.66177,0.53314,-0.38969,-0.00785,,1.00000,1.00000,true,,-0.23669,-1.31881,-0.24592,-1.30664,1.32958,1.02378,-0.86438,0.15621,0.03536,-0.15262,,0.07010,0.84722,1.00000,true,,0.24667,-1.48138,0.23317,-1.47196,1.49032,0.95432,-1.15958,0.31569,0.31750,-0.01070,,0.06987,0.93056,1.00000,true,,-0.15437,-1.46288,-0.16741,-1.46224,1.47179,-0.86513,-1.18970,0.43242,-0.42455,0.07600,,-0.13360,0.95833,1.00000,true,,0.37749,-0.94247,0.37156,-0.94678,1.01708,-0.62746,-0.79815,0.27668,0.25023,0.11595,,0.00813,0.84722,1.00000,true,,0.49012,-0.84958,0.48928,-0.85509,0.98517,-0.98082,0.00034,0.16435,0.01370,-0.16296,,-0.21782,0.86111,1.00000,true,,0.36494,-0.29202,0.36595,-0.29398,0.46941,-0.46206,0.07043,0.56108,0.18086,-0.52998,,-0.03136,0.95833,1.00000,true,,0.59432,-0.83879,0.59290,-0.83632,1.02516,-0.09530,1.02357,0.61301,-0.52978,0.30634,,0.06320,0.81944,0.95000,true,,0.30425,-1.30936,0.29874,-1.29996,1.33384,0.98182,0.91816,0.56088,0.11022,0.55253,,0.11326,0.93056,1.00000,1453,genuine_population,gen,bobs_124060_186502,124060,Bob's Watches,https://www.bobswatches.com/images/zUsed-Rolex-Submariner-124060-SKU186502.jpg
f157b8f649d74316,images/f1/f157b8f649d7431623d02166267f4eae6a590b82e8ddeec60c98bb8815add3f4.jpg,accepted,1412,2160,,true,434.08942,0.99934,0.14830,52,12,437.93495,true,11,-0.01605,-0.94917,0.94931,0.04649,-0.05540,true,,-0.54666,-0.24787,-0.54408,-0.24685,0.59746,0.24787,-0.54666,0.87833,-0.86865,-0.18923,-0.72345,,1.00000,1.00000,-0.89791,-0.59624,-0.89305,true,,0.47710,-1.50259,0.47637,-1.49307,1.56723,0.47710,-1.50259,0.40890,0.34160,-0.22736,0.24686,,1.00000,1.00000,true,,0.37874,-1.34605,0.38453,-1.34784,1.40161,-1.34605,-0.37874,0.55334,-0.54679,-0.07638,-0.12720,,0.57143,1.00000,true,,0.32957,-0.62505,0.33413,-0.62106,0.70523,-0.32957,0.62505,0.50376,-0.50317,-0.00734,0.23072,,1.00000,1.00000,true,,-0.36276,-1.27355,-0.36002,-1.26005,1.31047,0.92155,-0.95093,0.12785,-0.06060,-0.11303,,-0.16291,0.88889,1.00000,true,,-0.09233,-1.12181,-0.09231,-1.11202,1.11585,0.48094,-1.01768,0.21570,-0.14512,0.16236,,-0.11339,0.81944,1.00000,true,,0.15353,-0.88858,0.15366,-0.88682,0.90003,-0.31133,-0.84630,0.31445,0.01643,0.31469,,-0.13789,0.93056,1.00000,true,,-0.18891,-0.62087,-0.18878,-0.62239,0.65039,-0.63215,-0.14683,0.66046,0.03775,0.65807,,-0.12621,0.94444,1.00000,true,,0.56242,-0.49125,0.56723,-0.49043,0.74985,-0.70665,-0.24144,0.39555,-0.05580,-0.39035,,-0.18734,0.93056,1.00000,true,,0.20513,-0.23876,0.20729,-0.23791,0.31554,-0.29703,0.10421,0.38637,-0.00227,-0.38685,,-0.21850,0.98611,1.00000,true,,-0.83839,-1.04271,-0.83097,-1.03692,1.32880,1.24742,0.48381,0.58605,0.58837,0.01181,,-0.02493,0.90278,1.00000,true,,-0.51223,-1.18615,-0.50499,-1.17462,1.27858,1.28335,0.14947,0.28118,0.28215,0.03355,,-0.03107,0.91667,1.00000,1529,genuine_population,gen,bobs_124060_185570,124060,Bob's Watches,https://www.bobswatches.com/images/zUsed-Rolex-Submariner-124060-SKU185570.jpg
2064193eb9c89e21,images/20/2064193eb9c89e2130b1938e0ea7efed05d0d8a0648963165be2b13b214e0b14.jpg,accepted,1412,2160,,true,436.08822,0.99176,0.14305,54,12,438.45624,true,11,-0.53457,-0.60175,0.80490,0.02974,-0.11094,true,,-1.21860,-0.03336,-1.21497,-0.05388,1.21617,0.03336,-1.21860,0.66001,-0.66475,0.00467,-0.94627,,1.00000,1.00000,-1.09444,-0.84172,-1.10321,true,,-0.59692,-1.43097,-0.57558,-1.43764,1.54858,-0.59692,-1.43097,0.24470,-0.15111,-0.19260,-0.31138,,1.00000,1.00000,true,,-0.57603,0.14342,-0.57985,0.13399,0.59513,0.14342,0.57603,0.93200,0.63835,0.67570,0.45655,,0.61905,1.00000,true,,-0.31461,0.15913,-0.31776,0.15342,0.35286,0.31461,-0.15913,0.34635,-0.32916,-0.10858,0.17833,,1.00000,1.00000,true,,-1.24137,-1.17912,-1.21982,-1.19230,1.70574,0.40046,-1.66462,0.21093,0.05243,-0.20513,,-0.05712,0.90278,1.00000,true,,-0.77038,-1.56960,-0.74578,-1.57496,1.74261,0.11763,-1.74450,0.32404,0.18639,-0.26704,,-0.08033,0.90278,1.00000,true,,0.07247,-0.95257,0.08687,-0.95144,0.95540,-0.41353,-0.86119,0.25963,0.24914,0.07149,,-0.07157,1.00000,1.00000,true,,0.12439,-0.93157,0.13954,-0.93129,0.94169,-0.74457,-0.57351,0.08623,-0.06392,-0.05763,,-0.12614,0.95833,1.00000,true,,0.04966,-0.35808,0.05641,-0.35796,0.36238,-0.33494,0.13603,0.20789,-0.19908,0.05801,,-0.16487,0.83333,1.00000,true,,0.03837,0.03467,0.03775,0.03533,0.05170,-0.01590,-0.04921,0.33101,-0.29684,-0.14521,,-0.18747,0.94444,1.00000,true,,-1.19887,-0.31741,-1.19136,-0.33628,1.23791,1.19696,-0.32455,0.34373,0.32211,0.12424,,-0.09881,0.98611,1.00000,true,,-0.93495,-0.03188,-0.93237,-0.04760,0.93359,0.49509,-0.79375,0.40202,-0.39773,0.07183,,-0.11422,0.90278,1.00000,1449,genuine_population,gen,bobs_124060_187509,124060,Bob's Watches,https://www.bobswatches.com/images/zPre-Owned-Rolex-Submariner-124060-SKU187509-Black-Dial.jpg
c359d6c186a1ce72,images/c3/c359d6c186a1ce72355e3836c8c198222e4094be97db3a950223ff6ea9e4c96c.jpg,accepted,1961,3000,,true,604.92344,0.99331,0.28912,54,12,607.33041,true,10,0.94366,0.20244,0.96514,0.05785,0.01155,true,,0.71482,2.05109,0.71114,2.04511,2.16522,-2.05109,0.71482,2.14792,-2.13100,-0.32656,0.07361,,1.00000,0.96667,-0.13736,0.31730,0.19028,true,,1.38247,-0.13903,1.38215,-0.13650,1.38887,1.38247,-0.13903,0.46521,0.17221,-0.43284,-0.31866,,1.00000,1.00000,true,,0.36200,-0.35713,0.36320,-0.35752,0.50964,-0.35713,-0.36200,0.96092,-0.82473,0.48862,-0.07669,,0.61905,1.00000,true,,1.01696,0.34327,1.01704,0.34500,1.07397,-1.01696,-0.34327,0.41365,-0.34012,-0.23532,-0.20732,,1.00000,1.00000,true,,1.18839,-0.07024,1.18686,-0.06757,1.18878,0.65502,0.99406,0.07474,0.07136,-0.02312,,-0.58254,0.63889,1.00000,false,outline coverage 0.58; 8/8 octants,,,,,,,,,,,,,0.58333,0.95556,true,,1.12475,0.52634,1.12547,0.52856,1.24341,1.23723,-0.10655,0.09774,0.03379,0.09165,,-0.49548,0.83333,1.00000,true,,1.08779,0.85829,1.08890,0.86173,1.38863,1.28719,-0.51291,0.37139,0.35558,0.10418,,-0.50511,0.69444,0.95000,true,,0.59227,0.72379,0.59196,0.72647,0.93711,0.33069,-0.87482,0.34825,0.34263,-0.05684,,-0.51580,0.77778,1.00000,true,,0.46451,0.36944,0.46433,0.37071,0.59416,-0.21756,-0.55220,0.21384,0.21327,-0.00606,,-0.56085,0.75000,1.00000,true,,0.50976,0.23130,0.50922,0.23186,0.55952,-0.55711,0.05457,0.35070,0.07460,-0.34283,,-0.51422,0.81944,1.00000,true,,1.31628,-0.15379,1.31578,-0.15061,1.32437,-0.52496,1.21683,0.43293,-0.16508,0.40053,,-0.06637,0.68056,1.00000,1731,genuine_population,gen,bobs_124060_187191,124060,Bob's Watches,https://www.bobswatches.com/images/zUsed-Rolex-Submariner-124060-Black-Dial-SKU187191-PL.jpg
e54ed21aee4ba6a2,images/e5/e54ed21aee4ba6a2b2003d74fd7c663383c6bc359b577904b447b3003c3673f1.jpg,accepted,1412,2160,,true,437.20602,0.98879,0.15292,54,12,438.44887,true,11,0.42506,-0.71003,0.82754,0.00985,0.01625,true,,-0.12301,0.46205,-0.12475,0.45854,0.47521,-0.46205,-0.12301,1.36276,-1.21009,-0.64408,0.28615,,1.00000,1.00000,0.09294,0.41199,0.04446,true,,0.64922,-0.85908,0.65053,-0.85335,1.07303,0.64922,-0.85908,0.30795,0.19473,-0.23995,0.08821,,1.00000,1.00000,true,,-0.01198,-0.39705,-0.01039,-0.39826,0.39840,-0.39705,0.01198,0.44340,0.28368,0.33930,-0.61781,,0.85714,1.00000,true,,-0.01223,-0.60460,-0.00851,-0.60434,0.60440,0.01223,0.60460,0.45069,0.40114,-0.20330,-0.54760,,1.00000,1.00000,true,,0.78677,-0.66250,0.78731,-0.65344,1.02316,0.96713,0.35011,0.26136,0.10321,0.24051,,-0.04596,0.90278,1.00000,true,,0.72980,-0.53217,0.72975,-0.52518,0.89909,0.89811,-0.09598,0.25278,0.14100,0.20993,,-0.04222,0.69444,0.83333,true,,0.21328,-0.69297,0.21489,-0.69190,0.72450,-0.16178,-0.70676,0.20681,-0.20537,0.02085,,-0.09503,0.94444,1.00000,true,,0.28033,-1.02704,0.28397,-1.02778,1.06629,-0.74928,-0.75630,0.40196,-0.37735,-0.13549,,-0.14474,0.86111,0.99444,true,,0.17099,-0.86500,0.17619,-0.86672,0.88445,-0.83461,0.28442,0.19673,-0.04097,0.19171,,-0.21292,0.81944,1.00000,true,,0.74914,-0.72949,0.75635,-0.72654,1.04877,-1.01352,0.25718,0.41351,-0.32669,-0.25105,,-0.15641,0.95833,1.00000,true,,0.55905,-0.54282,0.56314,-0.53767,0.77860,-0.21274,0.74963,0.29912,-0.23944,-0.18031,,-0.05902,0.95833,1.00000,true,,0.42998,-0.90319,0.43467,-0.89592,0.99580,0.56719,0.82397,0.12460,0.12498,0.00085,,-0.16002,0.87500,1.00000,2035,genuine_population,gen,bobs_124060_190902,124060,Bob's Watches,https://www.bobswatches.com/images/z190902-Used-Rolex-Submariner-124060-SKU190902.jpg
693eb736d3b0feec,images/69/693eb736d3b0feec0e168d031bc5b5c3b8681989572265398a21369e55ebd9bf.jpg,accepted,1412,2160,,true,437.19707,0.99020,0.11637,54,12,438.93053,true,11,0.29620,-0.09384,0.31071,-0.02867,-0.07900,true,,-0.02709,0.43613,-0.02971,0.43347,0.43449,-0.43613,-0.02709,0.45833,-0.43144,0.16114,0.29610,,0.95238,1.00000,0.02512,0.48114,-0.01039,true,,0.68193,-0.44936,0.68339,-0.44428,0.81511,0.68193,-0.44936,0.49365,0.48204,0.10592,-0.28402,,1.00000,1.00000,true,,0.77422,0.22949,0.77513,0.23521,0.81003,0.22949,-0.77422,0.42305,0.42091,-0.01940,0.08760,,0.90476,1.00000,true,,0.33260,0.02566,0.33293,0.02787,0.33409,-0.33260,-0.02566,0.34271,0.05835,0.33786,0.03574,,1.00000,1.00000,true,,-0.20597,0.07692,-0.20592,0.07504,0.21916,-0.16960,-0.13992,0.32937,-0.29795,0.14457,,-0.39729,0.91667,1.00000,true,,0.05899,-0.51703,0.06094,-0.51472,0.51832,0.30960,-0.41827,0.10829,0.10821,0.00944,,-0.41460,0.93056,1.00000,true,,0.34527,-0.91215,0.34922,-0.91118,0.97581,-0.15707,-0.96258,0.35609,-0.26258,-0.23945,,-0.55927,0.93056,1.00000,true,,0.07846,-0.34205,0.08032,-0.34272,0.35201,-0.25699,-0.23897,0.60007,-0.21928,0.55719,,-0.59481,0.91667,1.00000,true,,1.19800,0.22163,1.20039,0.22997,1.22222,-0.40706,-1.14832,0.45548,-0.07393,-0.44804,,-0.55207,0.88889,1.00000,true,,1.13719,-0.04289,1.14077,-0.03568,1.14133,-1.00628,-0.53145,0.60280,-0.60011,0.02560,,-0.50128,0.95833,1.00000,true,,-0.12760,0.17326,-0.12908,0.17190,0.21497,0.02388,-0.21385,0.33705,0.33416,0.04779,,-0.38217,0.94444,1.00000,true,,-0.56408,0.38629,-0.56636,0.38041,0.68226,-0.05250,-0.68165,0.50556,0.11456,-0.49305,,-0.34510,0.87500,1.00000,1429,genuine_population,gen,bobs_124060_190126,124060,Bob's Watches,https://www.bobswatches.com/images/zUsed-Rolex-Submariner-124060-SKU190126.jpg
08f3272c58fa0476,images/08/08f3272c58fa0476b6eb22428b6fc0c9f7e4c857286b647b1c4a75af69e392c0.jpg,accepted,1412,2160,,true,437.28848,0.99278,0.11793,55,12,439.79244,true,11,0.29114,-0.66234,0.72350,-0.03989,-0.06017,true,,-0.84996,0.45525,-0.85729,0.43333,0.96058,-0.45525,-0.84996,1.23519,-0.98528,-0.75795,-1.06317,,1.00000,1.00000,-1.18462,-0.90201,-0.92049,true,,0.43792,-1.57314,0.46619,-1.55838,1.62661,0.43792,-1.57314,0.62328,0.29399,-0.55228,0.02731,,1.00000,1.00000,true,,0.36546,-0.90297,0.38545,-0.89745,0.97673,-0.90297,-0.36546,0.28134,-0.09954,0.26226,0.00486,,0.52381,1.00000,true,,0.50202,-0.61000,0.51695,-0.59786,0.79037,-0.50202,0.61000,0.30409,-0.09173,0.29037,0.35086,,1.00000,0.96667,true,,-0.53565,-0.88582,-0.51719,-0.88964,1.02905,0.49932,-0.90680,0.44149,-0.07694,-0.43587,,0.00920,0.88889,1.00000,true,,0.11336,-0.91412,0.12984,-0.90586,0.91512,0.55524,-0.73497,0.14790,0.12288,0.08271,,-0.00230,0.91667,0.95000,true,,0.17944,-0.62667,0.19112,-0.62254,0.65122,-0.15794,-0.63243,0.46874,0.07995,0.46236,,0.01740,0.97222,1.00000,true,,0.27625,-0.81357,0.29274,-0.80919,0.86051,-0.56645,-0.64602,0.30601,0.01819,0.30487,,-0.17290,0.90278,1.00000,true,,1.12556,-0.47071,1.13981,-0.44874,1.22496,-0.97042,-0.73941,0.47280,-0.10868,-0.45876,,-0.31431,0.83333,1.00000,true,,0.54451,-0.31592,0.55331,-0.30476,0.63168,-0.62952,0.00133,0.10972,0.08833,-0.06477,,-0.22442,0.94444,1.00000,true,,-0.00562,-0.31537,0.00171,-0.31367,0.31367,0.16255,0.27031,0.22228,0.21015,-0.07291,,-0.00757,1.00000,1.00000,true,,0.39555,-0.07758,0.39661,-0.06865,0.40250,-0.13059,0.38135,0.46468,-0.42974,0.18203,,-0.06194,0.88889,1.00000,1546,genuine_population,gen,bobs_124060_188311,124060,Bob's Watches,https://www.bobswatches.com/images/zUsed-Rolex-Submariner-124060-SKU188311.jpg
f5474add67ca5873,images/f5/f5474add67ca5873ff8e5f86af8e436caa55a6de9733570dc7ffd03296556a18.jpg,accepted,1412,2160,,true,437.49044,0.99485,0.14273,55,12,440.01804,true,10,-0.06643,-0.95730,0.95960,0.07616,-0.00708,true,,-0.69872,-0.26058,-0.69557,-0.26578,0.74462,0.26058,-0.69872,1.12106,-0.96493,-0.58101,0.13655,,0.90476,1.00000,-0.03293,0.40585,0.49279,true,,0.63439,-0.51120,0.63733,-0.50477,0.81301,0.63439,-0.51120,0.66674,0.45422,0.48777,-0.23290,,1.00000,1.00000,false,hand/occluder crosses outline (clean 0.20),,,,,,,,,,,,,0.57143,0.20000,true,,-0.59288,-0.96702,-0.58400,-0.97171,1.13370,0.59288,0.96702,0.26942,0.26425,0.05064,0.09173,,1.00000,1.00000,true,,0.00915,-1.43106,0.01931,-1.42386,1.42399,1.24391,-0.70760,0.21459,0.17899,-0.12022,,-0.16171,0.87500,1.00000,true,,0.47110,-1.14650,0.47774,-1.13803,1.23424,0.98124,-0.75734,0.33115,0.29402,0.15341,,-0.06551,0.73611,1.00000,true,,-0.13990,-0.89769,-0.13428,-0.89942,0.90939,-0.57000,-0.70747,0.32650,-0.29954,0.12905,,-0.17794,0.94444,1.00000,true,,-0.10283,-1.00935,-0.09579,-1.01256,1.01708,-0.92554,-0.41563,0.33546,-0.33172,0.04319,,-0.22216,0.87500,1.00000,true,,0.17788,-0.82875,0.18610,-0.82960,0.85022,-0.80666,0.26033,0.37446,-0.28707,-0.23853,,-0.19971,0.97222,1.00000,true,,-0.11577,-0.95897,-0.10644,-0.96139,0.96726,-0.37922,0.88838,0.24707,-0.23733,0.06616,,-0.20501,0.91667,1.00000,true,,-0.61750,-1.04372,-0.60735,-1.04652,1.20999,1.05663,0.59514,0.28541,0.24084,-0.15285,,-0.00739,0.87500,1.00000,true,,-0.46593,-0.78248,-0.45841,-0.78335,0.90762,0.91062,-0.01227,0.44404,-0.22853,-0.38256,,-0.17202,0.87500,1.00000,1453,genuine_population,gen,bobs_124060_184502,124060,Bob's Watches,https://www.bobswatches.com/images/zUsed-Rolex-Submariner-124060-SKU184502-PL.jpg
8848a4685b08eba2,images/88/8848a4685b08eba26816f1ee261dcda9b4e6c96b796661ef0fdcf85d5935f828.jpg,accepted,1412,2160,,true,435.75596,0.99670,0.13010,51,12,438.88502,true,11,0.29204,-0.64319,0.70638,-0.08141,-0.03108,true,,-0.22426,0.16054,-0.22414,0.15792,0.27418,-0.16054,-0.22426,0.60907,-0.52232,-0.32382,0.23492,,1.00000,1.00000,0.10985,0.35983,0.23437,true,,0.42502,-0.37149,0.42509,-0.36811,0.56232,0.42502,-0.37149,0.61055,0.40642,0.45656,-0.23008,,1.00000,1.00000,true,,0.56200,-1.47542,0.56872,-1.47523,1.58105,-1.47542,-0.56200,0.56504,-0.55688,-0.09145,0.20570,,0.76190,1.00000,true,,0.45367,-0.25439,0.45554,-0.25157,0.52039,-0.45367,0.25439,0.23725,0.10738,-0.21220,0.15480,,1.00000,1.00000,true,,-0.39820,-0.62795,-0.39605,-0.62300,0.73823,0.34472,-0.65883,0.39751,-0.07009,-0.39247,,0.04523,0.90278,1.00000,true,,-0.05600,-0.64879,-0.05556,-0.64377,0.64616,0.27590,-0.58987,0.02095,-0.00807,0.01951,,-0.03468,0.70833,0.83889,true,,0.07561,-1.13742,0.07634,-1.13519,1.13775,-0.50323,-1.02284,0.18659,-0.13988,-0.12363,,-0.01368,0.97222,1.00000,true,,0.16854,-0.94059,0.17064,-0.94064,0.95599,-0.73030,-0.61626,0.15428,-0.02392,0.15211,,-0.11037,0.90278,1.00000,true,,0.53731,-0.43718,0.54118,-0.43568,0.69476,-0.64727,-0.24673,0.37134,0.34894,-0.12569,,-0.01638,0.90278,1.00000,true,,0.68540,-0.58201,0.69043,-0.57874,0.90091,-0.88458,0.16133,0.06358,-0.01922,-0.06065,,-0.01887,0.95833,1.00000,true,,0.61030,-0.69175,0.61385,-0.68410,0.91913,-0.18266,0.90423,0.39178,0.03538,0.39242,,0.08991,0.95833,1.00000,true,,0.30520,-0.22474,0.30559,-0.22130,0.37730,0.04203,0.37668,0.08232,-0.08295,-0.00427,,0.01869,0.91667,1.00000,1404,genuine_population,gen,bobs_124060_185429,124060,Bob's Watches,https://www.bobswatches.com/images/zUsed-Rolex-Submariner-124060-Black-Dial-SKU185429.jpg
27936e07bfe8b046,images/27/27936e07bfe8b046b23486fbd08f1db4f3862c7174436c4b9b896bc7fa601ac7.jpg,accepted,1412,2160,,true,435.42120,0.99663,0.12059,54,12,438.27977,true,10,-0.28055,-1.00972,1.04797,0.02003,0.00000,true,,0.42497,-0.29950,0.42478,-0.29264,0.51583,0.29950,0.42497,1.04931,-0.78413,0.70930,0.33509,,0.95238,0.96667,0.20526,0.43307,0.22038,true,,0.07513,-1.20479,0.07514,-1.19707,1.19942,0.07513,-1.20479,0.34811,0.29284,-0.19131,0.16059,,1.00000,1.00000,true,,-0.84275,-1.96924,-0.83893,-1.97856,2.14907,-1.96924,0.84275,1.16909,-1.02238,0.55841,0.22798,,0.52381,1.00000,true,,-0.87518,-0.06737,-0.87667,-0.07220,0.87964,0.87518,0.06737,1.07937,0.52421,-0.94612,0.23761,,1.00000,0.96667,true,,-0.12946,-1.06855,-0.12702,-1.05554,1.06315,0.86066,-0.64638,0.11898,0.05371,0.10660,,-0.03019,0.72222,1.00000,false,outline coverage 0.57; 8/8 octants,,,,,,,,,,,,,0.56944,0.96667,true,,-0.12163,-0.57542,-0.12165,-0.57507,0.58780,-0.39305,-0.43751,0.41467,0.28853,0.29802,,-0.15726,0.87500,1.00000,true,,-0.17408,-0.94976,-0.17295,-0.95218,0.96776,-0.90956,-0.32412,0.07487,0.03890,-0.06363,,-0.17384,0.83333,0.98889,true,,-0.23930,-1.16616,-0.23341,-1.17012,1.19317,-0.89027,0.79032,0.22990,-0.22615,0.03733,,-0.25340,1.00000,1.00000,true,,-0.36852,-0.75803,-0.36430,-0.75968,0.84251,-0.05986,0.84074,0.22084,0.12923,-0.17914,,-0.17366,0.86111,1.00000,true,,-0.11936,-0.94064,-0.11220,-0.93298,0.93971,0.57369,0.75494,0.25092,-0.25071,0.01940,,0.00554,0.84722,1.00000,true,,-0.11006,-1.35496,-0.10163,-1.33907,1.34293,1.22846,0.58216,0.34665,0.13718,0.32166,,-0.03499,0.86111,1.00000,1377,genuine_population,gen,bobs_124060_185853,124060,Bob's Watches,https://www.bobswatches.com/images/zUsed-Rolex-Submariner-124060-Black-Dial-SKU185853.jpg
923ae9db2cbc1d15,images/92/923ae9db2cbc1d153701f0d962076d41c9ded0f85c3b706991ceb1d7260c1d8e.jpg,accepted,1412,2160,,true,436.77686,0.98943,0.14979,52,12,438.87457,true,11,-0.04357,-0.43011,0.43231,-0.01692,-0.00836,true,,-0.29322,0.25655,-0.29378,0.25439,0.38862,-0.25655,-0.29322,0.65526,-0.62740,-0.19698,0.28553,,0.95238,1.00000,0.10670,0.46507,0.28805,true,,0.36332,-0.07287,0.36342,-0.07134,0.37036,0.36332,-0.07287,0.61739,0.46480,0.40592,-0.26480,,1.00000,1.00000,true,,-0.15959,-0.42726,-0.15833,-0.42880,0.45709,-0.42726,0.15959,0.17382,0.05932,0.16308,0.13820,,0.57143,1.00000,true,,0.20745,-0.13744,0.20828,-0.13654,0.24905,-0.20745,0.13744,0.31309,-0.19617,-0.24418,-0.26074,,1.00000,1.00000,true,,-0.43062,-0.38914,-0.42899,-0.38967,0.57955,0.12170,-0.56750,0.31016,-0.16789,-0.26127,,-0.16983,0.95833,1.00000,true,,-0.41280,-0.48168,-0.41135,-0.48228,0.63388,-0.11665,-0.62355,0.29145,-0.23227,-0.17636,,-0.23071,0.81944,1.00000,true,,-0.07902,-0.65839,-0.07758,-0.65914,0.66369,-0.39763,-0.53067,0.15318,-0.08305,-0.12858,,-0.18166,0.98611,1.00000,true,,-0.15699,-0.41100,-0.15604,-0.41236,0.44090,-0.43443,-0.06954,0.16015,0.02111,0.15858,,-0.22901,0.88889,1.00000,true,,0.20395,-0.38955,0.20601,-0.38958,0.44069,-0.43934,0.01815,0.18650,-0.02889,-0.18393,,-0.19497,0.95833,1.00000,true,,0.29274,-0.65520,0.29635,-0.65474,0.71869,-0.58112,0.42104,0.35398,-0.34465,0.07801,,-0.21395,1.00000,1.00000,true,,-0.27128,-0.51642,-0.26875,-0.51655,0.58228,0.49314,0.31159,0.29946,0.29942,0.01365,,-0.08461,0.90278,1.00000,true,,-0.00463,-0.64964,-0.00183,-0.64765,0.64765,0.56492,0.32081,0.30200,0.23024,0.19684,,-0.14998,0.97222,1.00000,1404,genuine_population,gen,bobs_124060_182762,124060,Bob's Watches,https://www.bobswatches.com/images/zUsed-Rolex-Submariner-124060-Black-Chromalight-Dial-SKU182762.jpg
9285ba51d8229841,images/92/9285ba51d8229841e63ec306f97f07a370b5a5cf3f183c0d1e64383c86bf7602.jpg,accepted,1412,2160,,true,434.31875,0.99852,0.13129,53,12,437.14371,true,11,0.19024,-0.20773,0.28168,-0.03394,-0.03579,true,,-0.25067,0.43685,-0.25055,0.43499,0.50198,-0.43685,-0.25067,0.56938,-0.52625,-0.22247,-0.17389,,0.95238,1.00000,-0.33948,0.03944,-0.00303,true,,0.27132,-1.37562,0.26926,-1.37428,1.40041,0.27132,-1.37562,0.97853,0.19389,-0.96036,-0.03667,,1.00000,1.00000,true,,1.03198,-0.29848,1.03452,-0.29890,1.07683,-0.29848,-1.03198,0.63657,0.02210,-0.63464,-0.40530,,0.85714,1.00000,true,,0.46905,0.51913,0.46931,0.52002,0.70048,-0.46905,-0.51913,0.54615,-0.16639,-0.51979,0.62999,,1.00000,1.00000,true,,0.10289,-0.60651,0.10234,-0.60439,0.61299,0.57670,-0.21415,0.42393,0.42228,-0.05257,,-0.07943,0.97222,1.00000,true,,-0.02065,-0.03988,-0.02067,-0.03982,0.04487,0.00206,-0.04486,0.29952,-0.14581,0.26240,,-0.10134,0.88889,1.00000,true,,-0.31406,0.01494,-0.31417,0.01471,0.31451,-0.26451,0.16997,0.69762,-0.20441,0.66727,,-0.07337,0.95833,1.00000,true,,-0.12642,-0.20500,-0.12677,-0.20555,0.24149,-0.24074,0.00699,0.49958,-0.03497,0.49774,,-0.07359,0.84722,1.00000,true,,0.32204,-0.35081,0.32335,-0.35175,0.47779,-0.46483,-0.10349,0.19268,-0.06901,0.17930,,-0.10459,0.91667,1.00000,true,,0.21837,-0.20338,0.21934,-0.20366,0.29931,-0.29080,0.06694,0.22712,0.09846,0.20405,,-0.20218,0.94444,1.00000,true,,-0.07856,-0.16644,-0.07843,-0.16640,0.18395,0.15126,0.10486,0.33676,0.33256,0.05193,,-0.07708,0.97222,1.00000,true,,0.42184,0.31187,0.42168,0.31187,0.52448,-0.48101,0.20939,0.47409,-0.44538,0.16301,,-0.11272,0.93056,1.00000,1476,genuine_population,gen,bobs_124060_189982,124060,Bob's Watches,https://www.bobswatches.com/images/zUsed-Rolex-Submariner-124060-SKU189982.jpg
b7069dbbd3259dcb,images/b7/b7069dbbd3259dcb9dfdc3af9629623fde41fa5e5e5084da7ceb53cdb0b1d70a.jpg,accepted,1412,2160,,true,435.59517,0.99230,0.15494,53,12,438.01417,true,10,0.04476,0.22643,0.23081,-0.04342,0.06293,false,hand/occluder crosses outline (clean 0.73),,,,,,,,,,,,,0.71429,0.73333,,,,true,,0.52944,0.36606,0.52652,0.37061,0.64388,0.52944,0.36606,0.66519,0.62665,-0.22574,0.08344,,1.00000,1.00000,true,,-0.86465,-0.37688,-0.86306,-0.38704,0.94587,-0.37688,0.86465,0.71581,-0.45914,0.54662,-0.13880,,0.95238,1.00000,true,,0.82757,-0.04418,0.82829,-0.03516,0.82904,-0.82757,0.04418,0.64288,-0.63606,-0.09438,0.14001,,1.00000,0.96667,true,,0.53434,0.71353,0.52651,0.71347,0.88671,-0.35076,0.81951,0.27399,-0.02336,0.27398,,-0.35392,0.75000,1.00000,false,hand/occluder crosses outline (clean 0.68),,,,,,,,,,,,,0.44444,0.67778,true,,-0.44365,0.51312,-0.44838,0.50829,0.67779,-0.12765,0.66620,0.16318,-0.12706,0.10212,,-0.45431,0.98611,1.00000,true,,-0.46436,0.38339,-0.46903,0.37919,0.60314,0.09984,0.59384,0.13473,0.03473,0.12997,,-0.42337,0.87500,1.00000,true,,-0.13141,-0.27869,-0.12838,-0.28067,0.30864,-0.17565,0.25314,0.19480,-0.19361,0.01589,,-0.37811,0.94444,1.00000,true,,-0.23584,0.23170,-0.23927,0.22916,0.33131,0.32010,-0.08274,0.47663,0.40234,-0.25430,,-0.46576,0.94444,1.00000,true,,0.16148,0.10214,0.15993,0.10327,0.19038,-0.19092,-0.00772,0.25492,0.11795,-0.22643,,-0.43063,0.87500,1.00000,true,,0.13167,0.09532,0.13020,0.09597,0.16175,-0.14838,0.06637,0.33804,0.22617,-0.25255,,-0.37565,0.80556,1.00000,1435,genuine_population,gen,bobs_124060_187661,124060,Bob's Watches,https://www.bobswatches.com/images/z187661-Used-Rolex-Submariner-124060-SKU187661-Black-Dial.jpg
449ef2972411540a,images/44/449ef2972411540a088105bdd95edd83fb81631c6a4f5f3d806f6257dbe6657a.jpg,accepted,1412,2160,,true,435.39657,0.99658,0.14544,52,12,438.17776,true,10,-0.39256,-0.94498,1.02328,0.00535,0.03305,true,,-0.25823,-0.31273,-0.25577,-0.31300,0.40421,0.31273,-0.25823,0.64780,-0.64937,-0.06175,0.79066,,1.00000,1.00000,0.55159,0.94259,0.47902,true,,0.28444,-0.76551,0.28763,-0.76113,0.81366,0.28444,-0.76551,0.66485,0.66515,-0.01404,-0.56648,,1.00000,1.00000,true,,-0.33350,-1.30150,-0.32581,-1.30783,1.34781,-1.30150,0.33350,0.45662,-0.37594,-0.25689,-0.08050,,0.61905,1.00000,true,,-0.53225,-0.98731,-0.52473,-0.99080,1.12117,0.53225,0.98731,0.18814,0.11596,-0.14794,0.35135,,1.00000,0.96667,true,,-0.36010,-0.73281,-0.35537,-0.73123,0.81301,0.45458,-0.67826,0.19310,-0.18222,-0.06713,,-0.13839,0.87500,1.00000,false,hand/occluder crosses outline (clean 0.59),,,,,,,,,,,,,0.69444,0.59444,true,,-0.49555,-0.89543,-0.49184,-0.89929,1.02500,-0.87688,-0.52769,0.14016,-0.07916,-0.11563,,-0.14927,0.98611,1.00000,true,,-1.46241,-0.64538,-1.46233,-0.65779,1.60347,-1.29012,0.94379,0.91482,-0.29297,0.86470,,-0.21845,0.98611,1.00000,true,,-0.14849,-0.61470,-0.14416,-0.61771,0.63431,-0.45810,0.43595,0.60519,0.14055,-0.58650,,-0.40096,0.83333,1.00000,true,,-0.53099,-1.38248,-0.52067,-1.38878,1.48317,-0.23139,1.46276,0.27128,-0.12390,0.24088,,-0.28457,1.00000,1.00000,true,,-0.57013,-1.34711,-0.55888,-1.34734,1.45865,1.16730,0.88157,0.33627,0.33143,0.05818,,-0.21700,0.84722,0.95000,true,,-0.14725,-0.91214,-0.13992,-0.90826,0.91897,0.86356,0.32855,0.17110,-0.17174,-0.00369,,-0.22399,0.83333,1.00000,1440,genuine_population,gen,bobs_124060_189182,124060,Bob's Watches,https://www.bobswatches.com/images/zUsed-Rolex-Submariner-124060-SKU189182.jpg
97a6409618ad6065,images/97/97a6409618ad606591fae3dd9dbc724f2021788d3eeaad867cadf0300ed028a3.jpg,accepted,1412,2160,,true,434.03236,0.99590,0.12127,54,12,437.35022,true,10,-1.00006,-0.98690,1.40503,-0.06094,0.00200,true,,-1.05384,0.51741,-1.05329,0.50437,1.16782,-0.51741,-1.05384,1.27601,-1.29058,-0.06132,1.04172,,1.00000,1.00000,0.86009,1.17894,0.88241,true,,-0.89894,-1.43515,-0.89608,-1.43232,1.68953,-0.89894,-1.43515,0.55084,0.30808,-0.46054,0.18477,,1.00000,1.00000,true,,-1.17033,-1.13322,-1.16902,-1.14148,1.63389,-1.13322,1.17033,0.16429,0.05527,0.15407,-0.09181,,0.66667,1.00000,true,,-1.25604,-0.96600,-1.24937,-0.96869,1.58091,1.25604,0.96600,0.45548,0.45367,-0.03174,0.01445,,1.00000,0.96667,true,,-0.75143,-0.39503,-0.74777,-0.39506,0.84571,-0.03361,-0.84827,0.52653,-0.16847,0.50252,,0.06729,0.81944,1.00000,true,,-1.00989,-0.95380,-1.00584,-0.95110,1.38430,-0.39769,-1.33096,0.19560,0.19616,0.01304,,0.00852,0.94444,1.00000,true,,-1.36425,-1.26345,-1.36384,-1.26872,1.86271,-1.81320,-0.41205,0.24463,-0.23318,-0.07274,,0.08707,1.00000,1.00000,true,,-1.32433,-1.28094,-1.32431,-1.28941,1.84834,-1.77149,0.50644,0.23105,-0.19825,0.11703,,0.04657,0.94444,1.00000,true,,-0.95983,-1.12276,-0.95584,-1.12957,1.47972,-0.49242,1.39262,0.07828,0.07613,0.01704,,-0.00985,0.94444,1.00000,true,,-0.61872,-1.10956,-0.61128,-1.11175,1.26871,-0.01895,1.27027,0.20509,-0.17912,-0.09852,,0.04522,0.91667,1.00000,false,hand/occluder crosses outline (clean 0.76),,,,,,,,,,,,,0.87500,0.75556,true,,-0.89876,-0.50184,-0.89324,-0.50175,1.02451,0.88399,-0.52743,0.29961,-0.25557,-0.16281,,0.10112,0.81944,1.00000,1445,genuine_population,gen,bobs_124060_187178,124060,Bob's Watches,https://www.bobswatches.com/images/zUsed-Rolex-Submariner-124060-SKU187178-PL.jpg
3cea6d29a20bf65e,images/3c/3cea6d29a20bf65eb5b33d2dfe68ebe916e9a72a6cfdbe365450c7884eedbd42.jpg,accepted,1412,2160,,true,436.77885,0.98915,0.18721,53,12,438.19363,true,11,-0.01787,-0.86209,0.86227,0.13568,0.06510,true,,0.99539,-0.74440,0.99671,-0.73453,1.23813,0.74440,0.99539,0.85499,-0.59412,0.61965,0.54893,,1.00000,1.00000,0.22145,0.85352,0.46790,true,,-0.06950,0.01541,-0.06954,0.01502,0.07115,-0.06950,0.01541,0.70535,-0.49868,0.50090,-0.09919,,1.00000,1.00000,true,,-0.36026,-0.69894,-0.35758,-0.70276,0.78850,-0.69894,0.36026,0.29036,-0.28683,-0.03978,-0.19330,,0.95238,1.00000,true,,-0.60822,-1.02011,-0.60091,-1.02158,1.18521,0.60822,1.02011,0.25895,0.13480,-0.22122,-0.05543,,1.00000,1.00000,true,,0.88513,-1.12641,0.88751,-1.11535,1.42537,1.41807,0.20334,0.31731,0.19769,0.24915,,-0.31815,0.62500,1.00000,true,,0.64995,-1.41524,0.65326,-1.40619,1.55052,1.27050,-0.90066,0.65996,0.37425,-0.54691,,-0.91519,0.69444,1.00000,true,,0.35863,-0.45418,0.36036,-0.45261,0.57855,0.08349,-0.57264,0.24622,0.05065,-0.24102,,-0.90651,0.70833,1.00000,true,,-0.32121,-0.08575,-0.32154,-0.08765,0.33327,-0.23486,0.23531,0.24647,0.04023,0.24280,,-0.32646,0.80556,1.00000,true,,-0.39505,-0.60376,-0.39214,-0.60730,0.72290,-0.32534,0.64401,0.22434,-0.07237,-0.21190,,-0.36373,0.79167,1.00000,true,,-0.92205,-0.81185,-0.91741,-0.81726,1.22864,0.39260,1.16411,0.32201,0.32144,0.00027,,-0.38215,0.79167,1.00000,true,,-0.23154,-1.62809,-0.21994,-1.62273,1.63757,1.01457,1.29420,0.17152,0.08000,0.15248,,-0.33041,0.81944,1.00000,true,,0.39288,-1.21725,0.39946,-1.20821,1.27254,0.85773,0.94888,0.40489,-0.38476,0.13128,,-0.28877,0.65278,1.00000,1389,genuine_population,gen,bobs_124060_180527,124060,Bob's Watches,https://www.bobswatches.com/images/zUsed-Rolex-Submariner-124060-SKU180527-PL.jpg
53abcf2261338488,images/53/53abcf226133848894ffbf39fd1d7871e40bca4bc0400f454c2f8d9d8a23c165.jpg,accepted,1412,2160,,true,436.73104,0.98950,0.17705,54,12,438.32627,true,11,0.16487,-0.31820,0.35838,0.00269,-0.02039,true,,-0.13093,0.65060,-0.13118,0.64804,0.66118,-0.65060,-0.13093,0.98968,-0.97856,-0.17083,-0.43049,,1.00000,1.00000,-0.59187,-0.25101,-0.36560,true,,0.51612,-0.61057,0.51537,-0.60940,0.79810,0.51612,-0.61057,0.38356,0.34258,-0.17361,0.42173,,1.00000,0.96667,true,,0.28048,-0.27954,0.28125,-0.28009,0.39693,-0.27954,-0.28048,0.03021,0.03003,0.00252,-0.65705,,0.76190,1.00000,true,,0.19823,-0.30582,0.19921,-0.30562,0.36481,-0.19823,0.30582,0.11406,-0.04262,0.10572,0.30124,,1.00000,0.96667,true,,-0.43940,-0.17344,-0.43888,-0.17353,0.47194,-0.06950,-0.46725,0.54272,-0.43725,-0.32358,,-0.23850,0.87500,1.00000,true,,-0.00531,-0.65209,-0.00585,-0.65043,0.65046,0.32144,-0.56738,0.24676,0.01004,-0.24688,,-0.16425,0.77778,1.00000,true,,0.28359,-0.45001,0.28336,-0.45007,0.53184,0.02059,-0.53151,0.05407,0.02772,-0.04644,,-0.14860,0.94444,1.00000,true,,-0.08095,-0.00309,-0.08107,-0.00315,0.08113,-0.04315,0.06856,0.51754,0.14081,0.49728,,-0.24517,0.81944,1.00000,true,,0.10010,-0.25555,0.10072,-0.25615,0.27524,-0.27136,0.04108,0.17027,0.07718,0.15127,,-0.13815,0.97222,1.00000,true,,0.56805,0.09798,0.56926,0.09861,0.57773,-0.44296,-0.36887,0.46159,-0.15077,-0.43551,,-0.18291,0.95833,1.00000,true,,0.32734,-0.32659,0.32826,-0.32562,0.46236,-0.12019,0.44650,0.26059,-0.14653,0.21529,,-0.01806,0.88889,1.00000,true,,0.18052,-0.53618,0.18122,-0.53430,0.56420,0.37408,0.42442,0.30171,0.17091,0.24956,,-0.13384,0.87500,1.00000,1720,genuine_population,gen,bobs_124060_182386,124060,Bob's Watches,https://www.bobswatches.com/images/zUsed-Rolex-Submariner-124060-Black-Chromalight-Dial-SKU182386PL.jpg
7bb81056461967bd,images/7b/7bb81056461967bd61be99800b407ef4f7fc5d4a04b6dab67233662964b14ce7.jpg,accepted,1960,3000,,true,605.95548,0.99232,0.18364,54,12,608.76904,true,10,-0.19056,-1.52533,1.53719,-0.00327,0.04385,true,,-0.30451,-0.09527,-0.30332,-0.09736,0.31856,0.09527,-0.30451,1.48292,-1.41505,-0.47569,-0.18749,,0.95238,1.00000,-0.38400,-0.05457,-0.41551,true,,-0.49365,-1.91270,-0.48449,-1.91243,1.97284,-0.49365,-1.91270,0.78972,-0.27739,-0.74012,0.57144,,1.00000,1.00000,false,side edge coverage 0.48,,,,,,,,,,,,,0.47619,0.96667,true,,-0.88127,-2.11539,-0.86312,-2.12040,2.28933,0.88127,2.11539,0.73504,0.69523,0.23549,-0.11016,,1.00000,1.00000,true,,0.14112,-1.05535,0.14688,-1.04738,1.05763,0.98452,-0.40546,0.26662,-0.22047,0.15280,,-0.16584,0.80556,1.00000,true,,0.36732,-1.30239,0.37300,-1.29303,1.34576,0.96930,-0.94424,0.40760,0.39658,0.09904,,-0.09265,0.73611,0.98889,true,,-0.38637,-0.93177,-0.38219,-0.93513,1.01022,-0.80049,-0.61375,0.27505,0.15303,0.22838,,0.00019,0.94444,1.00000,true,,-1.10168,-1.69811,-1.09439,-1.71069,2.03081,-2.02144,0.10503,0.66467,-0.58291,0.31490,,-0.19884,0.73611,1.00000,true,,-0.28474,-1.65229,-0.27199,-1.65951,1.68166,-1.28855,1.07274,0.24980,-0.05117,-0.24363,,-0.13819,0.79167,1.00000,true,,-0.35509,-1.24242,-0.34470,-1.24700,1.29377,-0.31370,1.25351,0.62144,0.29142,-0.54788,,-0.11196,0.90278,1.00000,true,,-0.06525,-1.32339,-0.05309,-1.31911,1.32017,0.71820,1.11347,0.52555,-0.20292,-0.48677,,-0.04209,0.84722,1.00000,true,,1.04811,-2.02856,1.06408,-2.00764,2.27220,1.23273,1.92198,0.96822,-0.17341,0.95400,,-0.08320,0.76389,0.99444,1901,genuine_population,gen,bobs_124060_187194,124060,Bob's Watches,https://www.bobswatches.com/images/zUsed-Rolex-Submariner-124060-Black-Dial-SKU187194-PL.jpg
4fe90f7400b6ab8a,images/4f/4fe90f7400b6ab8aff22839c6f0db8a658d076fa11f6c2c0a23efedf8538b962.jpg,accepted,1412,2160,,true,437.18201,0.98945,0.10432,54,12,439.07237,true,10,0.51520,0.25279,0.57388,-0.05901,-0.01135,true,,0.80595,1.05241,0.78796,1.05947,1.32036,-1.05241,0.80595,0.69544,-0.60070,0.35650,-0.35586,,1.00000,0.96667,-0.54383,-0.21195,-0.51385,true,,0.19625,0.67242,0.18715,0.67444,0.69992,0.19625,0.67242,0.50842,-0.12600,0.49380,-0.05434,,0.95238,1.00000,true,,0.51965,-0.26791,0.52501,-0.26012,0.58592,-0.26791,-0.51965,0.32343,-0.31584,0.06530,-0.16891,,0.85714,1.00000,true,,0.88488,-0.03944,0.88608,-0.02477,0.88642,-0.88488,0.03944,0.38866,-0.16925,0.35007,0.13680,,1.00000,1.00000,true,,0.50629,0.37438,0.49987,0.38070,0.62833,-0.07108,0.62565,0.15467,0.09212,0.12466,,-0.28476,0.73611,1.00000,false,outline coverage 0.56; 8/8 octants,,,,,,,,,,,,,0.55556,0.98889,true,,0.48632,-0.13025,0.48852,-0.12233,0.50361,0.35604,-0.35596,0.23753,-0.00488,-0.23760,,-0.31206,0.68056,1.00000,true,,0.68687,-0.11066,0.68976,-0.09969,0.69693,0.24760,-0.65018,0.25298,-0.01291,-0.25233,,-0.36797,0.68056,1.00000,true,,0.66201,0.27619,0.65892,0.28766,0.71898,-0.09182,-0.71141,0.18077,0.16661,-0.06893,,-0.31377,0.69444,1.00000,true,,0.57491,0.37812,0.56922,0.38785,0.68880,-0.30882,-0.61492,0.24086,0.22909,-0.07285,,-0.39922,0.77778,1.00000,true,,0.52547,0.59407,0.51477,0.60057,0.79099,-0.75211,-0.25174,0.23017,0.03044,-0.22861,,-0.32736,0.90278,1.00000,true,,0.43071,0.45854,0.42240,0.46322,0.62689,-0.61247,0.14374,0.13224,0.06968,-0.11262,,-0.31297,0.84722,1.00000,1518,genuine_population,gen,bobs_124060_187502,124060,Bob's Watches,https://www.bobswatches.com/images/zUsed-Rolex-Submariner-124060-SKU187502-PL.jpg
d23ff785c8d9d0a1,images/d2/d23ff785c8d9d0a19c890369904d910f74eb492bb14e18c99aa8cd35d13e0564.jpg,accepted,1412,2160,,true,436.28610,0.99112,0.09194,53,12,438.23915,true,11,0.32464,-1.27942,1.31997,0.10293,-0.05327,true,,0.11023,-0.70470,0.11252,-0.69946,0.70845,0.70470,0.11023,0.93996,-0.93906,0.11591,0.04799,,1.00000,0.96667,-0.17651,0.24898,-0.03596,true,,0.80127,-1.38325,0.80288,-1.37680,1.59380,0.80127,-1.38325,0.25112,0.13896,0.20930,0.03895,,1.00000,0.96667,true,,0.59288,-0.77356,0.59727,-0.77335,0.97714,-0.77356,-0.59288,0.17165,0.16732,0.03630,-0.18475,,0.57143,1.00000,true,,-0.41931,-0.91294,-0.41443,-0.91309,1.00274,0.41931,0.91294,0.40202,0.39682,-0.06107,0.28465,,1.00000,0.96667,true,,0.18769,-1.68153,0.19126,-1.66999,1.68091,1.55010,-0.67822,0.08940,-0.08820,0.01784,,-0.24269,0.87500,0.90000,true,,0.55140,-1.53889,0.55287,-1.52929,1.62616,1.24697,-1.05702,0.22836,-0.03871,0.22586,,-0.27900,0.73611,0.97778,true,,0.82266,-1.42846,0.82560,-1.42548,1.64730,-0.00179,-1.64841,0.04579,-0.00419,-0.04563,,-0.33839,0.88889,1.00000,true,,0.82154,-1.38237,0.82661,-1.38215,1.61047,-0.78640,-1.40266,0.25357,-0.20199,-0.15250,,-0.25323,0.98611,1.00000,true,,0.64028,-1.07835,0.64734,-1.07856,1.25791,-1.25402,-0.01532,0.35415,-0.34970,-0.04844,,-0.38385,0.84722,1.00000,true,,0.34982,-0.93624,0.35596,-0.93559,1.00102,-0.77107,0.63590,0.22054,-0.21937,0.01597,,-0.31968,0.94444,1.00000,true,,-0.26935,-0.99563,-0.26365,-0.99264,1.02706,0.73107,0.72756,0.21175,-0.00051,-0.21227,,-0.31287,0.88889,0.99444,true,,-0.25061,-1.66248,-0.24233,-1.65353,1.67120,1.56506,0.61421,0.24679,0.24667,0.02699,,-0.29507,0.88889,1.00000,1487,genuine_population,gen,bobs_124060_189163,124060,Bob's Watches,https://www.bobswatches.com/images/zUsed-Rolex-Submariner-124060-SKU189163.jpg
8539b3b50020d0e1,images/85/8539b3b50020d0e1acee310266967d3fa8959a90d04f1168748255587e270a33.jpg,accepted,1412,2160,,true,435.58057,0.99370,0.14120,53,12,438.20269,true,11,0.32542,-0.66800,0.74305,-0.04183,-0.05923,true,,-0.64100,0.46399,-0.64381,0.45156,0.78639,-0.46399,-0.64100,1.14690,-0.99197,-0.59750,-1.04185,,0.95238,1.00000,-1.24100,-0.79445,-0.86970,true,,0.56772,-1.68250,0.57848,-1.66776,1.76523,0.56772,-1.68250,0.76496,0.38832,-0.66413,0.08991,,1.00000,1.00000,true,,0.63750,-0.56712,0.64569,-0.56189,0.85594,-0.56712,-0.63750,0.24825,0.24650,0.02495,-0.07148,,0.66667,1.00000,true,,0.35990,-0.74859,0.37043,-0.74176,0.82912,-0.35990,0.74859,0.42747,0.09780,0.41801,0.30333,,1.00000,0.96667,true,,-0.43138,-0.77436,-0.42389,-0.77062,0.87951,0.45493,-0.76077,0.35800,-0.13932,-0.33081,,0.00090,0.88889,1.00000,true,,0.15045,-0.84373,0.15584,-0.83480,0.84922,0.55216,-0.65546,0.16344,0.08818,0.13796,,0.03231,0.72222,0.92222,true,,0.13981,-0.74539,0.14509,-0.74271,0.75675,-0.25161,-0.71543,0.39781,-0.04111,0.39654,,-0.02351,1.00000,1.00000,true,,0.19876,-0.90230,0.20672,-0.90133,0.92474,-0.68204,-0.62328,0.37536,-0.10806,0.35842,,-0.15608,0.84722,1.00000,true,,1.05703,-0.63314,1.06913,-0.62372,1.23777,-1.07683,-0.59884,0.34656,-0.18431,-0.29162,,-0.06004,0.90278,1.00000,true,,0.69621,-0.34721,0.70324,-0.33991,0.78108,-0.77654,-0.04741,0.10461,-0.01429,-0.10366,,-0.11550,0.95833,1.00000,true,,0.05410,-0.30846,0.05807,-0.30554,0.31101,0.10738,0.29419,0.21110,0.19515,-0.08061,,0.11740,0.95833,1.00000,true,,0.41785,-0.00558,0.41723,-0.00091,0.41723,-0.20409,0.36465,0.49146,-0.47979,0.12013,,0.00945,0.94444,1.00000,1391,genuine_population,gen,bobs_124060_185595,124060,Bob's Watches,https://www.bobswatches.com/images/zUsed-Rolex-Submariner-124060-Black-Dial-SKU185595.jpg
7d186a5d4270d61d,images/7d/7d186a5d4270d61d5936dd330d1bded3abeb504f93a37cfa2abffe78ada19216.jpg,accepted,1412,2160,,true,434.99027,0.99798,0.15119,50,12,437.79012,true,10,0.70604,-0.09421,0.71230,0.04914,0.01621,true,,0.74830,0.01974,0.74699,0.01808,0.74721,-0.01974,0.74830,0.28740,-0.28403,-0.05633,0.26914,,1.00000,0.96667,0.06213,0.43198,0.11101,true,,0.71825,0.51744,0.72122,0.51415,0.88572,0.71825,0.51744,0.53562,-0.15072,0.51578,-0.32695,,1.00000,1.00000,true,,0.94897,-0.02974,0.95244,-0.03332,0.95303,-0.02974,-0.94897,0.35336,-0.10071,-0.33733,-0.15745,,1.00000,1.00000,true,,0.57138,-0.54114,0.57233,-0.54232,0.78846,-0.57138,0.54114,0.35573,-0.02904,0.35478,-0.24751,,1.00000,1.00000,true,,1.00232,-0.41937,0.99780,-0.41851,1.08201,0.86435,0.65836,0.25473,0.25650,-0.00735,,-0.17086,0.95833,1.00000,false,outline coverage 0.50; 6/8 octants,,,,,,,,,,,,,0.50000,0.81111,true,,0.54992,0.08158,0.55101,0.07983,0.55676,0.51704,-0.20431,0.25722,-0.22295,0.12774,,-0.18129,0.87500,1.00000,true,,0.51075,0.14940,0.51293,0.14803,0.53386,0.38476,-0.36762,0.19966,-0.06313,0.18891,,-0.18983,0.81944,0.99444,true,,0.88789,0.12256,0.89209,0.11985,0.90011,-0.33780,-0.83021,0.37618,-0.08004,-0.36603,,-0.32059,0.86111,0.99444,true,,0.62719,0.09180,0.62978,0.08993,0.63617,-0.49726,-0.39309,0.22189,-0.01501,-0.22100,,-0.35432,0.86111,1.00000,true,,0.51311,-0.20753,0.51338,-0.20799,0.55391,-0.34060,0.43628,0.10908,0.04930,-0.09729,,-0.14949,0.94444,0.98333,true,,0.43082,-0.52493,0.42934,-0.52256,0.67631,0.23920,0.63556,0.35754,0.33701,-0.12249,,-0.22986,0.87500,1.00000,1375,genuine_population,gen,bobs_124060_189885,124060,Bob's Watches,https://www.bobswatches.com/images/z189885-Used-Master-Rolex-Submariner-124060-SKU189885.jpg
6bd714637e0a345d,images/6b/6bd714637e0a345d3cf9a25a9c53fc024b423d199f33e16e811a7ff8c10ed7e0.jpg,accepted,1412,2160,,true,435.84547,0.99831,0.12711,53,12,438.93360,true,9,0.22314,-0.48850,0.53705,-0.00189,-0.00817,true,,-0.47305,0.39001,-0.47680,0.38160,0.61071,-0.39001,-0.47305,1.07930,-0.87517,-0.64041,0.02388,,1.00000,1.00000,-0.16122,0.18835,-0.05004,true,,0.15799,-1.42242,0.17132,-1.41831,1.42862,0.15799,-1.42242,0.88368,-0.05311,-0.88313,-0.32934,,1.00000,1.00000,true,,0.24337,-0.10969,0.24528,-0.10700,0.26760,-0.10969,-0.24337,0.39017,0.38837,0.02152,-0.22056,,0.95238,0.96667,true,,0.00006,-0.60763,0.00822,-0.60741,0.60746,-0.00006,0.60763,0.27718,0.22360,0.16337,-0.01973,,1.00000,1.00000,true,,0.42142,-0.56081,0.42644,-0.55239,0.69784,0.69639,0.08455,0.25569,0.16854,0.19311,,-0.11172,0.86111,1.00000,false,hand/occluder crosses outline (clean 0.64),,,,,,,,,,,,,0.65278,0.63889,true,,0.01344,-0.41606,0.01743,-0.41619,0.41656,-0.19639,-0.36704,0.25513,-0.13203,0.21847,,-0.14981,0.91667,1.00000,true,,0.18277,-0.07116,0.18386,-0.06906,0.19640,0.02976,-0.19387,0.45916,0.35369,0.29121,,-0.18155,0.94444,1.00000,false,hand/occluder crosses outline (clean 0.79),,,,,,,,,,,,,0.87500,0.78889,true,,0.50343,-0.82449,0.51580,-0.81951,0.96832,-0.84823,0.46232,0.45316,-0.40735,0.19604,,-0.22346,0.93056,1.00000,true,,0.32592,-0.37267,0.33107,-0.36738,0.49454,-0.09592,0.48570,0.14683,-0.14682,0.00204,,-0.02420,0.91667,1.00000,true,,0.13937,-0.02623,0.13962,-0.02423,0.14170,-0.04697,0.13382,0.43398,-0.35744,-0.24941,,-0.15413,0.88889,0.99444,1340,genuine_population,gen,bobs_124060_190835,124060,Bob's Watches,https://www.bobswatches.com/images/zUsed-Rolex-Submariner-124060-SKU190835.jpg
aef700c5715284ef,images/ae/aef700c5715284ef8b220bdfa0aa64d7f213bd286d13561f4b5a37d6849515bc.jpg,accepted,1412,2160,,true,435.62382,0.99782,0.10342,55,12,440.25489,true,10,0.52968,-1.17218,1.28630,0.00218,0.12309,true,,0.93575,0.53594,0.93472,0.52898,1.07402,-0.53594,0.93575,1.73998,-1.71992,-0.35308,0.13006,,1.00000,0.93333,-0.07661,0.35417,0.19234,true,,0.29002,-0.83802,0.28589,-0.83505,0.88263,0.29002,-0.83802,0.45404,-0.25024,-0.37971,0.14348,,0.95238,0.96667,false,side edge coverage 0.38,,,,,,,,,,,,,0.38095,1.00000,true,,0.36850,-1.87326,0.36757,-1.86542,1.90129,-0.36850,1.87326,0.15849,0.15715,-0.02102,0.29640,,1.00000,1.00000,true,,0.81915,-0.54074,0.81528,-0.53789,0.97673,0.87787,0.43904,0.46022,-0.41513,-0.20389,,-0.47693,0.79167,1.00000,true,,0.59369,-0.41207,0.59104,-0.41056,0.71965,0.72019,-0.06002,0.34526,-0.33733,-0.07732,,-0.51104,0.66667,0.99444,true,,0.40340,-0.54269,0.40132,-0.54248,0.67479,0.07801,-0.67168,0.25135,0.19678,-0.15603,,-0.26159,0.66667,1.00000,true,,0.10983,-0.67640,0.10741,-0.67655,0.68503,-0.53086,-0.43332,0.26344,0.21354,-0.15315,,-0.40540,0.86111,1.00000,true,,0.10184,-0.99100,0.10057,-0.99094,0.99603,-0.90915,0.40730,0.61193,0.36821,-0.48883,,-0.34938,0.86111,1.00000,true,,-0.33160,-2.25341,-0.33306,-2.24799,2.27253,-0.83953,2.11730,0.62823,0.20234,0.59555,,-1.17517,0.62500,1.00000,true,,0.77921,-1.70170,0.77690,-1.69142,1.86131,0.17604,1.86332,0.19510,0.04161,-0.19138,,-0.31319,0.66667,1.00000,true,,2.27283,-1.93368,2.26429,-1.92173,2.96986,0.53820,2.93517,1.13443,-0.22185,1.11594,,-1.37521,0.62500,0.95000,1367,genuine_population,gen,bobs_124060_190698,124060,Bob's Watches,https://www.bobswatches.com/images/zUsed-Rolex-Submariner-124060-SKU190698.jpg
e1a404850ed2a51f,images/e1/e1a404850ed2a51f6524a12855cd17d5fa566d6ba1b465019e9c50dd6903c1a2.jpg,accepted,1412,2160,,true,434.31174,0.99881,0.15669,54,12,437.84068,true,10,-0.15315,-0.96559,0.97766,0.06113,-0.07418,true,,0.24411,-0.31619,0.24281,-0.31089,0.39448,0.31619,0.24411,1.20329,-0.87035,0.84976,0.16732,,0.95238,0.96667,0.00315,0.30819,0.08366,true,,0.90296,-1.27673,0.89615,-1.26772,1.55248,0.90296,-1.27673,0.86203,0.85239,0.12621,-0.29809,,0.95238,0.93333,true,,-0.08113,-1.41284,-0.08226,-1.41598,1.41837,-1.41284,0.08113,0.73881,-0.64341,0.35883,-0.28659,,0.61905,1.00000,true,,-0.93582,0.02831,-0.93658,0.02853,0.93701,0.93582,-0.02831,0.81306,0.58002,-0.57061,-0.50276,,1.00000,0.96667,true,,-0.45664,-1.05580,-0.45784,-1.03890,1.13532,0.68604,-0.92336,0.33093,-0.29775,0.15633,,-0.26806,0.69444,1.00000,false,outline coverage 0.60; 7/8 octants,,,,,,,,,,,,,0.59722,0.99444,true,,0.09837,-1.30655,0.09220,-1.30357,1.30682,-0.56808,-1.18069,0.17428,-0.16738,0.04653,,-0.43318,0.97222,0.99444,true,,-0.04704,-1.06056,-0.05050,-1.06209,1.06329,-0.94199,-0.48954,0.40724,-0.24115,0.32581,,-0.43672,0.97222,1.00000,true,,0.73209,-0.62447,0.73693,-0.62600,0.96692,-0.90685,-0.32178,0.60149,-0.35862,-0.47904,,-0.43157,0.95833,1.00000,true,,-0.04477,-0.20032,-0.04413,-0.19991,0.20473,-0.06139,0.19587,0.27135,0.07497,-0.26154,,-0.41612,0.86111,1.00000,true,,-0.39157,-0.96016,-0.38714,-0.94854,1.02450,0.81919,0.63574,0.32905,-0.01707,0.33094,,-0.38341,0.97222,1.00000,true,,-0.83030,-1.14558,-0.82479,-1.12741,1.39690,1.40726,-0.14627,0.27033,0.27086,-0.03920,,-0.18945,0.72222,0.98889,1407,genuine_population,gen,bobs_124060_185878,124060,Bob's Watches,https://www.bobswatches.com/images/zUsed-Rolex-Submariner-124060-SKU185878.jpg
0d3bb0c4d77ab14d,images/0d/0d3bb0c4d77ab14d69bbcbaaea5c4430612fdf5b45040358f117abc6a2397825.jpg,accepted,800,1224,,true,246.73945,0.99675,0.26530,54,12,248.43895,true,11,0.13952,-0.71869,0.73211,-0.11069,0.10383,true,,0.28095,0.30294,0.27804,0.30433,0.41222,-0.30294,0.28095,0.82797,-0.80267,-0.21262,-0.90210,,1.00000,1.00000,-0.87538,-0.83988,-0.57908,true,,-0.10505,-0.68886,-0.10062,-0.69001,0.69731,-0.10505,-0.68886,0.31277,-0.03005,-0.31113,0.72319,,1.00000,0.96667,true,,-0.05587,-1.14376,-0.04675,-1.14833,1.14928,-1.14376,0.05587,0.26456,-0.21550,-0.15215,0.52667,,1.00000,1.00000,true,,0.06736,-1.08942,0.07783,-1.08926,1.09204,-0.06736,1.08942,0.27653,0.27515,0.02815,-0.37689,,1.00000,1.00000,true,,0.70638,-0.30450,0.70748,-0.29797,0.76767,0.61689,0.45949,0.36872,0.15065,0.33710,,0.22135,0.98611,1.00000,true,,0.14215,-0.03370,0.14224,-0.03250,0.14591,0.13995,0.04189,0.25711,-0.11189,0.23181,,0.11520,0.95833,0.91111,true,,-0.28548,-0.32561,-0.28358,-0.32865,0.43408,-0.41004,-0.13925,0.19356,0.05762,0.18442,,0.20632,1.00000,1.00000,true,,-0.40147,-0.72731,-0.39682,-0.73307,0.83358,-0.83061,-0.01597,0.10631,-0.05063,0.09331,,0.14659,0.94444,1.00000,true,,-0.11630,-1.19176,-0.10585,-1.19670,1.20137,-0.97394,0.69660,0.10558,-0.06022,0.08637,,0.09354,0.98611,1.00000,true,,0.49259,-1.01323,0.50261,-1.01130,1.12931,-0.93321,0.63119,0.37381,-0.23388,-0.29135,,0.19390,1.00000,1.00000,true,,0.28351,-1.01169,0.29284,-1.00801,1.04969,0.26032,1.01790,0.24285,0.24015,-0.03839,,0.18576,0.98611,1.00000,true,,0.40170,-0.59342,0.40633,-0.58862,0.71525,0.31307,0.64460,0.19795,-0.01942,-0.19730,,0.12863,0.80556,0.93333,1164,genuine_population,gen,bobs_124060_159617,124060,Bob's Watches,https://www.bobswatches.com/images/zUsed-Rolex-Submariner-124060-SKU159617.jpg
4bf250413f6116bd,images/4b/4bf250413f6116bdef5c3fdc5e802de72464ae6ed2e4faf1cd671138d21cccf9.jpg,accepted,800,1224,,true,245.21510,0.99526,0.15602,55,12,246.38673,true,10,0.30331,0.40515,0.50611,-0.04431,-0.00035,true,,0.15661,0.75234,0.16067,0.75220,0.76916,-0.75234,0.15661,0.29581,-0.25868,-0.14306,0.34168,,1.00000,0.96667,-0.10644,0.78756,0.33388,true,,0.04624,0.60479,0.04946,0.60472,0.60674,0.04624,0.60479,0.26328,-0.17174,0.19951,-0.22028,,1.00000,0.96667,false,hand/occluder crosses outline (clean 0.27),,,,,,,,,,,,,0.61905,0.26667,true,,0.78753,-0.02536,0.78968,-0.02999,0.79025,-0.78753,0.02536,0.59369,-0.40380,0.43290,-0.61599,,1.00000,0.96667,true,,0.15711,0.47885,0.15966,0.47826,0.50421,-0.33614,0.37549,0.09836,-0.04578,-0.08705,,-0.08527,0.76389,1.00000,true,,0.17332,0.51103,0.17596,0.51020,0.53969,-0.10542,0.52922,0.07906,-0.07393,0.02804,,-0.09938,0.75000,0.83889,true,,0.27282,0.37167,0.27471,0.37017,0.46097,0.42210,0.18546,0.04944,0.04718,-0.01486,,-0.08680,0.98611,1.00000,true,,0.37362,0.38059,0.37577,0.37853,0.53338,0.51641,-0.13327,0.12713,0.10285,-0.07471,,-0.09024,0.98611,1.00000,true,,0.39258,0.42673,0.39564,0.42499,0.58064,0.17327,-0.55335,0.10730,0.06056,-0.08838,,-0.07110,0.98611,1.00000,true,,0.40696,0.53593,0.41083,0.53457,0.67419,-0.08447,-0.66761,0.17559,0.06170,-0.16401,,-0.02128,1.00000,1.00000,true,,0.23983,0.55452,0.24326,0.55425,0.60529,-0.48495,-0.36031,0.17190,0.06763,-0.15757,,-0.10427,0.97222,1.00000,true,,0.15855,0.22536,0.16001,0.22488,0.27599,-0.27445,0.02463,0.31885,0.31677,-0.03151,,-0.04949,0.98611,1.00000,1155,genuine_population,gen,bobs_124060_151200,124060,Bob's Watches,https://www.bobswatches.com/images/zMens-Rolex-Submariner-124060-151200.jpg
b786114590420997,images/b7/b786114590420997e1431ab739f10518a1d324c2f147cd3be2de40f5ce2fc0ac.jpg,accepted,1412,2160,,true,436.46162,0.99231,0.15158,53,12,438.60193,true,11,-0.16405,-0.32607,0.36501,-0.02368,-0.03857,true,,0.16295,0.63743,0.16660,0.63331,0.65486,-0.63743,0.16295,1.04110,-0.88189,0.56089,-0.30658,,0.95238,1.00000,-0.47761,-0.18749,-0.49314,true,,-0.45296,-0.40050,-0.45609,-0.39717,0.60478,-0.45296,-0.40050,0.26005,-0.21212,0.15107,-0.12773,,0.95238,1.00000,true,,-0.67704,-0.05552,-0.67871,-0.05140,0.68065,-0.05552,0.67704,0.81986,0.35079,0.73915,-0.05456,,0.90476,1.00000,true,,-0.45563,0.08400,-0.45548,0.08669,0.46365,0.45563,-0.08400,0.41730,0.37247,-0.18735,0.00515,,1.00000,0.96667,true,,-0.45379,-0.17481,-0.45430,-0.17131,0.48553,-0.07550,-0.48040,0.20288,-0.19359,0.06382,,-0.16662,0.90278,1.00000,true,,-0.48852,-0.81381,-0.49436,-0.80820,0.94741,-0.01617,-0.94904,0.34638,0.04490,-0.34425,,-0.05488,0.84722,0.95556,true,,0.08289,-0.59591,0.07829,-0.59672,0.60184,-0.22617,-0.55752,0.19895,0.16236,-0.11473,,-0.12054,0.94444,1.00000,true,,0.01228,-0.69615,0.00732,-0.69759,0.69763,-0.59675,-0.35871,0.17596,-0.14765,-0.09507,,-0.06132,0.75000,0.96667,true,,0.46532,-0.31344,0.46460,-0.31702,0.56245,-0.50410,-0.24626,0.37927,-0.21700,-0.31008,,-0.17135,0.98611,1.00000,true,,0.48790,0.04735,0.48880,0.04437,0.49081,-0.39886,-0.28496,0.50255,-0.29091,-0.40935,,-0.00583,0.95833,1.00000,true,,0.06605,-0.02848,0.06589,-0.02879,0.07190,-0.04296,0.05769,0.27902,-0.26248,0.09529,,-0.03431,0.95833,1.00000,true,,-0.14435,-0.73367,-0.14799,-0.72956,0.74442,0.70755,0.24182,0.62445,0.42747,0.45858,,-0.00686,0.90278,1.00000,1318,genuine_population,gen,bobs_124060_180726,124060,Bob's Watches,https://www.bobswatches.com/images/zUsed-Rolex-Submariner-124060-Black-Dial-SKU180726.jpg
6035417bee661b66,images/60/6035417bee661b66ce0071d886c747e0fb774b480f892bf697f8c6aeaa5de9ae.jpg,accepted,1412,2160,,true,436.16698,0.99529,0.14775,54,12,438.34639,true,10,0.14099,0.11714,0.18330,-0.01451,-0.05875,true,,0.19485,0.09730,0.19448,0.09723,0.21743,-0.09730,0.19485,0.41840,0.07054,0.41300,0.77473,,1.00000,1.00000,0.64767,0.88923,0.72951,true,,0.16091,-0.01614,0.16085,-0.01592,0.16164,0.16091,-0.01614,0.21881,0.06811,0.20805,-0.60978,,1.00000,1.00000,true,,0.68009,0.72084,0.68068,0.72346,0.99333,0.72084,-0.68009,0.68324,0.65209,-0.19781,-0.15728,,0.66667,1.00000,true,,-0.07571,0.67536,-0.07787,0.67515,0.67962,0.07571,-0.67536,0.34319,0.26506,-0.21712,-0.23075,,1.00000,1.00000,true,,-0.40654,-0.04715,-0.40592,-0.04764,0.40871,-0.16244,-0.37565,0.20641,-0.07989,-0.19062,,-0.10268,0.63889,0.89444,false,outline coverage 0.49; 7/8 octants,,,,,,,,,,,,,0.48611,0.87778,true,,0.28404,-0.57776,0.28409,-0.57794,0.64399,-0.04289,-0.64237,0.35252,-0.17183,-0.30747,,-0.24538,0.77778,1.00000,true,,0.38267,-0.20899,0.38340,-0.20914,0.43673,0.01034,-0.43589,0.11026,-0.10980,-0.00652,,-0.17862,0.98611,1.00000,true,,0.35003,-0.04073,0.35104,-0.04053,0.35337,-0.21029,-0.28277,0.32532,-0.18936,0.26362,,-0.31371,0.83333,1.00000,true,,0.39956,0.18173,0.39994,0.18245,0.43959,-0.25517,-0.35716,0.22867,-0.13977,0.18043,,-0.28373,0.93056,1.00000,true,,0.29128,0.41714,0.29019,0.41673,0.50781,-0.46082,-0.21561,0.29154,-0.22840,0.18091,,-0.24545,0.77778,1.00000,true,,-0.08673,0.30853,-0.08737,0.30730,0.31948,-0.22383,-0.22938,0.07260,-0.00021,0.07268,,-0.28118,0.88889,1.00000,1330,genuine_population,gen,bobs_124060_182626,124060,Bob's Watches,https://www.bobswatches.com/images/zUsed-Rolex-Submariner-124060-SKU182626.jpg
c9b4727b52032cd9,images/c9/c9b4727b52032cd940332d696fc2d92e0a8f82c3cb3b2ad2cb27e450f0dbb570.jpg,accepted,1412,2160,,true,436.47763,0.99091,0.12221,54,12,438.41240,true,10,-0.14204,-0.44275,0.46498,0.05931,-0.04396,true,,-0.45968,-0.12267,-0.45816,-0.12237,0.47422,0.12267,-0.45968,0.52663,-0.52884,-0.04797,0.04740,,1.00000,0.96667,-0.14596,0.31674,0.31825,true,,0.00723,-0.44969,0.00690,-0.44847,0.44852,0.00723,-0.44969,0.25301,-0.04724,0.24935,-0.51075,,1.00000,0.96667,false,side edge coverage 0.48,,,,,,,,,,,,,0.47619,1.00000,true,,-0.11961,-0.38334,-0.11784,-0.38252,0.40026,0.11961,0.38334,0.29459,-0.22066,0.19496,-0.44765,,0.95238,1.00000,true,,-0.28839,-1.02009,-0.28715,-1.01270,1.05263,0.73923,-0.75979,0.25479,0.21487,-0.14052,,-0.21612,0.88889,1.00000,true,,0.36118,-0.49676,0.36037,-0.49341,0.61100,0.56117,-0.24962,0.54078,0.25152,0.47976,,-0.38649,0.87500,0.89444,true,,-0.02074,-0.90190,-0.02128,-0.90212,0.90237,-0.46891,-0.77070,0.38273,-0.33484,-0.18423,,-0.36508,0.95833,1.00000,true,,0.06424,-0.69343,0.06475,-0.69496,0.69797,-0.56840,-0.40235,0.32657,-0.32423,-0.03059,,-0.38504,0.97222,1.00000,true,,0.06868,0.07969,0.06858,0.07998,0.10536,0.03467,-0.09932,0.21906,0.13594,-0.17127,,-0.35597,0.95833,1.00000,true,,-0.29615,0.09962,-0.29707,0.09919,0.31320,0.30628,0.06181,0.22767,0.19284,-0.12025,,-0.42666,0.84722,1.00000,true,,-0.65398,-0.23257,-0.65209,-0.23231,0.69223,0.68265,-0.12558,0.20690,0.12549,-0.16473,,-0.24470,0.95833,1.00000,true,,-0.55149,-0.43866,-0.54867,-0.43618,0.70092,0.65563,-0.25827,0.08323,-0.01163,-0.08271,,-0.26781,0.88889,1.00000,1496,genuine_population,gen,bobs_124060_182059,124060,Bob's Watches,https://www.bobswatches.com/images/zUsed-Rolex-Submariner-124060-SKU182059.jpg
