photo_id,path,status,width,height,pose_reason,twelve_phase_used,dial_radius_px_edge,ellipse_ratio,tick_rms_px,ticks_used,tick_sectors,dial_radius_px,ring_usable,ring_n,ring_shift_x_px,ring_shift_y_px,ring_shift_px,ring_scale_pct,ring_rotation_deg,m12_usable,m12_reason,m12_right_px,m12_down_px,m12_raw_dx_px,m12_raw_dy_px,m12_raw_px,m12_radial_px,m12_tangential_px,m12_local_px,m12_local_radial_px,m12_local_tangential_px,m12_rotation_deg,m12_radius_err_px,m12_edge_support,m12_outline_integrity,m12_left_side_err_deg,m12_right_side_err_deg,m12_base_tilt_deg,m3_usable,m3_reason,m3_right_px,m3_down_px,m3_raw_dx_px,m3_raw_dy_px,m3_raw_px,m3_radial_px,m3_tangential_px,m3_local_px,m3_local_radial_px,m3_local_tangential_px,m3_rotation_deg,m3_radius_err_px,m3_edge_support,m3_outline_integrity,m6_usable,m6_reason,m6_right_px,m6_down_px,m6_raw_dx_px,m6_raw_dy_px,m6_raw_px,m6_radial_px,m6_tangential_px,m6_local_px,m6_local_radial_px,m6_local_tangential_px,m6_rotation_deg,m6_radius_err_px,m6_edge_support,m6_outline_integrity,m9_usable,m9_reason,m9_right_px,m9_down_px,m9_raw_dx_px,m9_raw_dy_px,m9_raw_px,m9_radial_px,m9_tangential_px,m9_local_px,m9_local_radial_px,m9_local_tangential_px,m9_rotation_deg,m9_radius_err_px,m9_edge_support,m9_outline_integrity,m1_usable,m1_reason,m1_right_px,m1_down_px,m1_raw_dx_px,m1_raw_dy_px,m1_raw_px,m1_radial_px,m1_tangential_px,m1_local_px,m1_local_radial_px,m1_local_tangential_px,m1_rotation_deg,m1_radius_err_px,m1_edge_support,m1_outline_integrity,m2_usable,m2_reason,m2_right_px,m2_down_px,m2_raw_dx_px,m2_raw_dy_px,m2_raw_px,m2_radial_px,m2_tangential_px,m2_local_px,m2_local_radial_px,m2_local_tangential_px,m2_rotation_deg,m2_radius_err_px,m2_edge_support,m2_outline_integrity,m4_usable,m4_reason,m4_right_px,m4_down_px,m4_raw_dx_px,m4_raw_dy_px,m4_raw_px,m4_radial_px,m4_tangential_px,m4_local_px,m4_local_radial_px,m4_local_tangential_px,m4_rotation_deg,m4_radius_err_px,m4_edge_support,m4_outline_integrity,m5_usable,m5_reason,m5_right_px,m5_down_px,m5_raw_dx_px,m5_raw_dy_px,m5_raw_px,m5_radial_px,m5_tangential_px,m5_local_px,m5_local_radial_px,m5_local_tangential_px,m5_rotation_deg,m5_radius_err_px,m5_edge_support,m5_outline_integrity,m7_usable,m7_reason,m7_right_px,m7_down_px,m7_raw_dx_px,m7_raw_dy_px,m7_raw_px,m7_radial_px,m7_tangential_px,m7_local_px,m7_local_radial_px,m7_local_tangential_px,m7_rotation_deg,m7_radius_err_px,m7_edge_support,m7_outline_integrity,m8_usable,m8_reason,m8_right_px,m8_down_px,m8_raw_dx_px,m8_raw_dy_px,m8_raw_px,m8_radial_px,m8_tangential_px,m8_local_px,m8_local_radial_px,m8_local_tangential_px,m8_rotation_deg,m8_radius_err_px,m8_edge_support,m8_outline_integrity,m10_usable,m10_reason,m10_right_px,m10_down_px,m10_raw_dx_px,m10_raw_dy_px,m10_raw_px,m10_radial_px,m10_tangential_px,m10_local_px,m10_local_radial_px,m10_local_tangential_px,m10_rotation_deg,m10_radius_err_px,m10_edge_support,m10_outline_integrity,m11_usable,m11_reason,m11_right_px,m11_down_px,m11_raw_dx_px,m11_raw_dy_px,m11_raw_px,m11_radial_px,m11_tangential_px,m11_local_px,m11_local_radial_px,m11_local_tangential_px,m11_rotation_deg,m11_radius_err_px,m11_edge_support,m11_outline_integrity,ms,group,class_label,physical_watch_id,model,source,image_url
d15ed6cf309dec1f,images/d1/d15ed6cf309dec1fd5b0ff89431ce72faaa1bb89f5185c43e4392503677278f0.jpg,accepted,1412,2160,,true,435.90801,0.99324,0.17331,54,12,438.28583,true,11,0.11263,-1.03377,1.03989,-0.00523,-0.00993,true,,-0.04697,-0.50223,-0.04293,-0.49887,0.50071,0.50223,-0.04697,0.52017,-0.51630,-0.09063,0.19468,,1.00000,1.00000,0.05353,0.24831,-0.12097,true,,0.49494,-1.33553,0.50172,-1.32753,1.41918,0.49494,-1.33553,0.47261,0.40798,-0.24103,-0.70413,,1.00000,1.00000,true,,-0.03496,-0.55497,-0.03066,-0.55707,0.55791,-0.55497,0.03496,0.53841,0.49926,0.19696,-0.18513,,0.80952,1.00000,true,,-0.05777,-0.75408,-0.04992,-0.75351,0.75516,0.05777,0.75408,0.28812,0.17951,-0.22510,0.78053,,0.85714,1.00000,true,,-0.24498,-0.69945,-0.23989,-0.69672,0.73686,0.48326,-0.56188,0.45089,-0.44821,-0.07204,,-0.08777,0.88889,1.00000,true,,0.11177,-1.66377,0.12060,-1.65369,1.65808,0.92868,-1.38499,0.58192,0.33853,-0.47744,,-0.01289,0.80556,0.98333,true,,0.13863,-1.11987,0.14489,-1.11892,1.12827,-0.43988,-1.03915,0.02806,0.00681,-0.02725,,-0.00904,0.97222,1.00000,true,,-0.61577,-0.87173,-0.61168,-0.87916,1.07101,-1.06283,0.09741,0.79490,-0.19844,0.76799,,-0.18264,0.87500,0.98333,true,,0.80449,-0.94859,0.81654,-0.94482,1.24876,-1.22374,-0.22241,0.64399,-0.25501,-0.58867,,-0.09641,0.84722,0.94444,true,,0.25370,-1.46726,0.26982,-1.46703,1.49163,-0.95334,1.14384,0.48642,-0.32591,0.35988,,0.02010,0.94444,0.99444,true,,0.05931,-1.18614,0.07162,-1.18045,1.18262,0.54171,1.05688,0.21336,0.13229,0.16858,,0.03227,0.95833,0.98889,true,,0.29616,-0.82120,0.30348,-0.81293,0.86773,0.56310,0.66708,0.28924,-0.26401,0.12009,,0.06128,0.83333,1.00000,3019,genuine_population,gen,auto_bobs_124060_d758a78acef9,124060,Bob's Watches,https://www.bobswatches.com/images/zUsed-Rolex-Submariner-124060-SKU194063.jpg
d2d17532532ec40b,images/d2/d2d17532532ec40b656bf78d71aef3a91a1e30828a92af60d078c95fa6421d8a.jpg,accepted,1307,2000,,true,403.42521,0.99403,0.15165,55,12,405.71265,true,11,0.07859,-0.94390,0.94716,0.00285,-0.00888,true,,-0.08882,-0.46391,-0.08500,-0.46137,0.46913,0.46391,-0.08882,0.49997,-0.49162,-0.10962,0.17334,,1.00000,1.00000,0.08139,0.24658,0.10580,true,,0.47570,-1.22550,0.48195,-1.21827,1.31014,0.47570,-1.22550,0.45740,0.39585,-0.23148,-0.73480,,1.00000,1.00000,true,,-0.18822,-0.45176,-0.18527,-0.45490,0.49118,-0.45176,0.18822,0.57647,0.48573,0.30703,-0.27869,,0.66667,1.00000,true,,-0.03254,-0.63232,-0.02595,-0.63180,0.63233,0.03254,0.63232,0.28249,0.09482,-0.26622,0.77801,,0.95238,1.00000,true,,-0.29132,-0.68783,-0.28620,-0.68582,0.74314,0.45002,-0.59621,0.43282,-0.41443,-0.13344,,-0.05534,0.88889,1.00000,true,,0.13020,-1.56339,0.13848,-1.55413,1.56028,0.89445,-1.28884,0.57003,0.35035,-0.45370,,-0.01640,0.79167,0.98333,true,,0.15584,-1.02028,0.16159,-1.01938,1.03211,-0.37517,-0.96151,0.06150,0.02700,-0.05530,,0.00975,0.95833,0.99444,true,,-0.58799,-0.79926,-0.58427,-0.80645,0.99586,-0.98617,0.10958,0.72849,-0.21163,0.69544,,-0.18824,0.86111,0.98889,true,,0.66098,-0.81525,0.67110,-0.81234,1.05370,-1.03652,-0.16480,0.56089,-0.19090,-0.52522,,-0.07135,0.84722,0.95556,true,,0.18469,-1.33082,0.19907,-1.33118,1.34599,-0.82535,1.06018,0.44499,-0.30008,0.32739,,0.00644,0.98611,0.99444,true,,0.03339,-1.11034,0.04484,-1.10545,1.10636,0.52625,0.97827,0.20288,0.10524,0.17441,,0.02392,0.91667,0.98889,true,,0.28876,-0.76351,0.29551,-0.75588,0.81159,0.51684,0.63183,0.31305,-0.27654,0.14831,,0.01207,0.86111,1.00000,1882,genuine_population,gen,auto_bobs_124060_d758a78acef9,124060,Bob's Watches,https://www.bobswatches.com/images/Used-Rolex-Submariner-124060-SKU194063.jpg
762af6e930a7eed0,images/76/762af6e930a7eed091d3c9000c8b2b2cdad814f84b4faaf6b7c094ca62c6496d.jpg,accepted,418,640,,true,128.99293,0.99436,0.17804,55,12,129.61820,true,11,0.03999,-0.43717,0.43899,0.00321,-0.02099,true,,0.02291,-0.21234,0.02450,-0.21100,0.21242,0.21234,0.02291,0.22878,-0.22863,0.02428,0.29005,,1.00000,0.86667,0.06330,0.33426,-0.36616,true,,0.32801,-0.66642,0.33143,-0.66285,0.74109,0.32801,-0.66642,0.34596,0.28826,-0.19272,-0.63209,,1.00000,0.83333,true,,-0.18329,-0.49208,-0.18003,-0.49585,0.52752,-0.49208,0.18329,0.26321,-0.05760,0.25593,-0.18294,,1.00000,0.96667,true,,0.11697,-0.19182,0.11911,-0.19079,0.22492,-0.11697,0.19182,0.22583,-0.08354,-0.20976,0.86786,,1.00000,0.83333,true,,-0.07863,-0.30954,-0.07648,-0.30877,0.31810,0.22876,-0.22287,0.17099,-0.17193,0.00291,,0.25108,0.97222,1.00000,true,,0.11279,-0.55580,0.11567,-0.55289,0.56486,0.37558,-0.42494,0.12382,0.12169,-0.02559,,0.17857,0.84722,0.90556,true,,0.07841,-0.48288,0.08115,-0.48302,0.48979,-0.17354,-0.45739,0.02374,0.01021,-0.02144,,0.26185,1.00000,1.00000,true,,-0.14668,-0.37274,-0.14460,-0.37543,0.40231,-0.39614,-0.05934,0.23348,-0.03882,0.22981,,0.20672,1.00000,1.00000,true,,0.26175,-0.36905,0.26598,-0.36839,0.45437,-0.45048,-0.04216,0.19956,-0.05657,-0.19065,,0.23071,1.00000,0.92222,true,,-0.00972,-0.56082,-0.00417,-0.56243,0.56245,-0.27199,0.49054,0.17072,-0.02488,0.16847,,0.24434,1.00000,1.00000,true,,-0.04146,-0.43519,-0.03717,-0.43457,0.43616,0.25350,0.35616,0.06301,0.06298,-0.00250,,0.28722,0.98611,1.00000,true,,0.00038,-0.37452,0.00373,-0.37287,0.37289,0.32416,0.18759,0.04654,-0.03995,-0.02428,,0.26572,1.00000,1.00000,858,genuine_population,gen,auto_bobs_124060_d758a78acef9,124060,Bob's Watches,"https://www.bobswatches.com/cdn-cgi/image/fit=contain,sharpen=0.33,height=640,quality=82,format=jpeg/images/Used-Rolex-Submariner-124060-SKU194063.jpg"
4f2e03ae50108874,images/4f/4f2e03ae501088740d1331cf4460cc9c9a945aa4f0aaec4d288b87c7866bc368.jpg,pose_rejected,2160,2160,overlay unavailable: inner-end lattice evidence insufficient,false,,,,0,0,,,,,,,,,,,,,,,,,,,,,,,,,,,,,,,,,,,,,,,,,,,,,,,,,,,,,,,,,,,,,,,,,,,,,,,,,,,,,,,,,,,,,,,,,,,,,,,,,,,,,,,,,,,,,,,,,,,,,,,,,,,,,,,,,,,,,,,,,,,,,,,,,,,,,,,,,,,,,,,,,,,,,,,,,,,,,,,,,,,,,,,,,,,,,,,,,,,,,,,,,,,,,genuine_population,gen,auto_bobs_124060_36490c8b564e,124060,Bob's Watches,https://www.bobswatches.com/images/zUsed-Rolex-Submariner-124060LN-Black-Dial-SKU194063.jpg
b95403efbdc5c799,images/b9/b95403efbdc5c799892a39e60c6250af1623da1d86d78b7e57be03b87d431552.jpg,missing,,,,,,,,,,,,,,,,,,,,,,,,,,,,,,,,,,,,,,,,,,,,,,,,,,,,,,,,,,,,,,,,,,,,,,,,,,,,,,,,,,,,,,,,,,,,,,,,,,,,,,,,,,,,,,,,,,,,,,,,,,,,,,,,,,,,,,,,,,,,,,,,,,,,,,,,,,,,,,,,,,,,,,,,,,,,,,,,,,,,,,,,,,,,,,,,,,,,,,,,,,,,,,,,,,,,,,genuine_population,gen,auto_bobs_124060_36490c8b564e,124060,Bob's Watches,https://www.bobswatches.com/images/zUsed-Steel-Rolex-Submariner-124060LN-Black-Dial-SKU194063.jpg
5ce63457d8056191,images/5c/5ce63457d805619175ca8a7bee5f5cd6040fe4d0cc6f94faf56f963d8cafa08a.jpg,missing,,,,,,,,,,,,,,,,,,,,,,,,,,,,,,,,,,,,,,,,,,,,,,,,,,,,,,,,,,,,,,,,,,,,,,,,,,,,,,,,,,,,,,,,,,,,,,,,,,,,,,,,,,,,,,,,,,,,,,,,,,,,,,,,,,,,,,,,,,,,,,,,,,,,,,,,,,,,,,,,,,,,,,,,,,,,,,,,,,,,,,,,,,,,,,,,,,,,,,,,,,,,,,,,,,,,,,genuine_population,gen,auto_bobs_124060_36490c8b564e,124060,Bob's Watches,https://www.bobswatches.com/images/zy-194063-3-29-2021.jpg
b68d5dd74b3f5162,images/b6/b68d5dd74b3f5162bd21af47f9f751704b9bd24817e4a73c94a1a4818f801774.jpg,accepted,768,1174,,true,236.99072,0.99376,0.12897,52,12,238.34032,true,11,0.06715,-0.55437,0.55843,-0.01807,-0.00847,true,,0.03838,-0.37206,0.04120,-0.36842,0.37071,0.37206,0.03838,0.14891,-0.15018,0.00378,0.25227,,1.00000,1.00000,0.11366,0.23225,-0.32177,true,,0.24359,-0.57684,0.24642,-0.57255,0.62333,0.24359,-0.57684,0.21358,0.21353,0.00655,-0.64642,,1.00000,0.90000,true,,-0.10950,-0.90524,-0.10273,-0.90837,0.91416,-0.90524,0.10950,0.37448,-0.31591,0.19897,-0.16983,,0.76190,1.00000,true,,0.06120,-0.31622,0.06467,-0.31488,0.32145,-0.06120,0.31622,0.21596,0.03422,-0.21369,0.74193,,1.00000,1.00000,true,,-0.11280,-0.42493,-0.10982,-0.42243,0.43648,0.31161,-0.31015,0.17528,-0.16680,-0.05750,,0.09507,0.98611,1.00000,true,,0.09824,-0.90651,0.10285,-0.89970,0.90556,0.53834,-0.73594,0.34931,0.24071,-0.25659,,0.09484,0.81944,0.97222,true,,0.04295,-0.50113,0.04566,-0.50043,0.50251,-0.21337,-0.45546,0.09786,0.04565,0.08663,,0.11848,1.00000,1.00000,true,,-0.19344,-0.37028,-0.19158,-0.37257,0.41894,-0.41739,-0.01762,0.35087,0.06835,0.34370,,0.10330,0.94444,1.00000,true,,0.35363,-0.43296,0.35907,-0.43096,0.56094,-0.55177,-0.08978,0.28604,-0.00330,-0.28511,,0.15565,0.93056,0.88333,true,,0.15290,-0.66853,0.16038,-0.66745,0.68645,-0.46668,0.50252,0.12775,-0.09899,0.08047,,0.13018,1.00000,1.00000,true,,0.05077,-0.60339,0.05705,-0.59961,0.60232,0.25772,0.54794,0.09288,0.06877,0.06316,,0.13487,0.98611,0.99444,true,,0.12931,-0.44977,0.13332,-0.44501,0.46456,0.32486,0.33687,0.09621,-0.09081,0.03287,,0.11665,0.91667,1.00000,1390,genuine_population,gen,auto_bobs_124060_36490c8b564e,124060,Bob's Watches,"https://www.bobswatches.com/cdn-cgi/image/width=768,quality=85,sharpen=0.5/images/zUsed-Rolex-Submariner-124060-SKU194063.jpg"
cac72ac78f458690,images/ca/cac72ac78f4586901f41901daed1ccd5d3e0bec416e25990323c96916f836ec7.jpg,pose_rejected,768,768,overlay unavailable: inner-end lattice evidence insufficient,false,,,,0,0,,,,,,,,,,,,,,,,,,,,,,,,,,,,,,,,,,,,,,,,,,,,,,,,,,,,,,,,,,,,,,,,,,,,,,,,,,,,,,,,,,,,,,,,,,,,,,,,,,,,,,,,,,,,,,,,,,,,,,,,,,,,,,,,,,,,,,,,,,,,,,,,,,,,,,,,,,,,,,,,,,,,,,,,,,,,,,,,,,,,,,,,,,,,,,,,,,,,,,,,,,,,,genuine_population,gen,auto_bobs_124060_36490c8b564e,124060,Bob's Watches,"https://www.bobswatches.com/cdn-cgi/image/width=768,quality=85,sharpen=0.5/images/zUsed-Rolex-Submariner-124060LN-Black-Dial-SKU194063.jpg"
4252d055b9d715db,images/42/4252d055b9d715dbd8476e37957296cb87c6a3a4b9066ad264ae7a14b065d225.jpg,missing,,,,,,,,,,,,,,,,,,,,,,,,,,,,,,,,,,,,,,,,,,,,,,,,,,,,,,,,,,,,,,,,,,,,,,,,,,,,,,,,,,,,,,,,,,,,,,,,,,,,,,,,,,,,,,,,,,,,,,,,,,,,,,,,,,,,,,,,,,,,,,,,,,,,,,,,,,,,,,,,,,,,,,,,,,,,,,,,,,,,,,,,,,,,,,,,,,,,,,,,,,,,,,,,,,,,,,genuine_population,gen,auto_bobs_124060_36490c8b564e,124060,Bob's Watches,"https://www.bobswatches.com/cdn-cgi/image/width=768,quality=85,sharpen=0.5/images/zUsed-Steel-Rolex-Submariner-124060LN-Black-Dial-SKU194063.jpg"
a4f28a7240406e2d,images/a4/a4f28a7240406e2de09b208c1ea6ff5c9c7a9215e8baa22a6af6063cc140812d.jpg,missing,,,,,,,,,,,,,,,,,,,,,,,,,,,,,,,,,,,,,,,,,,,,,,,,,,,,,,,,,,,,,,,,,,,,,,,,,,,,,,,,,,,,,,,,,,,,,,,,,,,,,,,,,,,,,,,,,,,,,,,,,,,,,,,,,,,,,,,,,,,,,,,,,,,,,,,,,,,,,,,,,,,,,,,,,,,,,,,,,,,,,,,,,,,,,,,,,,,,,,,,,,,,,,,,,,,,,,genuine_population,gen,auto_bobs_124060_acb8dd97ca70,124060,Bob's Watches,https://www.bobswatches.com/images/zUsed-Rolex-Submariner-124060-SKU194034PL.jpg
d04c99024b491471,images/d0/d04c99024b491471b200c7557c67e6d37465b4899f11c6b93ef2957b8fe12d46.jpg,accepted,1307,2000,,true,403.06268,0.99355,0.10322,53,12,405.69715,true,10,0.19500,-0.45445,0.49452,-0.00402,0.17408,true,,0.20941,0.53353,0.20689,0.52965,0.56862,-0.53353,0.20941,1.36637,-0.97783,-0.96872,-0.06480,,1.00000,1.00000,-0.16537,0.19157,0.49320,true,,0.07057,0.94619,0.06960,0.94243,0.94500,0.07057,0.94619,0.47811,-0.11014,0.46786,-0.00198,,1.00000,1.00000,true,,-0.33916,-1.37095,-0.33507,-1.37535,1.41558,-1.37095,0.33916,0.98911,-0.90125,-0.40342,0.17663,,0.76190,1.00000,true,,-0.09911,-1.31704,-0.09043,-1.31336,1.31647,0.09911,1.31704,0.31450,0.30456,-0.07595,0.11167,,1.00000,1.00000,true,,1.08093,-0.11438,1.07846,-0.10640,1.08370,0.63952,0.87892,0.17023,0.16018,-0.06246,,0.03358,0.94444,1.00000,false,hand/occluder crosses outline (clean 0.61),,,,,,,,,,,,,0.69444,0.61111,true,,-0.09805,0.70142,-0.09901,0.69998,0.70694,0.26579,0.65648,0.37119,0.34050,0.14624,,-0.00284,0.97222,1.00000,true,,-0.75821,-0.23337,-0.75979,-0.23766,0.79609,-0.58121,0.53994,0.27726,-0.26844,-0.06702,,-0.13082,0.88889,1.00000,true,,-0.66590,-1.05861,-0.66289,-1.06407,1.25366,-0.58383,1.10599,0.08859,-0.07797,0.04170,,0.04042,0.95833,1.00000,true,,-0.67782,-0.80590,-0.67489,-0.80950,1.05392,0.18406,1.03685,0.65094,0.59319,-0.26551,,-0.04369,0.95833,1.00000,true,,0.52871,-1.30128,0.53738,-1.28977,1.39724,0.19276,1.39129,0.17824,0.14457,-0.10414,,0.10891,0.97222,1.00000,true,,1.46325,-0.90683,1.46633,-0.88950,1.71503,0.05371,1.72063,0.39666,-0.23255,0.32192,,0.04052,0.86111,1.00000,1751,genuine_population,gen,auto_bobs_124060_acb8dd97ca70,124060,Bob's Watches,https://www.bobswatches.com/images/Used-Rolex-Submariner-124060-SKU194034PL.jpg
675ee96f6d6f853e,images/67/675ee96f6d6f853e8e84a68fff7869d828ff93fd883dc5a1e21493ad12211529.jpg,pose_rejected,2160,2160,physical black-dial boundary not found,false,,,,0,0,,,,,,,,,,,,,,,,,,,,,,,,,,,,,,,,,,,,,,,,,,,,,,,,,,,,,,,,,,,,,,,,,,,,,,,,,,,,,,,,,,,,,,,,,,,,,,,,,,,,,,,,,,,,,,,,,,,,,,,,,,,,,,,,,,,,,,,,,,,,,,,,,,,,,,,,,,,,,,,,,,,,,,,,,,,,,,,,,,,,,,,,,,,,,,,,,,,,,,,,,,,,,genuine_population,gen,auto_bobs_124060_acb8dd97ca70,124060,Bob's Watches,https://www.bobswatches.com/images/zy-194034-3-6-2023.jpg
3f07b99e12fa5014,images/3f/3f07b99e12fa50143c2728067e0ef2961ee780827f9a91b38a5d8d810e11b55f.jpg,missing,,,,,,,,,,,,,,,,,,,,,,,,,,,,,,,,,,,,,,,,,,,,,,,,,,,,,,,,,,,,,,,,,,,,,,,,,,,,,,,,,,,,,,,,,,,,,,,,,,,,,,,,,,,,,,,,,,,,,,,,,,,,,,,,,,,,,,,,,,,,,,,,,,,,,,,,,,,,,,,,,,,,,,,,,,,,,,,,,,,,,,,,,,,,,,,,,,,,,,,,,,,,,,,,,,,,,,genuine_population,gen,auto_bobs_124060_acb8dd97ca70,124060,Bob's Watches,"https://www.bobswatches.com/cdn-cgi/image/width=768,quality=85,sharpen=0.5/images/zUsed-Rolex-Submariner-124060-SKU194034PL.jpg"
0c05e10dcb93270c,images/0c/0c05e10dcb93270cba0e3f2c8888fcb4706dca4384cc18768fe54543cf10542b.jpg,pose_rejected,768,768,physical black-dial boundary not found,false,,,,0,0,,,,,,,,,,,,,,,,,,,,,,,,,,,,,,,,,,,,,,,,,,,,,,,,,,,,,,,,,,,,,,,,,,,,,,,,,,,,,,,,,,,,,,,,,,,,,,,,,,,,,,,,,,,,,,,,,,,,,,,,,,,,,,,,,,,,,,,,,,,,,,,,,,,,,,,,,,,,,,,,,,,,,,,,,,,,,,,,,,,,,,,,,,,,,,,,,,,,,,,,,,,,,genuine_population,gen,auto_bobs_124060_acb8dd97ca70,124060,Bob's Watches,"https://www.bobswatches.com/cdn-cgi/image/width=768,quality=85,sharpen=0.5/images/zy-194034-3-6-2023.jpg"
63dc466faad01512,images/63/63dc466faad015127b2e6fe77c3c73048a1a4ff7d51893fdaec9305fa16e2dd1.jpg,accepted,1412,2160,,true,433.87330,0.99634,0.14408,52,12,438.12902,true,10,0.00326,-1.23766,1.23767,-0.02294,-0.07325,true,,-1.08897,0.45458,-1.08867,0.44326,1.17545,-0.45458,-1.08897,1.72234,-1.61653,-0.63913,0.06171,,1.00000,1.00000,0.05657,0.17251,0.44415,true,,-0.58909,-1.79205,-0.58590,-1.78769,1.88125,-0.58909,-1.79205,0.52573,-0.51058,-0.12461,-0.77586,,1.00000,0.96667,true,,0.15702,-1.33222,0.16351,-1.33390,1.34389,-1.33222,-0.15702,0.26726,-0.01368,0.26593,0.00399,,0.71429,0.96667,true,,0.58995,-0.85033,0.59732,-0.84429,1.03423,-0.58995,0.85033,0.51810,-0.51590,0.03325,-0.13113,,1.00000,1.00000,true,,-0.73593,-1.78816,-0.72892,-1.77642,1.92015,1.18063,-1.53141,0.48756,0.18768,-0.45266,,-0.00101,0.91667,0.98889,false,outline coverage 0.72; 6/8 octants,,,,,,,,,,,,,0.72222,0.97778,true,,0.22154,-1.40899,0.22438,-1.40595,1.42374,-0.51263,-1.33099,0.27687,0.19218,0.19942,,0.00198,0.93056,1.00000,true,,0.27158,-1.31142,0.27617,-1.31149,1.34026,-0.99993,-0.89090,0.24318,0.15877,0.18400,,-0.07158,0.90278,1.00000,true,,0.61859,-0.88267,0.62637,-0.88104,1.08101,-1.07370,-0.09438,0.27520,0.08276,-0.26174,,-0.08799,0.90278,1.00000,true,,0.31249,-0.49187,0.31705,-0.49009,0.58370,-0.51656,0.26972,0.39688,0.18439,-0.35152,,-0.17871,0.86111,0.95556,true,,0.09336,-0.86842,0.09949,-0.86255,0.86827,0.35336,0.79876,0.26016,-0.18795,0.17975,,-0.04951,0.94444,1.00000,true,,-0.23798,-1.41896,-0.22936,-1.40837,1.42693,1.34784,0.50339,0.48579,0.35266,0.33989,,-0.08074,0.83333,1.00000,1717,genuine_population,gen,auto_bobs_124060_7f1b144ca515,124060,Bob's Watches,https://www.bobswatches.com/images/zUsed-Rolex-Submariner-124060-SKU194074PL.jpg
4ce166aee7c06206,images/4c/4ce166aee7c0620667adfaf48b9438a0b436444f3eccaa7651c9304f4e12bf9f.jpg,missing,,,,,,,,,,,,,,,,,,,,,,,,,,,,,,,,,,,,,,,,,,,,,,,,,,,,,,,,,,,,,,,,,,,,,,,,,,,,,,,,,,,,,,,,,,,,,,,,,,,,,,,,,,,,,,,,,,,,,,,,,,,,,,,,,,,,,,,,,,,,,,,,,,,,,,,,,,,,,,,,,,,,,,,,,,,,,,,,,,,,,,,,,,,,,,,,,,,,,,,,,,,,,,,,,,,,,,genuine_population,gen,auto_bobs_124060_7f1b144ca515,124060,Bob's Watches,https://www.bobswatches.com/images/Used-Rolex-Submariner-124060-SKU194074PL.jpg
6504df3f05260df3,images/65/6504df3f05260df3918cf7c9a5dfd18921885224820983f186547fc952cf1d4e.jpg,pose_rejected,2160,2160,physical black-dial boundary not found,false,,,,0,0,,,,,,,,,,,,,,,,,,,,,,,,,,,,,,,,,,,,,,,,,,,,,,,,,,,,,,,,,,,,,,,,,,,,,,,,,,,,,,,,,,,,,,,,,,,,,,,,,,,,,,,,,,,,,,,,,,,,,,,,,,,,,,,,,,,,,,,,,,,,,,,,,,,,,,,,,,,,,,,,,,,,,,,,,,,,,,,,,,,,,,,,,,,,,,,,,,,,,,,,,,,,,genuine_population,gen,auto_bobs_124060_7f1b144ca515,124060,Bob's Watches,https://www.bobswatches.com/images/zy-194074-7-19-2026.jpg
e6368f4187793b43,images/e6/e6368f4187793b432e1ab6f50ba3279ebadd7f56d6b71279b1ec5c8e9b103ead.jpg,missing,,,,,,,,,,,,,,,,,,,,,,,,,,,,,,,,,,,,,,,,,,,,,,,,,,,,,,,,,,,,,,,,,,,,,,,,,,,,,,,,,,,,,,,,,,,,,,,,,,,,,,,,,,,,,,,,,,,,,,,,,,,,,,,,,,,,,,,,,,,,,,,,,,,,,,,,,,,,,,,,,,,,,,,,,,,,,,,,,,,,,,,,,,,,,,,,,,,,,,,,,,,,,,,,,,,,,,genuine_population,gen,auto_bobs_124060_7f1b144ca515,124060,Bob's Watches,"https://www.bobswatches.com/cdn-cgi/image/width=768,quality=85,sharpen=0.5/images/zUsed-Rolex-Submariner-124060-SKU194074PL.jpg"
53e87049dd5b114b,images/53/53e87049dd5b114bcd7eb5feadf0fae62ac6c89d5126a70ebebd4dc875159c62.jpg,pose_rejected,768,768,physical black-dial boundary not found,false,,,,0,0,,,,,,,,,,,,,,,,,,,,,,,,,,,,,,,,,,,,,,,,,,,,,,,,,,,,,,,,,,,,,,,,,,,,,,,,,,,,,,,,,,,,,,,,,,,,,,,,,,,,,,,,,,,,,,,,,,,,,,,,,,,,,,,,,,,,,,,,,,,,,,,,,,,,,,,,,,,,,,,,,,,,,,,,,,,,,,,,,,,,,,,,,,,,,,,,,,,,,,,,,,,,,genuine_population,gen,auto_bobs_124060_7f1b144ca515,124060,Bob's Watches,"https://www.bobswatches.com/cdn-cgi/image/width=768,quality=85,sharpen=0.5/images/zy-194074-7-19-2026.jpg"
39d163d48710cb5a,images/39/39d163d48710cb5ad1ddd1316169ca34747e20b21b87837c0d7db1bd77533324.jpg,accepted,1307,2000,,true,402.42623,0.99636,0.12642,53,12,405.65836,true,10,0.17459,-0.42282,0.45745,-0.00361,0.17385,true,,0.14209,0.53330,0.13974,0.52908,0.54722,-0.53330,0.14209,1.37821,-0.94708,-1.01437,-0.08632,,1.00000,1.00000,-0.18916,0.17651,0.48647,true,,0.06541,0.95050,0.06435,0.94669,0.94888,0.06541,0.95050,0.44966,-0.09629,0.44164,-0.01866,,1.00000,1.00000,true,,-0.33877,-1.35610,-0.33470,-1.36019,1.40077,-1.35610,0.33877,1.01359,-0.91953,-0.42275,0.23568,,0.90476,1.00000,true,,-0.14266,-1.32117,-0.13416,-1.31768,1.32449,0.14266,1.32117,0.32952,0.32658,-0.03864,0.15014,,1.00000,1.00000,true,,1.05970,-0.09481,1.05733,-0.08718,1.06092,0.61196,0.87032,0.18040,0.16899,-0.06802,,0.03811,0.94444,1.00000,false,hand/occluder crosses outline (clean 0.60),,,,,,,,,,,,,0.65278,0.60000,true,,-0.11432,0.72892,-0.11539,0.72726,0.73636,0.26545,0.68842,0.36940,0.34044,0.14188,,-0.01870,1.00000,1.00000,true,,-0.84102,-0.16083,-0.84292,-0.16544,0.85900,-0.55979,0.64793,0.26672,-0.26583,0.00891,,-0.15169,0.88889,1.00000,true,,-0.65963,-0.99570,-0.65691,-1.00081,1.19714,-0.53248,1.06911,0.06601,-0.06571,0.00461,,0.05879,0.93056,1.00000,true,,-0.68482,-0.76367,-0.68219,-0.76722,1.02665,0.21123,1.00377,0.64976,0.58552,-0.27971,,-0.03772,0.97222,1.00000,true,,0.53239,-1.27230,0.54077,-1.26104,1.37210,0.17509,1.36804,0.15218,0.12391,-0.08825,,0.12895,0.98611,1.00000,true,,1.42707,-0.85385,1.42995,-0.83734,1.65707,0.02592,1.66280,0.38562,-0.24425,0.29900,,0.05223,0.87500,1.00000,1641,genuine_population,gen,auto_bobs_124060_0831b5e1a2b9,124060,Bob's Watches,https://www.bobswatches.com/images/Used-Rolex-Submariner-124060-SKU193191.jpg
afd1c29ada4942d5,images/af/afd1c29ada4942d588e3f598cb09c26db716035ab946d6af5608ebf2e5ee72d1.jpg,pose_rejected,2160,2160,overlay unavailable: inner-end lattice evidence insufficient,false,,,,0,0,,,,,,,,,,,,,,,,,,,,,,,,,,,,,,,,,,,,,,,,,,,,,,,,,,,,,,,,,,,,,,,,,,,,,,,,,,,,,,,,,,,,,,,,,,,,,,,,,,,,,,,,,,,,,,,,,,,,,,,,,,,,,,,,,,,,,,,,,,,,,,,,,,,,,,,,,,,,,,,,,,,,,,,,,,,,,,,,,,,,,,,,,,,,,,,,,,,,,,,,,,,,,genuine_population,gen,auto_bobs_124060_0831b5e1a2b9,124060,Bob's Watches,https://www.bobswatches.com/images/zUsed-Rolex-Submariner-124060-Black-Dial-SKU193191.jpg
75d2f6b7bd5e2b02,images/75/75d2f6b7bd5e2b0262f1be70261d03ff817bf59bde6369a8c6cfe294ce9ad015.jpg,pose_rejected,2160,2160,physical black-dial boundary could not be fitted,false,,,,0,0,,,,,,,,,,,,,,,,,,,,,,,,,,,,,,,,,,,,,,,,,,,,,,,,,,,,,,,,,,,,,,,,,,,,,,,,,,,,,,,,,,,,,,,,,,,,,,,,,,,,,,,,,,,,,,,,,,,,,,,,,,,,,,,,,,,,,,,,,,,,,,,,,,,,,,,,,,,,,,,,,,,,,,,,,,,,,,,,,,,,,,,,,,,,,,,,,,,,,,,,,,,,,genuine_population,gen,auto_bobs_124060_0831b5e1a2b9,124060,Bob's Watches,https://www.bobswatches.com/images/zUsed-Steel-Rolex-Submariner-124060-Black-Dial-SKU193191.jpg
0f7eaf7c5e6cf012,images/0f/0f7eaf7c5e6cf0120e4adadc6ad21d6ea0005de8e5b3d8b24b4c7f8d36779a93.jpg,pose_rejected,2160,2160,physical black-dial boundary not found,false,,,,0,0,,,,,,,,,,,,,,,,,,,,,,,,,,,,,,,,,,,,,,,,,,,,,,,,,,,,,,,,,,,,,,,,,,,,,,,,,,,,,,,,,,,,,,,,,,,,,,,,,,,,,,,,,,,,,,,,,,,,,,,,,,,,,,,,,,,,,,,,,,,,,,,,,,,,,,,,,,,,,,,,,,,,,,,,,,,,,,,,,,,,,,,,,,,,,,,,,,,,,,,,,,,,,genuine_population,gen,auto_bobs_124060_0831b5e1a2b9,124060,Bob's Watches,https://www.bobswatches.com/images/zy-193191-12-12-2024.jpg
ab95d0c9ede48bd5,images/ab/ab95d0c9ede48bd573a95d2000df8aacb8b96918eec2ac2e3c8901b08b5f0f68.jpg,missing,,,,,,,,,,,,,,,,,,,,,,,,,,,,,,,,,,,,,,,,,,,,,,,,,,,,,,,,,,,,,,,,,,,,,,,,,,,,,,,,,,,,,,,,,,,,,,,,,,,,,,,,,,,,,,,,,,,,,,,,,,,,,,,,,,,,,,,,,,,,,,,,,,,,,,,,,,,,,,,,,,,,,,,,,,,,,,,,,,,,,,,,,,,,,,,,,,,,,,,,,,,,,,,,,,,,,,genuine_population,gen,auto_bobs_124060_0831b5e1a2b9,124060,Bob's Watches,"https://www.bobswatches.com/cdn-cgi/image/width=768,quality=85,sharpen=0.5/images/zUsed-Rolex-Submariner-124060-Black-Dial-SKU193191.jpg"
1f373a521c3ea388,images/1f/1f373a521c3ea3883066986eb8cc60e2366599406512f4ff7fad1cfd648bd6a6.jpg,missing,,,,,,,,,,,,,,,,,,,,,,,,,,,,,,,,,,,,,,,,,,,,,,,,,,,,,,,,,,,,,,,,,,,,,,,,,,,,,,,,,,,,,,,,,,,,,,,,,,,,,,,,,,,,,,,,,,,,,,,,,,,,,,,,,,,,,,,,,,,,,,,,,,,,,,,,,,,,,,,,,,,,,,,,,,,,,,,,,,,,,,,,,,,,,,,,,,,,,,,,,,,,,,,,,,,,,,genuine_population,gen,auto_bobs_124060_0831b5e1a2b9,124060,Bob's Watches,"https://www.bobswatches.com/cdn-cgi/image/width=768,quality=85,sharpen=0.5/images/zUsed-Steel-Rolex-Submariner-124060-Black-Dial-SKU193191.jpg"
c2c6f5cc69fa1c6c,images/c2/c2c6f5cc69fa1c6c320a52df76baf149bf558505ec35a0d443418cd20f5f85fd.jpg,accepted,1412,2160,,true,433.99741,0.99721,0.14206,54,12,438.02949,true,10,-0.13217,-0.29181,0.32034,-0.04511,-0.06485,true,,-0.62588,0.56734,-0.62771,0.55461,0.83763,-0.56734,-0.62588,0.69864,-0.70154,-0.09526,0.16614,,1.00000,0.96667,-0.07500,0.39982,0.13955,true,,0.59900,-1.24636,0.60341,-1.23533,1.37483,0.59900,-1.24636,1.05182,0.88341,-0.57789,0.00350,,0.85714,0.83333,true,,-0.33588,-1.01786,-0.32940,-1.02402,1.07569,-1.01786,0.33588,0.81894,-0.57574,0.57783,0.13895,,0.52381,1.00000,true,,0.18191,-0.00329,0.18208,-0.00181,0.18209,-0.18191,0.00329,0.18816,-0.16631,0.08752,0.05235,,1.00000,1.00000,true,,-0.52784,-0.10790,-0.52525,-0.11090,0.53683,-0.17048,-0.51107,0.24638,-0.19549,0.15476,,-0.31217,0.88889,1.00000,false,outline coverage 0.69; 6/8 octants,,,,,,,,,,,,,0.69444,0.98333,true,,-0.45586,-0.18659,-0.45606,-0.19011,0.49410,-0.48808,0.06634,0.65769,-0.06486,0.65550,,-0.41588,0.93056,1.00000,true,,0.27524,-0.54540,0.27935,-0.54474,0.61219,-0.33471,-0.51106,0.16652,0.14624,-0.07802,,-0.55853,0.91667,1.00000,true,,-0.02037,-0.39791,-0.01646,-0.39926,0.39960,-0.33441,0.21660,0.35886,0.01214,0.35752,,-0.41562,0.98611,1.00000,true,,0.83073,0.01908,0.83294,0.02568,0.83333,-0.70990,-0.43189,0.62732,-0.51946,-0.34870,,-0.40294,1.00000,1.00000,true,,-0.95704,1.10879,-0.96840,1.09106,1.45884,0.27442,-1.43876,1.22792,0.17274,-1.22117,,-0.33958,1.00000,1.00000,true,,-0.21662,-0.42481,-0.21171,-0.42140,0.47159,0.47621,0.02480,0.50380,0.31680,0.39851,,-0.38925,0.86111,1.00000,1711,genuine_population,gen,auto_bobs_124060_53360dc3b324,124060,Bob's Watches,https://www.bobswatches.com/images/zUsed-Rolex-Submariner-124060-SKU192468.jpg
aeba8809053dac13,images/ae/aeba8809053dac136c31ffe3b04474994aa64ab342655e5444a9beb861c948ab.jpg,accepted,1307,2000,,true,401.84098,0.99790,0.14232,54,12,405.39609,true,10,-0.09800,-0.28533,0.30169,-0.03607,-0.06713,true,,-0.49646,0.37182,-0.49728,0.36285,0.61559,-0.37182,-0.49646,0.53394,-0.54071,-0.01670,0.26375,,1.00000,0.96667,-0.09168,0.51751,-0.09646,true,,0.74550,-1.17585,0.74949,-1.16447,1.38482,0.74550,-1.17585,1.09005,0.95668,-0.52954,0.09306,,0.80952,0.83333,true,,-0.32070,-0.99226,-0.31442,-0.99880,1.04712,-0.99226,0.32070,0.83564,-0.59550,0.58108,0.12007,,0.66667,1.00000,true,,0.27217,0.06079,0.27167,0.06275,0.27882,-0.27217,-0.06079,0.26199,-0.26134,0.01401,-0.09996,,1.00000,1.00000,true,,-0.43025,-0.16815,-0.42769,-0.16968,0.46012,-0.06950,-0.45669,0.21514,-0.14791,0.15939,,-0.24682,0.93056,1.00000,false,outline coverage 0.69; 6/8 octants,,,,,,,,,,,,,0.69444,0.98333,true,,-0.39620,-0.17927,-0.39633,-0.18242,0.43630,-0.43275,0.04285,0.63153,-0.08415,0.62668,,-0.37504,0.91667,1.00000,true,,0.31258,-0.52597,0.31670,-0.52526,0.61335,-0.29922,-0.53369,0.14924,0.11732,-0.09112,,-0.49349,0.97222,1.00000,true,,-0.03251,-0.39322,-0.02871,-0.39488,0.39592,-0.32428,0.22476,0.38293,-0.00793,0.38158,,-0.36203,0.97222,1.00000,true,,0.69086,0.00828,0.69285,0.01379,0.69299,-0.59416,-0.35260,0.49657,-0.41906,-0.26371,,-0.36562,1.00000,1.00000,true,,-0.95221,1.03357,-0.96276,1.01692,1.40037,0.30785,-1.37120,1.19374,0.19720,-1.18214,,-0.29205,0.98611,1.00000,true,,-0.23418,-0.36127,-0.22983,-0.35892,0.42620,0.42996,-0.02217,0.39362,0.25138,0.30816,,-0.33371,0.90278,1.00000,1608,genuine_population,gen,auto_bobs_124060_53360dc3b324,124060,Bob's Watches,https://www.bobswatches.com/images/Used-Rolex-Submariner-124060-SKU192468.jpg
14d6fc13f4d6e292,images/14/14d6fc13f4d6e2922969a84348cb07e4f988b55ac7dd159a3d4c24155b208562.jpg,pose_rejected,2160,2160,overlay unavailable: inner-end lattice evidence insufficient,false,,,,0,0,,,,,,,,,,,,,,,,,,,,,,,,,,,,,,,,,,,,,,,,,,,,,,,,,,,,,,,,,,,,,,,,,,,,,,,,,,,,,,,,,,,,,,,,,,,,,,,,,,,,,,,,,,,,,,,,,,,,,,,,,,,,,,,,,,,,,,,,,,,,,,,,,,,,,,,,,,,,,,,,,,,,,,,,,,,,,,,,,,,,,,,,,,,,,,,,,,,,,,,,,,,,,genuine_population,gen,auto_bobs_124060_53360dc3b324,124060,Bob's Watches,https://www.bobswatches.com/images/zUsed-Black-DIal-Rolex-Submariner-124060-SKU192468.jpg
c53fc1764226d8bb,images/c5/c53fc1764226d8bb9ac376fe2d534257f4bdd27c5698a66726f8c4910980842f.jpg,pose_rejected,2160,2160,physical black-dial boundary not found,false,,,,0,0,,,,,,,,,,,,,,,,,,,,,,,,,,,,,,,,,,,,,,,,,,,,,,,,,,,,,,,,,,,,,,,,,,,,,,,,,,,,,,,,,,,,,,,,,,,,,,,,,,,,,,,,,,,,,,,,,,,,,,,,,,,,,,,,,,,,,,,,,,,,,,,,,,,,,,,,,,,,,,,,,,,,,,,,,,,,,,,,,,,,,,,,,,,,,,,,,,,,,,,,,,,,,genuine_population,gen,auto_bobs_124060_53360dc3b324,124060,Bob's Watches,https://www.bobswatches.com/images/zUsed-Oyster-Black-DIal-Rolex-Submariner-124060-SKU192468.jpg
c9080afffd28f2c5,images/c9/c9080afffd28f2c5d0195a22601eb577798c4b911d4b78260c8494b6108c4a42.jpg,pose_rejected,2160,2160,physical black-dial boundary not found,false,,,,0,0,,,,,,,,,,,,,,,,,,,,,,,,,,,,,,,,,,,,,,,,,,,,,,,,,,,,,,,,,,,,,,,,,,,,,,,,,,,,,,,,,,,,,,,,,,,,,,,,,,,,,,,,,,,,,,,,,,,,,,,,,,,,,,,,,,,,,,,,,,,,,,,,,,,,,,,,,,,,,,,,,,,,,,,,,,,,,,,,,,,,,,,,,,,,,,,,,,,,,,,,,,,,,genuine_population,gen,auto_bobs_124060_53360dc3b324,124060,Bob's Watches,https://www.bobswatches.com/images/zy-192468-9-16-21.jpg
df62d9a339c284a2,images/df/df62d9a339c284a2bb2924e4791f832972bdc2abcb3f0e7480c297fe90a972ed.jpg,pose_rejected,2160,2160,overlay unavailable: 12 direction could not be established (minute-lattice branch unknown),false,,,,0,0,,,,,,,,,,,,,,,,,,,,,,,,,,,,,,,,,,,,,,,,,,,,,,,,,,,,,,,,,,,,,,,,,,,,,,,,,,,,,,,,,,,,,,,,,,,,,,,,,,,,,,,,,,,,,,,,,,,,,,,,,,,,,,,,,,,,,,,,,,,,,,,,,,,,,,,,,,,,,,,,,,,,,,,,,,,,,,,,,,,,,,,,,,,,,,,,,,,,,,,,,,,,,genuine_population,gen,auto_bobs_124060_53360dc3b324,124060,Bob's Watches,https://www.bobswatches.com/images/zUsed-Rolex-Daytona-126515-SKU192468w.jpg
0cd5716970b500d5,images/0c/0cd5716970b500d5177539f662c1e4ec42c5a62ff793a32f20a3bbfa3334f6e1.jpg,missing,,,,,,,,,,,,,,,,,,,,,,,,,,,,,,,,,,,,,,,,,,,,,,,,,,,,,,,,,,,,,,,,,,,,,,,,,,,,,,,,,,,,,,,,,,,,,,,,,,,,,,,,,,,,,,,,,,,,,,,,,,,,,,,,,,,,,,,,,,,,,,,,,,,,,,,,,,,,,,,,,,,,,,,,,,,,,,,,,,,,,,,,,,,,,,,,,,,,,,,,,,,,,,,,,,,,,,genuine_population,gen,auto_bobs_124060_53360dc3b324,124060,Bob's Watches,"https://www.bobswatches.com/cdn-cgi/image/width=768,quality=85,sharpen=0.5/images/zUsed-Rolex-Submariner-124060-SKU192468.jpg"
28112018638d47a3,images/28/28112018638d47a328c31785126e0db59023196f306908f2ae1f7bd9c984eae4.jpg,missing,,,,,,,,,,,,,,,,,,,,,,,,,,,,,,,,,,,,,,,,,,,,,,,,,,,,,,,,,,,,,,,,,,,,,,,,,,,,,,,,,,,,,,,,,,,,,,,,,,,,,,,,,,,,,,,,,,,,,,,,,,,,,,,,,,,,,,,,,,,,,,,,,,,,,,,,,,,,,,,,,,,,,,,,,,,,,,,,,,,,,,,,,,,,,,,,,,,,,,,,,,,,,,,,,,,,,,genuine_population,gen,auto_bobs_124060_53360dc3b324,124060,Bob's Watches,"https://www.bobswatches.com/cdn-cgi/image/width=768,quality=85,sharpen=0.5/images/zUsed-Black-DIal-Rolex-Submariner-124060-SKU192468.jpg"
a873cd649dee3d36,images/a8/a873cd649dee3d36fa17c7f32adc30a304243f66e593bf061d915fabd5674e11.jpg,accepted,1307,2000,,true,401.78581,0.99766,0.11934,52,12,405.48537,true,11,0.01991,-1.12944,1.12962,-0.00036,-0.07695,true,,-1.02265,0.37969,-1.02220,0.36967,1.08699,-0.37969,-1.02265,1.61309,-1.51175,-0.60233,0.04161,,1.00000,1.00000,0.01145,0.21232,0.54838,true,,-0.47849,-1.63037,-0.47559,-1.62677,1.69487,-0.47849,-1.63037,0.49943,-0.49229,-0.08372,-0.84603,,1.00000,0.96667,true,,0.10332,-1.14466,0.10876,-1.14670,1.15185,-1.14466,-0.10332,0.32635,-0.01031,0.32500,-0.08317,,0.80952,1.00000,true,,0.44912,-0.79201,0.45575,-0.78731,0.90971,-0.44912,0.79201,0.44004,-0.43309,0.07218,-0.13813,,1.00000,1.00000,true,,-0.65482,-1.56145,-0.64870,-1.55205,1.68216,1.02485,-1.34782,0.35195,0.03717,-0.35103,,-0.00819,0.90278,0.99444,true,,-0.07596,-1.62102,-0.07285,-1.61047,1.61212,0.74473,-1.44183,0.16725,0.16639,-0.02478,,0.06140,0.69444,0.97778,true,,0.26612,-1.25084,0.26872,-1.24826,1.27685,-0.39495,-1.21632,0.26836,0.15995,0.21564,,0.00346,0.91667,1.00000,true,,0.44578,-1.16117,0.45039,-1.16060,1.24493,-0.78271,-0.96664,0.20085,0.19244,0.05598,,-0.00658,0.90278,1.00000,true,,0.65294,-0.79479,0.66030,-0.79313,1.03202,-1.01478,-0.16806,0.28075,-0.02471,-0.27867,,-0.13746,0.90278,1.00000,true,,0.23655,-0.43388,0.24042,-0.43270,0.49501,-0.42180,0.25747,0.31633,0.15894,-0.27339,,-0.15480,0.86111,0.95000,true,,-0.07082,-0.81885,-0.06517,-0.81468,0.81728,0.47076,0.67374,0.15178,-0.08174,0.12796,,0.00784,0.86111,1.00000,true,,-0.29626,-1.25769,-0.28859,-1.24949,1.28238,1.23732,0.37228,0.35165,0.26457,0.23583,,-0.10800,0.86111,1.00000,1649,genuine_population,gen,auto_bobs_124060_03e9c7f833e7,124060,Bob's Watches,https://www.bobswatches.com/images/Used-Rolex-Submariner-124060-SKU193105.jpg
556d9b35f5f20782,images/55/556d9b35f5f207824d7c03b071cad78951a9b1a3544b1e7ba7604cd35e205d44.jpg,pose_rejected,2160,2160,overlay unavailable: inner-end lattice evidence insufficient,false,,,,0,0,,,,,,,,,,,,,,,,,,,,,,,,,,,,,,,,,,,,,,,,,,,,,,,,,,,,,,,,,,,,,,,,,,,,,,,,,,,,,,,,,,,,,,,,,,,,,,,,,,,,,,,,,,,,,,,,,,,,,,,,,,,,,,,,,,,,,,,,,,,,,,,,,,,,,,,,,,,,,,,,,,,,,,,,,,,,,,,,,,,,,,,,,,,,,,,,,,,,,,,,,,,,,genuine_population,gen,auto_bobs_124060_03e9c7f833e7,124060,Bob's Watches,https://www.bobswatches.com/images/zUsed-Rolex-Submariner-124060-Black-Dial-SKU193105.jpg
568cbd27e40aab37,images/56/568cbd27e40aab37a82f932de80d10ccf0f78049d5b62a696ddd90599c1d42a5.jpg,pose_rejected,2160,2160,physical black-dial boundary not found,false,,,,0,0,,,,,,,,,,,,,,,,,,,,,,,,,,,,,,,,,,,,,,,,,,,,,,,,,,,,,,,,,,,,,,,,,,,,,,,,,,,,,,,,,,,,,,,,,,,,,,,,,,,,,,,,,,,,,,,,,,,,,,,,,,,,,,,,,,,,,,,,,,,,,,,,,,,,,,,,,,,,,,,,,,,,,,,,,,,,,,,,,,,,,,,,,,,,,,,,,,,,,,,,,,,,,genuine_population,gen,auto_bobs_124060_03e9c7f833e7,124060,Bob's Watches,https://www.bobswatches.com/images/zUsed-Rolex-Submariner-124060-Stainless-Steel-SKU193105.jpg
c6f4d9e620bb82f5,images/c6/c6f4d9e620bb82f5be58485eab75cceb8c672dbc4011ca197b13e4a4b10ca514.jpg,pose_rejected,2160,2160,physical black-dial boundary not found,false,,,,0,0,,,,,,,,,,,,,,,,,,,,,,,,,,,,,,,,,,,,,,,,,,,,,,,,,,,,,,,,,,,,,,,,,,,,,,,,,,,,,,,,,,,,,,,,,,,,,,,,,,,,,,,,,,,,,,,,,,,,,,,,,,,,,,,,,,,,,,,,,,,,,,,,,,,,,,,,,,,,,,,,,,,,,,,,,,,,,,,,,,,,,,,,,,,,,,,,,,,,,,,,,,,,,genuine_population,gen,auto_bobs_124060_03e9c7f833e7,124060,Bob's Watches,https://www.bobswatches.com/images/zy-193105-4-3-2024.jpg
7a8b0fa6131024c9,images/7a/7a8b0fa6131024c96ce6a2083ecbc86bb00406564866cc8c7d44540a7fa77437.jpg,missing,,,,,,,,,,,,,,,,,,,,,,,,,,,,,,,,,,,,,,,,,,,,,,,,,,,,,,,,,,,,,,,,,,,,,,,,,,,,,,,,,,,,,,,,,,,,,,,,,,,,,,,,,,,,,,,,,,,,,,,,,,,,,,,,,,,,,,,,,,,,,,,,,,,,,,,,,,,,,,,,,,,,,,,,,,,,,,,,,,,,,,,,,,,,,,,,,,,,,,,,,,,,,,,,,,,,,,genuine_population,gen,auto_bobs_124060_03e9c7f833e7,124060,Bob's Watches,"https://www.bobswatches.com/cdn-cgi/image/width=768,quality=85,sharpen=0.5/images/zUsed-Rolex-Submariner-124060-Black-Dial-SKU193105.jpg"
04d96a8b7352327b,images/04/04d96a8b7352327b12a2a87b4a3b487b18b6bcf93ec7e650a80c18e87f83628d.jpg,missing,,,,,,,,,,,,,,,,,,,,,,,,,,,,,,,,,,,,,,,,,,,,,,,,,,,,,,,,,,,,,,,,,,,,,,,,,,,,,,,,,,,,,,,,,,,,,,,,,,,,,,,,,,,,,,,,,,,,,,,,,,,,,,,,,,,,,,,,,,,,,,,,,,,,,,,,,,,,,,,,,,,,,,,,,,,,,,,,,,,,,,,,,,,,,,,,,,,,,,,,,,,,,,,,,,,,,,genuine_population,gen,auto_bobs_124060_03e9c7f833e7,124060,Bob's Watches,"https://www.bobswatches.com/cdn-cgi/image/width=768,quality=85,sharpen=0.5/images/zUsed-Rolex-Submariner-124060-Stainless-Steel-SKU193105.jpg"
937808e420a1e00b,images/93/937808e420a1e00b465e1c5319bb6512de38fdade5eb662faef40bb8415d1616.jpg,accepted,1412,2160,,true,436.23848,0.99332,0.13576,53,12,438.60433,true,10,0.61175,-0.01341,0.61189,0.09055,0.01697,true,,0.50088,-0.07308,0.50019,-0.06680,0.50464,0.07308,0.50088,0.33742,-0.26422,-0.21402,0.30611,,1.00000,1.00000,0.04307,0.50707,0.08483,true,,1.16231,-0.02286,1.16186,-0.01053,1.16190,1.16231,-0.02286,0.26894,0.24975,-0.10157,-0.38649,,1.00000,1.00000,true,,0.73928,0.32614,0.73939,0.33489,0.81169,0.32614,-0.73928,0.23217,0.04456,-0.22683,-0.25184,,0.76190,1.00000,true,,0.41545,-0.52054,0.42271,-0.51525,0.66646,-0.41545,0.52054,0.41531,-0.10585,0.40200,-0.20000,,1.00000,1.00000,true,,0.88581,-0.02390,0.88336,-0.01384,0.88347,0.46360,0.75519,0.22219,-0.18231,0.13023,,-0.15159,0.87500,1.00000,false,outline coverage 0.64; 6/8 octants,,,,,,,,,,,,,0.63889,0.96667,true,,0.88102,0.30124,0.88044,0.31044,0.93357,0.91361,-0.17962,0.08070,0.07122,0.03745,,-0.20063,0.87500,1.00000,true,,0.51654,0.18186,0.51687,0.18765,0.54988,0.41577,-0.35641,0.21127,-0.19566,0.07705,,-0.19414,0.90278,1.00000,true,,0.35966,0.18292,0.35933,0.18728,0.40520,-0.02142,-0.40293,0.02432,-0.02176,0.01062,,-0.21803,0.95833,1.00000,true,,0.08796,0.05497,0.08763,0.05597,0.10397,-0.04869,-0.09158,0.19123,0.16735,0.09101,,-0.19385,0.91667,1.00000,true,,0.23048,-0.11508,0.23191,-0.11196,0.25752,-0.14206,0.21490,0.21989,0.05407,-0.21359,,-0.19177,0.81944,1.00000,true,,0.40097,-0.19235,0.40239,-0.18633,0.44344,-0.03390,0.44343,0.21170,-0.06874,-0.20144,,-0.20825,0.76389,1.00000,1664,genuine_population,gen,auto_bobs_124060_bad22cadcb43,124060,Bob's Watches,https://www.bobswatches.com/images/zUsed-Rolex-Submariner-124060-SKU190826.jpg
122812e316bca62d,images/12/122812e316bca62d91b12fe213fb306e67f96d398f9c614b3eb6bf9600a42b4c.jpg,accepted,1307,2000,,true,404.04261,0.99145,0.10248,54,12,406.01377,true,10,0.55958,-0.00287,0.55959,0.08180,0.01682,true,,0.57770,0.04675,0.57579,0.05285,0.57821,-0.04675,0.57770,0.32701,-0.32098,-0.07656,0.33379,,1.00000,0.96667,0.08354,0.45094,-0.14271,true,,0.96960,-0.07699,0.96953,-0.06654,0.97181,0.96960,-0.07699,0.22333,0.15846,-0.15865,-0.36185,,1.00000,1.00000,true,,0.65873,0.40963,0.65777,0.41802,0.77936,0.40963,-0.65873,0.25385,0.16631,-0.19016,-0.25325,,0.66667,1.00000,true,,0.45698,-0.50260,0.46414,-0.49707,0.68008,-0.45698,0.50260,0.43021,-0.15007,0.40334,-0.10705,,1.00000,1.00000,true,,0.75780,-0.01024,0.75566,-0.00169,0.75566,0.38777,0.65115,0.18359,-0.16958,0.07447,,-0.15217,0.91667,1.00000,false,outline coverage 0.64; 6/8 octants,,,,,,,,,,,,,0.63889,0.96667,true,,0.78705,0.26417,0.78653,0.27244,0.83238,0.81369,-0.16475,0.06885,0.06374,0.02543,,-0.16754,0.84722,1.00000,true,,0.44811,0.16226,0.44836,0.16732,0.47856,0.36457,-0.30695,0.19759,-0.17753,0.08463,,-0.17932,0.93056,1.00000,true,,0.33885,0.15591,0.33875,0.15998,0.37463,-0.03441,-0.37141,0.02095,-0.01749,0.01136,,-0.22727,1.00000,1.00000,true,,0.11604,0.09570,0.11534,0.09709,0.15076,-0.05264,-0.14089,0.16986,0.16567,0.03404,,-0.17069,0.93056,1.00000,true,,0.25502,-0.13204,0.25669,-0.12860,0.28711,-0.15483,0.24186,0.15221,0.05468,-0.14223,,-0.20665,0.87500,1.00000,true,,0.42912,-0.15056,0.43010,-0.14460,0.45376,-0.08417,0.44691,0.16025,-0.08250,-0.13858,,-0.22894,0.70833,1.00000,1687,genuine_population,gen,auto_bobs_124060_bad22cadcb43,124060,Bob's Watches,https://www.bobswatches.com/images/Used-Rolex-Submariner-124060-SKU190826.jpg
24b1d31d9dca47c4,images/24/24b1d31d9dca47c482751e1bfa8157e85aea5f0630e45b30d09bb442cb045e65.jpg,missing,,,,,,,,,,,,,,,,,,,,,,,,,,,,,,,,,,,,,,,,,,,,,,,,,,,,,,,,,,,,,,,,,,,,,,,,,,,,,,,,,,,,,,,,,,,,,,,,,,,,,,,,,,,,,,,,,,,,,,,,,,,,,,,,,,,,,,,,,,,,,,,,,,,,,,,,,,,,,,,,,,,,,,,,,,,,,,,,,,,,,,,,,,,,,,,,,,,,,,,,,,,,,,,,,,,,,,genuine_population,gen,auto_bobs_124060_bad22cadcb43,124060,Bob's Watches,https://www.bobswatches.com/images/zUsed-Rolex-Submariner-124060-SKU190826-Black-Dial.jpg
3936ce4e294ee288,images/39/3936ce4e294ee2884031a14bc0bf5cd333ad1def18f2968fd2961b08db7ab4bc.jpg,pose_rejected,2160,2160,physical black-dial boundary not found,false,,,,0,0,,,,,,,,,,,,,,,,,,,,,,,,,,,,,,,,,,,,,,,,,,,,,,,,,,,,,,,,,,,,,,,,,,,,,,,,,,,,,,,,,,,,,,,,,,,,,,,,,,,,,,,,,,,,,,,,,,,,,,,,,,,,,,,,,,,,,,,,,,,,,,,,,,,,,,,,,,,,,,,,,,,,,,,,,,,,,,,,,,,,,,,,,,,,,,,,,,,,,,,,,,,,,genuine_population,gen,auto_bobs_124060_bad22cadcb43,124060,Bob's Watches,https://www.bobswatches.com/images/zUsed-Rolex-Submariner-124060-SKU190826-Steel.jpg
91797b97a7b652fa,images/91/91797b97a7b652fad8c5dff16fb9bcb90d0d91960573575503ed25680145d0e2.jpg,pose_rejected,2160,2160,physical black-dial boundary could not be fitted,false,,,,0,0,,,,,,,,,,,,,,,,,,,,,,,,,,,,,,,,,,,,,,,,,,,,,,,,,,,,,,,,,,,,,,,,,,,,,,,,,,,,,,,,,,,,,,,,,,,,,,,,,,,,,,,,,,,,,,,,,,,,,,,,,,,,,,,,,,,,,,,,,,,,,,,,,,,,,,,,,,,,,,,,,,,,,,,,,,,,,,,,,,,,,,,,,,,,,,,,,,,,,,,,,,,,,genuine_population,gen,auto_bobs_124060_bad22cadcb43,124060,Bob's Watches,https://www.bobswatches.com/images/zy-190826-02-05-2022.jpg
d12dd0a74835a475,images/d1/d12dd0a74835a4759af9e42bbbe40cb87270f9af7564c09a6fe1a7de18ae6159.jpg,accepted,768,1174,,true,237.14458,0.99512,0.12611,53,12,238.51005,true,10,0.37364,-0.10696,0.38865,0.09983,0.01202,true,,0.35681,-0.08696,0.35662,-0.08207,0.36594,0.08696,0.35681,0.21942,-0.21457,-0.05553,0.44107,,1.00000,0.96667,0.11320,0.55663,-0.31647,true,,0.50017,-0.08244,0.50037,-0.07685,0.50624,0.50017,-0.08244,0.05373,-0.05293,-0.00919,-0.34723,,1.00000,0.96667,true,,0.32149,-0.13699,0.32407,-0.13429,0.35079,-0.13699,-0.32149,0.20769,-0.20650,0.01287,0.06796,,1.00000,1.00000,true,,0.27761,-0.35547,0.28257,-0.35168,0.45114,-0.27761,0.35547,0.22323,-0.08602,0.20625,-0.40309,,1.00000,1.00000,true,,0.46809,0.15896,0.46557,0.16268,0.49317,0.09638,0.48486,0.41510,-0.37985,0.17730,,0.16295,0.73611,1.00000,false,outline coverage 0.60; 7/8 octants,,,,,,,,,,,,,0.59722,0.96667,true,,0.83303,-0.37056,0.83632,-0.36201,0.91131,0.53614,-0.73742,0.50055,0.07558,-0.49563,,-0.40539,0.76389,1.00000,true,,0.23426,0.23718,0.23331,0.24020,0.33486,0.32254,-0.08428,0.25651,0.03897,0.25308,,0.08846,0.87500,1.00000,true,,0.21370,0.20544,0.21249,0.20830,0.29756,0.07106,-0.28779,0.17197,0.15984,-0.06166,,0.07833,0.91667,1.00000,true,,0.07919,0.18662,0.07724,0.18765,0.20293,0.02474,-0.20121,0.25916,0.20909,-0.15209,,0.10895,0.90278,1.00000,true,,0.14702,-0.07954,0.14802,-0.07745,0.16706,-0.08756,0.14240,0.18062,-0.01444,-0.18083,,0.02034,0.83333,1.00000,true,,0.42277,-0.63324,0.42885,-0.62291,0.75626,0.33702,0.68275,0.34929,0.23312,0.26396,,-0.29595,0.73611,1.00000,1311,genuine_population,gen,auto_bobs_124060_bad22cadcb43,124060,Bob's Watches,"https://www.bobswatches.com/cdn-cgi/image/width=768,quality=85,sharpen=0.5/images/zUsed-Rolex-Submariner-124060-SKU190826.jpg"
d9402e7f776b43b8,images/d9/d9402e7f776b43b86dc0d255898086836825d94c22ac8c9e5a869661b3c202f5.jpg,missing,,,,,,,,,,,,,,,,,,,,,,,,,,,,,,,,,,,,,,,,,,,,,,,,,,,,,,,,,,,,,,,,,,,,,,,,,,,,,,,,,,,,,,,,,,,,,,,,,,,,,,,,,,,,,,,,,,,,,,,,,,,,,,,,,,,,,,,,,,,,,,,,,,,,,,,,,,,,,,,,,,,,,,,,,,,,,,,,,,,,,,,,,,,,,,,,,,,,,,,,,,,,,,,,,,,,,,genuine_population,gen,auto_bobs_124060_bad22cadcb43,124060,Bob's Watches,"https://www.bobswatches.com/cdn-cgi/image/width=768,quality=85,sharpen=0.5/images/zUsed-Rolex-Submariner-124060-SKU190826-Black-Dial.jpg"
94581add784f156f,images/94/94581add784f156f7d8230ac0cb1118764c22e35c724516b31b3de26369bfd48.jpg,pose_rejected,768,768,physical black-dial boundary not found,false,,,,0,0,,,,,,,,,,,,,,,,,,,,,,,,,,,,,,,,,,,,,,,,,,,,,,,,,,,,,,,,,,,,,,,,,,,,,,,,,,,,,,,,,,,,,,,,,,,,,,,,,,,,,,,,,,,,,,,,,,,,,,,,,,,,,,,,,,,,,,,,,,,,,,,,,,,,,,,,,,,,,,,,,,,,,,,,,,,,,,,,,,,,,,,,,,,,,,,,,,,,,,,,,,,,,genuine_population,gen,auto_bobs_124060_bad22cadcb43,124060,Bob's Watches,"https://www.bobswatches.com/cdn-cgi/image/width=768,quality=85,sharpen=0.5/images/zUsed-Rolex-Submariner-124060-SKU190826-Steel.jpg"
cb9df048dfd43767,images/cb/cb9df048dfd43767d9951b25574dbcf8520dca5efd2e46f43ed469304809b9bf.jpg,accepted,1412,2160,,true,435.21634,0.99584,0.12927,52,12,438.39021,true,10,0.03503,-1.35759,1.35804,-0.03631,-0.03102,true,,-0.36256,-0.35332,-0.35477,-0.35705,0.50333,0.35332,-0.36256,0.89180,-0.88230,-0.18235,-0.00435,,0.95238,0.96667,-0.12410,0.02040,-0.34775,true,,0.13884,-1.35087,0.15985,-1.34290,1.35238,0.13884,-1.35087,0.31573,0.25021,0.19216,0.37300,,0.95238,1.00000,true,,0.35183,-1.37603,0.37891,-1.37254,1.42389,-1.37603,-0.35183,0.19540,0.10767,-0.16218,-0.17769,,0.57143,1.00000,true,,-0.08780,-1.25317,-0.06036,-1.25040,1.25186,0.08780,1.25317,0.22914,0.21812,0.07049,0.86984,,1.00000,0.96667,true,,-0.13192,-1.19932,-0.11117,-1.19049,1.19567,0.97269,-0.71390,0.17238,-0.08279,0.15242,,0.01402,0.98611,1.00000,false,hand/occluder crosses outline (clean 0.74),,,,,,,,,,,,,0.65278,0.74444,true,,-0.47947,-1.96246,-0.44900,-1.97129,2.02177,-1.39646,-1.45981,0.60109,-0.59372,-0.08170,,-0.02989,0.97222,1.00000,true,,0.08988,-1.80005,0.12101,-1.80202,1.80608,-1.51395,-0.97786,0.23012,-0.20890,-0.09513,,-0.04628,0.95833,0.99444,true,,0.22267,-1.13388,0.24669,-1.13191,1.15848,-1.09331,0.37410,0.24591,0.22121,-0.10601,,-0.16513,0.87500,1.00000,true,,0.38135,-1.08445,0.40571,-1.07649,1.15041,-0.87248,0.74849,0.23998,-0.05333,-0.23393,,-0.15616,1.00000,1.00000,true,,-0.18120,-1.23185,-0.15431,-1.22690,1.23657,0.77285,0.97622,0.22904,0.22915,-0.01568,,-0.05694,1.00000,1.00000,true,,0.17945,-1.25480,0.20446,-1.23923,1.25599,0.99696,0.78281,0.28949,-0.04904,0.28628,,-0.13900,0.84722,0.93889,1727,genuine_population,gen,auto_bobs_124060_3d1f0a3378e2,124060,Bob's Watches,https://www.bobswatches.com/images/zUsed-Rolex-Submariner-124060-SKU192314.jpg
8518cd227de55495,images/85/8518cd227de554951867272b02876bfcaa5b3a8c80017a9629d19c0254251ee9.jpg,accepted,1307,2000,,true,402.92152,0.99543,0.12289,53,12,405.76036,true,10,0.02859,-1.33304,1.33334,-0.05712,-0.02955,true,,-0.26760,-0.48419,-0.25768,-0.48468,0.54892,0.48419,-0.26760,0.66936,-0.66820,-0.10388,0.04611,,1.00000,0.96667,-0.17142,0.09769,-0.55047,true,,0.15031,-1.20104,0.16879,-1.19377,1.20565,0.15031,-1.20104,0.43785,0.32272,0.29543,0.41312,,0.95238,1.00000,true,,0.34468,-2.00189,0.38361,-2.00147,2.03790,-2.00189,-0.34468,0.52285,-0.48834,-0.18230,-0.19015,,0.66667,1.00000,true,,-0.00422,-1.18745,0.02196,-1.18372,1.18392,0.00422,1.18745,0.18400,0.18368,0.00870,0.81656,,1.00000,0.96667,true,,-0.08845,-1.15463,-0.06869,-1.14543,1.14749,0.95572,-0.65391,0.18215,-0.01588,0.18210,,0.04884,0.97222,1.00000,false,hand/occluder crosses outline (clean 0.76),,,,,,,,,,,,,0.65278,0.75556,true,,-0.47674,-1.80777,-0.44900,-1.81742,1.87206,-1.31675,-1.32721,0.46391,-0.46243,0.00322,,-0.03278,0.97222,1.00000,true,,0.01499,-1.70245,0.04409,-1.70673,1.70730,-1.46687,-0.86421,0.12413,-0.12166,-0.02209,,-0.00869,0.97222,0.99444,true,,0.18280,-1.10254,0.20617,-1.10202,1.12114,-1.04622,0.39296,0.32044,0.30251,-0.10253,,-0.10252,0.91667,1.00000,true,,0.35859,-1.00599,0.38142,-0.99909,1.06942,-0.81355,0.69192,0.29824,0.04688,-0.29447,,-0.11388,0.97222,1.00000,true,,-0.15734,-1.14909,-0.13216,-1.14453,1.15214,0.71080,0.91647,0.24449,0.23362,-0.07344,,-0.02511,1.00000,1.00000,true,,0.11792,-1.18604,0.14177,-1.17252,1.18106,0.96818,0.69514,0.19274,0.00011,0.19354,,-0.07848,0.84722,0.89444,1648,genuine_population,gen,auto_bobs_124060_3d1f0a3378e2,124060,Bob's Watches,https://www.bobswatches.com/images/Used-Rolex-Submariner-124060-SKU192314.jpg
f8a5a7025ff88d53,images/f8/f8a5a7025ff88d536ff99d02b2e272134b0fbb2bb0bb5fc876a4aa74929d04a7.jpg,pose_rejected,2160,2160,overlay unavailable: inner-end lattice evidence insufficient,false,,,,0,0,,,,,,,,,,,,,,,,,,,,,,,,,,,,,,,,,,,,,,,,,,,,,,,,,,,,,,,,,,,,,,,,,,,,,,,,,,,,,,,,,,,,,,,,,,,,,,,,,,,,,,,,,,,,,,,,,,,,,,,,,,,,,,,,,,,,,,,,,,,,,,,,,,,,,,,,,,,,,,,,,,,,,,,,,,,,,,,,,,,,,,,,,,,,,,,,,,,,,,,,,,,,,genuine_population,gen,auto_bobs_124060_3d1f0a3378e2,124060,Bob's Watches,https://www.bobswatches.com/images/zUsed-Black-Dial-Rolex-Submariner-124060-SKU192314.jpg
b9e9ff6a09e290be,images/b9/b9e9ff6a09e290be80d5dcfe6eeba67e09ba500ff8ae00495bbc13b1a1162ac3.jpg,pose_rejected,2160,2160,physical black-dial boundary could not be fitted,false,,,,0,0,,,,,,,,,,,,,,,,,,,,,,,,,,,,,,,,,,,,,,,,,,,,,,,,,,,,,,,,,,,,,,,,,,,,,,,,,,,,,,,,,,,,,,,,,,,,,,,,,,,,,,,,,,,,,,,,,,,,,,,,,,,,,,,,,,,,,,,,,,,,,,,,,,,,,,,,,,,,,,,,,,,,,,,,,,,,,,,,,,,,,,,,,,,,,,,,,,,,,,,,,,,,,genuine_population,gen,auto_bobs_124060_3d1f0a3378e2,124060,Bob's Watches,https://www.bobswatches.com/images/zUsed-Oyster-Black-Dial-Rolex-Submariner-124060-SKU192314.jpg
e9acca50a15ab5a1,images/e9/e9acca50a15ab5a18ea62a1db9348b6e58d6bedb620e91830bffe11080ca5330.jpg,pose_rejected,2160,2160,physical black-dial boundary not found,false,,,,0,0,,,,,,,,,,,,,,,,,,,,,,,,,,,,,,,,,,,,,,,,,,,,,,,,,,,,,,,,,,,,,,,,,,,,,,,,,,,,,,,,,,,,,,,,,,,,,,,,,,,,,,,,,,,,,,,,,,,,,,,,,,,,,,,,,,,,,,,,,,,,,,,,,,,,,,,,,,,,,,,,,,,,,,,,,,,,,,,,,,,,,,,,,,,,,,,,,,,,,,,,,,,,,genuine_population,gen,auto_bobs_124060_3d1f0a3378e2,124060,Bob's Watches,https://www.bobswatches.com/images/zy-192314-7-16-23.jpg
a71c3f6f611907a2,images/a7/a71c3f6f611907a259adec503bdd263aa5e6c85b5aa00cb86c7a6f90cfb99a93.jpg,missing,,,,,,,,,,,,,,,,,,,,,,,,,,,,,,,,,,,,,,,,,,,,,,,,,,,,,,,,,,,,,,,,,,,,,,,,,,,,,,,,,,,,,,,,,,,,,,,,,,,,,,,,,,,,,,,,,,,,,,,,,,,,,,,,,,,,,,,,,,,,,,,,,,,,,,,,,,,,,,,,,,,,,,,,,,,,,,,,,,,,,,,,,,,,,,,,,,,,,,,,,,,,,,,,,,,,,,genuine_population,gen,auto_bobs_124060_3d1f0a3378e2,124060,Bob's Watches,"https://www.bobswatches.com/cdn-cgi/image/width=768,quality=85,sharpen=0.5/images/zUsed-Rolex-Submariner-124060-SKU192314.jpg"
d64c1a3dd3109b40,images/d6/d64c1a3dd3109b40c293b27c9cef518144ea36c2df519642fb6b7a3d0fe4aded.jpg,missing,,,,,,,,,,,,,,,,,,,,,,,,,,,,,,,,,,,,,,,,,,,,,,,,,,,,,,,,,,,,,,,,,,,,,,,,,,,,,,,,,,,,,,,,,,,,,,,,,,,,,,,,,,,,,,,,,,,,,,,,,,,,,,,,,,,,,,,,,,,,,,,,,,,,,,,,,,,,,,,,,,,,,,,,,,,,,,,,,,,,,,,,,,,,,,,,,,,,,,,,,,,,,,,,,,,,,,genuine_population,gen,auto_bobs_124060_3d1f0a3378e2,124060,Bob's Watches,"https://www.bobswatches.com/cdn-cgi/image/width=768,quality=85,sharpen=0.5/images/zUsed-Black-Dial-Rolex-Submariner-124060-SKU192314.jpg"
9a65367bfe7f656e,images/9a/9a65367bfe7f656e9f6d0aa9c67706b43ab2b91b1f4e466583524ee197394790.jpg,missing,,,,,,,,,,,,,,,,,,,,,,,,,,,,,,,,,,,,,,,,,,,,,,,,,,,,,,,,,,,,,,,,,,,,,,,,,,,,,,,,,,,,,,,,,,,,,,,,,,,,,,,,,,,,,,,,,,,,,,,,,,,,,,,,,,,,,,,,,,,,,,,,,,,,,,,,,,,,,,,,,,,,,,,,,,,,,,,,,,,,,,,,,,,,,,,,,,,,,,,,,,,,,,,,,,,,,,genuine_population,gen,auto_bobs_124060_3d1f0a3378e2,124060,Bob's Watches,"https://www.bobswatches.com/cdn-cgi/image/width=768,quality=85,sharpen=0.5/images/zUsed-Oyster-Black-Dial-Rolex-Submariner-124060-SKU192314.jpg"
077c7533c2846cb2,images/07/077c7533c2846cb2a8726d9977f9f97e4bff6cf2a896b86cf3d8c1d7e5bb059f.jpg,missing,,,,,,,,,,,,,,,,,,,,,,,,,,,,,,,,,,,,,,,,,,,,,,,,,,,,,,,,,,,,,,,,,,,,,,,,,,,,,,,,,,,,,,,,,,,,,,,,,,,,,,,,,,,,,,,,,,,,,,,,,,,,,,,,,,,,,,,,,,,,,,,,,,,,,,,,,,,,,,,,,,,,,,,,,,,,,,,,,,,,,,,,,,,,,,,,,,,,,,,,,,,,,,,,,,,,,,genuine_population,gen,auto_bobs_124060_2905d2d5bc5c,124060,Bob's Watches,https://www.bobswatches.com/images/zUsed-Rolex-Submariner-124060-SKU191878.jpg
067c933e30ac2cc6,images/06/067c933e30ac2cc6087f50135f10c8acdac4249b06fc0608975cbb3418e9b42f.jpg,accepted,1307,2000,,true,402.27893,0.99801,0.14290,53,12,405.99692,true,11,-0.06085,-1.09491,1.09660,0.05395,0.07296,true,,0.27259,-1.23413,0.27287,-1.21872,1.24890,1.23413,0.27259,0.08854,-0.04144,-0.07879,0.16118,,1.00000,0.96667,0.00722,0.28677,0.05923,true,,-0.08462,-0.96052,-0.08690,-0.95532,0.95926,-0.08462,-0.96052,0.31489,-0.18909,-0.25246,0.17393,,0.95238,1.00000,true,,-0.28798,-1.02398,-0.28816,-1.02575,1.06546,-1.02398,0.28798,0.18953,-0.08973,-0.16628,0.01042,,0.80952,1.00000,true,,-0.39895,-1.61375,-0.39273,-1.60665,1.65395,0.39895,1.61375,0.20885,0.17088,0.12077,0.29141,,1.00000,1.00000,true,,0.18353,-1.02158,0.18210,-1.00954,1.02584,0.97648,-0.35185,0.20862,-0.12391,-0.16871,,-0.18190,0.77778,1.00000,true,,0.28416,-0.73654,0.28202,-0.72936,0.78199,0.61436,-0.49578,0.08989,-0.06059,0.06756,,-0.20035,0.76389,0.90556,true,,-0.30976,-0.39915,-0.31111,-0.39879,0.50579,-0.46784,-0.19079,0.31285,-0.04227,0.31076,,-0.14600,0.93056,1.00000,true,,-0.40068,-0.44096,-0.40233,-0.44179,0.59753,-0.58222,0.12652,0.30182,0.22355,0.20263,,-0.23922,0.93056,0.99444,true,,-0.25244,-0.99991,-0.25079,-1.00134,1.03227,-0.73972,0.71857,0.30668,0.00425,-0.30584,,-0.14982,0.87500,1.00000,true,,-0.20128,-1.23370,-0.19701,-1.23235,1.24800,-0.44254,1.16905,0.26638,-0.12400,-0.23556,,-0.14534,0.93056,1.00000,true,,0.14148,-1.69846,0.14806,-1.68404,1.69053,0.72670,1.54165,0.20569,-0.05528,0.19883,,-0.18738,0.88889,1.00000,true,,0.25433,-1.81094,0.25855,-1.79045,1.80902,1.44115,1.12573,0.34441,0.27896,0.20834,,-0.11483,0.94444,1.00000,1591,genuine_population,gen,auto_bobs_124060_2905d2d5bc5c,124060,Bob's Watches,https://www.bobswatches.com/images/Used-Rolex-Submariner-124060-SKU191878.jpg
baed667450a56f10,images/ba/baed667450a56f10bb3c20dcb35527e3b5e261ab8833897bc0dda38909e81508.jpg,pose_rejected,2160,2160,physical black-dial boundary not found,false,,,,0,0,,,,,,,,,,,,,,,,,,,,,,,,,,,,,,,,,,,,,,,,,,,,,,,,,,,,,,,,,,,,,,,,,,,,,,,,,,,,,,,,,,,,,,,,,,,,,,,,,,,,,,,,,,,,,,,,,,,,,,,,,,,,,,,,,,,,,,,,,,,,,,,,,,,,,,,,,,,,,,,,,,,,,,,,,,,,,,,,,,,,,,,,,,,,,,,,,,,,,,,,,,,,,genuine_population,gen,auto_bobs_124060_2905d2d5bc5c,124060,Bob's Watches,https://www.bobswatches.com/images/zy-191878-05-24-2024.jpg
245d21c8a6ade530,images/24/245d21c8a6ade53050c86f0abe2e0c55e2bf16f8e14ba8b52166bd1bc37699fd.jpg,missing,,,,,,,,,,,,,,,,,,,,,,,,,,,,,,,,,,,,,,,,,,,,,,,,,,,,,,,,,,,,,,,,,,,,,,,,,,,,,,,,,,,,,,,,,,,,,,,,,,,,,,,,,,,,,,,,,,,,,,,,,,,,,,,,,,,,,,,,,,,,,,,,,,,,,,,,,,,,,,,,,,,,,,,,,,,,,,,,,,,,,,,,,,,,,,,,,,,,,,,,,,,,,,,,,,,,,,genuine_population,gen,auto_bobs_124060_2905d2d5bc5c,124060,Bob's Watches,"https://www.bobswatches.com/cdn-cgi/image/width=768,quality=85,sharpen=0.5/images/zUsed-Rolex-Submariner-124060-SKU191878.jpg"
2d76516ef24e1da6,images/2d/2d76516ef24e1da6fec456d9b5800e6fb4640e9337f2c6003874a5b0494438ac.jpg,missing,,,,,,,,,,,,,,,,,,,,,,,,,,,,,,,,,,,,,,,,,,,,,,,,,,,,,,,,,,,,,,,,,,,,,,,,,,,,,,,,,,,,,,,,,,,,,,,,,,,,,,,,,,,,,,,,,,,,,,,,,,,,,,,,,,,,,,,,,,,,,,,,,,,,,,,,,,,,,,,,,,,,,,,,,,,,,,,,,,,,,,,,,,,,,,,,,,,,,,,,,,,,,,,,,,,,,,genuine_population,gen,auto_bobs_124060_2905d2d5bc5c,124060,Bob's Watches,"https://www.bobswatches.com/cdn-cgi/image/width=768,quality=85,sharpen=0.5/images/zy-191878-05-24-2024.jpg"
e4ea736606798ecd,images/e4/e4ea736606798ecd41bb41a1eb35bcc78e184494d59d329d10ef8ba4e5da8c96.jpg,accepted,1412,2160,,true,435.69816,0.99328,0.12216,54,12,438.00767,true,11,0.49394,-0.53689,0.72954,0.00404,-0.09119,true,,0.29399,0.83834,0.28116,0.83507,0.88114,-0.83834,0.29399,1.43308,-1.39857,0.36514,0.00048,,0.90476,1.00000,-0.11104,0.14236,0.10968,true,,-0.05212,-1.33775,-0.03695,-1.33411,1.33462,-0.05212,-1.33775,0.61130,-0.55153,-0.26250,0.08386,,0.95238,1.00000,true,,0.84969,-0.01065,0.85269,0.00222,0.85269,-0.01065,-0.84969,0.54919,0.52197,0.16545,-0.00437,,0.52381,1.00000,true,,0.93163,0.18101,0.92931,0.19490,0.94953,-0.93163,-0.18101,0.49981,-0.45912,-0.19789,0.13857,,1.00000,1.00000,true,,0.15672,-0.63317,0.16429,-0.62514,0.64637,0.62670,-0.18086,0.25867,-0.10360,0.23849,,-0.26966,0.70833,1.00000,true,,0.35460,-1.07960,0.36635,-1.06702,1.12815,0.84690,-0.75766,0.14367,0.13860,0.03944,,-0.32750,0.75000,1.00000,true,,0.95820,-1.13424,0.97262,-1.11954,1.48302,0.26270,-1.46138,0.20457,0.10047,-0.17832,,-0.38709,0.84722,0.99444,true,,1.07294,-1.00505,1.08880,-0.99121,1.47241,-0.33393,-1.43172,0.20806,-0.11841,-0.17066,,-0.30373,0.84722,1.00000,true,,1.00348,-0.11676,1.00882,-0.10183,1.01395,-0.60286,-0.81065,0.13776,0.09861,-0.09566,,-0.24397,0.68056,1.00000,true,,0.49996,-0.31488,0.50664,-0.30737,0.59258,-0.59042,0.02272,0.37103,0.08906,0.35996,,-0.29789,0.72222,1.00000,true,,0.07867,-0.07865,0.07995,-0.07694,0.11096,-0.02880,0.10744,0.11233,0.10460,-0.04127,,-0.42602,0.79167,1.00000,true,,0.02095,-0.46353,0.02829,-0.45925,0.46012,0.39096,0.24991,0.18994,0.14661,0.12320,,-0.39261,0.70833,1.00000,1645,genuine_population,gen,auto_bobs_124060_51facf8c751c,124060,Bob's Watches,https://www.bobswatches.com/images/z191304-Used-Rolex-Submariner-124060-SKU191304.jpg
628cf0ec47f521ee,images/62/628cf0ec47f521eef5984d94fb4e1680e31880c485d7959141acd8ffab1eb9d7.jpg,missing,,,,,,,,,,,,,,,,,,,,,,,,,,,,,,,,,,,,,,,,,,,,,,,,,,,,,,,,,,,,,,,,,,,,,,,,,,,,,,,,,,,,,,,,,,,,,,,,,,,,,,,,,,,,,,,,,,,,,,,,,,,,,,,,,,,,,,,,,,,,,,,,,,,,,,,,,,,,,,,,,,,,,,,,,,,,,,,,,,,,,,,,,,,,,,,,,,,,,,,,,,,,,,,,,,,,,,genuine_population,gen,auto_bobs_124060_51facf8c751c,124060,Bob's Watches,https://www.bobswatches.com/images/191304-Used-Rolex-Submariner-124060-SKU191304.jpg
fbcf7e6ec7feb989,images/fb/fbcf7e6ec7feb989d38dded6000686f75fc76c0a0af9772443dde1ace0d8c0c2.jpg,pose_rejected,2160,2160,overlay unavailable: inner-end lattice evidence insufficient,false,,,,0,0,,,,,,,,,,,,,,,,,,,,,,,,,,,,,,,,,,,,,,,,,,,,,,,,,,,,,,,,,,,,,,,,,,,,,,,,,,,,,,,,,,,,,,,,,,,,,,,,,,,,,,,,,,,,,,,,,,,,,,,,,,,,,,,,,,,,,,,,,,,,,,,,,,,,,,,,,,,,,,,,,,,,,,,,,,,,,,,,,,,,,,,,,,,,,,,,,,,,,,,,,,,,,genuine_population,gen,auto_bobs_124060_51facf8c751c,124060,Bob's Watches,https://www.bobswatches.com/images/zUsed-Rolex-Submariner-124060-Black-Dial-SKU191304.jpg
d1511d328086b128,images/d1/d1511d328086b1281cb5344c327a50407dcd6ee88fbc5e3b562e8a8e04539c51.jpg,pose_rejected,2160,2160,physical black-dial boundary not found,false,,,,0,0,,,,,,,,,,,,,,,,,,,,,,,,,,,,,,,,,,,,,,,,,,,,,,,,,,,,,,,,,,,,,,,,,,,,,,,,,,,,,,,,,,,,,,,,,,,,,,,,,,,,,,,,,,,,,,,,,,,,,,,,,,,,,,,,,,,,,,,,,,,,,,,,,,,,,,,,,,,,,,,,,,,,,,,,,,,,,,,,,,,,,,,,,,,,,,,,,,,,,,,,,,,,,genuine_population,gen,auto_bobs_124060_51facf8c751c,124060,Bob's Watches,https://www.bobswatches.com/images/zUsed-Steel-Rolex-Submariner-124060-Black-Dial-SKU191304.jpg
df558051f3401d7f,images/df/df558051f3401d7f0cba8ad9e078977802e83b0e005487d42c8f32c4b0804872.jpg,pose_rejected,2160,2160,physical black-dial boundary not found,false,,,,0,0,,,,,,,,,,,,,,,,,,,,,,,,,,,,,,,,,,,,,,,,,,,,,,,,,,,,,,,,,,,,,,,,,,,,,,,,,,,,,,,,,,,,,,,,,,,,,,,,,,,,,,,,,,,,,,,,,,,,,,,,,,,,,,,,,,,,,,,,,,,,,,,,,,,,,,,,,,,,,,,,,,,,,,,,,,,,,,,,,,,,,,,,,,,,,,,,,,,,,,,,,,,,,genuine_population,gen,auto_bobs_124060_51facf8c751c,124060,Bob's Watches,https://www.bobswatches.com/images/zy-191304-07-31-2025.jpg
73da1a5a239908fa,images/73/73da1a5a239908fae24045aa05c610f6d827dd8768bc3ac663e0dbf79a6217dd.jpg,missing,,,,,,,,,,,,,,,,,,,,,,,,,,,,,,,,,,,,,,,,,,,,,,,,,,,,,,,,,,,,,,,,,,,,,,,,,,,,,,,,,,,,,,,,,,,,,,,,,,,,,,,,,,,,,,,,,,,,,,,,,,,,,,,,,,,,,,,,,,,,,,,,,,,,,,,,,,,,,,,,,,,,,,,,,,,,,,,,,,,,,,,,,,,,,,,,,,,,,,,,,,,,,,,,,,,,,,genuine_population,gen,auto_bobs_124060_51facf8c751c,124060,Bob's Watches,"https://www.bobswatches.com/cdn-cgi/image/width=768,quality=85,sharpen=0.5/images/z191304-Used-Rolex-Submariner-124060-SKU191304.jpg"
7404f41ba3254dc7,images/74/7404f41ba3254dc73ff5826b318d5964e75141581cc003ed3103d7264e8807ee.jpg,missing,,,,,,,,,,,,,,,,,,,,,,,,,,,,,,,,,,,,,,,,,,,,,,,,,,,,,,,,,,,,,,,,,,,,,,,,,,,,,,,,,,,,,,,,,,,,,,,,,,,,,,,,,,,,,,,,,,,,,,,,,,,,,,,,,,,,,,,,,,,,,,,,,,,,,,,,,,,,,,,,,,,,,,,,,,,,,,,,,,,,,,,,,,,,,,,,,,,,,,,,,,,,,,,,,,,,,,genuine_population,gen,auto_bobs_124060_51facf8c751c,124060,Bob's Watches,"https://www.bobswatches.com/cdn-cgi/image/width=768,quality=85,sharpen=0.5/images/zUsed-Rolex-Submariner-124060-Black-Dial-SKU191304.jpg"
c5ceeb763fdb6510,images/c5/c5ceeb763fdb6510975d3db6ac3b737c972463f89a2aae732f1cd92c0555f01b.jpg,missing,,,,,,,,,,,,,,,,,,,,,,,,,,,,,,,,,,,,,,,,,,,,,,,,,,,,,,,,,,,,,,,,,,,,,,,,,,,,,,,,,,,,,,,,,,,,,,,,,,,,,,,,,,,,,,,,,,,,,,,,,,,,,,,,,,,,,,,,,,,,,,,,,,,,,,,,,,,,,,,,,,,,,,,,,,,,,,,,,,,,,,,,,,,,,,,,,,,,,,,,,,,,,,,,,,,,,,genuine_population,gen,auto_bobs_124060_51facf8c751c,124060,Bob's Watches,"https://www.bobswatches.com/cdn-cgi/image/width=768,quality=85,sharpen=0.5/images/zUsed-Steel-Rolex-Submariner-124060-Black-Dial-SKU191304.jpg"
c14f8b3abb49c038,images/c1/c14f8b3abb49c038e4163d608bb95c7e592a96315a34d44d1742ddf34938dfca.jpg,accepted,1412,2160,,true,433.63970,0.99505,0.15532,52,12,435.92211,true,11,0.92755,-0.44768,1.02993,0.08991,0.12290,true,,1.59497,0.19456,1.59267,0.19929,1.60509,-0.19456,1.59497,0.95510,-0.95773,-0.07849,0.48059,,1.00000,1.00000,0.33059,0.63510,0.49679,true,,0.54904,0.64039,0.55044,0.64107,0.84496,0.54904,0.64039,0.77216,-0.67466,0.38055,-0.19833,,1.00000,1.00000,true,,0.52296,0.30001,0.52523,0.30243,0.60607,0.30001,-0.52296,0.54978,0.45247,-0.30656,-0.07222,,0.66667,0.96667,true,,-0.20119,-0.81938,-0.19969,-0.82085,0.84479,0.20119,0.81938,0.90011,0.82988,-0.34039,-0.08944,,1.00000,1.00000,true,,2.22463,-0.25134,2.21907,-0.24205,2.23223,1.32999,1.80091,0.48863,0.15834,0.46302,,-0.21488,0.66667,1.00000,true,,1.65489,0.02178,1.65145,0.02681,1.65166,1.42228,0.84631,0.07696,0.07633,0.01213,,-0.27843,0.70833,0.99444,true,,0.92840,-0.04255,0.92911,-0.04089,0.93001,0.78275,-0.50105,0.42478,-0.11324,-0.40904,,-0.34228,0.76389,1.00000,true,,0.37140,-0.08266,0.37234,-0.08251,0.38137,0.11411,-0.36297,0.29600,-0.27817,-0.09665,,-0.27145,0.72222,1.00000,true,,0.28418,-0.60174,0.28657,-0.60487,0.66932,-0.66321,0.05476,0.18354,-0.12930,-0.12887,,-0.24922,0.73611,0.99444,true,,0.37474,-1.17210,0.37965,-1.17620,1.23596,-0.91059,0.82769,0.24739,-0.20236,0.14035,,-0.33006,0.94444,1.00000,true,,1.43226,-1.29150,1.43853,-1.28459,1.92861,-0.59463,1.83460,0.40333,-0.33636,0.22106,,-0.21387,0.87500,1.00000,true,,1.33704,-1.35301,1.33911,-1.34213,1.89593,0.50322,1.83442,0.26107,0.25777,0.04656,,-0.20571,0.65278,1.00000,1636,genuine_population,gen,auto_bobs_124060_3a293ae091d4,124060,Bob's Watches,https://www.bobswatches.com/images/z191110-Used-Rolex-Submariner-124060-SKU191110.jpg
383bdfd3e61f568a,images/38/383bdfd3e61f568a7029f4da167c3be4b84496c6c77b9c38a8ea2ada89a0ae22.jpg,accepted,1307,2000,,true,401.24912,0.99523,0.15149,50,12,403.53908,true,11,0.85536,-0.46793,0.97498,0.07852,0.12256,true,,1.52016,0.09719,1.51773,0.10216,1.52116,-0.09719,1.52016,0.81588,-0.82036,-0.02384,0.46281,,1.00000,1.00000,0.25085,0.60828,0.22467,true,,0.33736,0.47171,0.33850,0.47217,0.58097,0.33736,0.47171,0.80761,-0.75734,0.28639,-0.22091,,1.00000,1.00000,true,,0.57665,0.14025,0.57917,0.14191,0.59630,0.14025,-0.57665,0.53166,0.36965,-0.37775,-0.11473,,0.66667,0.96667,true,,-0.10787,-0.97106,-0.10550,-0.97266,0.97836,0.10787,0.97106,0.74045,0.72150,-0.15412,-0.09477,,1.00000,1.00000,true,,2.09690,-0.37182,2.09122,-0.36238,2.12238,1.37045,1.63006,0.50512,0.27859,0.42300,,-0.20352,0.75000,1.00000,true,,1.52605,-0.02169,1.52272,-0.01692,1.52281,1.33244,0.74424,0.10190,0.09994,0.02184,,-0.27016,0.72222,0.99444,true,,0.75055,-0.01944,0.75121,-0.01805,0.75143,0.64028,-0.39211,0.28821,-0.12229,-0.26035,,-0.32700,0.72222,1.00000,true,,0.35334,-0.09685,0.35422,-0.09683,0.36722,0.09279,-0.35442,0.20357,-0.18512,-0.08203,,-0.26085,0.72222,1.00000,true,,0.24917,-0.60425,0.25140,-0.60767,0.65762,-0.64789,0.08634,0.13298,-0.07164,-0.11120,,-0.23003,0.73611,0.99444,true,,0.36193,-1.10720,0.36668,-1.11138,1.17031,-0.86704,0.77790,0.17893,-0.15015,0.09571,,-0.26023,0.87500,1.00000,true,,1.32907,-1.14501,1.33462,-1.13882,1.75446,-0.57851,1.65615,0.35320,-0.33156,0.11979,,-0.16063,0.84722,1.00000,true,,1.26737,-1.20337,1.26905,-1.19350,1.74210,0.40846,1.69926,0.17167,0.17076,0.02227,,-0.22879,0.80556,1.00000,1584,genuine_population,gen,auto_bobs_124060_3a293ae091d4,124060,Bob's Watches,https://www.bobswatches.com/images/191110-Used-Rolex-Submariner-124060-SKU191110.jpg
35dd075cf1f8de87,images/35/35dd075cf1f8de87cc4c05fec27b3d2c23779cad33d26a04bba67c48482d9f3a.jpg,pose_rejected,2160,2160,overlay unavailable: centroid lattice evidence insufficient,false,,,,0,0,,,,,,,,,,,,,,,,,,,,,,,,,,,,,,,,,,,,,,,,,,,,,,,,,,,,,,,,,,,,,,,,,,,,,,,,,,,,,,,,,,,,,,,,,,,,,,,,,,,,,,,,,,,,,,,,,,,,,,,,,,,,,,,,,,,,,,,,,,,,,,,,,,,,,,,,,,,,,,,,,,,,,,,,,,,,,,,,,,,,,,,,,,,,,,,,,,,,,,,,,,,,,genuine_population,gen,auto_bobs_124060_3a293ae091d4,124060,Bob's Watches,https://www.bobswatches.com/images/zUsed-Rolex-Submariner-124060-SKU191110-Black-Dial.jpg
ce6a92fd6ea8c2b4,images/ce/ce6a92fd6ea8c2b475451abfc35a5b5b3c4539092dd1740968b738f08664e820.jpg,pose_rejected,2160,2160,physical black-dial boundary not found,false,,,,0,0,,,,,,,,,,,,,,,,,,,,,,,,,,,,,,,,,,,,,,,,,,,,,,,,,,,,,,,,,,,,,,,,,,,,,,,,,,,,,,,,,,,,,,,,,,,,,,,,,,,,,,,,,,,,,,,,,,,,,,,,,,,,,,,,,,,,,,,,,,,,,,,,,,,,,,,,,,,,,,,,,,,,,,,,,,,,,,,,,,,,,,,,,,,,,,,,,,,,,,,,,,,,,genuine_population,gen,auto_bobs_124060_3a293ae091d4,124060,Bob's Watches,https://www.bobswatches.com/images/zUsed-Rolex-Submariner-124060-SKU191110-Steel.jpg
80d18fb97d107c75,images/80/80d18fb97d107c7506021de9813e8a4da8fadd27f336ea17de3e81d8359ca89b.jpg,pose_rejected,2160,2160,physical black-dial boundary not found,false,,,,0,0,,,,,,,,,,,,,,,,,,,,,,,,,,,,,,,,,,,,,,,,,,,,,,,,,,,,,,,,,,,,,,,,,,,,,,,,,,,,,,,,,,,,,,,,,,,,,,,,,,,,,,,,,,,,,,,,,,,,,,,,,,,,,,,,,,,,,,,,,,,,,,,,,,,,,,,,,,,,,,,,,,,,,,,,,,,,,,,,,,,,,,,,,,,,,,,,,,,,,,,,,,,,,genuine_population,gen,auto_bobs_124060_3a293ae091d4,124060,Bob's Watches,https://www.bobswatches.com/images/zy-191110-05-27-2022.jpg
b48391fd2abddfb9,images/b4/b48391fd2abddfb9850b18c14851f29155e5d0986aba547d60d34c713b5c4212.jpg,accepted,768,1174,,true,235.85199,0.99728,0.13082,52,12,237.06019,true,11,0.55978,-0.42942,0.70551,0.11270,0.12764,true,,0.79222,0.05562,0.79104,0.05813,0.79317,-0.05562,0.79222,0.71988,-0.70023,-0.18872,0.41036,,1.00000,0.96667,0.30100,0.64236,0.84989,true,,0.19894,0.51756,0.20024,0.51704,0.55446,0.19894,0.51756,0.78220,-0.56274,0.54777,-0.17809,,1.00000,0.96667,true,,0.22969,-0.16685,0.23073,-0.16741,0.28507,-0.16685,-0.22969,0.09493,0.06144,-0.07170,0.00613,,0.95238,1.00000,true,,-0.18759,-0.55176,-0.18669,-0.55244,0.58313,0.18759,0.55176,0.61375,0.54367,-0.28023,-0.10721,,1.00000,1.00000,true,,1.41091,-0.57761,1.40666,-0.56877,1.51729,1.20568,0.93307,0.40754,0.33554,0.23494,,-0.15191,0.72222,1.00000,true,,1.00203,-0.46553,0.99860,-0.46018,1.09953,1.10055,0.09785,0.29885,0.18363,-0.23792,,-0.31828,0.80556,1.00000,true,,0.71936,-0.20151,0.71948,-0.20048,0.74689,0.52223,-0.53419,0.31290,0.03642,-0.31109,,-0.20732,0.83333,1.00000,true,,0.23917,0.12388,0.24007,0.12469,0.27052,0.22687,-0.14519,0.16247,0.10341,0.12469,,0.05838,0.69444,1.00000,true,,0.25102,-0.83059,0.25377,-0.83463,0.87235,-0.84483,0.19791,0.41328,-0.40941,0.03668,,-0.40018,0.86111,0.99444,true,,0.29349,-0.60726,0.29674,-0.60882,0.67729,-0.55780,0.37916,0.16373,-0.07561,-0.14442,,0.04160,0.83333,1.00000,true,,0.87443,-1.03702,0.87921,-1.03146,1.35533,-0.23877,1.33530,0.31531,-0.18767,0.25285,,-0.14596,0.90278,1.00000,true,,0.71533,-0.74259,0.71663,-0.73599,1.02724,0.28543,0.99079,0.14039,-0.02583,-0.13844,,0.05674,0.81944,1.00000,1309,genuine_population,gen,auto_bobs_124060_3a293ae091d4,124060,Bob's Watches,"https://www.bobswatches.com/cdn-cgi/image/width=768,quality=85,sharpen=0.5/images/z191110-Used-Rolex-Submariner-124060-SKU191110.jpg"
97c9235244d52f81,images/97/97c9235244d52f818c44aab0d93cf6dc1963499fd4f8ce19ec69412fd2bec32d.jpg,missing,,,,,,,,,,,,,,,,,,,,,,,,,,,,,,,,,,,,,,,,,,,,,,,,,,,,,,,,,,,,,,,,,,,,,,,,,,,,,,,,,,,,,,,,,,,,,,,,,,,,,,,,,,,,,,,,,,,,,,,,,,,,,,,,,,,,,,,,,,,,,,,,,,,,,,,,,,,,,,,,,,,,,,,,,,,,,,,,,,,,,,,,,,,,,,,,,,,,,,,,,,,,,,,,,,,,,,genuine_population,gen,auto_bobs_124060_3a293ae091d4,124060,Bob's Watches,"https://www.bobswatches.com/cdn-cgi/image/width=768,quality=85,sharpen=0.5/images/zUsed-Rolex-Submariner-124060-SKU191110-Black-Dial.jpg"
a19c2ebcabb5a9a4,images/a1/a19c2ebcabb5a9a4730280ecbf9f5a1d11877d39aaa63625842f08b4aaac5c41.jpg,missing,,,,,,,,,,,,,,,,,,,,,,,,,,,,,,,,,,,,,,,,,,,,,,,,,,,,,,,,,,,,,,,,,,,,,,,,,,,,,,,,,,,,,,,,,,,,,,,,,,,,,,,,,,,,,,,,,,,,,,,,,,,,,,,,,,,,,,,,,,,,,,,,,,,,,,,,,,,,,,,,,,,,,,,,,,,,,,,,,,,,,,,,,,,,,,,,,,,,,,,,,,,,,,,,,,,,,,genuine_population,gen,auto_bobs_124060_3a293ae091d4,124060,Bob's Watches,"https://www.bobswatches.com/cdn-cgi/image/width=768,quality=85,sharpen=0.5/images/zUsed-Rolex-Submariner-124060-SKU191110-Steel.jpg"
5986c5a3258ae9ec,images/59/5986c5a3258ae9ec3b11b5ae38ee891c83334074e209fb48e30267aa3625910b.jpg,accepted,2477,2477,,true,707.24618,0.99504,0.25925,55,12,715.25144,true,8,-0.72105,-2.51227,2.61369,-0.02207,0.02578,true,,-0.24524,0.43678,-0.24878,0.42762,0.49472,-0.43678,-0.24524,2.80389,-2.84483,0.24675,1.00591,,0.90476,0.96667,0.72400,0.98060,-0.09913,true,,-0.59532,-2.48195,-0.57745,-2.46148,2.52831,-0.59532,-2.48195,0.33358,0.27374,-0.19206,-0.28934,,1.00000,1.00000,true,,-5.75078,-0.02858,-5.76466,-0.07021,5.76509,-0.02858,5.75078,5.44809,2.62549,4.75723,1.92989,,1.00000,0.93333,true,,-0.04539,-2.44045,-0.01041,-2.41305,2.41307,0.04539,2.44045,0.66931,-0.58398,-0.33810,0.57044,,0.95238,1.00000,false,outline coverage 0.53; 6/8 octants,,,,,,,,,,,,,0.52778,1.00000,false,hand/occluder crosses outline (clean 0.69),,,,,,,,,,,,,0.51389,0.69444,true,,-1.05703,-2.83851,-1.03784,-2.82839,3.01278,-2.33467,-1.92971,0.46859,-0.29026,-0.37149,,-0.76491,0.72222,1.00000,true,,-0.62820,-2.32844,-0.60915,-2.32435,2.40284,-2.33059,-0.62018,0.45267,0.36717,-0.26378,,-0.70093,0.87500,1.00000,true,,-1.04018,-3.58961,-0.99583,-3.58076,3.71665,-2.58860,2.69562,0.81902,-0.64005,0.51781,,-0.66821,0.86111,1.00000,true,,-0.44075,-2.99726,-0.39826,-2.97756,3.00408,-1.11693,2.81608,0.37087,-0.37021,-0.01510,,-0.58606,0.83333,1.00000,true,,-0.91091,-2.57683,-0.87095,-2.54372,2.68869,2.07728,1.77615,0.42007,0.28979,-0.30581,,-0.51271,0.69444,1.00000,false,outline coverage 0.57; 8/8 octants,,,,,,,,,,,,,0.56944,0.96667,1570,genuine_population,gen,auto_swe_124060_3a43ecd6a5fa,124060,SwissWatchExpo,https://cdn.swisswatchexpo.com/productphotos/9/15/rolex-submariner-no-date-steel-ceramic-bezel-mens-watch-124060-box-card-83537_5e0e9.jpg
cb5175ff2c02a6b1,images/cb/cb5175ff2c02a6b1f686f02ceed19e4638219d6f3ec806e04fe26857d78141bd.jpg,accepted,900,900,,true,257.09608,0.99404,0.14680,55,12,259.66223,true,10,-0.19897,-0.88657,0.90862,0.06152,0.07676,true,,-0.05798,0.04335,-0.05817,0.04226,0.07190,-0.04335,-0.05798,1.05512,-1.06561,-0.12715,1.02862,,1.00000,1.00000,0.70460,0.99116,-0.26986,true,,-0.11074,-0.83698,-0.10466,-0.82958,0.83615,-0.11074,-0.83698,0.20577,-0.02316,-0.20648,-0.34908,,0.95238,1.00000,true,,-2.17764,0.09713,-2.18407,0.08098,2.18557,0.09713,2.17764,1.91938,0.87045,1.70471,1.81614,,1.00000,0.93333,true,,-0.06506,-0.94098,-0.05147,-0.93082,0.93224,0.06506,0.94098,0.33961,-0.26505,-0.21769,1.13812,,1.00000,1.00000,true,,0.12061,-1.24229,0.13123,-1.22115,1.22819,1.13616,-0.51670,0.37105,0.33588,-0.17158,,0.18817,0.73611,1.00000,false,hand/occluder crosses outline (clean 0.69),,,,,,,,,,,,,0.68056,0.68889,true,,-0.28482,-0.87494,-0.27880,-0.87161,0.91512,-0.68413,-0.61531,0.29250,-0.18594,-0.22804,,-0.06029,0.98611,1.00000,true,,-0.22396,-0.73238,-0.21805,-0.73134,0.76316,-0.74624,-0.17223,0.18931,0.00295,-0.18885,,-0.03536,0.98611,1.00000,true,,-0.42827,-1.24276,-0.41303,-1.24029,1.30725,-0.86212,0.99227,0.33102,-0.32178,0.08107,,-0.05972,0.98611,1.00000,true,,-0.15681,-1.04813,-0.14196,-1.04136,1.05099,-0.38827,0.98611,0.30691,-0.25181,-0.17609,,-0.07415,0.98611,1.00000,true,,-0.41744,-1.06899,-0.40072,-1.05562,1.12911,0.89601,0.71705,0.27266,0.13788,-0.23631,,0.02420,0.90278,1.00000,true,,0.43279,-1.11442,0.44463,-1.09269,1.17968,0.74872,0.93202,0.46018,-0.26041,0.38255,,-0.27519,0.80556,1.00000,963,genuine_population,gen,auto_swe_124060_3a43ecd6a5fa,124060,SwissWatchExpo,https://cdn.swisswatchexpo.com/productphotos/9/15/rolex-submariner-no-date-steel-ceramic-bezel-mens-watch-124060-box-card-83537_a62f4_md.jpg
a3bed3b63f3e9fd5,images/a3/a3bed3b63f3e9fd5f14aabd7bbee7b8af374e02cc45ab9c5fefa60eb868eaf60.jpg,accepted,3200,3200,,true,576.71959,0.99489,0.22524,55,12,583.25500,true,8,-0.67390,-2.02971,2.13866,-0.02068,0.02356,true,,-0.25357,0.36584,-0.25628,0.35788,0.44018,-0.36584,-0.25357,2.28747,-2.31606,0.25143,0.99665,,0.95238,1.00000,0.78932,0.95125,0.08384,true,,-0.60667,-2.16208,-0.59135,-2.14505,2.22506,-0.60667,-2.16208,0.34621,0.18154,-0.29747,-0.24320,,1.00000,1.00000,true,,-4.74975,0.09344,-4.76265,0.05842,4.76301,0.09344,4.74975,4.48000,2.23164,3.87109,1.87696,,1.00000,0.93333,true,,-0.19606,-1.92234,-0.16812,-1.90197,1.90939,0.19606,1.92234,0.50619,-0.40900,-0.30631,0.55262,,0.95238,1.00000,false,outline coverage 0.54; 6/8 octants,,,,,,,,,,,,,0.54167,1.00000,false,hand/occluder crosses outline (clean 0.69),,,,,,,,,,,,,0.55556,0.68889,true,,-0.82075,-2.22527,-0.80592,-2.21762,2.35952,-1.82343,-1.51676,0.30250,-0.09866,-0.28774,,-0.55563,0.76389,1.00000,true,,-0.64671,-1.93002,-0.63147,-1.92789,2.02868,-1.99480,-0.40495,0.28793,0.22410,-0.18003,,-0.58105,0.87500,1.00000,true,,-0.79524,-3.00110,-0.75818,-2.99369,3.08821,-2.20141,2.18925,0.76903,-0.67915,0.36754,,-0.54591,0.91667,1.00000,true,,-0.37207,-2.39944,-0.33809,-2.38413,2.40798,-0.87750,2.26401,0.36343,-0.35934,-0.05183,,-0.47029,0.86111,1.00000,true,,-0.78941,-2.07417,-0.75701,-2.04799,2.18342,1.72073,1.40159,0.28952,0.19226,-0.21762,,-0.37218,0.76389,1.00000,false,outline coverage 0.60; 8/8 octants,,,,,,,,,,,,,0.59722,1.00000,1524,genuine_population,gen,auto_swe_124060_3a43ecd6a5fa,124060,SwissWatchExpo,https://cdn.swisswatchexpo.com/productphotos/9/15/rolex-submariner-no-date-steel-ceramic-bezel-mens-watch-124060-box-card-83537_2a5b3.jpg
0595d2168378efce,images/05/0595d2168378efced6e2966275b8bb1eb6ddb2bf84bc649fc667aa2dfb34c840.jpg,pose_rejected,3200,3200,physical black-dial boundary could not be fitted,false,,,,0,0,,,,,,,,,,,,,,,,,,,,,,,,,,,,,,,,,,,,,,,,,,,,,,,,,,,,,,,,,,,,,,,,,,,,,,,,,,,,,,,,,,,,,,,,,,,,,,,,,,,,,,,,,,,,,,,,,,,,,,,,,,,,,,,,,,,,,,,,,,,,,,,,,,,,,,,,,,,,,,,,,,,,,,,,,,,,,,,,,,,,,,,,,,,,,,,,,,,,,,,,,,,,,genuine_population,gen,auto_swe_124060_3a43ecd6a5fa,124060,SwissWatchExpo,https://cdn.swisswatchexpo.com/productphotos/9/15/rolex-submariner-no-date-steel-ceramic-bezel-mens-watch-124060-box-card-83537_302cd.jpg
578b4eb58da9e7e0,images/57/578b4eb58da9e7e0a29fd5f34db42b79161896b0e657bd0dd974f1585163fbad.jpg,pose_rejected,3200,3200,physical black-dial boundary not found,false,,,,0,0,,,,,,,,,,,,,,,,,,,,,,,,,,,,,,,,,,,,,,,,,,,,,,,,,,,,,,,,,,,,,,,,,,,,,,,,,,,,,,,,,,,,,,,,,,,,,,,,,,,,,,,,,,,,,,,,,,,,,,,,,,,,,,,,,,,,,,,,,,,,,,,,,,,,,,,,,,,,,,,,,,,,,,,,,,,,,,,,,,,,,,,,,,,,,,,,,,,,,,,,,,,,,genuine_population,gen,auto_swe_124060_3a43ecd6a5fa,124060,SwissWatchExpo,https://cdn.swisswatchexpo.com/productphotos/9/15/rolex-submariner-no-date-steel-ceramic-bezel-mens-watch-124060-box-card-83537_52485.jpg
996a689efaefa0e0,images/99/996a689efaefa0e023318684171c0a586386b6707c05140b7188e46c9b7b6880.jpg,pose_rejected,3200,3200,physical black-dial boundary could not be fitted,false,,,,0,0,,,,,,,,,,,,,,,,,,,,,,,,,,,,,,,,,,,,,,,,,,,,,,,,,,,,,,,,,,,,,,,,,,,,,,,,,,,,,,,,,,,,,,,,,,,,,,,,,,,,,,,,,,,,,,,,,,,,,,,,,,,,,,,,,,,,,,,,,,,,,,,,,,,,,,,,,,,,,,,,,,,,,,,,,,,,,,,,,,,,,,,,,,,,,,,,,,,,,,,,,,,,,genuine_population,gen,auto_swe_124060_3a43ecd6a5fa,124060,SwissWatchExpo,https://cdn.swisswatchexpo.com/productphotos/9/15/rolex-submariner-no-date-steel-ceramic-bezel-mens-watch-124060-box-card-83537_fea4a.jpg
6d1efbd6fea5ccfe,images/6d/6d1efbd6fea5ccfe02ae4fbcfb213fd4b9a147c8e6067e6b703b8c66820fa1b5.jpg,accepted,900,900,,true,162.63057,0.99156,0.14060,55,12,163.84972,true,10,-0.15386,-0.48610,0.50987,0.03832,0.07635,true,,-0.13692,-0.05293,-0.13572,-0.05279,0.14563,0.05293,-0.13692,0.50296,-0.48738,-0.15215,0.84571,,1.00000,1.00000,0.72991,0.93456,0.74856,true,,-0.01051,-0.59024,-0.00626,-0.58465,0.58468,-0.01051,-0.59024,0.28211,0.10108,-0.26583,-0.29076,,1.00000,1.00000,true,,-1.30510,0.16779,-1.31002,0.15753,1.31946,0.16779,1.30510,1.15725,0.61027,0.98011,1.96867,,1.00000,0.93333,true,,0.21364,-0.49789,0.22010,-0.49091,0.53799,-0.21364,0.49789,0.44649,-0.42055,-0.15798,0.67521,,1.00000,1.00000,true,,-0.04579,-0.53460,-0.04095,-0.52616,0.52776,0.44008,-0.30696,0.10933,0.04415,-0.10161,,0.08758,1.00000,1.00000,false,hand/occluder crosses outline (clean 0.67),,,,,,,,,,,,,0.70833,0.67222,true,,-0.13737,-0.56493,-0.13345,-0.56252,0.57814,-0.40143,-0.42055,0.26132,-0.06953,-0.25334,,0.07362,1.00000,1.00000,true,,-0.11694,-0.40115,-0.11373,-0.40057,0.41640,-0.40587,-0.09930,0.17673,0.04714,-0.16978,,0.09660,1.00000,1.00000,true,,-0.27620,-0.71146,-0.26760,-0.71032,0.75906,-0.47804,0.59492,0.18706,-0.18428,0.03431,,0.07607,1.00000,1.00000,true,,-0.15544,-0.59508,-0.14706,-0.59173,0.60973,-0.16292,0.59307,0.13857,-0.10685,-0.08865,,0.06289,0.98611,1.00000,true,,-0.22136,-0.57079,-0.21252,-0.56372,0.60245,0.47710,0.38363,0.14460,0.04303,-0.13884,,0.07693,1.00000,1.00000,true,,0.16378,-0.68367,0.17144,-0.67100,0.69256,0.51019,0.48367,0.20305,-0.04499,0.19889,,0.00962,0.86111,1.00000,696,genuine_population,gen,auto_swe_124060_3a43ecd6a5fa,124060,SwissWatchExpo,https://cdn.swisswatchexpo.com/productphotos/9/15/rolex-submariner-no-date-steel-ceramic-bezel-mens-watch-124060-box-card-83537_2a5b3_md.jpg
f6e48b2414bf9bea,images/f6/f6e48b2414bf9beadcfe7c50f014d14f70a16a1d9a6d5506cdb6a5bcc02d2ff1.jpg,pose_rejected,900,900,overlay unavailable: 12 direction could not be established (minute-lattice branch unknown),false,,,,0,0,,,,,,,,,,,,,,,,,,,,,,,,,,,,,,,,,,,,,,,,,,,,,,,,,,,,,,,,,,,,,,,,,,,,,,,,,,,,,,,,,,,,,,,,,,,,,,,,,,,,,,,,,,,,,,,,,,,,,,,,,,,,,,,,,,,,,,,,,,,,,,,,,,,,,,,,,,,,,,,,,,,,,,,,,,,,,,,,,,,,,,,,,,,,,,,,,,,,,,,,,,,,,genuine_population,gen,auto_swe_124060_3a43ecd6a5fa,124060,SwissWatchExpo,https://cdn.swisswatchexpo.com/productphotos/9/15/rolex-submariner-no-date-steel-ceramic-bezel-mens-watch-124060-box-card-83537_302cd_md.jpg
915c11f534a20eae,images/91/915c11f534a20eaea2f25f28b14fee70193bac42f4141c153231fcc1d0662e06.jpg,pose_rejected,900,900,overlay unavailable: centroid lattice evidence insufficient,false,,,,0,0,,,,,,,,,,,,,,,,,,,,,,,,,,,,,,,,,,,,,,,,,,,,,,,,,,,,,,,,,,,,,,,,,,,,,,,,,,,,,,,,,,,,,,,,,,,,,,,,,,,,,,,,,,,,,,,,,,,,,,,,,,,,,,,,,,,,,,,,,,,,,,,,,,,,,,,,,,,,,,,,,,,,,,,,,,,,,,,,,,,,,,,,,,,,,,,,,,,,,,,,,,,,,genuine_population,gen,auto_swe_124060_3a43ecd6a5fa,124060,SwissWatchExpo,https://cdn.swisswatchexpo.com/productphotos/9/15/rolex-submariner-no-date-steel-ceramic-bezel-mens-watch-124060-box-card-83537_52485_md.jpg
87da4af1942b938d,images/87/87da4af1942b938d66ab28f1bebd523138ee10edb13bd012258d1d7cac24a7ef.jpg,accepted,2498,2498,,true,724.58079,0.99669,0.22957,55,12,732.71654,false,0,,,,,,true,,-0.11585,-0.09777,-0.11477,-0.09773,0.15074,0.09777,-0.11585,,,,0.25836,,1.00000,1.00000,0.08297,0.45859,0.34727,true,,-0.74179,-4.82059,-0.76277,-4.85626,4.91579,-0.74179,-4.82059,,,,0.01937,,0.85714,1.00000,true,,-7.77294,-1.18202,-7.83264,-1.25077,7.93188,-1.18202,7.77294,,,,2.40634,,0.95238,0.90000,true,,0.33154,-5.68461,0.39029,-5.72549,5.73878,-0.33154,5.68461,,,,-0.00616,,1.00000,1.00000,false,outline coverage 0.44; 5/8 octants,,,,,,,,,,,,,0.44444,1.00000,false,hand/occluder crosses outline (clean 0.75),,,,,,,,,,,,,0.43056,0.75000,true,,-0.35851,-5.28922,-0.38058,-5.36766,5.38113,-2.95509,-4.40134,,,,,-1.09244,0.72222,1.00000,false,outline coverage 0.54; 6/8 octants,,,,,,,,,,,,,0.54167,1.00000,false,outline coverage 0.53; 6/8 octants,,,,,,,,,,,,,0.52778,1.00000,false,outline coverage 0.58; 8/8 octants,,,,,,,,,,,,,0.58333,1.00000,false,outline coverage 0.54; 8/8 octants,,,,,,,,,,,,,0.54167,1.00000,false,outline coverage 0.53; 7/8 octants,,,,,,,,,,,,,0.52778,0.80556,1561,genuine_population,gen,auto_swe_124060_b769fc6369b0,124060,SwissWatchExpo,https://cdn.swisswatchexpo.com/productphotos/5/7/rolex-submariner-no-date-steel-ceramic-bezel-mens-watch-124060-80219_7ee66.jpg
531bbfa97d5559b8,images/53/531bbfa97d5559b8d39e73d6ad4562deb1bd876ca26e3305d8b1c55fc986a8e3.jpg,accepted,900,900,,true,261.10214,0.99629,0.17263,55,12,263.95635,true,10,-0.19716,-1.56515,1.57752,-0.00990,-0.00104,true,,-0.02551,-0.06891,-0.02514,-0.06850,0.07297,0.06891,-0.02551,1.46286,-1.46351,0.17972,0.24071,,1.00000,1.00000,0.08413,0.44132,0.39840,true,,-0.50368,-1.64969,-0.51087,-1.66316,1.73985,-0.50368,-1.64969,0.29830,-0.28245,-0.09275,0.05155,,1.00000,1.00000,true,,-2.88650,-0.31598,-2.90898,-0.33874,2.92864,-0.31598,2.88650,2.99663,1.25716,2.68874,2.37503,,1.00000,0.90000,true,,0.36012,-2.13003,0.38238,-2.14352,2.17736,-0.36012,2.13003,0.79935,-0.54168,0.58038,0.10041,,1.00000,1.00000,true,,-1.01964,-1.92507,-1.01492,-1.91828,2.17022,1.15734,-1.84557,0.88974,-0.06590,-0.89061,,-0.88355,0.72222,1.00000,false,hand/occluder crosses outline (clean 0.78),,,,,,,,,,,,,0.54167,0.77778,true,,-0.05515,-1.86390,-0.06281,-1.89085,1.89189,-0.97971,-1.58661,0.34093,-0.00739,-0.33822,,-0.30059,0.81944,1.00000,true,,0.10412,-1.55858,0.10310,-1.58976,1.59310,-1.29770,-0.86946,0.31543,0.16945,-0.26333,,-0.10335,0.77778,1.00000,true,,-0.04055,-1.37292,-0.03150,-1.40192,1.40228,-1.16870,0.72158,0.24948,0.09705,-0.22559,,-0.12056,0.80556,1.00000,true,,0.03088,-1.34055,0.04405,-1.36088,1.36159,-0.69702,1.14551,0.30816,-0.07352,-0.29649,,-0.10373,0.77778,1.00000,true,,-0.15936,-1.49311,-0.14475,-1.49334,1.50034,0.88456,1.21339,0.05268,-0.04524,-0.02721,,-0.14711,0.75000,1.00000,true,,0.49104,-1.65309,0.49934,-1.63928,1.71364,1.18610,1.25180,0.69187,-0.23854,0.65346,,-0.78791,0.75000,1.00000,934,genuine_population,gen,auto_swe_124060_b769fc6369b0,124060,SwissWatchExpo,https://cdn.swisswatchexpo.com/productphotos/5/7/rolex-submariner-no-date-steel-ceramic-bezel-mens-watch-124060-80219_fecd0_md.jpg
3c699da2e30eb356,images/3c/3c699da2e30eb3563b7cc806fe28ef6b4e6759082e76754403c40778e99ccbe2.jpg,accepted,3200,3200,,true,583.42354,0.99640,0.14344,55,12,589.86957,true,7,-0.14623,-3.60175,3.60472,-0.01263,-0.01038,true,,-0.05750,-0.04825,-0.05697,-0.04824,0.07465,0.04825,-0.05750,3.44515,-3.46797,0.18419,0.26484,,1.00000,1.00000,0.08415,0.45285,0.29106,true,,-0.46760,-3.85463,-0.48453,-3.88222,3.91234,-0.46760,-3.85463,0.32485,-0.25475,-0.19777,0.10755,,1.00000,1.00000,true,,-6.23366,-0.90260,-6.28191,-0.95680,6.35436,-0.90260,6.23366,6.80037,2.72971,6.15847,2.39590,,0.95238,0.90000,true,,0.87697,-4.62903,0.92577,-4.65869,4.74978,-0.87697,4.62903,1.50780,-0.97672,1.13438,0.40882,,0.90476,1.00000,false,outline coverage 0.54; 7/8 octants,,,,,,,,,,,,,0.54167,1.00000,false,hand/occluder crosses outline (clean 0.76),,,,,,,,,,,,,0.45833,0.75556,true,,-0.29302,-4.24392,-0.31085,-4.30661,4.31781,-2.37573,-3.52883,0.58612,-0.39188,-0.42335,,-0.85108,0.79167,1.00000,true,,0.38555,-3.70593,0.38420,-3.77966,3.79913,-3.01666,-2.18686,0.50132,0.21880,-0.44741,,-0.55366,0.61111,1.00000,false,outline coverage 0.63; 6/8 octants,,,,,,,,,,,,,0.62500,1.00000,true,,0.01673,-2.82339,0.04427,-2.86703,2.86737,-1.42618,2.43676,0.72231,0.28695,-0.65116,,-0.28086,0.63889,1.00000,true,,-0.31549,-3.38300,-0.28248,-3.38401,3.39578,1.96472,2.77202,0.18940,0.10209,-0.15960,,-0.41908,0.62500,1.00000,false,outline coverage 0.57; 7/8 octants,,,,,,,,,,,,,0.56944,0.84444,1462,genuine_population,gen,auto_swe_124060_b769fc6369b0,124060,SwissWatchExpo,https://cdn.swisswatchexpo.com/productphotos/5/7/rolex-submariner-no-date-steel-ceramic-bezel-mens-watch-124060-80219_f0ed4.jpg
abf0ce24a5339bfd,images/ab/abf0ce24a5339bfd0e0f3923e883f6f1287b96dc0361b282b99de22f684b56c9.jpg,pose_rejected,3200,3200,physical black-dial boundary not found,false,,,,0,0,,,,,,,,,,,,,,,,,,,,,,,,,,,,,,,,,,,,,,,,,,,,,,,,,,,,,,,,,,,,,,,,,,,,,,,,,,,,,,,,,,,,,,,,,,,,,,,,,,,,,,,,,,,,,,,,,,,,,,,,,,,,,,,,,,,,,,,,,,,,,,,,,,,,,,,,,,,,,,,,,,,,,,,,,,,,,,,,,,,,,,,,,,,,,,,,,,,,,,,,,,,,,genuine_population,gen,auto_swe_124060_b769fc6369b0,124060,SwissWatchExpo,https://cdn.swisswatchexpo.com/productphotos/5/7/rolex-submariner-no-date-steel-ceramic-bezel-mens-watch-124060-80219_2aacb.jpg
21433f387b38ebe6,images/21/21433f387b38ebe674f642a825430b1f73ba65dee9facb2758934f0797ec778d.jpg,missing,,,,,,,,,,,,,,,,,,,,,,,,,,,,,,,,,,,,,,,,,,,,,,,,,,,,,,,,,,,,,,,,,,,,,,,,,,,,,,,,,,,,,,,,,,,,,,,,,,,,,,,,,,,,,,,,,,,,,,,,,,,,,,,,,,,,,,,,,,,,,,,,,,,,,,,,,,,,,,,,,,,,,,,,,,,,,,,,,,,,,,,,,,,,,,,,,,,,,,,,,,,,,,,,,,,,,,genuine_population,gen,auto_swe_124060_b769fc6369b0,124060,SwissWatchExpo,https://cdn.swisswatchexpo.com/productphotos/5/7/rolex-submariner-no-date-steel-ceramic-bezel-mens-watch-124060-80219_62bcf.jpg
cf9e8ff78463af50,images/cf/cf9e8ff78463af507b03c2d05c753d8e58ea6e5b34c6453623488d06946b9f4e.jpg,pose_rejected,2237,2237,overlay unavailable: 12 direction could not be established (minute-lattice branch unknown),false,,,,0,0,,,,,,,,,,,,,,,,,,,,,,,,,,,,,,,,,,,,,,,,,,,,,,,,,,,,,,,,,,,,,,,,,,,,,,,,,,,,,,,,,,,,,,,,,,,,,,,,,,,,,,,,,,,,,,,,,,,,,,,,,,,,,,,,,,,,,,,,,,,,,,,,,,,,,,,,,,,,,,,,,,,,,,,,,,,,,,,,,,,,,,,,,,,,,,,,,,,,,,,,,,,,,genuine_population,gen,auto_swe_124060_b769fc6369b0,124060,SwissWatchExpo,https://cdn.swisswatchexpo.com/productphotos/5/7/rolex-submariner-no-date-steel-ceramic-bezel-mens-watch-124060-80219_14399.jpg
72483a476c62cf9e,images/72/72483a476c62cf9e40039e089a7dfab440c4e8f1c302fa11238458c40c73047c.jpg,accepted,900,900,,true,164.07101,0.99554,0.12451,55,12,165.74175,true,10,-0.16220,-1.04160,1.05416,0.10251,0.00432,true,,0.05072,-0.15735,0.05079,-0.15571,0.16379,0.15735,0.05072,1.02498,-1.01194,0.20570,0.32289,,1.00000,1.00000,0.03780,0.46790,-0.17722,true,,0.06062,-1.35388,0.05455,-1.36217,1.36326,0.06062,-1.35388,0.34478,0.09662,-0.32987,0.18530,,1.00000,1.00000,true,,-1.92522,-0.12794,-1.94009,-0.14167,1.94526,-0.12794,1.92522,1.93281,0.77660,1.75075,2.35927,,0.95238,0.93333,true,,-0.01921,-1.41986,-0.00499,-1.43029,1.43030,0.01921,1.41986,0.46972,-0.27474,0.37685,-0.18743,,1.00000,1.00000,true,,-0.47441,-1.23045,-0.47259,-1.22519,1.31318,0.82839,-1.02607,0.39402,-0.12240,-0.37662,,-0.38006,0.84722,1.00000,false,hand/occluder crosses outline (clean 0.79),,,,,,,,,,,,,0.68056,0.78889,true,,0.03191,-1.20388,0.02724,-1.22090,1.22120,-0.57430,-1.05854,0.26428,-0.05291,-0.25616,,-0.12996,0.86111,1.00000,true,,0.09890,-0.99251,0.09846,-1.01208,1.01686,-0.81009,-0.58190,0.22156,0.02921,-0.21820,,-0.04921,0.81944,1.00000,true,,-0.05367,-0.81269,-0.04860,-0.82989,0.83131,-0.67698,0.45283,0.21930,-0.00265,-0.21697,,0.00623,0.84722,1.00000,true,,-0.15164,-0.86282,-0.14418,-0.87677,0.88855,-0.30008,0.82304,0.17815,-0.06443,-0.16467,,-0.01456,0.81944,1.00000,true,,-0.19479,-1.11680,-0.18376,-1.11745,1.13246,0.72709,0.86978,0.08480,-0.07078,0.04705,,-0.09595,0.93056,1.00000,true,,0.09269,-1.02500,0.09891,-1.01791,1.02271,0.84133,0.59277,0.34283,-0.27443,0.20872,,-0.30293,0.81944,1.00000,670,genuine_population,gen,auto_swe_124060_b769fc6369b0,124060,SwissWatchExpo,https://cdn.swisswatchexpo.com/productphotos/5/7/rolex-submariner-no-date-steel-ceramic-bezel-mens-watch-124060-80219_f0ed4_md.jpg
8a8177a3f3fd5b71,images/8a/8a8177a3f3fd5b717cb45ebc8a648314dbfd2d2543461f5b355c1d7b941b02df.jpg,pose_rejected,900,900,overlay unavailable: inner-end lattice evidence insufficient,false,,,,0,0,,,,,,,,,,,,,,,,,,,,,,,,,,,,,,,,,,,,,,,,,,,,,,,,,,,,,,,,,,,,,,,,,,,,,,,,,,,,,,,,,,,,,,,,,,,,,,,,,,,,,,,,,,,,,,,,,,,,,,,,,,,,,,,,,,,,,,,,,,,,,,,,,,,,,,,,,,,,,,,,,,,,,,,,,,,,,,,,,,,,,,,,,,,,,,,,,,,,,,,,,,,,,genuine_population,gen,auto_swe_124060_b769fc6369b0,124060,SwissWatchExpo,https://cdn.swisswatchexpo.com/productphotos/5/7/rolex-submariner-no-date-steel-ceramic-bezel-mens-watch-124060-80219_2aacb_md.jpg
37538979358e4224,images/37/37538979358e42240c79919089162e0d1264879060df9d43a0fe7f6b0b0cdb29.jpg,pose_rejected,900,900,overlay unavailable: 12 direction could not be established (minute-lattice branch unknown),false,,,,0,0,,,,,,,,,,,,,,,,,,,,,,,,,,,,,,,,,,,,,,,,,,,,,,,,,,,,,,,,,,,,,,,,,,,,,,,,,,,,,,,,,,,,,,,,,,,,,,,,,,,,,,,,,,,,,,,,,,,,,,,,,,,,,,,,,,,,,,,,,,,,,,,,,,,,,,,,,,,,,,,,,,,,,,,,,,,,,,,,,,,,,,,,,,,,,,,,,,,,,,,,,,,,,genuine_population,gen,auto_swe_124060_b769fc6369b0,124060,SwissWatchExpo,https://cdn.swisswatchexpo.com/productphotos/5/7/rolex-submariner-no-date-steel-ceramic-bezel-mens-watch-124060-80219_62bcf_md.jpg
f27a64f84579f41b,images/f2/f27a64f84579f41b3a80a0abcbcf9fb0922312f3911407d9ebeed1ba95e621ca.jpg,accepted,2390,2390,,true,676.47747,0.99272,0.29682,55,12,679.53051,true,10,-0.72170,-2.90109,2.98951,-0.13196,-0.01937,true,,-1.84402,0.17369,-1.83522,0.15592,1.84183,-0.17369,-1.84402,2.49746,-2.36332,-0.91844,0.50344,,1.00000,1.00000,0.44248,0.67011,0.88420,true,,-1.05057,-3.35275,-1.04614,-3.34613,3.50585,-1.05057,-3.35275,0.45873,0.37205,-0.27210,0.51670,,0.90476,1.00000,true,,-4.99509,0.19671,-5.03122,0.16432,5.03390,0.19671,4.99509,5.86990,3.78360,4.42756,2.06676,,0.90476,0.93333,true,,1.05915,-2.75827,1.09796,-2.74198,2.95363,-1.05915,2.75827,1.12343,-1.12044,0.02646,0.53728,,0.85714,1.00000,true,,-1.91105,-3.93065,-1.88524,-3.88680,4.31988,2.44852,-3.62034,1.66904,1.03217,-1.33774,,-0.51684,0.65278,1.00000,false,hand/occluder crosses outline (clean 0.69),,,,,,,,,,,,,0.58333,0.68889,true,,-1.45616,-3.78611,-1.45418,-3.80476,4.07318,-3.15413,-2.55079,0.39639,-0.32893,-0.21796,,-0.32539,0.93056,1.00000,true,,-0.38051,-3.42499,-0.36901,-3.45231,3.47198,-3.15639,-1.38296,0.60504,0.46099,-0.38546,,-0.30961,0.93056,1.00000,true,,-0.67536,-3.52402,-0.64309,-3.55652,3.61419,-2.71421,2.34689,0.47000,0.16122,0.43817,,-0.07823,0.75000,1.00000,true,,-0.18725,-3.63439,-0.14146,-3.64800,3.65075,-1.65503,3.24110,0.55339,-0.11493,0.54020,,-0.46390,0.76389,1.00000,true,,-0.41407,-2.32943,-0.38400,-2.31056,2.34225,1.52331,1.81031,0.21625,0.15719,-0.14864,,-0.47878,0.66667,1.00000,true,,0.18400,-0.97437,0.19330,-0.95889,0.97818,0.75183,0.64653,1.38896,-1.40648,0.02291,,-1.31119,0.63889,1.00000,1646,genuine_population,gen,auto_swe_124060_053392110b92,124060,SwissWatchExpo,https://cdn.swisswatchexpo.com/productphotos/11/19/rolex-submariner-non-date-ceramic-bezel-steel-mens-watch-124060-47665_aada7.jpg
c321f6173f473250,images/c3/c321f6173f47325053621bff8791d89564d869d1426be3a8e55f6e427047b426.jpg,accepted,900,900,,true,264.05917,0.98193,0.19464,55,12,255.73254,true,10,-0.35258,-0.97995,1.04145,-0.09943,-0.02004,true,,-0.68251,0.03366,-0.67906,0.02752,0.67961,-0.03366,-0.68251,0.83627,-0.81125,-0.25167,0.54134,,1.00000,1.00000,0.44752,0.66831,0.66078,true,,-0.37885,-1.19137,-0.37722,-1.18907,1.24747,-0.37885,-1.19137,0.22352,0.17353,-0.14269,0.13682,,1.00000,1.00000,true,,-1.82227,-0.00038,-1.83517,-0.01270,1.83522,-0.00038,1.82227,1.94424,1.17344,1.53079,2.17829,,0.85714,0.96667,true,,0.29867,-0.95505,0.31215,-0.95005,1.00001,-0.29867,0.95505,0.46830,-0.46501,0.04213,0.48016,,1.00000,1.00000,true,,-1.05524,-1.41729,-1.04383,-1.40442,1.74985,0.69979,-1.62251,0.77797,0.23695,-0.74813,,-0.27861,0.84722,1.00000,false,hand/occluder crosses outline (clean 0.68),,,,,,,,,,,,,0.66667,0.67778,true,,-0.46141,-1.35267,-0.46049,-1.35898,1.43488,-1.07593,-0.94074,0.20969,-0.06743,-0.19827,,0.04448,0.95833,1.00000,true,,-0.04959,-1.17168,-0.04514,-1.18063,1.18149,-1.03950,-0.54289,0.35319,0.19645,-0.29096,,0.11470,1.00000,1.00000,true,,-0.23613,-1.30605,-0.22398,-1.31825,1.33714,-1.01300,0.85752,0.18888,-0.13641,0.12866,,0.10747,0.94444,1.00000,true,,-0.10085,-1.33548,-0.08405,-1.34096,1.34360,-0.58040,1.20699,0.31861,-0.19435,0.25067,,-0.02064,0.97222,1.00000,true,,0.13489,-0.63711,0.14293,-0.63006,0.64607,0.20174,0.61919,0.39181,-0.39300,0.02224,,-0.18524,0.93056,1.00000,true,,-0.17023,-0.50091,-0.16436,-0.49510,0.52167,0.51892,0.10303,0.29942,-0.30328,-0.00339,,-0.33002,0.97222,1.00000,1106,genuine_population,gen,auto_swe_124060_053392110b92,124060,SwissWatchExpo,https://cdn.swisswatchexpo.com/productphotos/11/19/rolex-submariner-non-date-ceramic-bezel-steel-mens-watch-124060-47665_18f88_md.jpg
afdea66df8e58c0f,images/af/afdea66df8e58c0f85e0c4907d415fa3a72264e95606ea05d5fc52a81bfcbb0f.jpg,accepted,3200,3200,,true,552.11632,0.99270,0.22915,55,12,554.23234,true,10,-0.59281,-2.37770,2.45049,-0.12533,-0.02093,true,,-1.53304,0.18701,-1.52595,0.17168,1.53557,-0.18701,-1.53304,2.12088,-2.01402,-0.76169,0.51175,,1.00000,1.00000,0.44888,0.69684,0.95155,true,,-0.79263,-2.70916,-0.78887,-2.70336,2.81611,-0.79263,-2.70916,0.38402,0.34424,-0.17339,0.55602,,1.00000,1.00000,true,,-3.99441,0.13339,-4.02251,0.10693,4.02393,0.13339,3.99441,4.70275,3.04280,3.53848,2.09295,,0.95238,0.93333,true,,0.86241,-2.25012,0.89382,-2.23645,2.40844,-0.86241,2.25012,0.94696,-0.94471,0.02164,0.58280,,0.85714,1.00000,true,,-1.57655,-3.22113,-1.55516,-3.18528,3.54465,2.00130,-2.97590,1.34244,0.80826,-1.09224,,-0.42995,0.66667,1.00000,false,hand/occluder crosses outline (clean 0.68),,,,,,,,,,,,,0.58333,0.68333,true,,-1.19958,-3.14988,-1.19764,-3.16513,3.38414,-2.61381,-2.12809,0.39012,-0.32969,-0.20522,,-0.30383,0.95833,1.00000,true,,-0.27301,-2.79723,-0.26318,-2.81890,2.83116,-2.55898,-1.16218,0.50499,0.37394,-0.33435,,-0.21232,0.98611,1.00000,true,,-0.57233,-2.86100,-0.54612,-2.88694,2.93814,-2.19154,1.92615,0.39705,0.13180,0.37185,,-0.05590,0.84722,1.00000,true,,-0.08882,-3.01171,-0.05051,-3.02185,3.02227,-1.42893,2.65263,0.49361,-0.20064,0.44953,,-0.43323,0.86111,1.00000,true,,-0.33112,-1.88925,-0.30666,-1.87367,1.89860,1.23138,1.47058,0.14520,0.07755,-0.12293,,-0.33176,0.65278,1.00000,true,,0.05713,-0.93569,0.06656,-0.92174,0.92414,0.78176,0.51733,1.00809,-1.02086,0.01886,,-1.15697,0.75000,1.00000,1521,genuine_population,gen,auto_swe_124060_053392110b92,124060,SwissWatchExpo,https://cdn.swisswatchexpo.com/productphotos/11/19/rolex-submariner-non-date-ceramic-bezel-steel-mens-watch-124060-47665_9ac0313a3d.jpg
3514a2d4c5549bd5,images/35/3514a2d4c5549bd50990e6c7d27d61c3c94739881c234d46f9dbd752970738b7.jpg,pose_rejected,3200,3200,physical black-dial boundary not found,false,,,,0,0,,,,,,,,,,,,,,,,,,,,,,,,,,,,,,,,,,,,,,,,,,,,,,,,,,,,,,,,,,,,,,,,,,,,,,,,,,,,,,,,,,,,,,,,,,,,,,,,,,,,,,,,,,,,,,,,,,,,,,,,,,,,,,,,,,,,,,,,,,,,,,,,,,,,,,,,,,,,,,,,,,,,,,,,,,,,,,,,,,,,,,,,,,,,,,,,,,,,,,,,,,,,,genuine_population,gen,auto_swe_124060_053392110b92,124060,SwissWatchExpo,https://cdn.swisswatchexpo.com/productphotos/11/19/rolex-submariner-non-date-ceramic-bezel-steel-mens-watch-124060-47665_65cb3.jpg
d54ef17175a0a94f,images/d5/d54ef17175a0a94f6151ab5f2870bc3ff93749f6ba491e9cbddceb80099197db.jpg,pose_rejected,3200,3200,overlay unavailable: 12 direction could not be established (minute-lattice branch unknown),false,,,,0,0,,,,,,,,,,,,,,,,,,,,,,,,,,,,,,,,,,,,,,,,,,,,,,,,,,,,,,,,,,,,,,,,,,,,,,,,,,,,,,,,,,,,,,,,,,,,,,,,,,,,,,,,,,,,,,,,,,,,,,,,,,,,,,,,,,,,,,,,,,,,,,,,,,,,,,,,,,,,,,,,,,,,,,,,,,,,,,,,,,,,,,,,,,,,,,,,,,,,,,,,,,,,,genuine_population,gen,auto_swe_124060_053392110b92,124060,SwissWatchExpo,https://cdn.swisswatchexpo.com/productphotos/11/19/rolex-submariner-non-date-ceramic-bezel-steel-mens-watch-124060-47665_3d6e4.jpg
a53dab49951b7c07,images/a5/a53dab49951b7c075c2de8b9d0d57caa153916b99ebb33f69ecddeade0a5157c.jpg,pose_rejected,2879,2879,physical black-dial boundary not found,false,,,,0,0,,,,,,,,,,,,,,,,,,,,,,,,,,,,,,,,,,,,,,,,,,,,,,,,,,,,,,,,,,,,,,,,,,,,,,,,,,,,,,,,,,,,,,,,,,,,,,,,,,,,,,,,,,,,,,,,,,,,,,,,,,,,,,,,,,,,,,,,,,,,,,,,,,,,,,,,,,,,,,,,,,,,,,,,,,,,,,,,,,,,,,,,,,,,,,,,,,,,,,,,,,,,,genuine_population,gen,auto_swe_124060_053392110b92,124060,SwissWatchExpo,https://cdn.swisswatchexpo.com/productphotos/11/19/rolex-submariner-non-date-ceramic-bezel-steel-mens-watch-124060-47665_01be1.jpg
cbf0cb6844dde503,images/cb/cbf0cb6844dde503d5b93a006446b53184a4079c7003d3b99f2a753f12aaec17.jpg,accepted,900,900,,true,160.75801,0.98551,0.16248,55,12,155.65082,true,10,-0.16191,-0.52046,0.54506,0.02473,-0.00204,true,,-0.30536,-0.05214,-0.30331,-0.05370,0.30802,0.05214,-0.30536,0.50991,-0.49976,-0.13527,0.67546,,1.00000,1.00000,0.48038,0.68627,0.01120,true,,0.13208,-0.72001,0.13315,-0.71607,0.72834,0.13208,-0.72001,0.33022,0.26853,-0.19466,0.48603,,1.00000,0.90000,true,,-1.20725,0.33700,-1.21773,0.33150,1.26204,0.33700,1.20725,1.34455,0.82892,1.04578,2.11687,,0.80952,0.93333,true,,0.28345,-0.52945,0.29096,-0.52570,0.60085,-0.28345,0.52945,0.47940,-0.47834,0.01251,0.95782,,0.90476,1.00000,true,,-0.49038,-0.91434,-0.48389,-0.90474,1.02601,0.54665,-0.88185,0.49131,0.14685,-0.47331,,-0.05210,0.93056,1.00000,false,hand/occluder crosses outline (clean 0.67),,,,,,,,,,,,,0.69444,0.67222,true,,-0.12073,-0.72493,-0.11962,-0.72736,0.73713,-0.46702,-0.56744,0.21651,-0.09429,-0.19445,,0.18604,0.95833,1.00000,true,,0.12209,-0.54610,0.12513,-0.54909,0.56317,-0.41189,-0.37878,0.27420,0.09095,-0.25718,,0.20717,0.98611,1.00000,true,,-0.17936,-0.59254,-0.17423,-0.59824,0.62309,-0.42348,0.45160,0.10155,-0.08630,0.05206,,0.24678,0.91667,1.00000,true,,-0.14330,-0.75873,-0.13416,-0.76208,0.77380,-0.25527,0.72873,0.26257,-0.16949,0.19907,,0.11839,0.86111,1.00000,true,,0.01105,-0.37788,0.01586,-0.37423,0.37457,0.17937,0.33278,0.25612,-0.25599,-0.03121,,0.06533,0.95833,1.00000,true,,-0.13080,-0.33568,-0.12674,-0.33195,0.35532,0.35610,0.05457,0.21420,-0.20937,-0.05803,,-0.02530,0.84722,1.00000,717,genuine_population,gen,auto_swe_124060_053392110b92,124060,SwissWatchExpo,https://cdn.swisswatchexpo.com/productphotos/11/19/rolex-submariner-non-date-ceramic-bezel-steel-mens-watch-124060-47665_9ac0313a3d_md.jpg
15c91d474acee081,images/15/15c91d474acee081935bec58ac48e43d06a80ce730d54cd9a8abe1c9b16e8556.jpg,pose_rejected,900,900,overlay unavailable: inner-end lattice evidence insufficient,false,,,,0,0,,,,,,,,,,,,,,,,,,,,,,,,,,,,,,,,,,,,,,,,,,,,,,,,,,,,,,,,,,,,,,,,,,,,,,,,,,,,,,,,,,,,,,,,,,,,,,,,,,,,,,,,,,,,,,,,,,,,,,,,,,,,,,,,,,,,,,,,,,,,,,,,,,,,,,,,,,,,,,,,,,,,,,,,,,,,,,,,,,,,,,,,,,,,,,,,,,,,,,,,,,,,,genuine_population,gen,auto_swe_124060_053392110b92,124060,SwissWatchExpo,https://cdn.swisswatchexpo.com/productphotos/11/19/rolex-submariner-non-date-ceramic-bezel-steel-mens-watch-124060-47665_65cb3_md.jpg
eae7e5912883148b,images/ea/eae7e5912883148b3dc7c442fd89a8922efe41287e2d2fd246cd4e22d5cad30a.jpg,pose_rejected,900,900,overlay unavailable: inner-end lattice evidence insufficient,false,,,,0,0,,,,,,,,,,,,,,,,,,,,,,,,,,,,,,,,,,,,,,,,,,,,,,,,,,,,,,,,,,,,,,,,,,,,,,,,,,,,,,,,,,,,,,,,,,,,,,,,,,,,,,,,,,,,,,,,,,,,,,,,,,,,,,,,,,,,,,,,,,,,,,,,,,,,,,,,,,,,,,,,,,,,,,,,,,,,,,,,,,,,,,,,,,,,,,,,,,,,,,,,,,,,,genuine_population,gen,auto_swe_124060_053392110b92,124060,SwissWatchExpo,https://cdn.swisswatchexpo.com/productphotos/11/19/rolex-submariner-non-date-ceramic-bezel-steel-mens-watch-124060-47665_3d6e4_md.jpg
5e97eb15aa3ce07d,images/5e/5e97eb15aa3ce07d73db1c429684629731fda8a4767d8b4fc58e8f2c3a1b2cdc.jpg,accepted,2566,2566,,true,761.68720,0.98940,0.33449,55,12,776.67369,true,8,-0.92419,-1.89294,2.10650,-0.08881,-0.00385,true,,-2.57799,1.69349,-2.57358,1.65612,3.06040,-1.69349,-2.57799,3.39842,-3.06762,-1.59573,-0.19028,,0.95238,1.00000,-0.24218,-0.08455,0.00416,true,,-1.03214,-1.71686,-1.02758,-1.69094,1.97869,-1.03214,-1.71686,0.49607,0.43205,0.24808,0.34861,,1.00000,1.00000,true,,-1.18334,-1.73010,-1.17242,-1.71668,2.07884,-1.73010,1.18334,0.76809,0.71886,0.28233,0.29231,,1.00000,1.00000,true,,-0.42727,-1.03551,-0.41303,-1.01627,1.09700,0.42727,1.03551,0.83476,0.01028,-0.85027,-0.36321,,0.90476,1.00000,false,outline coverage 0.50; 7/8 octants,,,,,,,,,,,,,0.50000,0.90000,false,hand/occluder crosses outline (clean 0.72),,,,,,,,,,,,,0.62500,0.72222,true,,-1.92909,-2.75902,-1.92488,-2.73048,3.34076,-3.05015,-1.42484,0.73160,-0.71170,-0.18530,,-0.47307,0.77778,1.00000,true,,-0.57780,-2.47023,-0.56667,-2.45008,2.51475,-2.42818,-0.73472,0.60992,0.27072,-0.54420,,-0.51789,0.83333,1.00000,true,,-0.73789,-3.23945,-0.70650,-3.20679,3.28370,-2.43650,2.25876,0.84734,-0.67819,0.52392,,-0.56833,0.76389,1.00000,true,,-0.63279,-2.43375,-0.60358,-2.39968,2.47442,-0.66886,2.42408,0.32622,0.04043,0.32879,,-0.91790,0.93056,1.00000,true,,-0.38414,-1.75745,-0.36185,-1.71735,1.75505,1.21140,1.32993,0.17300,-0.00466,0.17523,,-0.94263,0.69444,1.00000,false,outline coverage 0.60; 7/8 octants,,,,,,,,,,,,,0.59722,0.88333,1678,genuine_population,gen,auto_swe_124060_09937175f4aa,124060,SwissWatchExpo,https://cdn.swisswatchexpo.com/productphotos/5/14/rolex-submariner-non-date-ceramic-bezel-steel-mens-watch-124060-box-card-70263_c79e4.jpg
5eaf2ff81c7622bc,images/5e/5eaf2ff81c7622bc2ac863780a2a9e054998a84a244efe79ad1efa60733aea1f.jpg,accepted,900,900,,true,266.98486,0.98935,0.19119,55,12,272.31397,true,10,-0.30255,-0.62847,0.69750,-0.13926,-0.01374,true,,-0.94331,0.42927,-0.94040,0.42032,1.03006,-0.42927,-0.94331,0.94913,-0.76542,-0.58309,-0.22472,,1.00000,1.00000,-0.25369,-0.09169,0.15111,true,,-0.53754,-0.57074,-0.53619,-0.56212,0.77684,-0.53754,-0.57074,0.12994,0.05835,0.11805,0.07120,,1.00000,0.96667,true,,-0.40889,-0.57415,-0.40525,-0.56972,0.69915,-0.57415,0.40889,0.38170,0.35293,0.15045,0.03967,,1.00000,1.00000,true,,0.24483,-0.31263,0.24697,-0.30686,0.39391,-0.24483,0.31263,0.37639,-0.26498,-0.27701,-0.44834,,1.00000,0.96667,true,,-0.81096,-0.95975,-0.80253,-0.93625,1.23314,0.42569,-1.18218,0.62375,0.33467,-0.54268,,-0.52938,0.84722,1.00000,false,hand/occluder crosses outline (clean 0.71),,,,,,,,,,,,,0.70833,0.71111,true,,-0.61308,-1.00772,-0.61114,-0.99720,1.16957,-1.03480,-0.56617,0.17830,-0.13990,-0.11347,,-0.11511,0.94444,1.00000,true,,-0.17528,-0.79526,-0.17158,-0.78873,0.80718,-0.77635,-0.24583,0.27721,0.23977,-0.13984,,-0.03381,1.00000,1.00000,true,,-0.31855,-1.18466,-0.30697,-1.17280,1.21231,-0.86667,0.86820,0.36654,-0.15857,0.33498,,-0.10103,1.00000,1.00000,true,,-0.21736,-0.89394,-0.20664,-0.88145,0.90535,-0.25873,0.88286,0.24742,0.10266,0.22841,,-0.29039,0.95833,1.00000,true,,-0.05913,-0.63863,-0.05162,-0.62419,0.62632,0.37053,0.52351,0.19550,0.09270,0.17708,,-0.43558,0.98611,1.00000,true,,0.15909,0.14923,0.15643,0.14526,0.21347,-0.20878,0.06316,0.59630,-0.60783,0.06345,,-0.39372,0.87500,1.00000,984,genuine_population,gen,auto_swe_124060_09937175f4aa,124060,SwissWatchExpo,https://cdn.swisswatchexpo.com/productphotos/5/14/rolex-submariner-non-date-ceramic-bezel-steel-mens-watch-124060-box-card-70263_78084_md.jpg
1d9060e2f0ed6313,images/1d/1d9060e2f0ed6313c5f59653e24f555d5ff4d1bb84e8ba6472478ca78d04847e.jpg,accepted,3200,3200,,true,572.29998,0.98936,0.24099,55,12,583.57040,true,10,-0.71196,-1.33229,1.51059,-0.13962,-0.01282,true,,-1.91507,1.22222,-1.91151,1.19540,2.25452,-1.22222,-1.91507,2.17530,-1.92625,-1.08695,-0.17310,,0.95238,1.00000,-0.23491,-0.08304,-0.07099,true,,-1.02473,-1.28508,-1.02159,-1.26563,1.62648,-1.02473,-1.28508,0.35842,0.31750,0.16925,0.28702,,1.00000,1.00000,true,,-0.86272,-1.32318,-0.85421,-1.31282,1.56626,-1.32318,0.86272,0.68874,0.65050,0.23814,0.29830,,1.00000,1.00000,true,,-0.05298,-0.81389,-0.04341,-0.79875,0.79993,0.05298,0.81389,0.43644,-0.05225,-0.44213,-0.30008,,0.95238,1.00000,true,,-1.85611,-1.60082,-1.84001,-1.56050,2.41263,0.45830,-2.40784,1.02550,0.30945,-0.99721,,-1.24340,0.61111,0.96667,false,hand/occluder crosses outline (clean 0.72),,,,,,,,,,,,,0.70833,0.72222,true,,-1.43512,-2.08265,-1.43181,-2.06107,2.50960,-2.28418,-1.08607,0.35575,-0.31691,-0.16804,,-0.42550,0.86111,1.00000,true,,-0.42134,-1.88676,-0.41269,-1.87132,1.91629,-1.84465,-0.57848,0.55143,0.35374,-0.42139,,-0.38656,0.87500,1.00000,true,,-0.58258,-2.43818,-0.55879,-2.41356,2.47740,-1.82024,1.72362,0.62162,-0.34557,0.52554,,-0.41301,0.77778,1.00000,true,,-0.44871,-1.86537,-0.42632,-1.83914,1.88790,-0.54409,1.83981,0.43870,0.16964,0.41061,,-0.71125,0.94444,1.00000,true,,-0.32420,-1.38581,-0.30636,-1.35407,1.38830,0.97367,1.03805,0.45849,0.33222,0.33257,,-0.80985,0.79167,1.00000,true,,0.49758,0.37753,0.49004,0.36722,0.61237,-0.57574,0.24215,1.44451,-1.44831,0.29760,,-1.21380,0.70833,1.00000,1512,genuine_population,gen,auto_swe_124060_09937175f4aa,124060,SwissWatchExpo,https://cdn.swisswatchexpo.com/productphotos/5/14/rolex-submariner-non-date-ceramic-bezel-steel-mens-watch-124060-box-card-70263_d8967.jpg
a671550fba4c5cec,images/a6/a671550fba4c5cec0e59cb822c23aa1ab3ee93da86f41d7cd1adcd5aaf8f206f.jpg,pose_rejected,3200,3200,overlay unavailable: 12 direction could not be established (minute-lattice branch unknown),false,,,,0,0,,,,,,,,,,,,,,,,,,,,,,,,,,,,,,,,,,,,,,,,,,,,,,,,,,,,,,,,,,,,,,,,,,,,,,,,,,,,,,,,,,,,,,,,,,,,,,,,,,,,,,,,,,,,,,,,,,,,,,,,,,,,,,,,,,,,,,,,,,,,,,,,,,,,,,,,,,,,,,,,,,,,,,,,,,,,,,,,,,,,,,,,,,,,,,,,,,,,,,,,,,,,,genuine_population,gen,auto_swe_124060_09937175f4aa,124060,SwissWatchExpo,https://cdn.swisswatchexpo.com/productphotos/5/14/rolex-submariner-non-date-ceramic-bezel-steel-mens-watch-124060-box-card-70263_c1243.jpg
32c4b7f8f52b3ee4,images/32/32c4b7f8f52b3ee4d49c172cdc38051d519b56c323b08d43a9723ce56e822196.jpg,pose_rejected,3200,3200,physical black-dial boundary could not be fitted,false,,,,0,0,,,,,,,,,,,,,,,,,,,,,,,,,,,,,,,,,,,,,,,,,,,,,,,,,,,,,,,,,,,,,,,,,,,,,,,,,,,,,,,,,,,,,,,,,,,,,,,,,,,,,,,,,,,,,,,,,,,,,,,,,,,,,,,,,,,,,,,,,,,,,,,,,,,,,,,,,,,,,,,,,,,,,,,,,,,,,,,,,,,,,,,,,,,,,,,,,,,,,,,,,,,,,genuine_population,gen,auto_swe_124060_09937175f4aa,124060,SwissWatchExpo,https://cdn.swisswatchexpo.com/productphotos/5/14/rolex-submariner-non-date-ceramic-bezel-steel-mens-watch-124060-box-card-70263_6b8da.jpg
1b918e8c7efe2e2c,images/1b/1b918e8c7efe2e2c20e2bb0434c75413fd7c32456926a03ad106697163c7c30a.jpg,pose_rejected,3200,3200,physical black-dial boundary not found,false,,,,0,0,,,,,,,,,,,,,,,,,,,,,,,,,,,,,,,,,,,,,,,,,,,,,,,,,,,,,,,,,,,,,,,,,,,,,,,,,,,,,,,,,,,,,,,,,,,,,,,,,,,,,,,,,,,,,,,,,,,,,,,,,,,,,,,,,,,,,,,,,,,,,,,,,,,,,,,,,,,,,,,,,,,,,,,,,,,,,,,,,,,,,,,,,,,,,,,,,,,,,,,,,,,,,genuine_population,gen,auto_swe_124060_09937175f4aa,124060,SwissWatchExpo,https://cdn.swisswatchexpo.com/productphotos/5/14/rolex-submariner-non-date-ceramic-bezel-steel-mens-watch-124060-box-card-70263_d45c9.jpg
27628aadf410d2ab,images/27/27628aadf410d2ab8849462b8b98b29d0aaefa0c1fc455c64246595c21f1e111.jpg,accepted,900,900,,true,160.81103,0.98947,0.20006,55,12,163.95029,true,10,-0.17901,-0.42350,0.45978,-0.05689,-0.01931,true,,-0.48730,0.35914,-0.48701,0.35116,0.60041,-0.35914,-0.48730,0.74673,-0.71538,-0.26065,-0.13896,,1.00000,1.00000,-0.18818,-0.06581,-0.05238,true,,-0.18236,-0.50877,-0.18071,-0.50097,0.53256,-0.18236,-0.50877,0.07951,0.07094,-0.03605,0.04024,,1.00000,0.96667,true,,-0.25186,-0.14918,-0.25114,-0.14813,0.29157,-0.14918,0.25186,0.36689,0.35241,0.11130,0.99907,,0.85714,1.00000,true,,0.11614,-0.37338,0.11951,-0.36644,0.38543,-0.11614,0.37338,0.22696,-0.22783,-0.01546,-0.16624,,1.00000,0.93333,true,,-0.47896,-0.75982,-0.47320,-0.74201,0.88005,0.41854,-0.79470,0.42333,0.21261,-0.37632,,-0.24968,0.86111,1.00000,false,hand/occluder crosses outline (clean 0.69),,,,,,,,,,,,,0.72222,0.69444,true,,-0.30822,-0.66803,-0.30647,-0.66049,0.72813,-0.60094,-0.42442,0.17856,-0.15162,-0.09765,,0.01686,0.95833,1.00000,true,,-0.08431,-0.34896,-0.08270,-0.34575,0.35550,-0.34436,-0.10146,0.19426,0.19584,0.00083,,0.11065,1.00000,1.00000,true,,-0.25949,-0.61357,-0.25374,-0.60705,0.65794,-0.40162,0.53151,0.20582,-0.04391,0.20302,,0.04708,1.00000,1.00000,true,,-0.19486,-0.53693,-0.18860,-0.52923,0.56183,-0.09971,0.56243,0.14487,0.03353,0.14306,,-0.07097,0.94444,1.00000,true,,-0.03259,-0.39110,-0.02830,-0.38241,0.38346,0.22378,0.32241,0.11236,-0.07376,0.08553,,-0.14667,0.87500,1.00000,true,,-0.01828,-0.02791,-0.01789,-0.02721,0.03256,0.03331,-0.00187,0.34659,-0.35512,-0.01427,,-0.11445,1.00000,1.00000,673,genuine_population,gen,auto_swe_124060_09937175f4aa,124060,SwissWatchExpo,https://cdn.swisswatchexpo.com/productphotos/5/14/rolex-submariner-non-date-ceramic-bezel-steel-mens-watch-124060-box-card-70263_d8967_md.jpg
c98d3c808851baca,images/c9/c98d3c808851baca50b65abb1c90fef216bcbdaba0058d3830a9ba488139be28.jpg,pose_rejected,900,900,overlay unavailable: 12 direction could not be established (minute-lattice branch unknown),false,,,,0,0,,,,,,,,,,,,,,,,,,,,,,,,,,,,,,,,,,,,,,,,,,,,,,,,,,,,,,,,,,,,,,,,,,,,,,,,,,,,,,,,,,,,,,,,,,,,,,,,,,,,,,,,,,,,,,,,,,,,,,,,,,,,,,,,,,,,,,,,,,,,,,,,,,,,,,,,,,,,,,,,,,,,,,,,,,,,,,,,,,,,,,,,,,,,,,,,,,,,,,,,,,,,,genuine_population,gen,auto_swe_124060_09937175f4aa,124060,SwissWatchExpo,https://cdn.swisswatchexpo.com/productphotos/5/14/rolex-submariner-non-date-ceramic-bezel-steel-mens-watch-124060-box-card-70263_c1243_md.jpg
499858e39697fede,images/49/499858e39697fedea1471908ad4bc5112b9c03aad322ab25e497b8b2c6de6ec6.jpg,pose_rejected,900,900,overlay unavailable: 12 direction could not be established (minute-lattice branch unknown),false,,,,0,0,,,,,,,,,,,,,,,,,,,,,,,,,,,,,,,,,,,,,,,,,,,,,,,,,,,,,,,,,,,,,,,,,,,,,,,,,,,,,,,,,,,,,,,,,,,,,,,,,,,,,,,,,,,,,,,,,,,,,,,,,,,,,,,,,,,,,,,,,,,,,,,,,,,,,,,,,,,,,,,,,,,,,,,,,,,,,,,,,,,,,,,,,,,,,,,,,,,,,,,,,,,,,genuine_population,gen,auto_swe_124060_09937175f4aa,124060,SwissWatchExpo,https://cdn.swisswatchexpo.com/productphotos/5/14/rolex-submariner-non-date-ceramic-bezel-steel-mens-watch-124060-box-card-70263_6b8da_md.jpg
9e6811c0987db1f0,images/9e/9e6811c0987db1f0076e2ff4e20aecf41979d2a4d02b1d864a94e048ebe2a385.jpg,accepted,2413,2413,,true,708.04205,0.99827,0.25674,55,12,722.33115,true,8,-0.35970,-1.38366,1.42965,-0.03496,0.05209,true,,0.01855,1.51361,0.01370,1.48268,1.48274,-1.51361,0.01855,2.66428,-2.71429,-0.14083,0.00418,,1.00000,1.00000,-0.09168,0.16518,0.23848,true,,-0.87036,0.41633,-0.87160,0.41660,0.96604,-0.87036,0.41633,1.34615,-0.31328,1.32034,-0.26511,,0.95238,1.00000,false,hand/occluder crosses outline (clean 0.50),,,,,,,,,,,,,1.00000,0.50000,true,,0.16472,-2.01410,0.17749,-1.98511,1.99303,-0.16472,2.01410,0.35475,-0.33843,0.11315,-0.14326,,1.00000,0.96667,true,,-0.50384,-1.32686,-0.50030,-1.29930,1.39229,0.89718,-1.09977,0.61226,0.07074,-0.61634,,-1.12880,0.66667,1.00000,true,,0.01260,-0.56032,0.01229,-0.55260,0.55274,0.29108,-0.47895,0.39606,0.11173,0.38407,,-1.02107,0.66667,0.81667,true,,-0.90244,-1.39574,-0.90641,-1.38499,1.65522,-1.47941,-0.75753,0.36295,-0.25627,-0.25990,,-1.21352,0.77778,1.00000,true,,-0.46827,-1.29295,-0.46836,-1.28742,1.36996,-1.35386,-0.24094,0.46430,0.24887,-0.39039,,-1.05907,0.77778,1.00000,true,,-0.40194,-1.90404,-0.39077,-1.89114,1.93109,-1.44798,1.30011,0.32780,-0.21064,-0.25183,,-1.03777,0.80556,1.00000,false,outline coverage 0.63; 6/8 octants,,,,,,,,,,,,,0.62500,1.00000,true,,-0.42984,-2.16722,-0.41065,-2.12388,2.16321,1.45586,1.66195,0.63768,0.64363,0.09580,,-1.48376,0.65278,1.00000,false,outline coverage 0.58; 8/8 octants,,,,,,,,,,,,,0.58333,1.00000,1571,genuine_population,gen,auto_swe_124060_3d75dffe31f4,124060,SwissWatchExpo,https://cdn.swisswatchexpo.com/productphotos/5/5/rolex-submariner-non-date-ceramic-bezel-steel-mens-watch-124060-box-card-70059_d83f2.jpg
31fc7762c10c98fa,images/31/31fc7762c10c98fa2e611fd7ae8213b33079b8289486e9059e52733d17b13b69.jpg,accepted,900,900,,true,263.78795,0.99855,0.18386,55,12,269.27712,true,9,-0.16098,-0.50926,0.53410,-0.01446,0.02822,true,,0.04933,0.56675,0.04718,0.55499,0.55699,-0.56675,0.04933,1.03513,-1.05198,0.10654,0.02082,,1.00000,1.00000,-0.06998,0.14745,0.14991,true,,-0.37477,0.15202,-0.37535,0.15240,0.40511,-0.37477,0.15202,0.59185,-0.18202,0.56769,-0.51129,,1.00000,0.96667,false,hand/occluder crosses outline (clean 0.67),,,,,,,,,,,,,0.90476,0.66667,true,,0.41522,-0.69271,0.41631,-0.68443,0.80110,-0.41522,0.69271,0.54992,-0.54886,0.07570,-0.34906,,0.80952,0.96667,true,,-0.22242,-0.56051,-0.22086,-0.54892,0.59169,0.37420,-0.47288,0.18300,0.04031,-0.18128,,-0.34627,0.86111,1.00000,false,hand/occluder crosses outline (clean 0.79),,,,,,,,,,,,,0.79167,0.78889,true,,-0.24509,-0.50639,-0.24615,-0.50271,0.55974,-0.46545,-0.31600,0.06728,-0.03428,-0.05834,,-0.30719,0.88889,1.00000,true,,-0.00425,-0.45860,-0.00375,-0.45691,0.45692,-0.39928,-0.22562,0.27069,0.16115,-0.21668,,-0.26478,0.91667,1.00000,true,,-0.20210,-0.56265,-0.19856,-0.55848,0.59273,-0.38621,0.45635,0.05179,0.01102,-0.05105,,-0.18623,0.94444,1.00000,true,,-0.19960,-0.70691,-0.19355,-0.69874,0.72505,-0.18060,0.71200,0.08093,-0.03209,0.07534,,-0.35897,0.86111,0.99444,true,,-0.31759,-0.75656,-0.30919,-0.74045,0.80241,0.65332,0.49640,0.28092,0.28549,0.02294,,-0.34207,0.80556,1.00000,true,,-0.34467,-0.66404,-0.33780,-0.64786,0.73064,0.74741,0.03352,0.30998,0.25032,-0.19122,,-0.40761,0.90278,1.00000,1046,genuine_population,gen,auto_swe_124060_3d75dffe31f4,124060,SwissWatchExpo,https://cdn.swisswatchexpo.com/productphotos/5/5/rolex-submariner-non-date-ceramic-bezel-steel-mens-watch-124060-box-card-70059_9e3e5_md.jpg
c384dcf12a73f9a3,images/c3/c384dcf12a73f9a399a4d9616d3f3218665ef8b59eb87c435a9e3e0a0147364e.jpg,accepted,3200,3200,,true,577.22727,0.99826,0.21125,55,12,589.14467,true,9,-0.37519,-1.14046,1.20060,-0.03837,0.03712,true,,0.00724,1.30066,0.00318,1.27420,1.27421,-1.30066,0.00724,2.23087,-2.27644,0.08236,-0.01244,,1.00000,0.96667,-0.09883,0.15485,0.27857,true,,-0.79482,0.27184,-0.79607,0.27308,0.84161,-0.79482,0.27184,1.15461,-0.24305,1.13852,-0.29485,,1.00000,1.00000,false,hand/occluder crosses outline (clean 0.53),,,,,,,,,,,,,1.00000,0.53333,true,,0.07737,-1.59662,0.08781,-1.57319,1.57564,-0.07737,1.59662,0.32132,-0.28593,0.15042,-0.08827,,1.00000,0.96667,true,,-0.36791,-0.95618,-0.36535,-0.93633,1.00509,0.64412,-0.79671,0.19799,0.01663,-0.19982,,-1.01725,0.72222,1.00000,false,outline coverage 0.68; 6/8 octants,,,,,,,,,,,,,0.68056,0.81667,true,,-0.81392,-1.21299,-0.81745,-1.20348,1.45485,-1.31137,-0.64352,0.26093,-0.21999,-0.14266,,-1.04687,0.86111,1.00000,true,,-0.29203,-1.20177,-0.29165,-1.19682,1.23184,-1.18678,-0.34799,0.45241,0.18874,-0.40956,,-0.97989,0.90278,1.00000,true,,-0.35732,-1.52501,-0.34830,-1.51432,1.55386,-1.14204,1.07195,0.20675,-0.14669,-0.14607,,-0.80957,0.90278,1.00000,true,,-0.21441,-1.43559,-0.20334,-1.41968,1.43417,-0.53211,1.35046,0.17917,-0.09919,-0.15169,,-1.14079,0.68056,1.00000,true,,-0.43733,-1.57816,-0.42212,-1.54574,1.60234,1.16782,1.14806,0.43659,0.44430,0.02608,,-1.06223,0.72222,1.00000,true,,-0.21711,-1.39587,-0.20773,-1.36528,1.38099,1.31741,0.50991,0.30662,0.30975,-0.04964,,-1.51252,0.63889,1.00000,1500,genuine_population,gen,auto_swe_124060_3d75dffe31f4,124060,SwissWatchExpo,https://cdn.swisswatchexpo.com/productphotos/5/5/rolex-submariner-non-date-ceramic-bezel-steel-mens-watch-124060-box-card-70059_58970.jpg
439d3fdbed7e5d64,images/43/439d3fdbed7e5d642f44b00dc4af11298277cbc47fa7a0ce5ca7304d4b4db351.jpg,pose_rejected,3200,3200,overlay unavailable: centroid lattice evidence insufficient,false,,,,0,0,,,,,,,,,,,,,,,,,,,,,,,,,,,,,,,,,,,,,,,,,,,,,,,,,,,,,,,,,,,,,,,,,,,,,,,,,,,,,,,,,,,,,,,,,,,,,,,,,,,,,,,,,,,,,,,,,,,,,,,,,,,,,,,,,,,,,,,,,,,,,,,,,,,,,,,,,,,,,,,,,,,,,,,,,,,,,,,,,,,,,,,,,,,,,,,,,,,,,,,,,,,,,genuine_population,gen,auto_swe_124060_3d75dffe31f4,124060,SwissWatchExpo,https://cdn.swisswatchexpo.com/productphotos/5/5/rolex-submariner-non-date-ceramic-bezel-steel-mens-watch-124060-box-card-70059_60cb6.jpg
bc978fd120e70b9f,images/bc/bc978fd120e70b9fc83316d4d4cae7198119ef66469f5df8467b6852355fdaa9.jpg,pose_rejected,3200,3200,physical black-dial boundary could not be fitted,false,,,,0,0,,,,,,,,,,,,,,,,,,,,,,,,,,,,,,,,,,,,,,,,,,,,,,,,,,,,,,,,,,,,,,,,,,,,,,,,,,,,,,,,,,,,,,,,,,,,,,,,,,,,,,,,,,,,,,,,,,,,,,,,,,,,,,,,,,,,,,,,,,,,,,,,,,,,,,,,,,,,,,,,,,,,,,,,,,,,,,,,,,,,,,,,,,,,,,,,,,,,,,,,,,,,,genuine_population,gen,auto_swe_124060_3d75dffe31f4,124060,SwissWatchExpo,https://cdn.swisswatchexpo.com/productphotos/5/5/rolex-submariner-non-date-ceramic-bezel-steel-mens-watch-124060-box-card-70059_b8279.jpg
30af368a03d2bf93,images/30/30af368a03d2bf93828c41a1e36102ebda45124380f1028d493823a555486f4f.jpg,pose_rejected,3200,3200,overlay unavailable: inner-end lattice evidence insufficient,false,,,,0,0,,,,,,,,,,,,,,,,,,,,,,,,,,,,,,,,,,,,,,,,,,,,,,,,,,,,,,,,,,,,,,,,,,,,,,,,,,,,,,,,,,,,,,,,,,,,,,,,,,,,,,,,,,,,,,,,,,,,,,,,,,,,,,,,,,,,,,,,,,,,,,,,,,,,,,,,,,,,,,,,,,,,,,,,,,,,,,,,,,,,,,,,,,,,,,,,,,,,,,,,,,,,,genuine_population,gen,auto_swe_124060_3d75dffe31f4,124060,SwissWatchExpo,https://cdn.swisswatchexpo.com/productphotos/5/5/rolex-submariner-non-date-ceramic-bezel-steel-mens-watch-124060-box-card-70059_7ce66.jpg
4c8a1e9cee3e03b7,images/4c/4c8a1e9cee3e03b748365f7051d74438d73cd90efada87ff2195d2352fdabcc3.jpg,accepted,900,900,,true,162.03248,0.99739,0.16969,55,12,165.47696,true,9,-0.03672,-0.39834,0.40003,0.02313,0.00187,true,,0.08518,0.30376,0.08353,0.29715,0.30866,-0.30376,0.08518,0.73140,-0.73758,0.11905,0.05242,,1.00000,1.00000,-0.17010,0.20179,-0.20940,true,,0.02340,-0.42116,0.02321,-0.41744,0.41809,0.02340,-0.42116,0.03932,0.03254,-0.02204,-0.03209,,1.00000,1.00000,false,hand/occluder crosses outline (clean 0.57),,,,,,,,,,,,,0.90476,0.56667,true,,0.27850,-0.47794,0.27958,-0.47259,0.54910,-0.27850,0.47794,0.35068,-0.34576,0.07062,0.24790,,1.00000,1.00000,true,,-0.08398,-0.31827,-0.08323,-0.31211,0.32302,0.23363,-0.23186,0.12633,-0.12761,-0.00157,,-0.14155,0.91667,1.00000,false,hand/occluder crosses outline (clean 0.77),,,,,,,,,,,,,0.80556,0.76667,true,,-0.03314,-0.31545,-0.03333,-0.31371,0.31548,-0.18642,-0.25662,0.07092,0.01712,0.06908,,-0.09286,0.88889,1.00000,true,,0.09759,-0.26789,0.09823,-0.26733,0.28481,-0.18320,-0.21846,0.16301,0.15395,-0.05433,,-0.04014,0.94444,1.00000,true,,-0.05483,-0.36273,-0.05271,-0.36048,0.36431,-0.28671,0.22885,0.01585,0.01224,-0.01024,,0.00115,0.90278,1.00000,true,,-0.12721,-0.53655,-0.12271,-0.53081,0.54481,-0.15811,0.52826,0.15490,-0.02073,0.15557,,-0.14339,0.88889,1.00000,true,,-0.20000,-0.49629,-0.19454,-0.48607,0.52356,0.42135,0.32980,0.15287,0.15551,-0.00470,,-0.06502,0.83333,1.00000,true,,-0.27329,-0.42095,-0.26838,-0.41052,0.49046,0.50120,-0.02620,0.22160,0.10176,-0.19913,,-0.11146,0.93056,1.00000,695,genuine_population,gen,auto_swe_124060_3d75dffe31f4,124060,SwissWatchExpo,https://cdn.swisswatchexpo.com/productphotos/5/5/rolex-submariner-non-date-ceramic-bezel-steel-mens-watch-124060-box-card-70059_58970_md.jpg
52147fd675582a32,images/52/52147fd675582a32290c49bc7a55642ba84ce6a299e860f3c687efc3662a4ff3.jpg,pose_rejected,900,900,physical black-dial boundary could not be fitted,false,,,,0,0,,,,,,,,,,,,,,,,,,,,,,,,,,,,,,,,,,,,,,,,,,,,,,,,,,,,,,,,,,,,,,,,,,,,,,,,,,,,,,,,,,,,,,,,,,,,,,,,,,,,,,,,,,,,,,,,,,,,,,,,,,,,,,,,,,,,,,,,,,,,,,,,,,,,,,,,,,,,,,,,,,,,,,,,,,,,,,,,,,,,,,,,,,,,,,,,,,,,,,,,,,,,,genuine_population,gen,auto_swe_124060_3d75dffe31f4,124060,SwissWatchExpo,https://cdn.swisswatchexpo.com/productphotos/5/5/rolex-submariner-non-date-ceramic-bezel-steel-mens-watch-124060-box-card-70059_60cb6_md.jpg
8c2a7aeada9fc9db,images/8c/8c2a7aeada9fc9dbf812b155825488ecf03b8361aaec49d8cba07fa8f21def29.jpg,pose_rejected,900,900,overlay unavailable: centroid lattice evidence insufficient,false,,,,0,0,,,,,,,,,,,,,,,,,,,,,,,,,,,,,,,,,,,,,,,,,,,,,,,,,,,,,,,,,,,,,,,,,,,,,,,,,,,,,,,,,,,,,,,,,,,,,,,,,,,,,,,,,,,,,,,,,,,,,,,,,,,,,,,,,,,,,,,,,,,,,,,,,,,,,,,,,,,,,,,,,,,,,,,,,,,,,,,,,,,,,,,,,,,,,,,,,,,,,,,,,,,,,genuine_population,gen,auto_swe_124060_3d75dffe31f4,124060,SwissWatchExpo,https://cdn.swisswatchexpo.com/productphotos/5/5/rolex-submariner-non-date-ceramic-bezel-steel-mens-watch-124060-box-card-70059_b8279_md.jpg
f127a52bacf6b822,images/f1/f127a52bacf6b82230ef0787534db0864f71a1312e50b217d5e6876411c9f067.jpg,accepted,2415,2415,,true,721.24442,0.99727,0.25513,55,12,732.38118,true,8,-2.25014,-1.91739,2.95627,-0.03422,0.08250,true,,-2.61716,2.07707,-2.61297,2.05236,3.32262,-2.07707,-2.61716,3.93796,-3.78888,-1.18693,-0.64541,,0.71429,0.96667,-0.69082,-0.55013,-0.46513,true,,-2.74427,-0.65053,-2.74683,-0.66233,2.82556,-2.74427,-0.65053,0.54034,-0.28102,0.46101,0.72321,,0.95238,1.00000,true,,-3.65365,-2.07843,-3.63855,-2.11540,4.20880,-2.07843,3.65365,0.58078,0.02389,0.58008,-0.43757,,0.95238,1.00000,true,,-2.51530,-2.41860,-2.46478,-2.41718,3.45223,2.51530,2.41860,0.52079,0.43251,-0.29403,0.28116,,0.71429,1.00000,false,outline coverage 0.57; 6/8 octants,,,,,,,,,,,,,0.56944,1.00000,false,hand/occluder crosses outline (clean 0.72),,,,,,,,,,,,,0.56944,0.71667,true,,-2.60129,-1.92710,-2.60261,-1.95062,3.25246,-3.21633,-0.36828,0.71513,-0.08790,-0.70689,,-0.47994,0.63889,1.00000,true,,-2.86990,-1.85975,-2.86780,-1.89129,3.43530,-3.04554,1.55553,0.32001,-0.04922,-0.31495,,-0.41749,0.66667,1.00000,true,,-2.94102,-2.31998,-2.90965,-2.34804,3.73889,-0.53865,3.70698,0.20032,0.18464,-0.07558,,-0.46221,0.81944,1.00000,true,,-2.42412,-2.33995,-2.38178,-2.35229,3.34756,0.92937,3.23851,0.42841,0.12081,-0.41194,,-0.59557,0.69444,1.00000,true,,-0.97379,-3.09075,-0.92877,-3.06612,3.20371,2.38870,2.18978,0.87247,-0.33195,0.81235,,-0.12013,0.63889,1.00000,false,outline coverage 0.49; 8/8 octants,,,,,,,,,,,,,0.48611,1.00000,1568,genuine_population,gen,auto_swe_124060_2a6bc830ee2f,124060,SwissWatchExpo,https://cdn.swisswatchexpo.com/productphotos/12/15/rolex-submariner-non-date-ceramic-bezel-steel-mens-watch-124060-unworn-57216_eed13.jpg
ec2537fa08837262,images/ec/ec2537fa08837262b2535ff7009998f3e86e78891ff4a1bc939f42632d60d581.jpg,accepted,900,900,,true,268.37993,0.99652,0.16431,55,12,272.82656,true,10,-0.75069,-0.57959,0.94840,-0.05975,0.09860,true,,-0.97386,0.61832,-0.97139,0.61100,1.14757,-0.61832,-0.97386,1.21081,-1.06578,-0.59118,-0.63311,,0.95238,1.00000,-0.66475,-0.58863,-0.58658,true,,-0.77244,-0.11642,-0.77339,-0.11968,0.78259,-0.77244,-0.11642,0.15163,0.10919,0.10493,0.98684,,1.00000,1.00000,true,,-1.41739,-0.65078,-1.41239,-0.66386,1.56063,-0.65078,1.41739,0.30744,0.05072,0.30311,-0.43190,,0.85714,1.00000,true,,-0.79891,-0.83683,-0.78223,-0.83599,1.14489,0.79891,0.83683,0.19046,0.16478,-0.09731,0.56236,,0.90476,0.96667,true,,-0.76251,-0.18961,-0.75831,-0.18941,0.78161,-0.21705,-0.75516,0.28051,-0.20581,-0.19192,,0.00446,0.72222,1.00000,false,hand/occluder crosses outline (clean 0.71),,,,,,,,,,,,,0.66667,0.70556,true,,-0.87792,-0.62097,-0.87821,-0.62856,1.07998,-1.07079,-0.09882,0.36075,0.00707,-0.35941,,0.03446,0.88889,1.00000,true,,-1.07117,-0.51128,-1.07111,-0.52157,1.19134,-0.97837,0.67202,0.08462,0.03355,-0.07744,,0.07652,0.88889,1.00000,true,,-1.11580,-0.73736,-1.10514,-0.74711,1.33398,-0.08068,1.33499,0.17402,0.17336,0.00779,,-0.01678,0.81944,1.00000,true,,-0.81654,-0.93928,-0.80064,-0.94307,1.23709,0.23751,1.22171,0.03949,0.00267,-0.03955,,-0.17308,0.86111,1.00000,true,,0.05999,-1.06693,0.07115,-1.05759,1.05998,0.48152,0.95398,0.55518,-0.33107,0.45060,,-0.24104,0.88889,1.00000,true,,-0.43866,-0.62884,-0.42831,-0.62300,0.75602,0.76392,-0.06548,0.08121,0.01728,-0.07998,,0.05602,0.61111,0.99444,1004,genuine_population,gen,auto_swe_124060_2a6bc830ee2f,124060,SwissWatchExpo,https://cdn.swisswatchexpo.com/productphotos/12/15/rolex-submariner-non-date-ceramic-bezel-steel-mens-watch-124060-unworn-57216_5a0fb_md.jpg
c58f78ef6c1cd5b7,images/c5/c58f78ef6c1cd5b72db5a0c38bc56cb8a4db203d0e0b197ec4cca5a18a203a09.jpg,accepted,3200,3200,,true,628.53188,0.99755,0.23307,55,12,638.23935,true,8,-1.88700,-1.57049,2.45503,-0.06396,0.09123,true,,-2.20968,1.72772,-2.20590,1.70703,2.78925,-1.72772,-2.20968,3.14539,-2.96729,-1.11600,-0.59586,,0.61905,0.96667,-0.66690,-0.50368,-0.51954,true,,-2.44594,-0.58290,-2.44821,-0.59354,2.51913,-2.44594,-0.58290,0.31294,-0.23024,0.21144,0.72493,,1.00000,1.00000,true,,-3.18692,-1.83644,-3.17374,-1.86912,3.68324,-1.83644,3.18692,0.51138,0.03921,0.50964,-0.43374,,0.90476,1.00000,true,,-1.45450,-1.97883,-1.41865,-1.97540,2.43203,1.45450,1.97883,0.38233,-0.14147,-0.35841,0.26686,,0.57143,1.00000,false,outline coverage 0.58; 7/8 octants,,,,,,,,,,,,,0.58333,1.00000,false,hand/occluder crosses outline (clean 0.71),,,,,,,,,,,,,0.55556,0.71111,true,,-2.10834,-1.75380,-2.10871,-1.77395,2.75564,-2.70278,-0.46467,0.89383,0.06273,-0.88840,,-0.35248,0.68056,1.00000,true,,-3.04330,-1.31871,-3.04488,-1.34805,3.32995,-2.66369,1.97622,0.28361,-0.02265,0.28178,,-0.43004,0.66667,1.00000,true,,-2.51429,-1.99020,-2.48755,-2.01452,3.20097,-0.46642,3.17254,0.28392,0.26879,-0.08769,,-0.39936,0.86111,1.00000,true,,-1.94778,-2.22276,-1.90998,-2.23281,2.93827,0.57545,2.89886,0.23955,0.03995,-0.23690,,-0.68926,0.69444,1.00000,true,,-0.87496,-2.60989,-0.83638,-2.58939,2.72112,2.06268,1.82275,0.59090,-0.03861,0.59282,,-0.07240,0.62500,1.00000,false,outline coverage 0.50; 7/8 octants,,,,,,,,,,,,,0.50000,1.00000,1541,genuine_population,gen,auto_swe_124060_2a6bc830ee2f,124060,SwissWatchExpo,https://cdn.swisswatchexpo.com/productphotos/12/15/rolex-submariner-non-date-ceramic-bezel-steel-mens-watch-124060-unworn-57216_1c06261fc0.jpg
7d013cdd4a4aa3a5,images/7d/7d013cdd4a4aa3a5169f31147f823d66d794f1b506f8b4b5051ea20768b4d541.jpg,pose_rejected,3200,3200,overlay unavailable: 12 direction could not be established (minute-lattice branch unknown),false,,,,0,0,,,,,,,,,,,,,,,,,,,,,,,,,,,,,,,,,,,,,,,,,,,,,,,,,,,,,,,,,,,,,,,,,,,,,,,,,,,,,,,,,,,,,,,,,,,,,,,,,,,,,,,,,,,,,,,,,,,,,,,,,,,,,,,,,,,,,,,,,,,,,,,,,,,,,,,,,,,,,,,,,,,,,,,,,,,,,,,,,,,,,,,,,,,,,,,,,,,,,,,,,,,,,genuine_population,gen,auto_swe_124060_2a6bc830ee2f,124060,SwissWatchExpo,https://cdn.swisswatchexpo.com/productphotos/12/15/rolex-submariner-non-date-ceramic-bezel-steel-mens-watch-124060-unworn-57216_96cdb.jpg
86cc62a3cdcbcf40,images/86/86cc62a3cdcbcf4071871043999faea00a706df27490784d0d62ede17ead272a.jpg,pose_rejected,3200,3200,physical black-dial boundary not found,false,,,,0,0,,,,,,,,,,,,,,,,,,,,,,,,,,,,,,,,,,,,,,,,,,,,,,,,,,,,,,,,,,,,,,,,,,,,,,,,,,,,,,,,,,,,,,,,,,,,,,,,,,,,,,,,,,,,,,,,,,,,,,,,,,,,,,,,,,,,,,,,,,,,,,,,,,,,,,,,,,,,,,,,,,,,,,,,,,,,,,,,,,,,,,,,,,,,,,,,,,,,,,,,,,,,,genuine_population,gen,auto_swe_124060_2a6bc830ee2f,124060,SwissWatchExpo,https://cdn.swisswatchexpo.com/productphotos/12/15/rolex-submariner-non-date-ceramic-bezel-steel-mens-watch-124060-unworn-57216_2ea53.jpg
b9c96ffca59bdcba,images/b9/b9c96ffca59bdcbab5b170e013eae27a54e390ff5f9d8406d4d1739a2c633844.jpg,pose_rejected,3175,3175,overlay unavailable: 12 direction could not be established (minute-lattice branch unknown),false,,,,0,0,,,,,,,,,,,,,,,,,,,,,,,,,,,,,,,,,,,,,,,,,,,,,,,,,,,,,,,,,,,,,,,,,,,,,,,,,,,,,,,,,,,,,,,,,,,,,,,,,,,,,,,,,,,,,,,,,,,,,,,,,,,,,,,,,,,,,,,,,,,,,,,,,,,,,,,,,,,,,,,,,,,,,,,,,,,,,,,,,,,,,,,,,,,,,,,,,,,,,,,,,,,,,genuine_population,gen,auto_swe_124060_2a6bc830ee2f,124060,SwissWatchExpo,https://cdn.swisswatchexpo.com/productphotos/12/15/rolex-submariner-non-date-ceramic-bezel-steel-mens-watch-124060-unworn-57216_71279.jpg
6313ac0f2a504448,images/63/6313ac0f2a504448fca006de4498709f89b0cdff283dc559d7fae80345867d13.jpg,accepted,900,900,,true,176.28624,0.99605,0.14299,55,12,179.26466,true,10,-0.43767,-0.38422,0.58240,0.02364,0.09400,true,,-0.65438,0.30015,-0.65167,0.29613,0.71580,-0.30015,-0.65438,0.83950,-0.71711,-0.44726,-0.74389,,1.00000,1.00000,-0.76549,-0.58373,-0.24387,true,,-0.32960,-0.01657,-0.33012,-0.01796,0.33061,-0.32960,-0.01657,0.16448,0.08038,0.14327,1.48128,,0.76190,0.96667,true,,-0.87131,-0.23915,-0.86992,-0.24658,0.90419,-0.23915,0.87131,0.23480,0.11176,0.20590,-0.45071,,0.85714,1.00000,true,,-0.76313,-0.47727,-0.75097,-0.47829,0.89035,0.76313,0.47727,0.31472,0.28881,-0.12908,0.15340,,1.00000,1.00000,true,,-0.30002,-0.42076,-0.29639,-0.41797,0.51239,0.21438,-0.47021,0.15044,0.06921,-0.13503,,0.11221,0.79167,1.00000,false,hand/occluder crosses outline (clean 0.69),,,,,,,,,,,,,0.69444,0.68889,true,,-0.42359,-0.37596,-0.42359,-0.38018,0.56918,-0.55482,-0.11380,0.24383,-0.01484,-0.24240,,0.15320,0.91667,1.00000,true,,-0.59449,-0.29977,-0.59463,-0.30584,0.66867,-0.55685,0.36495,0.07658,-0.03849,-0.06570,,0.18511,1.00000,1.00000,true,,-0.70145,-0.54734,-0.69423,-0.55428,0.88836,-0.12329,0.88114,0.08236,-0.04709,0.06739,,0.07158,0.86111,1.00000,true,,-0.56557,-0.57280,-0.55554,-0.57594,0.80021,0.20340,0.77884,0.02593,-0.02246,-0.01328,,0.00979,0.81944,1.00000,true,,-0.07252,-0.67700,-0.06410,-0.67140,0.67446,0.40130,0.55004,0.28596,-0.20764,0.20006,,0.01955,0.93056,1.00000,true,,-0.17264,-0.36209,-0.16740,-0.35853,0.39569,0.39990,0.03153,0.18560,-0.18743,-0.01638,,-0.01256,0.83333,1.00000,727,genuine_population,gen,auto_swe_124060_2a6bc830ee2f,124060,SwissWatchExpo,https://cdn.swisswatchexpo.com/productphotos/12/15/rolex-submariner-non-date-ceramic-bezel-steel-mens-watch-124060-unworn-57216_1c06261fc0_md.jpg
0050fc277c987207,images/00/0050fc277c9872079966f00051166ee1ba21424aefaf5d0d9350caa3200642ef.jpg,pose_rejected,900,900,overlay unavailable: inner-end lattice evidence insufficient,false,,,,0,0,,,,,,,,,,,,,,,,,,,,,,,,,,,,,,,,,,,,,,,,,,,,,,,,,,,,,,,,,,,,,,,,,,,,,,,,,,,,,,,,,,,,,,,,,,,,,,,,,,,,,,,,,,,,,,,,,,,,,,,,,,,,,,,,,,,,,,,,,,,,,,,,,,,,,,,,,,,,,,,,,,,,,,,,,,,,,,,,,,,,,,,,,,,,,,,,,,,,,,,,,,,,,genuine_population,gen,auto_swe_124060_2a6bc830ee2f,124060,SwissWatchExpo,https://cdn.swisswatchexpo.com/productphotos/12/15/rolex-submariner-non-date-ceramic-bezel-steel-mens-watch-124060-unworn-57216_96cdb_md.jpg
386744246ca24cc5,images/38/386744246ca24cc5ea2c8d57c556c3229e97bf1695c7b131e496c4db2b1ef544.jpg,pose_rejected,900,900,overlay unavailable: inner-end lattice evidence insufficient,false,,,,0,0,,,,,,,,,,,,,,,,,,,,,,,,,,,,,,,,,,,,,,,,,,,,,,,,,,,,,,,,,,,,,,,,,,,,,,,,,,,,,,,,,,,,,,,,,,,,,,,,,,,,,,,,,,,,,,,,,,,,,,,,,,,,,,,,,,,,,,,,,,,,,,,,,,,,,,,,,,,,,,,,,,,,,,,,,,,,,,,,,,,,,,,,,,,,,,,,,,,,,,,,,,,,,genuine_population,gen,auto_swe_124060_2a6bc830ee2f,124060,SwissWatchExpo,https://cdn.swisswatchexpo.com/productphotos/12/15/rolex-submariner-non-date-ceramic-bezel-steel-mens-watch-124060-unworn-57216_2ea53_md.jpg
f830414d02ab4d92,images/f8/f830414d02ab4d92b821c7a4f72a1a321ae546263b98ded20a28b3e245c35cfa.jpg,accepted,1080,864,,true,192.70037,0.99779,0.11795,53,12,193.97343,true,11,-0.17111,-0.37664,0.41369,-0.10320,0.12415,true,,-0.00333,-0.28453,-0.00335,-0.28369,0.28371,0.28453,-0.00333,0.18043,0.06709,-0.16797,0.14121,,1.00000,1.00000,0.02127,0.28857,0.23980,true,,-0.19134,0.18115,-0.19132,0.18116,0.26348,-0.19134,0.18115,0.27325,0.13188,0.23951,-0.40341,,1.00000,1.00000,true,,-0.36798,-0.43090,-0.36785,-0.43068,0.56639,-0.43090,0.36798,0.15698,0.09848,-0.12234,0.01308,,1.00000,1.00000,true,,-0.26183,-0.88275,-0.26067,-0.88033,0.91811,0.26183,0.88275,0.30480,0.24252,0.18627,0.21672,,1.00000,1.00000,true,,0.06834,-0.04352,0.06827,-0.04353,0.08096,0.07186,0.03742,0.03305,-0.00650,0.03248,,0.09908,0.98611,1.00000,true,,-0.32702,-0.01677,-0.32707,-0.01632,0.32748,-0.27482,-0.17804,0.18648,-0.15235,-0.10752,,0.10805,0.95833,0.98889,true,,-0.51195,-0.36110,-0.51257,-0.36079,0.62681,-0.62391,-0.05675,0.20041,-0.12401,-0.15749,,0.14326,1.00000,1.00000,true,,-0.49751,-0.17747,-0.49776,-0.17740,0.52842,-0.40245,0.34212,0.17760,0.17291,0.04054,,0.13106,1.00000,1.00000,true,,-0.30455,-0.90459,-0.30391,-0.90366,0.95339,-0.63112,0.71604,0.22982,-0.22703,0.03704,,0.16050,1.00000,1.00000,true,,-0.09243,-0.75137,-0.09186,-0.74999,0.75559,-0.29564,0.69692,0.10858,-0.09237,-0.05754,,0.16984,1.00000,1.00000,true,,0.06627,-0.58926,0.06636,-0.58753,0.59126,0.23723,0.54345,0.07434,0.06307,-0.03975,,0.12399,0.98611,1.00000,true,,0.21705,-0.32703,0.21659,-0.32633,0.39166,0.17469,0.35149,0.08076,-0.07493,-0.03087,,0.09725,0.98611,1.00000,896,genuine_population,gen,auto_ewc_124060_ad749eab5fe7,124060,European Watch Company,https://images.europeanwatch.com/images/72/72376-1.jpg
295ff012729b77e6,images/29/295ff012729b77e690d5d059cc4c328f3e7732067e623c2ce9e6bd43bfae28e1.jpg,accepted,1080,864,,true,277.93422,0.99831,0.11359,53,12,279.95126,true,11,-0.14042,-0.48651,0.50637,-0.11918,0.12117,true,,-0.02764,-0.10765,-0.01349,-0.11020,0.11102,0.10765,-0.02764,0.31164,-0.09044,-0.29848,0.08060,,1.00000,1.00000,-0.04343,0.23357,0.18461,true,,-0.24081,0.25105,-0.27139,0.21795,0.34807,-0.24081,0.25105,0.34223,0.21479,0.26634,-0.25752,,1.00000,1.00000,true,,-0.50902,-0.57652,-0.42968,-0.63717,0.76851,-0.57652,0.50902,0.20082,0.14148,-0.14274,0.03543,,1.00000,1.00000,true,,-0.09010,-1.29254,0.07748,-1.29110,1.29342,0.09010,1.29254,0.40302,0.14106,0.37838,0.40328,,1.00000,1.00000,true,,0.18204,0.05992,0.17277,0.08269,0.19154,0.03913,0.18761,0.11379,0.00928,0.11348,,-0.01721,1.00000,1.00000,true,,-0.45100,0.12709,-0.46393,0.06815,0.46891,-0.45413,-0.11543,0.25757,-0.23982,-0.09351,,0.00985,0.84722,0.97778,true,,-0.69214,-0.47196,-0.62570,-0.55759,0.83809,-0.83539,-0.06265,0.28902,-0.15636,-0.24305,,0.00651,1.00000,1.00000,true,,-0.67661,-0.22663,-0.64145,-0.31238,0.71347,-0.53457,0.47265,0.24523,0.24051,0.04809,,0.01882,0.98611,1.00000,true,,-0.39016,-1.26281,-0.22316,-1.30102,1.32002,-0.89854,0.96929,0.33493,-0.32578,0.08001,,0.04788,1.00000,1.00000,true,,-0.14019,-0.98540,-0.01161,-0.99358,0.99365,-0.37129,0.92348,0.07494,-0.04268,-0.06185,,0.02788,1.00000,1.00000,true,,0.05654,-0.67985,0.14353,-0.66585,0.68114,0.29096,0.61704,0.22638,0.15484,-0.16597,,-0.01391,0.98611,1.00000,true,,0.27651,-0.30763,0.31330,-0.26939,0.41319,0.12816,0.39328,0.17874,-0.10401,-0.14557,,0.00278,1.00000,1.00000,1311,genuine_population,gen,auto_ewc_124060_ad749eab5fe7,124060,European Watch Company,https://images.europeanwatch.com/images/72/72376-2.jpg
07c4c6d4dd492ffb,images/07/07c4c6d4dd492ffbc04fd1d3a00edf39e67bfd379af01d0bf6cfd3b7e0e2ff9a.jpg,pose_rejected,1080,864,physical black-dial boundary not found,false,,,,0,0,,,,,,,,,,,,,,,,,,,,,,,,,,,,,,,,,,,,,,,,,,,,,,,,,,,,,,,,,,,,,,,,,,,,,,,,,,,,,,,,,,,,,,,,,,,,,,,,,,,,,,,,,,,,,,,,,,,,,,,,,,,,,,,,,,,,,,,,,,,,,,,,,,,,,,,,,,,,,,,,,,,,,,,,,,,,,,,,,,,,,,,,,,,,,,,,,,,,,,,,,,,,,genuine_population,gen,auto_ewc_124060_ad749eab5fe7,124060,European Watch Company,https://images.europeanwatch.com/images/72/72376-3.jpg
8fc3da9013fd3a5c,images/8f/8fc3da9013fd3a5c211e44cb10b8ce65e28086e33ec4a09c409cf2ce41e9effd.jpg,pose_rejected,1080,864,physical black-dial boundary could not be fitted,false,,,,0,0,,,,,,,,,,,,,,,,,,,,,,,,,,,,,,,,,,,,,,,,,,,,,,,,,,,,,,,,,,,,,,,,,,,,,,,,,,,,,,,,,,,,,,,,,,,,,,,,,,,,,,,,,,,,,,,,,,,,,,,,,,,,,,,,,,,,,,,,,,,,,,,,,,,,,,,,,,,,,,,,,,,,,,,,,,,,,,,,,,,,,,,,,,,,,,,,,,,,,,,,,,,,,genuine_population,gen,auto_ewc_124060_ad749eab5fe7,124060,European Watch Company,https://images.europeanwatch.com/images/72/72376-4.jpg
2117ed41b48ccbbb,images/21/2117ed41b48ccbbbad025168f065246cd8d4563a9dda4f78573b76bb7696fb6a.jpg,pose_rejected,1080,864,physical black-dial boundary could not be fitted,false,,,,0,0,,,,,,,,,,,,,,,,,,,,,,,,,,,,,,,,,,,,,,,,,,,,,,,,,,,,,,,,,,,,,,,,,,,,,,,,,,,,,,,,,,,,,,,,,,,,,,,,,,,,,,,,,,,,,,,,,,,,,,,,,,,,,,,,,,,,,,,,,,,,,,,,,,,,,,,,,,,,,,,,,,,,,,,,,,,,,,,,,,,,,,,,,,,,,,,,,,,,,,,,,,,,,genuine_population,gen,auto_ewc_124060_ad749eab5fe7,124060,European Watch Company,https://images.europeanwatch.com/images/72/72376-5.jpg
033ea6a314b07844,images/03/033ea6a314b07844d002043fe6bfbeac56cef899e878c63a494ee1d6c82ef169.jpg,pose_rejected,1080,864,physical black-dial boundary not found,false,,,,0,0,,,,,,,,,,,,,,,,,,,,,,,,,,,,,,,,,,,,,,,,,,,,,,,,,,,,,,,,,,,,,,,,,,,,,,,,,,,,,,,,,,,,,,,,,,,,,,,,,,,,,,,,,,,,,,,,,,,,,,,,,,,,,,,,,,,,,,,,,,,,,,,,,,,,,,,,,,,,,,,,,,,,,,,,,,,,,,,,,,,,,,,,,,,,,,,,,,,,,,,,,,,,,genuine_population,gen,auto_ewc_124060_ad749eab5fe7,124060,European Watch Company,https://images.europeanwatch.com/images/72/72376-6.jpg
ef64a6b234b037bf,images/ef/ef64a6b234b037bf77a4348c7b0666e82710f1a620a5fc311abcc67f17c06c1b.jpg,pose_rejected,1080,864,physical black-dial boundary not found,false,,,,0,0,,,,,,,,,,,,,,,,,,,,,,,,,,,,,,,,,,,,,,,,,,,,,,,,,,,,,,,,,,,,,,,,,,,,,,,,,,,,,,,,,,,,,,,,,,,,,,,,,,,,,,,,,,,,,,,,,,,,,,,,,,,,,,,,,,,,,,,,,,,,,,,,,,,,,,,,,,,,,,,,,,,,,,,,,,,,,,,,,,,,,,,,,,,,,,,,,,,,,,,,,,,,,genuine_population,gen,auto_ewc_124060_ad749eab5fe7,124060,European Watch Company,https://images.europeanwatch.com/images/72/72376-7.jpg
448814812e7079fd,images/44/448814812e7079fd7014c80211109991368585e5eddc169e658e9a3127eb45dc.jpg,accepted,1080,864,,true,187.19156,0.99903,0.13759,55,12,188.19110,true,10,-0.17204,0.19384,0.25918,0.00342,0.02213,true,,-0.10471,0.24276,-0.10473,0.24246,0.26411,-0.24276,-0.10471,0.05475,-0.05404,0.00917,0.09943,,1.00000,1.00000,-0.04195,0.51593,1.07622,true,,-0.23699,0.63130,-0.23689,0.63143,0.67440,-0.23699,0.63130,0.38868,-0.06988,0.38225,-0.07277,,1.00000,1.00000,true,,-0.42685,0.14742,-0.42711,0.14743,0.45184,0.14742,0.42685,0.20627,-0.05132,0.19967,-0.18165,,1.00000,0.96667,true,,-0.30345,-0.07491,-0.30322,-0.07502,0.31236,0.30345,0.07491,0.24817,0.12658,0.21359,0.02082,,0.90476,0.96667,true,,-0.08878,0.16970,-0.08875,0.16952,0.19134,-0.19135,0.00796,0.05725,0.05730,0.00083,,0.05034,0.95833,1.00000,false,hand/occluder crosses outline (clean 0.65),,,,,,,,,,,,,0.62500,0.65000,true,,-0.09133,0.14615,-0.09135,0.14626,0.17244,-0.00602,0.17223,0.14664,0.04076,-0.14080,,0.15452,0.94444,1.00000,true,,-0.09416,0.12472,-0.09423,0.12486,0.15642,0.06093,0.14390,0.16336,-0.02620,-0.16112,,0.16477,0.87500,1.00000,true,,-0.07238,0.14436,-0.07252,0.14452,0.16169,0.16121,-0.00950,0.15543,-0.09790,-0.12066,,0.16871,0.80556,1.00000,true,,-0.04256,0.27832,-0.04285,0.27852,0.28179,0.17602,-0.21976,0.21082,-0.07509,-0.19701,,0.13078,0.83333,1.00000,true,,-0.25311,0.11372,-0.25303,0.11358,0.27735,0.16234,-0.22504,0.10927,0.10510,-0.03031,,-0.05182,0.98611,1.00000,true,,-0.19956,0.21411,-0.19954,0.21383,0.29248,-0.08565,-0.27988,0.09351,-0.00898,-0.09315,,0.14911,0.81944,1.00000,878,genuine_population,gen,auto_ewc_124060_dd10dd8bfba9,124060,European Watch Company,https://images.europeanwatch.com/images/72/72241-1.jpg
8b8c84ce9219f904,images/8b/8b8c84ce9219f904e98e9074cf9c88472ca702b3dd6bb4ab73d041fcabb9e159.jpg,accepted,1080,864,,true,282.16668,0.99870,0.10693,54,12,283.87543,true,10,-0.25944,0.48940,0.55391,-0.01852,0.00723,true,,-0.04872,0.63549,-0.13030,0.62502,0.63846,-0.63549,-0.04872,0.13896,-0.07480,0.11692,0.25256,,1.00000,1.00000,0.04959,0.48361,0.35277,true,,-0.34368,1.06323,-0.47850,1.01007,1.11768,-0.34368,1.06323,0.52892,-0.10950,0.51736,-0.19952,,1.00000,1.00000,true,,-0.37755,0.35996,-0.42042,0.30791,0.52112,0.35996,0.37755,0.19595,-0.11880,0.15609,-0.11430,,1.00000,1.00000,true,,-0.13976,0.35605,-0.18419,0.33519,0.38246,0.13976,-0.35605,0.13622,-0.01460,0.13543,0.03364,,1.00000,0.96667,true,,-0.15694,0.42889,-0.21122,0.40572,0.45741,-0.44990,0.07853,0.14554,0.13920,-0.04171,,-0.10777,1.00000,1.00000,false,hand/occluder crosses outline (clean 0.60),,,,,,,,,,,,,0.65278,0.60000,true,,-0.11579,0.40466,-0.16711,0.38603,0.42065,0.10205,0.40834,0.17552,0.05373,-0.16713,,0.00279,0.93056,0.96667,true,,-0.14376,0.42479,-0.19724,0.40216,0.44792,0.29600,0.33689,0.12048,-0.01328,-0.11984,,-0.03911,0.94444,1.00000,true,,-0.09804,0.43276,-0.15262,0.41601,0.44312,0.42380,-0.13148,0.10572,-0.07974,-0.06953,,-0.03661,0.93056,1.00000,true,,0.00267,0.59918,-0.07400,0.59417,0.59876,0.29728,-0.52024,0.21586,-0.08752,-0.19734,,-0.11910,0.88889,1.00000,true,,-0.31286,0.48177,-0.37217,0.43798,0.57475,0.03006,-0.57365,0.17352,0.16393,-0.05648,,-0.29953,1.00000,1.00000,true,,-0.26170,0.54892,-0.33029,0.51151,0.60888,-0.34452,-0.50110,0.11443,0.05030,-0.10267,,-0.08178,0.87500,1.00000,1408,genuine_population,gen,auto_ewc_124060_dd10dd8bfba9,124060,European Watch Company,https://images.europeanwatch.com/images/72/72241-2.jpg
81e5006162d2efe4,images/81/81e5006162d2efe46e256fcd10801662e964265eb6d764ba574c0d95e5e9f987.jpg,pose_rejected,1080,864,overlay unavailable: centroid lattice evidence insufficient,false,,,,0,0,,,,,,,,,,,,,,,,,,,,,,,,,,,,,,,,,,,,,,,,,,,,,,,,,,,,,,,,,,,,,,,,,,,,,,,,,,,,,,,,,,,,,,,,,,,,,,,,,,,,,,,,,,,,,,,,,,,,,,,,,,,,,,,,,,,,,,,,,,,,,,,,,,,,,,,,,,,,,,,,,,,,,,,,,,,,,,,,,,,,,,,,,,,,,,,,,,,,,,,,,,,,,genuine_population,gen,auto_ewc_124060_dd10dd8bfba9,124060,European Watch Company,https://images.europeanwatch.com/images/72/72241-3.jpg
ee3930455c9c81e7,images/ee/ee3930455c9c81e7b9a9e9934489257f8135c4cdb13d2cf3b0547dd054353a3a.jpg,pose_rejected,1080,864,physical black-dial boundary could not be fitted,false,,,,0,0,,,,,,,,,,,,,,,,,,,,,,,,,,,,,,,,,,,,,,,,,,,,,,,,,,,,,,,,,,,,,,,,,,,,,,,,,,,,,,,,,,,,,,,,,,,,,,,,,,,,,,,,,,,,,,,,,,,,,,,,,,,,,,,,,,,,,,,,,,,,,,,,,,,,,,,,,,,,,,,,,,,,,,,,,,,,,,,,,,,,,,,,,,,,,,,,,,,,,,,,,,,,,genuine_population,gen,auto_ewc_124060_dd10dd8bfba9,124060,European Watch Company,https://images.europeanwatch.com/images/72/72241-4.jpg
10d2bbdb61befe0a,images/10/10d2bbdb61befe0ae022ab8c020864919fb0014441b215346d118ba089452552.jpg,pose_rejected,1080,864,overlay unavailable: 12 direction could not be established (minute-lattice branch unknown),false,,,,0,0,,,,,,,,,,,,,,,,,,,,,,,,,,,,,,,,,,,,,,,,,,,,,,,,,,,,,,,,,,,,,,,,,,,,,,,,,,,,,,,,,,,,,,,,,,,,,,,,,,,,,,,,,,,,,,,,,,,,,,,,,,,,,,,,,,,,,,,,,,,,,,,,,,,,,,,,,,,,,,,,,,,,,,,,,,,,,,,,,,,,,,,,,,,,,,,,,,,,,,,,,,,,,genuine_population,gen,auto_ewc_124060_dd10dd8bfba9,124060,European Watch Company,https://images.europeanwatch.com/images/72/72241-5.jpg
a411f6560d9a90cb,images/a4/a411f6560d9a90cb9ddcea82ef5e06ccbcdbf4e20c19a984e5800481fe4d31fb.jpg,pose_rejected,1080,864,physical black-dial boundary not found,false,,,,0,0,,,,,,,,,,,,,,,,,,,,,,,,,,,,,,,,,,,,,,,,,,,,,,,,,,,,,,,,,,,,,,,,,,,,,,,,,,,,,,,,,,,,,,,,,,,,,,,,,,,,,,,,,,,,,,,,,,,,,,,,,,,,,,,,,,,,,,,,,,,,,,,,,,,,,,,,,,,,,,,,,,,,,,,,,,,,,,,,,,,,,,,,,,,,,,,,,,,,,,,,,,,,,genuine_population,gen,auto_ewc_124060_dd10dd8bfba9,124060,European Watch Company,https://images.europeanwatch.com/images/72/72241-6.jpg
bee93d6730c6af33,images/be/bee93d6730c6af33dafb470ae1cf528201c1ad074498e3ceeda66d0a2e3cd5f8.jpg,pose_rejected,1080,864,physical black-dial boundary not found,false,,,,0,0,,,,,,,,,,,,,,,,,,,,,,,,,,,,,,,,,,,,,,,,,,,,,,,,,,,,,,,,,,,,,,,,,,,,,,,,,,,,,,,,,,,,,,,,,,,,,,,,,,,,,,,,,,,,,,,,,,,,,,,,,,,,,,,,,,,,,,,,,,,,,,,,,,,,,,,,,,,,,,,,,,,,,,,,,,,,,,,,,,,,,,,,,,,,,,,,,,,,,,,,,,,,,genuine_population,gen,auto_ewc_124060_dd10dd8bfba9,124060,European Watch Company,https://images.europeanwatch.com/images/72/72241-7.jpg
6cac8c2178b1448e,images/6c/6cac8c2178b1448ef806f811bda4bf0f2f44a31bb9fb45ea49477497080a0147.jpg,accepted,1080,864,,true,191.87416,0.99791,0.19153,54,12,192.79362,true,10,-0.26577,0.11788,0.29074,0.02539,0.08210,true,,0.04439,0.13987,0.04452,0.13948,0.14641,-0.13987,0.04439,0.10857,-0.06161,0.08966,-0.24428,,1.00000,0.96667,-0.47680,0.06324,0.02219,true,,-0.16647,0.53010,-0.16519,0.53060,0.55572,-0.16647,0.53010,0.21251,0.06240,0.20303,0.11526,,1.00000,0.96667,true,,-0.51357,0.21325,-0.51363,0.21454,0.55664,0.21325,0.51357,0.06998,0.05872,0.03784,0.17175,,1.00000,0.93333,true,,-0.53474,0.06406,-0.53427,0.06504,0.53821,0.53474,-0.06406,0.27943,0.23156,-0.15638,0.16636,,1.00000,0.96667,true,,0.00924,0.13534,0.00949,0.13509,0.13543,-0.11259,0.07567,0.08519,0.08224,0.02262,,0.08790,0.75000,1.00000,false,outline coverage 0.63; 6/8 octants,,,,,,,,,,,,,0.62500,0.99444,true,,-0.45660,0.35601,-0.45607,0.35732,0.57938,-0.21743,0.53662,0.11530,-0.08555,0.07720,,0.07490,0.80556,1.00000,true,,-0.36996,0.09147,-0.37011,0.09227,0.38144,-0.10576,0.36613,0.18707,-0.11422,-0.14770,,0.05201,0.88889,1.00000,true,,-0.34211,-0.05745,-0.34229,-0.05701,0.34700,0.12130,0.32500,0.16924,-0.15319,-0.07145,,0.06785,0.95833,1.00000,true,,-0.34035,-0.09341,-0.34031,-0.09292,0.35276,0.24805,0.25107,0.08105,-0.08085,-0.00505,,0.07397,0.88889,1.00000,true,,-0.14976,-0.20951,-0.14965,-0.20895,0.25701,0.23445,0.10656,0.11861,0.02292,0.11647,,0.08236,0.83333,1.00000,true,,-0.15253,0.00631,-0.15228,0.00662,0.15242,0.07080,-0.13525,0.07084,-0.00039,-0.07092,,0.06599,0.84722,1.00000,914,genuine_population,gen,auto_ewc_124060_a42ce22b328c,124060,European Watch Company,https://images.europeanwatch.com/images/71/71272-1.jpg
cb8e33b7dc48de42,images/cb/cb8e33b7dc48de42c10472fe179f32e64686ce0cfa44fd476ed1e89f579beef7.jpg,accepted,1080,864,,true,273.64624,0.99779,0.15531,54,12,275.73515,true,11,-0.56264,0.40312,0.69215,-0.00807,0.08066,true,,-0.04633,0.74251,-0.14728,0.72986,0.74458,-0.74251,-0.04633,0.28768,-0.24739,0.14661,-0.14034,,1.00000,1.00000,-0.39208,0.12612,-0.08797,true,,-0.49428,0.97538,-0.62412,0.89780,1.09342,-0.49428,0.97538,0.20492,0.02577,0.20336,0.06382,,1.00000,1.00000,true,,-0.80745,0.55397,-0.87279,0.43511,0.97524,0.55397,0.80745,0.09363,0.09351,0.00961,0.24867,,1.00000,1.00000,true,,-0.67733,0.39580,-0.72165,0.29840,0.78091,0.67733,-0.39580,0.28498,0.19105,-0.21313,0.24360,,1.00000,1.00000,true,,-0.22274,0.55712,-0.29727,0.52213,0.60083,-0.59385,0.08566,0.09529,0.08923,-0.03308,,-0.12444,0.87500,1.00000,true,,-0.40096,0.78285,-0.50540,0.72111,0.88059,-0.73867,0.47749,0.04621,-0.04614,-0.00015,,-0.11759,0.65278,0.99444,true,,-0.80491,0.80342,-0.90751,0.68338,1.13603,-0.29536,1.09824,0.14212,-0.08018,0.11743,,-0.13508,0.88889,0.92222,true,,-0.74313,0.48630,-0.80142,0.37748,0.88587,0.04958,0.88672,0.13948,-0.09413,-0.10354,,-0.17668,0.91667,1.00000,true,,-0.53320,0.24313,-0.55889,0.16629,0.58310,0.47716,0.34021,0.24104,-0.16972,-0.17271,,-0.15010,0.97222,1.00000,true,,-0.57837,0.10725,-0.58477,0.02637,0.58537,0.55451,0.19630,0.10967,-0.10182,0.04228,,-0.14690,0.94444,1.00000,true,,-0.28831,0.02147,-0.28759,-0.01806,0.28815,0.23895,-0.16275,0.19545,0.05996,0.18640,,-0.15932,0.88889,1.00000,true,,-0.27884,0.30721,-0.31746,0.26640,0.41443,-0.12663,-0.39509,0.06448,0.05327,-0.03649,,-0.14808,0.87500,1.00000,1372,genuine_population,gen,auto_ewc_124060_a42ce22b328c,124060,European Watch Company,https://images.europeanwatch.com/images/71/71272-2.jpg
e17995e3fdd93e72,images/e1/e17995e3fdd93e720e0c5fcdfff37a00800e09463089cc3ecb4c247934de7d4a.jpg,pose_rejected,1080,864,physical black-dial boundary not found,false,,,,0,0,,,,,,,,,,,,,,,,,,,,,,,,,,,,,,,,,,,,,,,,,,,,,,,,,,,,,,,,,,,,,,,,,,,,,,,,,,,,,,,,,,,,,,,,,,,,,,,,,,,,,,,,,,,,,,,,,,,,,,,,,,,,,,,,,,,,,,,,,,,,,,,,,,,,,,,,,,,,,,,,,,,,,,,,,,,,,,,,,,,,,,,,,,,,,,,,,,,,,,,,,,,,,genuine_population,gen,auto_ewc_124060_a42ce22b328c,124060,European Watch Company,https://images.europeanwatch.com/images/71/71272-3.jpg
c43ff348244e86dd,images/c4/c43ff348244e86dd4f955ebb7c0b8dd5a0e29f42a3976be013322a0b1d226122.jpg,pose_rejected,1080,864,physical black-dial boundary not found,false,,,,0,0,,,,,,,,,,,,,,,,,,,,,,,,,,,,,,,,,,,,,,,,,,,,,,,,,,,,,,,,,,,,,,,,,,,,,,,,,,,,,,,,,,,,,,,,,,,,,,,,,,,,,,,,,,,,,,,,,,,,,,,,,,,,,,,,,,,,,,,,,,,,,,,,,,,,,,,,,,,,,,,,,,,,,,,,,,,,,,,,,,,,,,,,,,,,,,,,,,,,,,,,,,,,,genuine_population,gen,auto_ewc_124060_a42ce22b328c,124060,European Watch Company,https://images.europeanwatch.com/images/71/71272-4.jpg
3a8e2e590abad011,images/3a/3a8e2e590abad01134f7bdf810512e026fe2a619f38ecbc2599812aa3309867f.jpg,pose_rejected,1080,864,physical black-dial boundary not found,false,,,,0,0,,,,,,,,,,,,,,,,,,,,,,,,,,,,,,,,,,,,,,,,,,,,,,,,,,,,,,,,,,,,,,,,,,,,,,,,,,,,,,,,,,,,,,,,,,,,,,,,,,,,,,,,,,,,,,,,,,,,,,,,,,,,,,,,,,,,,,,,,,,,,,,,,,,,,,,,,,,,,,,,,,,,,,,,,,,,,,,,,,,,,,,,,,,,,,,,,,,,,,,,,,,,,genuine_population,gen,auto_ewc_124060_a42ce22b328c,124060,European Watch Company,https://images.europeanwatch.com/images/71/71272-5.jpg
48a95a3ddf6494e6,images/48/48a95a3ddf6494e6552ad2b007e5be353375fdfb48710e191bbbcb755ba7d37c.jpg,pose_rejected,1080,864,physical black-dial boundary not found,false,,,,0,0,,,,,,,,,,,,,,,,,,,,,,,,,,,,,,,,,,,,,,,,,,,,,,,,,,,,,,,,,,,,,,,,,,,,,,,,,,,,,,,,,,,,,,,,,,,,,,,,,,,,,,,,,,,,,,,,,,,,,,,,,,,,,,,,,,,,,,,,,,,,,,,,,,,,,,,,,,,,,,,,,,,,,,,,,,,,,,,,,,,,,,,,,,,,,,,,,,,,,,,,,,,,,genuine_population,gen,auto_ewc_124060_a42ce22b328c,124060,European Watch Company,https://images.europeanwatch.com/images/71/71272-6.jpg
c40c4a6cf0adf0e6,images/c4/c40c4a6cf0adf0e6d5f19fbf811fbf7431e16cc97960bcdff821ad06983b39ce.jpg,pose_rejected,1080,864,overlay unavailable: 12 direction could not be established (minute-lattice branch unknown),false,,,,0,0,,,,,,,,,,,,,,,,,,,,,,,,,,,,,,,,,,,,,,,,,,,,,,,,,,,,,,,,,,,,,,,,,,,,,,,,,,,,,,,,,,,,,,,,,,,,,,,,,,,,,,,,,,,,,,,,,,,,,,,,,,,,,,,,,,,,,,,,,,,,,,,,,,,,,,,,,,,,,,,,,,,,,,,,,,,,,,,,,,,,,,,,,,,,,,,,,,,,,,,,,,,,,genuine_population,gen,auto_ewc_124060_a42ce22b328c,124060,European Watch Company,https://images.europeanwatch.com/images/71/71272-7.jpg
14a800efc5982cf7,images/14/14a800efc5982cf7acaaf0219fc2accb0a7da3a3332a8a9304867efa9d8d851c.jpg,accepted,1080,864,,true,194.49828,0.99747,0.13567,54,12,196.01530,true,10,-0.08285,-0.19571,0.21252,-0.06873,-0.13111,true,,-0.26825,0.13254,-0.26815,0.13147,0.29865,-0.13254,-0.26825,0.27981,-0.22074,0.17365,0.03234,,1.00000,1.00000,-0.12882,0.15763,-0.09654,true,,-0.05755,-0.70272,-0.05649,-0.70186,0.70413,-0.05755,-0.70272,0.20975,0.12814,-0.16636,-0.19075,,1.00000,0.96667,true,,0.08298,-0.18587,0.08356,-0.18580,0.20372,-0.18587,-0.08298,0.20732,0.11225,0.17409,-0.20061,,1.00000,0.93333,true,,-0.09209,-0.06179,-0.09175,-0.06187,0.11066,0.09209,0.06179,0.23375,0.11093,0.20643,-0.18926,,0.95238,0.96667,true,,-0.47041,-0.14172,-0.46954,-0.14208,0.49057,-0.11247,-0.47825,0.14207,-0.13077,0.05687,,0.03335,0.98611,1.00000,false,hand/occluder crosses outline (clean 0.66),,,,,,,,,,,,,0.69444,0.65556,true,,0.10766,-0.56410,0.10865,-0.56378,0.57415,-0.18882,-0.54235,0.10365,0.09097,-0.04950,,0.08783,1.00000,1.00000,true,,0.22449,-0.52442,0.22582,-0.52423,0.57080,-0.34192,-0.45662,0.06930,-0.02098,-0.06600,,0.14082,1.00000,1.00000,true,,0.26416,-0.12881,0.26469,-0.12819,0.29410,-0.24363,-0.16437,0.03101,-0.00612,0.03040,,0.18815,1.00000,1.00000,true,,0.23972,0.01642,0.23956,0.01698,0.24016,-0.19939,-0.13408,0.06703,-0.06410,0.01954,,0.12648,1.00000,1.00000,true,,-0.08293,0.28635,-0.08389,0.28523,0.29731,-0.07136,-0.28945,0.14145,-0.13192,-0.05241,,0.06978,0.93056,1.00000,true,,-0.43237,0.20707,-0.43225,0.20538,0.47856,0.03686,-0.47798,0.15272,-0.06486,-0.13872,,0.05031,0.98611,1.00000,915,genuine_population,gen,auto_ewc_124060_7761710b6ccf,124060,European Watch Company,https://images.europeanwatch.com/images/71/71758-1.jpg
39333b0946ed7fd0,images/39/39333b0946ed7fd0dbed8538e796947d0c71766d5e78845fe2d45ddd037db7fb.jpg,accepted,1080,864,,true,277.57790,0.99719,0.16111,55,12,279.50736,true,10,-0.02579,-0.06640,0.07123,-0.08703,-0.12964,true,,-0.32572,0.48814,-0.38638,0.44130,0.58655,-0.48814,-0.32572,0.41529,-0.35622,0.21394,0.08138,,1.00000,1.00000,-0.03589,0.17563,-0.00159,true,,0.08274,-0.71518,0.17506,-0.69838,0.71999,0.08274,-0.71518,0.34750,0.30161,-0.17262,-0.28315,,1.00000,1.00000,true,,0.17597,-0.12401,0.19066,-0.10006,0.21532,-0.12401,-0.17597,0.29670,0.12311,0.26989,-0.29621,,1.00000,1.00000,true,,-0.06556,0.23738,-0.09597,0.22679,0.24626,0.06556,-0.23738,0.28121,0.21598,0.18024,-0.22397,,1.00000,1.00000,true,,-0.63627,0.10175,-0.64392,0.01798,0.64417,-0.40625,-0.50015,0.25651,-0.24534,0.07528,,-0.09992,1.00000,1.00000,false,hand/occluder crosses outline (clean 0.61),,,,,,,,,,,,,0.73611,0.61111,true,,0.18716,-0.64817,0.26993,-0.61849,0.67483,-0.16200,-0.65491,0.14161,0.09678,-0.10336,,-0.00261,0.98611,1.00000,true,,0.38976,-0.58359,0.46252,-0.52809,0.70200,-0.31052,-0.62934,0.12055,-0.04140,-0.11318,,-0.00394,0.98611,1.00000,true,,0.48474,-0.02154,0.48342,0.04186,0.48523,-0.26102,-0.40903,0.05175,-0.02613,0.04465,,0.09334,1.00000,1.00000,true,,0.47920,0.15268,0.45510,0.21387,0.50285,-0.33866,-0.37182,0.15649,-0.13916,0.07152,,0.09388,0.98611,1.00000,true,,-0.02501,0.55865,-0.09770,0.55040,0.55900,-0.25766,-0.49631,0.12201,-0.12063,-0.01874,,-0.01359,1.00000,1.00000,true,,-0.50622,0.57932,-0.57720,0.50815,0.76901,-0.24860,-0.72806,0.24713,-0.12191,-0.21510,,0.01154,0.98611,1.00000,1357,genuine_population,gen,auto_ewc_124060_7761710b6ccf,124060,European Watch Company,https://images.europeanwatch.com/images/71/71758-2.jpg
38ecb96fae29c5dd,images/38/38ecb96fae29c5dda2d1e9c30ebcfbafcaa616eb70adce1f127ee3e60d70479d.jpg,pose_rejected,1080,864,physical black-dial boundary could not be fitted,false,,,,0,0,,,,,,,,,,,,,,,,,,,,,,,,,,,,,,,,,,,,,,,,,,,,,,,,,,,,,,,,,,,,,,,,,,,,,,,,,,,,,,,,,,,,,,,,,,,,,,,,,,,,,,,,,,,,,,,,,,,,,,,,,,,,,,,,,,,,,,,,,,,,,,,,,,,,,,,,,,,,,,,,,,,,,,,,,,,,,,,,,,,,,,,,,,,,,,,,,,,,,,,,,,,,,genuine_population,gen,auto_ewc_124060_7761710b6ccf,124060,European Watch Company,https://images.europeanwatch.com/images/71/71758-3.jpg
c984ed38e5351bee,images/c9/c984ed38e5351beececa397572ce668acaacd6a159b2d067e68746d06a0a9155.jpg,pose_rejected,1080,864,physical black-dial boundary not found,false,,,,0,0,,,,,,,,,,,,,,,,,,,,,,,,,,,,,,,,,,,,,,,,,,,,,,,,,,,,,,,,,,,,,,,,,,,,,,,,,,,,,,,,,,,,,,,,,,,,,,,,,,,,,,,,,,,,,,,,,,,,,,,,,,,,,,,,,,,,,,,,,,,,,,,,,,,,,,,,,,,,,,,,,,,,,,,,,,,,,,,,,,,,,,,,,,,,,,,,,,,,,,,,,,,,,genuine_population,gen,auto_ewc_124060_7761710b6ccf,124060,European Watch Company,https://images.europeanwatch.com/images/71/71758-4.jpg
cf59f22c3f531346,images/cf/cf59f22c3f531346b7c90a7af778b72fc95e47e21196aecdec255e620b42755e.jpg,pose_rejected,1080,864,overlay unavailable: 12 direction could not be established (minute-lattice branch unknown),false,,,,0,0,,,,,,,,,,,,,,,,,,,,,,,,,,,,,,,,,,,,,,,,,,,,,,,,,,,,,,,,,,,,,,,,,,,,,,,,,,,,,,,,,,,,,,,,,,,,,,,,,,,,,,,,,,,,,,,,,,,,,,,,,,,,,,,,,,,,,,,,,,,,,,,,,,,,,,,,,,,,,,,,,,,,,,,,,,,,,,,,,,,,,,,,,,,,,,,,,,,,,,,,,,,,,genuine_population,gen,auto_ewc_124060_7761710b6ccf,124060,European Watch Company,https://images.europeanwatch.com/images/71/71758-5.jpg
3f2e35ad97963fbc,images/3f/3f2e35ad97963fbce0b9a290262ab14a246c4d163845a9583e5cb46a3d351363.jpg,pose_rejected,1080,864,physical black-dial boundary not found,false,,,,0,0,,,,,,,,,,,,,,,,,,,,,,,,,,,,,,,,,,,,,,,,,,,,,,,,,,,,,,,,,,,,,,,,,,,,,,,,,,,,,,,,,,,,,,,,,,,,,,,,,,,,,,,,,,,,,,,,,,,,,,,,,,,,,,,,,,,,,,,,,,,,,,,,,,,,,,,,,,,,,,,,,,,,,,,,,,,,,,,,,,,,,,,,,,,,,,,,,,,,,,,,,,,,,genuine_population,gen,auto_ewc_124060_7761710b6ccf,124060,European Watch Company,https://images.europeanwatch.com/images/71/71758-6.jpg
54f4a8cc67c0410e,images/54/54f4a8cc67c0410e1c75e67ba90bf213e02130993b6a9a279023745743cf4d15.jpg,pose_rejected,1080,864,physical black-dial boundary not found,false,,,,0,0,,,,,,,,,,,,,,,,,,,,,,,,,,,,,,,,,,,,,,,,,,,,,,,,,,,,,,,,,,,,,,,,,,,,,,,,,,,,,,,,,,,,,,,,,,,,,,,,,,,,,,,,,,,,,,,,,,,,,,,,,,,,,,,,,,,,,,,,,,,,,,,,,,,,,,,,,,,,,,,,,,,,,,,,,,,,,,,,,,,,,,,,,,,,,,,,,,,,,,,,,,,,,genuine_population,gen,auto_ewc_124060_7761710b6ccf,124060,European Watch Company,https://images.europeanwatch.com/images/71/71758-7.jpg
8cc107d61cf3afca,images/8c/8cc107d61cf3afcac2473c3b460b1af42e5a715d4ef2f4aac60311675dd44720.jpg,accepted,1080,864,,true,196.40365,0.99740,0.12147,54,12,197.47312,true,10,0.20941,-0.27405,0.34490,-0.00017,0.02739,true,,0.07848,0.45249,0.07679,0.45213,0.45860,-0.45249,0.07848,0.75369,-0.72658,-0.20518,0.07137,,1.00000,0.96667,-0.08890,0.40595,0.69192,true,,0.49037,-0.30759,0.49075,-0.30608,0.57838,0.49037,-0.30759,0.30100,0.28241,-0.10490,0.79879,,0.90476,0.96667,true,,0.04015,-0.14152,0.04076,-0.14209,0.14782,-0.14152,-0.04015,0.16505,0.13308,0.09641,0.48226,,1.00000,0.96667,true,,0.24057,-0.38704,0.24317,-0.38710,0.45714,-0.24057,0.38704,0.05226,-0.03210,0.04103,0.36872,,1.00000,0.96667,true,,0.25103,-0.19127,0.25123,-0.18987,0.31491,0.29116,0.12176,0.05020,-0.05027,0.00181,,0.13814,0.83333,1.00000,false,hand/occluder crosses outline (clean 0.52),,,,,,,,,,,,,0.63889,0.51667,true,,0.14077,-0.14633,0.14115,-0.14627,0.20327,0.04874,-0.19711,0.06817,0.00587,0.06778,,0.13857,0.79167,1.00000,true,,0.05431,-0.29095,0.05521,-0.29202,0.29720,-0.22481,-0.19251,0.10327,-0.09106,0.04818,,0.08250,0.88889,1.00000,true,,0.14549,-0.47700,0.14809,-0.47896,0.50133,-0.48584,0.11250,0.16489,-0.14387,0.07884,,0.09378,0.84722,1.00000,true,,0.23450,-0.40027,0.23728,-0.40113,0.46605,-0.40322,0.22939,0.08795,-0.08545,0.01910,,0.14401,0.81944,1.00000,true,,0.15517,-0.17608,0.15630,-0.17557,0.23506,-0.04634,0.23008,0.18870,-0.00293,-0.18843,,0.11280,0.80556,1.00000,true,,0.21994,-0.29236,0.22131,-0.29115,0.36572,0.14322,0.33665,0.05852,0.01000,-0.05764,,0.12152,0.81944,1.00000,932,genuine_population,gen,auto_ewc_124060_61da7322ed22,124060,European Watch Company,https://images.europeanwatch.com/images/68/68145-1.jpg
e11198980d028b5f,images/e1/e11198980d028b5fe3e00a198eeac88cc0803efaadc9c4c9ddd37b02e61d83f1.jpg,accepted,1080,864,,true,271.27529,0.99842,0.11298,54,12,273.46169,true,10,0.03745,-0.12829,0.13365,-0.00982,0.02628,true,,-0.07994,0.94619,-0.21844,0.92274,0.94824,-0.94619,-0.07994,1.07430,-1.05724,-0.19828,0.21024,,0.90476,0.96667,0.05442,0.33459,0.09714,true,,0.23037,-0.18044,0.25461,-0.14448,0.29274,0.23037,-0.18044,0.27327,0.23264,-0.14311,0.30256,,0.95238,1.00000,true,,-0.24550,0.07586,-0.25369,0.03855,0.25660,0.07586,0.24550,0.28379,0.22878,0.16842,0.09131,,1.00000,0.96667,true,,0.11866,-0.20309,0.14693,-0.18301,0.23469,-0.11866,0.20309,0.08355,-0.08015,-0.02464,0.33435,,1.00000,1.00000,true,,0.04432,-0.09492,0.05781,-0.08731,0.10471,0.10436,-0.00908,0.06053,0.00239,-0.06054,,-0.03081,0.84722,1.00000,false,hand/occluder crosses outline (clean 0.59),,,,,,,,,,,,,0.63889,0.58889,true,,-0.06314,-0.03532,-0.05728,-0.04432,0.07242,-0.07234,0.00098,0.02278,0.00009,0.02277,,-0.00534,0.79167,1.00000,true,,-0.22240,-0.16755,-0.19521,-0.19883,0.27864,-0.25630,0.10883,0.15644,-0.12873,0.08875,,-0.09724,0.87500,1.00000,true,,-0.06233,-0.32366,-0.01370,-0.32909,0.32937,-0.24913,0.21581,0.12113,-0.10345,0.06321,,-0.06656,0.84722,1.00000,true,,0.05672,-0.26282,0.09473,-0.25116,0.26843,-0.18053,0.19925,0.07695,-0.07672,-0.00849,,-0.04347,0.87500,1.00000,true,,0.06964,-0.08674,0.08144,-0.07540,0.11099,-0.01694,0.10995,0.12433,-0.04565,-0.11592,,-0.02549,0.79167,1.00000,true,,0.12756,-0.16624,0.15034,-0.14544,0.20917,0.08019,0.19359,0.01025,-0.00366,0.00960,,-0.06502,0.81944,1.00000,1280,genuine_population,gen,auto_ewc_124060_61da7322ed22,124060,European Watch Company,https://images.europeanwatch.com/images/68/68145-2.jpg
3b34611fab9713f4,images/3b/3b34611fab9713f451b5bebcd4b0c9a7cb6a74ed4a1060dffbd61abb999ac336.jpg,pose_rejected,1080,864,overlay unavailable: 12 direction could not be established (minute-lattice branch unknown),false,,,,0,0,,,,,,,,,,,,,,,,,,,,,,,,,,,,,,,,,,,,,,,,,,,,,,,,,,,,,,,,,,,,,,,,,,,,,,,,,,,,,,,,,,,,,,,,,,,,,,,,,,,,,,,,,,,,,,,,,,,,,,,,,,,,,,,,,,,,,,,,,,,,,,,,,,,,,,,,,,,,,,,,,,,,,,,,,,,,,,,,,,,,,,,,,,,,,,,,,,,,,,,,,,,,,genuine_population,gen,auto_ewc_124060_61da7322ed22,124060,European Watch Company,https://images.europeanwatch.com/images/68/68145-3.jpg
f29537f82cd6efc2,images/f2/f29537f82cd6efc280f7e88ce7a19b4fb7c62d3660c15a45b0ec77fc3ca50bfa.jpg,pose_rejected,1080,864,physical black-dial boundary not found,false,,,,0,0,,,,,,,,,,,,,,,,,,,,,,,,,,,,,,,,,,,,,,,,,,,,,,,,,,,,,,,,,,,,,,,,,,,,,,,,,,,,,,,,,,,,,,,,,,,,,,,,,,,,,,,,,,,,,,,,,,,,,,,,,,,,,,,,,,,,,,,,,,,,,,,,,,,,,,,,,,,,,,,,,,,,,,,,,,,,,,,,,,,,,,,,,,,,,,,,,,,,,,,,,,,,,genuine_population,gen,auto_ewc_124060_61da7322ed22,124060,European Watch Company,https://images.europeanwatch.com/images/68/68145-4.jpg
c99359eec84e3fa1,images/c9/c99359eec84e3fa153d5c8b5c65fd49080c196933e9b4a0c6a0f87934fb2b894.jpg,pose_rejected,1080,864,overlay unavailable: 12 direction could not be established (minute-lattice branch unknown),false,,,,0,0,,,,,,,,,,,,,,,,,,,,,,,,,,,,,,,,,,,,,,,,,,,,,,,,,,,,,,,,,,,,,,,,,,,,,,,,,,,,,,,,,,,,,,,,,,,,,,,,,,,,,,,,,,,,,,,,,,,,,,,,,,,,,,,,,,,,,,,,,,,,,,,,,,,,,,,,,,,,,,,,,,,,,,,,,,,,,,,,,,,,,,,,,,,,,,,,,,,,,,,,,,,,,genuine_population,gen,auto_ewc_124060_61da7322ed22,124060,European Watch Company,https://images.europeanwatch.com/images/68/68145-5.jpg
25b386227abb7a77,images/25/25b386227abb7a7784d8b36d40273df634036a3fec56a44dc7b2ea945a68ceed.jpg,pose_rejected,1080,864,physical black-dial boundary not found,false,,,,0,0,,,,,,,,,,,,,,,,,,,,,,,,,,,,,,,,,,,,,,,,,,,,,,,,,,,,,,,,,,,,,,,,,,,,,,,,,,,,,,,,,,,,,,,,,,,,,,,,,,,,,,,,,,,,,,,,,,,,,,,,,,,,,,,,,,,,,,,,,,,,,,,,,,,,,,,,,,,,,,,,,,,,,,,,,,,,,,,,,,,,,,,,,,,,,,,,,,,,,,,,,,,,,genuine_population,gen,auto_ewc_124060_61da7322ed22,124060,European Watch Company,https://images.europeanwatch.com/images/68/68145-6.jpg
073e565e8059d86e,images/07/073e565e8059d86ee1d0ae8586e45f27a3874220f19fbf49592aeac52a833f24.jpg,pose_rejected,1080,864,physical black-dial boundary not found,false,,,,0,0,,,,,,,,,,,,,,,,,,,,,,,,,,,,,,,,,,,,,,,,,,,,,,,,,,,,,,,,,,,,,,,,,,,,,,,,,,,,,,,,,,,,,,,,,,,,,,,,,,,,,,,,,,,,,,,,,,,,,,,,,,,,,,,,,,,,,,,,,,,,,,,,,,,,,,,,,,,,,,,,,,,,,,,,,,,,,,,,,,,,,,,,,,,,,,,,,,,,,,,,,,,,,genuine_population,gen,auto_ewc_124060_61da7322ed22,124060,European Watch Company,https://images.europeanwatch.com/images/68/68145-7.jpg
f97405415bac87e3,images/f9/f97405415bac87e33fb1c913c7fa96632e1559269b4897c423cf5f6da369f4b3.jpg,accepted,1080,864,,true,228.16404,0.98731,0.14032,52,12,230.90222,true,10,0.23983,-0.79489,0.83028,0.11092,-0.00538,true,,-0.13954,-0.74996,-0.14552,-0.73382,0.74811,0.74996,-0.13954,0.44355,-0.25870,-0.36833,-0.18221,,1.00000,1.00000,-0.44027,-0.15070,-0.99599,true,,0.43336,-0.82577,0.42126,-0.81467,0.91714,0.43336,-0.82577,0.00895,-0.00717,-0.00534,-0.14454,,0.90476,1.00000,true,,0.01035,-0.36343,0.00726,-0.36329,0.36336,-0.36343,-0.01035,0.35246,0.24612,0.25223,0.48222,,1.00000,1.00000,true,,-0.08221,-0.47383,-0.08430,-0.46960,0.47711,0.08221,0.47383,0.33830,0.13390,-0.31368,0.18673,,1.00000,0.96667,true,,0.33903,-1.22253,0.32364,-1.19498,1.23803,1.22826,-0.31765,0.22427,0.20056,-0.11117,,0.11981,0.86111,1.00000,false,hand/occluder crosses outline (clean 0.56),,,,,,,,,,,,,0.72222,0.55556,true,,0.49731,-0.96283,0.48506,-0.95599,1.07201,-0.05073,-1.08249,0.25289,-0.07027,-0.24553,,0.09629,0.94444,1.00000,true,,0.19551,-0.68580,0.18862,-0.68445,0.70997,-0.49617,-0.51222,0.17967,-0.13135,0.12055,,0.23284,1.00000,1.00000,true,,0.10163,-0.65270,0.09883,-0.65273,0.66017,-0.61607,0.23833,0.06792,-0.00513,0.06713,,0.32946,0.95833,1.00000,true,,0.19404,-0.61392,0.19357,-0.61181,0.64170,-0.47500,0.43465,0.13989,-0.06826,-0.12091,,0.08134,0.97222,1.00000,true,,0.27137,-0.96699,0.26879,-0.95210,0.98932,0.24849,0.97312,0.22694,-0.14874,0.17144,,0.04049,0.84722,0.92778,true,,0.34557,-0.95804,0.34004,-0.93823,0.99795,0.65690,0.77829,0.21971,-0.12468,0.18081,,0.07626,0.88889,1.00000,1179,genuine_population,gen,auto_ewc_124060_e50d1ad826ff,124060,European Watch Company,https://images.europeanwatch.com/images/39/39410-1.jpg
c2143f68590be66c,images/c2/c2143f68590be66cd06cf9f233d7491962d6c8f7465978748e9b35bf46934938.jpg,accepted,1080,864,,true,307.24716,0.98881,0.17658,53,12,309.68760,true,10,0.62861,-0.65957,0.91114,0.18554,-0.01117,true,,-0.14916,-0.63944,0.00971,-0.64926,0.64934,0.63944,-0.14916,0.81626,-0.62183,-0.54774,-0.18493,,1.00000,1.00000,-0.35735,-0.10878,-0.53136,true,,0.99233,-0.99394,1.19417,-0.70532,1.38690,0.99233,-0.99394,0.18001,0.10932,-0.14601,-0.19958,,1.00000,1.00000,true,,0.14718,-0.04439,0.15454,-0.00595,0.15465,-0.04439,-0.14718,0.47311,0.32151,0.34551,0.09783,,1.00000,0.96667,true,,-0.34378,-0.36721,-0.24491,-0.44289,0.50610,0.34378,0.36721,0.52648,0.35446,-0.38901,0.31065,,0.85714,1.00000,true,,0.63885,-1.44674,0.95996,-1.21913,1.55171,1.57234,-0.17011,0.21196,0.18681,-0.10691,,0.18165,0.88889,1.00000,false,hand/occluder crosses outline (clean 0.58),,,,,,,,,,,,,0.69444,0.57778,true,,1.01765,-0.91917,1.20529,-0.63208,1.36098,0.42173,-1.30485,0.33654,-0.03170,-0.33767,,0.31280,1.00000,1.00000,true,,0.38529,-0.49648,0.49488,-0.38496,0.62698,-0.23732,-0.58191,0.34830,-0.23361,0.25525,,0.58085,0.93056,1.00000,true,,0.26772,-0.47862,0.38049,-0.39778,0.55046,-0.54836,0.00746,0.10705,-0.09780,0.04255,,0.85136,0.94444,1.00000,true,,0.20404,-0.43642,0.30827,-0.37146,0.48272,-0.39491,0.27593,0.16576,-0.07438,-0.14612,,0.53640,0.93056,1.00000,true,,0.25871,-1.07993,0.51784,-0.97174,1.10111,0.31591,1.06460,0.25721,-0.16563,0.19570,,0.16423,0.90278,1.00000,true,,0.56605,-1.04537,0.80331,-0.85527,1.17337,0.62230,1.01290,0.42054,-0.31638,0.27402,,0.09424,0.90278,1.00000,1507,genuine_population,gen,auto_ewc_124060_e50d1ad826ff,124060,European Watch Company,https://images.europeanwatch.com/images/39/39410-2.jpg
118a19a2c398b312,images/11/118a19a2c398b312bd262a41d05f30bd69bf520e8fed2cd6b088747d51b5ddfa.jpg,pose_rejected,1080,864,physical black-dial boundary could not be fitted,false,,,,0,0,,,,,,,,,,,,,,,,,,,,,,,,,,,,,,,,,,,,,,,,,,,,,,,,,,,,,,,,,,,,,,,,,,,,,,,,,,,,,,,,,,,,,,,,,,,,,,,,,,,,,,,,,,,,,,,,,,,,,,,,,,,,,,,,,,,,,,,,,,,,,,,,,,,,,,,,,,,,,,,,,,,,,,,,,,,,,,,,,,,,,,,,,,,,,,,,,,,,,,,,,,,,,genuine_population,gen,auto_ewc_124060_e50d1ad826ff,124060,European Watch Company,https://images.europeanwatch.com/images/39/39410-3.jpg
5f06d2a6befa6364,images/5f/5f06d2a6befa6364bcd7d11266cf2f563a9399eba3b47290f2539de354877a0e.jpg,pose_rejected,1080,864,physical black-dial boundary could not be fitted,false,,,,0,0,,,,,,,,,,,,,,,,,,,,,,,,,,,,,,,,,,,,,,,,,,,,,,,,,,,,,,,,,,,,,,,,,,,,,,,,,,,,,,,,,,,,,,,,,,,,,,,,,,,,,,,,,,,,,,,,,,,,,,,,,,,,,,,,,,,,,,,,,,,,,,,,,,,,,,,,,,,,,,,,,,,,,,,,,,,,,,,,,,,,,,,,,,,,,,,,,,,,,,,,,,,,,genuine_population,gen,auto_ewc_124060_e50d1ad826ff,124060,European Watch Company,https://images.europeanwatch.com/images/39/39410-4.jpg
4a51b55871e0ca8a,images/4a/4a51b55871e0ca8a1d4cfe6075db741f0f43de23ea089ff1d6d93d41c4fb8b13.jpg,pose_rejected,1080,864,overlay unavailable: centroid lattice evidence insufficient,false,,,,0,0,,,,,,,,,,,,,,,,,,,,,,,,,,,,,,,,,,,,,,,,,,,,,,,,,,,,,,,,,,,,,,,,,,,,,,,,,,,,,,,,,,,,,,,,,,,,,,,,,,,,,,,,,,,,,,,,,,,,,,,,,,,,,,,,,,,,,,,,,,,,,,,,,,,,,,,,,,,,,,,,,,,,,,,,,,,,,,,,,,,,,,,,,,,,,,,,,,,,,,,,,,,,,genuine_population,gen,auto_ewc_124060_e50d1ad826ff,124060,European Watch Company,https://images.europeanwatch.com/images/39/39410-5.jpg
e7c211d50e13ee27,images/e7/e7c211d50e13ee27527a6154bb7e219cae3e6270a9d26f351127eb773edd0866.jpg,pose_rejected,1080,864,physical black-dial boundary could not be fitted,false,,,,0,0,,,,,,,,,,,,,,,,,,,,,,,,,,,,,,,,,,,,,,,,,,,,,,,,,,,,,,,,,,,,,,,,,,,,,,,,,,,,,,,,,,,,,,,,,,,,,,,,,,,,,,,,,,,,,,,,,,,,,,,,,,,,,,,,,,,,,,,,,,,,,,,,,,,,,,,,,,,,,,,,,,,,,,,,,,,,,,,,,,,,,,,,,,,,,,,,,,,,,,,,,,,,,genuine_population,gen,auto_ewc_124060_e50d1ad826ff,124060,European Watch Company,https://images.europeanwatch.com/images/39/39410-6.jpg
70b73e048ab97768,images/70/70b73e048ab977683d7a5cb25aa94ccbc3d57e355d58bd468efbf45ff9e84562.jpg,pose_rejected,1080,864,physical black-dial boundary could not be fitted,false,,,,0,0,,,,,,,,,,,,,,,,,,,,,,,,,,,,,,,,,,,,,,,,,,,,,,,,,,,,,,,,,,,,,,,,,,,,,,,,,,,,,,,,,,,,,,,,,,,,,,,,,,,,,,,,,,,,,,,,,,,,,,,,,,,,,,,,,,,,,,,,,,,,,,,,,,,,,,,,,,,,,,,,,,,,,,,,,,,,,,,,,,,,,,,,,,,,,,,,,,,,,,,,,,,,,genuine_population,gen,auto_ewc_124060_e50d1ad826ff,124060,European Watch Company,https://images.europeanwatch.com/images/39/39410-7.jpg
445e3c952d68ede4,images/44/445e3c952d68ede4a1a356d67602cec65d304d3bb18561a3d2b0175673aeeb87.jpg,accepted,1080,864,,true,204.26807,0.99897,0.12663,54,12,204.91608,true,10,0.15360,0.19575,0.24882,-0.01572,-0.00227,true,,-0.10162,0.63434,-0.10960,0.63303,0.64245,-0.63434,-0.10162,0.48496,-0.41514,-0.25092,-1.20877,,1.00000,1.00000,-1.33395,-1.08048,-1.19758,true,,0.00110,0.15057,-0.00068,0.15065,0.15065,0.00110,0.15057,0.13527,-0.13025,-0.03672,-0.51079,,1.00000,1.00000,true,,0.15869,0.19295,0.15661,0.19535,0.25037,0.19295,-0.15869,0.02423,0.02394,0.00328,-0.41731,,1.00000,1.00000,true,,-0.16193,0.11223,-0.16400,0.11046,0.19773,0.16193,-0.11223,0.35443,0.34217,0.08741,-0.56600,,0.95238,1.00000,true,,0.05658,0.38417,0.05190,0.38485,0.38833,-0.30441,0.24108,0.18908,-0.18857,0.01604,,-0.02257,1.00000,1.00000,false,hand/occluder crosses outline (clean 0.74),,,,,,,,,,,,,0.66667,0.74444,true,,0.33627,0.10339,0.33493,0.10759,0.35179,0.34291,-0.07860,0.21214,0.13746,-0.16163,,0.14120,1.00000,1.00000,true,,0.24804,0.18162,0.24604,0.18491,0.30778,0.28131,-0.12400,0.10071,0.06207,-0.07920,,0.12415,1.00000,1.00000,true,,0.20664,0.26501,0.20390,0.26833,0.33701,0.12619,-0.31146,0.09670,0.06275,-0.07319,,0.09133,0.97222,1.00000,true,,0.21667,0.04954,0.21686,0.05234,0.22309,-0.16287,-0.15124,0.14145,-0.09848,0.10082,,0.13902,1.00000,1.00000,true,,0.27735,0.11480,0.27673,0.11873,0.30112,-0.29759,0.03926,0.14157,-0.03974,0.13551,,0.02948,1.00000,1.00000,true,,0.25073,0.34853,0.24676,0.35232,0.43014,-0.42719,0.04287,0.15624,-0.15555,0.01129,,-0.02488,1.00000,1.00000,938,genuine_population,gen,auto_ewc_124060_ceb5b8d52802,124060,European Watch Company,https://images.europeanwatch.com/images/46/46216-1.jpg
728e4c157ef1075d,images/72/728e4c157ef1075da97af7f6caaeec1a62dd65adeb89c640333a52a4998fffd6.jpg,accepted,1080,864,,true,270.06893,0.99926,0.11669,54,12,270.53824,true,10,0.38916,0.22533,0.44969,-0.02202,-0.00308,true,,0.15092,0.88173,0.05484,0.89586,0.89754,-0.88173,0.15092,0.69984,-0.65353,-0.24761,-0.92264,,1.00000,1.00000,-0.99349,-1.01831,-1.52902,true,,0.18552,0.04626,0.17919,0.06640,0.19109,0.18552,0.04626,0.21788,-0.17942,-0.12328,-0.62542,,1.00000,1.00000,true,,0.31856,0.25367,0.29018,0.28791,0.40878,0.25367,-0.31856,0.15732,0.11829,0.10265,-0.30686,,1.00000,1.00000,true,,0.18889,0.04258,0.18431,0.06342,0.19492,-0.18889,-0.04258,0.30742,0.26649,0.14906,-0.34440,,1.00000,1.00000,true,,0.26026,0.42239,0.21308,0.44971,0.49763,-0.23567,0.43658,0.23585,-0.23589,0.00292,,-0.15688,0.98611,1.00000,false,outline coverage 0.69; 6/8 octants,,,,,,,,,,,,,0.69444,0.86111,true,,0.70059,0.02783,0.69294,0.10377,0.70066,0.62064,-0.32619,0.34699,0.22359,-0.26566,,0.06463,0.88889,0.97778,true,,0.49431,0.15740,0.47492,0.21048,0.51947,0.38347,-0.34938,0.10131,0.07045,-0.07262,,0.00001,1.00000,1.00000,true,,0.43287,0.26436,0.40378,0.31135,0.50988,0.01251,-0.50705,0.12114,0.10966,-0.04971,,0.01998,1.00000,1.00000,true,,0.48470,0.01656,0.48315,0.06954,0.48813,-0.41149,-0.25669,0.15339,-0.09811,0.11663,,0.02573,1.00000,1.00000,true,,0.57785,0.11015,0.56564,0.17438,0.59191,-0.55551,0.19353,0.16910,-0.06154,0.15669,,-0.09923,1.00000,1.00000,true,,0.51702,0.40552,0.47183,0.46256,0.66074,-0.60970,0.24500,0.20098,-0.19976,-0.00808,,-0.15700,0.98611,1.00000,1311,genuine_population,gen,auto_ewc_124060_ceb5b8d52802,124060,European Watch Company,https://images.europeanwatch.com/images/46/46216-2.jpg
917eae5464347c2e,images/91/917eae5464347c2e4d538b786621eeaf019913fb44c4175555fdc880d29c34c5.jpg,pose_rejected,1080,864,physical black-dial boundary not found,false,,,,0,0,,,,,,,,,,,,,,,,,,,,,,,,,,,,,,,,,,,,,,,,,,,,,,,,,,,,,,,,,,,,,,,,,,,,,,,,,,,,,,,,,,,,,,,,,,,,,,,,,,,,,,,,,,,,,,,,,,,,,,,,,,,,,,,,,,,,,,,,,,,,,,,,,,,,,,,,,,,,,,,,,,,,,,,,,,,,,,,,,,,,,,,,,,,,,,,,,,,,,,,,,,,,,genuine_population,gen,auto_ewc_124060_ceb5b8d52802,124060,European Watch Company,https://images.europeanwatch.com/images/46/46216-3.jpg
584ed035089cacac,images/58/584ed035089cacacf0b62eef125271c1fb50b5c28715a886980e89166552f9a9.jpg,pose_rejected,1080,864,physical black-dial boundary could not be fitted,false,,,,0,0,,,,,,,,,,,,,,,,,,,,,,,,,,,,,,,,,,,,,,,,,,,,,,,,,,,,,,,,,,,,,,,,,,,,,,,,,,,,,,,,,,,,,,,,,,,,,,,,,,,,,,,,,,,,,,,,,,,,,,,,,,,,,,,,,,,,,,,,,,,,,,,,,,,,,,,,,,,,,,,,,,,,,,,,,,,,,,,,,,,,,,,,,,,,,,,,,,,,,,,,,,,,,genuine_population,gen,auto_ewc_124060_ceb5b8d52802,124060,European Watch Company,https://images.europeanwatch.com/images/46/46216-4.jpg
adfa691245706b56,images/ad/adfa691245706b567874d4691af826fed218c9de044dd19aaccf67d3e2c96239.jpg,pose_rejected,1080,864,physical black-dial boundary not found,false,,,,0,0,,,,,,,,,,,,,,,,,,,,,,,,,,,,,,,,,,,,,,,,,,,,,,,,,,,,,,,,,,,,,,,,,,,,,,,,,,,,,,,,,,,,,,,,,,,,,,,,,,,,,,,,,,,,,,,,,,,,,,,,,,,,,,,,,,,,,,,,,,,,,,,,,,,,,,,,,,,,,,,,,,,,,,,,,,,,,,,,,,,,,,,,,,,,,,,,,,,,,,,,,,,,,genuine_population,gen,auto_ewc_124060_ceb5b8d52802,124060,European Watch Company,https://images.europeanwatch.com/images/46/46216-5.jpg
0b73ce5d95e2aa03,images/0b/0b73ce5d95e2aa03556f33fc176f2db16a18bb346044db3efdcc2ef2d62b5444.jpg,pose_rejected,1080,864,physical black-dial boundary not found,false,,,,0,0,,,,,,,,,,,,,,,,,,,,,,,,,,,,,,,,,,,,,,,,,,,,,,,,,,,,,,,,,,,,,,,,,,,,,,,,,,,,,,,,,,,,,,,,,,,,,,,,,,,,,,,,,,,,,,,,,,,,,,,,,,,,,,,,,,,,,,,,,,,,,,,,,,,,,,,,,,,,,,,,,,,,,,,,,,,,,,,,,,,,,,,,,,,,,,,,,,,,,,,,,,,,,genuine_population,gen,auto_ewc_124060_ceb5b8d52802,124060,European Watch Company,https://images.europeanwatch.com/images/46/46216-6.jpg
02f3c5864aa0b8d1,images/02/02f3c5864aa0b8d157280a4755662a12cb1b7d546c734bb4b4e02f1816b6c103.jpg,pose_rejected,1080,864,overlay unavailable: 12 direction could not be established (minute-lattice branch unknown),false,,,,0,0,,,,,,,,,,,,,,,,,,,,,,,,,,,,,,,,,,,,,,,,,,,,,,,,,,,,,,,,,,,,,,,,,,,,,,,,,,,,,,,,,,,,,,,,,,,,,,,,,,,,,,,,,,,,,,,,,,,,,,,,,,,,,,,,,,,,,,,,,,,,,,,,,,,,,,,,,,,,,,,,,,,,,,,,,,,,,,,,,,,,,,,,,,,,,,,,,,,,,,,,,,,,,genuine_population,gen,auto_ewc_124060_ceb5b8d52802,124060,European Watch Company,https://images.europeanwatch.com/images/46/46216-7.jpg
855041528fc1ac79,images/85/855041528fc1ac79fd05eaf698d6932fdcc958e4b67962ebe7d07260106ccd72.jpg,accepted,1080,864,,true,198.20563,0.99374,0.11049,54,12,199.31826,true,6,-0.10743,-0.24654,0.26893,0.06135,0.20375,true,,0.39836,0.82840,0.40654,0.81478,0.91057,-0.82840,0.39836,1.16232,-1.17504,-0.06351,0.83912,,1.00000,0.96667,0.56968,1.02009,0.52353,true,,-0.24814,0.58306,-0.23964,0.58178,0.62920,-0.24814,0.58306,0.37481,-0.23639,0.29394,-0.24895,,1.00000,0.96667,true,,-0.35206,-0.01319,-0.35361,-0.00965,0.35374,-0.01319,0.35206,0.32505,0.14291,-0.29055,0.14913,,1.00000,0.96667,true,,0.00347,-0.39760,0.00031,-0.39567,0.39567,-0.00347,0.39760,0.43636,-0.20086,-0.38936,0.19971,,1.00000,1.00000,false,outline coverage 0.60; 6/8 octants,,,,,,,,,,,,,0.59722,1.00000,false,outline coverage 0.46; 5/8 octants,,,,,,,,,,,,,0.45833,0.83889,false,outline coverage 0.58; 5/8 octants,,,,,,,,,,,,,0.58333,1.00000,true,,-0.36074,-0.08536,-0.36296,-0.08174,0.37205,-0.25429,0.26973,0.28623,-0.08592,-0.27304,,0.08907,0.88889,1.00000,true,,-0.10224,-0.23825,-0.10496,-0.23739,0.25956,-0.15521,0.20766,0.59339,-0.09141,-0.58402,,0.12512,0.81944,1.00000,true,,-1.51630,-1.52670,-1.53433,-1.50945,2.15236,0.54980,2.08031,1.32848,0.48422,1.23579,,-1.50112,0.63889,1.00000,false,outline coverage 0.57; 6/8 octants,,,,,,,,,,,,,0.56944,1.00000,false,outline coverage 0.60; 7/8 octants,,,,,,,,,,,,,0.59722,0.88333,945,genuine_population,gen,auto_ewc_124060_5812eb095371,124060,European Watch Company,https://images.europeanwatch.com/images/49/49845-1.jpg
6ac54fe6dfcbd61a,images/6a/6ac54fe6dfcbd61a90a0f21bb58fa43401a5ec2a9ffbd5d5a676316c9c60685b.jpg,accepted,1080,864,,true,275.50938,0.99754,0.09647,55,12,277.09674,true,7,-0.19431,0.36200,0.41085,-0.13445,0.11741,true,,0.35959,1.48549,0.20378,1.50365,1.51739,-1.48549,0.35959,0.80317,-0.80666,0.06167,0.78372,,1.00000,0.96667,0.56951,0.92146,0.50978,true,,-0.42867,1.15501,-0.54355,1.10243,1.22915,-0.42867,1.15501,0.34231,0.00998,0.34289,-0.35408,,1.00000,0.96667,true,,-0.63360,0.07297,-0.63867,0.00702,0.63871,0.07297,0.63360,0.05322,-0.02533,0.04672,-0.21713,,1.00000,0.96667,true,,0.10280,-0.21695,0.12494,-0.20447,0.23963,-0.10280,0.21695,0.16816,0.02415,0.16703,0.03288,,0.95238,1.00000,false,outline coverage 0.57; 6/8 octants,,,,,,,,,,,,,0.56944,1.00000,false,hand/occluder crosses outline (clean 0.71),,,,,,,,,,,,,0.38889,0.70556,true,,-0.57701,0.40156,-0.61558,0.33986,0.70317,-0.29892,0.63627,0.23920,-0.05140,-0.23367,,-0.05757,0.63889,1.00000,true,,-0.76113,0.18655,-0.77760,0.10697,0.78493,-0.21900,0.75243,0.17196,-0.16802,-0.03506,,-0.10079,0.88889,1.00000,true,,-0.20135,0.03286,-0.20386,0.01186,0.20420,0.12913,0.15795,0.24967,0.02426,-0.24844,,-0.05874,0.86111,1.00000,true,,-0.28516,-0.07516,-0.27554,-0.10410,0.29455,0.20938,0.20767,0.18704,0.18695,-0.00218,,-0.07010,0.80556,1.00000,false,outline coverage 0.50; 7/8 octants,,,,,,,,,,,,,0.50000,0.96111,false,outline coverage 0.54; 5/8 octants,,,,,,,,,,,,,0.54167,1.00000,1316,genuine_population,gen,auto_ewc_124060_5812eb095371,124060,European Watch Company,https://images.europeanwatch.com/images/49/49845-2.jpg
6f8ed5c0ff041a93,images/6f/6f8ed5c0ff041a933188628eb9bfcd10a0bf0f417d8d410efb30f07bb0dcb03f.jpg,pose_rejected,1080,864,physical black-dial boundary not found,false,,,,0,0,,,,,,,,,,,,,,,,,,,,,,,,,,,,,,,,,,,,,,,,,,,,,,,,,,,,,,,,,,,,,,,,,,,,,,,,,,,,,,,,,,,,,,,,,,,,,,,,,,,,,,,,,,,,,,,,,,,,,,,,,,,,,,,,,,,,,,,,,,,,,,,,,,,,,,,,,,,,,,,,,,,,,,,,,,,,,,,,,,,,,,,,,,,,,,,,,,,,,,,,,,,,,genuine_population,gen,auto_ewc_124060_5812eb095371,124060,European Watch Company,https://images.europeanwatch.com/images/49/49845-3.jpg
85a15f648e4de593,images/85/85a15f648e4de593aa9445c8fe4c8fdc358e77bd9e0d5e9c0a636d84a36bfa1f.jpg,pose_rejected,1080,864,physical black-dial boundary could not be fitted,false,,,,0,0,,,,,,,,,,,,,,,,,,,,,,,,,,,,,,,,,,,,,,,,,,,,,,,,,,,,,,,,,,,,,,,,,,,,,,,,,,,,,,,,,,,,,,,,,,,,,,,,,,,,,,,,,,,,,,,,,,,,,,,,,,,,,,,,,,,,,,,,,,,,,,,,,,,,,,,,,,,,,,,,,,,,,,,,,,,,,,,,,,,,,,,,,,,,,,,,,,,,,,,,,,,,,genuine_population,gen,auto_ewc_124060_5812eb095371,124060,European Watch Company,https://images.europeanwatch.com/images/49/49845-4.jpg
be503e67f1100725,images/be/be503e67f11007257850de03aee72ffd8bb6e52d5a674368f5a9ae5b4354888c.jpg,pose_rejected,1080,864,physical black-dial boundary not found,false,,,,0,0,,,,,,,,,,,,,,,,,,,,,,,,,,,,,,,,,,,,,,,,,,,,,,,,,,,,,,,,,,,,,,,,,,,,,,,,,,,,,,,,,,,,,,,,,,,,,,,,,,,,,,,,,,,,,,,,,,,,,,,,,,,,,,,,,,,,,,,,,,,,,,,,,,,,,,,,,,,,,,,,,,,,,,,,,,,,,,,,,,,,,,,,,,,,,,,,,,,,,,,,,,,,,genuine_population,gen,auto_ewc_124060_5812eb095371,124060,European Watch Company,https://images.europeanwatch.com/images/49/49845-5.jpg
2e33da857f09e627,images/2e/2e33da857f09e6277fa9d7e50f3f76627d7fdc7cefda5c24fbddc3d618074949.jpg,pose_rejected,1080,864,physical black-dial boundary not found,false,,,,0,0,,,,,,,,,,,,,,,,,,,,,,,,,,,,,,,,,,,,,,,,,,,,,,,,,,,,,,,,,,,,,,,,,,,,,,,,,,,,,,,,,,,,,,,,,,,,,,,,,,,,,,,,,,,,,,,,,,,,,,,,,,,,,,,,,,,,,,,,,,,,,,,,,,,,,,,,,,,,,,,,,,,,,,,,,,,,,,,,,,,,,,,,,,,,,,,,,,,,,,,,,,,,,genuine_population,gen,auto_ewc_124060_5812eb095371,124060,European Watch Company,https://images.europeanwatch.com/images/49/49845-6.jpg
37662bef338053b8,images/37/37662bef338053b8161c799aa0b8154a52629fb6baad57a83dc0d54c0e9619a8.jpg,pose_rejected,1080,864,physical black-dial boundary could not be fitted,false,,,,0,0,,,,,,,,,,,,,,,,,,,,,,,,,,,,,,,,,,,,,,,,,,,,,,,,,,,,,,,,,,,,,,,,,,,,,,,,,,,,,,,,,,,,,,,,,,,,,,,,,,,,,,,,,,,,,,,,,,,,,,,,,,,,,,,,,,,,,,,,,,,,,,,,,,,,,,,,,,,,,,,,,,,,,,,,,,,,,,,,,,,,,,,,,,,,,,,,,,,,,,,,,,,,,genuine_population,gen,auto_ewc_124060_5812eb095371,124060,European Watch Company,https://images.europeanwatch.com/images/49/49845-7.jpg
fe415ba6ad0b207e,images/fe/fe415ba6ad0b207e13a31c8ac4778b62974297dcc3e007e9737fe6ed917b58c2.jpg,accepted,900,900,,true,166.43108,0.96154,0.18200,54,12,161.40536,true,10,0.97445,-0.60081,1.14478,0.00198,-0.00105,true,,1.80603,-0.74312,1.65501,-0.97613,1.92143,0.74312,1.80603,0.79303,0.29665,0.74885,0.26799,,1.00000,1.00000,-0.09079,0.54996,-0.00376,true,,0.99954,-0.33163,0.91405,-0.47213,1.02879,0.99954,-0.33163,0.12864,-0.06242,0.11452,0.03139,,0.95238,1.00000,true,,1.62717,-0.29959,1.58127,-0.56176,1.67810,-0.29959,-1.62717,0.60208,0.14189,-0.56541,0.28769,,0.90476,1.00000,true,,0.73498,-0.30153,0.69481,-0.41618,0.80992,-0.73498,0.30153,0.35794,0.32211,-0.14015,-0.00625,,1.00000,1.00000,true,,0.89088,-0.29112,0.82106,-0.40551,0.91574,0.69756,0.62596,0.22191,-0.21925,-0.06726,,-0.21182,0.83333,1.00000,false,hand/occluder crosses outline (clean 0.72),,,,,,,,,,,,,0.56944,0.72222,true,,1.27294,-0.43655,1.16621,-0.62760,1.32436,0.88412,-1.01454,0.21019,0.18590,-0.09793,,-0.09515,0.84722,1.00000,true,,0.82961,-0.56595,0.71108,-0.70299,0.99991,-0.07532,-1.00144,0.27300,-0.22325,0.14050,,-0.03364,0.86111,1.00000,true,,1.00892,-0.59834,0.91010,-0.77483,1.19526,-1.02263,-0.57458,0.17572,-0.11103,0.12344,,-0.09434,0.83333,1.00000,true,,0.94264,-0.58960,0.85218,-0.75113,1.13596,-1.11115,0.03929,0.20059,0.02578,0.18700,,-0.06955,0.81944,1.00000,true,,1.07110,-0.58507,0.97986,-0.74234,1.22930,-0.63507,1.04223,0.14598,0.05795,0.13042,,-0.16076,0.81944,1.00000,true,,1.21869,-0.43399,1.14588,-0.59894,1.29297,-0.23350,1.27242,0.16655,-0.09078,0.13527,,-0.23063,0.83333,1.00000,759,genuine_population,gen,auto_davidsw_124060_911ce140f7b9,124060,DavidSW,https://davidsw.com/wp-content/uploads/2026/08/26.08.18-110.jpg
848b12d7004b393f,images/84/848b12d7004b393fe3df01c82fecd6a3af1fab7cf6489956853b604bbf62972b.jpg,pose_rejected,900,900,overlay unavailable: 12 direction could not be established (minute-lattice branch unknown),false,,,,0,0,,,,,,,,,,,,,,,,,,,,,,,,,,,,,,,,,,,,,,,,,,,,,,,,,,,,,,,,,,,,,,,,,,,,,,,,,,,,,,,,,,,,,,,,,,,,,,,,,,,,,,,,,,,,,,,,,,,,,,,,,,,,,,,,,,,,,,,,,,,,,,,,,,,,,,,,,,,,,,,,,,,,,,,,,,,,,,,,,,,,,,,,,,,,,,,,,,,,,,,,,,,,,genuine_population,gen,auto_davidsw_124060_911ce140f7b9,124060,DavidSW,https://davidsw.com/wp-content/uploads/2026/08/26.08.18-108.jpg
3cce6d1b709364b0,images/3c/3cce6d1b709364b02c0427a1fdf1d6954901ef4d5d311dfae1f67a9711a2ff7f.jpg,accepted,900,900,,true,262.94162,0.99776,0.12052,54,12,263.71644,true,10,0.21316,0.48248,0.52747,-0.00409,0.02034,true,,0.47946,0.94191,0.48239,0.93872,1.05541,-0.94191,0.47946,0.48944,-0.45047,0.19330,0.37058,,1.00000,1.00000,0.06674,0.57102,0.00262,true,,0.08040,0.51511,0.08287,0.51501,0.52164,0.08040,0.51511,0.12876,-0.12274,-0.03876,0.11091,,0.85714,0.96667,true,,0.18273,0.97452,0.18653,0.97698,0.99463,0.97452,-0.18273,0.50329,0.49990,-0.04245,0.25987,,1.00000,1.00000,true,,-0.08483,0.56258,-0.08363,0.56338,0.56955,0.08483,-0.56258,0.34016,0.30437,-0.15082,-0.08648,,0.95238,0.96667,true,,0.32492,0.51870,0.32676,0.51683,0.61146,-0.28675,0.54074,0.05285,0.03450,0.04014,,-0.49911,0.84722,0.93333,false,hand/occluder crosses outline (clean 0.65),,,,,,,,,,,,,0.61111,0.65000,true,,0.39769,0.45759,0.40006,0.45708,0.60742,0.57320,0.19744,0.24777,0.15755,-0.19118,,-0.47477,1.00000,1.00000,true,,-0.01220,0.19276,-0.01139,0.19334,0.19367,0.16084,0.10694,0.35627,-0.35418,-0.02760,,-0.45168,1.00000,1.00000,true,,0.07794,0.20421,0.07869,0.20459,0.21920,0.13788,-0.16960,0.24446,-0.16580,0.17867,,-0.43880,1.00000,1.00000,true,,0.21795,0.32496,0.21911,0.32501,0.39197,-0.02627,-0.39040,0.09527,-0.07586,0.05724,,-0.45101,1.00000,1.00000,true,,0.26650,0.48798,0.26777,0.48702,0.55578,-0.47478,-0.28936,0.06737,-0.04156,-0.05306,,-0.42265,0.84722,1.00000,true,,0.56080,0.51121,0.56207,0.50890,0.75823,-0.72312,0.23006,0.28514,-0.19053,0.21228,,-0.46080,0.87500,1.00000,1181,genuine_population,gen,auto_davidsw_124060_911ce140f7b9,124060,DavidSW,https://davidsw.com/wp-content/uploads/2026/08/26.08.18-109.jpg
8751950c5ff2e42b,images/87/8751950c5ff2e42b07e99fcf982c5688a30739a7b1315774d938dbbe18a6b5a0.jpg,pose_rejected,900,900,physical black-dial boundary could not be fitted,false,,,,0,0,,,,,,,,,,,,,,,,,,,,,,,,,,,,,,,,,,,,,,,,,,,,,,,,,,,,,,,,,,,,,,,,,,,,,,,,,,,,,,,,,,,,,,,,,,,,,,,,,,,,,,,,,,,,,,,,,,,,,,,,,,,,,,,,,,,,,,,,,,,,,,,,,,,,,,,,,,,,,,,,,,,,,,,,,,,,,,,,,,,,,,,,,,,,,,,,,,,,,,,,,,,,,genuine_population,gen,auto_davidsw_124060_911ce140f7b9,124060,DavidSW,https://davidsw.com/wp-content/uploads/2026/08/26.08.18-115.jpg
a1bfaf5a1c5e2de4,images/a1/a1bfaf5a1c5e2de49301f2cbd265c815ee509f91bbc33f2e74ba55d70488557d.jpg,pose_rejected,900,900,physical black-dial boundary not found,false,,,,0,0,,,,,,,,,,,,,,,,,,,,,,,,,,,,,,,,,,,,,,,,,,,,,,,,,,,,,,,,,,,,,,,,,,,,,,,,,,,,,,,,,,,,,,,,,,,,,,,,,,,,,,,,,,,,,,,,,,,,,,,,,,,,,,,,,,,,,,,,,,,,,,,,,,,,,,,,,,,,,,,,,,,,,,,,,,,,,,,,,,,,,,,,,,,,,,,,,,,,,,,,,,,,,genuine_population,gen,auto_davidsw_124060_911ce140f7b9,124060,DavidSW,https://davidsw.com/wp-content/uploads/2026/08/26.08.18-114.jpg
efe4f0c579f2054b,images/ef/efe4f0c579f2054bc577275875bd4d6943baed79329d634150a2cc39fcc389d0.jpg,pose_rejected,900,900,physical black-dial boundary not found,false,,,,0,0,,,,,,,,,,,,,,,,,,,,,,,,,,,,,,,,,,,,,,,,,,,,,,,,,,,,,,,,,,,,,,,,,,,,,,,,,,,,,,,,,,,,,,,,,,,,,,,,,,,,,,,,,,,,,,,,,,,,,,,,,,,,,,,,,,,,,,,,,,,,,,,,,,,,,,,,,,,,,,,,,,,,,,,,,,,,,,,,,,,,,,,,,,,,,,,,,,,,,,,,,,,,,genuine_population,gen,auto_davidsw_124060_911ce140f7b9,124060,DavidSW,https://davidsw.com/wp-content/uploads/2026/08/26.08.18-113.jpg
f85255084ee671f1,images/f8/f85255084ee671f136b8caa246fcb1c1d2820c688e50e3c036437ebbc63d612c.jpg,pose_rejected,900,900,physical black-dial boundary could not be fitted,false,,,,0,0,,,,,,,,,,,,,,,,,,,,,,,,,,,,,,,,,,,,,,,,,,,,,,,,,,,,,,,,,,,,,,,,,,,,,,,,,,,,,,,,,,,,,,,,,,,,,,,,,,,,,,,,,,,,,,,,,,,,,,,,,,,,,,,,,,,,,,,,,,,,,,,,,,,,,,,,,,,,,,,,,,,,,,,,,,,,,,,,,,,,,,,,,,,,,,,,,,,,,,,,,,,,,genuine_population,gen,auto_davidsw_124060_911ce140f7b9,124060,DavidSW,https://davidsw.com/wp-content/uploads/2026/08/26.08.18-111.jpg
c0eefd9f03b9481d,images/c0/c0eefd9f03b9481d66b0b123c292ed49129ad3ff953fac684a61aa3bc05a006f.jpg,pose_rejected,900,900,physical black-dial boundary not found,false,,,,0,0,,,,,,,,,,,,,,,,,,,,,,,,,,,,,,,,,,,,,,,,,,,,,,,,,,,,,,,,,,,,,,,,,,,,,,,,,,,,,,,,,,,,,,,,,,,,,,,,,,,,,,,,,,,,,,,,,,,,,,,,,,,,,,,,,,,,,,,,,,,,,,,,,,,,,,,,,,,,,,,,,,,,,,,,,,,,,,,,,,,,,,,,,,,,,,,,,,,,,,,,,,,,,genuine_population,gen,auto_davidsw_124060_911ce140f7b9,124060,DavidSW,https://davidsw.com/wp-content/uploads/2026/08/26.08.18-112.jpg
f1e212d88da74dc7,images/f1/f1e212d88da74dc7b8db95c4134421ae9f0fa5ba8e4c006ae52b679a43a61cf1.jpg,pose_rejected,32,32,physical black-dial boundary not found,false,,,,0,0,,,,,,,,,,,,,,,,,,,,,,,,,,,,,,,,,,,,,,,,,,,,,,,,,,,,,,,,,,,,,,,,,,,,,,,,,,,,,,,,,,,,,,,,,,,,,,,,,,,,,,,,,,,,,,,,,,,,,,,,,,,,,,,,,,,,,,,,,,,,,,,,,,,,,,,,,,,,,,,,,,,,,,,,,,,,,,,,,,,,,,,,,,,,,,,,,,,,,,,,,,,,,genuine_population,gen,auto_davidsw_124060_911ce140f7b9,124060,DavidSW,https://davidsw.com/wp-content/uploads/2026/08/26.08.18-110-32x32.jpg
f5893aba6c6a05ea,images/f5/f5893aba6c6a05ea6bd5d4dff8a43a48ee5b54c37409953c779e3fb1a5c9dcb5.jpg,pose_rejected,100,100,physical black-dial boundary could not be fitted,false,,,,0,0,,,,,,,,,,,,,,,,,,,,,,,,,,,,,,,,,,,,,,,,,,,,,,,,,,,,,,,,,,,,,,,,,,,,,,,,,,,,,,,,,,,,,,,,,,,,,,,,,,,,,,,,,,,,,,,,,,,,,,,,,,,,,,,,,,,,,,,,,,,,,,,,,,,,,,,,,,,,,,,,,,,,,,,,,,,,,,,,,,,,,,,,,,,,,,,,,,,,,,,,,,,,,genuine_population,gen,auto_davidsw_124060_911ce140f7b9,124060,DavidSW,https://davidsw.com/wp-content/uploads/2026/08/26.08.18-110-100x100.jpg
493539781bde43cf,images/49/493539781bde43cf57c5f73d6c3af68c4b62f74967a0ec651a181549ff76bc9a.jpg,accepted,900,900,,true,162.64588,0.97769,0.17833,54,12,154.16905,true,11,1.12608,-0.59096,1.27173,0.09315,0.15255,true,,1.80317,-0.74023,1.66196,-0.99467,1.93687,0.74023,1.80317,0.34910,0.22056,0.27459,0.00328,,1.00000,1.00000,-0.53765,0.72117,0.61307,true,,1.52337,-0.03397,1.49039,-0.25842,1.51263,1.52337,-0.03397,0.22318,0.21383,0.05934,0.10486,,1.00000,0.90000,true,,1.25467,-0.26929,1.20911,-0.47707,1.29983,-0.26929,-1.25467,0.37363,0.02661,-0.36573,0.31432,,1.00000,1.00000,true,,1.21715,-0.66869,1.11863,-0.87144,1.41800,-1.21715,0.66869,0.14013,-0.12563,-0.04782,0.01761,,0.95238,1.00000,true,,1.42167,-0.28509,1.35160,-0.48308,1.43534,0.95773,1.08866,0.13545,-0.11004,-0.08255,,-0.31031,0.98611,1.00000,true,,1.28986,-0.08388,1.25116,-0.26718,1.27937,1.15899,0.57229,0.19635,-0.20000,-0.01128,,-0.37146,0.95833,1.00000,true,,0.96072,-0.13359,0.92138,-0.28184,0.96352,0.76522,-0.59605,0.19281,-0.18885,0.02091,,-0.24325,0.95833,1.00000,true,,0.97390,-0.14665,0.94015,-0.30321,0.98784,0.35995,-0.91675,0.01099,-0.00649,-0.00857,,-0.29446,0.98611,1.00000,true,,0.69654,-0.38198,0.63505,-0.50559,0.81173,-0.67908,-0.41223,0.18372,0.15502,0.09103,,-0.17468,0.81944,1.00000,true,,0.79956,-0.66393,0.69315,-0.81022,1.06626,-1.02440,0.17520,0.14096,0.10091,0.09084,,-0.26666,0.95833,1.00000,true,,1.25799,-0.88824,1.11666,-1.09000,1.56046,-0.64533,1.39824,0.14102,0.07507,0.11334,,-0.23503,0.97222,1.00000,true,,1.49883,-0.78972,1.36599,-1.01118,1.69953,-0.06550,1.69289,0.13578,0.06727,0.11677,,-0.29271,1.00000,1.00000,792,genuine_population,gen,auto_davidsw_124060_36185ea2c96c,124060,DavidSW,https://davidsw.com/wp-content/uploads/2026/01/26.01.12-122.jpg
80a6ba9bf517ee0c,images/80/80a6ba9bf517ee0c471177b3693ec2451f6326b114dee8213e95a17a378f853f.jpg,pose_rejected,900,900,physical black-dial boundary not found,false,,,,0,0,,,,,,,,,,,,,,,,,,,,,,,,,,,,,,,,,,,,,,,,,,,,,,,,,,,,,,,,,,,,,,,,,,,,,,,,,,,,,,,,,,,,,,,,,,,,,,,,,,,,,,,,,,,,,,,,,,,,,,,,,,,,,,,,,,,,,,,,,,,,,,,,,,,,,,,,,,,,,,,,,,,,,,,,,,,,,,,,,,,,,,,,,,,,,,,,,,,,,,,,,,,,,genuine_population,gen,auto_davidsw_124060_36185ea2c96c,124060,DavidSW,https://davidsw.com/wp-content/uploads/2026/01/26.01.12-120.jpg
300443c8ae84ff63,images/30/300443c8ae84ff637ee9cc6070aa5763a8525e624bec6a602741a8dc734c2a2d.jpg,accepted,900,900,,true,256.02597,0.99590,0.10955,54,12,257.57564,true,10,0.25918,0.69933,0.74581,0.15960,0.15003,true,,0.71499,0.74328,0.73050,0.73120,1.03358,-0.74328,0.71499,0.37327,-0.36557,-0.06975,0.38822,,1.00000,1.00000,0.04056,0.83114,0.72310,true,,1.04065,1.10277,1.06010,1.08166,1.51453,1.04065,1.10277,0.49707,0.48286,-0.11547,0.21970,,1.00000,0.96667,true,,-0.18205,1.09236,-0.15963,1.08516,1.09683,1.09236,0.18205,0.11157,0.07406,-0.08422,0.34624,,1.00000,1.00000,true,,0.22988,0.12355,0.23151,0.11877,0.26020,-0.22988,-0.12355,0.30272,-0.29621,0.07068,0.11619,,0.95238,0.96667,true,,0.72221,0.76672,0.73786,0.75475,1.05550,-0.30289,1.00881,0.18301,-0.14860,-0.10587,,-0.15390,1.00000,1.00000,false,hand/occluder crosses outline (clean 0.51),,,,,,,,,,,,,0.77778,0.51111,true,,-0.04760,1.28830,-0.02565,1.28241,1.28266,0.60293,1.13950,0.31413,-0.29746,0.10198,,-0.14958,1.00000,1.00000,true,,-0.21069,1.28699,-0.18668,1.28006,1.29360,1.00922,0.82596,0.14885,-0.05973,0.13688,,-0.22722,1.00000,1.00000,true,,-0.40342,0.75629,-0.38474,0.75567,0.84797,0.85668,-0.02877,0.03505,0.03345,-0.01161,,-0.24446,1.00000,1.00000,true,,-0.48435,0.43963,-0.47135,0.44449,0.64787,0.63928,-0.13855,0.16982,0.16449,0.04717,,-0.24053,1.00000,1.00000,true,,0.16705,0.09358,0.16861,0.09025,0.19124,-0.19145,0.00248,0.06976,0.04000,-0.05752,,-0.16191,0.98611,1.00000,true,,0.54952,0.11625,0.55148,0.10562,0.56150,-0.37544,0.41777,0.02634,0.02458,0.00933,,-0.16750,1.00000,1.00000,1147,genuine_population,gen,auto_davidsw_124060_36185ea2c96c,124060,DavidSW,https://davidsw.com/wp-content/uploads/2026/01/26.01.12-121.jpg
b4c9de29f3d0c228,images/b4/b4c9de29f3d0c228cfb70ea56993eb60d47bd37cf5c95f7799eb5f25da549511.jpg,pose_rejected,900,900,physical black-dial boundary not found,false,,,,0,0,,,,,,,,,,,,,,,,,,,,,,,,,,,,,,,,,,,,,,,,,,,,,,,,,,,,,,,,,,,,,,,,,,,,,,,,,,,,,,,,,,,,,,,,,,,,,,,,,,,,,,,,,,,,,,,,,,,,,,,,,,,,,,,,,,,,,,,,,,,,,,,,,,,,,,,,,,,,,,,,,,,,,,,,,,,,,,,,,,,,,,,,,,,,,,,,,,,,,,,,,,,,,genuine_population,gen,auto_davidsw_124060_36185ea2c96c,124060,DavidSW,https://davidsw.com/wp-content/uploads/2026/01/26.01.12-127.jpg
b0bff20f0be6bcfb,images/b0/b0bff20f0be6bcfbd4674e1be39a6797a0cbbd2d7741f781c5c876d8a114c174.jpg,pose_rejected,900,900,physical black-dial boundary not found,false,,,,0,0,,,,,,,,,,,,,,,,,,,,,,,,,,,,,,,,,,,,,,,,,,,,,,,,,,,,,,,,,,,,,,,,,,,,,,,,,,,,,,,,,,,,,,,,,,,,,,,,,,,,,,,,,,,,,,,,,,,,,,,,,,,,,,,,,,,,,,,,,,,,,,,,,,,,,,,,,,,,,,,,,,,,,,,,,,,,,,,,,,,,,,,,,,,,,,,,,,,,,,,,,,,,,genuine_population,gen,auto_davidsw_124060_36185ea2c96c,124060,DavidSW,https://davidsw.com/wp-content/uploads/2026/01/26.01.12-126.jpg
4efe06d6a3a299c1,images/4e/4efe06d6a3a299c1844e22e2bdeb89bd1d59173b92e5c24a4d4ef5c2d64c8659.jpg,pose_rejected,900,900,physical black-dial boundary not found,false,,,,0,0,,,,,,,,,,,,,,,,,,,,,,,,,,,,,,,,,,,,,,,,,,,,,,,,,,,,,,,,,,,,,,,,,,,,,,,,,,,,,,,,,,,,,,,,,,,,,,,,,,,,,,,,,,,,,,,,,,,,,,,,,,,,,,,,,,,,,,,,,,,,,,,,,,,,,,,,,,,,,,,,,,,,,,,,,,,,,,,,,,,,,,,,,,,,,,,,,,,,,,,,,,,,,genuine_population,gen,auto_davidsw_124060_36185ea2c96c,124060,DavidSW,https://davidsw.com/wp-content/uploads/2026/01/26.01.12-125.jpg
e6a965999c44bac2,images/e6/e6a965999c44bac2f89297278bb4e91b6c0bdb964630cbd39f29c9839f5f818a.jpg,pose_rejected,900,900,physical black-dial boundary could not be fitted,false,,,,0,0,,,,,,,,,,,,,,,,,,,,,,,,,,,,,,,,,,,,,,,,,,,,,,,,,,,,,,,,,,,,,,,,,,,,,,,,,,,,,,,,,,,,,,,,,,,,,,,,,,,,,,,,,,,,,,,,,,,,,,,,,,,,,,,,,,,,,,,,,,,,,,,,,,,,,,,,,,,,,,,,,,,,,,,,,,,,,,,,,,,,,,,,,,,,,,,,,,,,,,,,,,,,,genuine_population,gen,auto_davidsw_124060_36185ea2c96c,124060,DavidSW,https://davidsw.com/wp-content/uploads/2026/01/26.01.12-123.jpg
3c1cf7e45e85ab3c,images/3c/3c1cf7e45e85ab3c3646843ca3a435b728322a94aa36044ac70958b1ef986e9a.jpg,pose_rejected,900,900,physical black-dial boundary could not be fitted,false,,,,0,0,,,,,,,,,,,,,,,,,,,,,,,,,,,,,,,,,,,,,,,,,,,,,,,,,,,,,,,,,,,,,,,,,,,,,,,,,,,,,,,,,,,,,,,,,,,,,,,,,,,,,,,,,,,,,,,,,,,,,,,,,,,,,,,,,,,,,,,,,,,,,,,,,,,,,,,,,,,,,,,,,,,,,,,,,,,,,,,,,,,,,,,,,,,,,,,,,,,,,,,,,,,,,genuine_population,gen,auto_davidsw_124060_36185ea2c96c,124060,DavidSW,https://davidsw.com/wp-content/uploads/2026/01/26.01.12-124.jpg
bd2ec5e22bc68bdd,images/bd/bd2ec5e22bc68bddc78f3e2520fb370db9143bdd7e4edefa5cf29266e8520de3.jpg,pose_rejected,32,32,physical black-dial boundary not found,false,,,,0,0,,,,,,,,,,,,,,,,,,,,,,,,,,,,,,,,,,,,,,,,,,,,,,,,,,,,,,,,,,,,,,,,,,,,,,,,,,,,,,,,,,,,,,,,,,,,,,,,,,,,,,,,,,,,,,,,,,,,,,,,,,,,,,,,,,,,,,,,,,,,,,,,,,,,,,,,,,,,,,,,,,,,,,,,,,,,,,,,,,,,,,,,,,,,,,,,,,,,,,,,,,,,,genuine_population,gen,auto_davidsw_124060_36185ea2c96c,124060,DavidSW,https://davidsw.com/wp-content/uploads/2026/01/26.01.12-122-32x32.jpg
0bc163325f228c30,images/0b/0bc163325f228c3020fa00cf6d4b98126d5483e860f8092e5585cd4d28a8af1a.jpg,pose_rejected,100,100,physical black-dial boundary could not be fitted,false,,,,0,0,,,,,,,,,,,,,,,,,,,,,,,,,,,,,,,,,,,,,,,,,,,,,,,,,,,,,,,,,,,,,,,,,,,,,,,,,,,,,,,,,,,,,,,,,,,,,,,,,,,,,,,,,,,,,,,,,,,,,,,,,,,,,,,,,,,,,,,,,,,,,,,,,,,,,,,,,,,,,,,,,,,,,,,,,,,,,,,,,,,,,,,,,,,,,,,,,,,,,,,,,,,,,genuine_population,gen,auto_davidsw_124060_36185ea2c96c,124060,DavidSW,https://davidsw.com/wp-content/uploads/2026/01/26.01.12-122-100x100.jpg
5fa5736bf56385c3,images/5f/5fa5736bf56385c31b812265ccc69d6506b8e68aa0925021fb261c236996730d.jpg,accepted,900,900,,true,163.97106,0.95483,0.16648,54,12,154.27631,true,10,0.65781,-0.52597,0.84223,-0.01423,-0.00199,true,,1.15941,-0.49266,1.03434,-0.70829,1.25361,0.49266,1.15941,0.43353,0.13556,0.41315,-0.01543,,1.00000,1.00000,-0.26423,0.41915,0.64062,false,hand/occluder crosses outline (clean 0.53),,,,,,,,,,,,,0.61905,0.53333,true,,0.53627,-0.37983,0.44432,-0.49792,0.66734,-0.37983,-0.53627,0.22218,0.01149,0.21837,0.20401,,0.95238,1.00000,true,,0.90373,-0.37651,0.82776,-0.56575,1.00263,-0.90373,0.37651,0.14088,-0.13651,0.00593,-0.12595,,0.90476,1.00000,true,,0.61889,-0.18770,0.56324,-0.30192,0.63906,0.47200,0.44213,0.20890,-0.20987,-0.01618,,-0.19203,0.79167,1.00000,true,,0.38132,-0.49347,0.25593,-0.56149,0.61706,0.57697,-0.23670,0.37581,-0.24249,-0.28316,,-0.13845,0.81944,1.00000,true,,1.09296,-0.59222,0.92736,-0.81230,1.23282,0.65042,-1.05935,0.40722,0.20561,-0.35525,,-0.04300,0.72222,0.80000,true,,0.90671,-0.23970,0.83634,-0.42901,0.93996,0.24577,-0.90509,0.22930,0.21281,-0.06339,,-0.03462,0.80556,1.00000,true,,0.52657,-0.34531,0.44864,-0.46332,0.64494,-0.56233,-0.28337,0.24641,0.15527,0.18368,,0.02003,0.93056,1.00000,true,,0.67347,-0.28437,0.61559,-0.43043,0.75114,-0.72543,-0.09046,0.13842,0.12976,-0.03527,,0.07568,0.98611,1.00000,true,,0.90191,-0.42373,0.81294,-0.60546,1.01364,-0.56921,0.81792,0.15392,-0.08867,0.12255,,-0.07604,0.81944,1.00000,true,,0.98449,-0.43624,0.88493,-0.62539,1.08361,-0.11445,1.07071,0.24409,-0.04576,0.23775,,-0.15839,0.83333,1.00000,808,genuine_population,gen,auto_davidsw_124060_5f3e76a1ef3e,124060,DavidSW,https://davidsw.com/wp-content/uploads/2025/07/25.07.07-11.jpg
303f8c74471a80e5,images/30/303f8c74471a80e5c3c7645cbfd2409f1f5b0dd6be216a6740870f818288ce89.jpg,pose_rejected,900,900,physical black-dial boundary not found,false,,,,0,0,,,,,,,,,,,,,,,,,,,,,,,,,,,,,,,,,,,,,,,,,,,,,,,,,,,,,,,,,,,,,,,,,,,,,,,,,,,,,,,,,,,,,,,,,,,,,,,,,,,,,,,,,,,,,,,,,,,,,,,,,,,,,,,,,,,,,,,,,,,,,,,,,,,,,,,,,,,,,,,,,,,,,,,,,,,,,,,,,,,,,,,,,,,,,,,,,,,,,,,,,,,,,genuine_population,gen,auto_davidsw_124060_5f3e76a1ef3e,124060,DavidSW,https://davidsw.com/wp-content/uploads/2025/07/25.07.07-9.jpg
033133202cf757da,images/03/033133202cf757dad919a76e72c9bc3635981192c4c31f103d6808defcc1dadb.jpg,accepted,900,900,,true,266.52684,0.98886,0.17721,55,12,250.40378,true,10,0.01806,0.32743,0.32793,-0.01909,-0.01934,true,,-0.26061,0.91271,-0.25471,0.91945,0.95408,-0.91271,-0.26061,0.58762,-0.54616,-0.20880,0.38802,,1.00000,1.00000,0.36433,0.46417,0.57805,true,,-0.05400,0.09821,-0.05371,0.09837,0.11208,-0.05400,0.09821,0.16903,-0.03346,-0.16599,0.09446,,1.00000,0.96667,true,,0.17300,0.33584,0.17448,0.33166,0.37476,0.33584,-0.17300,0.10234,0.04376,-0.09310,0.03271,,1.00000,1.00000,true,,0.02661,0.43868,0.03129,0.43692,0.43804,-0.02661,-0.43868,0.05239,0.02542,-0.04616,-0.44668,,1.00000,0.96667,true,,-0.26675,0.44693,-0.26531,0.45099,0.52324,-0.52043,-0.00754,0.23691,-0.20504,-0.11659,,-0.27281,0.93056,1.00000,true,,-0.25720,0.05452,-0.25767,0.05626,0.26374,-0.25000,-0.08139,0.31122,-0.06056,-0.30486,,-0.31565,0.95833,1.00000,false,hand/occluder crosses outline (clean 0.66),,,,,,,,,,,,,0.76389,0.65556,true,,0.34720,0.57691,0.34880,0.57013,0.66836,0.67321,-0.01223,0.42752,0.41986,-0.09401,,-0.18673,1.00000,1.00000,true,,-0.29771,0.32338,-0.29296,0.32148,0.43494,0.42891,0.09614,0.39013,0.19130,0.34272,,-0.14295,1.00000,1.00000,true,,0.08292,0.25624,0.08518,0.25387,0.26778,0.05631,-0.26337,0.11139,-0.05535,0.09763,,-0.23749,0.98611,1.00000,true,,0.21860,0.35820,0.22211,0.35701,0.42046,-0.36841,-0.20091,0.20893,-0.15171,0.14435,,-0.33620,0.97222,1.00000,true,,0.24822,0.43743,0.25247,0.43748,0.50511,-0.50294,-0.00376,0.27603,-0.17181,0.21556,,-0.31737,0.97222,1.00000,1123,genuine_population,gen,auto_davidsw_124060_5f3e76a1ef3e,124060,DavidSW,https://davidsw.com/wp-content/uploads/2025/07/25.07.07-10.jpg
d22b335fc6f4a414,images/d2/d22b335fc6f4a4146aeae32d805ed9281d67c38470c02358753d943d61a8ed36.jpg,pose_rejected,900,900,physical black-dial boundary not found,false,,,,0,0,,,,,,,,,,,,,,,,,,,,,,,,,,,,,,,,,,,,,,,,,,,,,,,,,,,,,,,,,,,,,,,,,,,,,,,,,,,,,,,,,,,,,,,,,,,,,,,,,,,,,,,,,,,,,,,,,,,,,,,,,,,,,,,,,,,,,,,,,,,,,,,,,,,,,,,,,,,,,,,,,,,,,,,,,,,,,,,,,,,,,,,,,,,,,,,,,,,,,,,,,,,,,genuine_population,gen,auto_davidsw_124060_5f3e76a1ef3e,124060,DavidSW,https://davidsw.com/wp-content/uploads/2025/07/25.07.07-16.jpg
d8de6984291c74e3,images/d8/d8de6984291c74e3e65b8de50759351921898aad7198dbc7835f1daabcc00d9d.jpg,pose_rejected,900,900,physical black-dial boundary could not be fitted,false,,,,0,0,,,,,,,,,,,,,,,,,,,,,,,,,,,,,,,,,,,,,,,,,,,,,,,,,,,,,,,,,,,,,,,,,,,,,,,,,,,,,,,,,,,,,,,,,,,,,,,,,,,,,,,,,,,,,,,,,,,,,,,,,,,,,,,,,,,,,,,,,,,,,,,,,,,,,,,,,,,,,,,,,,,,,,,,,,,,,,,,,,,,,,,,,,,,,,,,,,,,,,,,,,,,,genuine_population,gen,auto_davidsw_124060_5f3e76a1ef3e,124060,DavidSW,https://davidsw.com/wp-content/uploads/2025/07/25.07.07-15.jpg
a3694e1cc74091b4,images/a3/a3694e1cc74091b492d8105564d23982072bf176ffd591ca7a1f241869c0e793.jpg,pose_rejected,900,900,physical black-dial boundary could not be fitted,false,,,,0,0,,,,,,,,,,,,,,,,,,,,,,,,,,,,,,,,,,,,,,,,,,,,,,,,,,,,,,,,,,,,,,,,,,,,,,,,,,,,,,,,,,,,,,,,,,,,,,,,,,,,,,,,,,,,,,,,,,,,,,,,,,,,,,,,,,,,,,,,,,,,,,,,,,,,,,,,,,,,,,,,,,,,,,,,,,,,,,,,,,,,,,,,,,,,,,,,,,,,,,,,,,,,,genuine_population,gen,auto_davidsw_124060_5f3e76a1ef3e,124060,DavidSW,https://davidsw.com/wp-content/uploads/2025/07/25.07.07-14.jpg
2ac951dfd6e51437,images/2a/2ac951dfd6e51437675dbb6db0d7103f7f5ce1b0e2a54fad7ee57293cc67ab0b.jpg,pose_rejected,900,900,physical black-dial boundary could not be fitted,false,,,,0,0,,,,,,,,,,,,,,,,,,,,,,,,,,,,,,,,,,,,,,,,,,,,,,,,,,,,,,,,,,,,,,,,,,,,,,,,,,,,,,,,,,,,,,,,,,,,,,,,,,,,,,,,,,,,,,,,,,,,,,,,,,,,,,,,,,,,,,,,,,,,,,,,,,,,,,,,,,,,,,,,,,,,,,,,,,,,,,,,,,,,,,,,,,,,,,,,,,,,,,,,,,,,,genuine_population,gen,auto_davidsw_124060_5f3e76a1ef3e,124060,DavidSW,https://davidsw.com/wp-content/uploads/2025/07/25.07.07-12.jpg
f3b5790dc785c02c,images/f3/f3b5790dc785c02cb53c17fcb9e89bb7f4281576a891d5fd464f45a0253332d6.jpg,pose_rejected,900,900,physical black-dial boundary could not be fitted,false,,,,0,0,,,,,,,,,,,,,,,,,,,,,,,,,,,,,,,,,,,,,,,,,,,,,,,,,,,,,,,,,,,,,,,,,,,,,,,,,,,,,,,,,,,,,,,,,,,,,,,,,,,,,,,,,,,,,,,,,,,,,,,,,,,,,,,,,,,,,,,,,,,,,,,,,,,,,,,,,,,,,,,,,,,,,,,,,,,,,,,,,,,,,,,,,,,,,,,,,,,,,,,,,,,,,genuine_population,gen,auto_davidsw_124060_5f3e76a1ef3e,124060,DavidSW,https://davidsw.com/wp-content/uploads/2025/07/25.07.07-13.jpg
fb7fb717b31e3311,images/fb/fb7fb717b31e33115c7e2f6e90a4b2d08e311be4a8835875137dfdf879d81222.jpg,pose_rejected,32,32,physical black-dial boundary not found,false,,,,0,0,,,,,,,,,,,,,,,,,,,,,,,,,,,,,,,,,,,,,,,,,,,,,,,,,,,,,,,,,,,,,,,,,,,,,,,,,,,,,,,,,,,,,,,,,,,,,,,,,,,,,,,,,,,,,,,,,,,,,,,,,,,,,,,,,,,,,,,,,,,,,,,,,,,,,,,,,,,,,,,,,,,,,,,,,,,,,,,,,,,,,,,,,,,,,,,,,,,,,,,,,,,,,genuine_population,gen,auto_davidsw_124060_5f3e76a1ef3e,124060,DavidSW,https://davidsw.com/wp-content/uploads/2025/07/25.07.07-11-32x32.jpg
ae68042381fb2488,images/ae/ae68042381fb2488a0d897a5ce1a1e56a7e47502bbb0db2b15b624556fafd0b6.jpg,pose_rejected,100,100,physical black-dial boundary could not be fitted,false,,,,0,0,,,,,,,,,,,,,,,,,,,,,,,,,,,,,,,,,,,,,,,,,,,,,,,,,,,,,,,,,,,,,,,,,,,,,,,,,,,,,,,,,,,,,,,,,,,,,,,,,,,,,,,,,,,,,,,,,,,,,,,,,,,,,,,,,,,,,,,,,,,,,,,,,,,,,,,,,,,,,,,,,,,,,,,,,,,,,,,,,,,,,,,,,,,,,,,,,,,,,,,,,,,,,genuine_population,gen,auto_davidsw_124060_5f3e76a1ef3e,124060,DavidSW,https://davidsw.com/wp-content/uploads/2025/07/25.07.07-11-100x100.jpg
6831c54c06b80361,images/68/6831c54c06b80361e7d9541075647bf1329467f26e5e75d8409cea0098139af6.jpg,accepted,900,900,,true,164.49880,0.95955,0.15688,55,12,153.82038,true,11,0.52480,-0.58522,0.78606,0.02578,-0.02400,false,sides disagree by 3.46 deg (> 1.73): edge-affected,0.43235,-0.91264,0.20211,-1.00267,1.02284,0.91264,0.43235,0.48551,0.43854,-0.15733,-2.65120,,0.66667,1.00000,-4.29660,-0.48968,-1.04967,true,,0.83513,-0.72620,0.62840,-0.90199,1.09930,0.83513,-0.72620,0.28734,0.16385,-0.23486,-0.38116,,1.00000,0.90000,true,,0.40835,-0.43332,0.29618,-0.53404,0.61067,-0.43332,-0.40835,0.28787,-0.02100,0.28174,-0.26971,,0.95238,1.00000,true,,0.72040,-0.44758,0.61758,-0.61586,0.87217,-0.72040,0.44758,0.12542,-0.10932,0.05408,0.01526,,0.85714,1.00000,true,,0.38448,-0.43436,0.26842,-0.51112,0.57732,0.56840,0.11579,0.23362,-0.16759,-0.16585,,-0.17606,0.84722,1.00000,true,,0.32923,-0.53952,0.18519,-0.60501,0.63272,0.55488,-0.30262,0.31480,-0.25386,-0.18764,,-0.22507,0.86111,1.00000,true,,0.98208,-0.46967,0.83681,-0.68513,1.08151,0.61567,-0.89779,0.28577,0.24934,-0.14162,,-0.18822,0.81944,0.94444,true,,0.94241,-0.13061,0.89135,-0.34277,0.95498,0.35810,-0.88145,0.40717,0.38839,-0.05254,,-0.14762,0.83333,1.00000,true,,0.54204,-0.43888,0.43372,-0.57339,0.71895,-0.65110,-0.24998,0.14323,0.02038,0.13652,,-0.06444,1.00000,1.00000,true,,0.46075,-0.48244,0.34551,-0.59884,0.69136,-0.64024,0.18743,0.21552,0.10398,0.17730,,-0.01202,0.81944,1.00000,true,,0.83932,-0.43383,0.73971,-0.62026,0.96534,-0.50996,0.79537,0.26044,-0.20815,0.14407,,-0.20383,0.84722,1.00000,true,,0.65770,-0.30007,0.58380,-0.43915,0.73053,-0.06898,0.71962,0.17204,-0.16379,-0.00444,,-0.23938,0.84722,1.00000,854,genuine_population,gen,auto_davidsw_124060_47ed7fb4d547,124060,DavidSW,https://davidsw.com/wp-content/uploads/2024/11/24.11.07-63.jpg
c81c1742c609160c,images/c8/c81c1742c609160c2e4d64e5bb4030a53e18984fabc3c578a53275ae6a81c48f.jpg,pose_rejected,900,900,overlay unavailable: 12 direction could not be established (minute-lattice branch unknown),false,,,,0,0,,,,,,,,,,,,,,,,,,,,,,,,,,,,,,,,,,,,,,,,,,,,,,,,,,,,,,,,,,,,,,,,,,,,,,,,,,,,,,,,,,,,,,,,,,,,,,,,,,,,,,,,,,,,,,,,,,,,,,,,,,,,,,,,,,,,,,,,,,,,,,,,,,,,,,,,,,,,,,,,,,,,,,,,,,,,,,,,,,,,,,,,,,,,,,,,,,,,,,,,,,,,,genuine_population,gen,auto_davidsw_124060_47ed7fb4d547,124060,DavidSW,https://davidsw.com/wp-content/uploads/2024/11/24.11.07-61.jpg
5cec141d6bc20f7a,images/5c/5cec141d6bc20f7a722d830b8b47aa7c2fb5f75249dbdd306f849368da6ec3dd.jpg,accepted,900,900,,true,255.95184,0.99987,0.15707,55,12,256.12708,true,11,-0.21343,0.16677,0.27086,0.06196,-0.03805,true,,-0.49850,0.44014,-0.49244,0.45087,0.66767,-0.44014,-0.49850,0.43130,-0.40329,-0.14620,-0.47589,,1.00000,1.00000,-0.53090,-0.51799,-0.82894,true,,-0.30091,0.02147,-0.30076,0.02616,0.30189,-0.30091,0.02147,0.20548,-0.20499,-0.01309,-0.32660,,1.00000,1.00000,true,,-0.17696,0.25773,-0.17193,0.25812,0.31014,0.25773,0.17696,0.09308,-0.02639,0.08969,-0.42386,,1.00000,1.00000,true,,-0.40981,0.13171,-0.40604,0.13777,0.42878,0.40981,-0.13171,0.17667,0.07297,0.16106,-0.16255,,0.90476,1.00000,true,,-0.45403,-0.01527,-0.45558,-0.00788,0.45565,-0.21379,-0.40084,0.18294,-0.09297,-0.15691,,-0.39338,0.98611,1.00000,true,,-0.43188,-0.16771,-0.43505,-0.16122,0.46396,-0.29016,-0.36118,0.29741,-0.15004,-0.25636,,-0.41996,0.97222,1.00000,true,,0.16386,0.25913,0.16702,0.25543,0.30519,0.27147,0.14248,0.24896,0.24792,0.03093,,-0.25214,0.83333,0.96667,true,,0.51280,0.61069,0.51984,0.59836,0.79264,0.78528,-0.13875,0.67506,0.62262,-0.26960,,-0.15859,1.00000,1.00000,true,,-0.17801,0.21973,-0.17307,0.22048,0.28030,0.27930,0.04429,0.12507,-0.09974,0.07711,,-0.15394,0.94444,1.00000,true,,-0.40219,0.01008,-0.40018,0.01612,0.40050,0.35335,0.19236,0.36552,-0.04498,0.36429,,-0.08472,0.98611,1.00000,true,,-0.28490,0.32155,-0.27832,0.32652,0.42904,0.08596,-0.42092,0.15256,-0.14870,-0.03262,,-0.14172,0.98611,1.00000,true,,-0.28905,0.27167,-0.28438,0.27759,0.39740,-0.09075,-0.38616,0.18835,-0.18631,0.02144,,-0.44319,1.00000,1.00000,1184,genuine_population,gen,auto_davidsw_124060_47ed7fb4d547,124060,DavidSW,https://davidsw.com/wp-content/uploads/2024/11/24.11.07-62.jpg
154fba1b80a74545,images/15/154fba1b80a745454e67e84627dba5184200591f25e203b3dbdbc586a7b736b6.jpg,pose_rejected,900,900,physical black-dial boundary could not be fitted,false,,,,0,0,,,,,,,,,,,,,,,,,,,,,,,,,,,,,,,,,,,,,,,,,,,,,,,,,,,,,,,,,,,,,,,,,,,,,,,,,,,,,,,,,,,,,,,,,,,,,,,,,,,,,,,,,,,,,,,,,,,,,,,,,,,,,,,,,,,,,,,,,,,,,,,,,,,,,,,,,,,,,,,,,,,,,,,,,,,,,,,,,,,,,,,,,,,,,,,,,,,,,,,,,,,,,genuine_population,gen,auto_davidsw_124060_47ed7fb4d547,124060,DavidSW,https://davidsw.com/wp-content/uploads/2024/11/24.11.07-67.jpg
5d770f2122719e46,images/5d/5d770f2122719e46b957e91b0beefaf6242fa9a5e7a00388ffdb978d5b8fa9b4.jpg,pose_rejected,900,900,physical black-dial boundary could not be fitted,false,,,,0,0,,,,,,,,,,,,,,,,,,,,,,,,,,,,,,,,,,,,,,,,,,,,,,,,,,,,,,,,,,,,,,,,,,,,,,,,,,,,,,,,,,,,,,,,,,,,,,,,,,,,,,,,,,,,,,,,,,,,,,,,,,,,,,,,,,,,,,,,,,,,,,,,,,,,,,,,,,,,,,,,,,,,,,,,,,,,,,,,,,,,,,,,,,,,,,,,,,,,,,,,,,,,,genuine_population,gen,auto_davidsw_124060_47ed7fb4d547,124060,DavidSW,https://davidsw.com/wp-content/uploads/2024/11/24.11.07-1.jpg
b3b9c11c660b3568,images/b3/b3b9c11c660b35689d9c980c8260d5342381c442efa97e9fbeef871778fc07b2.jpg,pose_rejected,900,900,physical black-dial boundary not found,false,,,,0,0,,,,,,,,,,,,,,,,,,,,,,,,,,,,,,,,,,,,,,,,,,,,,,,,,,,,,,,,,,,,,,,,,,,,,,,,,,,,,,,,,,,,,,,,,,,,,,,,,,,,,,,,,,,,,,,,,,,,,,,,,,,,,,,,,,,,,,,,,,,,,,,,,,,,,,,,,,,,,,,,,,,,,,,,,,,,,,,,,,,,,,,,,,,,,,,,,,,,,,,,,,,,,genuine_population,gen,auto_davidsw_124060_47ed7fb4d547,124060,DavidSW,https://davidsw.com/wp-content/uploads/2024/11/24.11.07-66.jpg
ad5a648baaa00e4f,images/ad/ad5a648baaa00e4fd6ef5d51bf36d2b4fc61730a8fb8c16d44b806801e0954d5.jpg,pose_rejected,900,900,physical black-dial boundary not found,false,,,,0,0,,,,,,,,,,,,,,,,,,,,,,,,,,,,,,,,,,,,,,,,,,,,,,,,,,,,,,,,,,,,,,,,,,,,,,,,,,,,,,,,,,,,,,,,,,,,,,,,,,,,,,,,,,,,,,,,,,,,,,,,,,,,,,,,,,,,,,,,,,,,,,,,,,,,,,,,,,,,,,,,,,,,,,,,,,,,,,,,,,,,,,,,,,,,,,,,,,,,,,,,,,,,,genuine_population,gen,auto_davidsw_124060_47ed7fb4d547,124060,DavidSW,https://davidsw.com/wp-content/uploads/2024/11/24.11.07-64.jpg
a6231bdc63e7565a,images/a6/a6231bdc63e7565a9ad0a424d1edd089543e433da33aa9cd812c8c578d18dd5d.jpg,pose_rejected,900,900,physical black-dial boundary not found,false,,,,0,0,,,,,,,,,,,,,,,,,,,,,,,,,,,,,,,,,,,,,,,,,,,,,,,,,,,,,,,,,,,,,,,,,,,,,,,,,,,,,,,,,,,,,,,,,,,,,,,,,,,,,,,,,,,,,,,,,,,,,,,,,,,,,,,,,,,,,,,,,,,,,,,,,,,,,,,,,,,,,,,,,,,,,,,,,,,,,,,,,,,,,,,,,,,,,,,,,,,,,,,,,,,,,genuine_population,gen,auto_davidsw_124060_47ed7fb4d547,124060,DavidSW,https://davidsw.com/wp-content/uploads/2024/11/24.11.07-65.jpg
a367ed5e6bffbd58,images/a3/a367ed5e6bffbd58458a062e3219ce8b3e933f319fb4f71328cd9b59301a13f8.jpg,pose_rejected,32,32,physical black-dial boundary not found,false,,,,0,0,,,,,,,,,,,,,,,,,,,,,,,,,,,,,,,,,,,,,,,,,,,,,,,,,,,,,,,,,,,,,,,,,,,,,,,,,,,,,,,,,,,,,,,,,,,,,,,,,,,,,,,,,,,,,,,,,,,,,,,,,,,,,,,,,,,,,,,,,,,,,,,,,,,,,,,,,,,,,,,,,,,,,,,,,,,,,,,,,,,,,,,,,,,,,,,,,,,,,,,,,,,,,genuine_population,gen,auto_davidsw_124060_47ed7fb4d547,124060,DavidSW,https://davidsw.com/wp-content/uploads/2024/11/24.11.07-63-32x32.jpg
df12caba4b0f49be,images/df/df12caba4b0f49bedce8558f455839e66ff330de2424ffb5916576b5008f023f.jpg,pose_rejected,100,100,physical black-dial boundary could not be fitted,false,,,,0,0,,,,,,,,,,,,,,,,,,,,,,,,,,,,,,,,,,,,,,,,,,,,,,,,,,,,,,,,,,,,,,,,,,,,,,,,,,,,,,,,,,,,,,,,,,,,,,,,,,,,,,,,,,,,,,,,,,,,,,,,,,,,,,,,,,,,,,,,,,,,,,,,,,,,,,,,,,,,,,,,,,,,,,,,,,,,,,,,,,,,,,,,,,,,,,,,,,,,,,,,,,,,,genuine_population,gen,auto_davidsw_124060_47ed7fb4d547,124060,DavidSW,https://davidsw.com/wp-content/uploads/2024/11/24.11.07-63-100x100.jpg
cc22ce01fa0e766c,images/cc/cc22ce01fa0e766c126e54cfa9669db74088a348bfcef433cd0699a974e1331e.jpg,accepted,900,900,,true,153.43774,0.96885,0.15775,54,12,147.75510,true,10,0.68699,-0.58251,0.90071,0.02522,0.03865,true,,1.27981,-0.60924,1.13336,-0.84129,1.41148,0.60924,1.27981,0.43943,0.15485,0.41256,-0.17822,,1.00000,1.00000,-0.49787,0.03937,-0.54095,true,,1.12353,-0.46901,0.98581,-0.68097,1.19814,1.12353,-0.46901,0.32502,0.30764,-0.12007,0.02415,,1.00000,0.83333,true,,1.04367,-0.57518,0.90844,-0.80343,1.21275,-0.57518,-1.04367,0.38352,-0.17886,-0.33174,-0.02426,,1.00000,1.00000,true,,0.84124,-0.54377,0.73334,-0.72475,1.03104,-0.84124,0.54377,0.09546,-0.08192,0.04349,0.39154,,1.00000,1.00000,true,,0.92745,-0.35221,0.83057,-0.51707,0.97837,0.76875,0.62709,0.08285,-0.02309,0.07622,,-0.11899,0.83333,1.00000,true,,0.65043,-0.27262,0.57113,-0.39018,0.69169,0.69960,0.08912,0.22148,-0.22510,-0.01805,,-0.09867,0.83333,1.00000,false,hand/occluder crosses outline (clean 0.76),,,,,,,,,,,,,0.66667,0.76111,true,,0.53021,-0.30048,0.45287,-0.41272,0.61272,0.00488,-0.60941,0.21086,-0.05151,0.20387,,-0.02341,0.86111,1.00000,true,,0.46705,-0.36679,0.38715,-0.47527,0.61300,-0.55117,-0.22108,0.25280,0.18003,0.16760,,-0.06027,0.84722,1.00000,true,,0.65880,-0.50216,0.55589,-0.65300,0.85757,-0.82162,0.10548,0.06924,0.04245,0.05046,,-0.00757,0.93056,1.00000,true,,0.70530,-0.42355,0.62062,-0.56657,0.84034,-0.39903,0.71946,0.13257,0.04043,-0.12316,,-0.08325,0.84722,1.00000,true,,0.86695,-0.49742,0.75953,-0.66257,1.00791,-0.00270,0.99950,0.02534,-0.00694,0.02402,,-0.15826,0.88889,1.00000,738,genuine_population,gen,auto_davidsw_124060_dc4ee2d322fd,124060,DavidSW,https://davidsw.com/wp-content/uploads/2024/08/24.08.27-64.jpg
a0c21679dd23c4be,images/a0/a0c21679dd23c4beb5cbfba49532fdf158c8141c0865b0cd9d147e9433ba9f72.jpg,pose_rejected,900,900,physical black-dial boundary not found,false,,,,0,0,,,,,,,,,,,,,,,,,,,,,,,,,,,,,,,,,,,,,,,,,,,,,,,,,,,,,,,,,,,,,,,,,,,,,,,,,,,,,,,,,,,,,,,,,,,,,,,,,,,,,,,,,,,,,,,,,,,,,,,,,,,,,,,,,,,,,,,,,,,,,,,,,,,,,,,,,,,,,,,,,,,,,,,,,,,,,,,,,,,,,,,,,,,,,,,,,,,,,,,,,,,,,genuine_population,gen,auto_davidsw_124060_dc4ee2d322fd,124060,DavidSW,https://davidsw.com/wp-content/uploads/2024/08/24.08.27-62.jpg
b7657df8e4867d6f,images/b7/b7657df8e4867d6f61c6a96255e0712e7c9287ae74e3535f1f5e4848c4797e71.jpg,pose_rejected,900,900,overlay unavailable: inner-end lattice evidence insufficient,false,,,,0,0,,,,,,,,,,,,,,,,,,,,,,,,,,,,,,,,,,,,,,,,,,,,,,,,,,,,,,,,,,,,,,,,,,,,,,,,,,,,,,,,,,,,,,,,,,,,,,,,,,,,,,,,,,,,,,,,,,,,,,,,,,,,,,,,,,,,,,,,,,,,,,,,,,,,,,,,,,,,,,,,,,,,,,,,,,,,,,,,,,,,,,,,,,,,,,,,,,,,,,,,,,,,,genuine_population,gen,auto_davidsw_124060_dc4ee2d322fd,124060,DavidSW,https://davidsw.com/wp-content/uploads/2024/08/24.08.27-63.jpg
99edda321721be1f,images/99/99edda321721be1f8e5ab783d5ac58016c3ac53f991c95c88566e27003521852.jpg,pose_rejected,900,900,physical black-dial boundary could not be fitted,false,,,,0,0,,,,,,,,,,,,,,,,,,,,,,,,,,,,,,,,,,,,,,,,,,,,,,,,,,,,,,,,,,,,,,,,,,,,,,,,,,,,,,,,,,,,,,,,,,,,,,,,,,,,,,,,,,,,,,,,,,,,,,,,,,,,,,,,,,,,,,,,,,,,,,,,,,,,,,,,,,,,,,,,,,,,,,,,,,,,,,,,,,,,,,,,,,,,,,,,,,,,,,,,,,,,,genuine_population,gen,auto_davidsw_124060_dc4ee2d322fd,124060,DavidSW,https://davidsw.com/wp-content/uploads/2024/08/24.08.27-69.jpg
e03da702be066576,images/e0/e03da702be06657661c81b772b18302afbbbc41ae0b363e896d5186927948250.jpg,pose_rejected,900,900,physical black-dial boundary could not be fitted,false,,,,0,0,,,,,,,,,,,,,,,,,,,,,,,,,,,,,,,,,,,,,,,,,,,,,,,,,,,,,,,,,,,,,,,,,,,,,,,,,,,,,,,,,,,,,,,,,,,,,,,,,,,,,,,,,,,,,,,,,,,,,,,,,,,,,,,,,,,,,,,,,,,,,,,,,,,,,,,,,,,,,,,,,,,,,,,,,,,,,,,,,,,,,,,,,,,,,,,,,,,,,,,,,,,,,genuine_population,gen,auto_davidsw_124060_dc4ee2d322fd,124060,DavidSW,https://davidsw.com/wp-content/uploads/2024/08/24.08.27-68.jpg
e40f1df193a8d0c4,images/e4/e40f1df193a8d0c43114f16d2a5feaee77eb77745badb00b0b50fd0ea82b8bca.jpg,pose_rejected,900,900,physical black-dial boundary not found,false,,,,0,0,,,,,,,,,,,,,,,,,,,,,,,,,,,,,,,,,,,,,,,,,,,,,,,,,,,,,,,,,,,,,,,,,,,,,,,,,,,,,,,,,,,,,,,,,,,,,,,,,,,,,,,,,,,,,,,,,,,,,,,,,,,,,,,,,,,,,,,,,,,,,,,,,,,,,,,,,,,,,,,,,,,,,,,,,,,,,,,,,,,,,,,,,,,,,,,,,,,,,,,,,,,,,genuine_population,gen,auto_davidsw_124060_dc4ee2d322fd,124060,DavidSW,https://davidsw.com/wp-content/uploads/2024/08/24.08.27-67.jpg
fef0cf5feb6e1fda,images/fe/fef0cf5feb6e1fda6ac47f840d833725cffd92f08dbc1f19dfb59cb0f40b42b3.jpg,pose_rejected,900,900,physical black-dial boundary could not be fitted,false,,,,0,0,,,,,,,,,,,,,,,,,,,,,,,,,,,,,,,,,,,,,,,,,,,,,,,,,,,,,,,,,,,,,,,,,,,,,,,,,,,,,,,,,,,,,,,,,,,,,,,,,,,,,,,,,,,,,,,,,,,,,,,,,,,,,,,,,,,,,,,,,,,,,,,,,,,,,,,,,,,,,,,,,,,,,,,,,,,,,,,,,,,,,,,,,,,,,,,,,,,,,,,,,,,,,genuine_population,gen,auto_davidsw_124060_dc4ee2d322fd,124060,DavidSW,https://davidsw.com/wp-content/uploads/2024/08/24.08.27-65.jpg
0f657b5ae76872d3,images/0f/0f657b5ae76872d39185c6a99136cf7297ec087187b210d3218c9148340513ed.jpg,pose_rejected,900,900,physical black-dial boundary could not be fitted,false,,,,0,0,,,,,,,,,,,,,,,,,,,,,,,,,,,,,,,,,,,,,,,,,,,,,,,,,,,,,,,,,,,,,,,,,,,,,,,,,,,,,,,,,,,,,,,,,,,,,,,,,,,,,,,,,,,,,,,,,,,,,,,,,,,,,,,,,,,,,,,,,,,,,,,,,,,,,,,,,,,,,,,,,,,,,,,,,,,,,,,,,,,,,,,,,,,,,,,,,,,,,,,,,,,,,genuine_population,gen,auto_davidsw_124060_dc4ee2d322fd,124060,DavidSW,https://davidsw.com/wp-content/uploads/2024/08/24.08.27-66.jpg
99711943b400f4c3,images/99/99711943b400f4c3793025e46d2e41375c488f6e33c084c3ad3375125be88aff.jpg,pose_rejected,32,32,physical black-dial boundary not found,false,,,,0,0,,,,,,,,,,,,,,,,,,,,,,,,,,,,,,,,,,,,,,,,,,,,,,,,,,,,,,,,,,,,,,,,,,,,,,,,,,,,,,,,,,,,,,,,,,,,,,,,,,,,,,,,,,,,,,,,,,,,,,,,,,,,,,,,,,,,,,,,,,,,,,,,,,,,,,,,,,,,,,,,,,,,,,,,,,,,,,,,,,,,,,,,,,,,,,,,,,,,,,,,,,,,,genuine_population,gen,auto_davidsw_124060_dc4ee2d322fd,124060,DavidSW,https://davidsw.com/wp-content/uploads/2024/08/24.08.27-64-32x32.jpg
c5fa09132c742dd0,images/c5/c5fa09132c742dd0c6b6c7008f2bb13389d77d8a385e927299dd5f7aab49a8aa.jpg,pose_rejected,100,100,physical black-dial boundary not found,false,,,,0,0,,,,,,,,,,,,,,,,,,,,,,,,,,,,,,,,,,,,,,,,,,,,,,,,,,,,,,,,,,,,,,,,,,,,,,,,,,,,,,,,,,,,,,,,,,,,,,,,,,,,,,,,,,,,,,,,,,,,,,,,,,,,,,,,,,,,,,,,,,,,,,,,,,,,,,,,,,,,,,,,,,,,,,,,,,,,,,,,,,,,,,,,,,,,,,,,,,,,,,,,,,,,,genuine_population,gen,auto_davidsw_124060_dc4ee2d322fd,124060,DavidSW,https://davidsw.com/wp-content/uploads/2024/08/24.08.27-64-100x100.jpg
373238b7b24c266b,images/37/373238b7b24c266b95273018156ae5b677e6db37d1bfde54582f5a627155769c.jpg,pose_rejected,900,900,overlay unavailable: minute-lattice median residual too high (wrong local fit),false,,,,0,0,,,,,,,,,,,,,,,,,,,,,,,,,,,,,,,,,,,,,,,,,,,,,,,,,,,,,,,,,,,,,,,,,,,,,,,,,,,,,,,,,,,,,,,,,,,,,,,,,,,,,,,,,,,,,,,,,,,,,,,,,,,,,,,,,,,,,,,,,,,,,,,,,,,,,,,,,,,,,,,,,,,,,,,,,,,,,,,,,,,,,,,,,,,,,,,,,,,,,,,,,,,,,genuine_population,gen,auto_davidsw_124060_e840fd0e1afd,124060,DavidSW,https://davidsw.com/wp-content/uploads/2024/04/24.04.26-40.jpg
53a2318f08d66616,images/53/53a2318f08d66616ed81d728acfdf8b6c8e6e7aac6a932921416ad711e61041e.jpg,pose_rejected,900,900,physical black-dial boundary could not be fitted,false,,,,0,0,,,,,,,,,,,,,,,,,,,,,,,,,,,,,,,,,,,,,,,,,,,,,,,,,,,,,,,,,,,,,,,,,,,,,,,,,,,,,,,,,,,,,,,,,,,,,,,,,,,,,,,,,,,,,,,,,,,,,,,,,,,,,,,,,,,,,,,,,,,,,,,,,,,,,,,,,,,,,,,,,,,,,,,,,,,,,,,,,,,,,,,,,,,,,,,,,,,,,,,,,,,,,genuine_population,gen,auto_davidsw_124060_e840fd0e1afd,124060,DavidSW,https://davidsw.com/wp-content/uploads/2024/04/24.04.26-38.jpg
2fdf38169ee1b57a,images/2f/2fdf38169ee1b57a6b148d3ede7788b2614fb6ef4628e78272568cf387907832.jpg,accepted,900,900,,true,275.45375,0.99879,0.13427,55,12,276.28483,true,10,0.55151,0.00996,0.55160,0.11625,0.04274,true,,0.79824,-0.16824,0.79519,-0.17159,0.81350,0.16824,0.79824,0.11099,-0.07497,0.08256,0.31096,,1.00000,1.00000,0.08137,0.54140,0.31400,true,,0.78386,0.48795,0.78785,0.48255,0.92388,0.78386,0.48795,0.31795,-0.01095,0.31804,0.14259,,0.95238,1.00000,true,,0.60780,0.68585,0.61416,0.68596,0.92073,0.68585,-0.60780,0.48126,0.42856,-0.21323,0.27995,,1.00000,1.00000,true,,0.08301,-0.07204,0.08301,-0.07260,0.11028,-0.08301,0.07204,0.23585,0.22418,-0.07092,0.15199,,1.00000,1.00000,true,,0.67632,-0.43347,0.67118,-0.43450,0.79955,0.71355,0.36898,0.33787,0.18841,-0.28260,,-0.16718,0.90278,1.00000,true,,1.05635,0.07708,1.05479,0.07039,1.05714,0.87629,0.59493,0.20096,0.14453,0.14009,,-0.15821,0.84722,1.00000,false,outline coverage 0.71; 6/8 octants,,,,,,,,,,,,,0.70833,1.00000,true,,0.41784,0.09815,0.41990,0.09579,0.43068,0.29392,-0.31278,0.25610,-0.25457,-0.01000,,-0.28117,1.00000,1.00000,true,,0.40832,-0.21160,0.40935,-0.21577,0.46273,-0.38741,-0.24782,0.39369,-0.38490,0.06844,,-0.35112,1.00000,1.00000,true,,0.16222,-0.23904,0.16221,-0.24106,0.29056,-0.26001,0.12590,0.25129,-0.05088,0.24541,,-0.34990,1.00000,1.00000,true,,0.52078,-0.11703,0.52058,-0.11981,0.53419,-0.39249,0.36174,0.18300,-0.16989,-0.06975,,-0.29267,0.80556,1.00000,true,,0.49459,-0.17314,0.49315,-0.17498,0.52327,-0.09735,0.51490,0.14188,-0.07149,-0.12321,,-0.32989,0.94444,1.00000,1197,genuine_population,gen,auto_davidsw_124060_e840fd0e1afd,124060,DavidSW,https://davidsw.com/wp-content/uploads/2024/04/24.04.26-39.jpg
2950d626ddbc3530,images/29/2950d626ddbc35308ff33f76d09f756ba0d1e5e1e1213e7a70a9bdc6773da0eb.jpg,pose_rejected,900,900,physical black-dial boundary not found,false,,,,0,0,,,,,,,,,,,,,,,,,,,,,,,,,,,,,,,,,,,,,,,,,,,,,,,,,,,,,,,,,,,,,,,,,,,,,,,,,,,,,,,,,,,,,,,,,,,,,,,,,,,,,,,,,,,,,,,,,,,,,,,,,,,,,,,,,,,,,,,,,,,,,,,,,,,,,,,,,,,,,,,,,,,,,,,,,,,,,,,,,,,,,,,,,,,,,,,,,,,,,,,,,,,,,genuine_population,gen,auto_davidsw_124060_e840fd0e1afd,124060,DavidSW,https://davidsw.com/wp-content/uploads/2024/04/24.04.26-45.jpg
6f77cb46e3d65ce6,images/6f/6f77cb46e3d65ce6d13abacab62f8e987df7025483b02a4252adfa90fe7beea2.jpg,pose_rejected,900,900,physical black-dial boundary not found,false,,,,0,0,,,,,,,,,,,,,,,,,,,,,,,,,,,,,,,,,,,,,,,,,,,,,,,,,,,,,,,,,,,,,,,,,,,,,,,,,,,,,,,,,,,,,,,,,,,,,,,,,,,,,,,,,,,,,,,,,,,,,,,,,,,,,,,,,,,,,,,,,,,,,,,,,,,,,,,,,,,,,,,,,,,,,,,,,,,,,,,,,,,,,,,,,,,,,,,,,,,,,,,,,,,,,genuine_population,gen,auto_davidsw_124060_e840fd0e1afd,124060,DavidSW,https://davidsw.com/wp-content/uploads/2024/04/24.04.26-44.jpg
d53e46ec58fa04c7,images/d5/d53e46ec58fa04c7b32e902292bb91414951220c942c780693ec14067b0d93ab.jpg,pose_rejected,900,900,physical black-dial boundary not found,false,,,,0,0,,,,,,,,,,,,,,,,,,,,,,,,,,,,,,,,,,,,,,,,,,,,,,,,,,,,,,,,,,,,,,,,,,,,,,,,,,,,,,,,,,,,,,,,,,,,,,,,,,,,,,,,,,,,,,,,,,,,,,,,,,,,,,,,,,,,,,,,,,,,,,,,,,,,,,,,,,,,,,,,,,,,,,,,,,,,,,,,,,,,,,,,,,,,,,,,,,,,,,,,,,,,,genuine_population,gen,auto_davidsw_124060_e840fd0e1afd,124060,DavidSW,https://davidsw.com/wp-content/uploads/2024/04/24.04.26-43.jpg
7ef67ccad5575960,images/7e/7ef67ccad5575960a4599b3c511b3a8a0a3c5bede1d87007ef04b572233c77a1.jpg,pose_rejected,900,900,physical black-dial boundary not found,false,,,,0,0,,,,,,,,,,,,,,,,,,,,,,,,,,,,,,,,,,,,,,,,,,,,,,,,,,,,,,,,,,,,,,,,,,,,,,,,,,,,,,,,,,,,,,,,,,,,,,,,,,,,,,,,,,,,,,,,,,,,,,,,,,,,,,,,,,,,,,,,,,,,,,,,,,,,,,,,,,,,,,,,,,,,,,,,,,,,,,,,,,,,,,,,,,,,,,,,,,,,,,,,,,,,,genuine_population,gen,auto_davidsw_124060_e840fd0e1afd,124060,DavidSW,https://davidsw.com/wp-content/uploads/2024/04/24.04.26-41.jpg
792def35c19a123b,images/79/792def35c19a123b1aa339b1b1c3c6ccee80c9d71bd8c90df0f82f587520937f.jpg,pose_rejected,900,900,physical black-dial boundary not found,false,,,,0,0,,,,,,,,,,,,,,,,,,,,,,,,,,,,,,,,,,,,,,,,,,,,,,,,,,,,,,,,,,,,,,,,,,,,,,,,,,,,,,,,,,,,,,,,,,,,,,,,,,,,,,,,,,,,,,,,,,,,,,,,,,,,,,,,,,,,,,,,,,,,,,,,,,,,,,,,,,,,,,,,,,,,,,,,,,,,,,,,,,,,,,,,,,,,,,,,,,,,,,,,,,,,,genuine_population,gen,auto_davidsw_124060_e840fd0e1afd,124060,DavidSW,https://davidsw.com/wp-content/uploads/2024/04/24.04.26-42.jpg
a7261c47b6dce057,images/a7/a7261c47b6dce0570da07557463b1a10f93a79f9b1681d7574d7aa24aab0a340.jpg,pose_rejected,32,32,physical black-dial boundary not found,false,,,,0,0,,,,,,,,,,,,,,,,,,,,,,,,,,,,,,,,,,,,,,,,,,,,,,,,,,,,,,,,,,,,,,,,,,,,,,,,,,,,,,,,,,,,,,,,,,,,,,,,,,,,,,,,,,,,,,,,,,,,,,,,,,,,,,,,,,,,,,,,,,,,,,,,,,,,,,,,,,,,,,,,,,,,,,,,,,,,,,,,,,,,,,,,,,,,,,,,,,,,,,,,,,,,,genuine_population,gen,auto_davidsw_124060_e840fd0e1afd,124060,DavidSW,https://davidsw.com/wp-content/uploads/2024/04/24.04.26-40-32x32.jpg
5d21f978ebfe736d,images/5d/5d21f978ebfe736d20632fbc8f11ae3df9bcbfb4ce7340a28f788ec639915064.jpg,pose_rejected,100,100,physical black-dial boundary could not be fitted,false,,,,0,0,,,,,,,,,,,,,,,,,,,,,,,,,,,,,,,,,,,,,,,,,,,,,,,,,,,,,,,,,,,,,,,,,,,,,,,,,,,,,,,,,,,,,,,,,,,,,,,,,,,,,,,,,,,,,,,,,,,,,,,,,,,,,,,,,,,,,,,,,,,,,,,,,,,,,,,,,,,,,,,,,,,,,,,,,,,,,,,,,,,,,,,,,,,,,,,,,,,,,,,,,,,,,genuine_population,gen,auto_davidsw_124060_e840fd0e1afd,124060,DavidSW,https://davidsw.com/wp-content/uploads/2024/04/24.04.26-40-100x100.jpg
ea6471c0ef6ada52,images/ea/ea6471c0ef6ada5273f9cefb00936ad23516d939ca1ba415bddba3c01a8f5417.jpg,accepted,900,900,,true,172.40775,0.95701,0.19071,54,12,162.72086,true,10,0.63835,-0.86653,1.07628,-0.01427,0.02625,true,,1.46614,-0.70144,1.32468,-0.91024,1.60727,0.70144,1.46614,0.62981,-0.01909,0.62514,0.45439,,1.00000,1.00000,-0.11126,1.13167,0.83927,true,,0.63913,-0.59929,0.50838,-0.69538,0.86140,0.63913,-0.59929,0.14706,-0.12465,0.08321,-0.35698,,0.90476,1.00000,true,,1.23739,-0.54030,1.13749,-0.75877,1.36734,-0.54030,-1.23739,0.57368,0.21642,-0.51258,-0.57635,,1.00000,1.00000,true,,0.95017,-0.72204,0.83220,-0.88644,1.21587,-0.95017,0.72204,0.17541,-0.15112,-0.07364,-0.00695,,0.85714,1.00000,true,,0.92839,-0.62356,0.79416,-0.75183,1.09359,1.00422,0.49223,0.12725,-0.00766,0.12439,,-0.44200,0.87500,0.93889,true,,0.65500,-0.70592,0.50324,-0.79606,0.94178,0.92021,-0.28385,0.14349,-0.10716,-0.09514,,-0.23281,0.83333,1.00000,false,hand/occluder crosses outline (clean 0.78),,,,,,,,,,,,,0.79167,0.78333,true,,0.62908,-0.84424,0.45789,-0.95945,1.06311,-0.41659,-0.96692,0.15515,-0.14832,0.01869,,-0.25625,0.87500,1.00000,true,,0.58379,-0.91178,0.41619,-1.03293,1.11362,-1.08152,-0.04968,0.20848,-0.03184,0.19683,,-0.26055,0.83333,1.00000,true,,0.48040,-0.74852,0.34780,-0.84583,0.91454,-0.79030,0.40804,0.30059,0.27487,0.09801,,-0.14603,0.79167,1.00000,true,,0.97872,-0.90745,0.82320,-1.06634,1.34712,-0.39388,1.27523,0.19781,-0.06780,0.18380,,-0.28775,0.91667,1.00000,true,,0.72215,-0.84852,0.56617,-0.95555,1.11068,0.37376,1.04966,0.15989,0.14330,-0.05727,,-0.11642,0.80556,1.00000,820,genuine_population,gen,auto_davidsw_124060_5c3a5b60da5d,124060,DavidSW,https://davidsw.com/wp-content/uploads/2025/04/25.04.15-59.jpg
cf00e6294aaeb7ef,images/cf/cf00e6294aaeb7efdf477e4c97eea82e6e470375b2462156bfb46582812d6b73.jpg,pose_rejected,900,900,physical black-dial boundary could not be fitted,false,,,,0,0,,,,,,,,,,,,,,,,,,,,,,,,,,,,,,,,,,,,,,,,,,,,,,,,,,,,,,,,,,,,,,,,,,,,,,,,,,,,,,,,,,,,,,,,,,,,,,,,,,,,,,,,,,,,,,,,,,,,,,,,,,,,,,,,,,,,,,,,,,,,,,,,,,,,,,,,,,,,,,,,,,,,,,,,,,,,,,,,,,,,,,,,,,,,,,,,,,,,,,,,,,,,,genuine_population,gen,auto_davidsw_124060_5c3a5b60da5d,124060,DavidSW,https://davidsw.com/wp-content/uploads/2025/04/25.04.15-57.jpg
690f6fba68b00139,images/69/690f6fba68b00139a82ca09d29bc857ec8b610ae27768af0d51cd4124b091170.jpg,pose_rejected,900,900,physical black-dial boundary could not be fitted,false,,,,0,0,,,,,,,,,,,,,,,,,,,,,,,,,,,,,,,,,,,,,,,,,,,,,,,,,,,,,,,,,,,,,,,,,,,,,,,,,,,,,,,,,,,,,,,,,,,,,,,,,,,,,,,,,,,,,,,,,,,,,,,,,,,,,,,,,,,,,,,,,,,,,,,,,,,,,,,,,,,,,,,,,,,,,,,,,,,,,,,,,,,,,,,,,,,,,,,,,,,,,,,,,,,,,genuine_population,gen,auto_davidsw_124060_5c3a5b60da5d,124060,DavidSW,https://davidsw.com/wp-content/uploads/2025/04/25.04.15-58.jpg
a21badd71a70565b,images/a2/a21badd71a70565beb9de3640dfdf3caf7a482e3e67218728a49786e584bbfad.jpg,pose_rejected,900,900,physical black-dial boundary not found,false,,,,0,0,,,,,,,,,,,,,,,,,,,,,,,,,,,,,,,,,,,,,,,,,,,,,,,,,,,,,,,,,,,,,,,,,,,,,,,,,,,,,,,,,,,,,,,,,,,,,,,,,,,,,,,,,,,,,,,,,,,,,,,,,,,,,,,,,,,,,,,,,,,,,,,,,,,,,,,,,,,,,,,,,,,,,,,,,,,,,,,,,,,,,,,,,,,,,,,,,,,,,,,,,,,,,genuine_population,gen,auto_davidsw_124060_5c3a5b60da5d,124060,DavidSW,https://davidsw.com/wp-content/uploads/2025/04/25.04.15-64.jpg
244ae73bbc31b32a,images/24/244ae73bbc31b32a3f6d7ee623c655cda5414eff58eac93aa735feacad80a5ee.jpg,pose_rejected,900,900,physical black-dial boundary not found,false,,,,0,0,,,,,,,,,,,,,,,,,,,,,,,,,,,,,,,,,,,,,,,,,,,,,,,,,,,,,,,,,,,,,,,,,,,,,,,,,,,,,,,,,,,,,,,,,,,,,,,,,,,,,,,,,,,,,,,,,,,,,,,,,,,,,,,,,,,,,,,,,,,,,,,,,,,,,,,,,,,,,,,,,,,,,,,,,,,,,,,,,,,,,,,,,,,,,,,,,,,,,,,,,,,,,genuine_population,gen,auto_davidsw_124060_5c3a5b60da5d,124060,DavidSW,https://davidsw.com/wp-content/uploads/2025/04/25.04.15-63.jpg
0ddce4fdb448751f,images/0d/0ddce4fdb448751f8bd373214739e5d9283c3c5e76358f83c2ab5bf970b022e1.jpg,pose_rejected,900,900,physical black-dial boundary could not be fitted,false,,,,0,0,,,,,,,,,,,,,,,,,,,,,,,,,,,,,,,,,,,,,,,,,,,,,,,,,,,,,,,,,,,,,,,,,,,,,,,,,,,,,,,,,,,,,,,,,,,,,,,,,,,,,,,,,,,,,,,,,,,,,,,,,,,,,,,,,,,,,,,,,,,,,,,,,,,,,,,,,,,,,,,,,,,,,,,,,,,,,,,,,,,,,,,,,,,,,,,,,,,,,,,,,,,,,genuine_population,gen,auto_davidsw_124060_5c3a5b60da5d,124060,DavidSW,https://davidsw.com/wp-content/uploads/2025/04/25.04.15-62.jpg
13be7c94a09c47fa,images/13/13be7c94a09c47fa5527cba86e1146ba8b3b36626b0ed79468dbc2437ee07c62.jpg,pose_rejected,900,900,physical black-dial boundary could not be fitted,false,,,,0,0,,,,,,,,,,,,,,,,,,,,,,,,,,,,,,,,,,,,,,,,,,,,,,,,,,,,,,,,,,,,,,,,,,,,,,,,,,,,,,,,,,,,,,,,,,,,,,,,,,,,,,,,,,,,,,,,,,,,,,,,,,,,,,,,,,,,,,,,,,,,,,,,,,,,,,,,,,,,,,,,,,,,,,,,,,,,,,,,,,,,,,,,,,,,,,,,,,,,,,,,,,,,,genuine_population,gen,auto_davidsw_124060_5c3a5b60da5d,124060,DavidSW,https://davidsw.com/wp-content/uploads/2025/04/25.04.15-60.jpg
e56978e02d9886fe,images/e5/e56978e02d9886fea332671b3cea2fc052f43a0b6a88a0db80e4217e236beceb.jpg,pose_rejected,900,900,physical black-dial boundary not found,false,,,,0,0,,,,,,,,,,,,,,,,,,,,,,,,,,,,,,,,,,,,,,,,,,,,,,,,,,,,,,,,,,,,,,,,,,,,,,,,,,,,,,,,,,,,,,,,,,,,,,,,,,,,,,,,,,,,,,,,,,,,,,,,,,,,,,,,,,,,,,,,,,,,,,,,,,,,,,,,,,,,,,,,,,,,,,,,,,,,,,,,,,,,,,,,,,,,,,,,,,,,,,,,,,,,,genuine_population,gen,auto_davidsw_124060_5c3a5b60da5d,124060,DavidSW,https://davidsw.com/wp-content/uploads/2025/04/25.04.15-61.jpg
1bdf1e161ff95d74,images/1b/1bdf1e161ff95d74add695e3df5dfa0757370e0f4a455bee88f7f073f5efbf45.jpg,pose_rejected,32,32,physical black-dial boundary not found,false,,,,0,0,,,,,,,,,,,,,,,,,,,,,,,,,,,,,,,,,,,,,,,,,,,,,,,,,,,,,,,,,,,,,,,,,,,,,,,,,,,,,,,,,,,,,,,,,,,,,,,,,,,,,,,,,,,,,,,,,,,,,,,,,,,,,,,,,,,,,,,,,,,,,,,,,,,,,,,,,,,,,,,,,,,,,,,,,,,,,,,,,,,,,,,,,,,,,,,,,,,,,,,,,,,,,genuine_population,gen,auto_davidsw_124060_5c3a5b60da5d,124060,DavidSW,https://davidsw.com/wp-content/uploads/2025/04/25.04.15-59-32x32.jpg
f8ca053b793aa52d,images/f8/f8ca053b793aa52d2c565dfaba6e9feed439c4f211fed541b1178d2eb13dd07d.jpg,pose_rejected,100,100,physical black-dial boundary could not be fitted,false,,,,0,0,,,,,,,,,,,,,,,,,,,,,,,,,,,,,,,,,,,,,,,,,,,,,,,,,,,,,,,,,,,,,,,,,,,,,,,,,,,,,,,,,,,,,,,,,,,,,,,,,,,,,,,,,,,,,,,,,,,,,,,,,,,,,,,,,,,,,,,,,,,,,,,,,,,,,,,,,,,,,,,,,,,,,,,,,,,,,,,,,,,,,,,,,,,,,,,,,,,,,,,,,,,,,genuine_population,gen,auto_davidsw_124060_5c3a5b60da5d,124060,DavidSW,https://davidsw.com/wp-content/uploads/2025/04/25.04.15-59-100x100.jpg
38faa437653386b5,images/38/38faa437653386b5f503b2a4b1fd72677d796b14603a9a3583853653ee505c0e.jpg,pose_rejected,90,90,physical black-dial boundary not found,false,,,,0,0,,,,,,,,,,,,,,,,,,,,,,,,,,,,,,,,,,,,,,,,,,,,,,,,,,,,,,,,,,,,,,,,,,,,,,,,,,,,,,,,,,,,,,,,,,,,,,,,,,,,,,,,,,,,,,,,,,,,,,,,,,,,,,,,,,,,,,,,,,,,,,,,,,,,,,,,,,,,,,,,,,,,,,,,,,,,,,,,,,,,,,,,,,,,,,,,,,,,,,,,,,,,,genuine_population,gen,auto_wos_cpo_124060_90d49f205494,124060,Watches of Switzerland Rolex CPO,https://www.watchesofswitzerland.com/cdn/shop/files/40411297_1.jpg?height=90&v=1789485528&width=90
ade45a373412f737,images/ad/ade45a373412f737ceb1f7d0a4e24873b94d74796e9871058949bcc7e996bdcb.jpg,pose_rejected,80,80,physical black-dial boundary not found,false,,,,0,0,,,,,,,,,,,,,,,,,,,,,,,,,,,,,,,,,,,,,,,,,,,,,,,,,,,,,,,,,,,,,,,,,,,,,,,,,,,,,,,,,,,,,,,,,,,,,,,,,,,,,,,,,,,,,,,,,,,,,,,,,,,,,,,,,,,,,,,,,,,,,,,,,,,,,,,,,,,,,,,,,,,,,,,,,,,,,,,,,,,,,,,,,,,,,,,,,,,,,,,,,,,,,genuine_population,gen,auto_wos_cpo_124060_90d49f205494,124060,Watches of Switzerland Rolex CPO,https://www.watchesofswitzerland.com/cdn/shop/files/40411297_1.jpg?height=80&v=1789485528&width=80
d554604d93e97b4d,images/d5/d554604d93e97b4d145a28fdacf82310c9bfb28f7be0b7113485585adc252c08.jpg,pose_rejected,60,60,physical black-dial boundary not found,false,,,,0,0,,,,,,,,,,,,,,,,,,,,,,,,,,,,,,,,,,,,,,,,,,,,,,,,,,,,,,,,,,,,,,,,,,,,,,,,,,,,,,,,,,,,,,,,,,,,,,,,,,,,,,,,,,,,,,,,,,,,,,,,,,,,,,,,,,,,,,,,,,,,,,,,,,,,,,,,,,,,,,,,,,,,,,,,,,,,,,,,,,,,,,,,,,,,,,,,,,,,,,,,,,,,,genuine_population,gen,auto_wos_cpo_124060_90d49f205494,124060,Watches of Switzerland Rolex CPO,https://www.watchesofswitzerland.com/cdn/shop/files/40411297_1.jpg?height=60&v=1789485528&width=60
69c2ceba1f2930aa,images/69/69c2ceba1f2930aa21502e65399fa03dbd14a8d405f9903ce0c5ce3551bbac56.jpg,pose_rejected,40,40,physical black-dial boundary not found,false,,,,0,0,,,,,,,,,,,,,,,,,,,,,,,,,,,,,,,,,,,,,,,,,,,,,,,,,,,,,,,,,,,,,,,,,,,,,,,,,,,,,,,,,,,,,,,,,,,,,,,,,,,,,,,,,,,,,,,,,,,,,,,,,,,,,,,,,,,,,,,,,,,,,,,,,,,,,,,,,,,,,,,,,,,,,,,,,,,,,,,,,,,,,,,,,,,,,,,,,,,,,,,,,,,,,genuine_population,gen,auto_wos_cpo_124060_90d49f205494,124060,Watches of Switzerland Rolex CPO,https://www.watchesofswitzerland.com/cdn/shop/files/40411297_1.jpg?height=40&v=1789485528&width=40
0fb109068675e89b,images/0f/0fb109068675e89b858eb7df6a725bbafcd70248de80ba4fd73edcf84e629547.jpg,pose_rejected,90,90,physical black-dial boundary not found,false,,,,0,0,,,,,,,,,,,,,,,,,,,,,,,,,,,,,,,,,,,,,,,,,,,,,,,,,,,,,,,,,,,,,,,,,,,,,,,,,,,,,,,,,,,,,,,,,,,,,,,,,,,,,,,,,,,,,,,,,,,,,,,,,,,,,,,,,,,,,,,,,,,,,,,,,,,,,,,,,,,,,,,,,,,,,,,,,,,,,,,,,,,,,,,,,,,,,,,,,,,,,,,,,,,,,genuine_population,gen,auto_wos_cpo_124060_90d49f205494,124060,Watches of Switzerland Rolex CPO,https://www.watchesofswitzerland.com/cdn/shop/files/40411297_2.jpg?height=90&v=1789485528&width=90
99f238f2ccfaebda,images/99/99f238f2ccfaebda8d0407b46086f58eb69c57dbe853f145c35ee8bc830334d6.jpg,pose_rejected,80,80,physical black-dial boundary not found,false,,,,0,0,,,,,,,,,,,,,,,,,,,,,,,,,,,,,,,,,,,,,,,,,,,,,,,,,,,,,,,,,,,,,,,,,,,,,,,,,,,,,,,,,,,,,,,,,,,,,,,,,,,,,,,,,,,,,,,,,,,,,,,,,,,,,,,,,,,,,,,,,,,,,,,,,,,,,,,,,,,,,,,,,,,,,,,,,,,,,,,,,,,,,,,,,,,,,,,,,,,,,,,,,,,,,genuine_population,gen,auto_wos_cpo_124060_90d49f205494,124060,Watches of Switzerland Rolex CPO,https://www.watchesofswitzerland.com/cdn/shop/files/40411297_2.jpg?height=80&v=1789485528&width=80
868187808b09149a,images/86/868187808b09149a6084d7f5b6400df93eb4a0a97ba05deb1de6bb2cc977a575.jpg,pose_rejected,60,60,physical black-dial boundary not found,false,,,,0,0,,,,,,,,,,,,,,,,,,,,,,,,,,,,,,,,,,,,,,,,,,,,,,,,,,,,,,,,,,,,,,,,,,,,,,,,,,,,,,,,,,,,,,,,,,,,,,,,,,,,,,,,,,,,,,,,,,,,,,,,,,,,,,,,,,,,,,,,,,,,,,,,,,,,,,,,,,,,,,,,,,,,,,,,,,,,,,,,,,,,,,,,,,,,,,,,,,,,,,,,,,,,,genuine_population,gen,auto_wos_cpo_124060_90d49f205494,124060,Watches of Switzerland Rolex CPO,https://www.watchesofswitzerland.com/cdn/shop/files/40411297_2.jpg?height=60&v=1789485528&width=60
3db99a110e2f1c23,images/3d/3db99a110e2f1c23941c9baed9ee87576a4de670738e726b3f881071dbd0fd8b.jpg,pose_rejected,40,40,physical black-dial boundary not found,false,,,,0,0,,,,,,,,,,,,,,,,,,,,,,,,,,,,,,,,,,,,,,,,,,,,,,,,,,,,,,,,,,,,,,,,,,,,,,,,,,,,,,,,,,,,,,,,,,,,,,,,,,,,,,,,,,,,,,,,,,,,,,,,,,,,,,,,,,,,,,,,,,,,,,,,,,,,,,,,,,,,,,,,,,,,,,,,,,,,,,,,,,,,,,,,,,,,,,,,,,,,,,,,,,,,,genuine_population,gen,auto_wos_cpo_124060_90d49f205494,124060,Watches of Switzerland Rolex CPO,https://www.watchesofswitzerland.com/cdn/shop/files/40411297_2.jpg?height=40&v=1789485528&width=40
00d2f06eb1283744,images/00/00d2f06eb12837449c17a7844906e4db762ca139a5bba88a0c7132891fd37cf6.jpg,pose_rejected,90,90,physical black-dial boundary not found,false,,,,0,0,,,,,,,,,,,,,,,,,,,,,,,,,,,,,,,,,,,,,,,,,,,,,,,,,,,,,,,,,,,,,,,,,,,,,,,,,,,,,,,,,,,,,,,,,,,,,,,,,,,,,,,,,,,,,,,,,,,,,,,,,,,,,,,,,,,,,,,,,,,,,,,,,,,,,,,,,,,,,,,,,,,,,,,,,,,,,,,,,,,,,,,,,,,,,,,,,,,,,,,,,,,,,genuine_population,gen,auto_wos_cpo_124060_90d49f205494,124060,Watches of Switzerland Rolex CPO,https://www.watchesofswitzerland.com/cdn/shop/files/40411297_3.jpg?height=90&v=1789485528&width=90
3b18bcfedeb0d485,images/3b/3b18bcfedeb0d4859301eced4d9fe56fe7b083846597bdcb4f3075f43682f717.jpg,pose_rejected,80,80,physical black-dial boundary not found,false,,,,0,0,,,,,,,,,,,,,,,,,,,,,,,,,,,,,,,,,,,,,,,,,,,,,,,,,,,,,,,,,,,,,,,,,,,,,,,,,,,,,,,,,,,,,,,,,,,,,,,,,,,,,,,,,,,,,,,,,,,,,,,,,,,,,,,,,,,,,,,,,,,,,,,,,,,,,,,,,,,,,,,,,,,,,,,,,,,,,,,,,,,,,,,,,,,,,,,,,,,,,,,,,,,,,genuine_population,gen,auto_wos_cpo_124060_90d49f205494,124060,Watches of Switzerland Rolex CPO,https://www.watchesofswitzerland.com/cdn/shop/files/40411297_3.jpg?height=80&v=1789485528&width=80
2a1cab79859f77df,images/2a/2a1cab79859f77df126a5853d1893bcb553c13e9931181fb66b42a4d57464f2f.jpg,pose_rejected,90,90,physical black-dial boundary not found,false,,,,0,0,,,,,,,,,,,,,,,,,,,,,,,,,,,,,,,,,,,,,,,,,,,,,,,,,,,,,,,,,,,,,,,,,,,,,,,,,,,,,,,,,,,,,,,,,,,,,,,,,,,,,,,,,,,,,,,,,,,,,,,,,,,,,,,,,,,,,,,,,,,,,,,,,,,,,,,,,,,,,,,,,,,,,,,,,,,,,,,,,,,,,,,,,,,,,,,,,,,,,,,,,,,,,genuine_population,gen,auto_wos_cpo_124060_066a8179bd49,124060,Watches of Switzerland Rolex CPO,https://www.watchesofswitzerland.com/cdn/shop/files/40411298_1.jpg?height=90&v=1789188091&width=90
dfa01f1adaf1bc18,images/df/dfa01f1adaf1bc18570d3a559430b9983b54ef33b972064980fff3c462580b9e.jpg,pose_rejected,80,80,physical black-dial boundary not found,false,,,,0,0,,,,,,,,,,,,,,,,,,,,,,,,,,,,,,,,,,,,,,,,,,,,,,,,,,,,,,,,,,,,,,,,,,,,,,,,,,,,,,,,,,,,,,,,,,,,,,,,,,,,,,,,,,,,,,,,,,,,,,,,,,,,,,,,,,,,,,,,,,,,,,,,,,,,,,,,,,,,,,,,,,,,,,,,,,,,,,,,,,,,,,,,,,,,,,,,,,,,,,,,,,,,,genuine_population,gen,auto_wos_cpo_124060_066a8179bd49,124060,Watches of Switzerland Rolex CPO,https://www.watchesofswitzerland.com/cdn/shop/files/40411298_1.jpg?height=80&v=1789188091&width=80
86d79ec4c9bf81cd,images/86/86d79ec4c9bf81cd0af2123c7d62bcb50e4abb60f0b69c16bf5e7a0823789aa5.jpg,pose_rejected,60,60,physical black-dial boundary not found,false,,,,0,0,,,,,,,,,,,,,,,,,,,,,,,,,,,,,,,,,,,,,,,,,,,,,,,,,,,,,,,,,,,,,,,,,,,,,,,,,,,,,,,,,,,,,,,,,,,,,,,,,,,,,,,,,,,,,,,,,,,,,,,,,,,,,,,,,,,,,,,,,,,,,,,,,,,,,,,,,,,,,,,,,,,,,,,,,,,,,,,,,,,,,,,,,,,,,,,,,,,,,,,,,,,,,genuine_population,gen,auto_wos_cpo_124060_066a8179bd49,124060,Watches of Switzerland Rolex CPO,https://www.watchesofswitzerland.com/cdn/shop/files/40411298_1.jpg?height=60&v=1789188091&width=60
bca4151e4390cdf0,images/bc/bca4151e4390cdf0fb08aa50100892cb392bf42be0cb5f0702866de9e50a5a3d.jpg,pose_rejected,40,40,physical black-dial boundary not found,false,,,,0,0,,,,,,,,,,,,,,,,,,,,,,,,,,,,,,,,,,,,,,,,,,,,,,,,,,,,,,,,,,,,,,,,,,,,,,,,,,,,,,,,,,,,,,,,,,,,,,,,,,,,,,,,,,,,,,,,,,,,,,,,,,,,,,,,,,,,,,,,,,,,,,,,,,,,,,,,,,,,,,,,,,,,,,,,,,,,,,,,,,,,,,,,,,,,,,,,,,,,,,,,,,,,,genuine_population,gen,auto_wos_cpo_124060_066a8179bd49,124060,Watches of Switzerland Rolex CPO,https://www.watchesofswitzerland.com/cdn/shop/files/40411298_1.jpg?height=40&v=1789188091&width=40
1f7ada052a6f79ad,images/1f/1f7ada052a6f79add78417632065a5d8d2d4dab1fcb3c6a0dae3425bc17d2a33.jpg,pose_rejected,90,90,physical black-dial boundary not found,false,,,,0,0,,,,,,,,,,,,,,,,,,,,,,,,,,,,,,,,,,,,,,,,,,,,,,,,,,,,,,,,,,,,,,,,,,,,,,,,,,,,,,,,,,,,,,,,,,,,,,,,,,,,,,,,,,,,,,,,,,,,,,,,,,,,,,,,,,,,,,,,,,,,,,,,,,,,,,,,,,,,,,,,,,,,,,,,,,,,,,,,,,,,,,,,,,,,,,,,,,,,,,,,,,,,,genuine_population,gen,auto_wos_cpo_124060_066a8179bd49,124060,Watches of Switzerland Rolex CPO,https://www.watchesofswitzerland.com/cdn/shop/files/40411298_2.jpg?height=90&v=1789188090&width=90
6c5a94b72239f86e,images/6c/6c5a94b72239f86e1e517a38933201272aabb71d79ed1a21745358d29e1baede.jpg,pose_rejected,80,80,physical black-dial boundary not found,false,,,,0,0,,,,,,,,,,,,,,,,,,,,,,,,,,,,,,,,,,,,,,,,,,,,,,,,,,,,,,,,,,,,,,,,,,,,,,,,,,,,,,,,,,,,,,,,,,,,,,,,,,,,,,,,,,,,,,,,,,,,,,,,,,,,,,,,,,,,,,,,,,,,,,,,,,,,,,,,,,,,,,,,,,,,,,,,,,,,,,,,,,,,,,,,,,,,,,,,,,,,,,,,,,,,,genuine_population,gen,auto_wos_cpo_124060_066a8179bd49,124060,Watches of Switzerland Rolex CPO,https://www.watchesofswitzerland.com/cdn/shop/files/40411298_2.jpg?height=80&v=1789188090&width=80
96ebc8a23b128551,images/96/96ebc8a23b128551e3b66469e7dc268d9d0e159721db0cfa7546d511ae1a794c.jpg,pose_rejected,60,60,physical black-dial boundary not found,false,,,,0,0,,,,,,,,,,,,,,,,,,,,,,,,,,,,,,,,,,,,,,,,,,,,,,,,,,,,,,,,,,,,,,,,,,,,,,,,,,,,,,,,,,,,,,,,,,,,,,,,,,,,,,,,,,,,,,,,,,,,,,,,,,,,,,,,,,,,,,,,,,,,,,,,,,,,,,,,,,,,,,,,,,,,,,,,,,,,,,,,,,,,,,,,,,,,,,,,,,,,,,,,,,,,,genuine_population,gen,auto_wos_cpo_124060_066a8179bd49,124060,Watches of Switzerland Rolex CPO,https://www.watchesofswitzerland.com/cdn/shop/files/40411298_2.jpg?height=60&v=1789188090&width=60
40f522108c90b62e,images/40/40f522108c90b62e482155110e05fdbafffb2cd9b6add363abe75d5c7ba1df2c.jpg,pose_rejected,40,40,physical black-dial boundary not found,false,,,,0,0,,,,,,,,,,,,,,,,,,,,,,,,,,,,,,,,,,,,,,,,,,,,,,,,,,,,,,,,,,,,,,,,,,,,,,,,,,,,,,,,,,,,,,,,,,,,,,,,,,,,,,,,,,,,,,,,,,,,,,,,,,,,,,,,,,,,,,,,,,,,,,,,,,,,,,,,,,,,,,,,,,,,,,,,,,,,,,,,,,,,,,,,,,,,,,,,,,,,,,,,,,,,,genuine_population,gen,auto_wos_cpo_124060_066a8179bd49,124060,Watches of Switzerland Rolex CPO,https://www.watchesofswitzerland.com/cdn/shop/files/40411298_2.jpg?height=40&v=1789188090&width=40
eafb926d8f4ef847,images/ea/eafb926d8f4ef847c97f58e9230bb9f810680c1bdd71aa26c7e0a54571a39ae0.jpg,pose_rejected,90,90,physical black-dial boundary not found,false,,,,0,0,,,,,,,,,,,,,,,,,,,,,,,,,,,,,,,,,,,,,,,,,,,,,,,,,,,,,,,,,,,,,,,,,,,,,,,,,,,,,,,,,,,,,,,,,,,,,,,,,,,,,,,,,,,,,,,,,,,,,,,,,,,,,,,,,,,,,,,,,,,,,,,,,,,,,,,,,,,,,,,,,,,,,,,,,,,,,,,,,,,,,,,,,,,,,,,,,,,,,,,,,,,,,genuine_population,gen,auto_wos_cpo_124060_066a8179bd49,124060,Watches of Switzerland Rolex CPO,https://www.watchesofswitzerland.com/cdn/shop/files/40411298_3.jpg?height=90&v=1789188089&width=90
561cde235f33c63e,images/56/561cde235f33c63e2b4fedcfbb66f008ec04bb58532a4457064d6a5dbcd95eb7.jpg,pose_rejected,80,80,physical black-dial boundary not found,false,,,,0,0,,,,,,,,,,,,,,,,,,,,,,,,,,,,,,,,,,,,,,,,,,,,,,,,,,,,,,,,,,,,,,,,,,,,,,,,,,,,,,,,,,,,,,,,,,,,,,,,,,,,,,,,,,,,,,,,,,,,,,,,,,,,,,,,,,,,,,,,,,,,,,,,,,,,,,,,,,,,,,,,,,,,,,,,,,,,,,,,,,,,,,,,,,,,,,,,,,,,,,,,,,,,,genuine_population,gen,auto_wos_cpo_124060_066a8179bd49,124060,Watches of Switzerland Rolex CPO,https://www.watchesofswitzerland.com/cdn/shop/files/40411298_3.jpg?height=80&v=1789188089&width=80
dc2f53100dbb094e,images/dc/dc2f53100dbb094ee3953b7709feec522df95bbdd4a0a8418700f697c6d4c341.jpg,pose_rejected,90,90,physical black-dial boundary not found,false,,,,0,0,,,,,,,,,,,,,,,,,,,,,,,,,,,,,,,,,,,,,,,,,,,,,,,,,,,,,,,,,,,,,,,,,,,,,,,,,,,,,,,,,,,,,,,,,,,,,,,,,,,,,,,,,,,,,,,,,,,,,,,,,,,,,,,,,,,,,,,,,,,,,,,,,,,,,,,,,,,,,,,,,,,,,,,,,,,,,,,,,,,,,,,,,,,,,,,,,,,,,,,,,,,,,genuine_population,gen,auto_wos_cpo_124060_bdaa12c2cffd,124060,Watches of Switzerland Rolex CPO,https://www.watchesofswitzerland.com/cdn/shop/files/40410494_1.jpg?height=90&v=1786509370&width=90
0c7a5900adb4c92d,images/0c/0c7a5900adb4c92ddc4054f8b17b617305152b45f41ea7685aea3a1b3727ad89.jpg,pose_rejected,80,80,physical black-dial boundary not found,false,,,,0,0,,,,,,,,,,,,,,,,,,,,,,,,,,,,,,,,,,,,,,,,,,,,,,,,,,,,,,,,,,,,,,,,,,,,,,,,,,,,,,,,,,,,,,,,,,,,,,,,,,,,,,,,,,,,,,,,,,,,,,,,,,,,,,,,,,,,,,,,,,,,,,,,,,,,,,,,,,,,,,,,,,,,,,,,,,,,,,,,,,,,,,,,,,,,,,,,,,,,,,,,,,,,,genuine_population,gen,auto_wos_cpo_124060_bdaa12c2cffd,124060,Watches of Switzerland Rolex CPO,https://www.watchesofswitzerland.com/cdn/shop/files/40410494_1.jpg?height=80&v=1786509370&width=80
50b757e84552f472,images/50/50b757e84552f472080551357a34696505121471da6a0feff173da2f2309e3a4.jpg,pose_rejected,60,60,physical black-dial boundary not found,false,,,,0,0,,,,,,,,,,,,,,,,,,,,,,,,,,,,,,,,,,,,,,,,,,,,,,,,,,,,,,,,,,,,,,,,,,,,,,,,,,,,,,,,,,,,,,,,,,,,,,,,,,,,,,,,,,,,,,,,,,,,,,,,,,,,,,,,,,,,,,,,,,,,,,,,,,,,,,,,,,,,,,,,,,,,,,,,,,,,,,,,,,,,,,,,,,,,,,,,,,,,,,,,,,,,,genuine_population,gen,auto_wos_cpo_124060_bdaa12c2cffd,124060,Watches of Switzerland Rolex CPO,https://www.watchesofswitzerland.com/cdn/shop/files/40410494_1.jpg?height=60&v=1786509370&width=60
01d7d4baf36843fb,images/01/01d7d4baf36843fbdf338dde2c086c9630344dcf754690061de5d392fdb05b91.jpg,pose_rejected,40,40,physical black-dial boundary not found,false,,,,0,0,,,,,,,,,,,,,,,,,,,,,,,,,,,,,,,,,,,,,,,,,,,,,,,,,,,,,,,,,,,,,,,,,,,,,,,,,,,,,,,,,,,,,,,,,,,,,,,,,,,,,,,,,,,,,,,,,,,,,,,,,,,,,,,,,,,,,,,,,,,,,,,,,,,,,,,,,,,,,,,,,,,,,,,,,,,,,,,,,,,,,,,,,,,,,,,,,,,,,,,,,,,,,genuine_population,gen,auto_wos_cpo_124060_bdaa12c2cffd,124060,Watches of Switzerland Rolex CPO,https://www.watchesofswitzerland.com/cdn/shop/files/40410494_1.jpg?height=40&v=1786509370&width=40
e3087e868b75f785,images/e3/e3087e868b75f785db70b08310bd6223f4d2b0ae3e442a50b3fe702d9486e5d6.jpg,pose_rejected,90,90,physical black-dial boundary not found,false,,,,0,0,,,,,,,,,,,,,,,,,,,,,,,,,,,,,,,,,,,,,,,,,,,,,,,,,,,,,,,,,,,,,,,,,,,,,,,,,,,,,,,,,,,,,,,,,,,,,,,,,,,,,,,,,,,,,,,,,,,,,,,,,,,,,,,,,,,,,,,,,,,,,,,,,,,,,,,,,,,,,,,,,,,,,,,,,,,,,,,,,,,,,,,,,,,,,,,,,,,,,,,,,,,,,genuine_population,gen,auto_wos_cpo_124060_bdaa12c2cffd,124060,Watches of Switzerland Rolex CPO,https://www.watchesofswitzerland.com/cdn/shop/files/40410494_2.jpg?height=90&v=1786509369&width=90
701082b628330938,images/70/701082b62833093859533b06a9de6c3ed43d0ed15b20136c63295ec219bfc512.jpg,pose_rejected,80,80,physical black-dial boundary not found,false,,,,0,0,,,,,,,,,,,,,,,,,,,,,,,,,,,,,,,,,,,,,,,,,,,,,,,,,,,,,,,,,,,,,,,,,,,,,,,,,,,,,,,,,,,,,,,,,,,,,,,,,,,,,,,,,,,,,,,,,,,,,,,,,,,,,,,,,,,,,,,,,,,,,,,,,,,,,,,,,,,,,,,,,,,,,,,,,,,,,,,,,,,,,,,,,,,,,,,,,,,,,,,,,,,,,genuine_population,gen,auto_wos_cpo_124060_bdaa12c2cffd,124060,Watches of Switzerland Rolex CPO,https://www.watchesofswitzerland.com/cdn/shop/files/40410494_2.jpg?height=80&v=1786509369&width=80
ce3db8ab80c8ec44,images/ce/ce3db8ab80c8ec4489d712018e5ce2e662b165d52f52f94718bc6baef74833ae.jpg,pose_rejected,60,60,physical black-dial boundary not found,false,,,,0,0,,,,,,,,,,,,,,,,,,,,,,,,,,,,,,,,,,,,,,,,,,,,,,,,,,,,,,,,,,,,,,,,,,,,,,,,,,,,,,,,,,,,,,,,,,,,,,,,,,,,,,,,,,,,,,,,,,,,,,,,,,,,,,,,,,,,,,,,,,,,,,,,,,,,,,,,,,,,,,,,,,,,,,,,,,,,,,,,,,,,,,,,,,,,,,,,,,,,,,,,,,,,,genuine_population,gen,auto_wos_cpo_124060_bdaa12c2cffd,124060,Watches of Switzerland Rolex CPO,https://www.watchesofswitzerland.com/cdn/shop/files/40410494_2.jpg?height=60&v=1786509369&width=60
fe60327274d9299d,images/fe/fe60327274d9299de084e67d4dec7db3b264671b38dfb35feedb5f98dcc1c4b2.jpg,pose_rejected,40,40,physical black-dial boundary not found,false,,,,0,0,,,,,,,,,,,,,,,,,,,,,,,,,,,,,,,,,,,,,,,,,,,,,,,,,,,,,,,,,,,,,,,,,,,,,,,,,,,,,,,,,,,,,,,,,,,,,,,,,,,,,,,,,,,,,,,,,,,,,,,,,,,,,,,,,,,,,,,,,,,,,,,,,,,,,,,,,,,,,,,,,,,,,,,,,,,,,,,,,,,,,,,,,,,,,,,,,,,,,,,,,,,,,genuine_population,gen,auto_wos_cpo_124060_bdaa12c2cffd,124060,Watches of Switzerland Rolex CPO,https://www.watchesofswitzerland.com/cdn/shop/files/40410494_2.jpg?height=40&v=1786509369&width=40
d20e252f44117d8d,images/d2/d20e252f44117d8d0843e8a8243d3f7d1f4c8f65677411e1239d6e6aa319c916.jpg,pose_rejected,90,90,physical black-dial boundary not found,false,,,,0,0,,,,,,,,,,,,,,,,,,,,,,,,,,,,,,,,,,,,,,,,,,,,,,,,,,,,,,,,,,,,,,,,,,,,,,,,,,,,,,,,,,,,,,,,,,,,,,,,,,,,,,,,,,,,,,,,,,,,,,,,,,,,,,,,,,,,,,,,,,,,,,,,,,,,,,,,,,,,,,,,,,,,,,,,,,,,,,,,,,,,,,,,,,,,,,,,,,,,,,,,,,,,,genuine_population,gen,auto_wos_cpo_124060_bdaa12c2cffd,124060,Watches of Switzerland Rolex CPO,https://www.watchesofswitzerland.com/cdn/shop/files/40410494_3.jpg?height=90&v=1786509370&width=90
958ee6f9a9a5a78e,images/95/958ee6f9a9a5a78ea75423eaf6f0aee6ba10d4b8e386c2f0c04e621b37e95b2a.jpg,pose_rejected,80,80,physical black-dial boundary not found,false,,,,0,0,,,,,,,,,,,,,,,,,,,,,,,,,,,,,,,,,,,,,,,,,,,,,,,,,,,,,,,,,,,,,,,,,,,,,,,,,,,,,,,,,,,,,,,,,,,,,,,,,,,,,,,,,,,,,,,,,,,,,,,,,,,,,,,,,,,,,,,,,,,,,,,,,,,,,,,,,,,,,,,,,,,,,,,,,,,,,,,,,,,,,,,,,,,,,,,,,,,,,,,,,,,,,genuine_population,gen,auto_wos_cpo_124060_bdaa12c2cffd,124060,Watches of Switzerland Rolex CPO,https://www.watchesofswitzerland.com/cdn/shop/files/40410494_3.jpg?height=80&v=1786509370&width=80
02524c4273a7cea3,images/02/02524c4273a7cea3669a2c966c62809c4f858166f9837cc93d459de4ba7e0f6c.jpg,pose_rejected,90,90,physical black-dial boundary not found,false,,,,0,0,,,,,,,,,,,,,,,,,,,,,,,,,,,,,,,,,,,,,,,,,,,,,,,,,,,,,,,,,,,,,,,,,,,,,,,,,,,,,,,,,,,,,,,,,,,,,,,,,,,,,,,,,,,,,,,,,,,,,,,,,,,,,,,,,,,,,,,,,,,,,,,,,,,,,,,,,,,,,,,,,,,,,,,,,,,,,,,,,,,,,,,,,,,,,,,,,,,,,,,,,,,,,genuine_population,gen,auto_wos_cpo_124060_28bfb401ce77,124060,Watches of Switzerland Rolex CPO,https://www.watchesofswitzerland.com/cdn/shop/files/40410234_1.jpg?height=90&v=1787633019&width=90
70b369ba3f547e81,images/70/70b369ba3f547e8112df5d088b854333e08aa57a303242421fce9c2da0a1b585.jpg,pose_rejected,80,80,physical black-dial boundary not found,false,,,,0,0,,,,,,,,,,,,,,,,,,,,,,,,,,,,,,,,,,,,,,,,,,,,,,,,,,,,,,,,,,,,,,,,,,,,,,,,,,,,,,,,,,,,,,,,,,,,,,,,,,,,,,,,,,,,,,,,,,,,,,,,,,,,,,,,,,,,,,,,,,,,,,,,,,,,,,,,,,,,,,,,,,,,,,,,,,,,,,,,,,,,,,,,,,,,,,,,,,,,,,,,,,,,,genuine_population,gen,auto_wos_cpo_124060_28bfb401ce77,124060,Watches of Switzerland Rolex CPO,https://www.watchesofswitzerland.com/cdn/shop/files/40410234_1.jpg?height=80&v=1787633019&width=80
ed359d3134f7b9d6,images/ed/ed359d3134f7b9d60731a1bf7e630a7c2a693742d61d58d5cc6bf19442ec2116.jpg,pose_rejected,60,60,physical black-dial boundary not found,false,,,,0,0,,,,,,,,,,,,,,,,,,,,,,,,,,,,,,,,,,,,,,,,,,,,,,,,,,,,,,,,,,,,,,,,,,,,,,,,,,,,,,,,,,,,,,,,,,,,,,,,,,,,,,,,,,,,,,,,,,,,,,,,,,,,,,,,,,,,,,,,,,,,,,,,,,,,,,,,,,,,,,,,,,,,,,,,,,,,,,,,,,,,,,,,,,,,,,,,,,,,,,,,,,,,,genuine_population,gen,auto_wos_cpo_124060_28bfb401ce77,124060,Watches of Switzerland Rolex CPO,https://www.watchesofswitzerland.com/cdn/shop/files/40410234_1.jpg?height=60&v=1787633019&width=60
93896dccf98e6bbf,images/93/93896dccf98e6bbf1e52fbe05bf6023c834f42bc36fced659c3cd7c30b4c2c79.jpg,pose_rejected,40,40,physical black-dial boundary not found,false,,,,0,0,,,,,,,,,,,,,,,,,,,,,,,,,,,,,,,,,,,,,,,,,,,,,,,,,,,,,,,,,,,,,,,,,,,,,,,,,,,,,,,,,,,,,,,,,,,,,,,,,,,,,,,,,,,,,,,,,,,,,,,,,,,,,,,,,,,,,,,,,,,,,,,,,,,,,,,,,,,,,,,,,,,,,,,,,,,,,,,,,,,,,,,,,,,,,,,,,,,,,,,,,,,,,genuine_population,gen,auto_wos_cpo_124060_28bfb401ce77,124060,Watches of Switzerland Rolex CPO,https://www.watchesofswitzerland.com/cdn/shop/files/40410234_1.jpg?height=40&v=1787633019&width=40
1b92f7bc91b072b8,images/1b/1b92f7bc91b072b829dd02db72c15157b4a37baa5c8744ed4ce5e0254c2e5b72.jpg,pose_rejected,90,90,physical black-dial boundary not found,false,,,,0,0,,,,,,,,,,,,,,,,,,,,,,,,,,,,,,,,,,,,,,,,,,,,,,,,,,,,,,,,,,,,,,,,,,,,,,,,,,,,,,,,,,,,,,,,,,,,,,,,,,,,,,,,,,,,,,,,,,,,,,,,,,,,,,,,,,,,,,,,,,,,,,,,,,,,,,,,,,,,,,,,,,,,,,,,,,,,,,,,,,,,,,,,,,,,,,,,,,,,,,,,,,,,,genuine_population,gen,auto_wos_cpo_124060_28bfb401ce77,124060,Watches of Switzerland Rolex CPO,https://www.watchesofswitzerland.com/cdn/shop/files/40410234_2.jpg?height=90&v=1787633020&width=90
bd98c62beb622775,images/bd/bd98c62beb62277560dc38df86823b84d8f0a59bd33499ffd158cc5e33a53109.jpg,pose_rejected,80,80,physical black-dial boundary not found,false,,,,0,0,,,,,,,,,,,,,,,,,,,,,,,,,,,,,,,,,,,,,,,,,,,,,,,,,,,,,,,,,,,,,,,,,,,,,,,,,,,,,,,,,,,,,,,,,,,,,,,,,,,,,,,,,,,,,,,,,,,,,,,,,,,,,,,,,,,,,,,,,,,,,,,,,,,,,,,,,,,,,,,,,,,,,,,,,,,,,,,,,,,,,,,,,,,,,,,,,,,,,,,,,,,,,genuine_population,gen,auto_wos_cpo_124060_28bfb401ce77,124060,Watches of Switzerland Rolex CPO,https://www.watchesofswitzerland.com/cdn/shop/files/40410234_2.jpg?height=80&v=1787633020&width=80
0951c0b5033eaed4,images/09/0951c0b5033eaed48ea122b5fb62761115675c885a4e27cb6e767216dc602014.jpg,pose_rejected,60,60,physical black-dial boundary not found,false,,,,0,0,,,,,,,,,,,,,,,,,,,,,,,,,,,,,,,,,,,,,,,,,,,,,,,,,,,,,,,,,,,,,,,,,,,,,,,,,,,,,,,,,,,,,,,,,,,,,,,,,,,,,,,,,,,,,,,,,,,,,,,,,,,,,,,,,,,,,,,,,,,,,,,,,,,,,,,,,,,,,,,,,,,,,,,,,,,,,,,,,,,,,,,,,,,,,,,,,,,,,,,,,,,,,genuine_population,gen,auto_wos_cpo_124060_28bfb401ce77,124060,Watches of Switzerland Rolex CPO,https://www.watchesofswitzerland.com/cdn/shop/files/40410234_2.jpg?height=60&v=1787633020&width=60
f59d9d5e6fa3f021,images/f5/f59d9d5e6fa3f021bcfb60a814dee14d3a56a6f8307f63e319d2c6575ab91b7e.jpg,pose_rejected,40,40,physical black-dial boundary not found,false,,,,0,0,,,,,,,,,,,,,,,,,,,,,,,,,,,,,,,,,,,,,,,,,,,,,,,,,,,,,,,,,,,,,,,,,,,,,,,,,,,,,,,,,,,,,,,,,,,,,,,,,,,,,,,,,,,,,,,,,,,,,,,,,,,,,,,,,,,,,,,,,,,,,,,,,,,,,,,,,,,,,,,,,,,,,,,,,,,,,,,,,,,,,,,,,,,,,,,,,,,,,,,,,,,,,genuine_population,gen,auto_wos_cpo_124060_28bfb401ce77,124060,Watches of Switzerland Rolex CPO,https://www.watchesofswitzerland.com/cdn/shop/files/40410234_2.jpg?height=40&v=1787633020&width=40
670b67b1b2ecd5c4,images/67/670b67b1b2ecd5c48a86c4ac4829fe7c65d44ad83f78d1a8881061a406f0f636.jpg,pose_rejected,90,90,physical black-dial boundary not found,false,,,,0,0,,,,,,,,,,,,,,,,,,,,,,,,,,,,,,,,,,,,,,,,,,,,,,,,,,,,,,,,,,,,,,,,,,,,,,,,,,,,,,,,,,,,,,,,,,,,,,,,,,,,,,,,,,,,,,,,,,,,,,,,,,,,,,,,,,,,,,,,,,,,,,,,,,,,,,,,,,,,,,,,,,,,,,,,,,,,,,,,,,,,,,,,,,,,,,,,,,,,,,,,,,,,,genuine_population,gen,auto_wos_cpo_124060_28bfb401ce77,124060,Watches of Switzerland Rolex CPO,https://www.watchesofswitzerland.com/cdn/shop/files/40410234_3.jpg?height=90&v=1787633019&width=90
ba420c6165dd5d46,images/ba/ba420c6165dd5d467d172b3117e4b0196daeb7bbda5193f9905099c71d03993b.jpg,pose_rejected,80,80,physical black-dial boundary not found,false,,,,0,0,,,,,,,,,,,,,,,,,,,,,,,,,,,,,,,,,,,,,,,,,,,,,,,,,,,,,,,,,,,,,,,,,,,,,,,,,,,,,,,,,,,,,,,,,,,,,,,,,,,,,,,,,,,,,,,,,,,,,,,,,,,,,,,,,,,,,,,,,,,,,,,,,,,,,,,,,,,,,,,,,,,,,,,,,,,,,,,,,,,,,,,,,,,,,,,,,,,,,,,,,,,,,genuine_population,gen,auto_wos_cpo_124060_28bfb401ce77,124060,Watches of Switzerland Rolex CPO,https://www.watchesofswitzerland.com/cdn/shop/files/40410234_3.jpg?height=80&v=1787633019&width=80
bf356ac99fa357e6,images/bf/bf356ac99fa357e662e7017d5f0a04c46eb51659fa3ea326fcf32d8b0294b854.jpg,pose_rejected,90,90,physical black-dial boundary not found,false,,,,0,0,,,,,,,,,,,,,,,,,,,,,,,,,,,,,,,,,,,,,,,,,,,,,,,,,,,,,,,,,,,,,,,,,,,,,,,,,,,,,,,,,,,,,,,,,,,,,,,,,,,,,,,,,,,,,,,,,,,,,,,,,,,,,,,,,,,,,,,,,,,,,,,,,,,,,,,,,,,,,,,,,,,,,,,,,,,,,,,,,,,,,,,,,,,,,,,,,,,,,,,,,,,,,genuine_population,gen,auto_wos_cpo_124060_d2fd6df04a3b,124060,Watches of Switzerland Rolex CPO,https://www.watchesofswitzerland.com/cdn/shop/files/40410136_1.jpg?height=90&v=1786770878&width=90
59fdbc3426d48cb7,images/59/59fdbc3426d48cb770b2cd7addb6ff3be308b988defb6260e16b2f73bd4347f1.jpg,pose_rejected,80,80,physical black-dial boundary not found,false,,,,0,0,,,,,,,,,,,,,,,,,,,,,,,,,,,,,,,,,,,,,,,,,,,,,,,,,,,,,,,,,,,,,,,,,,,,,,,,,,,,,,,,,,,,,,,,,,,,,,,,,,,,,,,,,,,,,,,,,,,,,,,,,,,,,,,,,,,,,,,,,,,,,,,,,,,,,,,,,,,,,,,,,,,,,,,,,,,,,,,,,,,,,,,,,,,,,,,,,,,,,,,,,,,,,genuine_population,gen,auto_wos_cpo_124060_d2fd6df04a3b,124060,Watches of Switzerland Rolex CPO,https://www.watchesofswitzerland.com/cdn/shop/files/40410136_1.jpg?height=80&v=1786770878&width=80
e68314208853a9a0,images/e6/e68314208853a9a04874edcaa4e4c60ba8888c6f27b3e66f303780ff8940fa5a.jpg,pose_rejected,60,60,physical black-dial boundary not found,false,,,,0,0,,,,,,,,,,,,,,,,,,,,,,,,,,,,,,,,,,,,,,,,,,,,,,,,,,,,,,,,,,,,,,,,,,,,,,,,,,,,,,,,,,,,,,,,,,,,,,,,,,,,,,,,,,,,,,,,,,,,,,,,,,,,,,,,,,,,,,,,,,,,,,,,,,,,,,,,,,,,,,,,,,,,,,,,,,,,,,,,,,,,,,,,,,,,,,,,,,,,,,,,,,,,,genuine_population,gen,auto_wos_cpo_124060_d2fd6df04a3b,124060,Watches of Switzerland Rolex CPO,https://www.watchesofswitzerland.com/cdn/shop/files/40410136_1.jpg?height=60&v=1786770878&width=60
f7076f79eb3ed4ba,images/f7/f7076f79eb3ed4ba2e8c415c3ff3c8a462f4f6d83e4ec749275ce06590ce41e1.jpg,pose_rejected,40,40,physical black-dial boundary not found,false,,,,0,0,,,,,,,,,,,,,,,,,,,,,,,,,,,,,,,,,,,,,,,,,,,,,,,,,,,,,,,,,,,,,,,,,,,,,,,,,,,,,,,,,,,,,,,,,,,,,,,,,,,,,,,,,,,,,,,,,,,,,,,,,,,,,,,,,,,,,,,,,,,,,,,,,,,,,,,,,,,,,,,,,,,,,,,,,,,,,,,,,,,,,,,,,,,,,,,,,,,,,,,,,,,,,genuine_population,gen,auto_wos_cpo_124060_d2fd6df04a3b,124060,Watches of Switzerland Rolex CPO,https://www.watchesofswitzerland.com/cdn/shop/files/40410136_1.jpg?height=40&v=1786770878&width=40
5004fb96c230ae39,images/50/5004fb96c230ae397d26340e6df19f6343062b0c227bf9216ecd7d913e41e1f6.jpg,pose_rejected,90,90,physical black-dial boundary not found,false,,,,0,0,,,,,,,,,,,,,,,,,,,,,,,,,,,,,,,,,,,,,,,,,,,,,,,,,,,,,,,,,,,,,,,,,,,,,,,,,,,,,,,,,,,,,,,,,,,,,,,,,,,,,,,,,,,,,,,,,,,,,,,,,,,,,,,,,,,,,,,,,,,,,,,,,,,,,,,,,,,,,,,,,,,,,,,,,,,,,,,,,,,,,,,,,,,,,,,,,,,,,,,,,,,,,genuine_population,gen,auto_wos_cpo_124060_d2fd6df04a3b,124060,Watches of Switzerland Rolex CPO,https://www.watchesofswitzerland.com/cdn/shop/files/40410136_2.jpg?height=90&v=1786770879&width=90
a283c30279bb1d64,images/a2/a283c30279bb1d647d0ff787e278e46c5605948799919277db81e2ddb65255b0.jpg,pose_rejected,80,80,physical black-dial boundary not found,false,,,,0,0,,,,,,,,,,,,,,,,,,,,,,,,,,,,,,,,,,,,,,,,,,,,,,,,,,,,,,,,,,,,,,,,,,,,,,,,,,,,,,,,,,,,,,,,,,,,,,,,,,,,,,,,,,,,,,,,,,,,,,,,,,,,,,,,,,,,,,,,,,,,,,,,,,,,,,,,,,,,,,,,,,,,,,,,,,,,,,,,,,,,,,,,,,,,,,,,,,,,,,,,,,,,,genuine_population,gen,auto_wos_cpo_124060_d2fd6df04a3b,124060,Watches of Switzerland Rolex CPO,https://www.watchesofswitzerland.com/cdn/shop/files/40410136_2.jpg?height=80&v=1786770879&width=80
ba7c42ce1ce35fe1,images/ba/ba7c42ce1ce35fe12abcaaface42f6eb451263d70fe0c1cfa578497e173d954b.jpg,pose_rejected,60,60,physical black-dial boundary not found,false,,,,0,0,,,,,,,,,,,,,,,,,,,,,,,,,,,,,,,,,,,,,,,,,,,,,,,,,,,,,,,,,,,,,,,,,,,,,,,,,,,,,,,,,,,,,,,,,,,,,,,,,,,,,,,,,,,,,,,,,,,,,,,,,,,,,,,,,,,,,,,,,,,,,,,,,,,,,,,,,,,,,,,,,,,,,,,,,,,,,,,,,,,,,,,,,,,,,,,,,,,,,,,,,,,,,genuine_population,gen,auto_wos_cpo_124060_d2fd6df04a3b,124060,Watches of Switzerland Rolex CPO,https://www.watchesofswitzerland.com/cdn/shop/files/40410136_2.jpg?height=60&v=1786770879&width=60
5e99455bb1f2dca5,images/5e/5e99455bb1f2dca50f7a36908d75bea0139a1f0e959b2c599ef70da135c637be.jpg,pose_rejected,40,40,physical black-dial boundary not found,false,,,,0,0,,,,,,,,,,,,,,,,,,,,,,,,,,,,,,,,,,,,,,,,,,,,,,,,,,,,,,,,,,,,,,,,,,,,,,,,,,,,,,,,,,,,,,,,,,,,,,,,,,,,,,,,,,,,,,,,,,,,,,,,,,,,,,,,,,,,,,,,,,,,,,,,,,,,,,,,,,,,,,,,,,,,,,,,,,,,,,,,,,,,,,,,,,,,,,,,,,,,,,,,,,,,,genuine_population,gen,auto_wos_cpo_124060_d2fd6df04a3b,124060,Watches of Switzerland Rolex CPO,https://www.watchesofswitzerland.com/cdn/shop/files/40410136_2.jpg?height=40&v=1786770879&width=40
d637e4972ff8f6a7,images/d6/d637e4972ff8f6a72075fc073ce3d0706cf0107a9fd8442b47df78c5ad3a7b65.jpg,pose_rejected,90,90,physical black-dial boundary not found,false,,,,0,0,,,,,,,,,,,,,,,,,,,,,,,,,,,,,,,,,,,,,,,,,,,,,,,,,,,,,,,,,,,,,,,,,,,,,,,,,,,,,,,,,,,,,,,,,,,,,,,,,,,,,,,,,,,,,,,,,,,,,,,,,,,,,,,,,,,,,,,,,,,,,,,,,,,,,,,,,,,,,,,,,,,,,,,,,,,,,,,,,,,,,,,,,,,,,,,,,,,,,,,,,,,,,genuine_population,gen,auto_wos_cpo_124060_d2fd6df04a3b,124060,Watches of Switzerland Rolex CPO,https://www.watchesofswitzerland.com/cdn/shop/files/40410136_3.jpg?height=90&v=1786770879&width=90
b262db66d7353275,images/b2/b262db66d7353275796ca9c2ed2dd8c2d96d29cc09fb5e2d04276d97b94242a5.jpg,pose_rejected,80,80,physical black-dial boundary not found,false,,,,0,0,,,,,,,,,,,,,,,,,,,,,,,,,,,,,,,,,,,,,,,,,,,,,,,,,,,,,,,,,,,,,,,,,,,,,,,,,,,,,,,,,,,,,,,,,,,,,,,,,,,,,,,,,,,,,,,,,,,,,,,,,,,,,,,,,,,,,,,,,,,,,,,,,,,,,,,,,,,,,,,,,,,,,,,,,,,,,,,,,,,,,,,,,,,,,,,,,,,,,,,,,,,,,genuine_population,gen,auto_wos_cpo_124060_d2fd6df04a3b,124060,Watches of Switzerland Rolex CPO,https://www.watchesofswitzerland.com/cdn/shop/files/40410136_3.jpg?height=80&v=1786770879&width=80
32164f2192b5298c,images/32/32164f2192b5298cdb280b337a8f9555166064f1f6cbd7aa600dbc4dba8b7d41.jpg,pose_rejected,90,90,physical black-dial boundary not found,false,,,,0,0,,,,,,,,,,,,,,,,,,,,,,,,,,,,,,,,,,,,,,,,,,,,,,,,,,,,,,,,,,,,,,,,,,,,,,,,,,,,,,,,,,,,,,,,,,,,,,,,,,,,,,,,,,,,,,,,,,,,,,,,,,,,,,,,,,,,,,,,,,,,,,,,,,,,,,,,,,,,,,,,,,,,,,,,,,,,,,,,,,,,,,,,,,,,,,,,,,,,,,,,,,,,,genuine_population,gen,auto_wos_cpo_124060_550a75a62717,124060,Watches of Switzerland Rolex CPO,https://www.watchesofswitzerland.com/cdn/shop/files/40410472_1.jpg?height=90&v=1786510349&width=90
9b3cbe47cf90e972,images/9b/9b3cbe47cf90e97244ab5ffd66206c1d83d6bb422b2fde55f2ac2a26022652ed.jpg,pose_rejected,80,80,physical black-dial boundary not found,false,,,,0,0,,,,,,,,,,,,,,,,,,,,,,,,,,,,,,,,,,,,,,,,,,,,,,,,,,,,,,,,,,,,,,,,,,,,,,,,,,,,,,,,,,,,,,,,,,,,,,,,,,,,,,,,,,,,,,,,,,,,,,,,,,,,,,,,,,,,,,,,,,,,,,,,,,,,,,,,,,,,,,,,,,,,,,,,,,,,,,,,,,,,,,,,,,,,,,,,,,,,,,,,,,,,,genuine_population,gen,auto_wos_cpo_124060_550a75a62717,124060,Watches of Switzerland Rolex CPO,https://www.watchesofswitzerland.com/cdn/shop/files/40410472_1.jpg?height=80&v=1786510349&width=80
35da8afa01a425e0,images/35/35da8afa01a425e02d5207e473d03e0d84f6e0e328794ee61ab806270f87b261.jpg,pose_rejected,60,60,physical black-dial boundary not found,false,,,,0,0,,,,,,,,,,,,,,,,,,,,,,,,,,,,,,,,,,,,,,,,,,,,,,,,,,,,,,,,,,,,,,,,,,,,,,,,,,,,,,,,,,,,,,,,,,,,,,,,,,,,,,,,,,,,,,,,,,,,,,,,,,,,,,,,,,,,,,,,,,,,,,,,,,,,,,,,,,,,,,,,,,,,,,,,,,,,,,,,,,,,,,,,,,,,,,,,,,,,,,,,,,,,,genuine_population,gen,auto_wos_cpo_124060_550a75a62717,124060,Watches of Switzerland Rolex CPO,https://www.watchesofswitzerland.com/cdn/shop/files/40410472_1.jpg?height=60&v=1786510349&width=60
5eb1c9db37479432,images/5e/5eb1c9db374794324f00e9dd8523ef276cf39f518f61587782ce99484dab7c58.jpg,pose_rejected,40,40,physical black-dial boundary not found,false,,,,0,0,,,,,,,,,,,,,,,,,,,,,,,,,,,,,,,,,,,,,,,,,,,,,,,,,,,,,,,,,,,,,,,,,,,,,,,,,,,,,,,,,,,,,,,,,,,,,,,,,,,,,,,,,,,,,,,,,,,,,,,,,,,,,,,,,,,,,,,,,,,,,,,,,,,,,,,,,,,,,,,,,,,,,,,,,,,,,,,,,,,,,,,,,,,,,,,,,,,,,,,,,,,,,genuine_population,gen,auto_wos_cpo_124060_550a75a62717,124060,Watches of Switzerland Rolex CPO,https://www.watchesofswitzerland.com/cdn/shop/files/40410472_1.jpg?height=40&v=1786510349&width=40
35e0a9fcb72de479,images/35/35e0a9fcb72de4798732b92d0f5e2265c624e107fc3a2a757b3b4eeef6ef72b9.jpg,pose_rejected,90,90,physical black-dial boundary not found,false,,,,0,0,,,,,,,,,,,,,,,,,,,,,,,,,,,,,,,,,,,,,,,,,,,,,,,,,,,,,,,,,,,,,,,,,,,,,,,,,,,,,,,,,,,,,,,,,,,,,,,,,,,,,,,,,,,,,,,,,,,,,,,,,,,,,,,,,,,,,,,,,,,,,,,,,,,,,,,,,,,,,,,,,,,,,,,,,,,,,,,,,,,,,,,,,,,,,,,,,,,,,,,,,,,,,genuine_population,gen,auto_wos_cpo_124060_550a75a62717,124060,Watches of Switzerland Rolex CPO,https://www.watchesofswitzerland.com/cdn/shop/files/40410472_2.jpg?height=90&v=1786510349&width=90
ecb45a8c33149e07,images/ec/ecb45a8c33149e0757daa4bd4ab000fa7df5f9b5cf3aef9a66bdb3ed397e72b2.jpg,pose_rejected,80,80,physical black-dial boundary not found,false,,,,0,0,,,,,,,,,,,,,,,,,,,,,,,,,,,,,,,,,,,,,,,,,,,,,,,,,,,,,,,,,,,,,,,,,,,,,,,,,,,,,,,,,,,,,,,,,,,,,,,,,,,,,,,,,,,,,,,,,,,,,,,,,,,,,,,,,,,,,,,,,,,,,,,,,,,,,,,,,,,,,,,,,,,,,,,,,,,,,,,,,,,,,,,,,,,,,,,,,,,,,,,,,,,,,genuine_population,gen,auto_wos_cpo_124060_550a75a62717,124060,Watches of Switzerland Rolex CPO,https://www.watchesofswitzerland.com/cdn/shop/files/40410472_2.jpg?height=80&v=1786510349&width=80
a815f2eed48c727c,images/a8/a815f2eed48c727ce631a30e5ad91cb85e6cc988733b0acf06b4b1858fa3ba65.jpg,pose_rejected,60,60,physical black-dial boundary not found,false,,,,0,0,,,,,,,,,,,,,,,,,,,,,,,,,,,,,,,,,,,,,,,,,,,,,,,,,,,,,,,,,,,,,,,,,,,,,,,,,,,,,,,,,,,,,,,,,,,,,,,,,,,,,,,,,,,,,,,,,,,,,,,,,,,,,,,,,,,,,,,,,,,,,,,,,,,,,,,,,,,,,,,,,,,,,,,,,,,,,,,,,,,,,,,,,,,,,,,,,,,,,,,,,,,,,genuine_population,gen,auto_wos_cpo_124060_550a75a62717,124060,Watches of Switzerland Rolex CPO,https://www.watchesofswitzerland.com/cdn/shop/files/40410472_2.jpg?height=60&v=1786510349&width=60
8c9e1ebee13fc180,images/8c/8c9e1ebee13fc18073d12f9b786bff5f0a57a0f873b78533a6cb9207e7dc8164.jpg,pose_rejected,40,40,physical black-dial boundary not found,false,,,,0,0,,,,,,,,,,,,,,,,,,,,,,,,,,,,,,,,,,,,,,,,,,,,,,,,,,,,,,,,,,,,,,,,,,,,,,,,,,,,,,,,,,,,,,,,,,,,,,,,,,,,,,,,,,,,,,,,,,,,,,,,,,,,,,,,,,,,,,,,,,,,,,,,,,,,,,,,,,,,,,,,,,,,,,,,,,,,,,,,,,,,,,,,,,,,,,,,,,,,,,,,,,,,,genuine_population,gen,auto_wos_cpo_124060_550a75a62717,124060,Watches of Switzerland Rolex CPO,https://www.watchesofswitzerland.com/cdn/shop/files/40410472_2.jpg?height=40&v=1786510349&width=40
055bd38887edd16a,images/05/055bd38887edd16a995c7e520738609f92b868d3711f7e3eaa65ccf7332f8e7c.jpg,pose_rejected,90,90,physical black-dial boundary not found,false,,,,0,0,,,,,,,,,,,,,,,,,,,,,,,,,,,,,,,,,,,,,,,,,,,,,,,,,,,,,,,,,,,,,,,,,,,,,,,,,,,,,,,,,,,,,,,,,,,,,,,,,,,,,,,,,,,,,,,,,,,,,,,,,,,,,,,,,,,,,,,,,,,,,,,,,,,,,,,,,,,,,,,,,,,,,,,,,,,,,,,,,,,,,,,,,,,,,,,,,,,,,,,,,,,,,genuine_population,gen,auto_wos_cpo_124060_550a75a62717,124060,Watches of Switzerland Rolex CPO,https://www.watchesofswitzerland.com/cdn/shop/files/40410472_3.jpg?height=90&v=1786510350&width=90
f83a5fe10c734c96,images/f8/f83a5fe10c734c963ef40fdf13ed4dc2c8a2c23789871565479f63bac82a2a06.jpg,pose_rejected,80,80,physical black-dial boundary not found,false,,,,0,0,,,,,,,,,,,,,,,,,,,,,,,,,,,,,,,,,,,,,,,,,,,,,,,,,,,,,,,,,,,,,,,,,,,,,,,,,,,,,,,,,,,,,,,,,,,,,,,,,,,,,,,,,,,,,,,,,,,,,,,,,,,,,,,,,,,,,,,,,,,,,,,,,,,,,,,,,,,,,,,,,,,,,,,,,,,,,,,,,,,,,,,,,,,,,,,,,,,,,,,,,,,,,genuine_population,gen,auto_wos_cpo_124060_550a75a62717,124060,Watches of Switzerland Rolex CPO,https://www.watchesofswitzerland.com/cdn/shop/files/40410472_3.jpg?height=80&v=1786510350&width=80
d6113f3297e054a5,images/d6/d6113f3297e054a59a2b828e844247f66500aca62e48a68672f16420e3865926.jpg,accepted,1302,1781,,true,349.78819,0.98099,0.20281,52,12,335.41495,true,10,-1.01783,-0.03673,1.01849,-0.04021,0.14626,true,,-0.74980,1.11416,-0.74014,1.13390,1.35408,-1.11416,-0.74980,1.13655,-1.04707,-0.40990,0.42409,,1.00000,1.00000,0.44530,0.52214,0.85642,true,,-1.13353,0.34804,-1.13573,0.35847,1.19096,-1.13353,0.34804,0.26545,-0.00695,-0.26122,0.21732,,0.85714,1.00000,true,,-1.77661,-0.03569,-1.76503,-0.03708,1.76542,-0.03569,1.77661,0.14840,0.10740,0.10245,-0.42745,,1.00000,1.00000,true,,-0.92919,-0.73849,-0.91788,-0.73897,1.17839,0.92919,0.73849,0.04866,0.00739,0.04782,-0.48135,,1.00000,1.00000,true,,-0.17873,0.58464,-0.17597,0.59438,0.61988,-0.59568,0.13753,0.34872,-0.00910,0.34822,,-0.32812,0.93056,1.00000,false,hand/occluder crosses outline (clean 0.65),,,,,,,,,,,,,0.59722,0.65000,true,,-1.56219,0.37816,-1.56439,0.38657,1.61145,-1.16382,1.10860,0.16239,-0.14675,-0.06488,,-0.32397,0.91667,1.00000,true,,-1.68421,0.22951,-1.68079,0.23214,1.69674,-0.64334,1.57332,0.01725,0.01374,0.01007,,-0.33312,0.93056,1.00000,true,,-1.63252,-0.40099,-1.61527,-0.40448,1.66514,0.46900,1.61430,0.10231,0.10189,0.01034,,-0.23419,0.88889,1.00000,true,,-1.13746,-0.67039,-1.12316,-0.67259,1.30915,0.64987,1.14931,0.14089,-0.10701,-0.09467,,-0.23810,0.87500,1.00000,true,,-0.62093,-0.67666,-0.61472,-0.67687,0.91435,0.87607,0.27554,0.09646,0.07848,0.05574,,-0.19514,0.87500,1.00000,true,,-0.48976,-0.18575,-0.48508,-0.18306,0.51847,0.40574,-0.33127,0.16434,-0.03186,-0.16129,,-0.11311,0.93056,1.00000,1368,genuine_population,gen,auto_phillips_124060_e677bdc312cb,124060,Phillips,https://dist.phillips.com/auction-assets/HK080524/206976_001.jpg?fit=cover&optimize=medium&width=1302
abbc909629c4da6d,images/ab/abbc909629c4da6db9e8a08f5faf7357e8f4ab17a5830e48d139a48025b4289b.jpg,pose_rejected,1302,1781,overlay unavailable: minute-lattice median residual too high (wrong local fit),false,,,,0,0,,,,,,,,,,,,,,,,,,,,,,,,,,,,,,,,,,,,,,,,,,,,,,,,,,,,,,,,,,,,,,,,,,,,,,,,,,,,,,,,,,,,,,,,,,,,,,,,,,,,,,,,,,,,,,,,,,,,,,,,,,,,,,,,,,,,,,,,,,,,,,,,,,,,,,,,,,,,,,,,,,,,,,,,,,,,,,,,,,,,,,,,,,,,,,,,,,,,,,,,,,,,,genuine_population,gen,auto_phillips_124060_52ee129407d1,124060,Phillips,https://dist.phillips.com/auction-assets/NY080125/217746_001.jpg?fit=cover&optimize=medium&width=1302
a699939a5839d8b0,images/a6/a699939a5839d8b09c13d988aa30a9729451e3baddc8ba2b65cabcb1fe780646.jpg,missing,,,,,,,,,,,,,,,,,,,,,,,,,,,,,,,,,,,,,,,,,,,,,,,,,,,,,,,,,,,,,,,,,,,,,,,,,,,,,,,,,,,,,,,,,,,,,,,,,,,,,,,,,,,,,,,,,,,,,,,,,,,,,,,,,,,,,,,,,,,,,,,,,,,,,,,,,,,,,,,,,,,,,,,,,,,,,,,,,,,,,,,,,,,,,,,,,,,,,,,,,,,,,,,,,,,,,,replica_validation,rep,rep_124060_clean_1lnn2kz,124060,curated replica seeds,
531bf26df63f8e28,images/53/531bf26df63f8e2821d555abb5aca9efaeb2390f318cf954acbf5411e7da0e66.jpg,missing,,,,,,,,,,,,,,,,,,,,,,,,,,,,,,,,,,,,,,,,,,,,,,,,,,,,,,,,,,,,,,,,,,,,,,,,,,,,,,,,,,,,,,,,,,,,,,,,,,,,,,,,,,,,,,,,,,,,,,,,,,,,,,,,,,,,,,,,,,,,,,,,,,,,,,,,,,,,,,,,,,,,,,,,,,,,,,,,,,,,,,,,,,,,,,,,,,,,,,,,,,,,,,,,,,,,,,replica_validation,rep,rep_124060_clean_1lnn2kz,124060,curated replica seeds,
7924b3438d027820,images/79/7924b3438d027820115a26dc8e4ce5178f50da034cbee53d5d1e1c721bca7c3b.jpg,missing,,,,,,,,,,,,,,,,,,,,,,,,,,,,,,,,,,,,,,,,,,,,,,,,,,,,,,,,,,,,,,,,,,,,,,,,,,,,,,,,,,,,,,,,,,,,,,,,,,,,,,,,,,,,,,,,,,,,,,,,,,,,,,,,,,,,,,,,,,,,,,,,,,,,,,,,,,,,,,,,,,,,,,,,,,,,,,,,,,,,,,,,,,,,,,,,,,,,,,,,,,,,,,,,,,,,,,replica_validation,rep,rep_124060_clean_1lnn2kz,124060,curated replica seeds,
6e94bea97f9a4131,images/6e/6e94bea97f9a41316ebdb95adf6f955096b63f8c388d710834f3c75153705e79.jpg,missing,,,,,,,,,,,,,,,,,,,,,,,,,,,,,,,,,,,,,,,,,,,,,,,,,,,,,,,,,,,,,,,,,,,,,,,,,,,,,,,,,,,,,,,,,,,,,,,,,,,,,,,,,,,,,,,,,,,,,,,,,,,,,,,,,,,,,,,,,,,,,,,,,,,,,,,,,,,,,,,,,,,,,,,,,,,,,,,,,,,,,,,,,,,,,,,,,,,,,,,,,,,,,,,,,,,,,,replica_validation,rep,rep_124060_clean_1lnn2kz,124060,curated replica seeds,
143fd10ba12988a1,images/14/143fd10ba12988a1823584c5d748435f0c09c08a7df3c1a3d23625d3d0c780dd.jpg,missing,,,,,,,,,,,,,,,,,,,,,,,,,,,,,,,,,,,,,,,,,,,,,,,,,,,,,,,,,,,,,,,,,,,,,,,,,,,,,,,,,,,,,,,,,,,,,,,,,,,,,,,,,,,,,,,,,,,,,,,,,,,,,,,,,,,,,,,,,,,,,,,,,,,,,,,,,,,,,,,,,,,,,,,,,,,,,,,,,,,,,,,,,,,,,,,,,,,,,,,,,,,,,,,,,,,,,,replica_validation,rep,rep_124060_clean_1lnn2kz,124060,curated replica seeds,
53316f31797c69a7,images/53/53316f31797c69a727283eeaf82ace9d7cbe066f4456bebd58d0c02951c48781.jpg,missing,,,,,,,,,,,,,,,,,,,,,,,,,,,,,,,,,,,,,,,,,,,,,,,,,,,,,,,,,,,,,,,,,,,,,,,,,,,,,,,,,,,,,,,,,,,,,,,,,,,,,,,,,,,,,,,,,,,,,,,,,,,,,,,,,,,,,,,,,,,,,,,,,,,,,,,,,,,,,,,,,,,,,,,,,,,,,,,,,,,,,,,,,,,,,,,,,,,,,,,,,,,,,,,,,,,,,,replica_validation,rep,rep_124060_clean_1lnn2kz,124060,curated replica seeds,
fb0c96d7911acae0,images/fb/fb0c96d7911acae0c97d0888c72f1459f7c99af2ef6ee5d2b41d8e9d297ca81d.jpg,missing,,,,,,,,,,,,,,,,,,,,,,,,,,,,,,,,,,,,,,,,,,,,,,,,,,,,,,,,,,,,,,,,,,,,,,,,,,,,,,,,,,,,,,,,,,,,,,,,,,,,,,,,,,,,,,,,,,,,,,,,,,,,,,,,,,,,,,,,,,,,,,,,,,,,,,,,,,,,,,,,,,,,,,,,,,,,,,,,,,,,,,,,,,,,,,,,,,,,,,,,,,,,,,,,,,,,,,replica_validation,rep,rep_124060_clean_1lnn2kz,124060,curated replica seeds,
93c9bf296152e067,images/93/93c9bf296152e067f41d6a3d1747aadf2a6ca1ad90a03917fb219edcbeeb73ae.jpg,missing,,,,,,,,,,,,,,,,,,,,,,,,,,,,,,,,,,,,,,,,,,,,,,,,,,,,,,,,,,,,,,,,,,,,,,,,,,,,,,,,,,,,,,,,,,,,,,,,,,,,,,,,,,,,,,,,,,,,,,,,,,,,,,,,,,,,,,,,,,,,,,,,,,,,,,,,,,,,,,,,,,,,,,,,,,,,,,,,,,,,,,,,,,,,,,,,,,,,,,,,,,,,,,,,,,,,,,replica_validation,rep,rep_124060_clean_1lnn2kz,124060,curated replica seeds,
e3ac0fd56cb3e773,images/e3/e3ac0fd56cb3e77356b5205864b29d137e0554d1e53c9f51c576dfa6389349fc.jpg,missing,,,,,,,,,,,,,,,,,,,,,,,,,,,,,,,,,,,,,,,,,,,,,,,,,,,,,,,,,,,,,,,,,,,,,,,,,,,,,,,,,,,,,,,,,,,,,,,,,,,,,,,,,,,,,,,,,,,,,,,,,,,,,,,,,,,,,,,,,,,,,,,,,,,,,,,,,,,,,,,,,,,,,,,,,,,,,,,,,,,,,,,,,,,,,,,,,,,,,,,,,,,,,,,,,,,,,,replica_validation,rep,rep_124060_clean_1lnn2kz,124060,curated replica seeds,
89ccd688a7054b40,images/89/89ccd688a7054b400e01bdfae6ba91a5e8f086baa0ffccc6f45d2507052b97d7.jpg,missing,,,,,,,,,,,,,,,,,,,,,,,,,,,,,,,,,,,,,,,,,,,,,,,,,,,,,,,,,,,,,,,,,,,,,,,,,,,,,,,,,,,,,,,,,,,,,,,,,,,,,,,,,,,,,,,,,,,,,,,,,,,,,,,,,,,,,,,,,,,,,,,,,,,,,,,,,,,,,,,,,,,,,,,,,,,,,,,,,,,,,,,,,,,,,,,,,,,,,,,,,,,,,,,,,,,,,,replica_validation,rep,rep_124060_clean_1lnn2kz,124060,curated replica seeds,
e42f2509dbe91be7,images/e4/e42f2509dbe91be740129c5bda8983cf4dc0493104208dbff0ba391899112794.png,missing,,,,,,,,,,,,,,,,,,,,,,,,,,,,,,,,,,,,,,,,,,,,,,,,,,,,,,,,,,,,,,,,,,,,,,,,,,,,,,,,,,,,,,,,,,,,,,,,,,,,,,,,,,,,,,,,,,,,,,,,,,,,,,,,,,,,,,,,,,,,,,,,,,,,,,,,,,,,,,,,,,,,,,,,,,,,,,,,,,,,,,,,,,,,,,,,,,,,,,,,,,,,,,,,,,,,,,replica_validation,rep,rep_124060_clean_1d06ekm,124060,curated replica seeds,
c7f8f078b5f52976,images/c7/c7f8f078b5f52976ddc5718b4c57783242e01322528b8245471d549c3187d2a8.jpg,missing,,,,,,,,,,,,,,,,,,,,,,,,,,,,,,,,,,,,,,,,,,,,,,,,,,,,,,,,,,,,,,,,,,,,,,,,,,,,,,,,,,,,,,,,,,,,,,,,,,,,,,,,,,,,,,,,,,,,,,,,,,,,,,,,,,,,,,,,,,,,,,,,,,,,,,,,,,,,,,,,,,,,,,,,,,,,,,,,,,,,,,,,,,,,,,,,,,,,,,,,,,,,,,,,,,,,,,replica_validation,rep,rep_124060_clean_1d06ekm,124060,curated replica seeds,
5e972c30e8228f60,images/5e/5e972c30e8228f60667d03c96931fa8299a24e5391d56b7cc450a66acd35e02a.jpg,missing,,,,,,,,,,,,,,,,,,,,,,,,,,,,,,,,,,,,,,,,,,,,,,,,,,,,,,,,,,,,,,,,,,,,,,,,,,,,,,,,,,,,,,,,,,,,,,,,,,,,,,,,,,,,,,,,,,,,,,,,,,,,,,,,,,,,,,,,,,,,,,,,,,,,,,,,,,,,,,,,,,,,,,,,,,,,,,,,,,,,,,,,,,,,,,,,,,,,,,,,,,,,,,,,,,,,,,replica_validation,rep,rep_124060_clean_1d06ekm,124060,curated replica seeds,
4c4411346933c6b4,images/4c/4c4411346933c6b41c8481d251c20addbf220d4ff2581b74caf8281de0ee2004.jpg,missing,,,,,,,,,,,,,,,,,,,,,,,,,,,,,,,,,,,,,,,,,,,,,,,,,,,,,,,,,,,,,,,,,,,,,,,,,,,,,,,,,,,,,,,,,,,,,,,,,,,,,,,,,,,,,,,,,,,,,,,,,,,,,,,,,,,,,,,,,,,,,,,,,,,,,,,,,,,,,,,,,,,,,,,,,,,,,,,,,,,,,,,,,,,,,,,,,,,,,,,,,,,,,,,,,,,,,,replica_validation,rep,rep_124060_clean_1d06ekm,124060,curated replica seeds,
c46f94befa166a95,images/c4/c46f94befa166a95594d3e33cf98abbbd11ba826aa8b4b4937931c47cf83416c.jpg,missing,,,,,,,,,,,,,,,,,,,,,,,,,,,,,,,,,,,,,,,,,,,,,,,,,,,,,,,,,,,,,,,,,,,,,,,,,,,,,,,,,,,,,,,,,,,,,,,,,,,,,,,,,,,,,,,,,,,,,,,,,,,,,,,,,,,,,,,,,,,,,,,,,,,,,,,,,,,,,,,,,,,,,,,,,,,,,,,,,,,,,,,,,,,,,,,,,,,,,,,,,,,,,,,,,,,,,,replica_validation,rep,rep_124060_clean_1d06ekm,124060,curated replica seeds,
a88dd1f1dd52766c,images/a8/a88dd1f1dd52766c88295262cfddd9ab75fbb9f001cf81ad0355c330f0eaaf0c.jpg,missing,,,,,,,,,,,,,,,,,,,,,,,,,,,,,,,,,,,,,,,,,,,,,,,,,,,,,,,,,,,,,,,,,,,,,,,,,,,,,,,,,,,,,,,,,,,,,,,,,,,,,,,,,,,,,,,,,,,,,,,,,,,,,,,,,,,,,,,,,,,,,,,,,,,,,,,,,,,,,,,,,,,,,,,,,,,,,,,,,,,,,,,,,,,,,,,,,,,,,,,,,,,,,,,,,,,,,,replica_validation,rep,rep_124060_clean_1d06ekm,124060,curated replica seeds,
7259cf7b3e4aa640,images/72/7259cf7b3e4aa64014df885787cbe7e72285ef8c46cf0145e9e38df31eac8142.jpg,missing,,,,,,,,,,,,,,,,,,,,,,,,,,,,,,,,,,,,,,,,,,,,,,,,,,,,,,,,,,,,,,,,,,,,,,,,,,,,,,,,,,,,,,,,,,,,,,,,,,,,,,,,,,,,,,,,,,,,,,,,,,,,,,,,,,,,,,,,,,,,,,,,,,,,,,,,,,,,,,,,,,,,,,,,,,,,,,,,,,,,,,,,,,,,,,,,,,,,,,,,,,,,,,,,,,,,,,replica_validation,rep,rep_124060_clean_1d06ekm,124060,curated replica seeds,
1db3a6e0e730caba,images/1d/1db3a6e0e730caba7cccf2eab0cf6c7e5b6dac2fd1dc4c8c1c4e083979c85c5e.png,missing,,,,,,,,,,,,,,,,,,,,,,,,,,,,,,,,,,,,,,,,,,,,,,,,,,,,,,,,,,,,,,,,,,,,,,,,,,,,,,,,,,,,,,,,,,,,,,,,,,,,,,,,,,,,,,,,,,,,,,,,,,,,,,,,,,,,,,,,,,,,,,,,,,,,,,,,,,,,,,,,,,,,,,,,,,,,,,,,,,,,,,,,,,,,,,,,,,,,,,,,,,,,,,,,,,,,,,replica_validation,rep,rep_124060_clean_1d06ekm,124060,curated replica seeds,
742cdc88c4dbab9c,images/74/742cdc88c4dbab9c89a30e3dfde829336505818fa10ec6c742c0c2ffa3f03b0e.jpg,missing,,,,,,,,,,,,,,,,,,,,,,,,,,,,,,,,,,,,,,,,,,,,,,,,,,,,,,,,,,,,,,,,,,,,,,,,,,,,,,,,,,,,,,,,,,,,,,,,,,,,,,,,,,,,,,,,,,,,,,,,,,,,,,,,,,,,,,,,,,,,,,,,,,,,,,,,,,,,,,,,,,,,,,,,,,,,,,,,,,,,,,,,,,,,,,,,,,,,,,,,,,,,,,,,,,,,,,replica_validation,rep,rep_124060_clean_1d06ekm,124060,curated replica seeds,
bf19bc998a0a5326,images/bf/bf19bc998a0a5326a0f6b166b830a2c01606998dc3c4f6c96430a669ba430a5e.jpg,missing,,,,,,,,,,,,,,,,,,,,,,,,,,,,,,,,,,,,,,,,,,,,,,,,,,,,,,,,,,,,,,,,,,,,,,,,,,,,,,,,,,,,,,,,,,,,,,,,,,,,,,,,,,,,,,,,,,,,,,,,,,,,,,,,,,,,,,,,,,,,,,,,,,,,,,,,,,,,,,,,,,,,,,,,,,,,,,,,,,,,,,,,,,,,,,,,,,,,,,,,,,,,,,,,,,,,,,replica_validation,rep,rep_124060_clean_1d06ekm,124060,curated replica seeds,
0bc6f00d7ce8a109,images/0b/0bc6f00d7ce8a109a014f9f6cbb15df36b7d76965aa23555d43b4ca204428bee.jpg,missing,,,,,,,,,,,,,,,,,,,,,,,,,,,,,,,,,,,,,,,,,,,,,,,,,,,,,,,,,,,,,,,,,,,,,,,,,,,,,,,,,,,,,,,,,,,,,,,,,,,,,,,,,,,,,,,,,,,,,,,,,,,,,,,,,,,,,,,,,,,,,,,,,,,,,,,,,,,,,,,,,,,,,,,,,,,,,,,,,,,,,,,,,,,,,,,,,,,,,,,,,,,,,,,,,,,,,,replica_validation,rep,rep_124060_clean_15spe47,124060,curated replica seeds,
ecdf7ca4f611b956,images/ec/ecdf7ca4f611b956a375154abc74d989d65a90082fee2df362e6589b18a23616.png,missing,,,,,,,,,,,,,,,,,,,,,,,,,,,,,,,,,,,,,,,,,,,,,,,,,,,,,,,,,,,,,,,,,,,,,,,,,,,,,,,,,,,,,,,,,,,,,,,,,,,,,,,,,,,,,,,,,,,,,,,,,,,,,,,,,,,,,,,,,,,,,,,,,,,,,,,,,,,,,,,,,,,,,,,,,,,,,,,,,,,,,,,,,,,,,,,,,,,,,,,,,,,,,,,,,,,,,,replica_validation,rep,rep_124060_clean_15spe47,124060,curated replica seeds,
e11caf4a6c471d22,images/e1/e11caf4a6c471d2259c56d9720bd6973193d8066f6ae73f0792fc3d9be903f87.jpg,missing,,,,,,,,,,,,,,,,,,,,,,,,,,,,,,,,,,,,,,,,,,,,,,,,,,,,,,,,,,,,,,,,,,,,,,,,,,,,,,,,,,,,,,,,,,,,,,,,,,,,,,,,,,,,,,,,,,,,,,,,,,,,,,,,,,,,,,,,,,,,,,,,,,,,,,,,,,,,,,,,,,,,,,,,,,,,,,,,,,,,,,,,,,,,,,,,,,,,,,,,,,,,,,,,,,,,,,replica_validation,rep,rep_124060_clean_15spe47,124060,curated replica seeds,
f5807589cf269db3,images/f5/f5807589cf269db30e26a7e123733d217f124197440808e90a70513539fc8320.jpg,missing,,,,,,,,,,,,,,,,,,,,,,,,,,,,,,,,,,,,,,,,,,,,,,,,,,,,,,,,,,,,,,,,,,,,,,,,,,,,,,,,,,,,,,,,,,,,,,,,,,,,,,,,,,,,,,,,,,,,,,,,,,,,,,,,,,,,,,,,,,,,,,,,,,,,,,,,,,,,,,,,,,,,,,,,,,,,,,,,,,,,,,,,,,,,,,,,,,,,,,,,,,,,,,,,,,,,,,replica_validation,rep,rep_124060_clean_15spe47,124060,curated replica seeds,
7355d70349785498,images/73/7355d703497854986af953d0adf8f32ce86d6f00922c9b0a0fe1ec459f1622b3.jpg,missing,,,,,,,,,,,,,,,,,,,,,,,,,,,,,,,,,,,,,,,,,,,,,,,,,,,,,,,,,,,,,,,,,,,,,,,,,,,,,,,,,,,,,,,,,,,,,,,,,,,,,,,,,,,,,,,,,,,,,,,,,,,,,,,,,,,,,,,,,,,,,,,,,,,,,,,,,,,,,,,,,,,,,,,,,,,,,,,,,,,,,,,,,,,,,,,,,,,,,,,,,,,,,,,,,,,,,,replica_validation,rep,rep_124060_clean_15spe47,124060,curated replica seeds,
348553927d971fce,images/34/348553927d971fceeec371cf0aa98c33ccc6ceb75bc58d1a646c0e4931a4335b.jpg,missing,,,,,,,,,,,,,,,,,,,,,,,,,,,,,,,,,,,,,,,,,,,,,,,,,,,,,,,,,,,,,,,,,,,,,,,,,,,,,,,,,,,,,,,,,,,,,,,,,,,,,,,,,,,,,,,,,,,,,,,,,,,,,,,,,,,,,,,,,,,,,,,,,,,,,,,,,,,,,,,,,,,,,,,,,,,,,,,,,,,,,,,,,,,,,,,,,,,,,,,,,,,,,,,,,,,,,,replica_validation,rep,rep_124060_clean_15spe47,124060,curated replica seeds,
65c5bd0b13f98bad,images/65/65c5bd0b13f98bad9f1d8ec47b21693e6409fe58026169dd04bd940d1ece3885.jpg,missing,,,,,,,,,,,,,,,,,,,,,,,,,,,,,,,,,,,,,,,,,,,,,,,,,,,,,,,,,,,,,,,,,,,,,,,,,,,,,,,,,,,,,,,,,,,,,,,,,,,,,,,,,,,,,,,,,,,,,,,,,,,,,,,,,,,,,,,,,,,,,,,,,,,,,,,,,,,,,,,,,,,,,,,,,,,,,,,,,,,,,,,,,,,,,,,,,,,,,,,,,,,,,,,,,,,,,,replica_validation,rep,rep_124060_clean_15spe47,124060,curated replica seeds,
21a2847d3d17f454,images/21/21a2847d3d17f454b12071c8adf0af3d3e08e253bc009be484d05ea250dc7d58.jpg,missing,,,,,,,,,,,,,,,,,,,,,,,,,,,,,,,,,,,,,,,,,,,,,,,,,,,,,,,,,,,,,,,,,,,,,,,,,,,,,,,,,,,,,,,,,,,,,,,,,,,,,,,,,,,,,,,,,,,,,,,,,,,,,,,,,,,,,,,,,,,,,,,,,,,,,,,,,,,,,,,,,,,,,,,,,,,,,,,,,,,,,,,,,,,,,,,,,,,,,,,,,,,,,,,,,,,,,,replica_validation,rep,rep_124060_clean_15spe47,124060,curated replica seeds,
a69ad6a835506ff9,images/a6/a69ad6a835506ff92c0ca29d932aef6bce413de44d7d2fcb5309cb4200eae0e7.jpg,missing,,,,,,,,,,,,,,,,,,,,,,,,,,,,,,,,,,,,,,,,,,,,,,,,,,,,,,,,,,,,,,,,,,,,,,,,,,,,,,,,,,,,,,,,,,,,,,,,,,,,,,,,,,,,,,,,,,,,,,,,,,,,,,,,,,,,,,,,,,,,,,,,,,,,,,,,,,,,,,,,,,,,,,,,,,,,,,,,,,,,,,,,,,,,,,,,,,,,,,,,,,,,,,,,,,,,,,replica_validation,rep,rep_124060_vsf_1rslupa,124060,curated replica seeds,
86c421e3fc503832,images/86/86c421e3fc503832789a6a85710740c73fe209727184b4fc7bd4d8fcd87a2f94.jpg,missing,,,,,,,,,,,,,,,,,,,,,,,,,,,,,,,,,,,,,,,,,,,,,,,,,,,,,,,,,,,,,,,,,,,,,,,,,,,,,,,,,,,,,,,,,,,,,,,,,,,,,,,,,,,,,,,,,,,,,,,,,,,,,,,,,,,,,,,,,,,,,,,,,,,,,,,,,,,,,,,,,,,,,,,,,,,,,,,,,,,,,,,,,,,,,,,,,,,,,,,,,,,,,,,,,,,,,,replica_validation,rep,rep_124060_vsf_1rslupa,124060,curated replica seeds,
c63e219ccd3d8b16,images/c6/c63e219ccd3d8b16e6f914cbadc94faad5fee41777231082d884636ef6ba3471.jpg,missing,,,,,,,,,,,,,,,,,,,,,,,,,,,,,,,,,,,,,,,,,,,,,,,,,,,,,,,,,,,,,,,,,,,,,,,,,,,,,,,,,,,,,,,,,,,,,,,,,,,,,,,,,,,,,,,,,,,,,,,,,,,,,,,,,,,,,,,,,,,,,,,,,,,,,,,,,,,,,,,,,,,,,,,,,,,,,,,,,,,,,,,,,,,,,,,,,,,,,,,,,,,,,,,,,,,,,,replica_validation,rep,rep_124060_vsf_1rslupa,124060,curated replica seeds,
9c4d6cd0bf6c77d4,images/9c/9c4d6cd0bf6c77d452bc4848fd285f35c5cb236dff43539a14b8564e7a20818f.jpg,missing,,,,,,,,,,,,,,,,,,,,,,,,,,,,,,,,,,,,,,,,,,,,,,,,,,,,,,,,,,,,,,,,,,,,,,,,,,,,,,,,,,,,,,,,,,,,,,,,,,,,,,,,,,,,,,,,,,,,,,,,,,,,,,,,,,,,,,,,,,,,,,,,,,,,,,,,,,,,,,,,,,,,,,,,,,,,,,,,,,,,,,,,,,,,,,,,,,,,,,,,,,,,,,,,,,,,,,replica_validation,rep,rep_124060_vsf_1rslupa,124060,curated replica seeds,
d03a66b9004eecaf,images/d0/d03a66b9004eecaf474da76966710c9bfc4174e8463ba67e2fa6ee3905578ef2.jpg,missing,,,,,,,,,,,,,,,,,,,,,,,,,,,,,,,,,,,,,,,,,,,,,,,,,,,,,,,,,,,,,,,,,,,,,,,,,,,,,,,,,,,,,,,,,,,,,,,,,,,,,,,,,,,,,,,,,,,,,,,,,,,,,,,,,,,,,,,,,,,,,,,,,,,,,,,,,,,,,,,,,,,,,,,,,,,,,,,,,,,,,,,,,,,,,,,,,,,,,,,,,,,,,,,,,,,,,,replica_validation,rep,rep_124060_vsf_1rslupa,124060,curated replica seeds,
74dcf31068be44dd,images/74/74dcf31068be44dddae701668877d4a38c2d8bf3d58d24792d4ec6166dc8dc4a.jpg,missing,,,,,,,,,,,,,,,,,,,,,,,,,,,,,,,,,,,,,,,,,,,,,,,,,,,,,,,,,,,,,,,,,,,,,,,,,,,,,,,,,,,,,,,,,,,,,,,,,,,,,,,,,,,,,,,,,,,,,,,,,,,,,,,,,,,,,,,,,,,,,,,,,,,,,,,,,,,,,,,,,,,,,,,,,,,,,,,,,,,,,,,,,,,,,,,,,,,,,,,,,,,,,,,,,,,,,,replica_validation,rep,rep_124060_vsf_1rslupa,124060,curated replica seeds,
bd181fa1b0ccb4c3,images/bd/bd181fa1b0ccb4c329a95bde99ec7d0147a0d1635962cdd88d6fa7b5ab41e237.jpg,missing,,,,,,,,,,,,,,,,,,,,,,,,,,,,,,,,,,,,,,,,,,,,,,,,,,,,,,,,,,,,,,,,,,,,,,,,,,,,,,,,,,,,,,,,,,,,,,,,,,,,,,,,,,,,,,,,,,,,,,,,,,,,,,,,,,,,,,,,,,,,,,,,,,,,,,,,,,,,,,,,,,,,,,,,,,,,,,,,,,,,,,,,,,,,,,,,,,,,,,,,,,,,,,,,,,,,,,replica_validation,rep,rep_124060_vsf_1rslupa,124060,curated replica seeds,
72d1133a1f25445f,images/72/72d1133a1f25445fd997dd93847c8dc9345136d377c31d69ce624b752fb6b669.jpg,missing,,,,,,,,,,,,,,,,,,,,,,,,,,,,,,,,,,,,,,,,,,,,,,,,,,,,,,,,,,,,,,,,,,,,,,,,,,,,,,,,,,,,,,,,,,,,,,,,,,,,,,,,,,,,,,,,,,,,,,,,,,,,,,,,,,,,,,,,,,,,,,,,,,,,,,,,,,,,,,,,,,,,,,,,,,,,,,,,,,,,,,,,,,,,,,,,,,,,,,,,,,,,,,,,,,,,,,replica_validation,rep,rep_124060_vsf_1u8hbiz,124060,curated replica seeds,
f15decbaae76e4c0,images/f1/f15decbaae76e4c07d0a02d55b9e6063160dbffe1cd086f1c89725436c393b31.jpg,missing,,,,,,,,,,,,,,,,,,,,,,,,,,,,,,,,,,,,,,,,,,,,,,,,,,,,,,,,,,,,,,,,,,,,,,,,,,,,,,,,,,,,,,,,,,,,,,,,,,,,,,,,,,,,,,,,,,,,,,,,,,,,,,,,,,,,,,,,,,,,,,,,,,,,,,,,,,,,,,,,,,,,,,,,,,,,,,,,,,,,,,,,,,,,,,,,,,,,,,,,,,,,,,,,,,,,,,replica_validation,rep,rep_124060_vsf_1u8hbiz,124060,curated replica seeds,
473a7d4fff41094d,images/47/473a7d4fff41094d887035fd3f74a933bea855a1f752d9815dcd11f3f6375d31.jpg,missing,,,,,,,,,,,,,,,,,,,,,,,,,,,,,,,,,,,,,,,,,,,,,,,,,,,,,,,,,,,,,,,,,,,,,,,,,,,,,,,,,,,,,,,,,,,,,,,,,,,,,,,,,,,,,,,,,,,,,,,,,,,,,,,,,,,,,,,,,,,,,,,,,,,,,,,,,,,,,,,,,,,,,,,,,,,,,,,,,,,,,,,,,,,,,,,,,,,,,,,,,,,,,,,,,,,,,,replica_validation,rep,rep_124060_vsf_1u8hbiz,124060,curated replica seeds,
3cdbc2c51414d118,images/3c/3cdbc2c51414d11894609c51ad1082e3e0424db468e09cc7bd3917468cd720c8.jpg,missing,,,,,,,,,,,,,,,,,,,,,,,,,,,,,,,,,,,,,,,,,,,,,,,,,,,,,,,,,,,,,,,,,,,,,,,,,,,,,,,,,,,,,,,,,,,,,,,,,,,,,,,,,,,,,,,,,,,,,,,,,,,,,,,,,,,,,,,,,,,,,,,,,,,,,,,,,,,,,,,,,,,,,,,,,,,,,,,,,,,,,,,,,,,,,,,,,,,,,,,,,,,,,,,,,,,,,,replica_validation,rep,rep_124060_vsf_1u8hbiz,124060,curated replica seeds,
b6ff7dfd357c552b,images/b6/b6ff7dfd357c552bdef831eac20fb8e0854edb398ff1f63c83d1219dd55de332.jpg,missing,,,,,,,,,,,,,,,,,,,,,,,,,,,,,,,,,,,,,,,,,,,,,,,,,,,,,,,,,,,,,,,,,,,,,,,,,,,,,,,,,,,,,,,,,,,,,,,,,,,,,,,,,,,,,,,,,,,,,,,,,,,,,,,,,,,,,,,,,,,,,,,,,,,,,,,,,,,,,,,,,,,,,,,,,,,,,,,,,,,,,,,,,,,,,,,,,,,,,,,,,,,,,,,,,,,,,,replica_validation,rep,rep_124060_vsf_1u8hbiz,124060,curated replica seeds,
b1c1f3fde53931af,images/b1/b1c1f3fde53931affe8e587e6925742ed17ccc127201bce938731b3f53ee3f0f.jpg,missing,,,,,,,,,,,,,,,,,,,,,,,,,,,,,,,,,,,,,,,,,,,,,,,,,,,,,,,,,,,,,,,,,,,,,,,,,,,,,,,,,,,,,,,,,,,,,,,,,,,,,,,,,,,,,,,,,,,,,,,,,,,,,,,,,,,,,,,,,,,,,,,,,,,,,,,,,,,,,,,,,,,,,,,,,,,,,,,,,,,,,,,,,,,,,,,,,,,,,,,,,,,,,,,,,,,,,,replica_validation,rep,rep_124060_vsf_1u8hbiz,124060,curated replica seeds,
3637b4154272f23d,images/36/3637b4154272f23df5e2f8779d8e6ca15f37538d2a19c4bca40926f0f8116912.jpg,missing,,,,,,,,,,,,,,,,,,,,,,,,,,,,,,,,,,,,,,,,,,,,,,,,,,,,,,,,,,,,,,,,,,,,,,,,,,,,,,,,,,,,,,,,,,,,,,,,,,,,,,,,,,,,,,,,,,,,,,,,,,,,,,,,,,,,,,,,,,,,,,,,,,,,,,,,,,,,,,,,,,,,,,,,,,,,,,,,,,,,,,,,,,,,,,,,,,,,,,,,,,,,,,,,,,,,,,replica_validation,rep,rep_124060_vsf_1u8hbiz,124060,curated replica seeds,
2eec46fcb133ee82,images/2e/2eec46fcb133ee827d431113ca0e0bddef105cf81532ac0bb532a7bce65953bc.jpg,missing,,,,,,,,,,,,,,,,,,,,,,,,,,,,,,,,,,,,,,,,,,,,,,,,,,,,,,,,,,,,,,,,,,,,,,,,,,,,,,,,,,,,,,,,,,,,,,,,,,,,,,,,,,,,,,,,,,,,,,,,,,,,,,,,,,,,,,,,,,,,,,,,,,,,,,,,,,,,,,,,,,,,,,,,,,,,,,,,,,,,,,,,,,,,,,,,,,,,,,,,,,,,,,,,,,,,,,replica_validation,rep,rep_124060_vsf_1u8hbiz,124060,curated replica seeds,
f8e433d04cc45601,images/f8/f8e433d04cc4560128fbc3a20e8548de9e3caad4d6988ed4f851a08e27ed805b.jpg,missing,,,,,,,,,,,,,,,,,,,,,,,,,,,,,,,,,,,,,,,,,,,,,,,,,,,,,,,,,,,,,,,,,,,,,,,,,,,,,,,,,,,,,,,,,,,,,,,,,,,,,,,,,,,,,,,,,,,,,,,,,,,,,,,,,,,,,,,,,,,,,,,,,,,,,,,,,,,,,,,,,,,,,,,,,,,,,,,,,,,,,,,,,,,,,,,,,,,,,,,,,,,,,,,,,,,,,,replica_validation,rep,rep_124060_vsf_1u8hbiz,124060,curated replica seeds,
213e3479a5c0379c,images/21/213e3479a5c0379c22c9ecd0dd8df553d26af68f07e32736a8e1cd443d894d00.jpg,missing,,,,,,,,,,,,,,,,,,,,,,,,,,,,,,,,,,,,,,,,,,,,,,,,,,,,,,,,,,,,,,,,,,,,,,,,,,,,,,,,,,,,,,,,,,,,,,,,,,,,,,,,,,,,,,,,,,,,,,,,,,,,,,,,,,,,,,,,,,,,,,,,,,,,,,,,,,,,,,,,,,,,,,,,,,,,,,,,,,,,,,,,,,,,,,,,,,,,,,,,,,,,,,,,,,,,,,replica_validation,rep,rep_124060_vsf_1u8hbiz,124060,curated replica seeds,
72d75735b3df22da,images/72/72d75735b3df22daa126bbe282bf7d4bb2747b3180185eed21f00ce08a839ec9.jpg,missing,,,,,,,,,,,,,,,,,,,,,,,,,,,,,,,,,,,,,,,,,,,,,,,,,,,,,,,,,,,,,,,,,,,,,,,,,,,,,,,,,,,,,,,,,,,,,,,,,,,,,,,,,,,,,,,,,,,,,,,,,,,,,,,,,,,,,,,,,,,,,,,,,,,,,,,,,,,,,,,,,,,,,,,,,,,,,,,,,,,,,,,,,,,,,,,,,,,,,,,,,,,,,,,,,,,,,,replica_validation,rep,rep_124060_vsf_1gwpcm4,124060,curated replica seeds,
2cdac89f6ac7c40d,images/2c/2cdac89f6ac7c40dda35a62d3c75e9cce47ac0ff416c9c406e1b9b4726a3313a.jpg,missing,,,,,,,,,,,,,,,,,,,,,,,,,,,,,,,,,,,,,,,,,,,,,,,,,,,,,,,,,,,,,,,,,,,,,,,,,,,,,,,,,,,,,,,,,,,,,,,,,,,,,,,,,,,,,,,,,,,,,,,,,,,,,,,,,,,,,,,,,,,,,,,,,,,,,,,,,,,,,,,,,,,,,,,,,,,,,,,,,,,,,,,,,,,,,,,,,,,,,,,,,,,,,,,,,,,,,,replica_validation,rep,rep_124060_vsf_1gwpcm4,124060,curated replica seeds,
881f5b3aa1abb05e,images/88/881f5b3aa1abb05eddbaf076440d9f33313e9aa8197679b79891df74fd108059.jpg,missing,,,,,,,,,,,,,,,,,,,,,,,,,,,,,,,,,,,,,,,,,,,,,,,,,,,,,,,,,,,,,,,,,,,,,,,,,,,,,,,,,,,,,,,,,,,,,,,,,,,,,,,,,,,,,,,,,,,,,,,,,,,,,,,,,,,,,,,,,,,,,,,,,,,,,,,,,,,,,,,,,,,,,,,,,,,,,,,,,,,,,,,,,,,,,,,,,,,,,,,,,,,,,,,,,,,,,,replica_validation,rep,rep_124060_vsf_1gwpcm4,124060,curated replica seeds,
7748e630c6703233,images/77/7748e630c6703233eff24c77a8bd85e56b6d8d6665a6a5ca2a531435361bbaf5.jpg,missing,,,,,,,,,,,,,,,,,,,,,,,,,,,,,,,,,,,,,,,,,,,,,,,,,,,,,,,,,,,,,,,,,,,,,,,,,,,,,,,,,,,,,,,,,,,,,,,,,,,,,,,,,,,,,,,,,,,,,,,,,,,,,,,,,,,,,,,,,,,,,,,,,,,,,,,,,,,,,,,,,,,,,,,,,,,,,,,,,,,,,,,,,,,,,,,,,,,,,,,,,,,,,,,,,,,,,,replica_validation,rep,rep_124060_vsf_1gwpcm4,124060,curated replica seeds,
1e090129a34bfbf1,images/1e/1e090129a34bfbf15d4a4aad8705497e274fd14aac21eb6306804e118705e6da.jpg,missing,,,,,,,,,,,,,,,,,,,,,,,,,,,,,,,,,,,,,,,,,,,,,,,,,,,,,,,,,,,,,,,,,,,,,,,,,,,,,,,,,,,,,,,,,,,,,,,,,,,,,,,,,,,,,,,,,,,,,,,,,,,,,,,,,,,,,,,,,,,,,,,,,,,,,,,,,,,,,,,,,,,,,,,,,,,,,,,,,,,,,,,,,,,,,,,,,,,,,,,,,,,,,,,,,,,,,,replica_validation,rep,rep_124060_vsf_1gwpcm4,124060,curated replica seeds,
7c6665e9293bba99,images/7c/7c6665e9293bba99828ee953f0c7fc540808b702cfd7d2b56719b57f1a0251f5.jpg,missing,,,,,,,,,,,,,,,,,,,,,,,,,,,,,,,,,,,,,,,,,,,,,,,,,,,,,,,,,,,,,,,,,,,,,,,,,,,,,,,,,,,,,,,,,,,,,,,,,,,,,,,,,,,,,,,,,,,,,,,,,,,,,,,,,,,,,,,,,,,,,,,,,,,,,,,,,,,,,,,,,,,,,,,,,,,,,,,,,,,,,,,,,,,,,,,,,,,,,,,,,,,,,,,,,,,,,,replica_validation,rep,rep_124060_vsf_1gwpcm4,124060,curated replica seeds,
c1bd62901096e590,images/c1/c1bd62901096e590e77e1c1628a1e438189626c0fac9005bb61d32d880c2409b.jpg,missing,,,,,,,,,,,,,,,,,,,,,,,,,,,,,,,,,,,,,,,,,,,,,,,,,,,,,,,,,,,,,,,,,,,,,,,,,,,,,,,,,,,,,,,,,,,,,,,,,,,,,,,,,,,,,,,,,,,,,,,,,,,,,,,,,,,,,,,,,,,,,,,,,,,,,,,,,,,,,,,,,,,,,,,,,,,,,,,,,,,,,,,,,,,,,,,,,,,,,,,,,,,,,,,,,,,,,,replica_validation,rep,rep_124060_vsf_1gwpcm4,124060,curated replica seeds,
09ae82970a387210,images/09/09ae82970a387210113697ab473d6bea7b63f72c456f6f856817ef35f877e82c.jpg,missing,,,,,,,,,,,,,,,,,,,,,,,,,,,,,,,,,,,,,,,,,,,,,,,,,,,,,,,,,,,,,,,,,,,,,,,,,,,,,,,,,,,,,,,,,,,,,,,,,,,,,,,,,,,,,,,,,,,,,,,,,,,,,,,,,,,,,,,,,,,,,,,,,,,,,,,,,,,,,,,,,,,,,,,,,,,,,,,,,,,,,,,,,,,,,,,,,,,,,,,,,,,,,,,,,,,,,,replica_validation,rep,rep_124060_vsf_1gwpcm4,124060,curated replica seeds,
88aa071c00fd9961,images/88/88aa071c00fd9961742937fd302ecc7bc5e9eb712d729502546edf699218ff7f.jpg,missing,,,,,,,,,,,,,,,,,,,,,,,,,,,,,,,,,,,,,,,,,,,,,,,,,,,,,,,,,,,,,,,,,,,,,,,,,,,,,,,,,,,,,,,,,,,,,,,,,,,,,,,,,,,,,,,,,,,,,,,,,,,,,,,,,,,,,,,,,,,,,,,,,,,,,,,,,,,,,,,,,,,,,,,,,,,,,,,,,,,,,,,,,,,,,,,,,,,,,,,,,,,,,,,,,,,,,,replica_validation,rep,rep_124060_vsf_1gwpcm4,124060,curated replica seeds,
2ab5d1f765c45b20,images/2a/2ab5d1f765c45b20945032306f61ee38aca171ff80c651e95ffd7b95f311e830.jpg,missing,,,,,,,,,,,,,,,,,,,,,,,,,,,,,,,,,,,,,,,,,,,,,,,,,,,,,,,,,,,,,,,,,,,,,,,,,,,,,,,,,,,,,,,,,,,,,,,,,,,,,,,,,,,,,,,,,,,,,,,,,,,,,,,,,,,,,,,,,,,,,,,,,,,,,,,,,,,,,,,,,,,,,,,,,,,,,,,,,,,,,,,,,,,,,,,,,,,,,,,,,,,,,,,,,,,,,,replica_validation,rep,rep_124060_vsf_1gwpcm4,124060,curated replica seeds,
