reference,sku,title,product_url,image_url,file,sha256,width,height,acquisition,dial_radius_px,axis_ratio,parallax,ring_support,sharpness
116610,194244,Pre-Owned Rolex Submariner Black Chromalight Dial Ref 116610,https://www.bobswatches.com/pre-owned-rolex-submariner-black-chromalight-dial-ref-116610.html,https://www.bobswatches.com/images/zUsed-Rolex-Submariner-116610-SKU194244.jpg,116610_194244_f659820171.jpg,f659820171bbcaf9b273e46815db6697f73d5107ae54af8303eee202c3b11639,1412,2160,http image/jpeg,609.5632,0.9983,0.0021,1.0000,35.6204
114060,194492,Used Rolex Submariner Ref 114060 Ceramic Bezel,https://www.bobswatches.com/used-rolex-submariner-ref-114060-ceramic-bezel.html,https://www.bobswatches.com/images/zUsed-Rolex-Submariner-114060-SKU194492.jpg,114060_194492_0ba9980f34.jpg,0ba9980f34b07b567554692b0e3276c0e4b29489a9452ac085ccaa2a4e1f250a,1412,2160,http image/jpeg,494.5539,0.9891,0.0022,1.0000,31.5953
126610,194507,Pre-Owned Rolex Submariner Black Dial Ref 126610 Ceramic Bezel,https://www.bobswatches.com/pre-owned-rolex-submariner-black-dial-ref-126610-ceramic-bezel.html,https://www.bobswatches.com/images/zUsed-Rolex-Submariner-126610-SKU194507.jpg,126610_194507_1ec6a7598b.jpg,1ec6a7598b0ab7ea37edd031e127cf2bf9b143b87eca1b20692746fbf9e217a5,1411,2160,http image/jpeg,495.5102,0.9982,0.0075,1.0000,36.6933
126610LN,194516,Pre-Owned Rolex Submariner Black Dial Ref 126610LN Cerachrom Bezel,https://www.bobswatches.com/pre-owned-rolex-submariner-black-dial-ref-126610ln-cerachrom-bezel.html,https://www.bobswatches.com/images/zUsed-Rolex-Submariner-126610-SKU194516.jpg,126610LN_194516_e5843fa603.jpg,e5843fa6032296bcff2ee04e4f624100a9efd63117caa3370013352a4602b422,1412,2160,http image/jpeg,493.4756,0.9944,0.0082,1.0000,34.7372
126618LN,193932,Used Rolex Submariner 18k Yellow Gold Ref 126618LN Black Ceramic Bezel,https://www.bobswatches.com/used-rolex-submariner-18k-yellow-gold-ref-126618ln-black-ceramic-bezel.html,https://www.bobswatches.com/images/zUsed-Rolex-Submariner-126618-SKU193932.jpg,126618LN_193932_06121c23bb.jpg,06121c23bb1a1f46ecaf7f2c0256aacc24376d9011bbb20a0376deaced96a640,1412,2160,http image/jpeg,494.0155,0.9927,0.0015,1.0000,35.3321
116710LN,193257,Pre-Owned Rolex GMT-Master II Ref 116710LN Black Superluminova Dial,https://www.bobswatches.com/pre-owned-rolex-gmt-master-ii-ref-116710ln-black-superluminova-dial.html,https://www.bobswatches.com/images/zUsed-Rolex-GMT-Master-II-116710LN-SKU193257.jpg,116710LN_193257_f40af35247.jpg,f40af35247ed8761fe4b59cfe46555983273bc6fba8acc89f5648b9510f3e447,1412,2160,http image/jpeg,490.6747,0.9961,0.0031,1.0000,29.9258
116710LN,193505,Pre-Owned Rolex GMT-Master II Ref 116710LN Black Chromalight Dial,https://www.bobswatches.com/pre-owned-rolex-gmt-master-ii-ref-116710ln-black-chromalight-dial.html,https://www.bobswatches.com/images/zUsed-Rolex-GMT-Master-II-116710-SKU193505.jpg,116710LN_193505_f359383a93.jpg,f359383a93bb73198003845f85c67d2942870d6a1d25a08c829c6adc23b89273,1412,2160,http image/jpeg,490.6342,0.9951,0.0037,1.0000,32.8596
116610,192566,Used Stainless Steel Rolex Submariner Ref 116610 Ceramic Bezel,https://www.bobswatches.com/used-stainless-steel-rolex-submariner-ref-116610-ceramic-bezel.html,https://www.bobswatches.com/images/zUsed-Rolex-Submariner-116610-SKU192566.jpg,116610_192566_9c63ff638d.jpg,9c63ff638d4ea1a29c7f966cf0c9e26e0dcb3537df76ab9387e4fe69edd0e190,1412,2160,http image/jpeg,491.4754,0.9917,0.0053,1.0000,38.5999
116610,192566,Used Stainless Steel Rolex Submariner Ref 116610 Ceramic Bezel,https://www.bobswatches.com/used-stainless-steel-rolex-submariner-ref-116610-ceramic-bezel.html,https://www.bobswatches.com/images/zUsed-Black-Dial-Rolex-Submariner-116610-SKU192566.jpg,116610_192566_55fce38eef.jpg,55fce38eef9f7a5a9b6a91b8936208533f1449b158c0e62518d5912a3787be45,2160,2160,http image/jpeg,357.1686,0.9822,0.0096,1.0000,37.1566
126613LB,194323,Used Two Tone Rolex Submariner Bluesy Ref 126613LB Bezel,https://www.bobswatches.com/used-two-tone-rolex-submariner-bluesy-ref-126613lb-bezel.html,https://www.bobswatches.com/images/zUsed-Rolex-Submariner-126613-SKU194323.jpg,126613LB_194323_c0b1c4acd4.jpg,c0b1c4acd49a100fa6ecf96e8b44c7b1268f28ffa8494701904dae3ed9a3af99,1412,2160,http image/jpeg,493.2819,0.9977,0.0025,1.0000,35.0764
116610LV,193931,Used Rolex Submariner Green Hulk Ref 116610LV Cerachrom Bezel,https://www.bobswatches.com/used-rolex-submariner-green-hulk-ref-116610lv-cerachrom-bezel.html,https://www.bobswatches.com/images/zUsed-Rolex-Submariner-116610-SKU193931.jpg,116610LV_193931_efc184f36e.jpg,efc184f36ea74b3ec3bc148d888b92c24727fa14fcc46b2275380d3e85282729,1412,2160,http image/jpeg,487.3156,0.9776,0.0092,1.0000,33.4356
116610LV,193931,Used Rolex Submariner Green Hulk Ref 116610LV Cerachrom Bezel,https://www.bobswatches.com/used-rolex-submariner-green-hulk-ref-116610lv-cerachrom-bezel.html,https://www.bobswatches.com/images/zUsed-Green-Dial-Rolex-Submariner-116610-SKU193931.jpg,116610LV_193931_3b8d2f72bb.jpg,3b8d2f72bb8bd592ebb7b50ec6b6236d7bac070c81632003af09fbd3831f52de,2160,2160,http image/jpeg,372.2078,0.9732,0.0234,1.0000,40.8084
114060,194420,Pre-Owned Rolex Submariner Black Cerachrom Bezel Ref 114060 Stainless Steel,https://www.bobswatches.com/pre-owned-rolex-submariner-black-cerachrom-bezel-ref-114060-stainless-steel.html,https://www.bobswatches.com/images/zUsed-Rolex-Submariner-114060-SKU194420.jpg,114060_194420_a2a1c816db.jpg,a2a1c816db094f1cd69dccc5fd0697c64748e087748430c8bbbe16442fe05386,1412,2160,http image/jpeg,493.5896,0.9891,0.0008,1.0000,32.7515
114060,194433,Used Rolex Submariner Black Dial Ref 114060 Stainless Steel,https://www.bobswatches.com/used-rolex-submariner-black-dial-ref-114060-stainless-steel.html,https://www.bobswatches.com/images/zUsed-Rolex-Submariner-114060-SKU194433.jpg,114060_194433_9c298327c1.jpg,9c298327c1a3ab579daaa59b67aeda5eb09d7970829a9a7af7c4cd9bda6ea1d1,1412,2160,http image/jpeg,493.3127,0.9975,0.0062,1.0000,32.2118
126613LB,190173,Used Rolex Submariner Ref 126613LB Steel & 18k Gold Bluesy,https://www.bobswatches.com/used-rolex-submariner-ref-126613lb-steel-and-18k-gold-bluesy.html,https://www.bobswatches.com/images/zUsed-Rolex-Submariner-126613-SKU190173.jpg,126613LB_190173_d1f1e8b238.jpg,d1f1e8b2387f6f6ca12dcbef3e33e88754d72580646d0d24e2bcf2ac9723c2bb,1412,2160,http image/jpeg,494.5409,0.9939,0.0018,1.0000,36.2299
116613LN,194113,Used Rolex Submariner Black Dial Ref 116613LN Cerachrom Bezel,https://www.bobswatches.com/used-rolex-submariner-black-dial-ref-116613ln-cerachrom-bezel.html,https://www.bobswatches.com/images/zUsed-Rolex-Submariner-116613-SKU194113.jpg,116613LN_194113_df697204cd.jpg,df697204cd6f24f459ad5cdd1aa5e195e5568952496b95271e8dac2a937d32e2,1412,2160,http image/jpeg,495.9149,0.9966,0.0056,1.0000,34.5112
126710BLRO,193372,Used Rolex GMT-Master II Jubilee Bracelet Pepsi Ref 126710BLRO,https://www.bobswatches.com/used-rolex-gmt-master-ii-jubilee-bracelet-pepsi-ref-126710blro.html,https://www.bobswatches.com/images/zUsed-Rolex-GMT-Master-II-126710-SKU193372.jpg,126710BLRO_193372_eb5b7abca4.jpg,eb5b7abca4e827618e76eaf3f47d1533ed160c6fb9fe8822188a9a8d138d9706,1412,2160,http image/jpeg,489.2140,0.9963,0.0018,1.0000,34.7725
116613LB,193833,Used Two Tone Rolex Submariner Bluesy Ref 116613LB,https://www.bobswatches.com/used-two-tone-rolex-submariner-bluesy-ref-116613lb.html,https://www.bobswatches.com/images/zUsed-Rolex-Submariner-116613-SKU193833.jpg,116613LB_193833_1e64226f5c.jpg,1e64226f5ca0790604590604b24acbd4b9135f1316796ef6f1d19e81026e896b,1412,2160,http image/jpeg,488.0146,0.9762,0.0006,1.0000,30.2781
126610LV,194310,Used Rolex Submariner Green Cerachrom Bezel Ref 126610LV Starbucks,https://www.bobswatches.com/used-rolex-submariner-green-cerachrom-bezel-ref-126610lv-starbucks.html,https://www.bobswatches.com/images/zUsed-Rolex-Submariner-126610-SKU194310.jpg,126610LV_194310_4f8813723c.jpg,4f8813723c77e8f7a3581bd10fb28cdd8abcb4ef3c48aff10e4592d47fd517a8,1412,2160,http image/jpeg,618.6556,0.9961,0.0119,1.0000,32.7727
116613LB,193202,Pre-Owned Two Tone Rolex Submariner Blue Dial Ref 116613LB,https://www.bobswatches.com/pre-owned-two-tone-rolex-submariner-blue-dial-ref-116613lb.html,https://www.bobswatches.com/images/zUsed-Rolex-Submariner-116613-SKU193202.jpg,116613LB_193202_92c3023d99.jpg,92c3023d991a1e42da902db0248f01144db46677ddf681418e26ecd162d5cae9,1412,2160,http image/jpeg,614.0687,0.9981,0.0015,1.0000,24.9040
126710BLNR,192701,Used Rolex GMT-Master II Batman Ref 126710BLNR Ceramic Dial,https://www.bobswatches.com/used-rolex-gmt-master-ii-batman-ref-126710blnr-ceramic-dial.html,https://www.bobswatches.com/images/zUsed-Rolex-GMT-Master-II-126710-SKU192701.jpg,126710BLNR_192701_f121223392.jpg,f121223392055787e74f9f1490f6f5c770877069cf547b0e5a473e2ed786140d,1412,2160,http image/jpeg,483.3951,0.9793,0.0234,1.0000,34.0240
116613LN,193269,Used Rolex Submariner Ref 116613LN Black Diamond Dial,https://www.bobswatches.com/used-rolex-submariner-ref-116613ln-black-diamond-dial.html,https://www.bobswatches.com/images/zUsed-Rolex-Submariner-116613-SKU193269.jpg,116613LN_193269_b1052275c9.jpg,b1052275c9afb0c029f1aae8375cfcf9a845ba50dc19f312d3d3563d718933ef,1412,2160,http image/jpeg,492.1103,0.9960,0.0036,1.0000,34.2559
116610,194103,Used Rolex Submariner Black Dial Ref 116610 Cerachrom Bezel,https://www.bobswatches.com/used-rolex-submariner-black-dial-ref-116610-cerachrom-bezel.html,https://www.bobswatches.com/images/zUsed-Rolex-Submariner-116610-SKU194103.jpg,116610_194103_a5b028a278.jpg,a5b028a278859958abdc19b58fcb8722afc785ab4db7dc74f6f4ce7530b8353a,1412,2160,http image/jpeg,494.3629,0.9894,0.0100,1.0000,36.6103
126618LB,193807,Pre-Owned Rolex Submariner Blue Dial Ref 126618LB 18k Yellow Gold,https://www.bobswatches.com/pre-owned-rolex-submariner-blue-dial-ref-126618lb-18k-yellow-gold.html,https://www.bobswatches.com/images/zUsed-Rolex-Submariner-126618-SKU193807.jpg,126618LB_193807_b68ab624da.jpg,b68ab624da78aaf25901756302cf889b5f583a7e49c1f332f336b869c139e048,1412,2160,http image/jpeg,492.2327,0.9919,0.0025,1.0000,35.5465
126710GRNR,192809,Pre-Owned Stainless Steel Rolex GMT-Master II Bruce Wayne Ref 126710GRNR,https://www.bobswatches.com/pre-owned-stainless-steel-rolex-gmt-master-ii-bruce-wayne-ref-126710grnr.html,https://www.bobswatches.com/images/zUsed-Rolex-GMT-Master-II-126710-SKU192809.jpg,126710GRNR_192809_5a123e693b.jpg,5a123e693b8eadc0f7a48507ed40d01fb79a800f270fc300ec8d27971c1aee9e,1412,2160,http image/jpeg,612.5003,0.9968,0.0214,1.0000,35.2106
116710BLNR,194064,Pre-Owned Rolex GMT-Master II Ref 116710BLNR Batman Bezel,https://www.bobswatches.com/pre-owned-rolex-gmt-master-ii-ref-116710blnr-batman-bezel.html,https://www.bobswatches.com/images/zUsed-Rolex-GMT-Master-II-116710-SKU194064.jpg,116710BLNR_194064_00434c8bb1.jpg,00434c8bb1c9040ce57c33a8feab7a9ae9dc2b0d3c32c4dc6574124ec1c4c8cd,1412,2160,http image/jpeg,489.3752,0.9994,0.0048,1.0000,32.5370
126710BLRO,193374,Pre-Owned Rolex GMT-Master II Ref 126710BLRO Jubilee Pepsi,https://www.bobswatches.com/pre-owned-rolex-gmt-master-ii-ref-126710blro-jubilee-pepsi.html,https://www.bobswatches.com/images/zUsed-Rolex-GMT-Master-II-126710-SKU193374.jpg,126710BLRO_193374_8f7e8ca4dc.jpg,8f7e8ca4dcd29648f9c10708ec42391fab4bd09f59f79111f7b1d36ca97e0774,1412,2160,http image/jpeg,619.6105,0.9924,0.0043,1.0000,35.4843
126610,193855,Used Stainless Steel Rolex Submariner Ref 126610 Black Cerachrom Bezel,https://www.bobswatches.com/used-stainless-steel-rolex-submariner-ref-126610-black-cerachrom-bezel.html,https://www.bobswatches.com/images/zUsed-Rolex-Submariner-126610-SKU193855.jpg,126610_193855_0ee361e586.jpg,0ee361e5864530b337f3f5d4e826c3bb122632395883ff711695ef2d4846af92,1412,2160,http image/jpeg,493.0952,0.9972,0.0075,1.0000,35.3961
126613LB,193857,Pre-Owned Rolex Submariner Blue Dial Ref 126613LB Oyster Band,https://www.bobswatches.com/pre-owned-rolex-submariner-blue-dial-ref-126613lb-oyster-band.html,https://www.bobswatches.com/images/zUsed-Rolex-Submariner-126613-SKU193857.jpg,126613LB_193857_5a63524f95.jpg,5a63524f951dc981387e5e7fcff19d1a3aa1259cd5df82a58344e490195c73f8,1412,2160,http image/jpeg,621.4695,0.9961,0.0114,1.0000,33.8061
126618LB,193649,Pre-Owned 18k Yellow Gold Rolex Submariner Ref 126618LB Blue Dial,https://www.bobswatches.com/pre-owned-18k-yellow-gold-rolex-submariner-ref-126618lb-blue-dial.html,https://www.bobswatches.com/images/zUsed-Rolex-Submariner-126618-SKU193649.jpg,126618LB_193649_7cfd05486d.jpg,7cfd05486d281354270af21119d84c88bae383c5112fee4b6fe052b088e3e1a1,1412,2160,http image/jpeg,494.5356,0.9962,0.0044,1.0000,35.3691
116610LN,193004,Pre-Owned Rolex Submariner Ref 116610LN Cerachrom Bezel,https://www.bobswatches.com/pre-owned-rolex-submariner-ref-116610ln-cerachrom-bezel.html,https://www.bobswatches.com/images/zUsed-Rolex-Submariner-116610-SKU193004.jpg,116610LN_193004_4082386768.jpg,408238676800c8992626b91270791d716b4a1ff4cf57319c3790ac37dec5c779,1412,2160,http image/jpeg,491.5352,0.9933,0.0017,1.0000,35.7715
116710BLNR,194024,Pre-Owned Rolex GMT-Master II Batman Bezel Ref 116710BLNR Oyster Band,https://www.bobswatches.com/pre-owned-rolex-gmt-master-ii-batman-bezel-ref-116710blnr-oyster-band.html,https://www.bobswatches.com/images/zUsed-Rolex-GMT-Master-II-116710-SKU194024.jpg,116710BLNR_194024_6282e472c6.jpg,6282e472c6fe23cdea44b647e4ee9cade9e3e661ec2458c262724b5ecf4c4192,1412,2160,http image/jpeg,608.7403,0.9969,0.0039,1.0000,33.1684
114060,193634,Pre-Owned Rolex Submariner Stainless Steel 114060 Black Dial,https://www.bobswatches.com/pre-owned-rolex-submariner-stainless-steel-114060-black-dial.html,https://www.bobswatches.com/images/zUsed-Rolex-Submariner-114060-SKU193634.jpg,114060_193634_6f8e392b5f.jpg,6f8e392b5f97c780b7de2fa25d188b66588df6f870e0797e12454fa293678c4d,1412,2160,http image/jpeg,610.8598,0.9950,0.0012,1.0000,32.3071
116613LN,192709,Used Steel & 18k Yellow Gold Rolex Submariner Ref 116613LN Black Dial,https://www.bobswatches.com/used-steel-and-18k-yellow-gold-rolex-submariner-ref-116613ln-black-dial.html,https://www.bobswatches.com/images/zUsed-Rolex-Submariner-116613-SKU192709.jpg,116613LN_192709_59c23f5657.jpg,59c23f565747f23396dabf26daebb2e71cfc8a9b3d0b6e5c7d9bd4d5d940338f,1412,2160,http image/jpeg,613.3665,0.9896,0.0107,1.0000,37.9914
126613,186189,Used Rolex Submariner Two Tone 126613 Black Dial,https://www.bobswatches.com/used-rolex-submariner-two-tone-126613-black-dial.html,https://www.bobswatches.com/images/zUsed-Rolex-Submariner-126613-SKU186189.jpg,126613_186189_ce9be5e48b.jpg,ce9be5e48bcad912b497c7c7d0fa1a42183c652fb8cb11efc5e3646c1e06257d,1412,2160,http image/jpeg,491.6895,0.9960,0.0037,1.0000,35.7586
126610LV,193101,Pre-Owned Green Bezel Rolex Submariner Ref 126610LV Stainless Steel Starbucks,https://www.bobswatches.com/pre-owned-green-bezel-rolex-submariner-ref-126610lv-stainless-steel-starbucks.html,https://www.bobswatches.com/images/zUsed-Rolex-Submariner-126610LV-SKU193101.jpg,126610LV_193101_b1fe4b2405.jpg,b1fe4b24052e43c186b298db13cf94ab50804511a544176a6d7566c2212a7ba6,1412,2160,http image/jpeg,615.1507,0.9962,0.0141,1.0000,30.6216
116610LV,191889,Used Stainless Steel Rolex Submariner Hulk Ref 116610LV Green Dial,https://www.bobswatches.com/used-stainless-steel-rolex-submariner-hulk-ref-116610lv-green-dial.html,https://www.bobswatches.com/images/zUsed-Rolex-Submariner-116610-SKU191889.jpg,116610LV_191889_8b6dbeffe2.jpg,8b6dbeffe2d944f7b8580e4bfc1354c38bcf5cb4a3f0d97784cb84787d8a9a42,1412,2160,http image/jpeg,617.0359,0.9938,0.0110,1.0000,31.9470
116610LN,192290,Used Rolex Submariner Black Dial Ref 116610LN Oyster Band,https://www.bobswatches.com/used-rolex-submariner-black-dial-ref-116610ln-oyster-band.html,https://www.bobswatches.com/images/zUsed-Rolex-Submariner-116610-SKU192290.jpg,116610LN_192290_f67b1e9051.jpg,f67b1e905182e36bb41ee7fd51d5b7436c874292e38b26557b2287e42e7ad19a,1412,2160,http image/jpeg,494.1194,0.9976,0.0054,1.0000,38.1222
116613,192315,Used Steel & Gold Rolex Submariner Ref 116613 Black Dial,https://www.bobswatches.com/used-steel-and-gold-rolex-submariner-ref-116613-black-dial.html,https://www.bobswatches.com/images/zUsed-Rolex-Submariner-116613-SKU192315.jpg,116613_192315_e0e99b7826.jpg,e0e99b7826a76d5f07dd998def315d1fd1a662d8bbd1f6f0e8b1f38a218f88d3,1412,2160,http image/jpeg,493.0746,0.9941,0.0054,1.0000,33.6141
116610LV,191362,Used Rolex Submariner Ref 116610LV Stainless Steel Hulk,https://www.bobswatches.com/used-rolex-submariner-ref-116610lv-stainless-steel-hulk.html,https://www.bobswatches.com/images/zUsed-Rolex-Submariner-Hulk-116610LV-SKU191362.jpg,116610LV_191362_17ac2b37bb.jpg,17ac2b37bb034937902ae6500639812c7dac97e48b607fe97bc0d7fcd5e687ac,1412,2160,http image/jpeg,611.5045,0.9938,0.0086,1.0000,29.3600
126610LV,193218,Used Rolex Submariner Date Starbucks Ref 126610LV Stainless Steel,https://www.bobswatches.com/used-rolex-submariner-date-starbucks-ref-126610lv-stainless-steel.html,https://www.bobswatches.com/images/zUsed-Rolex-Submariner-126610-SKU193218.jpg,126610LV_193218_d3a2b077fc.jpg,d3a2b077fcf388c31227ff44086d5803f3d6317b1fcdfede2cc67b6e6e2d2815,1412,2160,http image/jpeg,616.0705,0.9948,0.0176,1.0000,33.6500
116613LN,193279,Pre-Owned Two Tone Rolex Submariner Ref 116613LN Black Dial,https://www.bobswatches.com/193279-pre-owned-two-tone-rolex-submariner-ref-116613ln-black-dial.html,https://www.bobswatches.com/images/zUsed-Rolex-Submariner-116613-SKU193279.jpg,116613LN_193279_5dc301866c.jpg,5dc301866c783cda24bae807b761e180ffa9ddc422d6734a09c3ecd84b5ea0a6,1412,2160,http image/jpeg,489.0631,0.9831,0.0052,1.0000,34.5148
116610LN,189508,Pre-Owned Rolex Submariner Ref 116610LN Black Dial,https://www.bobswatches.com/pre-owned-rolex-submariner-ref-116610ln-black-dial.html,https://www.bobswatches.com/images/zUsed-Black-Dial-Rolex-Submariner-116610-SKU189508.jpg,116610LN_189508_9d95562354.jpg,9d955623549d54458cdba412a5bcae65f30e455cc430823fa114f5ada57473b7,1412,2160,http image/jpeg,490.9844,0.9941,0.0024,1.0000,37.2722
116610LN,142346,Used Stainless Steel Rolex Submariner Ref 116610LN Black Dial,https://www.bobswatches.com/used-stainless-steel-rolex-submariner-ref-116610ln-black-dial.html,https://www.bobswatches.com/images/zUsed-Rolex-Submariner-116610LN-SKU142346.jpg,116610LN_142346_77ebbd507e.jpg,77ebbd507e555e855bb1091b53a651de71cd6e7a960e024fdc299a72683d50b7,1412,2160,http image/jpeg,487.3701,0.9967,0.0008,1.0000,32.1857
116613LB,192106,Pre-Owned Steel & Gold Rolex Submariner Ref 116613LB Blue Dial,https://www.bobswatches.com/pre-owned-steel-and-gold-rolex-submariner-ref-116613lb-blue-dial.html,https://www.bobswatches.com/images/zUsed-Rolex-Submariner-116613-SKU192106.jpg,116613LB_192106_8437abe82e.jpg,8437abe82e6b6797007f6d7be5433bb74732ec5d6454b69ea3af28912234339f,1412,2160,http image/jpeg,492.0828,0.9862,0.0008,1.0000,32.4949
116613,192653,Used Ceramic Bezel Rolex Submariner Ref 116613 Black Dial,https://www.bobswatches.com/used-ceramic-bezel-rolex-submariner-ref-116613-black-dial.html,https://www.bobswatches.com/images/zUsed-Rolex-Submariner-116613-SKU192653.jpg,116613_192653_191431e57e.jpg,191431e57e00308ce1f8da5bcefb2af58c023eebd06e285a9ec8fcf50f7930c4,1412,2160,http image/jpeg,612.1675,0.9962,0.0031,1.0000,33.6856
116613,192398,Used Rolex Submariner Two Tone Ref 116613 Black Dial,https://www.bobswatches.com/used-rolex-submariner-two-tone-ref-116613-black-dial.html,https://www.bobswatches.com/images/zUsed-Rolex-Submariner-116613-SKU192398.jpg,116613_192398_6258067c7e.jpg,6258067c7ef321e3f6bacafa214a400c3a9fa2451408f057114272a87f9fc621,1412,2160,http image/jpeg,492.6082,0.9906,0.0056,1.0000,34.9267
114060,190664,Used Rolex Submariner Stainless Steel Ref 114060,https://www.bobswatches.com/used-rolex-submariner-stainless-steel-ref-114060.html,https://www.bobswatches.com/images/zUsed-Rolex-Submariner-114060-SKU190664.jpg,114060_190664_723f2c9b4e.jpg,723f2c9b4e925f6f72df8866bc250ca88795627745262cbc45f80196eff48fdf,1412,2160,http image/jpeg,492.1210,0.9878,0.0011,1.0000,34.7114
126613,191115,Pre-Owned Steel & Gold Rolex Submariner Black Dial Ref 126613,https://www.bobswatches.com/pre-owned-steel-and-gold-rolex-submariner-black-dial-ref-126613.html,https://www.bobswatches.com/images/zUsed-Rolex-Submariner-126613-SKU191115.jpg,126613_191115_712d36024a.jpg,712d36024ae3cfd8006e101e0ad44ec09ffcf41c2e7fe136c4d221b7f44941b3,1412,2160,http image/jpeg,492.8958,0.9964,0.0057,1.0000,37.6279
114060,191731,Used Black Dial Rolex Submariner Stainless Steel Ref 114060 No Date,https://www.bobswatches.com/used-black-dial-rolex-submariner-stainless-steel-ref-114060-no-date.html,https://www.bobswatches.com/images/zUsed-Rolex-Submariner-114060-SKU191731.jpg,114060_191731_3f4f48b47b.jpg,3f4f48b47bd5477b63fa4b5980bec78e91ce23a363ca128863840e0348f245b5,1412,2160,http image/jpeg,611.2123,0.9881,0.0042,1.0000,35.4130
116618LB,189668,Pre-Owned Yellow Gold Rolex Submariner Ref 116618LB Blue Dial,https://www.bobswatches.com/pre-owned-yellow-gold-rolex-submariner-ref-116618lb-blue-dial.html,https://www.bobswatches.com/images/zUsed-Rolex-Submariner-116618-SKU189668.jpg,116618LB_189668_024f2a4cb4.jpg,024f2a4cb4f3180fb2d79f20bcb9d712fe6c8c52c7ce8919cf59af49ffaf9986,1412,2160,http image/jpeg,617.4567,0.9963,0.0045,1.0000,25.7037
116618LB,187117,Pre-Owned Rolex Submariner 18k Yellow Gold 116618LB Blue Dial,https://www.bobswatches.com/pre-owned-rolex-submariner-18k-yellow-gold-116618lb-blue-dial.html,https://www.bobswatches.com/images/zUsed-Rolex-Submariner-116618-SKU187117.jpg,116618LB_187117_3d0b03fdc3.jpg,3d0b03fdc30d7ce48e8bb2d619139f188de9b6abd09a5687cfc1ab6ce27aa59f,1412,2160,http image/jpeg,490.5627,0.9931,0.0027,1.0000,23.3313
116710BLNR,193224,Used Rolex Steel GMT-Master II Ref 116710BLNR Batman,https://www.bobswatches.com/used-rolex-steel-gmt-master-ii-ref-116710blnr-batman.html,https://www.bobswatches.com/images/zUsed-Rolex-GMT-Master-II-116710BLNR-SKU193224.jpg,116710BLNR_193224_ea4679dcd0.jpg,ea4679dcd0886c1de390d071941936a3282cebb5a4a7d8e7345946e461cc4de6,1412,2160,http image/jpeg,489.6077,0.9948,0.0022,1.0000,34.3650
126610LV,194077,Pre-Owned Rolex Submariner Green Starbucks Bezel Ref 126610LV,https://www.bobswatches.com/pre-owned-rolex-submariner-green-starbucks-bezel-ref-126610lv.html,https://www.bobswatches.com/images/zUsed-Rolex-Submariner-126610-SKU194077.jpg,126610LV_194077_ec6d6ed2c9.jpg,ec6d6ed2c913f4669e20593aa7bd3c62dc9675af43fcba530525a523cd8e4913,1412,2160,http image/jpeg,618.7292,0.9973,0.0133,1.0000,33.8695
116610LV,193459,Used Rolex Submariner Green Dial Ref 116610LV Hulk,https://www.bobswatches.com/used-rolex-submariner-green-dial-ref-116610lv-hulk.html,https://www.bobswatches.com/images/zUsed-Rolex-Submariner-116610-SKU193459.jpg,116610LV_193459_b294124465.jpg,b294124465e8781d48da0a5ae2024d6e5464348c97af32a7eefef4617cc04bf8,1412,2160,http image/jpeg,613.9731,0.9990,0.0120,1.0000,34.9540
126610LV,194330,Pre-Owned Starbucks Rolex Submariner Green Bezel Ref 126610LV,https://www.bobswatches.com/pre-owned-starbucks-rolex-submariner-green-bezel-ref-126610lv.html,https://www.bobswatches.com/images/zUsed-Rolex-Submariner-126610-SKU194330.jpg,126610LV_194330_77dd89f0b2.jpg,77dd89f0b2d4128faf7c02e2e99b93f8d964f3a96c63d765a71a0b9ba926d86a,1412,2160,http image/jpeg,487.0731,0.9833,0.0020,1.0000,32.8084
126710GRNR,192603,Pre-Owned Bruce Wayne Rolex GMT-Master II ref 126710GRNR Stainless Steel,https://www.bobswatches.com/pre-owned-bruce-wayne-rolex-gmt-master-ii-ref-126710grnr-stainless-steel.html,https://www.bobswatches.com/images/zUsed-Rolex-GMT-Master-II-126710-SKU192603.jpg,126710GRNR_192603_0ebea440e6.jpg,0ebea440e6efc9f53e672c1be179478dbb596b9f4264019de59732850ca3e9dc,1412,2160,http image/jpeg,611.1938,0.9982,0.0240,1.0000,30.6548
126610LN,192183,Used Rolex Submariner Ref 126610LN Black Ceramic Bezel,https://www.bobswatches.com/used-rolex-submariner-ref-126610ln-black-ceramic-bezel.html,https://www.bobswatches.com/images/zUsed-Rolex-Submariner-126610-SKU192183.jpg,126610LN_192183_b7c079415a.jpg,b7c079415a40c75e8fdd1524cc033f38ecd63e670dbebec7f1e97ff2fcee760f,1412,2160,http image/jpeg,496.1868,0.9971,0.0087,1.0000,35.6415
116619LB,194435,Factory Stickered Rolex Submariner Ref 116619LB Smurf 18k White Gold,https://www.bobswatches.com/factory-stickered-rolex-submariner-ref-116619lb-smurf-18k-white-gold.html,https://www.bobswatches.com/images/zUsed-Rolex-Submariner-116619-SKU194435.jpg,116619LB_194435_9cb246c53c.jpg,9cb246c53cda795c5e0281640586cf70b1cfe57916ac3efcf016900c85485ed0,1412,2160,http image/jpeg,492.0791,0.9938,0.0028,1.0000,28.8863
126710GRNR,194364,Pre-Owned Black & Grey Bruce Wayne Rolex GMT-Master II Ref 126710GRNR,https://www.bobswatches.com/pre-owned-black-and-grey-bruce-wayne-rolex-gmt-master-ii-ref-126710grnr.html,https://www.bobswatches.com/images/zUsed-Rolex-GMT-Master-II-126710-SKU194364.jpg,126710GRNR_194364_624a641bd9.jpg,624a641bd96e6161cb46a4d3c0c9aa6377e026439cce698c5ca4b9ebfa97fd6f,1412,2160,http image/jpeg,615.9042,0.9955,0.0176,1.0000,35.2550
116613LB,193755,Used Steel & Gold Rolex Submariner Blue Dial Ref 116613LB,https://www.bobswatches.com/used-steel-and-gold-rolex-submariner-blue-dial-ref-116613lb.html,https://www.bobswatches.com/images/zUsed-Rolex-Submariner-116613-SKU193755.jpg,116613LB_193755_795f35d316.jpg,795f35d316a27574f5fea156110a487b1cd62c00f33a4402282abc9b9f1f7e36,1412,2160,http image/jpeg,489.7189,0.9916,0.0101,1.0000,26.2858
116610LN,193924,Used Steel Rolex Submariner Ref 116610LN Black Chromalight Dial,https://www.bobswatches.com/used-steel-rolex-submariner-ref-116610ln-black-chromalight-dial.html,https://www.bobswatches.com/images/z193924-Used-Rolex-Submariner-116610-SKU193924.jpg,116610LN_193924_9bb308a43a.jpg,9bb308a43a71bb909cc33181b568947107fa04e120261a6dc7298d2063d74421,1412,2160,http image/jpeg,609.7061,0.9960,0.0018,1.0000,34.2537
126613LB,193949,Pre-Owned Rolex Submariner Ref 126613LB Blue Dial,https://www.bobswatches.com/pre-owned-rolex-submariner-ref-126613lb-blue-dial.html,https://www.bobswatches.com/images/zUsed-Rolex-Submariner-126613-SKU193949.jpg,126613LB_193949_6f071d9360.jpg,6f071d93608b9081d9a1ff908fe4f8f749a1aad42c70826c6ee596b652bf7517,1412,2160,http image/jpeg,493.3229,0.9961,0.0043,1.0000,34.6474
126610LV,193764,Used Rolex Submariner Green Starbucks Bezel Ref 126610LV,https://www.bobswatches.com/used-rolex-submariner-green-starbucks-bezel-ref-126610lv.html,https://www.bobswatches.com/images/zUsed-Rolex-Submariner-126610-SKU193764.jpg,126610LV_193764_b490ec3761.jpg,b490ec37617d2031b2a0cb32277d6b31cc032c2674621aa7d182df334efc2ac7,1412,2160,http image/jpeg,491.1819,0.9773,0.0130,1.0000,37.5996
116613LB,193178,Pre-Owned Rolex Submariner Bluesy Ref 116613LB Steel & Yellow Gold,https://www.bobswatches.com/pre-owned-rolex-submariner-bluesy-ref-116613lb-steel-and-yellow-gold.html,https://www.bobswatches.com/images/zUsed-Rolex-Submariner-116613-SKU193178.jpg,116613LB_193178_06b4e729ac.jpg,06b4e729ac801d6b465be02e59c9156ac746252e60d5fcb723bf4333c2b8adba,1412,2160,http image/jpeg,611.7915,0.9962,0.0068,1.0000,27.7008
116710BLNR,193858,Pre-Owned Rolex GMT-Master II Batman Bezel Ref 116710BLNR,https://www.bobswatches.com/pre-owned-rolex-gmt-master-ii-batman-bezel-ref-116710blnr.html,https://www.bobswatches.com/images/zUsed-Rolex-GMT-Master-II-116710-SKU193858.jpg,116710BLNR_193858_a07ad29e3e.jpg,a07ad29e3ed29b054a3433095e5443d8f85813c975553f299473f2147df63a13,1412,2160,http image/jpeg,609.0108,0.9984,0.0045,1.0000,34.8914
114060,192291,Used Black No Date Dial Rolex Submariner Ref 114060,https://www.bobswatches.com/used-black-no-date-dial-rolex-submariner-ref-114060.html,https://www.bobswatches.com/images/zUsed-Rolex-Submariner-114060-SKU192291.jpg,114060_192291_c03b696297.jpg,c03b6962970cc13247f386b5af5dd088dbaf818b236d6081ffa906787a6dec81,1412,2160,http image/jpeg,492.4033,0.9954,0.0041,1.0000,34.7342
126613,193801,Used Steel & Gold Rolex Submariner Ref 126613 Black Dial,https://www.bobswatches.com/used-steel-and-gold-rolex-submariner-ref-126613-black-dial.html,https://www.bobswatches.com/images/zUsed-Rolex-Submariner-126613-SKU193801.jpg,126613_193801_15504033a6.jpg,15504033a6148809c4b652bae241b7455706c61b84a035ae7d1336ceeb009c85,1412,2160,http image/jpeg,494.2465,0.9971,0.0055,1.0000,34.1416
126613LB,194190,Used Rolex Submariner Ref 126613LB Blue Cerachrom Bezel,https://www.bobswatches.com/used-rolex-submariner-ref-126613lb-blue-cerachrom-bezel.html,https://www.bobswatches.com/images/zUsed-Rolex-Submariner-126613-SKU194190.jpg,126613LB_194190_1a9de69b4f.jpg,1a9de69b4f01c12fc7278db16a15856609be67bfb23459d770892d804c5e1887,1412,2160,http image/jpeg,490.5647,0.9830,0.0085,1.0000,33.1208
116710,191958,Pre-Owned Rolex GMT-Master Cerachrom Bezel II Ref 116710,https://www.bobswatches.com/pre-owned-rolex-gmt-master-cerachrom-bezel-ii-ref-116710.html,https://www.bobswatches.com/images/zUsed-Rolex-GMT-Master-II-116710-SKU191958.jpg,116710_191958_fe34a1d1b8.jpg,fe34a1d1b8e91ac7ced4548b4a82961d03c1c964e0455558df3565b461819443,1412,2160,http image/jpeg,496.2885,0.9943,0.0052,1.0000,33.9364
116710BLNR,192808,Pre-Owned Steel Rolex GMT-Master II Ref 116710BLNR Batman Bezel,https://www.bobswatches.com/pre-owned-steel-rolex-gmt-master-ii-ref-116710blnr-batman-bezel.html,https://www.bobswatches.com/images/zUsed-Rolex-GMT-Master-II-116710-SKU192808.jpg,116710BLNR_192808_2605b187cd.jpg,2605b187cd2ec9040fe11492e33c9e261f00b4ebd0e745f51ebe8ddc1acac912,1412,2160,http image/jpeg,610.7700,0.9962,0.0041,1.0000,33.9070
116613LB,194021,Used Two Tone Rolex Submariner Ref 116613LB Bluesy,https://www.bobswatches.com/used-two-tone-rolex-submariner-ref-116613lb-bluesy.html,https://www.bobswatches.com/images/zUsed-Rolex-Submariner-116613-SKU194021.jpg,116613LB_194021_fd70dc99ce.jpg,fd70dc99ce25d0c5199fdf88aafadea88e962e57ceb1e70cdcc2d05b30b95205,1412,2160,http image/jpeg,493.2084,0.9870,0.0029,1.0000,32.5318
116710BLNR,192487,Used Oyster Rolex GMT-Master II Batman Ref 116710BLNR,https://www.bobswatches.com/used-oyster-rolex-gmt-master-ii-batman-ref-116710blnr.html,https://www.bobswatches.com/images/zUsed-Rolex-GMT-Master-II-116710-SKU192487.jpg,116710BLNR_192487_a3805598ae.jpg,a3805598ae8dcb0293f8a6ced3624860d6cf9b93817b700c4f9932db7e446c32,1412,2160,http image/jpeg,491.7538,0.9971,0.0105,1.0000,35.8717
116610LN,193767,Used Rolex Submariner Ref 116610LN Ceramic Bezel,https://www.bobswatches.com/used-rolex-submariner-ref-116610ln-ceramic-bezel.html,https://www.bobswatches.com/images/zUsed-Rolex-Submariner-116610-SKU193767.jpg,116610LN_193767_9f29a639b4.jpg,9f29a639b4d837e0a57565ed94a2f8ac6ff4be087497daa69a6cea02e3632665,1412,2160,http image/jpeg,493.3209,0.9954,0.0014,1.0000,37.2936
126619LB,186599,Used 18k White Gold Rolex Submariner 126619LB Cookie Monster,https://www.bobswatches.com/used-18k-white-gold-rolex-submariner-126619lb-cookie-monster.html,https://www.bobswatches.com/images/zUsed-Rolex-Submariner-126619-SKU186599.jpg,126619LB_186599_24c57dede1.jpg,24c57dede14e0e4d30d819e81253e2ef89e9f1b2a7ee40d31def3c45dd83641e,1412,2160,http image/jpeg,487.2418,0.9952,0.0200,1.0000,34.7924
116613,193455,Used Rolex Submariner Ref 116613 Blue Diamond Dial,https://www.bobswatches.com/used-rolex-submariner-ref-116613-blue-diamond-dial.html,https://www.bobswatches.com/images/zUsed-Rolex-Submariner-116613-SKU193455.jpg,116613_193455_fbc2c125ab.jpg,fbc2c125abd2b8598046d2eff4aea2b6c42c804ce1613320820bedef6b4801b8,1412,2160,http image/jpeg,491.9222,0.9967,0.0049,1.0000,26.9497
126710GRNR,193355,Pre-Owned Bruce Wayne Rolex GMT-Master II Jubilee Band Ref 126710GRNR,https://www.bobswatches.com/pre-owned-bruce-wayne-rolex-gmt-master-ii-jubilee-band-ref-126710grnr.html,https://www.bobswatches.com/images/zUsed-Rolex-GMT-Master-II-126710-SKU193355.jpg,126710GRNR_193355_2b55df60ca.jpg,2b55df60cad30338ded7f56a12a34613b6bb02e3ee9fbd92c3b2bc41b9d254bb,1411,2160,http image/jpeg,472.0766,0.9758,0.0113,1.0000,35.0273
126710BLNR,194054,Used Rolex GMT-Master II Ref 126710BLNR Blue & Black Batgirl,https://www.bobswatches.com/used-rolex-gmt-master-ii-ref-126710blnr-blue-and-black-batgirl.html,https://www.bobswatches.com/images/zUsed-Rolex-GMT-Master-II-126710-SKU194054.jpg,126710BLNR_194054_a7db34b0fd.jpg,a7db34b0fd61a1bf5b4c8e1a37460f86b2f5511727bdc5b30cd97ddcde82275a,1412,2160,http image/jpeg,486.8636,0.9784,0.0042,1.0000,35.8365
116610LN,193258,Used Black Chromalight Dial Rolex Submariner Ref 116610LN,https://www.bobswatches.com/used-black-chromalight-dial-rolex-submariner-ref-116610ln.html,https://www.bobswatches.com/images/zUsed-Rolex-Submariner-116610-SKU193258.jpg,116610LN_193258_019670b1c1.jpg,019670b1c1ca1a38ceda62de69c435ed5d73587229b99c5ad566f05c739f9d2d,1412,2160,http image/jpeg,611.4786,0.9952,0.0027,1.0000,37.3497
116710BLNR,193580,Used Rolex GMT-Master II Batman Ref 116710BLNR Oyster Band,https://www.bobswatches.com/used-rolex-gmt-master-ii-batman-ref-116710blnr-oyster-band.html,https://www.bobswatches.com/images/zUsed-Rolex-GMT-Master-II-116710-SKU193580.jpg,116710BLNR_193580_1c2a6e404c.jpg,1c2a6e404ce9093523a40f3c5781301f74347a7407f9d6541e691dd12bbccac2,1412,2160,http image/jpeg,491.3224,0.9884,0.0043,1.0000,32.9920
126613,190419,Pre-Owned Rolex Submariner Ref 126613 Black Dial,https://www.bobswatches.com/pre-owned-rolex-submariner-ref-126613-black-dial.html,https://www.bobswatches.com/images/zUsed-Rolex-Submariner-126613-SKU190419.jpg,126613_190419_4740bd0d15.jpg,4740bd0d15ca798ceef9ad8112675aa7b8d966115962c38365e9729c4164f7b1,1412,2160,http image/jpeg,492.0756,0.9951,0.0072,1.0000,37.9310
126710BLRO,193434,Pre-Owned Rolex GMT-Master II Stainless Steel Pepsi Ref 126710BLRO,https://www.bobswatches.com/pre-owned-rolex-gmt-master-ii-stainless-steel-pepsi-ref-126710blro.html,https://www.bobswatches.com/images/zUsed-Rolex-GMT-Master-II-126710BLRO-SKU193434.jpg,126710BLRO_193434_6a6c3e70df.jpg,6a6c3e70df7cf34491263dfd8dc30730f23ffab5242460a0b5de1a231309fa71,1412,2160,http image/jpeg,485.2586,0.9748,0.0141,1.0000,36.3489
126613LB,193029,Pre-Owned Rolex Submariner Ref 126613LB Bluesy,https://www.bobswatches.com/pre-owned-rolex-submariner-ref-126613lb-bluesy.html,https://www.bobswatches.com/images/zUsed-Rolex-Submariner-126613-SKU193029.jpg,126613LB_193029_dc367edebf.jpg,dc367edebf719784cdd1db91d9255f868edb3712abd7fb21f22fa94567938296,1412,2160,http image/jpeg,492.3487,0.9963,0.0028,1.0000,32.7037
116610LV,193386,Used Rolex Submariner Green Dial Hulk Ref 116610LV,https://www.bobswatches.com/used-rolex-submariner-green-dial-hulk-ref-116610lv.html,https://www.bobswatches.com/images/zUsed-Rolex-Submariner-116610-SKU193386.jpg,116610LV_193386_d9671d21c7.jpg,d9671d21c785bcbd25a21f84a6c4ae329468a0ff19f4fef1c0e60bee15ab32ea,1412,2160,http image/jpeg,489.1462,0.9739,0.0027,1.0000,34.5038
126610LN,193368,Used Stainless Steel Rolex Submariner Ref 126610LN Black Dial,https://www.bobswatches.com/used-stainless-steel-rolex-submariner-ref-126610ln-black-dial.html,https://www.bobswatches.com/images/zUsed-Rolex-Submariner-126610-SKU193368.jpg,126610LN_193368_ba3762aa2a.jpg,ba3762aa2aea60c13de22f72c8388cf7b616c736ec60af5f4a627068f4b07c19,1412,2160,http image/jpeg,495.7444,0.9966,0.0048,1.0000,37.3734
126613LB,193777,Used Rolex Submariner Blue Dial Ref 126613LB Oyster Band,https://www.bobswatches.com/used-rolex-submariner-blue-dial-ref-126613lb-oyster-band.html,https://www.bobswatches.com/images/zUsed-Rolex-Submariner-126613-SKU193777.jpg,126613LB_193777_030c3a9086.jpg,030c3a90860cde04ed450a7b5692cd50419db22f7ba7755d4169d893f6830b3c,1412,2160,http image/jpeg,492.2712,0.9818,0.0116,1.0000,33.8003
126619LB,191434,Pre-Owned 18k White Gold Rolex Submariner Ref 126619LB Cookie Monster,https://www.bobswatches.com/pre-owned-18k-white-gold-rolex-submariner-ref-126619lb-cookie-monster.html,https://www.bobswatches.com/images/zUsed-Rolex-Submariner-126619-SKU191434.jpg,126619LB_191434_6ce5a5c48c.jpg,6ce5a5c48c57f4fd9e4f80010a82639aec0a3e9966776b06b5a7369f2b603a22,1412,2160,http image/jpeg,486.1543,0.9942,0.0018,1.0000,31.4672
126610LN,188326,Pre-Owned Steel Rolex Submariner 126610LN Black Dial,https://www.bobswatches.com/pre-owned-steel-rolex-submariner-126610ln-black-dial.html,https://www.bobswatches.com/images/zUsed-Rolex-Submariner-126610-SKU188326.jpg,126610LN_188326_3116b7962e.jpg,3116b7962ed3f797066ddc69e6c34f036ca91a4c0b06c455e837ede096a01466,1412,2160,http image/jpeg,492.0316,0.9971,0.0059,1.0000,35.5108
126613LB,193690,Used Rolex Submariner Bluesy Ref 126613LB Oyster Band,https://www.bobswatches.com/used-rolex-submariner-bluesy-ref-126613lb-oyster-band.html,https://www.bobswatches.com/images/zUsed-Rolex-Submariner-126613-SKU193690.jpg,126613LB_193690_1486879c20.jpg,1486879c205eeb595487b6e9b63a23a0314bb3c2c6c292f5ab95181150a5cf07,1412,2160,http image/jpeg,491.8498,0.9975,0.0038,1.0000,32.7932
116610LV,191516,Used Rolex Submariner Hulk Ref 116610LV Cerachrom Bezel,https://www.bobswatches.com/used-rolex-submariner-hulk-ref-116610lv-cerachrom-bezel.html,https://www.bobswatches.com/images/zUsed-Rolex-Submariner-116610-SKU191516.jpg,116610LV_191516_1b2de835de.jpg,1b2de835de62ea094a76ae968e2bf6160bc749352bd9cee2c8dc02a9e089a13b,1412,2160,http image/jpeg,486.2237,0.9757,0.0035,1.0000,33.4308
116610,193076,Pre-Owned Steel Rolex Submariner Black Chromalight Dial Ref 116610,https://www.bobswatches.com/pre-owned-steel-rolex-submariner-black-chromalight-dial-ref-116610.html,https://www.bobswatches.com/images/zUsed-Rolex-Submariner-116610-SKU193076.jpg,116610_193076_6ec2c8229f.jpg,6ec2c8229ffc1e288b42dc5760545e6300b81a2969b963da631df364282454e5,1412,2160,http image/jpeg,494.1390,0.9942,0.0043,1.0000,36.7623
126710BLRO,193555,Used Rolex GMT-Master II Pepsi Ref 126710BLRO Cerachrom Bezel,https://www.bobswatches.com/used-rolex-gmt-master-ii-pepsi-ref-126710blro-cerachrom-bezel.html,https://www.bobswatches.com/images/zUsed-Rolex-GMT-Master-II-126710-SKU193555.jpg,126710BLRO_193555_ede4d72790.jpg,ede4d7279065e197d8db30d71a57bab49d5806e7c326c53b2fe55397e3cb7386,1412,2160,http image/jpeg,484.3918,0.9686,0.0141,1.0000,33.1645
126710BLRO,193666,Pre-Owned Rolex GMT-Master II Pepsi Ref 126710BLRO Jubilee Band,https://www.bobswatches.com/pre-owned-rolex-gmt-master-ii-pepsi-ref-126710blro-jubilee-band.html,https://www.bobswatches.com/images/zUsed-Rolex-GMT-Master-II-126710-SKU193666.jpg,126710BLRO_193666_3e4a8896b7.jpg,3e4a8896b70f22e29267ff62653aca5345d8a91a9a13b739355c29426b24862b,1412,2160,http image/jpeg,481.6015,0.9607,0.0161,1.0000,34.5806
126710BLRO,193535,Pre-Owned Rolex GMT-Master II Pepsi Ref 126710BLRO Oyster Bracelet,https://www.bobswatches.com/pre-owned-rolex-gmt-master-ii-pepsi-ref-126710blro-oyster-bracelet.html,https://www.bobswatches.com/images/zUsed-Rolex-GMT-Master-II-126710-SKU193535.jpg,126710BLRO_193535_4a2a9facb8.jpg,4a2a9facb8850eebbdc78bb5424d0c5d06ffef8a72248d86de0afa2594b39763,1412,2160,http image/jpeg,619.7093,0.9929,0.0041,1.0000,35.8540
116710,193042,Pre-Owned Rolex GMT-Master Black Cerachrom Bezel II Ref 116710,https://www.bobswatches.com/pre-owned-rolex-gmt-master-black-cerachrom-bezel-ii-ref-116710.html,https://www.bobswatches.com/images/zUsed-Rolex-GMT-Master-II-116710-SKU193042.jpg,116710_193042_4961f19d97.jpg,4961f19d97b048bfb2e3f571cca9651ce19952ddd7c293e421947b5c080f765c,1412,2160,http image/jpeg,493.7814,0.9925,0.0069,1.0000,35.8224
126710GRNR,193661,Pre-Owned Rolex GMT-Master II Ref 126710GRNR Stainless Steel Bruce Wayne,https://www.bobswatches.com/pre-owned-rolex-gmt-master-ii-ref-126710grnr-stainless-steel-bruce-wayne.html,https://www.bobswatches.com/images/zUsed-Rolex-GMT-Master-II-126710-SKU193661.jpg,126710GRNR_193661_94d7ab217d.jpg,94d7ab217d915f233ef67d9bd3eac4c2ecf664ae70bbf2e8ceed9d9e201ba917,1412,2160,http image/jpeg,474.2973,0.9718,0.0062,1.0000,33.5875
126610,191969,Used Rolex Submariner Ref 126610 Black Cerachrom Bezel,https://www.bobswatches.com/used-rolex-submariner-ref-126610-black-cerachrom-bezel.html,https://www.bobswatches.com/images/zUsed-Rolex-Submariner-126610-SKU191969.jpg,126610_191969_9ed9a0e496.jpg,9ed9a0e496bd77281b61b5271a0c04c2f2f6ef5d4f67ba2a2a064631686a08aa,1412,2160,http image/jpeg,615.3825,0.9894,0.0075,1.0000,35.0850
126610LN,193256,Used Rolex Submariner Ref 126610LN Black Dial,https://www.bobswatches.com/used-rolex-submariner-ref-126610ln-black-dial.html,https://www.bobswatches.com/images/zUsed-Rolex-Submariner-126610-SKU193256.jpg,126610LN_193256_f83fbdbf9a.jpg,f83fbdbf9ae78eb5ce6538340069e6088d4bf6e639bdea8bda4eefb1e689039d,1412,2160,http image/jpeg,494.8819,0.9989,0.0052,1.0000,37.7164
126610LN,193274,Pre-Owned Rolex Submariner Black Dial Ref 126610LN,https://www.bobswatches.com/pre-owned-rolex-submariner-black-dial-ref-126610ln.html,https://www.bobswatches.com/images/zUsed-Rolex-Submariner-126610-SKU193274.jpg,126610LN_193274_fbd51ef5af.jpg,fbd51ef5afb19c03cb7c885355e77e9e666787e13956d22dbbee776cb3e87b91,1412,2160,http image/jpeg,493.8399,0.9935,0.0023,1.0000,35.6917
126618,193277,Used 18k Yellow Gold Rolex Submariner Ref 126618 Black Dial,https://www.bobswatches.com/used-18k-yellow-gold-rolex-submariner-ref-126618-black-dial.html,https://www.bobswatches.com/images/zUsed-Rolex-Submariner-126618-SKU193277.jpg,126618_193277_08ec7f80bf.jpg,08ec7f80bf28d9dd9959e9a550c466be001532369ab3c6b9f11bbc28e17d38d5,1412,2160,http image/jpeg,490.8715,0.9805,0.0035,1.0000,35.3285
126613,193285,Used Two Tone Rolex Submariner Ref 126613 Black Dial,https://www.bobswatches.com/used-two-tone-rolex-submariner-ref-126613-black-dial.html,https://www.bobswatches.com/images/zUsed-Rolex-Submariner-126613-SKU193285.jpg,126613_193285_006e54a0d1.jpg,006e54a0d12998e88d6d95e2ab14991b4b26079055e5b847d36cd1bc0c2a56cd,1412,2160,http image/jpeg,495.2726,0.9966,0.0088,1.0000,37.7066
126710BLNR,190591,Pre-Owned Blue & Black Batgirl Rolex GMT-Master II Ref 126710BLNR,https://www.bobswatches.com/pre-owned-blue-and-black-batgirl-rolex-gmt-master-ii-ref-126710blnr.html,https://www.bobswatches.com/images/zUsed-Rolex-GMT-Master-II-126710-SKU190591.jpg,126710BLNR_190591_a4b37b4848.jpg,a4b37b4848dcba441862af6586b78161537a1ca696263ba983e8b665c31aaab1,1412,2160,http image/jpeg,613.1930,0.9941,0.0050,1.0000,35.1193
114060,192704,Pre-Owned Rolex Submariner Black Dial Ref 114060 Stainless Steel,https://www.bobswatches.com/pre-owned-rolex-submariner-black-dial-ref-114060-stainless-steel.html,https://www.bobswatches.com/images/zUsed-Rolex-Submariner-114060-SKU192704.jpg,114060_192704_29607c4b22.jpg,29607c4b22b61295fdae628a938fc541dff0f65ac5d5c0dd5812d7a50d99a105,1412,2160,http image/jpeg,493.4179,0.9903,0.0023,1.0000,33.5518
126610,193168,Used Rolex Submariner Steel Ref 126610 Black Chromalight Dial,https://www.bobswatches.com/used-rolex-submariner-steel-ref-126610-black-chromalight-dial.html,https://www.bobswatches.com/images/zUsed-Rolex-Submariner-126610-SKU193168.jpg,126610_193168_1a5705dcb6.jpg,1a5705dcb625d4908d87c6765d8748e56128e19383be8cbd9df4f6734e034382,1412,2160,http image/jpeg,493.7152,0.9918,0.0030,1.0000,35.2242
116710BLNR,191254,Used Rolex GMT-Master II Ref 116710BLNR Batman Oyster Band,https://www.bobswatches.com/used-rolex-gmt-master-ii-ref-116710blnr-batman-oyster-band.html,https://www.bobswatches.com/images/zUsed-Rolex-GMT-Master-II-116710BLNR-SKU191254.jpg,116710BLNR_191254_225c77277d.jpg,225c77277ddd3d795ee6ed8c657fba232b8b22c6c93106f0b972747751f5cd9f,1412,2160,http image/jpeg,607.7641,0.9967,0.0126,1.0000,34.3441
116710,192470,Pre-Owned Black Dial Rolex GMT-Master II Ref 116710 Stainless Steel,https://www.bobswatches.com/pre-owned-black-dial-rolex-gmt-master-ii-ref-116710-stainless-steel.html,https://www.bobswatches.com/images/zUsed-Rolex-GMT-Master-II-116710-SKU192470.jpg,116710_192470_3019575444.jpg,3019575444f08f1e665abcc425f602ad343b8aa3363d75b68b68ea9bc08b03a9,1412,2160,http image/jpeg,491.8972,0.9965,0.0043,1.0000,27.5715
126613LB,192948,Pre-Owned Rolex Submariner Bluesy Ref 126613LB,https://www.bobswatches.com/pre-owned-rolex-submariner-bluesy-ref-126613lb.html,https://www.bobswatches.com/images/zUsed-Rolex-Submariner-126613-SKU192948.jpg,126613LB_192948_865ebcbc91.jpg,865ebcbc912e2ea7a171cffdf99f5b349334703d2bdc9940302759c4089514e4,1412,2160,http image/jpeg,491.3339,0.9798,0.0149,1.0000,35.6850
126613LB,191447,Used Stainless Steel & Yellow Gold Rolex Submariner Ref 126613LB Bluesy,https://www.bobswatches.com/used-stainless-steel-and-yellow-gold-rolex-submariner-ref-126613lb-bluesy.html,https://www.bobswatches.com/images/zUsed-Rolex-Submariner-126613-SKU191447.jpg,126613LB_191447_9e27f11fad.jpg,9e27f11fad35b384f18428b7b22c7688113f67f605271920287aab11ac9e5ebf,1412,2160,http image/jpeg,489.4130,0.9952,0.0061,1.0000,33.5556
126613,191949,Pre-Owned Two Tone Rolex Submariner Ref 126613 Black Dial,https://www.bobswatches.com/pre-owned-two-tone-rolex-submariner-ref-126613-black-dial.html,https://www.bobswatches.com/images/zUsed-Rolex-Submariner-126613-SKU191949.jpg,126613_191949_d7d1c0e651.jpg,d7d1c0e651c1b7fca1e6765de71eb74014409d562b3ceb5d85d8bdf7927c3210,1412,2160,http image/jpeg,617.2767,0.9896,0.0063,1.0000,34.9417
116613LB,189505,Used Two Tone Rolex Submariner Blue Dial Ref 116613LB,https://www.bobswatches.com/used-two-tone-rolex-submariner-blue-dial-ref-116613lb.html,https://www.bobswatches.com/images/zUsed-Rolex-Submariner-116613-SKU189505.jpg,116613LB_189505_c7d8174d36.jpg,c7d8174d361db0597f1a90a5787749458edffd29965eeacb4c497059f79bbdd6,1412,2160,http image/jpeg,489.1640,0.9919,0.0212,1.0000,35.0794
126610,191820,Pre-Owned Oyster Rolex Submariner Ref 126610 Black Chromalight Dial,https://www.bobswatches.com/pre-owned-oyster-rolex-submariner-ref-126610-black-chromalight-dial.html,https://www.bobswatches.com/images/zUsed-Rolex-Submariner-126610-SKU191820.jpg,126610_191820_35e48d16c6.jpg,35e48d16c681d0bc9ba497d8c28fb75dd605ec8007b153be588003970bd9f478,1412,2160,http image/jpeg,486.9759,0.9881,0.0157,1.0000,35.9008
116710BLNR,192846,Used Blue & Black Batman Rolex GMT-Master II Ref 116710BLNR,https://www.bobswatches.com/used-blue-and-black-batman-rolex-gmt-master-ii-ref-116710blnr.html,https://www.bobswatches.com/images/zUsed-Rolex-GMT-Master-II-116710BLNR-SKU192846.jpg,116710BLNR_192846_ae56228e62.jpg,ae56228e626a8beeb20e18ad6071c809c1e03213fd5696dc0df13b075cbc99a5,1412,2160,http image/jpeg,609.0301,0.9956,0.0056,1.0000,29.6438
126613LB,192740,Pre-Owned Two Tone Rolex Submariner Blue Dial Ref 126613LB,https://www.bobswatches.com/pre-owned-two-tone-rolex-submariner-blue-dial-ref-126613lb.html,https://www.bobswatches.com/images/zUsed-Rolex-Submariner-126613-SKU192740.jpg,126613LB_192740_b5aa10aabf.jpg,b5aa10aabf2438a255091646c15f4bbeec3a64777a88f7e446a2310c2e6362a8,1412,2160,http image/jpeg,487.0786,0.9785,0.0083,1.0000,34.1713
126618,192760,Used Rolex Submariner 18k Yellow Gold Ref 126618 Black Dial,https://www.bobswatches.com/used-rolex-submariner-18k-yellow-gold-ref-126618-black-dial.html,https://www.bobswatches.com/images/zUsed-Rolex-Submariner-126618-SKU192760.jpg,126618_192760_0e33d08900.jpg,0e33d08900ae24cbb7b029cb7a91cb2051800eace8d9986d6c38e3b56025411b,1412,2160,http image/jpeg,487.4932,0.9822,0.0072,1.0000,35.8237
114060,189759,Pre-Owned Rolex Submariner Stainless Steel Ref 114060,https://www.bobswatches.com/pre-owned-rolex-submariner-stainless-steel-ref-114060.html,https://www.bobswatches.com/images/zUsed-Rolex-Submariner-114060-SKU189759.jpg,114060_189759_8a5421c571.jpg,8a5421c5711701396de4491fd4ab531d0aca90cb898abca6d6019e6d1510f740,1412,2160,http image/jpeg,488.3592,0.9872,0.0066,1.0000,33.2491
114060,192390,Used Black Dial Rolex Submariner Ref 114060 Stainless Steel,https://www.bobswatches.com/used-black-dial-rolex-submariner-ref-114060-stainless-steel.html,https://www.bobswatches.com/images/zUsed-Rolex-Submariner-114060-SKU192390.jpg,114060_192390_138e3a7b36.jpg,138e3a7b36ccf314dd6e7743c9b2fd3b3992901b2454bcd97d2669a77920d96a,1412,2160,http image/jpeg,610.5767,0.9979,0.0031,1.0000,35.3719
116710,192318,Used Rolex GMT-Master Black Cerachrom Bezel II Ref 116710,https://www.bobswatches.com/used-rolex-gmt-master-black-cerachrom-bezel-ii-ref-116710.html,https://www.bobswatches.com/images/zUsed-Rolex-GMT-Master-II-116710-SKU192318.jpg,116710_192318_af3b2b5c57.jpg,af3b2b5c575e82e004f0b57ffe40a5ab564b28ac8d622a8b28c4d16a8d373c7b,1412,2160,http image/jpeg,491.3197,0.9903,0.0035,1.0000,31.3820
116610LN,191928,Pre-Owned Rolex Submariner Ref 116610LN Black Cerachrom Bezel,https://www.bobswatches.com/pre-owned-rolex-submariner-ref-116610ln-black-cerachrom-bezel.html,https://www.bobswatches.com/images/zUsed-Rolex-Submariner-116610-SKU191928.jpg,116610LN_191928_533580e42f.jpg,533580e42fa8b56766dc51b0c201d9041f23e9b1bdf44c97c7b75ca6e59f609c,1412,2160,http image/jpeg,491.7898,0.9966,0.0024,1.0000,35.5825
116610LV,189034,Pre-Owned Rolex Submariner Hulk Ref 116610LV Green Dial,https://www.bobswatches.com/pre-owned-rolex-submariner-hulk-ref-116610lv-green-dial.html,https://www.bobswatches.com/images/zUsed-Rolex-Submariner-116610-SKU189034.jpg,116610LV_189034_a761c6b2f9.jpg,a761c6b2f98f4f9111050b93d8abcd392b2e1a26e1f46fc7cfb891cf4876993f,1412,2160,http image/jpeg,490.8726,0.9889,0.0033,1.0000,33.9992
114060,190153,Used Rolex Submariner Stainless Steel Ref 114060 Black Dial,https://www.bobswatches.com/used-rolex-submariner-stainless-steel-ref-114060-black-dial.html,https://www.bobswatches.com/images/zUsed-Rolex-Submariner-114060-SKU190153.jpg,114060_190153_c091c69f30.jpg,c091c69f300a568b64f9a3d14d1ec7fb271b12d9746aef107d322088d881c853,1412,2160,http image/jpeg,493.6539,0.9942,0.0028,1.0000,33.0780
126613LN,192453,Pre-Owned Two Tone Rolex Submariner Ref 126613LN,https://www.bobswatches.com/pre-owned-two-tone-rolex-submariner-ref-126613ln.html,https://www.bobswatches.com/images/zUsed-Rolex-Submariner-126613-SKU192453.jpg,126613LN_192453_1c2ae7e11b.jpg,1c2ae7e11be08811d5932166f92defce7c9f3dce54f31a322d49700904cdef67,1412,2160,http image/jpeg,494.7582,0.9964,0.0040,1.0000,36.5298
116613LB,189636,Pre-Owned Two Tone Rolex Submariner Ref 116613LB Matte Blue Dial,https://www.bobswatches.com/pre-owned-two-tone-rolex-submariner-ref-116613lb-matte-blue-dial.html,https://www.bobswatches.com/images/zUsed-Rolex-Submariner-116613-SKU189636.jpg,116613LB_189636_6119787a24.jpg,6119787a248fd1ad22f04b2e5844c0fc155da2af62a45623eb3978b6746f1eac,1412,2160,http image/jpeg,609.8455,0.9961,0.0037,1.0000,21.9524
116610,192627,Used Rolex Submariner Ref 116610 Black Chromalight Dial,https://www.bobswatches.com/used-rolex-submariner-ref-116610-black-chromalight-dial.html,https://www.bobswatches.com/images/zUsed-Rolex-Submariner-116610-SKU192627-PH.jpg,116610_192627_578b43165c.jpg,578b43165c3455062a30b745006cc86070a5706adc8164c2c7e8154bc442e0ed,1412,2160,http image/jpeg,494.6460,0.9928,0.0050,1.0000,38.2192
126619,188956,Used 18k White Gold Rolex Submariner 126619 Cookie Monster,https://www.bobswatches.com/used-18k-white-gold-rolex-submariner-126619-cookie-monster.html,https://www.bobswatches.com/images/zUsed-Rolex-Submariner-126619-SKU188956.jpg,126619_188956_497523ba22.jpg,497523ba2201d2bcbe85248eccd5b2ed36c9e2d59f83f133c5f1ee4ab5176bae,1412,2160,http image/jpeg,491.8854,0.9980,0.0064,1.0000,36.1727
126610,192295,Pre-Owned Rolex Submariner Ref 126610 Black Chromalight Dial,https://www.bobswatches.com/pre-owned-rolex-submariner-ref-126610-black-chromalight-dial.html,https://www.bobswatches.com/images/zUsed-Rolex-Submariner-126610-SKU192295.jpg,126610_192295_e28a83cc8e.jpg,e28a83cc8ea8e19f2dc4825ffe5d164823a2f00603b1313165d4c47f1b1f28ed,1412,2160,http image/jpeg,614.5081,0.9963,0.0017,1.0000,33.7080
116610LV,192257,Used Rolex Submariner Green Ref 116610LV Hulk,https://www.bobswatches.com/used-rolex-submariner-green-ref-116610lv-hulk.html,https://www.bobswatches.com/images/zUsed-Rolex-Submariner-116610-SKU192257.jpg,116610LV_192257_640c9acef0.jpg,640c9acef0b3a185b3e9ed4df2809618acdc506f87336ee4cf86d3300deae062,1412,2160,http image/jpeg,484.3585,0.9801,0.0079,1.0000,34.7197
126613LN,191951,Used Rolex Submariner Black Dial Ref 126613LN,https://www.bobswatches.com/used-rolex-submariner-black-dial-ref-126613ln.html,https://www.bobswatches.com/images/zUsed-Rolex-Submariner-126613-SKU191951.jpg,126613LN_191951_90c8d01b1a.jpg,90c8d01b1a4ccbcb6667fb681c6ddfd13a25d55665d6b412673cc063bdbc816c,1412,2160,http image/jpeg,607.1602,0.9971,0.0135,1.0000,31.4937
126710BLNR,191783,Used Rolex GMT-Master II Blue & Black Batgirl Ref 126710BLNR,https://www.bobswatches.com/used-rolex-gmt-master-ii-blue-and-black-batgirl-ref-126710blnr.html,https://www.bobswatches.com/images/zUsed-Rolex-GMT-Master-II-126710-SKU191783.jpg,126710BLNR_191783_29f5f1e9d2.jpg,29f5f1e9d293c568f533f03f4a8860b1026fdd1954f377cf6e7612bbde6c8e10,1412,2160,http image/jpeg,488.5557,0.9960,0.0071,1.0000,34.5007
126710GRNR,192806,Used Stainless Steel Rolex GMT-Master II Bruce Wayne Ref 126710GRNR,https://www.bobswatches.com/used-stainless-steel-rolex-gmt-master-ii-bruce-wayne-ref-126710grnr.html,https://www.bobswatches.com/images/zUsed-Rolex-GMT-Master-II-126710-SKU192806.jpg,126710GRNR_192806_ff793176a1.jpg,ff793176a12cea0d1b0ac4c1b319557c1e5971490c95f902207fe91a3789300d,1412,2160,http image/jpeg,480.0132,0.9832,0.0136,1.0000,32.1198
116613LN,191143,Pre-Owned Ceramic Bezel Rolex Submariner Ref 116613LN Black Dial,https://www.bobswatches.com/pre-owned-ceramic-bezel-rolex-submariner-ref-116613ln-black-dial.html,https://www.bobswatches.com/images/zUsed-Rolex-Submariner-116613-SKU191143.jpg,116613LN_191143_b15bf6cb99.jpg,b15bf6cb99e4cce7e5420d628b0d9159081c6bda8b6e7e4bd1af01418fc511aa,1412,2160,http image/jpeg,615.3075,0.9935,0.0031,1.0000,35.4591
126610,192510,Used Oyster Rolex Submariner Ref 126610 Black Chromalight Dial,https://www.bobswatches.com/used-oyster-rolex-submariner-ref-126610-black-chromalight-dial.html,https://www.bobswatches.com/images/zUsed-Rolex-Submariner-126610-SKU192510.jpg,126610_192510_7ddb5e798c.jpg,7ddb5e798cc6e12c5b65f568bceb65da06e29888bb975c3d7cee78305168412c,1412,2160,http image/jpeg,492.8029,0.9933,0.0042,1.0000,37.3073
126618LB,191553,Pre-Owned Rolex Submariner 18k Yellow Gold Ref 126618LB Blue Dial,https://www.bobswatches.com/pre-owned-rolex-submariner-18k-yellow-gold-ref-126618lb-blue-dial.html,https://www.bobswatches.com/images/zUsed-Rolex-Submariner-126618-SKU191553.jpg,126618LB_191553_47724958c2.jpg,47724958c2183bae2fb73ba9aac7f1c29931c32ac6d75db286c6b9ebab0d68df,1412,2160,http image/jpeg,492.0984,0.9915,0.0059,1.0000,33.9008
116710BLNR,191867,Used Oyster Rolex GMT-Master II Ref 116710BLNR Batman,https://www.bobswatches.com/used-oyster-rolex-gmt-master-ii-ref-116710blnr-batman.html,https://www.bobswatches.com/images/zUsed-Rolex-GMT-Master-II-116710-SKU191867.jpg,116710BLNR_191867_85b69aa066.jpg,85b69aa06687298d0d4e75b800fcefe1f617c239270e031c7cbe6ed82417eacc,1412,2160,http image/jpeg,486.6792,0.9824,0.0081,1.0000,36.0838
116610LV,190495,Used Rolex Submariner Green Hulk Ref 116610LV Stainless Steel,https://www.bobswatches.com/used-rolex-submariner-green-hulk-ref-116610lv-stainless-steel.html,https://www.bobswatches.com/images/zUsed-Rolex-Submariner-116610LV-SKU190495.jpg,116610LV_190495_514f9722d2.jpg,514f9722d22428d22121f0589c51c35bed36dc807c1eadd842604a2ae3cda42a,1412,2160,http image/jpeg,616.9856,0.9923,0.0082,1.0000,32.6103
116610LV,191069,Used Stainless Steel Rolex Submariner Ref 116610LV Green Hulk,https://www.bobswatches.com/used-stainless-steel-rolex-submariner-ref-116610lv-green-hulk.html,https://www.bobswatches.com/images/zUsed-Rolex-Submariner-116610-SKU191069.jpg,116610LV_191069_8deda67ae5.jpg,8deda67ae5a0a5337d13cf6e640d0f939f11a1bbe96e66582669b6d666f9ac19,1412,2160,http image/jpeg,616.2114,0.9947,0.0057,1.0000,32.1279
116610,191701,Used Rolex Submariner Black Cerachrom Ref 116610,https://www.bobswatches.com/used-rolex-submariner-black-cerachrom-ref-116610.html,https://www.bobswatches.com/images/zUsed-Rolex-Submariner-116610-SKU191701.jpg,116610_191701_0eca2f1ba2.jpg,0eca2f1ba2f74a38d9710ce4e1e5380f02b637ef13b197c293499cdc0d8d0eb6,1412,2160,http image/jpeg,487.6148,0.9932,0.0055,1.0000,35.1708
116610LV,190323,Pre-Owned Rolex Submariner 116610LV Hulk,https://www.bobswatches.com/190323-pre-owned-rolex-submariner-116610lv-hulk.html,https://www.bobswatches.com/images/zUsed-Rolex-Submariner-116610-SKU190323.jpg,116610LV_190323_1fc78c0dec.jpg,1fc78c0decff4b546adf631c29f785cf8bff307a40fbbb992ae0ad0a060ecf3d,1412,2160,http image/jpeg,487.5991,0.9666,0.0079,1.0000,37.1744
126610,192114,Pre-Owned Oyster Rolex Submariner Black Chromalight Dial Ref 126610,https://www.bobswatches.com/pre-owned-oyster-rolex-submariner-black-chromalight-dial-ref-126610.html,https://www.bobswatches.com/images/zUsed-Rolex-Submariner-126610-SKU192114.jpg,126610_192114_0e62df651a.jpg,0e62df651a8d3087b7a726b6b7546666d35059c2a9e2b3aec23f1d928b8220f6,1412,2160,http image/jpeg,489.2973,0.9888,0.0115,1.0000,37.0356
116610LV,192146,Used Rolex Submariner Green Dial Hulk Ref 116610LV Stainless Steel,https://www.bobswatches.com/used-rolex-submariner-green-dial-hulk-ref-116610lv-stainless-steel.html,https://www.bobswatches.com/images/zUsed-Rolex-Submariner-116610-SKU192146.jpg,116610LV_192146_0d22f59043.jpg,0d22f5904335429ac81494613e220b2e8add6cb46238ad2cb1ca6f871b5c7238,1412,2160,http image/jpeg,486.0919,0.9829,0.0162,1.0000,35.7230
116710,191054,Used Rolex GMT-Master Cerachrom Bezel II Ref 116710,https://www.bobswatches.com/used-rolex-gmt-master-cerachrom-bezel-ii-ref-116710.html,https://www.bobswatches.com/images/zUsed-Rolex-GMT-Master-II-116710-SKU191054.jpg,116710_191054_439d27c1c7.jpg,439d27c1c710c07792f63210b45e0b13e1645d663d0f9581d332dc90bb857e74,1412,2160,http image/jpeg,491.2341,0.9965,0.0033,1.0000,34.6300
126710BLNR,191941,Pre-Owned Oystersteel Rolex GMT-Master II Batman Ref 126710BLNR,https://www.bobswatches.com/pre-owned-oystersteel-rolex-gmt-master-ii-batman-ref-126710blnr.html,https://www.bobswatches.com/images/zUsed-Rolex-GMT-Master-II-126710-SKU191941.jpg,126710BLNR_191941_9f3899687b.jpg,9f3899687b81c303762d17260f1498e26d08133cb1e614064a91e29b471f7ae5,1412,2160,http image/jpeg,612.6991,0.9954,0.0009,1.0000,35.1133
126613LB,192135,Used Two Tone Rolex Submariner Ref 126613LB Bluesy,https://www.bobswatches.com/used-two-tone-rolex-submariner-ref-126613lb-bluesy.html,https://www.bobswatches.com/images/zUsed-Rolex-Submariner-126613-SKU192135.jpg,126613LB_192135_440888b1e0.jpg,440888b1e01dad0e5617a8b80e4df9de9820b639d71c3923723e2f742854a2a6,1412,2160,http image/jpeg,620.4489,0.9969,0.0072,1.0000,33.6896
116710BLNR,192033,Pre-Owned Rolex GMT-Master II Ref 116710BLNR Oyster Band Batman,https://www.bobswatches.com/pre-owned-rolex-gmt-master-ii-ref-116710blnr-oyster-band-batman.html,https://www.bobswatches.com/images/zUsed-Rolex-GMT-Master-II-116710-SKU192033.jpg,116710BLNR_192033_8306861f0e.jpg,8306861f0e2f149dff93fb6a35ef6a32367625da1e89387ad8ba451e82136bbb,1412,2160,http image/jpeg,609.0971,0.9931,0.0152,1.0000,26.9322
116710,190643,Used Rolex GMT-Master II Ref 116710 Black Dial,https://www.bobswatches.com/190643-used-rolex-gmt-master-ii-ref-116710-black-dial.html,https://www.bobswatches.com/images/zUsed-Rolex-GMT-Master-II-116710-SKU190643.jpg,116710_190643_1154755f30.jpg,1154755f30aacd59fb25ae08645e6a072cd9cfc012898b69595beb0819b657e9,1412,2160,http image/jpeg,492.9717,0.9885,0.0046,1.0000,33.8468
126710BLNR,191934,Pre-Owned Rolex Blue & Black Batgirl GMT-Master II Ref 126710BLNR,https://www.bobswatches.com/pre-owned-rolex-blue-and-black-batgirl-gmt-master-ii-ref-126710blnr.html,https://www.bobswatches.com/images/zUsed-Rolex-GMT-Master-II-126710-SKU191934.jpg,126710BLNR_191934_cd3683af6e.jpg,cd3683af6efe37b0a8f62dff8c64065eba8c35b038d8b69f798a6d3e9c693f03,1412,2160,http image/jpeg,610.1543,0.9930,0.0086,1.0000,34.1876
126710GRNR,191970,Used Rolex GMT-Master II Black & Grey Bruce Wayne Ref 126710GRNR,https://www.bobswatches.com/used-rolex-gmt-master-ii-black-and-grey-bruce-wayne-ref-126710grnr.html,https://www.bobswatches.com/images/zUsed-Rolex-GMT-Master-II-126710-SKU191970.jpg,126710GRNR_191970_4b6f13e992.jpg,4b6f13e992cdf1cdd015bfefc9312ebeaaad5b91484fa96b95957a483b440618,1412,2160,http image/jpeg,482.3915,0.9806,0.0169,1.0000,33.2892
126710GRNR,191328,Pre-Owned Rolex GMT-Master II Ref 126710GRNR Bruce Wayne Jubilee Band,https://www.bobswatches.com/pre-owned-rolex-gmt-master-ii-ref-126710grnr-bruce-wayne-jubilee-band.html,https://www.bobswatches.com/images/zUsed-Rolex-GMT-Master-II-126710-SKU191328.jpg,126710GRNR_191328_1875de3fa3.jpg,1875de3fa395f05a37ef8c7c89bcdc61d511e2482c9a73e09d44b5f46a1c6a87,1412,2160,http image/jpeg,482.1156,0.9868,0.0243,1.0000,32.6467
126613,191296,Pre-Owned Two Tone Rolex Submariner Ref 126613 Bluesy,https://www.bobswatches.com/pre-owned-two-tone-rolex-submariner-ref-126613-bluesy.html,https://www.bobswatches.com/images/z191296-Used-Rolex-Submariner-126613-SKU191296.jpg,126613_191296_4c4ef9fb64.jpg,4c4ef9fb648ffffc4b9a93c98438f3711723dee90288f1f1fb168c7cf3a9d5dc,1412,2160,http image/jpeg,491.8391,0.9818,0.0073,1.0000,35.4097
126710BLNR,191559,Used Rolex GMT-Master II Batman Ref 126710BLNR Oyster Bracelet,https://www.bobswatches.com/used-rolex-gmt-master-ii-batman-ref-126710blnr-oyster-bracelet.html,https://www.bobswatches.com/images/zUsed-Rolex-GMT-Master-II-126710-SKU191559.jpg,126710BLNR_191559_6d2140ff86.jpg,6d2140ff868041a5e5537550bc6b2f815512d25f515f4184eeac17dc657e7974,1412,2160,http image/jpeg,489.7825,0.9949,0.0013,1.0000,36.5762
126710BLNR,191779,Pre-Owned Rolex GMT-Master II Ref 126710BLNR Blue & Black Batgirl,https://www.bobswatches.com/pre-owned-rolex-gmt-master-ii-ref-126710blnr-blue-and-black-batgirl.html,https://www.bobswatches.com/images/zUsed-Rolex-GMT-Master-II-126710-SKU191779.jpg,126710BLNR_191779_7ddfc79650.jpg,7ddfc7965075c6f94c20c919d47401f5cb019cc6f720fa1c22d647e45d22c0d4,1412,2160,http image/jpeg,611.8937,0.9941,0.0013,1.0000,34.2619
126613LB,191566,Pre-Owned Two Tone Rolex Submariner Ref 126613LB Bluesy,https://www.bobswatches.com/pre-owned-two-tone-rolex-submariner-ref-126613lb-bluesy.html,https://www.bobswatches.com/images/zUsed-Rolex-Submariner-126613-SKU191566.jpg,126613LB_191566_eb2f178e74.jpg,eb2f178e74918b6d1a47e5cbd59ab5c6d494ae79b837c6c2a7829ffe4b8a8467,1412,2160,http image/jpeg,494.6843,0.9953,0.0038,1.0000,35.0109
116610LN,190207,Used Rolex Submariner Ref 116610LN Black Chromalight Dial,https://www.bobswatches.com/used-rolex-submariner-ref-116610ln-black-chromalight-dial.html,https://www.bobswatches.com/images/zUsed-Rolex-Submariner-116610-SKU190207.jpg,116610LN_190207_c5e6220601.jpg,c5e62206015285688844a59255a25e4c1ec6f60da863d96a9fe2c70d10bee05d,1412,2160,http image/jpeg,489.2387,0.9895,0.0082,1.0000,37.6810
114060,191883,Used Stainless Steel Rolex Submariner Black Dial Ref 114060,https://www.bobswatches.com/used-stainless-steel-rolex-submariner-black-dial-ref-114060.html,https://www.bobswatches.com/images/zUsed-Rolex-Submariner-114060-SKU191883.jpg,114060_191883_357c19751c.jpg,357c19751cbca073fa2dce6dba7ec84ce0ff3fe12269d9f39f821e3895508d82,1412,2160,http image/jpeg,493.4480,0.9949,0.0062,1.0000,33.3816
126710GRNR,192039,Used Rolex GMT-Master II Ref 126710GRNR Black & Grey Bruce Wayne,https://www.bobswatches.com/used-rolex-gmt-master-ii-ref-126710grnr-black-and-grey-bruce-wayne.html,https://www.bobswatches.com/images/zUsed-Rolex-GMT-Master-II-126710-SKU192039.jpg,126710GRNR_192039_8b611c16b6.jpg,8b611c16b620b3b03a98f7feeb319af3d0832f418ec5fac6809a44a056d471e6,1412,2160,http image/jpeg,613.0987,0.9935,0.0127,1.0000,35.4066
126613LN,185571,Used Rolex Submariner Ref 126613LN Black Dial,https://www.bobswatches.com/used-rolex-submariner-ref-126613ln-black-dial.html,https://www.bobswatches.com/images/zUsed-Rolex-Submariner-126613-SKU185571.jpg,126613LN_185571_77f5b6f3ff.jpg,77f5b6f3ff25b1de6c9292aac37cf8690107e2ebda115c03aea47cd1c03eb3df,1412,2160,http image/jpeg,493.6474,0.9917,0.0050,1.0000,34.4139
116710,191047,Used Steel Rolex GMT-Master II Ref 116710 Black Chromalight Dial,https://www.bobswatches.com/used-steel-rolex-gmt-master-ii-ref-116710-black-chromalight-dial.html,https://www.bobswatches.com/images/zUsed-Rolex-GMT-Master-II-116710-SKU191047.jpg,116710_191047_ed483d3ce2.jpg,ed483d3ce21f3350801781d74ddcb92083278b8c9bbee1a162fc771a22bdbd71,1412,2160,http image/jpeg,608.3673,0.9991,0.0035,1.0000,31.1906
126710BLNR,190795,Pre-Owned Rolex GMT-Master II Batgirl Jubilee Bracelet Ref 126710BLNR,https://www.bobswatches.com/pre-owned-rolex-gmt-master-ii-batgirl-jubilee-bracelet-ref-126710blnr.html,https://www.bobswatches.com/images/zUsed-Rolex-GMT-Master-II-126710-SKU190795.jpg,126710BLNR_190795_427819680c.jpg,427819680c264b6b76abd1949a5a819786ae8dcea6be3a4988956f73e4835223,1412,2160,http image/jpeg,489.8966,0.9918,0.0045,1.0000,32.9277
126710BLRO,191561,Used Rolex GMT-Master II Ref 126710BLRO Pepsi,https://www.bobswatches.com/used-rolex-gmt-master-ii-ref-126710blro-pepsi.html,https://www.bobswatches.com/images/zUsed-Rolex-GMT-Master-II-126710-SKU191561.jpg,126710BLRO_191561_705f3e0f3e.jpg,705f3e0f3e2594e9eb845067e76da8a659d23b338a0d7cb5ccd3a2dcd84ec1fd,1412,2160,http image/jpeg,484.7278,0.9778,0.0158,1.0000,31.4337
116613LB,186449,Used Rolex Submariner Steel & Yellow Gold Ref 116613LB Bluesy,https://www.bobswatches.com/used-rolex-submariner-steel-and-yellow-gold-ref-116613lb-bluesy.html,https://www.bobswatches.com/images/zUsed-Rolex-Submariner-116613-SKU186449.jpg,116613LB_186449_af4b1422bd.jpg,af4b1422bdf09294445e2116b7853418af9561f3a47b8a0f4e4e31a892c1eefe,1412,2160,http image/jpeg,491.0782,0.9924,0.0045,1.0000,30.0302
116710BLNR,191488,Pre-Owned Oyster Rolex GMT-Master II Batman Ref 116710BLNR,https://www.bobswatches.com/pre-owned-oyster-rolex-gmt-master-ii-batman-ref-116710blnr.html,https://www.bobswatches.com/images/zUsed-Rolex-GMT-Master-II-116710-SKU191488.jpg,116710BLNR_191488_ad005a5644.jpg,ad005a564476b63bf9672b94df3d38a1ae8a9f305efa5050ee42da174cf6bc25,1412,2160,http image/jpeg,608.0998,0.9954,0.0025,1.0000,35.5663
116610LV,191890,Pre-Owned Hulk Rolex Submariner Green Dial 116610LV Stainless Steel,https://www.bobswatches.com/pre-owned-hulk-rolex-submariner-green-dial-116610lv-stainless-steel.html,https://www.bobswatches.com/images/zUsed-Rolex-Submariner-116610LV-SKU191890.jpg,116610LV_191890_2746277d51.jpg,2746277d51db98cd010b0578b005c8f654b76dc0a5e9d416567968b8c837c124,1412,2160,http image/jpeg,484.4823,0.9807,0.0104,1.0000,37.4579
126610,191517,Used Oyster Rolex Submariner Black Chromalight Dial Ref 126610,https://www.bobswatches.com/used-oyster-rolex-submariner-black-chromalight-dial-ref-126610.html,https://www.bobswatches.com/images/zUsed-Rolex-Submariner-126610-SKU191517.jpg,126610_191517_6154fc640f.jpg,6154fc640f795f3d677564883c3fd624bf8575900fbbbba1d557cfc260116d62,1412,2160,http image/jpeg,615.8892,0.9987,0.0031,1.0000,36.6653
116610LV,191829,Used Green Hulk Rolex Submariner Ref 116610LV Stainless Steel,https://www.bobswatches.com/used-green-hulk-rolex-submariner-ref-116610lv-stainless-steel.html,https://www.bobswatches.com/images/zUsed-Rolex-Submariner-116610LV-SKU191829.jpg,116610LV_191829_5eda95cacc.jpg,5eda95cacc368c9bd8a63401cad0e9d0845520d6e0ca4bf82f50defa9e047923,1412,2160,http image/jpeg,489.1492,0.9818,0.0178,1.0000,34.8113
126610LN,191814,Pre-Owned Rolex Submariner Stainless Steel Ref 126610LN,https://www.bobswatches.com/pre-owned-rolex-submariner-stainless-steel-ref-126610ln.html,https://www.bobswatches.com/images/zUsed-Rolex-Submariner-126610-SKU191814.jpg,126610LN_191814_63bae258fa.jpg,63bae258faf1b8be1329c7efaaeb3050ce2e3e0fb92ac30ecf31b6e8b91a4212,1412,2160,http image/jpeg,617.0193,0.9983,0.0033,1.0000,34.3919
126618,191239,Pre-Owned Rolex Submariner 18k Yellow Gold Ref 126618 Black Dial,https://www.bobswatches.com/pre-owned-rolex-submariner-18k-yellow-gold-ref-126618-black-dial.html,https://www.bobswatches.com/images/zUsed-Rolex-Submariner-126618-SKU191239.jpg,126618_191239_400159e9b8.jpg,400159e9b844c02b478f801423747f952291f6a21102b016a23149f5ae1ee202,1412,2160,http image/jpeg,619.0562,0.9983,0.0108,1.0000,35.4166
126613LN,191741,Pre-Owned Two Tone Rolex Submariner Ref 126613LN Chromalight Dial,https://www.bobswatches.com/pre-owned-two-tone-rolex-submariner-ref-126613ln-chromalight-dial.html,https://www.bobswatches.com/images/zUsed-Rolex-Submariner-126613-SKU191741.jpg,126613LN_191741_e2e12edf80.jpg,e2e12edf8075d7eba7700e5f6a4d5b4facddbfd1d602c089916fd4d617f7bb0a,1412,2160,http image/jpeg,492.2999,0.9898,0.0055,1.0000,34.3667
116613,190016,Used Two Tone Rolex Submariner Ref 116613 Black Dial,https://www.bobswatches.com/used-two-tone-rolex-submariner-ref-116613-black-dial.html,https://www.bobswatches.com/images/zUsed-Rolex-Submariner-116613-SKU190016.jpg,116613_190016_8d24385d80.jpg,8d24385d801b1f7f3480aebc81925c59bfd4438b1b3bb84796b70e9712cebc73,1412,2160,http image/jpeg,491.9849,0.9911,0.0013,1.0000,34.1220
126610LV,189794,Used Rolex Submariner Ref 126610LV Stainless Steel Starbucks,https://www.bobswatches.com/used-rolex-submariner-ref-126610lv-stainless-steel-starbucks.html,https://www.bobswatches.com/images/zUsed-Master-Oyster-Starbucks-Rolex-Submariner-126610-SKU189794.jpg,126610LV_189794_d4f5f6695f.jpg,d4f5f6695f34f179eb58deaa5ccbf7d1d9bbf36e9b05578f017cca3fd6beaaaf,1412,2160,http image/jpeg,489.6579,0.9802,0.0047,1.0000,37.8480
116710,188786,Pre-Owned Rolex GMT-Master II ref 116710 Black Superluminova Dial,https://www.bobswatches.com/pre-owned-rolex-gmt-master-ii-ref-116710-black-superluminova-dial.html,https://www.bobswatches.com/images/z188786-Used-Rolex-GMT-Master-II-116710-SKU188786.jpg,116710_188786_9d068c9a50.jpg,9d068c9a504558571c2b3fe477fa8e1439566d4c397e35305a6ca381f40ab310,1412,2160,http image/jpeg,491.4122,0.9874,0.0023,1.0000,30.3648
116610LN,191627,Pre-Owned Rolex Submariner Ref 116610LN Black Chromalight Dial,https://www.bobswatches.com/pre-owned-rolex-submariner-ref-116610ln-black-chromalight-dial.html,https://www.bobswatches.com/images/zUsed-Rolex-Submariner-116610-SKU191627.jpg,116610LN_191627_2f102a39e9.jpg,2f102a39e9b14d234c8795faa2a1d788e70bdeb99e670d458764192cdbf793fe,1412,2160,http image/jpeg,494.6460,0.9928,0.0050,1.0000,38.2192
126610LV,188951,Pre-Owned Rolex Submariner Data Starbucks Ref 126610LV Stainless Steel,https://www.bobswatches.com/pre-owned-rolex-submariner-data-starbucks-ref-126610lv-stainless-steel.html,https://www.bobswatches.com/images/zUsed-Rolex-Submariner-126610LV-SKU188951.jpg,126610LV_188951_f9118bceec.jpg,f9118bceec28044d0c53e7dcb6859520cfb335fa90d2fc2645bd34a0782873d7,1412,2160,http image/jpeg,489.8386,0.9802,0.0113,1.0000,36.4842
126610LV,191583,Used Rolex Submariner Green Bezel Ref 126610LV Starbucks,https://www.bobswatches.com/used-rolex-submariner-green-bezel-ref-126610lv-starbucks.html,https://www.bobswatches.com/images/zUsed-Rolex-Submariner-126610-SKU191583.jpg,126610LV_191583_027b4b1cd1.jpg,027b4b1cd1e3ebbe7b62b89dc39a4a9af2c4de548ea38fea1db1abbac3804613,1412,2160,http image/jpeg,618.9208,0.9961,0.0124,1.0000,34.1629
126618,190792,Pre-Owned Rolex Submariner 18k Yellow Gold Ref 126618,https://www.bobswatches.com/pre-owned-rolex-submariner-18k-yellow-gold-ref-126618.html,https://www.bobswatches.com/images/zUsed-Rolex-Submariner-126618-SKU190792.jpg,126618_190792_7e13df720c.jpg,7e13df720c8a72b48abd26f30e82078b56ba6fb68731b8c0554cb74be05b5699,1412,2160,http image/jpeg,484.6938,0.9836,0.0203,1.0000,37.7706
126618,190792,Pre-Owned Rolex Submariner 18k Yellow Gold Ref 126618,https://www.bobswatches.com/pre-owned-rolex-submariner-18k-yellow-gold-ref-126618.html,https://www.bobswatches.com/images/zUsed-Rolex-Submariner-126618-190792w.jpg,126618_190792_f2d2b0cbd6.jpg,f2d2b0cbd601c864f149c40a2c530f7a15e73da7107a958c484e83e353489b21,2160,2160,http image/jpeg,329.4217,0.9950,0.0173,1.0000,40.9886
126610LV,190163,Used Rolex Submariner Starbucks Green Bezel ref 126610LV,https://www.bobswatches.com/used-rolex-submariner-starbucks-green-bezel-ref-126610lv.html,https://www.bobswatches.com/images/zUsed-Rolex-Submariner-126610LV-SKU190163.jpg,126610LV_190163_2affaf42fa.jpg,2affaf42fac18dc6dd80014a8f4efdf25877d6a5c2af2359f4a9c0782b1d5837,1412,2160,http image/jpeg,488.7069,0.9970,0.0020,1.0000,33.7511
116710BLNR,191816,Used Stainless Steel Rolex GMT-Master II Batman Ref 116710BLNR,https://www.bobswatches.com/used-stainless-steel-rolex-gmt-master-ii-batman-ref-116710blnr.html,https://www.bobswatches.com/images/zUsed-Rolex-GMT-Master-II-116710-SKU191816.jpg,116710BLNR_191816_4564573731.jpg,456457373192a0dc301f23d22f59987203353e1cc1a6e31d4f3f4c5fcc9086c7,1412,2160,http image/jpeg,492.3254,0.9944,0.0106,1.0000,34.8069
116710BLNR,191844,Pre-Owned Stainless Steel Rolex GMT-Master II Ref 116710BLNR Batman,https://www.bobswatches.com/pre-owned-stainless-steel-rolex-gmt-master-ii-ref-116710blnr-batman.html,https://www.bobswatches.com/images/zUsed-Rolex-GMT-Master-II-116710-SKU191844.jpg,116710BLNR_191844_51fa00551b.jpg,51fa00551bbb2ad4812265b87e9dac423128e00f1ea7424775669032fd80df7f,1412,2160,http image/jpeg,492.5551,0.9956,0.0047,1.0000,34.0283
126618,190213,Pre-Owned 18k Yellow Gold Rolex Submariner Ref 126618 Black Dial,https://www.bobswatches.com/pre-owned-18k-yellow-gold-rolex-submariner-ref-126618-black-dial.html,https://www.bobswatches.com/images/zUsed-Black-Dial-Rolex-Submariner-126618-SKU190213.jpg,126618_190213_a64a6c183f.jpg,a64a6c183f6329dbe869e4a54ff8bcfbf95cac2f84449d23f7b9ee40732995a5,1412,2160,http image/jpeg,488.8884,0.9886,0.0147,1.0000,36.1526
116610,191440,Used Stainless Steel Rolex Submariner Black Dial Ref 116610,https://www.bobswatches.com/used-stainless-steel-rolex-submariner-black-dial-ref-116610.html,https://www.bobswatches.com/images/zUsed-Rolex-Submariner-116610-SKU191440.jpg,116610_191440_5d0e861108.jpg,5d0e8611085814c0ff61be34d420ae4b5bb137060522d99301d790cf52c1bdd3,1412,2160,http image/jpeg,492.4419,0.9912,0.0045,1.0000,37.3293
126613LB,191213,Used Rolex Submariner Ref 126613LB Stainless Steel & Yellow Gold,https://www.bobswatches.com/used-rolex-submariner-ref-126613lb-stainless-steel-and-yellow-gold.html,https://www.bobswatches.com/images/zUsed-Rolex-Submariner-126613-SKU191213.jpg,126613LB_191213_6b235a715d.jpg,6b235a715da06412116331e4947f99e9bd3ab291bdbf832955aaec549f543f93,1412,2160,http image/jpeg,486.6802,0.9875,0.0186,1.0000,37.6425
116710,190956,Used Rolex GMT-Master II Ref 116710 Black Dial,https://www.bobswatches.com/190956-used-rolex-gmt-master-ii-ref-116710-black-dial.html,https://www.bobswatches.com/images/zUsed-Rolex-GMT-Master-II-116710-SKU190956.jpg,116710_190956_2a63e42bca.jpg,2a63e42bcaa8aa42c95d2bdae9e6e7541b3a07327d1f0d796890b5aede0107a5,1412,2160,http image/jpeg,487.8523,0.9974,0.0047,1.0000,32.4669
126710GRNR,191799,Pre-Owned Rolex GMT-Master II Ref 126710GRNR Black & Grey Bruce Wayne,https://www.bobswatches.com/pre-owned-rolex-gmt-master-ii-ref-126710grnr-black-and-grey-bruce-wayne.html,https://www.bobswatches.com/images/zUsed-Rolex-GMT-Master-II-126710-SKU191799.jpg,126710GRNR_191799_e7a819443f.jpg,e7a819443fd0d94a3522ee849f33a4acd04208f574dd89b58c99e79927fb853b,1412,2160,http image/jpeg,482.8386,0.9678,0.0227,1.0000,32.5521
116710LN,193198,Used Rolex GMT-Master II Ref 116710LN Black Chromalight Dial,https://www.bobswatches.com/used-rolex-gmt-master-ii-ref-116710ln-black-chromalight-dial.html,https://www.bobswatches.com/images/zUsed-Rolex-GMT-Master-II-116710-SKU193198.jpg,116710LN_193198_9455f368fe.jpg,9455f368fe436aa6e65d65b29760ef7e6518e85252bfe1e1bf456f2cc597467a,1412,2160,http image/jpeg,490.8533,0.9905,0.0092,1.0000,36.2338
126610,191335,Pre-Owned Rolex Submariner Chromalight Dial Ref 126610,https://www.bobswatches.com/pre-owned-rolex-submariner-chromalight-dial-ref-126610.html,https://www.bobswatches.com/images/zUsed-Rolex-Submariner-126610-SKU191335.jpg,126610_191335_0114716639.jpg,0114716639829db316273d2089e0f652bda93e36874ec804a01aa8351a7644de,1412,2160,http image/jpeg,485.7560,0.9958,0.0010,1.0000,33.5234
116613LN,191041,Pre-Owned Two-Tone Rolex Submariner Ref 116613LN Black Dial,https://www.bobswatches.com/pre-owned-two-tone-rolex-submariner-ref-116613ln-black-dial.html,https://www.bobswatches.com/images/zUsed-Rolex-Submariner-116613-SKU191041.jpg,116613LN_191041_330f0e25d1.jpg,330f0e25d1332496fd42dba2826d05a3d24d14c46cbfa66d7c903aa301abd0c1,1412,2160,http image/jpeg,492.2290,0.9948,0.0050,1.0000,36.0506
126610LN,191458,Pre-Owned Steel Rolex Submariner Black Chromalight Dial Ref 126610LN,https://www.bobswatches.com/pre-owned-steel-rolex-submariner-black-chromalight-dial-ref-126610ln.html,https://www.bobswatches.com/images/zUsed-Rolex-Submariner-126610-SKU191458.jpg,126610LN_191458_abe396ed3f.jpg,abe396ed3f60120a745af6c7f3083bb320caa12496fe0f46da64c57ee6ed43ba,1412,2160,http image/jpeg,490.7251,0.9919,0.0051,1.0000,33.3988
116610,191246,Pre-Owned Rolex Submariner Ref 116610 Black Luminous Dial,https://www.bobswatches.com/pre-owned-rolex-submariner-ref-116610-black-luminous-dial.html,https://www.bobswatches.com/images/zUsed-Rolex-Submariner-116610-SKU191246.jpg,116610_191246_70b71aea5d.jpg,70b71aea5dd85268574c7abb8b9b89521dcb98c9de821a10b596884b0a12497d,1412,2160,http image/jpeg,488.0859,0.9974,0.0078,1.0000,33.8748
126710BLNR,190468,Used Rolex GMT-Master II Batgirl Ref 126710BLNR Jubilee Band,https://www.bobswatches.com/used-rolex-gmt-master-ii-batgirl-ref-126710blnr-jubilee-band.html,https://www.bobswatches.com/images/z190468-Used-Rolex-GMT-Master-II-126710-SKU190468.jpg,126710BLNR_190468_1a95a1a50c.jpg,1a95a1a50c603c2d35fa130b0c5cd15b4ab3782f2539e61d4a88a28595d9bea4,1412,2160,http image/jpeg,612.5516,0.9912,0.0040,1.0000,31.1674
126710BLNR,191682,Pre-Owned Rolex GMT-Master II Batgirl Ref 126710BLNR Jubilee Bracelet,https://www.bobswatches.com/pre-owned-rolex-gmt-master-ii-batgirl-ref-126710blnr-jubilee-bracelet.html,https://www.bobswatches.com/images/zUsed-Rolex-GMT-Master-II-126710-SKU191682.jpg,126710BLNR_191682_f94d16ef8f.jpg,f94d16ef8f7afcadbddd41f7c10f3f494e54356e53a54a67af35065b0b57038a,1412,2160,http image/jpeg,489.9084,0.9941,0.0027,1.0000,34.1901
116610LV,188935,Used Green Dial Rolex Submariner Hulk Ref 116610LV,https://www.bobswatches.com/used-green-dial-rolex-submariner-hulk-ref-116610lv.html,https://www.bobswatches.com/images/zUsed-Rolex-Submariner-116610-SKU188935.jpg,116610LV_188935_d78ec16b74.jpg,d78ec16b74b7841d74d8db85b245ed9eed3a8a95607fcaf3fddcb386b634cd59,1412,2160,http image/jpeg,614.9824,0.9977,0.0026,1.0000,34.3472
116613LN,189346,Used Rolex Submariner Steel & Gold 116613LN Black Dial,https://www.bobswatches.com/used-rolex-submariner-steel-and-gold-116613ln-black-dial.html,https://www.bobswatches.com/images/zUsed-Rolex-Submariner-116613-SKU189346.jpg,116613LN_189346_619a322c31.jpg,619a322c3150e98d13fa55eb888616f9a0e6bee34abe708adf5e9490743abf84,1412,2160,http image/jpeg,491.2020,0.9927,0.0058,1.0000,32.8223
126710BLRO,190897,Pre-Owned Rolex GMT-Master II Ref 126710BLRO Red & Blue Pepsi,https://www.bobswatches.com/pre-owned-rolex-gmt-master-ii-ref-126710blro-red-and-blue-pepsi.html,https://www.bobswatches.com/images/z190897-Used-Rolex-GMT-Master-II-126710-SKU190897.jpg,126710BLRO_190897_a8ce53509d.jpg,a8ce53509dc69c78084f969b1c0f4ce8ff18d832feda178b729d87f36a9eeec1,1412,2160,http image/jpeg,487.3564,0.9753,0.0021,1.0000,35.0374
126610,189357,Pre-Owned Rolex Submariner Stainless Steel Ref 126610 Black Date Dial,https://www.bobswatches.com/pre-owned-rolex-submariner-stainless-steel-ref-126610-black-date-dial.html,https://www.bobswatches.com/images/zUsed-Rolex-Submariner-126610-SKU189357.jpg,126610_189357_b447c3784b.jpg,b447c3784b867c825252b2083fd46530d189f0bff0d2328c4d0d16939caf0fa9,1412,2160,http image/jpeg,485.3652,0.9818,0.0019,1.0000,33.2224
116610,191485,Pre-Owned Oystersteel Black Dial Rolex Submariner Ref 116610,https://www.bobswatches.com/pre-owned-oystersteel-black-dial-rolex-submariner-ref-116610.html,https://www.bobswatches.com/images/zUsed-Rolex-Submariner-116610-SKU191485.jpg,116610_191485_52b0909af8.jpg,52b0909af80e33aedbd0bb904e454f6f1da1e14791385df7e28180fa86e742f3,1412,2160,http image/jpeg,494.2400,0.9976,0.0021,1.0000,36.3307
126710BLRO,190579,Pre-Owned Rolex GMT-Master II Ref 126710BLRO Red & Blue Pepsi Jubilee Band,https://www.bobswatches.com/pre-owned-rolex-gmt-master-ii-ref-126710blro-red-and-blue-pepsi-jubilee-band.html,https://www.bobswatches.com/images/zUsed-Rolex-GMT-Master-II-126710-SKU190579.jpg,126710BLRO_190579_c399d2c953.jpg,c399d2c9539f95371c59edd8a1e24b358e8ed29f01f2752a2c06151c84a5631c,1412,2160,http image/jpeg,482.4808,0.9806,0.0243,1.0000,34.2765
116610LV,190296,Pre-Owned Rolex Submariner Green Ref 116610LV Hulk,https://www.bobswatches.com/pre-owned-rolex-submariner-green-ref-116610lv-hulk.html,https://www.bobswatches.com/images/zUsed-Rolex-Submariner-116610-SKU190296.jpg,116610LV_190296_fd4919b849.jpg,fd4919b8498ddf5ade580f19579ea53e07f5873da4c3cdc50fa5771b5071217b,1412,2160,http image/jpeg,613.8654,0.9973,0.0024,1.0000,32.3515
116613,191585,Pre-Owned Rolex Submariner Ref 116613 Luminous Black Dial,https://www.bobswatches.com/pre-owned-rolex-submariner-ref-116613-luminous-black-dial.html,https://www.bobswatches.com/images/zUsed-Rolex-Submariner-116613-SKU191585.jpg,116613_191585_af744c7ff1.jpg,af744c7ff12beed5a61cbe688da2804caa65b6c3c18947a4582a9c05645ff31a,1412,2160,http image/jpeg,488.9515,0.9971,0.0059,1.0000,32.8737
126710BLNR,191595,Used Rolex GMT-Master II Batman Ref 126710BLNR Black Dial,https://www.bobswatches.com/used-rolex-gmt-master-ii-batman-ref-126710blnr-black-dial.html,https://www.bobswatches.com/images/zUsed-Rolex-GMT-Master-II-126710-SKU191595.jpg,126710BLNR_191595_1944292fcd.jpg,1944292fcd4b1f926459a89d3f09a27aca31958a4d51072b447531ef852e5a82,1412,2160,http image/jpeg,609.6208,0.9976,0.0016,1.0000,28.2238
126610LN,191104,Used Rolex Submariner 126610LN Stainless Steel,https://www.bobswatches.com/used-rolex-submariner-126610ln-stainless-steel.html,https://www.bobswatches.com/images/zUsed-Rolex-Submariner-126610-SKU191104.jpg,126610LN_191104_1edb8620f2.jpg,1edb8620f27c7ab2c6039d1949810c29187e14d0b478ea84703be2573aa46c06,1412,2160,http image/jpeg,489.2629,0.9889,0.0168,1.0000,36.2392
116610LV,191064,Used Hulk Rolex Submariner Green Dial 116610LV Stainless Steel,https://www.bobswatches.com/used-hulk-rolex-submariner-green-dial-116610lv-stainless-steel.html,https://www.bobswatches.com/images/zUsed-Rolex-Submariner-116610-SKU191064.jpg,116610LV_191064_84bdd7e3d4.jpg,84bdd7e3d435c24b59b833467ea0779c1e32eb64bf1a713f6ff9d0b2ae8cc4ac,1412,2160,http image/jpeg,488.3247,0.9894,0.0032,1.0000,36.0247
126610LN,190934,Used Steel Rolex Submariner Black Chromalight Dial Ref 126610LN,https://www.bobswatches.com/used-steel-rolex-submariner-black-chromalight-dial-ref-126610ln.html,https://www.bobswatches.com/images/zUsed-Rolex-Submariner-126610-SKU190934.jpg,126610LN_190934_eb4bc1c879.jpg,eb4bc1c87924cc85e7f62cc757a3279b25c08e9fa007421596ac97d5806ceea4,1412,2160,http image/jpeg,487.9827,0.9902,0.0200,1.0000,36.7496
116710BLNR,182811,Used Stainless Steel Rolex GMT-Master II Ref 116710BLNR Batman,https://www.bobswatches.com/used-stainless-steel-rolex-gmt-master-ii-ref-116710blnr-batman.html,https://www.bobswatches.com/images/zUsed-Rolex-GMT-Master-II-116710-SKU182811.jpg,116710BLNR_182811_f4057f0fa7.jpg,f4057f0fa713103928b4383180e846ce25198d54ac96d6e4fb1dc32aa9675a49,1412,2160,http image/jpeg,484.5077,0.9820,0.0221,1.0000,32.0764
126610LN,190050,Pre-Owned Rolex Submariner Black Dial & Bezel Ref 126610LN,https://www.bobswatches.com/pre-owned-rolex-submariner-black-dial-and-bezel-ref-126610ln.html,https://www.bobswatches.com/images/z190050-Used-Rolex-Submariner-126610-SKU190050.jpg,126610LN_190050_ce537cfa7a.jpg,ce537cfa7ad49a9d081f6f375aa06ad89ac86e7aaba2bc522a2ddca8fe9e46a0,1412,2160,http image/jpeg,492.4505,0.9867,0.0026,1.0000,36.1904
116710BLNR,191142,Used Stainless Steel Batman Rolex GMT-Master II Ref 116710BLNR,https://www.bobswatches.com/used-stainless-steel-batman-rolex-gmt-master-ii-ref-116710blnr.html,https://www.bobswatches.com/images/zUsed-Rolex-GMT-Master-II-116710-SKU191142.jpg,116710BLNR_191142_a752cd4b34.jpg,a752cd4b3430b0746fd0bbadcdff03b4548058c9128694353fe0cb75d19cf512,1412,2160,http image/jpeg,608.9901,0.9918,0.0033,1.0000,32.5845
126610,190904,Used Rolex Submariner Chromalight Dial Ref 126610,https://www.bobswatches.com/used-rolex-submariner-chromalight-dial-ref-126610.html,https://www.bobswatches.com/images/z190904-Used-Rolex-Submariner-126610-SKU190904.jpg,126610_190904_d68b113ea2.jpg,d68b113ea206f3fe29ad92017082c4baf03d89e4fc3414f065ce0b40a9ccbd33,1412,2160,http image/jpeg,493.9449,0.9929,0.0029,1.0000,37.2865
126610,190919,Pre-Owned Rolex Submariner Ref 126610 Chromalight Dial,https://www.bobswatches.com/pre-owned-rolex-submariner-ref-126610-chromalight-dial.html,https://www.bobswatches.com/images/zUsed-Rolex-Submariner-126610-SKU190919.jpg,126610_190919_105beb1ad6.jpg,105beb1ad609aa545a7410088e684beb5c0c9dbc3b8686f22c2270bd32e47192,1412,2160,http image/jpeg,491.6084,0.9869,0.0170,1.0000,36.4422
126613LB,189584,Pre-Owned Rolex Submariner Blue Dial Ref 126613LB,https://www.bobswatches.com/pre-owned-rolex-submariner-blue-dial-ref-126613lb.html,https://www.bobswatches.com/images/zUsed-Rolex-Submariner-126613-SKU189584.jpg,126613LB_189584_183e3ee85e.jpg,183e3ee85e53662ba5b925ca2d16fb0e5a42e72f4c97970dc7ed51f87dcb4385,1412,2160,http image/jpeg,487.0427,0.9930,0.0104,1.0000,36.1608
126618LB,188539,Used Rolex Submariner Ref 126618LB Blue Dial,https://www.bobswatches.com/used-rolex-submariner-ref-126618lb-blue-dial.html,https://www.bobswatches.com/images/zUsed-Rolex-Submariner-126618-SKU188539.jpg,126618LB_188539_22060f9a8f.jpg,22060f9a8f867d358d7dd60fa4e19389cac1b0ebf81fedc8174ba682940af978,1412,2160,http image/jpeg,484.8043,0.9883,0.0086,1.0000,34.7724
126710GRNR,191309,Used Rolex GMT-Master II ref 126710GRNR Steel Bruce Wayne,https://www.bobswatches.com/used-rolex-gmt-master-ii-ref-126710grnr-steel-bruce-wayne.html,https://www.bobswatches.com/images/zUsed-Rolex-GMT-Master-II-126710-SKU191309.jpg,126710GRNR_191309_ecbde925c8.jpg,ecbde925c82318e6d3c1b5a082b5ff47d198a4e32b597e9c5db7af4feb5eda43,1412,2160,http image/jpeg,482.4899,0.9835,0.0058,1.0000,33.0461
126613LB,190644,Pre-Owned Two Tone Rolex Submariner Date Ref 126613LB Bluesy,https://www.bobswatches.com/pre-owned-two-tone-rolex-submariner-date-ref-126613lb-bluesy.html,https://www.bobswatches.com/images/zUsed-Rolex-Submariner-126613-SKU190644.jpg,126613LB_190644_eaf80e6e71.jpg,eaf80e6e7135b3f023d4328d315c4d27c15e3d63711b7807099bcb68920920fa,1412,2160,http image/jpeg,491.0009,0.9807,0.0035,1.0000,36.4982
126610,190823,Pre-Owned Rolex Submariner Black Chromalight Dial Ref 126610 Oyster Bracelet,https://www.bobswatches.com/pre-owned-rolex-submariner-black-chromalight-dial-ref-126610-oyster-bracelet.html,https://www.bobswatches.com/images/zUsed-Rolex-Submariner-126610-SKU190823.jpg,126610_190823_a15a91f096.jpg,a15a91f096439832df475ec11dece1067a7e91ad8fca8e32d97f99ae05650b67,1412,2160,http image/jpeg,619.0380,0.9979,0.0045,1.0000,33.9676
114060,190926,Pre-Owned Black Dial Rolex Submariner Stainless Steel Ref 114060 No Date,https://www.bobswatches.com/pre-owned-black-dial-rolex-submariner-stainless-steel-ref-114060-no-date.html,https://www.bobswatches.com/images/zUsed-Rolex-Submariner-114060-SKU190926.jpg,114060_190926_228304281b.jpg,228304281b3d2c661f7023a6c16224f4970f95f2815b6c5c29c4ffcb92fa2693,1412,2160,http image/jpeg,494.8421,0.9918,0.0020,1.0000,32.8598
126710BLRO,186008,Pre-Owned Rolex GMT-Master II Pepsi Ref 126710BLRO,https://www.bobswatches.com/pre-owned-rolex-gmt-master-ii-pepsi-ref-126710blro.html,https://www.bobswatches.com/images/zUsed-Master-Rolex-GMT-Master-II-126710-SKU186008.jpg,126710BLRO_186008_5a25cdb409.jpg,5a25cdb409b7c6cd2f3cb511b43330638e089f63bac2419bd95b0b350df068d4,1412,2160,http image/jpeg,489.1177,0.9930,0.0079,1.0000,36.3267
116613LB,191163,Pre-Owned Rolex Submariner Steel & Yellow Gold Ref 116613LB Bluesy,https://www.bobswatches.com/pre-owned-rolex-submariner-steel-and-yellow-gold-ref-116613lb-bluesy.html,https://www.bobswatches.com/images/z191163-Used-Rolex-Submariner-116613-SKU191163.jpg,116613LB_191163_685360e278.jpg,685360e2788848273f20d804b020866f9f13010dae4d529fb499a82b7d89b737,1412,2160,http image/jpeg,618.0413,0.9926,0.0053,1.0000,33.9303
116613LB,190682,Pre-Owned Rolex Submariner Steel & Yellow Gold Bluesy Ref 116613LB,https://www.bobswatches.com/pre-owned-rolex-submariner-steel-and-yellow-gold-bluesy-ref-116613lb.html,https://www.bobswatches.com/images/zUsed-Rolex-Submariner-116613-SKU190682.jpg,116613LB_190682_771d7254a7.jpg,771d7254a7922ed02ee6415ebafa818a31b259d39558500a4dc2297615289436,1412,2160,http image/jpeg,491.1585,0.9932,0.0036,1.0000,31.3011
126710BLNR,190574,Used Jubilee Bracelet Rolex GMT-Master II Batgirl Ref 126710BLNR,https://www.bobswatches.com/used-jubilee-bracelet-rolex-gmt-master-ii-batgirl-ref-126710blnr.html,https://www.bobswatches.com/images/zUsed-Rolex-GMT-Master-II-126710-SKU190574.jpg,126710BLNR_190574_a7fcdb60d7.jpg,a7fcdb60d7ce01fea1c58f929ed7fd81b5a3825bd21576204ca9b4a5f56a2693,1412,2160,http image/jpeg,489.8353,0.9893,0.0103,1.0000,33.8739
126613LB,191144,Pre-Owned Stainless Steel & Yellow Gold Rolex Submariner Ref 126613LB,https://www.bobswatches.com/pre-owned-stainless-steel-and-yellow-gold-rolex-submariner-ref-126613lb.html,https://www.bobswatches.com/images/zUsed-Rolex-Submariner-126613-SKU191144.jpg,126613LB_191144_ef27244928.jpg,ef27244928264b3971a10f0bcf5c5f46efe836fc2317592c16077c1e9c6406d7,1412,2160,http image/jpeg,493.1805,0.9939,0.0039,1.0000,36.2417
126613LB,190688,Pre-Owned Rolex Submariner Date Ref 126613LB Blue Dial,https://www.bobswatches.com/pre-owned-rolex-submariner-date-ref-126613lb-blue-dial.html,https://www.bobswatches.com/images/zUsed-Rolex-Submariner-126613-SKU190688.jpg,126613LB_190688_ab4918e462.jpg,ab4918e462e826c9417e961169e1c57fd1c7976ec7e21ceb0ec6ef390f132af5,1412,2160,http image/jpeg,489.1447,0.9807,0.0035,1.0000,36.9824
116613LB,190676,Used Two Tone Rolex Submariner Ref 116613LB Blue Dial,https://www.bobswatches.com/used-two-tone-rolex-submariner-ref-116613lb-blue-dial.html,https://www.bobswatches.com/images/zUsed-Rolex-Submariner-116613-SKU190676.jpg,116613LB_190676_7768017335.jpg,776801733527e0e249528b0e10c1772032383a19abe69cb132719e98c799e4e9,1412,2160,http image/jpeg,490.6560,0.9959,0.0018,1.0000,31.1030
116610LV,190780,Used Rolex Submariner Hulk Green Dial Ref 116610LV,https://www.bobswatches.com/used-rolex-submariner-hulk-green-dial-ref-116610lv.html,https://www.bobswatches.com/images/zUsed-Rolex-Submariner-116610-SKU190780.jpg,116610LV_190780_134f33620a.jpg,134f33620a296fa288a63e955ddf3fdff0e08f6405399e8e52e5a0f526c32f2e,1412,2160,http image/jpeg,616.1655,0.9926,0.0028,1.0000,32.2524
126710GRNR,188819,Pre-Owned Rolex GMT-Master II ref 126710GRNR Steel Bruce Wayne,https://www.bobswatches.com/pre-owned-rolex-gmt-master-ii-ref-126710grnr-steel-bruce-wayne.html,https://www.bobswatches.com/images/zUsed-Rolex-GMT-Master-II-126710-SKU188819.jpg,126710GRNR_188819_42de04f816.jpg,42de04f816b3194b94d651ed59fca6ac02a0b09fdac6fba26ac7aa1f2c5bcdbe,1412,2160,http image/jpeg,481.5100,0.9827,0.0236,1.0000,33.6775
116710BLNR,189969,Used Rolex GMT-Master II Ref 116710BLNR Batman Bezel,https://www.bobswatches.com/used-rolex-gmt-master-ii-ref-116710blnr-batman-bezel.html,https://www.bobswatches.com/images/zUsed-Rolex-GMT-Master-II-116710-SKU189969.jpg,116710BLNR_189969_1d95ef97ca.jpg,1d95ef97ca416ba8a3e5c0258d212bf99b07836e7258c2ebd9c66b3ec3c2ca9d,1412,2160,http image/jpeg,489.7605,0.9944,0.0005,1.0000,35.1067
116710BLNR,190778,Used Batman Rolex GMT-Master II Stainless Steel Ref 116710BLNR,https://www.bobswatches.com/used-batman-rolex-gmt-master-ii-stainless-steel-ref-116710blnr.html,https://www.bobswatches.com/images/zUsed-Rolex-GMT-Master-II-116710-SKU190778.jpg,116710BLNR_190778_724c6c5238.jpg,724c6c5238ed0242f59167c4999cab9ce50a27690e6b717f77377f5e6f18ad1b,1412,2160,http image/jpeg,492.9612,0.9962,0.0053,1.0000,36.9668
116710BLNR,190778,Used Batman Rolex GMT-Master II Stainless Steel Ref 116710BLNR,https://www.bobswatches.com/used-batman-rolex-gmt-master-ii-stainless-steel-ref-116710blnr.html,https://www.bobswatches.com/images/z190778-Used-Rolex-GMT-Master-II-116710-190778w.jpg,116710BLNR_190778_5f9c9d6584.jpg,5f9c9d6584c85df824669c96ee0f0d90d88cd4e07f59fadfba37d2dec3814cf2,2160,2160,http image/jpeg,328.1795,0.9859,0.0239,1.0000,36.4881
126610,188930,Pre-Owned Stainless Steel Rolex Submariner Ref 126610 Black Dial,https://www.bobswatches.com/pre-owned-stainless-steel-rolex-submariner-ref-126610-black-dial.html,https://www.bobswatches.com/images/zUsed-Rolex-Submariner-126610-SKU188930.jpg,126610_188930_2f65f62aef.jpg,2f65f62aefc4a2733945336b00297c7c5c4e0f3ec2328a3993a9cc9013ff0383,1412,2160,http image/jpeg,495.7202,0.9976,0.0029,1.0000,37.5998
126710GRNR,190352,Used Rolex GMT-Master II ref 126710GRNR Black Dial Bruce Wayne,https://www.bobswatches.com/used-rolex-gmt-master-ii-ref-126710grnr-black-dial-bruce-wayne.html,https://www.bobswatches.com/images/zUsed-Rolex-GMT-Master-II-126710-SKU190352.jpg,126710GRNR_190352_57d2f34636.jpg,57d2f34636803d5f8a37019596c73d2c2bd27e569c5cc09f9a44d4edc5e5b0a3,1412,2160,http image/jpeg,480.3072,0.9913,0.0243,1.0000,33.7995
116610LV,190649,Pre-Owned Rolex Submariner Hulk Ref 116610LV Green Bezel,https://www.bobswatches.com/pre-owned-rolex-submariner-hulk-ref-116610lv-green-bezel.html,https://www.bobswatches.com/images/zUsed-Rolex-Submariner-116610-SKU190649.jpg,116610LV_190649_ba87f2540e.jpg,ba87f2540e446839e131da6aa3d311d9135d25069711cbb46a5a43388e05ca49,1412,2160,http image/jpeg,487.9677,0.9826,0.0121,1.0000,33.1463
116610LN,189707,Used Rolex Submariner Black Dial Ref 116610LN,https://www.bobswatches.com/used-rolex-submariner-black-dial-ref-116610ln.html,https://www.bobswatches.com/images/zUsed-Rolex-Submariner-116610-SKU189707.jpg,116610LN_189707_9992412b14.jpg,9992412b1452cd5bd704cc732cfea73bd7e01e37ab14f13d8c4c606dff7d0ec1,1412,2160,http image/jpeg,490.6483,0.9973,0.0024,1.0000,39.2876
116613LN,190317,Pre-Owned Two Tone Rolex Submariner Ref 116613LN Black Diamond Dial,https://www.bobswatches.com/pre-owned-two-tone-rolex-submariner-ref-116613ln-black-diamond-dial.html,https://www.bobswatches.com/images/zUsed-Rolex-Submariner-116613-SKU190317.jpg,116613LN_190317_6427c2f787.jpg,6427c2f7878a901be139e1302894c0c69594f8c249778dbd5ae821d9a2507e78,1412,2160,http image/jpeg,492.9588,0.9952,0.0032,1.0000,37.5620
116613LB,190567,Used Oystersteel & 18k Yellow Gold Rolex Submariner ref 116613LB Bluesy,https://www.bobswatches.com/used-oystersteel-and-18k-yellow-gold-rolex-submariner-ref-116613lb-bluesy.html,https://www.bobswatches.com/images/zUsed-Rolex-Submariner-116613-SKU190567.jpg,116613LB_190567_99b14e7746.jpg,99b14e7746d57dce50ea27e16d10394755c19b906b9ddc3fd55a01756797448c,1412,2160,http image/jpeg,618.0351,0.9935,0.0007,1.0000,33.2469
126613LB,189877,Pre-Owned Rolex Ref 126613LB Submariner Blue Dial,https://www.bobswatches.com/pre-owned-rolex-ref-126613lb-submariner-blue-dial.html,https://www.bobswatches.com/images/zUsed-Rolex-Submariner-126613-SKU189877.jpg,126613LB_189877_45a98ab0c8.jpg,45a98ab0c8273f71b29969f624e238c52c9162910fed054e1e9f0ca9d208bec2,1412,2160,http image/jpeg,487.6149,0.9974,0.0072,1.0000,33.5117
126613LB,190921,Pre-Owned Rolex Submariner Ref 126613LB Blue Chromalight Dial,https://www.bobswatches.com/pre-owned-rolex-submariner-ref-126613lb-blue-chromalight-dial.html,https://www.bobswatches.com/images/zUsed-Rolex-Submariner-126613-SKU190921.jpg,126613LB_190921_d0d82d89b4.jpg,d0d82d89b4913e3d8246cbc3e86b6c9d664d6588ac0029249291a505120a5eca,1412,2160,http image/jpeg,491.2484,0.9809,0.0040,1.0000,35.5471
126710BLRO,190247,Pre-Owned Rolex GMT-Master II Jubilee Bracelet Ref 126710BLRO Pepsi,https://www.bobswatches.com/pre-owned-rolex-gmt-master-ii-jubilee-bracelet-ref-126710blro-pepsi.html,https://www.bobswatches.com/images/zUsed-Rolex-GMT-Master-II-126710-SKU190247.jpg,126710BLRO_190247_400272e657.jpg,400272e6575f5cf24e980e8ea89eacf6feb0a2ef12ffb24e6c2661e38c02c01c,1412,2160,http image/jpeg,484.8438,0.9816,0.0157,1.0000,35.4334
116710,189906,Pre-Owned Rolex GMT-Master II Ref 116710 Black Dial,https://www.bobswatches.com/pre-owned-rolex-gmt-master-ii-ref-116710-black-dial.html,https://www.bobswatches.com/images/zUsed-Rolex-GMT-Master-II-116710-SKU189906.jpg,116710_189906_9c5f9574b8.jpg,9c5f9574b8dbe915243e0c3a3ddd016536173e0b95760b57fa6f957be68f6a39,1412,2160,http image/jpeg,493.1920,0.9969,0.0042,1.0000,32.5605
126610LN,190095,Pre-Owned Rolex Submariner No Holes Case Ref 126610LN,https://www.bobswatches.com/pre-owned-rolex-submariner-no-holes-case-ref-126610ln.html,https://www.bobswatches.com/images/zUsed-Rolex-Submariner-126610-SKU190095.jpg,126610LN_190095_a905c73ad3.jpg,a905c73ad32c3491b134f9b863e34925785323f32d4fb7eb27a2549040c2253e,1412,2160,http image/jpeg,490.1122,0.9852,0.0057,1.0000,33.0896
126710BLNR,189573,Pre-Owned Jubilee Bracelet Rolex GMT-Master II Batgirl Ref 126710BLNR,https://www.bobswatches.com/pre-owned-jubilee-bracelet-rolex-gmt-master-ii-batgirl-ref-126710blnr.html,https://www.bobswatches.com/images/zUsed-Rolex-GMT-Master-II-126710-SKU189573.jpg,126710BLNR_189573_c4cf5ddfb8.jpg,c4cf5ddfb8264509d9065bb72c568c720b1cfc8c8566681e603c27ce62b56413,1412,2160,http image/jpeg,489.3727,0.9988,0.0002,1.0000,34.5168
126710BLNR,190372,Used Rolex GMT-Master II Batgirl Ref 126710BLNR Blue & Black Bezel,https://www.bobswatches.com/used-rolex-gmt-master-ii-batgirl-ref-126710blnr-blue-and-black-bezel.html,https://www.bobswatches.com/images/zUsed-Rolex-GMT-Master-II-126710-SKU190372.jpg,126710BLNR_190372_bff23b4bad.jpg,bff23b4bad60782f6d2de5cf30430bd44583408604f6fe99ae9abaac241866e3,1412,2160,http image/jpeg,485.3637,0.9767,0.0059,1.0000,34.1946
116610LV,189807,Pre-Owned Hulk Rolex Submariner Green Dial Ref 116610LV,https://www.bobswatches.com/pre-owned-hulk-rolex-submariner-green-dial-ref-116610lv.html,https://www.bobswatches.com/images/zUsed-Rolex-Submariner-116610LV-SKU189807.jpg,116610LV_189807_20772137ce.jpg,20772137ce08167b6dd4e724ca07d2ef2294bdf4cc938db91b1eae098019344c,1412,2160,http image/jpeg,493.0781,0.9970,0.0031,1.0000,35.2022
116610LV,189726,Pre-Owned Rolex Submariner Ref 116610LV Hulk,https://www.bobswatches.com/pre-owned-rolex-submariner-ref-116610lv-hulk.html,https://www.bobswatches.com/images/zUsed-Rolex-Submariner-116610LV-SKU189726.jpg,116610LV_189726_029a2bb0e5.jpg,029a2bb0e5dc38a39b66a7906565a58344df6c5312dd7f8a62ee2a1f28c79b95,1412,2160,http image/jpeg,611.5325,0.9989,0.0021,1.0000,30.1316
126613LN,190010,Pre-owned Rolex Submariner Steel & Gold Ref 126613LN,https://www.bobswatches.com/pre-owned-rolex-submariner-steel-and-gold-ref-126613ln.html,https://www.bobswatches.com/images/zUsed-Rolex-Submariner-126613-SKU190010.jpg,126613LN_190010_3e903c2fce.jpg,3e903c2fceaee50ac8f3753ac9232c533c8a2d00701a1576a435449a38b398c9,1412,2160,http image/jpeg,490.5858,0.9931,0.0029,1.0000,34.5771
126613LN,190021,Pre-Owned Rolex Submariner Ref 126613LN No Holes Case,https://www.bobswatches.com/pre-owned-rolex-submariner-ref-126613ln-no-holes-case.html,https://www.bobswatches.com/images/zUsed-Rolex-Submariner-126613-SKU190021.jpg,126613LN_190021_800cd2600f.jpg,800cd2600f322aa5cd6fdfdbb9162ce0cfbae7abfe57a9c58405730b98be349b,1412,2160,http image/jpeg,489.5438,0.9933,0.0085,1.0000,34.8855
116610LN,189434,Pre-Owned Rolex Submariner Black Dial Ref 116610LN,https://www.bobswatches.com/pre-owned-rolex-submariner-black-dial-ref-116610ln.html,https://www.bobswatches.com/images/zUsed-Rolex-Submariner-116610-SKU189434.jpg,116610LN_189434_f6c7ec8042.jpg,f6c7ec804261529d0a22b6ccd73556556975b77573f15c50bd2a8c84df096823,1412,2160,http image/jpeg,491.1018,0.9920,0.0015,1.0000,37.5493
126613LN,190206,Pre-Owned Rolex Submariner Ref 126613LN,https://www.bobswatches.com/pre-owned-rolex-submariner-ref-126613ln.html,https://www.bobswatches.com/images/zUsed-Rolex-Submariner-126613-SKU190206.jpg,126613LN_190206_61a0a09f8d.jpg,61a0a09f8d1c3605b65dbcb879e860373f6cb8a45361a76501935e78afc24899,1412,2160,http image/jpeg,490.8646,0.9925,0.0036,1.0000,34.3181
116613LB,189072,Pre-Owned Rolex Submariner Ref 116613LB Steel & Yellow Gold Bluesy,https://www.bobswatches.com/pre-owned-rolex-submariner-ref-116613lb-steel-and-yellow-gold-bluesy.html,https://www.bobswatches.com/images/zUsed-Rolex-Submariner-116613-SKU189072.jpg,116613LB_189072_94cc731667.jpg,94cc731667b3955908fe2710361793f9f1f6b28d698452d7822d487274bc908c,1412,2160,http image/jpeg,486.8513,0.9986,0.0039,1.0000,28.1019
126610LN,189923,Pre-Owned Rolex Submariner Chromalight Dial Ref 126610LN Stainless Steel,https://www.bobswatches.com/pre-owned-rolex-submariner-chromalight-dial-ref-126610ln-stainless-steel.html,https://www.bobswatches.com/images/zUsed-Rolex-Submariner-126610-SKU189923.jpg,126610LN_189923_1b2741bc01.jpg,1b2741bc0119257caf1750a206dee0ab0b132b9432286874732d311b1a2dbd2c,1412,2160,http image/jpeg,490.5802,0.9968,0.0060,1.0000,34.2140
126610,190857,Used Rolex Submariner Black Chromalight Dial Ref 126610,https://www.bobswatches.com/used-rolex-submariner-black-chromalight-dial-ref-126610.html,https://www.bobswatches.com/images/zUsed-Rolex-Submariner-126610-SKU190857.jpg,126610_190857_99747e1b41.jpg,99747e1b41c46f5aab89c0ad7d09dacc879579e9a8c8872deadc44fc26678373,1412,2160,http image/jpeg,487.9968,0.9947,0.0159,1.0000,36.3805
116710,189402,Pre-Owned Steel Rolex GMT-Master II Ref 116710 Black Chromalight Dial,https://www.bobswatches.com/pre-owned-steel-rolex-gmt-master-ii-ref-116710-black-chromalight-dial.html,https://www.bobswatches.com/images/zUsed-Rolex-GMT-Master-II-116710-SKU189402.jpg,116710_189402_4964e0d6cc.jpg,4964e0d6cc343b226b323a8616f7c7602e01325026852e16324fcb6ea71f0410,1412,2160,http image/jpeg,491.9672,0.9949,0.0047,1.0000,33.5043
126710BLRO,188891,Used Red & Blue Pepsi Rolex GMT-Master II Jubilee Bracelet Ref 126710BLRO,https://www.bobswatches.com/used-red-and-blue-pepsi-rolex-gmt-master-ii-jubilee-bracelet-ref-126710blro.html,https://www.bobswatches.com/images/zUsed-Rolex-GMT-Master-II-126710-SKU188891.jpg,126710BLRO_188891_429c01cd38.jpg,429c01cd38fc2c1948982fc81374e2bf48c08ece50aa6c1811476919b7c5d8e3,1412,2160,http image/jpeg,493.8957,0.9950,0.0168,1.0000,34.8480
126613LB,190020,Used Rolex Submariner Ref 126613LB Bluesy,https://www.bobswatches.com/used-rolex-submariner-ref-126613lb-bluesy.html,https://www.bobswatches.com/images/zUsed-Rolex-Submariner-126613-SKU190020.jpg,126613LB_190020_b6244ead83.jpg,b6244ead83e659000643afe8119049321b1b3d667167c34f0d5ee75f9866d35f,1412,2160,http image/jpeg,491.5006,0.9931,0.0053,1.0000,36.7674
114060,190423,Pre-Owned Stainless Steel Rolex Submariner Ref 114060 Black No Date Dial,https://www.bobswatches.com/pre-owned-stainless-steel-rolex-submariner-ref-114060-black-no-date-dial.html,https://www.bobswatches.com/images/zUsed-Rolex-Submariner-114060-SKU190423.jpg,114060_190423_679d38a155.jpg,679d38a1551fbf6119209e5a361b791b12b8cd0a496e9b65dd0c4ff057249b61,1412,2160,http image/jpeg,611.1785,0.9968,0.0048,1.0000,31.9578
126710BLRO,188654,Used Rolex GMT-Master II Red & Blue Pepsi Ref 126710BLRO Jubilee Bracelet,https://www.bobswatches.com/used-rolex-gmt-master-ii-red-and-blue-pepsi-ref-126710blro-jubilee-bracelet.html,https://www.bobswatches.com/images/zUsed-Master-Rolex-GMT-Master-II-126710-SKU188654.jpg,126710BLRO_188654_7e00bf0d54.jpg,7e00bf0d54ca807ccc134817149b171ff215d4ab2de5cba7abc9ce74eef182be,1412,2160,http image/jpeg,491.9813,0.9951,0.0029,1.0000,34.0838
116710,189692,Pre-Owned Superluminova Dial Rolex GMT-Master II Ref 116710,https://www.bobswatches.com/pre-owned-superluminova-dial-rolex-gmt-master-ii-ref-116710.html,https://www.bobswatches.com/images/zUsed-Master-Rolex-GMT-Master-II-116710-SKU189692.jpg,116710_189692_81f229bc95.jpg,81f229bc955d3907ec64233bfdac051fb3c9c8704de3b42b663d24974bfcf732,1412,2160,http image/jpeg,489.2964,0.9900,0.0031,1.0000,36.5079
126610,189883,Pre-Owned Rolex Submariner Stainless Steel Ref126610 Black Date Dial,https://www.bobswatches.com/pre-owned-rolex-submariner-stainless-steel-ref126610-black-date-dial.html,https://www.bobswatches.com/images/zUsed-Rolex-Submariner-126610-SKU189883.jpg,126610_189883_56c6dd7c98.jpg,56c6dd7c987d65b10aecbec430bfeac442bd3d2baf4a8484a2f0a6872ce87fb8,1412,2160,http image/jpeg,488.1097,0.9951,0.0150,1.0000,37.6275
126610LN,189415,Used Rolex Submariner Black Chromalight Dial Ref 126610LN,https://www.bobswatches.com/used-rolex-submariner-black-chromalight-dial-ref-126610ln.html,https://www.bobswatches.com/images/zUsed-Rolex-Submariner-126610-SKU189415.jpg,126610LN_189415_0f8b397593.jpg,0f8b3975930ee3c71358a04e307f12c464f43e80faefeae2fd596a2dd0de2ba4,1412,2160,http image/jpeg,494.0174,0.9952,0.0031,1.0000,35.1973
116610LV,189633,Pre-Owned Rolex Submariner Hulk Stainless Steel Ref 116610LV,https://www.bobswatches.com/pre-owned-rolex-submariner-hulk-stainless-steel-ref-116610lv.html,https://www.bobswatches.com/images/zUsed-Master-Rolex-Submariner-116610-SKU189633.jpg,116610LV_189633_81c7d896f2.jpg,81c7d896f21b2f62d3b10e23c7ce8c0e3c2f7b621479865c6345a58ae8d709d6,1412,2160,http image/jpeg,481.2481,0.9754,0.0017,1.0000,34.4400
116610LN,188939,Used Rolex Submariner Ref 116610LN Black Dial,https://www.bobswatches.com/used-rolex-submariner-ref-116610ln-black-dial.html,https://www.bobswatches.com/images/zUsed-Master-Black-Dial-Rolex-Submariner-116610-SKU188939.jpg,116610LN_188939_0ecefbacd4.jpg,0ecefbacd489329ba7c5c70bce4936f62b7125151f2ba9a0fc29ebabe3451928,1412,2160,http image/jpeg,495.4192,0.9933,0.0056,1.0000,37.7820
126613LB,189762,Pre-Owned Rolex Submariner Steel & Yellow Gold Ref 126613LB Blue Dial,https://www.bobswatches.com/pre-owned-rolex-submariner-steel-and-yellow-gold-ref-126613lb-blue-dial.html,https://www.bobswatches.com/images/zUsed-Rolex-Submariner-126613-SKU189762.jpg,126613LB_189762_0ca9e477da.jpg,0ca9e477da50feee6e4826e63002c715477542e9c0b81f2b1ec793c40d2ccd4a,1412,2160,http image/jpeg,491.4638,0.9933,0.0032,1.0000,37.3582
126710BLRO,188198,Used Rolex GMT-Master II Pepsi ref 126710BLRO Jubilee Band,https://www.bobswatches.com/used-rolex-gmt-master-ii-pepsi-ref-126710blro-jubilee-band.html,https://www.bobswatches.com/images/zUsed-Rolex-Lady-Datejust-69173-SKU188198-Black-Dial.jpg,126710BLRO_188198_a48287b1d5.jpg,a48287b1d54d9ae4ed74245affd15fdcb3fcf482926be4f53bb400dbb8d1adb6,1412,2160,http image/jpeg,619.9085,0.9903,0.0058,1.0000,34.2273
126610,189635,Used Steel Rolex Submariner Ref 126610 Black Dial & Bezel,https://www.bobswatches.com/used-steel-rolex-submariner-ref-126610-black-dial-and-bezel.html,https://www.bobswatches.com/images/zUsed-Rolex-Submariner-126610-SKU189635.jpg,126610_189635_1280ff2bd7.jpg,1280ff2bd797750ad23a93ef9d5933a7526ae603207ece58826b3bcd5521feb3,1412,2160,http image/jpeg,493.8302,0.9972,0.0052,1.0000,35.9711
116610LN,190075,Used Rolex Submariner Steel Oyster Ref 116610LN Black Dial,https://www.bobswatches.com/used-rolex-submariner-steel-oyster-ref-116610ln-black-dial.html,https://www.bobswatches.com/images/zUsed-Rolex-Submariner-116610-SKU190075.jpg,116610LN_190075_ca12cc591e.jpg,ca12cc591e10edba753b913feee467cedb7bc2d6c1fc6ecbc959dfb802075f9c,1412,2160,http image/jpeg,493.6039,0.9991,0.0025,1.0000,33.4168
116610LV,187691,Used Stainless Steel Rolex Submariner Green Hulk Ref 116610LV,https://www.bobswatches.com/used-stainless-steel-rolex-submariner-green-hulk-ref-116610lv.html,https://www.bobswatches.com/images/zUsed-Rolex-Submariner-116610-SKU187691.jpg,116610LV_187691_b90c9c9cfc.jpg,b90c9c9cfcfe79c05beb9e1481a8998e25ddef2a69a9205e7ce8691ee8f7c09c,1412,2160,http image/jpeg,487.0102,0.9921,0.0029,1.0000,32.8640
126613LB,188763,Used Rolex Submariner Steel & 18k Yellow Gold Blue Dial Ref 126613LB,https://www.bobswatches.com/used-rolex-submariner-steel-and-18k-yellow-gold-blue-dial-ref-126613lb.html,https://www.bobswatches.com/images/zUsed-Rolex-Submariner-126613-SKU188763.jpg,126613LB_188763_a30e618843.jpg,a30e6188439f9d497be0e8a479ee4bc2900c1c7b559c3621e392ea24460cd7e0,1412,2160,http image/jpeg,492.4135,0.9953,0.0019,1.0000,34.7081
126610LV,189849,Pre-Owned Rolex Submariner Ref 126610LV Starbucks Stainless Steel,https://www.bobswatches.com/pre-owned-rolex-submariner-ref-126610lv-starbucks-stainless-steel.html,https://www.bobswatches.com/images/zUsed-Master-Rolex-Submariner-126610-SKU189849.jpg,126610LV_189849_73f994775f.jpg,73f994775fa1f3f5f30d71e8b144490b9ec8c82a7e0fbd1320132624baffb50f,1412,2160,http image/jpeg,489.3373,0.9805,0.0064,1.0000,36.0291
126610LV,189937,Pre-Owned Rolex Submariner Date Starbucks Ref 126610LV Stainless Steel,https://www.bobswatches.com/pre-owned-rolex-submariner-date-starbucks-ref-126610lv-stainless-steel.html,https://www.bobswatches.com/images/zUsed-Master-Rolex-Submariner-126610-SKU189937.jpg,126610LV_189937_1ef3415e37.jpg,1ef3415e37d6fbf7328254a0f0e9c1d2569baa22207fe2eceb2bf27f663a37a2,1412,2160,http image/jpeg,487.7580,0.9904,0.0098,1.0000,35.2962
126618LN,188710,Pre-Owned Rolex Submariner Ref 126618LN Black Dial,https://www.bobswatches.com/pre-owned-rolex-submariner-ref-126618ln-black-dial.html,https://www.bobswatches.com/images/zUsed-Rolex-Submariner-126618-SKU188710.jpg,126618LN_188710_7745223f57.jpg,7745223f5769869561f07610d1fd531c1ac8aa3ee514ebc630c30dbdeab80de6,1412,2160,http image/jpeg,492.1194,0.9969,0.0045,1.0000,34.6998
126610LV,189184,Used Rolex Submariner Starbucks ref 126610LV Green Bezel,https://www.bobswatches.com/used-rolex-submariner-starbucks-ref-126610lv-green-bezel.html,https://www.bobswatches.com/images/zUsed-Rolex-Submariner-126610LV-SKU189184.jpg,126610LV_189184_07538a36ad.jpg,07538a36ad50ad9134d345ed27076cc3e7e8f290a356ff244739e62934e925e6,1412,2160,http image/jpeg,487.5187,0.9832,0.0134,1.0000,35.0377
126710BLRO,188701,Used Rolex GMT-Master II Pepsi Ref 126710BLRO Jubilee Bracelet,https://www.bobswatches.com/used-rolex-gmt-master-ii-pepsi-ref-126710blro-jubilee-bracelet.html,https://www.bobswatches.com/images/zUsed-Rolex-GMT-Master-II-126710-SKU188701.jpg,126710BLRO_188701_0e8ab2b772.jpg,0e8ab2b772b9c3e9bd6e6667a39939fdacdd988793e99718e3873c8a53735ce2,1412,2160,http image/jpeg,487.2874,0.9850,0.0078,1.0000,35.3864
126613LN,187189,Used Rolex Submariner Two Tone 126613LN Black Dial,https://www.bobswatches.com/used-rolex-submariner-two-tone-126613ln-black-dial.html,https://www.bobswatches.com/images/zUsed-Rolex-Submariner-126613-SKU187189.jpg,126613LN_187189_9d5b8f66d3.jpg,9d5b8f66d395961f4c37c61ea7e786ab225be5b027ff356e7e3c70ad03dc05ba,1412,2160,http image/jpeg,491.5508,0.9901,0.0048,1.0000,36.5433
114060,189658,Pre-Owned Rolex Submariner ref 114060 Black No Date Dial,https://www.bobswatches.com/pre-owned-rolex-submariner-ref-114060-black-no-date-dial.html,https://www.bobswatches.com/images/zUsed-Rolex-Submariner-114060-SKU189658.jpg,114060_189658_0e0c290fc3.jpg,0e0c290fc3953ba7b8ce777dceabf0fff1c1cdc887fa6af101b57a73a0482850,1412,2160,http image/jpeg,493.1588,0.9993,0.0024,1.0000,33.9891
126613LN,189487,Used Men's Rolex Submariner Ref 126613LN Two Tone,https://www.bobswatches.com/used-mens-rolex-submariner-ref-126613ln-two-tone.html,https://www.bobswatches.com/images/zUsed-Rolex-Submariner-126613-SKU189487.jpg,126613LN_189487_4d135d4f16.jpg,4d135d4f16b65ba0e6ec82d373744bca33f3926e5d279b02eaba6572421279b2,1412,2160,http image/jpeg,493.9989,0.9954,0.0048,1.0000,38.6298
126610,189540,Used Rolex Submariner Stainless Steel 126610 Black Date Dial,https://www.bobswatches.com/used-rolex-submariner-stainless-steel-126610-black-date-dial.html,https://www.bobswatches.com/images/zUsed-Rolex-Submariner-126610-SKU189540.jpg,126610_189540_a56186401b.jpg,a56186401b2a6332ad063534f9fc0599522a9be3c17119ef2ad93e8f2860b126,1412,2160,http image/jpeg,491.4419,0.9938,0.0113,1.0000,37.1272
126710BLNR,189388,Used Rolex GMT-Master II Batgirl ref 126710BLNR,https://www.bobswatches.com/used-rolex-gmt-master-ii-batgirl-ref-126710blnr.html,https://www.bobswatches.com/images/zUsed-Rolex-GMT-Master-II-126710-SKU189388.jpg,126710BLNR_189388_b1e288f535.jpg,b1e288f535b7a426da75e22909218d357fca0e79a155aa592595c6362225bdcc,1412,2160,http image/jpeg,491.0342,0.9994,0.0024,1.0000,34.6402
126610LN,187666,Pre-Owned Steel Rolex Submariner ref 126610LN Black Dial,https://www.bobswatches.com/pre-owned-steel-rolex-submariner-ref-126610ln-black-dial.html,https://www.bobswatches.com/images/zUsed-Rolex-Submariner-126610-SKU187666.jpg,126610LN_187666_355d47df5e.jpg,355d47df5ee1eee0fc777bc05650da02101929fba449e40e24ec5e0097501aab,1412,2160,http image/jpeg,494.1807,0.9932,0.0029,1.0000,36.8455
126610LN,189475,Pre-Owned Rolex Submariner Stainless Steel 126610LN Black Dial,https://www.bobswatches.com/pre-owned-rolex-submariner-stainless-steel-126610ln-black-dial.html,https://www.bobswatches.com/images/zUsed-Rolex-Submariner-126610-SKU189475.jpg,126610LN_189475_f59aaf8269.jpg,f59aaf8269e671fce0653017d32750af5c337d82c66826f0a5765d43acd0669a,1412,2160,http image/jpeg,487.5316,0.9926,0.0129,1.0000,37.3050
116613LB,188768,Pre-Owned Rolex Submariner Ref 116613LB Matte Blue Dial,https://www.bobswatches.com/pre-owned-rolex-submariner-ref-116613lb-matte-blue-dial.html,https://www.bobswatches.com/images/zUsed-Rolex-Submariner-116613-SKU188768.jpg,116613LB_188768_9ea669d14f.jpg,9ea669d14f769966f2007aaaba6d85bd5ce280688ab3f86f1599aac4e6fa3a92,1412,2160,http image/jpeg,489.7729,0.9913,0.0115,1.0000,27.5885
126610,189514,Used Rolex Submariner Stainless Steel Ref 126610 Black Dial,https://www.bobswatches.com/used-rolex-submariner-stainless-steel-ref-126610-black-dial.html,https://www.bobswatches.com/images/zUsed-Rolex-Submariner-126610-SKU189514.jpg,126610_189514_0c561e8e07.jpg,0c561e8e07be2e7ab3de314cace0591b949d05b18370a0b878b9518ed50315d8,1412,2160,http image/jpeg,491.1617,0.9958,0.0030,1.0000,36.1123
116610,188686,Pre-Owned Rolex Submariner Steel Oyster ref 116610 Black Dial,https://www.bobswatches.com/pre-owned-rolex-submariner-steel-oyster-ref-116610-black-dial.html,https://www.bobswatches.com/images/zUsed-Rolex-Submariner-116610-SKU188686.jpg,116610_188686_1eb1bb6f41.jpg,1eb1bb6f4172fe9388e280458d6126abc5d0c9791d42f0891a61a183ba89f39d,1411,2160,http image/jpeg,492.5373,0.9899,0.0019,1.0000,35.9269
126613LB,189378,Pre-Owned Rolex Submariner Ref 126613LB Steel & 18k Yellow Gold Bluesy,https://www.bobswatches.com/pre-owned-rolex-submariner-ref-126613lb-steel-and-18k-yellow-gold-bluesy.html,https://www.bobswatches.com/images/zUsed-Rolex-Submariner-126613LB-SKU189378.jpg,126613LB_189378_27e3a47518.jpg,27e3a47518e6d0178946830172692621fbfe42e3d262d2c6f88ebc6f28549a86,1412,2160,http image/jpeg,488.6495,0.9930,0.0073,1.0000,37.2176
126710GRNR,187729,Used Steel Rolex GMT-Master II ref 126710GRNR Grey & Black Bruce Wayne,https://www.bobswatches.com/used-steel-rolex-gmt-master-ii-ref-126710grnr-grey-and-black-bruce-wayne.html,https://www.bobswatches.com/images/zUsed-Rolex-GMT-Master-II-126710-SKU187729.jpg,126710GRNR_187729_9de80d1f10.jpg,9de80d1f1055dfa8e555b31b97b87f677c9ddbe2c402056b1801b5695838c17b,1412,2160,http image/jpeg,483.0184,0.9897,0.0123,1.0000,35.9867
116610LV,187437,Pre-Owned Hulk Rolex Submariner Ref 116610LV Green Dial,https://www.bobswatches.com/pre-owned-hulk-rolex-submariner-ref-116610lv-green-dial.html,https://www.bobswatches.com/images/zUsed-Rolex-Submariner-116610-SKU187437-Green-Dial.jpg,116610LV_187437_042a4f8bb0.jpg,042a4f8bb093ee41fb33e4f41f8f0e7009b0e9ec6c2323f1f375fd67a16ce285,1412,2160,http image/jpeg,489.3802,0.9898,0.0071,1.0000,32.9757
116613LB,188712,Pre-Owned Rolex Submariner ref 116613LB Bluesy,https://www.bobswatches.com/pre-owned-rolex-submariner-ref-116613lb-bluesy.html,https://www.bobswatches.com/images/z188712-Used-Rolex-Submariner-116613-SKU188712.jpg,116613LB_188712_d5848d3b9e.jpg,d5848d3b9ed6fe1e2bb7f53407d6ee2fe956675fd92109f46632b3e415bf4c92,1412,2160,http image/jpeg,489.2015,0.9895,0.0103,1.0000,33.3784
116710BLNR,189676,Used Batman Rolex GMT-Master II Ref 116710BLNR Stainless Steel,https://www.bobswatches.com/used-batman-rolex-gmt-master-ii-ref-116710blnr-stainless-steel.html,https://www.bobswatches.com/images/zUsed-Rolex-GMT-Master-II-116710-SKU189676.jpg,116710BLNR_189676_efe0c6e1ae.jpg,efe0c6e1aed3afd2dfe74b9be804a0d428ae1a834b43ef2fc624235fb7e2e402,1412,2160,http image/jpeg,491.2572,0.9964,0.0021,1.0000,37.2261
116710,188929,Used Rolex GMT-Master II Ref 116710 Black Chromalight Dial,https://www.bobswatches.com/used-rolex-gmt-master-ii-ref-116710-black-chromalight-dial.html,https://www.bobswatches.com/images/zUsed-Rolex-GMT-Master-II-116710-SKU188929.jpg,116710_188929_4de01d7550.jpg,4de01d75509986cfa144cf0b1cfd50249140fe0552bb54614ca6c127b01721d3,1412,2160,http image/jpeg,490.6528,0.9913,0.0035,1.0000,35.2944
126613LB,189650,Pre-Owned Blue Dial Rolex Submariner Steel & 18k Yellow Gold Ref 126613LB,https://www.bobswatches.com/pre-owned-blue-dial-rolex-submariner-steel-and-18k-yellow-gold-ref-126613lb.html,https://www.bobswatches.com/images/zUsed-Rolex-Submariner-126613-SKU189650.jpg,126613LB_189650_1f529fc9ed.jpg,1f529fc9ed9c03cb1e8b4fa372b1fc9482ddf258452176d809a9c36a47d4c37c,1412,2160,http image/jpeg,491.9836,0.9926,0.0051,1.0000,37.5999
126710BLNR,188642,Used Batgirl Rolex GMT-Master II Ref 126710BLNR,https://www.bobswatches.com/used-batgirl-rolex-gmt-master-ii-ref-126710blnr.html,https://www.bobswatches.com/images/zUsed-Rolex-GMT-Master-II-126710-SKU188642.jpg,126710BLNR_188642_1a58ab5bad.jpg,1a58ab5badf35cb326bf09df0b9bccdbea2f16e6c29afb1db7ab5eef0828f7d2,1412,2160,http image/jpeg,488.0738,0.9899,0.0034,1.0000,35.0711
116710,187042,Used Steel Rolex GMT-Master II Ref 116710 Black Superluminova Dial,https://www.bobswatches.com/used-steel-rolex-gmt-master-ii-ref-116710-black-superluminova-dial.html,https://www.bobswatches.com/images/zUsed-Rolex-GMT-Master-II-116710-SKU187042.jpg,116710_187042_145463608f.jpg,145463608fc0753b9e44e26b2a30848288da36b19ab17f3534688f944775eb8c,1412,2160,http image/jpeg,492.2504,0.9950,0.0048,1.0000,32.5441
126613,188448,Used Rolex Submariner Black Dial Steel & 18k Gold ref 126613,https://www.bobswatches.com/used-rolex-submariner-black-dial-steel-and-18k-gold-ref-126613.html,https://www.bobswatches.com/images/zUsed-Rolex-Submariner-126613-SKU188448.jpg,126613_188448_8a323cac04.jpg,8a323cac04f2d8fe9b30e9c913438b3f7ddd8f05e52791c4182e198e92e9b4c5,1412,2160,http image/jpeg,487.0452,0.9939,0.0130,1.0000,38.1271
126610LN,189130,Used Steel Rolex Submariner ref 126610LN Black Dial,https://www.bobswatches.com/used-steel-rolex-submariner-ref-126610ln-black-dial.html,https://www.bobswatches.com/images/zUsed-Rolex-Submariner-126610-SKU189130.jpg,126610LN_189130_499a191222.jpg,499a191222240887287f46df6da28cf3de37d3829d380a2754347074c962becf,1412,2160,http image/jpeg,488.0286,0.9819,0.0082,1.0000,38.5684
126610,189084,Pre-Owned Rolex Submariner Black Dial ref 126610 Stainless Steel,https://www.bobswatches.com/pre-owned-rolex-submariner-black-dial-ref-126610-stainless-steel.html,https://www.bobswatches.com/images/z189084-Used-Rolex-Submariner-126610-SKU189084.jpg,126610_189084_c20a4b70ca.jpg,c20a4b70ca3ea9c1faaf5feab7bbc9216fad5759345b5aa71327e4b1c0b20614,1412,2160,http image/jpeg,494.2129,0.9939,0.0016,1.0000,37.4511
126610,189258,Used Rolex Submariner ref 126610 Black Dial & Bezel,https://www.bobswatches.com/used-rolex-submariner-ref-126610-black-dial-and-bezel.html,https://www.bobswatches.com/images/zUsed-Rolex-Submariner-126610-SKU189258.jpg,126610_189258_63a8ab11f4.jpg,63a8ab11f4a943b5a7fdb877b9d617eb74656dcc59cf2d5565cfc6446ae588f0,1412,2160,http image/jpeg,493.0783,0.9938,0.0017,1.0000,35.5191
126610LV,189122,Pre-Owned Rolex Submariner Starbucks ref 126610LV Green Bezel,https://www.bobswatches.com/pre-owned-rolex-submariner-starbucks-ref-126610lv-green-bezel.html,https://www.bobswatches.com/images/zUsed-Rolex-Submariner-126610-SKU189122.jpg,126610LV_189122_1b60e2fde8.jpg,1b60e2fde8eaf5693cf33337f99e6f8248d5f821048232dce22fefe191be3673,1412,2160,http image/jpeg,488.7289,0.9800,0.0021,1.0000,36.2852
126613LB,189175,Pre-Owned Rolex Submariner Steel & 18k Yellow Gold ref 126613LB,https://www.bobswatches.com/pre-owned-rolex-submariner-steel-and-18k-yellow-gold-ref-126613lb.html,https://www.bobswatches.com/images/zUsed-Rolex-Submariner-126613-SKU189175.jpg,126613LB_189175_976cc327e1.jpg,976cc327e1b771927805b7e2fe56b00c02f23a1cb3a5b11af8ddbfa8dbd1be69,1412,2160,http image/jpeg,619.2753,0.9948,0.0152,1.0000,34.1225
126613LB,189214,Pre-Owned Rolex Submariner Steel & 18k Yellow Gold Ref 126613LB Blue Dial,https://www.bobswatches.com/pre-owned-rolex-submariner-steel-and-18k-yellow-gold-ref-126613lb-blue-dial.html,https://www.bobswatches.com/images/zUsed-Rolex-Submariner-126613-SKU189214.jpg,126613LB_189214_0b0639e714.jpg,0b0639e714b56e4ef53004f4a79f095382c5578ba45e7a7b0993debaec1d4bc9,1412,2160,http image/jpeg,491.1922,0.9986,0.0042,1.0000,35.1744
126613LB,189169,Pre-Owned Blue Dial Rolex Submariner Steel & Gold ref 126613LB,https://www.bobswatches.com/pre-owned-blue-dial-rolex-submariner-steel-and-gold-ref-126613lb.html,https://www.bobswatches.com/images/zUsed-Rolex-Submariner-126613-SKU189169.jpg,126613LB_189169_8c71b7f7a7.jpg,8c71b7f7a778a5a482269c3f10df995f10fd73425ebef7a69bdd413d326bbd2d,1412,2160,http image/jpeg,491.6021,0.9942,0.0021,1.0000,36.0313
116619,188961,Pre-Owned Rolex Submariner Ref 116619 18k White Gold Blue Smurf,https://www.bobswatches.com/pre-owned-rolex-submariner-ref-116619-18k-white-gold-blue-smurf.html,https://www.bobswatches.com/images/zUsed-Rolex-Submariner-116619-SKU188961.jpg,116619_188961_08f96e1efa.jpg,08f96e1efa909bf532b56472112ecd18a6722a2670a172c3d35c6f31868d213c,1412,2160,http image/jpeg,491.0894,0.9872,0.0008,1.0000,31.0761
116610,188659,Used Rolex Submariner Black Dial Ref 116610 Stainless Steel,https://www.bobswatches.com/used-rolex-submariner-black-dial-ref-116610-stainless-steel.html,https://www.bobswatches.com/images/zUsed-Rolex-Submariner-116610-SKU188659.jpg,116610_188659_b12b4a6bc0.jpg,b12b4a6bc017decf550089847b51d3c6506366717c44953f176ddccb52bc5377,1412,2160,http image/jpeg,490.7488,0.9891,0.0063,1.0000,36.9256
126710BLRO,188822,Used Rolex GMT-Master II ref 126710BLRO Red & Blue Pepsi Bezel,https://www.bobswatches.com/used-rolex-gmt-master-ii-ref-126710blro-red-and-blue-pepsi-bezel.html,https://www.bobswatches.com/images/zUsed-Rolex-GMT-Master-II-126710-SKU188822.jpg,126710BLRO_188822_54282edb45.jpg,54282edb456ac6f13d2e84db2d29250c4d737ba5f460dfcf2575fd68452db353,1412,2160,http image/jpeg,486.1767,0.9771,0.0141,1.0000,36.3893
126710GRNR,188990,Used Bruce Wayne Rolex GMT-Master II ref 126710GRNR Black Dial,https://www.bobswatches.com/used-bruce-wayne-rolex-gmt-master-ii-ref-126710grnr-black-dial.html,https://www.bobswatches.com/images/zUsed-Rolex-GMT-Master-II-126710-SKU188990.jpg,126710GRNR_188990_680641786e.jpg,680641786eaa1093502dbf5f8841368fb924a9723cffc0ff29b29e529ea17135,1412,2160,http image/jpeg,476.5866,0.9788,0.0238,1.0000,34.0501
126710BLRO,187797,Used Rolex GMT-Master II ref 126710BLRO Jubilee Bracelet Pepsi,https://www.bobswatches.com/used-rolex-gmt-master-ii-ref-126710blro-jubilee-bracelet-pepsi.html,https://www.bobswatches.com/images/zUsed-Rolex-GMT-Master-II-126710-SKU187797.jpg,126710BLRO_187797_14e17a24b5.jpg,14e17a24b5ca5d0c6f68ac6d5cd3bb02748bb284a391811271739f91e72583ba,1412,2160,http image/jpeg,487.4488,0.9899,0.0024,1.0000,34.2203
116710,187168,Pre-Owned Rolex GMT-Master II 116710 Black Superluminova Dial,https://www.bobswatches.com/pre-owned-rolex-gmt-master-ii-116710-black-superluminova-dial.html,https://www.bobswatches.com/images/zUsed-Rolex-GMT-Master-II-116710-SKU187168.jpg,116710_187168_5dd49bdadb.jpg,5dd49bdadb1029a20836776d20dc9f57e572c06c30d671058a7720688255f5ab,1412,2160,http image/jpeg,493.9294,0.9931,0.0017,1.0000,31.6648
126610,189125,Pre-Owned Rolex Submariner ref 126610 Black Dial & Bezel,https://www.bobswatches.com/pre-owned-rolex-submariner-ref-126610-black-dial-and-bezel.html,https://www.bobswatches.com/images/zUsed-Rolex-Submariner-126610-SKU189125.jpg,126610_189125_5ab1ccddce.jpg,5ab1ccddcef7c0cd5ea863e6d81bd3235edb549df450aa5d27a51e981f0ca203,1412,2160,http image/jpeg,489.8391,0.9860,0.0040,1.0000,37.4491
126613,188496,Pre-Owned Rolex Submariner Black Dial Steel & 18k Gold ref 126613,https://www.bobswatches.com/pre-owned-rolex-submariner-black-dial-steel-and-18k-gold-ref-126613.html,https://www.bobswatches.com/images/zUsed-Rolex-Submariner-126613-SKU188496.jpg,126613_188496_a0c34ad2a6.jpg,a0c34ad2a6de27a493620bb47a11e655d427b48c530ec962e873a144b00a14e2,1412,2160,http image/jpeg,490.3881,0.9967,0.0047,1.0000,36.3287
126610LV,189077,Pre-Owned Rolex Submariner Starbucks Green Bezel ref 126610LV,https://www.bobswatches.com/pre-owned-rolex-submariner-starbucks-green-bezel-ref-126610lv.html,https://www.bobswatches.com/images/zUsed-Rolex-Submariner-126610-SKU189077.jpg,126610LV_189077_2527085c08.jpg,2527085c0868c88395ec10d43794c46a238afcc0f9cdd74d69a9adab051d07a7,1412,2160,http image/jpeg,617.0698,0.9978,0.0094,1.0000,34.1543
126710BLNR,186836,Pre-Owned Batgirl Rolex GMT-Master II ref 126710BLNR Jubilee Bracelet,https://www.bobswatches.com/pre-owned-batgirl-rolex-gmt-master-ii-ref-126710blnr-jubilee-bracelet.html,https://www.bobswatches.com/images/zUsed-Rolex-GMT-Master-II-126710-SKU186836.jpg,126710BLNR_186836_9a1ec209fc.jpg,9a1ec209fcf69291e1e9b6d7555ce8a9fd7ddfcc724a9f96cb143bf429a179a5,1412,2160,http image/jpeg,608.0181,0.9974,0.0073,1.0000,32.8715
126610LV,189011,Pre-Owned Black Dial Rolex Submariner Date Ref 126610LV Green Bezel,https://www.bobswatches.com/pre-owned-black-dial-rolex-submariner-date-ref-126610lv-green-bezel.html,https://www.bobswatches.com/images/zUsed-Rolex-Submariner-126610-SKU189011.jpg,126610LV_189011_5dd3527c3a.jpg,5dd3527c3a74bc6e2fbd385a0fb3a743be32edea128090433cd9352fb5e6f237,1412,2160,http image/jpeg,486.3911,0.9837,0.0015,1.0000,34.6249
126610LN,188986,Pre-Owned Stainless Steel Rolex Submariner 126610LN,https://www.bobswatches.com/pre-owned-stainless-steel-rolex-submariner-126610ln.html,https://www.bobswatches.com/images/zUsed-Rolex-Submariner-126610-SKU188986.jpg,126610LN_188986_4e7e948502.jpg,4e7e9485023eccb2b31b34ef69a29711dc5e5d4a6d1f1b3c1cc09fcaee0e078b,1412,2160,http image/jpeg,494.0228,0.9950,0.0042,1.0000,39.2797
126619LB,189203,Pre-Owned 18k White Gold Rolex Submariner 126619LB Cookie Monster,https://www.bobswatches.com/pre-owned-18k-white-gold-rolex-submariner-126619lb-cookie-monster.html,https://www.bobswatches.com/images/zUsed-Rolex-Submariner-126619-SKU189203.jpg,126619LB_189203_46d662b1ba.jpg,46d662b1ba13aa013b567240de7d07239c2a7a94361c48afa668b611c4641c79,1412,2160,http image/jpeg,492.5140,0.9962,0.0056,1.0000,37.7660
114060,189145,Used Black Dial Rolex Submariner Ref 114060 Steel Oyster,https://www.bobswatches.com/used-black-dial-rolex-submariner-ref-114060-steel-oyster.html,https://www.bobswatches.com/images/zUsed-Rolex-Submariner-114060-SKU189145.jpg,114060_189145_a112576edb.jpg,a112576edb4d452311f78f8237d15f950f10ad6a95295c44c4c8c05117e688ce,1412,2160,http image/jpeg,492.1114,0.9918,0.0009,1.0000,35.2515
116710BLNR,185836,Used Rolex GMT-Master II Ref 116710BLNR Batman,https://www.bobswatches.com/used-rolex-gmt-master-ii-ref-116710blnr-batman.html,https://www.bobswatches.com/images/zUsed-Rolex-GMT-Master-II-116710-SKU185836.jpg,116710BLNR_185836_d6c4d83fc2.jpg,d6c4d83fc2dc4b8281735cd52b0f0deaac44997acc0b26e2f2d66ac6a061ab08,1412,2160,http image/jpeg,492.9778,0.9914,0.0020,1.0000,35.1747
116610LV,188658,Pre-Owned Rolex Submariner Green Hulk 116610LV,https://www.bobswatches.com/pre-owned-rolex-submariner-green-hulk-116610lv.html,https://www.bobswatches.com/images/zUsed-Rolex-Submariner-116610-SKU188658.jpg,116610LV_188658_629c716a46.jpg,629c716a46e73f8c24583aa80df00252b6bfdf395caf30a71ef6e3cb28feeced,1412,2160,http image/jpeg,488.4575,0.9877,0.0026,1.0000,36.9341
116613LB,188661,Used Steel & 18k Yellow Gold Rolex Submariner 116613LB Bluesy,https://www.bobswatches.com/used-steel-and-18k-yellow-gold-rolex-submariner-116613lb-bluesy.html,https://www.bobswatches.com/images/zUsed-Rolex-Submariner-116613-SKU188661.jpg,116613LB_188661_0245864c9e.jpg,0245864c9e6a12747d310e113c8ea7f0a2711fd37814136c3c97f1764e7bbc96,1412,2160,http image/jpeg,490.8093,0.9946,0.0044,1.0000,33.1367
116610LN,188290,Pre-Owned Steel Rolex Submariner Ref 116610LN Black Dial,https://www.bobswatches.com/pre-owned-steel-rolex-submariner-ref-116610ln-black-dial.html,https://www.bobswatches.com/images/zUsed-Rolex-Submariner-116610-SKU188290.jpg,116610LN_188290_81573fc55c.jpg,81573fc55cef3460ab6a034e60dd13b250f9cbccee43742e064eed8e4d5826e0,1412,2160,http image/jpeg,492.7262,0.9894,0.0047,1.0000,35.8633
126613LN,188717,Used Rolex Submariner Black Dial Steel & 18k Gold ref 126613LN,https://www.bobswatches.com/used-rolex-submariner-black-dial-steel-and-18k-gold-ref-126613ln.html,https://www.bobswatches.com/images/zUsed-Rolex-Submariner-126613-SKU188717.jpg,126613LN_188717_61b5891d85.jpg,61b5891d853536f21268cf8d1423a8134f39a632c3a0c5f5ddc82ab05827ecbf,1412,2160,http image/jpeg,491.9681,0.9852,0.0080,1.0000,37.1797
126613,187641,Pre-Owned Rolex Submariner 126613 Steel & 18k Gold Black Dial,https://www.bobswatches.com/pre-owned-rolex-submariner-126613-steel-and-18k-gold-black-dial.html,https://www.bobswatches.com/images/z187641-Used-Rolex-Submariner-126613-SKU187641-Black-Dial.jpg,126613_187641_dd883ab781.jpg,dd883ab781998f642d2246efb57d8b22fb38a1be92aebd07ce68a849f857b410,1412,2160,http image/jpeg,492.6244,0.9991,0.0155,1.0000,36.7901
126710BLRO,188664,Pre-Owned Rolex GMT-Master II Pepsi Ref 126710BLRO Jubilee Bracelet,https://www.bobswatches.com/pre-owned-rolex-gmt-master-ii-pepsi-ref-126710blro-jubilee-bracelet.html,https://www.bobswatches.com/images/zUsed-Rolex-GMT-Master-II-126710-188664.jpg,126710BLRO_188664_6e11018d1e.jpg,6e11018d1e7ad025914a4b2087588f4b7e0f32241bb832de9ab90e00deee38c1,1412,2160,http image/jpeg,610.5403,0.9882,0.0187,1.0000,35.2659
126610,187551,Used Rolex Submariner Black Dial ref 126610,https://www.bobswatches.com/used-rolex-submariner-black-dial-ref-126610.html,https://www.bobswatches.com/images/zUsed-Rolex-Submariner-126610-SKU187551.jpg,126610_187551_9c7e1056c0.jpg,9c7e1056c0093e04224cfa00c97d95cbd0b908255a5f333a495d758940291c34,1412,2160,http image/jpeg,490.2028,0.9943,0.0037,1.0000,36.2461
126710GRNR,188465,Pre-Owned Bruce Wayne Rolex GMT-Master II ref 126710GRNR Steel Oyster,https://www.bobswatches.com/pre-owned-bruce-wayne-rolex-gmt-master-ii-ref-126710grnr-steel-oyster.html,https://www.bobswatches.com/images/zUsed-Rolex-GMT-Master-II-126710-SKU188465.jpg,126710GRNR_188465_890ef46ce5.jpg,890ef46ce598d0eac8e217fae4d4708bdbeab4b38cdf5bfef94203e4b9bf7484,1412,2160,http image/jpeg,480.4507,0.9823,0.0199,1.0000,35.6919
126610LV,188926,Used Starbucks Rolex Submariner Ref 126610LV Stainless Steel,https://www.bobswatches.com/used-starbucks-rolex-submariner-ref-126610lv-stainless-steel.html,https://www.bobswatches.com/images/zUsed-Rolex-Submariner-126610-SKU188926.jpg,126610LV_188926_f7561ee134.jpg,f7561ee13418c8e98c6c2eca046f883ba9da51e9d4437478af5406a2afa65fe9,1412,2160,http image/jpeg,487.9019,0.9837,0.0045,1.0000,37.4801
116710,187648,Used Rolex GMT-Master II Black Superluminova Dial ref 116710,https://www.bobswatches.com/used-rolex-gmt-master-ii-black-superluminova-dial-ref-116710.html,https://www.bobswatches.com/images/zUsed-Rolex-GMT-Master-II-116710-SKU187648.jpg,116710_187648_a33d12c312.jpg,a33d12c312c1d4fa380d06ccb0c728e07050ec0137b1d08d2dbb31e379b01539,1411,2160,http image/jpeg,494.0725,0.9928,0.0024,1.0000,37.4023
126710BLNR,187819,Pre-Owned Batgirl Rolex GMT-Master II Ref 126710BLNR,https://www.bobswatches.com/pre-owned-batgirl-rolex-gmt-master-ii-ref-126710blnr.html,https://www.bobswatches.com/images/zUsed-Rolex-GMT-Master-II-126710-SKU187819.jpg,126710BLNR_187819_eacd38d628.jpg,eacd38d628cb83f1248890696104102b8166f63c44733b595f5ad962ad2e0499,1412,2160,http image/jpeg,491.2705,0.9929,0.0080,1.0000,35.8556
116610LV,187710,"Pre-Owned Rolex Submariner Oyster Steel Ref 116610LV ""Green Hulk""",https://www.bobswatches.com/pre-owned-rolex-submariner-oyster-steel-ref-116610lv-green-hulk.html,https://www.bobswatches.com/images/zPre-Owned-Rolex-Submariner-116610-SKU187710-Green-Dial.jpg,116610LV_187710_d7bcd6a220.jpg,d7bcd6a22095812faa023c4fad78b8d2b05cd1dd45cf4e8f8a11c0acd915c534,1412,2160,http image/jpeg,489.7028,0.9925,0.0032,1.0000,31.8814
126610LN,188657,Used Rolex Submariner ref 126610LN Black Chromalight Dial,https://www.bobswatches.com/used-rolex-submariner-ref-126610ln-black-chromalight-dial.html,https://www.bobswatches.com/images/zUsed-Rolex-Submariner-126610-SKU188657.jpg,126610LN_188657_b21d4abe43.jpg,b21d4abe439bd13755f5d08702a4a3668080f350f6a47ab0f43bd6b3e5b122bc,1412,2160,http image/jpeg,492.6550,0.9963,0.0018,1.0000,38.0478
116710,187487,Used Rolex GMT-Master II 116710 Black Superluminova Dial,https://www.bobswatches.com/used-rolex-gmt-master-ii-116710-black-superluminova-dial.html,https://www.bobswatches.com/images/zUsed-Rolex-GMT-Master-II-116710-SKU187487.jpg,116710_187487_dc26df8006.jpg,dc26df8006227e86b0f56250eebd7da963917a34c18245737507ef2f8498edce,1412,2160,http image/jpeg,491.6069,0.9956,0.0016,1.0000,35.4858
116610LV,184229,Men's Rolex Submariner Hulk Ref 116610LV,https://www.bobswatches.com/mens-rolex-submariner-hulk-ref-116610lv.html,https://www.bobswatches.com/images/zUsed-Rolex-Submariner-116610-Green-Dial-SKU184229-PL.jpg,116610LV_184229_cc20da0e32.jpg,cc20da0e32571594e7244e8dd8a6b9fd90f37c4b02a70c385efba60eccc5cdd7,1412,2160,http image/jpeg,617.5440,0.9958,0.0089,1.0000,32.0675
126710BLRO,188647,Used Red & Blue Pepsi Rolex GMT-Master II ref 126710BLRO Jubilee Bracelet,https://www.bobswatches.com/used-red-and-blue-pepsi-rolex-gmt-master-ii-ref-126710blro-jubilee-bracelet.html,https://www.bobswatches.com/images/zUsed-Rolex-GMT-Master-II-126710-SKU188647.jpg,126710BLRO_188647_08e2740e84.jpg,08e2740e846861ba35245aa9530bb158f0a667f7df951c9f16d201e8ab91e6ff,1412,2160,http image/jpeg,618.9394,0.9887,0.0110,1.0000,35.0479
126610LN,188633,Pre-Owned Black Dial Rolex Submariner 126610LN,https://www.bobswatches.com/pre-owned-black-dial-rolex-submariner-126610ln.html,https://www.bobswatches.com/images/zUsed-Rolex-Submariner-126610-SKU188633.jpg,126610LN_188633_a3f3ddfd81.jpg,a3f3ddfd8182bc0e3520a751fc48fc14b2933fe757c1cbc6177c8cd52fe0435a,1412,2160,http image/jpeg,494.6569,0.9887,0.0042,1.0000,38.1496
126613LB,186670,Pre-Owned Rolex Submariner ref 126613LB Steel & 18k Yellow Gold,https://www.bobswatches.com/pre-owned-rolex-submariner-ref-126613lb-steel-and-18k-yellow-gold.html,https://www.bobswatches.com/images/zUsed-Rolex-Submariner-126613-SKU186670.jpg,126613LB_186670_d8cf70c295.jpg,d8cf70c295772e879704e0b31f8f4c08929bccef52fe12446b3d7101dc7ffe02,1412,2160,http image/jpeg,491.4281,0.9960,0.0061,1.0000,36.6328
126710BLRO,188631,Used Red & Blue Pepsi Rolex GMT-Master II Ref 126710BLRO,https://www.bobswatches.com/used-red-and-blue-pepsi-rolex-gmt-master-ii-ref-126710blro.html,https://www.bobswatches.com/images/zUsed-Rolex-GMT-Master-II-126710-SKU188631.jpg,126710BLRO_188631_b161838ebc.jpg,b161838ebccb8e6d449b161439ac2cd1637121f5e09fb69e859a8b97d9c04f6f,1412,2160,http image/jpeg,490.3186,0.9963,0.0195,1.0000,36.0487
116613LN,188823,Used Rolex Submariner ref 116613LN Black Dial,https://www.bobswatches.com/used-rolex-submariner-ref-116613ln-black-dial.html,https://www.bobswatches.com/images/zUsed-Rolex-Submariner-116613-SKU188823.jpg,116613LN_188823_ea9ad42853.jpg,ea9ad4285339aae9cc768d4552c2253fc7a31376841de54d5f997ee928e6a5e9,1412,2160,http image/jpeg,495.3083,0.9947,0.0028,1.0000,35.6882
126710BLNR,187662,Used Jubilee Bracelet Rolex GMT-Master II Ref 126710BLNR Batgirl,https://www.bobswatches.com/used-jubilee-bracelet-rolex-gmt-master-ii-ref-126710blnr-batgirl.html,https://www.bobswatches.com/images/zUsed-Rolex-GMT-Master-II-126710-SKU187662.jpg,126710BLNR_187662_e8568138e9.jpg,e8568138e9476af8a712ffc462d25db62dd03c158ce161cb4d4a12ab89b4f27f,1412,2160,http image/jpeg,489.8464,0.9919,0.0032,1.0000,36.6209
126610LN,188473,Used Steel Rolex Submariner Black Chromalight Dial 126610LN,https://www.bobswatches.com/used-steel-rolex-submariner-black-chromalight-dial-126610ln.html,https://www.bobswatches.com/images/zUsed-Rolex-Submariner-126610-SKU188473.jpg,126610LN_188473_01fe8fdc2e.jpg,01fe8fdc2e3909026f4d2838364c1386f47d3802891668fc00b83bd97e17b7e2,1412,2160,http image/jpeg,496.3767,0.9968,0.0083,1.0000,34.4324
126610LN,187694,Pre-Owned Rolex Submariner Black Chromalight Dial Ref 126610LN,https://www.bobswatches.com/pre-owned-rolex-submariner-black-chromalight-dial-ref-126610ln.html,https://www.bobswatches.com/images/zUsed-Rolex-Submariner-126610-SKU187694.jpg,126610LN_187694_fc58318fbc.jpg,fc58318fbc25608ff24775db68af10b5adb08291196165412d13cce18c6adee6,1412,2160,http image/jpeg,495.7331,0.9969,0.0058,1.0000,37.7101
126613LB,188787,Used Rolex Submariner Date ref 126613LB Blue Dial,https://www.bobswatches.com/used-rolex-submariner-date-ref-126613lb-blue-dial.html,https://www.bobswatches.com/images/zUsed-Rolex-Submariner-126613-SKU188787.jpg,126613LB_188787_02d7c97e42.jpg,02d7c97e429c698451fbd54e5ccd2e5f0b51aca5e0a78479fd08308c28a826b0,1412,2160,http image/jpeg,490.8892,0.9972,0.0052,1.0000,35.0547
116613LB,188433,Used Blue Dial Rolex Submariner 116613LB Steel & 18k Yellow Gold,https://www.bobswatches.com/used-blue-dial-rolex-submariner-116613lb-steel-and-18k-yellow-gold.html,https://www.bobswatches.com/images/zUsed-Rolex-Submariner-116613-SKU188433.jpg,116613LB_188433_13f6aef0d6.jpg,13f6aef0d653f96a18969dc3cfd4786d03745498c0f1c368f35fffbfa05c37d5,1412,2160,http image/jpeg,490.4805,0.9920,0.0040,1.0000,33.4685
126610LV,188769,Used Starbucks Rolex Submariner Ref 126610LV Green & Black,https://www.bobswatches.com/used-starbucks-rolex-submariner-ref-126610lv-green-and-black.html,https://www.bobswatches.com/images/zUsed-Rolex-Submariner-126610-SKU188769.jpg,126610LV_188769_4fe700b306.jpg,4fe700b30687bcd9f2777dc6f76be4199a05afbb302e14d8f9a23f4e37d5383f,1412,2160,http image/jpeg,487.6719,0.9798,0.0056,1.0000,36.1930
116613LB,188728,Used Rolex Submariner ref 116613LB Bluesy,https://www.bobswatches.com/used-rolex-submariner-ref-116613lb-bluesy.html,https://www.bobswatches.com/images/zUsed-Rolex-Submariner-116613-SKU188728.jpg,116613LB_188728_a2b8ed5fc4.jpg,a2b8ed5fc44bd8b3b516e1c4254467dd7574cdb582c0c5d866159d559aca609c,1412,2160,http image/jpeg,489.5728,0.9819,0.0058,1.0000,34.3407
116610,187523,Used Steel Rolex Submariner 116610 Black Dial,https://www.bobswatches.com/used-steel-rolex-submariner-116610-black-dial.html,https://www.bobswatches.com/images/zPre-Owned-Rolex-Submariner-116610-SKU187523-Black-Dial.jpg,116610_187523_3a2c4d63fc.jpg,3a2c4d63fc3c3ef4ef2ae99ae4eb81b8620f785e84686bab74f8d659ec4262ce,1412,2160,http image/jpeg,492.4611,0.9897,0.0022,1.0000,34.9569
116610LN,188472,Factory Stickered Rolex Submariner Black Dial 116610LN Stainless Steel,https://www.bobswatches.com/factory-stickered-rolex-submariner-black-dial-116610ln-stainless-steel.html,https://www.bobswatches.com/images/zUsed-Rolex-Submariner-116610-SKU188472.jpg,116610LN_188472_563beada80.jpg,563beada807b7d271660b613ce1ec8a088dbe3c575ca0872a4dea7bc8beb0041,1412,2160,http image/jpeg,492.6073,0.9937,0.0022,1.0000,37.5306
116710,187803,Pre-Owned Rolex GMT-Master II 116710 Black Chromalight Dial,https://www.bobswatches.com/pre-owned-rolex-gmt-master-ii-116710-black-chromalight-dial.html,https://www.bobswatches.com/images/z187803-Used-Rolex-GMT-Master-II-116710-SKU187803-Black-Dial.jpg,116710_187803_fc75ff1f6f.jpg,fc75ff1f6feac3ea4a3fb2701f4457606ec4a7865550b20628f2db7893cb26ec,1412,2160,http image/jpeg,490.9206,0.9963,0.0038,1.0000,33.4597
126610,188269,Used Rolex Submariner Black Dial ref 126610 Stainless Steel,https://www.bobswatches.com/used-rolex-submariner-black-dial-ref-126610-stainless-steel.html,https://www.bobswatches.com/images/zUsed-Rolex-Submariner-126610-SKU188269.jpg,126610_188269_c27c0a920c.jpg,c27c0a920cc3b1515029cd9e9dbdb5d293e853273db43ff38e3f9232abe167d7,1412,2160,http image/jpeg,492.5819,0.9926,0.0028,1.0000,35.8316
116613LN,187539,Pre-Owned Rolex Submariner ref 116613LN Black Luminous Dial,https://www.bobswatches.com/pre-owned-rolex-submariner-ref-116613ln-black-luminous-dial.html,https://www.bobswatches.com/images/zUsed-Rolex-Submariner-116613-SKU187539-Black-Dial.jpg,116613LN_187539_c863100e4b.jpg,c863100e4b0d7505c17691ffb8e95ec54f90fad2205bb6458109a8aac8705aa8,1412,2160,http image/jpeg,492.5010,0.9957,0.0010,1.0000,35.4991
116613LN,188199,Pre-Owned Rolex Submariner ref 116613LN Black Dial,https://www.bobswatches.com/pre-owned-rolex-submariner-ref-116613ln-black-dial.html,https://www.bobswatches.com/images/zUsed-Rolex-Submariner-116613-SKU188199-Black-Dial.jpg,116613LN_188199_5ed2a3e619.jpg,5ed2a3e619ca6e1f1690701526e38d4a59b658876526943b566a2fb431fc3a27,1412,2160,http image/jpeg,490.9816,0.9913,0.0034,1.0000,37.5710
116618LB,188520,Pre-Owned 18k Yellow Gold Rolex Submariner 116618LB Blue Dial,https://www.bobswatches.com/pre-owned-18k-yellow-gold-rolex-submariner-116618lb-blue-dial.html,https://www.bobswatches.com/images/zUsed-Rolex-Submariner-116618-SKU188520.jpg,116618LB_188520_ed3242c801.jpg,ed3242c8019ee358cdab958d0262788a7884d1b44a2c5481efad6f2b1a1241c3,1412,2160,http image/jpeg,615.6976,0.9955,0.0110,1.0000,32.4279
126613,188194,Pre-Owned Rolex Submariner ref 126613 Steel & 18k Gold Black Dial,https://www.bobswatches.com/pre-owned-rolex-submariner-ref-126613-steel-and-18k-gold-black-dial.html,https://www.bobswatches.com/images/zUsed-Rolex-Submariner-126613-SKU188194-Black-Dial.jpg,126613_188194_c0147d1f1f.jpg,c0147d1f1f8de9333643bc2fc189cb5da18c7715bd8193cdec437ecd85c05ccf,1412,2160,http image/jpeg,488.5694,0.9745,0.0037,1.0000,36.3054
126610,187742,Used Rolex Submariner 126610 Black Chromalight Dial,https://www.bobswatches.com/used-rolex-submariner-126610-black-chromalight-dial.html,https://www.bobswatches.com/images/zPre-Owned-Rolex-Submariner-126610-SKU187742-Black-Dial.jpg,126610_187742_bc5884e26d.jpg,bc5884e26dfda7f0f97854aab9dd940b4fe3c21378612ec07c34ee0117a0daea,1412,2160,http image/jpeg,489.3825,0.9882,0.0204,1.0000,34.4183
126610LN,188165,Used Rolex Submariner 126610LN Black Chromalight Dial,https://www.bobswatches.com/used-rolex-submariner-126610ln-black-chromalight-dial.html,https://www.bobswatches.com/images/zUsed-Rolex-Submariner-126610-SKU188165.jpg,126610LN_188165_482e344ce9.jpg,482e344ce9c60e61f3f3c6d7a1be6a9c6c83841c07f1417b1b2652ecc701538c,1412,2160,http image/jpeg,492.3087,0.9960,0.0009,1.0000,35.8041
116710BLNR,186448,Pre-Owned Batman Rolex GMT-Master II Ref 116710BLNR Blue & Black,https://www.bobswatches.com/pre-owned-batman-rolex-gmt-master-ii-ref-116710blnr-blue-and-black.html,https://www.bobswatches.com/images/zUsed-Rolex-GMT-Master-II-116710-SKU186448.jpg,116710BLNR_186448_eef4dc88e9.jpg,eef4dc88e953d85f27f233293fa190845694637cc64ae83b4659245ede7622d5,1412,2160,http image/jpeg,486.3185,0.9961,0.0029,1.0000,36.7217
126710GRNR,187034,Used Bruce Wayne Rolex GMT-Master II ref 126710GRNR,https://www.bobswatches.com/used-bruce-wayne-rolex-gmt-master-ii-ref-126710grnr.html,https://www.bobswatches.com/images/zUsed-Rolex-GMT-Master-II-126710-Bruce-Wayne-SKU187034.jpg,126710GRNR_187034_d393b7fcdf.jpg,d393b7fcdf3a6edfd184413fb6e5b037b108d2920b0b1c842570469449ac3fa6,2160,2160,http image/jpeg,463.7418,0.9827,0.0167,1.0000,38.7472
126710GRNR,187034,Used Bruce Wayne Rolex GMT-Master II ref 126710GRNR,https://www.bobswatches.com/used-bruce-wayne-rolex-gmt-master-ii-ref-126710grnr.html,https://www.bobswatches.com/images/zUsed-Rolex-GMT-Master-II-126710-Bruce-Wayne-SKU187034s.jpg,126710GRNR_187034_73e6f57129.jpg,73e6f571291968ae28e1e553f3c6ae39124c2614ee2fedc564f460215e8f6999,2160,2160,http image/jpeg,358.2038,0.9797,0.0222,1.0000,40.7642
126710BLRO,188447,Used Rolex GMT-Master II ref 126710BLRO Jubilee Band Pepsi,https://www.bobswatches.com/used-rolex-gmt-master-ii-ref-126710blro-jubilee-band-pepsi.html,https://www.bobswatches.com/images/z188447-PL-Used-Rolex-GMT-Master-II-126710-Pre-Load.jpg,126710BLRO_188447_ae373ce041.jpg,ae373ce041926e8d2834e80a3da619d22bd6f7983bb812387fd88c4920318791,1412,2160,http image/jpeg,619.4776,0.9929,0.0146,1.0000,35.5768
116613LB,188426,Used Two Tone Rolex Submariner 116613LB Blue Dial,https://www.bobswatches.com/used-two-tone-rolex-submariner-116613lb-blue-dial.html,https://www.bobswatches.com/images/zUsed-Rolex-Submariner-116613-SKU188426.jpg,116613LB_188426_7595a8baf7.jpg,7595a8baf7ded0bd0cad1aeff1b1ffa1558f0ce4b90487c5a9fc315aedd308fe,1412,2160,http image/jpeg,491.3968,0.9943,0.0062,1.0000,35.0410
114060,188129,Pre-Owned Stainless Steel Rolex Submariner Ref 114060 Black Dial,https://www.bobswatches.com/pre-owned-stainless-steel-rolex-submariner-ref-114060-black-dial.html,https://www.bobswatches.com/images/zUsed-Rolex-Submariner-114060-SKU188129.jpg,114060_188129_3958084ea6.jpg,3958084ea653e231cbd1fc809a2679f7198946f3692d8a74ce57212dfbc348cd,1412,2160,http image/jpeg,491.1851,0.9913,0.0007,1.0000,33.0445
126613LB,188116,Pre-Owned Rolex Submariner 126613LB Steel & 18k Yellow Gold Bluesy,https://www.bobswatches.com/pre-owned-rolex-submariner-126613lb-steel-and-18k-yellow-gold-bluesy.html,https://www.bobswatches.com/images/zUsed-Rolex-Submariner-126613-SKU188116.jpg,126613LB_188116_13b790fe24.jpg,13b790fe24104d8512fcbeac811affeb0b5468fc877e4a7aa734c4b1889c6062,1412,2160,http image/jpeg,492.4853,0.9946,0.0037,1.0000,34.9156
116710BLNR,184196,Pre-Owned Batman Rolex GMT-Master II Ref 116710BLNR,https://www.bobswatches.com/pre-owned-batman-rolex-gmt-master-ii-ref-116710blnr.html,https://www.bobswatches.com/images/zUsed-Rolex-GMT-Master-II-116710-SKU184196.jpg,116710BLNR_184196_6309ec774c.jpg,6309ec774cf43238d55cf4d7403545d1679ea5c4901744019a1f391c8c8340de,1412,2160,http image/jpeg,493.5470,0.9974,0.0048,1.0000,34.0672
126710BLNR,187749,Pre-Owned Jubilee Bracelet Rolex GMT-Master II ref 126710BLNR Batgirl,https://www.bobswatches.com/pre-owned-jubilee-bracelet-rolex-gmt-master-ii-ref-126710blnr-batgirl.html,https://www.bobswatches.com/images/zUsed-Rolex-GMT-Master-II-126710-SKU187749.jpg,126710BLNR_187749_751b387ae5.jpg,751b387ae5a14536c78b32382a872672428c70f0354b1bdbe81c2e05d8e3693f,1412,2160,http image/jpeg,492.2995,0.9993,0.0068,1.0000,35.7929
126710BLRO,187918,Pre-Owned Steel Rolex GMT-Master II Ref 126710BLRO Jubilee Bracelet Pepsi,https://www.bobswatches.com/pre-owned-steel-rolex-gmt-master-ii-ref-126710blro-jubilee-bracelet-pepsi.html,https://www.bobswatches.com/images/zUsed-Rolex-GMT-Master-II-126710-SKU187918.jpg,126710BLRO_187918_3a452011e6.jpg,3a452011e646c73038343213b7200ac03f2b53fa508a486a7a49b4229c3355d4,1412,2160,http image/jpeg,619.5072,0.9927,0.0155,1.0000,33.5906
126710BLNR,187996,Pre-Owned Rolex GMT-Master II Ref 126710BLNR Jubilee Bracelet Batgirl,https://www.bobswatches.com/pre-owned-rolex-gmt-master-ii-ref-126710blnr-jubilee-bracelet-batgirl.html,https://www.bobswatches.com/images/zUsed-Rolex-GMT-Master-II-126710-SKU187996.jpg,126710BLNR_187996_57a245aebc.jpg,57a245aebc92389c5d05fb5480658810c206a4dbe64b1eb44d606ff0626e5a4d,1412,2160,http image/jpeg,490.6152,0.9955,0.0062,1.0000,36.3570
116613LB,187436,Pre-Owned Rolex Submariner 116613LB Bluesy,https://www.bobswatches.com/pre-owned-rolex-submariner-116613lb-bluesy.html,https://www.bobswatches.com/images/zUsed-Rolex-Submariner-116613-SKU187436-Blue-Dial.jpg,116613LB_187436_6dc1137b9e.jpg,6dc1137b9e75b83e509b85b7201ef7980c15d6af996eb688cc50a68ae7de646a,1412,2160,http image/jpeg,491.5293,0.9966,0.0047,1.0000,33.3422
114060,187935,Pre-Owned Rolex Submariner Black Dial 114060 Steel Oyster,https://www.bobswatches.com/pre-owned-rolex-submariner-black-dial-114060-steel-oyster.html,https://www.bobswatches.com/images/z187935-Used-Rolex-Submariner-114060-SKU187935-Black-Dial.jpg,114060_187935_a3aca5fa49.jpg,a3aca5fa4972fb325b1941e73b8273ebe787414e2a22ccb1275aa2d67bf6e496,1412,2160,http image/jpeg,491.2888,0.9929,0.0017,1.0000,36.7602
116610,187812,Used Rolex Submariner Steel Oyster Band 116610 Black Dial,https://www.bobswatches.com/used-rolex-submariner-steel-oyster-band-116610-black-dial.html,https://www.bobswatches.com/images/z187812-Used-Rolex-Submariner-116610-SKU187812-Black-Dial.jpg,116610_187812_39fb110b7c.jpg,39fb110b7c0e543f191d6e3aecaf939c9824746a79fa95cfc87c5bf5448c75e7,1412,2160,http image/jpeg,491.3873,0.9939,0.0060,1.0000,37.2846
114060,187898,Used Rolex Submariner ref 114060 Steel Black Dial,https://www.bobswatches.com/used-rolex-submariner-ref-114060-steel-black-dial.html,https://www.bobswatches.com/images/zUsed-Rolex-Submariner-114060-SKU187898-Black-Dial.jpg,114060_187898_a820cf4999.jpg,a820cf4999c3f989c7db692f6bcb6e55c4fa454b9ed1894fbc2100f0024731cc,1412,2160,http image/jpeg,493.9035,0.9911,0.0039,1.0000,31.0023
116610,188055,Pre-Owned Rolex Submariner Steel Oyster 116610 Black Dial,https://www.bobswatches.com/pre-owned-rolex-submariner-steel-oyster-116610-black-dial.html,https://www.bobswatches.com/images/z188055-Used-Rolex-Submariner-116610-SKU188055-Black-Dial.jpg,116610_188055_dfd81f10ce.jpg,dfd81f10ceb63f818135e6f6c654aeccdc0b22a499fd6ba75ce9f7eb30b16046,1412,2160,http image/jpeg,611.1452,0.9961,0.0021,1.0000,35.6762
116618LB,187476,Used Rolex Submariner 116618LB Blue Dial,https://www.bobswatches.com/used-rolex-submariner-116618lb-blue-dial.html,https://www.bobswatches.com/images/z187476-Used-Rolex-Submariner-116618-SKU187476-Blue-Dial.jpg,116618LB_187476_109fba97f5.jpg,109fba97f5cf8624dc293a184e2609c970df9e811f649a7d8d7f7793e3b9f985,1412,2160,http image/jpeg,490.7297,0.9953,0.0039,1.0000,33.9525
126613LB,187955,Pre-Owned Blue Dial Rolex Submariner 126613LB,https://www.bobswatches.com/pre-owned-blue-dial-rolex-submariner-126613lb.html,https://www.bobswatches.com/images/zUsed-Rolex-Submariner-126613-SKU187955-Blue-Dial.jpg,126613LB_187955_f2186a8cf6.jpg,f2186a8cf60e4801c0508781282dd319dcdd2bce3c8ca49f04242ef10779e266,1412,2160,http image/jpeg,492.4209,0.9915,0.0026,1.0000,36.4065
126618LB,188239,Pre-Owned Rolex Submariner 126618LB Blue Dial,https://www.bobswatches.com/pre-owned-rolex-submariner-126618lb-blue-dial.html,https://www.bobswatches.com/images/zUsed-Rolex-Submariner-126618-SKU188239-Blue-Dial.jpg,126618LB_188239_fb0691ed6a.jpg,fb0691ed6ac836c737db084558695e7680f2b630134f1671074abafe9ad25b45,1412,2160,http image/jpeg,490.2104,0.9877,0.0021,1.0000,34.1365
126710BLRO,187941,Pre-Owned Rolex GMT-Master II ref 126710BLRO Jubilee Bracelet Pepsi,https://www.bobswatches.com/pre-owned-rolex-gmt-master-ii-ref-126710blro-jubilee-bracelet-pepsi.html,https://www.bobswatches.com/images/zUsed-Rolex-GMT-Master-II-126710-SKU187941.jpg,126710BLRO_187941_163ad95ed9.jpg,163ad95ed96e1ad938bb426317165a69dd686a92fa196604bc8be44a428e3baa,1412,2160,http image/jpeg,620.9563,0.9941,0.0041,1.0000,34.9653
126610LN,187904,Pre-Owned Rolex Submariner ref 126610LN Black Dial,https://www.bobswatches.com/pre-owned-rolex-submariner-ref-126610ln-black-dial.html,https://www.bobswatches.com/images/zUsed-Rolex-Submariner-126610-SKU187904-Black-Dial.jpg,126610LN_187904_e418538d0e.jpg,e418538d0e9af0bf448c8224d11dcfc07bec579bb3a5bbbd397129a8d2f81555,1412,2160,http image/jpeg,485.5077,0.9880,0.0029,1.0000,38.8732
126710BLNR,186476,Used Rolex GMT-Master II Batgirl 126710BLNR Jubilee Band,https://www.bobswatches.com/used-rolex-gmt-master-ii-batgirl-126710blnr-jubilee-band.html,https://www.bobswatches.com/images/zUsed-Rolex-GMT-Master-II-126710-186476.jpg,126710BLNR_186476_a9e749387a.jpg,a9e749387a852d18a24ee8e95592ef387859126e3b231425a9b8f93347e0b919,1412,2160,http image/jpeg,612.2037,0.9983,0.0202,1.0000,33.6161
114060,187546,Pre-Owned Black Dial Rolex Submariner Ref 114060 Stainless Steel,https://www.bobswatches.com/pre-owned-black-dial-rolex-submariner-ref-114060-stainless-steel.html,https://www.bobswatches.com/images/zUsed-Rolex-Submariner-114060-SKU187546-Black-Dial.jpg,114060_187546_b5f15f4545.jpg,b5f15f4545a4abf7c5ddaa025a570ede234cb0d32fd56fae308a6e12553c664c,1412,2160,http image/jpeg,492.5161,0.9954,0.0048,1.0000,35.2584
116710,185695,Pre-Owned Rolex GMT-Master II Black Chromalight Dial 116710,https://www.bobswatches.com/pre-owned-rolex-gmt-master-ii-black-chromalight-dial-116710.html,https://www.bobswatches.com/images/zUsed-Rolex-GMT-Master-II-116710-SKU185695.jpg,116710_185695_02219446b9.jpg,02219446b9f28c7291694a03208699219fc25acf9dd6d6681483f0252433d346,1412,2160,http image/jpeg,489.7503,0.9958,0.0032,1.0000,35.2071
116710,188114,Pre-Owned Black & Blue Rolex GMT-Master II 116710 Batman,https://www.bobswatches.com/pre-owned-black-and-blue-rolex-gmt-master-ii-116710-batman.html,https://www.bobswatches.com/images/zUsed-Rolex-GMT-Master-II-116710-SKU188114.jpg,116710_188114_639bf1f1e4.jpg,639bf1f1e4270b1a16d847e3c07ccdeaaa7ea3d64007ffc6b97650b447397587,1412,2160,http image/jpeg,491.7489,0.9953,0.0044,1.0000,32.9692
126613LB,188118,Used Rolex Submariner Two Tone Ref 126613LB Blue Dial,https://www.bobswatches.com/used-rolex-submariner-two-tone-ref-126613lb-blue-dial.html,https://www.bobswatches.com/images/zUsed-Rolex-Submariner-126613-SKU188118.jpg,126613LB_188118_251599d32d.jpg,251599d32d9ea9d4ac722f29849a7f108d6752defb236d3aeac1356097e502e8,1412,2160,http image/jpeg,494.1219,0.9943,0.0038,1.0000,33.1762
116610,186534,Pre-Owned Rolex Submariner Steel Oyster Band 116610 Black Dial,https://www.bobswatches.com/pre-owned-rolex-submariner-steel-oyster-band-116610-black-dial.html,https://www.bobswatches.com/images/z186534-Used-Rolex-Submariner-116610-SKU186534-Black-Dial.jpg,116610_186534_14dd20699f.jpg,14dd20699f44ea0ef24ad44749873507133a0c764605f13bb2db27149025667f,1412,2160,http image/jpeg,488.7785,0.9958,0.0022,1.0000,38.7932
126618,186721,Used Rolex Submariner 18k Yellow Gold 126618 Blue Dial,https://www.bobswatches.com/used-rolex-submariner-18k-yellow-gold-126618-blue-dial.html,https://www.bobswatches.com/images/zUsed-Rolex-Submariner-126618-SKU186721.jpg,126618_186721_5f83a69fc3.jpg,5f83a69fc3d4ffc2998739311d542f9d3eeac480962cdd52ee5fbc4ff38892a4,1412,2160,http image/jpeg,487.5955,0.9910,0.0116,1.0000,32.1140
126710BLNR,186981,Used Rolex GMT-Master II Ref 126710BLNR Batgirl,https://www.bobswatches.com/used-rolex-gmt-master-ii-ref-126710blnr-batgirl.html,https://www.bobswatches.com/images/zUsed-Rolex-GMT-Master-II-126710-SKU186981.jpg,126710BLNR_186981_2719555c75.jpg,2719555c75df2cf6fe9e19c42b797ac735e20bd9883491cc408574038f39b0de,1412,2160,http image/jpeg,490.7332,0.9958,0.0050,1.0000,34.2648
126710BLNR,186981,Used Rolex GMT-Master II Ref 126710BLNR Batgirl,https://www.bobswatches.com/used-rolex-gmt-master-ii-ref-126710blnr-batgirl.html,https://www.bobswatches.com/images/zUsed-Rolex-GMT-Master-II-126710-Batgirl-SKU186981.jpg,126710BLNR_186981_98cd1320f5.jpg,98cd1320f5b2a6ae2503837a4be19819460821a31fb25d83d277b73448b30f93,2160,2160,http image/jpeg,359.2991,0.9696,0.0133,1.0000,35.1644
116610LN,184364,Used Steel Rolex Submariner 116610LN Black Dial,https://www.bobswatches.com/used-steel-rolex-submariner-116610ln-black-dial.html,https://www.bobswatches.com/images/zPre-Owned-Rolex-Submariner-116610-SKU184364-Black-Dial.jpg,116610LN_184364_0f172973b7.jpg,0f172973b7cad3b75444a04552425495ad44e3ef87877b2243936ce4012d6f4b,1412,2160,http image/jpeg,489.6901,0.9969,0.0004,1.0000,33.2358
116610LN,184364,Used Steel Rolex Submariner 116610LN Black Dial,https://www.bobswatches.com/used-steel-rolex-submariner-116610ln-black-dial.html,https://www.bobswatches.com/images/zUsed-Rolex-Submariner-116610-184364w.jpg,116610LN_184364_49ec56a05b.jpg,49ec56a05b4ea85e8f58b03b390b640586f2b2b8e1478fea8ebb1e6f1bbd7215,2160,2160,http image/jpeg,266.9205,0.9846,0.0067,1.0000,40.2608
126613,187705,Used Rolex Submariner Black Dial 126613 Steel & 18k Gold,https://www.bobswatches.com/used-rolex-submariner-black-dial-126613-steel-and-18k-gold.html,https://www.bobswatches.com/images/zUsed-Rolex-Submariner-126613-SKU187705-Black-Dial.jpg,126613_187705_4163cb0295.jpg,4163cb02953e883ca5bdcad1101020dead8bc6cd02823b0598abf2699e543231,1412,2160,http image/jpeg,492.1823,0.9956,0.0024,1.0000,36.4119
116610LV,187764,Used Green Hulk Rolex Submariner Ref 116610LV,https://www.bobswatches.com/used-green-hulk-rolex-submariner-ref-116610lv.html,https://www.bobswatches.com/images/zPre-Owned-Rolex-Submariner-116610-SKU187764-Green-Dial.jpg,116610LV_187764_faa9b14da4.jpg,faa9b14da4dcf8ecd04651b84e5ce3332ae4f474bc5512f29facd2efebe5745e,1412,2160,http image/jpeg,484.9359,0.9733,0.0097,1.0000,34.9556
126610LV,186613,Used Starbucks Rolex Submariner Ref 126610LV,https://www.bobswatches.com/used-starbucks-rolex-submariner-ref-126610lv.html,https://www.bobswatches.com/images/zUsed-Rolex-Submariner-126610-186613.jpg,126610LV_186613_581fb93019.jpg,581fb930196aa8295ad89d1abe9a9265dd66b414e98f652ef7bc6d09dd19e855,1412,2160,http image/jpeg,486.6981,0.9863,0.0197,1.0000,35.7108
126613,187456,Used Rolex Submariner 126613 Steel & 18k Gold Bluesy,https://www.bobswatches.com/used-rolex-submariner-126613-steel-and-18k-gold-bluesy.html,https://www.bobswatches.com/images/zPre-Owned-Rolex-Submariner-126613-SKU187456-Blue-Dial.jpg,126613_187456_d4252d094a.jpg,d4252d094a5ada08797da8a71868145a1c2e926bc4548afe8fc3d41e8697d586,1412,2160,http image/jpeg,487.8021,0.9811,0.0101,1.0000,37.0760
116610,186165,Pre-Owned Steel Rolex Submariner 116610 Black Dial,https://www.bobswatches.com/pre-owned-steel-rolex-submariner-116610-black-dial.html,https://www.bobswatches.com/images/zPre-Owned-Rolex-Submariner-116610-SKU186165-Black-Dial.jpg,116610_186165_b4cc78e0f9.jpg,b4cc78e0f9e099df92566c38342ad29b2b0817a0246874fcd3d2c2c229504caa,1412,2160,http image/jpeg,488.5162,0.9904,0.0057,1.0000,34.2761
126710BLRO,187368,Used Rolex GMT-Master II Pepsi 126710BLRO Steel Jubilee Bracelet,https://www.bobswatches.com/used-rolex-gmt-master-ii-pepsi-126710blro-steel-jubilee-bracelet.html,https://www.bobswatches.com/images/zUsed-Rolex-GMT-Master-II-126710-187368.jpg,126710BLRO_187368_04b5d620d3.jpg,04b5d620d3949c802119d79a631bd563464b58922037c014f5e2d05f68f53d7b,1412,2160,http image/jpeg,619.6222,0.9973,0.0152,1.0000,34.1345
126613LN,187741,Pre-Owned Steel & Yellow Gold Rolex Submariner 126613LN Black Dial,https://www.bobswatches.com/pre-owned-steel-and-yellow-gold-rolex-submariner-126613ln-black-dial.html,https://www.bobswatches.com/images/zPre-Owned-Rolex-Submariner-126613-SKU187741-Black-Dial.jpg,126613LN_187741_b55e5c5a95.jpg,b55e5c5a950dc68553edf4cd6a687b6a0dd16185e2bc85ded6fded9736a12829,1412,2160,http image/jpeg,488.8741,0.9885,0.0176,1.0000,36.8272
116610LV,187852,Used Rolex Submariner Hulk Ref 116610LV Steel Oyster,https://www.bobswatches.com/used-rolex-submariner-hulk-ref-116610lv-steel-oyster.html,https://www.bobswatches.com/images/zUsed-Rolex-Submariner-116610-SKU187852.jpg,116610LV_187852_4a17d8a3af.jpg,4a17d8a3af7e7e6e3fadf5a6d40a9c4738e11cb8773100fd5b8ab02d51b4ddde,1412,2160,http image/jpeg,479.2707,0.9767,0.0013,1.0000,33.9014
116610LV,187821,Pre-Owned Rolex Submariner Green Hulk Ref 116610LV,https://www.bobswatches.com/pre-owned-rolex-submariner-green-hulk-ref-116610lv.html,https://www.bobswatches.com/images/zUsed-Rolex-Submariner-116610-SKU187821.jpg,116610LV_187821_180e63276a.jpg,180e63276a11099d718b8cc171f3ca1a716035391ca16391bf67aa989977bac4,1412,2160,http image/jpeg,486.1783,0.9874,0.0096,1.0000,36.7983
126613LB,187134,Pre-Owned Rolex Submariner 126613LB Blue Chromalight Dial,https://www.bobswatches.com/pre-owned-rolex-submariner-126613lb-blue-chromalight-dial.html,https://www.bobswatches.com/images/zUsed-Rolex-Submariner-126613-SKU187134.jpg,126613LB_187134_56e9865bad.jpg,56e9865bad69f0fb124773ff3370435e142747983a4d3426cbf8ad3bdb09c158,1412,2160,http image/jpeg,617.2141,0.9923,0.0089,1.0000,34.5369
116710BLNR,186851,Pre-Owned Steel Rolex GMT-Master II Ref 116710BLNR Batman,https://www.bobswatches.com/pre-owned-steel-rolex-gmt-master-ii-ref-116710blnr-batman.html,https://www.bobswatches.com/images/zUsed-Rolex-GMT-Master-II-116710BLNR-SKU186851.jpg,116710BLNR_186851_d54480dba8.jpg,d54480dba8f86a5b651031898eaf1cf3b1216a3f7e1c19b53faa8f6b8254135a,1412,2160,http image/jpeg,490.8842,0.9934,0.0055,1.0000,33.5957
126613,187400,Pre-Owned Rolex Submariner Bluesy 126613 Steel & 18k Gold,https://www.bobswatches.com/pre-owned-rolex-submariner-bluesy-126613-steel-and-18k-gold.html,https://www.bobswatches.com/images/zPre-Owned-Rolex-Submariner-126613-SKU187400-Blue-Dial.jpg,126613_187400_ebf473c4c7.jpg,ebf473c4c7bbdb8d1b84ecc6fe5ca928ddc4a9bac94d7f2956bad1684ec6c9b9,1412,2160,http image/jpeg,488.7478,0.9834,0.0090,1.0000,33.0715
126710GRNR,187021,Pre-Owned Bruce Wayne Rolex GMT-Master II ref 126710GRNR,https://www.bobswatches.com/pre-owned-bruce-wayne-rolex-gmt-master-ii-ref-126710grnr.html,https://www.bobswatches.com/images/zUsed-Rolex-GMT-Master-II-126710-SKU187021.jpg,126710GRNR_187021_9f74462991.jpg,9f74462991524a333b2358f3de93922c53e6d6114708fd41d04152b69994cef0,1412,2160,http image/jpeg,611.4997,0.9993,0.0224,1.0000,34.4475
126710GRNR,187021,Pre-Owned Bruce Wayne Rolex GMT-Master II ref 126710GRNR,https://www.bobswatches.com/pre-owned-bruce-wayne-rolex-gmt-master-ii-ref-126710grnr.html,https://www.bobswatches.com/images/zUsed-Rolex-GMT-Master-II-126710-Bruce-Wayne-SKU187021.jpg,126710GRNR_187021_b5c6c89778.jpg,b5c6c8977858227d831002a08b70aeaba165fca95c6e61c21f06bed42e6e3094,2160,2160,http image/jpeg,467.8256,0.9724,0.0164,1.0000,39.6647
116610LV,186525,Used Hulk Rolex Submariner Green Dial 116610LV,https://www.bobswatches.com/used-hulk-rolex-submariner-green-dial-116610lv.html,https://www.bobswatches.com/images/zUsed-Rolex-Submariner-116610-SKU186525.jpg,116610LV_186525_981ff9b4b4.jpg,981ff9b4b4ba764f9e34ec22e3ab53e31081b8f0a6a15ac4a6f4c2d0c26257ce,1412,2160,http image/jpeg,616.0523,0.9949,0.0045,1.0000,34.0012
126613,187401,Pre-Owned Rolex Submariner Black Dial 126613 Steel & 18k Gold,https://www.bobswatches.com/pre-owned-rolex-submariner-black-dial-126613-steel-and-18k-gold.html,https://www.bobswatches.com/images/zPre-Owned-Rolex-Submariner-126613-SKU187401-Black-Dial.jpg,126613_187401_33c2a25770.jpg,33c2a257701bdf565e7b25dd61c6c649626f1d227e387fd6016975aaf221a417,1412,2160,http image/jpeg,493.8000,0.9984,0.0037,1.0000,33.7710
126610LN,187573,Pre-Owned Rolex Submariner Black Chromalight Dial 126610LN Steel Oyster,https://www.bobswatches.com/pre-owned-rolex-submariner-black-chromalight-dial-126610ln-steel-oyster.html,https://www.bobswatches.com/images/zUsed-Rolex-Submariner-126610-SKU187573-Black-Dial.jpg,126610LN_187573_d2c16567dc.jpg,d2c16567dc10dd11c0439888d4ba904ddd6d710ed09a4e11899c148e13c0e390,1412,2160,http image/jpeg,491.8607,0.9891,0.0059,1.0000,34.6808
116618LB,187180,Pre-Owned Rolex Submariner 116618LB Blue Dial,https://www.bobswatches.com/pre-owned-rolex-submariner-116618lb-blue-dial.html,https://www.bobswatches.com/images/zUsed-Rolex-Submariner-116618-SKU187180.jpg,116618LB_187180_831bcd8116.jpg,831bcd81160edd06c6ecd3c841e9b475463638021750e7fb962a8e1583a0d112,1412,2160,http image/jpeg,490.8649,0.9946,0.0063,1.0000,31.7676
116613LN,186744,Pre-Owned Rolex Submariner 116613LN Black Diamond Dial,https://www.bobswatches.com/pre-owned-rolex-submariner-116613ln-black-diamond-dial.html,https://www.bobswatches.com/images/zUsed-Rolex-Submariner-116613-SKU186744.jpg,116613LN_186744_61a6e34ac7.jpg,61a6e34ac7a42bb09e50fadfef0aaa3debf23af8f0f187ccb703cd77c34b7de5,1412,2160,http image/jpeg,493.6593,0.9943,0.0035,1.0000,36.5222
126613LN,187374,Pre-Owned Rolex Submariner 126613LN Black Dial,https://www.bobswatches.com/pre-owned-rolex-submariner-126613ln-black-dial.html,https://www.bobswatches.com/images/zUsed-Rolex-Submariner-126613-SKU187374.jpg,126613LN_187374_40a774a292.jpg,40a774a2922a768991a45e30047d3d326d17a486b4a4a70a16c2f673b72f28ed,1412,2160,http image/jpeg,489.8677,0.9975,0.0013,1.0000,36.0025
116710LN,186383,Used Rolex GMT-Master II Black Superluminova Dial 116710LN,https://www.bobswatches.com/used-rolex-gmt-master-ii-black-superluminova-dial-116710ln.html,https://www.bobswatches.com/images/zUsed-Rolex-GMT-Master-II-116710LN-SKU186383.jpg,116710LN_186383_f506a798ad.jpg,f506a798ad51868664ebb77e604b9d5b0a8d7ab0a641c42cb676912491a11a7c,1412,2160,http image/jpeg,491.2547,0.9905,0.0025,1.0000,26.5962
126710GRNR,187350,Pre-Owned Rolex GMT-Master II ref 126710GRNR Grey & Black Bruce Wayne,https://www.bobswatches.com/pre-owned-rolex-gmt-master-ii-ref-126710grnr-grey-and-black-bruce-wayne.html,https://www.bobswatches.com/images/zUsed-Rolex-GMT-Master-II-126710-SKU187350.jpg,126710GRNR_187350_5998ee5406.jpg,5998ee5406697cd3bfbb4850fe69d802cbecfe3d5d745cd464388b74f5afe972,1412,2160,http image/jpeg,609.4323,0.9943,0.0238,1.0000,32.9235
116613LN,187303,Pre-Owned Rolex Submariner Steel & Gold 116613LN Black Dial,https://www.bobswatches.com/pre-owned-rolex-submariner-steel-and-gold-116613ln-black-dial.html,https://www.bobswatches.com/images/zUsed-Rolex-Submariner-116613-SKU187303.jpg,116613LN_187303_8db1b3f16a.jpg,8db1b3f16a54392ebf1800f15f910455b6be3f984dc8dff6e4b6cc2f4070b79f,1412,2160,http image/jpeg,492.8432,0.9960,0.0048,1.0000,34.5017
116613LN,186484,Used Rolex Submariner Stel & Gold 116613LN Black Dial,https://www.bobswatches.com/used-rolex-submariner-stel-and-gold-116613ln-black-dial.html,https://www.bobswatches.com/images/zUsed-Rolex-Submariner-116613-SKU186484.jpg,116613LN_186484_a02ebfdc49.jpg,a02ebfdc49a9c14b72e8f856bd4905e255a311b5e5fb8e5f6d4663043e294375,1412,2160,http image/jpeg,490.3500,0.9966,0.0034,1.0000,34.4718
126610LN,187222,Used Rolex Submariner Black Chromalight Dial 126610LN Steel Oyster,https://www.bobswatches.com/used-rolex-submariner-black-chromalight-dial-126610ln-steel-oyster.html,https://www.bobswatches.com/images/zUsed-Rolex-Submariner-126610-187222.jpg,126610LN_187222_799497234d.jpg,799497234d0115d60d39e979dd661f2e87e927d19df24bebf43612af686e537d,1412,2160,http image/jpeg,491.2771,0.9898,0.0012,1.0000,34.0616
116710LN,185922,Pre-Owned Rolex GMT-Master II Black Chromalight Dial 116710LN,https://www.bobswatches.com/pre-owned-rolex-gmt-master-ii-black-chromalight-dial-116710ln.html,https://www.bobswatches.com/images/zUsed-Rolex-GMT-Master-II-116710-SKU185922.jpg,116710LN_185922_5fd916d8ea.jpg,5fd916d8ea73f64058e9e8ae577b4aeefe093a60f98cd894ff6ba37dfd5b7381,1412,2160,http image/jpeg,485.4000,0.9913,0.0110,1.0000,32.9473
126710BLNR,186526,Used Batgirl Rolex GMT-Master II ref 126710BLNR Jubilee Bracelet,https://www.bobswatches.com/used-batgirl-rolex-gmt-master-ii-ref-126710blnr-jubilee-bracelet.html,https://www.bobswatches.com/images/zUsed-Rolex-GMT-Master-II-126710-SKU186526.jpg,126710BLNR_186526_a38d26c92e.jpg,a38d26c92e8df30e7ea1cc688d1d4ebc3b70225a942ff478c52c5d9e991230a9,1412,2160,http image/jpeg,610.9527,0.9958,0.0080,1.0000,33.8788
126710BLRO,187349,Used Rolex GMT-Master II Pepsi 126710BLRO Jubilee Band,https://www.bobswatches.com/used-rolex-gmt-master-ii-pepsi-126710blro-jubilee-band.html,https://www.bobswatches.com/images/zUsed-Rolex-GMT-Master-II-126710-187349.jpg,126710BLRO_187349_b9060cd11d.jpg,b9060cd11dd6348cbdc8d6418d4e014ff5cf53992edad2882feceaf1c263b011,1412,2160,http image/jpeg,619.2788,0.9952,0.0131,1.0000,33.7927
114060,187150,Pre-Owned Black Dial Rolex Submariner 114060LN,https://www.bobswatches.com/pre-owned-black-dial-rolex-submariner-114060ln.html,https://www.bobswatches.com/images/zUsed-Rolex-Submariner-114060-SKU187150.jpg,114060_187150_3f595f021f.jpg,3f595f021f3256081e68fae0b40a63a8a2fc8b25bd1354074bb167f337cd827e,1412,2160,http image/jpeg,489.4928,0.9943,0.0029,1.0000,34.1089
126710BLNR,186480,Pre-Owned Rolex GMT-Master II Ref 126710BLNR Batgirl,https://www.bobswatches.com/pre-owned-rolex-gmt-master-ii-ref-126710blnr-batgirl.html,https://www.bobswatches.com/images/zUsed-Rolex-GMT-Master-II-126710-SKU186480.jpg,126710BLNR_186480_925299359a.jpg,925299359aa210f71b0536f8a80393bf3ad40873d6e22cffb11b0ab15e0ea763,1412,2160,http image/jpeg,488.5863,0.9910,0.0072,1.0000,36.3901
126710BLNR,186480,Pre-Owned Rolex GMT-Master II Ref 126710BLNR Batgirl,https://www.bobswatches.com/pre-owned-rolex-gmt-master-ii-ref-126710blnr-batgirl.html,https://www.bobswatches.com/images/zUsed-Rolex-GMT-Master-II-126710-Batgirl-SKU186480.jpg,126710BLNR_186480_06b1d0e76f.jpg,06b1d0e76f0547edac1613ae1a34815ae00d5bd05a755eb9e16e76928cf72ba9,2160,2160,http image/jpeg,379.5927,0.9732,0.0128,1.0000,35.9926
126618,186232,Rolex Submariner 18k Yellow Gold Ref 126618 Black Dial,https://www.bobswatches.com/rolex-submariner-18k-yellow-gold-ref-126618-black-dial.html,https://www.bobswatches.com/images/zUsed-Rolex-Submariner-126618-SKU186232.jpg,126618_186232_a7d8ae8650.jpg,a7d8ae8650d10d7780e390511cf273ab530528fd06f677f1217c9881b5907ab1,1412,2160,http image/jpeg,491.2724,0.9925,0.0039,1.0000,35.9879
116710BLNR,186467,Used Batman Rolex GMT-Master II ref 116710BLNR,https://www.bobswatches.com/used-batman-rolex-gmt-master-ii-ref-116710blnr.html,https://www.bobswatches.com/images/zUsed-Rolex-GMT-Master-II-116710-SKU186467.jpg,116710BLNR_186467_a029794b23.jpg,a029794b2334dcc65cb67e56f619416ae41c7b2c79c2c31a7c13498faa356813,1412,2160,http image/jpeg,490.4655,0.9949,0.0033,1.0000,35.7191
116710BLNR,186467,Used Batman Rolex GMT-Master II ref 116710BLNR,https://www.bobswatches.com/used-batman-rolex-gmt-master-ii-ref-116710blnr.html,https://www.bobswatches.com/images/zUsed-Rolex-GMT-Master-II-116710BLNR-Batman-SKU186467.jpg,116710BLNR_186467_2a50afc3d6.jpg,2a50afc3d6c1eaa442af8f15057b59f78c2350da6b547debe898adc531f62aaa,800,800,http image/jpeg,132.5289,0.9749,0.0142,1.0000,29.2649
116613LN,185949,Used Rolex Submariner 116613LN Black Dial,https://www.bobswatches.com/used-rolex-submariner-116613ln-black-dial.html,https://www.bobswatches.com/images/zUsed-Rolex-Submariner-116613LN-SKU185949.jpg,116613LN_185949_094e206c32.jpg,094e206c32415078e1df33a77287e3d264128ce375f4e6daf71fbb805ea83b5e,1412,2160,http image/jpeg,492.0197,0.9934,0.0020,1.0000,33.8427
116613LN,185949,Used Rolex Submariner 116613LN Black Dial,https://www.bobswatches.com/used-rolex-submariner-116613ln-black-dial.html,https://www.bobswatches.com/images/zUsed-Rolex-Submariner-116613LN-SKU185949s.jpg,116613LN_185949_1946ef28d5.jpg,1946ef28d50e37364405da58110823fcfd6dfe72dab5e8ece69f7f6483a5db66,2160,2160,http image/jpeg,294.0140,0.9696,0.0025,1.0000,41.0072
126613LB,186989,Pre-Owned Rolex Submariner 126613LB Blue Dial,https://www.bobswatches.com/pre-owned-rolex-submariner-126613lb-blue-dial.html,https://www.bobswatches.com/images/zUsed-Rolex-Submariner-126613LB-SKU186989.jpg,126613LB_186989_14114fd254.jpg,14114fd254e5f3c3c799c7b52cff9785cbc720b7fb7ef1fb5b7b73d0b91512b2,1412,2160,http image/jpeg,615.1590,0.9911,0.0041,1.0000,32.6006
116613LN,186266,Pre-Owned Rolex Submariner 116613LN Black Dial,https://www.bobswatches.com/pre-owned-rolex-submariner-116613ln-black-dial.html,https://www.bobswatches.com/images/zUsed-Rolex-Submariner-116613LN-SKU186266.jpg,116613LN_186266_81c3fe7f36.jpg,81c3fe7f3623742eb116be8812615492dd788c8957c24c466fb6bfc09eaf53df,1412,2160,http image/jpeg,492.0379,0.9931,0.0057,1.0000,37.6772
116613LN,186266,Pre-Owned Rolex Submariner 116613LN Black Dial,https://www.bobswatches.com/pre-owned-rolex-submariner-116613ln-black-dial.html,https://www.bobswatches.com/images/zUsed-Rolex-Submariner-116613LN-SKU186266s.jpg,116613LN_186266_9d39b84ebc.jpg,9d39b84ebcdba5881bf60f5bed20d171059b9e1fc4d91e285d5ab654eacba609,2160,2160,http image/jpeg,299.4425,0.9770,0.0103,1.0000,41.2938
126613,186260,Used Rolex Submariner Bluesy 126613 Steel & 18k Gold,https://www.bobswatches.com/used-rolex-submariner-bluesy-126613-steel-and-18k-gold.html,https://www.bobswatches.com/images/zUsed-Rolex-Submariner-126613-SKU186260.jpg,126613_186260_841a0c8334.jpg,841a0c8334f3e71f5f177f7081168772c108df19078c1f3f4f36f9e8cfa2ee12,1412,2160,http image/jpeg,491.5930,0.9929,0.0040,1.0000,36.1464
126613LN,186134,Used Rolex Submariner Steel & Gold 126613LN Black Dial,https://www.bobswatches.com/used-rolex-submariner-steel-and-gold-126613ln-black-dial.html,https://www.bobswatches.com/images/zUsed-Rolex-Submariner-126613LN-SKU186134.jpg,126613LN_186134_62cddc89a1.jpg,62cddc89a147820f3829d88d2f2576d2e5c6614e82553374c896394265fa7658,1412,2160,http image/jpeg,487.8171,0.9965,0.0046,1.0000,37.1287
126613LN,186134,Used Rolex Submariner Steel & Gold 126613LN Black Dial,https://www.bobswatches.com/used-rolex-submariner-steel-and-gold-126613ln-black-dial.html,https://www.bobswatches.com/images/zUsed-Rolex-Submariner-126613LN-Black-Dial-SKU186134.jpg,126613LN_186134_3f1e0be5e3.jpg,3f1e0be5e376bd9245d95b6109f1a98a1d8ab679279204e2ca389f37ad4313cc,800,800,http image/jpeg,130.2806,0.9625,0.0113,1.0000,38.0517
126710BLRO,186708,Used Pepsi Rolex GMT-Master II ref 126710BLRO Jubilee,https://www.bobswatches.com/used-pepsi-rolex-gmt-master-ii-ref-126710blro-jubilee.html,https://www.bobswatches.com/images/zUsed-Rolex-GMT-Master-II-126710-186708.jpg,126710BLRO_186708_3e54fd179c.jpg,3e54fd179cb170a8e584c184707f43e46eedf5237dbfcb090b823e473fac7149,1412,2160,http image/jpeg,617.8180,0.9929,0.0042,1.0000,32.3709
116613LB,186607,Pre-Owned Steel & Gold Rolex Submariner 116613LB Bluesy,https://www.bobswatches.com/pre-owned-steel-and-gold-rolex-submariner-116613lb-bluesy.html,https://www.bobswatches.com/images/zUsed-Rolex-Submariner-116613LB-SKU186607.jpg,116613LB_186607_93eecf78b8.jpg,93eecf78b8e7b065ff7a192201ecd9b96c8b59741b0cccb198b1ce645dcddf99,1412,2160,http image/jpeg,490.8043,0.9955,0.0019,1.0000,35.0450
116613LB,186607,Pre-Owned Steel & Gold Rolex Submariner 116613LB Bluesy,https://www.bobswatches.com/pre-owned-steel-and-gold-rolex-submariner-116613lb-bluesy.html,https://www.bobswatches.com/images/zUsed-Rolex-Submariner-116613LB-SKU186607s.jpg,116613LB_186607_cb356d97fc.jpg,cb356d97fcfcc6e757ffc9485398bc56d57839dabf814a1b3759208496f43980,2160,2160,http image/jpeg,282.9266,0.9802,0.0210,1.0000,38.1357
126710BLNR,186575,Pre-Owned Rolex GMT-Master II 126710BLNR Batman,https://www.bobswatches.com/pre-owned-rolex-gmt-master-ii-126710blnr-batman.html,https://www.bobswatches.com/images/zUsed-Rolex-GMT-Master-II-126710-SKU186575.jpg,126710BLNR_186575_6902b4f6e9.jpg,6902b4f6e9d699f36a9b3100d1d3e92d943547bd3df739e7138df2887dd64eba,1412,2160,http image/jpeg,489.6812,0.9940,0.0038,1.0000,34.6792
126710BLNR,186575,Pre-Owned Rolex GMT-Master II 126710BLNR Batman,https://www.bobswatches.com/pre-owned-rolex-gmt-master-ii-126710blnr-batman.html,https://www.bobswatches.com/images/zUsed-Rolex-GMT-Master-II-126710-Batman-SKU186575.jpg,126710BLNR_186575_0cd5abd879.jpg,0cd5abd87979fc2c6893ea2a5513cfc5e7276d81548304d98c2ebeb70189c94c,2160,2160,http image/jpeg,388.7940,0.9809,0.0199,1.0000,38.4965
114060,186950,Used Stainless Steel Rolex Submariner 114060LN,https://www.bobswatches.com/used-stainless-steel-rolex-submariner-114060ln.html,https://www.bobswatches.com/images/zUsed-Rolex-Submariner-114060-SKU186950.jpg,114060_186950_670066901d.jpg,670066901db37ac0fa445ed6e97882b2e7c89df7d87936323a3f04716d4691e8,1412,2160,http image/jpeg,492.0993,0.9965,0.0053,1.0000,31.8236
114060,186950,Used Stainless Steel Rolex Submariner 114060LN,https://www.bobswatches.com/used-stainless-steel-rolex-submariner-114060ln.html,https://www.bobswatches.com/images/zUsed-Rolex-Submariner-114060-Black-Dial-SKU186950.jpg,114060_186950_167e190c16.jpg,167e190c163b708f3ac6edc6fc3ec5648033d594da64cac312cbe591e0bcb38d,2160,2160,http image/jpeg,376.5756,0.9842,0.0165,1.0000,34.0003
116613LN,183042,Used Steel & Gold Rolex Submariner 116613LN Black Chromalight Dial,https://www.bobswatches.com/used-steel-and-gold-rolex-submariner-116613ln-black-chromalight-dial.html,https://www.bobswatches.com/images/zUsed-Rolex-Submariner-116613-SKU183042.jpg,116613LN_183042_23a57833f0.jpg,23a57833f0e1a2c674feb0f6256089fbc30af3ac663bc2fc96f56733f590b90f,1412,2160,http image/jpeg,612.0393,0.9950,0.0051,1.0000,32.5655
116613LN,183042,Used Steel & Gold Rolex Submariner 116613LN Black Chromalight Dial,https://www.bobswatches.com/used-steel-and-gold-rolex-submariner-116613ln-black-chromalight-dial.html,https://www.bobswatches.com/images/zUsed-Rolex-Submariner-116613-Black-Dial-SKU183042.jpg,116613LN_183042_b875714af8.jpg,b875714af8d87130b03b70dc6d5be2756b3d3d993b411cfb31567b03e5c6b738,2160,2160,http image/jpeg,387.7660,0.9641,0.0170,1.0000,40.4499
116613LN,183911,Pre-Owned Rolex Submariner 116613LN Black Chromalight Dial,https://www.bobswatches.com/pre-owned-rolex-submariner-116613ln-black-chromalight-dial.html,https://www.bobswatches.com/images/zUsed-Rolex-Submariner-116613LB-SKU183911.jpg,116613LN_183911_d5e97c3ab1.jpg,d5e97c3ab165a9f60fe37186541b9c097b94af18adca27b1192f23dd93a48793,1412,2160,http image/jpeg,491.3527,0.9975,0.0032,1.0000,35.2265
116613LN,183911,Pre-Owned Rolex Submariner 116613LN Black Chromalight Dial,https://www.bobswatches.com/pre-owned-rolex-submariner-116613ln-black-chromalight-dial.html,https://www.bobswatches.com/images/zUsed-Rolex-Submariner-116613LB-Black-Dial-SKU183911.jpg,116613LN_183911_e22b592fd4.jpg,e22b592fd4700088adccf32534b971f7845e008e268e95cbfa330268b32b515d,2160,2160,http image/jpeg,391.3166,0.9718,0.0082,1.0000,37.2596
126613LB,186927,Pre-Owned Blue Dial Rolex Submariner 126613LB Steel & 18k Gold,https://www.bobswatches.com/pre-owned-blue-dial-rolex-submariner-126613lb-steel-and-18k-gold.html,https://www.bobswatches.com/images/zUsed-Rolex-Submariner-126613LB-SKU186927.jpg,126613LB_186927_2fc2642739.jpg,2fc26427390bb7e676fdba373929bfff655c5c2e4f7310feaf8e10be32933440,1412,2160,http image/jpeg,493.1711,0.9973,0.0023,1.0000,34.5136
126613LB,186927,Pre-Owned Blue Dial Rolex Submariner 126613LB Steel & 18k Gold,https://www.bobswatches.com/pre-owned-blue-dial-rolex-submariner-126613lb-steel-and-18k-gold.html,https://www.bobswatches.com/images/zUsed-Rolex-Submariner-126613LB-Blue-Dial-SKU186927.jpg,126613LB_186927_8e669f626c.jpg,8e669f626cbf0feefd76f740aa0603535079f88a633deb853275656d697186b9,2160,2160,http image/jpeg,383.1953,0.9676,0.0220,1.0000,41.8187
114060,184890,Used Men's Rolex Submariner Ref 114060 Stainless Steel,https://www.bobswatches.com/used-mens-rolex-submariner-ref-114060-stainless-steel.html,https://www.bobswatches.com/images/zUsed-Rolex-Submariner-114060-Black-Dial-SKU184890.jpg,114060_184890_d670c98c68.jpg,d670c98c68c47197883def6601d0ea951d5f4033f819e9499603600a15228b83,1412,2160,http image/jpeg,612.0181,0.9923,0.0035,1.0000,33.4465
114060,184890,Used Men's Rolex Submariner Ref 114060 Stainless Steel,https://www.bobswatches.com/used-mens-rolex-submariner-ref-114060-stainless-steel.html,https://www.bobswatches.com/images/zUsed-Rolex-Submariner-114060-Timing-Bezel-SKU184890.jpg,114060_184890_9185e47a7f.jpg,9185e47a7f8467258f8311a87137addafc9b5f5b48c20ef97f93c8bbfaf5afe5,800,800,http image/jpeg,142.2408,0.9624,0.0192,1.0000,31.1623
116610,185181,Men's Rolex Submariner Ref 116610 Stainless Steel,https://www.bobswatches.com/mens-rolex-submariner-ref-116610-stainless-steel.html,https://www.bobswatches.com/images/zUsed-Rolex-Submariner-116610-Black-Dial-SKU185181.jpg,116610_185181_a90b4b1ec4.jpg,a90b4b1ec429f3271ce54d765c8db84dcc8fab6daa93fa23cc4b8461efb857d9,1412,2160,http image/jpeg,610.7947,0.9951,0.0037,1.0000,34.7210
116610,185181,Men's Rolex Submariner Ref 116610 Stainless Steel,https://www.bobswatches.com/mens-rolex-submariner-ref-116610-stainless-steel.html,https://www.bobswatches.com/images/zUsed-Rolex-Submariner-116610-Black-Timing-Bezel-SKU185181.jpg,116610_185181_6d0b887795.jpg,6d0b8877950bd37a7bd9ad068b965d086d243630b2b19c583192292e9d5baf40,800,800,http image/jpeg,141.5419,0.9663,0.0194,1.0000,35.1365
116610LN,186834,Pre-Owned Rolex Submariner 116610LN Black Dial,https://www.bobswatches.com/pre-owned-rolex-submariner-116610ln-black-dial.html,https://www.bobswatches.com/images/zUsed-Rolex-Submariner-116610LN-SKU186834.jpg,116610LN_186834_73a8c50aee.jpg,73a8c50aee5169954ed07a40886097a02968ac027ec784ae65c2bed6dd7daefb,1961,3000,http image/jpeg,847.2001,0.9948,0.0057,1.0000,36.7786
116610LN,186863,Used Black Dial Rolex Submariner Ref 116610LN Stainless Steel,https://www.bobswatches.com/used-black-dial-rolex-submariner-ref-116610ln-stainless-steel.html,https://www.bobswatches.com/images/zUsed-Rolex-Submariner-116610-SKU186863.jpg,116610LN_186863_4030a197be.jpg,4030a197be84edb4c1c46ad36a68f656cc2a97b962748719086a7c07c96bee9e,1412,2160,http image/jpeg,491.1162,0.9883,0.0037,1.0000,38.5322
126610,186928,Pre-Owned Rolex Submariner Stainless Steel 126610 Black Dial,https://www.bobswatches.com/pre-owned-rolex-submariner-stainless-steel-126610-black-dial.html,https://www.bobswatches.com/images/zUsed-Rolex-Submariner-126610-SKU186928.jpg,126610_186928_dc0e8616a2.jpg,dc0e8616a28d0c7f0574d6c44ccd4a84a0dddb87fdf6d834212ef9e951b4d395,1412,2160,http image/jpeg,492.6858,0.9981,0.0047,1.0000,36.5940
116613LB,186884,Used Rolex Submariner 116613LB Bluesy,https://www.bobswatches.com/used-rolex-submariner-116613lb-bluesy.html,https://www.bobswatches.com/images/zUsed-Rolex-Submariner-116613LB-SKU186884.jpg,116613LB_186884_057ea403f3.jpg,057ea403f392a3687ed406fd99e495c8b5a722f18f545b6aab037f08341fadac,1412,2160,http image/jpeg,488.6870,0.9945,0.0040,1.0000,26.3278
116613,187022,Used Two Tone Rolex Submariner Ref 116613 Blue Dial,https://www.bobswatches.com/used-two-tone-rolex-submariner-ref-116613-blue-dial.html,https://www.bobswatches.com/images/zUsed-Rolex-Submariner-116613-SKU187022.jpg,116613_187022_3135b5160c.jpg,3135b5160cfe52371263553ff9e6f2bd367f93715791b02d489156ce4e22b407,1412,2160,http image/jpeg,489.1917,0.9993,0.0045,1.0000,32.1300
116613,187022,Used Two Tone Rolex Submariner Ref 116613 Blue Dial,https://www.bobswatches.com/used-two-tone-rolex-submariner-ref-116613-blue-dial.html,https://www.bobswatches.com/images/zUsed-Rolex-Submariner-116613-Blue-Dial-SKU187022s.jpg,116613_187022_fff1b477ec.jpg,fff1b477ec2f0665ff420554a6d5b71f153015ce3317cdf4f01eda474ded1bcf,2160,2160,http image/jpeg,263.6942,0.9773,0.0047,1.0000,38.3244
116710,186839,Used Black & Blue Rolex GMT-Master II 116710 Batman,https://www.bobswatches.com/used-black-and-blue-rolex-gmt-master-ii-116710-batman.html,https://www.bobswatches.com/images/zUsed-Rolex-GMT-Master-II-116710-SKU186839.jpg,116710_186839_301214fc28.jpg,301214fc28bcdf02aac893319ef7a55985aee0b0ce77fec799f81f6655d9d461,1412,2160,http image/jpeg,489.7145,0.9963,0.0053,1.0000,35.0810
116710,186839,Used Black & Blue Rolex GMT-Master II 116710 Batman,https://www.bobswatches.com/used-black-and-blue-rolex-gmt-master-ii-116710-batman.html,https://www.bobswatches.com/images/zUsed-Rolex-GMT-Master-II-116710-Batman-SKU186839.jpg,116710_186839_3b76e11beb.jpg,3b76e11beb7968740df3e7800d3763957eec542c49ac557e3b6e1bbad0d3bc33,800,800,http image/jpeg,131.9062,0.9689,0.0132,1.0000,31.3916
116710BLNR,186543,Used Blue & Black Rolex GMT-Master II Ref 116710BLNR Batman,https://www.bobswatches.com/used-blue-and-black-rolex-gmt-master-ii-ref-116710blnr-batman.html,https://www.bobswatches.com/images/zUsed-Rolex-GMT-Master-II-116710-SKU186543.jpg,116710BLNR_186543_6f2c857355.jpg,6f2c857355e97556051a081415be085099617b628c6e1bb1a3c3082282d8a19f,1412,2160,http image/jpeg,490.3539,0.9970,0.0116,1.0000,33.7979
126710BLNR,186167,Pre-Owned Rolex GMT-Master II Batgirl 126710BLNR Jubilee Band,https://www.bobswatches.com/pre-owned-rolex-gmt-master-ii-batgirl-126710blnr-jubilee-band.html,https://www.bobswatches.com/images/zUsed-Rolex-GMT-Master-II-126710-SKU186167.jpg,126710BLNR_186167_46d47c662f.jpg,46d47c662fd9231420feb96d05f68d5d97925d8e5295792bd6dcfb10b723da14,1412,2160,http image/jpeg,487.4867,0.9874,0.0035,1.0000,34.1664
126710BLNR,186167,Pre-Owned Rolex GMT-Master II Batgirl 126710BLNR Jubilee Band,https://www.bobswatches.com/pre-owned-rolex-gmt-master-ii-batgirl-126710blnr-jubilee-band.html,https://www.bobswatches.com/images/zUsed-Rolex-GMT-Master-II-126710-Batgirl-SKU186167.jpg,126710BLNR_186167_64f16dfa00.jpg,64f16dfa0021f9bc010d08a97a4821b20d5a6437b3d923c7ebd5a0ed895ea2a1,800,800,http image/jpeg,137.2397,0.9633,0.0164,1.0000,30.6498
126613LN,186978,Pre-Owned Rolex Submariner Two Tone 126613LN Black Dial,https://www.bobswatches.com/pre-owned-rolex-submariner-two-tone-126613ln-black-dial.html,https://www.bobswatches.com/images/zUsed-Rolex-Submariner-126613-SKU186978.jpg,126613LN_186978_f1215dd2f3.jpg,f1215dd2f3962870b01cdbd4f418f2f8352e85805aff0db30fbde609a051dc0b,1412,2160,http image/jpeg,492.9390,0.9988,0.0022,1.0000,36.9698
126610LV,186349,Used Green Bezel Starbucks Rolex Submariner Ref 126610LV,https://www.bobswatches.com/used-green-bezel-starbucks-rolex-submariner-ref-126610lv.html,https://www.bobswatches.com/images/zUsed-Rolex-Submariner-126610LV-SKU186349.jpg,126610LV_186349_7974383925.jpg,797438392540ded46e7c3c8a5fbd652491205e1408e622f48d709eafed0b686c,1411,2160,http image/jpeg,482.9025,0.9826,0.0145,1.0000,29.6054
126610LV,186349,Used Green Bezel Starbucks Rolex Submariner Ref 126610LV,https://www.bobswatches.com/used-green-bezel-starbucks-rolex-submariner-ref-126610lv.html,https://www.bobswatches.com/images/zUsed-Rolex-Submariner-126610LV-Starbucks-SKU186349.jpg,126610LV_186349_0d2b716033.jpg,0d2b716033880e8e535418ff0b76532c927e226c16c88adbe8cca7effd8fdd74,800,800,http image/jpeg,180.3653,0.9722,0.0223,1.0000,33.7226
116613,186520,Pre-Owned Rolex Submariner Two Tone 116613 Black Dial,https://www.bobswatches.com/pre-owned-rolex-submariner-two-tone-116613-black-dial.html,https://www.bobswatches.com/images/zUsed-Rolex-Submariner-116613-SKU186520.jpg,116613_186520_869ee8479a.jpg,869ee8479aaec0dd255f59b2b35e4a73cff43d758abec8b0608fcedac6a763de,1412,2160,http image/jpeg,486.5034,0.9917,0.0055,1.0000,31.4835
126610LV,185021,Used Men's Rolex Submariner Ref 126610LV Starbucks,https://www.bobswatches.com/used-mens-rolex-submariner-ref-126610lv-starbucks.html,https://www.bobswatches.com/images/zUsed-Rolex-Submariner-126610-Black-Dial-SKU185021.jpg,126610LV_185021_d5c5a73c2a.jpg,d5c5a73c2a9548faa95124ed2d9fea1f6493e38c814752947c5fb31851230523,1411,2160,http image/jpeg,488.0456,0.9872,0.0140,1.0000,35.1239
126710GRNR,186532,Used Rolex GMT-Master II Bruce Wayne 126710GRNR,https://www.bobswatches.com/used-rolex-gmt-master-ii-bruce-wayne-126710grnr.html,https://www.bobswatches.com/images/zUsed-Rolex-GMT-Master-II-126710-186532.jpg,126710GRNR_186532_7f5b7d8528.jpg,7f5b7d85286a2774ef6a10dfbe31fc05364606ca855f35187b9f653d21cea25c,1412,2160,http image/jpeg,612.4186,0.9959,0.0156,1.0000,34.9866
126619,186615,Pre-owned 18k White Gold Rolex Submariner 126619 Cookie Monster,https://www.bobswatches.com/pre-owned-18k-white-gold-rolex-submariner-126619-cookie-monster.html,https://www.bobswatches.com/images/zUsed-Rolex-Submariner-126619-186615.jpg,126619_186615_f6ceb74c78.jpg,f6ceb74c788d24b4484598b925d761c6abf7ae388ca039ece9efe1b2a10aee45,1412,2160,http image/jpeg,491.9217,0.9910,0.0058,1.0000,34.5947
126619,186615,Pre-owned 18k White Gold Rolex Submariner 126619 Cookie Monster,https://www.bobswatches.com/pre-owned-18k-white-gold-rolex-submariner-126619-cookie-monster.html,https://www.bobswatches.com/images/zUsed-Rolex-Submariner-126619-Cookie-Monster-SKU186615.jpg,126619_186615_01a18946b1.jpg,01a18946b1a8793f9e9f71a8648000b29d54b930b92988cef1b7b0c87e411900,800,800,http image/jpeg,135.9916,0.9817,0.0204,1.0000,37.4270
116710LN,185923,Used Black Dial Rolex GMT-Master II ref 116710LN,https://www.bobswatches.com/used-black-dial-rolex-gmt-master-ii-ref-116710ln.html,https://www.bobswatches.com/images/zUsed-Rolex-GMT-Master-II-116710-SKU185923.jpg,116710LN_185923_90f0a2053a.jpg,90f0a2053a455cfd1b571fb1e310472df4b727ef6d7f649045cdf36c28d35061,1412,2160,http image/jpeg,486.1801,0.9969,0.0013,1.0000,32.8846
126613,186482,Pre-owned Bluesy Rolex Submariner ref 126613,https://www.bobswatches.com/pre-owned-bluesy-rolex-submariner-ref-126613.html,https://www.bobswatches.com/images/zUsed-Rolex-Submariner-126613-186482.jpg,126613_186482_43546f793b.jpg,43546f793b03e21c19294dbe3adc33535ba2a39cb29d59432783b7370849a2d6,1412,2160,http image/jpeg,491.5834,0.9905,0.0008,1.0000,33.6834
126710BLRO,186343,Pre-owned Pepsi Rolex GMT-Master II ref 126710BLRO Jubilee Bracelet,https://www.bobswatches.com/pre-owned-pepsi-rolex-gmt-master-ii-ref-126710blro-jubilee-bracelet.html,https://www.bobswatches.com/images/zUsed-Rolex-GMT-Master-II-126710-186343.jpg,126710BLRO_186343_89c09a1d50.jpg,89c09a1d5033f5d43ddb5704a6f06286d1b26c3909a29b139995eaf4c460f6a3,1412,2160,http image/jpeg,490.2617,0.9826,0.0075,1.0000,34.1117
126613,186840,Pre-Owned Rolex Submariner Steel & Gold Ref 126613 Blue Dial,https://www.bobswatches.com/pre-owned-rolex-submariner-steel-and-gold-ref-126613-blue-dial.html,https://www.bobswatches.com/images/zUsed-Rolex-Submariner-126613-SKU186840.jpg,126613_186840_16fe67d46c.jpg,16fe67d46c67d71c5818fc4cf9bf348a318f33ffa17969fbde42bc4965b3685d,1412,2160,http image/jpeg,489.7554,0.9850,0.0030,1.0000,37.8319
126613,186840,Pre-Owned Rolex Submariner Steel & Gold Ref 126613 Blue Dial,https://www.bobswatches.com/pre-owned-rolex-submariner-steel-and-gold-ref-126613-blue-dial.html,https://www.bobswatches.com/images/zUsed-Rolex-Submariner-126613-Blue-Dial-SKU186840.jpg,126613_186840_f704185b9b.jpg,f704185b9b458578874d6c7bf87644a64c9543670f22d39bfcdc8ebfb9186034,800,800,http image/jpeg,136.1796,0.9798,0.0123,1.0000,36.4324
114060,186544,Pre-owned Stainless Steel Rolex Submariner 114060,https://www.bobswatches.com/pre-owned-stainless-steel-rolex-submariner-114060.html,https://www.bobswatches.com/images/zUsed-Rolex-Submariner-114060-SKU186544.jpg,114060_186544_d14d9a54fa.jpg,d14d9a54fae1bc558b09f90ac22319455970ab4f1579749dca9a6d148dfc25ec,1412,2160,http image/jpeg,613.1582,0.9946,0.0176,1.0000,32.6057
114060,186544,Pre-owned Stainless Steel Rolex Submariner 114060,https://www.bobswatches.com/pre-owned-stainless-steel-rolex-submariner-114060.html,https://www.bobswatches.com/images/zUsed-Rolex-Submariner-114060-Black-Dial-SKU186544.jpg,114060_186544_cafe09aa20.jpg,cafe09aa20bb18bdae784c858e3bdd9ca49a925388b396c8ec18f9482f56bec0,800,800,http image/jpeg,137.2378,0.9777,0.0110,1.0000,31.1254
126613,186540,Used Rolex Submariner Steel & Gold Ref 126613 Blue Dial,https://www.bobswatches.com/used-rolex-submariner-steel-and-gold-ref-126613-blue-dial.html,https://www.bobswatches.com/images/zUsed-Rolex-Submariner-126613-SKU186540.jpg,126613_186540_bd88384569.jpg,bd8838456936c2eb86f0cb2c5b9dc47fb03ec53a94f183566c4b3cdd1df149b9,1412,2160,http image/jpeg,489.1773,0.9809,0.0132,1.0000,36.4549
126613,186540,Used Rolex Submariner Steel & Gold Ref 126613 Blue Dial,https://www.bobswatches.com/used-rolex-submariner-steel-and-gold-ref-126613-blue-dial.html,https://www.bobswatches.com/images/zUsed-Rolex-Submariner-126613-Blue-Dial-SKU186540.jpg,126613_186540_ea2aeb7427.jpg,ea2aeb7427784a1acdf4b707d715cae95d1d3b0cf2645393df34cf22589efb30,800,800,http image/jpeg,138.5519,0.9625,0.0197,1.0000,33.4896
126710GRNR,186802,Pre-owned Rolex GMT-Master II Bruce Wayne ref 126710GRNR,https://www.bobswatches.com/pre-owned-rolex-gmt-master-ii-bruce-wayne-ref-126710grnr.html,https://www.bobswatches.com/images/zUsed-Rolex-GMT-Master-II-126710-186802.jpg,126710GRNR_186802_0a4e0899bb.jpg,0a4e0899bb1001fc28c302947cfffddd549215c0bd5916da55cfd04d8de1b0d4,1412,2160,http image/jpeg,612.2573,0.9996,0.0181,1.0000,34.6520
116710,185766,Used Black Dial Rolex GMT-Master II Steel 116710,https://www.bobswatches.com/used-black-dial-rolex-gmt-master-ii-steel-116710.html,https://www.bobswatches.com/images/zUsed-Rolex-GMT-Master-II-116710-SKU185766.jpg,116710_185766_cdbd0a70e8.jpg,cdbd0a70e81ad064493a65442559c02fe0c989e7ec658f7c3bee08ae141693f6,1412,2160,http image/jpeg,608.8505,0.9914,0.0018,1.0000,30.8044
116710,185766,Used Black Dial Rolex GMT-Master II Steel 116710,https://www.bobswatches.com/used-black-dial-rolex-gmt-master-ii-steel-116710.html,https://www.bobswatches.com/images/zUsed-Rolex-GMT-Master-II-116710-Black-Dial-SKU185766.jpg,116710_185766_170143b9e3.jpg,170143b9e36ce86cdda39e30c4fc37999aa8bf3d911a1ba0220cd64920d38714,800,800,http image/jpeg,142.9107,0.9733,0.0240,1.0000,27.1286
126710BLNR,186598,Used Rolex GMT-Master II Ref 126710BLNR Steel Batman,https://www.bobswatches.com/used-rolex-gmt-master-ii-ref-126710blnr-steel-batman.html,https://www.bobswatches.com/images/zUsed-Rolex-GMT-Master-II-126710-SKU186598.jpg,126710BLNR_186598_f63edf0c0a.jpg,f63edf0c0a2fcf72bb3b0c52e36242bbe73493d16d0c7f7165f587af6040f7fa,1412,2160,http image/jpeg,492.3420,0.9951,0.0063,1.0000,32.9336
126710BLNR,186598,Used Rolex GMT-Master II Ref 126710BLNR Steel Batman,https://www.bobswatches.com/used-rolex-gmt-master-ii-ref-126710blnr-steel-batman.html,https://www.bobswatches.com/images/zUsed-Rolex-GMT-Master-II-126710-Black-Dial-SKU186598.jpg,126710BLNR_186598_aba2726150.jpg,aba27261503c656a4c27bc65cae12d3179982239ea13f49be209d1264d3f61cd,800,800,http image/jpeg,136.8975,0.9758,0.0239,1.0000,32.1615
126613LB,186346,Used Rolex Submariner Date Ref 126613LB Two Tone Bluesy,https://www.bobswatches.com/used-rolex-submariner-date-ref-126613lb-two-tone-bluesy.html,https://www.bobswatches.com/images/zUsed-Rolex-Submariner-126613-SKU186346.jpg,126613LB_186346_7f623113e7.jpg,7f623113e7d97d02698fcf229856b563d1267bc9f3f6ebb50449330de0e84a29,1412,2160,http image/jpeg,621.4522,0.9980,0.0088,1.0000,32.2785
116610LV,185573,Pre-Owned Green Hulk Rolex Submariner Ref 116610LV,https://www.bobswatches.com/pre-owned-green-hulk-rolex-submariner-ref-116610lv.html,https://www.bobswatches.com/images/zUsed-Rolex-Submariner-116610-SKU185573.jpg,116610LV_185573_2d492a58ae.jpg,2d492a58aed1eb21236ef3b63c7a027d3f02f5092e175f49fdd23deb17b59d72,1412,2160,http image/jpeg,612.8732,0.9951,0.0101,1.0000,32.7321
116610LV,185573,Pre-Owned Green Hulk Rolex Submariner Ref 116610LV,https://www.bobswatches.com/pre-owned-green-hulk-rolex-submariner-ref-116610lv.html,https://www.bobswatches.com/images/zUsed-Rolex-Submariner-116610LV-Hulk-SKU185573.jpg,116610LV_185573_c3ab3b96fd.jpg,c3ab3b96fd6c698e481bbce1f501c408a872a7051f44dd2264d3a63ff0b00f1d,800,800,http image/jpeg,137.1712,0.9691,0.0060,1.0000,32.4197
116610LV,186617,Used Hulk Rolex Submariner Ref 116610LV Green Dial,https://www.bobswatches.com/used-hulk-rolex-submariner-ref-116610lv-green-dial.html,https://www.bobswatches.com/images/zUsed-Rolex-Submariner-116610LV-SKU186617.jpg,116610LV_186617_31fb2956e5.jpg,31fb2956e5e50516bafe7a15fe3cf7580935d9357480b58d3d6fe59c10066d1f,1412,2160,http image/jpeg,488.3846,0.9889,0.0013,1.0000,35.5954
116610LV,186617,Used Hulk Rolex Submariner Ref 116610LV Green Dial,https://www.bobswatches.com/used-hulk-rolex-submariner-ref-116610lv-green-dial.html,https://www.bobswatches.com/images/zUsed-Rolex-Submariner-116610LV-Hulk-SKU186617.jpg,116610LV_186617_3a10c76991.jpg,3a10c76991ef32cc1232381b03033024f37f72af3e24b6b6c226dba5a4bf9174,800,800,http image/jpeg,157.9804,0.9702,0.0138,1.0000,34.5742
116710BLNR,185908,Rolex GMT-Master II Ref 116710BLNR Blue & Black Batman,https://www.bobswatches.com/rolex-gmt-master-ii-ref-116710blnr-blue-and-black-batman.html,https://www.bobswatches.com/images/zUsed-Rolex-GMT-Master-II-116710-SKU185908.jpg,116710BLNR_185908_717e369517.jpg,717e3695175a96d9357439df7763d1509e05cea8f4d90e66d99b60171d8af548,1412,2160,http image/jpeg,494.0762,0.9956,0.0097,1.0000,36.8421
116710BLNR,185908,Rolex GMT-Master II Ref 116710BLNR Blue & Black Batman,https://www.bobswatches.com/rolex-gmt-master-ii-ref-116710blnr-blue-and-black-batman.html,https://www.bobswatches.com/images/zUsed-Rolex-GMT-Master-II-116710-Batman-SKU185908.jpg,116710BLNR_185908_5447b61ff5.jpg,5447b61ff5938d17d9cb8d1ba5ad652b87255ba360fe950e231f0eacca845f57,800,800,http image/jpeg,135.9689,0.9633,0.0148,1.0000,37.3615
116610,186227,Pre-owned Rolex Submariner Black Dial 116610 Steel Oyster Band,https://www.bobswatches.com/pre-owned-rolex-submariner-black-dial-116610-steel-oyster-band.html,https://www.bobswatches.com/images/zUsed-Rolex-Submariner-116610-SKU186227.jpg,116610_186227_c6e059cd52.jpg,c6e059cd52e03ec0f39e3e06c8181fbca716ca30c0ae4d415749337c32f81557,1412,2160,http image/jpeg,490.3816,0.9937,0.0049,1.0000,33.8841
116610,186227,Pre-owned Rolex Submariner Black Dial 116610 Steel Oyster Band,https://www.bobswatches.com/pre-owned-rolex-submariner-black-dial-116610-steel-oyster-band.html,https://www.bobswatches.com/images/zUsed-Rolex-Submariner-116610-Black-Dial-SKU186227.jpg,116610_186227_d1f4eb069a.jpg,d1f4eb069a20d2a60f7fb796d50f3713d0600c7210731df73c9c4732d0cce5d9,800,800,http image/jpeg,140.6698,0.9628,0.0118,1.0000,33.1790
116710,182969,Used Rolex GMT Master II 116710 Batman,https://www.bobswatches.com/used-rolex-gmt-master-ii-116710-batman.html,https://www.bobswatches.com/images/zUsed-Rolex-GMT-Master-II-116710-Black-Dial-SKU182969.jpg,116710_182969_12d7ab7ed8.jpg,12d7ab7ed82217ed88820a46664bd52d701c52cfa6dfe5ed6b1e90ef0b572064,1412,2160,http image/jpeg,490.6933,0.9902,0.0070,1.0000,35.1717
116710,185721,Men's Rolex GMT-Master II Batman Ref 116710 Black Dial,https://www.bobswatches.com/mens-rolex-gmt-master-ii-batman-ref-116710-black-dial.html,https://www.bobswatches.com/images/zUsed-Rolex-GMT-Master-II-116710-Black-Dial-SKU185721.jpg,116710_185721_115d1a3690.jpg,115d1a36903070490bca52307fc7a74b88b639aca7fbf0af3a089fcc9582a242,1412,2160,http image/jpeg,489.8499,0.9926,0.0052,1.0000,35.3825
116710,185721,Men's Rolex GMT-Master II Batman Ref 116710 Black Dial,https://www.bobswatches.com/mens-rolex-gmt-master-ii-batman-ref-116710-black-dial.html,https://www.bobswatches.com/images/zUsed-Rolex-GMT-Master-II-116710-Batman-Bezel-SKU185721.jpg,116710_185721_a0a2a3de75.jpg,a0a2a3de75a28a7314bf1fcdc68e4e43e54db40352fe579f641606fb8b495398,800,800,http image/jpeg,141.2148,0.9654,0.0110,1.0000,33.4698
116610LV,184400,Used Rolex Submariner Green Hulk Ref 116610LV,https://www.bobswatches.com/used-rolex-submariner-green-hulk-ref-116610lv.html,https://www.bobswatches.com/images/zUsed-Rolex-Submariner-116610LV-SKU184400.jpg,116610LV_184400_4ca1ddf363.jpg,4ca1ddf3631d5f9021062730ac062720202609742bf64762fc204a648645c716,1412,2160,http image/jpeg,613.2894,0.9981,0.0105,1.0000,32.2560
116710,185533,Used Black Dial Rolex GMT-Master II Steel Oyster 116710,https://www.bobswatches.com/used-black-dial-rolex-gmt-master-ii-steel-oyster-116710.html,https://www.bobswatches.com/images/zUsed-Rolex-GMT-Master-II-116710-SKU185533.jpg,116710_185533_4483956821.jpg,448395682109322b4dbbf17660888a43a78f3dfdc6ef64ae0f324f36b75591ec,1412,2160,http image/jpeg,486.4020,0.9880,0.0075,1.0000,33.2012
116710,185533,Used Black Dial Rolex GMT-Master II Steel Oyster 116710,https://www.bobswatches.com/used-black-dial-rolex-gmt-master-ii-steel-oyster-116710.html,https://www.bobswatches.com/images/zUsed-Rolex-GMT-Master-II-116710-Black-Dial-SKU185533.jpg,116710_185533_ed326296ee.jpg,ed326296eec082497da700bc57fad3ae87e760fe5c7338b7b1e30ea9162a6fde,800,800,http image/jpeg,140.5684,0.9631,0.0039,1.0000,31.3894
114060,186126,Pre-owned Stainless Steel Rolex Submariner Ref 114060,https://www.bobswatches.com/pre-owned-stainless-steel-rolex-submariner-ref-114060.html,https://www.bobswatches.com/images/zUsed-Rolex-Submariner-114060-SKU186126.jpg,114060_186126_8e2f8fab1c.jpg,8e2f8fab1c7cb5d9a7a6be451a57d30b3ddaac828c1d5ed35a9c374065fb8052,1412,2160,http image/jpeg,608.9517,0.9950,0.0008,1.0000,34.5179
114060,186126,Pre-owned Stainless Steel Rolex Submariner Ref 114060,https://www.bobswatches.com/pre-owned-stainless-steel-rolex-submariner-ref-114060.html,https://www.bobswatches.com/images/zUsed-Rolex-Submariner-114060-Black-Dial-SKU186126.jpg,114060_186126_9f45d8be93.jpg,9f45d8be936b53dc1d616e772664c59475f71956663fb96753a0b9f93acbbd89,800,800,http image/jpeg,137.3745,0.9646,0.0140,1.0000,33.1441
116710BLNR,182846,Men's Rolex GMT-Master II 116710BLNR Batman,https://www.bobswatches.com/mens-rolex-gmt-master-ii-116710blnr-batman.html,https://www.bobswatches.com/images/zUsed-Rolex-GMT-Master-II-116710-Black-Dial-SKU182846.jpg,116710BLNR_182846_06b9d0444f.jpg,06b9d0444f1c6ae8fb4d282e8ed7e989fbc9215b51e701ad06232678dd6330f7,1412,2160,http image/jpeg,487.8163,0.9879,0.0067,1.0000,35.1865
126710GRNR,185397,Used Rolex GMT-Master II ref 126710GRNR,https://www.bobswatches.com/used-rolex-gmt-master-ii-ref-126710grnr.html,https://www.bobswatches.com/images/zUsed-Rolex-GMT-Master-II-126710-SKU185397.jpg,126710GRNR_185397_e361d2c8cd.jpg,e361d2c8cd1551cde35a539e6f553b0f0456664456f06efbb5bed8c17e320a39,1412,2160,http image/jpeg,611.6964,0.9966,0.0218,1.0000,32.8421
116613LB,185649,Pre-owned Blue Rolex Submariner 116613LB Steel & Gold,https://www.bobswatches.com/pre-owned-blue-rolex-submariner-116613lb-steel-and-gold.html,https://www.bobswatches.com/images/zUsed-Rolex-Submariner-116613-SKU185649.jpg,116613LB_185649_b64b6cda71.jpg,b64b6cda71e82e684bf456a4c0f01a455292bdee3398409603d1b049f81cbd90,1412,2160,http image/jpeg,489.3039,0.9875,0.0018,1.0000,31.8368
116613LB,185649,Pre-owned Blue Rolex Submariner 116613LB Steel & Gold,https://www.bobswatches.com/pre-owned-blue-rolex-submariner-116613lb-steel-and-gold.html,https://www.bobswatches.com/images/zUsed-Rolex-Submariner-116613-Blue-Dial-SKU185649.jpg,116613LB_185649_82af4f2761.jpg,82af4f2761a1dc6711d0ca8ec7118f2788ad6202a2a18b260ee53a2102f40bc8,800,800,http image/jpeg,136.0819,0.9878,0.0219,1.0000,30.5558
114060,186088,Used Rolex Submariner Black Dial 114060 Steel Oyster,https://www.bobswatches.com/used-rolex-submariner-black-dial-114060-steel-oyster.html,https://www.bobswatches.com/images/zUsed-Rolex-Submariner-114060-SKU186088.jpg,114060_186088_9cc1233b34.jpg,9cc1233b340d641f9c0ede9b41a4fd3ba90bd1ba0927b23ceeff3fe7117b5327,1412,2160,http image/jpeg,490.8501,0.9927,0.0020,1.0000,34.3659
114060,186088,Used Rolex Submariner Black Dial 114060 Steel Oyster,https://www.bobswatches.com/used-rolex-submariner-black-dial-114060-steel-oyster.html,https://www.bobswatches.com/images/zUsed-Rolex-Submariner-114060-Black-Dial-SKU186088.jpg,114060_186088_b36deaa4a5.jpg,b36deaa4a596bf9a54173b69efd2f2c6bc0f05e9c0c1a226cc7c0efbed0e9330,800,800,http image/jpeg,140.1714,0.9606,0.0099,1.0000,33.2089
116610,186117,Used Rolex Submariner Black Dial 116610 Steel Oyster Band,https://www.bobswatches.com/used-rolex-submariner-black-dial-116610-steel-oyster-band.html,https://www.bobswatches.com/images/zUsed-Rolex-Submariner-116610-SKU-186117.jpg,116610_186117_f004f754e2.jpg,f004f754e2545d46ab8b368e9dd59229bfd6b41560ac09c1abced9f0f0554465,1412,2160,http image/jpeg,609.7735,0.9963,0.0015,1.0000,35.3466
116610,183862,Used Rolex Submariner Ref 116610 Stainless Steel,https://www.bobswatches.com/used-rolex-submariner-ref-116610-stainless-steel.html,https://www.bobswatches.com/images/zUsed-Rolex-Submariner-116610-183862.jpg,116610_183862_3ab481147a.jpg,3ab481147a1b5b5e8ec1b813e661e898d9dae00f2bfdbc46504a67686cdaffc6,1412,2160,http image/jpeg,494.4131,0.9977,0.0008,1.0000,35.8155
116613,185792,Used Rolex Submariner 116613 Blue Dial,https://www.bobswatches.com/used-rolex-submariner-116613-blue-dial.html,https://www.bobswatches.com/images/zUsed-Rolex-Submariner-116613-Blue-Dial-SKU185792.jpg,116613_185792_f4cee36dc0.jpg,f4cee36dc0a61303eb8676738569f7ae75513feca4a70cc7debc4ec336a7a391,1412,2160,http image/jpeg,489.5546,0.9815,0.0136,1.0000,33.2245
116613,185792,Used Rolex Submariner 116613 Blue Dial,https://www.bobswatches.com/used-rolex-submariner-116613-blue-dial.html,https://www.bobswatches.com/images/zUsed-Rolex-Submariner-116613-Timing-Bezel-SKU185792.jpg,116613_185792_e45424d013.jpg,e45424d013fb1523ce2da1754d7efdf800887f0b8cc52f6e9af637f002e9b5bc,800,800,http image/jpeg,137.9703,0.9660,0.0146,1.0000,27.6526
116710,186019,Pre-owned Rolex GMT-Master II Black Dial 116710,https://www.bobswatches.com/pre-owned-rolex-gmt-master-ii-black-dial-116710.html,https://www.bobswatches.com/images/zUsed-Rolex-GMT-Master-II-116710-SKU186019.jpg,116710_186019_c3eaab7b64.jpg,c3eaab7b642d1139a0260357114dc8640430c60f9198c13847aa3ab8965b5d97,1412,2160,http image/jpeg,491.8802,0.9949,0.0130,1.0000,31.7566
116710,186019,Pre-owned Rolex GMT-Master II Black Dial 116710,https://www.bobswatches.com/pre-owned-rolex-gmt-master-ii-black-dial-116710.html,https://www.bobswatches.com/images/zUsed-Rolex-GMT-Master-II-116710-Black-Dial-SKU186019.jpg,116710_186019_6b3b2c0b31.jpg,6b3b2c0b314be10989322b1956d6a5aa0c9dac2315b32b18acc7aed15851ca50,800,800,http image/jpeg,141.0509,0.9698,0.0101,1.0000,30.0140
126613,185630,Pre-owned Rolex Submariner Steel & Gold 126613 Black,https://www.bobswatches.com/pre-owned-rolex-submariner-steel-and-gold-126613-black.html,https://www.bobswatches.com/images/zUsed-Rolex-Submariner-126613-Black-Dial-SKU185630.jpg,126613_185630_cf097a4c13.jpg,cf097a4c135f2c6c40c11ce3be5b6e1ca121cbc24bbf510bbeb027a920f69f87,1412,2160,http image/jpeg,493.2755,0.9944,0.0030,1.0000,37.8058
126710GRNR,186388,Used Rolex GMT-Master II ref 126710 Bruce Wayne,https://www.bobswatches.com/used-rolex-gmt-master-ii-ref-126710-bruce-wayne.html,https://www.bobswatches.com/images/zUsed-Rolex-GMT-Master-II-126710-Black-Dial-SKU186388.jpg,126710GRNR_186388_cf7ff7545f.jpg,cf7ff7545f282716897b07b78b4da2393811fe2bf72b5dfc4b42be9763b9c4ac,800,800,http image/jpeg,137.6923,0.9717,0.0143,1.0000,33.4942
116618,186014,Men's Rolex Submariner Ref 116618 Blue Dial,https://www.bobswatches.com/mens-rolex-submariner-ref-116618-blue-dial.html,https://www.bobswatches.com/images/zUsed-Rolex-Submariner-116618-Blue-Dial-SKU186014.jpg,116618_186014_aeaf3fb5b3.jpg,aeaf3fb5b374a581125912470b6746d54ad4595ead580c11f41ff032d53e7e62,1412,2160,http image/jpeg,618.2166,0.9968,0.0128,1.0000,32.0397
126613,184762,Rolex Submariner Steel & Gold Ref 126613 Blue Dial,https://www.bobswatches.com/rolex-submariner-steel-and-gold-ref-126613-blue-dial.html,https://www.bobswatches.com/images/zUsed-Rolex-Submariner-126613-Blue-Dial-SKU184762.jpg,126613_184762_2b6df7aea5.jpg,2b6df7aea552b5a73165c47d4ccaff2e00b752a21e16ed9eb390ab6164aa44a6,1412,2160,http image/jpeg,488.0206,0.9852,0.0100,1.0000,33.8469
114060,184078,Used Rolex Submariner Steel 114060 Black Dial,https://www.bobswatches.com/used-rolex-submariner-steel-114060-black-dial.html,https://www.bobswatches.com/images/zUsed-Rolex-Submariner-114060-SKU184078.jpg,114060_184078_51349c2530.jpg,51349c2530ef74ea3f72d210672e30722211642b90da8f1fab0712fd26b5c9ce,1412,2160,http image/jpeg,490.3329,0.9969,0.0028,1.0000,32.8784
114060,185952,Pre-owned Rolex Submariner Black Dial 114060 Stainless Steel,https://www.bobswatches.com/pre-owned-rolex-submariner-black-dial-114060-stainless-steel.html,https://www.bobswatches.com/images/zUsed-Rolex-Submariner-114060-SKU185952.jpg,114060_185952_466f4de3ce.jpg,466f4de3cedf10986623ddb4de595be0adf745e3bc4afeb8f2a406e9ed0da90e,1412,2160,http image/jpeg,490.0952,0.9927,0.0028,1.0000,33.9849
114060,185952,Pre-owned Rolex Submariner Black Dial 114060 Stainless Steel,https://www.bobswatches.com/pre-owned-rolex-submariner-black-dial-114060-stainless-steel.html,https://www.bobswatches.com/images/zUsed-Rolex-Submariner-114060-Black-Dial-SKU185952.jpg,114060_185952_589f1c8cd6.jpg,589f1c8cd62cd84075a53e7f568824316e6be34ec66179d665afbe32cca45839,800,800,http image/jpeg,132.4250,0.9804,0.0127,1.0000,32.0356
126710BLNR,186270,Used Rolex GMT-Master II Ref 126710BLNR Batman,https://www.bobswatches.com/used-rolex-gmt-master-ii-ref-126710blnr-batman.html,https://www.bobswatches.com/images/zUsed-Rolex-GMT-Master-II-126710-SKU186270.jpg,126710BLNR_186270_43d0b763c2.jpg,43d0b763c2e59d22d5106093c57753450b8037e7f63651c9a6fee9883415244a,1412,2160,http image/jpeg,490.8465,0.9923,0.0028,1.0000,34.9443
126710BLNR,186196,Men's Used Rolex GMT-Master II 126710BLNR Batman,https://www.bobswatches.com/mens-used-rolex-gmt-master-ii-126710blnr-batman.html,https://www.bobswatches.com/images/zUsed-Rolex-GMT-Master-II-126710-186196.jpg,126710BLNR_186196_c36c3a2f99.jpg,c36c3a2f992fb76f3da2316912ef3cc2f84c027e3bf84fe5a4a2d096baef557c,1412,2160,http image/jpeg,489.0535,0.9942,0.0067,1.0000,35.7832
126613LN,185741,Used Rolex Submariner Ref 126613LN Black Chromalight Dial,https://www.bobswatches.com/used-rolex-submariner-ref-126613ln-black-chromalight-dial.html,https://www.bobswatches.com/images/zUsed-Rolex-Submariner-126613-Black-Dial-SKU185741.jpg,126613LN_185741_eaba3984f5.jpg,eaba3984f5a3382e2343632b6ee7cbe04035b6a7d01b4df90af05aaa3fdb133d,1412,2160,http image/jpeg,492.7994,0.9956,0.0085,1.0000,37.8979
116610LV,185921,Pre-owned Men's Rolex Submariner Hulk Ref 116610LV,https://www.bobswatches.com/pre-owned-mens-rolex-submariner-hulk-ref-116610lv.html,https://www.bobswatches.com/images/zUsed-Rolex-Submariner-116610-Green-Dial-SKU185921.jpg,116610LV_185921_a352082752.jpg,a3520827526b4d1c6ba46531601bb1d52b1ff3992c815b1ef426a7b989b601b5,1412,2160,http image/jpeg,614.5083,0.9963,0.0103,1.0000,31.1234
116610LV,185921,Pre-owned Men's Rolex Submariner Hulk Ref 116610LV,https://www.bobswatches.com/pre-owned-mens-rolex-submariner-hulk-ref-116610lv.html,https://www.bobswatches.com/images/zUsed-Rolex-Submariner-116610-Green-Timing-Bezel-SKU185921.jpg,116610LV_185921_7bc7005a1e.jpg,7bc7005a1e15570cec649f5cdb85584d2b8af6ea0e5b063fbbf3419ec815fe69,800,800,http image/jpeg,137.8560,0.9670,0.0176,1.0000,30.8971
116710,185705,Used Men's Rolex GMT-Master II Ref 116710 Black Dial,https://www.bobswatches.com/used-mens-rolex-gmt-master-ii-ref-116710-black-dial.html,https://www.bobswatches.com/images/zUsed-Rolex-GMT-Master-II-116710-Black-Dial-SKU185705.jpg,116710_185705_fdab036742.jpg,fdab03674288cfdfe8f1a2ca777418990916b6707bb41d9aad9a87b6001adeb9,1412,2160,http image/jpeg,486.0060,0.9803,0.0079,1.0000,36.0740
116710,185705,Used Men's Rolex GMT-Master II Ref 116710 Black Dial,https://www.bobswatches.com/used-mens-rolex-gmt-master-ii-ref-116710-black-dial.html,https://www.bobswatches.com/images/zUsed-Rolex-GMT-Master-II-116710-24-Hour-Bezel-SKU185705.jpg,116710_185705_a64949d214.jpg,a64949d214b2e5e777ba1e32f281b86724f3a6a1e9a781270476da2e0d93d101,800,800,http image/jpeg,143.3454,0.9753,0.0149,1.0000,31.5151
126710GRNR,185690,Used Rolex GMT-Master II Bruce Wayne 126710GRNR Steel Jubilee,https://www.bobswatches.com/used-rolex-gmt-master-ii-bruce-wayne-126710grnr-steel-jubilee.html,https://www.bobswatches.com/images/zUsed-Rolex-GMT-Master-II-126710-SKU185690.jpg,126710GRNR_185690_3f65b4b58c.jpg,3f65b4b58c7477113597289488e12d44f25f62adec4ea0e1f5a4e4a90d91bc21,1412,2160,http image/jpeg,611.0666,0.9965,0.0240,1.0000,33.5956
126710BLNR,185749,Pre-owned Rolex GMT-Master II Ref 126710BLNR,https://www.bobswatches.com/pre-owned-rolex-gmt-master-ii-ref-126710blnr.html,https://www.bobswatches.com/images/zUsed-Rolex-GMT-Master-II-126710-Black-Dial-SKU185749.jpg,126710BLNR_185749_cae9ed4ca8.jpg,cae9ed4ca889fc44d149349edba5ea03d9f8624d9a26bf2abe4ef115daf422d0,1412,2160,http image/jpeg,488.3606,0.9900,0.0048,1.0000,32.9951
126710BLNR,185749,Pre-owned Rolex GMT-Master II Ref 126710BLNR,https://www.bobswatches.com/pre-owned-rolex-gmt-master-ii-ref-126710blnr.html,https://www.bobswatches.com/images/zUsed-Rolex-GMT-Master-II-126710-Batman-SKU185749.jpg,126710BLNR_185749_57380ca7a3.jpg,57380ca7a350cc396aed93f5c7cdf5a4f4d85d08584db88f03340c6c95950c0e,800,800,http image/jpeg,134.8820,0.9638,0.0119,1.0000,30.8973
126613,184472,Men's Rolex Submariner Ref 126613 Black Dial,https://www.bobswatches.com/mens-rolex-submariner-ref-126613-black-dial.html,https://www.bobswatches.com/images/zUsed-Rolex-Submariner-126613-Black-Dial-SKU184472-PL.jpg,126613_184472_3b739702b1.jpg,3b739702b1fafe2e5c410078e07f6bab4284df3f8b21ab56547fa7bf8398f315,1412,2160,http image/jpeg,619.4753,0.9948,0.0085,1.0000,34.2875
114060,185828,Used Rolex Submariner Ref 114060 Black Dial,https://www.bobswatches.com/used-rolex-submariner-ref-114060-black-dial.html,https://www.bobswatches.com/images/zUsed-Rolex-Submariner-114060-Black-Dial-SKU185828.jpg,114060_185828_192d0bd714.jpg,192d0bd71433678e2c0fcdd7e1128e9c8f907b28e4590fe818adfaa36c180625,1412,2160,http image/jpeg,609.9201,0.9978,0.0063,1.0000,33.5823
116610,185822,Pre-owned Rolex Submariner Ref 116610 Stainless Steel,https://www.bobswatches.com/pre-owned-rolex-submariner-ref-116610-stainless-steel.html,https://www.bobswatches.com/images/zUsed-Rolex-Submariner-116610-Black-Dial-SKU185822.jpg,116610_185822_4f95280c40.jpg,4f95280c4008745782d7f421cf4cab51d63bfa10da4fcd418c5da541ac6750e2,1412,2160,http image/jpeg,492.1486,0.9936,0.0018,1.0000,36.5114
116610,185822,Pre-owned Rolex Submariner Ref 116610 Stainless Steel,https://www.bobswatches.com/pre-owned-rolex-submariner-ref-116610-stainless-steel.html,https://www.bobswatches.com/images/zUsed-Rolex-Submariner-116610-Timing-Bezel-SKU185822.jpg,116610_185822_5db707bb25.jpg,5db707bb25432eb629830b225d75f68299d7ac4edd108cbdcd8feab50181e316,800,800,http image/jpeg,136.3469,0.9730,0.0154,1.0000,34.5510
116610LV,185423,Pre-owned Rolex Submariner Hulk Ref 116610LV,https://www.bobswatches.com/pre-owned-rolex-submariner-hulk-ref-116610lv.html,https://www.bobswatches.com/images/zUsed-Rolex-Submariner-116610-SKU185423.jpg,116610LV_185423_2ae472658b.jpg,2ae472658be07035ad5cff3bccb4f1a4b18b5f32f3e14a38dd1ff788a99f705a,1412,2160,http image/jpeg,489.6657,0.9909,0.0063,1.0000,36.0193
116610LV,185423,Pre-owned Rolex Submariner Hulk Ref 116610LV,https://www.bobswatches.com/pre-owned-rolex-submariner-hulk-ref-116610lv.html,https://www.bobswatches.com/images/zUsed-Rolex-Submariner-116610-Green-Bezel-SKU185423.jpg,116610LV_185423_43136dc5d9.jpg,43136dc5d9d20730b2c52c4c39161516aeb855bfd03c74d8ff2173eec745365d,800,800,http image/jpeg,138.1005,0.9650,0.0158,1.0000,32.0829
116710,185660,Pre-owned Men's Rolex GMT-Master II Ref 116710 Batman,https://www.bobswatches.com/pre-owned-mens-rolex-gmt-master-ii-ref-116710-batman.html,https://www.bobswatches.com/images/zUsed-Rolex-GMT-Master-II-116710-Black-Dial-SKU185660.jpg,116710_185660_e757b1c06e.jpg,e757b1c06ecc6b61dc28127607c9219606c0c98228218901e7c0b392171f485a,1412,2160,http image/jpeg,487.5572,0.9911,0.0043,1.0000,36.1138
126613LB,185969,Pre-owned Rolex Submariner Date Ref 126613LB Steel & 18k Gold,https://www.bobswatches.com/pre-owned-rolex-submariner-date-ref-126613lb-steel-and-18k-gold.html,https://www.bobswatches.com/images/zUsed-Rolex-Submariner-126613-SKU185969.jpg,126613LB_185969_1b5fa4cfde.jpg,1b5fa4cfde6ed74036f25ae3da5ea630cd547864716eaa63e3d465bfecce14de,1412,2160,http image/jpeg,619.0181,0.9955,0.0092,1.0000,34.4685
126710GRNR,185357,Men's Rolex GMT-Master II ref 126710 Bruce Wayne,https://www.bobswatches.com/mens-rolex-gmt-master-ii-ref-126710-bruce-wayne.html,https://www.bobswatches.com/images/zUsed-Rolex-GMT-Master-II-126710-Black-Dial-SKU185357.jpg,126710GRNR_185357_f2b32065e1.jpg,f2b32065e1073a3c0c7f0b66c4683b3afbeed6bec4707f7f098764493ae60594,1412,2160,http image/jpeg,485.0804,0.9809,0.0038,1.0000,34.4227
126710GRNR,185357,Men's Rolex GMT-Master II ref 126710 Bruce Wayne,https://www.bobswatches.com/mens-rolex-gmt-master-ii-ref-126710-bruce-wayne.html,https://www.bobswatches.com/images/zUsed-Rolex-GMT-Master-II-126710-Ceramic-Bezel-SKU185357.jpg,126710GRNR_185357_e306642ae6.jpg,e306642ae66849b995a8720b4d2926a042760aa69aaf65eb5ac8134ae47dcbf6,800,800,http image/jpeg,171.9983,0.9638,0.0248,1.0000,34.1505
126610LV,185223,Used Rolex Submariner Starbucks Ref 126610,https://www.bobswatches.com/used-rolex-submariner-starbucks-ref-126610.html,https://www.bobswatches.com/images/zUsed-Rolex-Submariner-126610-Black-Dial-SKU185223.jpg,126610LV_185223_b969509d6e.jpg,b969509d6e79d0ac1fcae41514c47c109f5d97fea91812b49d240c12a1058cc7,1412,2160,http image/jpeg,617.6474,0.9969,0.0116,1.0000,32.9373
126613LN,185328,Used Men's Rolex Submariner Date 126613LN Black Chromalight Dial,https://www.bobswatches.com/used-mens-rolex-submariner-date-126613ln-black-chromalight-dial.html,https://www.bobswatches.com/images/zUsed-Rolex-Submariner-126613-Black-Dial-SKU185328.jpg,126613LN_185328_3127ac360c.jpg,3127ac360cc4299de35fdd28065c7515e93f41829ae5d0c7f6a5918e635c8dc6,1412,2160,http image/jpeg,491.0986,0.9885,0.0082,1.0000,37.0335
126619,184809,Used Rolex Submariner 126619 Cookie Monster,https://www.bobswatches.com/used-rolex-submariner-126619-cookie-monster.html,https://www.bobswatches.com/images/zUsed-Rolex-Submariner-126619-SKU184809.jpg,126619_184809_63a077c60a.jpg,63a077c60ab88e8cbb5b2843a6eea68bb1f1f1c616d3330c0832bd28528fe2d8,1412,2160,http image/jpeg,483.8557,0.9765,0.0120,1.0000,31.8037
116613LB,189424,Pre-Owned Rolex Submariner Ref 116613LB Bluesy Dial,https://www.bobswatches.com/pre-owned-rolex-submariner-ref-116613lb-bluesy-dial.html,https://www.bobswatches.com/images/zUsed-Rolex-Submariner-116613-SKU189424.jpg,116613LB_189424_0d9764ecc5.jpg,0d9764ecc51934ed532fb601dae77026348d0d1603dbfbe9c69534e7cf7c1b17,1412,2160,http image/jpeg,492.2503,0.9987,0.0091,1.0000,33.9695
126710GRNR,185528,Pre-owned Rolex GMT-Master II ref 126710 Bruce Wayne,https://www.bobswatches.com/pre-owned-rolex-gmt-master-ii-ref-126710-bruce-wayne.html,https://www.bobswatches.com/images/zUsed-Rolex-GMT-Master-II-126710-SKU185528.jpg,126710GRNR_185528_09b7591388.jpg,09b7591388faf2ad039686d91f05569a8057035a86b94ecd3b303db31c54bf06,1412,2160,http image/jpeg,612.7867,0.9940,0.0237,1.0000,35.0703
126613,185761,Rolex Submariner Bluesy 126613 Steel & 18k Gold,https://www.bobswatches.com/rolex-submariner-bluesy-126613-steel-and-18k-gold.html,https://www.bobswatches.com/images/zUsed-Rolex-Submariner-126613-185761.jpg,126613_185761_33745de80e.jpg,33745de80e7a4d9fafdbdabc4c693a054b2850c13bae371978d5c30bfaba751c,1412,2160,http image/jpeg,617.4141,0.9921,0.0010,1.0000,35.5324
126613,185761,Rolex Submariner Bluesy 126613 Steel & 18k Gold,https://www.bobswatches.com/rolex-submariner-bluesy-126613-steel-and-18k-gold.html,https://www.bobswatches.com/images/zUsed-Rolex-Submariner-126613-Blue-Dial-SKU185761.jpg,126613_185761_c9004d8d53.jpg,c9004d8d5316fa5fcb452671f0afcb14fcc7ea376347d587c6d3f5af1d4fc49c,800,800,http image/jpeg,142.1121,0.9675,0.0045,1.0000,35.6801
116710,185361,Used Rolex GMT-Master II Steel Oyster 116710 Black Dial,https://www.bobswatches.com/used-rolex-gmt-master-ii-steel-oyster-116710-black-dial.html,https://www.bobswatches.com/images/zUsed-Rolex-GMT-Master-II-116710-Black-Dial-SKU185361.jpg,116710_185361_246a40d3f2.jpg,246a40d3f2295604af8f139524af84740f4df2c5635b15ac88861b8c5bea439d,1412,2160,http image/jpeg,488.9536,0.9913,0.0011,1.0000,35.8178
116710,184289,Used Rolex GMT-Master II Ref 116710 Black,https://www.bobswatches.com/used-rolex-gmt-master-ii-ref-116710-black.html,https://www.bobswatches.com/images/zUsed-Rolex-GMT-Master-II-116710-Black-Dial-SKU184289.jpg,116710_184289_2f6d516aa4.jpg,2f6d516aa4eea6cddbe65b0b22da878de4eb512f9098e3da5f4e4b41bcd1db63,1412,2160,http image/jpeg,487.9548,0.9964,0.0048,1.0000,32.1625
126613LN,185485,Used Rolex Submariner Date 126613LN Black Chromalight Dial,https://www.bobswatches.com/used-rolex-submariner-date-126613ln-black-chromalight-dial.html,https://www.bobswatches.com/images/zUsed-Rolex-Submariner-126613-Black-Dial-SKU185485.jpg,126613LN_185485_1d30fcbe63.jpg,1d30fcbe630fd98e997604b3a022900463f475a14cb3951d593229628581e19b,1412,2160,http image/jpeg,488.9952,0.9873,0.0174,1.0000,36.2179
116613,185553,Used Two Tone Rolex Submariner 116613 Blue Dial,https://www.bobswatches.com/used-two-tone-rolex-submariner-116613-blue-dial.html,https://www.bobswatches.com/images/zUsed-Rolex-Submariner-116613-SKU185553.jpg,116613_185553_8c432c8b36.jpg,8c432c8b36018e7a698df69671eab26d76f32697614b5ce5f039c9a07b051b62,1412,2160,http image/jpeg,489.2630,0.9821,0.0094,1.0000,33.0996
116613,185553,Used Two Tone Rolex Submariner 116613 Blue Dial,https://www.bobswatches.com/used-two-tone-rolex-submariner-116613-blue-dial.html,https://www.bobswatches.com/images/zUsed-Rolex-Submariner-116613-Blue-Dial-SKU185553.jpg,116613_185553_868ba6f143.jpg,868ba6f143e444147b85bc1c3517b98c8264f4e42ef8e20a68edd86f6cd4d282,800,800,http image/jpeg,134.0819,0.9742,0.0145,1.0000,29.7332
114060,184841,Pre-owned Rolex Submariner Ref 114060 Black Dial,https://www.bobswatches.com/pre-owned-rolex-submariner-ref-114060-black-dial.html,https://www.bobswatches.com/images/zUsed-Rolex-Submariner-114060-Black-Dial-SKU184841.jpg,114060_184841_0f369bd042.jpg,0f369bd04212c4d1fb36cfb8e3e295759042cb2911c916283dcc2479ee4f75e1,1412,2160,http image/jpeg,491.7228,0.9894,0.0030,1.0000,31.6886
116613,184991,Pre-owned Men's Rolex Submariner 116613 Blue Dial,https://www.bobswatches.com/pre-owned-mens-rolex-submariner-116613-blue-dial.html,https://www.bobswatches.com/images/zUsed-Rolex-Submariner-116613-Blue-Dial-SKU184991.jpg,116613_184991_44ccded4f5.jpg,44ccded4f5942e0e4547829aa7f0915d43a88fa94d219407599e631e5184f146,1412,2160,http image/jpeg,492.6945,0.9947,0.0025,1.0000,33.2442
116613,184991,Pre-owned Men's Rolex Submariner 116613 Blue Dial,https://www.bobswatches.com/pre-owned-mens-rolex-submariner-116613-blue-dial.html,https://www.bobswatches.com/images/zUsed-Rolex-Submariner-116613-Blue-Timing-Bezel-SKU184991.jpg,116613_184991_0c0877ff0e.jpg,0c0877ff0e72c9b611eabed4929d1f1f43453432e4de073bee41fe2cbb6f2c8b,800,800,http image/jpeg,137.5400,0.9712,0.0137,1.0000,26.9342
126619,183451,Used Rolex Submariner Ref 126619 Cookie Monster,https://www.bobswatches.com/used-rolex-submariner-ref-126619-cookie-monster.html,https://www.bobswatches.com/images/zUsed-Rolex-Submariner-126619-Cookie-Monster-SKU183451-PL.jpg,126619_183451_5cc54f9348.jpg,5cc54f9348e6fc46b9eb3a627cded3bc232af4b2344e0871a0e627ab553b664f,1412,2160,http image/jpeg,488.8727,0.9926,0.0133,1.0000,37.1814
126619,183451,Used Rolex Submariner Ref 126619 Cookie Monster,https://www.bobswatches.com/used-rolex-submariner-ref-126619-cookie-monster.html,https://www.bobswatches.com/images/zUsed-Rolex-Submariner-126619-Timing-Bezel-SKU183451.jpg,126619_183451_edcec0c443.jpg,edcec0c4435c38cb94ff90097a813300326c761493f02471f434f43cdd42c0bc,800,800,http image/jpeg,138.7389,0.9764,0.0183,1.0000,33.1365
116710BLNR,184138,Rolex GMT-Master II Ref 116710BLNR Batman,https://www.bobswatches.com/rolex-gmt-master-ii-ref-116710blnr-batman.html,https://www.bobswatches.com/images/zUsed-Rolex-GMT-Master-II-116710-Black-Dial-SKU184138.jpg,116710BLNR_184138_96f9d4951e.jpg,96f9d4951e85776e54a7a71a2d99dcf54c157a2dca9b131b88d8c1ee6b41d6ec,1412,2160,http image/jpeg,611.1808,0.9942,0.0051,1.0000,29.3940
116613,185380,Pre-owned Rolex Submariner Ref 116613 Two Tone,https://www.bobswatches.com/pre-owned-rolex-submariner-ref-116613-two-tone.html,https://www.bobswatches.com/images/zUsed-Rolex-Submariner-116613-SKU185380.jpg,116613_185380_c0d5090b2b.jpg,c0d5090b2bcbac2907720ade73f1e31829739e75f4cef8349c434dac7ef6c2e3,1412,2160,http image/jpeg,491.3840,0.9967,0.0069,1.0000,36.3527
126710,185276,Rolex GMT-Master II Ref 126710 Jubilee,https://www.bobswatches.com/rolex-gmt-master-ii-ref-126710-jubilee.html,https://www.bobswatches.com/images/zUsed-Rolex-GMT-Master-II-126710-SKU185276.jpg,126710_185276_2fef33259d.jpg,2fef33259d8d4d372978c74e9378517e824bcc23e96c63ee870337d2e2cfebde,1412,2160,http image/jpeg,490.6781,0.9898,0.0054,1.0000,34.5608
116710,185260,Used Rolex GMT-Master II Black Dial 116710,https://www.bobswatches.com/used-rolex-gmt-master-ii-black-dial-116710.html,https://www.bobswatches.com/images/zUsed-Rolex-GMT-Master-II-116710-SKU185260.jpg,116710_185260_d5537c2ed3.jpg,d5537c2ed31c312bde09785b408bd9442c146d0d69b73a8aebac97b920f54953,1412,2160,http image/jpeg,488.7292,0.9904,0.0007,1.0000,30.9882
126710BLNR,184608,Rolex GMT-Master II Batgirl 126710BLNR,https://www.bobswatches.com/rolex-gmt-master-ii-batgirl-126710blnr.html,https://www.bobswatches.com/images/zUsed-Rolex-GMT-Master-II-126710-Black-Dial-SKU184608.jpg,126710BLNR_184608_0d907af13e.jpg,0d907af13e28dacc63777d5f28593cbd215a030158730a3beccefbd880234ee3,1412,2160,http image/jpeg,487.6825,0.9976,0.0026,1.0000,33.2467
126710BLNR,184608,Rolex GMT-Master II Batgirl 126710BLNR,https://www.bobswatches.com/rolex-gmt-master-ii-batgirl-126710blnr.html,https://www.bobswatches.com/images/zUsed-Rolex-GMT-Master-II-126710-Batgirl-SKU184608.jpg,126710BLNR_184608_2b9f63fb67.jpg,2b9f63fb672e03fc5152ebbad79220462a6921ac42c179c2e5e9906ad9b7034e,800,800,http image/jpeg,150.9863,0.9608,0.0165,1.0000,29.8315
126610LV,184634,Men's Used Rolex Submariner Ref 126610LV Starbucks,https://www.bobswatches.com/mens-used-rolex-submariner-ref-126610lv-starbucks.html,https://www.bobswatches.com/images/zUsed-Rolex-Submariner-126610-Black-Dial-SKU184634.jpg,126610LV_184634_a95f4fee86.jpg,a95f4fee8662dbdadda3d8ba36c1ff36ff2ba84ac29586b86aa25c4e5e7d7359,1412,2160,http image/jpeg,488.8311,0.9837,0.0019,1.0000,33.1857
126613LB,185523,Used Rolex Submariner Date Ref 126613LB Steel & 18k Gold,https://www.bobswatches.com/used-rolex-submariner-date-ref-126613lb-steel-and-18k-gold.html,https://www.bobswatches.com/images/zUsed-Rolex-Submariner-126613-SKU185523.jpg,126613LB_185523_ec0c0425b4.jpg,ec0c0425b4dd3194931d5c3ba1774c4b1346135c077cd7465dbc282aae496677,1412,2160,http image/jpeg,491.5349,0.9913,0.0046,1.0000,35.9222
126613LB,185523,Used Rolex Submariner Date Ref 126613LB Steel & 18k Gold,https://www.bobswatches.com/used-rolex-submariner-date-ref-126613lb-steel-and-18k-gold.html,https://www.bobswatches.com/images/zUsed-Rolex-Submariner-126613-Blue-Dial-SKU185523.jpg,126613LB_185523_94ad771e9e.jpg,94ad771e9e2aedde628b6ed98ac337afe58bb45b3f297564b40f4d6fd64aaf21,800,800,http image/jpeg,145.7140,0.9714,0.0241,1.0000,36.3357
116613,185451,Men's Rolex Submariner 116613 Blue,https://www.bobswatches.com/mens-rolex-submariner-116613-blue.html,https://www.bobswatches.com/images/zUsed-Rolex-Submariner-116613-185451.jpg,116613_185451_8d77fd34dd.jpg,8d77fd34dd70ce8abd5ce1349435a3b00d18376a44904af8c8853e4b2402b8b8,1412,2160,http image/jpeg,490.3277,0.9914,0.0030,1.0000,33.3538
116610,184936,Used Rolex Submariner Steel Oyster 116610 Black Dial,https://www.bobswatches.com/used-rolex-submariner-steel-oyster-116610-black-dial.html,https://www.bobswatches.com/images/zUsed-Rolex-Submariner-116610-SKU184936.jpg,116610_184936_f1d990add4.jpg,f1d990add4b7fa4389d0edc520e0a2d4ac85028fb06b6fd45a6f182903d57d89,1412,2160,http image/jpeg,491.5933,0.9937,0.0057,1.0000,37.4175
114060,185441,Men's Rolex Submariner Ref 114060 Black Dial,https://www.bobswatches.com/mens-rolex-submariner-ref-114060-black-dial.html,https://www.bobswatches.com/images/zUsed-Rolex-Submariner-114060-185441.jpg,114060_185441_831cfe01ec.jpg,831cfe01ec2a463030c59d27d39a83a86bc486ea7a3c1af73ac124bf2baaa5ef,1412,2160,http image/jpeg,493.3400,0.9948,0.0024,1.0000,34.3780
114060,185441,Men's Rolex Submariner Ref 114060 Black Dial,https://www.bobswatches.com/mens-rolex-submariner-ref-114060-black-dial.html,https://www.bobswatches.com/images/zUsed-Rolex-Submariner-114060-Black-Dial-SKU185441.jpg,114060_185441_8cc196db0b.jpg,8cc196db0b22bdead9eb4e91cacde8657885bb2708e2e3a9ab051bcd218e07aa,800,800,http image/jpeg,142.0285,0.9684,0.0176,1.0000,30.5762
126610LV,185325,Rolex Submariner Starbucks Ref 126610,https://www.bobswatches.com/rolex-submariner-starbucks-ref-126610.html,https://www.bobswatches.com/images/zUsed-Rolex-Submariner-126610-Starbucks-SKU185325.jpg,126610LV_185325_2d16a83c1a.jpg,2d16a83c1a8bc6a6c7804fb5aeef4d1a6f2575e0a6145bb2d3bf859f5d43ccf0,1412,2160,http image/jpeg,618.2987,0.9966,0.0134,1.0000,34.4090
126610LV,185325,Rolex Submariner Starbucks Ref 126610,https://www.bobswatches.com/rolex-submariner-starbucks-ref-126610.html,https://www.bobswatches.com/images/zUsed-Rolex-Submariner-126610-Timing-Bezel-SKU185325.jpg,126610LV_185325_e379d48768.jpg,e379d48768bf2d1613c9646fc962bf2e19312f6b037f1a896ea9e39cfedf347d,800,800,http image/jpeg,137.9866,0.9666,0.0222,1.0000,36.8531
126610,182922,Used Rolex Submariner Steel 126610 Black Dial,https://www.bobswatches.com/used-rolex-submariner-steel-126610-black-dial.html,https://www.bobswatches.com/images/zUsed-Rolex-Submariner-126610-Black-Chromalight-Dial-SKU182922-PL.jpg,126610_182922_d17202c689.jpg,d17202c689d957d23122448b79e8acaa00aedcd6e03ff05ef0b37697a3ed70b1,1412,2160,http image/jpeg,493.6155,0.9916,0.0055,1.0000,34.7156
116618,185362,Men's Rolex Submariner 116618 Blue Dial,https://www.bobswatches.com/mens-rolex-submariner-116618-blue-dial.html,https://www.bobswatches.com/images/zUsed-Rolex-Submariner-116618-Black-Dial-SKU185362.jpg,116618_185362_507400ad9e.jpg,507400ad9e5bb0cd576895adae603c2fcd790783f33293dbbd620c26b3ccf867,1412,2160,http image/jpeg,616.8968,0.9948,0.0021,1.0000,32.2987
126710BLRO,183849,Used Rolex GMT-Master II Pepsi 126710BLRO Jubilee Bracelet,https://www.bobswatches.com/used-rolex-gmt-master-ii-pepsi-126710blro-jubilee-bracelet.html,https://www.bobswatches.com/images/zUsed-Rolex-GMT-Master-II-126710-Black-Dial-SKU183849.jpg,126710BLRO_183849_b305e6dd56.jpg,b305e6dd56f91b37c612a7969b5575579068976093aa447687cf2d687177b15c,1412,2160,http image/jpeg,618.8671,0.9949,0.0069,1.0000,34.3061
126710BLNR,185293,Used Rolex GMT-Master II Batman 126710BLNR Black & Blue,https://www.bobswatches.com/used-rolex-gmt-master-ii-batman-126710blnr-black-and-blue.html,https://www.bobswatches.com/images/zUsed-Rolex-GMT-Master-II-126710-Black-Dial-SKU185293.jpg,126710BLNR_185293_be0403e55e.jpg,be0403e55e6dc54d29da5c2b1f45ec755f93af9b0b9f5d4d1b910a5f61a04038,1412,2160,http image/jpeg,490.0376,0.9978,0.0069,1.0000,34.2071
126710BLNR,185293,Used Rolex GMT-Master II Batman 126710BLNR Black & Blue,https://www.bobswatches.com/used-rolex-gmt-master-ii-batman-126710blnr-black-and-blue.html,https://www.bobswatches.com/images/zUsed-Rolex-GMT-Master-II-126710-24-Hour-Bezel-SKU185293.jpg,126710BLNR_185293_839de96008.jpg,839de96008787618fe69c0e79c2bf8aec0f6ed2acb2bc095fabbe2350397b6f6,800,800,http image/jpeg,135.8495,0.9648,0.0135,1.0000,36.5857
116710,184691,Used Rolex GMT-Master II Steel 116710 Black Superluminova Dial,https://www.bobswatches.com/used-rolex-gmt-master-ii-steel-116710-black-superluminova-dial.html,https://www.bobswatches.com/images/zUsed-Rolex-GMT-Master-II-116710-SKU184691.jpg,116710_184691_e4ff2f014c.jpg,e4ff2f014c326f5ddedf8d39a87caff15bc8ae462aced0c928a80b0becf376e7,1412,2160,http image/jpeg,489.8777,0.9954,0.0023,1.0000,27.3652
126710BLNR,185194,Pre-owned Rolex GMT-Master II 126710BLNR,https://www.bobswatches.com/pre-owned-rolex-gmt-master-ii-126710blnr.html,https://www.bobswatches.com/images/zUsed-Rolex-GMT-Master-II-126710-SKU185194.jpg,126710BLNR_185194_dcf0fb17c7.jpg,dcf0fb17c77a072a86cfdf3e55876a04a03eff706aa19e893a54ec7defed721a,1412,2160,http image/jpeg,489.0100,0.9926,0.0058,1.0000,34.8231
126710BLNR,185194,Pre-owned Rolex GMT-Master II 126710BLNR,https://www.bobswatches.com/pre-owned-rolex-gmt-master-ii-126710blnr.html,https://www.bobswatches.com/images/zUsed-Rolex-GMT-Master-II-126710-Batman-SKU185194.jpg,126710BLNR_185194_8a00fb06f5.jpg,8a00fb06f5e0bcbb76b02e91e68f0587d6e6b6d62e35a4facac036fab118a358,800,800,http image/jpeg,136.8864,0.9704,0.0144,1.0000,32.9873
116610,185051,Rolex Submariner Ref 116610 Stainless Steel,https://www.bobswatches.com/rolex-submariner-ref-116610-stainless-steel.html,https://www.bobswatches.com/images/z185051-Used-Rolex-Submariner-116610-Black-Dial-SKU185051.jpg,116610_185051_25b1a7c301.jpg,25b1a7c3016d5e7270a456888363ca99af20a9b584b28ca96c955da8f4143665,1412,2160,http image/jpeg,491.9189,0.9888,0.0013,1.0000,35.2310
114060,184791,Men's Rolex Submariner Ref 114060 Black,https://www.bobswatches.com/mens-rolex-submariner-ref-114060-black.html,https://www.bobswatches.com/images/zUsed-Rolex-Submariner-114060-Black-Chromalight-Dial-SKU184791.jpg,114060_184791_505fc2ac58.jpg,505fc2ac58ba2030f540f1cee5036ea4d7b73336756f298544e3f0157332494d,1412,2160,http image/jpeg,492.0155,0.9893,0.0024,1.0000,32.6166
114060,184791,Men's Rolex Submariner Ref 114060 Black,https://www.bobswatches.com/mens-rolex-submariner-ref-114060-black.html,https://www.bobswatches.com/images/zUsed-Rolex-Submariner-114060-Timing-Bezel-SKU184791.jpg,114060_184791_93df9a2e57.jpg,93df9a2e57b94cc713b1b92e064ad755064ec60a4ed6a96f670c3d844656687c,800,800,http image/jpeg,137.4481,0.9800,0.0165,1.0000,33.3882
116710,184807,Men's Used Rolex GMT Master II Ref 116710 Black,https://www.bobswatches.com/mens-used-rolex-gmt-master-ii-ref-116710-black.html,https://www.bobswatches.com/images/zUsed-Rolex-GMT-Master-II-116710-Black-Dial-SKU184807.jpg,116710_184807_28c516bf84.jpg,28c516bf8446869d81f1ca9d46e4426fc55d6f756a466dee605d14d4b3ba34a4,1412,2160,http image/jpeg,487.0515,0.9889,0.0063,1.0000,26.8763
116619,184305,Rolex Submariner 18k White Gold 116619 Blue Smurf,https://www.bobswatches.com/rolex-submariner-18k-white-gold-116619-blue-smurf.html,https://www.bobswatches.com/images/zUsed-Rolex-Submariner-116619-SKU184305.jpg,116619_184305_1a6aaaccf4.jpg,1a6aaaccf4d42c02c4dd5e8264a47baecf3ccecd51352b6c4df4179968ebb6c2,1411,2160,http image/jpeg,487.0802,0.9900,0.0017,1.0000,28.3122
116610LV,183919,Used Rolex Submariner Hulk 116610LV,https://www.bobswatches.com/used-rolex-submariner-hulk-116610lv.html,https://www.bobswatches.com/images/zUsed-Rolex-Submariner-116610-SKU183919.jpg,116610LV_183919_7d1765f316.jpg,7d1765f3162589059203afc4a3ee57aac36b10d2f73918c0d94b636ee86d73ed,1412,2160,http image/jpeg,487.4117,0.9750,0.0155,1.0000,33.7062
126610,183641,Used Rolex Submariner Ref 126610 Black,https://www.bobswatches.com/used-rolex-submariner-ref-126610-black.html,https://www.bobswatches.com/images/zUsed-Rolex-Submariner-126610-Black-Dial-SKU183641-PL.jpg,126610_183641_6149f93633.jpg,6149f9363338c14f6e8d7c7065e75410de4048f670c2b6d9db116bedf19a7636,1412,2160,http image/jpeg,487.6897,0.9932,0.0166,1.0000,38.1063
126610,184365,Men's Rolex Submariner Stainless Steel 126610 Black Dial,https://www.bobswatches.com/mens-rolex-submariner-stainless-steel-126610-black-dial.html,https://www.bobswatches.com/images/zUsed-Rolex-Submariner-126610-Black-Dial-SKU184365.jpg,126610_184365_821f211e70.jpg,821f211e705bfd5bcac6085d38d6453045738bb82d9c6603cadc5eab6342acce,1412,2160,http image/jpeg,490.2318,0.9831,0.0089,1.0000,38.0387
116710,183622,Rolex GMT-Master II Ref 116710,https://www.bobswatches.com/rolex-gmt-master-ii-ref-116710.html,https://www.bobswatches.com/images/zUsed-Rolex-GMT-Master-II-116710-Black-Dial-SKU183622.jpg,116710_183622_20a4f9d569.jpg,20a4f9d5699185c71545cd7e174c7e7e2bf79ad67f8978e2dc777cf00f9e6c0c,1412,2160,http image/jpeg,492.8269,0.9907,0.0074,1.0000,30.1590
116710,183622,Rolex GMT-Master II Ref 116710,https://www.bobswatches.com/rolex-gmt-master-ii-ref-116710.html,https://www.bobswatches.com/images/zUsed-Rolex-GMT-Master-II-116710-Black-Ceramic-Bezel-SKU183622.jpg,116710_183622_20a2f6723e.jpg,20a2f6723ef6bffd774dc9d80fead558a18d93df36b37d9db097cae9907ec89b,800,800,http image/jpeg,141.8424,0.9606,0.0198,1.0000,27.1999
126610,184350,Used Rolex Submariner Steel Oyster 126610 Black Dial,https://www.bobswatches.com/used-rolex-submariner-steel-oyster-126610-black-dial.html,https://www.bobswatches.com/images/zUsed-Rolex-Submariner-126610-SKU184350.jpg,126610_184350_9f0e707ad0.jpg,9f0e707ad066ee218c379365d85e3baec626dd283ffe784bb99c88ff65717273,1412,2160,http image/jpeg,493.0243,0.9971,0.0043,1.0000,36.2461
126610,184157,Rolex Submariner Black Chromalight Dial 126610 Steel,https://www.bobswatches.com/rolex-submariner-black-chromalight-dial-126610-steel.html,https://www.bobswatches.com/images/zUsed-Rolex-Submariner-126610-Black-Chromalight-Dial-SKU184157.jpg,126610_184157_9a7e4cbaac.jpg,9a7e4cbaac04e6908f2eb9cd1de33da1e2cfbae54cca1d60268ed4cb637be6a9,1412,2160,http image/jpeg,493.1954,0.9947,0.0052,1.0000,35.3015
126610,182339,Men's Rolex Submariner Ref 126610 Steel,https://www.bobswatches.com/mens-rolex-submariner-ref-126610-steel.html,https://www.bobswatches.com/images/zUsed-Rolex-Submariner-126610-Black-Dial-SKU182339.jpg,126610_182339_8b8dcdf8b2.jpg,8b8dcdf8b24dfa7038962febee0ac92c8df42f257efdbadfdf22dcc5cdd4245f,1412,2160,http image/jpeg,490.1764,0.9951,0.0109,1.0000,36.3873
126619,183920,Rolex Submariner White Gold 126619 Cookie Monster,https://www.bobswatches.com/rolex-submariner-white-gold-126619-cookie-monster.html,https://www.bobswatches.com/images/zUsed-Rolex-Submariner-126619-SKU183920.jpg,126619_183920_7edebd84fe.jpg,7edebd84fe6d3576a31b327350a2973cc2cc2949cd95d6eaaf2f3cfbfdaf5fb0,1412,2160,http image/jpeg,612.6578,0.9943,0.0088,1.0000,35.2226
126610,183619,Used Rolex Submariner Ref 126610 Black Dial,https://www.bobswatches.com/used-rolex-submariner-ref-126610-black-dial.html,https://www.bobswatches.com/images/zUsed-Rolex-Submariner-126610-SKU183619-PL.jpg,126610_183619_5d345c84b7.jpg,5d345c84b7a33a84fc48f88324805f84f89b7874b19adde808c57d9b9ee563ca,1412,2160,http image/jpeg,494.0496,0.9937,0.0038,1.0000,35.3680
126610,183729,Preowned Rolex Submariner Ref 126610 Steel,https://www.bobswatches.com/preowned-rolex-submariner-ref-126610-steel.html,https://www.bobswatches.com/images/zUsed-Rolex-Submariner-126610-Black-Dial-SKU183729.jpg,126610_183729_c48c852776.jpg,c48c8527766eae1b2e7b7c9a3b764ab36327359342d5aae5046549a20fa3e562,1412,2160,http image/jpeg,492.7497,0.9929,0.0034,1.0000,34.6393
126610,183729,Preowned Rolex Submariner Ref 126610 Steel,https://www.bobswatches.com/preowned-rolex-submariner-ref-126610-steel.html,https://www.bobswatches.com/images/zUsed-Rolex-Submariner-126610-Black-Timing-Bezel-SKU183729.jpg,126610_183729_8bf300f04f.jpg,8bf300f04ff016a2c6e3c2455264fa9afcf89a089187eb56c4afd5869b4692e1,800,800,http image/jpeg,143.9146,0.9749,0.0186,1.0000,33.2954
126610,183659,Men's Rolex Submariner Ref 126610 Black Dial,https://www.bobswatches.com/mens-rolex-submariner-ref-126610-black-dial.html,https://www.bobswatches.com/images/zUsed-Rolex-Submariner-126610-Black-Chromalight-Dial-SKU183659.jpg,126610_183659_a4e2235125.jpg,a4e2235125ec82769b975f36e9e32d688e210565cada8c1ad7d5e1e993b150e9,1412,2160,http image/jpeg,489.5555,0.9987,0.0178,1.0000,37.8031
116710,183352,Used Rolex GMT-Master II Steel 116710 Black Dial,https://www.bobswatches.com/used-rolex-gmt-master-ii-steel-116710-black-dial.html,https://www.bobswatches.com/images/zUsed-Rolex-GMT-Master-II-116710-SKU183352.jpg,116710_183352_ed38dc99e3.jpg,ed38dc99e379485c7dd4f8097e07eb3cb130076d2f821cb0b9a859649e8805fe,1412,2160,http image/jpeg,490.0056,0.9924,0.0039,1.0000,30.6512
126610,183342,Preowned Rolex Submariner Ref 126610 Black,https://www.bobswatches.com/preowned-rolex-submariner-ref-126610-black.html,https://www.bobswatches.com/images/zUsed-Rolex-Submariner-126610-Black-Dial-SKU183342.jpg,126610_183342_4cf1d7e23e.jpg,4cf1d7e23e0cb03c2d5f197495da1a0c8e29aa8e8dd0b1cfd48a9b006a4e371b,1412,2160,http image/jpeg,615.8619,0.9959,0.0014,1.0000,34.9570
126610,183342,Preowned Rolex Submariner Ref 126610 Black,https://www.bobswatches.com/preowned-rolex-submariner-ref-126610-black.html,https://www.bobswatches.com/images/zUsed-Rolex-Submariner-126610-Timing-Bezel-SKU183342.jpg,126610_183342_5b50cae73d.jpg,5b50cae73df65adec4fae3412ed4a0c1b35c021806f4a12be252aa0e708f9329,800,800,http image/jpeg,136.9675,0.9674,0.0201,1.0000,34.0369
126610,182997,Pre-owned Rolex Submariner Ref 126610 Steel,https://www.bobswatches.com/pre-owned-rolex-submariner-ref-126610-steel.html,https://www.bobswatches.com/images/zUsed-Rolex-Submariner-126610-Black-Dial-SKU182997.jpg,126610_182997_b66e57eab5.jpg,b66e57eab506f2807f800972c49d8321817d6b35c1f698c2ad795f8b2f17982b,1412,2160,http image/jpeg,493.5295,0.9884,0.0085,1.0000,35.9984
116613,182862,Rolex Submariner Two Tone 116613 Black Dial,https://www.bobswatches.com/rolex-submariner-two-tone-116613-black-dial.html,https://www.bobswatches.com/images/zUsed-Rolex-Submariner-116613-Black-Chromalight-Dial-SKU182862.jpg,116613_182862_0d7437c855.jpg,0d7437c855d51b7510e12e88ee9352d065d1b6ae70b9b9bbf36ffcede8cd9ec0,1412,2160,http image/jpeg,491.8821,0.9967,0.0118,1.0000,35.2960
116710,182864,Used Rolex GMT-Master II Ref 116710 Black Dial,https://www.bobswatches.com/182864-used-rolex-gmt-master-ii-ref-116710-black-dial.html,https://www.bobswatches.com/images/zUsed-Rolex-GMT-Master-II-116710-Black-Dial-SKU182864.jpg,116710_182864_59523d39e0.jpg,59523d39e09d378d8989ae9f46bcb055c4f2ca25e1a7f912354b674a21fbc673,1412,2160,http image/jpeg,489.0589,0.9951,0.0047,1.0000,33.8445
116710,181940,Rolex GMT Master II Ref 116710 Black,https://www.bobswatches.com/181940-rolex-gmt-master-ii-ref-116710-black.html,https://www.bobswatches.com/images/zUsed-Rolex-GMT-Master-II-116710-Black-Dial-SKU181940.jpg,116710_181940_aeaeba2a1c.jpg,aeaeba2a1ca15da40493fe775bd280314340af17ea1353288b708c0337677453,1412,2160,http image/jpeg,490.2429,0.9898,0.0021,1.0000,32.2444
116710,181940,Rolex GMT Master II Ref 116710 Black,https://www.bobswatches.com/181940-rolex-gmt-master-ii-ref-116710-black.html,https://www.bobswatches.com/images/zUsed-Rolex-GMT-Master-II-116710-Ceramic-Bezel-SKU181940.jpg,116710_181940_a426a4c0bd.jpg,a426a4c0bd14895c5661eab78b71ba39d2205814adef25b01964fb87c2c3abdb,800,800,http image/jpeg,133.2837,0.9643,0.0180,1.0000,29.3725
114060,182852,Rolex Submariner Ref 114060 Stainless Steel,https://www.bobswatches.com/rolex-submariner-ref-114060-stainless-steel.html,https://www.bobswatches.com/images/zUsed-Rolex-Submariner-114060-Black-Dial-SKU182852.jpg,114060_182852_faa1e93e0e.jpg,faa1e93e0e72ccc05640bbe0fb82692888649fcfb1c7c0a103e0c933f2f51c10,1412,2160,http image/jpeg,490.9146,0.9863,0.0007,1.0000,32.1549
114060,182852,Rolex Submariner Ref 114060 Stainless Steel,https://www.bobswatches.com/rolex-submariner-ref-114060-stainless-steel.html,https://www.bobswatches.com/images/zUsed-Rolex-Submariner-114060-Timing-Bezel-182852s.jpg,114060_182852_ed59ae1a37.jpg,ed59ae1a376b6be0c2d3010f3f878e535e70c0bb22534d4032c01bc91a7896ec,800,800,http image/jpeg,137.7380,0.9890,0.0118,1.0000,26.6233
116710,182286,Rolex GMT-Master II Stainless Steel 116710 Black Dial,https://www.bobswatches.com/rolex-gmt-master-ii-stainless-steel-116710-black-dial.html,https://www.bobswatches.com/images/zUsed-Rolex-GMT-Master-II-116710-SKU182286.jpg,116710_182286_2a3b126ba0.jpg,2a3b126ba0799d8f2d60b06bcd5eaab948aa44d8ed7f144f600afded16aa18fc,1412,2160,http image/jpeg,491.1664,0.9972,0.0047,1.0000,34.4015
116710,182286,Rolex GMT-Master II Stainless Steel 116710 Black Dial,https://www.bobswatches.com/rolex-gmt-master-ii-stainless-steel-116710-black-dial.html,https://www.bobswatches.com/images/zUsed-Rolex-GMT-Master-II-116710-SKU182286s.jpg,116710_182286_db3e9ef8f8.jpg,db3e9ef8f86765061de41bd1f06d8b664d18649efc18bed7f9b9d4ca58fe7c57,800,800,http image/jpeg,131.4645,0.9840,0.0165,1.0000,22.9753
126610,183355,Preowned Rolex Submariner Ref 126610 Black Dial,https://www.bobswatches.com/preowned-rolex-submariner-ref-126610-black-dial.html,https://www.bobswatches.com/images/zUsed-Rolex-Submariner-126610-Black-Dial-SKU183355.jpg,126610_183355_8de27ac793.jpg,8de27ac793b8182b2a7b2cb5eb2730d680c050a05ba5d56022f0dde66fb672f6,1412,2160,http image/jpeg,487.4337,0.9929,0.0131,1.0000,34.7667
126610,183354,Pre-owned Rolex Submariner 126610 Black,https://www.bobswatches.com/pre-owned-rolex-submariner-126610-black.html,https://www.bobswatches.com/images/zUsed-Rolex-Submariner-126610-Black-Dial-SKU183354.jpg,126610_183354_b18b8f4187.jpg,b18b8f4187e697a69f42d2459def82b7480c4d916ebb580b696f8d820e3e5cc5,1412,2160,http image/jpeg,488.7994,0.9963,0.0153,1.0000,33.8304
116710,182747,Rolex GMT-Master II Steel 116710 Black Dial,https://www.bobswatches.com/rolex-gmt-master-ii-steel-116710-black-dial.html,https://www.bobswatches.com/images/zUsed-Rolex-GMT-Master-II-116710-SKU182747.jpg,116710_182747_a364f4c193.jpg,a364f4c19390f3b65ba73ae33b031bc7cb46fe8475a49d2c6f1feb490b58ed87,1412,2160,http image/jpeg,491.4872,0.9956,0.0037,1.0000,32.3269
114060,183124,Rolex Submariner No Date Ref 114060 Steel,https://www.bobswatches.com/rolex-submariner-no-date-ref-114060-steel.html,https://www.bobswatches.com/images/zUsed-Rolex-Submariner-114060-Black-Dial-SKU183124.jpg,114060_183124_bb5d982b0e.jpg,bb5d982b0e3f3cdd8b21108012bdb9aebbd82342d4c21a283c8247cc1d5bd2ad,1412,2160,http image/jpeg,494.0638,0.9887,0.0020,1.0000,33.4964
114060,183124,Rolex Submariner No Date Ref 114060 Steel,https://www.bobswatches.com/rolex-submariner-no-date-ref-114060-steel.html,https://www.bobswatches.com/images/zUsed-Rolex-Submariner-114060-Black-Timing-Bezel-SKU183124.jpg,114060_183124_9dc9a988dc.jpg,9dc9a988dc5e23a851785f2decfe16c66e67a54f84246c9d9d8283959f86449c,800,800,http image/jpeg,173.4144,0.9627,0.0179,1.0000,33.0057
126610,182808,Pre-owned Rolex Submariner Ref 126610 Black Dial,https://www.bobswatches.com/pre-owned-rolex-submariner-ref-126610-black-dial.html,https://www.bobswatches.com/images/zUsed-Rolex-Submariner-126610-Black-Dial-SKU182808.jpg,126610_182808_579234e6f1.jpg,579234e6f1d53b8a0b73cbf326e3a56659a653ae40c8f80b6a4b67ec072a5262,1412,2160,http image/jpeg,488.3217,0.9974,0.0149,1.0000,36.7653
116710,182593,Used Rolex GMT-Master II Stainless Steel 116710 Black Dial,https://www.bobswatches.com/used-rolex-gmt-master-ii-stainless-steel-116710-black-dial.html,https://www.bobswatches.com/images/zUsed-Rolex-GMT-Master-II-116710-SKU182593.jpg,116710_182593_5d873e5f0a.jpg,5d873e5f0ad46e464a4bc463c695a3e68b49ce1c6c7b43ff0ad997ae3b48c5c0,1412,2160,http image/jpeg,608.8573,0.9964,0.0114,1.0000,29.8851
114060,182970,Rolex Submariner No Date Dial 114060 Steel Oyster,https://www.bobswatches.com/rolex-submariner-no-date-dial-114060-steel-oyster.html,https://www.bobswatches.com/images/zUsed-Rolex-Submariner-114060-SKU182970.jpg,114060_182970_65c6d4919f.jpg,65c6d4919fe74fc96020b03941f84f8c4645be54a090596ad1d2c04efee245ab,1412,2160,http image/jpeg,491.8534,0.9955,0.0011,1.0000,34.5848
116710,182982,Pre-owned Rolex GMT-Master II Ref 116710 Black,https://www.bobswatches.com/pre-owned-rolex-gmt-master-ii-ref-116710-black.html,https://www.bobswatches.com/images/zUsed-Rolex-GMT-Master-II-116710-Black-Dial-SKU182982.jpg,116710_182982_62043e0a45.jpg,62043e0a45b1c9df2af5977af251e790bb2a29ea9c9c99a91cacaf0ce451fff6,1412,2160,http image/jpeg,492.0004,0.9904,0.0044,1.0000,34.4850
116710,182982,Pre-owned Rolex GMT-Master II Ref 116710 Black,https://www.bobswatches.com/pre-owned-rolex-gmt-master-ii-ref-116710-black.html,https://www.bobswatches.com/images/zUsed-Rolex-GMT-Master-II-116710-Black-Ceramic-Bezel-SKU182982.jpg,116710_182982_79b8c20688.jpg,79b8c20688bb72608c590dd64244a8d167a019121b89868930c8931e875dcba9,800,800,http image/jpeg,134.5026,0.9601,0.0172,1.0000,30.5016
114060,182769,Men's Rolex Submariner No Date Ref 114060 Stainless Steel,https://www.bobswatches.com/mens-rolex-submariner-no-date-ref-114060-stainless-steel.html,https://www.bobswatches.com/images/zUsed-Rolex-Submariner-114060-Black-Dial-SKU182769.jpg,114060_182769_2536742313.jpg,2536742313e01b7317d8275c397045e0e9b29f82c130b1cfcf28ba32c06aaf39,1412,2160,http image/jpeg,493.8153,0.9952,0.0018,1.0000,34.4882
114060,182769,Men's Rolex Submariner No Date Ref 114060 Stainless Steel,https://www.bobswatches.com/mens-rolex-submariner-no-date-ref-114060-stainless-steel.html,https://www.bobswatches.com/images/zUsed-Rolex-Submariner-114060-Black-Timing-Bezel-SKU182769.jpg,114060_182769_c47f7744b3.jpg,c47f7744b366d78349387d483deffeb00cbb8ce04e2bf4e6b9bd9d8be91fb5cc,800,800,http image/jpeg,140.8338,0.9640,0.0180,1.0000,27.3754
114060,182769,Men's Rolex Submariner No Date Ref 114060 Stainless Steel,https://www.bobswatches.com/mens-rolex-submariner-no-date-ref-114060-stainless-steel.html,https://www.bobswatches.com/images/zUsed-Rolex-Submariner-114060-Black-Timing-Bezel-182769s.jpg,114060_182769_d135bf0509.jpg,d135bf0509ea5b4df582cfed14e2f684a90e1a5da1ed7b20d8ce21b5d7bcdf5a,800,800,http image/jpeg,141.3083,0.9835,0.0089,1.0000,24.5774
126610,182785,Pre-owned Rolex Submariner 126610 Black Dial,https://www.bobswatches.com/pre-owned-rolex-submariner-126610-black-dial.html,https://www.bobswatches.com/images/zUsed-Rolex-Submariner-126610-Black-Chromalight-Dial-SKU182785.jpg,126610_182785_20ec57ce88.jpg,20ec57ce88dc1757297cd83aefc4e30b08a22363ec82feae3e647e224aee03bb,1412,2160,http image/jpeg,492.6662,0.9924,0.0066,1.0000,34.9528
114060,182809,Rolex Submariner No Date Dial 114060 Stainless Steel,https://www.bobswatches.com/rolex-submariner-no-date-dial-114060-stainless-steel.html,https://www.bobswatches.com/images/zUsed-Rolex-Submariner-114060-SKU182809.jpg,114060_182809_76da4f9b93.jpg,76da4f9b93a3bebb7bb3876fb6301cb6671c915f26212a49a1201742d0537503,1412,2160,http image/jpeg,606.9998,0.9956,0.0010,1.0000,33.1955
114060,182350,Rolex Submariner No Date Ref 114060 Stainless Steel,https://www.bobswatches.com/rolex-submariner-no-date-ref-114060-stainless-steel.html,https://www.bobswatches.com/images/zUsed-Rolex-Submariner-114060-Black-Dial-SKU182350.jpg,114060_182350_35ded297e2.jpg,35ded297e21140116e0c6e3f0bc920285c720984fbfd2b3c3a308c7d3d88f71b,1412,2160,http image/jpeg,489.9410,0.9901,0.0016,1.0000,31.0705
114060,182350,Rolex Submariner No Date Ref 114060 Stainless Steel,https://www.bobswatches.com/rolex-submariner-no-date-ref-114060-stainless-steel.html,https://www.bobswatches.com/images/zUsed-Rolex-Submariner-114060-Black-Dial-182350s.jpg,114060_182350_acf0209abb.jpg,acf0209abb2824e377d56c205a7cb469b5acabf14a1a21476bf0be5a6824d7e1,800,800,http image/jpeg,140.3215,0.9920,0.0103,1.0000,24.1348
126610,182385,Pre-owned Rolex Submariner Ref 126610,https://www.bobswatches.com/pre-owned-rolex-submariner-ref-126610.html,https://www.bobswatches.com/images/zUsed-Rolex-Submariner-126610-Black-Dial-SKU182385.jpg,126610_182385_e0b1914b15.jpg,e0b1914b15eda8197b3b78325a5c9bc00365e36d753fb48a5c29a0adcb0e2383,1412,2160,http image/jpeg,493.5391,0.9958,0.0027,1.0000,35.2816
126610,182385,Pre-owned Rolex Submariner Ref 126610,https://www.bobswatches.com/pre-owned-rolex-submariner-ref-126610.html,https://www.bobswatches.com/images/zUsed-Rolex-Submariner-126610-Black-Dial-182385s.jpg,126610_182385_991611efcc.jpg,991611efcc003a7310ec96ffb40078f16813d5dc3754def1188d8ffa81490511,800,800,http image/jpeg,145.3300,0.9962,0.0078,1.0000,27.2977
116710,181843,Rolex GMT Master II Ref 116710 Ceramic Black,https://www.bobswatches.com/rolex-gmt-master-ii-ref-116710-ceramic-black.html,https://www.bobswatches.com/images/zUsed-Rolex-GMT-Master-II-116710-Black-Dial-SKU181843.jpg,116710_181843_015cb4ec0b.jpg,015cb4ec0b3cfe70ac05751dd9dd682a4733b844426d4a0d583d812dcc1e3842,1412,2160,http image/jpeg,611.6131,0.9958,0.0056,1.0000,29.6047
116710,181738,Rolex GMT Master II Ref 116710 Black Dial,https://www.bobswatches.com/181738-rolex-gmt-master-ii-ref-116710-black-dial.html,https://www.bobswatches.com/images/zUsed-Rolex-GMT-Master-II-116710-Black-Dial-SKU181738.jpg,116710_181738_a864428216.jpg,a864428216af1afa2b8e1c2670e34960a20cea23fce5576dc3c6a894afa0c8c8,1412,2160,http image/jpeg,609.6472,0.9946,0.0129,1.0000,30.9770
126610LN,182036,Pre-owned Rolex Submariner 126610LN,https://www.bobswatches.com/pre-owned-rolex-submariner-126610ln.html,https://www.bobswatches.com/images/zUsed-Rolex-Submariner-126610-Black-Chromalight-Dial-SKU182036.jpg,126610LN_182036_5ae931778c.jpg,5ae931778c5a0dcf5fa8f6113c859ec615558c6b869f9ea432a4fa14c45c72d1,1412,2160,http image/jpeg,493.5172,0.9883,0.0054,1.0000,35.8020
126610LN,182036,Pre-owned Rolex Submariner 126610LN,https://www.bobswatches.com/pre-owned-rolex-submariner-126610ln.html,https://www.bobswatches.com/images/zUsed-Rolex-Submariner-126610-Black-Timing-Bezel-SKU182036.jpg,126610LN_182036_7193f4c683.jpg,7193f4c6830ca5f16dbeefbe1baf9d388d9017a3e3af9c89d20d9658e6602464,800,800,http image/jpeg,143.7238,0.9670,0.0142,1.0000,35.6141
126610LN,182036,Pre-owned Rolex Submariner 126610LN,https://www.bobswatches.com/pre-owned-rolex-submariner-126610ln.html,https://www.bobswatches.com/images/zUsed-Rolex-Submariner-126610-Oyster-182036s.jpg,126610LN_182036_00736f3ec8.jpg,00736f3ec8a8c9a8aa31e3b302ab973361e4bfc468c556326ae53ec1dc89c8a9,800,800,http image/jpeg,130.8937,0.9979,0.0061,1.0000,31.3600
114060,180502,Rolex Submariner No Date 114060 Stainless Steel,https://www.bobswatches.com/rolex-submariner-no-date-114060-stainless-steel.html,https://www.bobswatches.com/images/zUsed-Rolex-Submariner-114060-Black-Chromalight-Dial-SKU180502.jpg,114060_180502_b8fdcb9b9d.jpg,b8fdcb9b9d882d93ebec5bd8930621e4669f4f83ab08c092bddd1a8ccf22392b,1412,2160,http image/jpeg,491.7150,0.9951,0.0019,1.0000,33.7586
114060,180502,Rolex Submariner No Date 114060 Stainless Steel,https://www.bobswatches.com/rolex-submariner-no-date-114060-stainless-steel.html,https://www.bobswatches.com/images/zUsed-Rolex-Submariner-114060-Black-Timing-Bezel-SKU180502.jpg,114060_180502_3bcbfae895.jpg,3bcbfae8951208ed18230a36f0d688dadda3c70ad6b579125395f6169f7d2154,800,800,http image/jpeg,141.1992,0.9685,0.0162,1.0000,29.0825
116710,180022,Rolex GMT-Master II Model 116710,https://www.bobswatches.com/rolex-gmt-master-ii-model-116710.html,https://www.bobswatches.com/images/zRolex-GMT-Master-II-116710-SKU180022.jpg,116710_180022_8bc4802ac8.jpg,8bc4802ac8ebb8faac68117f53ffeef3a6c33b1820ee3bd0c55cf49fa2a5d225,1412,2160,http image/jpeg,490.8358,0.9956,0.0069,1.0000,29.8986
116710,181176,Rolex GMT-Master II 116710 Black Dial,https://www.bobswatches.com/rolex-gmt-master-ii-116710-black-dial.html,https://www.bobswatches.com/images/zUsed-Rolex-GMT-Master-II-116710-SKU181176.jpg,116710_181176_c74c2ecc1b.jpg,c74c2ecc1b697b40ea5192ab374e4b4a026559ea708134c23817c7a2dc16d95e,1412,2160,http image/jpeg,489.6122,0.9959,0.0027,1.0000,32.4324
116710,181176,Rolex GMT-Master II 116710 Black Dial,https://www.bobswatches.com/rolex-gmt-master-ii-116710-black-dial.html,https://www.bobswatches.com/images/zUsed-Rolex-GMT-Master-II-116710-Black-Dial-SKU181176.jpg,116710_181176_3bd73b5e75.jpg,3bd73b5e7558e4246d44bcf4e18aaa8a9f8b8b1d2fa7e7f5bd8da7128252b1d3,800,800,http image/jpeg,136.6270,0.9617,0.0168,1.0000,29.3517
116613,181599,Rolex Submariner 116613 Two-Tone Black,https://www.bobswatches.com/rolex-submariner-116613-two-tone-black.html,https://www.bobswatches.com/images/zUsed-Rolex-Submariner-116613-SKU181599.jpg,116613_181599_4eabd0781b.jpg,4eabd0781b1c2e2883e30ff03bf1de272c320f27818366cab753d84e70374969,1412,2160,http image/jpeg,492.3647,0.9959,0.0008,1.0000,34.8176
126610,181672,Pre-owned Rolex Submariner 126610,https://www.bobswatches.com/pre-owned-rolex-submariner-126610.html,https://www.bobswatches.com/images/zUsed-Rolex-Submariner-126610-Black-Timing-Bezel-SKU181672.jpg,126610_181672_055788cbb4.jpg,055788cbb4162266d4aa9e2b179fa9202146e436d66ef393b2685cdbb16dc7e8,800,800,http image/jpeg,153.9448,0.9620,0.0169,1.0000,33.1447
126610,181672,Pre-owned Rolex Submariner 126610,https://www.bobswatches.com/pre-owned-rolex-submariner-126610.html,https://www.bobswatches.com/images/zy-181672s.jpg,126610_181672_ca0d92124a.jpg,ca0d92124a2254957d1c03bafd7028461700459925d0f844e03e889513775769,800,800,http image/jpeg,138.7733,0.9874,0.0196,1.0000,30.2291
116613,181185,Rolex Submariner 116613 Blue Chromalight Dial,https://www.bobswatches.com/rolex-submariner-116613-blue-chromalight-dial.html,https://www.bobswatches.com/images/zUsed-Rolex-Submariner-116613-Bluesy-SKU181185.jpg,116613_181185_5aa77bdc08.jpg,5aa77bdc0835ab33792b1f65686f4d741087633c6b796e43d2b51c6e9d29939e,1412,2160,http image/jpeg,492.0046,0.9954,0.0026,1.0000,25.3763
114060,171951,Used Rolex Submariner 114060 No Date Dial,https://www.bobswatches.com/used-rolex-submariner-114060-no-date-dial.html,https://www.bobswatches.com/images/zUsed-Rolex-Submariner-114060-Black-Chromalight-Dial-SKU171951.jpg,114060_171951_b95c98556a.jpg,b95c98556a8a6500a2b5ac3a2c35e0b2bf3e06ce7b41f55ad2322b661fcf7d89,1412,2160,http image/jpeg,612.3274,0.9957,0.0030,1.0000,31.9241
114060,180192,Rolex Submariner 114060 No Date,https://www.bobswatches.com/rolex-submariner-114060-no-date.html,https://www.bobswatches.com/images/zUsed-Rolex-Submariner-114060-Black-Chromalight-Dial-SKU180192.jpg,114060_180192_ba9dd1af40.jpg,ba9dd1af405f3fbea465d1cfcb1b73e0338707e302c5a06a54cd2d4a2622f123,1412,2160,http image/jpeg,494.0953,0.9929,0.0037,1.0000,31.3615
114060,180192,Rolex Submariner 114060 No Date,https://www.bobswatches.com/rolex-submariner-114060-no-date.html,https://www.bobswatches.com/images/zUsed-Rolex-Submariner-114060-Black-Timing-Bezel-SKU180192.jpg,114060_180192_db6bc98721.jpg,db6bc98721d820298df0cb4eb7d19ee768605e97f9cf44abbe0d3c67bdfba556,800,800,http image/jpeg,140.9592,0.9649,0.0181,1.0000,33.1387
116710,180320,Mens Rolex GMT-Master II Ref 116710 Black Dial,https://www.bobswatches.com/mens-rolex-gmt-master-ii-ref-116710-black-dial.html,https://www.bobswatches.com/images/zUsed-Rolex-GMT-Master-II-116710-Black-Dial-SKU180320.jpg,116710_180320_ac3c3b9c2b.jpg,ac3c3b9c2b35f5b22940172325b92a22ed75358d1189d5ced71a0deee1fafb82,1412,2160,http image/jpeg,492.8258,0.9947,0.0009,1.0000,32.2486
114060,181758,Rolex Submariner 114060 Ceramic No Date,https://www.bobswatches.com/rolex-submariner-114060-ceramic-no-date.html,https://www.bobswatches.com/images/zUsed-Rolex-Submariner-114060-Black-Timing-Bezel-SKU181758.jpg,114060_181758_4db910fb81.jpg,4db910fb8115c74351a7cd24f9a749da2ee0bf8d073c6969a4cd1584cd610ea2,1412,2160,http image/jpeg,489.4507,0.9854,0.0006,1.0000,34.0570
114060,181758,Rolex Submariner 114060 Ceramic No Date,https://www.bobswatches.com/rolex-submariner-114060-ceramic-no-date.html,https://www.bobswatches.com/images/zUsed-Rolex-Submariner-114060-Black-Dial-SKU181758.jpg,114060_181758_96130a97fa.jpg,96130a97fa231e39f144b240e98a4591a212cafbcbf66ba89eccc05aef4842e3,800,800,http image/jpeg,137.1415,0.9733,0.0144,1.0000,31.6092
114060,181035,Pre-Owned Rolex Submariner 114060 Stainless Steel,https://www.bobswatches.com/pre-owned-rolex-submariner-114060-stainless-steel.html,https://www.bobswatches.com/images/zUsed-Rolex-Submariner-114060-Black-Chromalight-Dial-SKU181035.jpg,114060_181035_a9206f5d7c.jpg,a9206f5d7c41a58d9e27553ff84f0e9f5356136d50efeb75a500a55d721817f3,1412,2160,http image/jpeg,494.2664,0.9872,0.0023,1.0000,34.1300
114060,181035,Pre-Owned Rolex Submariner 114060 Stainless Steel,https://www.bobswatches.com/pre-owned-rolex-submariner-114060-stainless-steel.html,https://www.bobswatches.com/images/zUsed-Rolex-Submariner-114060-Black-Timing-Bezel-SKU181035.jpg,114060_181035_838c2200a2.jpg,838c2200a2c2d35d03347369cc17d69a7b401e4e45fae8b3b495f357b26d1ddd,800,800,http image/jpeg,133.4852,0.9739,0.0184,1.0000,29.9533
116618,180259,Rolex Submariner ref 116618 Black Dial,https://www.bobswatches.com/rolex-submariner-ref-116618-black-dial.html,https://www.bobswatches.com/images/zUsed-Rolex-Submariner-116618-SKU180259.jpg,116618_180259_b2dbdd604d.jpg,b2dbdd604dd2248226546629060186a673fd9158a481631c54ee11dcfb293e60,1412,2160,http image/jpeg,492.7187,0.9921,0.0124,1.0000,34.0959
116618,180259,Rolex Submariner ref 116618 Black Dial,https://www.bobswatches.com/rolex-submariner-ref-116618-black-dial.html,https://www.bobswatches.com/images/zUsed-Rolex-Submariner-116618-Black-Dial-SKU180259s.jpg,116618_180259_a48e66b472.jpg,a48e66b47231b3210ef7a19cb567e6bd27f09a07b0f70e8288c5cbecea3ad1b2,800,800,http image/jpeg,134.9937,0.9885,0.0163,1.0000,32.4133
114060,180034,Pre-owned Rolex Submariner 114060,https://www.bobswatches.com/pre-owned-rolex-submariner-114060.html,https://www.bobswatches.com/images/zUsed-Rolex-Submariner-114060-BBlack-Chromalight-Dial-SKU180034.jpg,114060_180034_1325e7e8a3.jpg,1325e7e8a3e78710c04e6914c431bc97728424a714e16016468aed0af8644637,1412,2160,http image/jpeg,491.2626,0.9949,0.0041,1.0000,33.4339
114060,180034,Pre-owned Rolex Submariner 114060,https://www.bobswatches.com/pre-owned-rolex-submariner-114060.html,https://www.bobswatches.com/images/zUsed-Rolex-Submariner-114060-Oyster-180034s.jpg,114060_180034_1679c88342.jpg,1679c88342aaa6a3290cc7e5c6a7a0040c505657bd2ca8f4e0c000a8761a9a2d,800,800,http image/jpeg,132.4797,0.9912,0.0053,1.0000,27.1196
116618,171364,Rolex Submariner 116618 Black Dial,https://www.bobswatches.com/rolex-submariner-116618-black-dial.html,https://www.bobswatches.com/images/zUsed-Rolex-Submariner-116618-Black-Chromalight-Dial-SKU171364.jpg,116618_171364_4a14c129c1.jpg,4a14c129c1d4011593fc0a6e8c8db9e4471230d12360499074c4d9c9e378c2db,1412,2160,http image/jpeg,495.7307,0.9948,0.0048,1.0000,35.8354
116618,171364,Rolex Submariner 116618 Black Dial,https://www.bobswatches.com/rolex-submariner-116618-black-dial.html,https://www.bobswatches.com/images/zUsed-Rolex-Submariner-116618-Black-Timing-Bezel-SKU171364.jpg,116618_171364_da79e9254f.jpg,da79e9254fb360b84b2a7031bda4a0a994c87c2602043cddc0c7d2e2f6a4af29,800,800,http image/jpeg,168.0719,0.9668,0.0158,1.0000,34.8507
116618,171271,Rolex Submariner ref 116618 18k Yellow Gold,https://www.bobswatches.com/rolex-submariner-ref-116618-18k-yellow-gold.html,https://www.bobswatches.com/images/zUsed-Rolex-Submariner-116618-Yellow-Gold-SKU171271.jpg,116618_171271_158ee443be.jpg,158ee443be6521ee5c238c89282d19b3f1a8be6419584d114abe8610cf2409a8,1412,2160,http image/jpeg,615.9512,0.9961,0.0043,1.0000,34.6125
116618,170603,Rolex Submariner 116618 18k Yellow Gold Black Dial,https://www.bobswatches.com/rolex-submariner-116618-18k-yellow-gold-black-dial.html,https://www.bobswatches.com/images/z170603-Used-Rolex-Submariner-116618-Black-Dial-SKU170603.jpg,116618_170603_5fdadc10f9.jpg,5fdadc10f99afeaf7389cb376dbe8873e2775d615d28fb19668a1ffbf54498eb,1412,2160,http image/jpeg,495.5652,0.9959,0.0045,1.0000,35.0701
116618,170603,Rolex Submariner 116618 18k Yellow Gold Black Dial,https://www.bobswatches.com/rolex-submariner-116618-18k-yellow-gold-black-dial.html,https://www.bobswatches.com/images/zUsed-Rolex-Submariner-116618-18k-Yellow-Gold-Case-170603s.jpg,116618_170603_10e12c5cdc.jpg,10e12c5cdc1dfebd49beeec3dbea1d90a405fc7b5a644ab6db73ade1062dbc6a,800,800,http image/jpeg,142.1982,0.9887,0.0044,1.0000,35.0810
116613,175237,Rolex Submariner 116613 Black Cerachrom Bezel,https://www.bobswatches.com/rolex-submariner-116613-black-cerachrom-bezel.html,https://www.bobswatches.com/images/zUsed-Rolex-Submariner-116613-Black-Chromalight-Dial-SKU175237.jpg,116613_175237_9a28544af5.jpg,9a28544af5e5d1d3a9e8c1fe16c15a6bed48d2a0fe07ba57736893c1ca321e5c,1412,2160,http image/jpeg,493.0486,0.9957,0.0033,1.0000,33.9318
116710,181032,Pre-Owned Rolex GMT-Master II 116710,https://www.bobswatches.com/pre-owned-rolex-gmt-master-ii-116710.html,https://www.bobswatches.com/images/zUsed-Rolex-GMT-Master-II-116710-Black-Dial-SKU181032.jpg,116710_181032_fa543c2cfa.jpg,fa543c2cfa3dbb40c1c9fdd7b93a76af523aab5ca817f3a5be7408616334986d,1412,2160,http image/jpeg,490.9287,0.9953,0.0037,1.0000,32.9442
116710,181773,Rolex GMT Master II 116710 Ceramic Black,https://www.bobswatches.com/rolex-gmt-master-ii-116710-ceramic-black.html,https://www.bobswatches.com/images/zUsed-Rolex-GMT-Master-II-116710-Black-Superluminova-Dial-SKU181773.jpg,116710_181773_0093a5be20.jpg,0093a5be20569d18174176f7ea45c5f9c98c4fff6a9f99fe114f139648aeeb17,1412,2160,http image/jpeg,490.2952,0.9977,0.0017,1.0000,32.9053
116710,181773,Rolex GMT Master II 116710 Ceramic Black,https://www.bobswatches.com/rolex-gmt-master-ii-116710-ceramic-black.html,https://www.bobswatches.com/images/zUsed-Rolex-GMT-Master-II-116710-Black-Ceramic-Bezel-SKU181773.jpg,116710_181773_06633d5211.jpg,06633d5211d70bbe9be5253c6fbac6a74ec6e23a144d4673dcf796ff55079d3e,800,800,http image/jpeg,140.9635,0.9639,0.0162,1.0000,29.4749
116710,167429,Rolex Black GMT-Master II Ceramic Bezel 116710,https://www.bobswatches.com/rolex-black-gmt-master-ii-ceramic-bezel-116710.html,https://www.bobswatches.com/images/zUsed-Rolex-GMT-Master-II-116710-Black-Superluminova-Dial-SKU167429.jpg,116710_167429_742bf8d66e.jpg,742bf8d66ee2365994bcd6d75df1d1c0889d484567be436147369d15adfa4876,1412,2160,http image/jpeg,492.5190,0.9922,0.0032,1.0000,30.3760
116610,175144,Used Rolex Submariner 116610,https://www.bobswatches.com/used-rolex-submariner-116610.html,https://www.bobswatches.com/images/zUsed-Rolex-Submariner-116610-Black-Chromalight-Dial-SKU175144.jpg,116610_175144_54bbcf1d0d.jpg,54bbcf1d0d5fd0e87f8542ff05b657fe5ea9cc84a17372e00db116266f8dbe7f,1412,2160,http image/jpeg,486.3894,0.9953,0.0022,1.0000,34.2255
116610,175144,Used Rolex Submariner 116610,https://www.bobswatches.com/used-rolex-submariner-116610.html,https://www.bobswatches.com/images/zUsed-Rolex-Submariner-116610-Black-Timing-Bezel-SKU175144.jpg,116610_175144_817b51005f.jpg,817b51005f7877acb66cff4872fae939a4f36c41d922c79baff806541714bf38,800,800,http image/jpeg,131.9695,0.9618,0.0154,1.0000,33.7449
126610LN,180634,Mens Rolex Submariner 126610LN,https://www.bobswatches.com/mens-rolex-submariner-126610ln.html,https://www.bobswatches.com/images/zUsed-Rolex-Submariner-126610-Black-Chromalight-Dial-SKU180634.jpg,126610LN_180634_f70db34a62.jpg,f70db34a623f04a6980563dae70a3d17e9609a884d3b3c332c55e1d39ad57de4,1412,2160,http image/jpeg,491.2449,0.9850,0.0026,1.0000,35.0900
126610,181397,Rolex Submariner 126610 Ceramic 41MM,https://www.bobswatches.com/rolex-submariner-126610-ceramic-41mm.html,https://www.bobswatches.com/images/zUsed-Rolex-Submariner-126610-Black-Chromalight-Dial-SKU181397.jpg,126610_181397_4963f5501f.jpg,4963f5501fcac29987637526f988de6cebea3ac58e6079e93ba8c642224402b2,1412,2160,http image/jpeg,493.6172,0.9918,0.0054,1.0000,34.4566
126610,181397,Rolex Submariner 126610 Ceramic 41MM,https://www.bobswatches.com/rolex-submariner-126610-ceramic-41mm.html,https://www.bobswatches.com/images/zUsed-Rolex-Submariner-126610-Black-Timing-Bezel-181397s.jpg,126610_181397_1144b83509.jpg,1144b8350919ede4084c881ed1995cc3fa39d00122bebe9799978cc8a8673538,800,800,http image/jpeg,132.0133,0.9934,0.0056,1.0000,33.6660
114060,180759,Men's Rolex Submariner 114060 Ceramic Bezel,https://www.bobswatches.com/mens-rolex-submariner-114060-ceramic-bezel.html,https://www.bobswatches.com/images/zUsed-Rolex-Submariner-114060-Black-Dial-SKU180759.jpg,114060_180759_e77e31718c.jpg,e77e31718cc3f071bd9f0531b85b9486509afb20f72b00cf8651360238bbdeed,1412,2160,http image/jpeg,491.4029,0.9971,0.0056,1.0000,32.3796
114060,180759,Men's Rolex Submariner 114060 Ceramic Bezel,https://www.bobswatches.com/mens-rolex-submariner-114060-ceramic-bezel.html,https://www.bobswatches.com/images/zUsed-Rolex-Submariner-114060-Black-Timing-Bezel-SKU180759.jpg,114060_180759_49cc6ed142.jpg,49cc6ed142418dbd8d73ad4a5c91a62846de23dae135814d75ae3e2c8830b458,800,800,http image/jpeg,135.8700,0.9649,0.0197,1.0000,34.8741
116610,181141,Rolex Submarine 116610 Black Chromalight Dial,https://www.bobswatches.com/rolex-submarine-116610-black-chromalight-dial.html,https://www.bobswatches.com/images/zUsed-Rolex-Submariner-116610-Black-Dial-SKU181141.jpg,116610_181141_aa8e590868.jpg,aa8e59086826d71ce352970fe9b91dc3b48c9ff05464fd79232c5de73467bae4,1412,2160,http image/jpeg,492.0603,0.9934,0.0015,1.0000,35.4542
116610,181141,Rolex Submarine 116610 Black Chromalight Dial,https://www.bobswatches.com/rolex-submarine-116610-black-chromalight-dial.html,https://www.bobswatches.com/images/zUsed-40mm-Steel-Rolex-Submariner-116610-Black-Dial-SKU181141.jpg,116610_181141_96e4521cbf.jpg,96e4521cbfd8dcb55ca2b5d13fc87ee80a77a511da9cc29e9a76f503d6e3e4b7,800,800,http image/jpeg,142.0592,0.9732,0.0142,1.0000,32.5794
126613LB,194104,Used Two Tone Rolex Submariner Bluesy Ref 126613LB Ceramic Bezel,https://www.bobswatches.com/used-two-tone-rolex-submariner-bluesy-ref-126613lb-ceramic-bezel.html,https://www.bobswatches.com/images/zUsed-Rolex-Submariner-126613-SKU194104.jpg,126613LB_194104_7ff894019f.jpg,7ff894019fbdbfb5f99a290f50cb45d320add40598648a206870446aa7190c7a,1412,2160,http image/jpeg,493.9173,0.9986,0.0020,1.0000,32.6126
116710BLNR,192789,Used Rolex GMT-Master II Batman Bezel Ref 116710BLNR Oyster Band,https://www.bobswatches.com/used-rolex-gmt-master-ii-batman-bezel-ref-116710blnr-oyster-band.html,https://www.bobswatches.com/images/zUsed-Rolex-GMT-Master-II-116710-SKU192789.jpg,116710BLNR_192789_11206f9cf2.jpg,11206f9cf2eeb345e2395366e68008368f324bec0935096d34010f2ae0431eed,1412,2160,http image/jpeg,490.9586,0.9904,0.0033,1.0000,35.1066
126610,193556,Pre-Owned Rolex Submariner Ref 126610 Black Cerachrom Bezel,https://www.bobswatches.com/pre-owned-rolex-submariner-ref-126610-black-cerachrom-bezel.html,https://www.bobswatches.com/images/zUsed-Rolex-Submariner-126610-SKU193556.jpg,126610_193556_0aec1cbf82.jpg,0aec1cbf82d8d0b4ace641486211d00e6c36c12c618ed37c46e91e84514a3f85,1412,2160,http image/jpeg,493.8289,0.9891,0.0023,1.0000,34.2518
126710BLNR,192997,Used Blue & Black Batgirl Rolex GMT-Master II Ref 126710BLNR,https://www.bobswatches.com/used-blue-and-black-batgirl-rolex-gmt-master-ii-ref-126710blnr.html,https://www.bobswatches.com/images/zUsed-Rolex-GMT-Master-II-126710-SKU192997.jpg,126710BLNR_192997_9a118f4a21.jpg,9a118f4a21c89c0d4a0021788d98a98cbe516dedc3f00a91d464e416f2bfda8e,1412,2160,http image/jpeg,488.4718,0.9976,0.0055,1.0000,37.0334
126710BLRO,193644,Pre-Owned Stainless Steel Rolex GMT-Master II Ref 126710BLRO Pepsi,https://www.bobswatches.com/pre-owned-stainless-steel-rolex-gmt-master-ii-ref-126710blro-pepsi.html,https://www.bobswatches.com/images/zUsed-Rolex-GMT-Master-II-126710-SKU193644.jpg,126710BLRO_193644_8fd741d316.jpg,8fd741d316816b587bea3508bca70a8e327998c23bd640ef11ab2e0cfd8bdb9b,1412,2160,http image/jpeg,486.7218,0.9864,0.0050,1.0000,33.1678
114060,191211,Pre-Owned Black No Date Dial Rolex Submariner Ref 114060,https://www.bobswatches.com/pre-owned-black-no-date-dial-rolex-submariner-ref-114060.html,https://www.bobswatches.com/images/zUsed-Rolex-Submariner-114060-SKU191211.jpg,114060_191211_cb1e03581a.jpg,cb1e03581a4d3c0f221626ba7c5a4d8f0d83ead0b668f2fd5399bdf0f2121d7f,1412,2160,http image/jpeg,490.9551,0.9981,0.0060,1.0000,29.1296
116610,192938,Pre-Owned Rolex Submariner Ref 116610 Black Chromalight Dial,https://www.bobswatches.com/pre-owned-rolex-submariner-ref-116610-black-chromalight-dial.html,https://www.bobswatches.com/images/zUsed-Rolex-Submariner-116610-SKU192938.jpg,116610_192938_3b3ed693c5.jpg,3b3ed693c59e53a38e554c766b32b10a8d95a6369b9d91c476fcb19c0d7492ef,1412,2160,http image/jpeg,611.8798,0.9964,0.0020,1.0000,35.2406
116610LV,192471,Pre-Owned Rolex Submariner Green Dial Hulk Ref 116610LV,https://www.bobswatches.com/pre-owned-rolex-submariner-green-dial-hulk-ref-116610lv.html,https://www.bobswatches.com/images/zUsed-Rolex-Submariner-116610-SKU192471.jpg,116610LV_192471_32d5b5ce3e.jpg,32d5b5ce3ea058f7eda8cda58db39da44c75cfffea16262a21b772e2eaf7561b,1412,2160,http image/jpeg,615.7741,0.9985,0.0068,1.0000,33.0468
126610,192485,Used Stainless Steel Rolex Submariner Black Chromalight Dial Ref 126610,https://www.bobswatches.com/used-stainless-steel-rolex-submariner-black-chromalight-dial-ref-126610.html,https://www.bobswatches.com/images/zUsed-Rolex-Submariner-126610-SKU192485.jpg,126610_192485_9a1f3e3044.jpg,9a1f3e30447c10fe4808518f78fa42fe242aa934c916248de454c52e69d4baa2,1412,2160,http image/jpeg,495.1384,0.9984,0.0026,1.0000,36.8709
126613LB,192698,Pre-Owned Two Tone Rolex Submariner Bluesy Ref 126613LB,https://www.bobswatches.com/pre-owned-two-tone-rolex-submariner-bluesy-ref-126613lb.html,https://www.bobswatches.com/images/zUsed-Rolex-Submariner-126613-SKU192698.jpg,126613LB_192698_5fb17e8687.jpg,5fb17e8687395123ea30ad2779c9598335295ce208886cdde4180b9b828e412d,1412,2160,http image/jpeg,619.6236,0.9980,0.0071,1.0000,36.2223
126613LB,192687,Used Two Tone Rolex Submariner Ref 126613LB Blue Dial,https://www.bobswatches.com/used-two-tone-rolex-submariner-ref-126613lb-blue-dial.html,https://www.bobswatches.com/images/zUsed-Rolex-Submariner-126613-SKU192687.jpg,126613LB_192687_f7ab82fb42.jpg,f7ab82fb42a64998663c865597fb73fde5070fde46d70a41b5a91a13dea3278d,1412,2160,http image/jpeg,488.7155,0.9926,0.0123,1.0000,34.4709
126613LB,192895,Used Two Tone Rolex Submariner Bluesy Ref 126613LB,https://www.bobswatches.com/used-two-tone-rolex-submariner-bluesy-ref-126613lb.html,https://www.bobswatches.com/images/zUsed-Rolex-Submariner-126613-SKU192895.jpg,126613LB_192895_680d984750.jpg,680d9847504c0285601adfba64d106ea3d1277f32ec4ec9b13057999334cab61,1412,2160,http image/jpeg,487.0392,0.9840,0.0025,1.0000,35.1349
126710BLRO,192480,Used Rolex GMT-Master II Jubilee Bracelet Ref 126710BLRO Pepsi,https://www.bobswatches.com/used-rolex-gmt-master-ii-jubilee-bracelet-ref-126710blro-pepsi.html,https://www.bobswatches.com/images/z192480-Used-Rolex-GMT-Master-II-126710-SKU192480.jpg,126710BLRO_192480_f24f9baeb0.jpg,f24f9baeb044fc2c336fc687078e03a20326f4aabf80d0855fd0641d580c6b16,1412,2160,http image/jpeg,484.4769,0.9764,0.0083,1.0000,34.1049
126710BLRO,185958,Pre-Owned Rolex GMT-Master II Pepsi 126710BLRO Jubilee Band,https://www.bobswatches.com/pre-owned-rolex-gmt-master-ii-pepsi-126710blro-jubilee-band.html,https://www.bobswatches.com/images/zUsed-Rolex-GMT-Master-II-126710-SKU185958.jpg,126710BLRO_185958_926772fdb7.jpg,926772fdb706c1e748be608b3a753999893cc25ca591893affc39c33c4cf694a,1412,2160,http image/jpeg,489.8794,0.9941,0.0117,1.0000,32.9501
126710BLNR,191757,Used Rolex GMT-Master II Batgirl Ref 126710BLNR Jubilee Bracelet,https://www.bobswatches.com/used-rolex-gmt-master-ii-batgirl-ref-126710blnr-jubilee-bracelet.html,https://www.bobswatches.com/images/zUsed-Rolex-GMT-Master-II-126710-SKU191757-PL.jpg,126710BLNR_191757_61906a7a97.jpg,61906a7a97cab028c9872a48c32615d714dd5e616f8fefe702d73f794e80f8e3,1412,2160,http image/jpeg,490.6422,0.9863,0.0071,1.0000,32.3848
126610,191612,Pre-Owned Rolex Submariner Black Chromalight Dial Ref 126610,https://www.bobswatches.com/pre-owned-rolex-submariner-black-chromalight-dial-ref-126610.html,https://www.bobswatches.com/images/zUsed-Rolex-Submariner-126610-SKU191612.jpg,126610_191612_d6936ecb2f.jpg,d6936ecb2f7762393710d031cfb8855078b4000329ae898122f0dba5c8e7a451,1412,2160,http image/jpeg,489.3480,0.9941,0.0048,1.0000,33.8207
126710BLRO,191444,Used Rolex GMT-Master II Ref 126710BLRO Red & Blue Pepsi,https://www.bobswatches.com/used-rolex-gmt-master-ii-ref-126710blro-red-and-blue-pepsi.html,https://www.bobswatches.com/images/z191444-Used-Rolex-GMT-Master-II-126710-SKU191444.jpg,126710BLRO_191444_dffede56f9.jpg,dffede56f90c85c3b889772568629602da50bc4f692a1e6de7f1f4d2851551c9,1412,2160,http image/jpeg,618.1260,0.9940,0.0038,1.0000,30.3198
116610,190505,Used Rolex Submariner Black Dial Ref 116610,https://www.bobswatches.com/used-rolex-submariner-black-dial-ref-116610.html,https://www.bobswatches.com/images/zUsed-Rolex-Submariner-116610-SKU190505.jpg,116610_190505_58a31d1bac.jpg,58a31d1bac8e23f0c94d13eee8c57650879c2285326cacd35427e4f7fd28f4c4,1412,2160,http image/jpeg,614.6828,0.9917,0.0062,1.0000,37.3643
126710GRNR,191568,Pre-Owned Rolex GMT-Master II Bruce Wayne Jubilee Bracelet Ref 126710GRNR,https://www.bobswatches.com/pre-owned-rolex-gmt-master-ii-bruce-wayne-jubilee-bracelet-ref-126710grnr.html,https://www.bobswatches.com/images/zUsed-Rolex-GMT-Master-II-126710-SKU191568.jpg,126710GRNR_191568_77d421dca2.jpg,77d421dca26e13550234bee6bee467769ca1568a64498941e2735f54dece6dea,1412,2160,http image/jpeg,609.6516,0.9938,0.0225,1.0000,29.0678
116619LB,191435,Pre-Owned Smurf Rolex Submariner Ref 116619LB 18k White Gold,https://www.bobswatches.com/pre-owned-smurf-rolex-submariner-ref-116619lb-18k-white-gold.html,https://www.bobswatches.com/images/zUsed-Rolex-Submariner-116619-SKU191435.jpg,116619LB_191435_fe6446cb85.jpg,fe6446cb8511dfc258d099f20bba5e19bf657edad80e0c9aa9e0b883247c4e39,1412,2160,http image/jpeg,490.4268,0.9950,0.0065,1.0000,26.7654
116610LV,190884,Used Rolex Submariner Hulk Ref 116610LV Green Dial,https://www.bobswatches.com/used-rolex-submariner-hulk-ref-116610lv-green-dial.html,https://www.bobswatches.com/images/zUsed-Rolex-Submariner-116610-SKU190884.jpg,116610LV_190884_cdb83f9487.jpg,cdb83f9487e279d98a5798bfb81c4835c925888611d0521ff262295bbc641578,1411,2160,http image/jpeg,489.7394,0.9921,0.0116,1.0000,36.1715
116610,190888,Pre-Owned Stainless Steel Rolex Submariner Ref 116610 Black Dial,https://www.bobswatches.com/pre-owned-stainless-steel-rolex-submariner-ref-116610-black-dial.html,https://www.bobswatches.com/images/z190888-Used-Rolex-Submariner-116610-SKU190888.jpg,116610_190888_52765cf470.jpg,52765cf4705c19db9941af6571852b8f74b30690e79f083765220a26d83f47ee,1412,2160,http image/jpeg,489.8463,0.9958,0.0036,1.0000,39.1546
126710GRNR,190935,Used Rolex GMT-Master II Ref 126710GRNR Bruce Wayne Jubilee Bracelet,https://www.bobswatches.com/used-rolex-gmt-master-ii-ref-126710grnr-bruce-wayne-jubilee-bracelet.html,https://www.bobswatches.com/images/zUsed-Rolex-GMT-Master-II-126710-SKU190935.jpg,126710GRNR_190935_65c9bfff03.jpg,65c9bfff03cb9261c0613b1de6d6d5158bcb8ad29f30c270c794e54259fa6a83,1412,2160,http image/jpeg,480.9895,0.9821,0.0109,1.0000,37.7422
126610,190782,Pre-Owned Rolex Submariner Black Cerachrom Bezel Dial Ref 126610,https://www.bobswatches.com/pre-owned-rolex-submariner-black-cerachrom-bezel-dial-ref-126610.html,https://www.bobswatches.com/images/zUsed-Rolex-Submariner-126610-SKU190782.jpg,126610_190782_336ccaf0bf.jpg,336ccaf0bfc0652f6e223738ceed81c027b66b6d01da49c6a0ccaac09a8cb734,1412,2160,http image/jpeg,497.1348,0.9964,0.0071,1.0000,37.2435
126710BLNR,191107,Pre-Owned Rolex GMT-Master II Batgirl Ref 126710BLNR Blue & Black Bezel,https://www.bobswatches.com/pre-owned-rolex-gmt-master-ii-batgirl-ref-126710blnr-blue-and-black-bezel.html,https://www.bobswatches.com/images/zUsed-Rolex-GMT-Master-II-126710-SKU191107.jpg,126710BLNR_191107_35b3fac7c3.jpg,35b3fac7c3ca36db3f35fc806947001a4cca2940e02de896b98cb37f477fa609,1412,2160,http image/jpeg,489.9859,0.9982,0.0085,1.0000,33.0198
116610,190467,Used Rolex Submariner Ref 116610 Black Luminous Dial,https://www.bobswatches.com/used-rolex-submariner-ref-116610-black-luminous-dial.html,https://www.bobswatches.com/images/zUsed-Rolex-Submariner-116610-SKU190467.jpg,116610_190467_c940d68c2d.jpg,c940d68c2d090ae23010160bfae743f2b38e25a414781b03bdaa1c100cd1a2de,1412,2160,http image/jpeg,490.6861,0.9938,0.0017,1.0000,37.2338
114060,190476,Used Rolex Submariner Ref 114060 Black No Date Dial,https://www.bobswatches.com/used-rolex-submariner-ref-114060-black-no-date-dial.html,https://www.bobswatches.com/images/zUsed-Rolex-Submariner-114060-SKU190476.jpg,114060_190476_d7a65d2039.jpg,d7a65d2039acd2606a1b4181df1cba94aa3020d3546585abf058ce9254b883c1,1412,2160,http image/jpeg,490.1890,0.9956,0.0029,1.0000,33.6889
126610LN,189973,Pre-Owned Rolex Submariner Chromalight Dial Ref 126610LN,https://www.bobswatches.com/pre-owned-rolex-submariner-chromalight-dial-ref-126610ln.html,https://www.bobswatches.com/images/zUsed-Rolex-Submariner-126610-SKU189973.jpg,126610LN_189973_1a61ae7943.jpg,1a61ae794347e12da991608cc1ad6ff3c13ba83ca5f8489abe38f4ad0ca788ce,1412,2160,http image/jpeg,614.7877,0.9921,0.0044,1.0000,36.1562
116610,188720,Used Rolex Submariner Steel Oyster Ref 116610 Black Dial,https://www.bobswatches.com/used-rolex-submariner-steel-oyster-ref-116610-black-dial.html,https://www.bobswatches.com/images/zUsed-Rolex-Submariner-116610-SKU188720.jpg,116610_188720_53b8a4178d.jpg,53b8a4178dd9ba60dc542d9a4c3c05c149713275a3067d7e3700f6f108c7f091,1412,2160,http image/jpeg,488.6337,0.9891,0.0158,1.0000,33.5430
126710GRNR,189320,Pre-Owned Rolex GMT-Master II ref 126710GRNR Black Dial Bruce Wayne,https://www.bobswatches.com/pre-owned-rolex-gmt-master-ii-ref-126710grnr-black-dial-bruce-wayne.html,https://www.bobswatches.com/images/zUsed-Rolex-GMT-Master-II-126710-SKU189320.jpg,126710GRNR_189320_97af33add7.jpg,97af33add7072f3e45ad8978e0d0043e993bbb47c70b1595c7e382b584c4fea9,1412,2160,http image/jpeg,478.9426,0.9859,0.0162,1.0000,35.6056
126710BLRO,188706,Pre-Owned Rolex Pepsi GMT-Master II ref 126710BLRO Jubilee Bracelet,https://www.bobswatches.com/pre-owned-rolex-pepsi-gmt-master-ii-ref-126710blro-jubilee-bracelet.html,https://www.bobswatches.com/images/zUsed-Rolex-GMT-Master-II-126710-SKU188706.jpg,126710BLRO_188706_775b49b07f.jpg,775b49b07f39f805aaf24e565f5efac4a7069b3bed948de45d287afa09addf6d,1412,2160,http image/jpeg,490.7923,0.9910,0.0067,1.0000,32.7086
126710BLRO,188706,Pre-Owned Rolex Pepsi GMT-Master II ref 126710BLRO Jubilee Bracelet,https://www.bobswatches.com/pre-owned-rolex-pepsi-gmt-master-ii-ref-126710blro-jubilee-bracelet.html,https://www.bobswatches.com/images/zUsed-Rolex-GMT-Master-II-126710-Pepsi-SKU188706.jpg,126710BLRO_188706_658e0ff26e.jpg,658e0ff26ed02041ab2410cc10a224f26ba56198e6412063ea2a999a5a4b8abe,2160,2160,http image/jpeg,327.4403,0.9654,0.0189,1.0000,39.9737
126710GRNR,189806,Pre-Owned Bruce Wayne Rolex GMT-Master II ref 126710GRNR Black Dial,https://www.bobswatches.com/pre-owned-bruce-wayne-rolex-gmt-master-ii-ref-126710grnr-black-dial.html,https://www.bobswatches.com/images/z189806-PL-Used-Rolex-GMT-Master-II-126710.jpg,126710GRNR_189806_5d30e3a179.jpg,5d30e3a179734ccf97346b583e44595d0f89a045bd3ab2e3a8ab4043069f6a17,1412,2160,http image/jpeg,485.0539,0.9811,0.0036,1.0000,35.2234
126610,189183,Used Rolex Submariner Black Dial & Bezel Ref 126610,https://www.bobswatches.com/used-rolex-submariner-black-dial-and-bezel-ref-126610.html,https://www.bobswatches.com/images/z189183-Used-Rolex-Submariner-126610-SKU189183.jpg,126610_189183_d791797eb1.jpg,d791797eb1b50352053f3aa7596d1f88829b916ce1507dc3b2a6eff225f814b7,1412,2160,http image/jpeg,492.8442,0.9906,0.0047,1.0000,34.1662
126710BLNR,188530,Used Batman Rolex GMT-Master II Ref 126710BLNR Black Chromalight Dial,https://www.bobswatches.com/used-batman-rolex-gmt-master-ii-ref-126710blnr-black-chromalight-dial.html,https://www.bobswatches.com/images/zUsed-Rolex-GMT-Master-II-126710BLNR-SKU188530.jpg,126710BLNR_188530_7074b4a647.jpg,7074b4a647224f15096fae090f72ce97270f402019342419129b440a8b6a1506,1412,2160,http image/jpeg,487.8978,0.9876,0.0068,1.0000,36.0089
126710BLNR,189426,Used Batgirl Rolex GMT-Master II Ref 126710BLNR Jubilee Band,https://www.bobswatches.com/used-batgirl-rolex-gmt-master-ii-ref-126710blnr-jubilee-band.html,https://www.bobswatches.com/images/zUsed-Rolex-GMT-Master-II-126710-SKU189426.jpg,126710BLNR_189426_734fbded3b.jpg,734fbded3b0dad4e0e400f6559f4ea0317f8b29f8410f9ae7306d297e809ed30,1412,2160,http image/jpeg,491.2420,0.9954,0.0043,1.0000,35.4850
114060,189106,Pre-Owned Rolex Submariner 114060 Black No Date Dial,https://www.bobswatches.com/pre-owned-rolex-submariner-114060-black-no-date-dial.html,https://www.bobswatches.com/images/zUsed-Rolex-Submariner-114060-SKU189106.jpg,114060_189106_dc5952ab4e.jpg,dc5952ab4ee914eb85fe50c10c9f2c59ea49a31aa691b36fde520834d01d06d9,1412,2160,http image/jpeg,490.5699,0.9951,0.0018,1.0000,36.1565
126613LB,188586,Used Rolex Submariner Steel & 18k Yellow Gold Ref 126613LB Blue Dial,https://www.bobswatches.com/used-rolex-submariner-steel-and-18k-yellow-gold-ref-126613lb-blue-dial.html,https://www.bobswatches.com/images/zUsed-Rolex-Submariner-126613-SKU188586.jpg,126613LB_188586_26875ab078.jpg,26875ab078460ce5f5aac6c3752970838f1748166a03a2d8e1b1101c5171594c,1412,2160,http image/jpeg,492.2214,0.9896,0.0064,1.0000,35.6580
126710BLRO,188566,Pre-Owned Red & Blue Pepsi Rolex GMT-Master II Ref 126710BLRO,https://www.bobswatches.com/pre-owned-red-and-blue-pepsi-rolex-gmt-master-ii-ref-126710blro.html,https://www.bobswatches.com/images/zUsed-Rolex-GMT-Master-II-126710-SKU188566.jpg,126710BLRO_188566_a71df6c06e.jpg,a71df6c06e554d7b263df192f2cd0551b34f4762f6667e30d05adde9d330aa74,1412,2160,http image/jpeg,484.4315,0.9790,0.0055,1.0000,34.3413
126613LB,188577,Used Rolex Submariner Date 126613LB Blue Chromalight Dial,https://www.bobswatches.com/used-rolex-submariner-date-126613lb-blue-chromalight-dial.html,https://www.bobswatches.com/images/zUsed-Rolex-Submariner-126613-SKU188577.jpg,126613LB_188577_302bc079d0.jpg,302bc079d037b019356d7cb4239205c4785311c2d8d98fe7487dc9ee53998547,1412,2160,http image/jpeg,493.5017,0.9922,0.0030,1.0000,34.6554
126613LB,188576,Pre-Owned Blue Dial Rolex Submariner Steel & Gold 126613LB,https://www.bobswatches.com/pre-owned-blue-dial-rolex-submariner-steel-and-gold-126613lb.html,https://www.bobswatches.com/images/zUsed-Rolex-Submariner-126613-SKU188576.jpg,126613LB_188576_6847d5b4ea.jpg,6847d5b4ea9c0d46a547930a18c14eb21aae93c4dc4c9cf7bf18d42f2d0d25f9,1412,2160,http image/jpeg,492.5264,0.9927,0.0030,1.0000,37.8530
116610LV,186573,Pre-Owned Rolex Submariner Hulk Edition Ref 116610LV,https://www.bobswatches.com/pre-owned-rolex-submariner-hulk-edition-ref-116610lv.html,https://www.bobswatches.com/images/zUsed-Rolex-Daytona-116503-SKU186573-Green-Dial.jpg,116610LV_186573_84b367dd78.jpg,84b367dd781a8fd3b41139109ce320b355192c9b7bbf32d8de4dfb43c833a2ff,1412,2160,http image/jpeg,485.3212,0.9911,0.0087,1.0000,37.4921
116710,187221,Used Rolex GMT-Master II Black Chromalight Dial ref 116710,https://www.bobswatches.com/used-rolex-gmt-master-ii-black-chromalight-dial-ref-116710.html,https://www.bobswatches.com/images/zUsed-Rolex-GMT-Master-II-116710-SKU187221.jpg,116710_187221_7cd1c668ea.jpg,7cd1c668ea46a11d3b4f3a24ccbff3c32bde4acf251d17b17a4382c3329d0a84,1412,2160,http image/jpeg,492.6101,0.9963,0.0090,1.0000,35.4276
126613LB,187736,Used Blue Dial Rolex Submariner ref 126613LB Steel & 18k Gold,https://www.bobswatches.com/used-blue-dial-rolex-submariner-ref-126613lb-steel-and-18k-gold.html,https://www.bobswatches.com/images/zUsed-Rolex-Submariner-126613-SKU187736.jpg,126613LB_187736_e6fa423484.jpg,e6fa4234848c61aff9f7069fb2004cee3626531d43677643ae12a95895209040,1412,2160,http image/jpeg,491.2921,0.9973,0.0055,1.0000,35.8114
116613LB,188529,Used Blue Dial Rolex Submariner 116613LB,https://www.bobswatches.com/used-blue-dial-rolex-submariner-116613lb.html,https://www.bobswatches.com/images/zUsed-Rolex-Submariner-116613-SKU188529.jpg,116613LB_188529_b9d76ce984.jpg,b9d76ce984cce367ecf3a1d6b9928fa98261647ce63cee384d8f4e6d526d6abb,1412,2160,http image/jpeg,492.0320,0.9968,0.0064,1.0000,28.8052
126610,187617,Used Rolex Submariner ref 126610 Black Chromalight Dial,https://www.bobswatches.com/used-rolex-submariner-ref-126610-black-chromalight-dial.html,https://www.bobswatches.com/images/zUsed-Rolex-Submariner-126610-SKU187617-Black-Dial.jpg,126610_187617_4ec6942e6f.jpg,4ec6942e6fc3128de6fa42e67ef8d17e520b4cf0888efd1e6172124c36063a96,1412,2160,http image/jpeg,486.9988,0.9974,0.0150,1.0000,36.2643
126613LB,188229,Pre-Owned Rolex Submariner Date 126613LB Blue Dial,https://www.bobswatches.com/pre-owned-rolex-submariner-date-126613lb-blue-dial.html,https://www.bobswatches.com/images/zUsed-Rolex-Submariner-126613-SKU188229.jpg,126613LB_188229_c8b16fee0d.jpg,c8b16fee0df1d4ac5822f27412080b82abf5c989cc8a9e594fa86ed8184ffbbd,1412,2160,http image/jpeg,494.7928,0.9927,0.0050,1.0000,37.1007
116613LN,187849,Pre-Owned Rolex Submariner ref 116613LN Black Diamond Dial,https://www.bobswatches.com/pre-owned-rolex-submariner-ref-116613ln-black-diamond-dial.html,https://www.bobswatches.com/images/zUsed-Rolex-Submariner-116613-SKU187849-Black-Dial.jpg,116613LN_187849_c837020926.jpg,c837020926134c0236bd9cc289f370e7dd55a9acd9e0989f3505fc8f91fabc8a,1412,2160,http image/jpeg,493.4683,0.9960,0.0052,1.0000,33.3962
126613LN,187665,Pre-Owned Steel & Gold Rolex Submariner 126613LN Black Dial,https://www.bobswatches.com/pre-owned-steel-and-gold-rolex-submariner-126613ln-black-dial.html,https://www.bobswatches.com/images/zPre-Owned-Rolex-Submariner-126613LN-SKU187665-Black-Dial.jpg,126613LN_187665_5f579860e4.jpg,5f579860e4bf2de1e8bb7690cd5eb4a32c1c1721ccf070376db969c4e78d3811,1412,2160,http image/jpeg,492.4264,0.9762,0.0043,1.0000,32.8140
126613LB,187537,Used Blue Dial Rolex Submariner 126613LB Steel & 18k Gold,https://www.bobswatches.com/used-blue-dial-rolex-submariner-126613lb-steel-and-18k-gold.html,https://www.bobswatches.com/images/zPre-Owned-Rolex-Submariner-126613-SKU187537-Blue-Dial.jpg,126613LB_187537_7422af4d2c.jpg,7422af4d2cdb2d909c891e448d7513db7a56d3aea39bc5fb55f9bfa3d0a7ab93,1412,2160,http image/jpeg,492.4542,0.9906,0.0046,1.0000,37.1157
126613LB,187537,Used Blue Dial Rolex Submariner 126613LB Steel & 18k Gold,https://www.bobswatches.com/used-blue-dial-rolex-submariner-126613lb-steel-and-18k-gold.html,https://www.bobswatches.com/images/zUsed-Rolex-Submariner-126613-187537w.jpg,126613LB_187537_3f79be0f2e.jpg,3f79be0f2e370b15a6b2afc7377d2d5126607452ba9458a602687e3dcabd64c4,2160,2160,http image/jpeg,345.7298,0.9872,0.0054,1.0000,44.2849
116610,185054,Used Rolex Black Dial Submariner 116610,https://www.bobswatches.com/used-rolex-black-dial-submariner-116610.html,https://www.bobswatches.com/images/zUsed-Rolex-Submariner-116610-185054.jpg,116610_185054_cf95493e13.jpg,cf95493e1317d38b24df107841b7d58f65019fef9297aa44ca6b549cf1dccc93,1412,2160,http image/jpeg,490.9716,0.9970,0.0031,1.0000,37.3917
126710GRNR,187285,Used Bruce Wayne Rolex GMT-Master II Black & Grey 126710GRNR,https://www.bobswatches.com/used-bruce-wayne-rolex-gmt-master-ii-black-and-grey-126710grnr.html,https://www.bobswatches.com/images/zUsed-Rolex-GMT-Master-II-126710-SKU187285.jpg,126710GRNR_187285_cf703189e1.jpg,cf703189e19db50280abb5d46624c68169ad3f1ed906f1340233cb5dfd06d666,1412,2160,http image/jpeg,481.9138,0.9956,0.0232,1.0000,31.4059
126610,185625,Pre-owned Rolex Submariner Black Dial Ref 126610,https://www.bobswatches.com/pre-owned-rolex-submariner-black-dial-ref-126610.html,https://www.bobswatches.com/images/zUsed-Rolex-Submariner-126610-185625.jpg,126610_185625_a65a5f30f2.jpg,a65a5f30f217d35be469c79da788c948d790b8aaae03855dee2b41fbd17f539b,1411,2160,http image/jpeg,492.3881,0.9998,0.0044,1.0000,36.9903
126710GRNR,185844,Pre-owned Rolex GMT-Master II Bruce Wayne 126710GRNR Steel Jubilee,https://www.bobswatches.com/pre-owned-rolex-gmt-master-ii-bruce-wayne-126710grnr-steel-jubilee.html,https://www.bobswatches.com/images/zUsed-Rolex-GMT-Master-II-126710-SKU185844.jpg,126710GRNR_185844_f06588f61a.jpg,f06588f61a5ae9e0e9073f8c68cbb93968f67eaf63fe7f3ccdcbc6f5a32578f0,1412,2160,http image/jpeg,481.5353,0.9847,0.0172,1.0000,34.8471
126613LB,186320,Pre-owned Rolex Submariner Date Ref 126613LB Two Tone,https://www.bobswatches.com/pre-owned-rolex-submariner-date-ref-126613lb-two-tone.html,https://www.bobswatches.com/images/zUsed-Rolex-Submariner-126613-186320.jpg,126613LB_186320_2802b4a30c.jpg,2802b4a30cfb277bcf16079466bc7926bce1a9912a325b10cceb4c845d054bef,1412,2160,http image/jpeg,492.4034,0.9958,0.0035,1.0000,36.8426
126613LB,186320,Pre-owned Rolex Submariner Date Ref 126613LB Two Tone,https://www.bobswatches.com/pre-owned-rolex-submariner-date-ref-126613lb-two-tone.html,https://www.bobswatches.com/images/zUsed-Rolex-Submariner-126613-Bluesy-SKU186320.jpg,126613LB_186320_115eb13963.jpg,115eb13963f633e84eb5d835b25ade058484fac53e1b005511f9aaba6ec07eef,800,800,http image/jpeg,143.0177,0.9758,0.0244,1.0000,33.6885
126610,185016,Men's Rolex Submariner Ref 126610 Black,https://www.bobswatches.com/mens-rolex-submariner-ref-126610-black.html,https://www.bobswatches.com/images/zUsed-Rolex-Submariner-126610-Black-Dial-SKU185016.jpg,126610_185016_b3e2d2e921.jpg,b3e2d2e921deb4ab8d51ec892f6ceb281531455d5f6cae73d7879dbbdeec82e8,1412,2160,http image/jpeg,493.7197,0.9897,0.0042,1.0000,34.7971
126610LV,184107,Pre-owned Rolex Submariner Starbucks Ref 126610LV,https://www.bobswatches.com/pre-owned-rolex-submariner-starbucks-ref-126610lv.html,https://www.bobswatches.com/images/zUsed-Rolex-Submariner-126610-SKU184107.jpg,126610LV_184107_11ecf2d491.jpg,11ecf2d49196b5f501ed5e217c6a3db54af554f78e2ff6eaf951718a9250e382,1412,2160,http image/jpeg,486.8728,0.9762,0.0104,1.0000,34.4410
126610LV,185990,Used Rolex Submariner Starbucks 126610LV Green Bezel,https://www.bobswatches.com/used-rolex-submariner-starbucks-126610lv-green-bezel.html,https://www.bobswatches.com/images/zUsed-Rolex-Submariner-126610-SKU185990.jpg,126610LV_185990_c3950f4595.jpg,c3950f45955a507043db8c94e4ed364760a6dedf71ba8b510fa442eee8596a37,1412,2160,http image/jpeg,487.6324,0.9828,0.0152,1.0000,35.4788
126610,186198,Men's Used Rolex Submariner Black Date Dial Ref 126610,https://www.bobswatches.com/mens-used-rolex-submariner-black-date-dial-ref-126610.html,https://www.bobswatches.com/images/zUsed-Rolex-Submariner-126610-SKU186198.jpg,126610_186198_89dbe98654.jpg,89dbe98654fdd8903c1a24c1e5816d51e06be6e2415f13ee20f1341ebb611711,1412,2160,http image/jpeg,489.3857,0.9813,0.0103,1.0000,36.8221
126610,182013,Rolex Submariner Stainless Steel 126610 Black Dial,https://www.bobswatches.com/rolex-submariner-stainless-steel-126610-black-dial.html,https://www.bobswatches.com/images/zUsed-Rolex-Submariner-126610-Black-Dial-and-Bezel-SKU182013.jpg,126610_182013_0a9535ef1a.jpg,0a9535ef1a7d01c22e919967b4d02acd2fcff7f86069fef45e595be0c021b6f2,1412,2160,http image/jpeg,494.7891,0.9940,0.0048,1.0000,32.9288
116618,185629,Used Rolex Submariner Yellow Gold 116618 Blue Dial,https://www.bobswatches.com/used-rolex-submariner-yellow-gold-116618-blue-dial.html,https://www.bobswatches.com/images/zUsed-Rolex-Submariner-116618-SKU185629.jpg,116618_185629_ff5ba39214.jpg,ff5ba39214dd2c7a9014ed7e84840ceb54eb1946565e070604a5986cfd8c6496,1412,2160,http image/jpeg,491.2659,0.9903,0.0053,1.0000,35.4823
126610,184253,Used Rolex Submariner Black Date Dial Ref 126610,https://www.bobswatches.com/used-rolex-submariner-black-date-dial-ref-126610.html,https://www.bobswatches.com/images/zUsed-Rolex-Submariner-126610-SKU184253.jpg,126610_184253_bd6ada29a0.jpg,bd6ada29a00db3d810d3bb3276d1d0fab874c3612f815d9a23b63073926f6fc5,1412,2160,http image/jpeg,493.7213,0.9960,0.0048,1.0000,35.0706
126710BLNR,185849,Used Rolex GMT-Master II 126710BLNR Batman,https://www.bobswatches.com/used-rolex-gmt-master-ii-126710blnr-batman.html,https://www.bobswatches.com/images/zUsed-Rolex-GMT-Master-II-126710-SKU185849.jpg,126710BLNR_185849_f49daee5dd.jpg,f49daee5dd82b2d1d0a2b9e4be80db2d036a9a98eaa1a3581319cb68fc490014,1412,2160,http image/jpeg,489.3866,0.9961,0.0023,1.0000,33.8780
116710,183280,Men's Rolex GMT-Master II Ref 116710 Ceramic Bezel,https://www.bobswatches.com/mens-rolex-gmt-master-ii-ref-116710-ceramic-bezel.html,https://www.bobswatches.com/images/zUsed-Rolex-GMT-Master-II-116710-SKU183280.jpg,116710_183280_2101ce2f7e.jpg,2101ce2f7e1f40c9e10aee9e2c26eb9a4154e84f2a0ff7e40307db6ebdec659f,1412,2160,http image/jpeg,490.9658,0.9898,0.0063,1.0000,33.7147
116710,183280,Men's Rolex GMT-Master II Ref 116710 Ceramic Bezel,https://www.bobswatches.com/mens-rolex-gmt-master-ii-ref-116710-ceramic-bezel.html,https://www.bobswatches.com/images/zUsed-Rolex-GMT-Master-II-116710-Batman-SKU183280.jpg,116710_183280_c13e8372b0.jpg,c13e8372b015fc18b92b7d04f894b1da52c18ee79e2d99220a9312630db96d57,800,800,http image/jpeg,134.7229,0.9709,0.0122,1.0000,28.5075
126710GRNR,185312,Used Rolex GMT-Master II Jubilee Band 126710GRNR Bruce Wayne,https://www.bobswatches.com/used-rolex-gmt-master-ii-jubilee-band-126710grnr-bruce-wayne.html,https://www.bobswatches.com/images/zUsed-Rolex-GMT-Master-II-126710-SKU185312-Black-Dial.jpg,126710GRNR_185312_56c44d7aa9.jpg,56c44d7aa9688f02272f9506ba87f7e36149e8a10f2cca57f2f0d9f348597d74,800,800,http image/jpeg,136.3956,0.9663,0.0185,1.0000,35.4496
126610LV,185019,Rolex Submariner Starbucks Ref 126610LV,https://www.bobswatches.com/rolex-submariner-starbucks-ref-126610lv.html,https://www.bobswatches.com/images/zUsed-Rolex-Submariner-126610-Black-Dial-SKU185019.jpg,126610LV_185019_5b3b4169ab.jpg,5b3b4169abf55f2b672850d902061cb035768cfcb12af1429c6e93f7bf3c1023,1411,2160,http image/jpeg,489.7553,0.9778,0.0147,1.0000,35.9820
126610,184838,Men's Rolex Submariner Black Date Dial Ref 126610,https://www.bobswatches.com/mens-rolex-submariner-black-date-dial-ref-126610.html,https://www.bobswatches.com/images/zUsed-Rolex-Submariner-126610-Black-Dial-SKU184838.jpg,126610_184838_06b8fa3841.jpg,06b8fa38414fd52d69a34d1dd796580d6917e9681fb9e1921e0f6828d0735c43,1412,2160,http image/jpeg,491.5848,0.9989,0.0052,1.0000,36.1689
126610,183186,Rolex Submariner Stainless Steel 126610 Black Date Dial,https://www.bobswatches.com/rolex-submariner-stainless-steel-126610-black-date-dial.html,https://www.bobswatches.com/images/zUsed-Rolex-Submariner-126610-SKU183186.jpg,126610_183186_73f23cb9c3.jpg,73f23cb9c3ca1581391411704ed3b3901e31568fef718872bc7b385237ec3d16,1412,2160,http image/jpeg,487.9921,0.9812,0.0118,1.0000,34.7670
126618LB,185239,Rolex Submariner 18k Yellow Gold 126618LB Blue Dial,https://www.bobswatches.com/rolex-submariner-18k-yellow-gold-126618lb-blue-dial.html,https://www.bobswatches.com/images/zUsed-Rolex-Submariner-126618-SKU185239.jpg,126618LB_185239_b08abca874.jpg,b08abca8741011151c5b29a152e3dad188e89b9c979d64e2e4651d59261ba71c,1412,2160,http image/jpeg,490.8473,0.9877,0.0037,1.0000,32.9198
126610,184953,Men's Rolex Submariner Ref 126610,https://www.bobswatches.com/mens-rolex-submariner-ref-126610.html,https://www.bobswatches.com/images/zUsed-Rolex-Submariner-126610-Black-Dial-SKU184953.jpg,126610_184953_b72df7cc0a.jpg,b72df7cc0ac1e96da238fd68205b287b030f915a9744ad8c68f16b33b6a13c0d,1412,2160,http image/jpeg,492.7145,0.9934,0.0021,1.0000,35.4866
126610,184953,Men's Rolex Submariner Ref 126610,https://www.bobswatches.com/mens-rolex-submariner-ref-126610.html,https://www.bobswatches.com/images/zUsed-Rolex-Submariner-126610-Timing-Bezel-SKU184953.jpg,126610_184953_12c6625ff8.jpg,12c6625ff83a21248342fd491e07a91263a35bba281633951bff3e7618a16b61,800,800,http image/jpeg,141.5116,0.9647,0.0187,1.0000,34.3058
116610,184860,Pre-owned Rolex Submariner Black Dial 116610 Oyster Band,https://www.bobswatches.com/pre-owned-rolex-submariner-black-dial-116610-oyster-band.html,https://www.bobswatches.com/images/zUsed-Rolex-Submariner-116610-SKU184860.jpg,116610_184860_aca719f6ed.jpg,aca719f6edd364ed50ed4e61f9c653e0612cce0573f6404ac1f265f7226a425e,1412,2160,http image/jpeg,612.6164,0.9920,0.0030,1.0000,33.1745
126613,184008,Used Rolex Submariner Two Tone 126613 Bluesy,https://www.bobswatches.com/used-rolex-submariner-two-tone-126613-bluesy.html,https://www.bobswatches.com/images/zUsed-Rolex-Submariner-126613-SKU184008.jpg,126613_184008_5df7178bf0.jpg,5df7178bf003e9f577128b35976bc204c99540daf74cd193ff740c08920a8326,1412,2160,http image/jpeg,487.2906,0.9845,0.0153,1.0000,36.1281
116610LV,184808,Used Rolex Submariner Green Hulk 116610LV Steel Oyster,https://www.bobswatches.com/used-rolex-submariner-green-hulk-116610lv-steel-oyster.html,https://www.bobswatches.com/images/zUsed-Rolex-Submariner-116610-SKU184808.jpg,116610LV_184808_e465577b71.jpg,e465577b71328645c7d203874716f33d6e363cb0f4f101f89785575dc104780f,1412,2160,http image/jpeg,605.8991,0.9857,0.0041,1.0000,34.2289
126613,184835,Used Rolex Submariner Steel & Gold 126613 Blue Dial,https://www.bobswatches.com/used-rolex-submariner-steel-and-gold-126613-blue-dial.html,https://www.bobswatches.com/images/zUsed-Rolex-Submariner-126613-Blue-Dial-SKU184835.jpg,126613_184835_6ac43758f0.jpg,6ac43758f0cdb36aeee2e577458b3bb6a146e6826cd8fef3b4d3d27307c817f5,1411,2160,http image/jpeg,486.0921,0.9753,0.0032,1.0000,32.9530
126710BLNR,184308,Men's Pre-owned Rolex GMT-Master II Ref 126710 Batgirl,https://www.bobswatches.com/mens-pre-owned-rolex-gmt-master-ii-ref-126710-batgirl.html,https://www.bobswatches.com/images/zUsed-Rolex-GMT-Master-II-126710-Black-Dial-SKU184308.jpg,126710BLNR_184308_ea0f20844d.jpg,ea0f20844d3479430f1bf986c2243cf79d6c6be6f9afe11b5842e0571f4dbe1c,1412,2160,http image/jpeg,488.9258,0.9970,0.0045,1.0000,28.1518
126610,184915,Men's Rolex Submariner Black Dial Ref 126610,https://www.bobswatches.com/mens-rolex-submariner-black-dial-ref-126610.html,https://www.bobswatches.com/images/zUsed-Rolex-Submariner-126610-Black-Dial-SKU184915.jpg,126610_184915_d20c3052eb.jpg,d20c3052eb1b9c2a6495a7ef128c56b531d2e905deda2c070627cec5aec93410,1412,2160,http image/jpeg,492.7889,0.9998,0.0148,1.0000,36.4839
126610LV,184916,Used Rolex Submariner Starbucks Ref 126610LV,https://www.bobswatches.com/used-rolex-submariner-starbucks-ref-126610lv.html,https://www.bobswatches.com/images/zUsed-Rolex-Submariner-126610-Starbucks-SKU184916.jpg,126610LV_184916_91e6d6ae2b.jpg,91e6d6ae2b6134909195bd56d238c27bff0b9183837b05c9c994ffef49c7567e,1412,2160,http image/jpeg,488.6785,0.9700,0.0106,1.0000,36.0527
126710GRNR,184693,Used Rolex GMT-Master II ref 126710GRNR Oyster Band,https://www.bobswatches.com/used-rolex-gmt-master-ii-ref-126710grnr-oyster-band.html,https://www.bobswatches.com/images/zUsed-Rolex-GMT-Master-II-126710-Black-Chromalight-Dial-SKU184693-PL.jpg,126710GRNR_184693_da81b5c66c.jpg,da81b5c66c7a3134a9f39e336bad70b751e06bb5d2755eae794cfcb18470273d,1412,2160,http image/jpeg,611.0497,0.9941,0.0173,1.0000,34.0850
126710BLNR,184318,Men's Rolex GMT-Master II Ref 126710 Steel Batgirl,https://www.bobswatches.com/mens-rolex-gmt-master-ii-ref-126710-steel-batgirl.html,https://www.bobswatches.com/images/zUsed-Rolex-GMT-Master-II-126710-Ceramic-Batgirl-SKU184318.jpg,126710BLNR_184318_8f1e03c30c.jpg,8f1e03c30c9dc0f79c17128948702ea9979a08c88fa7ee8ee582158c9dd4565d,800,800,http image/jpeg,131.4391,0.9645,0.0168,1.0000,31.2110
126613,184710,Used Rolex Submariner Steel & Gold 126613 Bluesy,https://www.bobswatches.com/used-rolex-submariner-steel-and-gold-126613-bluesy.html,https://www.bobswatches.com/images/zUsed-Rolex-Submariner-126613-SKU184710.jpg,126613_184710_060f053317.jpg,060f053317dcd3c409875a6eb0d3ede096860c26841d07e82257d6e4aa77602a,1412,2160,http image/jpeg,486.1964,0.9919,0.0047,1.0000,34.9056
116610LV,183950,Used Rolex Submariner Green Dial 116610LV Hulk,https://www.bobswatches.com/used-rolex-submariner-green-dial-116610lv-hulk.html,https://www.bobswatches.com/images/zUsed-Rolex-Submariner-116610-SKU183950.jpg,116610LV_183950_a6131d35d7.jpg,a6131d35d7d4296059811f48dd23800671bfff8073d17335c09f07ca7739b2cf,1411,2160,http image/jpeg,481.5718,0.9600,0.0009,1.0000,33.7453
116710,184182,Used Rolex GMT-Master II Ref 116710 Batman,https://www.bobswatches.com/used-rolex-gmt-master-ii-ref-116710-batman.html,https://www.bobswatches.com/images/zUsed-Rolex-GMT-Master-II-116710-Black-Dial-SKU184182.jpg,116710_184182_5817f5495d.jpg,5817f5495d5cc6b854bc142e2893ca5bd83e454a8cddcfb725a8f97585566fa1,1412,2160,http image/jpeg,608.4583,0.9954,0.0051,1.0000,28.7492
116610,183815,Used Rolex Submariner Ref 116610 Black,https://www.bobswatches.com/used-rolex-submariner-ref-116610-black.html,https://www.bobswatches.com/images/zUsed-Rolex-Submariner-116610-Black-Dial-SKU183815.jpg,116610_183815_2d31e12cc7.jpg,2d31e12cc742a7d0f2f881407e35cdafd6d32bd873f625c351fab60780910069,1412,2160,http image/jpeg,614.7636,0.9956,0.0031,1.0000,34.7019
126710BLRO,183102,Rolex GMT-Master II Pepsi 126710BLRO Jubilee Bracelet,https://www.bobswatches.com/rolex-gmt-master-ii-pepsi-126710blro-jubilee-bracelet.html,https://www.bobswatches.com/images/zUsed-Rolex-GMT-Master-II-126710-SKU183102.jpg,126710BLRO_183102_bb0764ae7e.jpg,bb0764ae7ec3ee6bfeb8a21604f155dea41c85f8aba31688d41002a04d11ef14,1412,2160,http image/jpeg,618.6475,0.9950,0.0064,1.0000,34.0950
116610,182826,Rolex Submariner Ref 116610 Black Dial Stainless Steel,https://www.bobswatches.com/rolex-submariner-ref-116610-black-dial-stainless-steel.html,https://www.bobswatches.com/images/zUsed-Rolex-Submariner-116610-Black-Dial-SKU182826.jpg,116610_182826_19cb9e051a.jpg,19cb9e051a749251d68165bbe844bf8d372dffa978d6666062a00224efeb7b3a,1412,2160,http image/jpeg,611.5956,0.9941,0.0043,1.0000,37.8070
126710BLNR,184317,Rolex GMT-Master II Batgirl 126710BLNR Jubilee Band,https://www.bobswatches.com/rolex-gmt-master-ii-batgirl-126710blnr-jubilee-band.html,https://www.bobswatches.com/images/zUsed-Rolex-GMT-Master-II-126710-184317.jpg,126710BLNR_184317_0f9a425828.jpg,0f9a42582848f05156c53c6a96bca5d35813ca427f4f86adb07344b57152a867,1412,2160,http image/jpeg,490.7993,0.9965,0.0039,1.0000,33.6163
116610LV,183879,Used Men's Rolex Submariner Hulk Ref 116610LV,https://www.bobswatches.com/used-mens-rolex-submariner-hulk-ref-116610lv.html,https://www.bobswatches.com/images/zUsed-Rolex-Submariner-116610-Green-Dial-SKU183879.jpg,116610LV_183879_98e2af25ee.jpg,98e2af25eeb0cfec01baf7231bdb5ab7f306c1bb553356b765fbd2469144749e,1412,2160,http image/jpeg,487.7841,0.9938,0.0014,1.0000,34.0206
126610LV,184448,Used Rolex Submariner Starbucks Ref 126610LV Stainless Steel,https://www.bobswatches.com/used-rolex-submariner-starbucks-ref-126610lv-stainless-steel.html,https://www.bobswatches.com/images/zUsed-Rolex-Submariner-126610-Black-Chromalight-Dial-SKU184448.jpg,126610LV_184448_5fd7646ea4.jpg,5fd7646ea466953cca40ba2ae576df1c0bcf03341cb98357355fc952e53cbf98,1412,2160,http image/jpeg,613.2199,0.9993,0.0087,1.0000,35.3338
126610LV,184394,Men's Rolex Submariner Ref 126610LV Starbucks,https://www.bobswatches.com/mens-rolex-submariner-ref-126610lv-starbucks.html,https://www.bobswatches.com/images/zUsed-Rolex-Submariner-126610-Black-Dial-SKU184394.jpg,126610LV_184394_fd6390ba8a.jpg,fd6390ba8a18475f1a153fe29757272e95494880f8d61d245681eb6b3304c509,1412,2160,http image/jpeg,488.8546,0.9735,0.0054,1.0000,32.0584
126610LV,184498,Rolex Submariner Starbucks Ref 126610LV Black Dial,https://www.bobswatches.com/rolex-submariner-starbucks-ref-126610lv-black-dial.html,https://www.bobswatches.com/images/zUsed-Rolex-Submariner-126610-Black-Dial-SKU184498.jpg,126610LV_184498_a79badff3a.jpg,a79badff3a5888715dfdeebe24fb0c2283557cfe47a4de01a283f010bf3cf6fd,1412,2160,http image/jpeg,484.3516,0.9895,0.0045,1.0000,33.9228
126710GRNR,184581,Men's Rolex GMT-Master II ref 126710GRNR Bruce Wayne,https://www.bobswatches.com/mens-rolex-gmt-master-ii-ref-126710grnr-bruce-wayne.html,https://www.bobswatches.com/images/zUsed-Rolex-GMT-Master-II-126710-SKU184581.jpg,126710GRNR_184581_95ae1a9092.jpg,95ae1a909271adc7b6e6a9841fc188f958a2177ee9424565a8e70cf252d86a67,1412,2160,http image/jpeg,483.0751,0.9862,0.0161,1.0000,34.4599
126613,184594,Men's Rolex Submariner Ref 126613 Bluesy,https://www.bobswatches.com/mens-rolex-submariner-ref-126613-bluesy.html,https://www.bobswatches.com/images/zUsed-Rolex-Submariner-126613-Blue-Dial-SKU184594.jpg,126613_184594_94c7fc9d94.jpg,94c7fc9d944cae73d2747fc5aacf61b723b0d2012dd7adef63cc4d81b126185e,1412,2160,http image/jpeg,489.5990,0.9842,0.0026,1.0000,34.9701
126613,184586,Men's Rolex Submariner Steel & Gold 126613 Bluesy,https://www.bobswatches.com/mens-rolex-submariner-steel-and-gold-126613-bluesy.html,https://www.bobswatches.com/images/zUsed-Rolex-Submariner-126613-Blue-Dial-SKU184586.jpg,126613_184586_c11761654b.jpg,c11761654b5192227942084daf8584ec142a4f5a5c7bfe731b7d579fd9a842b0,1412,2160,http image/jpeg,495.2780,0.9945,0.0046,1.0000,35.2011
126710,183595,Men's Rolex GMT-Master II Ref 126710 Black Dial,https://www.bobswatches.com/mens-rolex-gmt-master-ii-ref-126710-black-dial.html,https://www.bobswatches.com/images/zUsed-Rolex-GMT-Master-II-126710-Black-Dial-SKU183595.jpg,126710_183595_56815d84a8.jpg,56815d84a846976465b5cff722b6b7601eb28ad9bf888e4383185d66d849bef7,1412,2160,http image/jpeg,491.7428,0.9881,0.0065,1.0000,35.9036
116610,182214,Rolex Submariner Black Dial 116610 Steel Oyster,https://www.bobswatches.com/rolex-submariner-black-dial-116610-steel-oyster.html,https://www.bobswatches.com/images/zUsed-Rolex-Black-Dial-Submariner-116610-SKU182214-PL.jpg,116610_182214_b0f9df1544.jpg,b0f9df1544490bab8110bfaf665751e2e6f6c57c5089115c9f7340a16af995a2,1412,2160,http image/jpeg,495.0534,0.9938,0.0067,1.0000,32.5365
126613,184678,Rolex Submariner Bluesy 126613 Steel & Gold Oyster,https://www.bobswatches.com/rolex-submariner-bluesy-126613-steel-and-gold-oyster.html,https://www.bobswatches.com/images/zUsed-Rolex-Submariner-126613-SKU184678-PL.jpg,126613_184678_faf75dbff2.jpg,faf75dbff2a61fd09e2427ac338fd572753ec3a13c0c4249f7e8d26fa905f987,1412,2160,http image/jpeg,489.1169,0.9861,0.0064,1.0000,34.4879
126710GRNR,184483,Men's Rolex GMT-Master II ref 126710GRNR Oyster,https://www.bobswatches.com/mens-rolex-gmt-master-ii-ref-126710grnr-oyster.html,https://www.bobswatches.com/images/zUsed-Rolex-GMT-Master-II-126710-184483.jpg,126710GRNR_184483_75cea4d2d9.jpg,75cea4d2d9441355d3015b32fb894164870e0f007d05ccc914e0d5b2dbb5b185,1412,2160,http image/jpeg,480.9111,0.9921,0.0186,1.0000,34.7269
126613,183319,Men's Rolex Submariner Steel & Gold 126613 Black,https://www.bobswatches.com/mens-rolex-submariner-steel-and-gold-126613-black.html,https://www.bobswatches.com/images/zUsed-Rolex-Submariner-126613-Black-Dial-SKU183319.jpg,126613_183319_a6a60b54e0.jpg,a6a60b54e0b4a8b9bb3ff49bb1e1512e1458644186b5ff0d88b08475b9009a08,1412,2160,http image/jpeg,494.1479,0.9953,0.0115,1.0000,36.8193
126710BLRO,183259,Men's Pre-owned Rolex GMT-Master II 126710 Pepsi,https://www.bobswatches.com/mens-pre-owned-rolex-gmt-master-ii-126710-pepsi.html,https://www.bobswatches.com/images/zUsed-Rolex-GMT-Master-II-126710-Black-Dial-SKU183259.jpg,126710BLRO_183259_4dfadcf610.jpg,4dfadcf610fd34d7ed7aa4437af1ce437902f701d026687f939e2ce0cd632aba,1412,2160,http image/jpeg,490.4486,0.9958,0.0021,1.0000,34.7857
126618,184564,Rolex Submariner 18k Yellow Gold 126618 Black Dial,https://www.bobswatches.com/rolex-submariner-18k-yellow-gold-126618-black-dial.html,https://www.bobswatches.com/images/zUsed-Rolex-Submariner-126618-184564.jpg,126618_184564_c2258bf789.jpg,c2258bf78976e6f383549de69a9ca93b8ee2ebccccafe38670b684338751f8f6,1412,2160,http image/jpeg,490.0611,0.9953,0.0059,1.0000,36.7556
116610LV,184339,Used Rolex Submariner Green Hulk 116610LV,https://www.bobswatches.com/used-rolex-submariner-green-hulk-116610lv.html,https://www.bobswatches.com/images/zUsed-Rolex-Submariner-116610LV-SKU184339.jpg,116610LV_184339_1b2423ca8b.jpg,1b2423ca8b1e161a56cb080ae1712378d2edeaa43e392f224f62b6c07857f1d3,1412,2160,http image/jpeg,492.3402,0.9942,0.0024,1.0000,34.7600
126710BLNR,183942,Men's Rolex GMT-Master II Ref 126710 Stainless Steel Batgirl,https://www.bobswatches.com/mens-rolex-gmt-master-ii-ref-126710-stainless-steel-batgirl.html,https://www.bobswatches.com/images/zUsed-Rolex-GMT-Master-II-126710-Ceramic-Batgirl-SKU183942.jpg,126710BLNR_183942_c868dc0444.jpg,c868dc04444f9fa36cd19a1432970402af8d44b83f408fec1a0969f56463b7f0,800,800,http image/jpeg,139.4149,0.9687,0.0240,1.0000,30.8592
116613,182323,Pre-owned Rolex Submariner 116613 Blue Bezel,https://www.bobswatches.com/pre-owned-rolex-submariner-116613-blue-bezel.html,https://www.bobswatches.com/images/zUsed-Rolex-Submariner-116613-Blue-Dial-SKU182323.jpg,116613_182323_406627bd1f.jpg,406627bd1fe8ae93f67e5e474c73522b0f30e2ab8608d60e94b78fba9fa3f14e,1412,2160,http image/jpeg,489.3313,0.9875,0.0016,1.0000,34.6910
126610LV,183832,Rolex Submariner Starbucks 126610LV Green Bezel,https://www.bobswatches.com/rolex-submariner-starbucks-126610lv-green-bezel.html,https://www.bobswatches.com/images/zUsed-Rolex-Submariner-126610-Black-Luminous-Dial-SKU183832-PL.jpg,126610LV_183832_c55fe01159.jpg,c55fe011598ea3ee592bd58e7a083e9481cb207f4a02a3a795c6b756436e286c,1412,2160,http image/jpeg,488.0938,0.9834,0.0096,1.0000,35.9226
116610LV,184298,Used Rolex Submariner Hulk 116610LV Steel Oyster,https://www.bobswatches.com/used-rolex-submariner-hulk-116610lv-steel-oyster.html,https://www.bobswatches.com/images/zUsed-Rolex-Submariner-116610-Green-Dial-SKU184298.jpg,116610LV_184298_ffc4da693c.jpg,ffc4da693c2ca51146d117ce8e60e063c05b14e8388dfd502a6be7ec6e2cca2e,1412,2160,http image/jpeg,490.5458,0.9808,0.0113,1.0000,35.3834
116710,182783,Mens Rolex GMT-Master II 116710 Batman,https://www.bobswatches.com/182783-mens-rolex-gmt-master-ii-116710-batman.html,https://www.bobswatches.com/images/zUsed-Rolex-GMT-Master-II-116710-Black-Dial-SKU182783.jpg,116710_182783_cb8fb3de24.jpg,cb8fb3de24ac63db1f8377999fdc8771a102ba91876f8107ff2c4e538415d80e,1412,2160,http image/jpeg,489.5124,0.9959,0.0031,1.0000,33.4012
126613,182738,Used Rolex Submariner ref 126613 Black Chromalight Dial,https://www.bobswatches.com/used-rolex-submariner-ref-126613-black-chromalight-dial.html,https://www.bobswatches.com/images/zUsed-Rolex-Submariner-126613-Black-Dial-SKU182738.jpg,126613_182738_f3e1c329f1.jpg,f3e1c329f163d4bc1facafba4a8d7b94b99c6bb7f661f9e808f3586676b7baa6,1412,2160,http image/jpeg,491.3025,0.9824,0.0073,1.0000,37.2557
126710BLRO,181801,Rolex GMT-Master II 126710 Pepsi on Oyster,https://www.bobswatches.com/rolex-gmt-master-ii-126710-pepsi-on-oyster.html,https://www.bobswatches.com/images/zUsed-Rolex-GMT-Master-II-126710-SKU181801.jpg,126710BLRO_181801_3b4902000d.jpg,3b4902000dae5763508a73b0916aa8d2531546128eca8aa052e1ce65995601bd,1412,2160,http image/jpeg,488.6980,0.9957,0.0098,1.0000,32.2513
126710BLRO,181801,Rolex GMT-Master II 126710 Pepsi on Oyster,https://www.bobswatches.com/rolex-gmt-master-ii-126710-pepsi-on-oyster.html,https://www.bobswatches.com/images/zUsed-Rolex-GMT-Master-II-126710-Pepsi-SKU181801.jpg,126710BLRO_181801_3dae00648b.jpg,3dae00648b3e5cb4dc62138449b3e4063b7754d4888662d326be6cdc8d9f30f5,800,800,http image/jpeg,179.2340,0.9640,0.0202,1.0000,33.6650
126613,184000,Rolex Submariner Steel & Gold 126613 Black,https://www.bobswatches.com/rolex-submariner-steel-and-gold-126613-black.html,https://www.bobswatches.com/images/zUsed-Rolex-Submariner-126613-SKU184000.jpg,126613_184000_48535c09eb.jpg,48535c09eba1284fb99c2df88a08cd49522021088b3bd52bf64fe3d1bc4802e1,1412,2160,http image/jpeg,491.0223,0.9983,0.0032,1.0000,36.6496
126613,184000,Rolex Submariner Steel & Gold 126613 Black,https://www.bobswatches.com/rolex-submariner-steel-and-gold-126613-black.html,https://www.bobswatches.com/images/zUsed-Rolex-Submariner-126613-Black-Dial-SKU184000.jpg,126613_184000_3335f7d2a7.jpg,3335f7d2a780869eadf6f49648237b0815973e01759d20553982def042f75c06,800,800,http image/jpeg,137.1897,0.9642,0.0246,1.0000,36.0440
126618LB,184349,Rolex Submariner Blue 126618LB 18k Yellow Gold,https://www.bobswatches.com/rolex-submariner-blue-126618lb-18k-yellow-gold.html,https://www.bobswatches.com/images/zUsed-Rolex-Submariner-126618-184349.jpg,126618LB_184349_7ec2b03d74.jpg,7ec2b03d743992693e9802aa76dc132aa741f31a2c4d2b962e6d5bd26d648eec,1412,2160,http image/jpeg,492.3145,0.9942,0.0039,1.0000,36.0211
126618LB,184349,Rolex Submariner Blue 126618LB 18k Yellow Gold,https://www.bobswatches.com/rolex-submariner-blue-126618lb-18k-yellow-gold.html,https://www.bobswatches.com/images/zUsed-Rolex-Submariner-126618-Blue-Dial-SKU184349.jpg,126618LB_184349_866101e502.jpg,866101e502d163959ab1401291b939446c081f3dbb492c7124fef06b6c80a25f,800,800,http image/jpeg,140.2221,0.9654,0.0246,1.0000,37.3885
116613,183490,Rolex Submariner Steel & Gold 116613 Matte Blue Dial,https://www.bobswatches.com/rolex-submariner-steel-and-gold-116613-matte-blue-dial.html,https://www.bobswatches.com/images/zUsed-Rolex-Submariner-116613-Matte-Blue-Dial-SKU183490-PL.jpg,116613_183490_dd25bae514.jpg,dd25bae51454c5c8e923b54ce0fb9f8e40bc161b27d432dc41c0806c4861eb13,1412,2160,http image/jpeg,496.3042,0.9961,0.0069,1.0000,28.0738
116613,183490,Rolex Submariner Steel & Gold 116613 Matte Blue Dial,https://www.bobswatches.com/rolex-submariner-steel-and-gold-116613-matte-blue-dial.html,https://www.bobswatches.com/images/zUsed-Rolex-Submariner-116613-Blue-Dial-SKU183490.jpg,116613_183490_3f2675404d.jpg,3f2675404d34d1e6b216a6a155a7bbda56716eadf8d04c06ce0c23a2ea5e7f71,800,800,http image/jpeg,135.3012,0.9711,0.0151,1.0000,30.7346
126610LV,184297,Rolex Submariner Starbucks Green Bezel 126610LV Starbucks,https://www.bobswatches.com/rolex-submariner-starbucks-green-bezel-126610lv-starbucks.html,https://www.bobswatches.com/images/zUsed-Rolex-Submariner-126610-Black-Dial-SKU184297.jpg,126610LV_184297_1fb794f078.jpg,1fb794f0783c0568c52d46dc511040942b0be8eed259128d566bddd3a45de432,1412,2160,http image/jpeg,491.2627,0.9909,0.0056,1.0000,37.3405
126710BLNR,183524,Used Rolex GMT-Master II Batman 126710BLNR Stainless Steel,https://www.bobswatches.com/used-rolex-gmt-master-ii-batman-126710blnr-stainless-steel.html,https://www.bobswatches.com/images/zUsed-Rolex-GMT-Master-II-126710-Black-Dial-SKU183524.jpg,126710BLNR_183524_ab1580e47e.jpg,ab1580e47ee34acb9aa784149d2115d9dc9181b92a2afb2f502ad16af43d60cc,1412,2160,http image/jpeg,488.4309,0.9919,0.0036,1.0000,33.8901
126613,184236,Rolex Submariner Bluesy 126613 Steel & Gold,https://www.bobswatches.com/rolex-submariner-bluesy-126613-steel-and-gold.html,https://www.bobswatches.com/images/zUsed-Rolex-Submariner-126613-184236.jpg,126613_184236_e1b9407501.jpg,e1b940750145490869041fc9e98f37e8713bb92cba45835e03452a510333fd11,1412,2160,http image/jpeg,488.4049,0.9869,0.0112,1.0000,35.3854
126613LB,184174,Men's Pre-owned Rolex Submariner 126613LB Blue Dial,https://www.bobswatches.com/mens-pre-owned-rolex-submariner-126613lb-blue-dial.html,https://www.bobswatches.com/images/zUsed-Rolex-Submariner-126613-Blue-Dial-SKU184174-PL.jpg,126613LB_184174_612ab4831c.jpg,612ab4831cff5a288f8339ec3fd4d4c127aa0b43c4418a178a954b4e5b81b402,1412,2160,http image/jpeg,489.5418,0.9869,0.0036,1.0000,35.3088
116610LV,183598,Used Rolex Submariner Hulk Ref 116610LV,https://www.bobswatches.com/used-rolex-submariner-hulk-ref-116610lv.html,https://www.bobswatches.com/images/zUsed-Rolex-Submariner-116610-Green-Dial-SKU183598.jpg,116610LV_183598_11fba96839.jpg,11fba96839016b060d71cfd9b0869233b5500a12bbeb07b0ba14f40219d93121,1412,2160,http image/jpeg,491.6341,0.9909,0.0090,1.0000,31.2961
116610LV,183598,Used Rolex Submariner Hulk Ref 116610LV,https://www.bobswatches.com/used-rolex-submariner-hulk-ref-116610lv.html,https://www.bobswatches.com/images/zUsed-Rolex-Submariner-116610-Timing-Bezel-SKU183598.jpg,116610LV_183598_b37f7640a8.jpg,b37f7640a83310d00332294a2a16f67b52c5452d3d0fc5d005b2a429a2939e28,800,800,http image/jpeg,141.1027,0.9623,0.0181,1.0000,30.0018
116610,183855,Used Rolex Submariner 116610 Stainless Steel,https://www.bobswatches.com/used-rolex-submariner-116610-stainless-steel.html,https://www.bobswatches.com/images/zUsed-Rolex-Submariner-116610-Black-Dial-SKU183855.jpg,116610_183855_5d8c1a9d9e.jpg,5d8c1a9d9eedd38dfc6c450a2ed913209f6d09b9dd6d112b6e9bc58768cde9f6,1412,2160,http image/jpeg,493.1306,0.9949,0.0054,1.0000,37.1700
116610,183855,Used Rolex Submariner 116610 Stainless Steel,https://www.bobswatches.com/used-rolex-submariner-116610-stainless-steel.html,https://www.bobswatches.com/images/zUsed-Rolex-Submariner-116610-Timing-Bezel-SKU183855.jpg,116610_183855_3d3d7112cb.jpg,3d3d7112cb861691c2e570fc6071bd01cf438ab1e921f6a6fba31b67a79c9028,800,800,http image/jpeg,136.9170,0.9617,0.0040,1.0000,37.4680
116610LV,182661,Rolex Submariner 116610LV 40MM Stainless Steel Hulk,https://www.bobswatches.com/rolex-submariner-116610lv-40mm-stainless-steel-hulk.html,https://www.bobswatches.com/images/zUsed-Rolex-Submariner-116610LV-SKU182661.jpg,116610LV_182661_8d316a3d70.jpg,8d316a3d70d0330cfa465c6f28aae3234c74831d1f60bb626f076c94e417ba3d,1412,2160,http image/jpeg,486.9899,0.9760,0.0023,1.0000,38.4373
116610,183972,Rolex Submariner Black Date Dial 116610 Steel Oyster,https://www.bobswatches.com/rolex-submariner-black-date-dial-116610-steel-oyster.html,https://www.bobswatches.com/images/zUsed-Rolex-Submariner-116610-SKU183972.jpg,116610_183972_f88c99c1f2.jpg,f88c99c1f2981dcdcd4fcf6ed86ef39dfff044d9617abd1d7bd6ad2b963ba376,1412,2160,http image/jpeg,487.5428,0.9950,0.0019,1.0000,35.0410
126710BLNR,183936,Rolex GMT-Master II Batman 126710 Stainless Steel,https://www.bobswatches.com/rolex-gmt-master-ii-batman-126710-stainless-steel.html,https://www.bobswatches.com/images/zUsed-Rolex-GMT-Master-II-126710-Black-Dial-SKU183936.jpg,126710BLNR_183936_08f183e701.jpg,08f183e70128d625934d23434fa3efbc16c84722f3c26fc716880a3f5297f737,1412,2160,http image/jpeg,491.0096,0.9926,0.0043,1.0000,32.4906
126710BLNR,183936,Rolex GMT-Master II Batman 126710 Stainless Steel,https://www.bobswatches.com/rolex-gmt-master-ii-batman-126710-stainless-steel.html,https://www.bobswatches.com/images/zUsed-Rolex-GMT-Master-II-126710-183936s.jpg,126710BLNR_183936_8c63204a70.jpg,8c63204a70f6028ca6c3f34904140b100670d4dc27660a7f9cf1f2d2db0daf6f,800,800,http image/jpeg,132.1070,0.9669,0.0170,1.0000,29.7104
116610LV,183341,Used Men's Rolex Submariner Ref 116610LV Hulk,https://www.bobswatches.com/used-mens-rolex-submariner-ref-116610lv-hulk.html,https://www.bobswatches.com/images/zUsed-Rolex-Submariner-116610-Green-Dial-SKU183341.jpg,116610LV_183341_6a2431ab27.jpg,6a2431ab27f8567ecbe2873db9505781c5f6c708911f85feeb255cf66f9534a1,1412,2160,http image/jpeg,616.3627,0.9950,0.0151,1.0000,33.4177
116610,183172,Used Rolex Submariner 116610 Black,https://www.bobswatches.com/used-rolex-submariner-116610-black.html,https://www.bobswatches.com/images/zUsed-Rolex-Submariner-116610-Black-Dial-SKU183172.jpg,116610_183172_30d4350a47.jpg,30d4350a4774963b149f529c600b85603aa968833cb520b8dfef4a183b77040d,1412,2160,http image/jpeg,493.1670,0.9973,0.0055,1.0000,35.8228
116610,183172,Used Rolex Submariner 116610 Black,https://www.bobswatches.com/used-rolex-submariner-116610-black.html,https://www.bobswatches.com/images/zUsed-Rolex-Submariner-116610-Timing-Bezel-SKU183172.jpg,116610_183172_8285d10ef5.jpg,8285d10ef527d329ce9669c54959c558270ce7b859628e7d79eb94252d39471b,800,800,http image/jpeg,134.6588,0.9634,0.0190,1.0000,30.9493
116610LV,183447,Rolex Submariner Hulk Ref 116610LV,https://www.bobswatches.com/rolex-submariner-hulk-ref-116610lv.html,https://www.bobswatches.com/images/zUsed-Rolex-Submariner-116610-Green-Chromalight-Dial-SKU183447.jpg,116610LV_183447_0b06673468.jpg,0b0667346848a0659fb26dc349da2f905338712ef318e2266480b491b757202c,1412,2160,http image/jpeg,483.3762,0.9624,0.0024,1.0000,33.0071
116610LV,183447,Rolex Submariner Hulk Ref 116610LV,https://www.bobswatches.com/rolex-submariner-hulk-ref-116610lv.html,https://www.bobswatches.com/images/zUsed-Rolex-Submariner-116610-Timing-Bezel-SKU183447.jpg,116610LV_183447_7515a7fc4a.jpg,7515a7fc4a5df0ad16a2c91dd4d51020301b5cabfa7738a3db5da08340d701e2,800,800,http image/jpeg,136.1770,0.9842,0.0169,1.0000,31.0041
116710,182838,Rolex GMT-Master II Black & Blue 116710 Batman,https://www.bobswatches.com/rolex-gmt-master-ii-black-and-blue-116710-batman.html,https://www.bobswatches.com/images/zRolex-GMT-Master-II-116710-SKU182838.jpg,116710_182838_80e2548c3e.jpg,80e2548c3e990e5a7a2a0ee3886dee652c8048b0c9f43b23a0ba1e070219042e,1412,2160,http image/jpeg,490.2643,0.9958,0.0034,1.0000,36.2404
116613,182166,Pre-owned Rolex Ceramic Submariner 116613 Blue Bezel,https://www.bobswatches.com/pre-owned-rolex-ceramic-submariner-116613-blue-bezel.html,https://www.bobswatches.com/images/zUsed-Rolex-Submariner-116613-SKU182166.jpg,116613_182166_51130b9810.jpg,51130b981052a87594722faf7b741e5887ad3d4071665c20df4f6a60e6c8c816,1412,2160,http image/jpeg,489.5317,0.9930,0.0036,1.0000,31.1918
116613,182166,Pre-owned Rolex Ceramic Submariner 116613 Blue Bezel,https://www.bobswatches.com/pre-owned-rolex-ceramic-submariner-116613-blue-bezel.html,https://www.bobswatches.com/images/zUsed-Rolex-Submariner-116613-Bluesy-SKU182166.jpg,116613_182166_2b2d81abae.jpg,2b2d81abae2f907a923c79aeda1d4f53c913a4e305eaa003472b87a336d4d362,800,800,http image/jpeg,139.3944,0.9832,0.0089,1.0000,27.3708
116613,182007,Men's Rolex Ceramic Submariner 116613 Blue,https://www.bobswatches.com/mens-rolex-ceramic-submariner-116613-blue.html,https://www.bobswatches.com/images/zUsed-Rolex-Submariner-116613-Blue-Dial-SKU182007.jpg,116613_182007_cc43f50300.jpg,cc43f50300942516f7f30255790b79c8822cd52986d14cc76206207676802765,1412,2160,http image/jpeg,487.7230,0.9853,0.0102,1.0000,34.2706
126613LB,183835,Rolex Submariner Steel & Gold 126613LB Blue Dial,https://www.bobswatches.com/rolex-submariner-steel-and-gold-126613lb-blue-dial.html,https://www.bobswatches.com/images/zUsed-Rolex-Submariner-126613-Blue-Dial-SKU183835.jpg,126613LB_183835_2ec13b1f15.jpg,2ec13b1f158411ebc00741d785572da7c44aaceb50a792f0df1f1c9001df9ed0,800,800,http image/jpeg,137.6278,0.9646,0.0243,1.0000,33.2554
126710GRNR,182989,Rolex GMT-Master II Bruce Wayne 126710GRNR Jubilee Band,https://www.bobswatches.com/rolex-gmt-master-ii-bruce-wayne-126710grnr-jubilee-band.html,https://www.bobswatches.com/images/zUsed-Rolex-GMT-Master-II-126710-Black-Dial-SKU182989.jpg,126710GRNR_182989_7bd6fe4932.jpg,7bd6fe4932a1eaf0eb4067f2822370f94929a1eed97d5a33944e3177d91e63ac,1412,2160,http image/jpeg,487.2356,0.9843,0.0135,1.0000,34.1541
126710BLNR,183393,Pre-owned Rolex GMT-Master II Ref 126710 Ceramic Batgirl,https://www.bobswatches.com/pre-owned-rolex-gmt-master-ii-ref-126710-ceramic-batgirl.html,https://www.bobswatches.com/images/zRolex-GMT-Master-II-126710-Black-Dial-SKU183393.jpg,126710BLNR_183393_5d163103bf.jpg,5d163103bfc2ea551e65e8ee28f5d7dc8825b03272ad48bc7fcbbb13d224502d,1412,2160,http image/jpeg,489.6992,0.9975,0.0019,1.0000,33.5379
126613,183323,Used Rolex Submariner Black Chromalight Dial Ref 126613,https://www.bobswatches.com/used-rolex-submariner-black-chromalight-dial-ref-126613.html,https://www.bobswatches.com/images/zUsed-Rolex-Submariner-126613-Black-Dial-SKU183323.jpg,126613_183323_5266946107.jpg,5266946107863ee9e5becbd6dc475b570ef84196b67e45a345c359c7e91174a3,1412,2160,http image/jpeg,490.6302,0.9852,0.0090,1.0000,36.0826
116610,183331,Rolex Submariner Date Dial 116610 Stainless Steel,https://www.bobswatches.com/rolex-submariner-date-dial-116610-stainless-steel.html,https://www.bobswatches.com/images/zUsed-Rolex-Submariner-116610-Black-Dial-SKU183331.jpg,116610_183331_aad043d091.jpg,aad043d0917d4d2b7a62cdcd3c3ca7b4c48a8167e1866dac1fbd86f19ee77893,800,800,http image/jpeg,134.0974,0.9675,0.0172,1.0000,30.3164
116613LB,183618,Rolex Submariner Two Tone Ref 116613LB Blue Dial,https://www.bobswatches.com/rolex-submariner-two-tone-ref-116613lb-blue-dial.html,https://www.bobswatches.com/images/zUsed-Rolex-Submariner-116613-Blue-Chromalight-Dial-SKU183618.jpg,116613LB_183618_3701bccf26.jpg,3701bccf268953caac29c62d588c5662f3eb1e48ba7afbf9ba6b559b47dd2ecc,1412,2160,http image/jpeg,492.9354,0.9915,0.0069,1.0000,32.2128
116710,183376,Rolex GMT-Master II Steel Oyster 116710 Black Dial,https://www.bobswatches.com/rolex-gmt-master-ii-steel-oyster-116710-black-dial.html,https://www.bobswatches.com/images/zUsed-Rolex-GMT-Master-II-116710-Black-Dial-SKU183376.jpg,116710_183376_3a51a287f4.jpg,3a51a287f4e2ebabecd470e5e19fb098cace096d7207216a0d274e56a691f007,1412,2160,http image/jpeg,490.5753,0.9946,0.0061,1.0000,31.5568
116610,182263,Pre-owned Rolex Submariner 116610 Black Dial,https://www.bobswatches.com/pre-owned-rolex-submariner-116610-black-dial.html,https://www.bobswatches.com/images/zUsed-Rolex-Submariner-116610-Black-Chromalight-Dial-SKU182263.jpg,116610_182263_b501108172.jpg,b501108172471f6c6692ed93a5d4e03b7c82b892e7ccf497b6573d4a37c09456,1412,2160,http image/jpeg,492.2256,0.9905,0.0034,1.0000,33.7180
126710BLNR,183282,Men's Rolex GMT-Master II Ref 126710BLNR Batgirl,https://www.bobswatches.com/mens-rolex-gmt-master-ii-ref-126710blnr-batgirl.html,https://www.bobswatches.com/images/zUsed-Rolex-GMT-Master-II-126710-Black-Dial-SKU183282-PL.jpg,126710BLNR_183282_20a07a34ac.jpg,20a07a34ac9a4c9bedbfc6e0561823d1f461ffce97305d51854a2aba8793bcec,1412,2160,http image/jpeg,490.8924,0.9982,0.0030,1.0000,33.9459
126710BLNR,183282,Men's Rolex GMT-Master II Ref 126710BLNR Batgirl,https://www.bobswatches.com/mens-rolex-gmt-master-ii-ref-126710blnr-batgirl.html,https://www.bobswatches.com/images/zUsed-Rolex-GMT-Master-II-126710-SKU183282-Black-Dial.jpg,126710BLNR_183282_becb23383f.jpg,becb23383f63700858c51942c5466db7ecaef3252f157798ab0e21a8a0554f4d,800,800,http image/jpeg,133.3888,0.9666,0.0052,1.0000,29.0740
126710BLNR,175836,Men's Rolex GMT-Master II Ref. 126710 Batgirl,https://www.bobswatches.com/175836-mens-rolex-gmt-master-ii-ref-126710-batgirl.html,https://www.bobswatches.com/images/zUsed-Rolex-GMT-Master-II-126710-Black-Dial-SKU175836-PL.jpg,126710BLNR_175836_74e8b7e33b.jpg,74e8b7e33bdd9363cc458aecadfd0da3533454d6f3861975b8d0e9ca0f536bd7,1412,2160,http image/jpeg,490.8493,0.9980,0.0028,1.0000,33.5940
116710,180717,Rolex GMT-Master II Steel 116710 Batman,https://www.bobswatches.com/rolex-gmt-master-ii-steel-116710-batman.html,https://www.bobswatches.com/images/zUsed-Rolex-GMT-Master-II-116710-Black-Dial-SKU180717-PL.jpg,116710_180717_6cb905a510.jpg,6cb905a5106c28bbcc30b678477a0876df4d8f7deea8659f3b501e4f9a86ea8c,1412,2160,http image/jpeg,492.4638,0.9974,0.0064,1.0000,32.7894
126610LV,183606,Rolex Submariner Ref 126610LV Stainless Steel,https://www.bobswatches.com/rolex-submariner-ref-126610lv-stainless-steel.html,https://www.bobswatches.com/images/zUsed-Rolex-Submariner-126610-Black-Dial-SKU183606-PL.jpg,126610LV_183606_7ff8a383ba.jpg,7ff8a383ba2a62b1f41259751db458967a1bb430b434e987a67c749b739d73dd,1412,2160,http image/jpeg,487.9423,0.9957,0.0107,1.0000,35.4836
126610,183626,Rolex Submariner Steel Oyster 126610 Black Dial,https://www.bobswatches.com/rolex-submariner-steel-oyster-126610-black-dial.html,https://www.bobswatches.com/images/zUsed-Rolex-Submariner-126610-SKU183626-PL.jpg,126610_183626_e03ee09f3f.jpg,e03ee09f3f48f4d4747ce500c90f9622a25c41c485dc578f77b525a40338833d,1412,2160,http image/jpeg,494.7283,0.9972,0.0031,1.0000,32.4930
116619,182167,Rolex Submariner Smurf 116619 18k White Gold,https://www.bobswatches.com/rolex-submariner-smurf-116619-18k-white-gold.html,https://www.bobswatches.com/images/zUsed-Rolex-Submariner-116619-Blue-Dial-SKU182167-PL.jpg,116619_182167_42a6ffea68.jpg,42a6ffea683f67b74309cf9e8412e5a26cfd0d2b9a01fffd45f5c560c6c22064,1412,2160,http image/jpeg,491.6817,0.9898,0.0041,1.0000,29.4128
126710BLNR,183624,Rolex GMT-Master II Batman 126710BLNR Stainless Steel,https://www.bobswatches.com/rolex-gmt-master-ii-batman-126710blnr-stainless-steel.html,https://www.bobswatches.com/images/zUsed-Rolex-GMT-Master-II-126710-Black-Dial-SKU183624-P-L.jpg,126710BLNR_183624_d31798cb43.jpg,d31798cb4348e900ceb24d8e5188284e3c4e238bb919195349dfc18943630edc,1412,2160,http image/jpeg,486.5950,0.9966,0.0021,1.0000,34.0498
116710,183223,Rolex GMT Master II Black Dial 116710 Steel Oyster,https://www.bobswatches.com/rolex-gmt-master-ii-black-dial-116710-steel-oyster.html,https://www.bobswatches.com/images/zUsed-Rolex-GMT-Master-II-116710-SKU183223-PL.jpg,116710_183223_27006193cb.jpg,27006193cb89c79e73d2016b5d832f97b0828672eda8f0a35eb0f1f551adbdf0,1412,2160,http image/jpeg,492.8690,0.9904,0.0044,1.0000,32.8289
126710BLNR,183421,Pre-owned Rolex GMT-Master II Ref. 126710 Batgirl,https://www.bobswatches.com/183421-pre-owned-rolex-gmt-master-ii-ref-126710-batgirl.html,https://www.bobswatches.com/images/zUsed-Rolex-GMT-Master-II-126710-Black-Dial-SKU183421.jpg,126710BLNR_183421_dfe6f3a8d9.jpg,dfe6f3a8d9cc05b24e77e6c8d903f5faf2e1f39609dba504a6f620002d2e9524,1412,2160,http image/jpeg,486.9861,0.9972,0.0030,1.0000,32.7365
126710GRNR,182968,Men's Rolex GMT-Master II ref 126710GRNR Jubilee,https://www.bobswatches.com/mens-rolex-gmt-master-ii-ref-126710grnr-jubilee.html,https://www.bobswatches.com/images/zUsed-Rolex-GMT-Master-II-126710-Black-Dial-SKU182968.jpg,126710GRNR_182968_b4958dba7f.jpg,b4958dba7f9b2e57ea6ceab8d73b344a0df8415911bf8797e6240166170279f1,1412,2160,http image/jpeg,489.7027,0.9920,0.0044,1.0000,33.7073
126613,183021,Used Rolex Submariner Ref 126613 Black Dial,https://www.bobswatches.com/used-rolex-submariner-ref-126613-black-dial.html,https://www.bobswatches.com/images/zUsed-Rolex-Submariner-126613-Black-Dial-SKU183021.jpg,126613_183021_80956880a0.jpg,80956880a057b07611a0d8e3b3f55dd6a648240afac400c35d202e946247e8e5,1412,2160,http image/jpeg,490.0767,0.9857,0.0095,1.0000,35.4387
126613,183254,Men's Rolex Submariner Ref 126613 Black,https://www.bobswatches.com/mens-rolex-submariner-ref-126613-black.html,https://www.bobswatches.com/images/zUsed-Rolex-Submariner-126613-Black-Dial-SKU183254.jpg,126613_183254_047bed381b.jpg,047bed381bded53c98e496618821caabe3dc7fa89b7d0004b65bd4d2ec978f0d,1412,2160,http image/jpeg,619.7595,0.9959,0.0017,1.0000,34.4529
126619,182022,Rolex Submariner 126619 Cookie Monster,https://www.bobswatches.com/rolex-submariner-126619-cookie-monster.html,https://www.bobswatches.com/images/zUsed-Rolex-Submariner-126619-182022.jpg,126619_182022_e8bf51aa12.jpg,e8bf51aa129426ee26ee1f22286bf1ba47f26e27b3e3fe39f8f2cd013d7192ee,1412,2160,http image/jpeg,488.8727,0.9926,0.0136,1.0000,36.8949
116613,183440,Men's Rolex Ceramic Submariner 116613 Blue Dial,https://www.bobswatches.com/mens-rolex-ceramic-submariner-116613-blue-dial.html,https://www.bobswatches.com/images/zUsed-Rolex-Submariner-116613-SKU183440.jpg,116613_183440_8fec297773.jpg,8fec2977733e51fc693e6c9d37bc058814928d9064d9c83e29407e0ea20830ff,1412,2160,http image/jpeg,489.8950,0.9948,0.0011,1.0000,31.2991
116613,183440,Men's Rolex Ceramic Submariner 116613 Blue Dial,https://www.bobswatches.com/mens-rolex-ceramic-submariner-116613-blue-dial.html,https://www.bobswatches.com/images/zUsed-Rolex-Submariner-116613-Blue-Dial-SKU183440.jpg,116613_183440_d4b2dab301.jpg,d4b2dab3011cd07cb5468f017ef61c6241d25f67ba1488338cac58c671710673,800,800,http image/jpeg,134.8725,0.9694,0.0185,1.0000,30.8275
116610LV,182611,Used Rolex Submariner Ref 116610LV Green Hulk,https://www.bobswatches.com/used-rolex-submariner-ref-116610lv-green-hulk.html,https://www.bobswatches.com/images/zUsed-Rolex-Submariner-116610-SKU182611.jpg,116610LV_182611_6ec440abea.jpg,6ec440abeaee225719377beefa90edcbc5685ac17167240cb80e4a54cd9588cc,1412,2160,http image/jpeg,490.9518,0.9943,0.0059,1.0000,34.6795
126710BLNR,182607,Men's Rolex GMT-Master II Ref 126710BLNR Batman,https://www.bobswatches.com/mens-rolex-gmt-master-ii-ref-126710blnr-batman.html,https://www.bobswatches.com/images/zUsed-Rolex-GMT-Master-II-126710-Black-Dial-SKU182607.jpg,126710BLNR_182607_6f1be0ad45.jpg,6f1be0ad45fe22221688f747d3f90c10a4c2672296bde5960cddb5d5a4f0fb4e,1411,2160,http image/jpeg,492.2737,0.9983,0.0008,1.0000,33.2398
126710BLRO,182346,Pre-owned Rolex GMT-Master II Ref 126710 Pepsi,https://www.bobswatches.com/pre-owned-rolex-gmt-master-ii-ref-126710-pepsi.html,https://www.bobswatches.com/images/zUsed-Rolex-GMT-Master-II-126710-SKU182346.jpg,126710BLRO_182346_4ffb488cc0.jpg,4ffb488cc0ea10440eec24e98dda14f357b3189a10cfb85036d2038c3923e3e4,1412,2160,http image/jpeg,485.8946,0.9876,0.0054,1.0000,36.2500
126710BLNR,181174,Rolex GMT-Master II Ref 126710 Batman,https://www.bobswatches.com/rolex-gmt-master-ii-ref-126710-batman.html,https://www.bobswatches.com/images/zUsed-Rolex-GMT-Master-II-126710-Black-Dial-SKU181174.jpg,126710BLNR_181174_df5e69dcb7.jpg,df5e69dcb7685e6637b5c792832d94ef4e3dc9a7eda1dae999d277ccec0b868a,1412,2160,http image/jpeg,487.0387,0.9939,0.0006,1.0000,35.2721
126710BLRO,182961,Men's Rolex GMT-Master II Ref 126710 Pepsi,https://www.bobswatches.com/mens-rolex-gmt-master-ii-ref-126710-pepsi.html,https://www.bobswatches.com/images/zUsed-Rolex-GMT-Master-II-126710-Black-Chromalight-Dial-SKU182961.jpg,126710BLRO_182961_e2f532796a.jpg,e2f532796a0edbf08ba001c17c44fbedcadfe23768761bd75580d1a546cc260f,1412,2160,http image/jpeg,488.2704,0.9899,0.0057,1.0000,34.8699
126710BLRO,182961,Men's Rolex GMT-Master II Ref 126710 Pepsi,https://www.bobswatches.com/mens-rolex-gmt-master-ii-ref-126710-pepsi.html,https://www.bobswatches.com/images/zUsed-Rolex-GMT-Master-II-126710-Pepsi-182961s.jpg,126710BLRO_182961_019e8dab98.jpg,019e8dab98e1c64e7519579335bd054176299cedab7417a1dc34837c46723722,800,800,http image/jpeg,145.0203,0.9930,0.0175,1.0000,27.8672
126710BLRO,182370,Pre-owned Rolex GMT-Master II Ref 126710BLRO Pepsi,https://www.bobswatches.com/pre-owned-rolex-gmt-master-ii-ref-126710blro-pepsi.html,https://www.bobswatches.com/images/zUsed-Rolex-GMT-Master-II-126710-Black-Dial-SKU182370.jpg,126710BLRO_182370_87cc3871ed.jpg,87cc3871edab9241da8176ccee7dd756c133ebb609ea7499d03dedf41e2bca79,1412,2160,http image/jpeg,486.6627,0.9830,0.0138,1.0000,34.9365
126710BLRO,182370,Pre-owned Rolex GMT-Master II Ref 126710BLRO Pepsi,https://www.bobswatches.com/pre-owned-rolex-gmt-master-ii-ref-126710blro-pepsi.html,https://www.bobswatches.com/images/zUsed-Rolex-GMT-Master-II-126710-Black-Dial-182370s.jpg,126710BLRO_182370_5507a4c6ec.jpg,5507a4c6ec45cba7025369fe396161e2c14824bdb862a4b98df60602e8239150,800,800,http image/jpeg,148.5454,0.9920,0.0127,1.0000,27.4716
126610LV,182563,Rolex Submariner Green Bezel Starbucks 126610LV,https://www.bobswatches.com/rolex-submariner-green-bezel-starbucks-126610lv.html,https://www.bobswatches.com/images/zUsed-Rolex-Submariner-126610-SKU182563.jpg,126610LV_182563_7ec50b94ee.jpg,7ec50b94ee0bff776a4be8224ac671f6fb831c30c615b8d7bb010fb1e6804e8f,1412,2160,http image/jpeg,484.0673,0.9893,0.0103,1.0000,36.9445
126610,183185,Rolex Submariner Ref 126610 Black Dial,https://www.bobswatches.com/rolex-submariner-ref-126610-black-dial.html,https://www.bobswatches.com/images/zUsed-Rolex-Submariner-126610-SKU183185.jpg,126610_183185_b4a611c3aa.jpg,b4a611c3aa6e6914edc4f180fedd54a1dc1fbed75905939d94dd10a8192b6edd,1412,2160,http image/jpeg,614.8926,0.9990,0.0031,1.0000,33.7302
116610,182641,Men's Rolex Submariner Ref 116610 Black Dial,https://www.bobswatches.com/182641-mens-rolex-submariner-ref-116610-black-dial.html,https://www.bobswatches.com/images/zUsed-Rolex-Submariner-116610-Black-Dial-SKU182641.jpg,116610_182641_148eb98d10.jpg,148eb98d10056aa4f7e42d17d24b7c10f1c93d17f1ec414e6b18383afa9f208b,1412,2160,http image/jpeg,491.0487,0.9926,0.0014,1.0000,34.2640
116610LV,182078,Rolex Submariner Steel Hulk 116610LV Green Dial,https://www.bobswatches.com/rolex-submariner-steel-hulk-116610lv-green-dial.html,https://www.bobswatches.com/images/zUsed-Rolex-Submariner-116610-Hulk-SKU182078.jpg,116610LV_182078_d87b0dd0a3.jpg,d87b0dd0a3ab3ce806cccffe5c8617ad62264d684cbbb9bcb59a1b3e5b5ae54a,800,800,http image/jpeg,138.4361,0.9751,0.0157,1.0000,31.3988
126610LV,181281,Rolex Submariner 126610LV Stainless Steel,https://www.bobswatches.com/rolex-submariner-126610lv-stainless-steel.html,https://www.bobswatches.com/images/zUsed-Rolex-Submariner-126610-Black-Dial-SKU181281.jpg,126610LV_181281_cb8f0ce718.jpg,cb8f0ce718b8ce9d3577fcc4e1bf783f755e1c191778a3568e0750cae2a9b426,1412,2160,http image/jpeg,617.2768,0.9983,0.0072,1.0000,33.7837
126610LV,181281,Rolex Submariner 126610LV Stainless Steel,https://www.bobswatches.com/rolex-submariner-126610lv-stainless-steel.html,https://www.bobswatches.com/images/zUsed-Rolex-Submariner-126610-Green-Timing-Bezel-SKU181281.jpg,126610LV_181281_9b2251606d.jpg,9b2251606d73abb151a4f456f98172ed83f8c77ae39226b673c1596bc8ddaac0,800,800,http image/jpeg,139.2186,0.9702,0.0227,1.0000,36.9484
116610LV,182692,Rolex Submariner 116610LV Green Dial,https://www.bobswatches.com/rolex-submariner-116610lv-green-dial.html,https://www.bobswatches.com/images/zUsed-Rolex-Submariner-116610-Green-Dial-SKU182692.jpg,116610LV_182692_5e55fd4885.jpg,5e55fd4885100b21c7a7c300107df46de943b836283dd93c5192cf03e03280cf,1411,2160,http image/jpeg,616.6584,0.9918,0.0065,1.0000,32.1007
116610LV,182692,Rolex Submariner 116610LV Green Dial,https://www.bobswatches.com/rolex-submariner-116610lv-green-dial.html,https://www.bobswatches.com/images/zUsed-Rolex-Submariner-116610-Green-Timing-Bezel-SKU182692.jpg,116610LV_182692_4249466ac7.jpg,4249466ac77081a02a0b1e0273220218d04f2408fed288e4b56dd160df2b542f,800,800,http image/jpeg,134.3063,0.9657,0.0202,1.0000,30.2914
116610LV,182692,Rolex Submariner 116610LV Green Dial,https://www.bobswatches.com/rolex-submariner-116610lv-green-dial.html,https://www.bobswatches.com/images/zUsed-Rolex-Submariner-116610-Green-Dial-182692s.jpg,116610LV_182692_08d5e760d9.jpg,08d5e760d983bfa925df71cab940d0b34616a6a80551e1cbd344354dcb734fb4,800,800,http image/jpeg,146.0832,0.9767,0.0026,1.0000,25.9743
116613LB,182949,Rolex Submariner Two Tone 116613LB Blue Dial,https://www.bobswatches.com/rolex-submariner-two-tone-116613lb-blue-dial.html,https://www.bobswatches.com/images/zUsed-Rolex-Submariner-116613-SKU182949.jpg,116613LB_182949_412bdc0427.jpg,412bdc042759baca72086a82878c580e58b035f90a31297db642a442689f9345,1412,2160,http image/jpeg,488.0490,0.9900,0.0124,1.0000,29.8407
116613LB,182949,Rolex Submariner Two Tone 116613LB Blue Dial,https://www.bobswatches.com/rolex-submariner-two-tone-116613lb-blue-dial.html,https://www.bobswatches.com/images/zUsed-Rolex-Submariner-116613-Blue-Dial-SKU182949.jpg,116613LB_182949_c0cf6b831a.jpg,c0cf6b831ab0a3daffa5a853dc3965a8d9853212a39d3d7cec637d92bc2d7ee6,800,800,http image/jpeg,136.5653,0.9789,0.0159,1.0000,28.4045
116613LB,182949,Rolex Submariner Two Tone 116613LB Blue Dial,https://www.bobswatches.com/rolex-submariner-two-tone-116613lb-blue-dial.html,https://www.bobswatches.com/images/zUsed-Rolex-Submariner-116613-SKU182949s.jpg,116613LB_182949_9b142e4186.jpg,9b142e4186f5339671ebc2223a051fe10d8f10ca82c861e900be20333286e10d,800,800,http image/jpeg,134.6213,0.9756,0.0215,1.0000,23.3372
126613,182345,Used Rolex Submariner Ref 126613 Blue Ceramic Bezel,https://www.bobswatches.com/used-rolex-submariner-ref-126613-blue-ceramic-bezel.html,https://www.bobswatches.com/images/zUsed-Rolex-Submariner-126613-Blue-Dial-SKU182345.jpg,126613_182345_8c65453fe1.jpg,8c65453fe11cab695601b7e07bd998f9468d9cb37ac1b1fcbd50407772f96f77,1412,2160,http image/jpeg,489.0813,0.9897,0.0150,1.0000,34.1383
126613,182345,Used Rolex Submariner Ref 126613 Blue Ceramic Bezel,https://www.bobswatches.com/used-rolex-submariner-ref-126613-blue-ceramic-bezel.html,https://www.bobswatches.com/images/zUsed-Rolex-Submariner-126613-Blue-Timing-Bezel-SKU182345.jpg,126613_182345_3538fe8fe1.jpg,3538fe8fe1593875295681ae3be8120578075e870aa58936c95c01fd82c6d146,800,800,http image/jpeg,134.8767,0.9706,0.0213,1.0000,37.2264
116610,181780,Rolex Submariner Black Dial 116610 Stainless Steel,https://www.bobswatches.com/rolex-submariner-black-dial-116610-stainless-steel.html,https://www.bobswatches.com/images/zUsed-Rolex-Submariner-116610-SKU181780.jpg,116610_181780_81b32a7167.jpg,81b32a71678186df2a90cdb765dd1c6cc4c3776e2342acef627f8a915342dafe,1412,2160,http image/jpeg,482.7010,0.9833,0.0096,1.0000,35.9629
116610,181780,Rolex Submariner Black Dial 116610 Stainless Steel,https://www.bobswatches.com/rolex-submariner-black-dial-116610-stainless-steel.html,https://www.bobswatches.com/images/zUsed-Rolex-Submariner-116610-SKU181780s.jpg,116610_181780_94dfd9c5d9.jpg,94dfd9c5d9d2ccd7a94ebc9a448d9b04751864aa2f3584a31bf73985c296b33f,800,800,http image/jpeg,141.1700,0.9957,0.0190,1.0000,25.7092
126610LV,182856,Rolex Submariner ref 126610 Green Starbucks,https://www.bobswatches.com/rolex-submariner-ref-126610-green-starbucks.html,https://www.bobswatches.com/images/zUsed-Rolex-Submariner-126610-Black-Dial-SKU182856.jpg,126610LV_182856_b4dc854a8f.jpg,b4dc854a8fe269450079d79e6686ae3777136fd5e0e39fc74de1c6d330695951,1412,2160,http image/jpeg,618.6042,0.9988,0.0072,1.0000,34.0237
126619,182994,Rolex Submariner White Gold Ref 126619 Cookie Monster,https://www.bobswatches.com/rolex-submariner-white-gold-ref-126619-cookie-monster.html,https://www.bobswatches.com/images/zUsed-Rolex-Submariner-126619-182994.jpg,126619_182994_e8213cd6a2.jpg,e8213cd6a2a3134cecaa63338959b475ef19e6029d0e2fc026024ac930bcddc6,1412,2160,http image/jpeg,493.6505,0.9973,0.0075,1.0000,37.1809
116610,182708,Men's Rolex Submariner Ref 116610 Black Chromalight Dial,https://www.bobswatches.com/mens-rolex-submariner-ref-116610-black-chromalight-dial.html,https://www.bobswatches.com/images/zUsed-Rolex-Submariner-116610-Black-Dial-SKU182708.jpg,116610_182708_94a75bd7fc.jpg,94a75bd7fc86d15d6036e713daf14b275d2b39f091e88df48750370aa7c833f9,1412,2160,http image/jpeg,492.6331,0.9924,0.0026,1.0000,34.6531
116610,182708,Men's Rolex Submariner Ref 116610 Black Chromalight Dial,https://www.bobswatches.com/mens-rolex-submariner-ref-116610-black-chromalight-dial.html,https://www.bobswatches.com/images/zUsed-Rolex-Submariner-116610-Black-Dial-182708s.jpg,116610_182708_5bf0c0f313.jpg,5bf0c0f3132b609ca41b454f48c4aadf894c967bf28a6a4b783d018ede284dfd,800,800,http image/jpeg,138.3837,0.9891,0.0120,1.0000,27.1004
116613LB,180097,Rolex Submariner Ref 116613LB Blue,https://www.bobswatches.com/rolex-submariner-ref-116613lb-blue.html,https://www.bobswatches.com/images/zUsed-Rolex-Submariner-116613-Blue-Chromalight-Dial-SKU180097.jpg,116613LB_180097_2d7ca8945c.jpg,2d7ca8945cc8da1820242cb6f45bfe7731ca1f7699c3f067c8e7c8cf5da3a6ec,1412,2160,http image/jpeg,491.8151,0.9925,0.0085,1.0000,32.9865
116613LB,180097,Rolex Submariner Ref 116613LB Blue,https://www.bobswatches.com/rolex-submariner-ref-116613lb-blue.html,https://www.bobswatches.com/images/zUsed-Rolex-Submariner-116613-Blue-Chromalight-Dial-180097s.jpg,116613LB_180097_be747c00c8.jpg,be747c00c85b38c646a1bd9642a16efeffc16a2fa4a2bd6a6f4caad4d2bd558d,800,800,http image/jpeg,141.7951,0.9949,0.0143,1.0000,25.5051
116613,182722,Pre-owned Rolex Submariner Ref 116613 Black,https://www.bobswatches.com/pre-owned-rolex-submariner-ref-116613-black.html,https://www.bobswatches.com/images/zUsed-Rolex-Submariner-116613-Black-Dial-SKU182722.jpg,116613_182722_8b0dabe9d2.jpg,8b0dabe9d29c82ed8c008619057da54a1e76d29ef7062be2248b480b85787a4a,1412,2160,http image/jpeg,493.0274,0.9846,0.0059,1.0000,36.4603
116613,182722,Pre-owned Rolex Submariner Ref 116613 Black,https://www.bobswatches.com/pre-owned-rolex-submariner-ref-116613-black.html,https://www.bobswatches.com/images/zUsed-Rolex-Submariner-116613-Black-Timing-Bezel-182722s.jpg,116613_182722_7d850e3fb8.jpg,7d850e3fb808b513df89c2341b710c24ec85940ed9eae563000516b7fb618524,800,800,http image/jpeg,146.6178,0.9855,0.0091,1.0000,28.7717
116610,182538,Rolex Submariner Black Dial Ref 116610,https://www.bobswatches.com/rolex-submariner-black-dial-ref-116610.html,https://www.bobswatches.com/images/zUsed-Rolex-Submariner-116610-SKU182538.jpg,116610_182538_a57b63be50.jpg,a57b63be50f5d4cc2175b0d50a3d0ad34a28709d6727c313ed045cb8c39dd18c,1411,2160,http image/jpeg,489.2735,0.9905,0.0009,1.0000,36.2192
116610,182538,Rolex Submariner Black Dial Ref 116610,https://www.bobswatches.com/rolex-submariner-black-dial-ref-116610.html,https://www.bobswatches.com/images/zUsed-Rolex-Submariner-116610-SKU182538s.jpg,116610_182538_d940442d60.jpg,d940442d6036e7d37cd34e1125a394f5144a1316a23a1246696edb9f0645fdb7,800,800,http image/jpeg,139.9153,0.9930,0.0061,1.0000,24.6436
126610,182369,Rolex Submariner Ref 126610 Black Date Dial,https://www.bobswatches.com/rolex-submariner-ref-126610-black-date-dial.html,https://www.bobswatches.com/images/zUsed-Rolex-Submariner-126610-Black-Dial-SKU182369.jpg,126610_182369_36b582b075.jpg,36b582b07544cf21324305d9283a473f77404791aa9529b178b81213accd7487,1412,2160,http image/jpeg,495.2161,0.9950,0.0044,1.0000,34.2656
126610,182369,Rolex Submariner Ref 126610 Black Date Dial,https://www.bobswatches.com/rolex-submariner-ref-126610-black-date-dial.html,https://www.bobswatches.com/images/zUsed-Rolex-Submariner-126610-Black-Timing-Bezel-SKU182369.jpg,126610_182369_604be8baff.jpg,604be8baff046ff1472d8875b20d37cd7150da30e2664cd352d6bdef8d1f21cd,800,800,http image/jpeg,141.9321,0.9648,0.0203,1.0000,32.1961
126610,182369,Rolex Submariner Ref 126610 Black Date Dial,https://www.bobswatches.com/rolex-submariner-ref-126610-black-date-dial.html,https://www.bobswatches.com/images/zUsed-Rolex-Submariner-126610-Oyster-182369s.jpg,126610_182369_3edaa778b7.jpg,3edaa778b738038debc17bceab71552e23ff168f2aeb9d0bceda2929f0505c23,800,800,http image/jpeg,140.4709,0.9964,0.0093,1.0000,27.7478
116610,182252,Preowned Rolex Submariner Ref 116610 Black Dial,https://www.bobswatches.com/preowned-rolex-submariner-ref-116610-black-dial.html,https://www.bobswatches.com/images/zUsed-Rolex-Submariner-116610-Black-Chromalight-Dial-SKU182252.jpg,116610_182252_e19a9a2c39.jpg,e19a9a2c39acc52538e196b336263f112a9cf6067e52415e86a3951258cc276d,1412,2160,http image/jpeg,493.4704,0.9940,0.0034,1.0000,35.7785
116613,181802,Pre-owned Rolex Submariner 116613 Black,https://www.bobswatches.com/pre-owned-rolex-submariner-116613-black.html,https://www.bobswatches.com/images/zUsed-Rolex-Submariner-116613-Black-Timing-Bezel-181802s.jpg,116613_181802_36ec05da2f.jpg,36ec05da2f0f55d6a1186331e06061fd3354b865ab877b593ce417524cf6e2d9,800,800,http image/jpeg,137.2129,0.9942,0.0119,1.0000,26.6155
126613,182816,Rolex Submariner Black Chromalight Dial Ref 126613,https://www.bobswatches.com/rolex-submariner-black-chromalight-dial-ref-126613.html,https://www.bobswatches.com/images/zUsed-Rolex-Submariner-126613-SKU182816.jpg,126613_182816_48cbd54988.jpg,48cbd549886fdc5570658ebf48d229c616a945087291c43880d6ad45779f7612,1412,2160,http image/jpeg,496.5858,0.9966,0.0023,1.0000,35.1775
126710BLRO,182855,Men's Rolex GMT-Master II 126710 Pepsi,https://www.bobswatches.com/mens-rolex-gmt-master-ii-126710-pepsi.html,https://www.bobswatches.com/images/zUsed-Rolex-GMT-Master-II-126710-SKU182855.jpg,126710BLRO_182855_851cf82bf8.jpg,851cf82bf8274cb6adcfc81ec626f7785a4aa257b1ae5cf9832093b41873e39c,1412,2160,http image/jpeg,618.7930,0.9978,0.0037,1.0000,35.6509
116613,182570,Rolex Submariner 116613 Black Dial,https://www.bobswatches.com/rolex-submariner-116613-black-dial.html,https://www.bobswatches.com/images/zUsed-Rolex-Submariner-116613-Black-Dial-SKU182570.jpg,116613_182570_556ac26485.jpg,556ac2648513800894971fddbcc3cf362037aece70fddb69526c588266944d30,1412,2160,http image/jpeg,492.5035,0.9930,0.0008,1.0000,36.8352
126613,182597,Rolex Submariner Two Tone 126613 Blue Dial,https://www.bobswatches.com/rolex-submariner-two-tone-126613-blue-dial.html,https://www.bobswatches.com/images/zUsed-Rolex-Submariner-126613-Bluesy-SKU182597.jpg,126613_182597_aed7f74984.jpg,aed7f7498450b2c528cbc9475174d73d0ede22d18e0652550e871a015efdebc4,1412,2160,http image/jpeg,492.7346,0.9942,0.0037,1.0000,35.1113
126613,182597,Rolex Submariner Two Tone 126613 Blue Dial,https://www.bobswatches.com/rolex-submariner-two-tone-126613-blue-dial.html,https://www.bobswatches.com/images/zUsed-Rolex-Submariner-126613-Bluesy-SKU182597s.jpg,126613_182597_1a6a3053fe.jpg,1a6a3053fece26b54bde3cb7f2f063be9d9408dfa97bd438e43b4c01c4ac45da,800,800,http image/jpeg,134.7716,0.9907,0.0106,1.0000,28.2596
126710BLRO,181782,Used Rolex GMT-Master II Ref 126710 Pepsi,https://www.bobswatches.com/used-rolex-gmt-master-ii-ref-126710-pepsi.html,https://www.bobswatches.com/images/zUsed-Rolex-GMT-Master-II-126710-Black-Dial-SKU181782.jpg,126710BLRO_181782_ca74797b42.jpg,ca74797b42a10e9372e768619c223b30d738866dc343e79fabf99c938014e0b9,1412,2160,http image/jpeg,487.6991,0.9892,0.0031,1.0000,35.0830
116610LV,182658,Rolex Submariner Hulk 116610LV Green Dial,https://www.bobswatches.com/rolex-submariner-hulk-116610lv-green-dial.html,https://www.bobswatches.com/images/zUsed-Rolex-Submariner-116610-Green-Hulk-SKU182658.jpg,116610LV_182658_8bf8073547.jpg,8bf8073547e029b99fc4f8f5cf33da55c00d86225cad897cc5e39505f21ad91a,800,800,http image/jpeg,138.3502,0.9615,0.0187,1.0000,32.9339
116710,181588,Men's Rolex GMT-Master II Ref 116710 Batman,https://www.bobswatches.com/mens-rolex-gmt-master-ii-ref-116710-batman.html,https://www.bobswatches.com/images/zUsed-Rolex-GMT-Master-II-116710-Black-Chromalight-Dial-SKU181588.jpg,116710_181588_0bc587db69.jpg,0bc587db6934dea299ca4ef39a4f61c47807516ce74b99c9fedf3ecbd71730d2,1412,2160,http image/jpeg,488.9264,0.9950,0.0031,1.0000,35.0680
116610,182449,Mens Rolex Submariner Ref 116610 Black Dial,https://www.bobswatches.com/mens-rolex-submariner-ref-116610-black-dial.html,https://www.bobswatches.com/images/zUsed-Rolex-Submariner-116610-Black-Dial-SKU182449.jpg,116610_182449_2240589bad.jpg,2240589bad1aa026d507fb7213759b64ed698c343e83e9df248addfc4be23a54,1412,2160,http image/jpeg,491.8813,0.9944,0.0047,1.0000,37.3095
116610,182449,Mens Rolex Submariner Ref 116610 Black Dial,https://www.bobswatches.com/mens-rolex-submariner-ref-116610-black-dial.html,https://www.bobswatches.com/images/zUsed-Rolex-Submariner-116610-Black-Timing-Bezel-SKU182449.jpg,116610_182449_5b95b25196.jpg,5b95b2519616b287634b840592071fed1c66337cf408a033069b223ac5a99cfb,800,800,http image/jpeg,133.7706,0.9706,0.0072,1.0000,38.1977
126610LV,182606,Rolex Submariner Ref 126610LV Green Bezel Starbucks,https://www.bobswatches.com/rolex-submariner-ref-126610lv-green-bezel-starbucks.html,https://www.bobswatches.com/images/zUsed-Rolex-Submariner-126610-SKU182606.jpg,126610LV_182606_256e67c72e.jpg,256e67c72edae321dd499952403b17d2abd9fd6c3a2c3cf5f0405f5273a0fb41,1412,2160,http image/jpeg,488.5163,0.9838,0.0027,1.0000,32.7785
126610,182437,Rolex Submariner 126610 41MM Stainless Steel,https://www.bobswatches.com/rolex-submariner-126610-41mm-stainless-steel.html,https://www.bobswatches.com/images/zUsed-Rolex-Submariner-126610-SKU182437.jpg,126610_182437_1eff025aaf.jpg,1eff025aaf97773e5fd2fe2d06ae18645fb4e176be60e8f609eae19afee66efc,1412,2160,http image/jpeg,490.7834,0.9873,0.0021,1.0000,34.6485
126610,182437,Rolex Submariner 126610 41MM Stainless Steel,https://www.bobswatches.com/rolex-submariner-126610-41mm-stainless-steel.html,https://www.bobswatches.com/images/zUsed-Rolex-Submariner-126610-Black-Dial-SKU182437s.jpg,126610_182437_780d23e6bb.jpg,780d23e6bbc0350d748a83394a919de668299217ad29f0282098d876cdb61b8d,800,800,http image/jpeg,134.9021,0.9792,0.0202,1.0000,30.8957
116613,181493,Rolex Submariner Ref 116613 Blue Dial,https://www.bobswatches.com/rolex-submariner-ref-116613-blue-dial.html,https://www.bobswatches.com/images/zUsed-Rolex-Submariner-116613-Blue-Chromalight-Dial-SKU181493.jpg,116613_181493_48542dabea.jpg,48542dabea858eb96fc5e40727d124eb6d6c390b33b9ef6f794e27995bc7a5f4,1412,2160,http image/jpeg,492.0603,0.9934,0.0052,1.0000,24.0681
114060,182183,Rolex Submariner Ref 114060 Stainless Steel Oyster,https://www.bobswatches.com/rolex-submariner-ref-114060-stainless-steel-oyster.html,https://www.bobswatches.com/images/zUsed-Rolex-Submariner-114060-SKU182183.jpg,114060_182183_53c0bd61bc.jpg,53c0bd61bccf6300df6ea6b4145d6fbada3313cb049e10d0662dd3305f05777d,1412,2160,http image/jpeg,493.5824,0.9938,0.0059,1.0000,36.6049
116610,182321,Used Rolex Submariner Ref 116610 Black Dial,https://www.bobswatches.com/used-rolex-submariner-ref-116610-black-dial.html,https://www.bobswatches.com/images/zUsed-Rolex-Submariner-116610-Black-Dial-SKU182321.jpg,116610_182321_1da8e0994b.jpg,1da8e0994bd2e6a4bda4004892bca0b07fb581244a28b9815f16e506a83f17cd,1412,2160,http image/jpeg,496.1897,0.9969,0.0060,1.0000,36.0541
116613,182330,Rolex Submariner Ref 116613 Blue,https://www.bobswatches.com/rolex-submariner-ref-116613-blue.html,https://www.bobswatches.com/images/zUsed-Rolex-Submariner-116613-Blue-Dial-SKU182330.jpg,116613_182330_a3d83b6c5b.jpg,a3d83b6c5b3da175cbbf4b3a48288b7d8a1f6f6546b51c2507b8432d421349f4,1412,2160,http image/jpeg,492.3706,0.9924,0.0134,1.0000,32.5370
116613,182330,Rolex Submariner Ref 116613 Blue,https://www.bobswatches.com/rolex-submariner-ref-116613-blue.html,https://www.bobswatches.com/images/zUsed-Rolex-Submariner-116613-Blue-Timing-Bezel-SKU182330.jpg,116613_182330_48380a259a.jpg,48380a259a51a8de2971c9c33ecea32150de5d94366393427c9ee3022a62a3f3,800,800,http image/jpeg,130.5227,0.9730,0.0093,1.0000,27.2740
116610,180474,Rolex Submariner 116610 Black Chromalight Dial,https://www.bobswatches.com/rolex-submariner-116610-black-chromalight-dial.html,https://www.bobswatches.com/images/z180474-Used-Rolex-Submariner-116610-Black-Chromalight-Dial-SKU180474.jpg,116610_180474_e1b6ab0ef6.jpg,e1b6ab0ef62a99240abc0d9c68bd2733328adb9032beac3332af8279361bb6c5,1412,2160,http image/jpeg,488.9459,0.9941,0.0045,1.0000,34.1817
126613LB,180707,Rolex Submariner 126613LB Blue Dial,https://www.bobswatches.com/rolex-submariner-126613lb-blue-dial.html,https://www.bobswatches.com/images/zUsed-Rolex-Submariner-126613-Blue-Dial-SKU180707.jpg,126613LB_180707_ba1cfd3b43.jpg,ba1cfd3b43ebed7eca87c1960760c43a9ec81b22d559d36233b6d94dc5365eb4,1412,2160,http image/jpeg,491.0738,0.9956,0.0033,1.0000,34.0797
126613LB,180707,Rolex Submariner 126613LB Blue Dial,https://www.bobswatches.com/rolex-submariner-126613lb-blue-dial.html,https://www.bobswatches.com/images/zUsed-Rolex-Submariner-126613-Blue-Timing-Bezel-SKU180707.jpg,126613LB_180707_cfc8b81708.jpg,cfc8b8170886e0569e91ed1790b7c7d3b9ce7c2840f9c8cd46c33a7e140d2cbf,800,800,http image/jpeg,138.8031,0.9741,0.0237,1.0000,32.8195
126613LB,180707,Rolex Submariner 126613LB Blue Dial,https://www.bobswatches.com/rolex-submariner-126613lb-blue-dial.html,https://www.bobswatches.com/images/zUsed-Rolex-Submariner-126613-Blue-Dial-180707s.jpg,126613LB_180707_eb7cd6c38e.jpg,eb7cd6c38e603fcb0d1e402f122834b74d2eeb6946022b57513ff13856335d06,800,800,http image/jpeg,134.2646,0.9826,0.0123,1.0000,30.4241
126613LB,181160,Rolex Submariner 126613LB Bluesy,https://www.bobswatches.com/rolex-submariner-126613lb-bluesy.html,https://www.bobswatches.com/images/zUsed-Rolex-Submariner-126613-Blue-Dial-SKU181160.jpg,126613LB_181160_1787c8a859.jpg,1787c8a859790d4032cd006cc60a8811a9a2d9434affb656eed7c9ca80c62f03,1412,2160,http image/jpeg,487.4896,0.9944,0.0132,1.0000,32.0134
126613LB,181160,Rolex Submariner 126613LB Bluesy,https://www.bobswatches.com/rolex-submariner-126613lb-bluesy.html,https://www.bobswatches.com/images/zUsed-Two-Tone-Rolex-Submariner-126613-Blue-Dial-SKU181160.jpg,126613LB_181160_575efd4afa.jpg,575efd4afa1b6fd3060f47488462737d898c5aa4e57630137d0147590ab17230,800,800,http image/jpeg,142.1222,0.9747,0.0196,1.0000,35.7326
116613,182277,Rolex Submariner Ref 116613 Blue Diamond Dial,https://www.bobswatches.com/rolex-submariner-ref-116613-blue-diamond-dial.html,https://www.bobswatches.com/images/zUsed-Rolex-Submariner-116613-Blue-Diamond-Dial-SKU182277.jpg,116613_182277_ceb6a66a5e.jpg,ceb6a66a5ed8ff0e22f84d10bfcb5b7c9869aeb4bd9bf9c44b8676dc3775d292,1412,2160,http image/jpeg,489.6942,0.9926,0.0034,1.0000,32.3465
116613,182277,Rolex Submariner Ref 116613 Blue Diamond Dial,https://www.bobswatches.com/rolex-submariner-ref-116613-blue-diamond-dial.html,https://www.bobswatches.com/images/zUsed-Rolex-Submariner-116613-Blue-Timing-Bezel-SKU182277.jpg,116613_182277_cfab469e4c.jpg,cfab469e4cd68d0c8648cd97be9445491723252b31a1e561be606d2b41d9481c,800,800,http image/jpeg,136.9182,0.9733,0.0199,1.0000,30.5062
126613LB,182290,Rolex Submariner Date Ref 126613LB Steel & 18k Gold,https://www.bobswatches.com/rolex-submariner-date-ref-126613lb-steel-and-18k-gold.html,https://www.bobswatches.com/images/zUsed-Rolex-Submariner-126613-Blue-Dial-SKU182290.jpg,126613LB_182290_c91a29cc5e.jpg,c91a29cc5e282c64ec5fac3c854a901eddb752a3de0a5807be2092441a4bc87d,1412,2160,http image/jpeg,489.5854,0.9869,0.0043,1.0000,35.8922
126710BLRO,181128,Pre-owned Rolex GMT-Master II 126710 Pepsi,https://www.bobswatches.com/pre-owned-rolex-gmt-master-ii-126710-pepsi.html,https://www.bobswatches.com/images/zUsed-Rolex-GMT-Master-II-126710-Black-Dial-SKU181128.jpg,126710BLRO_181128_fff9fc8f18.jpg,fff9fc8f1856994c9c31783a239c9f9cd11059c6f1315f8aaee9d9faf4007694,1412,2160,http image/jpeg,489.8590,0.9964,0.0038,1.0000,35.0431
126710BLRO,181128,Pre-owned Rolex GMT-Master II 126710 Pepsi,https://www.bobswatches.com/pre-owned-rolex-gmt-master-ii-126710-pepsi.html,https://www.bobswatches.com/images/zUsed-Rolex-GMT-Master-II-126710-Pepsi-Ceramic-Bezel-181128s.jpg,126710BLRO_181128_e2d52b1944.jpg,e2d52b1944621e62fa747103eda1a1bb8fa128e25306de9a60c918f6f6a0fa98,800,800,http image/jpeg,137.7233,0.9970,0.0136,1.0000,31.7122
126613,182278,Rolex Submariner Ref 126613 Black,https://www.bobswatches.com/rolex-submariner-ref-126613-black.html,https://www.bobswatches.com/images/zUsed-Rolex-Submariner-126613-Black-Dial-SKU182278.jpg,126613_182278_f35e4f82ff.jpg,f35e4f82ff774200a30170261444cb71c2a6ec0a44f0e91a0559951fb07cf1bc,1412,2160,http image/jpeg,490.4882,0.9858,0.0089,1.0000,35.7745
126613,182278,Rolex Submariner Ref 126613 Black,https://www.bobswatches.com/rolex-submariner-ref-126613-black.html,https://www.bobswatches.com/images/zUsed-Rolex-Submariner-126613-Black-Timing-Bezel-182278s.jpg,126613_182278_c276a00015.jpg,c276a000159e750e2817fd916eb9c589ccbbaab5925c558f0141eccb04995fbb,800,800,http image/jpeg,145.7558,0.9875,0.0111,1.0000,29.4019
126710GRNR,181135,Rolex GMT-Master II ref 126710GRNR Stainless Steel,https://www.bobswatches.com/rolex-gmt-master-ii-ref-126710grnr-stainless-steel.html,https://www.bobswatches.com/images/zUsed-Rolex-GMT-Master-II-126710-Ceramic-Bruce-Wayne-Bezel-SKU181135.jpg,126710GRNR_181135_beea6c9c90.jpg,beea6c9c90a3086dda19debd6dc6f4d522e85cd1a9dc5bb1cdc0163b98b66212,800,800,http image/jpeg,178.2381,0.9674,0.0125,1.0000,33.0649
126610,182361,Rolex Submariner Ref 126610 Black Chromalight Dial,https://www.bobswatches.com/rolex-submariner-ref-126610-black-chromalight-dial.html,https://www.bobswatches.com/images/zUsed-Rolex-Submariner-126610-Black-Chromalight-Dial-SKU182361.jpg,126610_182361_eda152e287.jpg,eda152e28778c7b3105ba7fb2cab31a6e66acdbf3d51c0fda58b194e0dedcbb1,1412,2160,http image/jpeg,491.7822,0.9841,0.0092,1.0000,34.2025
116610LV,181888,Rolex Submariner 116610LV Green,https://www.bobswatches.com/rolex-submariner-116610lv-green.html,https://www.bobswatches.com/images/zUsed-Rolex-Submariner-116610-SKU181888.jpg,116610LV_181888_9d92b241c6.jpg,9d92b241c6f141f02023d34d19c33c8a576b64bca093dd569989965749c7c038,1411,2160,http image/jpeg,488.3977,0.9831,0.0023,1.0000,35.2296
126610,182232,Rolex Submariner 126610 Black Date Dial,https://www.bobswatches.com/rolex-submariner-126610-black-date-dial.html,https://www.bobswatches.com/images/zUsed-Rolex-Submariner-126610-SKU182232.jpg,126610_182232_c280735e62.jpg,c280735e62a986d4827aeb5baf192654086bae2eb966bf526ee303f12a2f35e6,1412,2160,http image/jpeg,492.5664,0.9983,0.0042,1.0000,36.1634
126610LV,181353,Rolex Submariner 126610LV Starbucks,https://www.bobswatches.com/rolex-submariner-126610lv-starbucks.html,https://www.bobswatches.com/images/zUsed-Rolex-Submariner-126610-Black-Chromalight-Dial-SKU181353.jpg,126610LV_181353_6db27eace2.jpg,6db27eace23615b0d2e9371773e5f2e199e31c2fca469ce4f1cf3941a92587ab,1412,2160,http image/jpeg,487.8327,0.9955,0.0123,1.0000,35.5563
116613,180373,Rolex Submariner 116613 Blue Dial,https://www.bobswatches.com/rolex-submariner-116613-blue-dial.html,https://www.bobswatches.com/images/zUsed-Rolex-Submariner-116613-Blue-Dial-SKU180373.jpg,116613_180373_bb934219db.jpg,bb934219db56e719584814a6199fcc9a402e2cb3e170d9818e3fe3ba1d3dd3e0,1412,2160,http image/jpeg,490.7007,0.9925,0.0140,1.0000,27.0712
116613,180373,Rolex Submariner 116613 Blue Dial,https://www.bobswatches.com/rolex-submariner-116613-blue-dial.html,https://www.bobswatches.com/images/zUsed-Rolex-Submariner-116613-Blue-Timing-Bezel-SKU180373.jpg,116613_180373_35ee2792b3.jpg,35ee2792b3f9f4a8013d731b558020e26edcdd90f8ca109b8230570bb5a8eda7,800,800,http image/jpeg,173.5611,0.9703,0.0151,1.0000,24.7193
126710GRNR,182335,Pre-owned Rolex GMT-Master II ref 126710GRNR Bruce Wayne,https://www.bobswatches.com/pre-owned-rolex-gmt-master-ii-ref-126710grnr-bruce-wayne.html,https://www.bobswatches.com/images/zUsed-Rolex-GMT-Master-II-126710-SKU182335.jpg,126710GRNR_182335_6b55aaf6a7.jpg,6b55aaf6a72d3f418120d5a51ee5dada5b7253af97937c6844fd5a968ac6dcd2,1412,2160,http image/jpeg,614.5763,0.9968,0.0168,1.0000,33.0443
126610,182143,Rolex Submariner 126610 Black Chromalight Dial,https://www.bobswatches.com/rolex-submariner-126610-black-chromalight-dial.html,https://www.bobswatches.com/images/zUsed-Rolex-Submariner-126610-182143.jpg,126610_182143_ee07ceedbb.jpg,ee07ceedbb6f0bd3548f7cef9bf8b5f23fa010f621982a648bba0d01349bd292,1412,2160,http image/jpeg,488.4784,0.9932,0.0161,1.0000,33.0078
126610,182143,Rolex Submariner 126610 Black Chromalight Dial,https://www.bobswatches.com/rolex-submariner-126610-black-chromalight-dial.html,https://www.bobswatches.com/images/zUsed-Rolex-Submariner-126610-Black-Dial-SKU182143.jpg,126610_182143_790813cf05.jpg,790813cf05fb7be635e3818a8f4b89cf18b98471da4e4fa2c1ac2cc372fe8ed0,800,800,http image/jpeg,145.2307,0.9627,0.0239,1.0000,33.3461
126710BLRO,182279,Rolex GMT-Master II Pepsi Ref 126710,https://www.bobswatches.com/rolex-gmt-master-ii-pepsi-ref-126710.html,https://www.bobswatches.com/images/zUsed-Rolex-GMT-Master-II-126710-Black-Dial-SKU182279.jpg,126710BLRO_182279_e5d032532f.jpg,e5d032532fad36141726f3afcfd2596193a19fa621f3476dddf3933c5dece382,1412,2160,http image/jpeg,489.2534,0.9950,0.0018,1.0000,34.5900
116613,182079,Pre-owned Rolex Submariner 116613 Two Tone,https://www.bobswatches.com/pre-owned-rolex-submariner-116613-two-tone.html,https://www.bobswatches.com/images/zUsed-Rolex-Submariner-116613-Black-Dial-SKU182079.jpg,116613_182079_8088793574.jpg,8088793574f8540037cf831950afc0f3d5d19bde21c2e54bd5a9d5c4c826dfed,1412,2160,http image/jpeg,492.1970,0.9944,0.0052,1.0000,35.0560
116613,181476,Rolex Submariner 116613 Black Chromalight Dial,https://www.bobswatches.com/rolex-submariner-116613-black-chromalight-dial.html,https://www.bobswatches.com/images/zUsed-Rolex-Submariner-116613-SKU181476.jpg,116613_181476_dd6d203135.jpg,dd6d203135f51dd72943ed640315b2da92e9e9c73ef8366e60e6a695a2454e6f,1412,2160,http image/jpeg,493.4732,0.9847,0.0046,1.0000,34.7878
116613,181476,Rolex Submariner 116613 Black Chromalight Dial,https://www.bobswatches.com/rolex-submariner-116613-black-chromalight-dial.html,https://www.bobswatches.com/images/zUsed-Rolex-Submariner-116613-Black-SKU181476.jpg,116613_181476_e43fd17dbc.jpg,e43fd17dbce3cf0be4a31aad32e157eaf1b5f82d32ec200be72cb7a9305a9b66,800,800,http image/jpeg,171.2737,0.9808,0.0051,1.0000,33.5369
126613,180092,Rolex Submariner 126613 Two Tone Bluesy,https://www.bobswatches.com/rolex-submariner-126613-two-tone-bluesy.html,https://www.bobswatches.com/images/zUsed-Rolex-Submariner-126613-180092.jpg,126613_180092_6a99af58b5.jpg,6a99af58b50fb1cb742d69f66dbc62f2b150465fb86aa69cd8a59307cc0bc530,1412,2160,http image/jpeg,487.1005,0.9942,0.0161,1.0000,34.7680
114060,182226,Pre-owned Rolex Submariner Ref 114060 Stainless Steel,https://www.bobswatches.com/pre-owned-rolex-submariner-ref-114060-stainless-steel.html,https://www.bobswatches.com/images/zUsed-Rolex-Submariner-114060-SKU182226.jpg,114060_182226_e64b01a9af.jpg,e64b01a9af576d8082d2e3bc35d6079cb350e615d4dc02329fa2b434150643c9,1412,2160,http image/jpeg,612.4709,0.9960,0.0038,1.0000,32.9734
114060,182226,Pre-owned Rolex Submariner Ref 114060 Stainless Steel,https://www.bobswatches.com/pre-owned-rolex-submariner-ref-114060-stainless-steel.html,https://www.bobswatches.com/images/zUsed-Rolex-Submariner-114060-No-Date-Dial-SKU182226s.jpg,114060_182226_4e501a12d4.jpg,4e501a12d4eea0f096c97d09dec1f283e7e909558f1342e552e4be2e38fd3127,800,800,http image/jpeg,142.5912,0.9956,0.0140,1.0000,30.6375
126710GRNR,181905,Pre-owned Rolex GMT-Master II ref 126710GRNR Jubilee,https://www.bobswatches.com/pre-owned-rolex-gmt-master-ii-ref-126710grnr-jubilee.html,https://www.bobswatches.com/images/zUsed-Rolex-GMT-Master-II-126710-SKU181905.jpg,126710GRNR_181905_3ffe939bd9.jpg,3ffe939bd938541051f190d692a8b21bb5001b1c2fb480df1dd0fc28375f7085,1412,2160,http image/jpeg,609.8870,0.9961,0.0166,1.0000,35.1901
126610LV,181837,Rolex Submariner 126610LV Green Bezel Starbucks,https://www.bobswatches.com/rolex-submariner-126610lv-green-bezel-starbucks.html,https://www.bobswatches.com/images/zUsed-Rolex-Submariner-126610-181837.jpg,126610LV_181837_b25597554c.jpg,b25597554cee76ceb719a0cd9f45d16043c30e7ee144ae72c679c60d90f42004,1412,2160,http image/jpeg,486.7603,0.9955,0.0187,1.0000,35.2047
116610,181122,Pre-owned Rolex Submariner Ref 116610 Black Dial,https://www.bobswatches.com/pre-owned-rolex-submariner-ref-116610-black-dial.html,https://www.bobswatches.com/images/zUsed-Rolex-Submariner-116610-Black-Chromalight-Dial-SKU181122.jpg,116610_181122_dca7522ff9.jpg,dca7522ff9e0b07c3364d711b1ee0a3ac666b372fc90d6cb2fb4878e53f6c9a1,1411,2160,http image/jpeg,492.6077,0.9920,0.0059,1.0000,36.6864
126710BLNR,181810,Pre-owned Rolex GMT-Master II Ref 126710BLNR Batman,https://www.bobswatches.com/pre-owned-rolex-gmt-master-ii-ref-126710blnr-batman.html,https://www.bobswatches.com/images/zUsed-Rolex-GMT-Master-II-126710-Black-Chromalight-Dial-SKU181810.jpg,126710BLNR_181810_71bd35628e.jpg,71bd35628e4ed6acfe9e1d7fcbcac85b6f474490ca7882acd644ef1439e38df9,1412,2160,http image/jpeg,490.7874,0.9978,0.0055,1.0000,36.6037
126619,182021,Rolex Submariner 126619 White Gold Cookie Monster,https://www.bobswatches.com/rolex-submariner-126619-white-gold-cookie-monster.html,https://www.bobswatches.com/images/zUsed-Rolex-Submariner-126619-182021.jpg,126619_182021_6655f33418.jpg,6655f33418181ac92ecfe87d6b32f3165e2727c3e2c6183fd175a5dc807d0736,1412,2160,http image/jpeg,490.5663,0.9813,0.0031,1.0000,36.5652
126619,182021,Rolex Submariner 126619 White Gold Cookie Monster,https://www.bobswatches.com/rolex-submariner-126619-white-gold-cookie-monster.html,https://www.bobswatches.com/images/zUsed-Rolex-Submariner-126619-Blue-Bezel-SKU182021.jpg,126619_182021_3611544bd0.jpg,3611544bd0264da50883170dd88bb4b7075799c4daa1775419ecf16bcb17f354,800,800,http image/jpeg,152.7551,0.9613,0.0193,1.0000,34.8459
126613LB,181567,Rolex Submariner Ref 126613LB Bluesy,https://www.bobswatches.com/rolex-submariner-ref-126613lb-bluesy.html,https://www.bobswatches.com/images/zUsed-Rolex-Submariner-126613-Blue-Dial-SKU181567.jpg,126613LB_181567_aae59db4a7.jpg,aae59db4a70ab5e9799a49e4dfe411a01a933cfa256518a35706404beec78205,1412,2160,http image/jpeg,489.1663,0.9949,0.0028,1.0000,33.2189
126613,181901,Rolex Submariner 126613 Black Chromalight Dial,https://www.bobswatches.com/rolex-submariner-126613-black-chromalight-dial.html,https://www.bobswatches.com/images/zUsed-Rolex-Submariner-126613-181901.jpg,126613_181901_f947b9799d.jpg,f947b9799d8d203c7c4c2814d8abe8152577aa4c25d036b2f7c7445bb813afc0,1412,2160,http image/jpeg,487.8755,0.9867,0.0106,1.0000,35.6644
126710GRNR,181440,Rolex GMT-Master II ref 126710GRNR Bruce Wayne,https://www.bobswatches.com/rolex-gmt-master-ii-ref-126710grnr-bruce-wayne.html,https://www.bobswatches.com/images/zUsed-Rolex-GMT-Master-II-126710-Black-Dial-SKU181440.jpg,126710GRNR_181440_c7bbe5da2e.jpg,c7bbe5da2e41dd7cc2df05064cc368f245ebadb64548944aa3aaf424b306dfa1,1412,2160,http image/jpeg,485.0288,0.9754,0.0068,1.0000,34.9205
116710,180762,Rolex GMT-Master II 116710 Batman,https://www.bobswatches.com/rolex-gmt-master-ii-116710-batman.html,https://www.bobswatches.com/images/zUsed-Rolex-GMT-Master-II-116710-SKU180762.jpg,116710_180762_001569a743.jpg,001569a74322f5f911801bf03ef3326d7dff0ebe96c5ff176403357054c16014,1412,2160,http image/jpeg,489.8601,0.9961,0.0037,1.0000,33.9920
116710,180762,Rolex GMT-Master II 116710 Batman,https://www.bobswatches.com/rolex-gmt-master-ii-116710-batman.html,https://www.bobswatches.com/images/zUsed-Rolex-GMT-Master-II-116710-Batman-SKU180762.jpg,116710_180762_b4a983f461.jpg,b4a983f461dee437273100e33ecd9d0108315936f64cebbb2fb9713b02fadc52,800,800,http image/jpeg,137.8379,0.9674,0.0183,1.0000,35.5080
126613,181723,Rolex Submariner Ref 126613 Black Dial,https://www.bobswatches.com/rolex-submariner-ref-126613-black-dial.html,https://www.bobswatches.com/images/zUsed-Rolex-Submariner-126613-SKU181723.jpg,126613_181723_6b0f3ee618.jpg,6b0f3ee618256ebfb90bac73d8a3d438bd7dfc1609e20de3f19f3251945e0f2d,1412,2160,http image/jpeg,490.6175,0.9979,0.0035,1.0000,34.4279
126710GRNR,180863,Pre-owned Rolex GMT-Master II ref 126710GRNR Stainless Steel,https://www.bobswatches.com/pre-owned-rolex-gmt-master-ii-ref-126710grnr-stainless-steel.html,https://www.bobswatches.com/images/zUsed-Rolex-GMT-Master-II-126710-Bruce-Wayne-SKU180863.jpg,126710GRNR_180863_734ed2e51f.jpg,734ed2e51fcdbe6d4ba2b92115d2a46684921df655689088c062234c3f5b0ed6,1412,2160,http image/jpeg,482.6486,0.9811,0.0079,1.0000,33.8162
126710GRNR,180863,Pre-owned Rolex GMT-Master II ref 126710GRNR Stainless Steel,https://www.bobswatches.com/pre-owned-rolex-gmt-master-ii-ref-126710grnr-stainless-steel.html,https://www.bobswatches.com/images/zUsed-40mm-Rolex-GMT-Master-II-126710-Bruce-Wayne-SKU180863.jpg,126710GRNR_180863_c08654c221.jpg,c08654c22100c0dbb5bcd8637f7c79786926c9bdf5c660d0995c8258320badce,800,800,http image/jpeg,143.8829,0.9835,0.0205,1.0000,30.9018
116610,180392,Rolex Submariner 116610 Black Dial,https://www.bobswatches.com/rolex-submariner-116610-black-dial.html,https://www.bobswatches.com/images/zUsed-Rolex-Submariner-116610-Black-Chromalight-Dial-SKU180392.jpg,116610_180392_8df8a6713f.jpg,8df8a6713f2f9377a5418de55b23fb932d183eb0258d1ca327de6d8985fe1db8,1412,2160,http image/jpeg,489.2794,0.9936,0.0012,1.0000,34.2248
126610,181881,Rolex Submariner Date 126610 Green,https://www.bobswatches.com/rolex-submariner-date-126610-green.html,https://www.bobswatches.com/images/zUsed-Rolex-Submariner-126610-SKU181881.jpg,126610_181881_57ef0f6297.jpg,57ef0f62976c41825c16cb0dd4b2feacd026d074e00a3f27dd2e65c1e01a9d81,1412,2160,http image/jpeg,491.1647,0.9828,0.0079,1.0000,35.8100
126610,181881,Rolex Submariner Date 126610 Green,https://www.bobswatches.com/rolex-submariner-date-126610-green.html,https://www.bobswatches.com/images/zUsed-Rolex-Submariner-126610-Green-Bezel-SKU181881.jpg,126610_181881_6d27653825.jpg,6d276538255367667a6e6fa8d658be341f3e548075d2f2070386d3e6d0bbbf19,800,800,http image/jpeg,144.2985,0.9624,0.0185,1.0000,34.8250
126710BLRO,181812,Rolex GMT-Master II ref 126710 Pepsi Jubilee Band,https://www.bobswatches.com/rolex-gmt-master-ii-ref-126710-pepsi-jubilee-band.html,https://www.bobswatches.com/images/zUsed-Rolex-GMT-Master-II-126710-SKU181812.jpg,126710BLRO_181812_569841644d.jpg,569841644db9e0f4ec50347cde1c01acbf3c3677971027a28b77f05b20274be4,1412,2160,http image/jpeg,617.5491,0.9968,0.0094,1.0000,34.4150
126710BLRO,181619,Rolex GMT-Master II Ref 126710BLRO Jubilee Bracelet Pepsi,https://www.bobswatches.com/rolex-gmt-master-ii-ref-126710blro-jubilee-bracelet-pepsi.html,https://www.bobswatches.com/images/zUsed-Rolex-GMT-Master-II-126710-Pepsi-SKU181619.jpg,126710BLRO_181619_61ac1493c1.jpg,61ac1493c1d13fc1229722014e7576666089376f1afefe5f031dcda09af8ff15,1412,2160,http image/jpeg,622.5583,0.9978,0.0145,1.0000,33.4632
126610,180692,Rolex Submariner Date 126610 Oystersteel,https://www.bobswatches.com/rolex-submariner-date-126610-oystersteel.html,https://www.bobswatches.com/images/zUsed-Rolex-Submariner-126610-Black-Chromalight-Dial-SKU180692.jpg,126610_180692_fb7642088c.jpg,fb7642088c6011717f35e88e08c84075e430207d14302a9f8235e5bc2470d259,1412,2160,http image/jpeg,489.2022,0.9933,0.0116,1.0000,36.2773
116710,181079,Rolex GMT-Master II Model 116710 Ceramic,https://www.bobswatches.com/rolex-gmt-master-ii-model-116710-ceramic.html,https://www.bobswatches.com/images/z181079-Used-Rolex-GMT-Master-II-116710-Batman-SKU181079.jpg,116710_181079_fe8feea599.jpg,fe8feea599d719a20a657cb4a5ccafd2ce3c5cb982ea98d322427880eb520e59,1412,2160,http image/jpeg,487.4698,0.9918,0.0016,1.0000,32.9901
116610,181126,Rolex Submariner Ref 116610 Black Dial,https://www.bobswatches.com/rolex-submariner-ref-116610-black-dial.html,https://www.bobswatches.com/images/zUsed-Rolex-Submariner-116610-SKU181126.jpg,116610_181126_98ed3cfe3b.jpg,98ed3cfe3b25e8ab051e7ab779b3fefc4544caa5ae97a7c2bd6e3843a9f8ca9f,1412,2160,http image/jpeg,492.9627,0.9886,0.0046,1.0000,34.0020
116610,181126,Rolex Submariner Ref 116610 Black Dial,https://www.bobswatches.com/rolex-submariner-ref-116610-black-dial.html,https://www.bobswatches.com/images/zUsed-Rolex-Submariner-116610-Black-Dial-SKU181126.jpg,116610_181126_efdd8bb4ad.jpg,efdd8bb4ad3ebbe906c75dce180a9148c98c775cff30c5a7ffe00ddbe3f6d878,800,800,http image/jpeg,132.0758,0.9616,0.0249,1.0000,31.9959
126610,175600,Rolex Submariner 126610 Black Dial Ceramic Bezel,https://www.bobswatches.com/rolex-submariner-126610-black-dial-ceramic-bezel.html,https://www.bobswatches.com/images/zUsed-Rolex-Submariner-126610-Black-Chromalight-Dial-SKU175600.jpg,126610_175600_558fa9ce23.jpg,558fa9ce23c036654284d7a58bf525922ef919e2fe1fca3bfac438b065997d18,1412,2160,http image/jpeg,494.1234,0.9932,0.0035,1.0000,35.6904
126710BLRO,181073,Rolex GMT-Master II Ref 126710BLRO Jubilee Bracelet,https://www.bobswatches.com/rolex-gmt-master-ii-ref-126710blro-jubilee-bracelet.html,https://www.bobswatches.com/images/zUsed-Rolex-GMT-Master-II-126710-Black-Chromalight-Dial-SKU181073.jpg,126710BLRO_181073_83e5cea4c7.jpg,83e5cea4c73fcaee87e0e9aea22a3fa94c05be9a0f73955bd62b0736931faf83,1412,2160,http image/jpeg,617.0300,0.9969,0.0187,1.0000,34.8036
126613LN,181162,Rolex Submariner 126613LN Black Dial,https://www.bobswatches.com/rolex-submariner-126613ln-black-dial.html,https://www.bobswatches.com/images/zUsed-Rolex-Submariner-126613-Black-Chromalight-Dial-SKU181162.jpg,126613LN_181162_70c17a6c2b.jpg,70c17a6c2b32c96f8b3e3d794fba5a34536897b6c9801790fdc2dcaa04360b3f,1412,2160,http image/jpeg,488.6747,0.9922,0.0145,1.0000,37.9248
116610LV,181237,Rolex Submariner 116610LV Green Hulk,https://www.bobswatches.com/rolex-submariner-116610lv-green-hulk.html,https://www.bobswatches.com/images/zUsed-Rolex-Submariner-116610-SKU181237.jpg,116610LV_181237_9a400b7a1a.jpg,9a400b7a1a8ad683eca30130bde97160e28aeff3abb07d14edfd51ca602a5913,1412,2160,http image/jpeg,486.7683,0.9847,0.0042,1.0000,36.3107
116610LV,181237,Rolex Submariner 116610LV Green Hulk,https://www.bobswatches.com/rolex-submariner-116610lv-green-hulk.html,https://www.bobswatches.com/images/zUsed-Rolex-Submariner-116610LV-Hulk-SKU181237.jpg,116610LV_181237_46f586f673.jpg,46f586f6736af2264455f992205328de78ee13b6b22d4ed0e85dbdc07fc62382,800,800,http image/jpeg,142.8646,0.9628,0.0170,1.0000,37.5406
126610,180253,Mens Rolex Submariner 126610 Ceramic,https://www.bobswatches.com/mens-rolex-submariner-126610-ceramic.html,https://www.bobswatches.com/images/zUsed-Rolex-Submariner-126610-Black-Dial-SKU180253.jpg,126610_180253_8158464c9f.jpg,8158464c9fedde52c18ee14c2f07dcec9201481b2e11cbe743b155dc96d884fe,1411,2160,http image/jpeg,619.7365,0.9975,0.0082,1.0000,35.5749
126610,180253,Mens Rolex Submariner 126610 Ceramic,https://www.bobswatches.com/mens-rolex-submariner-126610-ceramic.html,https://www.bobswatches.com/images/zUsed-Rolex-Submariner-126610-Green-Timing-Bezel-SKU180253.jpg,126610_180253_58029edc35.jpg,58029edc3528afe3afd077826f50f4bc010fd5153d0bf879686e925d9726866f,800,800,http image/jpeg,141.6079,0.9600,0.0194,1.0000,36.7402
126710BLNR,180784,Pre-owned Rolex GMT-Master II Ref 126710 Batman,https://www.bobswatches.com/pre-owned-rolex-gmt-master-ii-ref-126710-batman.html,https://www.bobswatches.com/images/zUsed-Rolex-GMT-Master-II-126710-SKU180784.jpg,126710BLNR_180784_0dd4b4614a.jpg,0dd4b4614aef022f95123342579a72843840ec7360f10f3799164dfd50b3b66e,1412,2160,http image/jpeg,489.7101,0.9942,0.0017,1.0000,32.4764
126710BLNR,180784,Pre-owned Rolex GMT-Master II Ref 126710 Batman,https://www.bobswatches.com/pre-owned-rolex-gmt-master-ii-ref-126710-batman.html,https://www.bobswatches.com/images/zUsed-Rolex-GMT-Master-II-126710-Batman-SKU180784.jpg,126710BLNR_180784_f1e222e736.jpg,f1e222e736538890858999c271334b208f116ee0d70fb5b0fad2fcc56f586de6,800,800,http image/jpeg,144.8955,0.9659,0.0196,1.0000,31.8216
116618,180636,Preowned Rolex Submariner 116618 Blue Dial,https://www.bobswatches.com/preowned-rolex-submariner-116618-blue-dial.html,https://www.bobswatches.com/images/zUsed-Rolex-Submariner-116618-Blue-Dial-SKU180636.jpg,116618_180636_6032732447.jpg,603273244703f0889504ff2e50f329f3fdbda66df0e8e69e0b6188fc6c93517b,1412,2160,http image/jpeg,491.4973,0.9918,0.0053,1.0000,33.1407
116618,180636,Preowned Rolex Submariner 116618 Blue Dial,https://www.bobswatches.com/preowned-rolex-submariner-116618-blue-dial.html,https://www.bobswatches.com/images/zUsed-Rolex-Submariner-116618-Blue-Timing-Bezel-SKU180636.jpg,116618_180636_71beb62109.jpg,71beb62109b8fc88ee037cb6303b84a5bd9c69c2cc82940bd5722114178906e8,800,800,http image/jpeg,139.4586,0.9830,0.0127,1.0000,29.7297
126610,180687,Mens Rolex Submariner 126610 Black Dial,https://www.bobswatches.com/mens-rolex-submariner-126610-black-dial.html,https://www.bobswatches.com/images/zUsed-Rolex-Submariner-126610-Black-Dial-SKU180687.jpg,126610_180687_b36f6eb3bb.jpg,b36f6eb3bba164c2a4cfa0ed9416a570b064854e9598fc23cee1bd51b42e2f42,1412,2160,http image/jpeg,495.6495,0.9964,0.0045,1.0000,35.9787
126610,180687,Mens Rolex Submariner 126610 Black Dial,https://www.bobswatches.com/mens-rolex-submariner-126610-black-dial.html,https://www.bobswatches.com/images/zUsed-Rolex-Submariner-126610-Black-Timing-Bezel-SKU180687.jpg,126610_180687_002cb7e326.jpg,002cb7e326b37f668f9845197525d0cc7e517fe9fd57013f096d8d2e2c585b6f,800,800,http image/jpeg,142.4044,0.9605,0.0216,1.0000,32.6636
126610,181229,Rolex Submariner Date 126610 Black Ceramic,https://www.bobswatches.com/rolex-submariner-date-126610-black-ceramic.html,https://www.bobswatches.com/images/zUsed-Rolex-Submariner-126610-Black-Dial-SKU181229.jpg,126610_181229_ddf6a702c8.jpg,ddf6a702c8e6d1afdfc294ef899b4fb1a782e633505183276b7d525c3a1fa179,1412,2160,http image/jpeg,487.7469,0.9908,0.0049,1.0000,34.8584
116613,180691,Rolex Submariner 116613 Sunburst Dial,https://www.bobswatches.com/rolex-submariner-116613-sunburst-dial.html,https://www.bobswatches.com/images/zUsed-Rolex-Submariner-116613-Blue-Dial-SKU180691.jpg,116613_180691_f3471e9c33.jpg,f3471e9c33d944690ce02b261e53be2b82df4ffb262e64960a85265fc9010b63,1412,2160,http image/jpeg,615.3885,0.9965,0.0057,1.0000,28.5506
126710BLRO,180773,Rolex GMT-Master II Ref 126710 Pepsi Jubilee,https://www.bobswatches.com/rolex-gmt-master-ii-ref-126710-pepsi-jubilee.html,https://www.bobswatches.com/images/zUsed-Rolex-GMT-Master-II-126710-180773.jpg,126710BLRO_180773_2033f480a1.jpg,2033f480a116861e1ab6073ffe566c4aa015998c95b76ee9ca601c4a19813605,1412,2160,http image/jpeg,488.2296,0.9849,0.0069,1.0000,33.8343
126710BLRO,180773,Rolex GMT-Master II Ref 126710 Pepsi Jubilee,https://www.bobswatches.com/rolex-gmt-master-ii-ref-126710-pepsi-jubilee.html,https://www.bobswatches.com/images/zUsed-Rolex-GMT-Master-II-126710-Red--Blue-Pepsi-SKU180773s.jpg,126710BLRO_180773_12d48da4b5.jpg,12d48da4b56747a0a1dbfa6d31f392e472622b71074d168c120613aab1d8d9ae,800,800,http image/jpeg,133.3629,0.9970,0.0173,1.0000,26.4752
116619,180260,Rolex Submariner 116619 18k White Gold Smurf,https://www.bobswatches.com/rolex-submariner-116619-18k-white-gold-smurf.html,https://www.bobswatches.com/images/zUsed-Rolex-Submariner-116619-Blue-SKU180260.jpg,116619_180260_c4ebb935b7.jpg,c4ebb935b7487c1096ba296f678269c88841f4d6fb1fc1f5f4e9eabc22b56d99,1411,2160,http image/jpeg,490.8463,0.9916,0.0013,1.0000,30.4721
126710BLRO,180764,Rolex GMT-Master II ref 126710 Pepsi Jubilee Bracelet,https://www.bobswatches.com/rolex-gmt-master-ii-ref-126710-pepsi-jubilee-bracelet.html,https://www.bobswatches.com/images/z180764-Used-Rolex-GMT-Master-II-126710-Pepsi-SKU180764.jpg,126710BLRO_180764_5a89b39c46.jpg,5a89b39c4622a3834d1404b608cc413296f3970c2f9920a84a5aebe8fabc6ead,1412,2160,http image/jpeg,490.0228,0.9992,0.0013,1.0000,33.9179
126710BLRO,180764,Rolex GMT-Master II ref 126710 Pepsi Jubilee Bracelet,https://www.bobswatches.com/rolex-gmt-master-ii-ref-126710-pepsi-jubilee-bracelet.html,https://www.bobswatches.com/images/zUsed-Rolex-GMT-Master-II-126710-Pepsi-SKU180764s.jpg,126710BLRO_180764_52ce91ece5.jpg,52ce91ece59ced7e1844b70762a0f56a7b8266189469aadc1b6b22ca09a91f9d,800,800,http image/jpeg,137.8487,0.9907,0.0204,1.0000,25.3346
126610LV,180485,Rolex Submariner ref 126610LV Green Starbucks,https://www.bobswatches.com/rolex-submariner-ref-126610lv-green-starbucks.html,https://www.bobswatches.com/images/zUsed-Rolex-Submariner-126610-Black-Dial-SKU180485.jpg,126610LV_180485_9867ac3e0d.jpg,9867ac3e0d7fbd6b2480a726ec920f99569308e8ef9bb7adea9ba039bbb01c8e,1412,2160,http image/jpeg,490.3769,0.9866,0.0068,1.0000,35.4203
116610,180466,Rolex Submariner 116610 Black,https://www.bobswatches.com/rolex-submariner-116610-black.html,https://www.bobswatches.com/images/zUsed-Rolex-Submariner-116610-Black-Chromalight-Dial-SKU180466.jpg,116610_180466_93574143da.jpg,93574143da174e6701196e65ae56e8d01564df1cfc4e6e4cc264e8ef4a607cd7,1412,2160,http image/jpeg,491.2898,0.9895,0.0037,1.0000,33.6163
116613LB,180141,Rolex Submariner Ref 116613LB Blue Dial,https://www.bobswatches.com/rolex-submariner-ref-116613lb-blue-dial.html,https://www.bobswatches.com/images/z180141-Used-Rolex-Submariner-116613-Bluesy-SKU180141.jpg,116613LB_180141_423496f3be.jpg,423496f3be51ebf58769b97e3b8918b67d6f96ec2e712a7f571fc0b03a44b8a1,1412,2160,http image/jpeg,613.4243,0.9969,0.0068,1.0000,32.4692
116613LB,180141,Rolex Submariner Ref 116613LB Blue Dial,https://www.bobswatches.com/rolex-submariner-ref-116613lb-blue-dial.html,https://www.bobswatches.com/images/zUsed-Rolex-Submariner-116613-Bluesy-SKU180141.jpg,116613LB_180141_c7210cf2f6.jpg,c7210cf2f6523c8bc21fe4cc2d805b94344800a6728f3417cdc1c18ba061c862,800,800,http image/jpeg,135.0321,0.9764,0.0145,1.0000,31.8908
126610,181036,Rolex Submariner Date 126610,https://www.bobswatches.com/rolex-submariner-date-126610.html,https://www.bobswatches.com/images/zUsed-Rolex-Submariner-126610-Black-Dial-SKU181036.jpg,126610_181036_3492e88264.jpg,3492e88264ed0af4898786a24797c585c61c7ba1b6f5e3571a0020af849e2b35,1412,2160,http image/jpeg,491.8682,0.9942,0.0096,1.0000,36.3446
126610,181036,Rolex Submariner Date 126610,https://www.bobswatches.com/rolex-submariner-date-126610.html,https://www.bobswatches.com/images/zUsed-Rolex-Submariner-126610-Black-Timing-Bezel-SKU181036.jpg,126610_181036_92efcb0943.jpg,92efcb09433332f0666cadcfcf3185c074c9d919ccb09e46909a50ae250ba89d,800,800,http image/jpeg,142.5267,0.9670,0.0201,1.0000,34.9906
126610,181553,Rolex Submariner 126610 Black Dial,https://www.bobswatches.com/rolex-submariner-126610-black-dial.html,https://www.bobswatches.com/images/zUsed-Rolex-Submariner-126610-Black-Chromalight-Dial-SKU181553.jpg,126610_181553_02fb7b0f8d.jpg,02fb7b0f8dcd09b0e4ae480c828469bd040aade3f2d625a4bc8255cdbc19966a,1411,2160,http image/jpeg,495.5220,0.9903,0.0006,1.0000,37.8262
126610,181553,Rolex Submariner 126610 Black Dial,https://www.bobswatches.com/rolex-submariner-126610-black-dial.html,https://www.bobswatches.com/images/zUsed-Rolex-Submariner-126610-Black-Timing-Bezel-SKU181553.jpg,126610_181553_c0bf1416fe.jpg,c0bf1416fe624b08d17a287ed0ef03b091624159d348817369cd85f8df94854e,800,800,http image/jpeg,145.6592,0.9697,0.0178,1.0000,33.2628
126613,180403,Rolex Submariner 126613 Steel & Yellow Gold,https://www.bobswatches.com/rolex-submariner-126613-steel-and-yellow-gold.html,https://www.bobswatches.com/images/zUsed-Rolex-Submariner-126613-180403.jpg,126613_180403_25e0b74ffb.jpg,25e0b74ffb567d7c9edd0e2160f02d6e15c937d7ebb6214e622121f01fdbdcd7,1412,2160,http image/jpeg,491.1276,0.9932,0.0027,1.0000,34.9558
126613,181671,Rolex Submariner 126613 Black,https://www.bobswatches.com/rolex-submariner-126613-black.html,https://www.bobswatches.com/images/zUsed-Rolex-Submariner-126613-SKU181671.jpg,126613_181671_cd9aa094f3.jpg,cd9aa094f3bc861398a45140b4efe260b727a9f8235579d56aeaf0b920344b18,1412,2160,http image/jpeg,495.2725,0.9927,0.0066,1.0000,35.6734
126710BLNR,175819,Rolex GMT-Master II Ref 126710 Batgirl Jubilee,https://www.bobswatches.com/rolex-gmt-master-ii-ref-126710-batgirl-jubilee.html,https://www.bobswatches.com/images/zRolex-GMT-Master-II-126710-SKU175819.jpg,126710BLNR_175819_4509c282a4.jpg,4509c282a419f4d58f00be6dd8db9cd25578ca1b25692ae6251bd6091610869b,1412,2160,http image/jpeg,490.0087,0.9942,0.0025,1.0000,35.6784
126710BLNR,175819,Rolex GMT-Master II Ref 126710 Batgirl Jubilee,https://www.bobswatches.com/rolex-gmt-master-ii-ref-126710-batgirl-jubilee.html,https://www.bobswatches.com/images/zUsed-Rolex-GMT-Master-II-126710-Batgirl-SKU175819.jpg,126710BLNR_175819_9fcc148e79.jpg,9fcc148e79fa8536199042676cf9bc0bc9bcebcddb2b7424cadf7917f87557f3,800,800,http image/jpeg,138.9593,0.9715,0.0217,1.0000,32.1588
116710,180058,"Rolex GMT-Master II Ref 116710 ""Batman"" Insert",https://www.bobswatches.com/rolex-gmt-master-ii-ref-116710-batman-insert.html,https://www.bobswatches.com/images/zUsed-Rolex-GMT-Master-II-116710-Batman-SKU180058.jpg,116710_180058_194f24c180.jpg,194f24c180478639e013ba9cfee9fa19c3f2f1671e86493e512c79cb5af92cc8,800,800,http image/jpeg,140.5285,0.9646,0.0195,1.0000,30.3906
116610LV,180085,Pre-Owned Rolex Submariner 116610LV Green Hulk,https://www.bobswatches.com/pre-owned-rolex-submariner-116610lv-green-hulk.html,https://www.bobswatches.com/images/zUsed-Rolex-Submariner-116610-Green-Dial-SKU180085.jpg,116610LV_180085_d80f351e0d.jpg,d80f351e0dc6454ebc674886e3d4dfa0d5779fe46a5b1140840bfbf1827558c5,800,800,http image/jpeg,141.0069,0.9669,0.0059,1.0000,32.3996
126613,180238,Rolex Submariner 126613 Blue,https://www.bobswatches.com/rolex-submariner-126613-blue.html,https://www.bobswatches.com/images/zUsed-Rolex-Submariner-126613-Blue-Chromalight-Dial-SKU180238.jpg,126613_180238_796bdbc12e.jpg,796bdbc12ed2f15d60f87c9b0b337be66d7d0d7f92e7dd1ce33aa7433c061014,1412,2160,http image/jpeg,493.1632,0.9973,0.0035,1.0000,37.1115
126613,180238,Rolex Submariner 126613 Blue,https://www.bobswatches.com/rolex-submariner-126613-blue.html,https://www.bobswatches.com/images/zUsed-Rolex-Submariner-126613-Blue-Timing-Bezel-SKU180238.jpg,126613_180238_f9bb10025a.jpg,f9bb10025afffafcb82b436afa1dba8847a21e42639b1158e2062bce8cdc2735,800,800,http image/jpeg,140.5461,0.9603,0.0234,1.0000,36.9483
126710BLNR,175818,"Rolex GMT-Master II ""Batman"" 126710BLNR",https://www.bobswatches.com/rolex-gmt-master-ii-batman-126710blnr.html,https://www.bobswatches.com/images/zUsed-Rolex-GMT-Master-II-126710-Black-Chromalight-Dial-SKU175818.jpg,126710BLNR_175818_49ba843c0a.jpg,49ba843c0a7e19d7ca00fd558a3d7f14544925f55d6d0ac7047fe4a4208fce81,1412,2160,http image/jpeg,488.4005,0.9906,0.0029,1.0000,33.7789
126710BLNR,175818,"Rolex GMT-Master II ""Batman"" 126710BLNR",https://www.bobswatches.com/rolex-gmt-master-ii-batman-126710blnr.html,https://www.bobswatches.com/images/zUsed-Rolex-GMT-Master-II-126710-Batman-Ceramic-Bezel-SKU175818.jpg,126710BLNR_175818_f3f1e98061.jpg,f3f1e9806146ad7473f024797cfa872da87c1a59752ebffa7f05eaf49c097355,800,800,http image/jpeg,143.8321,0.9722,0.0108,1.0000,32.0307
116710,175015,Rolex GMT-Master II Ref. 116710 Batman,https://www.bobswatches.com/175015-rolex-gmt-master-ii-ref-116710-batman.html,https://www.bobswatches.com/images/zUsed-Rolex-GMT-Master-II-116710-SKU175015-Batman.jpg,116710_175015_044988698b.jpg,044988698b91b21fb92e82683767f148f2da73a1385924a0554888e7447e3fec,1412,2160,http image/jpeg,492.2742,0.9928,0.0036,1.0000,34.0945
116619,171870,Rolex Submariner 116619 White Gold,https://www.bobswatches.com/rolex-submariner-116619-white-gold.html,https://www.bobswatches.com/images/zUsed-Rolex-Submariner-116619-Blue-Chromalight-Dial-SKU171870.jpg,116619_171870_1a65f23fec.jpg,1a65f23fecd0a927ae4e746f1fb4992e7b6b472409474ffabb345dfdb5658155,1412,2160,http image/jpeg,490.0408,0.9933,0.0018,1.0000,31.8341
126710BLNR,175797,Rolex GMT-Master II 126710 Batgirl,https://www.bobswatches.com/rolex-gmt-master-ii-126710-batgirl.html,https://www.bobswatches.com/images/zRolex-GMT-Master-II-126710-SKU175797.jpg,126710BLNR_175797_7fa5f5bf92.jpg,7fa5f5bf9256484f7f5ce3e09ef84c557fd6299ff0322234b5f39284ea59e41e,1412,2160,http image/jpeg,488.0015,0.9950,0.0086,1.0000,33.8007
126610LV,181090,Rolex Submariner ref 126610LV Starbucks,https://www.bobswatches.com/rolex-submariner-ref-126610lv-starbucks.html,https://www.bobswatches.com/images/zUsed-Rolex-Submariner-126610-Black-Chromalight-Dial-SKU181090.jpg,126610LV_181090_acf0f1bda6.jpg,acf0f1bda6d8c4c52c7c36ba49aad2defdeafa5666713f307aa6f54d1a4f3d12,1412,2160,http image/jpeg,487.5540,0.9938,0.0130,1.0000,37.2237
116613LB,175860,Rolex Submariner 116613LB Blue Dial,https://www.bobswatches.com/rolex-submariner-116613lb-blue-dial.html,https://www.bobswatches.com/images/zUsed-Rolex-Submariner-116613-Blue-Dial-SKU175860.jpg,116613LB_175860_d7cd7888e6.jpg,d7cd7888e613a711703b963f176a7e145a7533df92325a5fcf7f812c864bbd97,1412,2160,http image/jpeg,490.8862,0.9932,0.0036,1.0000,34.1870
116613LB,175860,Rolex Submariner 116613LB Blue Dial,https://www.bobswatches.com/rolex-submariner-116613lb-blue-dial.html,https://www.bobswatches.com/images/zUsed-Rolex-Submariner-116613-Blue-Timing-Bezel-SKU175860.jpg,116613LB_175860_523ec8256a.jpg,523ec8256a882b0e71e13975b207264f8b85c4980522dcbeee107db35702e9ce,800,800,http image/jpeg,137.6964,0.9725,0.0186,1.0000,29.0514
126613,180963,Rolex Submariner Ref 126613 Black Chromalight Dial,https://www.bobswatches.com/rolex-submariner-ref-126613-black-chromalight-dial.html,https://www.bobswatches.com/images/zUsed-Rolex-Submariner-126613-Black-SKU180963.jpg,126613_180963_8723dc6255.jpg,8723dc6255c2a25cdd6cc3f150a3a6dfba9fc43ff1edea81384f52f0710a9eed,1412,2160,http image/jpeg,491.4130,0.9978,0.0079,1.0000,36.1294
126613,180963,Rolex Submariner Ref 126613 Black Chromalight Dial,https://www.bobswatches.com/rolex-submariner-ref-126613-black-chromalight-dial.html,https://www.bobswatches.com/images/zUsed-Rolex-Submariner-126613-Black-Dial-SKU180963.jpg,126613_180963_8512b73653.jpg,8512b736538742ef5a819c0b9d74139f2e673c6f0717ad1a901fa159e57d552c,800,800,http image/jpeg,179.0967,0.9640,0.0159,1.0000,35.1731
126619,175158,Rolex Submariner Ref 126619 Cookie Monster,https://www.bobswatches.com/rolex-submariner-ref-126619-cookie-monster.html,https://www.bobswatches.com/images/zUsed-Rolex-Submariner-126619-Blue-Bezel-SKU175158.jpg,126619_175158_c2382ba9c9.jpg,c2382ba9c960f387c97481407b1efc4c3c27ee65cc334e73734929b9fd334901,1412,2160,http image/jpeg,489.9663,0.9953,0.0011,1.0000,36.9775
126619,175158,Rolex Submariner Ref 126619 Cookie Monster,https://www.bobswatches.com/rolex-submariner-ref-126619-cookie-monster.html,https://www.bobswatches.com/images/zUsed-White-Gold-Rolex-Submariner-126619-Blue-Bezel-SKU175158.jpg,126619_175158_11f773c93a.jpg,11f773c93a4c676c1647c741b6c1d569aca2c661eff6d426d2041dc5dfcd9742,800,800,http image/jpeg,141.1216,0.9746,0.0185,1.0000,35.3165
126710BLRO,180958,Rolex GMT-Master II Ref 126710 Pepsi,https://www.bobswatches.com/rolex-gmt-master-ii-ref-126710-pepsi.html,https://www.bobswatches.com/images/zUsed-Rolex-GMT-Master-II-Pepsi-126710-SKU180958.jpg,126710BLRO_180958_a3c9d32a97.jpg,a3c9d32a9721c9a159f32d629b333b0f3cde1231ea0cdcc04006073b39becb96,1412,2160,http image/jpeg,489.1139,0.9964,0.0026,1.0000,33.0521
126710BLNR,175691,Pre-owned Rolex GMT-Master II Ref 126710 Batgirl Jubilee,https://www.bobswatches.com/pre-owned-rolex-gmt-master-ii-ref-126710-batgirl-jubilee.html,https://www.bobswatches.com/images/zRolex-GMT-Master-II-126710-SKU175691.jpg,126710BLNR_175691_ca3e197feb.jpg,ca3e197feb3af6a4b2e198cbb4085cc5216ffd7d2e05cdfc50228ed58e825c42,1412,2160,http image/jpeg,610.7215,0.9953,0.0044,1.0000,32.8141
114060,180041,Pre-Owned Rolex Submariner 114060 Black Dial,https://www.bobswatches.com/pre-owned-rolex-submariner-114060-black-dial.html,https://www.bobswatches.com/images/zUsed-Rolex-Submariner-114060-Black-Dial-SKU180041.jpg,114060_180041_20d1bce218.jpg,20d1bce218efdd63d6495aeaefa79845efef54cb44cbccb6fddd7b39fc71bbd9,1412,2160,http image/jpeg,492.0805,0.9953,0.0005,1.0000,33.6356
116610LV,174823,Rolex Submariner 116610LV Hulk,https://www.bobswatches.com/rolex-submariner-116610lv-hulk.html,https://www.bobswatches.com/images/zUsed-Rolex-Submariner-116610-SKU174823-Hulk.jpg,116610LV_174823_40ce296768.jpg,40ce296768d353125a21ca3680c75ee0040d3cd1008663b8592981f934436592,1412,2160,http image/jpeg,614.6202,0.9984,0.0072,1.0000,33.0989
116610LV,174823,Rolex Submariner 116610LV Hulk,https://www.bobswatches.com/rolex-submariner-116610lv-hulk.html,https://www.bobswatches.com/images/zUsed-Rolex-Submariner-116610-Hulk-SKU174823.jpg,116610LV_174823_4bf3d561e9.jpg,4bf3d561e9a630a06990eaf68c17a10783d3649b930ae1e70f1667e4349e5b69,800,800,http image/jpeg,141.0313,0.9685,0.0190,1.0000,29.4988
116613,174602,Rolex Submariner Ref 116613 Diamond Dial,https://www.bobswatches.com/rolex-submariner-ref-116613-diamond-dial.html,https://www.bobswatches.com/images/zUsed-Rolex-Submariner-116613-174602.jpg,116613_174602_6bb73f60ff.jpg,6bb73f60ff16070137231d0d6e82f0816d3ad264c3b45ee694c8de43cdf8e023,1412,2160,http image/jpeg,490.7445,0.9856,0.0045,1.0000,35.2008
116613,174602,Rolex Submariner Ref 116613 Diamond Dial,https://www.bobswatches.com/rolex-submariner-ref-116613-diamond-dial.html,https://www.bobswatches.com/images/zUsed-Rolex-Submariner-116613-Black-Diamond-Dial-SKU174602s.jpg,116613_174602_1155361e0e.jpg,1155361e0ee19422f554152dbcdb09eb9a5a6bf76b96b82eeedd14ed92beb32a,800,800,http image/jpeg,136.8008,0.9902,0.0099,1.0000,25.4385
116613LN,173071,Rolex Submariner 116613LN Black Diamond Dial,https://www.bobswatches.com/rolex-submariner-116613ln-black-diamond-dial.html,https://www.bobswatches.com/images/zRolex-Submariner-116613-SKU173071.jpg,116613LN_173071_f479cd3988.jpg,f479cd398865870633194a7bcb4fd6900c1f5c0ce29126a2a1d3fa45661b90cc,1412,2160,http image/jpeg,616.7496,0.9973,0.0080,1.0000,39.7944
116613LN,173071,Rolex Submariner 116613LN Black Diamond Dial,https://www.bobswatches.com/rolex-submariner-116613ln-black-diamond-dial.html,https://www.bobswatches.com/images/z173071-Used-Rolex-Submariner-116613-Black-Diamond-Dial-SKU173071.jpg,116613LN_173071_049736d704.jpg,049736d7041fcc3f0ad39db22d56b88d6e67ffa72ca69cb7b2172b1b674d7509,800,800,http image/jpeg,137.0568,0.9652,0.0082,1.0000,34.9962
126710BLNR,175415,Rolex GMT-Master II Ref 126710 Batgirl,https://www.bobswatches.com/rolex-gmt-master-ii-ref-126710-batgirl.html,https://www.bobswatches.com/images/zUsed-Rolex-GMT-Master-II-Batgirl-126710-SKU175415.jpg,126710BLNR_175415_f1ef04266f.jpg,f1ef04266fb484d6debe41f2c6f1ee0ea87d699a2a0d423cca2be7063ff14ea3,1412,2160,http image/jpeg,490.4461,0.9959,0.0023,1.0000,35.1134
116613LN,180778,Rolex Submariner 116613LN Black Chromalight Dial,https://www.bobswatches.com/rolex-submariner-116613ln-black-chromalight-dial.html,https://www.bobswatches.com/images/zUsed-Rolex-Submariner-116613-180778.jpg,116613LN_180778_9e9e398537.jpg,9e9e39853703ed52c84270267784a00f84dbec78f3c0b8f487c0a79de3711e46,1412,2160,http image/jpeg,492.8222,0.9958,0.0014,1.0000,34.0362
116613LN,180778,Rolex Submariner 116613LN Black Chromalight Dial,https://www.bobswatches.com/rolex-submariner-116613ln-black-chromalight-dial.html,https://www.bobswatches.com/images/zUsed-Rolex-Submariner-116613-Two-Tone-Oyster-180778s.jpg,116613LN_180778_40197c9f1d.jpg,40197c9f1d9f125c90e1b3db068e80bdc5bb76b664e29d1145a9bdbf96ed779e,800,800,http image/jpeg,141.0470,0.9961,0.0072,1.0000,29.4477
116610LV,180532,Rolex Submariner 116610LV Steel Hulk,https://www.bobswatches.com/rolex-submariner-116610lv-steel-hulk.html,https://www.bobswatches.com/images/zUsed-Rolex-Submariner-116610-Green-Dial-SKU180532.jpg,116610LV_180532_0fa2a35683.jpg,0fa2a35683acb97108e7aef7b376fabc0f71df5560012b11cd4a5add9e654d98,1412,2160,http image/jpeg,493.2957,0.9982,0.0032,1.0000,35.8379
126610,174852,Rolex Submariner 126610 Factory Stickered,https://www.bobswatches.com/rolex-submariner-126610-factory-stickered.html,https://www.bobswatches.com/images/z174852-Used-Rolex-Submariner-126610-Factory-Stickered-SKU174852.jpg,126610_174852_2889765b38.jpg,2889765b386885b6ffa17f2fa073a9b009fc0cda1c89a00d0290ac63a1e95a3b,1412,2160,http image/jpeg,490.8886,0.9936,0.0028,1.0000,37.1017
126610,174852,Rolex Submariner 126610 Factory Stickered,https://www.bobswatches.com/rolex-submariner-126610-factory-stickered.html,https://www.bobswatches.com/images/zUsed-Rolex-Submariner-126610-Black-Dial-SKU174852.jpg,126610_174852_b154c4d558.jpg,b154c4d5581e3411ea27010e1fc16b24613fbb905e9a87097efecbf914f0cc3e,800,800,http image/jpeg,137.7806,0.9635,0.0122,1.0000,34.9311
126613,171971,Mens Rolex Submariner 126613 Blue,https://www.bobswatches.com/mens-rolex-submariner-126613-blue.html,https://www.bobswatches.com/images/zUsed-Rolex-Submariner-126613-SKU171971-Bluesy.jpg,126613_171971_6dbb1bcf3b.jpg,6dbb1bcf3b9cfc9683a7bf85a8a976b453baa403eeb6fcc4716684f23e93275a,1412,2160,http image/jpeg,486.5092,0.9937,0.0092,1.0000,36.9821
126613,171971,Mens Rolex Submariner 126613 Blue,https://www.bobswatches.com/mens-rolex-submariner-126613-blue.html,https://www.bobswatches.com/images/zUsed-Rolex-Submariner-126613-Blue-Dial-SKU171971.jpg,126613_171971_19c070baa6.jpg,19c070baa61c7891048ba85c93f6758a38f32b7a51fbcf4fe22bcc51786c1470,800,800,http image/jpeg,182.0377,0.9807,0.0185,1.0000,34.7540
126613,171971,Mens Rolex Submariner 126613 Blue,https://www.bobswatches.com/mens-rolex-submariner-126613-blue.html,https://www.bobswatches.com/images/zUsed-Rolex-Submariner-126613-Blue-Dial-SKU171971s.jpg,126613_171971_bf9f5383f8.jpg,bf9f5383f8d1244c597ad52351300849dafa9efc382766c9bfdc69282b1d6b33,800,800,http image/jpeg,134.6998,0.9848,0.0141,1.0000,33.3574
126710BLRO,180147,Pre-Owned Rolex GMT-Master II Ref 126710 Ceramic 'Pepsi',https://www.bobswatches.com/pre-owned-rolex-gmt-master-ii-ref-126710-ceramic-pepsi.html,https://www.bobswatches.com/images/zUsed-Rolex-GMT-Master-II-126710-Black-Chromalight-Dial-SKU180147.jpg,126710BLRO_180147_e1d64963d4.jpg,e1d64963d4aab18da1308580fda8fc2785befdb1c0a86018a15e6d9515dbd85a,1412,2160,http image/jpeg,489.1433,0.9983,0.0008,1.0000,30.5481
116610,180652,Submariner Rolex Model 116610,https://www.bobswatches.com/submariner-rolex-model-116610.html,https://www.bobswatches.com/images/zUsed-Rolex-Submariner-116610-Black-Chromalight-Dial-SKU180652.jpg,116610_180652_870d156e62.jpg,870d156e6292d2eacbf72c183b9f8a5819a1c47fd7af09d3bf5df6470b42796d,1412,2160,http image/jpeg,492.9002,0.9922,0.0060,1.0000,33.5498
116610,180652,Submariner Rolex Model 116610,https://www.bobswatches.com/submariner-rolex-model-116610.html,https://www.bobswatches.com/images/zUsed-Rolex-Submariner-116610-Black-Timing-Bezel-SKU180652.jpg,116610_180652_ece385f9f6.jpg,ece385f9f668955850de3d5e82698317295b016a89948441fcb07ae8a63e3835,800,800,http image/jpeg,144.1965,0.9637,0.0200,1.0000,34.4987
116610,180652,Submariner Rolex Model 116610,https://www.bobswatches.com/submariner-rolex-model-116610.html,https://www.bobswatches.com/images/zUsed-Rolex-Submariner-116610-Black-Chromalight-Dial-180652s.jpg,116610_180652_4eb600b1a5.jpg,4eb600b1a50cd777368223d4fcfc2b9344db46744f139bda593c551c7cec76ad,800,800,http image/jpeg,130.4274,0.9886,0.0057,1.0000,29.4364
126613LN,180472,Rolex Submariner 126613LN Stainless Steel & 18k Yellow Gold,https://www.bobswatches.com/rolex-submariner-126613ln-stainless-steel-and-18k-yellow-gold.html,https://www.bobswatches.com/images/zUsed-Rolex-Submariner-126613-Black-Dial-SKU180472.jpg,126613LN_180472_d3494f45f1.jpg,d3494f45f100d8476f3c3f4b9117612c16ec9a13d8cfefb129ad6eb0710f88aa,1412,2160,http image/jpeg,493.4140,0.9970,0.0019,1.0000,33.7045
126610LV,181136,Rolex Submariner Date 126610lv Green Ceramic,https://www.bobswatches.com/rolex-submariner-date-126610lv-green-ceramic.html,https://www.bobswatches.com/images/zUsed-Rolex-Submariner-126610-181136.jpg,126610LV_181136_cf92dbe8c0.jpg,cf92dbe8c0345892b857a3a48e30f58de3b473b419b598848272d45351fdff03,1412,2160,http image/jpeg,617.5410,0.9959,0.0114,1.0000,34.9620
126610LV,181136,Rolex Submariner Date 126610lv Green Ceramic,https://www.bobswatches.com/rolex-submariner-date-126610lv-green-ceramic.html,https://www.bobswatches.com/images/zUsed-Rolex-Submariner-126610-Starbucks-SKU181136.jpg,126610LV_181136_56721cec83.jpg,56721cec8359c7de454757fd60635182429aadcf4d02af436184c9caab9c5b09,800,800,http image/jpeg,138.5593,0.9627,0.0179,1.0000,34.0349
126618,181964,Rolex Submariner Yellow Gold 126618,https://www.bobswatches.com/rolex-submariner-yellow-gold-126618.html,https://www.bobswatches.com/images/zUsed-Rolex-Submariner-126618-SKU181964.jpg,126618_181964_918de75dd9.jpg,918de75dd91d3546df439201761bf649f775e26b9c22413d005d340d35b13e7f,1412,2160,http image/jpeg,488.0916,0.9867,0.0117,1.0000,35.4760
126618,181964,Rolex Submariner Yellow Gold 126618,https://www.bobswatches.com/rolex-submariner-yellow-gold-126618.html,https://www.bobswatches.com/images/zUsed-Rolex-Submariner-126618-Black-SKU181964.jpg,126618_181964_da058200d9.jpg,da058200d9f9c3fc2c897b6c56fe9f050c3d07e79b2d70b85009094212bc43fc,800,800,http image/jpeg,137.5082,0.9673,0.0229,1.0000,34.1219
126610,180760,Rolex Submariner 126610 Black Dial & Ceramic Bezel,https://www.bobswatches.com/rolex-submariner-126610-black-dial-and-ceramic-bezel.html,https://www.bobswatches.com/images/zUsed-Rolex-Submariner-126610-Black-Chromalight-Dial-SKU180760.jpg,126610_180760_eed6f1d35f.jpg,eed6f1d35f30d97b03d824c9440d539ec4a8c17689add9cbfc03a0b880649332,1412,2160,http image/jpeg,495.1116,0.9964,0.0036,1.0000,36.4249
126710BLRO,180306,Rolex GMT-Master II 126710BLRO Pepsi,https://www.bobswatches.com/rolex-gmt-master-ii-126710blro-pepsi.html,https://www.bobswatches.com/images/zUsed-Rolex-GMT-Master-II-126710-Black-Dial-SKU180306.jpg,126710BLRO_180306_7d2e45775a.jpg,7d2e45775a7f0140e3aa143e899b9ac5f02f0f89b3fe11c8d00b047233716b67,1412,2160,http image/jpeg,614.8176,0.9906,0.0142,1.0000,32.7398
116613,181828,Rolex Ceramic Submariner 116613 Blue Dial,https://www.bobswatches.com/rolex-ceramic-submariner-116613-blue-dial.html,https://www.bobswatches.com/images/zUsed-Rolex-Submariner-116613-SKU181828.jpg,116613_181828_a2599b7849.jpg,a2599b78490ffd9f425aa11668ccd8ffde3b880dabd588a083d3b43a17e002b3,1412,2160,http image/jpeg,489.3337,0.9889,0.0067,1.0000,33.2159
116613,181828,Rolex Ceramic Submariner 116613 Blue Dial,https://www.bobswatches.com/rolex-ceramic-submariner-116613-blue-dial.html,https://www.bobswatches.com/images/zUsed-Rolex-Submariner-116613-Blue-Dial-SKU181828.jpg,116613_181828_73ff4db1ac.jpg,73ff4db1ac9a715df6926dcfd8b235b9f231023bd4d0ba6f5fa96320bac1a6e8,800,800,http image/jpeg,136.3396,0.9669,0.0080,1.0000,30.1940
126618,171401,Rolex Submariner ref 126618 18k Yellow Gold Blue Dial,https://www.bobswatches.com/rolex-submariner-ref-126618-18k-yellow-gold-blue-dial.html,https://www.bobswatches.com/images/zUsed-Rolex-Submariner-18k-Yellow-Gold-126618-SKU171401.jpg,126618_171401_325e817a87.jpg,325e817a87fb8ac661c8a80ae7b53854d976745338e47d1b1a0efab3fc7c143f,1412,2160,http image/jpeg,487.5551,0.9976,0.0128,1.0000,35.5173
116610LV,180770,Rolex Submariner Ref 116610LV Green Chromalight Hulk,https://www.bobswatches.com/rolex-submariner-ref-116610lv-green-chromalight-hulk.html,https://www.bobswatches.com/images/z180770-Used-Rolex-Submariner-116610-Green-Hulk-SKU180770.jpg,116610LV_180770_ceb9d7fdd2.jpg,ceb9d7fdd2c269463ae44f0d0b6e260c23c1a5378aa3967ed09290bcbbc97fc2,1412,2160,http image/jpeg,485.1011,0.9761,0.0026,1.0000,33.9103
116610LV,180770,Rolex Submariner Ref 116610LV Green Chromalight Hulk,https://www.bobswatches.com/rolex-submariner-ref-116610lv-green-chromalight-hulk.html,https://www.bobswatches.com/images/z180770-Used-40mm-Rolex-Submariner-116610-Green-Hulk-SKU180770.jpg,116610LV_180770_15c2230a2d.jpg,15c2230a2dd2cefa2f72230e262f347ea47ab3c7fd2dcb0aba2f65f9c49ee973,800,800,http image/jpeg,141.0537,0.9628,0.0068,1.0000,32.8302
126710BLRO,174935,Rolex GMT-Master II ref 126710 Steel Jubilee Pepsi,https://www.bobswatches.com/rolex-gmt-master-ii-ref-126710-steel-jubilee-pepsi.html,https://www.bobswatches.com/images/zUsed-Rolex-GMT-Master-II-126710-Black-Chromalight-Dial-SKU174935.jpg,126710BLRO_174935_caa3801913.jpg,caa38019133be92397798675308ea056771bfc4294ad32af8fcc5e88d0029262,1412,2160,http image/jpeg,488.5180,0.9951,0.0016,1.0000,33.5071
126619LB,180619,Rolex Submariner 126619LB 18k White Gold,https://www.bobswatches.com/rolex-submariner-126619lb-18k-white-gold.html,https://www.bobswatches.com/images/zUsed-Rolex-Submariner-126619-Black-Chromalight-Dial-SKU180619.jpg,126619LB_180619_5546658ab3.jpg,5546658ab3c70e9fc1dba4d1c0c0a7bb6eac252abc1ba79cc17fb735ce6db231,1412,2160,http image/jpeg,491.2144,0.9986,0.0065,1.0000,36.4932
126619LB,180619,Rolex Submariner 126619LB 18k White Gold,https://www.bobswatches.com/rolex-submariner-126619lb-18k-white-gold.html,https://www.bobswatches.com/images/zUsed-Rolex-Submariner-126619-Blue-Timing-Bezel-SKU180619.jpg,126619LB_180619_98d36a6ce9.jpg,98d36a6ce9b6dc7683ef3063908948ee2e7b3646b90f8950f92784f30e2a0e25,800,800,http image/jpeg,141.9564,0.9622,0.0178,1.0000,30.9005
126710BLNR,181106,Rolex GMT-Master II Ref 126710BLNR Batman,https://www.bobswatches.com/rolex-gmt-master-ii-ref-126710blnr-batman.html,https://www.bobswatches.com/images/zUsed-Rolex-GMT-Master-II-126710-Black-Chromalight-Dial-SKU181106.jpg,126710BLNR_181106_635dfddb17.jpg,635dfddb1777b61759bcd17d748c37f9c17786081f59381238a0bd0b9ca37aa9,1412,2160,http image/jpeg,490.9195,0.9985,0.0088,1.0000,34.1028
126710BLNR,180910,"Rolex GMT-Master II Ref 126710 Oyster ""Batman""",https://www.bobswatches.com/rolex-gmt-master-ii-ref-126710-oyster-batman.html,https://www.bobswatches.com/images/zUsed-Rolex-GMT-Master-II-126710-Black-Dial-SKU180910.jpg,126710BLNR_180910_3f6c24c204.jpg,3f6c24c2044071f67bc3e212e5e17c49f4f664b60f9388fd84ebea994348808b,1500,2160,http image/jpeg,521.2392,0.9914,0.0056,1.0000,33.3417
126710BLNR,180910,"Rolex GMT-Master II Ref 126710 Oyster ""Batman""",https://www.bobswatches.com/rolex-gmt-master-ii-ref-126710-oyster-batman.html,https://www.bobswatches.com/images/zUsed-Rolex-GMT-Master-II-126710-Batman-Ceramic-Bezel-SKU180910.jpg,126710BLNR_180910_b7c15d8162.jpg,b7c15d8162de046333367e1c13725bccc28f9c49da732e94f16806c40e5ff841,800,800,http image/jpeg,139.9533,0.9673,0.0242,1.0000,36.6045
116613,172984,Rolex Submariner Ref 116613 Matte Blue Dial,https://www.bobswatches.com/rolex-submariner-ref-116613-matte-blue-dial.html,https://www.bobswatches.com/images/zUsed-Rolex-Submariner-116613-Matte-Blue-Dial-SKU172984.jpg,116613_172984_f49301471d.jpg,f49301471dfff837e02e6950b1fead1bc00c5de38328200a6abf1aa9ca86cda0,1412,2160,http image/jpeg,496.4022,0.9964,0.0069,1.0000,27.9491
116613,172984,Rolex Submariner Ref 116613 Matte Blue Dial,https://www.bobswatches.com/rolex-submariner-ref-116613-matte-blue-dial.html,https://www.bobswatches.com/images/zUsed-Rolex-Submariner-116613-Timing-Bezel-SKU172984.jpg,116613_172984_a15ff3444c.jpg,a15ff3444c6f689697a3268e927ee20dccec5bd691ec7c096714f93ef45d7e10,800,800,http image/jpeg,134.7791,0.9884,0.0203,1.0000,27.8421
116710,181711,Rolex GMT-Master II Ref 116710 Batman,https://www.bobswatches.com/rolex-gmt-master-ii-ref-116710-batman.html,https://www.bobswatches.com/images/zUsed-Rolex-GMT-Master-II-116710-SKU181711.jpg,116710_181711_08cef8eec8.jpg,08cef8eec8a4914e636f100fb32b802f07c1c5b8108cb527e1755c0346698f8c,1412,2160,http image/jpeg,489.4612,0.9960,0.0020,1.0000,33.8445
116710,181711,Rolex GMT-Master II Ref 116710 Batman,https://www.bobswatches.com/rolex-gmt-master-ii-ref-116710-batman.html,https://www.bobswatches.com/images/zUsed-Rolex-GMT-Master-II-116710-Batman-SKU181711.jpg,116710_181711_78793e2971.jpg,78793e29719dc685bc40e4bba6f8ca71e2775d6384c875134928fe06b6a0011b,800,800,http image/jpeg,142.6361,0.9686,0.0136,1.0000,31.9753
116610LV,174979,Rolex Submariner 116610LV Ceramic,https://www.bobswatches.com/rolex-submariner-116610lv-ceramic.html,https://www.bobswatches.com/images/zUsed-Rolex-Submariner-116610-Green-Dial-SKU174979.jpg,116610LV_174979_828fac8015.jpg,828fac8015f6b84816649f2a2c1b85da497d2fc3a891375854b0d3834087722d,1412,2160,http image/jpeg,616.3836,0.9959,0.0068,1.0000,36.1980
116610LV,174979,Rolex Submariner 116610LV Ceramic,https://www.bobswatches.com/rolex-submariner-116610lv-ceramic.html,https://www.bobswatches.com/images/zUsed-Rolex-Submariner-116610-Green-Timing-Bezel-SKU174979.jpg,116610LV_174979_48402cc5ab.jpg,48402cc5ab80b27ef9bcf8ee2f2c6ec012117ca7e6e29867d0ccd16551116ed9,800,800,http image/jpeg,138.7902,0.9666,0.0192,1.0000,31.7553
116710BLNR,173604,Rolex GMT-Master II Batman Bezel 116710blnr,https://www.bobswatches.com/rolex-gmt-master-ii-batman-bezel-116710blnr.html,https://www.bobswatches.com/images/z173604-Used-Rolex-GMT-Master-II-116710-SKU173604-Batman.jpg,116710BLNR_173604_84a86f776b.jpg,84a86f776b6d5d4639b9ca864f4c2cc76e7ad9415a1d87ad43792a4fc1a52dae,1412,2160,http image/jpeg,611.3497,0.9918,0.0071,1.0000,28.1083
116710BLNR,173604,Rolex GMT-Master II Batman Bezel 116710blnr,https://www.bobswatches.com/rolex-gmt-master-ii-batman-bezel-116710blnr.html,https://www.bobswatches.com/images/z173604-Used-Rolex-GMT-Master-II-116710-Batman-SKU173604.jpg,116710BLNR_173604_cd93b92b11.jpg,cd93b92b114f1f9cc29ef9a8a33601226ee9be87082a0e00ee317d3627c3022b,800,800,http image/jpeg,141.7812,0.9727,0.0101,1.0000,29.9548
116710BLNR,173604,Rolex GMT-Master II Batman Bezel 116710blnr,https://www.bobswatches.com/rolex-gmt-master-ii-batman-bezel-116710blnr.html,https://www.bobswatches.com/images/z173604-Used-Rolex-GMT-Master-II-116710-Batman-SKU173604s.jpg,116710BLNR_173604_e983b099fe.jpg,e983b099fee7eb2d6ac1334e5e1196c67497ea203775de8269c91762e5315e9b,800,800,http image/jpeg,139.7299,0.9907,0.0187,1.0000,27.4481
126613LB,181123,Rolex Submariner Date 126613LB Steel & 18k Gold,https://www.bobswatches.com/rolex-submariner-date-126613lb-steel-and-18k-gold.html,https://www.bobswatches.com/images/zUsed-Rolex-Submariner-126613-Blue-Chromalight-Dial-SKU181123.jpg,126613LB_181123_b0d02cb4a9.jpg,b0d02cb4a951a221f1541c9c95de045334f0860fcc8784fbc5dfa2f92b64741a,1412,2160,http image/jpeg,492.7813,0.9944,0.0091,1.0000,35.4148
126613LB,181123,Rolex Submariner Date 126613LB Steel & 18k Gold,https://www.bobswatches.com/rolex-submariner-date-126613lb-steel-and-18k-gold.html,https://www.bobswatches.com/images/zUsed-Rolex-Submariner-126613-Blue-Timing-Bezel-SKU181123.jpg,126613LB_181123_bf7c6a3cd7.jpg,bf7c6a3cd7b06c079978b87af6bca1cb31336c3868c9938442fcef0108d4bf25,800,800,http image/jpeg,142.1806,0.9682,0.0231,1.0000,31.9451
126710BLNR,180894,Rolex GMT-Master II Ref 126710 Batman Oyster,https://www.bobswatches.com/rolex-gmt-master-ii-ref-126710-batman-oyster.html,https://www.bobswatches.com/images/zUsed-Rolex-GMT-Master-II-126710-Black-Dial-SKU180894.jpg,126710BLNR_180894_801e56ea4e.jpg,801e56ea4efb0ababfc1fba358fb79fe0c404654b8e421dc26cb83499951f910,1412,2160,http image/jpeg,489.8075,0.9976,0.0016,1.0000,31.6043
126710BLNR,180894,Rolex GMT-Master II Ref 126710 Batman Oyster,https://www.bobswatches.com/rolex-gmt-master-ii-ref-126710-batman-oyster.html,https://www.bobswatches.com/images/zUsed-Rolex-GMT-Master-II-126710-Batman-Ceramic-Bezel-SKU180894.jpg,126710BLNR_180894_52f00a99bc.jpg,52f00a99bc0434ee6e2c7eb2221a0c144dd85400dc787be60d9cfa11bd51493a,800,800,http image/jpeg,136.8122,0.9665,0.0209,1.0000,30.7361
116610LV,174464,Rolex Submariner Ref 116610LV Green Hulk,https://www.bobswatches.com/rolex-submariner-ref-116610lv-green-hulk.html,https://www.bobswatches.com/images/zUsed-Rolex-Submariner-116610-SKU174464-Green-Hulk.jpg,116610LV_174464_6d12cbb42d.jpg,6d12cbb42da3eb0c35bdf55af6e87e73f9b1da2fa1d264001037b6debb00d4d2,1412,2160,http image/jpeg,484.2316,0.9659,0.0161,1.0000,35.0146
126710GRNR,181134,Rolex GMT-Master II ref 126710GRNR Stainless Steel Oyster,https://www.bobswatches.com/rolex-gmt-master-ii-ref-126710grnr-stainless-steel-oyster.html,https://www.bobswatches.com/images/zUsed-Rolex-GMT-Master-II-126710-Black-Chromalight-Dial-SKU181134.jpg,126710GRNR_181134_a5e421ece4.jpg,a5e421ece40562022e64b182e0906565f97fd770bf19ffbbef9ade7ee33b96a4,1412,2160,http image/jpeg,484.2789,0.9875,0.0210,1.0000,35.9831
126710GRNR,181134,Rolex GMT-Master II ref 126710GRNR Stainless Steel Oyster,https://www.bobswatches.com/rolex-gmt-master-ii-ref-126710grnr-stainless-steel-oyster.html,https://www.bobswatches.com/images/zUsed-Rolex-GMT-Master-II-126710-Bruce-Wayne-Bezel-SKU181134.jpg,126710GRNR_181134_d2cff2b310.jpg,d2cff2b31088c416c4c515daff1f6475e8e38bcdafce0be4eef97530321c03ea,800,800,http image/jpeg,143.4613,0.9726,0.0194,1.0000,31.3847
126618,171532,Rolex Submariner ref 126618 Blue Dial,https://www.bobswatches.com/rolex-submariner-ref-126618-blue-dial.html,https://www.bobswatches.com/images/zUsed-Rolex-Submariner-126618-171532.jpg,126618_171532_a11c7e7fae.jpg,a11c7e7fae6fe93cfda3e4d8253b478e4a0861460a4c5daf2160db41fd23b5a9,1412,2160,http image/jpeg,492.1908,0.9935,0.0026,1.0000,32.0980
126618,171532,Rolex Submariner ref 126618 Blue Dial,https://www.bobswatches.com/rolex-submariner-ref-126618-blue-dial.html,https://www.bobswatches.com/images/zUsed-Rolex-Submariner-126618-Yellow-Gold-SKU171532.jpg,126618_171532_af33e57bab.jpg,af33e57bab654780140c54694224d1c10ccf6d7d1013e2cdde469dfabc4e4fa4,800,800,http image/jpeg,136.7889,0.9818,0.0149,1.0000,35.9275
