photo_id,path,status,width,height,pose_reason,twelve_phase_used,dial_radius_px_edge,ellipse_ratio,tick_rms_px,ticks_used,tick_sectors,dial_radius_px,ring_usable,ring_n,ring_shift_x_px,ring_shift_y_px,ring_shift_px,ring_scale_pct,ring_rotation_deg,m12_usable,m12_reason,m12_right_px,m12_down_px,m12_raw_dx_px,m12_raw_dy_px,m12_raw_px,m12_radial_px,m12_tangential_px,m12_local_px,m12_local_radial_px,m12_local_tangential_px,m12_rotation_deg,m12_radius_err_px,m12_edge_support,m12_outline_integrity,m12_left_side_err_deg,m12_right_side_err_deg,m12_base_tilt_deg,m6_usable,m6_reason,m6_right_px,m6_down_px,m6_raw_dx_px,m6_raw_dy_px,m6_raw_px,m6_radial_px,m6_tangential_px,m6_local_px,m6_local_radial_px,m6_local_tangential_px,m6_rotation_deg,m6_radius_err_px,m6_edge_support,m6_outline_integrity,m9_usable,m9_reason,m9_right_px,m9_down_px,m9_raw_dx_px,m9_raw_dy_px,m9_raw_px,m9_radial_px,m9_tangential_px,m9_local_px,m9_local_radial_px,m9_local_tangential_px,m9_rotation_deg,m9_radius_err_px,m9_edge_support,m9_outline_integrity,m1_usable,m1_reason,m1_right_px,m1_down_px,m1_raw_dx_px,m1_raw_dy_px,m1_raw_px,m1_radial_px,m1_tangential_px,m1_local_px,m1_local_radial_px,m1_local_tangential_px,m1_rotation_deg,m1_radius_err_px,m1_edge_support,m1_outline_integrity,m2_usable,m2_reason,m2_right_px,m2_down_px,m2_raw_dx_px,m2_raw_dy_px,m2_raw_px,m2_radial_px,m2_tangential_px,m2_local_px,m2_local_radial_px,m2_local_tangential_px,m2_rotation_deg,m2_radius_err_px,m2_edge_support,m2_outline_integrity,m4_usable,m4_reason,m4_right_px,m4_down_px,m4_raw_dx_px,m4_raw_dy_px,m4_raw_px,m4_radial_px,m4_tangential_px,m4_local_px,m4_local_radial_px,m4_local_tangential_px,m4_rotation_deg,m4_radius_err_px,m4_edge_support,m4_outline_integrity,m5_usable,m5_reason,m5_right_px,m5_down_px,m5_raw_dx_px,m5_raw_dy_px,m5_raw_px,m5_radial_px,m5_tangential_px,m5_local_px,m5_local_radial_px,m5_local_tangential_px,m5_rotation_deg,m5_radius_err_px,m5_edge_support,m5_outline_integrity,m7_usable,m7_reason,m7_right_px,m7_down_px,m7_raw_dx_px,m7_raw_dy_px,m7_raw_px,m7_radial_px,m7_tangential_px,m7_local_px,m7_local_radial_px,m7_local_tangential_px,m7_rotation_deg,m7_radius_err_px,m7_edge_support,m7_outline_integrity,m8_usable,m8_reason,m8_right_px,m8_down_px,m8_raw_dx_px,m8_raw_dy_px,m8_raw_px,m8_radial_px,m8_tangential_px,m8_local_px,m8_local_radial_px,m8_local_tangential_px,m8_rotation_deg,m8_radius_err_px,m8_edge_support,m8_outline_integrity,m10_usable,m10_reason,m10_right_px,m10_down_px,m10_raw_dx_px,m10_raw_dy_px,m10_raw_px,m10_radial_px,m10_tangential_px,m10_local_px,m10_local_radial_px,m10_local_tangential_px,m10_rotation_deg,m10_radius_err_px,m10_edge_support,m10_outline_integrity,m11_usable,m11_reason,m11_right_px,m11_down_px,m11_raw_dx_px,m11_raw_dy_px,m11_raw_px,m11_radial_px,m11_tangential_px,m11_local_px,m11_local_radial_px,m11_local_tangential_px,m11_rotation_deg,m11_radius_err_px,m11_edge_support,m11_outline_integrity,ms
GEN_CAND_WEX_BLRO_01_s100_j0,scaled/GEN_CAND_WEX_BLRO_01_s100_j0.png,accepted,1500,1125,,true,140.67389,0.99624,0.16416,44,11,140.03923,true,9,0.39257,-0.06112,0.39730,0.25354,0.00259,false,hand/occluder crosses outline (clean 0.50),,,,,,,,,,,,,0.57143,0.50000,,,,true,,0.34872,0.50507,0.34287,0.50885,0.61359,0.50507,-0.34872,0.30481,0.30169,0.03702,-0.44331,,1.00000,0.86667,true,,-0.16037,0.10516,-0.16281,0.10437,0.19340,0.16037,-0.10516,0.33519,0.28278,-0.17466,-0.40639,,1.00000,1.00000,true,,0.48342,-0.33256,0.48897,-0.32906,0.58938,0.52971,0.25237,0.05964,-0.01019,-0.05861,,0.32679,1.00000,1.00000,true,,0.79298,-0.22210,0.79577,-0.21418,0.82409,0.79779,0.20415,0.15098,0.13864,0.05980,,0.29248,0.93056,0.99444,false,hand/occluder crosses outline (clean 0.50),,,,,,,,,,,,,0.68056,0.50000,true,,0.56890,0.07617,0.56728,0.08072,0.57300,0.35042,-0.45460,0.11839,-0.07738,-0.08919,,0.26859,0.94444,0.93333,true,,0.24754,-0.08182,0.24954,-0.08018,0.26211,-0.19463,-0.17347,0.26555,-0.23191,0.12722,,0.29219,1.00000,1.00000,true,,0.25587,-0.13814,0.25914,-0.13670,0.29299,-0.29066,-0.00831,0.24541,-0.20869,0.12575,,0.26172,1.00000,1.00000,true,,0.15347,-0.17840,0.15678,-0.17838,0.23748,-0.04371,0.23123,0.03693,-0.02647,-0.02522,,0.23652,0.98611,1.00000,true,,0.30387,-0.20133,0.30849,-0.19959,0.36743,0.02242,0.36383,0.12881,-0.12697,-0.01188,,0.28734,0.98611,1.00000,2570
GEN_CAND_WEX_BLRO_01_s100_j1,scaled/GEN_CAND_WEX_BLRO_01_s100_j1.png,accepted,1499,1123,,true,140.70051,0.99598,0.19830,44,11,140.15446,true,9,0.35629,-0.07155,0.36340,0.24987,0.06247,false,hand/occluder crosses outline (clean 0.53),,,,,,,,,,,,,0.52381,0.53333,,,,true,,0.10048,0.49702,0.09612,0.49821,0.50740,0.49702,-0.10048,0.33717,0.30615,0.13879,-0.40461,,1.00000,0.80000,true,,-0.16641,-0.05760,-0.16714,-0.05913,0.17728,0.16641,0.05760,0.29036,0.25663,-0.13135,-0.36993,,0.95238,1.00000,true,,0.54251,-0.26122,0.54623,-0.25835,0.60424,0.49747,0.33922,0.06225,-0.02822,-0.05535,,0.38744,1.00000,1.00000,true,,0.80253,-0.15354,0.80396,-0.14800,0.81747,0.77178,0.26830,0.14657,0.14321,0.03048,,0.35871,0.90278,0.98889,false,hand/occluder crosses outline (clean 0.49),,,,,,,,,,,,,0.63889,0.49444,true,,0.45029,0.12485,0.44856,0.12706,0.46621,0.33326,-0.32754,0.12619,-0.06500,-0.10781,,0.29476,0.95833,0.92778,true,,0.16409,-0.13787,0.16575,-0.13747,0.21534,-0.20144,-0.07317,0.25662,-0.24505,0.07299,,0.32739,1.00000,1.00000,true,,0.16464,-0.18367,0.16694,-0.18366,0.24820,-0.23442,0.07674,0.18837,-0.17514,0.06616,,0.29281,0.98611,1.00000,true,,0.22267,-0.30807,0.22663,-0.30900,0.38320,-0.03880,0.37813,0.05505,-0.05309,0.01288,,0.28226,0.98611,1.00000,true,,0.34692,-0.28285,0.35149,-0.28245,0.45092,0.07149,0.44187,0.10390,-0.09954,-0.02626,,0.34937,0.98611,1.00000,1364
GEN_CAND_WEX_BLRO_01_s100_j2,scaled/GEN_CAND_WEX_BLRO_01_s100_j2.png,accepted,1498,1124,,true,140.64163,0.99672,0.17707,44,11,140.04897,true,9,0.35865,-0.06476,0.36445,0.25387,-0.03187,false,hand/occluder crosses outline (clean 0.50),,,,,,,,,,,,,0.52381,0.50000,,,,true,,0.31692,0.54667,0.30865,0.55170,0.63217,0.54667,-0.31692,0.36255,0.34747,0.09834,0.00626,,1.00000,0.83333,true,,-0.29646,0.21440,-0.30197,0.21207,0.36900,0.29646,-0.21440,0.44914,0.38442,-0.22484,-0.05640,,1.00000,1.00000,true,,0.46202,-0.38705,0.46947,-0.38249,0.60556,0.56620,0.20660,0.03951,0.03902,-0.00412,,0.39279,0.98611,1.00000,true,,0.72669,-0.28264,0.73121,-0.27317,0.78057,0.77065,0.11857,0.15228,0.13837,0.06368,,0.34939,0.84722,0.98889,false,hand/occluder crosses outline (clean 0.49),,,,,,,,,,,,,0.66667,0.49444,true,,0.59088,-0.04285,0.59107,-0.03615,0.59217,0.25834,-0.53314,0.19587,-0.14887,-0.12651,,0.32064,0.94444,0.93333,true,,0.29466,-0.05798,0.29683,-0.05483,0.30185,-0.19754,-0.22620,0.27335,-0.24832,0.11117,,0.32543,1.00000,1.00000,true,,0.32449,-0.11744,0.32845,-0.11414,0.34771,-0.33974,-0.06054,0.31240,-0.28541,0.12101,,0.29363,0.98611,1.00000,true,,0.06045,-0.11629,0.06267,-0.11652,0.13230,0.00580,0.13094,0.04531,-0.00914,-0.04393,,0.28806,0.98611,1.00000,true,,0.23661,-0.14258,0.24050,-0.14020,0.27838,0.00517,0.27620,0.16726,-0.16558,-0.00378,,0.31433,0.98611,1.00000,1282
GEN_CAND_WEX_BLRO_01_s100_j3,scaled/GEN_CAND_WEX_BLRO_01_s100_j3.png,accepted,1497,1122,,true,140.66248,0.99597,0.19876,44,11,140.07369,true,9,0.37888,-0.06215,0.38394,0.24904,0.04238,false,hand/occluder crosses outline (clean 0.50),,,,,,,,,,,,,0.52381,0.50000,,,,true,,0.22369,0.49088,0.21867,0.49328,0.53958,0.49088,-0.22369,0.30294,0.29247,0.07510,-0.42540,,1.00000,0.86667,true,,-0.14865,-0.00031,-0.14980,-0.00158,0.14981,0.14865,0.00031,0.30110,0.26227,-0.14292,-0.35397,,1.00000,1.00000,true,,0.53583,-0.29237,0.54039,-0.28880,0.61272,0.52112,0.31786,0.06095,-0.00722,-0.06037,,0.34718,1.00000,1.00000,true,,0.81218,-0.14692,0.81366,-0.13977,0.82558,0.77683,0.27886,0.14807,0.13429,0.06242,,0.30940,0.94444,0.98889,false,hand/occluder crosses outline (clean 0.49),,,,,,,,,,,,,0.70833,0.49444,true,,0.49156,0.11512,0.48971,0.11834,0.50381,0.34548,-0.36814,0.11716,-0.07027,-0.09334,,0.27195,0.95833,0.93333,true,,0.18964,-0.11562,0.19156,-0.11484,0.22334,-0.19495,-0.10643,0.25656,-0.23368,0.10337,,0.29762,1.00000,1.00000,true,,0.20990,-0.17601,0.21291,-0.17551,0.27593,-0.26978,0.04748,0.21803,-0.19430,0.09549,,0.27246,1.00000,1.00000,true,,0.19056,-0.24680,0.19446,-0.24727,0.31457,-0.04163,0.30901,0.03737,-0.03115,-0.02000,,0.24961,0.98611,1.00000,true,,0.34341,-0.24249,0.34828,-0.24121,0.42365,0.03830,0.41865,0.11679,-0.11301,-0.02457,,0.31467,0.98611,1.00000,1206
GEN_CAND_WEX_BLRO_01_s100_j4,scaled/GEN_CAND_WEX_BLRO_01_s100_j4.png,accepted,1500,1122,,true,140.69849,0.99586,0.16544,44,11,140.00476,true,9,0.39227,-0.06006,0.39684,0.27399,-0.03095,false,hand/occluder crosses outline (clean 0.50),,,,,,,,,,,,,0.47619,0.50000,,,,true,,0.40803,0.58735,0.40033,0.59267,0.71520,0.58735,-0.40803,0.36530,0.36203,0.03914,-0.19831,,1.00000,0.83333,true,,-0.20426,0.20766,-0.20861,0.20696,0.29385,0.20426,-0.20766,0.37612,0.30468,-0.21490,-0.38392,,1.00000,1.00000,true,,0.44981,-0.39568,0.45674,-0.39223,0.60204,0.56757,0.19171,0.05291,0.00503,-0.05248,,0.33969,1.00000,1.00000,true,,0.78624,-0.30152,0.79055,-0.29269,0.84299,0.83167,0.13199,0.15939,0.14990,0.05413,,0.30721,0.87500,0.99444,false,hand/occluder crosses outline (clean 0.49),,,,,,,,,,,,,0.68056,0.49444,true,,0.61846,0.03009,0.61743,0.03602,0.61848,0.33529,-0.52056,0.14646,-0.11582,-0.08911,,0.28485,0.94444,0.93333,true,,0.28661,-0.05758,0.28867,-0.05508,0.29388,-0.19317,-0.21942,0.29524,-0.25420,0.14769,,0.30306,1.00000,1.00000,true,,0.28998,-0.09586,0.29328,-0.09341,0.30779,-0.29906,-0.06197,0.28013,-0.24086,0.13881,,0.26851,1.00000,1.00000,true,,0.09668,-0.12603,0.09915,-0.12600,0.16033,-0.02071,0.15748,0.04205,-0.02685,-0.03181,,0.24874,0.98611,1.00000,true,,0.24583,-0.18336,0.25015,-0.18171,0.30918,0.03588,0.30457,0.13802,-0.13659,-0.00395,,0.28650,0.98611,1.00000,1261
GEN_CAND_WEX_BLRO_01_s085_j0,scaled/GEN_CAND_WEX_BLRO_01_s085_j0.png,accepted,1275,956,,true,119.56245,0.99561,0.21112,45,11,119.17629,true,8,0.27151,-0.09767,0.28854,0.22702,0.00517,false,hand/occluder crosses outline (clean 0.50),,,,,,,,,,,,,0.47619,0.50000,,,,false,hand/occluder crosses outline (clean 0.63),,,,,,,,,,,,,1.00000,0.63333,true,,-0.41600,0.00830,-0.41893,0.00394,0.41895,0.41600,-0.00830,0.49855,0.48128,-0.11652,-0.33782,,1.00000,0.80000,true,,0.40397,-0.28275,0.40853,-0.27951,0.49500,0.44685,0.20847,0.01725,0.00547,0.01632,,0.38837,0.95833,0.98889,true,,0.57758,-0.21946,0.58048,-0.21364,0.61854,0.60993,0.09873,0.11448,0.10651,0.04189,,0.39111,0.86111,0.98333,false,hand/occluder crosses outline (clean 0.48),,,,,,,,,,,,,0.68056,0.47778,true,,0.41612,0.03336,0.41519,0.03694,0.41683,0.23695,-0.34369,0.07572,-0.03106,-0.06893,,0.29545,0.94444,0.91667,true,,0.15919,-0.05133,0.16028,-0.05005,0.16792,-0.12405,-0.11220,0.13779,-0.12248,0.06246,,0.35199,1.00000,1.00000,true,,0.17801,-0.08739,0.17992,-0.08607,0.19944,-0.19785,-0.01332,0.13752,-0.13426,0.02604,,0.34868,1.00000,1.00000,true,,0.16487,-0.17016,0.16790,-0.16960,0.23865,-0.05770,0.22980,0.09498,-0.09420,-0.00042,,0.31376,0.98611,1.00000,true,,0.28249,-0.15700,0.28611,-0.15482,0.32531,-0.00528,0.32314,0.18130,-0.17708,0.03089,,0.35956,0.97222,1.00000,1137
GEN_CAND_WEX_BLRO_01_s085_j1,scaled/GEN_CAND_WEX_BLRO_01_s085_j1.png,accepted,1274,955,,true,119.58220,0.99611,0.12928,45,11,119.11690,true,8,0.26657,-0.06386,0.27411,0.24511,0.03648,false,hand/occluder crosses outline (clean 0.50),,,,,,,,,,,,,0.52381,0.50000,,,,false,hand/occluder crosses outline (clean 0.60),,,,,,,,,,,,,1.00000,0.60000,true,,-0.38085,0.03116,-0.38371,0.02887,0.38479,0.38085,-0.03116,0.45572,0.42564,-0.15369,-0.16359,,1.00000,0.80000,true,,0.39346,-0.21500,0.39669,-0.21346,0.45048,0.38293,0.23324,0.05069,-0.04354,-0.02548,,0.42885,1.00000,0.98889,true,,0.59534,-0.11383,0.59665,-0.10990,0.60669,0.57250,0.19909,0.09520,0.07283,0.06135,,0.40323,0.83333,0.97778,false,hand/occluder crosses outline (clean 0.48),,,,,,,,,,,,,0.63889,0.47778,true,,0.42357,0.15233,0.42132,0.15426,0.44868,0.34370,-0.29065,0.09485,0.03028,-0.08994,,0.36767,0.95833,0.91667,true,,0.12062,-0.03559,0.12124,-0.03510,0.12622,-0.09113,-0.08666,0.14800,-0.13930,0.04879,,0.36064,1.00000,1.00000,true,,0.10418,-0.10926,0.10550,-0.10921,0.15184,-0.14485,0.04253,0.13343,-0.11982,0.05700,,0.37322,1.00000,1.00000,true,,0.17881,-0.25449,0.18197,-0.25559,0.31375,-0.02761,0.30980,0.09062,-0.06784,0.05901,,0.36499,0.98611,1.00000,true,,0.29175,-0.20674,0.29545,-0.20646,0.36044,0.03316,0.35604,0.13324,-0.12804,0.03205,,0.37086,0.98611,1.00000,1096
GEN_CAND_WEX_BLRO_01_s085_j2,scaled/GEN_CAND_WEX_BLRO_01_s085_j2.png,pose_rejected,1273,955,physical black-dial boundary could not be fitted,false,,,,0,0,,,,,,,,,,,,,,,,,,,,,,,,,,,,,,,,,,,,,,,,,,,,,,,,,,,,,,,,,,,,,,,,,,,,,,,,,,,,,,,,,,,,,,,,,,,,,,,,,,,,,,,,,,,,,,,,,,,,,,,,,,,,,,,,,,,,,,,,,,,,,,,,,,,,,,,,,,,,,,,,,,,,,,,,,,,,,,,,,,,,,,,,,,,,
GEN_CAND_WEX_BLRO_01_s085_j3,scaled/GEN_CAND_WEX_BLRO_01_s085_j3.png,accepted,1272,954,,true,119.55982,0.99593,0.17897,45,11,119.02532,true,8,0.30727,-0.05865,0.31281,0.21428,0.03074,false,hand/occluder crosses outline (clean 0.47),,,,,,,,,,,,,0.52381,0.46667,,,,false,hand/occluder crosses outline (clean 0.63),,,,,,,,,,,,,1.00000,0.63333,true,,-0.13562,0.05967,-0.13721,0.05901,0.14936,0.13562,-0.05967,0.30302,0.24869,-0.16880,-0.28526,,1.00000,0.83333,true,,0.40885,-0.22542,0.41260,-0.22300,0.46900,0.39965,0.24137,0.04684,-0.01322,-0.04480,,0.39105,0.98611,0.98889,true,,0.62838,-0.12047,0.62981,-0.11503,0.64022,0.60443,0.20986,0.11723,0.10197,0.05787,,0.41804,0.87500,0.97778,false,hand/occluder crosses outline (clean 0.48),,,,,,,,,,,,,0.66667,0.47778,true,,0.42620,0.14860,0.42381,0.15137,0.45003,0.34179,-0.29480,0.06187,0.03441,-0.05155,,0.33853,0.94444,0.91667,true,,0.13761,-0.04886,0.13859,-0.04814,0.14671,-0.11112,-0.09475,0.14326,-0.11284,0.08759,,0.34534,1.00000,1.00000,true,,0.13827,-0.12646,0.14026,-0.12620,0.18868,-0.18297,0.04038,0.13079,-0.09512,0.08856,,0.34028,1.00000,1.00000,true,,0.17834,-0.20325,0.18169,-0.20366,0.27292,-0.05282,0.26520,0.02725,-0.02587,0.00771,,0.36403,0.98611,1.00000,true,,0.31705,-0.16787,0.32112,-0.16635,0.36166,-0.01314,0.35851,0.12222,-0.12036,0.01144,,0.33897,0.98611,1.00000,1091
GEN_CAND_WEX_BLRO_01_s085_j4,scaled/GEN_CAND_WEX_BLRO_01_s085_j4.png,accepted,1275,954,,true,119.61741,0.99610,0.17783,45,11,119.08047,true,8,0.28780,-0.06614,0.29530,0.21875,-0.02636,false,hand/occluder crosses outline (clean 0.50),,,,,,,,,,,,,0.52381,0.50000,,,,false,hand/occluder crosses outline (clean 0.57),,,,,,,,,,,,,1.00000,0.56667,true,,-0.38033,0.25773,-0.38666,0.25530,0.46334,0.38033,-0.25773,0.55420,0.46952,-0.28554,-0.38898,,1.00000,0.80000,true,,0.35464,-0.25578,0.35939,-0.25276,0.43937,0.39883,0.17924,0.01923,-0.01575,0.01076,,0.40697,0.97222,0.98889,true,,0.58180,-0.19216,0.58466,-0.18548,0.61338,0.59994,0.12449,0.13643,0.10604,0.08597,,0.41000,0.84722,0.98333,false,hand/occluder crosses outline (clean 0.48),,,,,,,,,,,,,0.68056,0.47778,true,,0.51030,0.03763,0.50910,0.04259,0.51088,0.28774,-0.42312,0.09688,-0.00702,-0.09642,,0.31301,0.94444,0.91667,true,,0.21648,-0.05946,0.21816,-0.05757,0.22563,-0.15973,-0.15775,0.19663,-0.16861,0.09977,,0.34336,1.00000,1.00000,true,,0.22016,-0.09459,0.22285,-0.09281,0.24141,-0.23796,-0.02816,0.19618,-0.16752,0.09940,,0.34341,1.00000,1.00000,true,,0.14533,-0.13121,0.14828,-0.13061,0.19760,-0.06026,0.18630,0.06588,-0.05899,0.02797,,0.34229,0.98611,1.00000,true,,0.23639,-0.14151,0.24010,-0.13964,0.27775,0.00436,0.27548,0.13124,-0.12434,0.03783,,0.33170,0.98611,1.00000,1073
GEN_CAND_WEX_BLRO_01_s070_j0,scaled/GEN_CAND_WEX_BLRO_01_s070_j0.png,accepted,1050,788,,true,98.54568,0.99635,0.22711,45,11,98.04873,true,7,0.27175,-0.09781,0.28882,0.20339,0.01443,false,hand/occluder crosses outline (clean 0.50),,,,,,,,,,,,,0.57143,0.50000,,,,false,hand/occluder crosses outline (clean 0.67),,,,,,,,,,,,,1.00000,0.66667,false,hand/occluder crosses outline (clean 0.77),,,,,,,,,,,,,0.61905,0.76667,true,,0.34714,-0.22983,0.35104,-0.22737,0.41824,0.37261,0.18572,0.02101,-0.01094,-0.01787,,0.41858,0.97222,0.97778,true,,0.53614,-0.21966,0.53905,-0.21463,0.58021,0.57414,0.07784,0.12909,0.12850,0.00956,,0.40728,0.95833,0.97778,false,hand/occluder crosses outline (clean 0.47),,,,,,,,,,,,,0.63889,0.47222,true,,0.39067,0.03429,0.38970,0.03755,0.39151,0.22503,-0.32119,0.05958,0.01474,-0.05771,,0.31125,0.94444,0.91111,true,,0.07152,-0.05156,0.07238,-0.05117,0.08864,-0.08042,-0.03616,0.12936,-0.02104,0.12729,,0.32834,1.00000,0.98333,true,,0.08306,-0.08103,0.08446,-0.08079,0.11688,-0.11245,0.02864,0.05784,0.00901,0.05677,,0.34590,0.98611,0.98333,true,,0.08702,-0.13343,0.08918,-0.13384,0.16083,-0.00865,0.15906,0.08424,0.01279,-0.08247,,0.30237,0.97222,0.98333,true,,0.24174,-0.11742,0.24494,-0.11564,0.27086,-0.01918,0.26806,0.13937,-0.13306,-0.03556,,0.35257,0.98611,0.97778,1055
GEN_CAND_WEX_BLRO_01_s070_j1,scaled/GEN_CAND_WEX_BLRO_01_s070_j1.png,accepted,1049,786,,true,98.49246,0.99649,0.19265,45,11,97.98028,true,7,0.25798,-0.09102,0.27356,0.24865,0.03948,false,hand/occluder crosses outline (clean 0.53),,,,,,,,,,,,,0.57143,0.53333,,,,false,hand/occluder crosses outline (clean 0.67),,,,,,,,,,,,,1.00000,0.66667,false,hand/occluder crosses outline (clean 0.77),,,,,,,,,,,,,1.00000,0.76667,true,,0.37245,-0.22549,0.37561,-0.22389,0.43728,0.38150,0.20981,0.03245,-0.02465,-0.02093,,0.45279,0.97222,0.97778,true,,0.58400,-0.20278,0.58604,-0.19903,0.61891,0.60714,0.11639,0.14181,0.14095,0.01328,,0.44209,0.94444,0.97778,false,hand/occluder crosses outline (clean 0.47),,,,,,,,,,,,,0.65278,0.47222,true,,0.36658,0.08730,0.36521,0.08913,0.37592,0.25890,-0.27381,0.06184,0.01265,-0.06051,,0.34780,0.95833,0.90556,true,,0.02099,-0.03509,0.02133,-0.03509,0.04107,-0.04088,-0.00064,0.12449,-0.03077,0.12034,,0.37588,1.00000,0.98333,true,,0.00744,-0.07897,0.00801,-0.07938,0.07978,-0.04593,0.06467,0.06325,0.02423,0.05802,,0.27734,1.00000,0.98333,true,,0.06208,-0.19324,0.06391,-0.19473,0.20495,0.04286,0.19839,0.06844,0.02070,-0.06462,,0.34577,0.98611,0.97778,true,,0.23697,-0.14453,0.23991,-0.14390,0.27975,0.00668,0.27749,0.15191,-0.14311,-0.04557,,0.39768,0.97222,0.97778,995
GEN_CAND_WEX_BLRO_01_s070_j2,scaled/GEN_CAND_WEX_BLRO_01_s070_j2.png,accepted,1049,787,,true,98.56139,0.99624,0.16545,45,11,97.91404,true,7,0.29062,-0.10608,0.30938,0.25897,0.00280,false,hand/occluder crosses outline (clean 0.53),,,,,,,,,,,,,0.57143,0.53333,,,,false,hand/occluder crosses outline (clean 0.67),,,,,,,,,,,,,1.00000,0.66667,false,hand/occluder crosses outline (clean 0.77),,,,,,,,,,,,,1.00000,0.76667,true,,0.37864,-0.29576,0.38449,-0.29172,0.48263,0.44545,0.18004,0.01841,0.00075,-0.01832,,0.45737,0.97222,0.97778,true,,0.60709,-0.22086,0.61042,-0.21256,0.64637,0.63618,0.11228,0.13936,0.12622,0.05928,,0.44565,0.88889,0.97778,false,hand/occluder crosses outline (clean 0.48),,,,,,,,,,,,,0.61111,0.48333,true,,0.44163,0.07988,0.43989,0.08488,0.44800,0.29000,-0.34252,0.05486,0.03479,-0.04254,,0.37208,0.95833,0.90556,true,,0.11697,-0.05524,0.11849,-0.05421,0.13030,-0.10632,-0.07368,0.13875,-0.07382,0.11690,,0.35677,0.98611,0.98333,true,,0.09097,-0.06813,0.09276,-0.06752,0.11474,-0.11284,0.01352,0.06109,-0.01507,0.05874,,0.35849,0.98611,0.98333,true,,0.03886,-0.16193,0.04162,-0.16315,0.16838,0.04731,0.15967,0.09112,0.03568,-0.08282,,0.31460,0.97222,0.97778,true,,0.16328,-0.15021,0.16703,-0.14915,0.22392,0.04844,0.21651,0.14338,-0.10855,-0.09124,,0.37609,0.98611,0.97778,1032
GEN_CAND_WEX_BLRO_01_s070_j3,scaled/GEN_CAND_WEX_BLRO_01_s070_j3.png,accepted,1048,785,,true,98.48264,0.99630,0.20253,45,11,98.03238,true,7,0.26689,-0.11214,0.28949,0.23893,0.03661,false,hand/occluder crosses outline (clean 0.53),,,,,,,,,,,,,0.57143,0.53333,,,,false,hand/occluder crosses outline (clean 0.60),,,,,,,,,,,,,1.00000,0.60000,false,hand/occluder crosses outline (clean 0.77),,,,,,,,,,,,,0.80952,0.76667,true,,0.41204,-0.28513,0.41612,-0.28245,0.50292,0.45295,0.21427,0.03292,0.03143,-0.00905,,0.45337,0.97222,0.97778,true,,0.57791,-0.16176,0.57958,-0.15657,0.60035,0.58136,0.14886,0.12268,0.10460,0.06421,,0.43832,0.88889,0.97778,false,hand/occluder crosses outline (clean 0.47),,,,,,,,,,,,,0.68056,0.47222,true,,0.35235,0.03962,0.35156,0.04202,0.35406,0.21049,-0.28534,0.05181,-0.01364,-0.04987,,0.32696,0.95833,0.91111,true,,0.05909,-0.08382,0.06013,-0.08368,0.10304,-0.10214,-0.00927,0.12821,-0.06138,0.11224,,0.37521,1.00000,0.98333,true,,0.03727,-0.07578,0.03818,-0.07590,0.08496,-0.07016,0.04699,0.03970,0.02583,0.02982,,0.30637,1.00000,0.98333,true,,0.06413,-0.19470,0.06640,-0.19580,0.20675,0.04181,0.20068,0.08547,0.02384,-0.08137,,0.34211,0.98611,0.98333,true,,0.21198,-0.17547,0.21518,-0.17472,0.27718,0.04597,0.27131,0.13006,-0.11067,-0.06598,,0.38713,0.97222,0.97778,958
GEN_CAND_WEX_BLRO_01_s070_j4,scaled/GEN_CAND_WEX_BLRO_01_s070_j4.png,accepted,1050,785,,true,98.48317,0.99558,0.22714,45,11,97.93476,true,7,0.28414,-0.12611,0.31087,0.26362,-0.00002,false,hand/occluder crosses outline (clean 0.50),,,,,,,,,,,,,0.57143,0.50000,,,,false,hand/occluder crosses outline (clean 0.57),,,,,,,,,,,,,1.00000,0.56667,false,hand/occluder crosses outline (clean 0.77),,,,,,,,,,,,,0.57143,0.76667,true,,0.38114,-0.34225,0.38705,-0.33899,0.51452,0.48697,0.15895,0.03233,0.02495,-0.02023,,0.45011,0.97222,0.97778,true,,0.59927,-0.22109,0.60223,-0.21398,0.63911,0.62953,0.10816,0.13673,0.11169,0.07908,,0.42708,0.88889,0.97778,false,hand/occluder crosses outline (clean 0.48),,,,,,,,,,,,,0.66667,0.47778,true,,0.44477,0.07454,0.44333,0.07885,0.45029,0.28694,-0.34791,0.06227,0.04799,-0.03989,,0.35882,0.95833,0.91111,true,,0.11718,-0.09181,0.11904,-0.09110,0.14990,-0.13810,-0.05558,0.15691,-0.09577,0.12365,,0.37496,1.00000,0.98333,true,,0.09371,-0.08927,0.09563,-0.08887,0.13055,-0.12579,0.03046,0.06612,-0.02764,0.05958,,0.32590,1.00000,0.98889,true,,0.00951,-0.16999,0.01182,-0.17153,0.17194,0.07676,0.15197,0.11133,0.04611,-0.10018,,0.35180,0.98611,0.97778,true,,0.14166,-0.16656,0.14505,-0.16612,0.22053,0.07342,0.20596,0.14949,-0.10732,-0.10201,,0.39545,0.97222,0.97778,972
GEN_CAND_WEX_BLRO_01_s055_j0,scaled/GEN_CAND_WEX_BLRO_01_s055_j0.png,accepted,825,619,,true,77.42981,0.99641,0.20499,45,11,77.14109,true,7,0.16268,-0.05532,0.17183,0.17180,0.02163,false,hand/occluder crosses outline (clean 0.53),,,,,,,,,,,,,0.61905,0.53333,,,,false,hand/occluder crosses outline (clean 0.70),,,,,,,,,,,,,1.00000,0.70000,false,hand/occluder crosses outline (clean 0.77),,,,,,,,,,,,,0.95238,0.76667,true,,0.20471,-0.17350,0.20767,-0.17241,0.26991,0.25261,0.09053,0.04737,0.01514,-0.04464,,0.39280,1.00000,0.97778,true,,0.32796,-0.06614,0.32887,-0.06283,0.33482,0.31709,0.10670,0.06582,0.04126,0.05134,,0.36947,0.81944,0.97222,false,hand/occluder crosses outline (clean 0.49),,,,,,,,,,,,,0.66667,0.49444,true,,0.28013,0.09356,0.27842,0.09568,0.29440,0.22109,-0.19582,0.09614,0.08168,-0.05138,,0.25149,0.95833,0.91111,true,,0.04802,-0.07037,0.04902,-0.07018,0.08561,-0.08495,-0.00640,0.10305,-0.06291,0.08143,,0.29674,0.98611,0.97778,true,,0.05517,-0.10269,0.05664,-0.10276,0.11733,-0.09912,0.06134,0.07986,-0.03872,0.06936,,0.25819,0.97222,0.97222,true,,-0.02643,-0.10602,-0.02552,-0.10739,0.11038,0.07590,0.07860,0.11028,0.07968,-0.07482,,0.24319,0.95833,0.97222,true,,0.15906,-0.04553,0.16084,-0.04407,0.16676,-0.04010,0.16051,0.12157,-0.11613,-0.03128,,0.32874,0.97222,0.97778,904
GEN_CAND_WEX_BLRO_01_s055_j1,scaled/GEN_CAND_WEX_BLRO_01_s055_j1.png,pose_rejected,824,618,overlay unavailable: minute-lattice median residual too high (wrong local fit),false,,,,0,0,,,,,,,,,,,,,,,,,,,,,,,,,,,,,,,,,,,,,,,,,,,,,,,,,,,,,,,,,,,,,,,,,,,,,,,,,,,,,,,,,,,,,,,,,,,,,,,,,,,,,,,,,,,,,,,,,,,,,,,,,,,,,,,,,,,,,,,,,,,,,,,,,,,,,,,,,,,,,,,,,,,,,,,,,,,,,,,,,,,,,,,,,,,,
GEN_CAND_WEX_BLRO_01_s055_j2,scaled/GEN_CAND_WEX_BLRO_01_s055_j2.png,accepted,824,618,,true,77.43183,0.99707,0.19396,45,11,77.01874,true,7,0.15263,-0.02440,0.15456,0.27012,0.02075,false,hand/occluder crosses outline (clean 0.53),,,,,,,,,,,,,0.66667,0.53333,,,,false,hand/occluder crosses outline (clean 0.57),,,,,,,,,,,,,0.90476,0.56667,false,hand/occluder crosses outline (clean 0.77),,,,,,,,,,,,,0.85714,0.76667,true,,0.20449,-0.13727,0.20749,-0.13506,0.24758,0.22112,0.10846,0.05698,-0.04659,-0.03236,,0.41795,0.98611,0.97778,true,,0.40642,-0.15929,0.40922,-0.15394,0.43721,0.43162,0.06526,0.11887,0.11804,-0.01042,,0.42102,0.87500,0.97778,false,hand/occluder crosses outline (clean 0.52),,,,,,,,,,,,,0.62500,0.51667,true,,0.27314,0.19155,0.26936,0.19429,0.33212,0.30246,-0.14077,0.08218,0.08035,-0.01896,,0.38220,0.94444,0.90556,true,,-0.00781,0.00992,-0.00800,0.00985,0.01269,0.01250,0.00181,0.11338,-0.05798,0.09729,,0.36431,0.98611,0.97222,true,,-0.00904,-0.02288,-0.00879,-0.02310,0.02472,-0.00361,0.02433,0.06185,-0.02823,0.05467,,0.27403,0.97222,0.97222,true,,-0.06161,-0.10720,-0.06078,-0.10929,0.12505,0.10695,0.06203,0.08238,0.05601,-0.05925,,0.24401,0.95833,0.97778,true,,0.12071,-0.06332,0.12276,-0.06206,0.13756,-0.00552,0.13619,0.12697,-0.12160,-0.03096,,0.37441,0.97222,0.97222,879
GEN_CAND_WEX_BLRO_01_s055_j3,scaled/GEN_CAND_WEX_BLRO_01_s055_j3.png,accepted,823,617,,true,77.39014,0.99660,0.24987,45,11,77.05756,true,7,0.18017,-0.03562,0.18366,0.24182,0.02210,false,hand/occluder crosses outline (clean 0.53),,,,,,,,,,,,,0.61905,0.53333,,,,false,hand/occluder crosses outline (clean 0.70),,,,,,,,,,,,,1.00000,0.70000,false,hand/occluder crosses outline (clean 0.73),,,,,,,,,,,,,1.00000,0.73333,true,,0.19977,-0.13926,0.20210,-0.13830,0.24489,0.22049,0.10338,0.07809,-0.05245,-0.05748,,0.40681,0.98611,0.97778,true,,0.35547,-0.10881,0.35688,-0.10605,0.37230,0.36226,0.08350,0.03738,0.03724,0.00169,,0.39973,0.83333,0.97222,false,hand/occluder crosses outline (clean 0.53),,,,,,,,,,,,,0.72222,0.52778,true,,0.34475,0.21590,0.34149,0.21755,0.40490,0.35935,-0.19061,0.15505,0.15025,-0.04121,,0.33835,0.95833,0.90556,true,,0.05270,-0.00286,0.05295,-0.00258,0.05301,-0.02883,-0.04421,0.09022,-0.05880,0.06833,,0.33161,1.00000,0.97222,true,,0.04344,-0.08197,0.04449,-0.08209,0.09337,-0.07861,0.04927,0.10072,-0.05650,0.08276,,0.33095,0.98611,0.97222,true,,-0.00370,-0.13386,-0.00253,-0.13526,0.13528,0.07014,0.11408,0.06438,0.05539,-0.03156,,0.20570,0.97222,0.97778,true,,0.14238,-0.10378,0.14465,-0.10343,0.17782,0.01868,0.17519,0.07929,-0.07512,-0.02253,,0.37512,0.97222,0.97778,920
GEN_CAND_WEX_BLRO_01_s055_j4,scaled/GEN_CAND_WEX_BLRO_01_s055_j4.png,accepted,825,617,,true,77.39671,0.99621,0.19933,45,11,77.11758,true,7,0.15062,-0.03263,0.15412,0.19307,0.02365,false,hand/occluder crosses outline (clean 0.53),,,,,,,,,,,,,0.66667,0.53333,,,,false,hand/occluder crosses outline (clean 0.60),,,,,,,,,,,,,1.00000,0.60000,false,hand/occluder crosses outline (clean 0.77),,,,,,,,,,,,,1.00000,0.76667,true,,0.18939,-0.06067,0.19087,-0.05852,0.19964,0.14724,0.13369,0.07895,-0.07823,-0.00469,,0.39363,0.98611,0.97778,true,,0.33416,-0.12732,0.33626,-0.12367,0.35828,0.35305,0.05682,0.08686,0.08533,-0.01427,,0.38333,0.86111,0.97222,false,hand/occluder crosses outline (clean 0.53),,,,,,,,,,,,,0.65278,0.53333,true,,0.30013,0.15445,0.29720,0.15713,0.33618,0.28382,-0.18270,0.13232,0.11759,-0.06188,,0.31474,0.95833,0.90556,true,,0.02199,-0.05785,0.02284,-0.05776,0.06211,-0.06110,0.00988,0.12400,-0.07768,0.09651,,0.31992,1.00000,0.97222,true,,0.01878,-0.07605,0.01985,-0.07622,0.07876,-0.05429,0.05647,0.08139,-0.02861,0.07580,,0.27855,0.97222,0.97222,true,,-0.04427,-0.10597,-0.04335,-0.10761,0.11601,0.09133,0.06964,0.10360,0.08281,-0.06068,,0.23580,0.95833,0.97778,true,,0.13550,-0.04889,0.13724,-0.04752,0.14524,-0.02541,0.14179,0.10695,-0.10122,-0.03079,,0.36227,0.97222,0.97222,874
GEN_CAND_WEX_BLRO_01_s045_j0,scaled/GEN_CAND_WEX_BLRO_01_s045_j0.png,pose_rejected,675,506,overlay unavailable: minute-lattice median residual too high (wrong local fit),false,,,,0,0,,,,,,,,,,,,,,,,,,,,,,,,,,,,,,,,,,,,,,,,,,,,,,,,,,,,,,,,,,,,,,,,,,,,,,,,,,,,,,,,,,,,,,,,,,,,,,,,,,,,,,,,,,,,,,,,,,,,,,,,,,,,,,,,,,,,,,,,,,,,,,,,,,,,,,,,,,,,,,,,,,,,,,,,,,,,,,,,,,,,,,,,,,,,
GEN_CAND_WEX_BLRO_01_s045_j1,scaled/GEN_CAND_WEX_BLRO_01_s045_j1.png,pose_rejected,675,505,overlay unavailable: minute-lattice median residual too high (wrong local fit),false,,,,0,0,,,,,,,,,,,,,,,,,,,,,,,,,,,,,,,,,,,,,,,,,,,,,,,,,,,,,,,,,,,,,,,,,,,,,,,,,,,,,,,,,,,,,,,,,,,,,,,,,,,,,,,,,,,,,,,,,,,,,,,,,,,,,,,,,,,,,,,,,,,,,,,,,,,,,,,,,,,,,,,,,,,,,,,,,,,,,,,,,,,,,,,,,,,,
GEN_CAND_WEX_BLRO_01_s045_j2,scaled/GEN_CAND_WEX_BLRO_01_s045_j2.png,pose_rejected,674,506,overlay unavailable: minute-lattice median residual too high (wrong local fit),false,,,,0,0,,,,,,,,,,,,,,,,,,,,,,,,,,,,,,,,,,,,,,,,,,,,,,,,,,,,,,,,,,,,,,,,,,,,,,,,,,,,,,,,,,,,,,,,,,,,,,,,,,,,,,,,,,,,,,,,,,,,,,,,,,,,,,,,,,,,,,,,,,,,,,,,,,,,,,,,,,,,,,,,,,,,,,,,,,,,,,,,,,,,,,,,,,,,
GEN_CAND_WEX_BLRO_01_s045_j3,scaled/GEN_CAND_WEX_BLRO_01_s045_j3.png,pose_rejected,674,505,physical black-dial boundary could not be fitted,false,,,,0,0,,,,,,,,,,,,,,,,,,,,,,,,,,,,,,,,,,,,,,,,,,,,,,,,,,,,,,,,,,,,,,,,,,,,,,,,,,,,,,,,,,,,,,,,,,,,,,,,,,,,,,,,,,,,,,,,,,,,,,,,,,,,,,,,,,,,,,,,,,,,,,,,,,,,,,,,,,,,,,,,,,,,,,,,,,,,,,,,,,,,,,,,,,,,
GEN_CAND_WEX_BLRO_01_s045_j4,scaled/GEN_CAND_WEX_BLRO_01_s045_j4.png,pose_rejected,675,505,overlay unavailable: minute-lattice median residual too high (wrong local fit),false,,,,0,0,,,,,,,,,,,,,,,,,,,,,,,,,,,,,,,,,,,,,,,,,,,,,,,,,,,,,,,,,,,,,,,,,,,,,,,,,,,,,,,,,,,,,,,,,,,,,,,,,,,,,,,,,,,,,,,,,,,,,,,,,,,,,,,,,,,,,,,,,,,,,,,,,,,,,,,,,,,,,,,,,,,,,,,,,,,,,,,,,,,,,,,,,,,,
GEN_CAND_WEX_BLRO_02_s100_j0,scaled/GEN_CAND_WEX_BLRO_02_s100_j0.png,accepted,1500,1125,,true,155.73327,0.99517,0.21087,45,11,155.37171,true,9,0.25044,-0.12443,0.27965,0.17596,0.02397,false,hand/occluder crosses outline (clean 0.50),,,,,,,,,,,,,0.52381,0.50000,,,,true,,-0.04810,0.44239,-0.04804,0.44210,0.44470,0.44239,0.04810,0.43768,0.35976,0.24884,-0.10616,,1.00000,0.96667,true,,-0.34447,-0.13423,-0.34701,-0.13477,0.37226,0.34447,0.13423,0.39220,0.38786,-0.03867,0.03221,,1.00000,0.90000,true,,0.36326,-0.32824,0.36457,-0.33013,0.49183,0.46590,0.15047,0.05824,0.01155,-0.05681,,0.30802,1.00000,1.00000,true,,0.54562,-0.32848,0.54639,-0.32972,0.63817,0.63676,-0.01166,0.15981,0.13629,-0.08218,,0.26332,0.98611,1.00000,false,hand/occluder crosses outline (clean 0.61),,,,,,,,,,,,,0.72222,0.60556,true,,0.39805,0.06441,0.39731,0.06334,0.40233,0.25480,-0.31252,0.08831,0.01491,-0.08709,,0.23486,1.00000,1.00000,true,,0.21218,-0.21051,0.21240,-0.21112,0.29947,-0.28840,-0.07849,0.27976,-0.27847,0.02312,,0.21703,1.00000,1.00000,true,,0.27472,-0.22187,0.27554,-0.22300,0.35447,-0.34885,0.05478,0.29463,-0.29280,0.01964,,0.19589,0.98611,1.00000,true,,0.14760,-0.24849,0.14811,-0.25043,0.29095,-0.00358,0.28900,0.07208,-0.07135,0.00403,,0.20443,0.95833,1.00000,true,,0.27800,-0.14879,0.27967,-0.14983,0.31728,-0.01014,0.31515,0.21734,-0.21467,-0.01594,,0.23490,1.00000,1.00000,952
GEN_CAND_WEX_BLRO_02_s100_j1,scaled/GEN_CAND_WEX_BLRO_02_s100_j1.png,accepted,1499,1123,,true,155.83492,0.99437,0.17545,45,11,155.36735,true,9,0.27423,-0.10355,0.29313,0.19915,0.03713,false,hand/occluder crosses outline (clean 0.50),,,,,,,,,,,,,0.52381,0.50000,,,,true,,0.13826,0.44261,0.13992,0.44138,0.46302,0.44261,-0.13826,0.31654,0.31100,0.05968,-0.37858,,1.00000,0.96667,true,,-0.36270,0.03386,-0.36469,0.03557,0.36642,0.36270,-0.03386,0.45769,0.40302,-0.21191,-0.12759,,1.00000,0.80000,true,,0.42906,-0.26633,0.42950,-0.26924,0.50691,0.44518,0.23841,0.04350,-0.03166,-0.02966,,0.36742,1.00000,1.00000,true,,0.62897,-0.27144,0.62868,-0.27464,0.68606,0.68043,0.07942,0.15015,0.14066,-0.05103,,0.34304,1.00000,1.00000,false,hand/occluder crosses outline (clean 0.61),,,,,,,,,,,,,0.69444,0.60556,true,,0.35925,0.11912,0.35894,0.11683,0.37747,0.28278,-0.25156,0.04833,-0.01733,-0.04512,,0.31104,1.00000,1.00000,true,,0.12609,-0.24670,0.12515,-0.24753,0.27737,-0.27669,0.01416,0.32541,-0.30284,0.11857,,0.28199,0.98611,1.00000,true,,0.16005,-0.23843,0.15938,-0.23994,0.28805,-0.25782,0.12646,0.24067,-0.22104,0.09325,,0.26689,1.00000,1.00000,true,,0.18760,-0.28209,0.18725,-0.28490,0.34093,-0.02142,0.33809,0.09272,-0.08667,0.03092,,0.28696,0.97222,1.00000,true,,0.31252,-0.24789,0.31331,-0.25087,0.40138,0.05842,0.39459,0.14786,-0.14446,0.02449,,0.30736,1.00000,1.00000,1016
GEN_CAND_WEX_BLRO_02_s100_j2,scaled/GEN_CAND_WEX_BLRO_02_s100_j2.png,accepted,1498,1124,,true,155.80520,0.99570,0.16258,45,11,155.26227,true,9,0.27194,-0.12412,0.29893,0.20192,-0.02146,false,hand/occluder crosses outline (clean 0.50),,,,,,,,,,,,,0.52381,0.50000,,,,true,,0.16660,0.44630,0.16521,0.44644,0.47603,0.44630,-0.16660,0.36570,0.33396,0.14809,-0.10986,,1.00000,0.96667,true,,-0.39832,0.08979,-0.40122,0.08917,0.41102,0.39832,-0.08979,0.46763,0.43236,-0.17027,-0.04054,,1.00000,0.86667,true,,0.36061,-0.45835,0.36358,-0.45984,0.58621,0.57725,0.08312,0.09034,0.07931,-0.04192,,0.37447,1.00000,1.00000,true,,0.58931,-0.35538,0.59121,-0.35460,0.68940,0.68805,-0.01311,0.13689,0.13653,0.00650,,0.33937,1.00000,1.00000,false,hand/occluder crosses outline (clean 0.61),,,,,,,,,,,,,0.70833,0.60556,true,,0.45767,0.00592,0.45698,0.00637,0.45702,0.23396,-0.39340,0.06927,-0.04851,-0.04944,,0.31541,1.00000,1.00000,true,,0.27125,-0.17526,0.27246,-0.17524,0.32395,-0.28740,-0.14728,0.30830,-0.29911,0.07229,,0.28184,1.00000,1.00000,true,,0.31416,-0.17824,0.31616,-0.17836,0.36300,-0.36119,-0.00272,0.32888,-0.31932,0.07220,,0.26929,1.00000,1.00000,true,,0.05769,-0.19317,0.05841,-0.19459,0.20316,0.04663,0.19613,0.03623,-0.03590,0.00028,,0.27426,0.98611,1.00000,true,,0.18085,-0.10700,0.18237,-0.10711,0.21150,0.00224,0.21012,0.23062,-0.22492,-0.03930,,0.29649,0.98611,1.00000,1029
GEN_CAND_WEX_BLRO_02_s100_j3,scaled/GEN_CAND_WEX_BLRO_02_s100_j3.png,accepted,1497,1122,,true,155.79549,0.99559,0.19498,45,11,155.31737,true,9,0.25375,-0.12447,0.28263,0.19523,0.05308,false,hand/occluder crosses outline (clean 0.50),,,,,,,,,,,,,0.52381,0.50000,,,,true,,-0.10604,0.42001,-0.10528,0.42027,0.43326,0.42001,0.10604,0.40258,0.31445,0.25069,-0.29762,,1.00000,0.96667,true,,-0.40069,-0.17685,-0.40414,-0.17699,0.44120,0.40069,0.17685,0.43140,0.42503,-0.05523,-0.04656,,1.00000,0.90000,true,,0.46154,-0.31782,0.46248,-0.32021,0.56251,0.50601,0.24079,0.04296,0.02601,-0.03384,,0.32351,1.00000,1.00000,true,,0.62549,-0.29763,0.62558,-0.29968,0.69365,0.69050,0.05499,0.18299,0.16296,-0.08175,,0.29299,1.00000,1.00000,false,hand/occluder crosses outline (clean 0.61),,,,,,,,,,,,,0.68056,0.60556,true,,0.35007,0.11587,0.34961,0.11427,0.36781,0.27538,-0.24524,0.08161,0.00914,-0.08112,,0.25404,1.00000,1.00000,true,,0.13181,-0.23466,0.13145,-0.23543,0.26964,-0.26913,0.00318,0.28589,-0.28206,0.04388,,0.22572,1.00000,1.00000,true,,0.22159,-0.25037,0.22176,-0.25198,0.33567,-0.31709,0.10603,0.28389,-0.28248,0.00884,,0.21336,1.00000,1.00000,true,,0.17102,-0.27541,0.17123,-0.27788,0.32640,-0.01040,0.32402,0.10364,-0.09920,-0.02647,,0.22980,0.97222,1.00000,true,,0.33240,-0.19807,0.33409,-0.20002,0.38939,0.00534,0.38691,0.22382,-0.22136,-0.01114,,0.25466,1.00000,1.00000,934
GEN_CAND_WEX_BLRO_02_s100_j4,scaled/GEN_CAND_WEX_BLRO_02_s100_j4.png,accepted,1500,1122,,true,155.90143,0.99520,0.19603,45,11,155.31668,true,9,0.25728,-0.12751,0.28715,0.18258,-0.00980,false,hand/occluder crosses outline (clean 0.50),,,,,,,,,,,,,0.52381,0.50000,,,,true,,0.06583,0.44542,0.06515,0.44510,0.44984,0.44542,-0.06583,0.41616,0.35855,0.21063,-0.09700,,1.00000,0.96667,true,,-0.35882,-0.02902,-0.36127,-0.02959,0.36248,0.35882,0.02902,0.41124,0.40109,-0.07817,-0.02181,,1.00000,0.86667,true,,0.31300,-0.37960,0.31492,-0.38148,0.49468,0.48524,0.08126,0.05821,0.01633,-0.05556,,0.32427,1.00000,1.00000,true,,0.54323,-0.37436,0.54474,-0.37496,0.66131,0.65763,-0.05259,0.15024,0.14146,-0.04898,,0.27726,0.95833,1.00000,false,hand/occluder crosses outline (clean 0.60),,,,,,,,,,,,,0.72222,0.60000,true,,0.47202,0.02728,0.47115,0.02686,0.47192,0.25964,-0.39514,0.08855,0.01115,-0.08787,,0.25051,1.00000,1.00000,true,,0.27022,-0.19647,0.27101,-0.19685,0.33496,-0.30526,-0.13578,0.30106,-0.29735,0.04423,,0.23513,1.00000,1.00000,true,,0.29984,-0.19536,0.30128,-0.19604,0.35944,-0.35734,0.01927,0.30913,-0.30217,0.05885,,0.21606,1.00000,1.00000,true,,0.09531,-0.19508,0.09593,-0.19654,0.21870,0.01500,0.21660,0.05761,-0.05708,-0.00021,,0.21897,0.97222,1.00000,true,,0.20245,-0.11048,0.20392,-0.11094,0.23214,-0.00554,0.23057,0.22286,-0.21805,-0.03351,,0.24555,1.00000,1.00000,982
GEN_CAND_WEX_BLRO_02_s085_j0,scaled/GEN_CAND_WEX_BLRO_02_s085_j0.png,accepted,1275,956,,true,132.46505,0.99562,0.16672,45,11,131.95472,true,9,0.20669,-0.13082,0.24461,0.25509,0.00611,false,hand/occluder crosses outline (clean 0.50),,,,,,,,,,,,,0.52381,0.50000,,,,true,,0.15359,0.33742,0.15378,0.33694,0.37038,0.33742,-0.15359,0.21758,0.21350,0.04201,-0.11992,,1.00000,0.90000,true,,-0.54231,0.04238,-0.54567,0.04276,0.54734,0.54231,-0.04238,0.53016,0.49437,-0.18325,-0.02655,,1.00000,0.80000,true,,0.36468,-0.39873,0.36592,-0.40106,0.54291,0.52765,0.11645,0.03934,0.03815,-0.00845,,0.40407,1.00000,0.99444,true,,0.60012,-0.32196,0.60075,-0.32300,0.68208,0.68069,0.02124,0.16475,0.16339,0.01948,,0.38744,1.00000,0.98889,false,hand/occluder crosses outline (clean 0.60),,,,,,,,,,,,,0.72222,0.60000,true,,0.36504,0.00183,0.36444,0.00110,0.36444,0.18411,-0.31522,0.11504,-0.07979,-0.08294,,0.39262,1.00000,1.00000,true,,0.06576,-0.18786,0.06561,-0.18816,0.19927,-0.19557,0.03698,0.28916,-0.25325,0.13902,,0.32314,1.00000,1.00000,true,,0.07756,-0.16100,0.07753,-0.16166,0.17928,-0.14767,0.10065,0.19519,-0.17754,0.07953,,0.31689,0.98611,1.00000,true,,0.09323,-0.18803,0.09343,-0.18952,0.21130,0.01327,0.20945,0.14931,-0.14684,-0.01789,,0.33202,1.00000,1.00000,true,,0.18234,-0.19942,0.18323,-0.20100,0.27198,0.08153,0.25762,0.20379,-0.20174,0.00247,,0.33003,1.00000,1.00000,911
GEN_CAND_WEX_BLRO_02_s085_j1,scaled/GEN_CAND_WEX_BLRO_02_s085_j1.png,accepted,1274,955,,true,132.49507,0.99681,0.13989,45,11,131.94400,true,9,0.21277,-0.08755,0.23008,0.25581,0.03630,false,hand/occluder crosses outline (clean 0.50),,,,,,,,,,,,,0.52381,0.50000,,,,true,,0.00807,0.46223,0.00979,0.46242,0.46252,0.46223,-0.00807,0.32633,0.29360,0.14134,-0.03152,,1.00000,0.96667,true,,-0.56394,-0.00507,-0.56770,-0.00272,0.56771,0.56394,0.00507,0.54456,0.52161,-0.14430,-0.03174,,1.00000,0.80000,true,,0.39062,-0.26620,0.39091,-0.26919,0.47463,0.42585,0.20519,0.02985,-0.02944,-0.00371,,0.44740,1.00000,1.00000,true,,0.62820,-0.26104,0.62779,-0.26438,0.68119,0.67455,0.08803,0.17382,0.17303,-0.01151,,0.42629,1.00000,0.98333,false,hand/occluder crosses outline (clean 0.61),,,,,,,,,,,,,0.70833,0.61111,true,,0.36365,0.09904,0.36335,0.09682,0.37603,0.26760,-0.26541,0.11299,-0.03833,-0.10618,,0.36534,1.00000,1.00000,true,,0.13828,-0.20600,0.13765,-0.20722,0.24877,-0.24754,-0.01676,0.34636,-0.34093,0.05623,,0.37268,1.00000,1.00000,true,,0.08680,-0.17912,0.08622,-0.18035,0.19990,-0.16473,0.11172,0.22590,-0.21189,0.07535,,0.33458,1.00000,1.00000,true,,0.13782,-0.22086,0.13758,-0.22328,0.26226,-0.00892,0.26017,0.14403,-0.14232,0.01127,,0.37147,1.00000,1.00000,true,,0.20174,-0.20342,0.20211,-0.20591,0.28853,0.07530,0.27642,0.17025,-0.16746,-0.01872,,0.37879,1.00000,1.00000,1259
GEN_CAND_WEX_BLRO_02_s085_j2,scaled/GEN_CAND_WEX_BLRO_02_s085_j2.png,accepted,1273,955,,true,132.41720,0.99639,0.13807,45,11,132.02074,true,8,0.21103,-0.12055,0.24304,0.20029,-0.01424,false,hand/occluder crosses outline (clean 0.47),,,,,,,,,,,,,0.52381,0.46667,,,,false,hand/occluder crosses outline (clean 0.73),,,,,,,,,,,,,1.00000,0.73333,true,,-0.55535,0.10208,-0.55857,0.10103,0.56763,0.55535,-0.10208,0.60246,0.56582,-0.19804,-0.11882,,1.00000,0.83333,true,,0.32368,-0.28319,0.32599,-0.28388,0.43227,0.40709,0.13872,0.04737,-0.01746,0.04375,,0.43142,1.00000,0.98889,true,,0.48411,-0.27104,0.48595,-0.27051,0.55617,0.55477,0.00732,0.10319,0.09750,0.03346,,0.43631,1.00000,0.98333,false,hand/occluder crosses outline (clean 0.59),,,,,,,,,,,,,0.72222,0.59444,true,,0.43108,0.02142,0.43011,0.02192,0.43067,0.23409,-0.36262,0.09536,0.01864,-0.09361,,0.44263,1.00000,1.00000,true,,0.16154,-0.12147,0.16205,-0.12121,0.20237,-0.18596,-0.07916,0.20334,-0.19127,0.06912,,0.39677,0.97222,1.00000,true,,0.15111,-0.14062,0.15187,-0.14065,0.20699,-0.20117,0.04622,0.18909,-0.17375,0.07340,,0.37698,1.00000,1.00000,true,,0.07386,-0.19041,0.07457,-0.19164,0.20564,0.03124,0.20182,0.06535,-0.06206,0.01886,,0.37623,1.00000,1.00000,true,,0.21198,-0.14217,0.21366,-0.14256,0.25685,0.01714,0.25467,0.20295,-0.19727,0.03898,,0.36460,1.00000,1.00000,880
GEN_CAND_WEX_BLRO_02_s085_j3,scaled/GEN_CAND_WEX_BLRO_02_s085_j3.png,accepted,1272,954,,true,132.47823,0.99745,0.17349,45,11,131.92510,true,9,0.22857,-0.11086,0.25404,0.22647,0.03415,false,hand/occluder crosses outline (clean 0.47),,,,,,,,,,,,,0.52381,0.46667,,,,true,,0.01821,0.37638,0.01885,0.37671,0.37718,0.37638,-0.01821,0.30154,0.26047,0.15059,0.04186,,1.00000,0.96667,true,,-0.48459,-0.02753,-0.48785,-0.02643,0.48857,0.48459,0.02753,0.51049,0.48716,-0.14155,-0.11977,,1.00000,0.86667,true,,0.39006,-0.26340,0.39080,-0.26576,0.47260,0.42314,0.20610,0.02897,-0.02878,-0.00057,,0.40989,1.00000,1.00000,true,,0.61920,-0.22439,0.61923,-0.22658,0.65938,0.64844,0.11528,0.15667,0.15314,0.03227,,0.39000,1.00000,0.98889,false,hand/occluder crosses outline (clean 0.61),,,,,,,,,,,,,0.72222,0.61111,true,,0.38493,0.06592,0.38444,0.06423,0.38977,0.24956,-0.30040,0.11267,-0.01237,-0.11186,,0.33510,1.00000,1.00000,true,,0.19338,-0.24401,0.19326,-0.24547,0.31242,-0.30801,-0.04547,0.34448,-0.34177,0.03337,,0.34305,1.00000,1.00000,true,,0.15377,-0.22907,0.15376,-0.23073,0.27727,-0.24770,0.12149,0.25140,-0.23810,0.07666,,0.29267,1.00000,1.00000,true,,0.11497,-0.25768,0.11490,-0.26019,0.28443,0.02927,0.28064,0.07182,-0.07082,0.00764,,0.33148,1.00000,1.00000,true,,0.20027,-0.19404,0.20105,-0.19611,0.28085,0.06791,0.27046,0.16411,-0.15585,-0.04591,,0.34857,0.98611,1.00000,926
GEN_CAND_WEX_BLRO_02_s085_j4,scaled/GEN_CAND_WEX_BLRO_02_s085_j4.png,accepted,1275,954,,true,132.43021,0.99650,0.15439,45,11,131.97869,true,9,0.19593,-0.12351,0.23161,0.22710,-0.00511,false,hand/occluder crosses outline (clean 0.50),,,,,,,,,,,,,0.52381,0.50000,,,,true,,0.11852,0.32583,0.11808,0.32592,0.34665,0.32583,-0.11852,0.23887,0.22271,0.08564,-0.10728,,1.00000,0.90000,true,,-0.52505,0.00485,-0.52834,0.00412,0.52835,0.52505,-0.00485,0.51111,0.49399,-0.11915,-0.09234,,1.00000,0.80000,true,,0.32567,-0.34288,0.32738,-0.34452,0.47526,0.45978,0.11060,0.01739,0.01184,0.01267,,0.40595,1.00000,1.00000,true,,0.55983,-0.32180,0.56102,-0.32216,0.64694,0.64573,0.00122,0.17279,0.17141,0.01986,,0.38069,1.00000,0.98889,false,hand/occluder crosses outline (clean 0.61),,,,,,,,,,,,,0.70833,0.60556,true,,0.39127,-0.03481,0.39075,-0.03493,0.39231,0.16548,-0.35625,0.13507,-0.06906,-0.11598,,0.38142,0.98611,1.00000,true,,0.12317,-0.17990,0.12353,-0.18025,0.21852,-0.21738,-0.01672,0.27610,-0.25667,0.10035,,0.32399,1.00000,1.00000,true,,0.12587,-0.14812,0.12639,-0.14869,0.19515,-0.18306,0.06534,0.20756,-0.19597,0.06585,,0.31839,0.98611,1.00000,true,,0.06265,-0.17647,0.06300,-0.17789,0.18871,0.03398,0.18415,0.10362,-0.10213,-0.01060,,0.32359,1.00000,1.00000,true,,0.14225,-0.11380,0.14321,-0.11446,0.18333,0.02743,0.18009,0.23134,-0.22525,-0.04104,,0.33465,0.98611,1.00000,873
GEN_CAND_WEX_BLRO_02_s070_j0,scaled/GEN_CAND_WEX_BLRO_02_s070_j0.png,accepted,1050,788,,true,109.19328,0.99712,0.24354,45,11,108.63153,true,9,0.14541,-0.04673,0.15273,0.24046,0.03842,false,hand/occluder crosses outline (clean 0.50),,,,,,,,,,,,,0.57143,0.50000,,,,true,,-0.37603,0.42414,-0.37608,0.42518,0.56764,0.42414,0.37603,0.54099,0.27329,0.46601,-0.00553,,0.85714,0.80000,true,,-0.31901,0.15813,-0.32091,0.15951,0.35836,0.31901,-0.15813,0.37451,0.26676,-0.25952,-0.13996,,1.00000,0.83333,true,,0.29054,-0.26909,0.29175,-0.27107,0.39824,0.37831,0.11707,0.07006,0.05332,-0.04451,,0.41935,1.00000,0.98333,true,,0.48783,-0.25710,0.48853,-0.25837,0.55265,0.55103,0.02126,0.20343,0.18995,-0.07027,,0.38744,0.98611,0.98333,false,hand/occluder crosses outline (clean 0.61),,,,,,,,,,,,,0.70833,0.61111,true,,0.33561,0.09136,0.33486,0.09037,0.34684,0.24693,-0.24497,0.15544,0.00229,-0.15542,,0.38294,1.00000,0.98889,true,,0.13559,-0.13496,0.13577,-0.13553,0.19184,-0.18468,-0.04995,0.28507,-0.28432,-0.00678,,0.40191,1.00000,1.00000,true,,0.09217,-0.14255,0.09232,-0.14334,0.17050,-0.15109,0.07737,0.22153,-0.21464,0.05048,,0.29748,1.00000,0.99444,true,,0.06748,-0.19100,0.06756,-0.19289,0.20438,0.03706,0.19915,0.07852,-0.07288,0.02727,,0.32061,1.00000,0.98889,true,,0.18423,-0.11165,0.18548,-0.11265,0.21701,0.00458,0.21537,0.17760,-0.17542,0.00740,,0.37423,0.98611,0.98889,1026
GEN_CAND_WEX_BLRO_02_s070_j1,scaled/GEN_CAND_WEX_BLRO_02_s070_j1.png,accepted,1049,786,,true,109.19393,0.99769,0.17724,45,11,108.66971,true,8,0.19042,-0.11255,0.22120,0.20248,0.01150,false,hand/occluder crosses outline (clean 0.47),,,,,,,,,,,,,0.61905,0.46667,,,,false,hand/occluder crosses outline (clean 0.57),,,,,,,,,,,,,1.00000,0.56667,true,,-0.33778,0.05083,-0.33967,0.05248,0.34370,0.33778,-0.05083,0.40591,0.36200,-0.17863,-0.21250,,0.95238,0.83333,true,,0.31344,-0.27584,0.31354,-0.27860,0.41943,0.39561,0.13352,0.02614,0.02516,0.00660,,0.42258,1.00000,0.98333,true,,0.47641,-0.23259,0.47611,-0.23510,0.53099,0.52888,0.03678,0.13124,0.12951,0.02029,,0.42955,0.94444,0.98333,false,hand/occluder crosses outline (clean 0.61),,,,,,,,,,,,,0.73611,0.60556,true,,0.28618,0.05636,0.28584,0.05466,0.29102,0.19190,-0.21966,0.02205,0.01429,-0.01685,,0.44076,0.98611,0.98889,true,,0.07553,-0.16496,0.07487,-0.16554,0.18168,-0.18063,0.01707,0.20008,-0.16787,0.10854,,0.37661,1.00000,1.00000,true,,0.09925,-0.13604,0.09891,-0.13702,0.16899,-0.15397,0.06819,0.12304,-0.11229,0.04924,,0.38095,0.98611,0.99444,true,,0.08420,-0.17448,0.08376,-0.17622,0.19511,0.01432,0.19320,0.05819,-0.05533,-0.01612,,0.38364,1.00000,0.98889,true,,0.21353,-0.13519,0.21430,-0.13695,0.25432,0.01031,0.25252,0.17212,-0.16977,0.01426,,0.34763,1.00000,0.98889,790
GEN_CAND_WEX_BLRO_02_s070_j2,scaled/GEN_CAND_WEX_BLRO_02_s070_j2.png,accepted,1049,787,,true,109.19446,0.99689,0.17758,45,11,108.71463,true,8,0.19478,-0.11984,0.22870,0.21239,-0.02535,false,hand/occluder crosses outline (clean 0.50),,,,,,,,,,,,,0.61905,0.50000,,,,false,hand/occluder crosses outline (clean 0.57),,,,,,,,,,,,,1.00000,0.56667,true,,-0.38501,0.21404,-0.38800,0.21419,0.44320,0.38501,-0.21404,0.50519,0.40449,-0.29766,-0.26643,,1.00000,0.80000,true,,0.29995,-0.32939,0.30221,-0.33018,0.44760,0.43523,0.09507,0.05383,0.04677,0.02627,,0.44060,1.00000,0.97778,true,,0.45593,-0.26946,0.45738,-0.26874,0.53049,0.52958,-0.00540,0.12114,0.11407,0.04065,,0.46167,1.00000,0.98333,false,hand/occluder crosses outline (clean 0.59),,,,,,,,,,,,,0.75000,0.58889,true,,0.34531,0.00148,0.34480,0.00186,0.34481,0.17394,-0.29831,0.03212,-0.00678,-0.03139,,0.44559,1.00000,0.98333,true,,0.13223,-0.14440,0.13296,-0.14444,0.19633,-0.19117,-0.04231,0.20682,-0.17806,0.10467,,0.37297,0.95833,1.00000,true,,0.12905,-0.15216,0.12999,-0.15250,0.20038,-0.18784,0.06725,0.17872,-0.14768,0.09939,,0.36870,0.98611,0.99444,true,,0.04913,-0.18031,0.04977,-0.18163,0.18833,0.04761,0.18072,0.03767,-0.03217,0.01902,,0.36115,1.00000,0.98889,true,,0.16762,-0.12299,0.16909,-0.12329,0.20926,0.02270,0.20666,0.17457,-0.17193,0.01792,,0.40836,1.00000,0.98889,755
GEN_CAND_WEX_BLRO_02_s070_j3,scaled/GEN_CAND_WEX_BLRO_02_s070_j3.png,accepted,1048,785,,true,109.11866,0.99672,0.23667,45,11,108.63906,true,8,0.19899,-0.10316,0.22415,0.21391,0.01664,false,hand/occluder crosses outline (clean 0.47),,,,,,,,,,,,,0.57143,0.46667,,,,false,hand/occluder crosses outline (clean 0.67),,,,,,,,,,,,,0.52381,0.66667,true,,-0.36805,0.02043,-0.37064,0.02139,0.37126,0.36805,-0.02043,0.42045,0.39120,-0.14654,0.07363,,1.00000,0.83333,true,,0.33613,-0.25251,0.33685,-0.25445,0.42215,0.38675,0.16485,0.02092,0.00996,0.01833,,0.38554,1.00000,0.98333,true,,0.52837,-0.20362,0.52843,-0.20514,0.56686,0.55939,0.08785,0.15615,0.14735,0.05147,,0.45849,0.98611,0.97778,false,hand/occluder crosses outline (clean 0.58),,,,,,,,,,,,,0.75000,0.58333,true,,0.29835,0.06311,0.29791,0.06176,0.30424,0.20383,-0.22682,0.02960,0.00421,-0.02931,,0.38794,1.00000,0.98889,true,,0.11030,-0.14023,0.11017,-0.14085,0.17882,-0.17659,-0.02540,0.19106,-0.17758,0.06983,,0.36903,1.00000,1.00000,true,,0.08348,-0.16300,0.08327,-0.16390,0.18384,-0.15380,0.09942,0.14694,-0.11952,0.08451,,0.33094,1.00000,0.99444,true,,0.08865,-0.15613,0.08872,-0.15760,0.18085,0.00129,0.17953,0.07564,-0.06672,-0.03400,,0.38007,1.00000,0.98889,true,,0.18557,-0.12680,0.18653,-0.12808,0.22627,0.01703,0.22411,0.16472,-0.16112,-0.02469,,0.33422,0.98611,0.98889,844
GEN_CAND_WEX_BLRO_02_s070_j4,scaled/GEN_CAND_WEX_BLRO_02_s070_j4.png,accepted,1050,785,,true,109.11609,0.99697,0.20899,45,11,108.71124,true,8,0.20069,-0.12300,0.23538,0.19038,-0.01362,false,hand/occluder crosses outline (clean 0.50),,,,,,,,,,,,,0.57143,0.50000,,,,false,hand/occluder crosses outline (clean 0.67),,,,,,,,,,,,,1.00000,0.66667,true,,-0.30461,-0.00186,-0.30654,-0.00234,0.30655,0.30461,0.00186,0.36487,0.34834,-0.10148,-0.10787,,1.00000,0.80000,true,,0.30209,-0.27740,0.30355,-0.27826,0.41179,0.39128,0.12292,0.03629,0.01665,0.03214,,0.41263,1.00000,0.97778,true,,0.46019,-0.27467,0.46118,-0.27465,0.53677,0.53587,-0.00778,0.13457,0.13300,0.01962,,0.42491,1.00000,0.98333,false,hand/occluder crosses outline (clean 0.60),,,,,,,,,,,,,0.73611,0.60000,true,,0.31448,0.00185,0.31399,0.00178,0.31399,0.15884,-0.27142,0.01605,-0.00299,-0.01577,,0.37529,1.00000,0.98889,true,,0.15525,-0.13961,0.15567,-0.13974,0.20919,-0.19853,-0.06464,0.17437,-0.16035,0.06816,,0.38450,0.98611,1.00000,true,,0.12124,-0.10883,0.12177,-0.10911,0.16350,-0.15942,0.03363,0.10509,-0.09299,0.04825,,0.33636,1.00000,1.00000,true,,0.06133,-0.11476,0.06170,-0.11550,0.13095,0.00427,0.13005,0.07670,-0.05217,-0.05534,,0.36442,1.00000,0.98889,true,,0.17767,-0.11396,0.17886,-0.11437,0.21230,0.00986,0.21084,0.16637,-0.16475,-0.00279,,0.33506,1.00000,0.98889,767
GEN_CAND_WEX_BLRO_02_s055_j0,scaled/GEN_CAND_WEX_BLRO_02_s055_j0.png,pose_rejected,825,619,overlay unavailable: minute-lattice median residual too high (wrong local fit),false,,,,0,0,,,,,,,,,,,,,,,,,,,,,,,,,,,,,,,,,,,,,,,,,,,,,,,,,,,,,,,,,,,,,,,,,,,,,,,,,,,,,,,,,,,,,,,,,,,,,,,,,,,,,,,,,,,,,,,,,,,,,,,,,,,,,,,,,,,,,,,,,,,,,,,,,,,,,,,,,,,,,,,,,,,,,,,,,,,,,,,,,,,,,,,,,,,,
GEN_CAND_WEX_BLRO_02_s055_j1,scaled/GEN_CAND_WEX_BLRO_02_s055_j1.png,pose_rejected,824,618,overlay unavailable: minute-lattice median residual too high (wrong local fit),false,,,,0,0,,,,,,,,,,,,,,,,,,,,,,,,,,,,,,,,,,,,,,,,,,,,,,,,,,,,,,,,,,,,,,,,,,,,,,,,,,,,,,,,,,,,,,,,,,,,,,,,,,,,,,,,,,,,,,,,,,,,,,,,,,,,,,,,,,,,,,,,,,,,,,,,,,,,,,,,,,,,,,,,,,,,,,,,,,,,,,,,,,,,,,,,,,,,
GEN_CAND_WEX_BLRO_02_s055_j2,scaled/GEN_CAND_WEX_BLRO_02_s055_j2.png,accepted,824,618,,true,85.78006,0.99737,0.23740,45,11,85.54095,true,9,0.10208,-0.06124,0.11904,0.15252,0.01751,false,hand/occluder crosses outline (clean 0.53),,,,,,,,,,,,,0.61905,0.53333,,,,true,,0.07493,0.15392,0.07441,0.15379,0.17084,0.15392,-0.07493,0.11680,0.11675,0.00697,-0.12192,,1.00000,0.93333,true,,-0.30678,-0.02439,-0.30848,-0.02539,0.30953,0.30678,0.02439,0.31672,0.30991,-0.05669,-0.27087,,0.85714,0.80000,true,,0.20688,-0.17878,0.20822,-0.17898,0.27457,0.25827,0.08978,0.04978,0.04827,0.01117,,0.43803,1.00000,0.97778,true,,0.22462,-0.11586,0.22531,-0.11546,0.25317,0.25245,0.01197,0.02866,0.02771,-0.00697,,0.40101,0.97222,0.97222,false,hand/occluder crosses outline (clean 0.60),,,,,,,,,,,,,0.73611,0.60000,true,,0.12438,-0.00193,0.12418,-0.00177,0.12419,0.06051,-0.10868,0.04454,-0.04323,-0.01123,,0.38076,1.00000,0.97778,true,,0.10137,-0.09969,0.10178,-0.09953,0.14236,-0.13702,-0.03794,0.13923,-0.13912,-0.00184,,0.38534,1.00000,0.98333,true,,0.08310,-0.11619,0.08359,-0.11629,0.14321,-0.13006,0.05908,0.12301,-0.11741,0.03553,,0.36259,0.91667,0.97778,true,,0.03775,-0.10506,0.03814,-0.10566,0.11233,0.01984,0.10986,0.03294,-0.02885,-0.01533,,0.36225,0.94444,0.97778,true,,0.16909,-0.05675,0.17025,-0.05645,0.17937,-0.03540,0.17481,0.14915,-0.14375,0.03486,,0.36341,1.00000,0.97778,730
GEN_CAND_WEX_BLRO_02_s055_j3,scaled/GEN_CAND_WEX_BLRO_02_s055_j3.png,pose_rejected,823,617,overlay unavailable: minute-lattice median residual too high (wrong local fit),false,,,,0,0,,,,,,,,,,,,,,,,,,,,,,,,,,,,,,,,,,,,,,,,,,,,,,,,,,,,,,,,,,,,,,,,,,,,,,,,,,,,,,,,,,,,,,,,,,,,,,,,,,,,,,,,,,,,,,,,,,,,,,,,,,,,,,,,,,,,,,,,,,,,,,,,,,,,,,,,,,,,,,,,,,,,,,,,,,,,,,,,,,,,,,,,,,,,
GEN_CAND_WEX_BLRO_02_s055_j4,scaled/GEN_CAND_WEX_BLRO_02_s055_j4.png,accepted,825,617,,true,85.79699,0.99761,0.25202,45,11,85.52275,true,9,0.07550,-0.08405,0.11298,0.12545,0.03010,false,hand/occluder crosses outline (clean 0.53),,,,,,,,,,,,,0.61905,0.53333,,,,true,,-0.07353,0.10304,-0.07374,0.10319,0.12683,0.10304,0.07353,0.15642,0.10582,0.11479,-0.12392,,1.00000,0.93333,true,,-0.39548,-0.06688,-0.39777,-0.06781,0.40351,0.39548,0.06688,0.39517,0.38966,-0.05083,-0.18034,,0.85714,0.80000,true,,0.21504,-0.17334,0.21587,-0.17381,0.27714,0.25764,0.09956,0.07243,0.06028,0.03981,,0.41758,1.00000,0.97778,true,,0.25258,-0.10951,0.25289,-0.10943,0.27555,0.27350,0.03145,0.08474,0.07928,0.02989,,0.41952,0.97222,0.97778,false,hand/occluder crosses outline (clean 0.60),,,,,,,,,,,,,0.75000,0.60000,true,,0.13904,-0.06696,0.13906,-0.06704,0.15437,0.01153,-0.15390,0.09292,-0.04071,-0.08341,,0.38516,0.98611,0.97778,true,,0.11083,-0.20317,0.11126,-0.20368,0.23208,-0.23137,0.00561,0.20915,-0.20841,-0.00769,,0.35773,1.00000,0.98333,true,,0.08139,-0.16466,0.08178,-0.16532,0.18444,-0.15281,0.10190,0.13702,-0.13300,0.03042,,0.36455,0.94444,0.97778,true,,0.01557,-0.07055,0.01567,-0.07106,0.07277,0.02180,0.06888,0.08917,-0.04218,-0.07780,,0.36227,0.94444,0.97778,true,,0.15911,-0.03019,0.16003,-0.02997,0.16281,-0.05341,0.15289,0.17732,-0.17558,0.00935,,0.36125,1.00000,0.97778,741
GEN_CAND_WEX_BLRO_02_s045_j0,scaled/GEN_CAND_WEX_BLRO_02_s045_j0.png,pose_rejected,675,506,overlay unavailable: minute-lattice median residual too high (wrong local fit),false,,,,0,0,,,,,,,,,,,,,,,,,,,,,,,,,,,,,,,,,,,,,,,,,,,,,,,,,,,,,,,,,,,,,,,,,,,,,,,,,,,,,,,,,,,,,,,,,,,,,,,,,,,,,,,,,,,,,,,,,,,,,,,,,,,,,,,,,,,,,,,,,,,,,,,,,,,,,,,,,,,,,,,,,,,,,,,,,,,,,,,,,,,,,,,,,,,,
GEN_CAND_WEX_BLRO_02_s045_j1,scaled/GEN_CAND_WEX_BLRO_02_s045_j1.png,pose_rejected,675,505,overlay unavailable: minute-lattice median residual too high (wrong local fit),false,,,,0,0,,,,,,,,,,,,,,,,,,,,,,,,,,,,,,,,,,,,,,,,,,,,,,,,,,,,,,,,,,,,,,,,,,,,,,,,,,,,,,,,,,,,,,,,,,,,,,,,,,,,,,,,,,,,,,,,,,,,,,,,,,,,,,,,,,,,,,,,,,,,,,,,,,,,,,,,,,,,,,,,,,,,,,,,,,,,,,,,,,,,,,,,,,,,
GEN_CAND_WEX_BLRO_02_s045_j2,scaled/GEN_CAND_WEX_BLRO_02_s045_j2.png,pose_rejected,674,506,overlay unavailable: minute-lattice residual too high,false,,,,0,0,,,,,,,,,,,,,,,,,,,,,,,,,,,,,,,,,,,,,,,,,,,,,,,,,,,,,,,,,,,,,,,,,,,,,,,,,,,,,,,,,,,,,,,,,,,,,,,,,,,,,,,,,,,,,,,,,,,,,,,,,,,,,,,,,,,,,,,,,,,,,,,,,,,,,,,,,,,,,,,,,,,,,,,,,,,,,,,,,,,,,,,,,,,,
GEN_CAND_WEX_BLRO_02_s045_j3,scaled/GEN_CAND_WEX_BLRO_02_s045_j3.png,pose_rejected,674,505,overlay unavailable: minute-lattice median residual too high (wrong local fit),false,,,,0,0,,,,,,,,,,,,,,,,,,,,,,,,,,,,,,,,,,,,,,,,,,,,,,,,,,,,,,,,,,,,,,,,,,,,,,,,,,,,,,,,,,,,,,,,,,,,,,,,,,,,,,,,,,,,,,,,,,,,,,,,,,,,,,,,,,,,,,,,,,,,,,,,,,,,,,,,,,,,,,,,,,,,,,,,,,,,,,,,,,,,,,,,,,,,
GEN_CAND_WEX_BLRO_02_s045_j4,scaled/GEN_CAND_WEX_BLRO_02_s045_j4.png,pose_rejected,675,505,overlay unavailable: minute-lattice median residual too high (wrong local fit),false,,,,0,0,,,,,,,,,,,,,,,,,,,,,,,,,,,,,,,,,,,,,,,,,,,,,,,,,,,,,,,,,,,,,,,,,,,,,,,,,,,,,,,,,,,,,,,,,,,,,,,,,,,,,,,,,,,,,,,,,,,,,,,,,,,,,,,,,,,,,,,,,,,,,,,,,,,,,,,,,,,,,,,,,,,,,,,,,,,,,,,,,,,,,,,,,,,,
GEN_CAND_HO_01_s100_j0,scaled/GEN_CAND_HO_01_s100_j0.png,accepted,1362,1600,,true,204.77550,0.98923,0.20807,44,11,203.21716,true,8,0.41248,-0.57506,0.70770,0.17278,-0.02603,true,,-0.04137,-0.04082,-0.04151,-0.03984,0.05753,0.04082,-0.04137,0.87649,-0.82072,-0.38349,-0.43235,,1.00000,1.00000,-0.13885,-0.30256,1.11828,true,,0.36001,0.00748,0.36601,0.00699,0.36608,0.00748,-0.36001,0.35075,0.32330,0.12559,0.47475,,1.00000,1.00000,true,,-0.28964,-0.12447,-0.29347,-0.12467,0.31885,0.28964,0.12447,0.58931,0.44041,-0.38677,0.19701,,1.00000,0.96667,true,,0.60428,-0.39810,0.59275,-0.38233,0.70536,0.64691,0.32427,0.46887,-0.34954,0.32960,,0.10391,0.87500,1.00000,false,hand/occluder crosses outline (clean 0.76),,,,,,,,,,,,,0.72222,0.76111,true,,0.75390,-0.86574,0.73918,-0.86510,1.13789,0.22003,-1.12670,0.36528,-0.13506,-0.34061,,0.18248,0.91667,1.00000,true,,0.50264,-0.74919,0.49632,-0.75723,0.90539,-0.39749,-0.80989,0.40244,-0.38771,-0.08422,,0.20246,0.95833,1.00000,true,,0.54871,-0.25331,0.55882,-0.25771,0.61539,-0.49373,-0.34854,0.21928,-0.06806,-0.20381,,0.37161,0.91667,1.00000,false,hand/occluder crosses outline (clean 0.65),,,,,,,,,,,,,0.51389,0.65000,true,,0.12807,-0.74041,0.12937,-0.72784,0.73925,0.25929,0.70525,0.08052,0.04361,0.06922,,0.52735,0.87500,1.00000,true,,0.52375,-1.18897,0.51910,-1.15466,1.26598,0.76780,1.04807,0.49759,0.18726,0.47245,,0.43699,0.90278,1.00000,1129
GEN_CAND_HO_01_s100_j1,scaled/GEN_CAND_HO_01_s100_j1.png,accepted,1361,1598,,true,204.38820,0.99117,0.18657,44,11,203.09915,true,8,0.38090,-0.56192,0.67885,0.16884,-0.01575,true,,-0.12071,-0.03086,-0.12045,-0.03037,0.12422,0.03086,-0.12071,0.90285,-0.80919,-0.46231,-0.40870,,1.00000,1.00000,-0.12067,-0.25592,1.20408,true,,0.23318,-0.00961,0.23697,-0.01100,0.23722,-0.00961,-0.23318,0.35978,0.29748,0.19516,0.59666,,1.00000,1.00000,true,,-0.22858,-0.03561,-0.23205,-0.03528,0.23471,0.22858,0.03561,0.60557,0.35586,-0.48827,0.22306,,1.00000,0.96667,true,,0.61105,-0.40796,0.59798,-0.39388,0.71604,0.65883,0.32520,0.43052,-0.30316,0.31912,,0.14038,0.86111,1.00000,false,hand/occluder crosses outline (clean 0.76),,,,,,,,,,,,,0.72222,0.76111,true,,0.76193,-0.84924,0.74440,-0.85142,1.13095,0.23523,-1.11643,0.39714,-0.09493,-0.38778,,0.22657,0.91667,1.00000,true,,0.40178,-0.67697,0.39305,-0.68582,0.79047,-0.38539,-0.68644,0.37375,-0.36702,-0.02361,,0.26068,0.91667,1.00000,true,,0.46407,-0.30834,0.47144,-0.31532,0.56717,-0.49906,-0.24773,0.18177,-0.09449,-0.15092,,0.37202,0.91667,1.00000,false,hand/occluder crosses outline (clean 0.70),,,,,,,,,,,,,0.51389,0.70000,true,,0.13431,-0.71019,0.13323,-0.69912,0.71170,0.23878,0.68219,0.04507,0.01152,0.04428,,0.55987,0.87500,1.00000,true,,0.49507,-1.22913,0.48632,-1.19638,1.29145,0.81693,1.04331,0.51744,0.24113,0.47121,,0.42290,0.90278,1.00000,1198
GEN_CAND_HO_01_s100_j2,scaled/GEN_CAND_HO_01_s100_j2.png,accepted,1360,1599,,true,204.53616,0.99084,0.16062,44,11,203.13946,true,8,0.41632,-0.58474,0.71780,0.19068,-0.02736,true,,0.03901,0.06114,0.03916,0.05970,0.07140,-0.06114,0.03901,0.97560,-0.96262,-0.30111,-0.27803,,1.00000,1.00000,0.06807,-0.28511,0.97438,true,,0.25467,0.00757,0.25899,0.00811,0.25911,0.00757,-0.25467,0.39173,0.30701,0.23624,0.58743,,1.00000,1.00000,true,,-0.44829,-0.18244,-0.45394,-0.18453,0.49001,0.44829,0.18244,0.67103,0.57346,-0.33622,0.48829,,1.00000,0.96667,true,,0.64011,-0.42359,0.62933,-0.40462,0.74818,0.68689,0.34256,0.48731,-0.34939,0.35567,,0.15672,0.84722,1.00000,false,hand/occluder crosses outline (clean 0.76),,,,,,,,,,,,,0.73611,0.76111,true,,0.83624,-0.86644,0.82471,-0.86316,1.19381,0.29098,-1.16848,0.37694,-0.08959,-0.36818,,0.21526,0.91667,1.00000,true,,0.57652,-0.78941,0.57319,-0.79629,0.98113,-0.39539,-0.89398,0.44131,-0.40643,-0.15747,,0.22341,0.95833,1.00000,true,,0.59900,-0.23613,0.61137,-0.23846,0.65623,-0.50400,-0.40068,0.27975,-0.09739,-0.25609,,0.38800,0.91667,1.00000,false,hand/occluder crosses outline (clean 0.66),,,,,,,,,,,,,0.52778,0.65556,true,,0.10528,-0.72251,0.10896,-0.71042,0.71873,0.27008,0.67835,0.04082,0.02099,0.03576,,0.56521,0.87500,1.00000,true,,0.55849,-1.15668,0.55818,-1.12157,1.25279,0.72247,1.06200,0.48617,0.10384,0.48320,,0.44706,0.90278,1.00000,1179
GEN_CAND_HO_01_s100_j3,scaled/GEN_CAND_HO_01_s100_j3.png,accepted,1359,1597,,true,204.44026,0.99014,0.20337,44,11,203.17250,true,8,0.40919,-0.58142,0.71097,0.17722,0.00402,true,,0.01103,0.02603,0.01126,0.02529,0.02768,-0.02603,0.01103,0.95887,-0.90027,-0.41410,-0.38479,,1.00000,1.00000,-0.03680,-0.30670,1.18335,true,,0.28634,0.00810,0.29118,0.00719,0.29127,0.00810,-0.28634,0.34710,0.32271,0.11665,0.52918,,1.00000,1.00000,true,,-0.33127,-0.25760,-0.33612,-0.25681,0.42300,0.33127,0.25760,0.58673,0.47313,-0.33964,0.16572,,1.00000,1.00000,true,,0.67739,-0.35628,0.66522,-0.34252,0.74823,0.64724,0.40850,0.47793,-0.36020,0.33186,,0.14459,0.87500,1.00000,false,hand/occluder crosses outline (clean 0.76),,,,,,,,,,,,,0.73611,0.76111,true,,0.74051,-0.79116,0.72567,-0.79198,1.07416,0.24571,-1.05542,0.36802,-0.11201,-0.35222,,0.19762,0.91667,1.00000,true,,0.42727,-0.69775,0.41958,-0.70606,0.82132,-0.39064,-0.71891,0.39600,-0.38225,-0.07893,,0.23261,0.93056,1.00000,true,,0.46796,-0.31023,0.47570,-0.31630,0.57126,-0.50264,-0.25015,0.21691,-0.08052,-0.19665,,0.36163,0.91667,1.00000,false,hand/occluder crosses outline (clean 0.66),,,,,,,,,,,,,0.54167,0.66111,true,,0.18529,-0.79260,0.18557,-0.77949,0.80127,0.23583,0.77905,0.05258,0.00824,0.05270,,0.53792,0.87500,1.00000,true,,0.57380,-1.23324,0.56677,-1.19879,1.32602,0.78112,1.11355,0.47755,0.18742,0.45042,,0.43043,0.90278,1.00000,1193
GEN_CAND_HO_01_s100_j4,scaled/GEN_CAND_HO_01_s100_j4.png,accepted,1362,1597,,true,204.62720,0.98935,0.18215,44,11,203.11315,true,8,0.40987,-0.56966,0.70179,0.17614,-0.05516,true,,-0.10414,-0.05578,-0.10398,-0.05501,0.11764,0.05578,-0.10414,0.85422,-0.80614,-0.35993,-0.36626,,1.00000,1.00000,-0.15123,-0.19570,1.03895,true,,0.35543,0.01308,0.36154,0.01328,0.36178,0.01308,-0.35543,0.38308,0.31894,0.20430,0.57250,,1.00000,1.00000,true,,-0.27822,0.02499,-0.28238,0.02365,0.28336,0.27822,-0.02499,0.62078,0.42014,-0.45333,0.28239,,1.00000,0.96667,true,,0.53708,-0.45488,0.52608,-0.43676,0.68375,0.66248,0.23768,0.45656,-0.33318,0.32778,,0.14441,0.81944,1.00000,false,hand/occluder crosses outline (clean 0.76),,,,,,,,,,,,,0.70833,0.76111,true,,0.83607,-0.93404,0.82184,-0.93214,1.24270,0.25704,-1.22694,0.37560,-0.10260,-0.36311,,0.19412,0.91667,1.00000,true,,0.58646,-0.79294,0.58190,-0.80091,0.98998,-0.39347,-0.90436,0.40992,-0.39145,-0.10055,,0.20404,0.94444,1.00000,true,,0.61078,-0.23287,0.62311,-0.23618,0.66637,-0.50707,-0.41252,0.21116,-0.09298,-0.18472,,0.36683,0.90278,1.00000,false,hand/occluder crosses outline (clean 0.66),,,,,,,,,,,,,0.52778,0.65556,true,,0.06445,-0.66849,0.06657,-0.65768,0.66104,0.27843,0.61116,0.08510,0.05649,0.06523,,0.53889,0.87500,1.00000,true,,0.46197,-1.14512,0.45987,-1.11189,1.20324,0.76072,0.97264,0.50766,0.17712,0.48672,,0.44372,0.90278,1.00000,1117
GEN_CAND_HO_01_s085_j0,scaled/GEN_CAND_HO_01_s085_j0.png,accepted,1158,1360,,true,173.86414,0.99252,0.19533,44,11,172.71669,true,8,0.38651,-0.50458,0.63561,0.17205,-0.02449,true,,0.07189,0.07279,0.07218,0.07106,0.10129,-0.07279,0.07189,0.83138,-0.82007,-0.25838,-0.21169,,0.95238,1.00000,-0.02103,-0.21207,0.48625,true,,0.34810,-0.13668,0.35256,-0.13919,0.37905,-0.13668,-0.34810,0.17945,0.14874,0.09690,0.56259,,1.00000,1.00000,true,,-0.21064,-0.09387,-0.21358,-0.09403,0.23336,0.21064,0.09387,0.52301,0.37552,-0.36019,0.67489,,1.00000,0.96667,true,,0.55259,-0.34545,0.54238,-0.33146,0.63564,0.57546,0.30583,0.40444,-0.30219,0.28361,,0.13281,0.83333,1.00000,false,hand/occluder crosses outline (clean 0.76),,,,,,,,,,,,,0.69444,0.76111,true,,0.71147,-0.69262,0.69999,-0.69200,0.98430,0.26984,-0.95557,0.26335,-0.05390,-0.25943,,0.21178,0.91667,1.00000,true,,0.44710,-0.59621,0.44261,-0.60267,0.74774,-0.29278,-0.68530,0.29378,-0.28745,-0.03329,,0.21647,0.97222,1.00000,true,,0.51326,-0.25447,0.52292,-0.25896,0.58353,-0.47700,-0.31726,0.19753,-0.08240,-0.17505,,0.29862,0.93056,1.00000,false,hand/occluder crosses outline (clean 0.72),,,,,,,,,,,,,0.58333,0.71667,true,,0.11422,-0.63876,0.11543,-0.62805,0.63857,0.22047,0.61029,0.06951,0.06115,0.03416,,0.48381,0.88889,1.00000,true,,0.46938,-1.04019,0.46555,-1.01020,1.11232,0.66614,0.92659,0.42338,0.17775,0.39458,,0.39431,0.84722,1.00000,1036
GEN_CAND_HO_01_s085_j1,scaled/GEN_CAND_HO_01_s085_j1.png,accepted,1157,1358,,true,173.87824,0.99169,0.15198,44,11,172.68487,true,8,0.34345,-0.50733,0.61265,0.14991,-0.01624,true,,0.02803,0.06440,0.02870,0.06252,0.06879,-0.06440,0.02803,0.80387,-0.78239,-0.28102,-0.27244,,0.95238,1.00000,-0.01668,-0.31652,0.50776,true,,0.20615,-0.13730,0.20780,-0.14038,0.25077,-0.13730,-0.20615,0.25561,0.17834,0.17899,0.39511,,1.00000,1.00000,true,,-0.22910,-0.12704,-0.23275,-0.12634,0.26483,0.22910,0.12704,0.51910,0.38180,-0.34710,0.17390,,1.00000,0.96667,true,,0.51575,-0.28212,0.50582,-0.27202,0.57433,0.50220,0.30559,0.43106,-0.32493,0.29941,,0.14538,0.81944,1.00000,false,hand/occluder crosses outline (clean 0.76),,,,,,,,,,,,,0.69444,0.76111,true,,0.66136,-0.70638,0.64690,-0.70830,0.95926,0.21956,-0.94242,0.28629,-0.03681,-0.28590,,0.21846,0.91667,1.00000,true,,0.40995,-0.63683,0.40217,-0.64538,0.76043,-0.34654,-0.67344,0.30256,-0.28839,-0.07657,,0.22383,0.97222,1.00000,true,,0.49723,-0.30930,0.50542,-0.31656,0.59637,-0.51648,-0.27596,0.22444,-0.11016,-0.19020,,0.35841,0.91667,1.00000,false,hand/occluder crosses outline (clean 0.72),,,,,,,,,,,,,0.56944,0.71667,true,,0.11505,-0.62082,0.11424,-0.61090,0.62149,0.21078,0.59517,0.04958,0.04634,0.01824,,0.48725,0.87500,1.00000,true,,0.45050,-1.03668,0.44328,-1.00846,1.10159,0.67254,0.90848,0.42668,0.19358,0.39119,,0.39897,0.84722,1.00000,1065
GEN_CAND_HO_01_s085_j2,scaled/GEN_CAND_HO_01_s085_j2.png,accepted,1156,1359,,true,173.94286,0.98974,0.14834,44,11,172.67939,true,8,0.39095,-0.51365,0.64551,0.18489,-0.02538,true,,0.12720,0.06121,0.12685,0.06065,0.14061,-0.06121,0.12720,0.83271,-0.83654,-0.20362,-0.20221,,0.95238,1.00000,-0.00156,-0.27105,0.28299,true,,0.36513,-0.09864,0.37062,-0.09944,0.38373,-0.09864,-0.36513,0.20158,0.18047,0.08457,0.70971,,1.00000,1.00000,true,,-0.27188,-0.15524,-0.27509,-0.15626,0.31638,0.27188,0.15524,0.52666,0.42275,-0.30719,0.02908,,1.00000,0.96667,true,,0.54091,-0.35468,0.53187,-0.33873,0.63057,0.57762,0.29110,0.41662,-0.32835,0.27392,,0.13514,0.81944,1.00000,false,hand/occluder crosses outline (clean 0.76),,,,,,,,,,,,,0.69444,0.76111,true,,0.73563,-0.72577,0.72614,-0.72282,1.02457,0.27419,-0.99636,0.29322,-0.06465,-0.28772,,0.22780,0.90278,1.00000,true,,0.47164,-0.59562,0.46959,-0.60066,0.76244,-0.28000,-0.70627,0.29275,-0.28498,-0.04457,,0.26277,0.98611,1.00000,true,,0.50705,-0.23679,0.51753,-0.23933,0.57019,-0.45859,-0.32072,0.19705,-0.07162,-0.17921,,0.34340,0.91667,1.00000,false,hand/occluder crosses outline (clean 0.72),,,,,,,,,,,,,0.58333,0.72222,true,,0.12053,-0.65385,0.12411,-0.64255,0.65443,0.22255,0.62651,0.05904,0.04239,0.04221,,0.50941,0.87500,1.00000,true,,0.48326,-1.04208,0.48305,-1.01045,1.11998,0.66083,0.93956,0.41965,0.14681,0.40219,,0.40527,0.83333,1.00000,1090
GEN_CAND_HO_01_s085_j3,scaled/GEN_CAND_HO_01_s085_j3.png,accepted,1155,1357,,true,173.77893,0.99091,0.19966,43,11,172.69134,true,8,0.35515,-0.48430,0.60056,0.14796,0.00244,true,,0.08597,0.08097,0.08641,0.07893,0.11703,-0.08097,0.08597,0.79549,-0.77360,-0.27869,-0.25309,,1.00000,1.00000,0.00393,-0.22010,0.81220,true,,0.13149,-0.15155,0.13188,-0.15412,0.20284,-0.15155,-0.13149,0.26756,0.14395,0.22172,0.53148,,1.00000,1.00000,true,,-0.24280,-0.12148,-0.24639,-0.12110,0.27455,0.24280,0.12148,0.55609,0.40863,-0.37251,0.14838,,1.00000,0.96667,true,,0.52969,-0.21997,0.52128,-0.21112,0.56241,0.45535,0.34874,0.43772,-0.35471,0.27627,,0.15830,0.81944,1.00000,false,hand/occluder crosses outline (clean 0.76),,,,,,,,,,,,,0.70833,0.76111,true,,0.65460,-0.63611,0.64293,-0.63694,0.90501,0.24884,-0.87819,0.28085,-0.02532,-0.28180,,0.22602,0.90278,1.00000,true,,0.42051,-0.57811,0.41493,-0.58521,0.71738,-0.29040,-0.65323,0.27823,-0.25447,-0.10430,,0.21272,0.98611,1.00000,true,,0.49286,-0.30642,0.50121,-0.31267,0.59074,-0.51180,-0.27362,0.24820,-0.11710,-0.21312,,0.34890,0.91667,1.00000,false,hand/occluder crosses outline (clean 0.71),,,,,,,,,,,,,0.58333,0.70556,true,,0.16234,-0.66938,0.16267,-0.65844,0.67824,0.19410,0.66086,0.07357,0.05291,0.05250,,0.48720,0.87500,1.00000,true,,0.52297,-1.03706,0.51727,-1.00823,1.13318,0.63663,0.97143,0.44079,0.18534,0.41053,,0.38733,0.83333,1.00000,1114
GEN_CAND_HO_01_s085_j4,scaled/GEN_CAND_HO_01_s085_j4.png,accepted,1158,1357,,true,173.75388,0.99217,0.16563,44,11,172.69186,true,8,0.38087,-0.49753,0.62658,0.16645,-0.04760,true,,0.04162,0.06061,0.04186,0.05915,0.07246,-0.06061,0.04162,0.79837,-0.79374,-0.22635,-0.18605,,0.95238,1.00000,0.02245,-0.21007,0.49187,true,,0.42817,-0.13436,0.43421,-0.13612,0.45505,-0.13436,-0.42817,0.16626,0.15201,0.06277,0.59087,,1.00000,1.00000,true,,-0.26803,-0.00960,-0.27195,-0.01077,0.27217,0.26803,0.00960,0.58359,0.43359,-0.38549,0.67762,,1.00000,0.96667,true,,0.49376,-0.31131,0.48530,-0.29784,0.56940,0.51648,0.27195,0.45134,-0.34443,0.30891,,0.15940,0.81944,1.00000,false,hand/occluder crosses outline (clean 0.76),,,,,,,,,,,,,0.68056,0.75556,true,,0.75528,-0.76902,0.74392,-0.76669,1.06828,0.26958,-1.04363,0.30075,-0.04369,-0.29974,,0.22098,0.91667,1.00000,true,,0.50129,-0.64084,0.49793,-0.64661,0.81611,-0.30433,-0.75455,0.30258,-0.29330,-0.05489,,0.23509,0.97222,1.00000,true,,0.50501,-0.25389,0.51496,-0.25731,0.57566,-0.47238,-0.31041,0.14153,-0.07873,-0.11416,,0.32465,0.93056,1.00000,false,hand/occluder crosses outline (clean 0.72),,,,,,,,,,,,,0.61111,0.72222,true,,0.10053,-0.59381,0.10266,-0.58383,0.59278,0.20984,0.56452,0.07660,0.05585,0.05384,,0.50888,0.87500,1.00000,true,,0.43617,-0.98917,0.43441,-0.96021,1.05390,0.63856,0.87232,0.42746,0.16027,0.40586,,0.40217,0.84722,1.00000,1010
GEN_CAND_HO_01_s070_j0,scaled/GEN_CAND_HO_01_s070_j0.png,accepted,953,1120,,true,143.09353,0.99177,0.17445,45,11,142.15982,true,8,0.32575,-0.41732,0.52940,0.16151,-0.01438,true,,-0.04688,0.06653,-0.04597,0.06422,0.07898,-0.06653,-0.04688,0.73159,-0.67125,-0.34638,-0.51379,,1.00000,1.00000,-0.08717,-0.24465,2.03357,true,,0.14481,-0.10560,0.14618,-0.10743,0.18141,-0.10560,-0.14481,0.25692,0.14227,0.21015,0.54949,,1.00000,1.00000,true,,-0.07085,-0.06737,-0.07176,-0.06733,0.09840,0.07085,0.06737,0.39795,0.22550,-0.32693,0.05459,,1.00000,1.00000,true,,0.50724,-0.25975,0.49867,-0.24893,0.55735,0.47857,0.30941,0.34796,-0.23685,0.26496,,0.11446,0.80556,1.00000,false,hand/occluder crosses outline (clean 0.74),,,,,,,,,,,,,0.63889,0.74444,true,,0.62307,-0.60341,0.61312,-0.60358,0.86036,0.23789,-0.83410,0.27533,-0.02217,-0.27629,,0.18080,0.90278,1.00000,true,,0.35086,-0.51448,0.34661,-0.52062,0.62545,-0.27013,-0.56109,0.26281,-0.25595,-0.03741,,0.20855,0.97222,1.00000,true,,0.43359,-0.23886,0.44160,-0.24325,0.50417,-0.42365,-0.25607,0.17748,-0.08146,-0.15362,,0.28773,0.93056,1.00000,false,hand/occluder crosses outline (clean 0.75),,,,,,,,,,,,,0.66667,0.75000,true,,0.04447,-0.48933,0.04511,-0.48168,0.48379,0.20616,0.44601,0.10825,0.09299,-0.05380,,0.43052,0.87500,1.00000,true,,0.44450,-0.89079,0.44116,-0.86547,0.97142,0.54919,0.83034,0.39049,0.16178,0.36466,,0.30858,0.84722,1.00000,983
GEN_CAND_HO_01_s070_j1,scaled/GEN_CAND_HO_01_s070_j1.png,accepted,953,1119,,true,143.22447,0.99050,0.14537,45,11,142.23578,true,8,0.30663,-0.41697,0.51758,0.15726,-0.01988,true,,0.05886,0.00330,0.05857,0.00340,0.05867,-0.00330,0.05886,0.61710,-0.60186,-0.21196,-0.22056,,1.00000,1.00000,-0.00527,-0.28141,0.34803,true,,0.19601,-0.08888,0.19822,-0.09136,0.21826,-0.08888,-0.19601,0.22457,0.16202,0.15152,0.62847,,1.00000,1.00000,true,,-0.22494,-0.03637,-0.22844,-0.03598,0.23126,0.22494,0.03637,0.50723,0.36630,-0.34616,0.30608,,1.00000,0.96667,true,,0.44043,-0.21331,0.43242,-0.20557,0.47880,0.40495,0.27476,0.38120,-0.29555,0.25608,,0.12879,0.81944,1.00000,false,hand/occluder crosses outline (clean 0.75),,,,,,,,,,,,,0.69444,0.75000,true,,0.61850,-0.60169,0.60634,-0.60398,0.85583,0.23479,-0.83032,0.26957,-0.00581,-0.27152,,0.18752,0.90278,1.00000,true,,0.33531,-0.51029,0.32922,-0.51764,0.61347,-0.27426,-0.54553,0.25314,-0.24765,-0.02682,,0.23582,0.91667,1.00000,true,,0.47026,-0.29850,0.47826,-0.30587,0.56771,-0.49364,-0.25801,0.22801,-0.15676,-0.15909,,0.27684,0.91667,1.00000,false,hand/occluder crosses outline (clean 0.74),,,,,,,,,,,,,0.61111,0.74444,true,,0.10632,-0.52079,0.10590,-0.51268,0.52351,0.16832,0.50417,0.05166,0.04531,0.02560,,0.43328,0.87500,1.00000,true,,0.40859,-0.88240,0.40270,-0.85854,0.94829,0.55989,0.79505,0.38628,0.16965,0.35657,,0.33824,0.83333,1.00000,924
GEN_CAND_HO_01_s070_j2,scaled/GEN_CAND_HO_01_s070_j2.png,accepted,952,1119,,true,143.19702,0.98997,0.13743,45,11,142.20136,true,8,0.32563,-0.42487,0.53530,0.18161,-0.03385,true,,0.00525,0.05745,0.00556,0.05573,0.05601,-0.05745,0.00525,0.71469,-0.69404,-0.25403,-0.49095,,0.95238,1.00000,-0.08168,-0.28167,1.77817,true,,0.38154,-0.12049,0.38725,-0.12164,0.40591,-0.12049,-0.38154,0.11662,0.11472,0.00831,0.52205,,1.00000,1.00000,true,,-0.29124,-0.04477,-0.29527,-0.04633,0.29888,0.29124,0.04477,0.53540,0.42266,-0.32201,0.49138,,1.00000,0.96667,true,,0.47415,-0.24949,0.46685,-0.23732,0.52371,0.45314,0.28588,0.39986,-0.29254,0.28658,,0.13764,0.80556,1.00000,false,hand/occluder crosses outline (clean 0.75),,,,,,,,,,,,,0.63889,0.75000,true,,0.64244,-0.61689,0.63442,-0.61456,0.88327,0.24793,-0.85546,0.25143,-0.02956,-0.25140,,0.19777,0.90278,1.00000,true,,0.39767,-0.50923,0.39590,-0.51383,0.64866,-0.24217,-0.59901,0.24877,-0.24271,-0.03294,,0.23055,0.97222,1.00000,true,,0.39840,-0.27073,0.40674,-0.27413,0.49049,-0.43366,-0.20966,0.13314,-0.10779,-0.07380,,0.29587,0.91667,1.00000,false,hand/occluder crosses outline (clean 0.75),,,,,,,,,,,,,0.63889,0.75000,true,,0.07271,-0.51330,0.07547,-0.50460,0.51021,0.19368,0.48089,0.05298,0.05135,0.01339,,0.42074,0.87500,1.00000,true,,0.40407,-0.85832,0.40398,-0.83207,0.92496,0.54129,0.77910,0.36303,0.12203,0.34960,,0.33997,0.83333,1.00000,1019
GEN_CAND_HO_01_s070_j3,scaled/GEN_CAND_HO_01_s070_j3.png,accepted,951,1118,,true,143.08445,0.99076,0.18717,43,11,142.11217,true,8,0.32429,-0.39520,0.51122,0.15596,0.00027,true,,0.02226,0.03407,0.02252,0.03318,0.04010,-0.03407,0.02226,0.66028,-0.60935,-0.30526,-0.46646,,1.00000,1.00000,-0.07491,-0.23471,1.81603,true,,0.07398,-0.09304,0.07413,-0.09474,0.12030,-0.09304,-0.07398,0.29146,0.13775,0.25249,0.58744,,1.00000,1.00000,true,,0.00981,-0.07684,0.00991,-0.07664,0.07728,-0.00981,0.07684,0.35509,0.14982,-0.32182,0.25065,,1.00000,0.96667,true,,0.46552,-0.23576,0.45733,-0.22677,0.51047,0.43694,0.28527,0.31358,-0.25151,0.20062,,0.12013,0.81944,1.00000,false,hand/occluder crosses outline (clean 0.75),,,,,,,,,,,,,0.65278,0.75000,true,,0.63222,-0.52047,0.62287,-0.52195,0.81265,0.28729,-0.76685,0.25808,0.02304,-0.25910,,0.20055,0.90278,1.00000,true,,0.34699,-0.47170,0.34247,-0.47818,0.58817,-0.23501,-0.53635,0.24376,-0.23384,-0.05465,,0.22386,0.95833,1.00000,true,,0.39320,-0.23266,0.40018,-0.23789,0.46555,-0.39809,-0.22419,0.16042,-0.06994,-0.14063,,0.31002,0.91667,1.00000,false,hand/occluder crosses outline (clean 0.75),,,,,,,,,,,,,0.66667,0.75000,true,,0.07656,-0.51400,0.07652,-0.50634,0.51209,0.19070,0.48342,0.09880,0.09465,-0.02542,,0.43880,0.87500,1.00000,true,,0.44971,-0.87385,0.44508,-0.85026,0.95971,0.53192,0.82639,0.37531,0.17046,0.34359,,0.30642,0.84722,1.00000,957
GEN_CAND_HO_01_s070_j4,scaled/GEN_CAND_HO_01_s070_j4.png,accepted,953,1118,,true,143.11230,0.99180,0.16627,45,11,142.19561,true,8,0.29759,-0.42881,0.52196,0.17980,-0.03651,true,,-0.04026,0.02047,-0.03985,0.01950,0.04437,-0.02047,-0.04026,0.68718,-0.65828,-0.26724,-0.48170,,1.00000,1.00000,-0.06730,-0.26836,1.82127,true,,0.23251,-0.09729,0.23560,-0.09864,0.25542,-0.09729,-0.23251,0.19924,0.14315,0.13530,0.48214,,1.00000,1.00000,true,,-0.29777,-0.03693,-0.30171,-0.03814,0.30411,0.29777,0.03693,0.52388,0.40411,-0.32814,0.48937,,1.00000,0.96667,true,,0.46055,-0.27988,0.45250,-0.26775,0.52578,0.47266,0.25890,0.38132,-0.26025,0.29002,,0.12670,0.81944,1.00000,false,hand/occluder crosses outline (clean 0.75),,,,,,,,,,,,,0.66667,0.75000,true,,0.61769,-0.66536,0.60772,-0.66424,0.90030,0.20225,-0.88507,0.28865,-0.04808,-0.28631,,0.17099,0.90278,1.00000,true,,0.35357,-0.53880,0.34998,-0.54446,0.64724,-0.28983,-0.57560,0.27770,-0.27191,-0.02593,,0.21330,0.98611,1.00000,true,,0.45908,-0.21594,0.46804,-0.21896,0.51673,-0.41655,-0.28961,0.20390,-0.09924,-0.17343,,0.27806,0.90278,1.00000,false,hand/occluder crosses outline (clean 0.74),,,,,,,,,,,,,0.66667,0.73889,true,,0.05308,-0.48278,0.05471,-0.47479,0.47793,0.19543,0.44464,0.03111,0.03015,-0.00683,,0.43539,0.87500,1.00000,true,,0.39177,-0.88949,0.38994,-0.86320,0.94719,0.57444,0.78403,0.39856,0.14091,0.38165,,0.34864,0.83333,1.00000,1015
GEN_CAND_HO_01_s055_j0,scaled/GEN_CAND_HO_01_s055_j0.png,accepted,749,880,,true,112.67863,0.98593,0.20632,44,11,111.85702,true,8,0.25121,-0.39388,0.46717,0.05151,-0.01749,true,,0.18221,0.22881,0.18330,0.22296,0.28863,-0.22881,0.18221,0.65272,-0.67267,-0.04420,-0.12632,,0.66667,1.00000,0.16679,-0.22366,0.59815,true,,0.12019,-0.62169,0.11601,-0.63046,0.64104,-0.62169,-0.12019,0.31688,-0.26739,0.15927,0.56973,,0.76190,1.00000,true,,-0.06880,-0.08271,-0.06965,-0.08254,0.10800,0.06880,0.08271,0.40359,0.27898,-0.28932,-0.10917,,1.00000,0.80000,true,,0.35366,-0.19172,0.34752,-0.18372,0.39310,0.34286,0.21042,0.27363,-0.17532,0.21737,,0.06927,0.79167,0.98889,false,hand/occluder crosses outline (clean 0.73),,,,,,,,,,,,,0.61111,0.73333,true,,0.39480,-0.47830,0.38657,-0.47801,0.61476,0.10276,-0.61162,0.11689,0.03514,-0.11252,,0.20484,0.81944,1.00000,true,,0.27871,-0.50423,0.27381,-0.50965,0.57855,-0.29732,-0.49349,0.13666,-0.12648,-0.04714,,0.20108,0.93056,1.00000,true,,0.39028,-0.15558,0.39767,-0.15845,0.42807,-0.32988,-0.26020,0.23598,0.09465,-0.21166,,0.26509,0.79167,1.00000,false,hand/occluder crosses outline (clean 0.77),,,,,,,,,,,,,0.75000,0.77222,true,,0.15242,-0.42448,0.15380,-0.41691,0.44437,0.08024,0.44382,0.05437,0.05420,0.00022,,0.37885,0.90278,0.99444,true,,0.39047,-0.65447,0.38795,-0.63490,0.74404,0.37155,0.66540,0.28856,0.10705,0.27454,,0.28444,0.79167,0.98889,872
GEN_CAND_HO_01_s055_j1,scaled/GEN_CAND_HO_01_s055_j1.png,accepted,749,879,,true,112.65642,0.98810,0.18452,45,11,111.92901,true,8,0.21233,-0.41070,0.46234,0.08693,-0.01773,true,,0.23779,-0.58214,0.22867,-0.56290,0.60757,0.58214,0.23779,0.09910,0.09013,0.04872,-2.44362,,0.76190,1.00000,-3.65393,-0.25969,0.62655,true,,0.12406,-0.61204,0.11775,-0.62072,0.63179,-0.61204,-0.12406,0.30122,-0.27126,0.11885,0.42450,,1.00000,1.00000,true,,-0.21061,-0.22711,-0.21379,-0.22576,0.31092,0.21061,0.22711,0.39239,0.35389,-0.16099,0.15410,,1.00000,0.86667,true,,0.30921,-0.11791,0.30414,-0.11344,0.32461,0.25672,0.20883,0.37680,-0.28950,0.25639,,0.17927,0.76389,0.98889,false,hand/occluder crosses outline (clean 0.73),,,,,,,,,,,,,0.63889,0.72778,true,,0.44376,-0.53590,0.43267,-0.53677,0.68944,0.11635,-0.68598,0.19722,0.05668,-0.19070,,0.16927,0.83333,1.00000,true,,0.29705,-0.49823,0.29060,-0.50431,0.58205,-0.28295,-0.50637,0.14048,-0.11166,-0.08338,,0.19510,0.97222,1.00000,true,,0.29259,-0.12905,0.29738,-0.13215,0.32542,-0.25805,-0.18887,0.22570,0.12999,-0.18013,,0.32819,0.79167,1.00000,false,hand/occluder crosses outline (clean 0.76),,,,,,,,,,,,,0.76389,0.76111,true,,0.06004,-0.39501,0.05927,-0.38814,0.39264,0.14551,0.37211,0.08179,0.04701,-0.06687,,0.37945,0.87500,0.99444,true,,0.37061,-0.69915,0.36516,-0.67917,0.77111,0.42018,0.67053,0.31085,0.09071,0.30384,,0.26768,0.76389,0.98889,831
GEN_CAND_HO_01_s055_j2,scaled/GEN_CAND_HO_01_s055_j2.png,accepted,748,879,,true,112.67351,0.98708,0.19015,44,11,111.80680,true,7,0.31816,-0.30317,0.43947,0.18107,0.01040,true,,0.14234,0.02736,0.14168,0.02791,0.14441,-0.02736,0.14234,0.51529,-0.49688,-0.19216,-0.18029,,0.66667,0.93333,0.00828,-0.20947,0.40505,true,,0.13866,0.18887,0.14206,0.19145,0.23840,0.18887,-0.13866,0.38489,0.34372,0.16432,0.42459,,0.85714,1.00000,false,hand/occluder crosses outline (clean 0.77),,,,,,,,,,,,,1.00000,0.76667,true,,0.29781,-0.06893,0.29440,-0.06408,0.30129,0.20860,0.22344,0.37758,-0.38159,0.08516,,0.14200,0.73611,0.98889,false,hand/occluder crosses outline (clean 0.74),,,,,,,,,,,,,0.65278,0.73889,true,,0.51625,-0.45122,0.51075,-0.44884,0.67994,0.22147,-0.64889,0.24694,-0.06487,-0.23974,,0.20185,0.84722,1.00000,true,,0.43093,-0.36164,0.43131,-0.36402,0.56439,-0.09773,-0.55402,0.21076,-0.15493,-0.14100,,0.15484,0.97222,1.00000,true,,0.33017,-0.09189,0.33674,-0.09250,0.34921,-0.24466,-0.23999,0.13820,0.01643,-0.13469,,0.30669,0.83333,1.00000,false,hand/occluder crosses outline (clean 0.76),,,,,,,,,,,,,0.75000,0.76111,true,,0.13406,-0.47689,0.13694,-0.46794,0.48757,0.12234,0.48003,0.08752,0.07958,0.03790,,0.38184,0.88889,0.99444,true,,0.36486,-0.73947,0.36464,-0.71661,0.80404,0.45797,0.68571,0.29562,0.18607,0.23971,,0.25243,0.77778,0.98889,798
GEN_CAND_HO_01_s055_j3,scaled/GEN_CAND_HO_01_s055_j3.png,accepted,747,878,,true,112.57888,0.98665,0.19219,44,11,111.77828,true,8,0.27223,-0.31734,0.41811,0.23015,-0.02239,true,,0.16626,0.00060,0.16523,0.00133,0.16523,-0.00060,0.16626,0.51439,-0.52655,-0.07350,-0.33448,,0.66667,0.96667,-0.11800,-0.18133,1.01368,true,,0.53667,0.26682,0.54834,0.26859,0.61059,0.26682,-0.53667,0.46277,0.39293,-0.22901,0.95454,,0.66667,1.00000,true,,-0.27751,-0.19013,-0.28115,-0.18935,0.33897,0.27751,0.19013,0.37492,0.35793,-0.09724,0.69783,,0.95238,0.86667,true,,0.34791,-0.19974,0.34136,-0.19230,0.39180,0.34693,0.20143,0.30988,-0.27695,0.15924,,0.09172,0.76389,0.98889,false,hand/occluder crosses outline (clean 0.73),,,,,,,,,,,,,0.72222,0.73333,true,,0.40202,-0.47880,0.39296,-0.47892,0.61950,0.10876,-0.61567,0.24437,-0.17804,-0.16538,,0.19443,0.79167,1.00000,true,,0.24442,-0.42109,0.23953,-0.42563,0.48840,-0.24247,-0.42222,0.31684,-0.31147,0.01135,,0.19915,0.94444,1.00000,true,,0.30755,-0.11838,0.31269,-0.12082,0.33522,-0.25629,-0.20716,0.10877,-0.05061,-0.09395,,0.27274,0.86111,1.00000,false,hand/occluder crosses outline (clean 0.76),,,,,,,,,,,,,0.68056,0.75556,true,,0.09783,-0.43945,0.09766,-0.43181,0.44271,0.13500,0.42949,0.04964,0.00360,0.05022,,0.38132,0.86111,1.00000,true,,0.37727,-0.75489,0.37239,-0.73337,0.82250,0.46512,0.70417,0.35344,0.11591,0.34162,,0.29625,0.79167,0.98333,856
GEN_CAND_HO_01_s055_j4,scaled/GEN_CAND_HO_01_s055_j4.png,accepted,749,878,,true,112.64914,0.98789,0.21391,44,11,111.81319,true,8,0.25729,-0.29362,0.39040,0.17990,-0.01014,true,,0.13293,0.07162,0.13269,0.07051,0.15027,-0.07162,0.13293,0.52293,-0.52968,-0.10939,-0.20790,,0.71429,0.96667,0.12566,-0.25111,0.86582,true,,0.03781,0.17222,0.03978,0.17448,0.17896,0.17222,-0.03781,0.39950,0.31762,0.23529,0.50650,,0.66667,1.00000,true,,-0.08871,-0.10148,-0.08962,-0.10138,0.13531,0.08871,0.10148,0.26730,0.19497,-0.18087,-0.16874,,1.00000,0.80000,true,,0.30395,-0.14368,0.29933,-0.13688,0.32914,0.27640,0.19139,0.29436,-0.27364,0.13257,,0.13742,0.75000,0.98889,false,hand/occluder crosses outline (clean 0.74),,,,,,,,,,,,,0.68056,0.74444,true,,0.46336,-0.46611,0.45660,-0.46475,0.65152,0.16822,-0.63535,0.24184,-0.07019,-0.23271,,0.20631,0.87500,1.00000,true,,0.36331,-0.42651,0.36147,-0.43038,0.56204,-0.18772,-0.52789,0.26527,-0.22282,-0.13959,,0.15891,0.97222,1.00000,true,,0.36456,-0.11587,0.37178,-0.11740,0.38988,-0.28263,-0.25778,0.18074,-0.05958,-0.16677,,0.28870,0.79167,1.00000,false,hand/occluder crosses outline (clean 0.76),,,,,,,,,,,,,0.75000,0.76111,true,,0.14736,-0.41600,0.14952,-0.40820,0.43472,0.08038,0.43395,0.06343,-0.00820,0.06350,,0.37493,0.87500,0.99444,true,,0.33662,-0.71411,0.33533,-0.69255,0.76946,0.45013,0.64858,0.32473,0.15824,0.29245,,0.28684,0.76389,0.98889,809
GEN_CAND_HO_01_s045_j0,scaled/GEN_CAND_HO_01_s045_j0.png,accepted,613,720,,true,92.38740,0.98413,0.22128,44,11,91.67684,true,8,0.57778,-0.43104,0.72085,0.16842,-0.11022,true,,0.55741,0.16487,0.55533,0.16331,0.57884,-0.16487,0.55741,0.71387,-0.72506,0.11896,0.44695,,0.85714,0.96667,1.75740,-0.21247,3.03275,true,,0.53344,0.22613,0.54430,0.22862,0.59037,0.22613,-0.53344,0.58101,0.54635,0.17913,0.95985,,0.80952,1.00000,false,hand/occluder crosses outline (clean 0.73),,,,,,,,,,,,,0.90476,0.73333,true,,0.31456,0.00315,0.31172,0.00500,0.31176,0.15455,0.27399,0.62976,-0.63893,0.13397,,0.10367,0.68056,0.98333,false,hand/occluder crosses outline (clean 0.72),,,,,,,,,,,,,0.72222,0.72222,true,,0.84567,-0.79732,0.83248,-0.79571,1.15160,0.33371,-1.11334,0.30933,-0.07516,-0.30201,,-0.26899,0.81944,1.00000,true,,0.90627,-0.67031,0.90536,-0.67695,1.13046,-0.12737,-1.12001,0.30560,-0.16428,-0.25649,,-0.28986,0.80556,1.00000,true,,1.16171,-0.31218,1.18273,-0.31697,1.22447,-0.85121,-0.84998,0.53377,-0.30873,-0.42326,,-0.32070,0.80556,1.00000,true,,0.10139,-0.42692,0.10332,-0.42937,0.44163,-0.30127,0.31903,0.48301,0.29341,0.37379,,0.49897,0.70833,0.80000,true,,0.16954,-0.30708,0.17061,-0.30084,0.34585,0.00671,0.35071,0.24012,0.16458,-0.17393,,0.36222,0.87500,0.98333,true,,0.69875,-0.90643,0.69404,-0.87710,1.11848,0.43562,1.05835,0.51756,0.22154,0.48152,,0.00631,0.90278,0.97778,717
GEN_CAND_HO_01_s045_j1,scaled/GEN_CAND_HO_01_s045_j1.png,accepted,612,719,,true,92.08735,0.98854,0.21638,43,11,91.49777,true,8,0.56707,-0.35943,0.67139,0.08275,-0.11277,true,,0.54288,0.14630,0.54155,0.14385,0.56033,-0.14630,0.54288,0.56625,-0.56911,0.11752,0.23573,,0.85714,0.96667,1.54924,-0.25171,3.49059,true,,0.61422,-0.35766,0.61879,-0.36489,0.71836,-0.35766,-0.61422,0.10718,-0.05254,0.09105,-2.04190,,0.71429,1.00000,true,,0.47136,0.14813,0.47783,0.14734,0.50003,-0.47136,-0.14813,0.37495,0.04075,-0.37444,0.92183,,1.00000,0.86667,true,,0.37968,-0.04521,0.37545,-0.04267,0.37787,0.22900,0.30620,0.43836,-0.43095,0.14072,,0.09052,0.66667,0.98333,false,hand/occluder crosses outline (clean 0.77),,,,,,,,,,,,,0.70833,0.76667,true,,1.06560,-0.63954,1.05393,-0.64165,1.23389,0.60306,-1.08666,0.40947,0.22965,-0.34187,,-0.40704,0.80556,1.00000,true,,0.29119,-0.46223,0.28509,-0.46775,0.54778,-0.25471,-0.48330,0.44900,-0.28713,0.33725,,0.13001,0.84722,1.00000,true,,0.96250,-0.16595,0.97960,-0.17196,0.99458,-0.62497,-0.75058,0.31142,-0.08810,-0.29233,,-0.25703,0.83333,1.00000,false,hand/occluder crosses outline (clean 0.79),,,,,,,,,,,,,0.72222,0.79444,true,,0.13544,-0.33507,0.13501,-0.32943,0.35602,0.05024,0.35790,0.31703,0.30056,-0.09412,,0.38630,0.87500,0.98333,true,,0.71310,-0.84771,0.70569,-0.82351,1.08452,0.37759,1.04142,0.57414,0.28692,0.51363,,0.00738,0.90278,0.97778,726
GEN_CAND_HO_01_s045_j2,scaled/GEN_CAND_HO_01_s045_j2.png,accepted,612,720,,true,92.23639,0.98518,0.27166,44,11,91.55268,true,7,0.62464,-0.55108,0.83298,-0.07433,-0.13941,true,,0.62110,0.09931,0.61730,0.10254,0.62576,-0.09931,0.62110,0.61303,-0.60392,0.17410,0.56079,,0.90476,0.90000,1.26681,-0.13818,0.58806,true,,0.65047,-0.50912,0.65811,-0.51583,0.83617,-0.50912,-0.65047,0.17722,0.10126,0.14275,0.39455,,0.90476,1.00000,false,hand/occluder crosses outline (clean 0.73),,,,,,,,,,,,,0.61905,0.73333,true,,0.22739,0.00699,0.22527,0.00898,0.22545,0.10765,0.20042,0.62258,-0.63366,0.11970,,0.13445,0.65278,0.97778,false,hand/occluder crosses outline (clean 0.72),,,,,,,,,,,,,0.69444,0.72222,true,,0.84548,-0.82540,0.83460,-0.82326,1.17231,0.31951,-1.13756,0.19495,0.11304,-0.15989,,-0.22149,0.83333,1.00000,true,,0.96698,-0.75241,0.96863,-0.75922,1.23071,-0.16812,-1.21364,0.22159,0.05879,-0.21180,,-0.30758,0.81944,1.00000,true,,0.97977,-0.70232,0.99956,-0.71142,1.22688,-1.09811,-0.49735,0.25647,-0.24619,-0.05451,,-0.26022,0.80556,1.00000,false,hand/occluder crosses outline (clean 0.78),,,,,,,,,,,,,0.75000,0.77778,true,,0.12582,-0.34957,0.12820,-0.34295,0.36613,0.06582,0.36565,0.45993,0.38291,-0.24991,,0.37170,0.84722,0.98333,true,,0.74737,-0.83255,0.74615,-0.80330,1.09637,0.34732,1.06352,0.47119,0.23103,0.42380,,-0.11238,0.84722,0.98333,797
GEN_CAND_HO_01_s045_j3,scaled/GEN_CAND_HO_01_s045_j3.png,accepted,612,719,,true,92.20686,0.98862,0.24119,44,11,91.61281,true,7,0.52362,-0.44969,0.69022,0.23048,0.01483,true,,0.58899,0.05055,0.58575,0.05131,0.58799,-0.05055,0.58899,0.65394,-0.67288,0.04391,0.38465,,0.90476,0.86667,1.20753,-0.27135,1.03303,true,,0.57620,-0.37576,0.58124,-0.38329,0.69625,-0.37576,-0.57620,0.10742,-0.08162,-0.06798,1.02637,,1.00000,1.00000,false,hand/occluder crosses outline (clean 0.70),,,,,,,,,,,,,1.00000,0.70000,true,,0.48718,-0.09431,0.48105,-0.08969,0.48934,0.32527,0.37475,0.50009,-0.50223,0.12663,,-0.02636,0.68056,0.98333,false,hand/occluder crosses outline (clean 0.73),,,,,,,,,,,,,0.72222,0.73333,true,,1.11101,-0.50193,1.10403,-0.50413,1.21368,0.71120,-0.99019,0.46946,0.31073,-0.35359,,-0.36267,0.81944,1.00000,true,,0.36958,-0.41513,0.36636,-0.42071,0.55787,-0.17472,-0.52763,0.25983,-0.21659,0.13552,,0.12195,0.77778,1.00000,true,,0.32655,-0.25107,0.33170,-0.25596,0.41897,-0.38071,-0.15727,0.11805,0.10354,0.05230,,0.28032,0.69444,0.98889,false,hand/occluder crosses outline (clean 0.79),,,,,,,,,,,,,0.75000,0.79444,true,,0.09384,-0.37370,0.09408,-0.36723,0.37909,0.10558,0.37055,0.34498,0.16281,-0.30460,,0.31796,0.87500,0.98333,true,,0.70061,-1.00373,0.69451,-0.97418,1.19640,0.51895,1.10861,0.45055,0.21758,0.40690,,-0.08000,0.90278,0.97778,721
GEN_CAND_HO_01_s045_j4,scaled/GEN_CAND_HO_01_s045_j4.png,accepted,613,719,,true,92.42341,0.98442,0.23674,45,11,91.60558,true,7,0.59059,-0.59058,0.83521,-0.00942,-0.15883,true,,0.63213,0.05492,0.62773,0.05830,0.63043,-0.05492,0.63213,0.67362,-0.64625,0.24256,0.81772,,0.95238,0.86667,1.81513,-0.18583,0.79330,true,,0.63799,-0.59064,0.64390,-0.59930,0.87964,-0.59064,-0.63799,0.14930,0.01411,0.14627,0.51331,,1.00000,1.00000,false,hand/occluder crosses outline (clean 0.73),,,,,,,,,,,,,0.80952,0.73333,true,,0.25007,-0.07722,0.24649,-0.07284,0.25703,0.19190,0.17795,0.61599,-0.61542,0.17034,,0.16323,0.68056,0.98333,false,hand/occluder crosses outline (clean 0.72),,,,,,,,,,,,,0.70833,0.72222,true,,0.83074,-0.81397,0.81869,-0.81266,1.15355,0.31246,-1.12029,0.14492,0.10546,-0.09955,,-0.23650,0.83333,1.00000,true,,0.95041,-0.73511,0.95096,-0.74280,1.20668,-0.16142,-1.19063,0.18652,0.06742,-0.17199,,-0.30495,0.84722,1.00000,true,,1.02264,-0.65419,1.04202,-0.66346,1.23530,-1.07787,-0.55854,0.29651,-0.25651,-0.13812,,-0.27061,0.76389,1.00000,false,hand/occluder crosses outline (clean 0.78),,,,,,,,,,,,,0.73611,0.77778,true,,0.06469,-0.32410,0.06608,-0.31800,0.32479,0.10603,0.31303,0.44202,0.32706,-0.29492,,0.38925,0.81944,0.97778,true,,0.58280,-0.99892,0.57997,-0.96630,1.12699,0.57369,1.00418,0.52102,0.35888,0.39834,,-0.01854,0.91667,0.97778,738
GEN_CAND_HO_02_s100_j0,scaled/GEN_CAND_HO_02_s100_j0.png,accepted,1600,1280,,true,142.74587,0.98754,0.12762,43,11,143.39314,true,10,0.30206,-0.27685,0.40974,-0.01672,0.03047,true,,0.09093,0.41430,0.00816,0.41783,0.41791,-0.41430,0.09093,0.74965,-0.72993,-0.21144,0.60256,,0.90476,0.90000,0.47774,0.64312,0.29825,true,,0.28325,-0.01466,0.28083,0.04169,0.28391,-0.01466,-0.28325,0.34973,0.33823,-0.09939,-0.44856,,0.95238,0.96667,true,,-0.00631,-0.29839,0.05264,-0.29008,0.29482,0.00631,0.29839,0.28143,0.26585,-0.09397,0.15369,,0.85714,0.83333,true,,0.26234,-0.07734,0.27184,-0.02331,0.27284,0.19815,0.18852,0.20787,-0.19302,0.08485,,0.38529,0.95833,1.00000,true,,0.00115,-0.20750,0.04137,-0.20060,0.20482,0.10475,-0.17912,0.26194,-0.25225,-0.07187,,0.29440,0.94444,1.00000,true,,0.11260,-0.30354,0.16959,-0.27257,0.32102,-0.05425,-0.31917,0.08204,-0.07646,0.02951,,0.38498,0.95833,1.00000,true,,0.43665,-0.40850,0.50849,-0.31085,0.59598,-0.13545,-0.58240,0.27322,0.05326,-0.26789,,0.41483,0.90278,1.00000,true,,0.24054,-0.49017,0.33246,-0.42860,0.54243,-0.54477,0.03677,0.11498,-0.11463,0.01649,,0.41049,0.86111,1.00000,true,,0.35273,-0.55387,0.45488,-0.46762,0.65237,-0.58241,0.30330,0.19882,-0.18644,0.07211,,0.39968,0.86111,1.00000,true,,0.25948,-0.51493,0.35508,-0.44674,0.57067,0.03275,0.57568,0.13750,0.09393,0.10305,,0.30969,0.86111,1.00000,true,,0.43245,-0.55468,0.53155,-0.45083,0.69699,0.26414,0.65185,0.23962,0.11441,0.21339,,0.27317,0.81944,1.00000,1243
GEN_CAND_HO_02_s100_j1,scaled/GEN_CAND_HO_02_s100_j1.png,accepted,1599,1278,,true,142.87070,0.98373,0.14444,44,11,143.41947,true,10,0.28981,-0.28575,0.40699,-0.04192,0.04258,true,,0.08088,0.45509,-0.00811,0.45538,0.45545,-0.45509,0.08088,0.77279,-0.74737,-0.23313,0.59116,,0.90476,0.90000,0.48903,0.64151,0.40407,true,,0.19152,-0.06618,0.20077,-0.02722,0.20261,-0.06618,-0.19152,0.31956,0.31954,-0.04318,-0.44622,,1.00000,0.96667,true,,0.01460,-0.28088,0.06868,-0.26922,0.27784,-0.01460,0.28088,0.29403,0.25963,-0.13993,0.25581,,0.85714,0.83333,true,,0.26423,-0.03945,0.26645,0.01264,0.26675,0.16628,0.20910,0.21279,-0.19400,0.09446,,0.37644,0.93056,1.00000,true,,-0.00558,-0.14031,0.02131,-0.13699,0.13864,0.06532,-0.12430,0.25545,-0.25415,-0.03062,,0.30323,0.91667,1.00000,true,,0.09649,-0.27848,0.14810,-0.25189,0.29220,-0.05568,-0.28941,0.04806,-0.03482,0.03310,,0.38046,0.97222,1.00000,true,,0.38139,-0.42638,0.45655,-0.34065,0.56963,-0.17857,-0.54348,0.26668,0.05062,-0.26178,,0.42645,0.88889,1.00000,true,,0.28962,-0.58452,0.39723,-0.51174,0.64782,-0.65102,0.04144,0.19270,-0.19301,-0.01719,,0.48448,0.75000,1.00000,true,,0.33522,-0.59502,0.44383,-0.51242,0.67791,-0.58782,0.34770,0.18754,-0.17062,0.08074,,0.42200,0.83333,1.00000,true,,0.33254,-0.52203,0.42631,-0.44093,0.61332,-0.02697,0.61836,0.13061,0.04990,0.12258,,0.36586,0.77778,1.00000,true,,0.35317,-0.59589,0.46035,-0.50805,0.68559,0.33947,0.60380,0.25214,0.20802,0.14883,,0.29006,0.86111,1.00000,1237
GEN_CAND_HO_02_s100_j2,scaled/GEN_CAND_HO_02_s100_j2.png,pose_rejected,1598,1279,overlay unavailable: 12 direction could not be established (minute-lattice branch unknown),false,,,,0,0,,,,,,,,,,,,,,,,,,,,,,,,,,,,,,,,,,,,,,,,,,,,,,,,,,,,,,,,,,,,,,,,,,,,,,,,,,,,,,,,,,,,,,,,,,,,,,,,,,,,,,,,,,,,,,,,,,,,,,,,,,,,,,,,,,,,,,,,,,,,,,,,,,,,,,,,,,,,,,,,,,,,,,,,,,,,,,,,,,,,,,,,,,,,
GEN_CAND_HO_02_s100_j3,scaled/GEN_CAND_HO_02_s100_j3.png,accepted,1597,1277,,true,142.92905,0.98370,0.12633,44,11,143.50004,false,0,,,,,,false,hand/occluder crosses outline (clean 0.00),,,,,,,,,,,,,0.52381,0.00000,,,,false,hand/occluder crosses outline (clean 0.00),,,,,,,,,,,,,0.47619,0.00000,false,hand/occluder crosses outline (clean 0.00),,,,,,,,,,,,,0.42857,0.00000,false,hand/occluder crosses outline (clean 0.13),,,,,,,,,,,,,0.36111,0.13333,false,hand/occluder crosses outline (clean 0.21),,,,,,,,,,,,,0.44444,0.20556,false,hand/occluder crosses outline (clean 0.22),,,,,,,,,,,,,0.34722,0.21667,false,hand/occluder crosses outline (clean 0.12),,,,,,,,,,,,,0.33333,0.11667,false,hand/occluder crosses outline (clean 0.17),,,,,,,,,,,,,0.34722,0.17222,false,hand/occluder crosses outline (clean 0.17),,,,,,,,,,,,,0.47222,0.17222,false,hand/occluder crosses outline (clean 0.17),,,,,,,,,,,,,0.33333,0.17222,false,hand/occluder crosses outline (clean 0.19),,,,,,,,,,,,,0.41667,0.18889,1270
GEN_CAND_HO_02_s100_j4,scaled/GEN_CAND_HO_02_s100_j4.png,accepted,1600,1277,,true,142.83039,0.98374,0.15208,44,11,143.38237,true,10,0.29821,-0.33748,0.45036,-0.04970,0.02719,true,,0.04026,0.31804,-0.02311,0.31517,0.31601,-0.31804,0.04026,0.68914,-0.65567,-0.23915,0.51181,,0.90476,0.90000,0.30694,0.67848,0.37508,true,,0.30285,-0.12164,0.32111,-0.05779,0.32627,-0.12164,-0.30285,0.34870,0.32675,-0.12920,-0.46583,,0.90476,0.96667,true,,0.01974,-0.37787,0.09427,-0.36190,0.37397,-0.01974,0.37787,0.26759,0.25910,-0.06809,0.10513,,0.85714,0.86667,true,,0.20899,-0.07307,0.21887,-0.02918,0.22081,0.16778,0.14445,0.24284,-0.22853,0.09156,,0.41068,0.98611,1.00000,true,,-0.03258,-0.21407,0.00996,-0.21363,0.21386,0.07882,-0.20168,0.25623,-0.25543,-0.02778,,0.31392,0.97222,1.00000,true,,0.13049,-0.41698,0.20979,-0.37872,0.43294,-0.09548,-0.42636,0.04423,-0.03515,-0.02743,,0.40959,0.93056,1.00000,true,,0.37878,-0.52516,0.47503,-0.43463,0.64386,-0.26541,-0.59062,0.25448,0.02172,-0.25375,,0.44841,0.83333,1.00000,true,,0.22009,-0.56103,0.32703,-0.50081,0.59813,-0.59591,0.08991,0.08895,-0.08376,0.03220,,0.39889,0.84722,1.00000,true,,0.36638,-0.64273,0.48659,-0.55027,0.73455,-0.63866,0.37343,0.20718,-0.18856,0.08892,,0.39980,0.83333,1.00000,true,,0.26072,-0.55454,0.36488,-0.48438,0.60643,0.05148,0.61060,0.14530,0.10699,0.10107,,0.29854,0.86111,1.00000,true,,0.39725,-0.56390,0.49982,-0.46595,0.68332,0.28973,0.62598,0.21185,0.11845,0.17851,,0.27021,0.83333,1.00000,1271
GEN_CAND_HO_02_s085_j0,scaled/GEN_CAND_HO_02_s085_j0.png,accepted,1360,1088,,true,124.49569,0.98908,0.15550,46,11,121.88769,false,0,,,,,,false,hand/occluder crosses outline (clean 0.00),,,,,,,,,,,,,0.47619,0.00000,,,,false,hand/occluder crosses outline (clean 0.10),,,,,,,,,,,,,0.47619,0.10000,false,hand/occluder crosses outline (clean 0.00),,,,,,,,,,,,,0.52381,0.00000,false,hand/occluder crosses outline (clean 0.17),,,,,,,,,,,,,0.33333,0.17222,false,hand/occluder crosses outline (clean 0.22),,,,,,,,,,,,,0.44444,0.21667,false,hand/occluder crosses outline (clean 0.24),,,,,,,,,,,,,0.31944,0.23889,false,hand/occluder crosses outline (clean 0.11),,,,,,,,,,,,,0.30556,0.10556,false,hand/occluder crosses outline (clean 0.07),,,,,,,,,,,,,0.33333,0.07222,false,hand/occluder crosses outline (clean 0.19),,,,,,,,,,,,,0.40278,0.19444,false,hand/occluder crosses outline (clean 0.00),,,,,,,,,,,,,0.34722,0.00000,false,hand/occluder crosses outline (clean 0.00),,,,,,,,,,,,,0.41667,0.00000,1180
GEN_CAND_HO_02_s085_j1,scaled/GEN_CAND_HO_02_s085_j1.png,accepted,1359,1086,,true,121.62551,0.98157,0.14664,46,11,121.76101,false,0,,,,,,false,hand/occluder crosses outline (clean 0.00),,,,,,,,,,,,,0.47619,0.00000,,,,false,hand/occluder crosses outline (clean 0.00),,,,,,,,,,,,,0.52381,0.00000,false,hand/occluder crosses outline (clean 0.00),,,,,,,,,,,,,0.23810,0.00000,false,hand/occluder crosses outline (clean 0.14),,,,,,,,,,,,,0.36111,0.13889,false,hand/occluder crosses outline (clean 0.00),,,,,,,,,,,,,0.33333,0.00000,false,hand/occluder crosses outline (clean 0.70),,,,,,,,,,,,,0.30556,0.70000,false,hand/occluder crosses outline (clean 0.12),,,,,,,,,,,,,0.40278,0.12222,false,hand/occluder crosses outline (clean 0.19),,,,,,,,,,,,,0.34722,0.18889,false,hand/occluder crosses outline (clean 0.14),,,,,,,,,,,,,0.45833,0.14444,false,hand/occluder crosses outline (clean 0.00),,,,,,,,,,,,,0.44444,0.00000,false,hand/occluder crosses outline (clean 0.15),,,,,,,,,,,,,0.38889,0.15000,1211
GEN_CAND_HO_02_s085_j2,scaled/GEN_CAND_HO_02_s085_j2.png,accepted,1358,1087,,true,121.49858,0.98148,0.14341,46,11,121.93466,false,0,,,,,,false,hand/occluder crosses outline (clean 0.00),,,,,,,,,,,,,0.52381,0.00000,,,,false,hand/occluder crosses outline (clean 0.00),,,,,,,,,,,,,0.42857,0.00000,false,hand/occluder crosses outline (clean 0.00),,,,,,,,,,,,,0.33333,0.00000,false,hand/occluder crosses outline (clean 0.09),,,,,,,,,,,,,0.40278,0.08889,false,hand/occluder crosses outline (clean 0.24),,,,,,,,,,,,,0.41667,0.23889,true,,-5.64937,8.33404,-6.41338,7.65524,9.98670,-0.72547,10.04218,,,,,0.34680,0.83333,1.00000,false,hand/occluder crosses outline (clean 0.00),,,,,,,,,,,,,0.37500,0.00000,false,hand/occluder crosses outline (clean 0.17),,,,,,,,,,,,,0.44444,0.16667,false,hand/occluder crosses outline (clean 0.22),,,,,,,,,,,,,0.36111,0.22222,false,hand/occluder crosses outline (clean 0.14),,,,,,,,,,,,,0.38889,0.13889,false,hand/occluder crosses outline (clean 0.00),,,,,,,,,,,,,0.33333,0.00000,1165
GEN_CAND_HO_02_s085_j3,scaled/GEN_CAND_HO_02_s085_j3.png,accepted,1357,1085,,true,121.38849,0.98348,0.15107,45,11,121.99207,true,10,0.21269,-0.33404,0.39601,-0.04266,0.03769,true,,0.08689,0.34572,0.01820,0.35014,0.35062,-0.34572,0.08689,0.67770,-0.67796,-0.12037,0.62127,,0.90476,0.86667,0.54851,0.68345,0.58304,true,,0.19195,-0.09992,0.20781,-0.05951,0.21616,-0.09992,-0.19195,0.32908,0.31321,-0.10943,-0.52522,,0.95238,0.86667,true,,0.02733,-0.28083,0.08165,-0.26620,0.27844,-0.02733,0.28083,0.21685,0.15508,-0.15360,0.29875,,0.80952,0.80000,true,,0.14611,0.00105,0.14285,0.02930,0.14582,0.07214,0.12706,0.30261,-0.28085,0.12480,,0.35985,0.98611,1.00000,true,,-0.11742,-0.12903,-0.09036,-0.14761,0.17307,-0.03717,-0.17045,0.30484,-0.30572,0.01650,,0.28112,0.94444,1.00000,true,,-0.01345,-0.37478,0.05902,-0.36662,0.37134,-0.19903,-0.31784,0.09456,-0.09376,0.01222,,0.30009,0.91667,1.00000,true,,0.34247,-0.49119,0.43150,-0.41042,0.59551,-0.25415,-0.54218,0.29929,0.04034,-0.29656,,0.36440,0.83333,1.00000,true,,0.20805,-0.49552,0.30081,-0.44038,0.53331,-0.53316,0.06758,0.11298,-0.09556,-0.06062,,0.34504,0.81944,1.00000,true,,0.31923,-0.58871,0.42778,-0.50817,0.66426,-0.57082,0.35023,0.21919,-0.21766,0.03281,,0.32723,0.80556,1.00000,true,,-0.00634,-0.80662,0.15114,-0.77956,0.79408,0.40880,0.69539,0.44709,0.38813,0.23486,,0.04101,0.83333,1.00000,true,,0.31192,-0.57259,0.41593,-0.49172,0.64403,0.33992,0.55642,0.21940,0.13004,0.18034,,0.20169,0.87500,1.00000,1129
GEN_CAND_HO_02_s085_j4,scaled/GEN_CAND_HO_02_s085_j4.png,accepted,1360,1085,,true,121.38873,0.98259,0.14231,45,11,121.93059,true,10,0.22837,-0.33033,0.40159,-0.03322,0.02753,true,,0.03278,0.33039,-0.03290,0.32536,0.32702,-0.33039,0.03278,0.68398,-0.67188,-0.17198,0.61856,,0.95238,0.80000,0.57540,0.67052,0.65042,true,,0.21052,-0.07132,0.22047,-0.02721,0.22214,-0.07132,-0.21052,0.34350,0.33314,-0.09682,-0.46231,,1.00000,1.00000,true,,-0.02899,-0.35026,0.04101,-0.34433,0.34676,0.02899,0.35026,0.22735,0.21752,-0.06785,0.21412,,0.85714,0.80000,true,,0.12482,-0.03476,0.12903,-0.00887,0.12933,0.09251,0.09072,0.28856,-0.27731,0.09326,,0.35981,0.98611,1.00000,true,,-0.09873,-0.19664,-0.05820,-0.20971,0.21764,0.01282,-0.21966,0.27816,-0.27797,-0.02247,,0.29314,0.95833,1.00000,true,,0.04128,-0.36301,0.11180,-0.34362,0.36135,-0.14576,-0.33502,0.06586,-0.06268,0.02011,,0.34448,0.83333,1.00000,true,,0.35845,-0.43396,0.43707,-0.34940,0.55956,-0.19660,-0.52741,0.26419,0.08114,-0.25131,,0.39039,0.81944,1.00000,true,,0.26323,-0.53549,0.36392,-0.46647,0.59164,-0.59536,0.03978,0.16919,-0.15969,-0.05800,,0.38705,0.76389,1.00000,true,,0.29037,-0.58176,0.39956,-0.50535,0.64423,-0.54235,0.35863,0.19585,-0.18571,0.06620,,0.31951,0.79167,1.00000,true,,0.16940,-0.58784,0.28190,-0.53408,0.60391,0.14722,0.59379,0.19078,0.12999,0.14342,,0.22823,0.86111,1.00000,true,,0.23539,-0.65848,0.36006,-0.58893,0.69027,0.45256,0.53310,0.28569,0.24068,0.16176,,0.14704,0.84722,1.00000,1121
GEN_CAND_HO_02_s070_j0,scaled/GEN_CAND_HO_02_s070_j0.png,accepted,1120,896,,true,100.18189,0.98192,0.18896,45,11,100.35841,true,9,0.21689,-0.35362,0.41483,-0.04668,0.06092,true,,0.06026,0.25225,0.00975,0.25515,0.25534,-0.25225,0.06026,0.62230,-0.60869,-0.16761,0.65982,,0.95238,0.80000,0.65803,0.68295,0.73738,false,hand/occluder crosses outline (clean 0.63),,,,,,,,,,,,,0.85714,0.63333,true,,-0.07191,-0.33066,-0.00502,-0.33426,0.33430,0.07191,0.33066,0.28766,0.24989,-0.14379,0.28000,,0.80952,0.80000,true,,0.17118,-0.06877,0.18086,-0.03288,0.18382,0.14515,0.11386,0.24656,-0.22917,0.10057,,0.30527,0.94444,0.98333,true,,0.04210,-0.14975,0.07023,-0.13662,0.15361,0.11133,-0.10864,0.18483,-0.17102,0.07444,,0.29259,0.93056,0.98333,true,,0.06718,-0.28574,0.12151,-0.26444,0.29102,-0.08469,-0.28104,0.05161,0.02683,0.04463,,0.29739,0.88889,0.98889,true,,0.22507,-0.40437,0.30014,-0.34908,0.46037,-0.23766,-0.39710,0.17816,0.07023,-0.16340,,0.29749,0.84722,1.00000,true,,0.22016,-0.49151,0.31324,-0.43448,0.53563,-0.53575,0.05509,0.13549,-0.08526,-0.10509,,0.28048,0.77778,1.00000,true,,0.33951,-0.61952,0.45560,-0.53437,0.70223,-0.60379,0.36676,0.24518,-0.24528,0.01022,,0.23732,0.72222,1.00000,true,,0.15552,-0.59017,0.26855,-0.53968,0.60281,0.16040,0.58886,0.15185,0.12504,0.08973,,0.13951,0.84722,0.98889,true,,0.16994,-0.68495,0.30052,-0.62758,0.69583,0.50821,0.48965,0.28407,0.27648,0.08249,,0.09950,0.94444,0.98333,1153
GEN_CAND_HO_02_s070_j1,scaled/GEN_CAND_HO_02_s070_j1.png,accepted,1119,895,,true,100.17944,0.98161,0.19679,46,11,100.45684,false,0,,,,,,false,hand/occluder crosses outline (clean 0.00),,,,,,,,,,,,,0.52381,0.00000,,,,false,hand/occluder crosses outline (clean 0.00),,,,,,,,,,,,,0.57143,0.00000,false,hand/occluder crosses outline (clean 0.00),,,,,,,,,,,,,0.23810,0.00000,false,hand/occluder crosses outline (clean 0.14),,,,,,,,,,,,,0.37500,0.13889,true,,3.37669,6.21608,2.82467,6.41493,7.00929,-0.18374,7.07163,,,,,-0.71368,0.70833,0.99444,false,hand/occluder crosses outline (clean 0.00),,,,,,,,,,,,,0.29167,0.00000,false,hand/occluder crosses outline (clean 0.08),,,,,,,,,,,,,0.47222,0.08333,false,hand/occluder crosses outline (clean 0.17),,,,,,,,,,,,,0.41667,0.16667,false,hand/occluder crosses outline (clean 0.18),,,,,,,,,,,,,0.40278,0.17778,false,hand/occluder crosses outline (clean 0.16),,,,,,,,,,,,,0.34722,0.16111,false,hand/occluder crosses outline (clean 0.00),,,,,,,,,,,,,0.48611,0.00000,1102
GEN_CAND_HO_02_s070_j2,scaled/GEN_CAND_HO_02_s070_j2.png,accepted,1119,895,,true,100.18171,0.98035,0.15015,45,11,100.40641,true,9,0.25655,-0.33164,0.41929,-0.07768,0.06272,false,hand/occluder crosses outline (clean 0.77),,,,,,,,,,,,,0.95238,0.76667,,,,true,,0.08430,-0.29151,0.14077,-0.26566,0.30065,-0.29151,-0.08430,0.14795,0.14845,0.01726,-0.65753,,0.80952,0.83333,false,hand/occluder crosses outline (clean 0.77),,,,,,,,,,,,,0.85714,0.76667,true,,0.13598,-0.05687,0.14435,-0.02775,0.14699,0.11724,0.08933,0.24068,-0.24166,0.03070,,0.29862,0.94444,0.98333,true,,-0.02516,-0.19377,0.01368,-0.19234,0.19283,0.07509,-0.18039,0.21386,-0.21188,-0.03199,,0.27503,0.91667,0.98333,true,,0.08000,-0.29891,0.13770,-0.27357,0.30627,-0.08018,-0.29886,0.03643,0.01392,0.03410,,0.25423,0.90278,0.98889,true,,0.33313,-0.34149,0.39456,-0.26420,0.47485,-0.12917,-0.45924,0.26253,0.17196,-0.19821,,0.30570,0.84722,1.00000,true,,0.27287,-0.56193,0.37971,-0.48972,0.61968,-0.62308,0.04465,0.15639,-0.13739,-0.07539,,0.31995,0.76389,1.00000,true,,0.22299,-0.58888,0.33620,-0.52528,0.62366,-0.48755,0.39849,0.10164,-0.07379,0.07142,,0.24961,0.73611,1.00000,true,,0.22428,-0.54299,0.32778,-0.47950,0.58083,0.07727,0.58238,0.12913,0.10996,0.07075,,0.12403,0.87500,0.98889,true,,0.24966,-0.61217,0.36604,-0.54090,0.65311,0.40532,0.52229,0.24170,0.23098,0.08259,,0.10007,0.91667,0.98333,1179
GEN_CAND_HO_02_s070_j3,scaled/GEN_CAND_HO_02_s070_j3.png,accepted,1118,894,,true,100.19793,0.98182,0.21133,45,11,100.59594,false,0,,,,,,false,hand/occluder crosses outline (clean 0.00),,,,,,,,,,,,,0.42857,0.00000,,,,false,hand/occluder crosses outline (clean 0.00),,,,,,,,,,,,,0.57143,0.00000,false,hand/occluder crosses outline (clean 0.00),,,,,,,,,,,,,0.47619,0.00000,false,hand/occluder crosses outline (clean 0.14),,,,,,,,,,,,,0.37500,0.13889,false,hand/occluder crosses outline (clean 0.22),,,,,,,,,,,,,0.43056,0.21667,false,hand/occluder crosses outline (clean 0.18),,,,,,,,,,,,,0.40278,0.18333,false,hand/occluder crosses outline (clean 0.16),,,,,,,,,,,,,0.33333,0.15556,false,hand/occluder crosses outline (clean 0.21),,,,,,,,,,,,,0.33333,0.20556,false,hand/occluder crosses outline (clean 0.21),,,,,,,,,,,,,0.44444,0.20556,false,hand/occluder crosses outline (clean 0.19),,,,,,,,,,,,,0.31944,0.19444,false,hand/occluder crosses outline (clean 0.15),,,,,,,,,,,,,0.48611,0.15000,1082
GEN_CAND_HO_02_s070_j4,scaled/GEN_CAND_HO_02_s070_j4.png,accepted,1120,894,,true,100.01969,0.97516,0.16875,45,11,100.44814,true,10,0.22528,-0.34122,0.40888,-0.06580,0.04510,true,,0.02100,0.25433,-0.02954,0.24939,0.25113,-0.25433,0.02100,0.60836,-0.58522,-0.19481,0.51891,,0.90476,0.80000,0.38251,0.70796,0.70775,true,,0.18891,-0.28331,0.24149,-0.23763,0.33881,-0.28331,-0.18891,0.17723,0.15032,-0.09601,-0.56470,,0.76190,0.80000,true,,-0.04822,-0.36054,0.02467,-0.35816,0.35901,0.04822,0.36054,0.26352,0.25075,-0.08289,0.25501,,0.76190,0.80000,true,,0.13000,-0.01859,0.13085,0.00768,0.13107,0.08110,0.10328,0.28688,-0.27380,0.09870,,0.27790,0.97222,0.98333,true,,-0.04224,-0.12481,-0.01695,-0.12905,0.13016,0.02582,-0.12921,0.25071,-0.24448,0.06252,,0.29853,0.93056,0.97778,true,,0.04898,-0.33896,0.11467,-0.31932,0.33929,-0.12706,-0.31804,0.02958,-0.01365,0.02631,,0.28450,0.88889,0.98889,true,,0.28032,-0.42875,0.35978,-0.36084,0.50955,-0.23114,-0.45714,0.21274,0.07858,-0.19738,,0.31735,0.80556,1.00000,true,,0.25284,-0.50263,0.34790,-0.43763,0.55907,-0.56171,0.03235,0.13514,-0.09937,-0.09161,,0.28753,0.77778,1.00000,true,,0.35985,-0.62749,0.47746,-0.53662,0.71828,-0.62539,0.36349,0.25049,-0.24763,0.04322,,0.25185,0.73611,1.00000,true,,0.17561,-0.59960,0.29076,-0.54409,0.61691,0.14772,0.60707,0.19232,0.14175,0.13418,,0.17134,0.84722,0.98889,true,,0.17031,-0.66213,0.29739,-0.60490,0.67405,0.48827,0.47856,0.29514,0.28599,0.09026,,0.11675,0.97222,0.98333,1042
GEN_CAND_HO_02_s055_j0,scaled/GEN_CAND_HO_02_s055_j0.png,pose_rejected,880,704,overlay unavailable: centroid lattice evidence insufficient,false,,,,0,0,,,,,,,,,,,,,,,,,,,,,,,,,,,,,,,,,,,,,,,,,,,,,,,,,,,,,,,,,,,,,,,,,,,,,,,,,,,,,,,,,,,,,,,,,,,,,,,,,,,,,,,,,,,,,,,,,,,,,,,,,,,,,,,,,,,,,,,,,,,,,,,,,,,,,,,,,,,,,,,,,,,,,,,,,,,,,,,,,,,,,,,,,,,,
GEN_CAND_HO_02_s055_j1,scaled/GEN_CAND_HO_02_s055_j1.png,pose_rejected,879,703,overlay unavailable: minute-lattice median residual too high (wrong local fit),false,,,,0,0,,,,,,,,,,,,,,,,,,,,,,,,,,,,,,,,,,,,,,,,,,,,,,,,,,,,,,,,,,,,,,,,,,,,,,,,,,,,,,,,,,,,,,,,,,,,,,,,,,,,,,,,,,,,,,,,,,,,,,,,,,,,,,,,,,,,,,,,,,,,,,,,,,,,,,,,,,,,,,,,,,,,,,,,,,,,,,,,,,,,,,,,,,,,
GEN_CAND_HO_02_s055_j2,scaled/GEN_CAND_HO_02_s055_j2.png,pose_rejected,879,703,overlay unavailable: minute-lattice median residual too high (wrong local fit),false,,,,0,0,,,,,,,,,,,,,,,,,,,,,,,,,,,,,,,,,,,,,,,,,,,,,,,,,,,,,,,,,,,,,,,,,,,,,,,,,,,,,,,,,,,,,,,,,,,,,,,,,,,,,,,,,,,,,,,,,,,,,,,,,,,,,,,,,,,,,,,,,,,,,,,,,,,,,,,,,,,,,,,,,,,,,,,,,,,,,,,,,,,,,,,,,,,,
GEN_CAND_HO_02_s055_j3,scaled/GEN_CAND_HO_02_s055_j3.png,pose_rejected,878,702,overlay unavailable: minute-lattice median residual too high (wrong local fit),false,,,,0,0,,,,,,,,,,,,,,,,,,,,,,,,,,,,,,,,,,,,,,,,,,,,,,,,,,,,,,,,,,,,,,,,,,,,,,,,,,,,,,,,,,,,,,,,,,,,,,,,,,,,,,,,,,,,,,,,,,,,,,,,,,,,,,,,,,,,,,,,,,,,,,,,,,,,,,,,,,,,,,,,,,,,,,,,,,,,,,,,,,,,,,,,,,,,
GEN_CAND_HO_02_s055_j4,scaled/GEN_CAND_HO_02_s055_j4.png,accepted,880,702,,true,78.85624,0.97788,0.23974,45,11,78.78952,true,9,0.18621,-0.38080,0.42389,-0.07468,0.06193,true,,0.11006,0.23897,0.06064,0.25240,0.25958,-0.23897,0.11006,0.60109,-0.60686,-0.06453,0.98288,,0.90476,0.83333,1.10408,0.73936,0.53073,true,,0.11394,-0.54691,0.22013,-0.50923,0.55477,-0.54691,-0.11394,0.11276,-0.08757,-0.07170,-0.66169,,0.66667,1.00000,false,hand/occluder crosses outline (clean 0.73),,,,,,,,,,,,,0.76190,0.73333,true,,0.19185,-0.06863,0.20108,-0.02823,0.20305,0.15536,0.13183,0.27082,-0.20941,0.17780,,0.24941,0.90278,0.97778,true,,0.10552,-0.19636,0.14164,-0.16902,0.22052,0.18956,-0.11729,0.13308,-0.06233,0.11954,,0.26267,0.84722,0.97778,true,,0.01579,-0.39968,0.09382,-0.38520,0.39646,-0.18616,-0.35403,0.02537,-0.02316,-0.01065,,0.14367,0.86111,0.97778,true,,0.28313,-0.47965,0.37241,-0.41008,0.55395,-0.27383,-0.48502,0.26710,0.08004,-0.25452,,0.24045,0.84722,0.98333,true,,0.16584,-0.59088,0.28025,-0.54126,0.60951,-0.59464,0.15182,0.13770,-0.13422,-0.03258,,0.23433,0.77778,0.99444,true,,-0.12825,-0.55705,-0.01457,-0.56603,0.56622,-0.16746,0.54654,0.24825,0.18008,0.17128,,-0.05126,0.83333,0.98333,true,,0.01989,-0.42883,0.10461,-0.41037,0.42349,0.19719,0.38132,0.16382,0.12983,-0.10048,,0.08556,0.77778,0.97778,true,,0.12686,-0.51059,0.22485,-0.46755,0.51881,0.37875,0.36515,0.11909,0.12053,-0.00378,,0.09381,0.90278,0.97222,987
GEN_CAND_HO_02_s045_j0,scaled/GEN_CAND_HO_02_s045_j0.png,pose_rejected,720,576,overlay unavailable: minute-lattice median residual too high (wrong local fit),false,,,,0,0,,,,,,,,,,,,,,,,,,,,,,,,,,,,,,,,,,,,,,,,,,,,,,,,,,,,,,,,,,,,,,,,,,,,,,,,,,,,,,,,,,,,,,,,,,,,,,,,,,,,,,,,,,,,,,,,,,,,,,,,,,,,,,,,,,,,,,,,,,,,,,,,,,,,,,,,,,,,,,,,,,,,,,,,,,,,,,,,,,,,,,,,,,,,
GEN_CAND_HO_02_s045_j1,scaled/GEN_CAND_HO_02_s045_j1.png,pose_rejected,720,575,overlay unavailable: minute-lattice median residual too high (wrong local fit),false,,,,0,0,,,,,,,,,,,,,,,,,,,,,,,,,,,,,,,,,,,,,,,,,,,,,,,,,,,,,,,,,,,,,,,,,,,,,,,,,,,,,,,,,,,,,,,,,,,,,,,,,,,,,,,,,,,,,,,,,,,,,,,,,,,,,,,,,,,,,,,,,,,,,,,,,,,,,,,,,,,,,,,,,,,,,,,,,,,,,,,,,,,,,,,,,,,,
GEN_CAND_HO_02_s045_j2,scaled/GEN_CAND_HO_02_s045_j2.png,pose_rejected,719,576,overlay unavailable: minute-lattice median residual too high (wrong local fit),false,,,,0,0,,,,,,,,,,,,,,,,,,,,,,,,,,,,,,,,,,,,,,,,,,,,,,,,,,,,,,,,,,,,,,,,,,,,,,,,,,,,,,,,,,,,,,,,,,,,,,,,,,,,,,,,,,,,,,,,,,,,,,,,,,,,,,,,,,,,,,,,,,,,,,,,,,,,,,,,,,,,,,,,,,,,,,,,,,,,,,,,,,,,,,,,,,,,
GEN_CAND_HO_02_s045_j3,scaled/GEN_CAND_HO_02_s045_j3.png,pose_rejected,719,575,overlay unavailable: minute-lattice median residual too high (wrong local fit),false,,,,0,0,,,,,,,,,,,,,,,,,,,,,,,,,,,,,,,,,,,,,,,,,,,,,,,,,,,,,,,,,,,,,,,,,,,,,,,,,,,,,,,,,,,,,,,,,,,,,,,,,,,,,,,,,,,,,,,,,,,,,,,,,,,,,,,,,,,,,,,,,,,,,,,,,,,,,,,,,,,,,,,,,,,,,,,,,,,,,,,,,,,,,,,,,,,,
GEN_CAND_HO_02_s045_j4,scaled/GEN_CAND_HO_02_s045_j4.png,pose_rejected,720,575,overlay unavailable: minute-lattice median residual too high (wrong local fit),false,,,,0,0,,,,,,,,,,,,,,,,,,,,,,,,,,,,,,,,,,,,,,,,,,,,,,,,,,,,,,,,,,,,,,,,,,,,,,,,,,,,,,,,,,,,,,,,,,,,,,,,,,,,,,,,,,,,,,,,,,,,,,,,,,,,,,,,,,,,,,,,,,,,,,,,,,,,,,,,,,,,,,,,,,,,,,,,,,,,,,,,,,,,,,,,,,,,
RL_THEONE_BLNR_s100_j0,scaled/RL_THEONE_BLNR_s100_j0.png,accepted,1600,1200,,true,164.27766,0.98777,0.13825,44,11,165.12053,true,10,-0.52118,0.07976,0.52725,0.18931,0.05586,true,,-0.91407,1.20240,-0.90886,1.19567,1.50188,-1.20240,-0.91407,1.45431,-1.36950,-0.51570,0.96493,,0.95238,0.93333,0.99001,0.88554,0.76642,true,,-1.24226,0.83299,-1.23417,0.81358,1.47820,0.83299,1.24226,0.77680,0.51424,0.59367,0.33127,,1.00000,1.00000,true,,-0.55082,-0.22942,-0.53272,-0.22853,0.57967,0.55082,0.22942,0.27909,-0.21224,0.19058,-0.84910,,1.00000,0.93333,true,,-0.94444,-0.12173,-0.94021,-0.11770,0.94755,-0.36680,-0.87877,0.65672,-0.28573,-0.59456,,0.10234,0.84722,1.00000,true,,-0.19155,-0.04606,-0.19211,-0.04606,0.19755,-0.14285,-0.13566,0.12585,0.10085,-0.07463,,0.28488,0.84722,0.80000,true,,-0.05001,0.16300,-0.05105,0.16321,0.17101,0.03819,0.16617,0.36121,0.19918,-0.29983,,0.48340,0.79167,1.00000,true,,-0.60402,0.18967,-0.60446,0.18203,0.63128,-0.13775,0.61793,0.20115,-0.19994,-0.01069,,0.36242,0.66667,0.81667,true,,-0.67168,0.51047,-0.66160,0.49773,0.82791,0.77792,0.32646,0.28733,0.18870,-0.21945,,0.42383,0.90278,1.00000,true,,-0.75548,0.25040,-0.73637,0.24016,0.77454,0.77946,0.16088,0.16193,0.02761,-0.16185,,0.16841,0.75000,1.00000,true,,-0.35647,-0.44184,-0.34275,-0.43473,0.55360,0.52963,0.20440,0.42335,-0.13950,0.40870,,-0.32656,0.90278,1.00000,true,,-0.26114,-0.16588,-0.25401,-0.16265,0.30162,0.27422,-0.14321,0.27522,-0.17173,0.22371,,0.01209,0.83333,1.00000,1568
RL_THEONE_BLNR_s100_j1,scaled/RL_THEONE_BLNR_s100_j1.png,accepted,1599,1198,,true,168.24789,0.98491,0.13326,44,11,165.17809,true,10,-0.60054,0.02346,0.60100,0.17874,0.07128,true,,-1.15638,1.33761,-1.14350,1.33458,1.75747,-1.33761,-1.15638,1.69474,-1.54922,-0.71263,0.28875,,0.85714,1.00000,0.90338,-0.17440,0.86672,true,,-1.38876,0.64215,-1.37553,0.62588,1.51123,0.64215,1.38876,0.73099,0.39486,0.62563,0.17613,,1.00000,0.96667,true,,-0.76526,-0.27442,-0.74084,-0.27117,0.78891,0.76526,0.27442,0.15528,-0.06565,0.14360,-0.97839,,1.00000,0.93333,true,,-0.96217,-0.10686,-0.95815,-0.09927,0.96328,-0.38854,-0.88669,0.61636,-0.30344,-0.53936,,0.08711,0.83333,1.00000,true,,-0.13952,-0.09950,-0.13999,-0.09905,0.17149,-0.07108,-0.15592,0.23232,0.22764,-0.04004,,0.22864,0.83333,0.80000,true,,-0.12791,0.14599,-0.12881,0.14584,0.19458,-0.03778,0.19038,0.38493,0.23660,-0.30171,,0.50348,0.79167,1.00000,true,,-0.75340,0.08799,-0.75293,0.08069,0.75724,-0.30050,0.69646,0.25901,-0.25757,-0.00925,,0.30416,0.66667,0.80556,true,,-0.80207,0.37173,-0.78682,0.36099,0.86568,0.72296,0.50875,0.23229,0.15791,-0.17262,,0.36182,0.79167,1.00000,true,,-0.83885,0.20596,-0.81592,0.19822,0.83965,0.82944,0.24106,0.21207,0.05077,-0.20886,,0.15180,0.76389,1.00000,true,,-0.31658,-0.46310,-0.30519,-0.45438,0.54736,0.50572,0.24277,0.46050,-0.24860,0.40082,,-0.28851,0.86111,1.00000,true,,-0.36332,-0.19869,-0.35406,-0.19326,0.40337,0.35373,-0.21530,0.22443,-0.16914,0.15638,,0.00247,0.79167,1.00000,1572
RL_THEONE_BLNR_s100_j2,scaled/RL_THEONE_BLNR_s100_j2.png,accepted,1598,1199,,true,164.27472,0.98792,0.12374,44,11,165.23152,true,10,-0.57123,-0.05164,0.57356,0.13994,0.05159,true,,-1.11846,1.15328,-1.11357,1.14340,1.59606,-1.15328,-1.11846,1.52384,-1.38525,-0.65847,0.76958,,0.95238,1.00000,1.02085,0.49474,0.68185,true,,-1.23085,0.51411,-1.22238,0.49090,1.31727,0.51411,1.23085,0.65597,0.38668,0.53964,0.35967,,1.00000,0.96667,true,,-0.60299,-0.22012,-0.58210,-0.22156,0.62283,0.60299,0.22012,0.15779,-0.15049,0.06062,-0.75871,,1.00000,0.90000,true,,-1.01982,-0.19323,-1.01408,-0.19194,1.03208,-0.34257,-0.97980,0.63819,-0.28193,-0.57581,,0.05905,0.84722,1.00000,true,,-0.31984,-0.11097,-0.32027,-0.11208,0.33932,-0.22151,-0.25603,0.08295,0.06828,-0.04665,,0.27297,0.84722,0.80000,true,,-0.06190,0.08148,-0.06292,0.08099,0.10256,-0.01287,0.10152,0.42268,0.32409,-0.26799,,0.50475,0.77778,1.00000,true,,-0.61436,0.05993,-0.61431,0.04953,0.61631,-0.25528,0.56202,0.11914,-0.11293,-0.03664,,0.35523,0.63889,0.81667,true,,-0.54603,0.61200,-0.54103,0.59778,0.80626,0.80302,0.16687,0.59845,0.36649,-0.47895,,0.48987,0.83333,1.00000,true,,-0.84124,-0.62595,-0.81030,-0.62861,1.02554,0.41556,0.96271,0.56195,-0.25013,0.51150,,-0.46023,0.72222,1.00000,true,,-0.46131,-0.40031,-0.44299,-0.39506,0.59355,0.59967,0.11603,0.26277,-0.11319,0.24370,,-0.29451,0.93056,1.00000,true,,-0.37737,-0.12637,-0.36711,-0.12439,0.38761,0.29813,-0.26363,0.23294,-0.22011,0.09319,,0.02621,0.77778,1.00000,1834
RL_THEONE_BLNR_s100_j3,scaled/RL_THEONE_BLNR_s100_j3.png,accepted,1597,1197,,true,166.60310,0.96275,0.13748,44,11,165.12188,true,9,-0.56865,0.08888,0.57556,0.17558,0.07884,true,,-0.91227,1.26635,-0.90516,1.26029,1.55166,-1.26635,-0.91227,1.48977,-1.40689,-0.51863,0.80033,,0.90476,0.93333,0.97290,0.63224,0.81687,true,,-1.33828,0.79987,-1.32776,0.78164,1.54075,0.79987,1.33828,0.75953,0.48980,0.59149,0.38417,,1.00000,1.00000,true,,-0.66342,-0.26918,-0.64196,-0.26714,0.69532,0.66342,0.26918,0.22541,-0.13072,0.18876,-0.81064,,1.00000,0.93333,true,,-0.90477,-0.09794,-0.90085,-0.09259,0.90559,-0.36756,-0.83253,0.60912,-0.23666,-0.56462,,0.11394,0.83333,1.00000,false,hand/occluder crosses outline (clean 0.79),,,,,,,,,,,,,0.83333,0.79444,true,,-0.08373,0.20019,-0.08479,0.20043,0.21763,0.02758,0.21524,0.41711,0.24451,-0.33600,,0.49389,0.79167,1.00000,true,,-0.67147,0.16624,-0.67153,0.15880,0.69005,-0.19177,0.66463,0.22877,-0.21875,-0.06379,,0.33548,0.66667,0.81111,true,,-0.76127,0.44708,-0.74823,0.43501,0.86550,0.76782,0.43574,0.25901,0.16561,-0.20152,,0.38376,0.88889,1.00000,true,,-0.82234,0.19614,-0.80059,0.18730,0.82221,0.81024,0.24130,0.15307,0.03086,-0.15204,,0.12825,0.76389,1.00000,true,,-0.34081,-0.42295,-0.32823,-0.41553,0.52953,0.50662,0.19588,0.41009,-0.18161,0.37775,,-0.29210,0.84722,1.00000,true,,-0.27783,-0.19382,-0.27035,-0.18964,0.33023,0.30676,-0.14370,0.24950,-0.13755,0.21536,,-0.00134,0.79167,1.00000,1565
RL_THEONE_BLNR_s100_j4,scaled/RL_THEONE_BLNR_s100_j4.png,accepted,1600,1197,,true,166.68543,0.96370,0.13387,44,11,165.17752,true,10,-0.52636,0.06077,0.52985,0.17427,0.02831,true,,-1.01089,1.16776,-1.00597,1.16003,1.53546,-1.16776,-1.01089,1.43095,-1.33324,-0.54375,0.91483,,1.00000,0.96667,0.97737,0.79987,0.72269,true,,-1.17818,0.77036,-1.17138,0.74957,1.39068,0.77036,1.17818,0.75276,0.48844,0.58420,0.17048,,1.00000,1.00000,true,,-0.47722,-0.20269,-0.46103,-0.20257,0.50357,0.47722,0.20269,0.33342,-0.27249,0.20563,-1.00135,,1.00000,0.93333,true,,-0.99949,-0.15422,-0.99465,-0.15143,1.00611,-0.36619,-0.94269,0.64060,-0.27806,-0.58027,,0.07918,0.84722,1.00000,true,,-0.27684,-0.11800,-0.27724,-0.11850,0.30150,-0.18075,-0.24062,0.12479,0.07860,-0.09668,,0.27268,0.86111,0.81111,true,,-0.04435,0.08186,-0.04512,0.08168,0.09331,0.00252,0.09306,0.35642,0.19731,-0.29535,,0.47818,0.77778,1.00000,true,,-0.58123,0.14659,-0.58165,0.13808,0.59781,-0.16366,0.57665,0.18899,-0.18736,0.01701,,0.37362,0.65278,0.81667,true,,-0.60058,0.54717,-0.59287,0.53374,0.79773,0.77415,0.24654,0.32816,0.21810,-0.24854,,0.44676,0.88889,1.00000,true,,-0.72957,0.27216,-0.71149,0.26051,0.75768,0.76791,0.12908,0.15095,0.04063,-0.14751,,0.18536,0.75000,1.00000,true,,-0.40086,-0.37273,-0.38564,-0.36724,0.53253,0.53352,0.12236,0.39158,-0.12920,0.37812,,-0.29166,0.88889,1.00000,true,,-0.31420,-0.16915,-0.30550,-0.16614,0.34775,0.30359,-0.18753,0.27126,-0.14064,0.23945,,0.00115,0.83333,1.00000,1506
RL_THEONE_BLNR_s085_j0,scaled/RL_THEONE_BLNR_s085_j0.png,accepted,1360,1020,,true,141.67971,0.96618,0.12346,43,11,140.36267,true,9,-0.47262,-0.07086,0.47790,0.22296,0.05245,true,,-0.96954,0.82801,-0.96095,0.82450,1.26619,-0.82801,-0.96954,1.28340,-1.14709,-0.59340,0.74151,,0.95238,0.93333,0.95593,0.54284,0.79984,true,,-1.04370,0.52094,-1.03606,0.50532,1.15272,0.52094,1.04370,0.57997,0.35361,0.46787,-0.06230,,1.00000,1.00000,true,,-0.40795,-0.33319,-0.39320,-0.33015,0.51343,0.40795,0.33319,0.34098,-0.30717,0.16719,-0.63601,,1.00000,0.90000,true,,-0.83246,-0.31145,-0.82750,-0.30699,0.88261,-0.14651,-0.87666,0.57311,-0.22120,-0.53193,,0.00390,0.83333,1.00000,false,hand/occluder crosses outline (clean 0.79),,,,,,,,,,,,,0.87500,0.79444,true,,-0.03218,0.06378,-0.03265,0.06377,0.07164,0.00402,0.07133,0.29247,0.19882,-0.21277,,0.42887,0.76389,1.00000,true,,-0.56974,0.03393,-0.56953,0.02641,0.57014,-0.25548,0.51037,0.21341,-0.21070,0.02576,,0.28438,0.66667,0.84444,true,,-0.62199,0.35290,-0.61198,0.34217,0.70114,0.61662,0.36221,0.26277,0.18258,-0.19138,,0.34360,0.76389,1.00000,true,,-0.71653,0.19574,-0.69818,0.18653,0.72267,0.71840,0.18875,0.22778,0.08386,-0.21483,,0.12983,0.81944,1.00000,true,,-0.40429,-0.41146,-0.38920,-0.40476,0.56152,0.55586,0.15419,0.26642,-0.14767,0.22943,,-0.22374,0.94444,1.00000,true,,-0.28636,-0.55599,-0.27582,-0.54710,0.61270,0.62468,0.03000,0.30962,0.07117,0.30575,,-0.23539,0.87500,1.00000,1366
RL_THEONE_BLNR_s085_j1,scaled/RL_THEONE_BLNR_s085_j1.png,accepted,1359,1018,,true,144.80969,0.97024,0.13987,44,11,140.40767,true,10,-0.49280,-0.13932,0.51212,0.16988,0.07712,true,,-1.07315,0.68351,-1.05988,0.68567,1.26233,-0.68351,-1.07315,1.23865,-1.01376,-0.72498,0.85080,,0.95238,0.93333,0.88272,0.86981,1.03617,true,,-1.25032,0.52813,-1.23863,0.51387,1.34100,0.52813,1.25032,0.77105,0.48765,0.60840,0.43225,,1.00000,1.00000,true,,-0.37922,-0.21928,-0.36696,-0.21636,0.42599,0.37922,0.21928,0.29752,-0.30010,-0.06306,-1.27748,,1.00000,0.93333,true,,-0.90163,-0.39818,-0.89735,-0.38967,0.97831,-0.10598,-0.97993,0.65011,-0.17117,-0.63140,,-0.07284,0.88889,1.00000,true,,-0.13597,-0.20811,-0.13632,-0.20767,0.24841,-0.01369,-0.24821,0.15882,0.15495,-0.03130,,0.15012,0.84722,0.80000,true,,-0.06311,0.05510,-0.06353,0.05495,0.08400,-0.02710,0.07928,0.34868,0.28117,-0.20302,,0.41716,0.73611,1.00000,true,,-0.63955,0.04095,-0.63916,0.03482,0.64011,-0.28431,0.57434,0.12284,-0.10766,0.05821,,0.23907,0.68056,0.84444,true,,-0.67242,0.28085,-0.65984,0.27225,0.71380,0.57943,0.44190,0.33187,0.25688,-0.21386,,0.28184,0.76389,1.00000,true,,-0.53821,-0.62178,-0.52067,-0.61702,0.80735,0.15521,0.80759,0.48333,-0.40117,0.28344,,-0.32921,0.81944,1.00000,true,,-0.37417,-0.37755,-0.36154,-0.36995,0.51727,0.51282,0.13988,0.20995,-0.18320,0.11495,,-0.21259,0.97222,1.00000,true,,-0.36032,-0.43903,-0.35040,-0.43012,0.55478,0.56037,-0.09253,0.11447,-0.00403,0.11637,,-0.15463,0.86111,1.00000,1384
RL_THEONE_BLNR_s085_j2,scaled/RL_THEONE_BLNR_s085_j2.png,accepted,1358,1019,,true,141.67993,0.96612,0.14043,43,11,140.48159,true,10,-0.50870,-0.15512,0.53182,0.15478,0.07011,true,,-1.08352,0.83981,-1.07607,0.83316,1.36092,-0.83981,-1.08352,1.35328,-1.16554,-0.70423,0.72662,,0.95238,0.93333,0.98790,0.55961,1.07605,true,,-1.22523,0.42042,-1.21596,0.39783,1.27938,0.42042,1.22523,0.69990,0.40820,0.57877,0.23856,,1.00000,1.00000,true,,-0.50653,-0.22345,-0.48834,-0.22391,0.53723,0.50653,0.22345,0.17825,-0.17432,-0.05832,-0.68330,,1.00000,0.90000,true,,-0.96379,-0.24186,-0.95770,-0.24002,0.98732,-0.27244,-0.95560,0.65379,-0.32245,-0.57189,,-0.00287,0.83333,1.00000,true,,-0.24292,-0.23151,-0.24204,-0.23234,0.33551,-0.09462,-0.32195,0.12352,0.10010,-0.07174,,0.12837,0.88889,0.80556,true,,-0.05692,0.01929,-0.05742,0.01861,0.06036,-0.03965,0.04517,0.38058,0.30703,-0.22128,,0.41805,0.72222,1.00000,true,,-0.60693,-0.00705,-0.60635,-0.01736,0.60659,-0.30957,0.52209,0.09747,-0.09637,0.01091,,0.24563,0.68056,0.84444,true,,-0.62895,0.31836,-0.61917,0.30529,0.69034,0.59018,0.38551,0.39617,0.28672,-0.27763,,0.30608,0.77778,1.00000,true,,-0.52857,-0.62067,-0.50634,-0.61923,0.79989,0.14742,0.80180,0.47633,-0.40077,0.27214,,-0.32380,0.84722,1.00000,true,,-0.45619,-0.37634,-0.43802,-0.37126,0.57419,0.58324,0.09782,0.14019,-0.11692,0.08483,,-0.19435,0.95833,1.00000,true,,-0.24457,-0.54246,-0.23295,-0.53427,0.58285,0.59207,0.05943,0.28770,0.02539,0.29117,,-0.28876,0.84722,1.00000,1389
RL_THEONE_BLNR_s085_j3,scaled/RL_THEONE_BLNR_s085_j3.png,accepted,1357,1017,,true,139.99774,0.98561,0.14214,43,11,140.33534,true,9,-0.50159,-0.11080,0.51368,0.18208,0.07880,true,,-1.10903,0.84975,-1.09727,0.84854,1.38709,-0.84975,-1.10903,1.37893,-1.16398,-0.75513,0.41255,,0.85714,0.96667,0.91646,0.17149,1.40060,true,,-1.20561,0.53593,-1.19569,0.52048,1.30406,0.53593,1.20561,0.70633,0.45301,0.55175,0.35683,,1.00000,1.00000,true,,-0.53849,-0.22873,-0.52123,-0.22682,0.56845,0.53849,0.22873,0.15995,-0.16258,-0.02703,-1.50472,,1.00000,0.93333,true,,-0.83830,-0.37324,-0.83364,-0.36683,0.91078,-0.09592,-0.91261,0.58858,-0.14483,-0.57441,,-0.07121,0.83333,1.00000,false,hand/occluder crosses outline (clean 0.79),,,,,,,,,,,,,0.83333,0.79444,true,,-0.01648,0.06853,-0.01675,0.06870,0.07072,0.01999,0.06758,0.39700,0.30737,-0.24806,,0.42079,0.73611,1.00000,true,,-0.62089,0.07625,-0.62078,0.06942,0.62465,-0.24441,0.57584,0.10872,-0.10275,0.03393,,0.24632,0.68056,0.84444,true,,-0.63740,0.32908,-0.62656,0.31961,0.70336,0.60369,0.38746,0.35288,0.23722,-0.26447,,0.31202,0.77778,1.00000,true,,-0.59171,-0.57228,-0.57210,-0.56967,0.80735,0.22630,0.79146,0.45745,-0.36643,0.28524,,-0.31154,0.80556,1.00000,true,,-0.36386,-0.37258,-0.35100,-0.36581,0.50697,0.50140,0.14073,0.23978,-0.20136,0.14264,,-0.20566,0.94444,1.00000,true,,-0.35740,-0.43800,-0.34684,-0.42981,0.55230,0.55802,-0.09052,0.13544,0.00097,0.13765,,-0.16869,0.84722,1.00000,1446
RL_THEONE_BLNR_s085_j4,scaled/RL_THEONE_BLNR_s085_j4.png,accepted,1360,1017,,true,142.54861,0.97584,0.14734,44,11,140.40861,true,10,-0.50515,-0.27956,0.57735,0.04953,0.08912,true,,-1.02801,0.81525,-1.01972,0.81011,1.30235,-0.81525,-1.02801,1.33086,-1.14879,-0.68889,0.77297,,0.90476,0.93333,0.98634,0.76708,1.53495,true,,-1.32170,-0.09705,-1.30673,-0.11776,1.31202,-0.09705,1.32170,0.64804,0.12841,0.64313,1.35238,,0.80952,1.00000,true,,-0.46599,-0.31319,-0.44885,-0.31132,0.54625,0.46599,0.31319,0.16020,-0.10018,-0.12969,-0.89371,,1.00000,0.90000,true,,-0.88442,-0.20898,-0.87941,-0.20622,0.90327,-0.26122,-0.87042,0.55156,-0.30165,-0.46411,,0.02657,0.84722,1.00000,true,,-0.15526,-0.20987,-0.15460,-0.21020,0.26093,-0.02952,-0.25938,0.22915,0.21981,0.06065,,0.18518,0.87500,0.80556,true,,-0.01469,-0.07812,-0.01429,-0.07862,0.07991,-0.05178,-0.06031,0.54244,0.47552,-0.25393,,0.38355,0.73611,1.00000,true,,-0.56070,0.00466,-0.56027,-0.00398,0.56028,-0.27631,0.48791,0.16559,0.16472,0.00453,,0.26879,0.68056,0.84444,true,,-0.60796,-0.64733,-0.58980,-0.65122,0.87861,-0.25663,0.85018,0.33744,-0.32925,0.08883,,-0.35552,0.79167,1.00000,true,,-0.57518,-0.55684,-0.55367,-0.55607,0.78470,0.21970,0.76982,0.16837,-0.14268,0.09475,,-0.32862,0.84722,1.00000,true,,-0.43091,-0.38296,-0.41438,-0.37720,0.56035,0.56466,0.11620,0.08613,-0.07569,-0.04522,,-0.20647,0.95833,1.00000,true,,-0.33720,-0.40238,-0.32575,-0.39582,0.51263,0.51707,-0.09084,0.05133,-0.03701,0.03750,,-0.13758,0.81944,1.00000,1738
RL_THEONE_BLNR_s070_j0,scaled/RL_THEONE_BLNR_s070_j0.png,accepted,1120,840,,true,116.82431,0.96532,0.19470,43,11,115.55263,true,8,-0.41569,-0.20044,0.46149,0.21027,0.01911,true,,-0.89856,0.42855,-0.88932,0.42853,0.98719,-0.42855,-0.89856,0.96101,-0.82224,-0.50759,1.08325,,0.95238,0.86667,0.97834,1.22133,1.20268,false,implausible side fit,,,,,,,,,,,,,0.61905,1.00000,true,,-0.72332,-0.21777,-0.70106,-0.21813,0.73421,0.72332,0.21777,0.11524,0.11807,-0.01084,-0.57228,,0.95238,0.80000,true,,-0.69967,-0.42128,-0.69486,-0.41739,0.81059,0.01501,-0.81657,0.40714,-0.14438,-0.38288,,-0.07704,0.95833,1.00000,false,hand/occluder crosses outline (clean 0.78),,,,,,,,,,,,,0.90278,0.78333,true,,0.08118,-0.08891,0.08204,-0.08850,0.12068,0.02585,-0.11759,0.34979,0.29338,-0.18701,,0.30468,0.75000,1.00000,true,,-0.53132,0.02059,-0.53100,0.01371,0.53117,-0.24783,0.47044,0.18386,-0.06165,0.17360,,0.19210,0.68056,0.85556,true,,-0.62285,0.23648,-0.61244,0.22678,0.65308,0.51622,0.42116,0.28775,0.28063,-0.07518,,0.24326,0.76389,0.99444,true,,-0.58402,-0.42544,-0.56533,-0.42582,0.70776,0.29306,0.66045,0.29493,-0.16994,0.24546,,-0.18121,0.87500,1.00000,true,,-0.37759,-0.28311,-0.36486,-0.27888,0.45923,0.46855,0.05639,0.19808,-0.19396,0.06317,,-0.15691,1.00000,1.00000,true,,-0.28676,-0.37414,-0.27786,-0.36833,0.46138,0.46739,-0.06127,0.20232,-0.11377,0.17292,,-0.17199,0.90278,1.00000,1243
RL_THEONE_BLNR_s070_j1,scaled/RL_THEONE_BLNR_s070_j1.png,pose_rejected,1119,839,overlay unavailable: centroid lattice evidence insufficient,false,,,,0,0,,,,,,,,,,,,,,,,,,,,,,,,,,,,,,,,,,,,,,,,,,,,,,,,,,,,,,,,,,,,,,,,,,,,,,,,,,,,,,,,,,,,,,,,,,,,,,,,,,,,,,,,,,,,,,,,,,,,,,,,,,,,,,,,,,,,,,,,,,,,,,,,,,,,,,,,,,,,,,,,,,,,,,,,,,,,,,,,,,,,,,,,,,,,
RL_THEONE_BLNR_s070_j2,scaled/RL_THEONE_BLNR_s070_j2.png,pose_rejected,1119,839,overlay unavailable: centroid lattice evidence insufficient,false,,,,0,0,,,,,,,,,,,,,,,,,,,,,,,,,,,,,,,,,,,,,,,,,,,,,,,,,,,,,,,,,,,,,,,,,,,,,,,,,,,,,,,,,,,,,,,,,,,,,,,,,,,,,,,,,,,,,,,,,,,,,,,,,,,,,,,,,,,,,,,,,,,,,,,,,,,,,,,,,,,,,,,,,,,,,,,,,,,,,,,,,,,,,,,,,,,,
RL_THEONE_BLNR_s070_j3,scaled/RL_THEONE_BLNR_s070_j3.png,accepted,1118,838,,true,119.41428,0.97170,0.16957,43,11,115.63951,true,8,-0.44602,-0.20028,0.48892,0.20302,0.03451,true,,-0.90891,0.37960,-0.89785,0.38211,0.97578,-0.37960,-0.90891,0.91727,-0.76751,-0.51216,1.14347,,1.00000,0.86667,0.92104,1.30474,0.92469,false,implausible side fit,,,,,,,,,,,,,0.61905,1.00000,true,,-0.68547,-0.27380,-0.66321,-0.27146,0.71662,0.68547,0.27380,0.05784,0.05578,0.02092,-0.49176,,0.95238,0.83333,true,,-0.71050,-0.38571,-0.70631,-0.37983,0.80196,-0.02122,-0.80816,0.40338,-0.15929,-0.37283,,-0.09944,0.97222,1.00000,false,hand/occluder crosses outline (clean 0.78),,,,,,,,,,,,,0.88889,0.78333,true,,0.03135,0.00207,0.03153,0.00232,0.03161,0.02818,-0.01388,0.35397,0.32930,-0.12324,,0.33209,0.72222,1.00000,true,,-0.53780,0.01731,-0.53744,0.01125,0.53756,-0.25391,0.47440,0.13368,-0.04507,0.12614,,0.19718,0.68056,0.85556,true,,-0.68428,0.16144,-0.67124,0.15257,0.68836,0.48196,0.51188,0.23845,0.23839,-0.03667,,0.18281,0.80556,0.99444,true,,-0.61222,-0.43740,-0.59249,-0.43640,0.73585,0.31150,0.68491,0.28176,-0.17098,0.22863,,-0.17553,0.87500,1.00000,true,,-0.40998,-0.31766,-0.39591,-0.31156,0.50380,0.51388,0.07011,0.17588,-0.16889,0.06625,,-0.15944,1.00000,1.00000,true,,-0.38122,-0.37480,-0.37033,-0.36729,0.52158,0.51519,-0.14275,0.11615,-0.07529,0.09229,,-0.12660,0.90278,1.00000,1248
RL_THEONE_BLNR_s070_j4,scaled/RL_THEONE_BLNR_s070_j4.png,accepted,1120,838,,true,119.44647,0.97033,0.16593,43,11,115.56219,true,8,-0.40118,-0.20953,0.45260,0.21118,0.01565,true,,-0.88441,0.51886,-0.87678,0.51643,1.01757,-0.51886,-0.88441,1.04391,-0.92190,-0.50207,0.85724,,0.90476,0.86667,0.97622,0.76040,0.93849,false,implausible side fit,,,,,,,,,,,,,0.61905,1.00000,true,,-0.62064,-0.15631,-0.60131,-0.15812,0.62176,0.62064,0.15631,0.07959,0.02879,-0.07553,-1.01963,,0.95238,0.80000,true,,-0.72376,-0.41570,-0.71818,-0.41303,0.82848,-0.00187,-0.83465,0.43828,-0.17659,-0.40333,,-0.05288,0.91667,1.00000,false,hand/occluder crosses outline (clean 0.78),,,,,,,,,,,,,0.95833,0.78333,true,,0.10582,-0.10029,0.10706,-0.09947,0.14614,0.04150,-0.13976,0.35662,0.30011,-0.18906,,0.30892,0.75000,1.00000,true,,-0.51284,0.02351,-0.51252,0.01586,0.51276,-0.23606,0.45588,0.18769,-0.05049,0.18127,,0.19801,0.68056,0.85556,true,,-0.62293,0.20277,-0.61243,0.19204,0.64183,0.48707,0.43809,0.26579,0.26507,-0.04453,,0.21876,0.76389,0.99444,true,,-0.59380,-0.40228,-0.57413,-0.40398,0.70202,0.31311,0.64529,0.26794,-0.13421,0.23571,,-0.18439,0.87500,1.00000,true,,-0.37709,-0.33374,-0.36335,-0.32932,0.49038,0.49344,0.10048,0.18415,-0.16188,0.09847,,-0.14538,1.00000,1.00000,true,,-0.28420,-0.42889,-0.27420,-0.42282,0.50395,0.51353,-0.03167,0.19950,-0.06875,0.19163,,-0.16380,0.91667,1.00000,1234
RL_THEONE_BLNR_s055_j0,scaled/RL_THEONE_BLNR_s055_j0.png,accepted,880,660,,true,92.16036,0.96666,0.22544,42,10,91.16106,true,9,-0.46116,-0.26770,0.53323,0.14505,0.04530,true,,-0.82354,0.48255,-0.81396,0.48289,0.94642,-0.48255,-0.82354,0.94368,-0.85660,-0.41139,0.79452,,1.00000,0.80000,0.95800,1.08514,2.43698,true,,-0.94721,-0.40189,-0.93129,-0.41279,1.01867,-0.40189,0.94721,0.47884,-0.23336,0.42304,0.10042,,0.95238,1.00000,true,,-0.52156,-0.43008,-0.49980,-0.42331,0.65497,0.52156,0.43008,0.11493,-0.04804,0.10729,-0.38383,,1.00000,0.83333,true,,-0.72715,-0.24596,-0.72312,-0.24032,0.76200,-0.15057,-0.75271,0.37167,-0.25558,-0.27029,,-0.11434,1.00000,1.00000,false,hand/occluder crosses outline (clean 0.79),,,,,,,,,,,,,1.00000,0.79444,true,,0.02625,-0.40889,0.02878,-0.40905,0.41006,-0.18171,-0.36724,0.49840,0.25181,-0.42828,,0.00871,1.00000,1.00000,true,,-0.48831,0.06825,-0.48760,0.06090,0.49139,-0.18505,0.45701,0.21456,0.17477,0.12580,,0.20015,0.75000,0.88333,true,,-0.57263,0.14955,-0.55893,0.13917,0.57600,0.41583,0.42114,0.34901,0.30589,-0.17844,,0.10565,0.79167,0.98333,true,,-0.58275,-0.31881,-0.56058,-0.31844,0.64471,0.34527,0.56747,0.05316,-0.03483,0.04160,,-0.15455,0.93056,1.00000,true,,-0.39655,-0.33536,-0.38040,-0.32777,0.50214,0.51110,0.09215,0.13692,-0.13738,0.03603,,-0.06692,1.00000,0.98333,true,,-0.29448,-0.44372,-0.28363,-0.43443,0.51882,0.53151,-0.03316,0.18181,-0.04325,0.18089,,-0.08243,1.00000,0.98889,1090
RL_THEONE_BLNR_s055_j1,scaled/RL_THEONE_BLNR_s055_j1.png,pose_rejected,879,659,overlay unavailable: minute-lattice median residual too high (wrong local fit),false,,,,0,0,,,,,,,,,,,,,,,,,,,,,,,,,,,,,,,,,,,,,,,,,,,,,,,,,,,,,,,,,,,,,,,,,,,,,,,,,,,,,,,,,,,,,,,,,,,,,,,,,,,,,,,,,,,,,,,,,,,,,,,,,,,,,,,,,,,,,,,,,,,,,,,,,,,,,,,,,,,,,,,,,,,,,,,,,,,,,,,,,,,,,,,,,,,,
RL_THEONE_BLNR_s055_j2,scaled/RL_THEONE_BLNR_s055_j2.png,accepted,879,659,,true,92.17522,0.96938,0.24710,43,11,91.17057,true,8,-0.39236,-0.35859,0.53154,-0.02717,0.00323,false,hand/occluder crosses outline (clean 0.77),,,,,,,,,,,,,1.00000,0.76667,,,,false,implausible side fit,,,,,,,,,,,,,0.61905,1.00000,true,,-0.35879,-0.45242,-0.34094,-0.44696,0.56215,0.35879,0.45242,0.09159,-0.02393,0.09007,-0.61233,,0.95238,0.83333,true,,-0.68261,-0.25818,-0.67655,-0.25465,0.72288,-0.11772,-0.72025,0.28550,-0.20732,-0.19753,,-0.05471,1.00000,1.00000,false,hand/occluder crosses outline (clean 0.79),,,,,,,,,,,,,1.00000,0.79444,true,,-0.13300,-0.43739,-0.13072,-0.44133,0.46028,-0.33388,-0.31229,0.29866,0.21315,-0.20673,,0.05527,0.87500,1.00000,true,,-0.54448,-0.21563,-0.54278,-0.22561,0.58781,-0.45898,0.36372,0.20403,0.07232,0.19113,,0.15774,0.73611,0.89444,true,,-0.41476,-0.32818,-0.40205,-0.33266,0.52183,-0.07684,0.52328,0.05304,0.05304,-0.00778,,0.00651,0.81944,0.98333,true,,-0.35741,-0.49667,-0.34014,-0.49433,0.60005,0.06119,0.60883,0.12594,-0.08708,0.09349,,-0.16710,0.90278,0.99444,true,,-0.36682,-0.28710,-0.35088,-0.28193,0.45011,0.46123,0.06523,0.06509,-0.04552,-0.04868,,-0.08271,1.00000,0.98333,true,,-0.31953,-0.40981,-0.30609,-0.40135,0.50475,0.51467,-0.07181,0.09386,0.02364,0.09242,,-0.10243,1.00000,0.99444,1034
RL_THEONE_BLNR_s055_j3,scaled/RL_THEONE_BLNR_s055_j3.png,accepted,878,658,,true,92.11830,0.96855,0.27708,42,10,90.98822,true,9,-0.41139,-0.31497,0.51812,-0.04559,0.07449,true,,-0.74887,0.55563,-0.74010,0.55494,0.92505,-0.55563,-0.74887,0.93346,-0.83885,-0.42529,1.16491,,1.00000,0.80000,0.93306,1.24768,0.62997,true,,-0.87652,-0.45391,-0.86519,-0.46280,0.98119,-0.45391,0.87652,0.38102,-0.10622,0.36909,0.97270,,0.90476,1.00000,false,hand/occluder crosses outline (clean 0.73),,,,,,,,,,,,,1.00000,0.73333,true,,-0.66872,-0.27272,-0.66478,-0.26650,0.71621,-0.09817,-0.71549,0.31702,-0.12939,-0.29135,,-0.07655,1.00000,1.00000,true,,-0.30632,-0.20763,-0.30702,-0.20656,0.37004,-0.16146,-0.33297,0.09364,0.07616,0.05392,,-0.02338,1.00000,0.80556,true,,-0.15159,-0.22060,-0.15202,-0.22264,0.26959,-0.24159,-0.11525,0.34740,0.31241,-0.14647,,0.08390,0.86111,0.99444,true,,-0.58293,-0.01787,-0.58261,-0.02437,0.58312,-0.30694,0.49590,0.28711,0.20982,0.19585,,0.16683,0.73611,0.88889,true,,-0.27455,-0.58958,-0.26554,-0.58773,0.64493,-0.37332,0.53256,0.28217,-0.27467,-0.08386,,-0.26029,0.95833,1.00000,true,,-0.33340,-0.44405,-0.32091,-0.44036,0.54489,0.06670,0.55125,0.10419,-0.10349,-0.02793,,-0.17448,0.93056,0.99444,true,,-0.37778,-0.28937,-0.36417,-0.28297,0.46119,0.47185,0.06171,0.09876,-0.01471,-0.09936,,-0.06670,1.00000,0.98333,true,,-0.28050,-0.38291,-0.27144,-0.37481,0.46278,0.47186,-0.05146,0.05983,0.02254,0.05630,,-0.11675,1.00000,0.98889,1136
RL_THEONE_BLNR_s055_j4,scaled/RL_THEONE_BLNR_s055_j4.png,pose_rejected,880,658,overlay unavailable: minute-lattice median residual too high (wrong local fit),false,,,,0,0,,,,,,,,,,,,,,,,,,,,,,,,,,,,,,,,,,,,,,,,,,,,,,,,,,,,,,,,,,,,,,,,,,,,,,,,,,,,,,,,,,,,,,,,,,,,,,,,,,,,,,,,,,,,,,,,,,,,,,,,,,,,,,,,,,,,,,,,,,,,,,,,,,,,,,,,,,,,,,,,,,,,,,,,,,,,,,,,,,,,,,,,,,,,
RL_THEONE_BLNR_s045_j0,scaled/RL_THEONE_BLNR_s045_j0.png,pose_rejected,720,540,overlay unavailable: minute-lattice median residual too high (wrong local fit),false,,,,0,0,,,,,,,,,,,,,,,,,,,,,,,,,,,,,,,,,,,,,,,,,,,,,,,,,,,,,,,,,,,,,,,,,,,,,,,,,,,,,,,,,,,,,,,,,,,,,,,,,,,,,,,,,,,,,,,,,,,,,,,,,,,,,,,,,,,,,,,,,,,,,,,,,,,,,,,,,,,,,,,,,,,,,,,,,,,,,,,,,,,,,,,,,,,,
RL_THEONE_BLNR_s045_j1,scaled/RL_THEONE_BLNR_s045_j1.png,pose_rejected,720,539,overlay unavailable: minute-lattice median residual too high (wrong local fit),false,,,,0,0,,,,,,,,,,,,,,,,,,,,,,,,,,,,,,,,,,,,,,,,,,,,,,,,,,,,,,,,,,,,,,,,,,,,,,,,,,,,,,,,,,,,,,,,,,,,,,,,,,,,,,,,,,,,,,,,,,,,,,,,,,,,,,,,,,,,,,,,,,,,,,,,,,,,,,,,,,,,,,,,,,,,,,,,,,,,,,,,,,,,,,,,,,,,
RL_THEONE_BLNR_s045_j2,scaled/RL_THEONE_BLNR_s045_j2.png,pose_rejected,719,540,overlay unavailable: minute-lattice median residual too high (wrong local fit),false,,,,0,0,,,,,,,,,,,,,,,,,,,,,,,,,,,,,,,,,,,,,,,,,,,,,,,,,,,,,,,,,,,,,,,,,,,,,,,,,,,,,,,,,,,,,,,,,,,,,,,,,,,,,,,,,,,,,,,,,,,,,,,,,,,,,,,,,,,,,,,,,,,,,,,,,,,,,,,,,,,,,,,,,,,,,,,,,,,,,,,,,,,,,,,,,,,,
RL_THEONE_BLNR_s045_j3,scaled/RL_THEONE_BLNR_s045_j3.png,pose_rejected,719,539,overlay unavailable: minute-lattice median residual too high (wrong local fit),false,,,,0,0,,,,,,,,,,,,,,,,,,,,,,,,,,,,,,,,,,,,,,,,,,,,,,,,,,,,,,,,,,,,,,,,,,,,,,,,,,,,,,,,,,,,,,,,,,,,,,,,,,,,,,,,,,,,,,,,,,,,,,,,,,,,,,,,,,,,,,,,,,,,,,,,,,,,,,,,,,,,,,,,,,,,,,,,,,,,,,,,,,,,,,,,,,,,
RL_THEONE_BLNR_s045_j4,scaled/RL_THEONE_BLNR_s045_j4.png,pose_rejected,720,539,overlay unavailable: minute-lattice median residual too high (wrong local fit),false,,,,0,0,,,,,,,,,,,,,,,,,,,,,,,,,,,,,,,,,,,,,,,,,,,,,,,,,,,,,,,,,,,,,,,,,,,,,,,,,,,,,,,,,,,,,,,,,,,,,,,,,,,,,,,,,,,,,,,,,,,,,,,,,,,,,,,,,,,,,,,,,,,,,,,,,,,,,,,,,,,,,,,,,,,,,,,,,,,,,,,,,,,,,,,,,,,,
RL_USER_BATGIRL_s100_j0,scaled/RL_USER_BATGIRL_s100_j0.png,accepted,960,1280,,true,204.14534,0.99919,0.21239,44,11,205.02430,true,10,0.01695,-0.70489,0.70509,0.06356,0.11362,false,hand/occluder crosses outline (clean 0.70),,,,,,,,,,,,,0.66667,0.70000,,,,true,,-0.79700,-0.43181,-0.80101,-0.42197,0.90536,-0.43181,0.79700,0.54423,0.17613,0.51634,0.77606,,1.00000,1.00000,true,,0.14534,-1.92277,0.12029,-1.91597,1.91974,-0.14534,1.92277,0.93099,-0.21741,0.90943,-1.51981,,1.00000,0.86667,true,,0.45718,-0.67697,0.44748,-0.68227,0.81593,0.81487,0.05744,0.10172,0.08408,0.05736,,0.32693,0.95833,1.00000,true,,-0.55028,-0.81680,-0.56188,-0.80754,0.98378,-0.06816,-0.98251,0.90173,-0.55005,-0.71442,,0.24607,1.00000,1.00000,true,,0.18315,-0.06661,0.18248,-0.06892,0.19506,0.12531,-0.14926,0.37913,0.34976,0.14515,,0.43566,0.98611,1.00000,true,,-0.21364,-0.65538,-0.22252,-0.65266,0.68955,-0.67440,-0.14267,0.20607,-0.18177,-0.09716,,0.48860,1.00000,1.00000,true,,-0.21186,-0.26837,-0.21439,-0.26522,0.34104,-0.12649,0.31766,0.52017,0.39247,-0.34316,,0.46518,0.98611,1.00000,true,,0.16771,-0.24397,0.16361,-0.24515,0.29473,-0.26722,0.12743,0.79818,0.00283,-0.80157,,0.46122,0.98611,1.00000,true,,0.08987,-1.20944,0.07407,-1.20458,1.20686,0.52689,1.09234,0.16342,0.09060,0.13702,,0.33115,0.93056,1.00000,true,,0.58741,-0.97988,0.57162,-0.98425,1.13820,0.55489,0.99865,0.32655,-0.14957,0.29223,,0.29371,0.91667,1.00000,1178
RL_USER_BATGIRL_s100_j1,scaled/RL_USER_BATGIRL_s100_j1.png,accepted,959,1278,,true,204.41642,0.99685,0.19550,44,11,205.07138,true,10,0.03895,-0.64475,0.64592,0.04550,0.11053,false,hand/occluder crosses outline (clean 0.70),,,,,,,,,,,,,0.66667,0.70000,,,,true,,-0.61526,-0.44261,-0.62108,-0.43251,0.75683,-0.44261,0.61526,0.38853,0.13261,0.36635,0.69769,,1.00000,0.96667,true,,0.19796,-1.87868,0.16628,-1.87293,1.88030,-0.19796,1.87868,0.95511,-0.21861,0.93430,-1.61580,,1.00000,0.86667,true,,0.46070,-0.57165,0.45056,-0.57910,0.73373,0.72542,0.11316,0.09680,0.06552,0.07132,,0.36964,0.95833,1.00000,true,,-0.56046,-0.72977,-0.57330,-0.71852,0.91921,-0.12048,-0.91223,0.89764,-0.56229,-0.69951,,0.30406,1.00000,1.00000,true,,0.14620,-0.01021,0.14621,-0.01256,0.14675,0.12151,-0.08194,0.37239,0.32538,0.18059,,0.48285,1.00000,1.00000,true,,-0.23658,-0.61672,-0.24693,-0.61264,0.66053,-0.65239,-0.10348,0.20270,-0.19396,-0.05905,,0.53232,1.00000,1.00000,true,,-0.16357,-0.19560,-0.16598,-0.19252,0.25419,-0.08761,0.23945,0.55327,0.42061,-0.36178,,0.49879,1.00000,1.00000,true,,0.16997,-0.19217,0.16574,-0.19408,0.25522,-0.24329,0.08144,0.77226,0.04684,-0.77436,,0.47294,0.98611,1.00000,true,,0.12718,-1.14271,0.10784,-1.13908,1.14417,0.46121,1.05320,0.18057,0.10568,0.14760,,0.34997,0.93056,1.00000,true,,0.60272,-0.90479,0.58453,-0.91204,1.08328,0.48221,0.97437,0.31245,-0.12789,0.28687,,0.35148,0.90278,1.00000,1164
RL_USER_BATGIRL_s100_j2,scaled/RL_USER_BATGIRL_s100_j2.png,accepted,958,1279,,true,204.12274,0.99948,0.19774,44,11,205.01083,true,10,0.01036,-0.71409,0.71416,0.05828,0.11451,false,hand/occluder crosses outline (clean 0.67),,,,,,,,,,,,,0.66667,0.66667,,,,true,,-0.90654,-0.45326,-0.90880,-0.44514,1.01196,-0.45326,0.90654,0.63644,0.17217,0.61452,1.10078,,1.00000,0.96667,true,,0.19918,-2.00206,0.17904,-1.99516,2.00318,-0.19918,2.00206,1.00972,-0.27203,0.97701,-1.40466,,1.00000,0.86667,true,,0.46328,-0.68601,0.45607,-0.69021,0.82728,0.82575,0.05820,0.12100,0.10016,0.06795,,0.35358,0.95833,1.00000,true,,-0.60969,-0.81923,-0.61844,-0.81164,1.02041,-0.11839,-1.01432,0.94276,-0.58839,-0.73626,,0.26846,1.00000,1.00000,true,,0.25212,-0.13006,0.25113,-0.13231,0.28385,0.15332,-0.23870,0.40349,0.39898,0.05673,,0.45694,0.98611,1.00000,true,,-0.24216,-0.68144,-0.24887,-0.67894,0.72312,-0.71122,-0.13100,0.21718,-0.19725,-0.09116,,0.53043,1.00000,1.00000,true,,-0.21874,-0.18727,-0.21953,-0.18494,0.28704,-0.05281,0.28307,0.61741,0.47853,-0.39276,,0.50384,1.00000,1.00000,true,,0.16597,-0.26523,0.16244,-0.26567,0.31139,-0.27635,0.14671,0.79399,-0.00060,-0.79742,,0.50386,0.98611,1.00000,true,,0.07217,-1.23425,0.06008,-1.22930,1.23076,0.55462,1.10498,0.18279,0.11472,0.14347,,0.32611,0.91667,1.00000,true,,0.59853,-0.91695,0.58667,-0.92030,1.09139,0.49484,0.97682,0.34296,-0.21337,0.27090,,0.34570,0.90278,1.00000,1135
RL_USER_BATGIRL_s100_j3,scaled/RL_USER_BATGIRL_s100_j3.png,accepted,957,1277,,true,204.00302,0.99920,0.21060,44,11,205.06115,true,10,0.00470,-0.69133,0.69135,0.05292,0.13718,false,hand/occluder crosses outline (clean 0.70),,,,,,,,,,,,,0.71429,0.70000,,,,true,,-0.97743,-0.40533,-0.98125,-0.39147,1.05646,-0.40533,0.97743,0.65328,0.20570,0.62186,0.80253,,1.00000,0.96667,true,,0.18988,-2.01306,0.15942,-2.00639,2.01271,-0.18988,2.01306,0.97896,-0.25667,0.94935,-1.39276,,1.00000,0.86667,true,,0.48476,-0.61750,0.47475,-0.62439,0.78438,0.77715,0.11106,0.09300,0.08122,0.04538,,0.34660,0.95833,1.00000,true,,-0.54911,-0.76273,-0.56134,-0.75251,0.93881,-0.09418,-0.93510,0.91860,-0.54201,-0.74159,,0.27518,1.00000,1.00000,true,,0.13217,-0.00841,0.13221,-0.01032,0.13261,0.11026,-0.07337,0.38068,0.35541,0.13530,,0.45810,0.98611,1.00000,true,,-0.28067,-0.62797,-0.29027,-0.62374,0.68797,-0.68417,-0.07092,0.21086,-0.17982,-0.11035,,0.50810,1.00000,1.00000,true,,-0.23487,-0.28004,-0.23793,-0.27605,0.36443,-0.12509,0.34343,0.55254,0.39442,-0.38899,,0.49063,0.98611,1.00000,true,,0.15111,-0.26944,0.14624,-0.27051,0.30751,-0.26559,0.15778,0.83012,0.00582,-0.83383,,0.47325,0.98611,1.00000,true,,0.14201,-1.24758,0.12293,-1.24345,1.24951,0.50080,1.15144,0.16411,0.07922,0.14467,,0.33618,0.90278,1.00000,true,,0.64102,-0.98655,0.62293,-0.99299,1.17220,0.53386,1.04842,0.32315,-0.14691,0.28975,,0.31955,0.90278,1.00000,1180
RL_USER_BATGIRL_s100_j4,scaled/RL_USER_BATGIRL_s100_j4.png,accepted,960,1277,,true,204.58674,0.99487,0.18008,44,11,204.98975,true,10,0.03943,-0.69992,0.70103,0.06645,0.08935,false,hand/occluder crosses outline (clean 0.73),,,,,,,,,,,,,0.71429,0.73333,,,,true,,-0.60667,-0.42536,-0.61020,-0.41886,0.74013,-0.42536,0.60667,0.44638,0.17283,0.41278,0.75849,,1.00000,0.96667,true,,0.21030,-1.89656,0.18850,-1.89077,1.90015,-0.21030,1.89656,0.98626,-0.26566,0.95413,-1.59067,,1.00000,0.86667,true,,0.42364,-0.70743,0.41499,-0.71153,0.82370,0.82448,0.01317,0.10391,0.08289,0.06274,,0.33935,0.95833,1.00000,true,,-0.57979,-0.86219,-0.59038,-0.85376,1.03801,-0.07102,-1.03658,0.91514,-0.57338,-0.71302,,0.24209,1.00000,1.00000,true,,0.25489,-0.12870,0.25369,-0.13143,0.28572,0.15639,-0.23890,0.37930,0.35507,0.13214,,0.43472,0.98611,1.00000,true,,-0.17817,-0.67433,-0.18600,-0.67231,0.69757,-0.67308,-0.18287,0.20684,-0.20041,-0.05104,,0.51669,1.00000,1.00000,true,,-0.16566,-0.18823,-0.16703,-0.18612,0.25009,-0.08018,0.23758,0.54971,0.43998,-0.33164,,0.47668,1.00000,1.00000,true,,0.18611,-0.18933,0.18294,-0.19061,0.26420,-0.25584,0.07091,0.76959,0.02510,-0.77230,,0.47100,0.98611,1.00000,true,,0.04781,-1.13913,0.03519,-1.13430,1.13484,0.52817,1.01042,0.16044,0.10806,0.11972,,0.32923,0.91667,1.00000,true,,0.53822,-0.93776,0.52506,-0.94088,1.07748,0.54302,0.93499,0.31962,-0.15108,0.28351,,0.31523,0.91667,1.00000,1170
RL_USER_BATGIRL_s085_j0,scaled/RL_USER_BATGIRL_s085_j0.png,accepted,816,1088,,true,173.35950,0.99892,0.16246,44,11,174.38207,true,10,0.01871,-0.57778,0.57808,0.03473,0.11672,false,hand/occluder crosses outline (clean 0.63),,,,,,,,,,,,,0.66667,0.63333,,,,true,,-0.61966,-0.50707,-0.62457,-0.49895,0.79940,-0.50707,0.61966,0.37765,0.02640,0.37783,0.88440,,1.00000,0.93333,true,,0.20805,-1.69557,0.18480,-1.68915,1.69922,-0.20805,1.69557,0.87340,-0.22737,0.84813,-1.48400,,1.00000,0.86667,true,,0.38956,-0.49212,0.38255,-0.49706,0.62723,0.62097,0.09130,0.08962,0.05694,0.06929,,0.33076,0.94444,1.00000,true,,-0.50998,-0.60365,-0.51865,-0.59524,0.78950,-0.13983,-0.77776,0.76565,-0.50153,-0.57811,,0.28965,1.00000,1.00000,true,,0.12854,-0.07881,0.12766,-0.08037,0.15085,0.07192,-0.13252,0.30449,0.28941,0.09355,,0.40787,1.00000,1.00000,true,,-0.21689,-0.54798,-0.22417,-0.54493,0.58924,-0.58301,-0.08615,0.15669,-0.14384,-0.06242,,0.48844,1.00000,1.00000,true,,-0.17381,-0.13872,-0.17466,-0.13624,0.22152,-0.03323,0.21989,0.54547,0.43235,-0.33558,,0.44913,1.00000,1.00000,true,,0.11369,-0.17218,0.11064,-0.17274,0.20514,-0.18455,0.09227,0.68591,0.07870,-0.68486,,0.44696,0.98611,1.00000,true,,0.09282,-0.99058,0.07946,-0.98630,0.98949,0.41491,0.90428,0.14032,0.09896,0.10073,,0.32595,0.90278,1.00000,true,,0.53785,-0.78781,0.52433,-0.79229,0.95008,0.41333,0.85969,0.28512,-0.12428,0.25848,,0.30469,0.91667,1.00000,1048
RL_USER_BATGIRL_s085_j1,scaled/RL_USER_BATGIRL_s085_j1.png,accepted,815,1086,,true,173.43920,0.99848,0.13290,44,11,174.34756,true,10,0.01300,-0.56202,0.56217,0.01828,0.11685,false,hand/occluder crosses outline (clean 0.63),,,,,,,,,,,,,0.61905,0.63333,,,,true,,-0.67959,-0.54794,-0.68686,-0.53672,0.87169,-0.54794,0.67959,0.43249,-0.00868,0.43349,0.89067,,1.00000,1.00000,true,,0.16646,-1.69439,0.13806,-1.68831,1.69395,-0.16646,1.69439,0.87441,-0.16813,0.86258,-1.37392,,1.00000,0.86667,true,,0.38498,-0.44443,0.37702,-0.45069,0.58760,0.57738,0.11118,0.09930,0.05243,0.08444,,0.36784,0.91667,1.00000,true,,-0.51625,-0.53913,-0.52585,-0.52881,0.74576,-0.17752,-0.72502,0.73734,-0.50447,-0.53738,,0.31456,1.00000,1.00000,true,,0.11133,-0.06230,0.11042,-0.06406,0.12766,0.06527,-0.10962,0.31826,0.30163,0.10042,,0.46885,0.98611,1.00000,true,,-0.20919,-0.56359,-0.21865,-0.55997,0.60115,-0.59268,-0.10063,0.16718,-0.14193,-0.08858,,0.49996,1.00000,1.00000,true,,-0.12437,-0.14223,-0.12604,-0.13989,0.18830,-0.06099,0.17882,0.55387,0.41215,-0.37246,,0.46273,1.00000,1.00000,true,,0.18255,-0.15747,0.17872,-0.15965,0.23965,-0.23683,0.04509,0.71804,0.03831,-0.72057,,0.46634,0.97222,1.00000,true,,0.10680,-0.95953,0.09060,-0.95606,0.96034,0.38727,0.88438,0.13733,0.09910,0.09633,,0.33507,0.90278,1.00000,true,,0.50862,-0.76663,0.49304,-0.77248,0.91641,0.40961,0.82379,0.25015,-0.09295,0.23373,,0.35097,0.88889,1.00000,1039
RL_USER_BATGIRL_s085_j2,scaled/RL_USER_BATGIRL_s085_j2.png,accepted,814,1087,,true,173.43526,0.99897,0.14475,44,11,174.25244,true,10,-0.00182,-0.59629,0.59629,0.04930,0.11556,false,hand/occluder crosses outline (clean 0.63),,,,,,,,,,,,,0.61905,0.63333,,,,true,,-0.75127,-0.47571,-0.75390,-0.46884,0.88779,-0.47571,0.75127,0.49182,0.05711,0.48988,0.75002,,1.00000,1.00000,true,,0.13283,-1.72880,0.11559,-1.72224,1.72611,-0.13283,1.72880,0.88314,-0.19370,0.86573,-1.43537,,1.00000,0.86667,true,,0.37203,-0.51431,0.36663,-0.51794,0.63457,0.63142,0.06503,0.08566,0.04198,0.07475,,0.35877,0.94444,1.00000,true,,-0.51025,-0.64333,-0.51715,-0.63710,0.82057,-0.12022,-0.81226,0.76287,-0.49236,-0.58231,,0.29531,1.00000,1.00000,true,,0.15896,-0.12250,0.15794,-0.12392,0.20075,0.07641,-0.18557,0.30621,0.30197,0.04838,,0.44587,1.00000,1.00000,true,,-0.20686,-0.55849,-0.21230,-0.55640,0.59553,-0.58709,-0.10010,0.16400,-0.14131,-0.08346,,0.49769,1.00000,1.00000,true,,-0.18111,-0.12494,-0.18140,-0.12309,0.21922,-0.01764,0.21931,0.56197,0.43214,-0.36174,,0.47959,1.00000,1.00000,true,,0.13293,-0.17821,0.13035,-0.17866,0.22116,-0.20423,0.08787,0.71079,0.02825,-0.71341,,0.46447,0.98611,1.00000,true,,0.06651,-1.02006,0.05642,-1.01599,1.01756,0.45243,0.91665,0.14075,0.08721,0.11137,,0.32172,0.91667,1.00000,true,,0.49593,-0.81107,0.48545,-0.81378,0.94757,0.45444,0.83503,0.27814,-0.13100,0.24705,,0.33551,0.87500,1.00000,1051
RL_USER_BATGIRL_s085_j3,scaled/RL_USER_BATGIRL_s085_j3.png,accepted,813,1085,,true,173.30566,0.99893,0.15985,44,11,174.26075,true,10,0.01957,-0.57634,0.57668,0.02581,0.13001,false,hand/occluder crosses outline (clean 0.63),,,,,,,,,,,,,0.61905,0.63333,,,,true,,-0.65491,-0.53244,-0.66121,-0.52267,0.84284,-0.53244,0.65491,0.38382,0.01099,0.38462,0.85555,,1.00000,1.00000,true,,0.08843,-1.74104,0.06262,-1.73413,1.73526,-0.08843,1.74104,0.86621,-0.09411,0.86507,-1.39075,,0.90476,0.86667,true,,0.39538,-0.44754,0.38814,-0.45355,0.59696,0.58527,0.11864,0.07043,0.03453,0.06147,,0.35346,0.91667,1.00000,true,,-0.48574,-0.50826,-0.49394,-0.49948,0.70246,-0.16653,-0.68303,0.73201,-0.51628,-0.51852,,0.29986,1.00000,1.00000,true,,0.11354,-0.02801,0.11326,-0.02966,0.11708,0.08433,-0.08103,0.33174,0.31198,0.11177,,0.44167,0.98611,1.00000,true,,-0.22630,-0.55105,-0.23463,-0.54763,0.59578,-0.59038,-0.07955,0.16601,-0.14103,-0.08774,,0.47163,1.00000,1.00000,true,,-0.14031,-0.19199,-0.14244,-0.18951,0.23708,-0.09611,0.21751,0.52871,0.38151,-0.36808,,0.44270,1.00000,1.00000,true,,0.18636,-0.21728,0.18194,-0.21909,0.28479,-0.27003,0.09500,0.70899,0.00660,-0.71229,,0.44070,0.97222,1.00000,true,,0.12083,-1.01838,0.10521,-1.01522,1.02065,0.40455,0.94236,0.14807,0.10378,0.10680,,0.32101,0.93056,1.00000,true,,0.55297,-0.80258,0.53800,-0.80868,0.97129,0.41857,0.88018,0.26528,-0.10389,0.24561,,0.31542,0.90278,1.00000,1046
RL_USER_BATGIRL_s085_j4,scaled/RL_USER_BATGIRL_s085_j4.png,accepted,816,1085,,true,173.38040,0.99923,0.16099,44,11,174.31952,true,10,0.00664,-0.59869,0.59872,0.03101,0.10257,false,hand/occluder crosses outline (clean 0.63),,,,,,,,,,,,,0.61905,0.63333,,,,true,,-0.69495,-0.59149,-0.69979,-0.58367,0.91125,-0.59149,0.69495,0.47268,-0.03203,0.47277,0.89594,,1.00000,0.96667,true,,0.14437,-1.65315,0.12525,-1.64633,1.65109,-0.14437,1.65315,0.83088,-0.17174,0.81723,-1.46495,,1.00000,0.86667,true,,0.35783,-0.49652,0.35177,-0.50024,0.61154,0.60891,0.06163,0.10370,0.03838,0.09647,,0.36154,0.93056,1.00000,true,,-0.48886,-0.64204,-0.49679,-0.63497,0.80622,-0.10234,-0.80045,0.70913,-0.45808,-0.54096,,0.28174,1.00000,1.00000,true,,0.17791,-0.17187,0.17614,-0.17365,0.24735,0.06813,-0.23780,0.31508,0.31268,0.03514,,0.41476,0.98611,1.00000,true,,-0.17228,-0.61403,-0.17930,-0.61174,0.63747,-0.61791,-0.15782,0.17883,-0.14872,-0.09967,,0.48996,1.00000,1.00000,true,,-0.16368,-0.15610,-0.16458,-0.15400,0.22540,-0.05335,0.21980,0.53511,0.42930,-0.32233,,0.46898,1.00000,1.00000,true,,0.12676,-0.15440,0.12419,-0.15500,0.19862,-0.18698,0.07033,0.69782,0.08087,-0.69644,,0.46506,0.98611,1.00000,true,,0.07711,-0.95550,0.06609,-0.95136,0.95365,0.41097,0.86604,0.11566,0.07855,0.08581,,0.33380,0.91667,1.00000,true,,0.49389,-0.76250,0.48259,-0.76561,0.90501,0.41340,0.80897,0.28115,-0.14367,0.24354,,0.32411,0.88889,1.00000,1026
RL_USER_BATGIRL_s070_j0,scaled/RL_USER_BATGIRL_s070_j0.png,accepted,672,896,,true,142.94174,0.99990,0.15657,44,11,143.56538,true,10,0.01730,-0.48337,0.48368,0.02180,0.11674,false,hand/occluder crosses outline (clean 0.60),,,,,,,,,,,,,0.61905,0.60000,,,,true,,-0.56499,-0.43865,-0.56945,-0.43154,0.71449,-0.43865,0.56499,0.36767,0.02201,0.36793,0.80602,,1.00000,1.00000,true,,0.23436,-1.44283,0.21417,-1.43919,1.45503,-0.23436,1.44283,0.77032,-0.23417,0.73766,-1.35246,,1.00000,0.86667,true,,0.34798,-0.39838,0.34220,-0.40285,0.52858,0.51900,0.10217,0.10603,0.06224,0.08594,,0.33018,0.90278,1.00000,true,,-0.39028,-0.51601,-0.39769,-0.50973,0.64651,-0.07999,-0.64201,0.59903,-0.36819,-0.47226,,0.26230,1.00000,1.00000,true,,0.08439,-0.10764,0.08302,-0.10868,0.13676,0.01926,-0.13542,0.22339,0.21535,0.05815,,0.39606,0.97222,1.00000,true,,-0.20940,-0.48234,-0.21592,-0.47966,0.52602,-0.52242,-0.05982,0.14462,-0.14035,-0.03480,,0.45850,1.00000,1.00000,true,,-0.13180,-0.11585,-0.13268,-0.11401,0.17494,-0.03443,0.17207,0.46832,0.37145,-0.28721,,0.40716,1.00000,1.00000,true,,0.12310,-0.11494,0.12080,-0.11598,0.16746,-0.16408,0.03799,0.60913,0.07326,-0.60727,,0.40957,0.98611,1.00000,true,,0.08818,-0.78463,0.07747,-0.78196,0.78578,0.31595,0.72361,0.08742,0.06898,0.05454,,0.29764,0.90278,1.00000,true,,0.41208,-0.63893,0.40141,-0.64236,0.75746,0.34730,0.67633,0.19451,-0.08565,0.17581,,0.28912,0.86111,1.00000,962
RL_USER_BATGIRL_s070_j1,scaled/RL_USER_BATGIRL_s070_j1.png,accepted,671,895,,true,142.84452,0.99884,0.17021,44,11,143.50628,true,10,0.00695,-0.47974,0.47979,0.02129,0.11388,false,hand/occluder crosses outline (clean 0.60),,,,,,,,,,,,,0.61905,0.60000,,,,true,,-0.56040,-0.52063,-0.56782,-0.51206,0.76461,-0.52063,0.56040,0.36494,-0.06343,0.36007,0.75956,,1.00000,0.93333,true,,0.10746,-1.32601,0.08528,-1.32290,1.32565,-0.10746,1.32601,0.63860,-0.11549,0.63038,-1.67264,,1.00000,0.86667,true,,0.34647,-0.43556,0.33861,-0.44145,0.55635,0.55044,0.08227,0.12821,0.10217,0.07755,,0.33996,0.90278,1.00000,true,,-0.39862,-0.48116,-0.40721,-0.47379,0.62474,-0.10464,-0.61600,0.58294,-0.38262,-0.43943,,0.29340,0.97222,1.00000,true,,0.09363,-0.07702,0.09242,-0.07858,0.12131,0.04258,-0.11352,0.25752,0.24485,0.07809,,0.42959,0.97222,1.00000,true,,-0.20348,-0.47213,-0.21153,-0.46935,0.51482,-0.51062,-0.05984,0.13291,-0.12705,-0.03852,,0.46759,1.00000,1.00000,true,,-0.12948,-0.14472,-0.13125,-0.14254,0.19377,-0.06059,0.18449,0.43480,0.33801,-0.27445,,0.41208,1.00000,1.00000,true,,0.13768,-0.13344,0.13462,-0.13521,0.19080,-0.18595,0.04672,0.59303,0.04237,-0.59351,,0.41243,0.97222,1.00000,true,,0.08753,-0.79528,0.07403,-0.79354,0.79698,0.32184,0.73250,0.10369,0.06989,0.07724,,0.29803,0.90278,1.00000,true,,0.43113,-0.60899,0.41865,-0.61481,0.74381,0.31184,0.67786,0.22661,-0.12140,0.19288,,0.31256,0.86111,1.00000,983
RL_USER_BATGIRL_s070_j2,scaled/RL_USER_BATGIRL_s070_j2.png,accepted,671,895,,true,142.89772,0.99934,0.14165,44,11,143.58329,true,10,0.01098,-0.49977,0.49990,0.04386,0.11305,false,hand/occluder crosses outline (clean 0.60),,,,,,,,,,,,,0.61905,0.60000,,,,true,,-0.56705,-0.49193,-0.57038,-0.48595,0.74931,-0.49193,0.56705,0.37010,-0.03823,0.36897,0.98937,,1.00000,0.96667,true,,0.13909,-1.39152,0.12519,-1.38557,1.39122,-0.13909,1.39152,0.69400,-0.17081,0.67635,-1.48226,,0.95238,0.90000,true,,0.31307,-0.42079,0.30871,-0.42345,0.52403,0.52095,0.06073,0.07279,0.02774,0.06738,,0.34024,0.94444,1.00000,true,,-0.38613,-0.54797,-0.39187,-0.54268,0.66937,-0.06041,-0.66762,0.60325,-0.37594,-0.47170,,0.25357,0.98611,1.00000,true,,0.14627,-0.08038,0.14565,-0.08163,0.16696,0.08648,-0.14275,0.28096,0.27220,0.06901,,0.40160,0.97222,1.00000,true,,-0.15986,-0.45752,-0.16427,-0.45541,0.48414,-0.47615,-0.09032,0.11556,-0.10116,-0.05625,,0.46413,1.00000,1.00000,true,,-0.14869,-0.10243,-0.14897,-0.10080,0.17987,-0.01436,0.17998,0.47176,0.37647,-0.28720,,0.45060,1.00000,1.00000,true,,0.10464,-0.19675,0.10214,-0.19674,0.22167,-0.18899,0.11807,0.53621,0.02416,-0.53838,,0.38890,0.97222,1.00000,true,,0.07168,-0.81918,0.06357,-0.81554,0.81801,0.34751,0.74528,0.09357,0.05941,0.07299,,0.28372,0.88889,1.00000,true,,0.38384,-0.67045,0.37553,-0.67182,0.76965,0.38871,0.66764,0.19347,-0.08867,0.17304,,0.30567,0.87500,1.00000,1031
RL_USER_BATGIRL_s070_j3,scaled/RL_USER_BATGIRL_s070_j3.png,accepted,670,894,,true,142.99158,0.99891,0.15645,44,11,143.65782,true,10,0.01177,-0.47166,0.47180,0.00542,0.13277,false,hand/occluder crosses outline (clean 0.60),,,,,,,,,,,,,0.66667,0.60000,,,,true,,-0.67096,-0.42652,-0.67562,-0.41681,0.79384,-0.42652,0.67096,0.43921,0.04043,0.43858,0.87144,,1.00000,0.96667,true,,0.27934,-1.41136,0.25647,-1.40806,1.43123,-0.27934,1.41136,0.73299,-0.26622,0.68716,-1.70457,,1.00000,0.86667,true,,0.34958,-0.38823,0.34320,-0.39332,0.52200,0.51101,0.10863,0.10344,0.08571,0.05800,,0.32865,0.90278,1.00000,true,,-0.42648,-0.47426,-0.43425,-0.46646,0.63731,-0.13222,-0.62396,0.63092,-0.39141,-0.49457,,0.28423,0.98611,1.00000,true,,0.04598,-0.07912,0.04480,-0.07974,0.09146,0.00026,-0.09151,0.22161,0.21389,0.05688,,0.41440,0.97222,1.00000,true,,-0.24917,-0.46825,-0.25634,-0.46447,0.53051,-0.53010,-0.01833,0.14109,-0.13645,-0.03606,,0.46116,1.00000,1.00000,true,,-0.13571,-0.11635,-0.13673,-0.11416,0.17812,-0.03291,0.17570,0.49174,0.37974,-0.31484,,0.41510,1.00000,1.00000,true,,0.13425,-0.12955,0.13138,-0.13083,0.18541,-0.18104,0.04507,0.62590,0.06550,-0.62549,,0.41903,0.98611,1.00000,true,,0.12972,-0.83595,0.11643,-0.83333,0.84142,0.30563,0.78881,0.12632,0.07935,0.09925,,0.28493,0.90278,1.00000,true,,0.47618,-0.64413,0.46370,-0.64913,0.79774,0.31974,0.73445,0.22679,-0.08656,0.21100,,0.29355,0.86111,1.00000,1010
RL_USER_BATGIRL_s070_j4,scaled/RL_USER_BATGIRL_s070_j4.png,accepted,672,894,,true,142.89599,0.99977,0.15514,44,11,143.54978,true,10,0.02609,-0.49219,0.49288,0.03130,0.10086,false,hand/occluder crosses outline (clean 0.63),,,,,,,,,,,,,0.66667,0.63333,,,,true,,-0.41451,-0.41240,-0.41820,-0.40789,0.58418,-0.41240,0.41451,0.25901,0.04665,0.25546,0.76612,,1.00000,0.96667,true,,0.20439,-1.39985,0.18787,-1.39598,1.40856,-0.20439,1.39985,0.74201,-0.20656,0.71606,-1.44742,,1.00000,0.86667,true,,0.32276,-0.42237,0.31753,-0.42587,0.53121,0.52717,0.06834,0.09479,0.04784,0.08194,,0.33887,0.88889,1.00000,true,,-0.41159,-0.52522,-0.41810,-0.51944,0.66681,-0.09384,-0.66065,0.60892,-0.40435,-0.45498,,0.25607,1.00000,1.00000,true,,0.09166,-0.12206,0.09034,-0.12305,0.15265,0.01835,-0.15153,0.21869,0.20082,0.08589,,0.38746,0.97222,1.00000,true,,-0.16748,-0.48716,-0.17311,-0.48540,0.51534,-0.50563,-0.09854,0.13451,-0.13109,-0.02993,,0.46432,1.00000,1.00000,true,,-0.10667,-0.11462,-0.10744,-0.11330,0.15614,-0.04593,0.14969,0.45205,0.36036,-0.27468,,0.40118,1.00000,1.00000,true,,0.14066,-0.14521,0.13818,-0.14614,0.20112,-0.19442,0.05542,0.56036,0.04304,-0.56102,,0.41499,0.97222,1.00000,true,,0.05089,-0.79783,0.04192,-0.79460,0.79571,0.35484,0.71639,0.11977,0.09933,0.06819,,0.29339,0.87500,1.00000,true,,0.38269,-0.65995,0.37327,-0.66223,0.76019,0.38019,0.66139,0.19311,-0.06739,0.18202,,0.29773,0.86111,1.00000,940
RL_USER_BATGIRL_s055_j0,scaled/RL_USER_BATGIRL_s055_j0.png,accepted,528,704,,true,112.23216,0.99928,0.19117,45,11,112.80548,true,9,-0.01375,-0.31304,0.31334,0.06008,0.08522,false,hand/occluder crosses outline (clean 0.53),,,,,,,,,,,,,0.61905,0.53333,,,,true,,-0.48247,-0.07760,-0.48229,-0.07201,0.48764,-0.07760,0.48247,0.39139,0.18517,0.34619,0.81676,,1.00000,0.83333,false,hand/occluder crosses outline (clean 0.73),,,,,,,,,,,,,0.90476,0.73333,true,,0.22757,-0.35447,0.22251,-0.35725,0.42088,0.42077,0.01985,0.10993,0.09858,0.04875,,0.32405,0.88889,0.99444,true,,-0.25938,-0.41075,-0.26525,-0.40654,0.48542,-0.01926,-0.48541,0.41097,-0.22302,-0.34510,,0.28281,0.93056,1.00000,true,,0.03614,-0.13832,0.03428,-0.13876,0.14294,-0.03786,-0.13786,0.07281,0.07233,-0.00713,,0.37406,0.94444,1.00000,true,,-0.17540,-0.34646,-0.18008,-0.34426,0.38851,-0.38774,-0.02133,0.16647,-0.16615,-0.00903,,0.41984,1.00000,1.00000,true,,-0.08759,-0.12137,-0.08875,-0.12002,0.14927,-0.06132,0.13654,0.22299,0.15069,-0.16511,,0.37248,0.95833,0.99444,true,,0.09900,-0.15384,0.09634,-0.15443,0.18202,-0.16266,0.08373,0.33486,-0.06907,-0.32933,,0.36658,0.94444,1.00000,true,,0.09142,-0.68260,0.08194,-0.68053,0.68545,0.26213,0.63686,0.23600,0.04177,0.23339,,0.29413,0.83333,0.98889,true,,0.33776,-0.48900,0.32942,-0.49204,0.59213,0.25461,0.53700,0.26218,-0.07716,0.25195,,0.30379,0.83333,0.98889,836
RL_USER_BATGIRL_s055_j1,scaled/RL_USER_BATGIRL_s055_j1.png,accepted,527,703,,true,112.18492,0.99906,0.16252,45,11,112.69851,true,9,0.00317,-0.28931,0.28933,0.03877,0.07535,false,hand/occluder crosses outline (clean 0.60),,,,,,,,,,,,,0.61905,0.60000,,,,true,,-0.43488,-0.10667,-0.43577,-0.09999,0.44709,-0.10667,0.43488,0.36255,0.14989,0.33092,0.96477,,1.00000,0.83333,false,hand/occluder crosses outline (clean 0.77),,,,,,,,,,,,,1.00000,0.76667,true,,0.20840,-0.33967,0.20246,-0.34314,0.39842,0.39836,0.01064,0.11169,0.10811,0.02806,,0.32946,0.87500,0.99444,true,,-0.28271,-0.40512,-0.28975,-0.39990,0.49384,-0.04228,-0.49220,0.43191,-0.22945,-0.36590,,0.27722,0.94444,1.00000,true,,0.08029,-0.06844,0.07921,-0.06981,0.10558,0.03531,-0.09941,0.14226,0.13768,0.03485,,0.39803,0.98611,1.00000,true,,-0.14718,-0.33291,-0.15277,-0.33087,0.36444,-0.36190,-0.03899,0.15103,-0.15064,-0.00779,,0.44831,1.00000,1.00000,true,,-0.08041,-0.14560,-0.08244,-0.14418,0.16609,-0.08589,0.14244,0.17649,0.13333,-0.11592,,0.38021,0.97222,0.99444,true,,0.16436,-0.13473,0.16128,-0.13706,0.21165,-0.20970,0.03450,0.34425,-0.09355,-0.33275,,0.39533,0.88889,1.00000,true,,0.10308,-0.61711,0.09261,-0.61676,0.62368,0.21929,0.58598,0.21505,0.04589,0.21077,,0.29235,0.84722,0.98889,true,,0.34876,-0.42269,0.34016,-0.42785,0.54659,0.19168,0.51338,0.25656,-0.09061,0.24124,,0.32012,0.83333,0.98889,811
RL_USER_BATGIRL_s055_j2,scaled/RL_USER_BATGIRL_s055_j2.png,accepted,527,703,,true,112.19634,0.99898,0.23404,44,11,112.74771,true,9,0.00531,-0.35431,0.35435,0.09699,0.08812,false,hand/occluder crosses outline (clean 0.47),,,,,,,,,,,,,0.61905,0.46667,,,,true,,-0.46986,-0.17575,-0.47051,-0.17173,0.50087,-0.17575,0.46986,0.36001,0.09699,0.34769,0.90193,,1.00000,0.83333,false,hand/occluder crosses outline (clean 0.77),,,,,,,,,,,,,1.00000,0.76667,true,,0.30749,-0.40601,0.30305,-0.40844,0.50859,0.50536,0.06329,0.13931,0.10439,0.09240,,0.33465,0.88889,0.98889,true,,-0.20120,-0.45464,-0.20604,-0.45156,0.49635,0.05307,-0.49433,0.39880,-0.22106,-0.33196,,0.27805,0.90278,1.00000,true,,0.09896,-0.08102,0.09828,-0.08187,0.12791,0.04520,-0.11965,0.13661,0.12637,0.05150,,0.39272,0.95833,0.99444,true,,-0.10748,-0.39880,-0.11150,-0.39767,0.41301,-0.39912,-0.10632,0.19477,-0.18467,-0.06202,,0.43208,1.00000,1.00000,true,,-0.13850,-0.16329,-0.13938,-0.16169,0.21347,-0.07216,0.20158,0.18600,0.15105,-0.10942,,0.37649,0.98611,0.99444,true,,0.11490,-0.14645,0.11283,-0.14683,0.18517,-0.17273,0.06938,0.38060,-0.07636,-0.37489,,0.36663,0.94444,1.00000,true,,0.04784,-0.72637,0.04094,-0.72271,0.72387,0.32176,0.65298,0.20845,0.06283,0.19993,,0.29541,0.84722,0.98889,true,,0.29586,-0.56289,0.28890,-0.56337,0.63313,0.33955,0.53766,0.21682,-0.05265,0.21146,,0.31443,0.83333,0.98889,857
RL_USER_BATGIRL_s055_j3,scaled/RL_USER_BATGIRL_s055_j3.png,accepted,526,702,,true,112.17080,0.99934,0.16764,44,11,112.66422,true,9,0.12492,-0.32197,0.34536,0.01874,0.00666,false,hand/occluder crosses outline (clean 0.47),,,,,,,,,,,,,0.61905,0.46667,,,,true,,0.74706,-0.20527,0.74272,-0.21548,0.77335,-0.20527,-0.74706,0.63386,0.09918,-0.62692,0.86837,,1.00000,0.86667,false,hand/occluder crosses outline (clean 0.77),,,,,,,,,,,,,1.00000,0.76667,true,,0.23478,-0.36508,0.22898,-0.36853,0.43388,0.43356,0.02078,0.09376,0.07390,0.05774,,0.31927,0.88889,0.99444,true,,-0.26243,-0.45523,-0.26959,-0.45081,0.52527,0.00035,-0.52546,0.43442,-0.28962,-0.32363,,0.29357,0.93056,1.00000,true,,0.08403,-0.10552,0.08247,-0.10681,0.13494,0.02001,-0.13340,0.20486,0.05044,0.19845,,0.41990,0.90278,0.99444,true,,-0.18530,-0.38090,-0.19112,-0.37846,0.42398,-0.42252,-0.02997,0.32500,-0.22722,0.23219,,0.43019,1.00000,1.00000,true,,-0.07565,-0.18740,-0.07817,-0.18610,0.20185,-0.12446,0.15921,0.22413,0.20086,0.10098,,0.38579,0.97222,0.99444,true,,0.12405,-0.19400,0.12063,-0.19535,0.22959,-0.20443,0.10598,0.12755,0.05121,-0.11712,,0.36529,0.90278,1.00000,true,,0.13469,-0.55977,0.12582,-0.56014,0.57409,0.16324,0.55212,0.22136,0.09847,0.19900,,0.28256,0.81944,0.98889,true,,0.35909,-0.41452,0.35145,-0.41929,0.54710,0.17944,0.51824,0.23929,-0.05020,0.23480,,0.30320,0.83333,0.98889,821
RL_USER_BATGIRL_s055_j4,scaled/RL_USER_BATGIRL_s055_j4.png,accepted,528,702,,true,112.21237,0.99930,0.21229,44,11,112.71498,true,9,0.01167,-0.31850,0.31871,0.09892,0.06431,false,hand/occluder crosses outline (clean 0.50),,,,,,,,,,,,,0.66667,0.50000,,,,true,,-0.34347,-0.07548,-0.34345,-0.07200,0.35092,-0.07548,0.34347,0.30681,0.15948,0.26321,0.79551,,1.00000,0.80000,false,hand/occluder crosses outline (clean 0.73),,,,,,,,,,,,,0.95238,0.73333,true,,0.23920,-0.39804,0.23456,-0.40053,0.46415,0.46432,0.00813,0.10347,0.08966,0.05165,,0.32785,0.88889,0.99444,true,,-0.24710,-0.47913,-0.25274,-0.47554,0.53853,0.02557,-0.53849,0.44203,-0.23786,-0.37256,,0.28508,0.91667,1.00000,true,,0.11575,-0.09445,0.11481,-0.09561,0.14941,0.05302,-0.13967,0.11646,0.10874,0.04153,,0.39364,0.93056,0.99444,true,,-0.07498,-0.34144,-0.07878,-0.34025,0.34925,-0.33318,-0.10579,0.15900,-0.15504,-0.03581,,0.42288,1.00000,1.00000,true,,-0.12425,-0.10175,-0.12480,-0.10020,0.16005,-0.02600,0.15848,0.18976,0.16741,-0.09071,,0.39625,0.95833,0.98889,true,,0.10311,-0.13240,0.10102,-0.13292,0.16695,-0.15550,0.06311,0.31554,-0.07332,-0.30848,,0.37633,0.95833,1.00000,true,,0.06552,-0.68292,0.05758,-0.68062,0.68305,0.28472,0.62418,0.24105,0.04774,0.23732,,0.29066,0.83333,0.98889,true,,0.30814,-0.48261,0.30130,-0.48484,0.57083,0.26389,0.50816,0.25026,-0.09550,0.23253,,0.30993,0.83333,0.98889,835
RL_USER_BATGIRL_s045_j0,scaled/RL_USER_BATGIRL_s045_j0.png,accepted,432,576,,true,91.84926,0.99927,0.25021,44,11,92.33897,true,9,0.19099,-0.42427,0.46528,0.03796,0.07906,false,hand/occluder crosses outline (clean 0.77),,,,,,,,,,,,,0.76190,0.76667,,,,true,,0.71186,-0.30586,0.70640,-0.31381,0.77297,-0.30586,-0.71186,0.61657,0.09028,-0.61102,0.78178,,1.00000,0.86667,false,hand/occluder crosses outline (clean 0.67),,,,,,,,,,,,,1.00000,0.66667,true,,0.15944,-0.33982,0.15468,-0.34142,0.37483,0.37401,-0.03184,0.15201,-0.11899,-0.09474,,0.29195,0.77778,0.98333,true,,-0.26566,-0.40452,-0.27135,-0.40008,0.48342,-0.02780,-0.48315,0.54251,-0.43825,-0.31924,,0.28379,0.76389,0.98333,true,,0.02900,-0.16711,0.02675,-0.16750,0.16962,-0.05844,-0.15922,0.20702,-0.04627,0.20173,,0.32395,0.83333,0.98333,true,,-0.14664,-0.36334,-0.15152,-0.36157,0.39204,-0.38798,-0.05468,0.26885,-0.14900,0.22371,,0.43910,0.95833,0.98333,true,,0.04626,-0.17158,0.04389,-0.17174,0.17726,-0.17173,0.04573,0.28138,0.26429,-0.09850,,0.34107,0.88889,0.98333,true,,0.15053,-0.15612,0.14767,-0.15745,0.21586,-0.20843,0.05994,0.34203,0.14503,-0.31110,,0.40884,0.81944,0.98333,true,,0.37168,-0.98805,0.35689,-0.98856,1.05101,0.17214,1.04152,0.48237,0.10298,0.47344,,-0.02341,0.84722,0.98889,true,,0.62070,-0.88064,0.60611,-0.88607,1.07354,0.45230,0.97786,0.51471,0.15634,0.49234,,-0.07026,0.81944,0.97778,695
RL_USER_BATGIRL_s045_j1,scaled/RL_USER_BATGIRL_s045_j1.png,accepted,432,575,,true,91.87731,0.99928,0.23829,44,11,92.30548,true,9,0.20590,-0.52175,0.56091,0.20631,0.06372,false,hand/occluder crosses outline (clean 0.43),,,,,,,,,,,,,0.66667,0.43333,,,,true,,0.76864,-0.43200,0.76101,-0.44437,0.88125,-0.43200,-0.76864,0.63351,-0.05656,-0.63147,0.51463,,1.00000,0.86667,false,hand/occluder crosses outline (clean 0.77),,,,,,,,,,,,,0.85714,0.76667,true,,0.71156,-0.83223,0.69647,-0.84249,1.09309,1.07651,0.20011,0.41094,0.36471,0.19038,,-0.10316,0.83333,0.97778,true,,-0.26900,-0.38628,-0.27563,-0.38041,0.46977,-0.03982,-0.46903,0.67395,-0.64015,-0.21013,,0.30612,0.84722,0.98333,true,,0.13190,-0.12574,0.12992,-0.12800,0.18238,0.05136,-0.17485,0.30040,-0.02972,0.29874,,0.34694,0.84722,0.98333,true,,-0.08463,-0.34970,-0.09054,-0.34859,0.36016,-0.34517,-0.10156,0.30475,-0.15761,0.26055,,0.43635,0.95833,0.98333,true,,0.04899,-0.28205,0.04453,-0.28258,0.28607,-0.26876,0.09860,0.14564,0.13347,-0.05854,,0.32208,0.88889,0.98333,true,,0.15365,-0.21631,0.14977,-0.21833,0.26477,-0.24122,0.11050,0.31810,0.04953,-0.31527,,0.36060,0.83333,0.98333,true,,0.13406,-0.94559,0.11930,-0.94313,0.95064,0.35670,0.88593,0.27558,0.12821,0.24548,,0.07630,0.93056,0.97778,true,,0.25944,-0.95949,0.24347,-0.95904,0.98947,0.70122,0.70442,0.26786,0.20410,0.17545,,-0.06966,0.90278,0.97778,706
RL_USER_BATGIRL_s045_j2,scaled/RL_USER_BATGIRL_s045_j2.png,accepted,431,576,,true,91.85233,0.99810,0.22727,44,11,92.20629,false,0,,,,,,false,hand/occluder crosses outline (clean 0.00),,,,,,,,,,,,,0.33333,0.00000,,,,false,hand/occluder crosses outline (clean 0.60),,,,,,,,,,,,,0.33333,0.60000,false,hand/occluder crosses outline (clean 0.00),,,,,,,,,,,,,0.42857,0.00000,false,hand/occluder crosses outline (clean 0.38),,,,,,,,,,,,,0.31944,0.38333,false,hand/occluder crosses outline (clean 0.00),,,,,,,,,,,,,0.47222,0.00000,false,hand/occluder crosses outline (clean 0.19),,,,,,,,,,,,,0.34722,0.18889,false,hand/occluder crosses outline (clean 0.26),,,,,,,,,,,,,0.37500,0.26111,false,hand/occluder crosses outline (clean 0.39),,,,,,,,,,,,,0.41667,0.39444,false,hand/occluder crosses outline (clean 0.46),,,,,,,,,,,,,0.52778,0.45556,false,hand/occluder crosses outline (clean 0.44),,,,,,,,,,,,,0.40278,0.43889,false,hand/occluder crosses outline (clean 0.67),,,,,,,,,,,,,0.40278,0.66667,716
RL_USER_BATGIRL_s045_j3,scaled/RL_USER_BATGIRL_s045_j3.png,accepted,431,575,,true,91.90262,0.99919,0.20850,44,11,92.49945,true,9,0.09925,-0.42074,0.43229,0.10328,0.04801,false,hand/occluder crosses outline (clean 0.77),,,,,,,,,,,,,0.71429,0.76667,,,,true,,0.65519,-0.23563,0.64969,-0.24386,0.69395,-0.23563,-0.65519,0.61655,0.11262,-0.60798,0.82991,,1.00000,0.86667,false,hand/occluder crosses outline (clean 0.67),,,,,,,,,,,,,1.00000,0.66667,true,,0.18295,-0.24242,0.17917,-0.24521,0.30369,0.30142,0.03723,0.21388,-0.19316,0.09286,,0.26473,0.80556,0.98333,true,,-0.37734,-0.48375,-0.38494,-0.47656,0.61261,-0.08491,-0.60761,0.58764,-0.46432,-0.35941,,0.16468,0.81944,0.98333,true,,0.02587,-0.10897,0.02428,-0.10932,0.11198,-0.03208,-0.10730,0.24682,0.00889,0.24663,,0.35795,0.83333,0.98333,true,,-0.11118,-0.34887,-0.11628,-0.34699,0.36596,-0.35772,-0.07815,0.20299,-0.12418,0.16062,,0.41998,0.91667,0.98333,true,,0.02510,-0.19145,0.02221,-0.19105,0.19233,-0.17835,0.07399,0.19288,0.16093,-0.10763,,0.35552,0.90278,0.98333,true,,0.08680,-0.17133,0.08366,-0.17170,0.19100,-0.16083,0.10497,0.27503,0.06328,-0.26922,,0.36663,0.84722,0.98333,true,,0.14852,-1.04971,0.13243,-1.04593,1.05428,0.39623,0.98333,0.53867,0.19996,0.50341,,-0.02226,0.87500,0.97778,true,,0.25717,-0.87920,0.24287,-0.87926,0.91219,0.63283,0.66231,0.38325,0.24398,0.29756,,0.00135,0.90278,0.97778,703
RL_USER_BATGIRL_s045_j4,scaled/RL_USER_BATGIRL_s045_j4.png,accepted,432,575,,true,91.86871,0.99915,0.24653,44,11,92.35737,true,9,0.15824,-0.50700,0.53112,0.24602,0.02786,false,hand/occluder crosses outline (clean 0.77),,,,,,,,,,,,,0.76190,0.76667,,,,true,,0.53485,-0.22191,0.53097,-0.22690,0.57742,-0.22191,-0.53485,0.41894,0.11253,-0.40471,1.07730,,0.95238,0.90000,false,hand/occluder crosses outline (clean 0.77),,,,,,,,,,,,,1.00000,0.76667,true,,0.36582,-0.87644,0.35633,-0.88088,0.95022,0.94192,-0.12141,0.24168,0.23700,-0.04698,,-0.16929,0.75000,0.97778,true,,-0.11168,-0.68027,-0.11900,-0.67872,0.68907,0.24342,-0.64497,0.46809,-0.33634,-0.32528,,0.03909,0.84722,0.98333,true,,0.05784,-0.10565,0.05679,-0.10630,0.12052,-0.00273,-0.12041,0.37161,-0.07648,0.36333,,0.35623,0.83333,0.98333,true,,-0.06908,-0.31151,-0.07233,-0.31054,0.31886,-0.30432,-0.09593,0.29416,-0.13281,0.26264,,0.43359,0.91667,0.98333,true,,0.02066,-0.18476,0.01861,-0.18439,0.18533,-0.17034,0.07449,0.18004,0.16522,-0.07295,,0.36218,0.87500,0.97778,true,,0.19329,-0.17984,0.19006,-0.18126,0.26264,-0.25731,0.05910,0.33506,-0.04692,-0.33360,,0.36106,0.84722,0.98333,true,,0.29324,-0.88238,0.28194,-0.88270,0.92664,0.18724,0.91079,0.36874,-0.10838,0.35404,,0.05341,0.84722,0.97778,true,,0.15760,-0.93977,0.14689,-0.93894,0.95036,0.73506,0.60637,0.26060,0.19419,0.17479,,-0.09010,0.77778,0.97778,711
RL_LOCAL_BLNR_s100_j0,scaled/RL_LOCAL_BLNR_s100_j0.png,accepted,1600,900,,true,217.59684,0.99125,0.13652,42,10,219.72089,true,6,-0.47149,0.12721,0.48835,0.69652,0.54986,true,,-1.85933,-0.91462,-1.84511,-0.88921,2.04820,0.91462,-1.85933,3.04267,-0.18037,-3.06606,0.78744,,1.00000,1.00000,0.75238,1.11112,1.82103,true,,-2.83977,1.71742,-2.78441,1.66172,3.24257,1.71742,2.83977,0.86308,0.43377,0.76911,-0.01292,,0.95238,0.96667,false,hand/occluder crosses outline (clean 0.37),,,,,,,,,,,,,0.61905,0.36667,true,,1.68469,0.17196,1.68648,0.15417,1.69351,0.69342,1.54497,0.27006,-0.20038,0.18137,,0.81473,0.63889,1.00000,true,,1.46134,0.87159,1.47312,0.86370,1.70765,0.82976,1.48549,0.11920,0.06422,-0.10009,,0.78249,0.72222,1.00000,true,,-0.01066,2.05861,-0.00853,2.04722,2.04724,1.02007,1.78814,0.30290,0.12647,-0.27587,,0.78525,1.00000,1.00000,true,,-1.15499,1.73824,-1.14395,1.70761,2.05538,0.92786,1.86937,0.36786,-0.18772,-0.32289,,0.89071,0.91667,1.00000,true,,-2.31124,0.26884,-2.24688,0.24443,2.26013,1.38844,1.86717,0.27610,-0.20557,-0.19704,,0.83143,0.97222,1.00000,false,hand/occluder crosses outline (clean 0.58),,,,,,,,,,,,,0.62500,0.58333,false,outline coverage 0.58; 8/8 octants,,,,,,,,,,,,,0.58333,1.00000,false,outline coverage 0.57; 7/8 octants,,,,,,,,,,,,,0.56944,1.00000,1133
RL_LOCAL_BLNR_s100_j1,scaled/RL_LOCAL_BLNR_s100_j1.png,accepted,1599,898,,true,217.48347,0.99408,0.13266,43,10,219.72820,true,7,-0.59548,-0.12628,0.60872,0.84530,0.58305,true,,-1.95083,-0.80674,-1.93790,-0.77387,2.08671,0.80674,-1.95083,3.21287,-0.80814,-3.13525,0.66555,,1.00000,1.00000,0.70724,0.96432,1.89011,true,,-2.80416,1.65807,-2.74411,1.61370,3.18343,1.65807,2.80416,0.62732,0.38611,0.51328,-0.53344,,0.95238,0.96667,false,hand/occluder crosses outline (clean 0.73),,,,,,,,,,,,,0.57143,0.73333,true,,1.70919,0.24207,1.71189,0.21810,1.72573,0.64496,1.60124,0.77233,-0.67650,0.37089,,0.88692,0.66667,1.00000,true,,1.56565,0.92914,1.58152,0.91519,1.82723,0.89133,1.58749,0.24617,-0.16183,0.18438,,0.86716,0.75000,1.00000,true,,-0.05456,2.05380,-0.04525,2.04273,2.04323,0.97965,1.80593,0.20696,0.05703,-0.19968,,0.84273,1.00000,1.00000,true,,-1.17949,1.74044,-1.16225,1.71399,2.07089,0.91751,1.89169,0.41532,-0.17785,-0.38222,,0.95771,0.91667,1.00000,true,,-2.31558,0.21459,-2.25088,0.19931,2.25969,1.34363,1.89806,0.60066,-0.35424,-0.50639,,0.89617,0.94444,1.00000,false,hand/occluder crosses outline (clean 0.58),,,,,,,,,,,,,0.65278,0.58333,false,outline coverage 0.57; 6/8 octants,,,,,,,,,,,,,0.56944,1.00000,true,,-0.21212,-3.20152,-0.23857,-3.16688,3.17585,2.87866,1.41706,0.94313,0.95470,0.05617,,-0.53430,0.61111,1.00000,1120
RL_LOCAL_BLNR_s100_j2,scaled/RL_LOCAL_BLNR_s100_j2.png,accepted,1598,899,,true,217.64803,0.99343,0.12442,43,10,219.72849,true,6,-0.48362,0.12134,0.49861,0.71054,0.55256,true,,-1.77655,-0.81575,-1.76030,-0.79821,1.93282,0.81575,-1.77655,2.96941,-0.30815,-2.97982,0.90552,,1.00000,1.00000,0.91329,1.12987,1.74190,true,,-2.91925,1.71786,-2.86833,1.65126,3.30968,1.71786,2.91925,0.90650,0.41513,0.82892,-0.23667,,1.00000,0.96667,false,hand/occluder crosses outline (clean 0.73),,,,,,,,,,,,,0.52381,0.73333,true,,1.70101,0.12103,1.70249,0.10915,1.70599,0.74569,1.53363,0.24360,-0.17097,0.17388,,0.81852,0.63889,1.00000,true,,1.46685,0.90470,1.47550,0.90214,1.72943,0.81798,1.51692,0.07646,0.03543,-0.06758,,0.86127,0.73611,1.00000,true,,0.02540,2.06516,0.02032,2.05363,2.05373,1.05457,1.77578,0.33310,0.14821,-0.29894,,0.84154,1.00000,1.00000,true,,-1.16413,1.73558,-1.15900,1.70055,2.05795,0.92099,1.87595,0.38766,-0.21013,-0.33288,,0.95688,0.91667,1.00000,true,,-2.31045,0.32091,-2.24701,0.28751,2.26533,1.43314,1.84045,0.29976,-0.18820,-0.24456,,0.88534,0.97222,1.00000,false,hand/occluder crosses outline (clean 0.58),,,,,,,,,,,,,0.65278,0.57778,false,outline coverage 0.58; 6/8 octants,,,,,,,,,,,,,0.58333,1.00000,false,outline coverage 0.60; 6/8 octants,,,,,,,,,,,,,0.59722,1.00000,1117
RL_LOCAL_BLNR_s100_j3,scaled/RL_LOCAL_BLNR_s100_j3.png,accepted,1597,897,,true,217.79760,0.99319,0.13222,42,10,219.72000,true,7,-0.53414,-0.10917,0.54518,0.79734,0.62884,true,,-1.78067,-0.92562,-1.76878,-0.89774,1.98356,0.92562,-1.78067,3.19421,-0.58652,-3.16720,0.78371,,1.00000,1.00000,0.71792,1.15157,1.86192,true,,-2.97664,1.65936,-2.91657,1.60947,3.33118,1.65936,2.97664,0.74363,0.44854,0.61505,-0.08403,,0.95238,0.96667,false,hand/occluder crosses outline (clean 0.30),,,,,,,,,,,,,0.61905,0.30000,true,,1.78722,0.22204,1.78946,0.19986,1.80059,0.70132,1.65880,0.59403,-0.54936,0.22298,,0.84141,0.68056,1.00000,true,,1.53447,0.97136,1.54864,0.96031,1.82222,0.84321,1.60846,0.17068,-0.16856,0.01576,,0.82819,0.73611,1.00000,true,,-0.04992,2.09798,-0.04391,2.08668,2.08714,1.00576,1.84186,0.30937,0.10605,-0.29149,,0.80858,1.00000,1.00000,true,,-1.22199,1.76275,-1.20736,1.73400,2.11293,0.91559,1.93964,0.44851,-0.14100,-0.43262,,0.91107,0.91667,1.00000,true,,-2.38541,0.20351,-2.31937,0.18443,2.32669,1.36895,1.96407,0.55379,-0.22830,-0.52026,,0.84619,0.95833,1.00000,false,hand/occluder crosses outline (clean 0.58),,,,,,,,,,,,,0.65278,0.58333,true,,-1.06555,-3.17980,-1.06294,-3.11839,3.29457,2.51269,2.22102,0.69925,0.56447,0.43424,,-0.54851,0.61111,1.00000,false,outline coverage 0.64; 6/8 octants,,,,,,,,,,,,,0.63889,1.00000,1170
RL_LOCAL_BLNR_s100_j4,scaled/RL_LOCAL_BLNR_s100_j4.png,accepted,1600,897,,true,217.80503,0.99319,0.13479,42,10,219.73872,true,6,-0.46752,0.14968,0.49090,0.70060,0.52128,true,,-1.94422,-0.85977,-1.92757,-0.83725,2.10155,0.85977,-1.94422,3.04732,-0.21888,-3.06768,0.77432,,1.00000,1.00000,0.71949,1.11000,1.77871,true,,-2.68982,1.77130,-2.63977,1.71061,3.14557,1.77130,2.68982,0.82165,0.45715,0.70602,-0.11751,,0.95238,0.96667,false,hand/occluder crosses outline (clean 0.33),,,,,,,,,,,,,0.57143,0.33333,true,,1.61727,0.12709,1.61879,0.11304,1.62273,0.69857,1.46414,0.25324,-0.18427,0.17405,,0.81061,0.62500,1.00000,true,,1.43004,0.81640,1.44004,0.81129,1.65285,0.83026,1.42204,0.11744,0.06547,-0.09714,,0.80251,0.72222,1.00000,true,,0.02522,2.01978,0.02366,2.00846,2.00860,1.03173,1.73657,0.28093,0.11528,-0.25683,,0.80178,1.00000,1.00000,true,,-1.10590,1.71673,-1.09828,1.68434,2.01078,0.93378,1.81610,0.35791,-0.21176,-0.29536,,0.91912,0.91667,1.00000,true,,-2.24598,0.33181,-2.18349,0.30233,2.20432,1.41035,1.77917,0.26800,-0.20942,-0.18062,,0.85525,0.98611,1.00000,false,hand/occluder crosses outline (clean 0.58),,,,,,,,,,,,,0.62500,0.58333,false,outline coverage 0.58; 8/8 octants,,,,,,,,,,,,,0.58333,1.00000,false,outline coverage 0.57; 7/8 octants,,,,,,,,,,,,,0.56944,1.00000,1142
RL_LOCAL_BLNR_s085_j0,scaled/RL_LOCAL_BLNR_s085_j0.png,accepted,1360,765,,true,184.99448,0.99310,0.12436,44,10,186.76909,true,9,-0.43651,-0.43707,0.61771,0.80905,0.57256,true,,-1.61135,-0.79108,-1.59948,-0.76950,1.77495,0.79108,-1.61135,2.77853,-0.85899,-2.66248,0.73600,,1.00000,1.00000,0.70804,1.09306,1.91317,true,,-2.51628,-0.15248,-2.47414,-0.17141,2.48007,-0.15248,2.51628,1.06855,-0.85100,0.66654,-0.07435,,0.85714,0.96667,true,,-1.95010,-1.83714,-1.90062,-1.79642,2.61524,1.95010,1.83714,0.35679,0.36867,-0.01466,-1.27749,,0.85714,0.86667,true,,1.36202,-1.42062,1.36002,-1.43699,1.97854,1.91130,0.46923,0.68442,0.52013,-0.44510,,-0.51464,0.72222,1.00000,true,,1.28546,0.78219,1.29584,0.77548,1.51015,0.72215,1.32013,0.53559,-0.34585,0.40654,,0.75112,0.70833,1.00000,true,,0.00073,1.72085,0.00232,1.71093,1.71093,0.86105,1.48993,0.27161,0.23553,0.13591,,0.75043,1.00000,1.00000,true,,-0.97890,1.53577,-0.96932,1.50846,1.79305,0.84057,1.61563,0.22353,0.21580,-0.06156,,0.85864,0.91667,1.00000,true,,-1.97981,0.25056,-1.92438,0.22911,1.93798,1.20690,1.58929,0.53911,0.14169,-0.53038,,0.77525,0.94444,1.00000,false,hand/occluder crosses outline (clean 0.59),,,,,,,,,,,,,0.62500,0.59444,true,,-0.25459,-1.48652,-0.25848,-1.46067,1.48336,0.96374,1.16007,0.99195,-0.86712,-0.51991,,0.65751,0.62500,1.00000,true,,0.33940,-2.94358,0.31391,-2.91922,2.93605,2.37951,1.76572,0.67738,0.54791,0.40890,,-0.48899,0.69444,1.00000,1056
RL_LOCAL_BLNR_s085_j1,scaled/RL_LOCAL_BLNR_s085_j1.png,accepted,1359,763,,true,185.02962,0.99367,0.11590,43,10,186.74955,true,9,-0.50082,-0.57486,0.76242,0.88108,0.59717,true,,-1.59448,-0.65323,-1.58444,-0.62694,1.70397,0.65323,-1.59448,2.90875,-1.24538,-2.64711,0.83910,,1.00000,1.00000,0.66887,1.15867,1.37087,true,,-2.34673,-0.21203,-2.30894,-0.22041,2.31944,-0.21203,2.34673,0.93520,-0.87083,0.37413,-0.16757,,0.85714,0.93333,true,,-2.02200,-1.78419,-1.97627,-1.73780,2.63166,2.02200,1.78419,0.37438,0.27668,-0.26919,-0.80334,,0.90476,0.90000,true,,1.21248,-1.33145,1.20568,-1.34977,1.80985,1.75931,0.38431,0.49798,0.16791,-0.47040,,-0.48067,0.62500,1.00000,true,,1.29649,0.79187,1.30966,0.78056,1.52463,0.72686,1.33403,0.69297,-0.46685,0.50888,,0.80418,0.76389,1.00000,true,,-0.02383,1.73956,-0.01612,1.72934,1.72942,0.84914,1.51842,0.30478,0.23907,0.19040,,0.79914,1.00000,1.00000,true,,-0.99151,1.50602,-0.97675,1.48238,1.77524,0.80850,1.61169,0.25415,0.22800,-0.11403,,0.88837,0.93056,1.00000,true,,-1.96738,0.23867,-1.91208,0.22424,1.92519,1.19039,1.58447,0.71926,0.10702,-0.72490,,0.83046,0.94444,1.00000,false,hand/occluder crosses outline (clean 0.60),,,,,,,,,,,,,0.63889,0.60000,true,,-0.76866,-2.81011,-0.77723,-2.75660,2.86408,2.07073,2.04930,0.20911,0.00602,0.21324,,-0.46451,0.62500,1.00000,true,,0.32234,-2.91706,0.28733,-2.89328,2.90751,2.36508,1.73768,0.39980,0.27080,0.29932,,-0.47693,0.69444,1.00000,1050
RL_LOCAL_BLNR_s085_j2,scaled/RL_LOCAL_BLNR_s085_j2.png,accepted,1358,764,,true,184.98915,0.99148,0.13901,44,10,186.78095,true,9,-0.34734,-0.57456,0.67139,0.79579,0.59600,true,,-1.61228,-0.76790,-1.59737,-0.75154,1.76534,0.76790,-1.61228,2.96593,-1.00027,-2.81347,0.80341,,1.00000,1.00000,0.71235,1.23544,2.01578,true,,-2.36873,-0.14921,-2.32818,-0.17530,2.33478,-0.14921,2.36873,0.87326,-0.69129,0.55009,-0.15327,,0.85714,0.93333,true,,0.00710,-1.85222,-0.00135,-1.81312,1.81312,-0.00710,1.85222,1.44611,-1.48101,-0.19518,-0.68047,,0.85714,0.90000,true,,1.43507,-1.45239,1.43808,-1.46446,2.05248,1.97534,0.51661,0.64184,0.44042,-0.46801,,-0.51432,0.73611,1.00000,true,,1.27418,0.80497,1.28179,0.80267,1.51237,0.70098,1.33421,0.65917,-0.49287,0.43332,,0.80722,0.75000,1.00000,true,,-0.02253,1.75656,-0.02701,1.74613,1.74634,0.85877,1.53249,0.37059,0.24521,0.28006,,0.78780,1.00000,1.00000,true,,-1.00334,1.48937,-0.99878,1.45873,1.76789,0.78816,1.61361,0.25724,0.25834,0.02011,,0.88275,0.91667,1.00000,true,,-1.98758,0.27324,-1.93214,0.24420,1.94751,1.23042,1.58467,0.67234,0.34907,-0.58912,,0.84931,0.95833,1.00000,false,hand/occluder crosses outline (clean 0.60),,,,,,,,,,,,,0.63889,0.60000,true,,-0.62303,-2.91524,-0.61671,-2.86486,2.93049,1.99718,2.21315,0.35750,0.19446,0.30716,,-0.46177,0.61111,1.00000,true,,-0.14752,-2.75891,-0.15231,-2.73076,2.73500,2.46305,1.25170,0.64323,0.57659,-0.31322,,-0.43757,0.63889,1.00000,975
RL_LOCAL_BLNR_s085_j3,scaled/RL_LOCAL_BLNR_s085_j3.png,accepted,1357,762,,true,184.88091,0.99202,0.09799,43,10,186.69888,true,8,-0.40083,-0.62334,0.74109,0.86330,0.64934,true,,-1.53635,-0.66297,-1.52575,-0.63972,1.65444,0.66297,-1.53635,3.07385,-1.25667,-2.82501,0.82072,,1.00000,1.00000,0.64920,1.10735,1.23122,true,,-2.42411,-0.17858,-2.38442,-0.19149,2.39209,-0.17858,2.42411,0.86310,-0.76407,0.42415,-0.57767,,0.85714,0.93333,false,hand/occluder crosses outline (clean 0.70),,,,,,,,,,,,,0.47619,0.70000,true,,1.58087,-1.33257,1.57670,-1.35389,2.07822,1.94447,0.70278,0.45506,0.28860,-0.35284,,-0.55509,0.66667,1.00000,true,,1.30168,0.85179,1.31373,0.84250,1.56067,0.70139,1.38851,0.71470,-0.57607,0.41681,,0.76697,0.73611,1.00000,true,,-0.03140,1.76669,-0.02655,1.75654,1.75674,0.85615,1.54570,0.27071,0.21025,0.17174,,0.76712,0.98611,1.00000,true,,-0.99747,1.53004,-0.98510,1.50487,1.79863,0.82632,1.62886,0.29087,0.26435,-0.12351,,0.86363,0.91667,1.00000,true,,-2.00293,0.20262,-1.94728,0.18604,1.95615,1.17694,1.63328,0.76631,0.21271,-0.75065,,0.79871,0.95833,1.00000,false,hand/occluder crosses outline (clean 0.59),,,,,,,,,,,,,0.62500,0.58889,true,,-0.61632,-2.91190,-0.62548,-2.85925,2.92687,1.98970,2.21362,0.14602,0.01549,0.14802,,-0.49886,0.63889,1.00000,true,,0.36831,-2.92923,0.33724,-2.90559,2.92510,2.35263,1.78358,0.30646,0.29449,0.09639,,-0.50396,0.70833,1.00000,980
RL_LOCAL_BLNR_s085_j4,scaled/RL_LOCAL_BLNR_s085_j4.png,accepted,1360,762,,true,184.95375,0.99266,0.13819,43,10,186.80659,true,7,-0.57551,-0.52617,0.77978,0.86752,0.54366,true,,-1.58340,-0.67538,-1.56988,-0.65701,1.70182,0.67538,-1.58340,2.66278,-1.15170,-2.41799,0.82982,,1.00000,1.00000,0.67270,1.09748,1.22456,true,,-2.38690,-0.17926,-2.34647,-0.20123,2.35508,-0.17926,2.38690,0.97514,-0.87098,0.46649,-0.05838,,0.85714,0.93333,false,hand/occluder crosses outline (clean 0.70),,,,,,,,,,,,,0.57143,0.70000,true,,1.14892,-1.34667,1.14936,-1.35763,1.77882,1.74071,0.32166,0.43055,0.25378,-0.34907,,-0.46076,0.65278,1.00000,true,,1.24419,0.69948,1.25294,0.69483,1.43271,0.72776,1.22786,0.64459,-0.35144,0.53882,,0.72575,0.70833,1.00000,true,,-0.00421,1.71312,-0.00580,1.70221,1.70222,0.85291,1.48571,0.37260,0.30569,0.21471,,0.76127,1.00000,1.00000,true,,-0.97210,1.46622,-0.96539,1.43700,1.73116,0.78374,1.57498,0.24082,0.21821,-0.10375,,0.87149,0.91667,1.00000,true,,-1.94663,0.27553,-1.89205,0.24975,1.90847,1.21193,1.54807,0.65293,0.06444,-0.66263,,0.79583,0.94444,1.00000,false,hand/occluder crosses outline (clean 0.59),,,,,,,,,,,,,0.62500,0.59444,false,outline coverage 0.60; 7/8 octants,,,,,,,,,,,,,0.59722,1.00000,true,,-0.21398,-2.63314,-0.22132,-2.60438,2.61377,2.38735,1.13125,0.32081,0.31846,-0.07146,,-0.36887,0.62500,1.00000,964
RL_LOCAL_BLNR_s070_j0,scaled/RL_LOCAL_BLNR_s070_j0.png,accepted,1120,630,,true,152.36867,0.99220,0.12895,44,10,153.86158,true,8,-0.12721,-0.52486,0.54005,0.82668,0.58775,true,,-1.33709,-0.71400,-1.32727,-0.69588,1.49863,0.71400,-1.33709,2.59048,-0.83335,-2.47188,0.79506,,1.00000,0.96667,0.66111,1.21393,1.80681,true,,-0.62361,-0.03313,-0.61309,-0.03810,0.61428,-0.03313,0.62361,0.81511,-0.46272,-0.69474,-0.28076,,0.52381,0.93333,false,hand/occluder crosses outline (clean 0.70),,,,,,,,,,,,,0.47619,0.70000,true,,1.18192,-1.21850,1.18008,-1.23279,1.70656,1.64621,0.41433,0.53722,0.21593,-0.49351,,-0.42936,0.77778,1.00000,true,,1.05827,0.68265,1.06699,0.67738,1.26385,0.57516,1.12032,0.71671,-0.61450,0.36047,,0.69988,0.80556,1.00000,true,,-0.04585,1.40603,-0.04459,1.39791,1.39862,0.66331,1.24059,0.35216,0.00450,0.35417,,0.69869,1.00000,1.00000,true,,-0.84473,1.21297,-0.83659,1.19065,1.45517,0.62809,1.33804,0.23765,0.11727,0.21100,,0.76617,0.93056,1.00000,true,,-1.64551,0.22107,-1.59873,0.20246,1.61150,1.01421,1.31452,0.49946,0.37683,-0.34337,,0.70319,0.94444,0.98889,false,hand/occluder crosses outline (clean 0.59),,,,,,,,,,,,,0.61111,0.59444,true,,-0.13366,-2.52933,-0.14927,-2.48700,2.49148,1.38041,2.12363,0.43580,-0.02845,0.44431,,-0.41980,0.72222,1.00000,true,,0.38568,-2.43407,0.36212,-2.41482,2.44182,1.91512,1.55104,0.37135,0.35828,0.11235,,-0.43304,0.73611,1.00000,858
RL_LOCAL_BLNR_s070_j1,scaled/RL_LOCAL_BLNR_s070_j1.png,accepted,1119,629,,true,152.41805,0.99258,0.14048,44,11,153.80310,true,8,-0.30321,-0.40655,0.50717,0.95746,0.64492,true,,-1.30837,-0.68696,-1.30132,-0.66577,1.46174,0.68696,-1.30837,2.53639,-0.90193,-2.38791,0.89263,,1.00000,1.00000,0.66817,1.16056,1.04744,true,,-1.95735,1.15614,-1.91548,1.12559,2.22171,1.15614,1.95735,0.55929,0.45620,0.34612,0.11029,,1.00000,0.96667,false,hand/occluder crosses outline (clean 0.47),,,,,,,,,,,,,0.52381,0.46667,true,,1.21688,-1.24023,1.21066,-1.25971,1.74716,1.68251,0.43374,0.57604,0.28074,-0.50411,,-0.40421,0.75000,1.00000,true,,1.05460,0.66221,1.06537,0.65390,1.25004,0.58221,1.10079,0.59755,-0.55748,0.20248,,0.71282,0.79167,1.00000,true,,-0.03774,1.40936,-0.03155,1.40263,1.40299,0.67200,1.23941,0.06710,-0.05566,0.03712,,0.70581,0.95833,1.00000,true,,-0.82813,1.21203,-0.81609,1.19411,1.44634,0.63559,1.32320,0.14847,-0.05253,-0.14118,,0.78550,0.91667,1.00000,true,,-1.62118,0.17303,-1.57593,0.16168,1.58420,0.96044,1.31747,0.54864,-0.03167,-0.55893,,0.74424,0.95833,0.98333,false,hand/occluder crosses outline (clean 0.61),,,,,,,,,,,,,0.62500,0.60556,true,,-0.22187,-2.47188,-0.24269,-2.43202,2.44410,1.42808,2.02978,0.46830,-0.23813,0.41781,,-0.41384,0.66667,1.00000,true,,0.39578,-2.46478,0.36376,-2.44902,2.47588,1.93667,1.57514,0.31988,0.23091,0.22526,,-0.41286,0.73611,1.00000,879
RL_LOCAL_BLNR_s070_j2,scaled/RL_LOCAL_BLNR_s070_j2.png,accepted,1119,629,,true,152.34289,0.99446,0.15767,45,11,153.95617,true,9,-0.14814,-0.54107,0.56098,0.71854,0.63803,true,,-1.39554,-0.60699,-1.38245,-0.59268,1.50414,0.60699,-1.39554,2.72294,-0.82441,-2.61594,0.73801,,1.00000,0.96667,0.72675,1.17041,2.24051,true,,-1.87189,-0.15936,-1.83960,-0.17948,1.84834,-0.15936,1.87189,0.61162,-0.44736,0.42764,-0.16800,,0.85714,0.93333,true,,0.03678,-1.64039,0.02829,-1.60417,1.60442,-0.03678,1.64039,1.00860,-1.02180,-0.20150,-1.10257,,0.90476,0.93333,true,,1.11490,-1.19169,1.11742,-1.20017,1.63983,1.58948,0.36969,0.68307,0.29118,-0.62048,,-0.41466,0.75000,1.00000,true,,1.01597,0.66023,1.02199,0.65806,1.21553,0.54974,1.07976,0.54990,-0.49344,0.23513,,0.69040,0.80556,1.00000,true,,-0.03931,1.39230,-0.04307,1.38270,1.38337,0.66211,1.22542,0.28299,0.16627,0.23110,,0.72547,0.94444,1.00000,true,,-0.82516,1.16159,-0.82138,1.13597,1.40181,0.59338,1.29540,0.24507,0.24308,0.04595,,0.78544,0.91667,1.00000,true,,-1.62534,0.22172,-1.57963,0.19745,1.59192,1.00468,1.29672,0.69562,0.50468,-0.50006,,0.75551,0.94444,0.98333,false,hand/occluder crosses outline (clean 0.59),,,,,,,,,,,,,0.62500,0.59444,true,,-0.14249,-2.60807,-0.14917,-2.56212,2.56645,1.42743,2.18741,0.40650,0.12497,0.39478,,-0.49500,0.72222,1.00000,true,,0.35660,-2.46432,0.34223,-2.44071,2.46459,1.95587,1.54098,0.50026,0.50787,0.00349,,-0.42652,0.72222,1.00000,843
RL_LOCAL_BLNR_s070_j3,scaled/RL_LOCAL_BLNR_s070_j3.png,accepted,1118,628,,true,152.38023,0.99332,0.13176,45,11,153.82838,true,8,-0.17648,-0.43571,0.47010,0.93061,0.55751,true,,-1.28386,-0.75761,-1.27661,-0.73844,1.47480,0.75761,-1.28386,2.43215,-0.82735,-2.30402,0.87231,,1.00000,0.96667,0.64983,1.19822,1.23969,true,,-0.47228,0.61860,-0.46047,0.60402,0.75952,0.61860,0.47228,0.82004,-0.02144,-0.83397,-0.58388,,0.52381,0.83333,false,hand/occluder crosses outline (clean 0.63),,,,,,,,,,,,,0.52381,0.63333,true,,1.22790,-1.26334,1.22375,-1.28037,1.77113,1.70803,0.43172,0.48136,0.25064,-0.41198,,-0.41668,0.75000,1.00000,true,,1.06371,0.61923,1.07343,0.61218,1.23573,0.61158,1.06812,0.70278,-0.61999,0.32138,,0.70273,0.79167,1.00000,true,,-0.03736,1.43324,-0.03342,1.42514,1.42553,0.68427,1.25990,0.35231,-0.10639,0.33714,,0.72052,0.97222,1.00000,true,,-0.87184,1.23128,-0.86126,1.21028,1.48544,0.63039,1.37068,0.22889,-0.06330,0.22210,,0.78059,0.93056,1.00000,true,,-1.66840,0.19273,-1.62165,0.17774,1.63136,1.00111,1.34851,0.26969,0.13139,-0.24099,,0.71709,0.95833,0.98889,false,hand/occluder crosses outline (clean 0.59),,,,,,,,,,,,,0.61111,0.59444,true,,-0.59305,-2.36080,-0.59848,-2.31865,2.39464,1.69399,1.74799,0.28054,0.15753,0.23755,,-0.38904,0.66667,1.00000,true,,0.42887,-2.44553,0.39995,-2.42853,2.46124,1.90346,1.59418,0.40704,0.27004,0.30956,,-0.44342,0.72222,1.00000,862
RL_LOCAL_BLNR_s070_j4,scaled/RL_LOCAL_BLNR_s070_j4.png,accepted,1120,628,,true,152.44751,0.99399,0.14148,42,10,153.87372,true,9,-0.23280,-0.38666,0.45134,0.86971,0.62794,true,,-1.31507,-0.73277,-1.30396,-0.71704,1.48810,0.73277,-1.31507,2.51575,-0.72750,-2.42778,0.89222,,1.00000,1.00000,0.67052,1.18841,1.15714,true,,-2.09542,1.15791,-2.05642,1.11419,2.33887,1.15791,2.09542,0.77715,0.53817,0.58704,-0.08805,,1.00000,0.93333,true,,0.02845,-1.60680,0.01792,-1.57317,1.57327,-0.02845,1.60680,1.23329,-1.27396,-0.05737,-1.17173,,0.95238,0.93333,true,,1.16165,-1.23392,1.16196,-1.24582,1.70359,1.64943,0.38906,0.67342,0.34077,-0.58274,,-0.43248,0.76389,1.00000,true,,1.04228,0.67581,1.04960,0.67251,1.24657,0.56473,1.10641,0.55334,-0.51488,0.19164,,0.69250,0.83333,1.00000,true,,-0.04660,1.38206,-0.04789,1.37427,1.37510,0.65067,1.22020,0.08000,-0.03816,0.07043,,0.70191,1.00000,1.00000,true,,-0.81509,1.19510,-0.80945,1.17209,1.42443,0.62745,1.30344,0.07455,-0.00437,-0.07538,,0.77379,0.93056,1.00000,true,,-1.61487,0.24210,-1.56925,0.22039,1.58465,1.01710,1.27747,0.50538,0.15029,-0.49212,,0.72661,0.94444,0.98889,false,hand/occluder crosses outline (clean 0.59),,,,,,,,,,,,,0.63889,0.59444,true,,-0.23690,-2.52963,-0.24432,-2.48684,2.49882,1.46997,2.07227,0.47095,-0.01666,0.48065,,-0.45221,0.72222,1.00000,true,,0.07895,-2.41932,0.06660,-2.39648,2.39740,2.05572,1.27803,0.51048,0.51206,-0.08454,,-0.39169,0.75000,1.00000,902
RL_LOCAL_BLNR_s055_j0,scaled/RL_LOCAL_BLNR_s055_j0.png,accepted,880,495,,true,119.75281,0.99338,0.13257,43,11,120.82309,true,7,-0.18078,-0.35989,0.40274,0.93156,0.62585,true,,-1.08343,-0.68057,-1.07695,-0.66687,1.26670,0.68057,-1.08343,2.02859,-0.58287,-1.95660,0.86224,,1.00000,0.90000,0.55168,1.25035,1.13591,false,hand/occluder crosses outline (clean 0.77),,,,,,,,,,,,,0.57143,0.76667,false,hand/occluder crosses outline (clean 0.37),,,,,,,,,,,,,0.61905,0.36667,true,,0.93083,-1.01941,0.92997,-1.03122,1.38862,1.34825,0.29642,0.48360,0.20899,-0.43710,,-0.28071,0.77778,0.98889,true,,0.80840,0.48745,0.81476,0.48372,0.94754,0.45637,0.82634,0.51281,-0.48323,0.15959,,0.60535,0.68056,0.98333,true,,0.00446,1.19639,0.00514,1.18918,1.18919,0.60205,1.03387,0.18626,0.02640,0.18559,,0.67855,0.94444,0.98333,true,,-0.60147,1.01393,-0.59548,0.99591,1.16036,0.57735,1.02785,0.07105,0.06847,-0.02010,,0.72049,0.93056,0.98333,true,,-1.28478,0.20246,-1.24903,0.18778,1.26307,0.81773,1.01142,0.41279,0.12731,-0.40047,,0.63688,0.91667,0.98333,false,hand/occluder crosses outline (clean 0.62),,,,,,,,,,,,,0.62500,0.62222,true,,-0.07565,-1.98718,-0.08938,-1.95657,1.95861,1.05911,1.68312,0.42154,-0.19493,0.38600,,-0.28742,0.75000,1.00000,true,,0.27608,-1.96971,0.25797,-1.95628,1.97322,1.56778,1.22395,0.27513,0.24698,0.12648,,-0.25116,0.80556,0.98889,782
RL_LOCAL_BLNR_s055_j1,scaled/RL_LOCAL_BLNR_s055_j1.png,accepted,879,494,,true,119.72524,0.99251,0.21612,43,11,120.85031,true,8,-0.27375,-0.30256,0.40802,1.02032,0.66642,true,,-1.04202,-0.68028,-1.03728,-0.66277,1.23094,0.68028,-1.04202,1.97253,-0.61205,-1.89038,0.90150,,1.00000,0.90000,0.57606,1.27989,1.08830,true,,-1.66591,1.19723,-1.62736,1.16598,2.00195,1.19723,1.66591,0.64544,0.57305,0.32954,0.30507,,0.85714,0.93333,false,hand/occluder crosses outline (clean 0.50),,,,,,,,,,,,,0.57143,0.50000,true,,1.02035,-0.99379,1.01504,-1.00997,1.43191,1.37082,0.38676,0.43571,0.24029,-0.36415,,-0.28137,0.77778,0.98333,true,,0.81759,0.57506,0.82657,0.56886,1.00341,0.42053,0.90681,0.52843,-0.49702,0.16759,,0.63562,0.68056,0.98333,true,,-0.01561,1.05414,-0.01062,1.04898,1.04904,0.51355,0.92072,0.13444,-0.09709,-0.09348,,0.63735,0.88889,0.98333,true,,-0.73806,0.94750,-0.72770,0.93236,1.18273,0.45153,1.11293,0.18407,-0.14743,-0.11425,,0.71199,0.91667,0.98333,true,,-1.32693,0.21598,-1.28799,0.20419,1.30408,0.85051,1.04116,0.48347,-0.02343,-0.49292,,0.67251,0.93056,0.97778,false,hand/occluder crosses outline (clean 0.62),,,,,,,,,,,,,0.62500,0.62222,true,,-0.23480,-2.02937,-0.25089,-1.99486,2.01057,1.21802,1.64008,0.39819,-0.17580,0.36929,,-0.30661,0.79167,1.00000,true,,0.32134,-2.00260,0.29434,-1.98885,2.01051,1.57363,1.27959,0.27563,0.16812,0.22178,,-0.25710,0.79167,0.98889,735
RL_LOCAL_BLNR_s055_j2,scaled/RL_LOCAL_BLNR_s055_j2.png,accepted,879,494,,true,119.68128,0.99465,0.19263,43,11,120.94418,true,8,-0.30574,-0.57287,0.64935,0.95476,0.58973,true,,-1.15149,-0.48602,-1.14100,-0.47420,1.23561,0.48602,-1.15149,2.08811,-1.01628,-1.83697,0.67576,,0.95238,0.96667,0.52686,1.28127,2.28310,true,,-1.71537,0.00923,-1.68533,-0.01216,1.68537,0.00923,1.71537,0.53866,-0.28321,0.46602,-0.06137,,0.85714,0.93333,false,hand/occluder crosses outline (clean 0.47),,,,,,,,,,,,,0.61905,0.46667,true,,0.88191,-1.04377,0.88417,-1.05025,1.37288,1.34489,0.24187,0.21959,0.05915,-0.21229,,-0.28651,0.81944,0.98889,true,,0.69957,-0.55717,0.70651,-0.55996,0.90150,0.88443,-0.13274,0.49428,-0.07596,-0.48802,,-0.29229,0.72222,1.00000,true,,-0.07207,1.09425,-0.07522,1.08547,1.08807,0.48471,0.98369,0.33280,0.10381,0.31904,,0.64455,0.98611,0.98333,true,,-0.65438,0.95204,-0.65128,0.93042,1.13571,0.49730,1.04273,0.21921,0.21527,0.05275,,0.72130,0.93056,0.98333,true,,-1.28289,0.23830,-1.24643,0.21744,1.26525,0.84782,0.99186,0.61991,0.25643,-0.57761,,0.63159,0.91667,0.98333,false,hand/occluder crosses outline (clean 0.62),,,,,,,,,,,,,0.56944,0.62222,true,,-0.15305,-2.03285,-0.15763,-1.99617,2.00238,1.14897,1.68398,0.46152,-0.34725,0.32499,,-0.29752,0.77778,1.00000,true,,0.20014,-2.01705,0.18989,-1.99661,2.00562,1.64674,1.18185,0.15489,0.05165,0.14820,,-0.23384,0.80556,0.98333,748
RL_LOCAL_BLNR_s055_j3,scaled/RL_LOCAL_BLNR_s055_j3.png,accepted,878,493,,true,119.66849,0.99365,0.21205,42,11,120.87508,true,9,-0.20623,-0.39067,0.44176,0.96543,0.61810,true,,0.09840,-1.43362,0.08889,-1.42766,1.43042,1.43362,0.09840,0.73621,0.10514,-0.73708,0.79778,,1.00000,1.00000,0.73296,1.26207,2.21773,true,,-0.93168,0.65892,-0.91274,0.64157,1.11567,0.65892,0.93168,0.30896,0.17363,-0.25959,3.24531,,0.61905,0.90000,true,,-1.20544,-1.38344,-1.17807,-1.35001,1.79176,1.20544,1.38344,0.11386,0.11764,0.00291,-0.33351,,0.90476,0.90000,true,,0.94756,-1.05028,0.94328,-1.06203,1.42046,1.38335,0.29547,0.43216,0.19531,-0.38753,,-0.26955,0.77778,0.98333,true,,0.78776,0.53054,0.79502,0.52414,0.95225,0.41695,0.85334,0.60397,-0.55056,0.23961,,0.60568,0.66667,0.98333,true,,-0.07098,1.20234,-0.06742,1.19580,1.19770,0.53970,1.07675,0.25723,-0.03192,0.25640,,0.65589,0.91667,0.98333,true,,-0.69191,0.89634,-0.68433,0.88193,1.11629,0.43030,1.04738,0.07201,-0.07205,0.00650,,0.70721,0.91667,0.98333,true,,-1.20345,0.09720,-1.17091,0.08824,1.17423,0.68591,0.99362,0.43482,-0.02307,-0.44315,,0.67154,0.91667,0.98333,false,hand/occluder crosses outline (clean 0.62),,,,,,,,,,,,,0.66667,0.62222,true,,-0.24107,-2.11625,-0.25196,-2.07743,2.09266,1.26690,1.71219,0.40774,-0.05849,0.41277,,-0.33252,0.77778,1.00000,true,,0.23516,-2.05817,0.21486,-2.03813,2.04943,1.66484,1.23274,0.30742,0.27018,0.15385,,-0.25845,0.80556,0.98889,748
RL_LOCAL_BLNR_s055_j4,scaled/RL_LOCAL_BLNR_s055_j4.png,accepted,880,493,,true,119.66637,0.99479,0.18001,43,11,120.93478,true,8,-0.36440,-0.57683,0.68229,0.98713,0.63785,true,,-1.24764,-0.52326,-1.23701,-0.50829,1.33737,0.52326,-1.24764,2.19159,-1.01472,-1.95553,0.54823,,1.00000,0.93333,0.57366,1.23230,3.05550,true,,-2.99252,0.03588,-2.93915,0.00347,2.93916,0.03588,2.99252,1.60705,-0.28159,1.60786,-0.09730,,0.85714,0.86667,false,hand/occluder crosses outline (clean 0.47),,,,,,,,,,,,,0.61905,0.46667,true,,0.88321,-1.05777,0.88419,-1.06636,1.38525,1.35766,0.23600,0.25520,0.06566,-0.24758,,-0.30210,0.79167,0.98889,true,,0.73737,-0.58760,0.74400,-0.59213,0.95087,0.93238,-0.14019,0.54495,-0.01117,-0.54474,,-0.28730,0.72222,1.00000,true,,-0.03545,1.15193,-0.03721,1.14316,1.14377,0.54526,1.01532,0.30358,0.18567,0.24273,,0.66329,0.97222,0.98333,true,,-0.59076,1.00448,-0.58679,0.98388,1.14558,0.57452,1.01385,0.31144,0.29396,-0.10720,,0.71239,0.93056,0.98333,true,,-1.28283,0.23223,-1.24582,0.21377,1.26403,0.84253,0.99485,0.72186,0.19393,-0.71016,,0.61391,0.91667,0.98333,false,hand/occluder crosses outline (clean 0.62),,,,,,,,,,,,,0.61111,0.61667,true,,-0.10505,-2.05814,-0.11409,-2.02140,2.02462,1.12004,1.72988,0.54096,-0.46098,0.31389,,-0.29365,0.75000,1.00000,true,,0.20464,-2.02870,0.19142,-2.00920,2.01830,1.65459,1.19157,0.12209,-0.00546,0.12404,,-0.22716,0.81944,0.98333,789
RL_LOCAL_BLNR_s045_j0,scaled/RL_LOCAL_BLNR_s045_j0.png,accepted,720,405,,true,98.00294,0.99367,0.22456,44,11,98.97461,true,8,-0.08755,-0.61864,0.62481,0.83994,0.39971,true,,0.15724,-1.00164,0.15138,-0.99993,1.01133,1.00164,0.15724,0.42080,-0.28823,-0.30845,0.81192,,1.00000,1.00000,0.71643,1.17281,1.75834,true,,-0.13055,-0.19106,-0.12911,-0.18890,0.22881,-0.19106,0.13055,0.50348,-0.19330,-0.47694,0.03358,,0.85714,0.90000,false,hand/occluder crosses outline (clean 0.13),,,,,,,,,,,,,0.61905,0.13333,true,,0.74358,-0.84068,0.74202,-0.84994,1.12827,1.09984,0.22362,0.08963,-0.07451,0.04973,,-0.21100,0.81944,0.97778,true,,0.50316,-0.44873,0.50649,-0.45343,0.67980,0.66011,-0.13703,0.28022,-0.25377,-0.11349,,-0.15767,0.77778,0.97778,true,,0.24552,-0.18421,0.24627,-0.18227,0.30638,0.12052,-0.28229,0.38160,-0.16786,-0.34487,,-0.26035,0.73611,1.00000,true,,-0.58788,0.66595,-0.58282,0.65325,0.87545,0.28279,0.84209,0.54531,0.19184,0.51905,,0.65992,0.90278,0.97778,true,,-1.03040,0.05020,-1.00131,0.04055,1.00213,0.55867,0.86726,0.37957,0.38161,-0.08129,,0.62680,0.90278,0.97222,false,hand/occluder crosses outline (clean 0.64),,,,,,,,,,,,,0.59722,0.63889,true,,-0.34312,-1.59546,-0.34403,-1.56639,1.60373,1.09489,1.21015,0.15082,0.03185,0.15029,,-0.08486,0.72222,0.98333,true,,0.25520,-1.68410,0.23957,-1.66995,1.68705,1.33087,1.06306,0.26923,0.07041,0.26367,,-0.14471,0.83333,0.98889,676
RL_LOCAL_BLNR_s045_j1,scaled/RL_LOCAL_BLNR_s045_j1.png,accepted,720,404,,true,98.00561,0.99503,0.23082,44,11,99.06145,true,8,-0.01127,-0.62640,0.62650,0.86913,0.43145,true,,0.21509,-1.11437,0.20410,-1.11152,1.13011,1.11437,0.21509,0.42593,-0.20801,-0.37464,1.04058,,1.00000,0.93333,0.81405,1.30198,1.16478,true,,-0.15447,-0.21083,-0.15348,-0.20773,0.25828,-0.21083,0.15447,0.46216,-0.22663,-0.41521,0.19153,,0.85714,0.90000,false,hand/occluder crosses outline (clean 0.13),,,,,,,,,,,,,0.85714,0.13333,true,,0.84073,-0.87449,0.83578,-0.88605,1.21803,1.17770,0.29085,0.06879,-0.06824,0.00725,,-0.19679,0.79167,0.97778,true,,0.56535,-0.49880,0.56718,-0.50509,0.75948,0.73901,-0.14930,0.34204,-0.27240,-0.20307,,-0.15149,0.76389,0.97778,true,,0.47080,-0.11768,0.47210,-0.11648,0.48626,0.34888,-0.33731,0.39587,-0.02821,-0.39749,,-0.29598,0.70833,0.99444,true,,-0.62629,0.71773,-0.61834,0.70519,0.93789,0.30843,0.90124,0.61824,0.16117,0.60654,,0.65271,0.90278,0.97778,true,,-1.02651,0.11911,-0.99681,0.11114,1.00299,0.61640,0.82943,0.45987,0.46274,-0.09960,,0.66318,0.84722,0.97222,false,hand/occluder crosses outline (clean 0.64),,,,,,,,,,,,,0.65278,0.63889,true,,-0.09204,-1.69860,-0.10734,-1.66617,1.66962,0.92901,1.42501,0.28068,-0.09350,0.27256,,-0.18939,0.80556,0.98889,true,,0.31708,-1.68571,0.29410,-1.67005,1.69575,1.30133,1.11746,0.20242,0.04898,0.19953,,-0.14786,0.80556,0.98333,683
RL_LOCAL_BLNR_s045_j2,scaled/RL_LOCAL_BLNR_s045_j2.png,accepted,719,405,,true,98.03351,0.99314,0.21717,43,11,98.83264,true,8,-0.28480,-0.63343,0.69451,1.03877,0.57166,true,,0.26909,-1.52846,0.26492,-1.52771,1.55051,1.52846,0.26909,0.23888,0.06942,-0.23119,1.01565,,1.00000,0.90000,0.66675,1.29805,0.78029,true,,-1.14093,0.07586,-1.12218,0.06078,1.12382,0.07586,1.14093,0.12310,-0.06078,0.10855,-0.35189,,0.85714,0.90000,false,hand/occluder crosses outline (clean 0.13),,,,,,,,,,,,,0.61905,0.13333,true,,0.78133,-0.90447,0.78275,-0.91183,1.20172,1.17397,0.22442,0.07052,-0.06963,-0.00857,,-0.15267,0.84722,0.97778,true,,0.60035,-0.55458,0.60588,-0.55815,0.82379,0.79720,-0.18010,0.30527,-0.10732,-0.28469,,-0.16818,0.70833,0.97778,true,,0.43837,-0.10533,0.44008,-0.10145,0.45162,0.32698,-0.31040,0.70244,0.06103,-0.70276,,-0.25528,0.77778,1.00000,true,,-0.56130,0.75688,-0.55860,0.74233,0.92903,0.37483,0.86454,0.26925,0.23729,0.13311,,0.68080,0.91667,0.98333,true,,-2.12482,-0.00374,-2.06877,-0.02784,2.06896,1.05917,1.84202,0.76616,0.63385,0.47201,,-0.22142,0.79167,0.97778,false,hand/occluder crosses outline (clean 0.63),,,,,,,,,,,,,0.66667,0.63333,true,,-0.05530,-1.69125,-0.06092,-1.66680,1.66791,0.89351,1.43702,0.54177,-0.50945,0.22639,,-0.23953,0.79167,0.99444,true,,0.13890,-1.62987,0.13134,-1.61786,1.62318,1.34206,0.93523,0.19646,-0.18930,0.06367,,-0.15139,0.86111,0.98333,623
RL_LOCAL_BLNR_s045_j3,scaled/RL_LOCAL_BLNR_s045_j3.png,accepted,719,404,,true,98.07191,0.99315,0.24398,43,11,99.10034,true,8,-0.17154,-0.57375,0.59885,1.02977,0.50472,true,,0.18604,-1.47131,0.17535,-1.46729,1.47773,1.47131,0.18604,0.34497,0.07470,-0.34112,1.05614,,1.00000,0.90000,0.85427,1.36650,1.44211,true,,-0.08244,-0.06348,-0.08140,-0.06290,0.10287,-0.06348,0.08244,0.77238,-0.25300,-0.74724,0.10739,,0.85714,0.90000,false,hand/occluder crosses outline (clean 0.10),,,,,,,,,,,,,0.76190,0.10000,true,,0.70622,-0.76822,0.70332,-0.77802,1.04879,1.01841,0.22749,0.23433,-0.22903,-0.04389,,-0.20987,0.81944,0.97778,true,,0.49116,-0.44565,0.49359,-0.45110,0.66867,0.64818,-0.14036,0.41911,-0.32416,-0.26146,,-0.17480,0.76389,0.97778,true,,0.53658,-0.01968,0.53868,-0.01844,0.53899,0.45485,-0.28533,0.57790,0.06357,-0.57692,,-0.32215,0.77778,0.98889,true,,-0.63325,0.76240,-0.62641,0.74925,0.97661,0.34363,0.92961,0.37183,0.10263,0.36293,,0.63947,0.91667,0.98333,true,,-2.18641,0.37553,-2.12175,0.35344,2.15099,1.41842,1.70572,1.11339,1.00693,0.55798,,-0.35069,0.76389,0.97778,false,hand/occluder crosses outline (clean 0.64),,,,,,,,,,,,,0.61111,0.63889,true,,-0.06725,-1.80992,-0.08109,-1.77727,1.77912,0.96320,1.53381,0.49291,-0.30445,0.40629,,-0.20120,0.79167,0.98889,true,,0.28537,-1.70914,0.26603,-1.69402,1.71478,1.33748,1.10170,0.25658,-0.08045,0.24927,,-0.18372,0.79167,0.98889,634
RL_LOCAL_BLNR_s045_j4,scaled/RL_LOCAL_BLNR_s045_j4.png,accepted,720,404,,true,98.03038,0.99324,0.19648,42,11,98.88248,true,8,-0.29783,-0.51598,0.59577,1.18796,0.50867,true,,0.20928,-1.50886,0.20340,-1.50731,1.52097,1.50886,0.20928,0.19599,0.04930,-0.19188,0.82648,,1.00000,0.86667,0.62537,1.16309,1.30798,true,,-0.67413,0.73396,-0.66114,0.71474,0.97363,0.73396,0.67413,0.46311,0.36775,-0.28916,3.45757,,0.57143,0.86667,false,hand/occluder crosses outline (clean 0.10),,,,,,,,,,,,,0.61905,0.10000,true,,0.78620,-0.87868,0.78622,-0.88720,1.18544,1.15406,0.24153,0.11284,-0.10154,0.04855,,-0.18562,0.80556,0.97778,true,,0.60174,-0.53461,0.60647,-0.53911,0.81145,0.78843,-0.16211,0.32235,-0.16660,-0.27443,,-0.14325,0.73611,0.97778,true,,0.34071,-0.15419,0.34199,-0.15145,0.37403,0.21797,-0.30389,0.74477,-0.21626,-0.71660,,-0.27804,0.75000,1.00000,true,,-0.57780,0.73618,-0.57390,0.72243,0.92264,0.34866,0.86848,0.15351,-0.00490,0.15518,,0.66196,0.90278,0.98333,true,,-2.20018,0.31958,-2.13996,0.29136,2.15970,1.37685,1.74562,0.85814,0.72288,0.51153,,-0.35091,0.73611,0.97778,false,hand/occluder crosses outline (clean 0.64),,,,,,,,,,,,,0.66667,0.63889,true,,-0.26718,-1.72650,-0.26921,-1.69937,1.72056,1.09464,1.36160,0.50052,-0.38071,0.34725,,-0.20090,0.84722,0.98889,true,,0.10814,-1.63455,0.09877,-1.62153,1.62453,1.36149,0.91093,0.27129,-0.19452,0.19715,,-0.16706,0.90278,0.98333,642
RL_ARF_BLRO_CROOKED6_s100_j0,scaled/RL_ARF_BLRO_CROOKED6_s100_j0.png,accepted,1600,1200,,true,233.52407,0.99126,0.13766,42,11,234.27309,true,9,-0.03722,1.12879,1.12940,0.95304,-0.04813,true,,-2.36248,-1.62842,-2.38600,-1.61994,2.88396,1.62842,-2.36248,2.38021,0.97742,-2.15823,0.27663,,1.00000,1.00000,0.03006,0.61854,0.61474,true,,0.28305,1.96365,0.29778,1.93361,1.95640,1.96365,-0.28305,0.86190,-0.85559,-0.18142,0.00826,,1.00000,1.00000,true,,-1.37403,1.15043,-1.35321,1.15379,1.77831,1.37403,-1.15043,0.37991,-0.35887,0.13148,-0.03718,,1.00000,1.00000,true,,0.33238,-0.25485,0.33239,-0.25906,0.42142,0.38690,0.16042,0.47306,-0.42290,-0.20559,,0.56691,0.86111,1.00000,false,hand/occluder crosses outline (clean 0.65),,,,,,,,,,,,,0.80556,0.65000,true,,1.96332,2.02316,1.96651,1.99292,2.79981,2.71186,0.77045,0.37718,0.37114,-0.07456,,0.63901,1.00000,1.00000,true,,1.02074,3.00891,1.03276,2.96313,3.13795,3.11617,0.62047,0.37954,0.34343,0.17309,,0.72719,0.90278,0.99444,true,,-1.52800,2.35347,-1.49022,2.32870,2.76471,2.80217,0.14655,0.82694,-0.01755,0.83247,,0.73914,1.00000,1.00000,true,,-1.72842,3.25502,-1.67432,3.23064,3.63874,3.12436,-1.95472,1.07957,0.70227,-0.83678,,0.72223,0.98611,0.98889,true,,-1.24538,1.01456,-1.23078,1.02420,1.60119,0.57125,-1.50132,0.79458,-0.71754,-0.33640,,0.68085,0.90278,1.00000,true,,-1.17543,-1.41356,-1.19409,-1.41083,1.84832,1.81189,-0.31117,1.06381,0.95512,0.45612,,0.54734,0.86111,1.00000,1642
RL_ARF_BLRO_CROOKED6_s100_j1,scaled/RL_ARF_BLRO_CROOKED6_s100_j1.png,accepted,1599,1198,,true,233.42363,0.99428,0.13919,43,11,234.32442,true,9,-0.02130,1.16338,1.16358,0.94919,-0.04465,true,,-2.43469,-1.58468,-2.46336,-1.56613,2.91906,1.58468,-2.43469,2.46641,0.97560,-2.25339,0.21304,,1.00000,1.00000,0.00792,0.56506,0.73463,true,,0.26463,2.11523,0.28790,2.08114,2.10095,2.11523,-0.26463,0.73911,-0.73265,-0.16211,0.01832,,1.00000,1.00000,true,,-1.29918,1.11318,-1.27465,1.12023,1.69695,1.29918,-1.11318,0.45516,-0.41566,0.19311,0.27546,,1.00000,1.00000,true,,0.32828,-0.18037,0.32810,-0.18529,0.37680,0.32035,0.19411,0.50731,-0.45790,-0.21104,,0.64533,0.86111,1.00000,false,hand/occluder crosses outline (clean 0.65),,,,,,,,,,,,,0.76389,0.65000,true,,1.91190,2.03474,1.92205,1.99754,2.77208,2.67312,0.80619,0.31953,0.31174,-0.07495,,0.72272,1.00000,1.00000,true,,1.08628,3.01556,1.10799,2.96435,3.16465,3.15469,0.56703,0.36198,0.35269,0.10061,,0.79302,0.88889,0.99444,true,,-1.49206,2.36312,-1.44569,2.34167,2.75198,2.79255,0.11060,0.80783,-0.04482,0.81260,,0.81106,1.00000,1.00000,true,,-1.76745,3.29238,-1.70027,3.27203,3.68742,3.17685,-1.96756,1.10379,0.75421,-0.82495,,0.79036,0.98611,0.98889,true,,-1.20205,1.02618,-1.18324,1.03940,1.57493,0.52792,-1.48972,0.79222,-0.72631,-0.31175,,0.75159,0.86111,1.00000,true,,-1.18165,-1.44156,-1.20541,-1.43424,1.87352,1.83925,-0.30256,1.12988,1.02563,0.46070,,0.61168,0.81944,1.00000,1686
RL_ARF_BLRO_CROOKED6_s100_j2,scaled/RL_ARF_BLRO_CROOKED6_s100_j2.png,accepted,1598,1199,,true,233.56509,0.99273,0.12803,43,11,234.26252,true,9,-0.05180,1.13935,1.14053,0.94584,-0.04737,true,,-2.37041,-1.59277,-2.38798,-1.59220,2.87012,1.59277,-2.37041,2.37514,0.96595,-2.15800,0.36994,,1.00000,1.00000,0.13031,0.64970,0.51268,true,,0.24437,1.97173,0.25258,1.94312,1.95947,1.97173,-0.24437,0.84724,-0.84530,-0.15574,0.20027,,1.00000,1.00000,true,,-1.25564,1.15942,-1.23958,1.15780,1.69619,1.25564,-1.15942,0.49016,-0.47508,0.13076,0.19526,,1.00000,1.00000,true,,0.34077,-0.26484,0.34168,-0.26796,0.43422,0.39974,0.16269,0.43440,-0.38173,-0.20194,,0.63056,0.87500,1.00000,false,hand/occluder crosses outline (clean 0.65),,,,,,,,,,,,,0.79167,0.65000,true,,1.96601,2.07148,1.96229,2.04773,2.83616,2.73835,0.81095,0.41676,0.41534,-0.05110,,0.71706,1.00000,1.00000,true,,0.94731,2.98870,0.94934,2.94743,3.09655,3.06194,0.67395,0.36053,0.29914,0.20952,,0.78447,0.90278,0.99444,true,,-1.53486,2.35020,-1.50574,2.32102,2.76665,2.80276,0.15413,0.82818,-0.01767,0.83362,,0.80498,1.00000,1.00000,true,,-1.70127,3.23709,-1.65960,3.20779,3.61168,3.09189,-1.95276,1.05661,0.66908,-0.83348,,0.78134,0.98611,0.98889,true,,-1.31072,1.03110,-1.29980,1.03678,1.66265,0.61957,-1.54832,0.75866,-0.65932,-0.37141,,0.74963,0.93056,1.00000,true,,-1.22236,-1.39977,-1.23601,-1.40088,1.86820,1.82342,-0.35871,1.07591,0.98432,0.42058,,0.63047,0.83333,1.00000,1645
RL_ARF_BLRO_CROOKED6_s100_j3,scaled/RL_ARF_BLRO_CROOKED6_s100_j3.png,accepted,1597,1197,,true,233.64339,0.99172,0.14152,43,11,234.26168,true,9,-0.04405,1.16728,1.16812,0.95657,-0.03218,true,,-2.34428,-1.60531,-2.37047,-1.59244,2.85569,1.60531,-2.34428,2.40656,0.98636,-2.18295,0.27817,,1.00000,1.00000,0.06862,0.60099,0.68077,true,,0.22479,2.06126,0.24426,2.02937,2.04402,2.06126,-0.22479,0.81097,-0.80273,-0.18161,0.27363,,1.00000,1.00000,true,,-1.35510,1.16044,-1.33220,1.16609,1.77046,1.35510,-1.16044,0.40627,-0.39317,0.11081,0.18694,,1.00000,1.00000,true,,0.36617,-0.20441,0.36629,-0.20929,0.42186,0.36011,0.21490,0.47339,-0.41830,-0.21543,,0.60331,0.86111,1.00000,false,hand/occluder crosses outline (clean 0.66),,,,,,,,,,,,,0.77778,0.65556,true,,1.91229,2.10865,1.91935,2.07408,2.82590,2.71042,0.87000,0.35651,0.35173,-0.06602,,0.67742,1.00000,1.00000,true,,0.96106,3.07287,0.97888,3.02426,3.17873,3.14171,0.70413,0.37234,0.33352,0.17649,,0.77145,0.90278,0.99444,true,,-1.55374,2.34985,-1.51171,2.32785,2.77564,2.81190,0.17065,0.81075,-0.05246,0.81490,,0.79026,1.00000,1.00000,true,,-1.79354,3.23438,-1.73362,3.21365,3.65143,3.17044,-1.90429,1.06755,0.71445,-0.81053,,0.75555,0.98611,0.98889,true,,-1.23587,0.96993,-1.22023,0.98180,1.56617,0.58533,-1.45792,0.76565,-0.69877,-0.30799,,0.71205,0.88889,1.00000,true,,-1.14829,-1.45948,-1.17008,-1.45505,1.86715,1.83809,-0.26471,1.11671,1.00350,0.47685,,0.55380,0.81944,1.00000,1840
RL_ARF_BLRO_CROOKED6_s100_j4,scaled/RL_ARF_BLRO_CROOKED6_s100_j4.png,accepted,1600,1197,,true,233.44843,0.99310,0.13895,43,11,234.29824,true,9,-0.03110,1.12417,1.12460,0.95727,-0.05938,true,,-2.43781,-1.63227,-2.45853,-1.62744,2.94838,1.63227,-2.43781,2.41929,0.96870,-2.20500,0.27890,,1.00000,1.00000,0.00116,0.63576,0.55890,true,,0.23631,2.08583,0.24864,2.05475,2.06974,2.08583,-0.23631,0.73150,-0.73662,-0.09171,0.08131,,1.00000,1.00000,true,,-1.29693,1.09859,-1.27903,1.09925,1.68649,1.29693,-1.09859,0.48175,-0.43542,0.21362,0.16913,,1.00000,1.00000,true,,0.28941,-0.29921,0.28951,-0.30278,0.41892,0.40383,0.10104,0.48477,-0.42218,-0.23246,,0.57587,0.84722,1.00000,false,hand/occluder crosses outline (clean 0.65),,,,,,,,,,,,,0.80556,0.65000,true,,2.00492,1.98003,2.00441,1.95361,2.79897,2.72632,0.71230,0.38126,0.37245,-0.08733,,0.67377,1.00000,1.00000,true,,1.08365,2.95773,1.08980,2.91430,3.11140,3.10330,0.54040,0.34650,0.32205,0.13977,,0.76639,0.90278,0.99444,true,,-1.46586,2.37485,-1.43258,2.34667,2.74939,2.78961,0.08205,0.80522,-0.03039,0.81028,,0.77509,1.00000,1.00000,true,,-1.68055,3.28863,-1.63224,3.26037,3.64613,3.09972,-2.00776,1.07668,0.67872,-0.85215,,0.75409,0.98611,0.98889,true,,-1.28168,1.06121,-1.26828,1.06869,1.65850,0.57936,-1.55988,0.80302,-0.71278,-0.36551,,0.72402,0.90278,1.00000,true,,-1.22839,-1.38741,-1.24420,-1.38621,1.86269,1.81572,-0.37011,1.04693,0.95096,0.42525,,0.57181,0.84722,1.00000,1702
RL_ARF_BLRO_CROOKED6_s085_j0,scaled/RL_ARF_BLRO_CROOKED6_s085_j0.png,accepted,1360,1020,,true,198.54044,0.99164,0.11922,43,11,199.21161,true,9,-0.02764,0.94876,0.94916,0.95025,-0.05017,true,,-2.07403,-1.42698,-2.09360,-1.41788,2.52855,1.42698,-2.07403,2.09590,0.86714,-1.89889,0.27242,,1.00000,1.00000,0.01060,0.62855,0.60641,true,,0.31937,1.70345,0.33149,1.67691,1.70937,1.70345,-0.31937,0.70447,-0.67897,-0.22342,-0.01220,,1.00000,1.00000,true,,-1.15251,0.86914,-1.13598,0.87198,1.43207,1.15251,-0.86914,0.37683,-0.31265,0.21556,0.24878,,1.00000,1.00000,true,,0.26463,-0.19155,0.26464,-0.19474,0.32857,0.29820,0.13340,0.43475,-0.39725,-0.17037,,0.57121,0.86111,1.00000,false,hand/occluder crosses outline (clean 0.66),,,,,,,,,,,,,0.77778,0.66111,true,,1.58853,1.72506,1.59189,1.69980,2.32883,2.23823,0.69968,0.25287,0.25405,-0.00175,,0.65576,1.00000,0.99444,true,,0.86136,2.52446,0.87154,2.48617,2.63450,2.61692,0.51627,0.30582,0.27083,0.15058,,0.71081,0.90278,0.96111,true,,-1.24215,1.98032,-1.21083,1.95873,2.30277,2.33609,0.08558,0.66952,-0.04575,0.67288,,0.73386,1.00000,0.98889,true,,-1.44724,2.79160,-1.40124,2.76932,3.10364,2.64915,-1.69398,0.94677,0.60304,-0.74476,,0.71334,1.00000,0.98333,true,,-1.06191,0.85508,-1.04917,0.86272,1.35832,0.49210,-1.27147,0.66694,-0.60101,-0.28651,,0.67139,0.77778,1.00000,true,,-1.01116,-1.22736,-1.02648,-1.22379,1.59729,1.56850,-0.26201,0.92636,0.83730,0.38722,,0.57418,0.81944,1.00000,1567
RL_ARF_BLRO_CROOKED6_s085_j1,scaled/RL_ARF_BLRO_CROOKED6_s085_j1.png,accepted,1359,1018,,true,198.48730,0.99292,0.13670,41,11,199.09508,true,9,0.06842,1.00250,1.00484,0.91909,-0.04428,true,,-2.12032,-1.46762,-2.14645,-1.45235,2.59164,1.46762,-2.12032,2.30081,1.01286,-2.05393,0.22680,,1.00000,1.00000,0.04187,0.54183,0.68988,true,,0.18359,1.84711,0.20404,1.81849,1.82990,1.84711,-0.18359,0.53448,-0.54221,-0.01084,-0.00820,,1.00000,1.00000,true,,0.35954,1.02864,0.37569,1.01918,1.08622,-0.35954,-1.02864,1.68114,-1.68469,0.09514,0.34831,,0.90476,0.96667,true,,0.29284,-0.19216,0.29238,-0.19662,0.35234,0.31283,0.15752,0.42895,-0.33015,-0.27021,,0.63658,0.86111,1.00000,false,hand/occluder crosses outline (clean 0.66),,,,,,,,,,,,,0.75000,0.66111,true,,1.68271,1.74991,1.69121,1.71749,2.41039,2.33222,0.67411,0.29440,0.29212,-0.04516,,0.66631,1.00000,0.99444,true,,0.91532,2.57529,0.93388,2.53220,2.69892,2.68793,0.49495,0.33771,0.29973,0.16520,,0.76027,0.91667,0.96111,true,,-1.22645,1.97230,-1.18912,1.95548,2.28864,2.32128,0.07599,0.74879,-0.01034,0.75384,,0.75723,1.00000,0.98889,true,,-1.43279,2.76315,-1.37858,2.74713,3.07363,2.62241,-1.67656,0.92989,0.68029,-0.65061,,0.73652,0.98611,0.98333,true,,-1.03070,0.89196,-1.01526,0.90337,1.35899,0.44663,-1.28781,0.58393,-0.48788,-0.31844,,0.71221,0.77778,1.00000,true,,-1.04127,-1.23404,-1.06182,-1.22768,1.62316,1.58935,-0.28474,1.05094,1.00294,0.29512,,0.59826,0.84722,1.00000,1547
RL_ARF_BLRO_CROOKED6_s085_j2,scaled/RL_ARF_BLRO_CROOKED6_s085_j2.png,accepted,1358,1019,,true,198.49593,0.99222,0.12143,43,11,199.08633,true,9,-0.06185,0.99134,0.99327,0.95583,-0.04338,true,,-2.06581,-1.39586,-2.08155,-1.39578,2.50621,1.39586,-2.06581,2.08011,0.87038,-1.87834,0.35218,,1.00000,1.00000,0.10654,0.63025,0.46752,true,,0.08851,1.74475,0.09672,1.71929,1.72201,1.74475,-0.08851,0.67870,-0.68742,-0.04171,0.20674,,1.00000,1.00000,true,,-1.18180,1.06038,-1.16674,1.05901,1.57568,1.18180,-1.06038,0.32430,-0.32211,0.04870,0.18951,,1.00000,1.00000,true,,0.28874,-0.19317,0.28962,-0.19568,0.34952,0.31166,0.15347,0.37927,-0.33960,-0.16362,,0.60904,0.84722,1.00000,false,hand/occluder crosses outline (clean 0.66),,,,,,,,,,,,,0.76389,0.66111,true,,1.65420,1.74588,1.65088,1.72564,2.38814,2.30552,0.68488,0.33006,0.31923,-0.08805,,0.70168,1.00000,0.99444,true,,0.82333,2.55994,0.82492,2.52394,2.65533,2.62864,0.56694,0.28289,0.25353,0.13378,,0.76384,0.90278,0.96111,true,,-1.31768,2.00661,-1.29229,1.98120,2.36541,2.39661,0.13784,0.69650,-0.04552,0.69995,,0.76825,1.00000,0.98889,true,,-1.48134,2.76722,-1.44486,2.74183,3.09924,2.66649,-1.65582,0.89238,0.56412,-0.70489,,0.76582,1.00000,0.98333,true,,-1.06153,0.87536,-1.05217,0.88009,1.37172,0.48164,-1.28885,0.68356,-0.62546,-0.27090,,0.71380,0.83333,1.00000,true,,-1.01688,-1.17940,-1.02864,-1.18065,1.56590,1.52983,-0.29095,0.90395,0.81156,0.38723,,0.60297,0.80556,1.00000,1501
RL_ARF_BLRO_CROOKED6_s085_j3,scaled/RL_ARF_BLRO_CROOKED6_s085_j3.png,accepted,1357,1017,,true,198.51218,0.99154,0.12513,41,11,199.11453,true,9,-0.03516,0.99782,0.99844,0.97002,-0.03338,true,,-2.09339,-1.47127,-2.11661,-1.45893,2.57071,1.47127,-2.09339,2.17447,0.92973,-1.95532,0.25498,,1.00000,1.00000,0.02211,0.60810,0.68141,true,,0.14159,1.89305,0.15959,1.86397,1.87079,1.89305,-0.14159,0.56751,-0.56739,-0.09938,0.26977,,1.00000,1.00000,true,,-1.24777,1.00130,-1.22760,1.00681,1.58766,1.24777,-1.00130,0.26922,-0.25604,0.08829,0.06070,,1.00000,1.00000,true,,0.27303,-0.13591,0.27325,-0.13949,0.30679,0.25422,0.16850,0.47237,-0.42521,-0.19893,,0.59460,0.86111,1.00000,false,hand/occluder crosses outline (clean 0.66),,,,,,,,,,,,,0.77778,0.65556,true,,1.63940,1.80698,1.64535,1.77688,2.42166,2.32325,0.74519,0.29492,0.29166,-0.05098,,0.66193,1.00000,0.99444,true,,0.85013,2.61231,0.86478,2.57033,2.71190,2.68739,0.56992,0.29529,0.27244,0.12390,,0.74573,0.91667,0.95556,true,,-1.25872,1.95866,-1.22412,1.93982,2.29377,2.32561,0.11076,0.67463,-0.13472,0.66674,,0.75945,1.00000,0.98889,true,,-1.45938,2.72696,-1.40941,2.70857,3.05333,2.62735,-1.63193,0.85420,0.51716,-0.69258,,0.72629,0.98611,0.98333,true,,-1.05373,0.82298,-1.04033,0.83307,1.33277,0.50107,-1.23959,0.65982,-0.60710,-0.25486,,0.68894,0.83333,1.00000,true,,-0.97619,-1.25567,-0.99445,-1.25125,1.59830,1.57554,-0.21757,0.95188,0.85073,0.41701,,0.56803,0.81944,1.00000,1538
RL_ARF_BLRO_CROOKED6_s085_j4,scaled/RL_ARF_BLRO_CROOKED6_s085_j4.png,accepted,1360,1017,,true,198.49520,0.99191,0.12801,42,11,199.19635,true,9,-0.03731,0.98072,0.98142,0.96741,-0.05299,true,,-2.11700,-1.43724,-2.13472,-1.43220,2.57065,1.43724,-2.11700,2.12758,0.88261,-1.92589,0.25844,,1.00000,1.00000,0.09989,0.50677,0.57931,true,,0.15418,1.92992,0.16571,1.89989,1.90711,1.92992,-0.15418,0.50608,-0.51058,-0.05896,0.03518,,1.00000,1.00000,true,,-1.15525,0.89657,-1.13980,0.89690,1.45037,1.15525,-0.89657,0.40920,-0.34374,0.22792,0.19025,,1.00000,1.00000,true,,0.23018,-0.20298,0.23045,-0.20556,0.30880,0.29088,0.09786,0.45321,-0.40011,-0.20710,,0.57769,0.86111,1.00000,false,hand/occluder crosses outline (clean 0.66),,,,,,,,,,,,,0.75000,0.66111,true,,1.66297,1.69424,1.66234,1.67099,2.35703,2.28729,0.63577,0.28022,0.26631,-0.08981,,0.66614,1.00000,0.99444,true,,0.91366,2.52914,0.91842,2.49038,2.65433,2.64713,0.47332,0.26234,0.24940,0.09236,,0.73224,0.91667,0.96111,true,,-1.24083,2.00896,-1.21236,1.98324,2.32445,2.36023,0.07011,0.67408,-0.08138,0.67453,,0.76027,1.00000,0.98889,true,,-1.45821,2.82219,-1.41613,2.79549,3.13371,2.67394,-1.71498,0.92179,0.57695,-0.73382,,0.74347,1.00000,0.98333,true,,-1.07297,0.88690,-1.06140,0.89263,1.38685,0.48577,-1.30456,0.68672,-0.62584,-0.27952,,0.70010,0.79167,1.00000,true,,-1.02626,-1.18942,-1.03938,-1.18776,1.57832,1.54320,-0.29405,0.89983,0.80834,0.38638,,0.58583,0.83333,1.00000,1522
RL_ARF_BLRO_CROOKED6_s070_j0,scaled/RL_ARF_BLRO_CROOKED6_s070_j0.png,accepted,1120,840,,true,163.52067,0.99202,0.16551,42,11,164.05822,true,9,0.08426,0.83202,0.83628,0.89731,-0.05437,true,,-1.73770,-1.14625,-1.75393,-1.13905,2.09134,1.14625,-1.73770,1.88103,0.80613,-1.69065,0.27592,,1.00000,1.00000,0.04602,0.59527,0.59366,true,,0.34649,1.60094,0.35742,1.57543,1.61547,1.60094,-0.34649,0.37321,-0.34697,-0.15157,0.01343,,1.00000,1.00000,true,,0.48040,0.83495,0.48959,0.82672,0.96081,-0.48040,-0.83495,1.51194,-1.51462,0.11894,0.32717,,0.90476,0.96667,true,,0.21701,-0.09733,0.21742,-0.09970,0.23919,0.19280,0.13927,0.38865,-0.31813,-0.21936,,0.54699,0.90278,1.00000,false,hand/occluder crosses outline (clean 0.66),,,,,,,,,,,,,0.79167,0.66111,true,,1.38426,1.38705,1.38631,1.36617,1.94635,1.89233,0.50910,0.21576,0.21064,-0.04996,,0.57554,1.00000,0.98333,true,,0.73655,2.06470,0.74426,2.03293,2.16488,2.15635,0.39448,0.25665,0.19686,0.16986,,0.65731,0.91667,0.93333,true,,-0.99397,1.61916,-0.96813,1.60101,1.87097,1.89922,0.05122,0.65840,0.01710,0.66293,,0.67137,1.00000,0.98333,true,,-1.19048,2.28514,-1.15217,2.26677,2.54278,2.17355,-1.38375,0.78717,0.62587,-0.49424,,0.65770,0.98611,0.98333,true,,-0.89561,0.73279,-0.88458,0.73951,1.15298,0.40923,-1.08242,0.40594,-0.30213,-0.27028,,0.63585,0.84722,1.00000,true,,-0.84069,-0.96344,-0.85295,-0.96079,1.28478,1.25471,-0.24634,0.85744,0.82115,0.23136,,0.53305,0.81944,1.00000,1412
RL_ARF_BLRO_CROOKED6_s070_j1,scaled/RL_ARF_BLRO_CROOKED6_s070_j1.png,accepted,1119,839,,true,163.46353,0.99317,0.13747,41,11,163.97656,true,9,-0.02070,0.77259,0.77287,0.91756,-0.04346,true,,-1.79499,-1.13043,-1.81525,-1.11702,2.13141,1.13043,-1.79499,1.81579,0.70312,-1.66564,0.21889,,1.00000,1.00000,0.05046,0.54051,0.76438,true,,0.07429,1.31120,0.08927,1.29318,1.29626,1.31120,-0.07429,0.59225,-0.60002,-0.01033,0.11896,,1.00000,1.00000,true,,-0.70031,0.68717,-0.68639,0.69128,0.97416,0.70031,-0.68717,0.49718,-0.46577,0.18184,0.30851,,1.00000,0.93333,true,,0.25616,-0.17173,0.25562,-0.17572,0.31019,0.27680,0.13597,0.28987,-0.25989,-0.12454,,0.57555,0.87500,1.00000,false,hand/occluder crosses outline (clean 0.67),,,,,,,,,,,,,0.79167,0.66667,true,,1.31098,1.42873,1.31871,1.40451,1.92657,1.84971,0.58183,0.26400,0.26517,-0.00332,,0.62395,1.00000,0.98333,true,,0.69635,2.04659,0.71185,2.01536,2.13738,2.12057,0.42024,0.26122,0.24136,0.10783,,0.65973,0.90278,0.93889,true,,-1.01507,1.59237,-0.98508,1.58108,1.86284,1.88656,0.08289,0.54254,-0.02261,0.54559,,0.67155,1.00000,0.98333,true,,-1.15518,2.25632,-1.11153,2.24554,2.50558,2.12858,-1.37644,0.78255,0.49215,-0.61907,,0.67327,0.98611,0.98333,true,,-0.89186,0.73468,-0.87908,0.74494,1.15226,0.40503,-1.08218,0.54466,-0.45629,-0.29485,,0.65201,0.86111,1.00000,true,,-0.89574,-0.98036,-0.91185,-0.97480,1.33480,1.29689,-0.28555,0.76949,0.73023,0.22904,,0.58085,0.90278,1.00000,1455
RL_ARF_BLRO_CROOKED6_s070_j2,scaled/RL_ARF_BLRO_CROOKED6_s070_j2.png,accepted,1119,839,,true,163.56906,0.99176,0.14038,42,11,164.08322,true,9,-0.04463,0.83358,0.83478,0.94561,-0.05687,true,,-1.75032,-1.22900,-1.76348,-1.22797,2.14890,1.22900,-1.75032,1.78347,0.82657,-1.57130,0.31345,,1.00000,1.00000,0.06581,0.59500,0.43401,true,,0.20435,1.52356,0.21051,1.50020,1.51489,1.52356,-0.20435,0.49523,-0.48560,-0.13023,0.22868,,1.00000,1.00000,true,,-1.03081,0.97252,-1.01732,0.97031,1.40585,1.03081,-0.97252,0.18943,-0.18965,-0.01199,0.16704,,1.00000,0.90000,true,,0.22001,-0.12289,0.22072,-0.12454,0.25343,0.21643,0.12909,0.31841,-0.29492,-0.11499,,0.56891,0.84722,1.00000,false,hand/occluder crosses outline (clean 0.66),,,,,,,,,,,,,0.77778,0.66111,true,,1.34910,1.43333,1.34647,1.41587,1.95389,1.88502,0.56675,0.25163,0.24743,-0.05064,,0.63318,1.00000,0.98333,true,,0.67177,2.07234,0.67297,2.04209,2.15013,2.13058,0.45440,0.20741,0.16855,0.12569,,0.67601,0.91667,0.93889,true,,-1.02657,1.59928,-1.00683,1.57806,1.87189,1.89830,0.08939,0.60391,-0.11259,0.59824,,0.69753,1.00000,0.98333,true,,-1.18562,2.28584,-1.15621,2.26323,2.54146,2.16970,-1.38678,0.70306,0.44748,-0.55349,,0.67985,0.98611,0.98333,true,,-0.87681,0.75339,-0.86881,0.75664,1.15210,0.38264,-1.09086,0.54485,-0.50203,-0.20871,,0.65452,0.93056,1.00000,true,,-0.83976,-0.93961,-0.84888,-0.93953,1.26622,1.23361,-0.25745,0.75575,0.67339,0.33602,,0.56036,0.84722,1.00000,1469
RL_ARF_BLRO_CROOKED6_s070_j3,scaled/RL_ARF_BLRO_CROOKED6_s070_j3.png,accepted,1118,838,,true,163.57513,0.99187,0.15039,41,11,164.02016,true,9,0.07831,0.80661,0.81040,0.89261,-0.03466,true,,-1.74775,-1.15507,-1.76614,-1.14424,2.10441,1.15507,-1.74775,1.91994,0.79574,-1.73850,0.23984,,1.00000,1.00000,0.03971,0.55893,0.66288,true,,0.25126,1.49049,0.26492,1.46796,1.49167,1.49049,-0.25126,0.43271,-0.42571,-0.10630,0.38236,,1.00000,1.00000,true,,0.46844,0.72769,0.47769,0.71958,0.86370,-0.46844,-0.72769,1.50569,-1.50390,0.15792,0.37384,,0.95238,0.96667,true,,0.28607,-0.14144,0.28617,-0.14507,0.32084,0.26552,0.17703,0.33284,-0.25740,-0.20833,,0.57354,0.87500,1.00000,false,hand/occluder crosses outline (clean 0.66),,,,,,,,,,,,,0.79167,0.66111,true,,1.35112,1.46080,1.35682,1.43729,1.97655,1.90050,0.58953,0.24338,0.24451,0.00312,,0.59002,1.00000,0.98333,true,,0.67089,2.06405,0.68349,2.03279,2.14462,2.12297,0.45102,0.26754,0.19588,0.18697,,0.66477,0.90278,0.93889,true,,-1.02093,1.58362,-0.99335,1.56986,1.85774,1.88192,0.09234,0.63535,0.02488,0.63899,,0.67470,1.00000,0.98333,true,,-1.15871,2.24832,-1.11847,2.23432,2.49864,2.12764,-1.36775,0.79924,0.59297,-0.55001,,0.66258,0.97222,0.98333,true,,-0.88075,0.70452,-0.86940,0.71281,1.12425,0.41049,-1.05050,0.43641,-0.31349,-0.30280,,0.64016,0.84722,1.00000,true,,-0.85392,-0.99658,-0.86845,-0.99218,1.31858,1.29003,-0.24122,0.86134,0.83714,0.18411,,0.56327,0.83333,1.00000,1461
RL_ARF_BLRO_CROOKED6_s070_j4,scaled/RL_ARF_BLRO_CROOKED6_s070_j4.png,accepted,1120,838,,true,163.55243,0.99184,0.13266,43,11,164.02515,true,9,0.02818,0.86710,0.86755,0.90721,-0.04586,true,,-1.79577,-1.11048,-1.81048,-1.10624,2.12170,1.11048,-1.79577,1.89634,0.79232,-1.71334,0.26186,,1.00000,1.00000,0.03187,0.56997,0.53945,true,,0.03463,1.57823,0.04466,1.55463,1.55527,1.57823,-0.03463,0.41950,-0.41645,0.08699,-0.00730,,1.00000,1.00000,true,,0.44196,0.97709,0.45179,0.96927,1.06939,-0.44196,-0.97709,1.53724,-1.54310,-0.00691,0.23627,,0.95238,0.96667,true,,0.16409,-0.09769,0.16449,-0.09935,0.19216,0.16664,0.09326,0.39580,-0.29975,-0.25503,,0.55339,0.90278,1.00000,false,hand/occluder crosses outline (clean 0.66),,,,,,,,,,,,,0.80556,0.66111,true,,1.40790,1.44987,1.40708,1.43022,2.00634,1.94421,0.55167,0.29132,0.27972,-0.08472,,0.60705,1.00000,0.98333,true,,0.75870,2.11779,0.76252,2.08585,2.22085,2.21341,0.40184,0.25223,0.23832,0.09250,,0.67703,0.91667,0.93333,true,,-1.05662,1.65204,-1.03305,1.63209,1.93156,1.95902,0.08903,0.64611,0.00642,0.65075,,0.69589,0.98611,0.98333,true,,-1.24917,2.29912,-1.21466,2.27926,2.58272,2.23137,-1.36651,0.77189,0.60583,-0.49421,,0.66396,0.98611,0.97778,true,,-0.92951,0.73276,-0.92020,0.73845,1.17987,0.43860,-1.09935,0.40337,-0.31589,-0.24953,,0.65385,0.90278,1.00000,true,,-0.84506,-0.94987,-0.85590,-0.94907,1.27800,1.24514,-0.25691,0.84878,0.80124,0.26584,,0.55243,0.83333,1.00000,1417
RL_ARF_BLRO_CROOKED6_s055_j0,scaled/RL_ARF_BLRO_CROOKED6_s055_j0.png,accepted,880,660,,true,128.49521,0.99184,0.22291,44,11,128.91121,true,9,-0.01107,0.66394,0.66403,0.97851,-0.07089,true,,-1.52669,-0.90579,-1.53955,-0.89782,1.78222,0.90579,-1.52669,1.49915,0.56461,-1.38280,0.25717,,1.00000,0.96667,0.01482,0.59769,0.60538,true,,0.42352,1.27126,0.43051,1.24963,1.32171,1.27126,-0.42352,0.46673,-0.34813,-0.31950,0.15906,,1.00000,0.83333,true,,-0.74793,0.79609,-0.73379,0.79685,1.08325,0.74793,-0.79609,0.22014,-0.22098,-0.00875,0.21036,,1.00000,0.86667,true,,0.13484,-0.05339,0.13518,-0.05492,0.14591,0.11366,0.09008,0.34312,-0.32585,-0.09950,,0.49351,0.84722,1.00000,false,hand/occluder crosses outline (clean 0.67),,,,,,,,,,,,,0.73611,0.66667,true,,1.06567,1.18926,1.06709,1.17151,1.58466,1.51753,0.49709,0.17656,0.17302,0.04098,,0.58561,1.00000,0.98333,true,,0.57721,1.65745,0.58262,1.63145,1.73236,1.72400,0.32884,0.16814,0.12938,0.11082,,0.61659,0.91667,0.92778,true,,-0.79976,1.29548,-0.77920,1.28086,1.49925,1.52180,0.04487,0.49732,-0.08924,0.49374,,0.63972,1.00000,0.98333,true,,-0.98124,1.79396,-0.95097,1.77968,2.01782,1.74676,-1.06300,0.51511,0.37381,-0.36401,,0.59046,0.98611,0.98333,true,,-0.76222,0.53625,-0.75388,0.54239,0.92872,0.39198,-0.84552,0.34042,-0.31407,-0.13011,,0.60115,0.86111,1.00000,true,,-0.71303,-0.78644,-0.72260,-0.78357,1.06589,1.03759,-0.22428,0.63727,0.58165,0.25303,,0.52562,0.83333,0.98889,1296
RL_ARF_BLRO_CROOKED6_s055_j1,scaled/RL_ARF_BLRO_CROOKED6_s055_j1.png,accepted,879,659,,true,128.45327,0.99252,0.16450,43,11,128.93134,true,9,-0.04770,0.63627,0.63806,0.89218,-0.04126,true,,-1.52809,-0.82547,-1.54316,-0.81195,1.74373,0.82547,-1.52809,1.50660,0.54451,-1.39871,0.21086,,1.00000,0.96667,0.02909,0.53883,0.73103,true,,-0.00922,1.13159,0.00382,1.11591,1.11591,1.13159,0.00922,0.37096,-0.37532,0.02413,0.28549,,1.00000,0.83333,true,,-0.77899,0.61648,-0.76552,0.62161,0.98611,0.77899,-0.61648,0.17031,-0.14479,0.09193,0.54671,,1.00000,0.83333,true,,0.10945,-0.02083,0.10972,-0.02228,0.11196,0.07276,0.08437,0.30504,-0.28182,-0.11153,,0.53502,0.87500,1.00000,false,hand/occluder crosses outline (clean 0.66),,,,,,,,,,,,,0.75000,0.65556,true,,0.99704,1.16179,1.00303,1.14200,1.51995,1.44436,0.50762,0.23685,0.23803,0.00269,,0.55403,1.00000,0.98333,true,,0.53125,1.55373,0.54232,1.52897,1.62230,1.61119,0.31679,0.15132,0.15103,0.02530,,0.62725,0.90278,0.92222,true,,-0.73611,1.19991,-0.71355,1.19029,1.38778,1.40721,0.03753,0.39587,-0.10815,0.38435,,0.61473,0.97222,0.98333,true,,-0.84963,1.73101,-0.81607,1.72120,1.90486,1.60131,-1.07429,0.55432,0.29939,-0.47363,,0.61969,0.98611,0.98333,true,,-0.67894,0.56776,-0.66875,0.57561,0.88235,0.30410,-0.83116,0.40069,-0.35950,-0.17531,,0.59700,0.86111,1.00000,true,,-0.65201,-0.72510,-0.66344,-0.72042,0.97936,0.95396,-0.20210,0.59772,0.54420,0.24030,,0.54161,0.86111,0.98889,1306
RL_ARF_BLRO_CROOKED6_s055_j2,scaled/RL_ARF_BLRO_CROOKED6_s055_j2.png,accepted,879,659,,true,128.47505,0.99144,0.16541,42,11,129.07318,true,9,-0.06533,0.67407,0.67723,0.89461,-0.04873,true,,-1.47066,-1.04098,-1.48024,-1.03719,1.80745,1.04098,-1.47066,1.54125,0.79618,-1.31419,0.32490,,1.00000,0.93333,0.08234,0.59654,0.42831,true,,-0.02332,1.11293,-0.01787,1.09493,1.09507,1.11293,0.02332,0.43164,-0.43699,0.03747,0.23078,,1.00000,0.86667,true,,-0.62992,0.82214,-0.61817,0.81808,1.02537,0.62992,-0.82214,0.31522,-0.31074,-0.06125,0.02084,,1.00000,0.86667,true,,0.11539,0.01529,0.11592,0.01471,0.11685,0.04446,0.10758,0.28652,-0.27254,-0.08266,,0.53281,0.88889,1.00000,false,hand/occluder crosses outline (clean 0.66),,,,,,,,,,,,,0.76389,0.65556,true,,0.98066,1.13021,0.97894,1.11594,1.48447,1.41438,0.48846,0.20054,0.19638,-0.04385,,0.58019,0.98611,0.98333,true,,0.50591,1.62880,0.50661,1.60376,1.68188,1.66354,0.37627,0.18211,0.17221,0.06696,,0.61344,0.93056,0.92778,true,,-0.79392,1.26747,-0.77741,1.24842,1.47069,1.49462,0.05382,0.42358,-0.06546,0.42251,,0.61840,0.97222,0.98333,true,,-0.92375,1.81952,-0.89888,1.79813,2.01029,1.70975,-1.11388,0.59287,0.37268,-0.47186,,0.62657,0.98611,0.97778,true,,-0.71036,0.56162,-0.70295,0.56375,0.90109,0.33438,-0.84156,0.34995,-0.32470,-0.13079,,0.60834,0.84722,1.00000,true,,-0.69662,-0.75462,-0.70272,-0.75250,1.02960,1.00183,-0.22598,0.67114,0.61609,0.26178,,0.54567,0.87500,0.98889,1373
RL_ARF_BLRO_CROOKED6_s055_j3,scaled/RL_ARF_BLRO_CROOKED6_s055_j3.png,accepted,878,658,,true,128.43504,0.99141,0.22762,43,11,128.92879,true,9,-0.03078,0.62768,0.62843,0.90365,-0.03774,true,,-1.46349,-1.04009,-1.47975,-1.03115,1.80359,1.04009,-1.46349,1.55318,0.73952,-1.35826,0.28102,,1.00000,0.93333,0.06519,0.58329,0.58849,true,,0.10928,1.10675,0.11988,1.08945,1.09602,1.10675,-0.10928,0.40569,-0.40350,-0.08251,0.49871,,1.00000,0.90000,true,,-0.75877,0.57208,-0.74694,0.57516,0.94273,0.75877,-0.57208,0.19863,-0.15833,0.12256,0.45021,,1.00000,0.83333,true,,0.18266,-0.06348,0.18296,-0.06562,0.19438,0.14630,0.12645,0.25307,-0.23595,-0.08741,,0.53195,0.81944,1.00000,false,hand/occluder crosses outline (clean 0.67),,,,,,,,,,,,,0.73611,0.66667,true,,0.96906,1.11605,0.97333,1.09788,1.46721,1.39725,0.48200,0.16722,0.16738,-0.01368,,0.56462,1.00000,0.98333,true,,0.50042,1.59986,0.51003,1.57428,1.65484,1.63572,0.36655,0.18134,0.16140,0.08798,,0.64295,0.94444,0.92778,true,,-0.78511,1.21880,-0.76345,1.20665,1.42789,1.44807,0.07053,0.42393,-0.06361,0.42246,,0.59692,0.97222,0.98333,true,,-0.87259,1.76160,-0.84062,1.74836,1.93995,1.63649,-1.08930,0.59275,0.34192,-0.49291,,0.61615,0.97222,0.98333,true,,-0.65748,0.58502,-0.64788,0.59076,0.87678,0.27689,-0.83538,0.43728,-0.38718,-0.20163,,0.58738,0.86111,1.00000,true,,-0.62486,-0.74497,-0.63573,-0.74150,0.97672,0.95759,-0.16866,0.59478,0.53798,0.24798,,0.54290,0.86111,0.98889,1416
RL_ARF_BLRO_CROOKED6_s055_j4,scaled/RL_ARF_BLRO_CROOKED6_s055_j4.png,accepted,880,658,,true,128.46938,0.99139,0.19559,43,11,128.99710,true,9,-0.03892,0.65790,0.65905,0.91198,-0.06270,true,,-1.50047,-1.03544,-1.51187,-1.02995,1.82936,1.03544,-1.50047,1.54795,0.75664,-1.34453,0.27903,,1.00000,0.93333,0.03538,0.57853,0.47744,true,,0.03767,1.08619,0.04408,1.06916,1.07007,1.08619,-0.03767,0.45711,-0.46350,0.02581,-0.41521,,1.00000,0.83333,true,,-0.65384,0.81537,-0.64126,0.81309,1.03553,0.65384,-0.81537,0.28041,-0.27760,-0.04740,0.20828,,1.00000,0.86667,true,,0.14187,-0.01341,0.14243,-0.01447,0.14317,0.08255,0.11616,0.28801,-0.27933,-0.06244,,0.53503,0.87500,1.00000,false,hand/occluder crosses outline (clean 0.66),,,,,,,,,,,,,0.76389,0.66111,true,,1.03184,1.09223,1.03153,1.07704,1.49133,1.43971,0.42998,0.19591,0.19017,-0.04959,,0.57543,1.00000,0.98333,true,,0.57575,1.64300,0.57851,1.61757,1.71791,1.71075,0.32288,0.21198,0.20335,0.06960,,0.58500,0.93056,0.91667,true,,-0.74547,1.27372,-0.72792,1.25669,1.45228,1.47581,0.00874,0.41965,-0.07471,0.41683,,0.64408,1.00000,0.98333,true,,-0.89840,1.81699,-0.87177,1.79846,1.99861,1.68653,-1.12435,0.57661,0.36231,-0.45841,,0.58954,0.97222,0.97778,true,,-0.72596,0.57332,-0.71799,0.57695,0.92108,0.34205,-0.85949,0.35444,-0.32081,-0.15042,,0.61019,0.84722,1.00000,true,,-0.70396,-0.76271,-0.71147,-0.76007,1.04110,1.01250,-0.22829,0.66079,0.60750,0.25448,,0.54315,0.86111,0.98889,1263
RL_ARF_BLRO_CROOKED6_s045_j0,scaled/RL_ARF_BLRO_CROOKED6_s045_j0.png,accepted,720,540,,true,105.13029,0.99196,0.31161,43,11,105.57435,true,8,-0.04557,0.49550,0.49759,0.92584,-0.07922,true,,-1.45900,-0.83097,-1.46942,-0.82161,1.68352,0.83097,-1.45900,1.40741,0.54727,-1.29281,-0.09962,,1.00000,0.90000,-0.08547,0.52676,2.16858,true,,0.20371,0.79756,0.20840,0.78519,0.81238,0.79756,-0.20371,0.45437,-0.43796,-0.14303,0.04783,,1.00000,0.93333,false,implausible side fit,,,,,,,,,,,,,0.71429,0.93333,true,,0.10461,-0.00136,0.10502,-0.00234,0.10505,0.05348,0.08992,0.28731,-0.28542,0.00274,,0.48755,0.77778,1.00000,false,hand/occluder crosses outline (clean 0.66),,,,,,,,,,,,,0.73611,0.65556,true,,0.83000,0.97167,0.83186,0.95827,1.26897,1.20464,0.42649,0.22147,0.20435,0.08957,,0.56784,1.00000,0.98333,true,,0.51090,1.25279,0.51487,1.23411,1.33721,1.34040,0.18394,0.13874,0.13989,0.01096,,0.58213,0.87500,0.90556,true,,-0.55493,1.00121,-0.53996,0.99016,1.12782,1.14454,-0.02002,0.31909,-0.10551,0.30444,,0.57936,0.94444,0.98333,true,,-0.73137,1.38179,-0.70875,1.37090,1.54327,1.32428,-0.83099,0.38339,0.23818,-0.30631,,0.56695,0.97222,0.98333,true,,-0.61884,0.45342,-0.61142,0.45813,0.76402,0.30922,-0.70210,0.30728,-0.27943,-0.12788,,0.55939,0.86111,0.98889,true,,-0.65892,-0.63947,-0.66568,-0.63545,0.92029,0.88326,-0.25090,0.52161,0.49481,0.15937,,0.50887,0.80556,0.98333,1082
RL_ARF_BLRO_CROOKED6_s045_j1,scaled/RL_ARF_BLRO_CROOKED6_s045_j1.png,accepted,720,539,,true,105.16553,0.99144,0.20933,44,11,105.52632,true,9,0.13918,0.53408,0.55192,0.73897,-0.04681,true,,-1.34890,-0.57477,-1.36156,-0.56223,1.47307,0.57477,-1.34890,1.50241,0.48978,-1.41307,-0.01772,,1.00000,0.93333,-0.14842,0.33873,0.78622,true,,0.25439,0.58152,0.25954,0.57027,0.62655,0.58152,-0.25439,0.54031,-0.54552,-0.05620,-0.61445,,1.00000,0.93333,true,,0.60302,0.71005,0.61339,0.69941,0.93028,-0.60302,-0.71005,1.06236,-1.05878,-0.10673,0.18564,,0.90476,1.00000,true,,0.14867,-0.06787,0.14873,-0.06993,0.16435,0.13311,0.09482,0.24268,-0.10115,-0.21945,,0.50536,0.80556,0.98889,false,hand/occluder crosses outline (clean 0.67),,,,,,,,,,,,,0.76389,0.66667,true,,0.85920,1.00204,0.86398,0.98325,1.30891,1.24511,0.43819,0.24935,0.22692,0.10871,,0.56259,0.98611,0.98333,true,,0.45014,1.33470,0.45965,1.31155,1.38977,1.38095,0.27752,0.28525,0.21448,0.19374,,0.59121,0.90278,0.90556,true,,-0.55763,0.99066,-0.54009,0.98193,1.12066,1.13675,-0.01241,0.45131,0.10336,0.44203,,0.58052,0.97222,0.98333,true,,-0.62608,1.42042,-0.60006,1.41136,1.53362,1.25241,-0.91708,0.55437,0.46472,-0.31435,,0.54648,0.95833,0.98333,true,,-0.44826,0.47665,-0.44070,0.48161,0.65281,0.14988,-0.63692,0.19467,-0.09959,-0.16727,,0.57788,0.79167,0.98889,true,,-0.46456,-0.57271,-0.47422,-0.56963,0.74119,0.72826,-0.11597,0.63944,0.62708,0.10797,,0.54564,0.80556,0.98333,1102
RL_ARF_BLRO_CROOKED6_s045_j2,scaled/RL_ARF_BLRO_CROOKED6_s045_j2.png,accepted,719,540,,true,105.15969,0.99267,0.24073,42,11,105.52476,true,9,0.00166,0.55405,0.55405,0.86035,-0.02704,true,,-1.29633,-0.95720,-1.30548,-0.95614,1.61817,0.95720,-1.29633,1.48829,0.78801,-1.25557,0.26164,,1.00000,0.86667,0.00122,0.55536,0.37988,true,,-0.10485,1.01512,-0.09941,1.00126,1.00619,1.01512,0.10485,0.26436,-0.22678,0.14148,0.16325,,1.00000,0.90000,true,,-0.10371,0.54212,-0.09804,0.53958,0.54841,0.10371,-0.54212,0.58229,-0.58280,0.05184,0.28724,,0.85714,0.80000,true,,0.10822,-0.02104,0.10864,-0.02174,0.11079,0.07233,0.08320,0.24051,-0.18329,-0.15367,,0.51182,0.84722,0.99444,false,hand/occluder crosses outline (clean 0.66),,,,,,,,,,,,,0.77778,0.65556,true,,0.80450,0.99890,0.80300,0.98792,1.27310,1.19617,0.46282,0.18107,0.18090,0.02098,,0.55694,0.94444,0.98333,true,,0.49473,1.32784,0.49498,1.30966,1.40008,1.39731,0.23547,0.17613,0.17804,-0.00308,,0.60963,0.86111,0.90556,true,,-0.64576,0.96083,-0.63375,0.94927,1.14138,1.15499,0.07883,0.39876,-0.06525,0.39664,,0.59288,0.93056,0.97778,true,,-0.66918,1.44133,-0.65126,1.42819,1.56967,1.30020,-0.91364,0.47810,0.28325,-0.39183,,0.56119,0.97222,0.98333,true,,-0.58814,0.45744,-0.58295,0.46024,0.74273,0.28063,-0.69022,0.24608,-0.17996,-0.16744,,0.59689,0.91667,0.98333,true,,-0.57130,-0.58813,-0.57652,-0.58765,0.82323,0.79498,-0.20070,0.55397,0.53840,0.11880,,0.53991,0.90278,0.98333,1085
RL_ARF_BLRO_CROOKED6_s045_j3,scaled/RL_ARF_BLRO_CROOKED6_s045_j3.png,accepted,719,539,,true,105.18167,0.99222,0.24328,44,11,105.42984,true,9,0.14151,0.47462,0.49527,0.81624,0.02220,true,,-1.26001,-0.98181,-1.27590,-0.97660,1.60676,0.98181,-1.26001,1.63305,0.77152,-1.42931,0.26296,,1.00000,0.83333,0.11747,0.48629,0.54155,true,,0.11994,0.93331,0.12887,0.92026,0.92924,0.93331,-0.11994,0.19195,-0.19393,-0.01414,0.31118,,1.00000,0.93333,true,,0.72095,-0.16039,0.71725,-0.16626,0.73626,-0.72095,0.16039,1.36904,-1.23410,0.60698,1.29199,,0.90476,0.96667,true,,0.24446,-0.03072,0.24528,-0.03324,0.24752,0.14884,0.19635,0.28395,-0.20548,-0.19393,,0.52791,0.81944,0.99444,false,hand/occluder crosses outline (clean 0.67),,,,,,,,,,,,,0.76389,0.66667,true,,0.87719,0.93347,0.88056,0.91838,1.27232,1.22641,0.36981,0.16931,0.16988,-0.00855,,0.57323,0.97222,0.98333,true,,0.46233,1.32966,0.47041,1.30981,1.39172,1.38268,0.26444,0.22718,0.20142,0.11086,,0.59320,0.90278,0.90556,true,,-0.60204,0.98911,-0.58582,0.98180,1.14329,1.15762,0.02683,0.36656,0.11301,0.35068,,0.57527,0.94444,0.98333,true,,-0.66158,1.35596,-0.63864,1.34944,1.49293,1.25093,-0.84351,0.57865,0.43109,-0.39492,,0.54988,0.97222,0.98333,true,,-0.48677,0.49907,-0.47973,0.50426,0.69601,0.17202,-0.67559,0.40198,-0.17037,-0.36366,,0.54222,0.81944,0.98889,true,,-0.51351,-0.61260,-0.52319,-0.61105,0.80443,0.78728,-0.13841,0.57561,0.56962,-0.05125,,0.51950,0.83333,0.98889,1115
RL_ARF_BLRO_CROOKED6_s045_j4,scaled/RL_ARF_BLRO_CROOKED6_s045_j4.png,accepted,720,539,,true,105.17778,0.99260,0.29129,42,11,105.49492,true,9,-0.01848,0.48839,0.48874,0.66515,0.01487,true,,-1.32207,-0.89999,-1.33342,-0.89835,1.60780,0.89999,-1.32207,1.56901,0.82913,-1.32251,0.23266,,1.00000,0.86667,-0.00879,0.53094,0.43460,true,,-0.75468,0.16448,-0.74883,0.16580,0.76696,0.16448,0.75468,1.10198,-0.85530,0.71256,3.15743,,0.80952,0.86667,true,,0.79097,0.33357,0.79236,0.32768,0.85744,-0.79097,-0.33357,1.34438,-1.34227,0.13568,0.62003,,0.95238,0.96667,true,,0.07162,0.03915,0.07208,0.03896,0.08194,0.00190,0.08160,0.21492,-0.13343,-0.16704,,0.50086,0.81944,0.99444,false,hand/occluder crosses outline (clean 0.66),,,,,,,,,,,,,0.77778,0.66111,true,,0.83187,1.01594,0.83094,1.00331,1.30272,1.22839,0.46389,0.42925,0.43166,0.00663,,0.55672,0.94444,0.98333,true,,0.56619,1.31266,0.56734,1.29329,1.41226,1.41989,0.16600,0.44778,0.43599,-0.11979,,0.58981,0.88889,0.90556,true,,-0.63688,0.92654,-0.62426,0.91697,1.10929,1.12085,0.08829,0.31233,0.11550,0.29242,,0.56028,0.91667,0.97778,true,,-0.65891,1.39269,-0.64002,1.38226,1.52324,1.26698,-0.87664,0.64347,0.43310,-0.48534,,0.55464,0.97222,0.98333,true,,-0.51958,0.52599,-0.51378,0.52994,0.73811,0.18698,-0.71531,0.34130,-0.15698,-0.30256,,0.56229,0.90278,0.98333,true,,-0.59692,-0.52664,-0.60329,-0.52595,0.80036,0.75455,-0.25363,0.60164,0.59776,-0.01235,,0.50321,0.84722,0.98889,1112
