photo_id,path,status,width,height,pose_reason,twelve_phase_used,dial_radius_px_edge,ellipse_ratio,tick_rms_px,ticks_used,tick_sectors,dial_radius_px,ring_usable,ring_n,ring_shift_x_px,ring_shift_y_px,ring_shift_px,ring_scale_pct,ring_rotation_deg,m12_usable,m12_reason,m12_right_px,m12_down_px,m12_raw_dx_px,m12_raw_dy_px,m12_raw_px,m12_radial_px,m12_tangential_px,m12_local_px,m12_local_radial_px,m12_local_tangential_px,m12_rotation_deg,m12_radius_err_px,m12_edge_support,m12_outline_integrity,m12_left_side_err_deg,m12_right_side_err_deg,m12_base_tilt_deg,m6_usable,m6_reason,m6_right_px,m6_down_px,m6_raw_dx_px,m6_raw_dy_px,m6_raw_px,m6_radial_px,m6_tangential_px,m6_local_px,m6_local_radial_px,m6_local_tangential_px,m6_rotation_deg,m6_radius_err_px,m6_edge_support,m6_outline_integrity,m9_usable,m9_reason,m9_right_px,m9_down_px,m9_raw_dx_px,m9_raw_dy_px,m9_raw_px,m9_radial_px,m9_tangential_px,m9_local_px,m9_local_radial_px,m9_local_tangential_px,m9_rotation_deg,m9_radius_err_px,m9_edge_support,m9_outline_integrity,m1_usable,m1_reason,m1_right_px,m1_down_px,m1_raw_dx_px,m1_raw_dy_px,m1_raw_px,m1_radial_px,m1_tangential_px,m1_local_px,m1_local_radial_px,m1_local_tangential_px,m1_rotation_deg,m1_radius_err_px,m1_edge_support,m1_outline_integrity,m2_usable,m2_reason,m2_right_px,m2_down_px,m2_raw_dx_px,m2_raw_dy_px,m2_raw_px,m2_radial_px,m2_tangential_px,m2_local_px,m2_local_radial_px,m2_local_tangential_px,m2_rotation_deg,m2_radius_err_px,m2_edge_support,m2_outline_integrity,m4_usable,m4_reason,m4_right_px,m4_down_px,m4_raw_dx_px,m4_raw_dy_px,m4_raw_px,m4_radial_px,m4_tangential_px,m4_local_px,m4_local_radial_px,m4_local_tangential_px,m4_rotation_deg,m4_radius_err_px,m4_edge_support,m4_outline_integrity,m5_usable,m5_reason,m5_right_px,m5_down_px,m5_raw_dx_px,m5_raw_dy_px,m5_raw_px,m5_radial_px,m5_tangential_px,m5_local_px,m5_local_radial_px,m5_local_tangential_px,m5_rotation_deg,m5_radius_err_px,m5_edge_support,m5_outline_integrity,m7_usable,m7_reason,m7_right_px,m7_down_px,m7_raw_dx_px,m7_raw_dy_px,m7_raw_px,m7_radial_px,m7_tangential_px,m7_local_px,m7_local_radial_px,m7_local_tangential_px,m7_rotation_deg,m7_radius_err_px,m7_edge_support,m7_outline_integrity,m8_usable,m8_reason,m8_right_px,m8_down_px,m8_raw_dx_px,m8_raw_dy_px,m8_raw_px,m8_radial_px,m8_tangential_px,m8_local_px,m8_local_radial_px,m8_local_tangential_px,m8_rotation_deg,m8_radius_err_px,m8_edge_support,m8_outline_integrity,m10_usable,m10_reason,m10_right_px,m10_down_px,m10_raw_dx_px,m10_raw_dy_px,m10_raw_px,m10_radial_px,m10_tangential_px,m10_local_px,m10_local_radial_px,m10_local_tangential_px,m10_rotation_deg,m10_radius_err_px,m10_edge_support,m10_outline_integrity,m11_usable,m11_reason,m11_right_px,m11_down_px,m11_raw_dx_px,m11_raw_dy_px,m11_raw_px,m11_radial_px,m11_tangential_px,m11_local_px,m11_local_radial_px,m11_local_tangential_px,m11_rotation_deg,m11_radius_err_px,m11_edge_support,m11_outline_integrity,ms,group,class_label,physical_watch_id,model,source,image_url
0ee361e5864530b3,images/0e/0ee361e5864530b337f3f5d4e826c3bb122632395883ff711695ef2d4846af92.jpg,accepted,1412,2160,,true,434.00377,0.99700,0.12770,45,11,437.31014,true,10,0.65837,-1.78533,1.90286,0.02027,-0.03387,true,,0.40067,-0.99509,0.40734,-0.98322,1.06426,0.99509,0.40067,0.86498,-0.87100,-0.03710,1.05077,,1.00000,1.00000,0.84878,1.17935,0.78754,true,,1.01921,-1.06609,1.03118,-1.06100,1.47954,-1.06609,-1.01921,0.68796,0.66186,-0.17865,-0.36714,,0.57143,1.00000,true,,0.69805,-1.77952,0.71829,-1.77097,1.91110,-0.69805,1.77952,0.21745,-0.12101,0.18050,0.11416,,1.00000,1.00000,true,,0.11130,-2.17492,0.12382,-2.15717,2.16072,1.93918,-0.99107,0.44056,-0.00985,-0.44116,,-0.02558,0.95833,1.00000,true,,0.93837,-2.23657,0.94726,-2.21395,2.40808,1.93093,-1.46774,0.40171,0.40316,-0.02488,,-0.10343,0.79167,0.97778,true,,0.60668,-2.16821,0.61772,-2.16229,2.24880,-0.55871,-2.18107,0.30665,-0.29123,-0.09386,,-0.06693,0.84722,0.99444,true,,0.23721,-1.51367,0.24683,-1.51507,1.53504,-1.19227,-0.96227,0.70556,-0.03184,0.70368,,-0.12365,0.84722,1.00000,true,,0.82594,-1.72081,0.84521,-1.71964,1.91612,-1.90323,0.14512,0.10010,-0.09846,0.01583,,-0.25048,0.81944,1.00000,true,,1.15766,-1.70753,1.17998,-1.70016,2.06952,-1.85633,0.89994,0.49075,-0.47281,-0.12231,,-0.17308,0.93056,1.00000,true,,0.42301,-1.42061,0.43771,-1.41066,1.47701,0.34397,1.44179,0.23393,-0.06776,-0.22481,,-0.02569,0.95833,1.00000,true,,0.55495,-1.90101,0.57153,-1.88286,1.96769,1.36885,1.43110,0.19567,0.06416,0.18577,,-0.12183,0.83333,0.99444,2856,genuine_population,gen,bobs_126610_193855,126610,Bob's Watches,https://www.bobswatches.com/images/zUsed-Rolex-Submariner-126610-SKU193855.jpg
1ec6a7598b0ab7ea,images/1e/1ec6a7598b0ab7ea37edd031e127cf2bf9b143b87eca1b20692746fbf9e217a5.jpg,missing,,,,,,,,,,,,,,,,,,,,,,,,,,,,,,,,,,,,,,,,,,,,,,,,,,,,,,,,,,,,,,,,,,,,,,,,,,,,,,,,,,,,,,,,,,,,,,,,,,,,,,,,,,,,,,,,,,,,,,,,,,,,,,,,,,,,,,,,,,,,,,,,,,,,,,,,,,,,,,,,,,,,,,,,,,,,,,,,,,,,,,,,,,,,,,,,,,,,,,genuine_population,gen,bobs_126610_194507,126610,Bob's Watches,https://www.bobswatches.com/images/zUsed-Rolex-Submariner-126610-SKU194507.jpg
e5843fa6032296bc,images/e5/e5843fa6032296bcff2ee04e4f624100a9efd63117caa3370013352a4602b422.jpg,accepted,1412,2160,,true,434.55091,0.99779,0.16663,45,11,438.11284,true,9,0.17247,-1.52832,1.53802,0.04630,0.11212,true,,0.48860,-0.50157,0.49088,-0.49158,0.69470,0.50157,0.48860,1.23564,-1.19732,-0.35730,-0.77670,,1.00000,1.00000,-0.88631,-0.59463,-0.51642,true,,-0.42441,-0.99823,-0.41841,-1.00360,1.08732,-0.99823,0.42441,0.39096,0.38456,-0.06561,0.38640,,0.66667,1.00000,true,,0.16464,-2.24310,0.18928,-2.23206,2.24007,-0.16464,2.24310,0.16759,-0.15787,0.05553,0.42847,,0.95238,0.96667,true,,0.75126,-1.26892,0.75627,-1.24863,1.45980,1.47454,0.01615,0.11363,-0.10177,-0.05220,,0.11853,0.91667,1.00000,false,outline coverage 0.69; 6/8 octants,,,,,,,,,,,,,0.69444,0.90000,true,,-0.04001,-1.29174,-0.03426,-1.29026,1.29071,-0.68051,-1.09867,0.44095,-0.21640,-0.38491,,0.04929,0.88889,1.00000,true,,-0.56194,-1.07850,-0.55742,-1.08442,1.21930,-1.21498,-0.05260,0.20463,-0.12952,0.15751,,-0.01492,0.88889,1.00000,true,,-0.51086,-1.69864,-0.49687,-1.70560,1.77650,-1.21564,1.29174,0.04651,0.03059,-0.03494,,0.03539,0.90278,1.00000,false,withheld by the app (hand / glare),-0.62462,-1.82690,-0.60688,-1.83052,1.92850,-0.37252,1.89445,0.37498,0.37006,-0.05356,,0.01147,0.95833,1.00000,true,,0.60665,-2.41107,0.63184,-2.38696,2.46917,0.68016,2.39137,0.30404,-0.11404,0.28259,,0.24988,0.90278,1.00000,true,,0.78973,-2.03226,0.80683,-2.00399,2.16032,1.36512,1.70006,0.10725,-0.05043,0.09493,,0.13846,0.88889,1.00000,1898,genuine_population,gen,bobs_126610LN_194516,126610LN,Bob's Watches,https://www.bobswatches.com/images/zUsed-Rolex-Submariner-126610-SKU194516.jpg
ec6d6ed2c913f466,images/ec/ec6d6ed2c913f4669e20593aa7bd3c62dc9675af43fcba530525a523cd8e4913.jpg,accepted,1412,2160,,true,434.96819,0.99831,0.18449,45,11,437.58223,true,9,0.20958,-0.91158,0.93536,0.05359,0.02875,true,,-0.00812,-1.02525,0.00393,-1.01983,1.01984,1.02525,-0.00812,0.38932,-0.07739,-0.38221,-0.34757,,0.95238,1.00000,-0.53159,-0.22015,-0.55069,true,,-0.31727,-0.70033,-0.30990,-0.70618,0.77119,-0.70033,0.31727,0.35218,0.03688,0.34921,-0.00812,,0.61905,1.00000,true,,-0.34726,-0.66115,-0.33894,-0.66532,0.74668,0.34726,0.66115,0.55962,0.36785,-0.42075,-0.08379,,1.00000,1.00000,true,,0.48957,-1.00468,0.49943,-0.99276,1.11130,1.11486,-0.07836,0.04291,0.03215,0.02860,,0.00983,0.90278,1.00000,false,hand/occluder crosses outline (clean 0.72),,,,,,,,,,,,,0.59722,0.71667,true,,0.43104,-0.40637,0.43534,-0.40111,0.59196,0.17011,-0.56745,0.30287,0.26491,0.14582,,-0.07512,0.87500,1.00000,true,,-0.03415,-1.13378,-0.02203,-1.13666,1.13687,-0.99896,-0.53731,0.50527,-0.49646,-0.08634,,-0.04783,0.81944,0.99444,true,,0.19319,-1.00326,0.20684,-1.00384,1.02493,-0.96544,0.33433,0.29564,-0.26433,-0.12992,,0.00828,0.93056,1.00000,true,,0.19622,-0.71854,0.20672,-0.71726,0.74645,-0.52920,0.52417,0.36003,-0.09039,-0.34777,,-0.00144,1.00000,1.00000,true,,-0.04328,-1.34217,-0.02502,-1.33915,1.33938,0.70856,1.14071,0.24229,0.23216,0.07015,,0.13021,0.88889,1.00000,true,,0.62022,-1.31468,0.63695,-1.30034,1.44796,0.82844,1.19447,0.38983,-0.05566,0.38621,,0.12591,0.84722,0.99444,1820,genuine_population,gen,bobs_126610LV_194077,126610LV,Bob's Watches,https://www.bobswatches.com/images/zUsed-Rolex-Submariner-126610-SKU194077.jpg
4f8813723c77e8f7,images/4f/4f8813723c77e8f7a3581bd10fb28cdd8abcb4ef3c48aff10e4592d47fd517a8.jpg,accepted,1412,2160,,true,435.76086,0.99794,0.16572,46,11,439.07319,true,9,0.06759,-0.71539,0.71857,-0.04978,-0.02713,true,,-0.52063,0.79682,-0.52353,0.78883,0.94675,-0.79682,-0.52063,1.39456,-1.33905,-0.41862,-0.35218,,1.00000,1.00000,-0.52080,-0.24408,-0.56972,false,hand/occluder crosses outline (clean 0.73),,,,,,,,,,,,,0.66667,0.73333,true,,0.34543,-0.24095,0.34753,-0.23864,0.42157,-0.34543,0.24095,0.33799,-0.11536,-0.31814,0.13798,,1.00000,1.00000,true,,0.06626,-0.65143,0.06850,-0.64733,0.65094,0.59728,-0.26833,0.23712,0.12218,0.20374,,-0.03532,0.87500,1.00000,false,withheld by the app (hand / glare),-0.63272,-0.56964,-0.63027,-0.57105,0.85049,-0.26314,-0.80968,0.50048,-0.49930,-0.05172,,-0.05776,0.81944,0.98889,true,,-0.04014,-1.01323,-0.03731,-1.01372,1.01440,-0.54138,-0.85741,0.07028,-0.06063,-0.03531,,-0.03974,0.93056,1.00000,true,,-0.55251,-0.87821,-0.55041,-0.88302,1.04052,-1.03681,0.03938,0.67989,-0.27017,0.62256,,-0.23150,0.86111,1.00000,true,,1.07337,-0.34250,1.07846,-0.33748,1.13003,-0.83329,-0.75831,0.89438,-0.00251,-0.89206,,-0.07330,0.90278,1.00000,true,,0.46314,-0.54207,0.46787,-0.54000,0.71449,-0.67213,0.23787,0.19897,-0.08027,-0.18176,,0.04923,0.93056,1.00000,true,,0.03034,-0.88854,0.03628,-0.88526,0.88600,0.41800,0.78467,0.41850,0.29293,0.30089,,0.02706,0.97222,1.00000,true,,-0.00993,-1.16788,-0.00309,-1.16179,1.16179,1.01638,0.57534,0.68614,0.60542,0.33049,,-0.02873,0.87500,1.00000,1835,genuine_population,gen,bobs_126610LV_194310,126610LV,Bob's Watches,https://www.bobswatches.com/images/zUsed-Rolex-Submariner-126610-SKU194310.jpg
77dd89f0b2d4128f,images/77/77dd89f0b2d4128faf7c02e2e99b93f8d964f3a96c63d765a71a0b9ba926d86a.jpg,accepted,1412,2160,,true,434.76274,0.99800,0.19212,44,11,437.73079,true,10,0.02284,-0.90535,0.90563,0.08922,0.07826,true,,0.39102,-0.25099,0.38913,-0.25091,0.46301,0.25099,0.39102,0.96852,-0.96777,-0.11473,0.33775,,1.00000,0.96667,0.16855,0.43664,0.08499,true,,-0.40745,-0.58021,-0.41204,-0.57962,0.71115,-0.58021,0.40745,0.03530,0.02996,-0.01846,-0.62063,,0.71429,1.00000,true,,-0.58199,-1.75911,-0.58970,-1.75510,1.85152,0.58199,1.75911,0.50712,0.31346,0.39861,0.74900,,1.00000,1.00000,true,,0.45300,-0.95287,0.44572,-0.94891,1.04838,1.05171,-0.08412,0.15550,-0.06520,-0.14144,,0.03939,0.90278,0.99444,false,withheld by the app (hand / glare),0.38245,-1.27868,0.37209,-1.27437,1.32758,0.97055,-0.91615,0.65295,0.17527,-0.63138,,0.00099,0.73611,0.98333,true,,0.08021,0.01619,0.08040,0.01579,0.08193,0.07756,-0.02609,0.34335,0.18893,0.28662,,0.01503,0.95833,1.00000,true,,-0.72861,-0.34057,-0.73252,-0.33741,0.80649,-0.65925,0.46071,0.49747,-0.20579,0.45180,,-0.07786,0.90278,1.00000,false,withheld by the app (hand / glare),-0.17617,-0.55831,-0.17938,-0.55896,0.58704,-0.39542,0.43172,0.49294,0.08597,-0.48384,,0.00420,0.91667,0.80556,true,,-0.26627,-1.02395,-0.27101,-1.02413,1.05938,-0.28138,1.01990,0.26769,-0.12161,-0.23774,,0.04147,1.00000,1.00000,true,,-0.10087,-1.55864,-0.10672,-1.55335,1.55701,0.86668,1.29938,0.12054,0.11980,0.01379,,0.00811,0.98611,1.00000,true,,0.87481,-1.18771,0.86936,-1.18495,1.46966,0.59118,1.35146,0.63048,-0.49778,0.38750,,0.03372,0.87500,1.00000,1762,genuine_population,gen,bobs_126610LV_194330,126610LV,Bob's Watches,https://www.bobswatches.com/images/zUsed-Rolex-Submariner-126610-SKU194330.jpg
7cfd05486d281354,images/7c/7cfd05486d281354270af21119d84c88bae383c5112fee4b6fe052b088e3e1a1.jpg,accepted,1412,2160,,true,434.87023,0.99749,0.18456,45,11,438.25914,true,10,0.62280,-1.56774,1.68691,-0.01710,0.08577,true,,1.44085,-0.46728,1.43834,-0.45634,1.50899,0.46728,1.44085,1.08061,-1.04933,0.29895,0.11772,,1.00000,0.96667,-0.02930,0.35237,0.43124,true,,-0.61359,-2.10120,-0.60920,-2.10773,2.19400,-2.10120,0.61359,0.87259,-0.46783,0.73317,0.09421,,0.95238,1.00000,true,,1.02093,-2.78865,1.03948,-2.77443,2.96276,-1.02093,2.78865,0.79233,-0.34645,0.71414,-0.12337,,1.00000,1.00000,true,,0.76312,-1.38200,0.76301,-1.36511,1.56388,1.57841,-0.03012,0.31152,-0.03471,-0.31050,,-0.44976,0.77778,1.00000,false,withheld by the app (hand / glare),1.27399,-1.19614,1.27190,-1.18185,1.73624,1.70137,-0.39890,0.45494,0.43924,0.12381,,-0.40247,0.90278,0.99444,false,withheld by the app (hand / glare),0.65312,-0.77981,0.65426,-0.77659,1.01545,0.17572,-1.00189,0.51017,0.49008,0.13841,,-0.25124,0.79167,0.92778,true,,-0.15206,-1.37474,-0.15048,-1.37728,1.38547,-1.26659,-0.55568,0.27802,-0.14913,0.23364,,-0.41357,0.83333,1.00000,true,,0.55744,-1.51914,0.56682,-1.52003,1.62228,-1.59433,0.27682,0.53054,0.14071,-0.51035,,-0.29085,0.86111,1.00000,true,,0.78123,-1.94875,0.79514,-1.94509,2.10134,-1.65094,1.29705,0.39722,-0.26687,-0.29322,,-0.23080,0.98611,1.00000,true,,0.38452,-1.64557,0.39415,-1.63250,1.67941,0.48978,1.61737,0.66015,0.29735,-0.59049,,-0.25058,0.95833,0.99444,true,,1.06612,-1.58384,1.07153,-1.56431,1.89611,0.83859,1.71521,0.20950,-0.15693,-0.14167,,-0.33635,0.84722,1.00000,1799,genuine_population,gen,bobs_126618LB_193649,126618LB,Bob's Watches,https://www.bobswatches.com/images/zUsed-Rolex-Submariner-126618-SKU193649.jpg
b68ab624da78aaf2,images/b6/b68ab624da78aaf25901756302cf889b5f583a7e49c1f332f336b869c139e048.jpg,accepted,1412,2160,,true,434.34678,0.99759,0.20300,45,11,436.68746,true,8,-0.44680,-0.79633,0.91311,0.01904,-0.04362,true,,-0.89396,0.61826,-0.90126,0.59824,1.08174,-0.61826,-0.89396,1.47318,-1.47443,-0.17065,-0.17190,,0.95238,1.00000,-0.30884,-0.14108,-0.55513,false,side edge coverage 0.48,,,,,,,,,,,,,0.47619,1.00000,true,,-1.06004,-0.73358,-1.05112,-0.75084,1.29175,1.06004,0.73358,0.57563,0.53931,0.19625,-0.15235,,0.95238,0.96667,true,,-0.61277,-1.10159,-0.59705,-1.10419,1.25527,0.64762,-1.08147,0.12541,0.12485,-0.01981,,-0.07045,0.94444,1.00000,false,hand/occluder crosses outline (clean 0.73),,,,,,,,,,,,,0.59722,0.73333,true,,0.13749,-0.98939,0.14918,-0.98847,0.99966,-0.37563,-0.92558,0.40165,0.34788,-0.19996,,0.10254,0.94444,1.00000,false,withheld by the app (hand / glare),-0.28571,-1.08710,-0.27251,-1.09583,1.12921,-1.08432,-0.29612,0.24193,-0.23925,-0.02705,,-0.01978,0.93056,0.99444,true,,-0.29614,-0.80709,-0.28467,-0.81582,0.86406,-0.55089,0.66001,0.21590,-0.16343,0.13936,,-0.07645,1.00000,1.00000,true,,-0.59555,-0.44999,-0.59083,-0.46076,0.74926,0.29077,0.68747,0.22754,0.22168,0.04526,,-0.03466,0.98611,1.00000,true,,-0.43649,-0.34723,-0.43133,-0.35345,0.55765,0.55163,0.08247,0.32337,-0.30718,-0.10214,,-0.02387,0.98611,1.00000,true,,-0.49808,-0.28129,-0.49347,-0.28817,0.57145,0.49264,-0.29071,0.48606,-0.48773,-0.01876,,0.01161,0.95833,1.00000,1770,genuine_population,gen,bobs_126618LB_193807,126618LB,Bob's Watches,https://www.bobswatches.com/images/zUsed-Rolex-Submariner-126618-SKU193807.jpg
06121c23bb1a1f46,images/06/06121c23bb1a1f46ecaf7f2c0256aacc24376d9011bbb20a0376deaced96a640.jpg,accepted,1412,2160,,true,434.92122,0.99823,0.19981,45,11,438.69921,true,10,-0.33135,-1.54092,1.57615,-0.00062,0.09695,true,,-0.30641,-0.14836,-0.30477,-0.14995,0.33967,0.14836,-0.30641,1.48752,-1.39171,-0.55724,-0.33199,,1.00000,1.00000,-0.45458,-0.15141,-0.12379,true,,-1.41266,-1.69329,-1.40500,-1.70824,2.21182,-1.69329,1.41266,0.53007,-0.14899,0.50679,0.48268,,0.85714,1.00000,true,,-0.75205,-2.49177,-0.72902,-2.49299,2.59739,0.75205,2.49177,0.56413,0.41171,0.38605,0.50485,,1.00000,0.96667,true,,0.11944,-1.36797,0.12732,-1.35624,1.36221,1.24441,-0.58055,0.14205,0.08220,-0.11684,,-0.01773,0.93056,0.99444,true,,-0.32175,-1.10120,-0.31570,-1.09733,1.14184,0.27196,-1.11454,0.29118,-0.20043,-0.21165,,0.08043,0.93056,1.00000,true,,-0.35060,-1.33739,-0.34426,-1.33940,1.38293,-0.97233,-0.98292,0.43295,0.09752,-0.42243,,0.12853,0.94444,0.99444,true,,-1.02446,-0.59833,-1.02344,-0.60727,1.19005,-1.03040,0.58805,0.66385,0.47863,0.45871,,0.17480,0.86111,1.00000,true,,-0.46202,-1.50612,-0.45065,-1.51332,1.57899,-1.07333,1.15317,0.52825,0.09330,-0.51840,,0.09932,0.93056,1.00000,true,,-0.11741,-2.12377,-0.09709,-2.12609,2.12830,-0.96020,1.89794,0.53014,-0.48340,-0.21281,,0.00322,0.93056,1.00000,true,,-0.03276,-2.32255,-0.01022,-2.31163,2.31166,1.18965,1.99501,0.25723,0.12421,0.22666,,0.05111,0.87500,1.00000,true,,0.36889,-1.44556,0.38117,-1.43202,1.48188,1.06745,1.04225,0.43613,-0.43716,-0.03628,,0.03132,0.91667,1.00000,1861,genuine_population,gen,bobs_126618LN_193932,126618LN,Bob's Watches,https://www.bobswatches.com/images/zUsed-Rolex-Submariner-126618-SKU193932.jpg
c0b1c4acd49a100f,images/c0/c0b1c4acd49a100fa6ecf96e8b44c7b1268f28ffa8494701904dae3ed9a3af99.jpg,missing,,,,,,,,,,,,,,,,,,,,,,,,,,,,,,,,,,,,,,,,,,,,,,,,,,,,,,,,,,,,,,,,,,,,,,,,,,,,,,,,,,,,,,,,,,,,,,,,,,,,,,,,,,,,,,,,,,,,,,,,,,,,,,,,,,,,,,,,,,,,,,,,,,,,,,,,,,,,,,,,,,,,,,,,,,,,,,,,,,,,,,,,,,,,,,,,,,,,,,genuine_population,gen,bobs_126613LB_194323,126613LB,Bob's Watches,https://www.bobswatches.com/images/zUsed-Rolex-Submariner-126613-SKU194323.jpg
d1f1e8b2387f6f6c,images/d1/d1f1e8b2387f6f6ca12dcbef3e33e88754d72580646d0d24e2bcf2ac9723c2bb.jpg,accepted,1412,2160,,true,437.01222,0.99660,0.10256,45,11,440.06293,true,8,0.32666,-1.10054,1.14799,-0.03307,0.04251,true,,0.20145,0.10520,0.19980,0.10649,0.22641,-0.10520,0.20145,1.14733,-1.09828,-0.37429,-0.20054,,1.00000,1.00000,-0.37441,0.01650,-0.04618,true,,-0.19548,-1.35517,-0.18201,-1.36016,1.37228,-1.35517,0.19548,0.29647,-0.13529,0.26246,0.32813,,0.52381,1.00000,true,,0.46425,-1.56864,0.48682,-1.55677,1.63111,-0.46425,1.56864,0.21423,-0.03894,0.21140,-0.15431,,0.85714,0.96667,false,hand/occluder crosses outline (clean 0.78),,,,,,,,,,,,,0.84722,0.77778,false,hand/occluder crosses outline (clean 0.69),,,,,,,,,,,,,0.59722,0.68889,true,,0.06640,-1.27063,0.07588,-1.26784,1.27011,-0.57782,-1.13360,0.33187,-0.17734,-0.28106,,0.01343,0.97222,0.99444,true,,0.03981,-0.96597,0.04837,-0.96673,0.96794,-0.81665,-0.51746,0.11425,0.10513,0.04425,,-0.02903,0.91667,1.00000,true,,0.13493,-1.03991,0.14836,-1.04034,1.05086,-0.96805,0.40310,0.30561,0.26855,-0.14459,,0.02102,0.94444,1.00000,true,,0.29849,-1.16602,0.31547,-1.16197,1.20403,-0.84151,0.86056,0.23293,0.10425,-0.20843,,-0.03948,0.94444,1.00000,true,,0.59329,-1.25076,0.61025,-1.23397,1.37662,0.11158,1.37983,0.05206,-0.05206,-0.00398,,0.01491,0.97222,1.00000,true,,0.77844,-1.14105,0.79101,-1.11947,1.37073,0.59896,1.24468,0.17409,-0.08598,0.15170,,-0.04367,0.93056,1.00000,1943,genuine_population,gen,bobs_126613LB_190173,126613LB,Bob's Watches,https://www.bobswatches.com/images/zUsed-Rolex-Submariner-126613-SKU190173.jpg
5a63524f951dc981,images/5a/5a63524f951dc981387e5e7fcff19d1a3aa1259cd5df82a58344e490195c73f8.jpg,accepted,1412,2160,,true,435.54618,0.99725,0.17277,45,11,438.12085,true,10,0.05311,-0.85039,0.85205,0.06292,0.04039,true,,-0.08729,-0.38242,-0.08355,-0.37985,0.38893,0.38242,-0.08729,0.78186,-0.69139,-0.37909,0.24018,,1.00000,0.96667,0.11108,0.39820,0.34405,true,,-0.78556,-0.75431,-0.78199,-0.76370,1.09304,-0.75431,0.78556,0.60886,-0.11005,0.59604,0.19711,,0.66667,1.00000,true,,0.43519,-1.58381,0.45673,-1.57625,1.64108,-0.43519,1.58381,0.78011,-0.59949,0.49582,-0.11196,,1.00000,1.00000,true,,0.13215,-1.08818,0.14031,-1.07656,1.08566,1.00847,-0.42964,0.29313,0.02254,-0.29313,,-0.22043,0.90278,1.00000,false,withheld by the app (hand / glare),0.38469,-0.84438,0.38940,-0.83388,0.92032,0.75534,-0.53891,0.09759,0.06537,-0.07353,,-0.34135,0.87500,0.95556,true,,0.19506,-0.30382,0.19726,-0.30162,0.36040,0.01701,-0.36064,0.23459,0.18056,0.14969,,-0.35058,0.90278,1.00000,false,withheld by the app (hand / glare),0.04543,-0.28744,0.04784,-0.28754,0.29149,-0.22621,-0.18307,0.26871,0.26620,0.03132,,-0.22809,0.93056,1.00000,true,,-0.17667,-0.48703,-0.17225,-0.49019,0.51957,-0.33344,0.39651,0.31785,0.20392,-0.24262,,-0.27105,0.91667,1.00000,true,,0.02470,-0.96915,0.03677,-0.97010,0.97079,-0.50597,0.82696,0.30149,-0.26455,-0.14103,,-0.28936,1.00000,1.00000,true,,-0.06797,-0.95695,-0.05642,-0.95272,0.95439,0.53734,0.79476,0.22959,-0.07476,-0.21820,,-0.35963,0.94444,0.99444,false,withheld by the app (hand / glare),-0.18116,-1.28531,-0.16701,-1.27710,1.28798,1.20370,0.48577,0.34981,0.26273,-0.23123,,-0.23675,0.87500,0.91667,1788,genuine_population,gen,bobs_126613LB_193857,126613LB,Bob's Watches,https://www.bobswatches.com/images/zUsed-Rolex-Submariner-126613-SKU193857.jpg
ce9be5e48bcad912,images/ce/ce9be5e48bcad912b497c7c7d0fa1a42183c652fb8cb11efc5e3646c1e06257d.jpg,accepted,1412,2160,,true,435.56457,0.99628,0.12990,46,11,438.54059,true,9,0.07890,-0.81346,0.81728,0.04887,-0.03207,true,,-0.84178,0.12163,-0.84100,0.11356,0.84863,-0.12163,-0.84178,1.31258,-1.10890,-0.71907,-1.06759,,0.90476,0.96667,-1.15222,-0.91302,-0.81583,true,,0.59332,-0.96633,0.60173,-0.96473,1.13701,-0.96633,-0.59332,0.45869,-0.31301,-0.33350,-0.09589,,0.66667,1.00000,true,,-0.61935,-0.79331,-0.61342,-0.79674,1.00552,0.61935,0.79331,0.55563,0.53013,0.16365,0.20391,,1.00000,1.00000,true,,-0.20480,-1.25047,-0.19788,-1.24282,1.25847,0.98054,-0.80260,0.26518,0.06276,-0.25850,,-0.04565,0.93056,1.00000,false,outline coverage 0.65; 6/8 octants,,,,,,,,,,,,,0.65278,0.83333,true,,0.09060,-0.72376,0.09372,-0.72291,0.72896,-0.28342,-0.67210,0.29352,-0.11342,0.27104,,0.04262,0.94444,1.00000,true,,0.18728,-0.36073,0.18963,-0.36012,0.40700,-0.21877,-0.34255,0.43044,0.27681,0.32880,,-0.01626,0.91667,0.99444,true,,0.46792,-0.47475,0.47356,-0.47267,0.66909,-0.64511,-0.16786,0.32280,-0.07606,-0.31250,,-0.02996,0.93056,1.00000,true,,0.12695,-0.41456,0.13111,-0.41400,0.43427,-0.31722,0.29554,0.17601,-0.01995,-0.17467,,0.00889,0.93056,1.00000,true,,0.32589,-1.01301,0.33517,-1.00573,1.06011,0.22428,1.04024,0.57719,-0.29446,0.49655,,-0.00383,0.93056,1.00000,true,,-0.33404,-0.73790,-0.32791,-0.73568,0.80545,0.80606,0.07967,0.19530,-0.03825,-0.19224,,-0.04655,0.91667,0.99444,1942,genuine_population,gen,bobs_126613_186189,126613,Bob's Watches,https://www.bobswatches.com/images/zUsed-Rolex-Submariner-126613-SKU186189.jpg
b1fe4b24052e43c1,images/b1/b1fe4b24052e43c186b298db13cf94ab50804511a544176a6d7566c2212a7ba6.jpg,accepted,1412,2160,,true,432.70233,0.99795,0.18245,42,11,435.53865,true,10,0.74197,-1.08965,1.31828,-0.02139,-0.09739,true,,0.41953,-0.27997,0.42012,-0.27365,0.50138,0.27997,0.41953,0.78723,-0.74323,0.27573,-0.64968,,1.00000,1.00000,-0.77629,-0.54459,-0.72716,true,,0.50192,-1.86241,0.51351,-1.86762,1.93693,-1.86241,-0.50192,1.06152,-0.69406,0.79544,-0.14876,,0.90476,1.00000,true,,0.74831,0.10746,0.75072,0.11303,0.75918,-0.74831,-0.10746,0.64525,0.05782,-0.64315,0.30590,,1.00000,0.96667,true,,0.40948,-1.66585,0.41334,-1.64715,1.69822,1.64741,-0.47831,0.40256,0.40490,0.03592,,-0.05923,0.88889,1.00000,false,withheld by the app (hand / glare),1.07026,-1.89850,1.07077,-1.87641,2.16043,1.87612,-1.10902,0.76558,0.76619,0.07615,,0.02761,0.69444,0.99444,false,withheld by the app (hand / glare),0.77727,-1.89106,0.78133,-1.88601,2.04144,-0.27239,-2.02634,0.30461,-0.28467,-0.10575,,-0.09120,0.94444,1.00000,false,withheld by the app (hand / glare),1.15226,-1.33303,1.16023,-1.33012,1.76504,-0.57831,-1.66440,0.14773,0.08036,0.12361,,-0.16468,0.87500,1.00000,true,,1.37178,-0.89290,1.38634,-0.88840,1.64657,-1.45917,-0.74154,0.08331,-0.06509,-0.05118,,-0.22111,0.93056,1.00000,true,,0.95354,-0.45105,0.96287,-0.44566,1.06101,-1.05132,-0.08615,0.22156,0.21018,-0.06673,,-0.28072,0.94444,1.00000,true,,0.29114,-0.23266,0.29369,-0.22919,0.37253,-0.13581,0.34706,0.36910,0.02805,-0.36894,,-0.13296,0.87500,1.00000,false,withheld by the app (hand / glare),0.71088,-0.36517,0.71331,-0.35613,0.79727,-0.03919,0.79822,0.58590,-0.54628,0.21481,,0.00902,0.81944,1.00000,1780,genuine_population,gen,bobs_126610LV_193101,126610LV,Bob's Watches,https://www.bobswatches.com/images/zUsed-Rolex-Submariner-126610LV-SKU193101.jpg
d3a2b077fcf388c3,images/d3/d3a2b077fcf388c31227ff44086d5803f3d6317b1fcdfede2cc67b6e6e2d2815.jpg,accepted,1412,2160,,true,434.36595,0.99682,0.17282,45,11,437.24644,true,9,0.29121,-1.38161,1.41196,-0.07193,0.02964,false,withheld by the app (hand / glare),-0.03066,-0.43186,-0.02686,-0.42692,0.42776,0.43186,-0.03066,0.85249,-0.70799,-0.49021,-0.56277,,0.85714,0.83333,-0.68809,-0.48831,-0.74616,true,,0.41193,-2.74586,0.43788,-2.74800,2.78267,-2.74586,-0.41193,1.15947,-1.11594,-0.30481,0.30166,,0.66667,1.00000,true,,0.29226,-1.19993,0.30781,-1.19221,1.23131,-0.29226,1.19993,0.42677,0.22528,-0.36293,0.60833,,1.00000,0.96667,true,,0.50175,-1.13748,0.50788,-1.11863,1.22852,1.23596,-0.13421,0.19969,0.14764,0.13593,,0.00253,0.94444,1.00000,false,hand/occluder crosses outline (clean 0.76),,,,,,,,,,,,,0.65278,0.75556,true,,0.07247,-1.18371,0.07900,-1.18073,1.18337,-0.52910,-1.06136,0.20632,0.18093,0.09883,,-0.03820,0.87500,1.00000,true,,-0.67376,-1.22961,-0.66767,-1.23722,1.40588,-1.40175,-0.03131,0.72786,-0.08047,0.72172,,-0.06601,0.86111,1.00000,true,,0.44758,-1.53578,0.46637,-1.53495,1.60423,-1.55382,0.38028,0.26288,0.04626,-0.25787,,-0.11892,0.91667,1.00000,true,,0.46451,-1.30104,0.48235,-1.29623,1.38307,-1.05279,0.89448,0.38141,0.14013,-0.35493,,-0.06570,1.00000,1.00000,true,,0.42323,-1.51152,0.44166,-1.49528,1.55914,0.38924,1.52063,0.19084,0.19097,-0.00758,,0.13316,0.93056,1.00000,true,,0.76589,-1.48937,0.78068,-1.46488,1.65992,0.90689,1.40797,0.30097,0.09737,0.28692,,0.05915,0.95833,1.00000,1787,genuine_population,gen,bobs_126610LV_193218,126610LV,Bob's Watches,https://www.bobswatches.com/images/zUsed-Rolex-Submariner-126610-SKU193218.jpg
712d36024ae3cfd8,images/71/712d36024ae3cfd8006e101e0ad44ec09ffcf41c2e7fe136c4d221b7f44941b3.jpg,accepted,1412,2160,,true,434.07111,0.99877,0.16286,45,11,437.67670,true,9,0.25201,-0.54688,0.60215,0.01585,-0.03407,true,,-0.29312,0.21329,-0.29355,0.20981,0.36082,-0.21329,-0.29312,0.87733,-0.81838,-0.33445,0.40130,,1.00000,1.00000,0.30670,0.53796,0.55278,true,,0.79903,-0.20494,0.80277,-0.20179,0.82774,-0.20494,-0.79903,0.45892,0.29203,-0.35210,-0.06754,,0.57143,1.00000,true,,0.53371,0.02084,0.53488,0.02365,0.53540,-0.53371,-0.02084,0.50227,-0.33704,-0.37289,0.44070,,0.95238,1.00000,true,,-0.05826,-0.92726,-0.05534,-0.92045,0.92212,0.77390,-0.51408,0.26876,0.11678,-0.24343,,-0.10580,1.00000,1.00000,false,outline coverage 0.71; 6/8 octants,,,,,,,,,,,,,0.70833,0.87778,false,withheld by the app (hand / glare),0.18346,-0.85624,0.18537,-0.85489,0.87475,-0.26923,-0.83325,0.26811,-0.26681,-0.02081,,-0.11680,0.87500,0.92778,true,,0.13193,-0.42171,0.13355,-0.42185,0.44249,-0.29924,-0.32511,0.37808,-0.00437,0.37742,,-0.12978,0.98611,1.00000,true,,0.44676,-0.59665,0.45209,-0.59611,0.74815,-0.74010,-0.08858,0.20676,-0.19588,0.06431,,-0.08045,0.98611,1.00000,true,,-0.02815,-0.24921,-0.02655,-0.24956,0.25096,-0.10023,0.22989,0.34747,0.33408,0.09034,,-0.10613,0.97222,1.00000,true,,0.28608,-0.48485,0.28965,-0.48095,0.56144,-0.00533,0.56293,0.21185,-0.12067,0.17403,,-0.07418,0.97222,1.00000,true,,0.15143,-0.76483,0.15574,-0.75861,0.77443,0.58665,0.51356,0.29320,0.17887,0.23457,,-0.17376,0.95833,1.00000,1820,genuine_population,gen,bobs_126613_191115,126613,Bob's Watches,https://www.bobswatches.com/images/zUsed-Rolex-Submariner-126613-SKU191115.jpg
b7c079415a40c75e,images/b7/b7c079415a40c75e8fdd1524cc033f38ecd63e670dbebec7f1e97ff2fcee760f.jpg,accepted,1412,2160,,true,437.88494,0.99585,0.13776,45,11,440.04870,true,9,0.21438,-0.00587,0.21446,0.09810,0.03408,true,,0.31419,0.33442,0.31354,0.33428,0.45831,-0.33442,0.31419,0.69205,-0.68576,-0.10916,-0.75163,,1.00000,1.00000,-0.90631,-0.67896,-1.04702,true,,0.21463,1.10545,0.21359,1.10877,1.12916,1.10545,-0.21463,0.81119,0.78410,-0.19915,0.27743,,0.66667,1.00000,true,,-0.12383,0.09477,-0.12439,0.09454,0.15624,0.12383,-0.09477,0.30015,0.01030,-0.29980,-0.06705,,1.00000,1.00000,true,,0.54624,-0.49636,0.54591,-0.49319,0.73570,0.70298,0.22488,0.29277,0.23916,-0.17038,,-0.04483,0.91667,1.00000,true,,0.44658,-0.34866,0.44609,-0.34668,0.56496,0.56108,-0.07866,0.39333,0.02120,-0.39320,,0.05578,0.93056,1.00000,true,,0.04270,0.30166,0.04270,0.30195,0.30496,0.18781,0.23989,0.37305,-0.34572,0.13953,,0.01661,0.81944,1.00000,false,hand/occluder crosses outline (clean 0.64),,,,,,,,,,,,,0.70833,0.63889,true,,-0.36488,-0.10416,-0.36576,-0.10502,0.38054,0.09224,0.36807,0.36879,-0.14640,0.33742,,-0.02528,0.87500,1.00000,false,withheld by the app (hand / glare),-0.17788,-0.19273,-0.17789,-0.19345,0.26280,0.05768,0.25585,0.17893,-0.10489,0.14448,,-0.02971,0.91667,0.95000,true,,0.14774,-0.33829,0.14889,-0.33755,0.36893,0.04120,0.36684,0.13441,-0.12772,0.04130,,0.01674,0.94444,1.00000,true,,0.67867,-0.36046,0.67970,-0.35762,0.76804,-0.02717,0.76798,0.45937,-0.27681,0.36637,,-0.12677,0.81944,1.00000,1806,genuine_population,gen,bobs_126610LN_192183,126610LN,Bob's Watches,https://www.bobswatches.com/images/zUsed-Rolex-Submariner-126610-SKU192183.jpg
6f071d93608b9081,images/6f/6f071d93608b9081d9a1ff908fe4f8f749a1aad42c70826c6ee596b652bf7517.jpg,accepted,1412,2160,,true,437.04710,0.98859,0.15863,45,11,438.07770,true,10,-0.30599,-0.75766,0.81712,0.08885,0.07257,false,withheld by the app (hand / glare),-0.36701,0.34985,-0.36891,0.34477,0.50494,-0.34985,-0.36701,1.49406,-1.41689,-0.49951,-0.09055,,0.90476,0.80000,-0.24225,0.12567,0.14042,true,,-1.23947,-0.40661,-1.24039,-0.41688,1.30857,-0.40661,1.23947,0.51176,0.05391,0.50737,-0.11474,,0.90476,1.00000,true,,-0.85234,-1.38719,-0.84180,-1.39344,1.62797,0.85234,1.38719,0.32364,0.24596,0.21001,0.46298,,1.00000,0.96667,true,,0.18297,-1.03018,0.18852,-1.02314,1.04037,0.98365,-0.35664,0.23133,0.16772,-0.16081,,-0.01158,0.88889,0.98889,false,withheld by the app (hand / glare),0.37904,-0.68215,0.38179,-0.67633,0.77665,0.66933,-0.40124,0.24657,0.24392,-0.04250,,0.05857,0.72222,0.98333,true,,-0.17054,-0.29825,-0.16919,-0.29971,0.34417,-0.29681,-0.17303,0.12959,0.03376,-0.12520,,0.09087,0.83333,1.00000,true,,-0.99002,-0.13957,-0.99130,-0.14713,1.00216,-0.61588,0.78759,0.46226,-0.12240,0.44490,,-0.23567,0.76389,0.99444,true,,-0.39162,-0.80964,-0.38652,-0.81513,0.90212,-0.50536,0.74397,0.48140,-0.32279,-0.35470,,0.08371,0.90278,1.00000,true,,-0.60946,-0.57169,-0.60642,-0.57737,0.83732,0.24196,0.79983,0.46377,0.03402,-0.46175,,0.07739,0.95833,1.00000,true,,-0.19565,-1.10962,-0.18607,-1.10827,1.12378,0.72425,0.86313,0.25482,-0.23968,-0.08754,,0.06944,0.83333,1.00000,true,,0.06130,-1.25069,0.07126,-1.24443,1.24646,1.05248,0.67844,0.13967,-0.07436,0.11828,,0.02213,0.94444,1.00000,1750,genuine_population,gen,bobs_126613LB_193949,126613LB,Bob's Watches,https://www.bobswatches.com/images/zUsed-Rolex-Submariner-126613-SKU193949.jpg
b490ec37617d2031,images/b4/b490ec37617d2031b2a0cb32277d6b31cc032c2674621aa7d182df334efc2ac7.jpg,missing,,,,,,,,,,,,,,,,,,,,,,,,,,,,,,,,,,,,,,,,,,,,,,,,,,,,,,,,,,,,,,,,,,,,,,,,,,,,,,,,,,,,,,,,,,,,,,,,,,,,,,,,,,,,,,,,,,,,,,,,,,,,,,,,,,,,,,,,,,,,,,,,,,,,,,,,,,,,,,,,,,,,,,,,,,,,,,,,,,,,,,,,,,,,,,,,,,,,,,genuine_population,gen,bobs_126610LV_193764,126610LV,Bob's Watches,https://www.bobswatches.com/images/zUsed-Rolex-Submariner-126610-SKU193764.jpg
15504033a6148809,images/15/15504033a6148809c4b652bae241b7455706c61b84a035ae7d1336ceeb009c85.jpg,accepted,1412,2160,,true,434.45492,0.99784,0.13096,45,11,437.75791,true,9,0.29694,-1.13353,1.17178,-0.07936,-0.05168,true,,-0.01378,0.11648,-0.01462,0.11535,0.11628,-0.11648,-0.01378,0.96971,-0.97785,0.01374,-0.98313,,1.00000,1.00000,-1.11233,-0.91500,-1.20342,false,hand/occluder crosses outline (clean 0.63),,,,,,,,,,,,,0.47619,0.63333,true,,0.06226,-1.01165,0.07292,-1.00955,1.01218,-0.06226,1.01165,0.52026,0.48951,0.17241,0.27795,,1.00000,1.00000,true,,-0.43744,-1.19119,-0.42935,-1.18558,1.26092,0.81288,-0.97443,0.33431,-0.03491,-0.33312,,0.15738,0.93056,1.00000,false,withheld by the app (hand / glare),-0.10230,-1.64338,-0.09421,-1.63364,1.63636,0.73309,-1.47436,0.36532,0.19676,-0.31072,,0.13280,0.87500,0.90000,true,,-0.13099,-1.49393,-0.12391,-1.49440,1.49953,-0.86041,-1.22829,0.34118,-0.25774,0.22341,,0.15979,0.81944,1.00000,true,,-0.04169,-0.98401,-0.03595,-0.98653,0.98719,-0.87302,-0.45590,0.73037,0.25198,0.68434,,0.02863,0.84722,1.00000,true,,1.24586,-1.22561,1.26330,-1.21969,1.75601,-1.68434,-0.46614,0.54103,-0.27128,-0.46489,,-0.03187,0.84722,1.00000,true,,1.08796,-0.62545,1.09954,-0.61722,1.26093,-1.25493,-0.00232,0.54671,-0.15333,-0.52341,,0.08686,1.00000,1.00000,true,,0.78671,-0.69627,0.79508,-0.68556,1.04983,-0.33317,0.99634,0.41587,-0.37057,0.18719,,0.13717,0.98611,1.00000,true,,0.38588,-1.07969,0.39546,-1.06804,1.13890,0.74210,0.87403,0.41595,0.18237,0.37634,,0.06605,0.86111,1.00000,1799,genuine_population,gen,bobs_126613_193801,126613,Bob's Watches,https://www.bobswatches.com/images/zUsed-Rolex-Submariner-126613-SKU193801.jpg
1a9de69b4f01c12f,images/1a/1a9de69b4f01c12fc7278db16a15856609be67bfb23459d770892d804c5e1887.jpg,accepted,1412,2160,,true,435.45648,0.99180,0.15285,45,11,437.54483,true,9,-0.17719,-0.99024,1.00597,-0.01753,-0.02786,true,,-0.96927,0.42450,-0.96738,0.42020,1.05470,-0.42450,-0.96927,1.48094,-1.35469,-0.62264,-0.42947,,1.00000,1.00000,-0.51141,-0.28243,-0.19507,true,,-0.01911,-1.02769,-0.01961,-1.03173,1.03192,-1.02769,0.01911,0.02249,0.02204,0.00400,0.06749,,0.71429,1.00000,true,,0.34812,-0.92027,0.35106,-0.91948,0.98422,-0.34812,0.92027,0.47643,-0.46649,0.09027,0.19767,,0.80952,1.00000,true,,-0.24372,-1.26827,-0.24548,-1.26013,1.28382,0.97650,-0.84521,0.26766,0.26856,-0.02342,,-0.01136,0.79167,1.00000,false,hand/occluder crosses outline (clean 0.74),,,,,,,,,,,,,0.59722,0.74444,true,,0.16912,-1.02598,0.16634,-1.02671,1.04010,-0.36652,-0.97308,0.34661,0.34459,-0.02963,,0.02608,0.97222,1.00000,true,,-0.48101,-1.10194,-0.48431,-1.10535,1.20679,-1.19481,-0.13440,0.42524,-0.18542,0.38150,,-0.03023,0.87500,1.00000,true,,0.23111,-1.30890,0.23343,-1.31410,1.33467,-1.24910,0.45431,0.41877,-0.41632,-0.02130,,-0.06949,0.90278,1.00000,true,,-0.34566,-0.63956,-0.34567,-0.64103,0.72829,-0.02043,0.72671,0.38927,0.38479,-0.04716,,0.03530,0.98611,1.00000,true,,-0.42175,-0.89940,-0.42032,-0.89668,0.99030,0.81494,0.56803,0.23052,0.22866,-0.02924,,0.14095,0.98611,1.00000,true,,-0.46623,-0.50952,-0.46542,-0.50714,0.68834,0.67437,-0.14901,0.37990,-0.21018,-0.31871,,0.06402,0.86111,1.00000,1764,genuine_population,gen,bobs_126613LB_194190,126613LB,Bob's Watches,https://www.bobswatches.com/images/zUsed-Rolex-Submariner-126613-SKU194190.jpg
24c57dede14e0e4d,images/24/24c57dede14e0e4d30d819e81253e2ef89e9f1b2a7ee40d31def3c45dd83641e.jpg,accepted,1412,2160,,true,436.75622,0.99374,0.17374,45,11,438.49723,true,8,0.09610,-0.64511,0.65223,0.01822,0.04544,true,,-0.01727,0.08159,-0.01847,0.08075,0.08284,-0.08159,-0.01727,0.87432,-0.79284,-0.38141,-0.51495,,1.00000,1.00000,-0.69033,-0.38336,-0.67212,false,side edge coverage 0.48,,,,,,,,,,,,,0.47619,1.00000,true,,-0.05419,-0.78352,-0.04035,-0.78371,0.78474,0.05419,0.78352,0.15083,0.07972,-0.12788,-0.23014,,1.00000,0.96667,true,,0.48702,-0.77919,0.49660,-0.76621,0.91306,0.91830,0.03218,0.24794,0.24954,-0.00174,,0.03761,0.93056,1.00000,false,outline coverage 0.71; 6/8 octants,,,,,,,,,,,,,0.70833,0.93333,true,,-0.02213,0.00625,-0.02223,0.00591,0.02300,-0.01604,0.01648,0.37708,0.16799,0.33726,,-0.32536,0.75000,1.00000,true,,-0.23826,-0.77545,-0.22804,-0.78152,0.81411,-0.79069,-0.18139,0.34576,-0.33815,-0.06602,,-0.04605,0.98611,1.00000,true,,-0.08170,-0.77433,-0.06908,-0.77842,0.78148,-0.62974,0.45792,0.11785,-0.09101,-0.07410,,-0.10720,0.93056,1.00000,false,withheld by the app (hand / glare),-0.09003,-0.77050,-0.07670,-0.77332,0.77712,-0.30728,0.71228,0.09215,0.02605,-0.08824,,-0.11831,0.94444,0.91667,true,,0.27265,-1.14141,0.29277,-1.13282,1.17004,0.33459,1.12481,0.23844,0.02052,0.23809,,-0.06304,0.93056,1.00000,true,,0.15773,-0.63753,0.16808,-0.63121,0.65321,0.47325,0.45536,0.24996,-0.10933,-0.22594,,-0.04243,0.88889,1.00000,1816,genuine_population,gen,bobs_126619LB_186599,126619LB,Bob's Watches,https://www.bobswatches.com/images/zUsed-Rolex-Submariner-126619-SKU186599.jpg
4740bd0d15ca798c,images/47/4740bd0d15ca798ceef9ad8112675aa7b8d966115962c38365e9729c4164f7b1.jpg,missing,,,,,,,,,,,,,,,,,,,,,,,,,,,,,,,,,,,,,,,,,,,,,,,,,,,,,,,,,,,,,,,,,,,,,,,,,,,,,,,,,,,,,,,,,,,,,,,,,,,,,,,,,,,,,,,,,,,,,,,,,,,,,,,,,,,,,,,,,,,,,,,,,,,,,,,,,,,,,,,,,,,,,,,,,,,,,,,,,,,,,,,,,,,,,,,,,,,,,,genuine_population,gen,bobs_126613_190419,126613,Bob's Watches,https://www.bobswatches.com/images/zUsed-Rolex-Submariner-126613-SKU190419.jpg
dc367edebf719784,images/dc/dc367edebf719784cdd1db91d9255f868edb3712abd7fb21f22fa94567938296.jpg,accepted,1412,2160,,true,435.24463,0.99418,0.12970,46,11,438.08621,true,9,0.29572,-0.57555,0.64708,-0.03074,0.04619,true,,-0.13840,0.56767,-0.14494,0.56010,0.57855,-0.56767,-0.13840,1.24935,-1.04134,-0.70903,-0.65104,,1.00000,1.00000,-0.72951,-0.54572,-0.55417,true,,-0.32739,-0.56713,-0.32182,-0.57295,0.65714,-0.56713,0.32739,0.36810,0.11642,0.34763,-0.11642,,0.66667,1.00000,true,,0.61212,-0.33920,0.61898,-0.33018,0.70154,-0.61212,0.33920,0.55496,-0.22153,-0.51023,0.62052,,1.00000,1.00000,true,,0.29740,-0.63585,0.30318,-0.62561,0.69520,0.69936,-0.06037,0.34458,0.16133,-0.30681,,-0.28299,0.93056,1.00000,false,hand/occluder crosses outline (clean 0.69),,,,,,,,,,,,,0.58333,0.69444,true,,0.18564,-0.15426,0.18728,-0.15177,0.24105,0.08364,-0.22641,0.27007,0.23414,0.13383,,0.06308,0.90278,0.98889,true,,-0.17432,-0.46436,-0.16997,-0.46755,0.49748,-0.48931,-0.08121,0.17341,-0.02049,0.17180,,-0.03389,0.87500,1.00000,true,,0.15390,-1.06680,0.16953,-1.06807,1.08144,-1.00083,0.40012,0.25491,-0.24365,0.07183,,-0.07834,0.87500,1.00000,true,,0.48273,-0.85275,0.49773,-0.84722,0.98261,-0.84443,0.49714,0.24627,-0.19448,-0.14948,,-0.30245,0.95833,1.00000,true,,0.79120,-1.02123,0.80727,-1.00428,1.28851,-0.17458,1.28001,0.36040,-0.10593,0.34504,,-0.06953,0.93056,1.00000,true,,0.35928,-0.80419,0.37000,-0.79215,0.87430,0.51681,0.71325,0.28960,0.26714,-0.11450,,0.04782,0.81944,1.00000,1766,genuine_population,gen,bobs_126613LB_193029,126613LB,Bob's Watches,https://www.bobswatches.com/images/zUsed-Rolex-Submariner-126613-SKU193029.jpg
ba3762aa2aea60c1,images/ba/ba3762aa2aea60c13de22f72c8388cf7b616c736ec60af5f4a627068f4b07c19.jpg,accepted,1412,2160,,true,435.41191,0.99680,0.17218,46,11,438.50590,true,9,0.01798,-1.29510,1.29522,0.19015,0.09011,true,,-0.72099,-0.56215,-0.71415,-0.56508,0.91067,0.56215,-0.72099,1.88566,-1.40411,-1.27751,0.14682,,1.00000,1.00000,0.03239,0.33529,0.41261,false,side edge coverage 0.48,,,,,,,,,,,,,0.47619,1.00000,true,,-0.44074,-1.55661,-0.42242,-1.55664,1.61294,0.44074,1.55661,0.32507,-0.18685,-0.26682,-0.28686,,0.90476,0.96667,true,,0.97331,-1.73623,0.98526,-1.70974,1.97331,1.99028,-0.02520,0.19142,0.18346,0.05900,,0.00970,0.87500,1.00000,false,withheld by the app (hand / glare),0.88917,-1.78335,0.90031,-1.76087,1.97768,1.66172,-1.09984,0.62585,0.32875,-0.53788,,0.02274,0.70833,0.96667,true,,-0.21101,-0.29473,-0.20909,-0.29647,0.36279,-0.33010,-0.14974,0.55335,-0.36317,0.41757,,0.16310,0.95833,1.00000,true,,-0.67613,-0.10743,-0.67702,-0.11427,0.68659,-0.43111,0.53183,0.62640,0.01357,0.62530,,-0.02247,0.90278,1.00000,true,,-0.73972,-1.10232,-0.73042,-1.11158,1.33009,-0.58478,1.19178,0.13598,-0.13474,-0.01465,,-0.00407,0.93056,1.00000,false,withheld by the app (hand / glare),-0.36494,-0.91459,-0.35505,-0.91820,0.98446,-0.14125,0.97453,0.72909,-0.16505,-0.70966,,0.08901,0.88889,0.85000,true,,-0.40823,-2.22426,-0.38142,-2.21560,2.24819,1.46567,1.72215,0.14524,0.14197,0.03261,,0.10995,0.97222,1.00000,true,,0.39353,-2.50313,0.42097,-2.47802,2.51352,1.97101,1.59237,0.41072,0.16955,0.37666,,0.07290,0.94444,1.00000,1849,genuine_population,gen,bobs_126610LN_193368,126610LN,Bob's Watches,https://www.bobswatches.com/images/zUsed-Rolex-Submariner-126610-SKU193368.jpg
030c3a90860cde04,images/03/030c3a90860cde04ed450a7b5692cd50419db22f7ba7755d4169d893f6830b3c.jpg,accepted,1412,2160,,true,437.33066,0.99535,0.18311,46,11,440.07286,true,10,0.22190,-1.02150,1.04533,-0.02363,0.00390,true,,-0.40822,-0.15704,-0.40569,-0.15956,0.43594,0.15704,-0.40822,1.00959,-0.78717,-0.64481,-0.34673,,1.00000,1.00000,-0.51953,-0.22819,-0.54159,true,,0.29645,-2.46148,0.31966,-2.46548,2.48611,-2.46148,-0.29645,1.36320,-1.35524,-0.10660,-0.10661,,0.57143,1.00000,true,,-0.04746,-1.16917,-0.03336,-1.16588,1.16635,0.04746,1.16917,0.35941,0.33901,0.11910,0.20887,,1.00000,1.00000,true,,0.17820,-0.65095,0.18235,-0.64281,0.66817,0.65284,-0.17115,0.28833,-0.25854,0.13397,,-0.18717,0.93056,1.00000,false,withheld by the app (hand / glare),0.29192,-1.05785,0.29761,-1.04709,1.08856,0.78173,-0.77017,0.16800,0.16855,-0.01120,,-0.10442,0.93056,1.00000,true,,0.24016,-0.90373,0.24590,-0.90090,0.93386,-0.24388,-0.90273,0.18397,0.17023,0.06885,,-0.14315,0.90278,1.00000,true,,-0.17811,-0.69925,-0.17358,-0.70234,0.72347,-0.69462,-0.19537,0.50924,0.17334,0.47801,,-0.18416,0.86111,0.99444,true,,0.55534,-0.99379,0.56821,-0.99114,1.14246,-1.13832,0.01596,0.34404,-0.05774,-0.33796,,-0.11629,0.94444,1.00000,true,,0.33489,-0.61780,0.34331,-0.61475,0.70411,-0.59892,0.36759,0.47687,0.18346,-0.44018,,-0.10886,0.95833,1.00000,true,,0.18977,-1.03379,0.20197,-1.02504,1.04474,0.35255,0.99018,0.11166,0.10763,-0.03020,,-0.09066,0.94444,1.00000,true,,0.32119,-1.14217,0.33265,-1.12831,1.17633,0.82856,0.84924,0.18006,0.12979,0.12706,,-0.07752,0.97222,1.00000,1803,genuine_population,gen,bobs_126613LB_193777,126613LB,Bob's Watches,https://www.bobswatches.com/images/zUsed-Rolex-Submariner-126613-SKU193777.jpg
6ce5a5c48c57f4fd,images/6c/6ce5a5c48c57f4fd9e4f80010a82639aec0a3e9966776b06b5a7369f2b603a22.jpg,accepted,1412,2160,,true,433.00515,0.99996,0.14405,44,11,435.76544,true,9,-0.27530,-0.88286,0.92479,-0.06424,-0.08232,true,,-0.69356,-0.30660,-0.68981,-0.31231,0.75721,0.30660,-0.69356,0.36008,-0.35081,0.08970,0.57315,,1.00000,1.00000,0.37238,0.70551,0.32784,true,,-0.25801,-2.24754,-0.23867,-2.25805,2.27063,-2.24754,0.25801,1.24336,-1.15393,0.45040,0.11953,,0.52381,1.00000,true,,-0.21775,-0.30236,-0.21492,-0.30445,0.37267,0.21775,0.30236,0.18049,0.14735,-0.10347,0.30681,,0.95238,1.00000,true,,-0.89754,-1.02876,-0.88780,-1.03214,1.36144,0.44217,-1.29167,0.10773,0.04829,-0.09672,,-0.07681,0.91667,1.00000,false,hand/occluder crosses outline (clean 0.65),,,,,,,,,,,,,0.75000,0.65000,false,withheld by the app (hand / glare),-0.07448,-1.18832,-0.06657,-1.18969,1.19155,-0.65866,-0.99188,0.29074,0.25463,0.13915,,-0.30472,0.97222,1.00000,true,,0.24951,-1.07021,0.25835,-1.07087,1.10160,-0.80207,-0.75119,0.33458,0.33019,-0.04621,,-0.25274,0.97222,1.00000,true,,0.46282,-0.60807,0.47111,-0.60600,0.76758,-0.75801,-0.09678,0.28883,0.09135,-0.27292,,-0.24300,0.98611,1.00000,true,,0.24323,-0.28310,0.24741,-0.28134,0.37466,-0.35219,0.12356,0.28125,0.07112,-0.27155,,-0.27283,1.00000,1.00000,true,,-0.60968,-0.57002,-0.60415,-0.57474,0.83386,0.81301,0.18882,0.36305,0.35520,0.07660,,-0.16995,0.87500,1.00000,true,,-0.30442,-0.19551,-0.30235,-0.19780,0.36130,0.32153,-0.16588,0.38416,-0.35524,0.14796,,-0.27164,0.87500,1.00000,1882,genuine_population,gen,bobs_126619LB_191434,126619LB,Bob's Watches,https://www.bobswatches.com/images/zUsed-Rolex-Submariner-126619-SKU191434.jpg
3116b7962ed3f797,images/31/3116b7962ed3f797066ddc69e6c34f036ca91a4c0b06c455e837ede096a01466.jpg,accepted,1412,2160,,true,436.03101,0.99159,0.18366,45,11,437.87443,true,10,0.21950,-0.99344,1.01740,0.02861,0.01002,true,,0.08157,-0.72322,0.08607,-0.71706,0.72221,0.72322,0.08157,0.41761,-0.37401,-0.19247,-0.54676,,1.00000,1.00000,-0.65643,-0.46981,-0.66482,true,,0.03385,-1.18145,0.04167,-1.18514,1.18588,-1.18145,-0.03385,0.30559,-0.27946,0.12089,0.14692,,0.90476,1.00000,true,,-0.09111,-0.89030,-0.08318,-0.88985,0.89373,0.09111,0.89030,0.26654,0.20885,-0.16492,-0.30477,,0.95238,1.00000,true,,0.66528,-1.62255,0.67189,-1.60514,1.74008,1.73781,-0.23513,0.66121,0.66593,0.01680,,-0.20402,1.00000,1.00000,false,withheld by the app (hand / glare),0.27620,-1.44411,0.28146,-1.43396,1.46133,0.96125,-1.11254,0.45126,0.17642,-0.41774,,-0.02107,0.97222,1.00000,true,,0.25726,-0.26602,0.25859,-0.26416,0.36967,0.08979,-0.35901,0.62640,0.30206,0.54863,,-0.28598,1.00000,1.00000,true,,-0.42397,-1.07960,-0.41959,-1.08544,1.16372,-1.14695,-0.17263,0.66740,-0.49180,0.44796,,-0.34040,0.98611,1.00000,true,,0.34527,-1.07212,0.35521,-1.07319,1.13045,-1.10111,0.23705,0.27281,-0.23312,-0.13945,,-0.42165,0.90278,1.00000,true,,0.15555,-0.46747,0.16032,-0.46701,0.49376,-0.36845,0.32707,0.53696,0.21249,-0.49231,,-0.39148,0.97222,0.99444,true,,0.44122,-1.10747,0.45145,-1.09920,1.18829,0.17163,1.17970,0.28579,-0.24453,0.14748,,-0.17412,0.97222,1.00000,true,,0.31575,-0.80288,0.32181,-0.79496,0.85763,0.53744,0.67489,0.32726,-0.32158,-0.07029,,-0.28414,0.98611,1.00000,1805,genuine_population,gen,bobs_126610LN_188326,126610LN,Bob's Watches,https://www.bobswatches.com/images/zUsed-Rolex-Submariner-126610-SKU188326.jpg
1486879c205eeb59,images/14/1486879c205eeb595487b6e9b63a23a0314bb3c2c6c292f5ab95181150a5cf07.jpg,accepted,1412,2160,,true,435.90038,0.99083,0.18907,45,11,437.34695,true,10,-0.07074,-0.80436,0.80747,0.07313,0.00078,true,,-0.40232,-0.49383,-0.39922,-0.49234,0.63386,0.49383,-0.40232,0.65325,-0.56801,-0.33251,0.42737,,1.00000,1.00000,0.20616,0.57382,0.15976,true,,0.28207,-0.83328,0.28709,-0.83381,0.88185,-0.83328,-0.28207,0.45210,-0.26980,-0.36110,0.12382,,0.90476,0.96667,true,,-0.32169,-0.71547,-0.31712,-0.71580,0.78290,0.32169,0.71547,0.09518,0.00438,-0.09528,-0.00212,,1.00000,1.00000,true,,-0.14704,-1.01666,-0.14329,-1.00936,1.01948,0.80694,-0.63567,0.20664,-0.11423,-0.17281,,0.15610,0.81944,1.00000,false,withheld by the app (hand / glare),0.01278,-1.01920,0.01514,-1.01265,1.01277,0.52067,-0.87626,0.16498,-0.07810,-0.14557,,0.05979,0.84722,0.97778,true,,0.17899,-0.52714,0.18041,-0.52577,0.55587,-0.10855,-0.54601,0.14805,0.09893,0.11014,,-0.01154,0.95833,0.98889,true,,-0.30391,-0.18208,-0.30409,-0.18397,0.35541,-0.30964,0.17216,0.53298,0.16567,0.50592,,0.02020,0.84722,1.00000,true,,-0.13769,-0.46565,-0.13535,-0.46749,0.48669,-0.33442,0.35207,0.13783,0.06634,-0.12043,,0.10069,0.90278,1.00000,true,,-0.07966,-0.67821,-0.07502,-0.67905,0.68318,-0.27012,0.62718,0.22346,-0.19174,-0.11315,,0.14716,1.00000,1.00000,true,,-0.42283,-1.18981,-0.41457,-1.18643,1.25678,0.96108,0.81899,0.27784,0.23320,0.15321,,0.15160,0.98611,1.00000,true,,-0.05369,-1.19677,-0.04625,-1.18827,1.18917,1.06328,0.55189,0.21818,0.06757,0.20850,,0.07931,0.88889,1.00000,1813,genuine_population,gen,bobs_126613LB_193690,126613LB,Bob's Watches,https://www.bobswatches.com/images/zUsed-Rolex-Submariner-126613-SKU193690.jpg
9ed9a0e496bd7728,images/9e/9ed9a0e496bd77281b61b5271a0c04c2f2f6ef5d4f67ba2a2a064631686a08aa.jpg,accepted,1412,2160,,true,433.27440,0.99472,0.15244,45,11,437.49411,true,9,0.17414,-1.39312,1.40396,0.03575,0.03628,true,,-0.50822,-1.18566,-0.50511,-1.16856,1.27306,1.18566,-0.50822,0.95977,-0.34238,-0.90202,-0.18621,,0.90476,1.00000,-0.12412,-0.16009,0.13518,true,,-0.24374,-1.55626,-0.24312,-1.55824,1.57709,-1.55626,0.24374,0.34187,-0.27193,0.20587,0.09755,,0.71429,1.00000,true,,-0.49045,-1.42456,-0.48400,-1.41620,1.49662,0.49045,1.42456,0.57721,0.54415,-0.18877,-0.25737,,1.00000,1.00000,true,,0.59714,-1.35912,0.59361,-1.33815,1.46391,1.47560,-0.16242,0.17041,0.04708,0.16441,,-0.00916,0.91667,1.00000,false,hand/occluder crosses outline (clean 0.74),,,,,,,,,,,,,0.56944,0.74444,true,,0.19701,-1.15840,0.19435,-1.15456,1.17080,-0.40858,-1.10171,0.03054,0.01638,-0.02580,,0.03220,0.86111,1.00000,true,,0.10737,-1.12722,0.10663,-1.12742,1.13245,-0.92251,-0.65660,0.08531,0.07911,-0.03113,,-0.05964,0.97222,1.00000,true,,0.01951,-1.54723,0.02476,-1.54855,1.54874,-1.34970,0.75672,0.17753,-0.17566,-0.02087,,-0.03222,0.95833,1.00000,true,,0.15878,-1.38224,0.16618,-1.37918,1.38916,-0.82862,1.11766,0.25886,-0.10502,-0.23658,,-0.18903,1.00000,0.99444,true,,0.25226,-1.67989,0.26033,-1.66154,1.68181,0.62149,1.58096,0.07941,-0.05796,0.05429,,0.10580,0.93056,1.00000,true,,0.40198,-1.61565,0.40631,-1.59226,1.64328,1.19820,1.15595,0.09828,-0.05791,0.07973,,0.03660,0.91667,1.00000,1802,genuine_population,gen,bobs_126610_191969,126610,Bob's Watches,https://www.bobswatches.com/images/zUsed-Rolex-Submariner-126610-SKU191969.jpg
f83fbdbf9ae78eb5,images/f8/f83fbdbf9ae78eb5ce6538340069e6088d4bf6e639bdea8bda4eefb1e689039d.jpg,missing,,,,,,,,,,,,,,,,,,,,,,,,,,,,,,,,,,,,,,,,,,,,,,,,,,,,,,,,,,,,,,,,,,,,,,,,,,,,,,,,,,,,,,,,,,,,,,,,,,,,,,,,,,,,,,,,,,,,,,,,,,,,,,,,,,,,,,,,,,,,,,,,,,,,,,,,,,,,,,,,,,,,,,,,,,,,,,,,,,,,,,,,,,,,,,,,,,,,,,genuine_population,gen,bobs_126610LN_193256,126610LN,Bob's Watches,https://www.bobswatches.com/images/zUsed-Rolex-Submariner-126610-SKU193256.jpg
fbd51ef5afb19c03,images/fb/fbd51ef5afb19c03cb7c885355e77e9e666787e13956d22dbbee776cb3e87b91.jpg,accepted,1412,2160,,true,435.19802,0.99895,0.16790,44,11,438.73929,true,9,-0.61942,-1.73204,1.83946,0.06459,0.01017,true,,-0.79308,-0.48455,-0.78572,-0.48644,0.92411,0.48455,-0.79308,1.47530,-1.47777,-0.21845,0.28495,,1.00000,1.00000,0.15606,0.41561,0.29126,true,,-0.73654,-1.49202,-0.72396,-1.50026,1.66580,-1.49202,0.73654,0.04985,0.02872,0.04056,0.08499,,0.95238,1.00000,true,,-0.93943,-1.69488,-0.91749,-1.69477,1.92719,0.93943,1.69488,0.13281,0.08745,-0.10008,0.30102,,1.00000,0.96667,true,,-0.51829,-2.24126,-0.49797,-2.21949,2.27467,1.68184,-1.56948,0.33739,0.26642,-0.21337,,-0.11291,0.83333,1.00000,false,hand/occluder crosses outline (clean 0.76),,,,,,,,,,,,,0.62500,0.75556,true,,-0.72065,-1.43254,-0.71154,-1.43587,1.60251,-1.34037,-0.88029,0.28473,-0.15146,0.24122,,0.09070,0.90278,1.00000,true,,-0.54755,-1.25839,-0.53861,-1.26385,1.37383,-1.36358,-0.15500,0.24790,0.22759,0.09803,,0.06595,0.90278,1.00000,true,,-0.75724,-1.59931,-0.74087,-1.60733,1.76986,-1.00642,1.45545,0.05911,-0.05212,-0.02738,,0.07116,0.87500,1.00000,true,,-0.51907,-1.84286,-0.49596,-1.84419,1.90972,-0.47190,1.85549,0.38851,-0.38608,-0.02959,,0.03172,0.94444,1.00000,true,,-0.82004,-1.88445,-0.79446,-1.87558,2.03690,1.65240,1.22197,0.02623,0.00237,-0.02625,,0.07186,0.88889,1.00000,true,,-0.67858,-1.96056,-0.65367,-1.94440,2.05133,2.03718,0.39261,0.01977,-0.01511,0.01287,,-0.08131,0.83333,1.00000,1801,genuine_population,gen,bobs_126610LN_193274,126610LN,Bob's Watches,https://www.bobswatches.com/images/zUsed-Rolex-Submariner-126610-SKU193274.jpg
08ec7f80bf28d9dd,images/08/08ec7f80bf28d9dd9959e9a550c466be001532369ab3c6b9f11bbc28e17d38d5.jpg,accepted,1412,2160,,true,434.11154,0.99465,0.18219,45,10,438.20253,true,9,-0.56291,-1.48110,1.58446,0.06914,-0.03664,true,,-1.13385,-0.63231,-1.12330,-0.63822,1.29194,0.63231,-1.13385,1.12578,-1.09246,-0.33095,0.04453,,0.95238,1.00000,-0.16726,0.12180,-0.43868,true,,-0.25831,-1.62505,-0.24120,-1.63180,1.64953,-1.62505,0.25831,0.38879,-0.37242,-0.10790,-0.15153,,0.71429,1.00000,true,,-1.34416,-1.18761,-1.33020,-1.19826,1.79032,1.34416,1.18761,0.54346,0.53522,-0.08230,0.47772,,1.00000,0.96667,true,,-0.31723,-1.98329,-0.29818,-1.96008,1.98263,1.55897,-1.26638,0.37518,0.31792,0.20432,,-0.05516,0.84722,1.00000,false,hand/occluder crosses outline (clean 0.58),,,,,,,,,,,,,0.61111,0.58333,true,,-0.37611,-1.57938,-0.36482,-1.58012,1.62169,-1.11541,-1.17973,0.12697,-0.11923,0.04280,,0.00209,0.98611,1.00000,true,,-0.51807,-1.54631,-0.50596,-1.55412,1.63441,-1.59818,-0.32449,0.30812,-0.27122,0.14346,,-0.01354,0.91667,0.99444,true,,-0.51305,-0.99625,-0.50265,-1.00435,1.12311,-0.60626,0.94244,0.15951,0.14176,-0.07225,,-0.12650,0.95833,1.00000,true,,-0.65072,-0.79125,-0.64216,-0.79844,1.02463,0.16791,1.01060,0.37146,0.16134,-0.33487,,-0.10825,1.00000,1.00000,true,,-0.64358,-1.28433,-0.62484,-1.28061,1.42491,1.19953,0.79047,0.29014,-0.28968,0.02394,,-0.06195,0.90278,1.00000,true,,-0.70599,-1.58680,-0.68368,-1.57572,1.71765,1.72721,0.18200,0.19345,-0.09278,0.17006,,-0.15567,0.95833,1.00000,1807,genuine_population,gen,bobs_126618_193277,126618,Bob's Watches,https://www.bobswatches.com/images/zUsed-Rolex-Submariner-126618-SKU193277.jpg
006e54a0d12998e8,images/00/006e54a0d12998e88d6d95e2ab14991b4b26079055e5b847d36cd1bc0c2a56cd.jpg,missing,,,,,,,,,,,,,,,,,,,,,,,,,,,,,,,,,,,,,,,,,,,,,,,,,,,,,,,,,,,,,,,,,,,,,,,,,,,,,,,,,,,,,,,,,,,,,,,,,,,,,,,,,,,,,,,,,,,,,,,,,,,,,,,,,,,,,,,,,,,,,,,,,,,,,,,,,,,,,,,,,,,,,,,,,,,,,,,,,,,,,,,,,,,,,,,,,,,,,,genuine_population,gen,bobs_126613_193285,126613,Bob's Watches,https://www.bobswatches.com/images/zUsed-Rolex-Submariner-126613-SKU193285.jpg
1a5705dcb625d490,images/1a/1a5705dcb625d4908d87c6765d8748e56128e19383be8cbd9df4f6734e034382.jpg,accepted,1412,2160,,true,434.68016,0.99710,0.15214,44,11,437.41708,true,8,-0.33865,-1.36090,1.40241,0.09498,-0.06860,true,,-0.75243,-0.63337,-0.74758,-0.63413,0.98030,0.63337,-0.75243,1.05134,-1.06058,0.01187,-0.44174,,1.00000,0.96667,-0.52900,-0.22037,0.03957,false,side edge coverage 0.48,,,,,,,,,,,,,0.47619,1.00000,true,,-0.83087,-1.10808,-0.82421,-1.11243,1.38450,0.83087,1.10808,0.22257,0.16975,0.14369,-0.12656,,1.00000,0.96667,true,,-0.55398,-2.08685,-0.54435,-2.07342,2.14368,1.53027,-1.52319,0.21745,0.18568,-0.11668,,-0.05346,0.90278,1.00000,false,hand/occluder crosses outline (clean 0.71),,,,,,,,,,,,,0.63889,0.71111,true,,0.26721,-1.67341,0.27218,-1.67091,1.69294,-0.60529,-1.58282,0.15439,0.03711,-0.15014,,0.05160,0.97222,1.00000,true,,-0.53030,-1.11818,-0.52743,-1.12423,1.24180,-1.23353,-0.09984,0.74276,-0.21918,0.70779,,0.02070,0.90278,1.00000,true,,0.19778,-0.64894,0.20347,-0.64988,0.68099,-0.66089,0.15319,0.40297,0.00770,-0.40112,,0.07056,0.94444,1.00000,false,withheld by the app (hand / glare),-0.20820,-0.67477,-0.20357,-0.67721,0.70714,-0.15708,0.68847,0.26433,-0.11355,-0.23779,,0.02130,0.90278,0.82778,true,,-0.65970,-0.91503,-0.65318,-0.91582,1.12489,1.02884,0.46259,0.31185,-0.28957,-0.11790,,-0.12200,0.97222,1.00000,true,,-0.84307,-1.73465,-0.83043,-1.72854,1.91767,1.92379,0.13721,0.29362,0.23343,0.18178,,0.05162,0.88889,1.00000,1901,genuine_population,gen,bobs_126610_193168,126610,Bob's Watches,https://www.bobswatches.com/images/zUsed-Rolex-Submariner-126610-SKU193168.jpg
865ebcbc912e2ea7,images/86/865ebcbc912e2ea7a171cffdf99f5b349334703d2bdc9940302759c4089514e4.jpg,accepted,1412,2160,,true,434.33669,0.99713,0.19626,46,11,437.54932,true,10,0.25959,-1.10765,1.13766,0.01523,-0.01868,true,,-0.15849,-0.77029,-0.14757,-0.76621,0.78029,0.77029,-0.15849,0.48730,-0.39744,-0.28821,0.46015,,0.85714,0.96667,0.26958,0.65385,0.47135,true,,0.66825,-1.31090,0.68949,-1.30523,1.47615,-1.31090,-0.66825,0.40279,-0.24701,-0.31625,0.35130,,0.76190,1.00000,true,,-0.12228,-0.58906,-0.11283,-0.59000,0.60069,0.12228,0.58906,0.52356,0.31541,-0.41713,0.28302,,0.90476,0.96667,false,withheld by the app (hand / glare),-0.23140,-1.35192,-0.21415,-1.34410,1.36106,1.05510,-0.87636,0.42225,-0.08613,-0.41413,,-0.30419,0.79167,0.93333,false,withheld by the app (hand / glare),0.61365,-1.05834,0.62414,-1.04129,1.21401,1.06061,-0.60972,0.42251,0.23809,0.34964,,-0.30370,0.76389,0.88889,true,,0.42670,-0.95704,0.43785,-0.95002,1.04607,-0.10899,-1.04217,0.24379,0.18297,0.16091,,-0.16111,1.00000,1.00000,true,,0.48093,-1.13467,0.49643,-1.12997,1.23421,-0.74218,-0.98384,0.11028,0.04690,-0.09947,,-0.16598,0.97222,1.00000,true,,0.13065,-1.10877,0.14860,-1.11041,1.12031,-1.02555,0.44124,0.21221,0.00726,0.21113,,-0.18237,0.97222,1.00000,true,,0.14460,-1.48572,0.17010,-1.48560,1.49531,-0.86809,1.21437,0.51156,-0.15400,0.48713,,-0.17219,0.97222,1.00000,true,,0.33716,-1.11629,0.35634,-1.10556,1.16157,0.26615,1.13532,0.21253,-0.13423,0.16436,,-0.32890,1.00000,1.00000,true,,0.04660,-0.87312,0.06004,-0.86588,0.86796,0.73285,0.47692,0.23886,-0.16467,-0.17532,,-0.32585,0.90278,0.99444,1802,genuine_population,gen,bobs_126613LB_192948,126613LB,Bob's Watches,https://www.bobswatches.com/images/zUsed-Rolex-Submariner-126613-SKU192948.jpg
9e27f11fad35b384,images/9e/9e27f11fad35b384f18428b7b22c7688113f67f605271920287aab11ac9e5ebf.jpg,accepted,1412,2160,,true,431.99819,0.99686,0.18171,46,11,433.93127,true,10,-0.04063,-0.44030,0.44217,-0.03958,0.00323,true,,-0.75053,0.22684,-0.75308,0.21251,0.78249,-0.22684,-0.75053,0.89274,-0.52909,-0.72311,-0.41600,,1.00000,1.00000,-0.63683,-0.28917,-0.75281,true,,-0.72563,-0.49992,-0.72105,-0.51330,0.88510,-0.49992,0.72563,0.66633,0.07000,0.66005,-0.28303,,0.76190,1.00000,true,,0.02998,-0.43200,0.03743,-0.43202,0.43363,-0.02998,0.43200,0.05968,0.05342,-0.02611,0.05007,,1.00000,1.00000,true,,-0.06275,-0.53056,-0.05556,-0.52904,0.53195,0.42810,-0.31962,0.22385,0.21072,-0.07908,,-0.08983,0.97222,1.00000,true,,0.35215,-0.91029,0.36273,-0.90107,0.97134,0.76012,-0.61226,0.75222,0.72081,-0.22804,,-0.08301,0.97222,1.00000,true,,-0.06444,-0.40823,-0.05938,-0.40983,0.41411,-0.25992,-0.32132,0.14153,0.14029,0.01590,,-0.15572,0.94444,1.00000,true,,-0.41295,-0.74537,-0.40391,-0.75446,0.85577,-0.85199,-0.01506,0.34141,-0.30810,0.14408,,-0.10919,0.97222,1.00000,true,,-0.02929,-0.54075,-0.02081,-0.54389,0.54429,-0.45365,0.29574,0.04613,0.04324,0.01536,,-0.26540,0.88889,1.00000,true,,0.18918,-0.61617,0.20050,-0.61540,0.64724,-0.47192,0.43903,0.15462,-0.15310,0.01497,,-0.28298,0.98611,1.00000,true,,0.30920,0.08888,0.30846,0.09402,0.32247,-0.31221,0.07763,0.52614,-0.43292,-0.29943,,-0.19165,0.93056,1.00000,true,,0.05642,0.05021,0.05565,0.05101,0.07550,-0.07169,0.02375,0.37770,-0.33607,-0.17523,,-0.19035,0.91667,1.00000,1829,genuine_population,gen,bobs_126613LB_191447,126613LB,Bob's Watches,https://www.bobswatches.com/images/zUsed-Rolex-Submariner-126613-SKU191447.jpg
d7d1c0e651c1b7fc,images/d7/d7d1c0e651c1b7fca1e6765de71eb74014409d562b3ceb5d85d8bdf7927c3210.jpg,missing,,,,,,,,,,,,,,,,,,,,,,,,,,,,,,,,,,,,,,,,,,,,,,,,,,,,,,,,,,,,,,,,,,,,,,,,,,,,,,,,,,,,,,,,,,,,,,,,,,,,,,,,,,,,,,,,,,,,,,,,,,,,,,,,,,,,,,,,,,,,,,,,,,,,,,,,,,,,,,,,,,,,,,,,,,,,,,,,,,,,,,,,,,,,,,,,,,,,,,genuine_population,gen,bobs_126613_191949,126613,Bob's Watches,https://www.bobswatches.com/images/zUsed-Rolex-Submariner-126613-SKU191949.jpg
35e48d16c681d0bc,images/35/35e48d16c681d0bc9ba497d8c28fb75dd605ec8007b153be588003970bd9f478.jpg,accepted,1412,2160,,true,436.21324,0.99539,0.12373,46,11,438.56804,true,9,-0.16937,-0.97518,0.98978,0.04905,-0.07090,true,,-0.65556,-0.56244,-0.65094,-0.56531,0.86214,0.56244,-0.65556,0.58209,-0.58430,-0.04625,-0.76707,,0.95238,1.00000,-0.86713,-0.63272,-0.64358,true,,-0.05281,-0.39991,-0.05036,-0.40189,0.40503,-0.39991,0.05281,0.50474,0.41166,0.28920,0.22012,,0.85714,1.00000,true,,-0.15377,-0.60723,-0.14870,-0.60845,0.62636,0.15377,0.60723,0.19095,-0.18509,0.04436,0.85241,,1.00000,1.00000,true,,-0.21778,-1.58340,-0.20907,-1.57514,1.58895,1.26237,-0.98030,0.34364,0.33092,0.10073,,-0.17743,0.95833,1.00000,false,hand/occluder crosses outline (clean 0.66),,,,,,,,,,,,,0.61111,0.65556,false,withheld by the app (hand / glare),-0.12604,-1.46940,-0.11994,-1.47127,1.47615,-0.84386,-1.20952,0.38057,-0.37938,-0.01151,,-0.14252,0.93056,1.00000,true,,0.33186,-1.08794,0.33844,-1.08848,1.13988,-0.77625,-0.83137,0.05783,-0.01922,-0.05445,,-0.16570,0.81944,1.00000,true,,0.36225,-0.84028,0.37075,-0.84075,0.91886,-0.90883,0.10642,0.34144,-0.32738,-0.09150,,-0.26290,0.86111,1.00000,true,,-0.12681,-0.11479,-0.12635,-0.11615,0.17163,0.05242,0.16281,0.39167,0.21279,-0.32766,,-0.14519,0.94444,1.00000,true,,-0.57650,-0.99977,-0.56857,-1.00220,1.15225,0.99915,0.57757,0.32014,0.18467,0.26268,,-0.09021,0.97222,1.00000,true,,-0.70270,-0.62574,-0.69773,-0.62931,0.93961,0.89326,-0.29569,0.28406,-0.21378,-0.18950,,-0.16987,0.91667,1.00000,1896,genuine_population,gen,bobs_126610_191820,126610,Bob's Watches,https://www.bobswatches.com/images/zUsed-Rolex-Submariner-126610-SKU191820.jpg
b5aa10aabf2438a2,images/b5/b5aa10aabf2438a255091646c15f4bbeec3a64777a88f7e446a2310c2e6362a8.jpg,missing,,,,,,,,,,,,,,,,,,,,,,,,,,,,,,,,,,,,,,,,,,,,,,,,,,,,,,,,,,,,,,,,,,,,,,,,,,,,,,,,,,,,,,,,,,,,,,,,,,,,,,,,,,,,,,,,,,,,,,,,,,,,,,,,,,,,,,,,,,,,,,,,,,,,,,,,,,,,,,,,,,,,,,,,,,,,,,,,,,,,,,,,,,,,,,,,,,,,,,genuine_population,gen,bobs_126613LB_192740,126613LB,Bob's Watches,https://www.bobswatches.com/images/zUsed-Rolex-Submariner-126613-SKU192740.jpg
0e33d08900ae24cb,images/0e/0e33d08900ae24cbb7b029cb7a91cb2051800eace8d9986d6c38e3b56025411b.jpg,missing,,,,,,,,,,,,,,,,,,,,,,,,,,,,,,,,,,,,,,,,,,,,,,,,,,,,,,,,,,,,,,,,,,,,,,,,,,,,,,,,,,,,,,,,,,,,,,,,,,,,,,,,,,,,,,,,,,,,,,,,,,,,,,,,,,,,,,,,,,,,,,,,,,,,,,,,,,,,,,,,,,,,,,,,,,,,,,,,,,,,,,,,,,,,,,,,,,,,,,genuine_population,gen,bobs_126618_192760,126618,Bob's Watches,https://www.bobswatches.com/images/zUsed-Rolex-Submariner-126618-SKU192760.jpg
1c2ae7e11be08811,images/1c/1c2ae7e11be08811d5932166f92defce7c9f3dce54f31a322d49700904cdef67.jpg,missing,,,,,,,,,,,,,,,,,,,,,,,,,,,,,,,,,,,,,,,,,,,,,,,,,,,,,,,,,,,,,,,,,,,,,,,,,,,,,,,,,,,,,,,,,,,,,,,,,,,,,,,,,,,,,,,,,,,,,,,,,,,,,,,,,,,,,,,,,,,,,,,,,,,,,,,,,,,,,,,,,,,,,,,,,,,,,,,,,,,,,,,,,,,,,,,,,,,,,,genuine_population,gen,bobs_126613LN_192453,126613LN,Bob's Watches,https://www.bobswatches.com/images/zUsed-Rolex-Submariner-126613-SKU192453.jpg
497523ba2201d2bc,images/49/497523ba2201d2bcbe85248eccd5b2ed36c9e2d59f83f133c5f1ee4ab5176bae.jpg,accepted,1412,2160,,true,434.85420,0.99844,0.18860,45,11,437.38705,true,10,0.02438,-0.53242,0.53298,0.02532,0.06880,true,,-0.19450,0.59709,-0.19498,0.59450,0.62565,-0.59709,-0.19450,1.37024,-1.21820,-0.63814,-0.27231,,1.00000,1.00000,-0.32143,-0.11550,0.11591,true,,-0.82577,0.15568,-0.82818,0.15497,0.84256,0.15568,0.82577,0.75579,0.60420,0.45097,-0.30772,,0.76190,1.00000,true,,0.41145,-0.94848,0.41500,-0.94824,1.03507,-0.41145,0.94848,0.47352,-0.47163,0.01719,-0.03511,,1.00000,1.00000,true,,-0.03115,-0.65360,-0.03106,-0.65147,0.65221,0.55045,-0.35378,0.53550,-0.01285,-0.53549,,-0.00673,0.83333,1.00000,false,withheld by the app (hand / glare),0.32404,-0.56609,0.32335,-0.56364,0.64980,0.56367,-0.32823,0.35762,0.18657,-0.30626,,0.12933,0.94444,1.00000,true,,-0.08347,-0.44241,-0.08370,-0.44273,0.45057,-0.29350,-0.34140,0.32623,-0.13800,-0.29554,,0.07220,0.87500,0.98889,false,withheld by the app (hand / glare),-0.47511,0.21114,-0.47588,0.21086,0.52050,-0.05470,0.51703,0.48505,0.30448,0.37670,,0.09218,0.68056,0.87778,true,,-0.33030,-0.54561,-0.33064,-0.54771,0.63977,-0.30736,0.55885,0.13733,0.07572,-0.11407,,-0.10615,0.84722,1.00000,true,,-0.15040,-1.11970,-0.14854,-1.12248,1.13226,-0.42960,1.04489,0.28795,-0.23272,0.16827,,-0.23604,0.97222,1.00000,true,,0.33911,-0.95273,0.34201,-0.95094,1.01058,0.18269,0.99464,0.18009,-0.15303,0.09413,,-0.09524,0.94444,1.00000,true,,0.57779,-0.77878,0.57966,-0.77505,0.96784,0.38555,0.88977,0.23365,-0.15385,0.17546,,-0.11112,0.81944,1.00000,1819,genuine_population,gen,bobs_126619_188956,126619,Bob's Watches,https://www.bobswatches.com/images/zUsed-Rolex-Submariner-126619-SKU188956.jpg
e28a83cc8ea8e19f,images/e2/e28a83cc8ea8e19f2dc4825ffe5d164823a2f00603b1313165d4c47f1b1f28ed.jpg,accepted,1412,2160,,true,434.25812,0.99791,0.13069,46,11,437.61549,true,9,0.33668,-1.42208,1.46139,0.03417,-0.06601,true,,-0.75371,-0.69092,-0.74502,-0.69285,1.01740,0.69092,-0.75371,1.08233,-0.85991,-0.67280,-0.36845,,0.71429,1.00000,-0.62378,-0.05827,-0.17376,true,,0.42015,-1.26576,0.43475,-1.26481,1.33745,-1.26576,-0.42015,0.29059,0.05203,0.28462,0.18561,,0.76190,1.00000,true,,0.13309,-1.31170,0.15096,-1.30621,1.31490,-0.13309,1.31170,0.27292,0.07542,0.26314,-0.09006,,0.95238,0.96667,true,,-0.23344,-1.46994,-0.22076,-1.45752,1.47414,1.15629,-0.93713,0.37357,-0.36596,-0.09014,,-0.08939,0.93056,1.00000,false,hand/occluder crosses outline (clean 0.66),,,,,,,,,,,,,0.58333,0.65556,true,,0.59382,-1.82361,0.60718,-1.81507,1.91394,-0.39755,-1.87620,0.10532,-0.08245,-0.06541,,-0.08820,0.93056,1.00000,true,,0.80606,-1.47135,0.82081,-1.46542,1.67964,-0.87120,-1.43374,0.09079,0.08566,-0.02897,,-0.15327,0.95833,1.00000,false,withheld by the app (hand / glare),1.13716,-1.17511,1.15691,-1.16609,1.64262,-1.58626,-0.39725,0.52628,-0.30737,-0.42380,,-0.30468,0.81944,0.95556,true,,0.34863,-0.71167,0.35955,-0.70813,0.79418,-0.65775,0.44201,0.31263,0.21512,-0.22630,,-0.23530,0.98611,1.00000,true,,-0.31014,-0.98639,-0.29754,-0.98360,1.02762,0.76178,0.69917,0.35516,0.20334,-0.29117,,-0.02157,0.93056,1.00000,true,,0.37192,-1.75389,0.39206,-1.73257,1.77637,1.33295,1.19904,0.62569,0.13274,0.61472,,-0.12305,0.88889,1.00000,1757,genuine_population,gen,bobs_126610_192295,126610,Bob's Watches,https://www.bobswatches.com/images/zUsed-Rolex-Submariner-126610-SKU192295.jpg
90c8d01b1a4ccbcb,images/90/90c8d01b1a4ccbcb6667fb681c6ddfd13a25d55665d6b412673cc063bdbc816c.jpg,missing,,,,,,,,,,,,,,,,,,,,,,,,,,,,,,,,,,,,,,,,,,,,,,,,,,,,,,,,,,,,,,,,,,,,,,,,,,,,,,,,,,,,,,,,,,,,,,,,,,,,,,,,,,,,,,,,,,,,,,,,,,,,,,,,,,,,,,,,,,,,,,,,,,,,,,,,,,,,,,,,,,,,,,,,,,,,,,,,,,,,,,,,,,,,,,,,,,,,,,genuine_population,gen,bobs_126613LN_191951,126613LN,Bob's Watches,https://www.bobswatches.com/images/zUsed-Rolex-Submariner-126613-SKU191951.jpg
7ddb5e798cc6e12c,images/7d/7ddb5e798cc6e12c5b65f568bceb65da06e29888bb975c3d7cee78305168412c.jpg,missing,,,,,,,,,,,,,,,,,,,,,,,,,,,,,,,,,,,,,,,,,,,,,,,,,,,,,,,,,,,,,,,,,,,,,,,,,,,,,,,,,,,,,,,,,,,,,,,,,,,,,,,,,,,,,,,,,,,,,,,,,,,,,,,,,,,,,,,,,,,,,,,,,,,,,,,,,,,,,,,,,,,,,,,,,,,,,,,,,,,,,,,,,,,,,,,,,,,,,,genuine_population,gen,bobs_126610_192510,126610,Bob's Watches,https://www.bobswatches.com/images/zUsed-Rolex-Submariner-126610-SKU192510.jpg
47724958c2183bae,images/47/47724958c2183bae2fb73ba9aac7f1c29931c32ac6d75db286c6b9ebab0d68df.jpg,accepted,1412,2160,,true,434.23272,0.99701,0.19702,45,11,438.14577,true,10,0.32412,-0.75938,0.82565,0.15204,0.02832,false,withheld by the app (hand / glare),-0.32074,-0.04565,-0.31950,-0.04956,0.32332,0.04565,-0.32074,1.47838,-1.25326,-0.80903,-0.07603,,1.00000,0.96667,-0.27817,0.02730,-0.43074,true,,0.84780,-0.59652,0.85786,-0.58736,1.03967,-0.59652,-0.84780,0.77612,-0.33568,-0.69696,-0.11881,,0.95238,1.00000,true,,-0.37441,-1.27226,-0.35717,-1.27291,1.32207,0.37441,1.27226,0.38680,0.18395,0.34135,-0.21129,,1.00000,1.00000,true,,0.62965,-0.78669,0.63546,-0.77034,0.99862,0.99611,0.15195,0.37336,-0.36732,0.08602,,-0.08181,1.00000,1.00000,false,withheld by the app (hand / glare),1.18698,-0.90843,1.19211,-0.88551,1.48501,1.48217,-0.19323,0.31439,0.28391,0.13679,,0.08979,0.80556,0.98889,true,,0.66284,-0.07569,0.66423,-0.06727,0.66763,0.53620,-0.39697,0.26887,0.10447,0.24829,,-0.11705,0.93056,1.00000,true,,0.15419,0.17043,0.15299,0.17253,0.23059,0.22469,-0.04831,0.47157,0.18891,0.43176,,-0.06186,0.88889,1.00000,true,,-0.31940,-0.62568,-0.31276,-0.63084,0.70411,-0.38216,0.58945,0.32083,-0.10271,0.30300,,-0.04003,0.94444,1.00000,true,,0.42534,-0.50876,0.43416,-0.50334,0.66472,-0.62273,0.22793,0.68437,-0.50847,-0.45448,,-0.01231,0.98611,1.00000,true,,-0.28023,-1.58624,-0.25822,-1.57956,1.60053,1.03580,1.23361,0.44801,0.38354,0.23598,,-0.00648,0.98611,1.00000,true,,-0.45054,-1.13411,-0.43556,-1.12983,1.21087,1.20744,0.17687,0.67340,0.15923,-0.65558,,0.00080,0.98611,1.00000,1727,genuine_population,gen,bobs_126618LB_191553,126618LB,Bob's Watches,https://www.bobswatches.com/images/zUsed-Rolex-Submariner-126618-SKU191553.jpg
0e62df651a8d3087,images/0e/0e62df651a8d3087b7a726b6b7546666d35059c2a9e2b3aec23f1d928b8220f6.jpg,missing,,,,,,,,,,,,,,,,,,,,,,,,,,,,,,,,,,,,,,,,,,,,,,,,,,,,,,,,,,,,,,,,,,,,,,,,,,,,,,,,,,,,,,,,,,,,,,,,,,,,,,,,,,,,,,,,,,,,,,,,,,,,,,,,,,,,,,,,,,,,,,,,,,,,,,,,,,,,,,,,,,,,,,,,,,,,,,,,,,,,,,,,,,,,,,,,,,,,,,genuine_population,gen,bobs_126610_192114,126610,Bob's Watches,https://www.bobswatches.com/images/zUsed-Rolex-Submariner-126610-SKU192114.jpg
440888b1e01dad0e,images/44/440888b1e01dad0e5617a8b80e4df9de9820b639d71c3923723e2f742854a2a6.jpg,missing,,,,,,,,,,,,,,,,,,,,,,,,,,,,,,,,,,,,,,,,,,,,,,,,,,,,,,,,,,,,,,,,,,,,,,,,,,,,,,,,,,,,,,,,,,,,,,,,,,,,,,,,,,,,,,,,,,,,,,,,,,,,,,,,,,,,,,,,,,,,,,,,,,,,,,,,,,,,,,,,,,,,,,,,,,,,,,,,,,,,,,,,,,,,,,,,,,,,,,genuine_population,gen,bobs_126613LB_192135,126613LB,Bob's Watches,https://www.bobswatches.com/images/zUsed-Rolex-Submariner-126613-SKU192135.jpg
4c4ef9fb648ffffc,images/4c/4c4ef9fb648ffffc4b9a93c98438f3711723dee90288f1f1fb168c7cf3a9d5dc.jpg,missing,,,,,,,,,,,,,,,,,,,,,,,,,,,,,,,,,,,,,,,,,,,,,,,,,,,,,,,,,,,,,,,,,,,,,,,,,,,,,,,,,,,,,,,,,,,,,,,,,,,,,,,,,,,,,,,,,,,,,,,,,,,,,,,,,,,,,,,,,,,,,,,,,,,,,,,,,,,,,,,,,,,,,,,,,,,,,,,,,,,,,,,,,,,,,,,,,,,,,,genuine_population,gen,bobs_126613_191296,126613,Bob's Watches,https://www.bobswatches.com/images/z191296-Used-Rolex-Submariner-126613-SKU191296.jpg
eb2f178e74918b6d,images/eb/eb2f178e74918b6d1a47e5cbd59ab5c6d494ae79b837c6c2a7829ffe4b8a8467.jpg,missing,,,,,,,,,,,,,,,,,,,,,,,,,,,,,,,,,,,,,,,,,,,,,,,,,,,,,,,,,,,,,,,,,,,,,,,,,,,,,,,,,,,,,,,,,,,,,,,,,,,,,,,,,,,,,,,,,,,,,,,,,,,,,,,,,,,,,,,,,,,,,,,,,,,,,,,,,,,,,,,,,,,,,,,,,,,,,,,,,,,,,,,,,,,,,,,,,,,,,,genuine_population,gen,bobs_126613LB_191566,126613LB,Bob's Watches,https://www.bobswatches.com/images/zUsed-Rolex-Submariner-126613-SKU191566.jpg
77f5b6f3ff25b1de,images/77/77f5b6f3ff25b1de6c9292aac37cf8690107e2ebda115c03aea47cd1c03eb3df.jpg,accepted,1412,2160,,true,436.99379,0.99117,0.16585,44,11,438.66392,true,10,-0.01130,-1.16468,1.16473,0.00600,0.06942,true,,-0.37765,-0.62130,-0.37176,-0.62031,0.72318,0.62130,-0.37765,0.96110,-0.56667,-0.78151,-0.29456,,0.95238,1.00000,-0.44558,-0.11210,-0.18185,true,,-0.46530,-1.56494,-0.45376,-1.57344,1.63756,-1.56494,0.46530,0.42126,-0.41801,0.04100,-0.25457,,1.00000,1.00000,true,,0.25767,-0.94883,0.26814,-0.94490,0.98221,-0.25767,0.94883,0.68827,-0.29853,-0.62152,-0.08779,,1.00000,1.00000,true,,0.72653,-1.12029,0.73256,-1.10586,1.32649,1.33346,0.06905,0.39096,0.31188,0.23818,,-0.09621,0.97222,1.00000,false,withheld by the app (hand / glare),0.52715,-0.94513,0.53188,-0.93552,1.07615,0.92909,-0.55493,0.34277,0.34227,0.03369,,-0.09155,0.80556,0.97222,true,,-0.45879,-0.72008,-0.45503,-0.72426,0.85534,-0.75737,-0.39421,0.24817,-0.17726,0.17354,,-0.05874,0.88889,1.00000,false,withheld by the app (hand / glare),-0.84397,-0.80442,-0.84041,-0.81355,1.16968,-1.11863,0.32869,0.47772,-0.11904,0.46169,,-0.17201,0.91667,1.00000,true,,-0.33990,-1.52064,-0.32641,-1.52771,1.56219,-1.14696,1.05468,0.17006,-0.16824,0.02075,,-0.14251,0.93056,1.00000,true,,-0.23572,-1.31474,-0.22245,-1.31801,1.33665,-0.45323,1.25646,0.21703,0.09073,-0.19696,,-0.19209,0.95833,1.00000,true,,0.04352,-1.43924,0.05861,-1.43251,1.43371,0.68193,1.26818,0.17442,0.05897,-0.16437,,-0.10733,0.91667,1.00000,true,,0.15673,-1.67436,0.17241,-1.66206,1.67098,1.37167,0.97291,0.32854,0.32923,-0.02488,,-0.18341,0.95833,1.00000,1894,genuine_population,gen,bobs_126613LN_185571,126613LN,Bob's Watches,https://www.bobswatches.com/images/zUsed-Rolex-Submariner-126613-SKU185571.jpg
6154fc640f795f3d,images/61/6154fc640f795f3d677564883c3fd624bf8575900fbbbba1d557cfc260116d62.jpg,missing,,,,,,,,,,,,,,,,,,,,,,,,,,,,,,,,,,,,,,,,,,,,,,,,,,,,,,,,,,,,,,,,,,,,,,,,,,,,,,,,,,,,,,,,,,,,,,,,,,,,,,,,,,,,,,,,,,,,,,,,,,,,,,,,,,,,,,,,,,,,,,,,,,,,,,,,,,,,,,,,,,,,,,,,,,,,,,,,,,,,,,,,,,,,,,,,,,,,,,genuine_population,gen,bobs_126610_191517,126610,Bob's Watches,https://www.bobswatches.com/images/zUsed-Rolex-Submariner-126610-SKU191517.jpg
63bae258faf1b8be,images/63/63bae258faf1b8be1329c7efaaeb3050ce2e3e0fb92ac30ecf31b6e8b91a4212.jpg,accepted,1412,2160,,true,437.09530,0.99143,0.21498,43,11,438.54762,true,9,0.52470,-1.22572,1.33331,0.05010,0.03454,true,,-0.05567,-1.20286,-0.04505,-1.19606,1.19690,1.20286,-0.05567,0.80480,-0.20550,-0.78003,-0.99736,,1.00000,1.00000,-1.08098,-0.82382,-0.67390,true,,-0.17741,-1.28476,-0.16671,-1.29148,1.30220,-1.28476,0.17741,0.53883,-0.21874,0.48986,-0.32920,,1.00000,1.00000,true,,0.10371,-1.50984,0.12114,-1.50868,1.51354,-0.10371,1.50984,0.25523,0.24264,0.07640,-0.14237,,1.00000,1.00000,true,,0.74581,-1.54729,0.75581,-1.52862,1.70527,1.71290,-0.12775,0.26922,0.20997,-0.17079,,-0.08402,0.79167,1.00000,false,hand/occluder crosses outline (clean 0.60),,,,,,,,,,,,,0.66667,0.60000,true,,0.90966,-0.87257,0.91597,-0.86343,1.25877,0.35151,-1.21050,0.35997,0.34479,-0.10138,,-0.10202,0.93056,1.00000,true,,0.52717,-0.76692,0.53426,-0.76380,0.93211,-0.40059,-0.84000,0.23272,0.23174,0.00570,,-0.16478,0.86111,1.00000,true,,0.16062,-1.28283,0.17448,-1.28641,1.29819,-1.19127,0.50231,0.12455,-0.04583,0.11522,,-0.08469,0.91667,0.98889,true,,0.57519,-1.40960,0.59367,-1.40711,1.52722,-1.20293,0.93315,0.33574,-0.32091,-0.09298,,-0.09169,0.97222,1.00000,true,,0.64918,-1.37219,0.66579,-1.36083,1.51497,0.12388,1.51294,0.22859,-0.22689,-0.02630,,-0.01219,1.00000,1.00000,false,withheld by the app (hand / glare),0.49431,-1.17988,0.50638,-1.16790,1.27295,0.77464,1.01803,0.33412,-0.21517,-0.25780,,-0.02028,0.88889,0.81111,1769,genuine_population,gen,bobs_126610LN_191814,126610LN,Bob's Watches,https://www.bobswatches.com/images/zUsed-Rolex-Submariner-126610-SKU191814.jpg
400159e9b844c02b,images/40/400159e9b844c02b478f801423747f952291f6a21102b016a23149f5ae1ee202.jpg,accepted,1412,2160,,true,435.31395,0.99549,0.15760,46,11,438.55854,true,9,0.13307,-1.57373,1.57935,0.04310,0.03105,true,,0.10527,-0.65655,0.10761,-0.64850,0.65737,0.65655,0.10527,1.08326,-1.07511,-0.21123,-0.24945,,1.00000,1.00000,-0.43860,-0.12371,-0.47694,true,,-0.00788,-1.46502,-0.00193,-1.46972,1.46972,-1.46502,0.00788,0.05402,-0.02792,-0.04600,0.14436,,0.95238,1.00000,true,,-0.12751,-1.67395,-0.11507,-1.66922,1.67318,0.12751,1.67395,0.14091,0.11056,-0.08707,0.39179,,1.00000,0.96667,true,,0.72789,-1.71930,0.72929,-1.69637,1.84650,1.85291,-0.22928,0.36957,0.26700,0.25805,,0.12847,0.98611,1.00000,false,outline coverage 0.67; 6/8 octants,,,,,,,,,,,,,0.66667,0.82778,true,,-0.16739,-1.70839,-0.16632,-1.70798,1.71606,-0.99916,-1.39582,0.49889,-0.47225,-0.15709,,0.07350,0.94444,1.00000,true,,-0.00264,-1.45956,0.00052,-1.46295,1.46295,-1.26534,-0.72749,0.11587,-0.11357,-0.02098,,-0.00199,0.91667,1.00000,true,,-0.36003,-1.19768,-0.35461,-1.20305,1.25423,-0.85720,0.91063,0.42448,0.42111,0.03654,,-0.08116,0.83333,1.00000,true,,-0.01524,-1.54938,-0.00387,-1.55024,1.55025,-0.76149,1.34942,0.15041,-0.01540,-0.14952,,-0.09607,0.98611,1.00000,true,,0.11048,-1.80521,0.12373,-1.79182,1.79609,0.80693,1.61860,0.02831,-0.02758,-0.00689,,0.06449,0.98611,1.00000,true,,0.42741,-1.77437,0.43720,-1.75392,1.80758,1.32295,1.25733,0.21297,-0.13641,0.16406,,0.05096,0.95833,1.00000,1807,genuine_population,gen,bobs_126618_191239,126618,Bob's Watches,https://www.bobswatches.com/images/zUsed-Rolex-Submariner-126618-SKU191239.jpg
e2e12edf8075d7eb,images/e2/e2e12edf8075d7eba7700e5f6a4d5b4facddbfd1d602c089916fd4d617f7bb0a.jpg,accepted,1412,2160,,true,435.90027,0.99810,0.12517,45,11,438.75824,true,10,0.15018,-0.74345,0.75846,0.00572,-0.07556,true,,-0.77707,-0.21345,-0.77437,-0.22082,0.80524,0.21345,-0.77707,0.71400,-0.55235,-0.45834,-1.09455,,1.00000,1.00000,-1.26600,-0.92285,-1.09365,true,,-0.08161,-1.13951,-0.07223,-1.14413,1.14641,-1.13951,0.08161,0.78532,-0.41280,0.66455,-0.49533,,0.66667,1.00000,true,,0.26112,-0.00917,0.26205,-0.00652,0.26213,-0.26112,0.00917,0.32723,-0.13646,-0.29734,-0.47022,,0.95238,1.00000,true,,-0.27305,-1.03910,-0.26505,-1.03602,1.06939,0.76336,-0.75602,0.04448,0.02526,-0.03681,,-0.09403,1.00000,1.00000,true,,0.16742,-1.38821,0.17589,-1.38026,1.39142,0.83909,-1.11852,0.32803,0.32136,-0.07375,,-0.03739,0.72222,0.96667,true,,0.44101,-1.17885,0.44878,-1.17510,1.25788,-0.20750,-1.24142,0.05673,0.02052,-0.05295,,-0.10356,0.94444,1.00000,false,withheld by the app (hand / glare),0.59148,-1.10033,0.60082,-1.09769,1.25136,-0.65717,-1.06240,0.14038,-0.10359,-0.09429,,-0.17161,0.91667,0.84444,true,,0.62808,-0.28166,0.63358,-0.27687,0.69143,-0.55796,-0.40310,0.22903,0.13932,-0.18075,,-0.18542,0.94444,1.00000,true,,0.17548,-0.04710,0.17672,-0.04551,0.18249,-0.17552,-0.04695,0.33786,0.30140,-0.15016,,-0.20072,0.95833,1.00000,true,,-0.13187,-0.29858,-0.12897,-0.29918,0.32579,0.26350,0.19264,0.05443,-0.00534,-0.05427,,-0.14190,0.91667,1.00000,true,,0.07916,-0.51675,0.08415,-0.51338,0.52023,0.40794,0.32692,0.35364,-0.18646,0.30038,,-0.20633,0.98611,1.00000,1802,genuine_population,gen,bobs_126613LN_191741,126613LN,Bob's Watches,https://www.bobswatches.com/images/zUsed-Rolex-Submariner-126613-SKU191741.jpg
d4f5f6695f34f179,images/d4/d4f5f6695f34f179eb58deaa5ccbf7d1d9bbf36e9b05578f017cca3fd6beaaaf.jpg,missing,,,,,,,,,,,,,,,,,,,,,,,,,,,,,,,,,,,,,,,,,,,,,,,,,,,,,,,,,,,,,,,,,,,,,,,,,,,,,,,,,,,,,,,,,,,,,,,,,,,,,,,,,,,,,,,,,,,,,,,,,,,,,,,,,,,,,,,,,,,,,,,,,,,,,,,,,,,,,,,,,,,,,,,,,,,,,,,,,,,,,,,,,,,,,,,,,,,,,,genuine_population,gen,bobs_126610LV_189794,126610LV,Bob's Watches,https://www.bobswatches.com/images/zUsed-Master-Oyster-Starbucks-Rolex-Submariner-126610-SKU189794.jpg
f9118bceec28044d,images/f9/f9118bceec28044d0c53e7dcb6859520cfb335fa90d2fc2645bd34a0782873d7.jpg,missing,,,,,,,,,,,,,,,,,,,,,,,,,,,,,,,,,,,,,,,,,,,,,,,,,,,,,,,,,,,,,,,,,,,,,,,,,,,,,,,,,,,,,,,,,,,,,,,,,,,,,,,,,,,,,,,,,,,,,,,,,,,,,,,,,,,,,,,,,,,,,,,,,,,,,,,,,,,,,,,,,,,,,,,,,,,,,,,,,,,,,,,,,,,,,,,,,,,,,,genuine_population,gen,bobs_126610LV_188951,126610LV,Bob's Watches,https://www.bobswatches.com/images/zUsed-Rolex-Submariner-126610LV-SKU188951.jpg
027b4b1cd1e3ebbe,images/02/027b4b1cd1e3ebbe7b62b89dc39a4a9af2c4de548ea38fea1db1abbac3804613.jpg,accepted,1412,2160,,true,436.13390,0.99796,0.15964,43,11,439.37578,true,9,0.07610,-0.98840,0.99132,-0.00025,0.06328,true,,-0.97430,0.22865,-0.97351,0.22186,0.99847,-0.22865,-0.97430,1.87341,-1.21895,-1.43442,0.21769,,0.95238,0.96667,0.17552,0.37597,0.63640,true,,-0.91556,-1.39867,-0.91310,-1.40554,1.67610,-1.39867,0.91556,0.74323,-0.40667,0.61946,0.68628,,0.61905,1.00000,true,,0.16657,-1.01580,0.17315,-1.01312,1.02781,-0.16657,1.01580,0.35554,-0.09346,-0.34376,0.29946,,0.95238,1.00000,true,,0.48976,-0.58134,0.49022,-0.57467,0.75536,0.74834,0.13348,0.22359,-0.14529,0.17163,,0.01932,0.90278,1.00000,false,hand/occluder crosses outline (clean 0.73),,,,,,,,,,,,,0.62500,0.72778,true,,0.07578,-0.84201,0.07721,-0.84128,0.84481,-0.35537,-0.76709,0.27839,0.07850,-0.26741,,-0.02356,0.91667,1.00000,true,,-0.37035,-0.82925,-0.36910,-0.83210,0.91029,-0.90333,-0.09389,0.10639,-0.08020,0.06945,,-0.04109,0.84722,0.99444,true,,0.05299,-0.76406,0.05706,-0.76555,0.76768,-0.68819,0.33614,0.53478,0.20722,-0.49168,,-0.15217,0.84722,0.99444,true,,-0.01558,-1.10406,-0.00900,-1.10480,1.10484,-0.53854,0.96393,0.25409,0.02053,-0.25314,,-0.11924,0.97222,1.00000,true,,0.07582,-1.94962,0.08751,-1.94059,1.94256,0.90915,1.72633,0.64419,0.47706,0.43698,,-0.03831,0.95833,1.00000,false,withheld by the app (hand / glare),0.52690,-1.14731,0.53227,-1.13713,1.25554,0.73015,1.02996,0.11915,-0.09119,0.07695,,-0.06294,0.91667,1.00000,1807,genuine_population,gen,bobs_126610LV_191583,126610LV,Bob's Watches,https://www.bobswatches.com/images/zUsed-Rolex-Submariner-126610-SKU191583.jpg
7e13df720c8a72b4,images/7e/7e13df720c8a72b48abd26f30e82078b56ba6fb68731b8c0554cb74be05b5699.jpg,accepted,1412,2160,,true,431.71876,0.99902,0.19320,45,11,434.64440,true,10,-0.00459,-1.04216,1.04217,0.03935,-0.08985,true,,-1.04441,-0.30285,-1.03923,-0.31291,1.08532,0.30285,-1.04441,0.99607,-0.87835,-0.48431,-0.19377,,1.00000,1.00000,-0.31816,-0.10958,-0.33865,true,,0.50838,-1.23163,0.52286,-1.22942,1.33598,-1.23163,-0.50838,0.31786,-0.31694,-0.00641,0.37515,,0.80952,1.00000,true,,-0.25296,-0.64925,-0.24505,-0.65089,0.69549,0.25296,0.64925,0.16267,0.10772,0.12211,-0.11485,,1.00000,0.96667,true,,-0.08982,-1.58046,-0.07544,-1.56985,1.57166,1.32381,-0.86802,0.36211,0.28779,0.22211,,-0.06099,1.00000,1.00000,false,withheld by the app (hand / glare),-0.38039,-1.96015,-0.36405,-1.95350,1.98714,0.65065,-1.88773,0.41962,0.00258,-0.42093,,-0.00726,0.80556,0.97222,true,,0.34069,-1.03990,0.34938,-1.03592,1.09325,-0.22491,-1.07093,0.41716,0.17154,0.38047,,-0.02125,1.00000,1.00000,false,withheld by the app (hand / glare),0.50994,-1.23278,0.52234,-1.22972,1.33606,-0.81265,-1.05801,0.04001,-0.03952,0.00543,,-0.07605,0.98611,0.99444,true,,0.23467,-0.73618,0.24421,-0.73554,0.77503,-0.75489,0.16486,0.18436,0.00283,0.18378,,-0.07354,1.00000,1.00000,true,,0.27633,-0.11953,0.27872,-0.11658,0.30212,-0.29907,-0.03465,0.39896,0.07069,-0.39241,,-0.04728,1.00000,1.00000,true,,-0.36230,-0.66848,-0.35397,-0.66960,0.75740,0.64801,0.39777,0.06151,-0.02675,0.05543,,-0.02365,1.00000,1.00000,true,,-0.55109,-0.57959,-0.54375,-0.58215,0.79659,0.77748,-0.18746,0.30643,-0.27396,-0.14185,,-0.07925,1.00000,1.00000,1829,genuine_population,gen,bobs_126618_190792,126618,Bob's Watches,https://www.bobswatches.com/images/zUsed-Rolex-Submariner-126618-SKU190792.jpg
f2d2b0cbd601c864,images/f2/f2d2b0cbd601c864f149c40a2c530f7a15e73da7107a958c484e83e353489b21.jpg,missing,,,,,,,,,,,,,,,,,,,,,,,,,,,,,,,,,,,,,,,,,,,,,,,,,,,,,,,,,,,,,,,,,,,,,,,,,,,,,,,,,,,,,,,,,,,,,,,,,,,,,,,,,,,,,,,,,,,,,,,,,,,,,,,,,,,,,,,,,,,,,,,,,,,,,,,,,,,,,,,,,,,,,,,,,,,,,,,,,,,,,,,,,,,,,,,,,,,,,,genuine_population,gen,bobs_126618_190792,126618,Bob's Watches,https://www.bobswatches.com/images/zUsed-Rolex-Submariner-126618-190792w.jpg
2affaf42fac18dc6,images/2a/2affaf42fac18dc6dd80014a8f4efdf25877d6a5c2af2359f4a9c0782b1d5837.jpg,missing,,,,,,,,,,,,,,,,,,,,,,,,,,,,,,,,,,,,,,,,,,,,,,,,,,,,,,,,,,,,,,,,,,,,,,,,,,,,,,,,,,,,,,,,,,,,,,,,,,,,,,,,,,,,,,,,,,,,,,,,,,,,,,,,,,,,,,,,,,,,,,,,,,,,,,,,,,,,,,,,,,,,,,,,,,,,,,,,,,,,,,,,,,,,,,,,,,,,,,genuine_population,gen,bobs_126610LV_190163,126610LV,Bob's Watches,https://www.bobswatches.com/images/zUsed-Rolex-Submariner-126610LV-SKU190163.jpg
a64a6c183f6329db,images/a6/a64a6c183f6329dbe869e4a54ff8bcfbf95cac2f84449d23f7b9ee40732995a5.jpg,accepted,1412,2160,,true,434.62532,0.99937,0.16342,45,11,437.99004,true,9,0.32251,-0.38192,0.49987,0.02462,-0.03320,true,,-0.06658,0.73818,-0.07868,0.73303,0.73724,-0.73818,-0.06658,1.21881,-1.21211,-0.17955,-0.87431,,0.95238,1.00000,-1.04272,-0.74498,-1.01465,true,,0.19868,-0.23397,0.20317,-0.23145,0.30798,-0.23397,-0.19868,0.31904,0.07191,0.30980,-0.17742,,0.61905,1.00000,true,,0.59997,0.00919,0.60122,0.01963,0.60154,-0.59997,-0.00919,0.41973,-0.36603,-0.20427,0.66445,,0.95238,0.93333,true,,0.40673,-0.76663,0.41773,-0.75532,0.86313,0.86729,-0.03107,0.30011,0.28584,0.09580,,0.10592,0.93056,0.99444,false,outline coverage 0.67; 6/8 octants,,,,,,,,,,,,,0.66667,0.94444,true,,0.82710,-0.54381,0.83554,-0.53018,0.98955,0.44438,-0.88450,0.33291,0.27701,-0.18429,,0.00435,0.94444,1.00000,true,,0.03119,-0.50519,0.03909,-0.50602,0.50753,-0.42191,-0.27961,0.51651,-0.33176,0.39427,,0.07768,1.00000,1.00000,true,,0.54655,-0.29970,0.55388,-0.29161,0.62596,-0.53283,-0.32348,0.13281,-0.12687,-0.03735,,-0.02661,0.88889,1.00000,true,,0.41217,-0.08037,0.41507,-0.07353,0.42153,-0.39714,-0.13648,0.10950,-0.01751,-0.10787,,-0.01275,0.97222,1.00000,false,withheld by the app (hand / glare),0.02112,-0.12889,0.02353,-0.12819,0.13033,0.04616,0.12218,0.16931,0.03804,-0.16502,,0.09125,0.79167,0.94444,true,,-0.06315,-0.44310,-0.05530,-0.44228,0.44572,0.41531,0.16686,0.17658,0.14967,-0.09401,,0.03510,0.97222,1.00000,1752,genuine_population,gen,bobs_126618_190213,126618,Bob's Watches,https://www.bobswatches.com/images/zUsed-Black-Dial-Rolex-Submariner-126618-SKU190213.jpg
6b235a715da06412,images/6b/6b235a715da06412116331e4947f99e9bd3ab291bdbf832955aaec549f543f93.jpg,missing,,,,,,,,,,,,,,,,,,,,,,,,,,,,,,,,,,,,,,,,,,,,,,,,,,,,,,,,,,,,,,,,,,,,,,,,,,,,,,,,,,,,,,,,,,,,,,,,,,,,,,,,,,,,,,,,,,,,,,,,,,,,,,,,,,,,,,,,,,,,,,,,,,,,,,,,,,,,,,,,,,,,,,,,,,,,,,,,,,,,,,,,,,,,,,,,,,,,,,genuine_population,gen,bobs_126613LB_191213,126613LB,Bob's Watches,https://www.bobswatches.com/images/zUsed-Rolex-Submariner-126613-SKU191213.jpg
0114716639829db3,images/01/0114716639829db316273d2089e0f652bda93e36874ec804a01aa8351a7644de.jpg,missing,,,,,,,,,,,,,,,,,,,,,,,,,,,,,,,,,,,,,,,,,,,,,,,,,,,,,,,,,,,,,,,,,,,,,,,,,,,,,,,,,,,,,,,,,,,,,,,,,,,,,,,,,,,,,,,,,,,,,,,,,,,,,,,,,,,,,,,,,,,,,,,,,,,,,,,,,,,,,,,,,,,,,,,,,,,,,,,,,,,,,,,,,,,,,,,,,,,,,,genuine_population,gen,bobs_126610_191335,126610,Bob's Watches,https://www.bobswatches.com/images/zUsed-Rolex-Submariner-126610-SKU191335.jpg
abe396ed3f60120a,images/ab/abe396ed3f60120a745af6c7f3083bb320caa12496fe0f46da64c57ee6ed43ba.jpg,accepted,1412,2160,,true,432.38305,0.99878,0.19368,41,11,434.96311,true,9,0.13945,-0.95230,0.96245,0.05877,-0.06634,true,,-1.04357,-0.02561,-1.04272,-0.02666,1.04306,0.02561,-1.04357,1.36937,-1.13108,-0.78095,0.12085,,1.00000,1.00000,-0.08514,0.28731,-0.02063,true,,0.65787,-1.39961,0.65896,-1.40505,1.55190,-1.39961,-0.65787,0.65778,-0.64124,-0.13568,-0.09227,,1.00000,1.00000,true,,0.11034,-0.52639,0.11130,-0.52676,0.53839,-0.11034,0.52639,0.17062,-0.16451,-0.04370,0.01783,,1.00000,1.00000,true,,-0.04840,-1.28233,-0.05035,-1.27733,1.27832,1.08633,-0.68308,0.08328,-0.01638,0.08176,,-0.16449,0.87500,1.00000,false,outline coverage 0.60; 6/8 octants,,,,,,,,,,,,,0.59722,0.98333,true,,0.67856,-0.81193,0.67704,-0.81299,1.05798,0.18168,-1.04243,0.42120,0.32879,0.26208,,0.03671,0.79167,1.00000,false,withheld by the app (hand / glare),0.45975,-0.98157,0.45906,-0.98466,1.08641,-0.62019,-0.88894,0.13932,-0.07328,0.11817,,-0.16116,0.81944,1.00000,true,,0.66842,-0.67413,0.67116,-0.67705,0.95334,-0.91802,-0.24180,0.29866,-0.23125,-0.18711,,-0.25397,0.79167,1.00000,false,withheld by the app (hand / glare),-0.18162,-0.23543,-0.18202,-0.23602,0.29805,0.03957,0.29469,0.43359,0.42894,-0.05041,,-0.23569,0.83333,0.93333,true,,-0.75940,-0.76768,-0.75981,-0.76722,1.07979,1.04151,0.28513,0.51933,0.47846,-0.19985,,-0.26027,0.91667,1.00000,true,,-0.11363,-0.85740,-0.11333,-0.85490,0.86238,0.79935,0.33030,0.21706,-0.16350,0.14273,,-0.24056,0.93056,1.00000,1872,genuine_population,gen,bobs_126610LN_191458,126610LN,Bob's Watches,https://www.bobswatches.com/images/zUsed-Rolex-Submariner-126610-SKU191458.jpg
b447c3784b867c82,images/b4/b447c3784b867c825252b2083fd46530d189f0bff0d2328c4d0d16939caf0fa9.jpg,accepted,1412,2160,,true,432.46849,0.99655,0.18800,44,11,434.73192,true,8,-0.29177,-0.42603,0.51636,-0.11042,-0.06930,true,,-0.51456,0.40530,-0.51635,0.39840,0.65218,-0.40530,-0.51456,0.48642,-0.44570,0.19983,-0.93730,,1.00000,1.00000,-1.18875,-0.84433,-1.50516,true,,-0.41814,-1.16129,-0.41215,-1.16884,1.23938,-1.16129,0.41814,0.64497,-0.37285,0.52313,-0.70654,,0.71429,1.00000,false,hand/occluder crosses outline (clean 0.00),,,,,,,,,,,,,0.71429,0.00000,true,,-0.51539,-0.89663,-0.50981,-0.89604,1.03092,0.51881,-0.89466,0.68488,0.68923,-0.00007,,-0.06668,0.94444,1.00000,false,hand/occluder crosses outline (clean 0.61),,,,,,,,,,,,,0.65278,0.60556,true,,-0.62413,-0.86930,-0.62103,-0.87487,1.07288,-0.97516,-0.44077,0.23820,-0.11782,0.20719,,-0.24341,0.95833,1.00000,true,,0.23122,-1.02971,0.23701,-1.03126,1.05814,-0.77615,-0.71510,0.35498,0.12873,-0.33002,,-0.17194,0.98611,1.00000,true,,0.07613,-0.61541,0.08115,-0.61730,0.62261,-0.57103,0.24178,0.20748,0.03969,0.20282,,-0.18909,0.93056,1.00000,true,,0.28065,0.14925,0.28042,0.15174,0.31884,-0.16842,-0.26958,0.39967,0.17941,-0.35608,,-0.14194,1.00000,1.00000,true,,-0.06332,0.32259,-0.06615,0.32118,0.32793,-0.10645,-0.31103,0.20952,-0.18266,-0.10336,,-0.13894,1.00000,1.00000,true,,-0.36904,0.51901,-0.37285,0.51327,0.63440,-0.26495,-0.57910,0.40185,-0.38870,-0.10856,,-0.07869,0.97222,1.00000,1851,genuine_population,gen,bobs_126610_189357,126610,Bob's Watches,https://www.bobswatches.com/images/zUsed-Rolex-Submariner-126610-SKU189357.jpg
1edb8620f27c7ab2,images/1e/1edb8620f27c7ab2c6039d1949810c29187e14d0b478ea84703be2573aa46c06.jpg,accepted,1412,2160,,true,436.44400,0.99330,0.18093,45,11,438.26148,true,10,-0.08836,-0.59910,0.60558,0.06438,0.07799,true,,-0.39013,-0.19448,-0.38751,-0.19742,0.43491,0.19448,-0.39013,0.99244,-0.63069,-0.77261,-0.06164,,0.95238,1.00000,-0.23168,0.13742,0.04228,true,,-0.63773,0.32770,-0.64333,0.32215,0.71949,0.32770,0.63773,0.72080,0.71320,0.09057,0.23314,,0.52381,1.00000,true,,-0.65696,-1.08424,-0.64495,-1.08927,1.26588,0.65696,1.08424,0.35077,0.34848,0.03169,0.30025,,1.00000,1.00000,true,,0.29490,-0.40840,0.29775,-0.40183,0.50012,0.50114,0.05119,0.20609,-0.20062,-0.05270,,-0.06950,0.91667,1.00000,false,withheld by the app (hand / glare),0.47794,-0.59599,0.48159,-0.58701,0.75929,0.71191,-0.27717,0.32678,0.26417,-0.19607,,-0.10895,0.73611,0.97222,false,withheld by the app (hand / glare),-0.49251,-0.25569,-0.49100,-0.26062,0.55588,-0.55437,0.02482,0.40329,-0.40243,0.01163,,-0.17385,0.84722,0.95556,true,,-0.69798,-0.17076,-0.69827,-0.17806,0.72062,-0.49687,0.51909,0.29917,-0.15995,0.25189,,-0.17251,0.94444,1.00000,true,,-0.29654,-0.67553,-0.29004,-0.68023,0.73948,-0.43675,0.59458,0.33590,-0.19412,-0.27231,,-0.22716,0.88889,1.00000,true,,-0.12404,-0.83563,-0.11408,-0.83759,0.84533,-0.31039,0.78569,0.41905,-0.32177,-0.26618,,-0.21975,1.00000,1.00000,true,,0.21158,-1.16630,0.22629,-1.15844,1.18034,0.39991,1.11584,0.26419,-0.21115,0.15826,,-0.05998,0.98611,1.00000,true,,0.31135,-1.37066,0.32677,-1.35747,1.39624,1.03135,0.95497,0.34214,0.23531,0.25141,,-0.11194,0.95833,1.00000,1811,genuine_population,gen,bobs_126610LN_191104,126610LN,Bob's Watches,https://www.bobswatches.com/images/zUsed-Rolex-Submariner-126610-SKU191104.jpg
eb4bc1c87924cc85,images/eb/eb4bc1c87924cc85e7f62cc757a3279b25c08e9fa007421596ac97d5806ceea4.jpg,accepted,1412,2160,,true,434.38406,0.99800,0.14603,43,11,437.64686,true,9,-0.06905,-0.40286,0.40873,0.04203,0.02004,true,,-0.64167,-0.74422,-0.63368,-0.74667,0.97932,0.74422,-0.64167,0.71713,0.19421,-0.69107,-0.27519,,0.95238,1.00000,-0.40671,-0.11089,-0.15748,true,,-0.35128,-0.22055,-0.35023,-0.22441,0.41595,-0.22055,0.35128,0.16826,0.04285,0.16216,-0.44091,,0.57143,1.00000,true,,-0.55207,-0.87036,-0.54326,-0.87497,1.02991,0.55207,0.87036,0.48846,0.33952,0.35114,-0.48624,,1.00000,1.00000,true,,0.23291,-0.42180,0.23616,-0.41633,0.47865,0.48174,-0.00919,0.13220,0.01954,0.13094,,-0.12805,0.91667,1.00000,false,hand/occluder crosses outline (clean 0.74),,,,,,,,,,,,,0.65278,0.74444,true,,0.04539,-0.03172,0.04567,-0.03123,0.05533,0.02345,-0.05017,0.19536,0.13847,0.13786,,-0.07730,0.94444,1.00000,true,,-0.23105,-0.33081,-0.22864,-0.33345,0.40430,-0.40201,0.03469,0.17348,-0.16616,0.04851,,-0.04638,0.97222,1.00000,true,,0.16438,-0.27363,0.16803,-0.27254,0.32018,-0.31916,-0.00554,0.42616,-0.15623,-0.39474,,-0.04711,0.93056,1.00000,true,,-0.01106,-0.51322,-0.00506,-0.51367,0.51370,-0.24703,0.44999,0.26627,-0.25831,-0.06004,,-0.11468,0.98611,1.00000,true,,-0.25855,-0.33879,-0.25499,-0.34040,0.42531,0.39331,0.16413,0.27311,-0.02100,-0.27297,,-0.06423,0.91667,1.00000,true,,-0.14268,-0.63594,-0.13576,-0.63393,0.64831,0.62208,0.19440,0.11062,0.08694,-0.06849,,-0.05727,0.87500,1.00000,1880,genuine_population,gen,bobs_126610LN_190934,126610LN,Bob's Watches,https://www.bobswatches.com/images/zUsed-Rolex-Submariner-126610-SKU190934.jpg
ce537cfa7ad49a9d,images/ce/ce537cfa7ad49a9d081f6f375aa06ad89ac86e7aaba2bc522a2ddca8fe9e46a0.jpg,missing,,,,,,,,,,,,,,,,,,,,,,,,,,,,,,,,,,,,,,,,,,,,,,,,,,,,,,,,,,,,,,,,,,,,,,,,,,,,,,,,,,,,,,,,,,,,,,,,,,,,,,,,,,,,,,,,,,,,,,,,,,,,,,,,,,,,,,,,,,,,,,,,,,,,,,,,,,,,,,,,,,,,,,,,,,,,,,,,,,,,,,,,,,,,,,,,,,,,,,genuine_population,gen,bobs_126610LN_190050,126610LN,Bob's Watches,https://www.bobswatches.com/images/z190050-Used-Rolex-Submariner-126610-SKU190050.jpg
d68b113ea206f3fe,images/d6/d68b113ea206f3fe29ad92017082c4baf03d89e4fc3414f065ce0b40a9ccbd33.jpg,missing,,,,,,,,,,,,,,,,,,,,,,,,,,,,,,,,,,,,,,,,,,,,,,,,,,,,,,,,,,,,,,,,,,,,,,,,,,,,,,,,,,,,,,,,,,,,,,,,,,,,,,,,,,,,,,,,,,,,,,,,,,,,,,,,,,,,,,,,,,,,,,,,,,,,,,,,,,,,,,,,,,,,,,,,,,,,,,,,,,,,,,,,,,,,,,,,,,,,,,genuine_population,gen,bobs_126610_190904,126610,Bob's Watches,https://www.bobswatches.com/images/z190904-Used-Rolex-Submariner-126610-SKU190904.jpg
105beb1ad609aa54,images/10/105beb1ad609aa545a7410088e684beb5c0c9dbc3b8686f22c2270bd32e47192.jpg,missing,,,,,,,,,,,,,,,,,,,,,,,,,,,,,,,,,,,,,,,,,,,,,,,,,,,,,,,,,,,,,,,,,,,,,,,,,,,,,,,,,,,,,,,,,,,,,,,,,,,,,,,,,,,,,,,,,,,,,,,,,,,,,,,,,,,,,,,,,,,,,,,,,,,,,,,,,,,,,,,,,,,,,,,,,,,,,,,,,,,,,,,,,,,,,,,,,,,,,,genuine_population,gen,bobs_126610_190919,126610,Bob's Watches,https://www.bobswatches.com/images/zUsed-Rolex-Submariner-126610-SKU190919.jpg
183e3ee85e53662b,images/18/183e3ee85e53662ba5b925ca2d16fb0e5a42e72f4c97970dc7ed51f87dcb4385.jpg,missing,,,,,,,,,,,,,,,,,,,,,,,,,,,,,,,,,,,,,,,,,,,,,,,,,,,,,,,,,,,,,,,,,,,,,,,,,,,,,,,,,,,,,,,,,,,,,,,,,,,,,,,,,,,,,,,,,,,,,,,,,,,,,,,,,,,,,,,,,,,,,,,,,,,,,,,,,,,,,,,,,,,,,,,,,,,,,,,,,,,,,,,,,,,,,,,,,,,,,,genuine_population,gen,bobs_126613LB_189584,126613LB,Bob's Watches,https://www.bobswatches.com/images/zUsed-Rolex-Submariner-126613-SKU189584.jpg
22060f9a8f867d35,images/22/22060f9a8f867d358d7dd60fa4e19389cac1b0ebf81fedc8174ba682940af978.jpg,accepted,1412,2160,,true,431.86282,0.99626,0.13342,44,11,435.21266,true,9,-0.32417,-0.84541,0.90543,-0.01497,-0.03270,false,withheld by the app (hand / glare),-1.12816,-0.01694,-1.12486,-0.03173,1.12531,0.01694,-1.12816,0.96989,-0.77526,-0.59520,0.12010,,0.85714,0.83333,-0.09795,0.25939,-0.16196,true,,0.10581,-1.29617,0.12224,-1.29773,1.30347,-1.29617,-0.10581,0.47588,-0.40243,-0.25168,-0.08784,,0.85714,1.00000,true,,-0.57506,-0.96071,-0.56099,-0.96484,1.11608,0.57506,0.96071,0.41992,0.29008,0.30501,-0.02980,,1.00000,0.96667,true,,-0.59850,-1.03978,-0.58576,-1.03785,1.19174,0.60123,-1.03821,0.15253,0.09030,-0.12433,,-0.16022,1.00000,1.00000,false,outline coverage 0.68; 6/8 octants,,,,,,,,,,,,,0.68056,0.98889,true,,-0.45214,-0.77204,-0.44535,-0.77712,0.89569,-0.77758,-0.44254,0.32325,-0.01279,0.32351,,-0.02739,0.97222,1.00000,true,,-0.21620,-0.91096,-0.20699,-0.91516,0.93827,-0.89701,-0.26825,0.08591,0.05439,0.06637,,-0.12927,0.95833,1.00000,true,,-0.12683,-0.59226,-0.11899,-0.59504,0.60682,-0.44950,0.40597,0.19737,0.16746,-0.10369,,-0.15514,0.98611,1.00000,true,,0.00772,-0.50356,0.01537,-0.50333,0.50357,-0.25846,0.43223,0.27397,-0.07294,-0.26404,,-0.17393,0.98611,1.00000,true,,-0.43907,-0.63631,-0.42926,-0.63783,0.76883,0.69841,0.33153,0.04989,0.03965,-0.03031,,-0.11548,0.95833,1.00000,true,,-0.33069,-0.59903,-0.32174,-0.59795,0.67901,0.68412,0.01313,0.18045,-0.16124,0.08273,,-0.07590,1.00000,1.00000,2112,genuine_population,gen,bobs_126618LB_188539,126618LB,Bob's Watches,https://www.bobswatches.com/images/zUsed-Rolex-Submariner-126618-SKU188539.jpg
eaf80e6e7135b3f0,images/ea/eaf80e6e7135b3f023d4328d315c4d27c15e3d63711b7807099bcb68920920fa.jpg,missing,,,,,,,,,,,,,,,,,,,,,,,,,,,,,,,,,,,,,,,,,,,,,,,,,,,,,,,,,,,,,,,,,,,,,,,,,,,,,,,,,,,,,,,,,,,,,,,,,,,,,,,,,,,,,,,,,,,,,,,,,,,,,,,,,,,,,,,,,,,,,,,,,,,,,,,,,,,,,,,,,,,,,,,,,,,,,,,,,,,,,,,,,,,,,,,,,,,,,,genuine_population,gen,bobs_126613LB_190644,126613LB,Bob's Watches,https://www.bobswatches.com/images/zUsed-Rolex-Submariner-126613-SKU190644.jpg
a15a91f096439832,images/a1/a15a91f096439832df475ec11dece1067a7e91ad8fca8e32d97f99ae05650b67.jpg,accepted,1412,2160,,true,436.66270,0.99290,0.15624,46,11,438.59104,true,9,-0.33501,-0.78048,0.84935,0.00410,-0.04576,true,,-1.16987,-0.02775,-1.16757,-0.04852,1.16858,0.02775,-1.16987,0.93064,-0.76277,-0.54298,-0.53894,,1.00000,1.00000,-0.65962,-0.41069,-0.51173,true,,-0.31438,-0.98276,-0.29980,-0.99049,1.03487,-0.98276,0.31438,0.32191,-0.22025,0.23329,0.06876,,0.80952,1.00000,true,,-0.13626,-0.47073,-0.12804,-0.47244,0.48948,0.13626,0.47073,0.22835,-0.22436,-0.03955,0.45917,,1.00000,1.00000,true,,-0.63575,-0.99813,-0.61994,-1.00264,1.17882,0.54653,-1.04964,0.08275,0.03322,-0.07610,,0.00138,0.86111,1.00000,false,hand/occluder crosses outline (clean 0.69),,,,,,,,,,,,,0.52778,0.68889,true,,-0.24589,-1.13396,-0.23059,-1.13777,1.16090,-0.77993,-0.85909,0.13024,-0.10599,-0.07543,,-0.01133,0.94444,0.99444,true,,-0.08680,-0.78911,-0.07548,-0.79202,0.79561,-0.72679,-0.31938,0.11727,0.10424,0.05319,,-0.01530,0.95833,1.00000,true,,-0.28099,-0.03606,-0.28148,-0.04078,0.28442,0.10926,0.26137,0.61205,0.59333,-0.14222,,-0.12144,0.84722,1.00000,true,,0.13537,-0.56840,0.14612,-0.56678,0.58531,-0.40143,0.42456,0.35694,-0.32846,-0.13612,,-0.15997,0.91667,1.00000,true,,-0.42754,-0.92307,-0.41143,-0.92697,1.01417,0.83179,0.58563,0.39215,0.12860,0.37191,,-0.08038,0.87500,1.00000,true,,-0.74843,-0.54958,-0.73875,-0.55962,0.92678,0.85017,-0.37337,0.17587,-0.01012,-0.17599,,-0.06636,0.94444,1.00000,1818,genuine_population,gen,bobs_126610_190823,126610,Bob's Watches,https://www.bobswatches.com/images/zUsed-Rolex-Submariner-126610-SKU190823.jpg
ef27244928264b39,images/ef/ef27244928264b3971a10f0bcf5c5f46efe836fc2317592c16077c1e9c6406d7.jpg,missing,,,,,,,,,,,,,,,,,,,,,,,,,,,,,,,,,,,,,,,,,,,,,,,,,,,,,,,,,,,,,,,,,,,,,,,,,,,,,,,,,,,,,,,,,,,,,,,,,,,,,,,,,,,,,,,,,,,,,,,,,,,,,,,,,,,,,,,,,,,,,,,,,,,,,,,,,,,,,,,,,,,,,,,,,,,,,,,,,,,,,,,,,,,,,,,,,,,,,,genuine_population,gen,bobs_126613LB_191144,126613LB,Bob's Watches,https://www.bobswatches.com/images/zUsed-Rolex-Submariner-126613-SKU191144.jpg
ab4918e462e826c9,images/ab/ab4918e462e826c9417e961169e1c57fd1c7976ec7e21ceb0ec6ef390f132af5.jpg,missing,,,,,,,,,,,,,,,,,,,,,,,,,,,,,,,,,,,,,,,,,,,,,,,,,,,,,,,,,,,,,,,,,,,,,,,,,,,,,,,,,,,,,,,,,,,,,,,,,,,,,,,,,,,,,,,,,,,,,,,,,,,,,,,,,,,,,,,,,,,,,,,,,,,,,,,,,,,,,,,,,,,,,,,,,,,,,,,,,,,,,,,,,,,,,,,,,,,,,,genuine_population,gen,bobs_126613LB_190688,126613LB,Bob's Watches,https://www.bobswatches.com/images/zUsed-Rolex-Submariner-126613-SKU190688.jpg
2f65f62aefc4a273,images/2f/2f65f62aefc4a2733945336b00297c7c5c4e0f3ec2328a3993a9cc9013ff0383.jpg,missing,,,,,,,,,,,,,,,,,,,,,,,,,,,,,,,,,,,,,,,,,,,,,,,,,,,,,,,,,,,,,,,,,,,,,,,,,,,,,,,,,,,,,,,,,,,,,,,,,,,,,,,,,,,,,,,,,,,,,,,,,,,,,,,,,,,,,,,,,,,,,,,,,,,,,,,,,,,,,,,,,,,,,,,,,,,,,,,,,,,,,,,,,,,,,,,,,,,,,,genuine_population,gen,bobs_126610_188930,126610,Bob's Watches,https://www.bobswatches.com/images/zUsed-Rolex-Submariner-126610-SKU188930.jpg
45a98ab0c8273f71,images/45/45a98ab0c8273f71b29969f624e238c52c9162910fed054e1e9f0ca9d208bec2.jpg,missing,,,,,,,,,,,,,,,,,,,,,,,,,,,,,,,,,,,,,,,,,,,,,,,,,,,,,,,,,,,,,,,,,,,,,,,,,,,,,,,,,,,,,,,,,,,,,,,,,,,,,,,,,,,,,,,,,,,,,,,,,,,,,,,,,,,,,,,,,,,,,,,,,,,,,,,,,,,,,,,,,,,,,,,,,,,,,,,,,,,,,,,,,,,,,,,,,,,,,,genuine_population,gen,bobs_126613LB_189877,126613LB,Bob's Watches,https://www.bobswatches.com/images/zUsed-Rolex-Submariner-126613-SKU189877.jpg
d0d82d89b4913e3d,images/d0/d0d82d89b4913e3d8246cbc3e86b6c9d664d6588ac0029249291a505120a5eca.jpg,missing,,,,,,,,,,,,,,,,,,,,,,,,,,,,,,,,,,,,,,,,,,,,,,,,,,,,,,,,,,,,,,,,,,,,,,,,,,,,,,,,,,,,,,,,,,,,,,,,,,,,,,,,,,,,,,,,,,,,,,,,,,,,,,,,,,,,,,,,,,,,,,,,,,,,,,,,,,,,,,,,,,,,,,,,,,,,,,,,,,,,,,,,,,,,,,,,,,,,,,genuine_population,gen,bobs_126613LB_190921,126613LB,Bob's Watches,https://www.bobswatches.com/images/zUsed-Rolex-Submariner-126613-SKU190921.jpg
a905c73ad32c3491,images/a9/a905c73ad32c3491b134f9b863e34925785323f32d4fb7eb27a2549040c2253e.jpg,accepted,1412,2160,,true,433.10916,0.99866,0.17063,43,11,435.69554,true,10,0.13414,-0.71275,0.72526,0.05801,-0.06144,true,,-0.42107,0.58495,-0.41919,0.58258,0.71772,-0.58495,-0.42107,1.50395,-1.49962,-0.18338,0.20855,,1.00000,1.00000,-0.03055,0.38874,-0.00190,true,,0.17763,-0.98370,0.17585,-0.98791,1.00344,-0.98370,-0.17763,0.56078,-0.46290,0.31269,0.12333,,0.71429,1.00000,true,,-0.12774,0.03439,-0.12802,0.03456,0.13260,0.12774,-0.03439,0.39920,0.07155,-0.39242,-0.10348,,1.00000,1.00000,true,,-0.01117,-1.37072,-0.01581,-1.36493,1.36502,1.18150,-0.69503,0.29917,0.29082,-0.07609,,-0.11051,0.97222,1.00000,true,,0.02393,-1.40514,0.01799,-1.40108,1.40119,0.72329,-1.20492,0.27849,0.04381,-0.27547,,0.03629,0.86111,1.00000,true,,0.04784,-0.76775,0.04463,-0.76892,0.77021,-0.34245,-0.68880,0.48706,-0.30925,0.37633,,-0.18463,0.94444,1.00000,true,,0.54444,-0.61883,0.54343,-0.62182,0.82582,-0.26370,-0.78091,0.10864,0.08000,0.07303,,-0.15922,0.97222,1.00000,true,,0.50478,0.16123,0.50675,0.16100,0.53171,-0.11276,-0.51777,0.52755,0.36663,-0.37650,,-0.15992,0.94444,1.00000,true,,0.43864,-0.04930,0.44004,-0.05009,0.44288,-0.40453,-0.17663,0.37271,-0.13633,-0.34587,,-0.21255,0.94444,0.99444,true,,-0.26843,-0.75783,-0.26905,-0.75637,0.80280,0.61139,0.52208,0.27344,0.16691,0.21716,,-0.14462,0.88889,1.00000,true,,0.18966,-0.82257,0.18859,-0.81979,0.84120,0.61754,0.57553,0.50071,-0.13746,0.48180,,-0.13611,0.88889,1.00000,1846,genuine_population,gen,bobs_126610LN_190095,126610LN,Bob's Watches,https://www.bobswatches.com/images/zUsed-Rolex-Submariner-126610-SKU190095.jpg
3e903c2fceaee50a,images/3e/3e903c2fceaee50ac8f3753ac9232c533c8a2d00701a1576a435449a38b398c9.jpg,missing,,,,,,,,,,,,,,,,,,,,,,,,,,,,,,,,,,,,,,,,,,,,,,,,,,,,,,,,,,,,,,,,,,,,,,,,,,,,,,,,,,,,,,,,,,,,,,,,,,,,,,,,,,,,,,,,,,,,,,,,,,,,,,,,,,,,,,,,,,,,,,,,,,,,,,,,,,,,,,,,,,,,,,,,,,,,,,,,,,,,,,,,,,,,,,,,,,,,,,genuine_population,gen,bobs_126613LN_190010,126613LN,Bob's Watches,https://www.bobswatches.com/images/zUsed-Rolex-Submariner-126613-SKU190010.jpg
800cd2600f322aa5,images/80/800cd2600f322aa5cd6fdfdbb9162ce0cfbae7abfe57a9c58405730b98be349b.jpg,missing,,,,,,,,,,,,,,,,,,,,,,,,,,,,,,,,,,,,,,,,,,,,,,,,,,,,,,,,,,,,,,,,,,,,,,,,,,,,,,,,,,,,,,,,,,,,,,,,,,,,,,,,,,,,,,,,,,,,,,,,,,,,,,,,,,,,,,,,,,,,,,,,,,,,,,,,,,,,,,,,,,,,,,,,,,,,,,,,,,,,,,,,,,,,,,,,,,,,,,genuine_population,gen,bobs_126613LN_190021,126613LN,Bob's Watches,https://www.bobswatches.com/images/zUsed-Rolex-Submariner-126613-SKU190021.jpg
61a0a09f8d1c3605,images/61/61a0a09f8d1c3605b65dbcb879e860373f6cb8a45361a76501935e78afc24899.jpg,missing,,,,,,,,,,,,,,,,,,,,,,,,,,,,,,,,,,,,,,,,,,,,,,,,,,,,,,,,,,,,,,,,,,,,,,,,,,,,,,,,,,,,,,,,,,,,,,,,,,,,,,,,,,,,,,,,,,,,,,,,,,,,,,,,,,,,,,,,,,,,,,,,,,,,,,,,,,,,,,,,,,,,,,,,,,,,,,,,,,,,,,,,,,,,,,,,,,,,,,genuine_population,gen,bobs_126613LN_190206,126613LN,Bob's Watches,https://www.bobswatches.com/images/zUsed-Rolex-Submariner-126613-SKU190206.jpg
1b2741bc0119257c,images/1b/1b2741bc0119257caf1750a206dee0ab0b132b9432286874732d311b1a2dbd2c.jpg,missing,,,,,,,,,,,,,,,,,,,,,,,,,,,,,,,,,,,,,,,,,,,,,,,,,,,,,,,,,,,,,,,,,,,,,,,,,,,,,,,,,,,,,,,,,,,,,,,,,,,,,,,,,,,,,,,,,,,,,,,,,,,,,,,,,,,,,,,,,,,,,,,,,,,,,,,,,,,,,,,,,,,,,,,,,,,,,,,,,,,,,,,,,,,,,,,,,,,,,,genuine_population,gen,bobs_126610LN_189923,126610LN,Bob's Watches,https://www.bobswatches.com/images/zUsed-Rolex-Submariner-126610-SKU189923.jpg
99747e1b41c46f5a,images/99/99747e1b41c46f5aab89c0ad7d09dacc879579e9a8c8872deadc44fc26678373.jpg,missing,,,,,,,,,,,,,,,,,,,,,,,,,,,,,,,,,,,,,,,,,,,,,,,,,,,,,,,,,,,,,,,,,,,,,,,,,,,,,,,,,,,,,,,,,,,,,,,,,,,,,,,,,,,,,,,,,,,,,,,,,,,,,,,,,,,,,,,,,,,,,,,,,,,,,,,,,,,,,,,,,,,,,,,,,,,,,,,,,,,,,,,,,,,,,,,,,,,,,,genuine_population,gen,bobs_126610_190857,126610,Bob's Watches,https://www.bobswatches.com/images/zUsed-Rolex-Submariner-126610-SKU190857.jpg
b6244ead83e65900,images/b6/b6244ead83e659000643afe8119049321b1b3d667167c34f0d5ee75f9866d35f.jpg,missing,,,,,,,,,,,,,,,,,,,,,,,,,,,,,,,,,,,,,,,,,,,,,,,,,,,,,,,,,,,,,,,,,,,,,,,,,,,,,,,,,,,,,,,,,,,,,,,,,,,,,,,,,,,,,,,,,,,,,,,,,,,,,,,,,,,,,,,,,,,,,,,,,,,,,,,,,,,,,,,,,,,,,,,,,,,,,,,,,,,,,,,,,,,,,,,,,,,,,,genuine_population,gen,bobs_126613LB_190020,126613LB,Bob's Watches,https://www.bobswatches.com/images/zUsed-Rolex-Submariner-126613-SKU190020.jpg
56c6dd7c987d65b1,images/56/56c6dd7c987d65b10aecbec430bfeac442bd3d2baf4a8484a2f0a6872ce87fb8.jpg,missing,,,,,,,,,,,,,,,,,,,,,,,,,,,,,,,,,,,,,,,,,,,,,,,,,,,,,,,,,,,,,,,,,,,,,,,,,,,,,,,,,,,,,,,,,,,,,,,,,,,,,,,,,,,,,,,,,,,,,,,,,,,,,,,,,,,,,,,,,,,,,,,,,,,,,,,,,,,,,,,,,,,,,,,,,,,,,,,,,,,,,,,,,,,,,,,,,,,,,,genuine_population,gen,bobs_126610_189883,126610,Bob's Watches,https://www.bobswatches.com/images/zUsed-Rolex-Submariner-126610-SKU189883.jpg
0f8b3975930ee3c7,images/0f/0f8b3975930ee3c71358a04e307f12c464f43e80faefeae2fd596a2dd0de2ba4.jpg,accepted,1412,2160,,true,435.44047,0.99811,0.14507,43,11,438.60344,true,9,-0.40481,0.02336,0.40548,-0.04402,-0.06885,true,,-1.16273,0.89734,-1.16121,0.89105,1.46368,-0.89734,-1.16273,0.79035,-0.71932,-0.33696,0.02911,,1.00000,1.00000,-0.13235,0.14672,-0.12847,true,,0.22327,-0.01694,0.22387,-0.01691,0.22451,-0.01694,-0.22327,0.25184,0.10589,-0.22773,0.26507,,0.95238,1.00000,true,,-0.27609,0.80584,-0.27848,0.80520,0.85200,0.27609,-0.80584,0.38228,0.01809,-0.38202,-0.30072,,1.00000,1.00000,true,,-1.15709,-0.28945,-1.15520,-0.28944,1.19091,-0.32787,-1.14680,0.38224,0.05204,-0.37948,,-0.18244,0.97222,1.00000,false,hand/occluder crosses outline (clean 0.69),,,,,,,,,,,,,0.59722,0.68889,true,,-1.11249,-0.47637,-1.11421,-0.47746,1.21220,-1.20163,0.14369,0.78871,-0.70606,0.34969,,-0.08111,0.93056,1.00000,true,,-0.10115,0.10620,-0.10128,0.10644,0.14692,0.04140,0.14070,0.43423,0.38021,0.20730,,-0.10901,0.80556,1.00000,true,,0.20753,0.55975,0.20732,0.56161,0.59865,0.38099,-0.45960,0.48690,0.31524,-0.36928,,-0.02609,0.83333,1.00000,true,,0.34881,0.00225,0.34969,0.00246,0.34970,-0.30096,-0.17635,0.51257,-0.50610,0.07074,,-0.19139,0.94444,1.00000,true,,-0.29639,0.18482,-0.29690,0.18399,0.34929,0.16427,-0.30826,0.34337,-0.01715,0.34340,,-0.19332,0.93056,1.00000,true,,-0.58034,-0.11617,-0.57966,-0.11637,0.59123,0.39078,-0.44450,0.50195,0.36613,0.34654,,-0.16460,0.95833,1.00000,1775,genuine_population,gen,bobs_126610LN_189415,126610LN,Bob's Watches,https://www.bobswatches.com/images/zUsed-Rolex-Submariner-126610-SKU189415.jpg
0ca9e477da50feee,images/0c/0ca9e477da50feee6e4826e63002c715477542e9c0b81f2b1ec793c40d2ccd4a.jpg,missing,,,,,,,,,,,,,,,,,,,,,,,,,,,,,,,,,,,,,,,,,,,,,,,,,,,,,,,,,,,,,,,,,,,,,,,,,,,,,,,,,,,,,,,,,,,,,,,,,,,,,,,,,,,,,,,,,,,,,,,,,,,,,,,,,,,,,,,,,,,,,,,,,,,,,,,,,,,,,,,,,,,,,,,,,,,,,,,,,,,,,,,,,,,,,,,,,,,,,,genuine_population,gen,bobs_126613LB_189762,126613LB,Bob's Watches,https://www.bobswatches.com/images/zUsed-Rolex-Submariner-126613-SKU189762.jpg
1280ff2bd797750a,images/12/1280ff2bd797750ad23a93ef9d5933a7526ae603207ece58826b3bcd5521feb3.jpg,accepted,1412,2160,,true,436.46294,0.98777,0.17460,43,11,437.88468,true,10,0.27150,-1.06411,1.09820,0.08275,0.02808,true,,-0.29684,-0.32513,-0.29513,-0.32557,0.43943,0.32513,-0.29684,1.26183,-1.03017,-0.73487,-0.19231,,1.00000,1.00000,-0.31473,-0.02266,-0.02270,true,,0.31848,-1.44974,0.32569,-1.45210,1.48818,-1.44974,-0.31848,0.69503,-0.65908,-0.21484,-0.58063,,1.00000,1.00000,true,,-0.19597,-1.33648,-0.18835,-1.33760,1.35080,0.19597,1.33648,0.21642,0.18744,0.10786,0.15256,,0.95238,1.00000,true,,0.41464,-1.11675,0.41828,-1.11096,1.18709,1.17446,-0.19928,0.19010,-0.17656,-0.07183,,-0.09277,0.93056,1.00000,false,withheld by the app (hand / glare),0.91028,-1.28644,0.91337,-1.27892,1.57159,1.43155,-0.65895,0.37474,0.37306,-0.04386,,-0.08084,0.69444,0.92222,true,,0.73815,-0.46299,0.73997,-0.46009,0.87135,0.40776,-0.77004,0.43027,0.41500,0.11158,,0.04376,0.75000,1.00000,true,,0.09315,-0.96093,0.09688,-0.96252,0.96739,-0.78561,-0.56114,0.29269,-0.29074,0.02795,,-0.06603,0.87500,0.99444,true,,-0.48567,-0.74617,-0.48296,-0.75015,0.89218,-0.40337,0.79369,0.47963,0.35804,0.31706,,0.05020,0.77778,1.00000,true,,-0.06003,-0.82671,-0.05534,-0.82835,0.83020,-0.36137,0.74597,0.24372,0.10751,-0.21830,,-0.17338,0.93056,1.00000,true,,-0.10681,-1.36515,-0.09893,-1.36373,1.36731,0.77507,1.12885,0.20549,0.17822,-0.10195,,-0.12730,0.95833,1.00000,false,withheld by the app (hand / glare),0.60111,-0.99369,0.60625,-0.98788,1.15907,0.56001,1.01742,0.52946,-0.52447,0.07915,,-0.08719,0.90278,0.83889,1774,genuine_population,gen,bobs_126610_189635,126610,Bob's Watches,https://www.bobswatches.com/images/zUsed-Rolex-Submariner-126610-SKU189635.jpg
a30e6188439f9d49,images/a3/a30e6188439f9d497be0e8a479ee4bc2900c1c7b559c3621e392ea24460cd7e0.jpg,missing,,,,,,,,,,,,,,,,,,,,,,,,,,,,,,,,,,,,,,,,,,,,,,,,,,,,,,,,,,,,,,,,,,,,,,,,,,,,,,,,,,,,,,,,,,,,,,,,,,,,,,,,,,,,,,,,,,,,,,,,,,,,,,,,,,,,,,,,,,,,,,,,,,,,,,,,,,,,,,,,,,,,,,,,,,,,,,,,,,,,,,,,,,,,,,,,,,,,,,genuine_population,gen,bobs_126613LB_188763,126613LB,Bob's Watches,https://www.bobswatches.com/images/zUsed-Rolex-Submariner-126613-SKU188763.jpg
73f994775fa1f3f5,images/73/73f994775fa1f3f5f30d71e8b144490b9ec8c82a7e0fbd1320132624baffb50f.jpg,missing,,,,,,,,,,,,,,,,,,,,,,,,,,,,,,,,,,,,,,,,,,,,,,,,,,,,,,,,,,,,,,,,,,,,,,,,,,,,,,,,,,,,,,,,,,,,,,,,,,,,,,,,,,,,,,,,,,,,,,,,,,,,,,,,,,,,,,,,,,,,,,,,,,,,,,,,,,,,,,,,,,,,,,,,,,,,,,,,,,,,,,,,,,,,,,,,,,,,,,genuine_population,gen,bobs_126610LV_189849,126610LV,Bob's Watches,https://www.bobswatches.com/images/zUsed-Master-Rolex-Submariner-126610-SKU189849.jpg
1ef3415e37d6fbf7,images/1e/1ef3415e37d6fbf7328254a0f0e9c1d2569baa22207fe2eceb2bf27f663a37a2.jpg,missing,,,,,,,,,,,,,,,,,,,,,,,,,,,,,,,,,,,,,,,,,,,,,,,,,,,,,,,,,,,,,,,,,,,,,,,,,,,,,,,,,,,,,,,,,,,,,,,,,,,,,,,,,,,,,,,,,,,,,,,,,,,,,,,,,,,,,,,,,,,,,,,,,,,,,,,,,,,,,,,,,,,,,,,,,,,,,,,,,,,,,,,,,,,,,,,,,,,,,,genuine_population,gen,bobs_126610LV_189937,126610LV,Bob's Watches,https://www.bobswatches.com/images/zUsed-Master-Rolex-Submariner-126610-SKU189937.jpg
7745223f57698695,images/77/7745223f5769869561f07610d1fd531c1ac8aa3ee514ebc630c30dbdeab80de6.jpg,accepted,1412,2160,,true,434.79840,0.99750,0.11808,45,11,437.79211,true,10,-0.02167,-0.70494,0.70527,-0.00082,0.01996,true,,-0.98061,-0.22626,-0.97962,-0.22624,1.00541,0.22626,-0.98061,1.17860,-0.47656,-1.08127,0.14819,,1.00000,1.00000,0.00197,0.32874,0.27130,true,,-0.86464,-0.77405,-0.86797,-0.77616,1.16439,-0.77405,0.86464,0.73305,-0.06561,0.72768,0.38350,,0.76190,1.00000,true,,0.07434,-0.11785,0.07474,-0.11779,0.13950,-0.07434,0.11785,0.70947,-0.09281,-0.70361,-0.17424,,1.00000,1.00000,true,,0.26294,-0.83070,0.26099,-0.82579,0.86605,0.85088,-0.18764,0.25878,0.25325,0.05951,,-0.18467,0.93056,1.00000,false,withheld by the app (hand / glare),0.46654,-1.16204,0.46273,-1.15677,1.24589,0.98505,-0.77308,0.70566,0.65350,-0.27539,,-0.11874,0.70833,0.93889,true,,-0.11429,-0.85581,-0.11663,-0.85617,0.86408,-0.52688,-0.68401,0.25785,-0.15274,-0.20752,,-0.14385,0.98611,1.00000,true,,-0.46009,-0.43945,-0.46190,-0.44035,0.63817,-0.61062,0.17873,0.39006,0.01407,0.38915,,-0.21227,0.98611,1.00000,true,,-0.40015,-0.96998,-0.40124,-0.97311,1.05259,-0.63996,0.83153,0.33936,-0.03647,0.33625,,-0.27029,0.97222,1.00000,true,,0.37483,-0.59562,0.37712,-0.59685,0.70601,-0.62243,0.32841,0.50693,-0.28501,-0.41742,,-0.35889,1.00000,1.00000,true,,0.15266,-0.89200,0.15414,-0.88953,0.90279,0.31379,0.84882,0.13568,-0.05450,0.12420,,-0.25917,0.97222,1.00000,true,,0.18279,-0.53802,0.18308,-0.53531,0.56575,0.37455,0.42731,0.24536,-0.24428,-0.03125,,-0.30698,0.97222,1.00000,1898,genuine_population,gen,bobs_126618LN_188710,126618LN,Bob's Watches,https://www.bobswatches.com/images/zUsed-Rolex-Submariner-126618-SKU188710.jpg
07538a36ad50ad91,images/07/07538a36ad50ad9134d345ed27076cc3e7e8f290a356ff244739e62934e925e6.jpg,accepted,1412,2160,,true,435.81566,0.99712,0.15115,42,10,438.63731,true,9,-0.45269,-1.39254,1.46428,0.00216,-0.00451,true,,-0.96238,-0.30966,-0.96005,-0.30945,1.00869,0.30966,-0.96238,1.18563,-1.09218,-0.48130,-0.25342,,0.95238,1.00000,-0.24423,-0.10126,0.32986,true,,0.03282,-2.05081,0.03434,-2.05717,2.05746,-2.05081,-0.03282,0.80980,-0.66375,-0.46010,0.01513,,1.00000,0.96667,true,,-0.74600,-0.72655,-0.74442,-0.72673,1.04034,0.74600,0.72655,0.70170,0.28531,-0.64149,0.09791,,1.00000,1.00000,true,,-0.58507,-1.28014,-0.58457,-1.27301,1.40081,0.81610,-1.14675,0.17368,-0.17234,-0.02879,,-0.05475,0.88889,1.00000,false,outline coverage 0.58; 6/8 octants,,,,,,,,,,,,,0.58333,0.85556,true,,-0.92730,-1.06058,-0.93005,-1.06263,1.41215,-1.33335,-0.45484,0.60796,-0.25120,0.55398,,-0.16126,0.87500,1.00000,true,,-0.44978,-1.63288,-0.45186,-1.63781,1.69900,-1.63901,-0.42692,0.23322,-0.21252,-0.09443,,-0.14128,0.76389,1.00000,true,,-0.33815,-0.76654,-0.33761,-0.76928,0.84010,-0.49477,0.67612,0.61611,0.47823,-0.38565,,-0.02461,0.79167,0.99444,true,,-0.58962,-1.20091,-0.58735,-1.20315,1.33887,-0.08983,1.33483,0.21930,0.20685,-0.07129,,-0.14048,0.95833,1.00000,true,,-0.19710,-1.96161,-0.19120,-1.95384,1.96317,1.15150,1.60025,0.64791,0.05392,0.64763,,-0.03778,0.91667,1.00000,true,,-0.25485,-1.80672,-0.25083,-1.79608,1.81351,1.69209,0.68266,0.47475,0.25016,0.40636,,-0.02826,0.91667,1.00000,1803,genuine_population,gen,bobs_126610LV_189184,126610LV,Bob's Watches,https://www.bobswatches.com/images/zUsed-Rolex-Submariner-126610LV-SKU189184.jpg
9d5b8f66d395961f,images/9d/9d5b8f66d395961f4c37c61ea7e786ab225be5b027ff356e7e3c70ad03dc05ba.jpg,missing,,,,,,,,,,,,,,,,,,,,,,,,,,,,,,,,,,,,,,,,,,,,,,,,,,,,,,,,,,,,,,,,,,,,,,,,,,,,,,,,,,,,,,,,,,,,,,,,,,,,,,,,,,,,,,,,,,,,,,,,,,,,,,,,,,,,,,,,,,,,,,,,,,,,,,,,,,,,,,,,,,,,,,,,,,,,,,,,,,,,,,,,,,,,,,,,,,,,,,genuine_population,gen,bobs_126613LN_187189,126613LN,Bob's Watches,https://www.bobswatches.com/images/zUsed-Rolex-Submariner-126613-SKU187189.jpg
4d135d4f16b65ba0,images/4d/4d135d4f16b65ba0e6ec82d373744bca33f3926e5d279b02eaba6572421279b2.jpg,missing,,,,,,,,,,,,,,,,,,,,,,,,,,,,,,,,,,,,,,,,,,,,,,,,,,,,,,,,,,,,,,,,,,,,,,,,,,,,,,,,,,,,,,,,,,,,,,,,,,,,,,,,,,,,,,,,,,,,,,,,,,,,,,,,,,,,,,,,,,,,,,,,,,,,,,,,,,,,,,,,,,,,,,,,,,,,,,,,,,,,,,,,,,,,,,,,,,,,,,genuine_population,gen,bobs_126613LN_189487,126613LN,Bob's Watches,https://www.bobswatches.com/images/zUsed-Rolex-Submariner-126613-SKU189487.jpg
a56186401b2a6332,images/a5/a56186401b2a6332ad063534f9fc0599522a9be3c17119ef2ad93e8f2860b126.jpg,missing,,,,,,,,,,,,,,,,,,,,,,,,,,,,,,,,,,,,,,,,,,,,,,,,,,,,,,,,,,,,,,,,,,,,,,,,,,,,,,,,,,,,,,,,,,,,,,,,,,,,,,,,,,,,,,,,,,,,,,,,,,,,,,,,,,,,,,,,,,,,,,,,,,,,,,,,,,,,,,,,,,,,,,,,,,,,,,,,,,,,,,,,,,,,,,,,,,,,,,genuine_population,gen,bobs_126610_189540,126610,Bob's Watches,https://www.bobswatches.com/images/zUsed-Rolex-Submariner-126610-SKU189540.jpg
355d47df5ee1eee0,images/35/355d47df5ee1eee0fc777bc05650da02101929fba449e40e24ec5e0097501aab.jpg,missing,,,,,,,,,,,,,,,,,,,,,,,,,,,,,,,,,,,,,,,,,,,,,,,,,,,,,,,,,,,,,,,,,,,,,,,,,,,,,,,,,,,,,,,,,,,,,,,,,,,,,,,,,,,,,,,,,,,,,,,,,,,,,,,,,,,,,,,,,,,,,,,,,,,,,,,,,,,,,,,,,,,,,,,,,,,,,,,,,,,,,,,,,,,,,,,,,,,,,,genuine_population,gen,bobs_126610LN_187666,126610LN,Bob's Watches,https://www.bobswatches.com/images/zUsed-Rolex-Submariner-126610-SKU187666.jpg
f59aaf8269e671fc,images/f5/f59aaf8269e671fce0653017d32750af5c337d82c66826f0a5765d43acd0669a.jpg,missing,,,,,,,,,,,,,,,,,,,,,,,,,,,,,,,,,,,,,,,,,,,,,,,,,,,,,,,,,,,,,,,,,,,,,,,,,,,,,,,,,,,,,,,,,,,,,,,,,,,,,,,,,,,,,,,,,,,,,,,,,,,,,,,,,,,,,,,,,,,,,,,,,,,,,,,,,,,,,,,,,,,,,,,,,,,,,,,,,,,,,,,,,,,,,,,,,,,,,,genuine_population,gen,bobs_126610LN_189475,126610LN,Bob's Watches,https://www.bobswatches.com/images/zUsed-Rolex-Submariner-126610-SKU189475.jpg
0c561e8e07be2e7a,images/0c/0c561e8e07be2e7ab3de314cace0591b949d05b18370a0b878b9518ed50315d8.jpg,accepted,1412,2160,,true,436.27402,0.99268,0.13921,45,11,437.64180,true,10,-0.00258,-0.83238,0.83239,0.06445,-0.03318,true,,-0.34934,-0.43571,-0.34608,-0.43706,0.55749,0.43571,-0.34934,0.63506,-0.62211,-0.13865,0.55730,,1.00000,1.00000,0.43085,0.57096,0.14950,true,,-0.07622,-0.68624,-0.07178,-0.68893,0.69266,-0.68624,0.07622,0.26984,-0.06798,0.26045,-0.28370,,1.00000,1.00000,true,,-0.28960,-0.83989,-0.28315,-0.84249,0.88880,0.28960,0.83989,0.21101,0.06732,0.19989,-0.33896,,1.00000,1.00000,true,,-0.06188,-1.02623,-0.05582,-1.02329,1.02481,0.85780,-0.56670,0.10815,-0.08850,0.06275,,-0.02448,0.97222,1.00000,false,withheld by the app (hand / glare),0.24715,-1.49315,0.25462,-1.48774,1.50937,0.96061,-1.16953,0.39938,0.32198,-0.23839,,-0.09163,0.80556,0.82222,true,,0.31783,-0.75217,0.32192,-0.75070,0.81681,-0.10084,-0.81031,0.14626,0.09292,0.11267,,-0.13479,0.97222,1.00000,true,,0.04713,-0.91793,0.05259,-0.91998,0.92149,-0.77138,-0.49978,0.29992,-0.27593,0.11554,,-0.10537,0.86111,1.00000,true,,0.12283,-0.35705,0.12589,-0.35733,0.37885,-0.37063,0.07215,0.18660,0.11666,-0.14491,,-0.14985,0.93056,1.00000,true,,0.02961,-0.15703,0.03098,-0.15715,0.16017,-0.10416,0.12118,0.40547,0.07548,-0.39757,,-0.16977,1.00000,1.00000,true,,0.00709,-0.85748,0.01412,-0.85632,0.85643,0.42260,0.74614,0.32960,-0.23016,0.23554,,-0.09421,0.95833,1.00000,true,,-0.44722,-0.83022,-0.44088,-0.83156,0.94121,0.94261,0.02780,0.17533,-0.01184,-0.17514,,-0.18528,0.93056,1.00000,1857,genuine_population,gen,bobs_126610_189514,126610,Bob's Watches,https://www.bobswatches.com/images/zUsed-Rolex-Submariner-126610-SKU189514.jpg
27e3a47518e6d017,images/27/27e3a47518e6d0178946830172692621fbfe42e3d262d2c6f88ebc6f28549a86.jpg,missing,,,,,,,,,,,,,,,,,,,,,,,,,,,,,,,,,,,,,,,,,,,,,,,,,,,,,,,,,,,,,,,,,,,,,,,,,,,,,,,,,,,,,,,,,,,,,,,,,,,,,,,,,,,,,,,,,,,,,,,,,,,,,,,,,,,,,,,,,,,,,,,,,,,,,,,,,,,,,,,,,,,,,,,,,,,,,,,,,,,,,,,,,,,,,,,,,,,,,,genuine_population,gen,bobs_126613LB_189378,126613LB,Bob's Watches,https://www.bobswatches.com/images/zUsed-Rolex-Submariner-126613LB-SKU189378.jpg
1f529fc9ed9c03cb,images/1f/1f529fc9ed9c03cb1e8b4fa372b1fc9482ddf258452176d809a9c36a47d4c37c.jpg,missing,,,,,,,,,,,,,,,,,,,,,,,,,,,,,,,,,,,,,,,,,,,,,,,,,,,,,,,,,,,,,,,,,,,,,,,,,,,,,,,,,,,,,,,,,,,,,,,,,,,,,,,,,,,,,,,,,,,,,,,,,,,,,,,,,,,,,,,,,,,,,,,,,,,,,,,,,,,,,,,,,,,,,,,,,,,,,,,,,,,,,,,,,,,,,,,,,,,,,,genuine_population,gen,bobs_126613LB_189650,126613LB,Bob's Watches,https://www.bobswatches.com/images/zUsed-Rolex-Submariner-126613-SKU189650.jpg
8a323cac04f2d8fe,images/8a/8a323cac04f2d8fe9b30e9c913438b3f7ddd8f05e52791c4182e198e92e9b4c5.jpg,missing,,,,,,,,,,,,,,,,,,,,,,,,,,,,,,,,,,,,,,,,,,,,,,,,,,,,,,,,,,,,,,,,,,,,,,,,,,,,,,,,,,,,,,,,,,,,,,,,,,,,,,,,,,,,,,,,,,,,,,,,,,,,,,,,,,,,,,,,,,,,,,,,,,,,,,,,,,,,,,,,,,,,,,,,,,,,,,,,,,,,,,,,,,,,,,,,,,,,,,genuine_population,gen,bobs_126613_188448,126613,Bob's Watches,https://www.bobswatches.com/images/zUsed-Rolex-Submariner-126613-SKU188448.jpg
499a191222240887,images/49/499a191222240887287f46df6da28cf3de37d3829d380a2754347074c962becf.jpg,missing,,,,,,,,,,,,,,,,,,,,,,,,,,,,,,,,,,,,,,,,,,,,,,,,,,,,,,,,,,,,,,,,,,,,,,,,,,,,,,,,,,,,,,,,,,,,,,,,,,,,,,,,,,,,,,,,,,,,,,,,,,,,,,,,,,,,,,,,,,,,,,,,,,,,,,,,,,,,,,,,,,,,,,,,,,,,,,,,,,,,,,,,,,,,,,,,,,,,,,genuine_population,gen,bobs_126610LN_189130,126610LN,Bob's Watches,https://www.bobswatches.com/images/zUsed-Rolex-Submariner-126610-SKU189130.jpg
c20a4b70ca3ea9c1,images/c2/c20a4b70ca3ea9c1faaf5feab7bbc9216fad5759345b5aa71327e4b1c0b20614.jpg,missing,,,,,,,,,,,,,,,,,,,,,,,,,,,,,,,,,,,,,,,,,,,,,,,,,,,,,,,,,,,,,,,,,,,,,,,,,,,,,,,,,,,,,,,,,,,,,,,,,,,,,,,,,,,,,,,,,,,,,,,,,,,,,,,,,,,,,,,,,,,,,,,,,,,,,,,,,,,,,,,,,,,,,,,,,,,,,,,,,,,,,,,,,,,,,,,,,,,,,,genuine_population,gen,bobs_126610_189084,126610,Bob's Watches,https://www.bobswatches.com/images/z189084-Used-Rolex-Submariner-126610-SKU189084.jpg
63a8ab11f4a943b5,images/63/63a8ab11f4a943b5a7fdb877b9d617eb74656dcc59cf2d5565cfc6446ae588f0.jpg,accepted,1412,2160,,true,437.64683,0.99474,0.17915,46,11,439.61349,true,10,-0.21408,-0.38339,0.43911,0.11744,-0.17334,true,,-1.43849,0.45420,-1.43793,0.44490,1.50519,-0.45420,-1.43849,1.25348,-1.24951,-0.16072,0.00462,,1.00000,1.00000,-0.19421,0.13378,-0.24519,true,,0.67659,-0.00635,0.67858,-0.00395,0.67859,-0.00635,-0.67659,0.11947,-0.01557,0.11808,-0.21935,,0.85714,0.96667,true,,-0.61702,0.89014,-0.62259,0.88761,1.08419,0.61702,-0.89014,0.26349,0.01019,-0.26326,0.31510,,1.00000,0.96667,true,,-1.05883,-1.14330,-1.05522,-1.14312,1.55570,0.46071,-1.48863,0.18467,-0.18332,-0.02911,,-0.18275,0.98611,1.00000,true,,0.16793,-1.95526,0.16923,-1.94792,1.95526,1.12306,-1.60934,0.70054,0.69776,-0.08840,,-0.12089,0.88889,1.00000,true,,0.46569,-1.48524,0.46719,-1.48485,1.55661,-0.33932,-1.51910,0.43832,-0.38192,-0.21307,,-0.20549,0.84722,1.00000,false,withheld by the app (hand / glare),0.64091,-0.52937,0.64305,-0.52854,0.83239,-0.13800,-0.81973,0.29345,-0.11918,0.26757,,-0.20400,0.98611,1.00000,true,,0.31809,0.72751,0.31647,0.73124,0.79678,0.47100,-0.63923,0.28359,0.27491,0.06537,,-0.21749,0.88889,1.00000,true,,0.14831,0.85817,0.14489,0.86066,0.87277,0.30065,-0.81735,0.20884,-0.11418,-0.17417,,-0.28079,0.91667,1.00000,true,,-1.35218,0.12282,-1.35420,0.11632,1.35919,1.10962,-0.78245,0.32100,0.31210,0.07563,,-0.09794,0.95833,1.00000,true,,-0.92087,0.09542,-0.92099,0.09056,0.92544,0.37780,-0.84520,0.53352,-0.48114,0.23162,,-0.19777,0.93056,1.00000,1838,genuine_population,gen,bobs_126610_189258,126610,Bob's Watches,https://www.bobswatches.com/images/zUsed-Rolex-Submariner-126610-SKU189258.jpg
1b60e2fde8eaf569,images/1b/1b60e2fde8eaf5693cf33337f99e6f8248d5f821048232dce22fefe191be3673.jpg,accepted,1412,2160,,true,437.79226,0.99189,0.16541,45,11,438.72496,true,10,0.04326,0.12249,0.12991,0.12846,-0.00638,true,,-0.46011,0.95262,-0.46630,0.94209,1.05117,-0.95262,-0.46011,1.35345,-1.28063,-0.46520,-0.31970,,1.00000,1.00000,-0.48206,-0.17417,-0.38009,true,,0.76690,0.10973,0.76844,0.11580,0.77711,0.10973,-0.76690,0.81724,-0.44048,-0.68571,0.20326,,0.61905,1.00000,true,,-0.46856,0.61314,-0.47538,0.60838,0.77208,0.46856,-0.61314,0.46104,0.08486,-0.45368,-0.13997,,1.00000,1.00000,true,,0.28163,-0.13352,0.28189,-0.13018,0.31050,0.25645,0.17714,0.16568,-0.11815,0.11747,,-0.02089,0.93056,1.00000,true,,0.47309,-0.12697,0.47300,-0.12230,0.48856,0.47319,0.12659,0.05363,0.03765,0.03827,,0.00999,0.79167,0.97222,true,,0.22537,0.14868,0.22479,0.15041,0.27047,0.26952,0.01608,0.29028,-0.28842,-0.02813,,-0.11055,0.94444,1.00000,false,withheld by the app (hand / glare),0.38985,0.83590,0.38561,0.84030,0.92455,0.91883,0.08033,0.34686,0.33224,0.09708,,-0.07090,0.98611,1.00000,true,,-0.31279,0.39544,-0.31728,0.39400,0.50586,0.49886,0.07316,0.21730,-0.04361,0.21230,,-0.10070,0.93056,1.00000,true,,-0.92697,0.38726,-0.93357,0.38030,1.00805,0.99641,0.12811,0.59577,0.51488,0.29589,,-0.12610,0.95833,1.00000,false,withheld by the app (hand / glare),-0.17783,-0.37078,-0.17451,-0.37084,0.40985,0.33940,0.23219,0.35566,-0.01973,0.35586,,0.03298,0.87500,0.83889,true,,-0.20027,-0.17007,-0.19872,-0.17082,0.26205,0.24742,-0.08840,0.08646,-0.08306,-0.02568,,-0.01139,0.91667,1.00000,1774,genuine_population,gen,bobs_126610LV_189122,126610LV,Bob's Watches,https://www.bobswatches.com/images/zUsed-Rolex-Submariner-126610-SKU189122.jpg
976cc327e1b77192,images/97/976cc327e1b771927805b7e2fe56b00c02f23a1cb3a5b11af8ddbfa8dbd1be69.jpg,missing,,,,,,,,,,,,,,,,,,,,,,,,,,,,,,,,,,,,,,,,,,,,,,,,,,,,,,,,,,,,,,,,,,,,,,,,,,,,,,,,,,,,,,,,,,,,,,,,,,,,,,,,,,,,,,,,,,,,,,,,,,,,,,,,,,,,,,,,,,,,,,,,,,,,,,,,,,,,,,,,,,,,,,,,,,,,,,,,,,,,,,,,,,,,,,,,,,,,,,genuine_population,gen,bobs_126613LB_189175,126613LB,Bob's Watches,https://www.bobswatches.com/images/zUsed-Rolex-Submariner-126613-SKU189175.jpg
0b0639e714b56e4e,images/0b/0b0639e714b56e4ef53004f4a79f095382c5578ba45e7a7b0993debaec1d4bc9.jpg,accepted,1412,2160,,true,435.74022,0.99225,0.13238,45,11,437.31616,true,10,-0.11619,-0.76904,0.77776,0.01764,-0.00768,true,,-0.45371,0.04664,-0.45359,0.04238,0.45557,-0.04664,-0.45371,0.91769,-0.87606,-0.28543,0.69385,,1.00000,1.00000,0.50518,0.80968,0.43238,true,,-0.01287,-1.33366,-0.00357,-1.33936,1.33937,-1.33366,0.01287,0.63032,-0.62442,-0.06403,0.25303,,0.90476,1.00000,true,,-0.33822,-0.77245,-0.33226,-0.77611,0.84424,0.33822,0.77245,0.16612,0.15826,0.04918,0.33563,,0.80952,1.00000,true,,0.01050,-0.75858,0.01497,-0.75571,0.75586,0.66220,-0.37020,0.16649,-0.00476,0.16656,,-0.15858,0.90278,1.00000,false,withheld by the app (hand / glare),0.32797,-1.05213,0.33291,-1.04672,1.09838,0.81009,-0.74719,0.46790,0.46860,0.02615,,0.00840,0.91667,1.00000,true,,-0.05431,-0.77008,-0.05034,-0.77178,0.77342,-0.43208,-0.63976,0.01347,-0.00579,0.01217,,0.05378,0.83333,1.00000,true,,-0.34319,-0.58998,-0.34035,-0.59458,0.68511,-0.68254,0.00222,0.32983,-0.01966,0.32868,,-0.14109,0.84722,1.00000,true,,-0.19352,-0.57618,-0.18961,-0.58013,0.61033,-0.40223,0.45568,0.14060,0.13924,0.01435,,-0.01947,0.79167,1.00000,true,,-0.02081,-0.52942,-0.01623,-0.53126,0.53151,-0.24669,0.46890,0.21186,-0.03070,-0.20902,,-0.15555,0.95833,1.00000,true,,-0.38655,-0.67678,-0.38123,-0.67945,0.77910,0.67316,0.39283,0.20401,0.12137,-0.16367,,-0.09074,0.95833,1.00000,true,,-0.21717,-0.51550,-0.21309,-0.51600,0.55826,0.55502,0.06967,0.28291,-0.23336,-0.16136,,-0.14642,0.97222,1.00000,1792,genuine_population,gen,bobs_126613LB_189214,126613LB,Bob's Watches,https://www.bobswatches.com/images/zUsed-Rolex-Submariner-126613-SKU189214.jpg
8c71b7f7a778a5a4,images/8c/8c71b7f7a778a5a482269c3f10df995f10fd73425ebef7a69bdd413d326bbd2d.jpg,missing,,,,,,,,,,,,,,,,,,,,,,,,,,,,,,,,,,,,,,,,,,,,,,,,,,,,,,,,,,,,,,,,,,,,,,,,,,,,,,,,,,,,,,,,,,,,,,,,,,,,,,,,,,,,,,,,,,,,,,,,,,,,,,,,,,,,,,,,,,,,,,,,,,,,,,,,,,,,,,,,,,,,,,,,,,,,,,,,,,,,,,,,,,,,,,,,,,,,,,genuine_population,gen,bobs_126613LB_189169,126613LB,Bob's Watches,https://www.bobswatches.com/images/zUsed-Rolex-Submariner-126613-SKU189169.jpg
5ab1ccddcef7c0cd,images/5a/5ab1ccddcef7c0cd5ea863e6d81bd3235edb549df450aa5d27a51e981f0ca203.jpg,missing,,,,,,,,,,,,,,,,,,,,,,,,,,,,,,,,,,,,,,,,,,,,,,,,,,,,,,,,,,,,,,,,,,,,,,,,,,,,,,,,,,,,,,,,,,,,,,,,,,,,,,,,,,,,,,,,,,,,,,,,,,,,,,,,,,,,,,,,,,,,,,,,,,,,,,,,,,,,,,,,,,,,,,,,,,,,,,,,,,,,,,,,,,,,,,,,,,,,,,genuine_population,gen,bobs_126610_189125,126610,Bob's Watches,https://www.bobswatches.com/images/zUsed-Rolex-Submariner-126610-SKU189125.jpg
a0c34ad2a6de27a4,images/a0/a0c34ad2a6de27a493620bb47a11e655d427b48c530ec962e873a144b00a14e2.jpg,accepted,1412,2160,,true,434.82997,0.99281,0.18750,45,11,436.86327,true,10,-0.57176,-1.68124,1.77580,0.06105,0.09165,true,,-1.11580,-1.35482,-1.10160,-1.35679,1.74769,1.35482,-1.11580,1.20884,-0.53743,-1.08780,-0.05291,,0.76190,1.00000,-0.15892,0.11747,0.17845,true,,-1.87262,-1.49511,-1.86575,-1.51740,2.40489,-1.49511,1.87262,0.75872,-0.01846,0.75569,-0.30733,,0.71429,1.00000,true,,-0.78836,-1.59842,-0.77172,-1.60413,1.78011,0.78836,1.59842,0.61024,-0.00056,-0.61116,-0.44014,,1.00000,1.00000,true,,-0.05917,-1.62551,-0.04656,-1.61382,1.61449,1.37815,-0.86400,0.08493,0.00023,-0.08510,,-0.03246,0.97222,1.00000,false,withheld by the app (hand / glare),0.10819,-2.07017,0.12179,-2.05681,2.06042,1.12878,-1.73873,0.80088,0.58012,-0.55990,,0.06462,0.91667,0.96111,true,,-0.57464,-0.99624,-0.56848,-1.00166,1.15173,-0.99577,-0.57544,0.13602,0.13468,0.01693,,0.02545,0.98611,1.00000,true,,-1.23657,-1.08765,-1.23132,-1.10184,1.65234,-1.56022,0.52708,0.29225,-0.02983,0.29019,,-0.03478,0.97222,1.00000,true,,-1.37515,-1.77909,-1.36233,-1.79758,2.25549,-0.85316,2.08046,0.18867,0.09077,0.16447,,-0.12363,1.00000,1.00000,true,,-0.67977,-2.01490,-0.65914,-2.02404,2.12866,-0.41875,2.08484,0.38337,-0.30408,-0.23109,,-0.10658,0.97222,1.00000,true,,0.08716,-2.20938,0.11269,-2.19866,2.20154,1.02920,1.95696,0.58218,-0.53524,0.22749,,-0.08488,0.95833,1.00000,true,,-0.20661,-2.24262,-0.18304,-2.22976,2.23726,2.04547,0.94238,0.09080,0.08110,0.04217,,-0.09430,0.93056,1.00000,1818,genuine_population,gen,bobs_126613_188496,126613,Bob's Watches,https://www.bobswatches.com/images/zUsed-Rolex-Submariner-126613-SKU188496.jpg
2527085c0868c883,images/25/2527085c0868c88395ec10d43794c46a238afcc0f9cdd74d69a9adab051d07a7.jpg,missing,,,,,,,,,,,,,,,,,,,,,,,,,,,,,,,,,,,,,,,,,,,,,,,,,,,,,,,,,,,,,,,,,,,,,,,,,,,,,,,,,,,,,,,,,,,,,,,,,,,,,,,,,,,,,,,,,,,,,,,,,,,,,,,,,,,,,,,,,,,,,,,,,,,,,,,,,,,,,,,,,,,,,,,,,,,,,,,,,,,,,,,,,,,,,,,,,,,,,,genuine_population,gen,bobs_126610LV_189077,126610LV,Bob's Watches,https://www.bobswatches.com/images/zUsed-Rolex-Submariner-126610-SKU189077.jpg
5dd3527c3a74bc6e,images/5d/5dd3527c3a74bc6e2fbd385a0fb3a743be32edea128090433cd9352fb5e6f237.jpg,missing,,,,,,,,,,,,,,,,,,,,,,,,,,,,,,,,,,,,,,,,,,,,,,,,,,,,,,,,,,,,,,,,,,,,,,,,,,,,,,,,,,,,,,,,,,,,,,,,,,,,,,,,,,,,,,,,,,,,,,,,,,,,,,,,,,,,,,,,,,,,,,,,,,,,,,,,,,,,,,,,,,,,,,,,,,,,,,,,,,,,,,,,,,,,,,,,,,,,,,genuine_population,gen,bobs_126610LV_189011,126610LV,Bob's Watches,https://www.bobswatches.com/images/zUsed-Rolex-Submariner-126610-SKU189011.jpg
4e7e9485023eccb2,images/4e/4e7e9485023eccb2b31b34ef69a29711dc5e5d4a6d1f1b3c1cc09fcaee0e078b.jpg,missing,,,,,,,,,,,,,,,,,,,,,,,,,,,,,,,,,,,,,,,,,,,,,,,,,,,,,,,,,,,,,,,,,,,,,,,,,,,,,,,,,,,,,,,,,,,,,,,,,,,,,,,,,,,,,,,,,,,,,,,,,,,,,,,,,,,,,,,,,,,,,,,,,,,,,,,,,,,,,,,,,,,,,,,,,,,,,,,,,,,,,,,,,,,,,,,,,,,,,,genuine_population,gen,bobs_126610LN_188986,126610LN,Bob's Watches,https://www.bobswatches.com/images/zUsed-Rolex-Submariner-126610-SKU188986.jpg
46d662b1ba13aa01,images/46/46d662b1ba13aa013b567240de7d07239c2a7a94361c48afa668b611c4641c79.jpg,missing,,,,,,,,,,,,,,,,,,,,,,,,,,,,,,,,,,,,,,,,,,,,,,,,,,,,,,,,,,,,,,,,,,,,,,,,,,,,,,,,,,,,,,,,,,,,,,,,,,,,,,,,,,,,,,,,,,,,,,,,,,,,,,,,,,,,,,,,,,,,,,,,,,,,,,,,,,,,,,,,,,,,,,,,,,,,,,,,,,,,,,,,,,,,,,,,,,,,,,genuine_population,gen,bobs_126619LB_189203,126619LB,Bob's Watches,https://www.bobswatches.com/images/zUsed-Rolex-Submariner-126619-SKU189203.jpg
61b5891d853536f2,images/61/61b5891d853536f21268cf8d1423a8134f39a632c3a0c5f5ddc82ab05827ecbf.jpg,missing,,,,,,,,,,,,,,,,,,,,,,,,,,,,,,,,,,,,,,,,,,,,,,,,,,,,,,,,,,,,,,,,,,,,,,,,,,,,,,,,,,,,,,,,,,,,,,,,,,,,,,,,,,,,,,,,,,,,,,,,,,,,,,,,,,,,,,,,,,,,,,,,,,,,,,,,,,,,,,,,,,,,,,,,,,,,,,,,,,,,,,,,,,,,,,,,,,,,,,genuine_population,gen,bobs_126613LN_188717,126613LN,Bob's Watches,https://www.bobswatches.com/images/zUsed-Rolex-Submariner-126613-SKU188717.jpg
dd883ab781998f64,images/dd/dd883ab781998f642d2246efb57d8b22fb38a1be92aebd07ce68a849f857b410.jpg,missing,,,,,,,,,,,,,,,,,,,,,,,,,,,,,,,,,,,,,,,,,,,,,,,,,,,,,,,,,,,,,,,,,,,,,,,,,,,,,,,,,,,,,,,,,,,,,,,,,,,,,,,,,,,,,,,,,,,,,,,,,,,,,,,,,,,,,,,,,,,,,,,,,,,,,,,,,,,,,,,,,,,,,,,,,,,,,,,,,,,,,,,,,,,,,,,,,,,,,,genuine_population,gen,bobs_126613_187641,126613,Bob's Watches,https://www.bobswatches.com/images/z187641-Used-Rolex-Submariner-126613-SKU187641-Black-Dial.jpg
9c7e1056c0093e04,images/9c/9c7e1056c0093e04224cfa00c97d95cbd0b908255a5f333a495d758940291c34.jpg,accepted,1412,2160,,true,436.19596,0.99256,0.10629,45,11,437.92056,true,10,0.06999,-1.25908,1.26103,0.03763,-0.06129,true,,-0.60844,-0.70243,-0.59705,-0.70662,0.92508,0.70243,-0.60844,0.74354,-0.69247,-0.28556,-0.36083,,1.00000,1.00000,-0.45979,-0.30425,-0.51396,true,,0.12827,-0.94655,0.14259,-0.94689,0.95757,-0.94655,-0.12827,0.33932,0.19156,0.27882,0.14581,,0.61905,1.00000,true,,-0.30789,-0.89621,-0.29315,-0.89910,0.94568,0.30789,0.89621,0.23507,0.23429,-0.01140,0.40797,,1.00000,1.00000,true,,-0.24881,-1.59799,-0.22712,-1.58986,1.60600,1.25949,-1.01447,0.04654,0.00570,-0.04633,,0.04404,0.91667,1.00000,false,withheld by the app (hand / glare),0.09575,-1.69673,0.11638,-1.68530,1.68932,0.93128,-1.42153,0.12380,0.12101,0.02782,,-0.02452,0.93056,1.00000,true,,0.40855,-1.40341,0.42620,-1.39656,1.46014,-0.34789,-1.41967,0.13285,0.10504,0.08118,,-0.10687,0.95833,1.00000,true,,0.23018,-1.63100,0.25248,-1.63033,1.64976,-1.29740,-1.01485,0.36671,-0.36325,0.04248,,0.02270,0.97222,1.00000,true,,0.70333,-0.75310,0.71802,-0.74444,1.03428,-1.00387,-0.23255,0.44013,-0.01823,-0.43843,,-0.28269,0.83333,1.00000,true,,0.36351,-1.05161,0.38255,-1.04675,1.11447,-0.84061,0.72896,0.30241,-0.29849,0.04187,,-0.10635,0.93056,1.00000,true,,-0.42163,-1.03058,-0.40443,-1.03228,1.10868,0.88043,0.68169,0.16924,0.15935,-0.05689,,0.02539,0.94444,1.00000,true,,-0.20584,-1.14421,-0.18747,-1.13955,1.15486,1.09383,0.39384,0.14650,-0.10847,0.09878,,-0.07832,0.88889,1.00000,1896,genuine_population,gen,bobs_126610_187551,126610,Bob's Watches,https://www.bobswatches.com/images/zUsed-Rolex-Submariner-126610-SKU187551.jpg
f7561ee13418c8e9,images/f7/f7561ee13418c8e98c6c2eca046f883ba9da51e9d4437478af5406a2afa65fe9.jpg,missing,,,,,,,,,,,,,,,,,,,,,,,,,,,,,,,,,,,,,,,,,,,,,,,,,,,,,,,,,,,,,,,,,,,,,,,,,,,,,,,,,,,,,,,,,,,,,,,,,,,,,,,,,,,,,,,,,,,,,,,,,,,,,,,,,,,,,,,,,,,,,,,,,,,,,,,,,,,,,,,,,,,,,,,,,,,,,,,,,,,,,,,,,,,,,,,,,,,,,,genuine_population,gen,bobs_126610LV_188926,126610LV,Bob's Watches,https://www.bobswatches.com/images/zUsed-Rolex-Submariner-126610-SKU188926.jpg
b21d4abe439bd137,images/b2/b21d4abe439bd13755f5d08702a4a3668080f350f6a47ab0f43bd6b3e5b122bc.jpg,missing,,,,,,,,,,,,,,,,,,,,,,,,,,,,,,,,,,,,,,,,,,,,,,,,,,,,,,,,,,,,,,,,,,,,,,,,,,,,,,,,,,,,,,,,,,,,,,,,,,,,,,,,,,,,,,,,,,,,,,,,,,,,,,,,,,,,,,,,,,,,,,,,,,,,,,,,,,,,,,,,,,,,,,,,,,,,,,,,,,,,,,,,,,,,,,,,,,,,,,genuine_population,gen,bobs_126610LN_188657,126610LN,Bob's Watches,https://www.bobswatches.com/images/zUsed-Rolex-Submariner-126610-SKU188657.jpg
a3f3ddfd8182bc0e,images/a3/a3f3ddfd8182bc0e3520a751fc48fc14b2933fe757c1cbc6177c8cd52fe0435a.jpg,missing,,,,,,,,,,,,,,,,,,,,,,,,,,,,,,,,,,,,,,,,,,,,,,,,,,,,,,,,,,,,,,,,,,,,,,,,,,,,,,,,,,,,,,,,,,,,,,,,,,,,,,,,,,,,,,,,,,,,,,,,,,,,,,,,,,,,,,,,,,,,,,,,,,,,,,,,,,,,,,,,,,,,,,,,,,,,,,,,,,,,,,,,,,,,,,,,,,,,,,genuine_population,gen,bobs_126610LN_188633,126610LN,Bob's Watches,https://www.bobswatches.com/images/zUsed-Rolex-Submariner-126610-SKU188633.jpg
d8cf70c295772e87,images/d8/d8cf70c295772e879704e0b31f8f4c08929bccef52fe12446b3d7101dc7ffe02.jpg,missing,,,,,,,,,,,,,,,,,,,,,,,,,,,,,,,,,,,,,,,,,,,,,,,,,,,,,,,,,,,,,,,,,,,,,,,,,,,,,,,,,,,,,,,,,,,,,,,,,,,,,,,,,,,,,,,,,,,,,,,,,,,,,,,,,,,,,,,,,,,,,,,,,,,,,,,,,,,,,,,,,,,,,,,,,,,,,,,,,,,,,,,,,,,,,,,,,,,,,,genuine_population,gen,bobs_126613LB_186670,126613LB,Bob's Watches,https://www.bobswatches.com/images/zUsed-Rolex-Submariner-126613-SKU186670.jpg
01fe8fdc2e390902,images/01/01fe8fdc2e3909026f4d2838364c1386f47d3802891668fc00b83bd97e17b7e2.jpg,accepted,1412,2160,,true,436.83843,0.99598,0.16916,45,11,439.01362,true,9,0.14053,-0.67545,0.68992,0.04123,0.00188,false,withheld by the app (hand / glare),-0.17230,-0.05385,-0.17139,-0.05583,0.18025,0.05385,-0.17230,0.82602,-0.76886,-0.31632,-0.44881,,0.85714,0.90000,-0.58972,-0.32959,-0.52682,true,,0.41432,-0.45251,0.42101,-0.44916,0.61562,-0.45251,-0.41432,0.30678,0.08817,-0.29269,-0.52596,,0.95238,1.00000,true,,0.29550,-0.88248,0.30866,-0.87815,0.93081,-0.29550,0.88248,0.35809,-0.30035,0.19351,0.19765,,1.00000,1.00000,true,,0.26053,-1.00196,0.27020,-0.99212,1.02825,0.99799,-0.27535,0.20560,0.19724,-0.06279,,-0.09184,0.93056,1.00000,false,hand/occluder crosses outline (clean 0.73),,,,,,,,,,,,,0.56944,0.73333,true,,0.09610,-0.71423,0.10284,-0.71349,0.72086,-0.27389,-0.66659,0.19890,-0.19689,-0.02479,,-0.06701,0.91667,1.00000,true,,-0.00905,-0.70915,-0.00176,-0.71129,0.71129,-0.61867,-0.34674,0.26381,-0.24497,0.09539,,-0.06575,0.83333,1.00000,true,,-0.20176,-0.35737,-0.19793,-0.36111,0.41180,-0.20861,0.35341,0.32139,0.29763,0.11747,,-0.10379,0.81944,1.00000,true,,-0.12851,-0.37380,-0.12376,-0.37613,0.39597,-0.07561,0.38797,0.27337,0.23095,-0.14467,,-0.27074,0.94444,1.00000,true,,-0.25643,-0.76181,-0.24611,-0.76265,0.80138,0.60298,0.53154,0.26757,0.23147,-0.13365,,-0.01384,0.91667,1.00000,true,,0.44045,-0.65931,0.44868,-0.64972,0.78959,0.35075,0.71109,0.40096,-0.31746,0.24559,,-0.28873,0.93056,1.00000,1828,genuine_population,gen,bobs_126610LN_188473,126610LN,Bob's Watches,https://www.bobswatches.com/images/zUsed-Rolex-Submariner-126610-SKU188473.jpg
fc58318fbc25608f,images/fc/fc58318fbc25608ff24775db68af10b5adb08291196165412d13cce18c6adee6.jpg,accepted,1412,2160,,true,437.21866,0.99696,0.10934,45,11,439.89517,true,9,0.13990,-1.28840,1.29597,0.03285,-0.04492,true,,-0.90429,-0.62589,-0.89315,-0.63712,1.09711,0.62589,-0.90429,1.07806,-0.78167,-0.74842,-0.48922,,1.00000,1.00000,-0.55973,-0.38923,-0.38276,true,,0.51766,-0.51648,0.52701,-0.50985,0.73327,-0.51648,-0.51766,0.68148,0.66593,-0.13617,-0.41909,,0.76190,1.00000,true,,0.16323,-0.65476,0.17495,-0.65155,0.67463,-0.16323,0.65476,0.40516,-0.15319,-0.37556,-0.13252,,1.00000,1.00000,true,,-0.02347,-1.58817,-0.00045,-1.58021,1.58021,1.36366,-0.81441,0.06749,0.06726,0.00853,,-0.04782,0.84722,1.00000,false,hand/occluder crosses outline (clean 0.67),,,,,,,,,,,,,0.61111,0.66667,true,,0.01336,-1.62536,0.03575,-1.62565,1.62604,-0.80112,-1.41428,0.37952,-0.37631,0.04513,,-0.11036,0.97222,1.00000,false,withheld by the app (hand / glare),0.50495,-1.47753,0.52740,-1.47275,1.56433,-1.02710,-1.17607,0.16931,-0.08554,-0.14577,,-0.09692,0.90278,1.00000,true,,0.35591,-1.20387,0.37700,-1.20139,1.25915,-1.22054,0.29371,0.16292,-0.15925,0.03191,,0.08606,0.81944,0.99444,true,,0.08382,-1.19253,0.10481,-1.19255,1.19715,-0.66885,0.99085,0.21562,-0.03668,0.21230,,-0.13402,0.93056,1.00000,true,,-0.11562,-1.64710,-0.08706,-1.64386,1.64616,0.92368,1.36861,0.53768,0.26376,0.47034,,-0.01151,0.94444,1.00000,true,,-0.23179,-1.04979,-0.21420,-1.04852,1.07017,1.02504,0.32416,0.20890,-0.15164,-0.14499,,-0.10363,0.88889,1.00000,1931,genuine_population,gen,bobs_126610LN_187694,126610LN,Bob's Watches,https://www.bobswatches.com/images/zUsed-Rolex-Submariner-126610-SKU187694.jpg
02d7c97e429c6984,images/02/02d7c97e429c698451fbd54e5ccd2e5f0b51aca5e0a78479fd08308c28a826b0.jpg,missing,,,,,,,,,,,,,,,,,,,,,,,,,,,,,,,,,,,,,,,,,,,,,,,,,,,,,,,,,,,,,,,,,,,,,,,,,,,,,,,,,,,,,,,,,,,,,,,,,,,,,,,,,,,,,,,,,,,,,,,,,,,,,,,,,,,,,,,,,,,,,,,,,,,,,,,,,,,,,,,,,,,,,,,,,,,,,,,,,,,,,,,,,,,,,,,,,,,,,,genuine_population,gen,bobs_126613LB_188787,126613LB,Bob's Watches,https://www.bobswatches.com/images/zUsed-Rolex-Submariner-126613-SKU188787.jpg
4fe700b30687bcd9,images/4f/4fe700b30687bcd9f2777dc6f76be4199a05afbb302e14d8f9a23f4e37d5383f.jpg,missing,,,,,,,,,,,,,,,,,,,,,,,,,,,,,,,,,,,,,,,,,,,,,,,,,,,,,,,,,,,,,,,,,,,,,,,,,,,,,,,,,,,,,,,,,,,,,,,,,,,,,,,,,,,,,,,,,,,,,,,,,,,,,,,,,,,,,,,,,,,,,,,,,,,,,,,,,,,,,,,,,,,,,,,,,,,,,,,,,,,,,,,,,,,,,,,,,,,,,,genuine_population,gen,bobs_126610LV_188769,126610LV,Bob's Watches,https://www.bobswatches.com/images/zUsed-Rolex-Submariner-126610-SKU188769.jpg
c27c0a920cc3b151,images/c2/c27c0a920cc3b1515029cd9e9dbdb5d293e853273db43ff38e3f9232abe167d7.jpg,missing,,,,,,,,,,,,,,,,,,,,,,,,,,,,,,,,,,,,,,,,,,,,,,,,,,,,,,,,,,,,,,,,,,,,,,,,,,,,,,,,,,,,,,,,,,,,,,,,,,,,,,,,,,,,,,,,,,,,,,,,,,,,,,,,,,,,,,,,,,,,,,,,,,,,,,,,,,,,,,,,,,,,,,,,,,,,,,,,,,,,,,,,,,,,,,,,,,,,,,genuine_population,gen,bobs_126610_188269,126610,Bob's Watches,https://www.bobswatches.com/images/zUsed-Rolex-Submariner-126610-SKU188269.jpg
c0147d1f1f8de933,images/c0/c0147d1f1f8de9333643bc2fc189cb5da18c7715bd8193cdec437ecd85c05ccf.jpg,missing,,,,,,,,,,,,,,,,,,,,,,,,,,,,,,,,,,,,,,,,,,,,,,,,,,,,,,,,,,,,,,,,,,,,,,,,,,,,,,,,,,,,,,,,,,,,,,,,,,,,,,,,,,,,,,,,,,,,,,,,,,,,,,,,,,,,,,,,,,,,,,,,,,,,,,,,,,,,,,,,,,,,,,,,,,,,,,,,,,,,,,,,,,,,,,,,,,,,,,genuine_population,gen,bobs_126613_188194,126613,Bob's Watches,https://www.bobswatches.com/images/zUsed-Rolex-Submariner-126613-SKU188194-Black-Dial.jpg
bc5884e26dfda7f0,images/bc/bc5884e26dfda7f0f97854aab9dd940b4fe3c21378612ec07c34ee0117a0daea.jpg,accepted,1412,2160,,true,436.63340,0.99363,0.19205,44,11,438.66933,true,9,-0.39585,-0.52908,0.66078,0.03570,0.00504,true,,-0.84810,0.40900,-0.84816,0.40174,0.93849,-0.40900,-0.84810,1.15875,-1.06282,-0.48153,0.08896,,1.00000,1.00000,-0.07301,0.18722,-0.14016,true,,-0.26728,-0.80206,-0.26524,-0.80473,0.84731,-0.80206,0.26728,0.42432,-0.39226,-0.15945,-0.26433,,0.57143,1.00000,false,withheld by the app (hand / glare),-0.60396,-0.71629,-0.60095,-0.71755,0.93596,0.60396,0.71629,0.18067,0.08766,0.15831,-0.19486,,1.00000,1.00000,true,,-0.53193,-0.61492,-0.52945,-0.61319,0.81013,0.26657,-0.76812,0.22509,-0.11997,-0.19101,,0.01327,0.83333,1.00000,false,outline coverage 0.65; 6/8 octants,,,,,,,,,,,,,0.65278,0.92778,true,,-0.60460,-0.42251,-0.60454,-0.42473,0.73883,-0.73486,-0.06361,0.30243,-0.25375,0.16412,,-0.03520,0.95833,1.00000,false,withheld by the app (hand / glare),-0.52987,-0.41692,-0.53010,-0.41955,0.67604,-0.62599,0.25042,0.16996,-0.09684,0.13917,,0.00059,1.00000,1.00000,false,withheld by the app (hand / glare),-0.33928,0.28956,-0.34187,0.28883,0.44755,0.42040,0.14905,0.74021,0.55213,-0.49088,,-0.12329,0.90278,0.99444,true,,-0.44174,-0.28672,-0.44147,-0.28866,0.52747,0.23920,0.46917,0.22118,0.03195,-0.21879,,-0.14243,0.97222,0.99444,true,,-0.62220,-0.66341,-0.61883,-0.66340,0.90722,0.87055,0.26343,0.13730,0.13462,-0.02711,,-0.03158,0.90278,1.00000,true,,0.08980,-0.99873,0.09449,-0.99181,0.99630,0.82002,0.57713,0.62503,0.03605,0.62557,,-0.10679,0.94444,1.00000,1797,genuine_population,gen,bobs_126610_187742,126610,Bob's Watches,https://www.bobswatches.com/images/zPre-Owned-Rolex-Submariner-126610-SKU187742-Black-Dial.jpg
482e344ce9c60e61,images/48/482e344ce9c60e61f3f3c6d7a1be6a9c6c83841c07f1417b1b2652ecc701538c.jpg,missing,,,,,,,,,,,,,,,,,,,,,,,,,,,,,,,,,,,,,,,,,,,,,,,,,,,,,,,,,,,,,,,,,,,,,,,,,,,,,,,,,,,,,,,,,,,,,,,,,,,,,,,,,,,,,,,,,,,,,,,,,,,,,,,,,,,,,,,,,,,,,,,,,,,,,,,,,,,,,,,,,,,,,,,,,,,,,,,,,,,,,,,,,,,,,,,,,,,,,,genuine_population,gen,bobs_126610LN_188165,126610LN,Bob's Watches,https://www.bobswatches.com/images/zUsed-Rolex-Submariner-126610-SKU188165.jpg
13b790fe24104d85,images/13/13b790fe24104d8512fcbeac811affeb0b5468fc877e4a7aa734c4b1889c6062.jpg,accepted,1412,2160,,true,435.99702,0.99518,0.17928,45,11,437.67333,true,9,0.06176,-0.39469,0.39949,-0.04651,-0.00794,true,,-0.27284,0.41407,-0.27639,0.41005,0.49450,-0.41407,-0.27284,0.70323,-0.64617,-0.28252,-0.12826,,1.00000,1.00000,-0.35551,-0.01180,-0.52530,true,,0.30255,-0.96624,0.31212,-0.96801,1.01709,-0.96624,-0.30255,0.46371,-0.41692,-0.19834,0.01217,,0.90476,1.00000,true,,0.29943,0.03393,0.30008,0.03704,0.30236,-0.29943,-0.03393,0.39326,-0.08675,-0.38267,0.23411,,1.00000,1.00000,false,withheld by the app (hand / glare),0.27794,-0.50176,0.28156,-0.49745,0.57160,0.57351,-0.01017,0.41130,0.36815,0.18621,,-0.04237,0.79167,0.92222,false,hand/occluder crosses outline (clean 0.72),,,,,,,,,,,,,0.63889,0.71667,true,,0.14629,-0.58204,0.15061,-0.58189,0.60107,-0.16433,-0.57721,0.21587,0.14832,-0.15688,,-0.14291,0.90278,1.00000,true,,-0.38651,-0.40096,-0.38399,-0.40604,0.55886,-0.54050,0.13425,0.43657,-0.06206,0.43137,,-0.06847,0.91667,1.00000,true,,-0.08446,-0.57942,-0.07908,-0.58307,0.58841,-0.45956,0.36286,0.27724,0.07704,0.26519,,-0.35601,0.98611,1.00000,true,,0.24620,-0.36823,0.25111,-0.36736,0.44498,-0.39734,0.19580,0.06980,0.01605,-0.06766,,-0.14558,0.98611,1.00000,true,,0.05261,-0.48122,0.05779,-0.48082,0.48428,0.19505,0.44306,0.24597,0.21364,0.12144,,-0.14544,1.00000,1.00000,true,,0.03807,0.14431,0.03668,0.14453,0.14911,-0.14401,-0.03918,0.37527,-0.29121,-0.23759,,-0.08059,0.93056,1.00000,1838,genuine_population,gen,bobs_126613LB_188116,126613LB,Bob's Watches,https://www.bobswatches.com/images/zUsed-Rolex-Submariner-126613-SKU188116.jpg
f2186a8cf60e4801,images/f2/f2186a8cf60e4801c0508781282dd319dcdd2bce3c8ca49f04242ef10779e266.jpg,missing,,,,,,,,,,,,,,,,,,,,,,,,,,,,,,,,,,,,,,,,,,,,,,,,,,,,,,,,,,,,,,,,,,,,,,,,,,,,,,,,,,,,,,,,,,,,,,,,,,,,,,,,,,,,,,,,,,,,,,,,,,,,,,,,,,,,,,,,,,,,,,,,,,,,,,,,,,,,,,,,,,,,,,,,,,,,,,,,,,,,,,,,,,,,,,,,,,,,,,genuine_population,gen,bobs_126613LB_187955,126613LB,Bob's Watches,https://www.bobswatches.com/images/zUsed-Rolex-Submariner-126613-SKU187955-Blue-Dial.jpg
fb0691ed6ac836c7,images/fb/fb0691ed6ac836c737db084558695e7680f2b630134f1671074abafe9ad25b45.jpg,accepted,1412,2160,,true,434.12604,0.99909,0.16149,44,11,437.37727,true,10,0.06815,-0.88108,0.88371,0.06654,0.04035,true,,-0.36710,0.32232,-0.36764,0.31795,0.48606,-0.32232,-0.36710,1.57871,-1.43826,-0.67830,-0.17815,,1.00000,1.00000,-0.36553,-0.02411,-0.29763,true,,-0.41474,-1.38761,-0.41150,-1.39304,1.45254,-1.38761,0.41474,0.76801,-0.72516,0.24594,-0.23138,,0.71429,1.00000,true,,0.14285,-0.77075,0.14796,-0.76909,0.78320,-0.14285,0.77075,0.45727,-0.29874,-0.34644,-0.16865,,1.00000,0.96667,true,,0.73728,-0.84625,0.73738,-0.83615,1.11485,1.10151,0.21538,0.35585,0.06721,0.35012,,-0.02983,0.95833,1.00000,false,withheld by the app (hand / glare),0.59580,-0.83046,0.59553,-0.82280,1.01570,0.93121,-0.42130,0.20498,0.19644,0.06058,,0.19165,0.76389,0.94444,true,,0.27184,0.15121,0.27193,0.15217,0.31161,0.31103,-0.00497,0.71073,0.45962,0.54194,,0.17845,0.95833,1.00000,true,,0.37564,-0.63273,0.37793,-0.63278,0.73705,-0.36014,-0.64167,0.41795,0.13559,-0.39430,,0.04077,0.98611,1.00000,true,,-0.15360,-1.53494,-0.14682,-1.54013,1.54711,-1.25250,0.90049,0.74306,-0.69175,0.26450,,0.00213,0.91667,1.00000,true,,-0.47811,-0.65869,-0.47628,-0.66136,0.81501,0.08471,0.80950,0.38832,0.34593,-0.17362,,-0.09765,1.00000,1.00000,true,,-0.55486,-1.73054,-0.54554,-1.72582,1.81000,1.34580,1.22126,0.74274,0.72366,0.17311,,-0.04792,0.95833,1.00000,true,,-0.32657,-0.60576,-0.32356,-0.60341,0.68469,0.68789,0.02006,0.77776,-0.28138,-0.72855,,-0.01911,0.94444,1.00000,1795,genuine_population,gen,bobs_126618LB_188239,126618LB,Bob's Watches,https://www.bobswatches.com/images/zUsed-Rolex-Submariner-126618-SKU188239-Blue-Dial.jpg
e418538d0e9af0bf,images/e4/e418538d0e9af0bf448c8224d11dcfc07bec579bb3a5bbbd397129a8d2f81555.jpg,missing,,,,,,,,,,,,,,,,,,,,,,,,,,,,,,,,,,,,,,,,,,,,,,,,,,,,,,,,,,,,,,,,,,,,,,,,,,,,,,,,,,,,,,,,,,,,,,,,,,,,,,,,,,,,,,,,,,,,,,,,,,,,,,,,,,,,,,,,,,,,,,,,,,,,,,,,,,,,,,,,,,,,,,,,,,,,,,,,,,,,,,,,,,,,,,,,,,,,,,genuine_population,gen,bobs_126610LN_187904,126610LN,Bob's Watches,https://www.bobswatches.com/images/zUsed-Rolex-Submariner-126610-SKU187904-Black-Dial.jpg
251599d32d9ea9d4,images/25/251599d32d9ea9d4ac722f29849a7f108d6752defb236d3aeac1356097e502e8.jpg,accepted,1412,2160,,true,437.23342,0.98871,0.14964,44,11,438.96086,true,10,0.53091,-0.30220,0.61089,-0.02258,-0.00591,true,,0.85196,0.47612,0.84323,0.48729,0.97391,-0.47612,0.85196,0.79147,-0.70789,0.36212,0.09103,,1.00000,0.96667,-0.06925,0.31601,0.32249,true,,-0.33507,-1.65896,-0.31201,-1.67185,1.70072,-1.65896,0.33507,1.56372,-1.27277,0.89549,0.20521,,0.85714,1.00000,true,,0.10567,0.01280,0.10566,0.01450,0.10665,-0.10567,-0.01280,0.57504,0.49559,-0.28938,-0.47187,,1.00000,1.00000,true,,0.73408,0.03028,0.73185,0.04235,0.73307,0.34082,0.65088,0.40220,-0.11088,0.38765,,-0.16186,0.83333,1.00000,false,withheld by the app (hand / glare),0.39182,-0.49270,0.39695,-0.48414,0.62606,0.58568,-0.23078,0.19501,0.05527,-0.18764,,-0.30546,0.62500,0.97778,true,,0.59247,-0.20872,0.59556,-0.19965,0.62814,0.40873,-0.47699,0.21123,0.18929,0.09219,,-0.30251,0.90278,1.00000,true,,0.93317,-0.79011,0.94592,-0.77863,1.22516,-0.21766,-1.20320,0.57166,-0.13075,-0.55531,,-0.14138,0.75000,1.00000,true,,0.68404,-0.06146,0.68770,-0.05105,0.68960,-0.39525,-0.56167,0.31431,0.21770,-0.22474,,-0.26560,0.80556,0.99444,true,,0.55596,0.39050,0.55113,0.40035,0.68119,-0.28623,-0.61616,0.71432,0.40545,-0.58560,,-0.16834,0.98611,1.00000,true,,0.73623,-0.12467,0.73863,-0.11212,0.74709,-0.57526,0.47608,0.19533,-0.19456,-0.01939,,-0.08378,0.93056,1.00000,true,,0.97157,-0.52025,0.97870,-0.50111,1.09953,-0.03524,1.10153,0.52732,0.03910,0.52734,,-0.10876,0.86111,1.00000,1814,genuine_population,gen,bobs_126613LB_188118,126613LB,Bob's Watches,https://www.bobswatches.com/images/zUsed-Rolex-Submariner-126613-SKU188118.jpg
5f83a69fc3d4ffc2,images/5f/5f83a69fc3d4ffc2998739311d542f9d3eeac480962cdd52ee5fbc4ff38892a4.jpg,accepted,1412,2160,,true,430.20182,0.99531,0.21698,43,11,433.39667,true,9,0.30994,-0.94172,0.99141,-0.01816,0.03675,true,,-0.20650,-0.27642,-0.20607,-0.27303,0.34207,0.27642,-0.20650,0.94978,-0.60634,-0.73914,-0.36039,,1.00000,1.00000,-0.51875,-0.14803,-0.16710,true,,-0.17822,-0.70858,-0.17945,-0.70995,0.73228,-0.70858,0.17822,0.40788,0.29685,0.27764,0.10270,,0.90476,1.00000,true,,-0.00624,-1.22300,-0.00293,-1.21792,1.21793,0.00624,1.22300,0.38245,0.37646,0.06629,-0.00132,,1.00000,0.96667,true,,0.27464,-0.88914,0.27153,-0.87949,0.92045,0.90734,-0.20672,0.22799,-0.00282,-0.22894,,0.01271,0.84722,1.00000,false,hand/occluder crosses outline (clean 0.65),,,,,,,,,,,,,0.70833,0.65000,true,,0.14328,-0.60620,0.14114,-0.60563,0.62186,-0.17901,-0.59663,0.17540,0.08901,0.15139,,-0.13783,0.81944,1.00000,true,,0.45166,-1.13305,0.45022,-1.13555,1.22154,-0.75542,-0.95767,0.44404,-0.02762,-0.44216,,0.11629,0.93056,1.00000,true,,0.18565,-1.29767,0.18789,-1.30060,1.31410,-1.21664,0.48805,0.18804,-0.17838,0.05789,,0.20273,0.94444,1.00000,true,,0.40941,-1.26940,0.41384,-1.26933,1.33508,-0.98926,0.89463,0.18428,-0.18351,0.00469,,0.12690,1.00000,1.00000,true,,0.45116,-1.08765,0.45358,-1.07954,1.17096,0.15311,1.16751,0.03538,0.01319,-0.03289,,0.02151,0.84722,1.00000,true,,0.85388,-0.79509,0.85287,-0.78727,1.16068,0.26163,1.13703,0.37589,-0.33807,0.16913,,-0.10607,0.84722,1.00000,1818,genuine_population,gen,bobs_126618_186721,126618,Bob's Watches,https://www.bobswatches.com/images/zUsed-Rolex-Submariner-126618-SKU186721.jpg
4163cb02953e883c,images/41/4163cb02953e883ca5bdcad1101020dead8bc6cd02823b0598abf2699e543231.jpg,accepted,1412,2160,,true,435.85053,0.99426,0.18874,44,11,438.03600,true,10,-0.10431,-1.17561,1.18023,0.05258,0.02917,true,,-0.17176,-0.77931,-0.16453,-0.77823,0.79543,0.77931,-0.17176,0.62352,-0.58001,-0.23507,-0.31252,,0.90476,1.00000,-0.48961,-0.19806,-0.53744,true,,0.26665,-1.15376,0.27771,-1.15379,1.18674,-1.15376,-0.26665,0.57296,-0.15334,-0.55088,-0.63359,,1.00000,1.00000,true,,-0.22221,-0.77626,-0.21437,-0.77830,0.80728,0.22221,0.77626,0.57219,-0.06755,-0.56830,0.80712,,1.00000,1.00000,true,,-0.32097,-1.13975,-0.31111,-1.13900,1.18072,0.82656,-0.84784,0.46843,-0.32116,-0.34214,,-0.08951,0.98611,1.00000,true,,0.58777,-1.17676,0.59625,-1.16771,1.31112,1.09740,-0.72522,0.45372,0.42191,0.16859,,-0.10847,1.00000,1.00000,true,,0.29675,-0.94020,0.30419,-0.93775,0.98585,-0.21311,-0.96261,0.34063,0.28666,-0.18373,,-0.10439,0.95833,1.00000,true,,-0.73684,-1.06901,-0.72896,-1.07787,1.30122,-1.29421,0.10362,0.57844,-0.40633,0.41026,,-0.10630,1.00000,1.00000,true,,-0.67743,-1.22443,-0.66696,-1.23361,1.40236,-0.72167,1.19889,0.33500,0.05128,0.33028,,-0.17510,0.98611,1.00000,true,,-0.62284,-1.26380,-0.61102,-1.27146,1.41066,-0.09250,1.40590,0.25669,0.20821,0.14918,,-0.17150,0.98611,1.00000,true,,-0.47416,-1.92254,-0.45446,-1.92393,1.97688,1.37190,1.42788,0.57307,0.49736,0.28609,,-0.12820,0.94444,1.00000,true,,0.40988,-1.08053,0.42040,-1.07297,1.15239,0.73082,0.89524,0.57715,-0.53183,0.22568,,-0.24980,0.98611,1.00000,1815,genuine_population,gen,bobs_126613_187705,126613,Bob's Watches,https://www.bobswatches.com/images/zUsed-Rolex-Submariner-126613-SKU187705-Black-Dial.jpg
581fb930196aa829,images/58/581fb930196aa8295ad89d1abe9a9265dd66b414e98f652ef7bc6d09dd19e855.jpg,missing,,,,,,,,,,,,,,,,,,,,,,,,,,,,,,,,,,,,,,,,,,,,,,,,,,,,,,,,,,,,,,,,,,,,,,,,,,,,,,,,,,,,,,,,,,,,,,,,,,,,,,,,,,,,,,,,,,,,,,,,,,,,,,,,,,,,,,,,,,,,,,,,,,,,,,,,,,,,,,,,,,,,,,,,,,,,,,,,,,,,,,,,,,,,,,,,,,,,,,genuine_population,gen,bobs_126610LV_186613,126610LV,Bob's Watches,https://www.bobswatches.com/images/zUsed-Rolex-Submariner-126610-186613.jpg
d4252d094a5ada08,images/d4/d4252d094a5ada08797da8a71868145a1c2e926bc4548afe8fc3d41e8697d586.jpg,missing,,,,,,,,,,,,,,,,,,,,,,,,,,,,,,,,,,,,,,,,,,,,,,,,,,,,,,,,,,,,,,,,,,,,,,,,,,,,,,,,,,,,,,,,,,,,,,,,,,,,,,,,,,,,,,,,,,,,,,,,,,,,,,,,,,,,,,,,,,,,,,,,,,,,,,,,,,,,,,,,,,,,,,,,,,,,,,,,,,,,,,,,,,,,,,,,,,,,,,genuine_population,gen,bobs_126613_187456,126613,Bob's Watches,https://www.bobswatches.com/images/zPre-Owned-Rolex-Submariner-126613-SKU187456-Blue-Dial.jpg
b55e5c5a950dc685,images/b5/b55e5c5a950dc68553edf4cd6a687b6a0dd16185e2bc85ded6fded9736a12829.jpg,missing,,,,,,,,,,,,,,,,,,,,,,,,,,,,,,,,,,,,,,,,,,,,,,,,,,,,,,,,,,,,,,,,,,,,,,,,,,,,,,,,,,,,,,,,,,,,,,,,,,,,,,,,,,,,,,,,,,,,,,,,,,,,,,,,,,,,,,,,,,,,,,,,,,,,,,,,,,,,,,,,,,,,,,,,,,,,,,,,,,,,,,,,,,,,,,,,,,,,,,genuine_population,gen,bobs_126613LN_187741,126613LN,Bob's Watches,https://www.bobswatches.com/images/zPre-Owned-Rolex-Submariner-126613-SKU187741-Black-Dial.jpg
56e9865bad69f0fb,images/56/56e9865bad69f0fb124773ff3370435e142747983a4d3426cbf8ad3bdb09c158.jpg,missing,,,,,,,,,,,,,,,,,,,,,,,,,,,,,,,,,,,,,,,,,,,,,,,,,,,,,,,,,,,,,,,,,,,,,,,,,,,,,,,,,,,,,,,,,,,,,,,,,,,,,,,,,,,,,,,,,,,,,,,,,,,,,,,,,,,,,,,,,,,,,,,,,,,,,,,,,,,,,,,,,,,,,,,,,,,,,,,,,,,,,,,,,,,,,,,,,,,,,,genuine_population,gen,bobs_126613LB_187134,126613LB,Bob's Watches,https://www.bobswatches.com/images/zUsed-Rolex-Submariner-126613-SKU187134.jpg
ebf473c4c7bbdb8d,images/eb/ebf473c4c7bbdb8d1b84ecc6fe5ca928ddc4a9bac94d7f2956bad1684ec6c9b9.jpg,accepted,1412,2160,,true,433.95652,0.99735,0.17632,45,11,437.51448,true,9,-0.39098,-1.48173,1.53244,0.02009,0.07914,true,,0.02946,-0.55975,0.03850,-0.55245,0.55379,0.55975,0.02946,0.98287,-0.99409,-0.03822,0.04073,,0.95238,0.96667,-0.17085,0.26748,0.09483,true,,-0.85057,-1.05544,-0.83601,-1.06923,1.35727,-1.05544,0.85057,0.36250,0.36146,-0.02342,0.09584,,0.52381,1.00000,true,,-0.42684,-2.06440,-0.38670,-2.05987,2.09585,0.42684,2.06440,0.13359,-0.05513,0.12207,0.22365,,0.80952,1.00000,true,,-0.54214,-1.48860,-0.51872,-1.47995,1.56822,1.01810,-1.21381,0.61591,-0.13061,-0.60404,,-0.32173,0.80556,1.00000,false,hand/occluder crosses outline (clean 0.66),,,,,,,,,,,,,0.56944,0.66111,true,,-0.99055,-1.27676,-0.97469,-1.28893,1.61597,-1.49622,-0.61043,0.46753,-0.46629,-0.02489,,-0.18782,0.94444,1.00000,true,,-0.47408,-0.78575,-0.46381,-0.79313,0.91879,-0.91752,0.01769,0.51261,0.50346,-0.09180,,-0.09592,0.97222,1.00000,true,,-1.13830,-1.42287,-1.11628,-1.44087,1.82269,-0.66309,1.69724,0.35939,0.34262,0.10414,,-0.24318,0.95833,1.00000,true,,-0.42527,-2.01414,-0.38714,-2.01659,2.05341,-0.63878,1.95693,0.33031,-0.32810,-0.02720,,-0.28688,0.97222,0.98889,true,,0.10567,-2.13046,0.14669,-2.11007,2.11516,0.97372,1.89787,0.38420,-0.19921,0.32899,,-0.34194,0.97222,1.00000,true,,0.17152,-1.89609,0.20527,-1.87191,1.88313,1.55630,1.09659,0.22216,-0.00767,0.22275,,-0.35860,0.80556,1.00000,1855,genuine_population,gen,bobs_126613_187400,126613,Bob's Watches,https://www.bobswatches.com/images/zPre-Owned-Rolex-Submariner-126613-SKU187400-Blue-Dial.jpg
33c2a257701bdf56,images/33/33c2a257701bdf565e7b25dd61c6c649626f1d227e387fd6016975aaf221a417.jpg,accepted,1412,2160,,true,435.81708,0.99576,0.17701,44,11,438.01602,true,9,-0.27572,0.09190,0.29063,0.14693,-0.03441,true,,-0.70798,0.71040,-0.71436,0.69813,0.99885,-0.71040,-0.70798,1.14444,-1.12973,-0.22315,0.55106,,1.00000,0.96667,0.29888,0.74229,0.33357,true,,0.06739,0.25883,0.06480,0.25998,0.26793,0.25883,-0.06739,0.35527,-0.32471,-0.14226,-0.20038,,0.61905,1.00000,true,,-0.44134,0.97092,-0.45418,0.96453,1.06612,0.44134,-0.97092,0.74741,-0.32178,-0.67621,0.05697,,1.00000,1.00000,true,,0.11054,-0.81237,0.11806,-0.80622,0.81482,0.75880,-0.31046,0.46210,0.45474,0.09388,,-0.00367,0.86111,1.00000,false,outline coverage 0.65; 6/8 octants,,,,,,,,,,,,,0.65278,0.99444,true,,-0.31784,-0.31937,-0.31529,-0.32251,0.45102,-0.43494,-0.11766,0.77893,-0.76827,-0.12318,,0.13699,0.90278,1.00000,true,,0.50137,0.75083,0.49514,0.75688,0.90445,0.90092,-0.05879,0.45233,0.43232,-0.13003,,0.07642,0.95833,1.00000,true,,-1.07519,1.02858,-1.09028,1.01942,1.49263,1.42837,0.41685,0.81730,0.68519,0.44061,,0.03734,0.88889,1.00000,true,,-0.60409,0.30610,-0.60934,0.29996,0.67917,0.67621,0.03695,0.23681,-0.13271,0.19598,,-0.03514,0.98611,1.00000,true,,-1.10280,-0.05480,-1.10236,-0.06644,1.10436,0.98245,-0.50394,0.27748,0.26854,-0.07034,,0.05363,0.87500,1.00000,true,,-0.24451,-0.13828,-0.24268,-0.14017,0.28025,0.24201,-0.14261,0.48986,-0.33662,0.35672,,-0.04755,0.90278,1.00000,1818,genuine_population,gen,bobs_126613_187401,126613,Bob's Watches,https://www.bobswatches.com/images/zPre-Owned-Rolex-Submariner-126613-SKU187401-Black-Dial.jpg
d2c16567dc10dd11,images/d2/d2c16567dc10dd11c0439888d4ba904ddd6d710ed09a4e11899c148e13c0e390.jpg,accepted,1412,2160,,true,434.42594,0.99413,0.19408,44,11,436.73656,true,10,0.02852,-1.16533,1.16568,0.08312,-0.01077,true,,-0.20668,-0.28545,-0.20806,-0.28146,0.35001,0.28545,-0.20668,1.17579,-1.17435,-0.17731,0.21880,,1.00000,1.00000,0.04300,0.29279,-0.14751,true,,0.02297,-0.93323,0.01686,-0.93519,0.93534,-0.93323,-0.02297,0.08533,-0.03909,0.07553,-0.35951,,0.85714,1.00000,true,,-0.33529,-1.00282,-0.33956,-0.99743,1.05364,0.33529,1.00282,0.14195,0.09594,-0.10459,0.16419,,1.00000,0.96667,true,,0.23658,-1.75218,0.22173,-1.73662,1.75072,1.63572,-0.67121,0.31045,0.30929,-0.05096,,0.14281,0.86111,1.00000,true,,0.13737,-2.17561,0.11691,-2.15992,2.16308,1.20677,-1.81545,0.80400,0.29522,-0.75380,,-0.03024,0.70833,0.87778,true,,0.22018,-0.69432,0.21397,-0.69480,0.72700,-0.15647,-0.71139,0.39888,0.10168,0.38647,,0.01836,0.90278,1.00000,true,,-0.54600,-0.59860,-0.55247,-0.59575,0.81249,-0.79141,0.17355,0.86315,-0.09186,0.85653,,-0.02882,0.98611,0.98889,true,,0.29103,-0.77243,0.28829,-0.77575,0.82759,-0.81446,0.13417,0.36246,-0.07870,-0.35255,,-0.06996,0.93056,1.00000,true,,0.09640,-0.80326,0.09359,-0.80366,0.80909,-0.48511,0.64744,0.32565,-0.16424,-0.28067,,-0.02108,0.91667,1.00000,true,,0.20082,-1.29455,0.19584,-1.28726,1.30207,0.47336,1.22152,0.45523,-0.37546,0.25719,,0.11345,0.91667,1.00000,true,,-0.17520,-1.33214,-0.18161,-1.31915,1.33159,1.24126,0.51434,0.05971,-0.04896,-0.03510,,-0.02935,0.88889,1.00000,1790,genuine_population,gen,bobs_126610LN_187573,126610LN,Bob's Watches,https://www.bobswatches.com/images/zUsed-Rolex-Submariner-126610-SKU187573-Black-Dial.jpg
40a774a2922a7689,images/40/40a774a2922a768991a45e30047d3d326d17a486b4a4a70a16c2f673b72f28ed.jpg,missing,,,,,,,,,,,,,,,,,,,,,,,,,,,,,,,,,,,,,,,,,,,,,,,,,,,,,,,,,,,,,,,,,,,,,,,,,,,,,,,,,,,,,,,,,,,,,,,,,,,,,,,,,,,,,,,,,,,,,,,,,,,,,,,,,,,,,,,,,,,,,,,,,,,,,,,,,,,,,,,,,,,,,,,,,,,,,,,,,,,,,,,,,,,,,,,,,,,,,,genuine_population,gen,bobs_126613LN_187374,126613LN,Bob's Watches,https://www.bobswatches.com/images/zUsed-Rolex-Submariner-126613-SKU187374.jpg
799497234d0115d6,images/79/799497234d0115d60d39e979dd661f2e87e927d19df24bebf43612af686e537d.jpg,accepted,1412,2160,,true,436.36608,0.99261,0.19547,45,11,438.31684,true,10,0.08552,-1.32415,1.32691,-0.00792,0.00368,true,,-0.24224,-0.88992,-0.24147,-0.88526,0.91761,0.88992,-0.24224,0.53441,-0.40776,-0.34959,-0.50844,,0.95238,1.00000,-0.51608,-0.38594,-0.09299,true,,-0.49065,-1.84013,-0.49148,-1.84781,1.91206,-1.84013,0.49065,0.74146,-0.48832,0.55416,-0.07151,,0.61905,1.00000,true,,0.46635,-1.09088,0.47055,-1.08994,1.18718,-0.46635,1.09088,0.43814,-0.35511,-0.25592,0.03225,,1.00000,1.00000,true,,0.39547,-1.41215,0.39347,-1.40322,1.45735,1.42070,-0.36359,0.32746,0.25866,0.20275,,-0.16395,0.94444,1.00000,false,withheld by the app (hand / glare),0.45412,-1.50836,0.45067,-1.50126,1.56745,1.14745,-1.07922,0.43780,0.43950,0.00333,,-0.02322,0.72222,0.93889,false,withheld by the app (hand / glare),0.00178,-1.71601,-0.00129,-1.71778,1.71778,-0.85647,-1.48700,0.39962,-0.23898,-0.31959,,-0.05254,0.90278,1.00000,true,,0.04062,-0.99640,0.03987,-0.99955,1.00034,-0.84260,-0.53338,0.34331,0.29110,0.17995,,-0.17645,0.87500,1.00000,true,,-0.00926,-1.30516,-0.00704,-1.31036,1.31038,-1.12567,0.66060,0.10523,0.09289,0.04849,,-0.26079,0.87500,1.00000,true,,-0.06721,-1.32473,-0.06391,-1.32795,1.32948,-0.60416,1.18085,0.16935,0.16032,0.05253,,-0.27621,0.91667,1.00000,true,,-0.06184,-1.08102,-0.05903,-1.07816,1.07977,0.59407,0.90527,0.30933,0.03310,-0.30791,,-0.05616,0.83333,1.00000,true,,0.12429,-1.02730,0.12599,-1.02197,1.02970,0.82752,0.62129,0.28377,-0.24965,-0.13781,,-0.27172,0.90278,1.00000,1830,genuine_population,gen,bobs_126610LN_187222,126610LN,Bob's Watches,https://www.bobswatches.com/images/zUsed-Rolex-Submariner-126610-187222.jpg
a7d8ae8650d10d77,images/a7/a7d8ae8650d10d7780e390511cf273ab530528fd06f677f1217c9881b5907ab1.jpg,missing,,,,,,,,,,,,,,,,,,,,,,,,,,,,,,,,,,,,,,,,,,,,,,,,,,,,,,,,,,,,,,,,,,,,,,,,,,,,,,,,,,,,,,,,,,,,,,,,,,,,,,,,,,,,,,,,,,,,,,,,,,,,,,,,,,,,,,,,,,,,,,,,,,,,,,,,,,,,,,,,,,,,,,,,,,,,,,,,,,,,,,,,,,,,,,,,,,,,,,genuine_population,gen,bobs_126618_186232,126618,Bob's Watches,https://www.bobswatches.com/images/zUsed-Rolex-Submariner-126618-SKU186232.jpg
14114fd254e5f3c3,images/14/14114fd254e5f3c3c799c7b52cff9785cbc720b7fb7ef1fb5b7b73d0b91512b2.jpg,accepted,1412,2160,,true,436.29156,0.98573,0.13793,45,10,438.10685,true,10,0.24568,-0.91315,0.94562,-0.03464,-0.09636,true,,0.16547,0.03674,0.16432,0.03828,0.16872,-0.03674,0.16547,0.97478,-0.83612,0.52084,-0.13655,,1.00000,0.96667,-0.24126,0.02120,0.05420,true,,0.90193,-0.15479,0.90680,-0.14373,0.91812,-0.15479,-0.90193,0.88950,0.88106,-0.10919,-0.33331,,0.61905,1.00000,true,,0.32144,-0.81434,0.33488,-0.80607,0.87286,-0.32144,0.81434,0.45134,0.02720,0.45298,-0.23265,,0.90476,1.00000,true,,-0.51180,-1.42266,-0.49380,-1.41282,1.49663,0.97616,-1.15457,0.34696,0.18559,-0.29696,,-0.31648,0.77778,1.00000,false,withheld by the app (hand / glare),-0.12320,-1.75750,-0.10518,-1.74410,1.74727,0.77205,-1.58364,0.37945,0.23302,-0.30361,,-0.53142,0.69444,0.89444,true,,-0.04791,-1.09586,-0.03682,-1.09528,1.09590,-0.58942,-0.92509,0.62377,-0.20780,0.58840,,-0.40917,0.84722,1.00000,true,,0.54890,-1.51735,0.56819,-1.51278,1.61596,-1.03961,-1.23403,0.23783,-0.23556,0.02791,,-0.27470,1.00000,1.00000,true,,1.06865,-0.87436,1.08483,-0.86202,1.38561,-1.29154,-0.48830,0.29455,-0.25404,-0.14701,,-0.39902,0.88889,1.00000,true,,0.97472,-0.44637,0.98318,-0.43352,1.07452,-1.06732,-0.10079,0.33536,-0.28136,-0.18193,,-0.30242,0.91667,1.00000,true,,0.14742,-0.52350,0.15568,-0.51701,0.53994,0.13408,0.52707,0.21136,-0.00062,0.21248,,-0.36413,0.73611,1.00000,true,,-0.27119,-0.15574,-0.26780,-0.15721,0.31053,0.27047,-0.15699,0.35744,-0.28666,-0.22004,,-0.12282,0.61111,1.00000,1838,genuine_population,gen,bobs_126613LB_186989,126613LB,Bob's Watches,https://www.bobswatches.com/images/zUsed-Rolex-Submariner-126613LB-SKU186989.jpg
841a0c8334f3e71f,images/84/841a0c8334f3e71f5f177f7081168772c108df19078c1f3f4f36f9e8cfa2ee12.jpg,missing,,,,,,,,,,,,,,,,,,,,,,,,,,,,,,,,,,,,,,,,,,,,,,,,,,,,,,,,,,,,,,,,,,,,,,,,,,,,,,,,,,,,,,,,,,,,,,,,,,,,,,,,,,,,,,,,,,,,,,,,,,,,,,,,,,,,,,,,,,,,,,,,,,,,,,,,,,,,,,,,,,,,,,,,,,,,,,,,,,,,,,,,,,,,,,,,,,,,,,genuine_population,gen,bobs_126613_186260,126613,Bob's Watches,https://www.bobswatches.com/images/zUsed-Rolex-Submariner-126613-SKU186260.jpg
62cddc89a147820f,images/62/62cddc89a147820f3829d88d2f2576d2e5c6614e82553374c896394265fa7658.jpg,missing,,,,,,,,,,,,,,,,,,,,,,,,,,,,,,,,,,,,,,,,,,,,,,,,,,,,,,,,,,,,,,,,,,,,,,,,,,,,,,,,,,,,,,,,,,,,,,,,,,,,,,,,,,,,,,,,,,,,,,,,,,,,,,,,,,,,,,,,,,,,,,,,,,,,,,,,,,,,,,,,,,,,,,,,,,,,,,,,,,,,,,,,,,,,,,,,,,,,,,genuine_population,gen,bobs_126613LN_186134,126613LN,Bob's Watches,https://www.bobswatches.com/images/zUsed-Rolex-Submariner-126613LN-SKU186134.jpg
3f1e0be5e376bd92,images/3f/3f1e0be5e376bd9245d95b6109f1a98a1d8ab679279204e2ca389f37ad4313cc.jpg,missing,,,,,,,,,,,,,,,,,,,,,,,,,,,,,,,,,,,,,,,,,,,,,,,,,,,,,,,,,,,,,,,,,,,,,,,,,,,,,,,,,,,,,,,,,,,,,,,,,,,,,,,,,,,,,,,,,,,,,,,,,,,,,,,,,,,,,,,,,,,,,,,,,,,,,,,,,,,,,,,,,,,,,,,,,,,,,,,,,,,,,,,,,,,,,,,,,,,,,,genuine_population,gen,bobs_126613LN_186134,126613LN,Bob's Watches,https://www.bobswatches.com/images/zUsed-Rolex-Submariner-126613LN-Black-Dial-SKU186134.jpg
2fc26427390bb7e6,images/2f/2fc26427390bb7e676fdba373929bfff655c5c2e4f7310feaf8e10be32933440.jpg,accepted,1412,2160,,true,435.72707,0.99147,0.14136,46,11,438.05542,true,10,-0.23640,-0.54444,0.59355,-0.10336,-0.02101,true,,-0.67860,1.09010,-0.67695,1.07921,1.27395,-1.09010,-0.67860,1.30019,-1.27366,-0.31405,-0.40803,,1.00000,1.00000,-0.49955,-0.24657,-0.15643,true,,0.36239,-1.16653,0.36379,-1.17078,1.22600,-1.16653,-0.36239,0.55352,-0.27745,-0.47668,-0.32228,,0.61905,1.00000,true,,0.05281,-0.05760,0.05310,-0.05744,0.07822,-0.05281,0.05760,0.36944,0.05467,-0.36588,-0.06527,,1.00000,1.00000,true,,-0.75243,-0.49769,-0.75122,-0.49496,0.89962,0.05480,-0.90047,0.29949,0.06894,-0.29255,,-0.05199,0.87500,0.99444,false,withheld by the app (hand / glare),-0.30453,-0.71380,-0.30598,-0.70989,0.77302,0.09316,-0.77043,0.39421,0.39339,-0.04934,,-0.14259,0.77778,0.97222,true,,-0.71758,-0.61393,-0.72030,-0.61490,0.94707,-0.92841,-0.17289,0.32245,-0.08279,0.31200,,-0.04733,0.95833,1.00000,true,,-0.94156,-1.03958,-0.94614,-1.04351,1.40858,-1.37108,0.29562,0.64598,-0.41229,0.49442,,-0.25222,0.73611,0.99444,true,,-0.05088,-0.80523,-0.04977,-0.80829,0.80982,-0.67191,0.44668,0.11267,0.05068,0.10009,,0.02653,0.80556,0.98889,true,,0.11134,-0.04382,0.11187,-0.04378,0.12013,-0.11834,-0.01772,0.57475,0.31816,-0.47748,,-0.04232,0.95833,1.00000,true,,0.09654,-0.62475,0.09835,-0.62143,0.62917,0.22877,0.58932,0.38315,0.11987,0.36577,,0.05720,0.94444,1.00000,true,,0.24745,-0.11278,0.24729,-0.11145,0.27124,-0.02605,0.27069,0.41484,-0.24812,0.33322,,0.00718,0.88889,1.00000,1804,genuine_population,gen,bobs_126613LB_186927,126613LB,Bob's Watches,https://www.bobswatches.com/images/zUsed-Rolex-Submariner-126613LB-SKU186927.jpg
8e669f626cbf0fee,images/8e/8e669f626cbf0feefd76f740aa0603535079f88a633deb853275656d697186b9.jpg,missing,,,,,,,,,,,,,,,,,,,,,,,,,,,,,,,,,,,,,,,,,,,,,,,,,,,,,,,,,,,,,,,,,,,,,,,,,,,,,,,,,,,,,,,,,,,,,,,,,,,,,,,,,,,,,,,,,,,,,,,,,,,,,,,,,,,,,,,,,,,,,,,,,,,,,,,,,,,,,,,,,,,,,,,,,,,,,,,,,,,,,,,,,,,,,,,,,,,,,,genuine_population,gen,bobs_126613LB_186927,126613LB,Bob's Watches,https://www.bobswatches.com/images/zUsed-Rolex-Submariner-126613LB-Blue-Dial-SKU186927.jpg
dc0e8616a28d0c7f,images/dc/dc0e8616a28d0c7f0574d6c44ccd4a84a0dddb87fdf6d834212ef9e951b4d395.jpg,accepted,1412,2160,,true,435.50387,0.99191,0.20642,45,11,437.55367,true,8,0.34421,-0.69919,0.77933,0.00574,-0.05352,true,,-0.35926,-0.27009,-0.35478,-0.27330,0.44783,0.27009,-0.35926,0.58143,-0.45559,-0.36703,-0.93499,,0.90476,1.00000,-0.95069,-0.80948,-0.53797,false,side edge coverage 0.48,,,,,,,,,,,,,0.47619,1.00000,true,,0.10679,-0.56607,0.11618,-0.56350,0.57536,-0.10679,0.56607,0.26936,0.20856,0.17076,-0.62707,,1.00000,1.00000,true,,0.17270,-1.04788,0.18497,-1.03754,1.05390,0.99385,-0.37438,0.19495,0.19513,0.02136,,0.01854,0.91667,1.00000,false,outline coverage 0.72; 6/8 octants,,,,,,,,,,,,,0.72222,0.94444,true,,0.65947,-1.21089,0.67369,-1.20182,1.37776,-0.03433,-1.37840,0.26747,0.00841,-0.26755,,-0.00448,0.88889,0.99444,false,withheld by the app (hand / glare),0.16140,-0.79596,0.17155,-0.79569,0.81398,-0.60863,-0.53776,0.47598,-0.18521,0.43722,,-0.01921,0.93056,1.00000,true,,0.67611,-0.38373,0.68430,-0.37541,0.78051,-0.67037,-0.39366,0.15239,0.08747,-0.12428,,-0.10069,0.86111,1.00000,true,,0.64365,-0.24896,0.64951,-0.24010,0.69246,-0.68190,-0.10622,0.22585,-0.05992,-0.21751,,-0.06883,0.97222,0.99444,true,,0.21265,-0.27380,0.21704,-0.26940,0.34595,-0.04726,0.34345,0.16536,-0.13088,-0.10227,,-0.09898,0.94444,1.00000,true,,0.17213,-0.50897,0.17951,-0.50287,0.53395,0.35472,0.40355,0.14388,-0.10958,0.09370,,-0.07394,0.88889,1.00000,1817,genuine_population,gen,bobs_126610_186928,126610,Bob's Watches,https://www.bobswatches.com/images/zUsed-Rolex-Submariner-126610-SKU186928.jpg
f1215dd2f3962870,images/f1/f1215dd2f3962870b01cdbd4f418f2f8352e85805aff0db30fbde609a051dc0b.jpg,accepted,1412,2160,,true,435.41914,0.99019,0.13063,46,11,437.60121,true,9,-0.80185,-0.20376,0.82733,-0.01652,-0.00285,true,,-1.21816,1.12651,-1.22736,1.10353,1.65051,-1.12651,-1.21816,1.31508,-1.26383,-0.39758,0.73344,,1.00000,1.00000,0.55205,0.80754,0.34747,false,side edge coverage 0.48,,,,,,,,,,,,,0.47619,0.80000,true,,-0.75597,-0.35182,-0.75306,-0.35986,0.83463,0.75597,0.35182,0.17317,0.00766,0.17323,-0.03880,,1.00000,0.96667,true,,-1.04080,0.10671,-1.03932,0.09362,1.04352,-0.61281,-0.84800,0.32129,-0.32136,-0.03716,,0.03492,0.95833,1.00000,false,withheld by the app (hand / glare),-0.76575,-0.73773,-0.75855,-0.74261,1.06155,-0.29429,-1.02177,0.56180,0.36256,-0.43351,,-0.02009,0.97222,1.00000,true,,-1.02396,-0.12205,-1.02401,-0.13323,1.03264,-0.94780,0.40628,0.21389,-0.09584,0.19136,,-0.09785,0.83333,1.00000,true,,-1.29630,-0.18453,-1.29796,-0.19880,1.31310,-0.80796,1.03037,0.48531,-0.17857,0.45004,,0.00622,0.88889,1.00000,true,,-0.50917,0.04588,-0.51176,0.04059,0.51336,0.29432,0.41802,0.37835,0.12051,-0.35742,,0.03250,0.88889,1.00000,true,,-0.41665,0.06719,-0.41897,0.06274,0.42364,0.39443,0.15014,0.42871,-0.14478,-0.40272,,0.03392,1.00000,1.00000,true,,-1.07730,-0.18633,-1.07565,-0.19806,1.09373,1.02613,-0.37729,0.31841,0.29182,-0.12695,,0.18257,0.97222,1.00000,true,,-0.28795,-0.37675,-0.28330,-0.37771,0.47215,0.47025,-0.06100,0.55521,-0.04149,0.55474,,0.14200,0.94444,1.00000,1829,genuine_population,gen,bobs_126613LN_186978,126613LN,Bob's Watches,https://www.bobswatches.com/images/zUsed-Rolex-Submariner-126613-SKU186978.jpg
797438392540ded4,images/79/797438392540ded46e7c3c8a5fbd652491205e1408e622f48d709eafed0b686c.jpg,accepted,1411,2160,,true,431.44734,0.99742,0.18731,43,11,434.22029,true,9,-0.13385,-0.64866,0.66232,-0.02649,-0.03900,true,,-0.46937,0.49060,-0.46802,0.48570,0.67450,-0.49060,-0.46937,1.04400,-1.04963,-0.09928,0.07757,,0.90476,1.00000,-0.05477,0.27735,0.31937,true,,0.10182,-1.35519,0.10230,-1.35864,1.36248,-1.35519,-0.10182,0.61860,-0.61692,-0.01137,-0.38081,,0.66667,1.00000,true,,-0.32338,0.28988,-0.32444,0.28890,0.43443,0.32338,-0.28988,0.76670,0.27680,-0.71648,0.44301,,1.00000,0.96667,true,,-0.35935,-1.01752,-0.35988,-1.00823,1.07053,0.70153,-0.81997,0.32568,0.29832,-0.13808,,-0.00223,0.76389,1.00000,false,hand/occluder crosses outline (clean 0.75),,,,,,,,,,,,,0.52778,0.75000,true,,-0.14360,-0.89716,-0.14625,-0.89679,0.90863,-0.57294,-0.70517,0.04972,-0.03792,0.03208,,-0.06448,0.81944,1.00000,true,,-0.36108,-0.57306,-0.36298,-0.57418,0.67930,-0.67683,0.02618,0.47942,0.04745,0.47615,,0.08178,0.98611,1.00000,true,,0.28824,-0.60998,0.29021,-0.61134,0.67673,-0.67238,0.05537,0.16763,-0.08200,-0.14561,,0.04949,0.98611,1.00000,false,withheld by the app (hand / glare),0.10228,-0.35575,0.10353,-0.35571,0.37047,-0.26645,0.25695,0.13813,0.03665,-0.13328,,-0.08886,0.90278,0.97778,true,,-0.45011,-0.34229,-0.44858,-0.34007,0.56291,0.56095,0.07138,0.28193,0.21311,-0.18495,,0.08926,0.84722,1.00000,true,,0.45305,-0.69899,0.45313,-0.69261,0.82767,0.37882,0.74185,0.78673,-0.15828,0.77279,,-0.11789,0.87500,1.00000,1852,genuine_population,gen,bobs_126610LV_186349,126610LV,Bob's Watches,https://www.bobswatches.com/images/zUsed-Rolex-Submariner-126610LV-SKU186349.jpg
0d2b716033880e8e,images/0d/0d2b716033880e8e535418ff0b76532c927e226c16c88adbe8cca7effd8fdd74.jpg,missing,,,,,,,,,,,,,,,,,,,,,,,,,,,,,,,,,,,,,,,,,,,,,,,,,,,,,,,,,,,,,,,,,,,,,,,,,,,,,,,,,,,,,,,,,,,,,,,,,,,,,,,,,,,,,,,,,,,,,,,,,,,,,,,,,,,,,,,,,,,,,,,,,,,,,,,,,,,,,,,,,,,,,,,,,,,,,,,,,,,,,,,,,,,,,,,,,,,,,,genuine_population,gen,bobs_126610LV_186349,126610LV,Bob's Watches,https://www.bobswatches.com/images/zUsed-Rolex-Submariner-126610LV-Starbucks-SKU186349.jpg
d5c5a73c2a9548fa,images/d5/d5c5a73c2a9548faa95124ed2d9fea1f6493e38c814752947c5fb31851230523.jpg,missing,,,,,,,,,,,,,,,,,,,,,,,,,,,,,,,,,,,,,,,,,,,,,,,,,,,,,,,,,,,,,,,,,,,,,,,,,,,,,,,,,,,,,,,,,,,,,,,,,,,,,,,,,,,,,,,,,,,,,,,,,,,,,,,,,,,,,,,,,,,,,,,,,,,,,,,,,,,,,,,,,,,,,,,,,,,,,,,,,,,,,,,,,,,,,,,,,,,,,,genuine_population,gen,bobs_126610LV_185021,126610LV,Bob's Watches,https://www.bobswatches.com/images/zUsed-Rolex-Submariner-126610-Black-Dial-SKU185021.jpg
f6ceb74c788d24b4,images/f6/f6ceb74c788d24b4484598b925d761c6abf7ae388ca039ece9efe1b2a10aee45.jpg,accepted,1412,2160,,true,435.24273,0.99743,0.13981,46,11,438.07663,true,10,0.34418,-1.25280,1.29922,0.02984,0.00645,true,,0.09207,-0.22302,0.09408,-0.21977,0.23906,0.22302,0.09207,1.16399,-1.14182,-0.27855,0.62054,,0.90476,1.00000,0.38901,0.74500,0.23709,true,,-0.36314,-1.16661,-0.35298,-1.17402,1.22594,-1.16661,0.36314,0.65982,-0.00548,0.65692,-0.22389,,0.80952,1.00000,true,,0.35122,-1.29611,0.36932,-1.28936,1.34121,-0.35122,1.29611,0.11962,-0.11925,-0.00169,0.63555,,1.00000,1.00000,true,,-0.05382,-1.62398,-0.04028,-1.60940,1.60990,1.37950,-0.85860,0.55397,0.01602,-0.55537,,0.12634,0.84722,1.00000,false,withheld by the app (hand / glare),0.88718,-1.63011,0.89665,-1.60807,1.84116,1.58338,-0.96813,0.56247,0.55999,-0.08234,,-0.14160,0.62500,0.95000,true,,0.17595,-0.91142,0.18261,-0.90906,0.92722,-0.30333,-0.87729,0.34561,-0.06635,0.33971,,0.11412,0.94444,1.00000,true,,0.34578,-1.00213,0.35522,-1.00087,1.06204,-0.69498,-0.80052,0.14645,0.12456,0.07638,,0.07007,0.93056,1.00000,true,,0.34258,-1.11168,0.35739,-1.11176,1.16779,-1.13403,0.25915,0.12590,0.01672,-0.12431,,0.00883,0.95833,1.00000,true,,0.81339,-1.12082,0.83164,-1.11345,1.38974,-1.26482,0.56396,0.60900,-0.45417,-0.40206,,-0.01911,0.93056,0.99444,true,,0.15642,-1.42919,0.17501,-1.41933,1.43007,0.57913,1.31592,0.13049,0.12942,0.01869,,0.09327,0.90278,1.00000,true,,0.51986,-1.24982,0.53396,-1.23313,1.34377,0.82245,1.07512,0.24009,-0.20982,0.11798,,0.04553,0.88889,1.00000,1808,genuine_population,gen,bobs_126619_186615,126619,Bob's Watches,https://www.bobswatches.com/images/zUsed-Rolex-Submariner-126619-186615.jpg
01a18946b1a8793f,images/01/01a18946b1a8793f9e9f71a8648000b29d54b930b92988cef1b7b0c87e411900.jpg,missing,,,,,,,,,,,,,,,,,,,,,,,,,,,,,,,,,,,,,,,,,,,,,,,,,,,,,,,,,,,,,,,,,,,,,,,,,,,,,,,,,,,,,,,,,,,,,,,,,,,,,,,,,,,,,,,,,,,,,,,,,,,,,,,,,,,,,,,,,,,,,,,,,,,,,,,,,,,,,,,,,,,,,,,,,,,,,,,,,,,,,,,,,,,,,,,,,,,,,,genuine_population,gen,bobs_126619_186615,126619,Bob's Watches,https://www.bobswatches.com/images/zUsed-Rolex-Submariner-126619-Cookie-Monster-SKU186615.jpg
43546f793b03e21c,images/43/43546f793b03e21c19294dbe3adc33535ba2a39cb29d59432783b7370849a2d6.jpg,accepted,1412,2160,,true,434.39771,0.99684,0.13476,46,11,438.12763,true,10,-0.04646,-1.65705,1.65770,-0.07520,0.00459,true,,-0.38611,0.31065,-0.38540,0.30455,0.49120,-0.31065,-0.38611,1.72812,-1.71552,-0.36463,-0.25393,,0.95238,1.00000,-0.44774,-0.05986,-0.25298,true,,-0.09226,-1.98816,-0.08894,-1.99025,1.99224,-1.98816,0.09226,0.07177,-0.06985,0.01607,0.06359,,0.85714,1.00000,true,,0.45649,-1.38028,0.46519,-1.37010,1.44692,-0.45649,1.38028,0.40381,-0.25591,-0.31456,-0.29398,,1.00000,0.96667,true,,-0.43566,-1.44028,-0.43445,-1.42162,1.48652,1.02949,-1.09744,0.27655,-0.12236,-0.24900,,0.02831,0.75000,1.00000,false,withheld by the app (hand / glare),-0.14333,-1.92936,-0.14628,-1.90798,1.91358,0.84055,-1.74254,0.43261,0.31743,-0.30163,,-0.13007,0.68056,0.96111,true,,-0.39530,-1.64329,-0.39882,-1.63934,1.68716,-1.16399,-1.22548,0.16634,-0.01891,0.16588,,0.11177,0.91667,1.00000,true,,-0.43770,-1.66647,-0.43966,-1.66788,1.72485,-1.66205,-0.45417,0.31770,0.07548,0.30846,,0.04844,0.88889,1.00000,true,,0.02224,-1.79020,0.02944,-1.79129,1.79153,-1.56148,0.87584,0.13014,0.12652,-0.02972,,0.14722,0.90278,1.00000,true,,0.16428,-1.90835,0.17534,-1.90368,1.91174,-1.09645,1.57054,0.08131,-0.03719,0.07251,,0.09179,1.00000,1.00000,true,,0.34182,-1.60880,0.35042,-1.59083,1.62897,0.50837,1.56417,0.15315,-0.10055,0.11569,,0.27203,0.88889,1.00000,true,,0.24748,-1.60348,0.25317,-1.58076,1.60090,1.26491,1.01606,0.20459,0.06352,0.19631,,0.07753,0.86111,1.00000,1848,genuine_population,gen,bobs_126613_186482,126613,Bob's Watches,https://www.bobswatches.com/images/zUsed-Rolex-Submariner-126613-186482.jpg
16fe67d46c67d71c,images/16/16fe67d46c67d71c5818fc4cf9bf348a318f33ffa17969fbde42bc4965b3685d.jpg,missing,,,,,,,,,,,,,,,,,,,,,,,,,,,,,,,,,,,,,,,,,,,,,,,,,,,,,,,,,,,,,,,,,,,,,,,,,,,,,,,,,,,,,,,,,,,,,,,,,,,,,,,,,,,,,,,,,,,,,,,,,,,,,,,,,,,,,,,,,,,,,,,,,,,,,,,,,,,,,,,,,,,,,,,,,,,,,,,,,,,,,,,,,,,,,,,,,,,,,,genuine_population,gen,bobs_126613_186840,126613,Bob's Watches,https://www.bobswatches.com/images/zUsed-Rolex-Submariner-126613-SKU186840.jpg
f704185b9b458578,images/f7/f704185b9b458578874d6c7bf87644a64c9543670f22d39bfcdc8ebfb9186034.jpg,missing,,,,,,,,,,,,,,,,,,,,,,,,,,,,,,,,,,,,,,,,,,,,,,,,,,,,,,,,,,,,,,,,,,,,,,,,,,,,,,,,,,,,,,,,,,,,,,,,,,,,,,,,,,,,,,,,,,,,,,,,,,,,,,,,,,,,,,,,,,,,,,,,,,,,,,,,,,,,,,,,,,,,,,,,,,,,,,,,,,,,,,,,,,,,,,,,,,,,,,genuine_population,gen,bobs_126613_186840,126613,Bob's Watches,https://www.bobswatches.com/images/zUsed-Rolex-Submariner-126613-Blue-Dial-SKU186840.jpg
bd8838456936c2eb,images/bd/bd8838456936c2eb86f0cb2c5b9dc47fb03ec53a94f183566c4b3cdd1df149b9.jpg,missing,,,,,,,,,,,,,,,,,,,,,,,,,,,,,,,,,,,,,,,,,,,,,,,,,,,,,,,,,,,,,,,,,,,,,,,,,,,,,,,,,,,,,,,,,,,,,,,,,,,,,,,,,,,,,,,,,,,,,,,,,,,,,,,,,,,,,,,,,,,,,,,,,,,,,,,,,,,,,,,,,,,,,,,,,,,,,,,,,,,,,,,,,,,,,,,,,,,,,,genuine_population,gen,bobs_126613_186540,126613,Bob's Watches,https://www.bobswatches.com/images/zUsed-Rolex-Submariner-126613-SKU186540.jpg
ea2aeb7427784a1a,images/ea/ea2aeb7427784a1acdf4b707d715cae95d1d3b0cf2645393df34cf22589efb30.jpg,missing,,,,,,,,,,,,,,,,,,,,,,,,,,,,,,,,,,,,,,,,,,,,,,,,,,,,,,,,,,,,,,,,,,,,,,,,,,,,,,,,,,,,,,,,,,,,,,,,,,,,,,,,,,,,,,,,,,,,,,,,,,,,,,,,,,,,,,,,,,,,,,,,,,,,,,,,,,,,,,,,,,,,,,,,,,,,,,,,,,,,,,,,,,,,,,,,,,,,,,genuine_population,gen,bobs_126613_186540,126613,Bob's Watches,https://www.bobswatches.com/images/zUsed-Rolex-Submariner-126613-Blue-Dial-SKU186540.jpg
7f623113e7d97d02,images/7f/7f623113e7d97d02698fcf229856b563d1267bc9f3f6ebb50449330de0e84a29.jpg,missing,,,,,,,,,,,,,,,,,,,,,,,,,,,,,,,,,,,,,,,,,,,,,,,,,,,,,,,,,,,,,,,,,,,,,,,,,,,,,,,,,,,,,,,,,,,,,,,,,,,,,,,,,,,,,,,,,,,,,,,,,,,,,,,,,,,,,,,,,,,,,,,,,,,,,,,,,,,,,,,,,,,,,,,,,,,,,,,,,,,,,,,,,,,,,,,,,,,,,,genuine_population,gen,bobs_126613LB_186346,126613LB,Bob's Watches,https://www.bobswatches.com/images/zUsed-Rolex-Submariner-126613-SKU186346.jpg
cf097a4c135f2c6c,images/cf/cf097a4c135f2c6c40c11ce3be5b6e1ca121cbc24bbf510bbeb027a920f69f87.jpg,missing,,,,,,,,,,,,,,,,,,,,,,,,,,,,,,,,,,,,,,,,,,,,,,,,,,,,,,,,,,,,,,,,,,,,,,,,,,,,,,,,,,,,,,,,,,,,,,,,,,,,,,,,,,,,,,,,,,,,,,,,,,,,,,,,,,,,,,,,,,,,,,,,,,,,,,,,,,,,,,,,,,,,,,,,,,,,,,,,,,,,,,,,,,,,,,,,,,,,,,genuine_population,gen,bobs_126613_185630,126613,Bob's Watches,https://www.bobswatches.com/images/zUsed-Rolex-Submariner-126613-Black-Dial-SKU185630.jpg
2b6df7aea552b5a7,images/2b/2b6df7aea552b5a73165c47d4ccaff2e00b752a21e16ed9eb390ab6164aa44a6.jpg,missing,,,,,,,,,,,,,,,,,,,,,,,,,,,,,,,,,,,,,,,,,,,,,,,,,,,,,,,,,,,,,,,,,,,,,,,,,,,,,,,,,,,,,,,,,,,,,,,,,,,,,,,,,,,,,,,,,,,,,,,,,,,,,,,,,,,,,,,,,,,,,,,,,,,,,,,,,,,,,,,,,,,,,,,,,,,,,,,,,,,,,,,,,,,,,,,,,,,,,,genuine_population,gen,bobs_126613_184762,126613,Bob's Watches,https://www.bobswatches.com/images/zUsed-Rolex-Submariner-126613-Blue-Dial-SKU184762.jpg
eaba3984f5a3382e,images/ea/eaba3984f5a3382e2343632b6ee7cbe04035b6a7d01b4df90af05aaa3fdb133d.jpg,missing,,,,,,,,,,,,,,,,,,,,,,,,,,,,,,,,,,,,,,,,,,,,,,,,,,,,,,,,,,,,,,,,,,,,,,,,,,,,,,,,,,,,,,,,,,,,,,,,,,,,,,,,,,,,,,,,,,,,,,,,,,,,,,,,,,,,,,,,,,,,,,,,,,,,,,,,,,,,,,,,,,,,,,,,,,,,,,,,,,,,,,,,,,,,,,,,,,,,,,genuine_population,gen,bobs_126613LN_185741,126613LN,Bob's Watches,https://www.bobswatches.com/images/zUsed-Rolex-Submariner-126613-Black-Dial-SKU185741.jpg
3b739702b1fafe2e,images/3b/3b739702b1fafe2e5c410078e07f6bab4284df3f8b21ab56547fa7bf8398f315.jpg,missing,,,,,,,,,,,,,,,,,,,,,,,,,,,,,,,,,,,,,,,,,,,,,,,,,,,,,,,,,,,,,,,,,,,,,,,,,,,,,,,,,,,,,,,,,,,,,,,,,,,,,,,,,,,,,,,,,,,,,,,,,,,,,,,,,,,,,,,,,,,,,,,,,,,,,,,,,,,,,,,,,,,,,,,,,,,,,,,,,,,,,,,,,,,,,,,,,,,,,,genuine_population,gen,bobs_126613_184472,126613,Bob's Watches,https://www.bobswatches.com/images/zUsed-Rolex-Submariner-126613-Black-Dial-SKU184472-PL.jpg
1b5fa4cfde6ed740,images/1b/1b5fa4cfde6ed74036f25ae3da5ea630cd547864716eaa63e3d465bfecce14de.jpg,accepted,1412,2160,,true,436.00352,0.99336,0.14034,46,11,438.72257,true,10,-0.37557,-0.88439,0.96083,0.01129,0.02632,true,,-0.76031,0.01228,-0.75805,0.00553,0.75807,-0.01228,-0.76031,1.07073,-0.93669,-0.53842,0.07015,,1.00000,1.00000,-0.13932,0.31990,0.21379,true,,-0.77080,-0.86694,-0.76609,-0.87524,1.16316,-0.86694,0.77080,0.23653,-0.01970,0.23489,-0.34507,,0.80952,1.00000,true,,-0.58275,-1.10434,-0.57031,-1.10486,1.24337,0.58275,1.10434,0.17514,0.16222,0.06653,0.30856,,1.00000,1.00000,true,,-0.16007,-0.94936,-0.15326,-0.94114,0.95354,0.74214,-0.61330,0.12589,0.12702,-0.00321,,-0.12247,0.97222,1.00000,false,withheld by the app (hand / glare),-0.20506,-1.10469,-0.19866,-1.09792,1.11574,0.37476,-1.05922,0.34430,0.22368,-0.26542,,-0.12781,0.91667,0.96667,false,withheld by the app (hand / glare),-0.61111,-0.51066,-0.60925,-0.51532,0.79797,-0.78456,-0.13669,0.27847,-0.05081,0.27417,,-0.09983,0.87500,0.97778,true,,-0.51536,-0.57469,-0.51301,-0.57993,0.77427,-0.75538,0.15897,0.19385,0.16208,0.10579,,-0.10978,0.98611,1.00000,true,,-0.39130,-1.14656,-0.38095,-1.15189,1.21325,-0.79730,0.91215,0.26491,-0.26278,-0.02585,,-0.17326,0.98611,1.00000,true,,-0.16648,-0.85148,-0.15715,-0.85235,0.86672,-0.28157,0.82065,0.36794,-0.21108,-0.30107,,-0.15586,1.00000,1.00000,true,,-0.45229,-1.06328,-0.43974,-1.05929,1.14694,0.92333,0.69468,0.11739,0.10899,-0.04410,,-0.02234,0.88889,1.00000,true,,-0.16472,-0.79170,-0.15634,-0.78526,0.80067,0.76799,0.25320,0.22896,-0.23006,-0.02154,,-0.11256,0.94444,1.00000,1759,genuine_population,gen,bobs_126613LB_185969,126613LB,Bob's Watches,https://www.bobswatches.com/images/zUsed-Rolex-Submariner-126613-SKU185969.jpg
b969509d6e79d0ac,images/b9/b969509d6e79d0ac1fcae41514c47c109f5d97fea91812b49d240c12a1058cc7.jpg,missing,,,,,,,,,,,,,,,,,,,,,,,,,,,,,,,,,,,,,,,,,,,,,,,,,,,,,,,,,,,,,,,,,,,,,,,,,,,,,,,,,,,,,,,,,,,,,,,,,,,,,,,,,,,,,,,,,,,,,,,,,,,,,,,,,,,,,,,,,,,,,,,,,,,,,,,,,,,,,,,,,,,,,,,,,,,,,,,,,,,,,,,,,,,,,,,,,,,,,,genuine_population,gen,bobs_126610LV_185223,126610LV,Bob's Watches,https://www.bobswatches.com/images/zUsed-Rolex-Submariner-126610-Black-Dial-SKU185223.jpg
3127ac360cc4299d,images/31/3127ac360cc4299de35fdd28065c7515e93f41829ae5d0c7f6a5918e635c8dc6.jpg,missing,,,,,,,,,,,,,,,,,,,,,,,,,,,,,,,,,,,,,,,,,,,,,,,,,,,,,,,,,,,,,,,,,,,,,,,,,,,,,,,,,,,,,,,,,,,,,,,,,,,,,,,,,,,,,,,,,,,,,,,,,,,,,,,,,,,,,,,,,,,,,,,,,,,,,,,,,,,,,,,,,,,,,,,,,,,,,,,,,,,,,,,,,,,,,,,,,,,,,,genuine_population,gen,bobs_126613LN_185328,126613LN,Bob's Watches,https://www.bobswatches.com/images/zUsed-Rolex-Submariner-126613-Black-Dial-SKU185328.jpg
63a077c60ab88e8c,images/63/63a077c60ab88e8cbb5b2843a6eea68bb1f1f1c616d3330c0832bd28528fe2d8.jpg,accepted,1412,2160,,true,431.03259,0.99824,0.18422,45,11,434.40457,true,9,-0.36889,-1.09055,1.15125,-0.05267,0.09015,false,withheld by the app (hand / glare),-0.28007,-0.03909,-0.27929,-0.03860,0.28195,0.03909,-0.28007,0.97703,-0.87435,-0.45794,-0.07253,,0.95238,1.00000,-0.19117,-0.03311,-0.35868,true,,-0.61758,-1.79310,-0.62057,-1.79545,1.89967,-1.79310,0.61758,0.59006,-0.52313,-0.26961,-0.29512,,0.57143,1.00000,true,,-0.39715,-1.79150,-0.39227,-1.78325,1.82589,0.39715,1.79150,0.26779,0.20248,0.17637,0.22993,,0.95238,0.96667,true,,0.31792,-0.31118,0.31634,-0.30763,0.44125,0.42845,0.11974,0.45322,-0.15064,0.43080,,-0.08086,0.80556,1.00000,false,hand/occluder crosses outline (clean 0.69),,,,,,,,,,,,,0.50000,0.68889,true,,-0.53432,-0.93043,-0.53827,-0.92813,1.07292,-0.92794,-0.53862,0.35213,0.12535,-0.32947,,-0.17033,0.91667,1.00000,true,,-1.04043,-0.97029,-1.04584,-0.97000,1.42642,-1.36051,0.41589,0.09816,-0.04077,0.08895,,-0.12886,0.90278,1.00000,true,,-1.15097,-1.30225,-1.15408,-1.30293,1.74055,-0.55230,1.64790,0.46023,0.39909,0.22466,,-0.10395,0.97222,1.00000,true,,-0.35845,-1.55912,-0.35522,-1.55739,1.59739,-0.46913,1.52946,0.16898,-0.05384,-0.16022,,-0.12571,0.98611,1.00000,true,,-0.27828,-1.62750,-0.27359,-1.61423,1.63725,1.05475,1.27031,0.37635,0.37375,-0.05101,,-0.00629,0.88889,1.00000,true,,0.28210,-0.84840,0.28291,-0.83917,0.88558,0.59369,0.66851,0.36846,-0.35375,-0.11672,,-0.10275,0.94444,1.00000,1831,genuine_population,gen,bobs_126619_184809,126619,Bob's Watches,https://www.bobswatches.com/images/zUsed-Rolex-Submariner-126619-SKU184809.jpg
33745de80e7a4d9f,images/33/33745de80e7a4d9fafdbdabc4c693a054b2850c13bae371978d5c30bfaba751c.jpg,accepted,1412,2160,,true,435.08851,0.99644,0.14699,45,11,437.94115,true,10,0.25741,-1.12881,1.15779,0.05109,-0.00136,true,,-0.01293,-0.74161,-0.01091,-0.73360,0.73368,0.74161,-0.01293,0.62213,-0.57252,-0.25895,-0.20297,,1.00000,0.96667,-0.35185,-0.00427,-0.02445,true,,0.21553,-0.42228,0.21733,-0.42186,0.47455,-0.42228,-0.21553,0.54561,0.54318,0.04667,0.18494,,0.71429,1.00000,true,,0.11911,-1.11992,0.12539,-1.11416,1.12119,-0.11911,1.11992,0.03545,-0.03465,-0.00751,0.03164,,1.00000,1.00000,false,withheld by the app (hand / glare),0.25903,-1.17038,0.25969,-1.15740,1.18618,1.14309,-0.36086,0.14801,-0.14932,-0.00500,,-0.20890,0.69444,0.94444,true,,0.41687,-1.37519,0.41623,-1.36251,1.42467,1.04861,-0.98251,0.14066,0.07867,-0.11802,,-0.38833,0.80556,0.97222,true,,0.32841,-1.03799,0.32891,-1.03476,1.08578,-0.23458,-1.06313,0.08891,-0.06922,0.05568,,-0.21660,0.93056,1.00000,true,,0.59397,-1.31361,0.59709,-1.31194,1.44142,-0.84063,-1.17119,0.41023,-0.16663,-0.37485,,-0.23361,0.98611,1.00000,true,,-0.06542,-1.06724,-0.06108,-1.06800,1.06974,-0.89155,0.59027,0.25461,0.03677,0.25131,,-0.12412,0.91667,1.00000,true,,0.14851,-1.11835,0.15480,-1.11591,1.12660,-0.68779,0.89427,0.09430,-0.08194,0.04667,,-0.21215,0.94444,1.00000,true,,0.25102,-1.33728,0.25789,-1.32588,1.35073,0.45125,1.28362,0.19730,-0.07821,0.18171,,-0.28171,0.87500,1.00000,true,,0.11415,-1.21311,0.11898,-1.20044,1.20632,0.99351,0.70541,0.08573,-0.04458,-0.07404,,-0.26120,0.83333,1.00000,1837,genuine_population,gen,bobs_126613_185761,126613,Bob's Watches,https://www.bobswatches.com/images/zUsed-Rolex-Submariner-126613-185761.jpg
c9004d8d5316fa5f,images/c9/c9004d8d5316fa5fcb452671f0afcb14fcc7ea376347d587c6d3f5af1d4fc49c.jpg,missing,,,,,,,,,,,,,,,,,,,,,,,,,,,,,,,,,,,,,,,,,,,,,,,,,,,,,,,,,,,,,,,,,,,,,,,,,,,,,,,,,,,,,,,,,,,,,,,,,,,,,,,,,,,,,,,,,,,,,,,,,,,,,,,,,,,,,,,,,,,,,,,,,,,,,,,,,,,,,,,,,,,,,,,,,,,,,,,,,,,,,,,,,,,,,,,,,,,,,,genuine_population,gen,bobs_126613_185761,126613,Bob's Watches,https://www.bobswatches.com/images/zUsed-Rolex-Submariner-126613-Blue-Dial-SKU185761.jpg
1d30fcbe630fd98e,images/1d/1d30fcbe630fd98e997604b3a022900463f475a14cb3951d593229628581e19b.jpg,missing,,,,,,,,,,,,,,,,,,,,,,,,,,,,,,,,,,,,,,,,,,,,,,,,,,,,,,,,,,,,,,,,,,,,,,,,,,,,,,,,,,,,,,,,,,,,,,,,,,,,,,,,,,,,,,,,,,,,,,,,,,,,,,,,,,,,,,,,,,,,,,,,,,,,,,,,,,,,,,,,,,,,,,,,,,,,,,,,,,,,,,,,,,,,,,,,,,,,,,genuine_population,gen,bobs_126613LN_185485,126613LN,Bob's Watches,https://www.bobswatches.com/images/zUsed-Rolex-Submariner-126613-Black-Dial-SKU185485.jpg
5cc54f9348e6fc46,images/5c/5cc54f9348e6fc46b9eb3a627cded3bc232af4b2344e0871a0e627ab553b664f.jpg,accepted,1412,2160,,true,436.25991,0.99626,0.13759,44,11,438.90221,true,9,-0.08458,-0.51789,0.52476,0.05459,0.01565,true,,-0.64762,0.11779,-0.64681,0.11545,0.65703,-0.11779,-0.64762,1.05242,-0.82786,-0.65811,-0.41359,,1.00000,1.00000,-0.51916,-0.25773,-0.23272,false,one-sided edge (CI 38054695092): edge-affected,-0.47599,-0.32421,-0.47691,-0.32570,0.57752,-0.32421,0.47599,0.30083,0.01251,0.29966,-0.08836,,0.61905,0.96667,true,,-0.33384,-0.45624,-0.33280,-0.45637,0.56483,0.33384,0.45624,0.16724,0.06665,-0.15337,0.44808,,0.61905,1.00000,true,,-0.03682,-0.83139,-0.03644,-0.82645,0.82726,0.70160,-0.44758,0.23355,0.10021,-0.21194,,-0.27589,0.91667,1.00000,false,hand/occluder crosses outline (clean 0.69),,,,,,,,,,,,,0.55556,0.69444,true,,0.09458,-0.32234,0.09450,-0.32224,0.33581,-0.07926,-0.32644,0.06162,0.05899,-0.01753,,-0.15244,0.91667,1.00000,true,,-0.39333,-0.23098,-0.39410,-0.23198,0.45731,-0.39670,0.22514,0.32921,-0.09986,0.31301,,0.05115,0.88889,1.00000,true,,0.12165,-0.43170,0.12325,-0.43273,0.44994,-0.43468,0.11050,0.39172,-0.22316,-0.32023,,0.03266,1.00000,1.00000,true,,-0.24345,-0.19891,-0.24348,-0.19953,0.31480,0.11138,0.29398,0.31270,0.10185,-0.29534,,-0.21293,0.94444,1.00000,true,,0.04457,-0.83939,0.04761,-0.83639,0.83774,0.38110,0.74922,0.28601,-0.14702,0.24522,,-0.11067,0.90278,1.00000,true,,-0.03571,-0.92835,-0.03316,-0.92341,0.92400,0.82183,0.43325,0.20113,0.13512,0.15030,,0.04893,1.00000,1.00000,1812,genuine_population,gen,bobs_126619_183451,126619,Bob's Watches,https://www.bobswatches.com/images/zUsed-Rolex-Submariner-126619-Cookie-Monster-SKU183451-PL.jpg
edcec0c4435c38cb,images/ed/edcec0c4435c38cb94ff90097a813300326c761493f02471f434f43cdd42c0bc.jpg,missing,,,,,,,,,,,,,,,,,,,,,,,,,,,,,,,,,,,,,,,,,,,,,,,,,,,,,,,,,,,,,,,,,,,,,,,,,,,,,,,,,,,,,,,,,,,,,,,,,,,,,,,,,,,,,,,,,,,,,,,,,,,,,,,,,,,,,,,,,,,,,,,,,,,,,,,,,,,,,,,,,,,,,,,,,,,,,,,,,,,,,,,,,,,,,,,,,,,,,,genuine_population,gen,bobs_126619_183451,126619,Bob's Watches,https://www.bobswatches.com/images/zUsed-Rolex-Submariner-126619-Timing-Bezel-SKU183451.jpg
a95f4fee8662dbda,images/a9/a95f4fee8662dbdadda3d8ba36c1ff36ff2ba84ac29586b86aa25c4e5e7d7359.jpg,accepted,1412,2160,,true,435.30640,0.98958,0.15898,45,11,437.72546,true,10,-0.19321,-0.95801,0.97730,-0.04576,0.06415,true,,-0.13267,0.55022,-0.13536,0.54715,0.56364,-0.55022,-0.13267,1.38132,-1.34818,-0.32615,0.19738,,1.00000,0.96667,-0.03145,0.37875,0.02781,true,,-0.64988,-0.86501,-0.64653,-0.86991,1.08386,-0.86501,0.64988,0.25830,0.24509,0.07967,-0.06881,,0.85714,1.00000,true,,0.07312,-1.45826,0.08315,-1.45669,1.45906,-0.07312,1.45826,0.17524,-0.11925,0.12820,-0.06896,,1.00000,1.00000,false,withheld by the app (hand / glare),-0.14362,-0.42116,-0.14157,-0.42018,0.44339,0.29293,-0.33496,0.28611,-0.27469,-0.08305,,-0.11750,0.83333,0.95000,false,withheld by the app (hand / glare),-0.39818,-0.62747,-0.39542,-0.62764,0.74181,-0.03110,-0.74250,0.27536,-0.17551,-0.21246,,-0.16769,0.80556,0.97222,true,,-0.29396,-0.63130,-0.29177,-0.63300,0.69701,-0.57022,-0.39974,0.25294,0.24341,-0.06789,,-0.03818,0.86111,1.00000,true,,-0.73074,-0.91638,-0.72779,-0.92146,1.17421,-1.15897,0.17465,0.10720,-0.06722,0.08329,,-0.05214,0.90278,1.00000,true,,-0.31679,-1.46557,-0.30845,-1.47002,1.50203,-1.11082,1.00714,0.22193,-0.21726,-0.04226,,-0.15332,0.90278,0.98889,true,,-0.24006,-1.23044,-0.23214,-1.23264,1.25431,-0.40732,1.18562,0.15538,0.06304,-0.14190,,-0.04108,0.95833,1.00000,true,,-0.12002,-1.05429,-0.11292,-1.05222,1.05826,0.63109,0.85303,0.31128,0.14341,-0.27630,,0.02574,0.87500,1.00000,true,,0.61830,-1.43457,0.62644,-1.42587,1.55741,0.93322,1.25275,0.57055,0.16742,0.54663,,-0.10784,0.93056,1.00000,1801,genuine_population,gen,bobs_126610LV_184634,126610LV,Bob's Watches,https://www.bobswatches.com/images/zUsed-Rolex-Submariner-126610-Black-Dial-SKU184634.jpg
ec0c0425b4dd3194,images/ec/ec0c0425b4dd3194931d5c3ba1774c4b1346135c077cd7465dbc282aae496677.jpg,accepted,1412,2160,,true,434.97868,0.99760,0.12049,46,11,438.80954,true,10,-0.29828,-1.21168,1.24785,-0.01403,-0.01308,true,,-0.31833,-0.30292,-0.31300,-0.30218,0.43507,0.30292,-0.31833,0.85422,-0.86340,0.07593,0.48534,,1.00000,0.96667,0.41815,0.61946,0.72666,true,,-0.56114,-2.11914,-0.53538,-2.12960,2.19587,-2.11914,0.56114,0.91727,-0.85687,0.32296,0.02756,,0.52381,0.96667,true,,0.14632,-0.38575,0.15282,-0.38161,0.41107,-0.14632,0.38575,0.85370,-0.41379,-0.75375,-0.27077,,0.52381,1.00000,true,,-0.20806,-0.89361,-0.19759,-0.88401,0.90583,0.66986,-0.62699,0.37379,-0.17562,0.33438,,-0.30834,0.86111,1.00000,false,withheld by the app (hand / glare),0.07330,-1.45813,0.08669,-1.44233,1.44493,0.79254,-1.22613,0.50909,0.50699,0.06514,,-0.44424,0.76389,0.97778,true,,-0.13851,-1.25576,-0.12703,-1.25520,1.26161,-0.74783,-1.01826,0.18721,0.18214,-0.04120,,-0.38140,0.84722,1.00000,true,,-0.36354,-1.21468,-0.35150,-1.22059,1.27020,-1.23371,-0.29251,0.12764,0.02617,0.12463,,-0.30774,0.91667,1.00000,true,,-0.40219,-1.19366,-0.38527,-1.19978,1.26012,-0.83265,0.94513,0.18594,0.11302,0.14675,,-0.32339,0.88889,1.00000,true,,-0.34856,-1.18103,-0.32927,-1.18268,1.22766,-0.28866,1.19708,0.11913,0.09709,0.06879,,-0.38830,0.93056,0.99444,true,,-0.45188,-1.22422,-0.43028,-1.21649,1.29034,1.00345,0.83426,0.17346,0.17366,0.02018,,-0.35594,0.97222,0.99444,true,,-0.76509,-1.20000,-0.74388,-1.19247,1.40547,1.42178,-0.06259,0.40912,0.26209,-0.31674,,-0.27087,0.88889,1.00000,1823,genuine_population,gen,bobs_126613LB_185523,126613LB,Bob's Watches,https://www.bobswatches.com/images/zUsed-Rolex-Submariner-126613-SKU185523.jpg
94ad771e9e2aedde,images/94/94ad771e9e2aedde628b6ed98ac337afe58bb45b3f297564b40f4d6fd64aaf21.jpg,missing,,,,,,,,,,,,,,,,,,,,,,,,,,,,,,,,,,,,,,,,,,,,,,,,,,,,,,,,,,,,,,,,,,,,,,,,,,,,,,,,,,,,,,,,,,,,,,,,,,,,,,,,,,,,,,,,,,,,,,,,,,,,,,,,,,,,,,,,,,,,,,,,,,,,,,,,,,,,,,,,,,,,,,,,,,,,,,,,,,,,,,,,,,,,,,,,,,,,,,genuine_population,gen,bobs_126613LB_185523,126613LB,Bob's Watches,https://www.bobswatches.com/images/zUsed-Rolex-Submariner-126613-Blue-Dial-SKU185523.jpg
2d16a83c1a8bc6a6,images/2d/2d16a83c1a8bc6a6c7804fb5aeef4d1a6f2575e0a6145bb2d3bf859f5d43ccf0.jpg,missing,,,,,,,,,,,,,,,,,,,,,,,,,,,,,,,,,,,,,,,,,,,,,,,,,,,,,,,,,,,,,,,,,,,,,,,,,,,,,,,,,,,,,,,,,,,,,,,,,,,,,,,,,,,,,,,,,,,,,,,,,,,,,,,,,,,,,,,,,,,,,,,,,,,,,,,,,,,,,,,,,,,,,,,,,,,,,,,,,,,,,,,,,,,,,,,,,,,,,,genuine_population,gen,bobs_126610LV_185325,126610LV,Bob's Watches,https://www.bobswatches.com/images/zUsed-Rolex-Submariner-126610-Starbucks-SKU185325.jpg
e379d48768bf2d16,images/e3/e379d48768bf2d1613c9646fc962bf2e19312f6b037f1a896ea9e39cfedf347d.jpg,missing,,,,,,,,,,,,,,,,,,,,,,,,,,,,,,,,,,,,,,,,,,,,,,,,,,,,,,,,,,,,,,,,,,,,,,,,,,,,,,,,,,,,,,,,,,,,,,,,,,,,,,,,,,,,,,,,,,,,,,,,,,,,,,,,,,,,,,,,,,,,,,,,,,,,,,,,,,,,,,,,,,,,,,,,,,,,,,,,,,,,,,,,,,,,,,,,,,,,,,genuine_population,gen,bobs_126610LV_185325,126610LV,Bob's Watches,https://www.bobswatches.com/images/zUsed-Rolex-Submariner-126610-Timing-Bezel-SKU185325.jpg
d17202c689d957d2,images/d1/d17202c689d957d23122448b79e8acaa00aedcd6e03ff05ef0b37697a3ed70b1.jpg,accepted,1412,2160,,true,437.42576,0.98904,0.19967,46,11,439.10955,true,9,0.28145,-0.45853,0.53802,-0.04874,0.12151,true,,0.79951,0.31672,0.79504,0.32470,0.85879,-0.31672,0.79951,0.64416,-0.60757,-0.22102,0.34910,,1.00000,1.00000,0.25014,0.43332,0.29592,false,side edge coverage 0.43,,,,,,,,,,,,,0.42857,1.00000,true,,0.33470,-0.95670,0.34688,-0.95266,1.01385,-0.33470,0.95670,0.23636,0.10410,-0.21207,-0.34128,,0.95238,1.00000,true,,0.72337,0.28796,0.71946,0.29521,0.77767,0.11231,0.77044,0.25088,-0.25175,0.00443,,-0.23117,0.91667,1.00000,true,,0.91975,0.09762,0.91786,0.10782,0.92417,0.74771,0.54441,0.45330,0.45157,0.04862,,-0.08583,0.94444,1.00000,true,,-0.09333,-0.07474,-0.09268,-0.07584,0.11976,-0.11820,-0.01806,0.24223,0.04754,-0.23752,,-0.16423,0.98611,1.00000,false,withheld by the app (hand / glare),-0.97824,-0.32603,-0.97637,-0.33745,1.03304,-0.77147,0.68416,0.52051,-0.33552,0.39679,,-0.23278,0.83333,0.95556,true,,-0.23611,-1.07093,-0.22404,-1.07615,1.09922,-0.80940,0.73995,0.09782,-0.09711,-0.00931,,-0.32216,0.98611,1.00000,true,,-0.01667,-1.05517,-0.00369,-1.05677,1.05678,-0.51314,0.92214,0.16370,0.13123,-0.09733,,-0.30329,0.94444,1.00000,true,,0.90814,-0.91994,0.91947,-0.90781,1.29211,-0.32650,1.25076,0.15067,-0.14401,-0.04505,,-0.23935,0.84722,1.00000,true,,1.08792,-0.84592,1.09691,-0.83066,1.37594,0.18863,1.36512,0.16987,0.10091,0.13723,,-0.20348,0.86111,1.00000,1777,genuine_population,gen,bobs_126610_182922,126610,Bob's Watches,https://www.bobswatches.com/images/zUsed-Rolex-Submariner-126610-Black-Chromalight-Dial-SKU182922-PL.jpg
6149f9363338c14f,images/61/6149f9363338c14f6e8d7c7065e75410de4048f670c2b6d9db116bedf19a7636.jpg,accepted,1412,2160,,true,437.23444,0.98811,0.16992,44,11,438.33556,true,10,0.09261,-0.40056,0.41113,0.10652,0.00101,true,,-0.33928,-0.27095,-0.33872,-0.27071,0.43361,0.27095,-0.33928,0.66510,-0.50280,-0.43771,-0.40718,,1.00000,1.00000,-0.48197,-0.25035,-0.11172,true,,-0.09428,0.11954,-0.09453,0.11979,0.15260,0.11954,0.09428,0.24572,0.16573,0.18070,-0.33113,,0.80952,1.00000,true,,-0.38411,-0.13829,-0.38417,-0.13879,0.40847,0.38411,0.13829,0.29486,0.12196,-0.26818,-0.09672,,0.80952,1.00000,true,,0.32227,-0.81798,0.32194,-0.81548,0.87673,0.86953,-0.12989,0.09759,0.09658,-0.01577,,-0.03900,0.91667,0.94444,false,withheld by the app (hand / glare),0.37899,-0.78982,0.37829,-0.78809,0.87418,0.72312,-0.49451,0.20943,0.06304,-0.19997,,-0.10798,0.70833,0.97222,true,,0.18806,-0.29715,0.18802,-0.29735,0.35181,0.01428,-0.35137,0.24802,-0.24519,0.03543,,-0.11176,0.86111,1.00000,true,,-0.03203,0.41606,-0.03209,0.41706,0.41829,0.34431,0.23577,0.57560,0.26525,0.50971,,-0.24975,0.91667,1.00000,true,,0.10189,-0.38373,0.10266,-0.38470,0.39816,-0.38327,0.10362,0.37181,-0.37006,-0.02305,,-0.03672,0.95833,1.00000,true,,0.41390,0.06770,0.41442,0.06824,0.42000,-0.32459,-0.26558,0.71359,-0.42425,-0.57266,,-0.03405,0.94444,1.00000,true,,-0.24229,-0.86303,-0.24059,-0.86243,0.89536,0.64134,0.62626,0.26690,0.14107,0.22691,,0.14512,0.91667,1.00000,true,,-0.08999,-0.97090,-0.08850,-0.96888,0.97291,0.88582,0.40751,0.23765,0.20514,0.12102,,-0.00427,0.87500,0.99444,1813,genuine_population,gen,bobs_126610_183641,126610,Bob's Watches,https://www.bobswatches.com/images/zUsed-Rolex-Submariner-126610-Black-Dial-SKU183641-PL.jpg
821f211e705bfd5b,images/82/821f211e705bfd5bcac6085d38d6453045738bb82d9c6603cadc5eab6342acce.jpg,missing,,,,,,,,,,,,,,,,,,,,,,,,,,,,,,,,,,,,,,,,,,,,,,,,,,,,,,,,,,,,,,,,,,,,,,,,,,,,,,,,,,,,,,,,,,,,,,,,,,,,,,,,,,,,,,,,,,,,,,,,,,,,,,,,,,,,,,,,,,,,,,,,,,,,,,,,,,,,,,,,,,,,,,,,,,,,,,,,,,,,,,,,,,,,,,,,,,,,,,genuine_population,gen,bobs_126610_184365,126610,Bob's Watches,https://www.bobswatches.com/images/zUsed-Rolex-Submariner-126610-Black-Dial-SKU184365.jpg
9f0e707ad066ee21,images/9f/9f0e707ad066ee218c379365d85e3baec626dd283ffe784bb99c88ff65717273.jpg,missing,,,,,,,,,,,,,,,,,,,,,,,,,,,,,,,,,,,,,,,,,,,,,,,,,,,,,,,,,,,,,,,,,,,,,,,,,,,,,,,,,,,,,,,,,,,,,,,,,,,,,,,,,,,,,,,,,,,,,,,,,,,,,,,,,,,,,,,,,,,,,,,,,,,,,,,,,,,,,,,,,,,,,,,,,,,,,,,,,,,,,,,,,,,,,,,,,,,,,,genuine_population,gen,bobs_126610_184350,126610,Bob's Watches,https://www.bobswatches.com/images/zUsed-Rolex-Submariner-126610-SKU184350.jpg
9a7e4cbaac04e690,images/9a/9a7e4cbaac04e6908f2eb9cd1de33da1e2cfbae54cca1d60268ed4cb637be6a9.jpg,accepted,1412,2160,,true,435.25983,0.99416,0.19442,46,11,437.17137,true,10,-0.69712,-0.71658,0.99973,0.13378,0.07394,true,,-0.20162,-0.57383,-0.19521,-0.57400,0.60629,0.57383,-0.20162,0.60364,-0.60348,0.05215,0.25966,,1.00000,1.00000,0.08046,0.39708,0.10978,true,,-1.07213,-0.31456,-1.07022,-0.32601,1.11877,-0.31456,1.07213,0.07790,-0.04856,-0.06076,0.01566,,0.71429,1.00000,true,,-1.00986,-1.28913,-0.99525,-1.29866,1.63616,1.00986,1.28913,0.20512,-0.13871,0.15094,0.23123,,1.00000,1.00000,true,,-0.35238,-0.89234,-0.34286,-0.89314,0.95669,0.59660,-0.75134,0.28289,-0.14172,-0.24515,,-0.02301,0.87500,1.00000,true,,-0.24913,-0.78577,-0.24120,-0.78639,0.82255,0.17713,-0.80506,0.29965,-0.04342,-0.29692,,-0.04097,0.77778,0.98889,true,,-0.76083,0.12372,-0.76235,0.11570,0.77108,-0.59703,0.48756,0.31029,-0.10765,0.29106,,-0.04910,0.90278,1.00000,true,,-0.80369,0.56015,-0.81031,0.55220,0.98057,0.08326,0.97609,0.63192,0.57458,0.26183,,-0.07644,0.81944,1.00000,false,withheld by the app (hand / glare),-1.36291,-0.67542,-1.35736,-0.69028,1.52279,0.09652,1.51803,0.14994,-0.11679,0.09383,,0.04304,0.90278,1.00000,true,,-0.85609,-0.41741,-0.85231,-0.42651,0.95307,0.53269,0.78954,0.66694,-0.19839,-0.63660,,0.00033,0.97222,1.00000,true,,-0.49400,-2.05676,-0.46962,-2.05766,2.11057,1.45619,1.53421,0.81199,0.01518,0.81270,,0.08258,0.84722,1.00000,true,,-0.95750,-1.33615,-0.94176,-1.34240,1.63980,1.63589,-0.16114,0.41260,0.19293,-0.36488,,0.01125,0.93056,1.00000,1782,genuine_population,gen,bobs_126610_184157,126610,Bob's Watches,https://www.bobswatches.com/images/zUsed-Rolex-Submariner-126610-Black-Chromalight-Dial-SKU184157.jpg
8b8dcdf8b24dfa70,images/8b/8b8dcdf8b24dfa7038962febee0ac92c8df42f257efdbadfdf22dcc5cdd4245f.jpg,missing,,,,,,,,,,,,,,,,,,,,,,,,,,,,,,,,,,,,,,,,,,,,,,,,,,,,,,,,,,,,,,,,,,,,,,,,,,,,,,,,,,,,,,,,,,,,,,,,,,,,,,,,,,,,,,,,,,,,,,,,,,,,,,,,,,,,,,,,,,,,,,,,,,,,,,,,,,,,,,,,,,,,,,,,,,,,,,,,,,,,,,,,,,,,,,,,,,,,,,genuine_population,gen,bobs_126610_182339,126610,Bob's Watches,https://www.bobswatches.com/images/zUsed-Rolex-Submariner-126610-Black-Dial-SKU182339.jpg
7edebd84fe6d3576,images/7e/7edebd84fe6d3576a31b327350a2973cc2cc2949cd95d6eaaf2f3cfbfdaf5fb0.jpg,accepted,1412,2160,,true,431.31831,0.99659,0.14306,46,11,434.69317,true,10,0.56486,-1.17388,1.30271,-0.00411,0.09369,true,,0.38768,0.19740,0.38680,0.19561,0.43345,-0.19740,0.38768,1.53846,-1.36332,-0.74541,0.04015,,1.00000,1.00000,-0.09692,0.24414,0.28001,true,,-0.07980,-1.09821,-0.08057,-1.09922,1.10217,-1.09821,0.07980,0.14244,0.09552,0.10526,0.36977,,0.57143,1.00000,true,,0.47419,-1.66302,0.47918,-1.65512,1.72309,-0.47419,1.66302,0.11892,0.10438,-0.05674,0.46841,,1.00000,0.96667,true,,1.08678,-0.89557,1.08209,-0.88476,1.39775,1.31898,0.49340,0.03276,0.02891,0.01585,,-0.05036,0.88889,1.00000,true,,0.81162,-0.96582,0.80702,-0.95675,1.25166,1.18580,-0.43062,0.29285,0.12089,-0.26937,,-0.13600,0.77778,0.96111,true,,0.08107,-0.82293,0.07853,-0.82101,0.82476,-0.34126,-0.75322,0.22798,-0.22598,-0.02694,,-0.02939,0.93056,1.00000,true,,-0.20759,-0.90183,-0.21003,-0.90207,0.92619,-0.88480,-0.27114,0.26529,-0.13072,0.22997,,-0.01677,0.87500,1.00000,true,,0.07206,-1.29865,0.07385,-1.29960,1.30169,-1.16069,0.58692,0.18341,0.15841,-0.09215,,-0.04318,0.91667,1.00000,true,,0.52340,-1.40595,0.52832,-1.40376,1.49989,-1.15625,0.95588,0.36712,-0.06231,-0.36198,,-0.05522,0.93056,1.00000,true,,0.87587,-1.70226,0.87975,-1.68824,1.90371,0.09261,1.91213,0.02972,0.00636,0.02924,,0.14505,0.95833,1.00000,true,,1.48666,-1.60074,1.48609,-1.58270,2.17103,0.64295,2.08786,0.43679,-0.08209,0.43012,,0.03204,0.79167,1.00000,1815,genuine_population,gen,bobs_126619_183920,126619,Bob's Watches,https://www.bobswatches.com/images/zUsed-Rolex-Submariner-126619-SKU183920.jpg
5d345c84b7a33a84,images/5d/5d345c84b7a33a84fc48f88324805f84f89b7874b19adde808c57d9b9ee563ca.jpg,missing,,,,,,,,,,,,,,,,,,,,,,,,,,,,,,,,,,,,,,,,,,,,,,,,,,,,,,,,,,,,,,,,,,,,,,,,,,,,,,,,,,,,,,,,,,,,,,,,,,,,,,,,,,,,,,,,,,,,,,,,,,,,,,,,,,,,,,,,,,,,,,,,,,,,,,,,,,,,,,,,,,,,,,,,,,,,,,,,,,,,,,,,,,,,,,,,,,,,,,genuine_population,gen,bobs_126610_183619,126610,Bob's Watches,https://www.bobswatches.com/images/zUsed-Rolex-Submariner-126610-SKU183619-PL.jpg
c48c8527766eae1b,images/c4/c48c8527766eae1b2e7b7c9a3b764ab36327359342d5aae5046549a20fa3e562.jpg,missing,,,,,,,,,,,,,,,,,,,,,,,,,,,,,,,,,,,,,,,,,,,,,,,,,,,,,,,,,,,,,,,,,,,,,,,,,,,,,,,,,,,,,,,,,,,,,,,,,,,,,,,,,,,,,,,,,,,,,,,,,,,,,,,,,,,,,,,,,,,,,,,,,,,,,,,,,,,,,,,,,,,,,,,,,,,,,,,,,,,,,,,,,,,,,,,,,,,,,,genuine_population,gen,bobs_126610_183729,126610,Bob's Watches,https://www.bobswatches.com/images/zUsed-Rolex-Submariner-126610-Black-Dial-SKU183729.jpg
8bf300f04ff016a2,images/8b/8bf300f04ff016a2c6e3c2455264fa9afcf89a089187eb56c4afd5869b4692e1.jpg,missing,,,,,,,,,,,,,,,,,,,,,,,,,,,,,,,,,,,,,,,,,,,,,,,,,,,,,,,,,,,,,,,,,,,,,,,,,,,,,,,,,,,,,,,,,,,,,,,,,,,,,,,,,,,,,,,,,,,,,,,,,,,,,,,,,,,,,,,,,,,,,,,,,,,,,,,,,,,,,,,,,,,,,,,,,,,,,,,,,,,,,,,,,,,,,,,,,,,,,,genuine_population,gen,bobs_126610_183729,126610,Bob's Watches,https://www.bobswatches.com/images/zUsed-Rolex-Submariner-126610-Black-Timing-Bezel-SKU183729.jpg
a4e2235125ec8276,images/a4/a4e2235125ec82769b975f36e9e32d688e210565cada8c1ad7d5e1e993b150e9.jpg,missing,,,,,,,,,,,,,,,,,,,,,,,,,,,,,,,,,,,,,,,,,,,,,,,,,,,,,,,,,,,,,,,,,,,,,,,,,,,,,,,,,,,,,,,,,,,,,,,,,,,,,,,,,,,,,,,,,,,,,,,,,,,,,,,,,,,,,,,,,,,,,,,,,,,,,,,,,,,,,,,,,,,,,,,,,,,,,,,,,,,,,,,,,,,,,,,,,,,,,,genuine_population,gen,bobs_126610_183659,126610,Bob's Watches,https://www.bobswatches.com/images/zUsed-Rolex-Submariner-126610-Black-Chromalight-Dial-SKU183659.jpg
4cf1d7e23e0cb03c,images/4c/4cf1d7e23e0cb03c2d5f197495da1a0c8e29aa8e8dd0b1cfd48a9b006a4e371b.jpg,missing,,,,,,,,,,,,,,,,,,,,,,,,,,,,,,,,,,,,,,,,,,,,,,,,,,,,,,,,,,,,,,,,,,,,,,,,,,,,,,,,,,,,,,,,,,,,,,,,,,,,,,,,,,,,,,,,,,,,,,,,,,,,,,,,,,,,,,,,,,,,,,,,,,,,,,,,,,,,,,,,,,,,,,,,,,,,,,,,,,,,,,,,,,,,,,,,,,,,,,genuine_population,gen,bobs_126610_183342,126610,Bob's Watches,https://www.bobswatches.com/images/zUsed-Rolex-Submariner-126610-Black-Dial-SKU183342.jpg
5b50cae73df65ade,images/5b/5b50cae73df65adec4fae3412ed4a0c1b35c021806f4a12be252aa0e708f9329.jpg,missing,,,,,,,,,,,,,,,,,,,,,,,,,,,,,,,,,,,,,,,,,,,,,,,,,,,,,,,,,,,,,,,,,,,,,,,,,,,,,,,,,,,,,,,,,,,,,,,,,,,,,,,,,,,,,,,,,,,,,,,,,,,,,,,,,,,,,,,,,,,,,,,,,,,,,,,,,,,,,,,,,,,,,,,,,,,,,,,,,,,,,,,,,,,,,,,,,,,,,,genuine_population,gen,bobs_126610_183342,126610,Bob's Watches,https://www.bobswatches.com/images/zUsed-Rolex-Submariner-126610-Timing-Bezel-SKU183342.jpg
b66e57eab506f280,images/b6/b66e57eab506f2807f800972c49d8321817d6b35c1f698c2ad795f8b2f17982b.jpg,missing,,,,,,,,,,,,,,,,,,,,,,,,,,,,,,,,,,,,,,,,,,,,,,,,,,,,,,,,,,,,,,,,,,,,,,,,,,,,,,,,,,,,,,,,,,,,,,,,,,,,,,,,,,,,,,,,,,,,,,,,,,,,,,,,,,,,,,,,,,,,,,,,,,,,,,,,,,,,,,,,,,,,,,,,,,,,,,,,,,,,,,,,,,,,,,,,,,,,,,genuine_population,gen,bobs_126610_182997,126610,Bob's Watches,https://www.bobswatches.com/images/zUsed-Rolex-Submariner-126610-Black-Dial-SKU182997.jpg
8de27ac793b8182b,images/8d/8de27ac793b8182b2a7b2cb5eb2730d680c050a05ba5d56022f0dde66fb672f6.jpg,missing,,,,,,,,,,,,,,,,,,,,,,,,,,,,,,,,,,,,,,,,,,,,,,,,,,,,,,,,,,,,,,,,,,,,,,,,,,,,,,,,,,,,,,,,,,,,,,,,,,,,,,,,,,,,,,,,,,,,,,,,,,,,,,,,,,,,,,,,,,,,,,,,,,,,,,,,,,,,,,,,,,,,,,,,,,,,,,,,,,,,,,,,,,,,,,,,,,,,,,genuine_population,gen,bobs_126610_183355,126610,Bob's Watches,https://www.bobswatches.com/images/zUsed-Rolex-Submariner-126610-Black-Dial-SKU183355.jpg
b18b8f4187e697a6,images/b1/b18b8f4187e697a69f42d2459def82b7480c4d916ebb580b696f8d820e3e5cc5.jpg,missing,,,,,,,,,,,,,,,,,,,,,,,,,,,,,,,,,,,,,,,,,,,,,,,,,,,,,,,,,,,,,,,,,,,,,,,,,,,,,,,,,,,,,,,,,,,,,,,,,,,,,,,,,,,,,,,,,,,,,,,,,,,,,,,,,,,,,,,,,,,,,,,,,,,,,,,,,,,,,,,,,,,,,,,,,,,,,,,,,,,,,,,,,,,,,,,,,,,,,,genuine_population,gen,bobs_126610_183354,126610,Bob's Watches,https://www.bobswatches.com/images/zUsed-Rolex-Submariner-126610-Black-Dial-SKU183354.jpg
579234e6f1d53b8a,images/57/579234e6f1d53b8a0b73cbf326e3a56659a653ae40c8f80b6a4b67ec072a5262.jpg,missing,,,,,,,,,,,,,,,,,,,,,,,,,,,,,,,,,,,,,,,,,,,,,,,,,,,,,,,,,,,,,,,,,,,,,,,,,,,,,,,,,,,,,,,,,,,,,,,,,,,,,,,,,,,,,,,,,,,,,,,,,,,,,,,,,,,,,,,,,,,,,,,,,,,,,,,,,,,,,,,,,,,,,,,,,,,,,,,,,,,,,,,,,,,,,,,,,,,,,,genuine_population,gen,bobs_126610_182808,126610,Bob's Watches,https://www.bobswatches.com/images/zUsed-Rolex-Submariner-126610-Black-Dial-SKU182808.jpg
20ec57ce88dc1757,images/20/20ec57ce88dc1757297cd83aefc4e30b08a22363ec82feae3e647e224aee03bb.jpg,missing,,,,,,,,,,,,,,,,,,,,,,,,,,,,,,,,,,,,,,,,,,,,,,,,,,,,,,,,,,,,,,,,,,,,,,,,,,,,,,,,,,,,,,,,,,,,,,,,,,,,,,,,,,,,,,,,,,,,,,,,,,,,,,,,,,,,,,,,,,,,,,,,,,,,,,,,,,,,,,,,,,,,,,,,,,,,,,,,,,,,,,,,,,,,,,,,,,,,,,genuine_population,gen,bobs_126610_182785,126610,Bob's Watches,https://www.bobswatches.com/images/zUsed-Rolex-Submariner-126610-Black-Chromalight-Dial-SKU182785.jpg
e0b1914b15eda819,images/e0/e0b1914b15eda8197b3b78325a5c9bc00365e36d753fb48a5c29a0adcb0e2383.jpg,missing,,,,,,,,,,,,,,,,,,,,,,,,,,,,,,,,,,,,,,,,,,,,,,,,,,,,,,,,,,,,,,,,,,,,,,,,,,,,,,,,,,,,,,,,,,,,,,,,,,,,,,,,,,,,,,,,,,,,,,,,,,,,,,,,,,,,,,,,,,,,,,,,,,,,,,,,,,,,,,,,,,,,,,,,,,,,,,,,,,,,,,,,,,,,,,,,,,,,,,genuine_population,gen,bobs_126610_182385,126610,Bob's Watches,https://www.bobswatches.com/images/zUsed-Rolex-Submariner-126610-Black-Dial-SKU182385.jpg
991611efcc003a73,images/99/991611efcc003a7310ec96ffb40078f16813d5dc3754def1188d8ffa81490511.jpg,missing,,,,,,,,,,,,,,,,,,,,,,,,,,,,,,,,,,,,,,,,,,,,,,,,,,,,,,,,,,,,,,,,,,,,,,,,,,,,,,,,,,,,,,,,,,,,,,,,,,,,,,,,,,,,,,,,,,,,,,,,,,,,,,,,,,,,,,,,,,,,,,,,,,,,,,,,,,,,,,,,,,,,,,,,,,,,,,,,,,,,,,,,,,,,,,,,,,,,,,genuine_population,gen,bobs_126610_182385,126610,Bob's Watches,https://www.bobswatches.com/images/zUsed-Rolex-Submariner-126610-Black-Dial-182385s.jpg
5ae931778c5a0dcf,images/5a/5ae931778c5a0dcf5fa8f6113c859ec615558c6b869f9ea432a4fa14c45c72d1.jpg,missing,,,,,,,,,,,,,,,,,,,,,,,,,,,,,,,,,,,,,,,,,,,,,,,,,,,,,,,,,,,,,,,,,,,,,,,,,,,,,,,,,,,,,,,,,,,,,,,,,,,,,,,,,,,,,,,,,,,,,,,,,,,,,,,,,,,,,,,,,,,,,,,,,,,,,,,,,,,,,,,,,,,,,,,,,,,,,,,,,,,,,,,,,,,,,,,,,,,,,,genuine_population,gen,bobs_126610LN_182036,126610LN,Bob's Watches,https://www.bobswatches.com/images/zUsed-Rolex-Submariner-126610-Black-Chromalight-Dial-SKU182036.jpg
7193f4c6830ca5f1,images/71/7193f4c6830ca5f16dbeefbe1baf9d388d9017a3e3af9c89d20d9658e6602464.jpg,missing,,,,,,,,,,,,,,,,,,,,,,,,,,,,,,,,,,,,,,,,,,,,,,,,,,,,,,,,,,,,,,,,,,,,,,,,,,,,,,,,,,,,,,,,,,,,,,,,,,,,,,,,,,,,,,,,,,,,,,,,,,,,,,,,,,,,,,,,,,,,,,,,,,,,,,,,,,,,,,,,,,,,,,,,,,,,,,,,,,,,,,,,,,,,,,,,,,,,,,genuine_population,gen,bobs_126610LN_182036,126610LN,Bob's Watches,https://www.bobswatches.com/images/zUsed-Rolex-Submariner-126610-Black-Timing-Bezel-SKU182036.jpg
00736f3ec8a8c9a8,images/00/00736f3ec8a8c9a8aa31e3b302ab973361e4bfc468c556326ae53ec1dc89c8a9.jpg,missing,,,,,,,,,,,,,,,,,,,,,,,,,,,,,,,,,,,,,,,,,,,,,,,,,,,,,,,,,,,,,,,,,,,,,,,,,,,,,,,,,,,,,,,,,,,,,,,,,,,,,,,,,,,,,,,,,,,,,,,,,,,,,,,,,,,,,,,,,,,,,,,,,,,,,,,,,,,,,,,,,,,,,,,,,,,,,,,,,,,,,,,,,,,,,,,,,,,,,,genuine_population,gen,bobs_126610LN_182036,126610LN,Bob's Watches,https://www.bobswatches.com/images/zUsed-Rolex-Submariner-126610-Oyster-182036s.jpg
055788cbb4162266,images/05/055788cbb4162266d4aa9e2b179fa9202146e436d66ef393b2685cdbb16dc7e8.jpg,missing,,,,,,,,,,,,,,,,,,,,,,,,,,,,,,,,,,,,,,,,,,,,,,,,,,,,,,,,,,,,,,,,,,,,,,,,,,,,,,,,,,,,,,,,,,,,,,,,,,,,,,,,,,,,,,,,,,,,,,,,,,,,,,,,,,,,,,,,,,,,,,,,,,,,,,,,,,,,,,,,,,,,,,,,,,,,,,,,,,,,,,,,,,,,,,,,,,,,,,genuine_population,gen,bobs_126610_181672,126610,Bob's Watches,https://www.bobswatches.com/images/zUsed-Rolex-Submariner-126610-Black-Timing-Bezel-SKU181672.jpg
ca0d92124a225495,images/ca/ca0d92124a2254957d1c03bafd7028461700459925d0f844e03e889513775769.jpg,missing,,,,,,,,,,,,,,,,,,,,,,,,,,,,,,,,,,,,,,,,,,,,,,,,,,,,,,,,,,,,,,,,,,,,,,,,,,,,,,,,,,,,,,,,,,,,,,,,,,,,,,,,,,,,,,,,,,,,,,,,,,,,,,,,,,,,,,,,,,,,,,,,,,,,,,,,,,,,,,,,,,,,,,,,,,,,,,,,,,,,,,,,,,,,,,,,,,,,,,genuine_population,gen,bobs_126610_181672,126610,Bob's Watches,https://www.bobswatches.com/images/zy-181672s.jpg
f70db34a623f04a6,images/f7/f70db34a623f04a6980563dae70a3d17e9609a884d3b3c332c55e1d39ad57de4.jpg,missing,,,,,,,,,,,,,,,,,,,,,,,,,,,,,,,,,,,,,,,,,,,,,,,,,,,,,,,,,,,,,,,,,,,,,,,,,,,,,,,,,,,,,,,,,,,,,,,,,,,,,,,,,,,,,,,,,,,,,,,,,,,,,,,,,,,,,,,,,,,,,,,,,,,,,,,,,,,,,,,,,,,,,,,,,,,,,,,,,,,,,,,,,,,,,,,,,,,,,,genuine_population,gen,bobs_126610LN_180634,126610LN,Bob's Watches,https://www.bobswatches.com/images/zUsed-Rolex-Submariner-126610-Black-Chromalight-Dial-SKU180634.jpg
4963f5501fcac299,images/49/4963f5501fcac29987637526f988de6cebea3ac58e6079e93ba8c642224402b2.jpg,missing,,,,,,,,,,,,,,,,,,,,,,,,,,,,,,,,,,,,,,,,,,,,,,,,,,,,,,,,,,,,,,,,,,,,,,,,,,,,,,,,,,,,,,,,,,,,,,,,,,,,,,,,,,,,,,,,,,,,,,,,,,,,,,,,,,,,,,,,,,,,,,,,,,,,,,,,,,,,,,,,,,,,,,,,,,,,,,,,,,,,,,,,,,,,,,,,,,,,,,genuine_population,gen,bobs_126610_181397,126610,Bob's Watches,https://www.bobswatches.com/images/zUsed-Rolex-Submariner-126610-Black-Chromalight-Dial-SKU181397.jpg
1144b8350919ede4,images/11/1144b8350919ede4084c881ed1995cc3fa39d00122bebe9799978cc8a8673538.jpg,missing,,,,,,,,,,,,,,,,,,,,,,,,,,,,,,,,,,,,,,,,,,,,,,,,,,,,,,,,,,,,,,,,,,,,,,,,,,,,,,,,,,,,,,,,,,,,,,,,,,,,,,,,,,,,,,,,,,,,,,,,,,,,,,,,,,,,,,,,,,,,,,,,,,,,,,,,,,,,,,,,,,,,,,,,,,,,,,,,,,,,,,,,,,,,,,,,,,,,,,genuine_population,gen,bobs_126610_181397,126610,Bob's Watches,https://www.bobswatches.com/images/zUsed-Rolex-Submariner-126610-Black-Timing-Bezel-181397s.jpg
7ff894019fbdbfb5,images/7f/7ff894019fbdbfb5f99a290f50cb45d320add40598648a206870446aa7190c7a.jpg,accepted,1412,2160,,true,434.85399,0.99476,0.13521,45,11,437.46058,true,9,-0.39368,-2.25377,2.28790,0.01088,-0.04231,true,,-0.48718,-0.53729,-0.48177,-0.53705,0.72148,0.53729,-0.48718,1.75074,-1.75626,0.18186,0.27436,,0.95238,0.96667,0.09804,0.49147,0.42020,true,,0.68771,-2.18803,0.70722,-2.19061,2.30194,-2.18803,-0.68771,0.85712,0.03135,-0.85340,0.10936,,0.71429,1.00000,true,,-0.29221,-1.50362,-0.27642,-1.50329,1.52849,0.29221,1.50362,0.52867,-0.15481,-0.50669,0.30355,,0.52381,0.96667,true,,-0.68715,-2.45932,-0.67034,-2.44538,2.53559,1.78626,-1.82475,0.07813,-0.00035,-0.07834,,-0.10418,0.91667,0.99444,false,outline coverage 0.72; 6/8 octants,,,,,,,,,,,,,0.72222,0.96667,true,,-0.66525,-2.23322,-0.65515,-2.23996,2.33380,-1.69274,-1.60140,0.47836,-0.24786,0.40929,,-0.15960,0.95833,1.00000,true,,-0.62974,-2.31458,-0.61737,-2.32690,2.40740,-2.31935,-0.61192,0.46872,-0.19930,0.42281,,-0.03854,0.94444,1.00000,true,,-0.08953,-2.07087,-0.07036,-2.07897,2.08016,-1.74866,1.11297,0.11526,-0.03950,-0.10782,,-0.15009,0.90278,1.00000,true,,-0.33805,-2.19298,-0.31583,-2.19874,2.22130,-0.80373,2.06820,0.18633,-0.07055,0.17223,,-0.09089,1.00000,1.00000,true,,-1.05562,-2.31313,-1.03103,-2.31050,2.53010,2.07076,1.47542,0.54740,0.54844,-0.00966,,-0.12992,0.97222,1.00000,true,,-0.32124,-2.49556,-0.29742,-2.47916,2.49694,2.32184,0.96957,0.47479,0.12433,0.46047,,-0.07309,0.94444,1.00000,1825,genuine_population,gen,bobs_126613LB_194104,126613LB,Bob's Watches,https://www.bobswatches.com/images/zUsed-Rolex-Submariner-126613-SKU194104.jpg
0aec1cbf82d8d0b4,images/0a/0aec1cbf82d8d0b4ace641486211d00e6c36c12c618ed37c46e91e84514a3f85.jpg,accepted,1412,2160,,true,435.26473,0.99548,0.14103,45,11,437.61297,true,9,0.19013,-1.12513,1.14108,0.00114,0.05598,true,,0.00595,-0.36512,0.00911,-0.36291,0.36303,0.36512,0.00595,0.91973,-0.76710,-0.51590,-0.38669,,0.95238,1.00000,-0.52577,-0.32463,-0.66444,true,,0.28851,-0.68628,0.29536,-0.68592,0.74681,-0.68628,-0.28851,0.61791,0.43813,-0.43293,0.25328,,0.71429,1.00000,true,,0.28595,-1.92446,0.30755,-1.92034,1.94481,-0.28595,1.92446,0.48414,-0.10960,0.47167,0.35419,,0.80952,1.00000,true,,0.60671,-1.10127,0.61378,-1.08908,1.25013,1.25708,-0.02520,0.18816,0.18587,0.03502,,0.04385,0.95833,1.00000,false,outline coverage 0.71; 6/8 octants,,,,,,,,,,,,,0.70833,0.81667,true,,-0.23800,-0.96262,-0.23177,-0.96546,0.99289,-0.68743,-0.71466,0.28398,-0.28340,0.00461,,0.00171,0.88889,1.00000,false,withheld by the app (hand / glare),-0.27088,-1.17109,-0.26259,-1.17660,1.20554,-1.14963,-0.35095,0.26841,-0.26671,0.02129,,0.05898,0.86111,0.91111,true,,-0.15340,-1.23829,-0.14154,-1.24360,1.25163,-0.99569,0.75199,0.06774,0.06737,-0.00398,,-0.04380,0.90278,1.00000,true,,-0.28040,-1.28317,-0.26729,-1.28783,1.31527,-0.39875,1.25146,0.31878,0.31730,0.01660,,-0.03422,0.97222,1.00000,true,,0.35398,-1.47527,0.37005,-1.46719,1.51313,0.43108,1.45462,0.04375,0.01891,0.03960,,0.08615,0.97222,1.00000,true,,0.52303,-0.93152,0.53179,-0.92160,1.06403,0.54520,0.91871,0.37483,-0.34586,-0.14928,,-0.01557,0.94444,1.00000,1865,genuine_population,gen,bobs_126610_193556,126610,Bob's Watches,https://www.bobswatches.com/images/zUsed-Rolex-Submariner-126610-SKU193556.jpg
9a1f3e30447c10fe,images/9a/9a1f3e30447c10fe4808518f78fa42fe242aa934c916248de454c52e69d4baa2.jpg,accepted,1412,2160,,true,437.50848,0.99066,0.18115,44,11,438.32211,true,9,0.27985,-1.47316,1.49951,0.05284,0.02277,true,,-0.20980,-1.35094,-0.20282,-1.34318,1.35841,1.35094,-0.20980,0.69233,-0.31162,-0.62105,-0.14509,,0.90476,0.96667,-0.30805,-0.03045,-0.31873,true,,-0.42572,-1.86492,-0.41807,-1.87400,1.92007,-1.86492,0.42572,0.80159,-0.56327,0.56556,0.36669,,0.66667,1.00000,true,,-0.02097,-1.51972,-0.00951,-1.51912,1.51915,0.02097,1.51972,0.14813,0.11721,-0.08995,0.65051,,1.00000,1.00000,true,,0.36513,-1.96955,0.37144,-1.95286,1.98787,1.88825,-0.66856,0.41628,0.28426,-0.30714,,0.08553,0.98611,1.00000,false,hand/occluder crosses outline (clean 0.56),,,,,,,,,,,,,0.75000,0.55556,true,,0.48843,-1.37190,0.49237,-1.36891,1.45476,-0.26296,-1.43232,0.16646,0.05173,-0.15847,,0.07565,0.81944,1.00000,true,,0.03613,-0.68648,0.03873,-0.68802,0.68911,-0.57644,-0.37453,0.59541,0.37862,0.45811,,-0.01287,0.90278,1.00000,true,,0.50253,-0.68821,0.50953,-0.68783,0.85599,-0.84727,-0.09110,0.83147,0.37984,-0.73593,,-0.04777,0.88889,1.00000,true,,0.19114,-1.81772,0.20560,-1.82048,1.83205,-1.07439,1.47862,0.34844,-0.28849,0.19342,,0.05518,0.94444,1.00000,true,,0.63279,-1.81065,0.64758,-1.79980,1.91275,0.35731,1.88446,0.46863,-0.33425,0.32721,,0.00022,0.97222,1.00000,true,,0.13697,-1.55294,0.14689,-1.54286,1.54984,1.27640,0.89509,0.22705,-0.05553,-0.22096,,-0.07681,0.83333,1.00000,1898,genuine_population,gen,bobs_126610_192485,126610,Bob's Watches,https://www.bobswatches.com/images/zUsed-Rolex-Submariner-126610-SKU192485.jpg
5fb17e8687395123,images/5f/5fb17e8687395123ea30ad2779c9598335295ce208886cdde4180b9b828e412d.jpg,missing,,,,,,,,,,,,,,,,,,,,,,,,,,,,,,,,,,,,,,,,,,,,,,,,,,,,,,,,,,,,,,,,,,,,,,,,,,,,,,,,,,,,,,,,,,,,,,,,,,,,,,,,,,,,,,,,,,,,,,,,,,,,,,,,,,,,,,,,,,,,,,,,,,,,,,,,,,,,,,,,,,,,,,,,,,,,,,,,,,,,,,,,,,,,,,,,,,,,,,genuine_population,gen,bobs_126613LB_192698,126613LB,Bob's Watches,https://www.bobswatches.com/images/zUsed-Rolex-Submariner-126613-SKU192698.jpg
f7ab82fb42a64998,images/f7/f7ab82fb42a64998663c865597fb73fde5070fde46d70a41b5a91a13dea3278d.jpg,missing,,,,,,,,,,,,,,,,,,,,,,,,,,,,,,,,,,,,,,,,,,,,,,,,,,,,,,,,,,,,,,,,,,,,,,,,,,,,,,,,,,,,,,,,,,,,,,,,,,,,,,,,,,,,,,,,,,,,,,,,,,,,,,,,,,,,,,,,,,,,,,,,,,,,,,,,,,,,,,,,,,,,,,,,,,,,,,,,,,,,,,,,,,,,,,,,,,,,,,genuine_population,gen,bobs_126613LB_192687,126613LB,Bob's Watches,https://www.bobswatches.com/images/zUsed-Rolex-Submariner-126613-SKU192687.jpg
680d9847504c0285,images/68/680d9847504c0285601adfba64d106ea3d1277f32ec4ec9b13057999334cab61.jpg,missing,,,,,,,,,,,,,,,,,,,,,,,,,,,,,,,,,,,,,,,,,,,,,,,,,,,,,,,,,,,,,,,,,,,,,,,,,,,,,,,,,,,,,,,,,,,,,,,,,,,,,,,,,,,,,,,,,,,,,,,,,,,,,,,,,,,,,,,,,,,,,,,,,,,,,,,,,,,,,,,,,,,,,,,,,,,,,,,,,,,,,,,,,,,,,,,,,,,,,,genuine_population,gen,bobs_126613LB_192895,126613LB,Bob's Watches,https://www.bobswatches.com/images/zUsed-Rolex-Submariner-126613-SKU192895.jpg
d6936ecb2f776239,images/d6/d6936ecb2f7762393710d031cfb8855078b4000329ae898122f0dba5c8e7a451.jpg,missing,,,,,,,,,,,,,,,,,,,,,,,,,,,,,,,,,,,,,,,,,,,,,,,,,,,,,,,,,,,,,,,,,,,,,,,,,,,,,,,,,,,,,,,,,,,,,,,,,,,,,,,,,,,,,,,,,,,,,,,,,,,,,,,,,,,,,,,,,,,,,,,,,,,,,,,,,,,,,,,,,,,,,,,,,,,,,,,,,,,,,,,,,,,,,,,,,,,,,,genuine_population,gen,bobs_126610_191612,126610,Bob's Watches,https://www.bobswatches.com/images/zUsed-Rolex-Submariner-126610-SKU191612.jpg
336ccaf0bfc0652f,images/33/336ccaf0bfc0652f6e223738ceed81c027b66b6d01da49c6a0ccaac09a8cb734.jpg,missing,,,,,,,,,,,,,,,,,,,,,,,,,,,,,,,,,,,,,,,,,,,,,,,,,,,,,,,,,,,,,,,,,,,,,,,,,,,,,,,,,,,,,,,,,,,,,,,,,,,,,,,,,,,,,,,,,,,,,,,,,,,,,,,,,,,,,,,,,,,,,,,,,,,,,,,,,,,,,,,,,,,,,,,,,,,,,,,,,,,,,,,,,,,,,,,,,,,,,,genuine_population,gen,bobs_126610_190782,126610,Bob's Watches,https://www.bobswatches.com/images/zUsed-Rolex-Submariner-126610-SKU190782.jpg
1a61ae794347e12d,images/1a/1a61ae794347e12da991608cc1ad6ff3c13ba83ca5f8489abe38f4ad0ca788ce.jpg,accepted,1412,2160,,true,433.83829,0.99830,0.16575,45,11,437.53150,true,10,-0.29626,-1.07100,1.11122,0.00999,0.00015,true,,-0.80910,-0.04287,-0.80663,-0.04992,0.80818,0.04287,-0.80910,1.16796,-1.06516,-0.50423,0.16128,,1.00000,1.00000,0.04623,0.32515,0.33670,true,,-0.50801,-1.33175,-0.49760,-1.33757,1.42713,-1.33175,0.50801,0.35517,-0.29186,0.20138,-0.38818,,0.57143,1.00000,true,,-0.58044,-1.23582,-0.56646,-1.23580,1.35944,0.58044,1.23582,0.29016,0.24148,0.16188,0.24509,,1.00000,1.00000,true,,-0.00382,-0.99528,0.00359,-0.98561,0.98562,0.86003,-0.50095,0.30244,0.04802,0.29947,,-0.05383,0.88889,1.00000,true,,-0.19856,-1.26483,-0.19018,-1.25690,1.27121,0.46046,-1.19466,0.18908,0.15314,-0.11339,,0.14446,0.98611,1.00000,true,,0.06246,-1.02257,0.06908,-1.02020,1.02253,-0.45719,-0.91680,0.33990,0.30857,-0.14129,,-0.04867,0.97222,1.00000,true,,-0.53930,-0.95729,-0.53352,-0.96248,1.10046,-1.09869,-0.01160,0.26494,-0.05206,0.25921,,-0.05559,0.97222,1.00000,true,,-0.17729,-1.07276,-0.16660,-1.07516,1.08799,-0.84039,0.68992,0.15063,-0.09954,-0.11235,,-0.16354,0.95833,1.00000,true,,-0.20724,-1.08444,-0.19518,-1.08488,1.10230,-0.36275,1.04278,0.13324,-0.12659,-0.04035,,-0.19931,0.94444,1.00000,true,,-0.41736,-0.96665,-0.40599,-0.96349,1.04553,0.84477,0.62846,0.14850,0.00785,-0.14890,,-0.13839,0.91667,1.00000,true,,-0.52217,-0.76707,-0.51319,-0.76462,0.92088,0.92539,-0.06868,0.38912,-0.19239,-0.34134,,-0.03123,0.84722,1.00000,1910,genuine_population,gen,bobs_126610LN_189973,126610LN,Bob's Watches,https://www.bobswatches.com/images/zUsed-Rolex-Submariner-126610-SKU189973.jpg
d791797eb1b50352,images/d7/d791797eb1b50352053f3aa7596d1f88829b916ce1507dc3b2a6eff225f814b7.jpg,missing,,,,,,,,,,,,,,,,,,,,,,,,,,,,,,,,,,,,,,,,,,,,,,,,,,,,,,,,,,,,,,,,,,,,,,,,,,,,,,,,,,,,,,,,,,,,,,,,,,,,,,,,,,,,,,,,,,,,,,,,,,,,,,,,,,,,,,,,,,,,,,,,,,,,,,,,,,,,,,,,,,,,,,,,,,,,,,,,,,,,,,,,,,,,,,,,,,,,,,genuine_population,gen,bobs_126610_189183,126610,Bob's Watches,https://www.bobswatches.com/images/z189183-Used-Rolex-Submariner-126610-SKU189183.jpg
26875ab078460ce5,images/26/26875ab078460ce5f5aac6c3752970838f1748166a03a2d8e1b1101c5171594c.jpg,missing,,,,,,,,,,,,,,,,,,,,,,,,,,,,,,,,,,,,,,,,,,,,,,,,,,,,,,,,,,,,,,,,,,,,,,,,,,,,,,,,,,,,,,,,,,,,,,,,,,,,,,,,,,,,,,,,,,,,,,,,,,,,,,,,,,,,,,,,,,,,,,,,,,,,,,,,,,,,,,,,,,,,,,,,,,,,,,,,,,,,,,,,,,,,,,,,,,,,,,genuine_population,gen,bobs_126613LB_188586,126613LB,Bob's Watches,https://www.bobswatches.com/images/zUsed-Rolex-Submariner-126613-SKU188586.jpg
302bc079d037b019,images/30/302bc079d037b019356d7cb4239205c4785311c2d8d98fe7487dc9ee53998547.jpg,accepted,1412,2160,,true,436.49646,0.99386,0.15969,45,11,438.84473,true,10,-0.02534,-1.34510,1.34534,0.01571,-0.04036,true,,-0.84365,-0.58541,-0.83697,-0.59067,1.02441,0.58541,-0.84365,0.98415,-0.81691,-0.55884,-0.14861,,1.00000,1.00000,-0.23918,-0.03568,-0.06801,true,,-0.46182,-1.20059,-0.45212,-1.20819,1.29001,-1.20059,0.46182,0.66755,0.09433,0.65871,0.27648,,0.85714,1.00000,true,,-0.04980,-0.50604,-0.04407,-0.50594,0.50786,0.04980,0.50604,0.60716,-0.04029,-0.60654,0.15794,,1.00000,0.96667,true,,-0.14828,-1.28558,-0.13771,-1.27891,1.28630,1.03920,-0.77121,0.24765,-0.16473,0.18662,,-0.14895,0.79167,1.00000,false,withheld by the app (hand / glare),-0.04201,-1.93183,-0.02820,-1.92276,1.92297,0.92954,-1.69402,0.34463,0.23255,-0.25689,,0.03388,0.75000,0.98333,true,,0.23391,-1.57776,0.24537,-1.57539,1.59439,-0.58631,-1.48334,0.10553,0.06394,-0.08398,,0.04677,0.98611,0.99444,true,,0.23428,-1.47923,0.24673,-1.47996,1.50039,-1.16391,-0.94251,0.06084,-0.03436,-0.05009,,0.01001,1.00000,1.00000,true,,0.28343,-1.15081,0.29660,-1.15126,1.18885,-1.13835,0.32994,0.13376,-0.04657,-0.12488,,-0.18968,0.83333,1.00000,true,,0.33954,-1.23111,0.35473,-1.22927,1.27943,-0.90961,0.89640,0.32816,-0.32477,-0.03772,,-0.07636,1.00000,1.00000,true,,-0.25965,-1.65024,-0.24117,-1.64690,1.66446,1.04998,1.29932,0.49326,0.28758,0.40297,,0.01917,0.97222,1.00000,false,withheld by the app (hand / glare),-0.32494,-1.17221,-0.31255,-1.16901,1.21007,1.17763,0.30470,0.10568,-0.06407,-0.08471,,0.07283,0.84722,1.00000,1834,genuine_population,gen,bobs_126613LB_188577,126613LB,Bob's Watches,https://www.bobswatches.com/images/zUsed-Rolex-Submariner-126613-SKU188577.jpg
6847d5b4ea9c0d46,images/68/6847d5b4ea9c0d46a547930a18c14eb21aae93c4dc4c9cf7bf18d42f2d0d25f9.jpg,missing,,,,,,,,,,,,,,,,,,,,,,,,,,,,,,,,,,,,,,,,,,,,,,,,,,,,,,,,,,,,,,,,,,,,,,,,,,,,,,,,,,,,,,,,,,,,,,,,,,,,,,,,,,,,,,,,,,,,,,,,,,,,,,,,,,,,,,,,,,,,,,,,,,,,,,,,,,,,,,,,,,,,,,,,,,,,,,,,,,,,,,,,,,,,,,,,,,,,,,genuine_population,gen,bobs_126613LB_188576,126613LB,Bob's Watches,https://www.bobswatches.com/images/zUsed-Rolex-Submariner-126613-SKU188576.jpg
e6fa4234848c61af,images/e6/e6fa4234848c61aff9f7069fb2004cee3626531d43677643ae12a95895209040.jpg,missing,,,,,,,,,,,,,,,,,,,,,,,,,,,,,,,,,,,,,,,,,,,,,,,,,,,,,,,,,,,,,,,,,,,,,,,,,,,,,,,,,,,,,,,,,,,,,,,,,,,,,,,,,,,,,,,,,,,,,,,,,,,,,,,,,,,,,,,,,,,,,,,,,,,,,,,,,,,,,,,,,,,,,,,,,,,,,,,,,,,,,,,,,,,,,,,,,,,,,,genuine_population,gen,bobs_126613LB_187736,126613LB,Bob's Watches,https://www.bobswatches.com/images/zUsed-Rolex-Submariner-126613-SKU187736.jpg
4ec6942e6fc3128d,images/4e/4ec6942e6fc3128de6fa42e67ef8d17e520b4cf0888efd1e6172124c36063a96.jpg,missing,,,,,,,,,,,,,,,,,,,,,,,,,,,,,,,,,,,,,,,,,,,,,,,,,,,,,,,,,,,,,,,,,,,,,,,,,,,,,,,,,,,,,,,,,,,,,,,,,,,,,,,,,,,,,,,,,,,,,,,,,,,,,,,,,,,,,,,,,,,,,,,,,,,,,,,,,,,,,,,,,,,,,,,,,,,,,,,,,,,,,,,,,,,,,,,,,,,,,,genuine_population,gen,bobs_126610_187617,126610,Bob's Watches,https://www.bobswatches.com/images/zUsed-Rolex-Submariner-126610-SKU187617-Black-Dial.jpg
c8b16fee0df1d4ac,images/c8/c8b16fee0df1d4ac5822f27412080b82abf5c989cc8a9e594fa86ed8184ffbbd.jpg,missing,,,,,,,,,,,,,,,,,,,,,,,,,,,,,,,,,,,,,,,,,,,,,,,,,,,,,,,,,,,,,,,,,,,,,,,,,,,,,,,,,,,,,,,,,,,,,,,,,,,,,,,,,,,,,,,,,,,,,,,,,,,,,,,,,,,,,,,,,,,,,,,,,,,,,,,,,,,,,,,,,,,,,,,,,,,,,,,,,,,,,,,,,,,,,,,,,,,,,,genuine_population,gen,bobs_126613LB_188229,126613LB,Bob's Watches,https://www.bobswatches.com/images/zUsed-Rolex-Submariner-126613-SKU188229.jpg
5f579860e4bf2de1,images/5f/5f579860e4bf2de1e8bb7690cd5eb4a32c1c1721ccf070376db969c4e78d3811.jpg,accepted,1412,2160,,true,435.77323,0.99401,0.15565,46,11,438.38848,true,10,0.13173,-0.88509,0.89484,-0.08275,-0.04625,true,,-0.18109,0.19238,-0.18178,0.18981,0.26282,-0.19238,-0.18109,0.78455,-0.78999,-0.02510,-0.93650,,1.00000,1.00000,-1.13189,-0.82168,-1.22567,true,,-0.12098,-1.04435,-0.11571,-1.04839,1.05476,-1.04435,0.12098,0.53174,0.11858,0.51643,0.40549,,0.52381,1.00000,true,,0.07794,-0.84514,0.08489,-0.84358,0.84785,-0.07794,0.84514,0.39536,0.32427,0.22623,0.25432,,1.00000,1.00000,true,,-0.57419,-0.88527,-0.56934,-0.88261,1.05031,0.47957,-0.93990,0.32248,-0.05731,-0.31804,,0.09922,0.94444,0.99444,false,withheld by the app (hand / glare),-0.18739,-1.57981,-0.18234,-1.57257,1.58310,0.62762,-1.46185,0.59328,0.36919,-0.46871,,0.01872,0.86111,0.92778,true,,-0.22827,-1.10427,-0.22518,-1.10579,1.12849,-0.74982,-0.84219,0.30276,-0.12072,0.27776,,0.02900,0.97222,1.00000,true,,-0.06022,-0.84229,-0.05697,-0.84476,0.84668,-0.75955,-0.36900,0.53147,0.24084,0.47252,,0.02612,0.98611,1.00000,true,,1.05433,-1.07354,1.06583,-1.07162,1.51141,-1.45688,-0.37630,0.53801,-0.32968,-0.42233,,-0.16887,0.84722,1.00000,true,,1.02770,-0.39295,1.03430,-0.38799,1.10468,-1.08649,-0.17355,0.63782,-0.23772,-0.59085,,-0.13796,0.98611,1.00000,true,,0.66419,-0.38083,0.66758,-0.37524,0.76581,-0.38479,0.66190,0.43960,-0.42357,0.11778,,-0.03083,0.88889,1.00000,true,,0.15909,-0.73369,0.16392,-0.72798,0.74621,0.55584,0.50462,0.27854,0.14579,0.23894,,0.00023,0.91667,1.00000,1848,genuine_population,gen,bobs_126613LN_187665,126613LN,Bob's Watches,https://www.bobswatches.com/images/zPre-Owned-Rolex-Submariner-126613LN-SKU187665-Black-Dial.jpg
7422af4d2cdb2d90,images/74/7422af4d2cdb2d909c891e448d7513db7a56d3aea39bc5fb55f9bfa3d0a7ab93.jpg,missing,,,,,,,,,,,,,,,,,,,,,,,,,,,,,,,,,,,,,,,,,,,,,,,,,,,,,,,,,,,,,,,,,,,,,,,,,,,,,,,,,,,,,,,,,,,,,,,,,,,,,,,,,,,,,,,,,,,,,,,,,,,,,,,,,,,,,,,,,,,,,,,,,,,,,,,,,,,,,,,,,,,,,,,,,,,,,,,,,,,,,,,,,,,,,,,,,,,,,,genuine_population,gen,bobs_126613LB_187537,126613LB,Bob's Watches,https://www.bobswatches.com/images/zPre-Owned-Rolex-Submariner-126613-SKU187537-Blue-Dial.jpg
3f79be0f2e370b15,images/3f/3f79be0f2e370b15a6b2afc7377d2d5126607452ba9458a602687e3dcabd64c4.jpg,missing,,,,,,,,,,,,,,,,,,,,,,,,,,,,,,,,,,,,,,,,,,,,,,,,,,,,,,,,,,,,,,,,,,,,,,,,,,,,,,,,,,,,,,,,,,,,,,,,,,,,,,,,,,,,,,,,,,,,,,,,,,,,,,,,,,,,,,,,,,,,,,,,,,,,,,,,,,,,,,,,,,,,,,,,,,,,,,,,,,,,,,,,,,,,,,,,,,,,,,genuine_population,gen,bobs_126613LB_187537,126613LB,Bob's Watches,https://www.bobswatches.com/images/zUsed-Rolex-Submariner-126613-187537w.jpg
a65a5f30f217d35b,images/a6/a65a5f30f217d35be469c79da788c948d790b8aaae03855dee2b41fbd17f539b.jpg,missing,,,,,,,,,,,,,,,,,,,,,,,,,,,,,,,,,,,,,,,,,,,,,,,,,,,,,,,,,,,,,,,,,,,,,,,,,,,,,,,,,,,,,,,,,,,,,,,,,,,,,,,,,,,,,,,,,,,,,,,,,,,,,,,,,,,,,,,,,,,,,,,,,,,,,,,,,,,,,,,,,,,,,,,,,,,,,,,,,,,,,,,,,,,,,,,,,,,,,,genuine_population,gen,bobs_126610_185625,126610,Bob's Watches,https://www.bobswatches.com/images/zUsed-Rolex-Submariner-126610-185625.jpg
2802b4a30cfb277b,images/28/2802b4a30cfb277bcf16079466bc7926bce1a9912a325b10cceb4c845d054bef.jpg,missing,,,,,,,,,,,,,,,,,,,,,,,,,,,,,,,,,,,,,,,,,,,,,,,,,,,,,,,,,,,,,,,,,,,,,,,,,,,,,,,,,,,,,,,,,,,,,,,,,,,,,,,,,,,,,,,,,,,,,,,,,,,,,,,,,,,,,,,,,,,,,,,,,,,,,,,,,,,,,,,,,,,,,,,,,,,,,,,,,,,,,,,,,,,,,,,,,,,,,,genuine_population,gen,bobs_126613LB_186320,126613LB,Bob's Watches,https://www.bobswatches.com/images/zUsed-Rolex-Submariner-126613-186320.jpg
115eb13963f633e8,images/11/115eb13963f633e84eb5d835b25ade058484fac53e1b005511f9aaba6ec07eef.jpg,missing,,,,,,,,,,,,,,,,,,,,,,,,,,,,,,,,,,,,,,,,,,,,,,,,,,,,,,,,,,,,,,,,,,,,,,,,,,,,,,,,,,,,,,,,,,,,,,,,,,,,,,,,,,,,,,,,,,,,,,,,,,,,,,,,,,,,,,,,,,,,,,,,,,,,,,,,,,,,,,,,,,,,,,,,,,,,,,,,,,,,,,,,,,,,,,,,,,,,,,genuine_population,gen,bobs_126613LB_186320,126613LB,Bob's Watches,https://www.bobswatches.com/images/zUsed-Rolex-Submariner-126613-Bluesy-SKU186320.jpg
b3e2d2e921deb4ab,images/b3/b3e2d2e921deb4ab8d51ec892f6ceb281531455d5f6cae73d7879dbbdeec82e8.jpg,missing,,,,,,,,,,,,,,,,,,,,,,,,,,,,,,,,,,,,,,,,,,,,,,,,,,,,,,,,,,,,,,,,,,,,,,,,,,,,,,,,,,,,,,,,,,,,,,,,,,,,,,,,,,,,,,,,,,,,,,,,,,,,,,,,,,,,,,,,,,,,,,,,,,,,,,,,,,,,,,,,,,,,,,,,,,,,,,,,,,,,,,,,,,,,,,,,,,,,,,genuine_population,gen,bobs_126610_185016,126610,Bob's Watches,https://www.bobswatches.com/images/zUsed-Rolex-Submariner-126610-Black-Dial-SKU185016.jpg
11ecf2d49196b5f5,images/11/11ecf2d49196b5f501ed5e217c6a3db54af554f78e2ff6eaf951718a9250e382.jpg,accepted,1412,2160,,true,435.31194,0.99466,0.16846,46,11,437.40246,true,10,-0.56125,-0.57806,0.80571,-0.02812,-0.06136,true,,-1.28065,0.27264,-1.27928,0.26135,1.30570,-0.27264,-1.28065,0.81806,-0.75053,-0.34308,-0.28066,,1.00000,1.00000,-0.51129,-0.16543,-0.69415,true,,-0.51714,-0.56606,-0.51681,-0.57078,0.76998,-0.56606,0.51714,0.32778,0.10347,0.30955,-0.37916,,0.61905,1.00000,true,,-0.74444,-0.31875,-0.74435,-0.32266,0.81127,0.74444,0.31875,0.29224,0.27460,0.09819,0.19357,,1.00000,1.00000,true,,-0.80912,-0.77724,-0.80470,-0.77589,1.11783,0.26855,-1.08934,0.16456,0.15123,0.06762,,0.01267,0.76389,1.00000,true,,-0.36448,-1.68495,-0.36086,-1.67596,1.71437,0.52683,-1.64145,0.94838,0.82654,-0.47973,,-0.07810,0.88889,0.99444,true,,-0.37545,-0.34652,-0.37530,-0.34854,0.51218,-0.49841,-0.11237,0.61582,0.37748,0.48615,,-0.16446,0.86111,1.00000,true,,-0.66267,-1.31670,-0.66090,-1.32377,1.47958,-1.47163,-0.08446,0.60131,-0.59100,0.09702,,-0.06888,0.86111,1.00000,true,,-0.08257,-0.81969,-0.07783,-0.82327,0.82694,-0.66858,0.48135,0.36325,-0.35114,0.08667,,-0.06362,0.91667,1.00000,true,,-0.20660,-0.19699,-0.20610,-0.19845,0.28611,0.08043,0.27390,0.12724,-0.01917,-0.12554,,-0.07341,0.93056,0.99444,true,,-0.80987,0.16313,-0.81221,0.15712,0.82726,0.61981,-0.54621,0.38510,-0.05596,-0.38245,,0.00433,0.88889,1.00000,true,,-0.61062,0.36432,-0.61251,0.35734,0.70913,-0.01020,-0.71097,0.69809,-0.69071,-0.13017,,0.04709,0.75000,1.00000,1767,genuine_population,gen,bobs_126610LV_184107,126610LV,Bob's Watches,https://www.bobswatches.com/images/zUsed-Rolex-Submariner-126610-SKU184107.jpg
c3950f45955a5070,images/c3/c3950f45955a507043db8c94e4ed364760a6dedf71ba8b510fa442eee8596a37.jpg,missing,,,,,,,,,,,,,,,,,,,,,,,,,,,,,,,,,,,,,,,,,,,,,,,,,,,,,,,,,,,,,,,,,,,,,,,,,,,,,,,,,,,,,,,,,,,,,,,,,,,,,,,,,,,,,,,,,,,,,,,,,,,,,,,,,,,,,,,,,,,,,,,,,,,,,,,,,,,,,,,,,,,,,,,,,,,,,,,,,,,,,,,,,,,,,,,,,,,,,,genuine_population,gen,bobs_126610LV_185990,126610LV,Bob's Watches,https://www.bobswatches.com/images/zUsed-Rolex-Submariner-126610-SKU185990.jpg
89dbe98654fdd890,images/89/89dbe98654fdd8903c1a24c1e5816d51e06be6e2415f13ee20f1341ebb611711.jpg,missing,,,,,,,,,,,,,,,,,,,,,,,,,,,,,,,,,,,,,,,,,,,,,,,,,,,,,,,,,,,,,,,,,,,,,,,,,,,,,,,,,,,,,,,,,,,,,,,,,,,,,,,,,,,,,,,,,,,,,,,,,,,,,,,,,,,,,,,,,,,,,,,,,,,,,,,,,,,,,,,,,,,,,,,,,,,,,,,,,,,,,,,,,,,,,,,,,,,,,,genuine_population,gen,bobs_126610_186198,126610,Bob's Watches,https://www.bobswatches.com/images/zUsed-Rolex-Submariner-126610-SKU186198.jpg
0a9535ef1a7d01c2,images/0a/0a9535ef1a7d01c22e919967b4d02acd2fcff7f86069fef45e595be0c021b6f2.jpg,missing,,,,,,,,,,,,,,,,,,,,,,,,,,,,,,,,,,,,,,,,,,,,,,,,,,,,,,,,,,,,,,,,,,,,,,,,,,,,,,,,,,,,,,,,,,,,,,,,,,,,,,,,,,,,,,,,,,,,,,,,,,,,,,,,,,,,,,,,,,,,,,,,,,,,,,,,,,,,,,,,,,,,,,,,,,,,,,,,,,,,,,,,,,,,,,,,,,,,,,genuine_population,gen,bobs_126610_182013,126610,Bob's Watches,https://www.bobswatches.com/images/zUsed-Rolex-Submariner-126610-Black-Dial-and-Bezel-SKU182013.jpg
bd6ada29a00db3d8,images/bd/bd6ada29a00db3d810d3bb3276d1d0fab874c3612f815d9a23b63073926f6fc5.jpg,accepted,1412,2160,,true,436.73310,0.99341,0.20609,46,11,439.04500,true,10,-0.00613,-1.07514,1.07516,0.02577,0.00673,true,,-0.35559,-0.24388,-0.35034,-0.24812,0.42930,0.24388,-0.35559,0.98789,-0.92579,-0.37158,0.02197,,1.00000,1.00000,-0.12113,0.10650,-0.18896,true,,-0.15810,-0.97038,-0.14138,-0.97495,0.98515,-0.97038,0.15810,0.09687,0.02299,0.09376,0.12390,,0.61905,1.00000,true,,-0.05542,-1.25711,-0.02948,-1.25331,1.25365,0.05542,1.25711,0.14915,-0.05567,0.13873,0.27942,,1.00000,1.00000,true,,-0.13740,-1.18478,-0.11806,-1.17559,1.18151,0.95735,-0.71138,0.19960,-0.05675,-0.19186,,0.03590,0.88889,1.00000,true,,0.50141,-1.27558,0.51934,-1.25616,1.35929,1.07202,-0.85398,0.46306,0.46218,0.05135,,0.06940,0.86111,0.97778,true,,-0.46836,-1.00465,-0.45389,-1.01187,1.10901,-0.90793,-0.63587,0.50266,-0.43852,0.24424,,-0.01588,0.88889,1.00000,true,,-0.18111,-0.95161,-0.16622,-0.95596,0.97031,-0.91467,-0.31896,0.16821,-0.05945,0.15690,,0.06204,0.88889,1.00000,false,withheld by the app (hand / glare),0.06809,-1.01401,0.08801,-1.01430,1.01811,-0.91220,0.44804,0.17643,-0.08219,-0.15536,,-0.02573,0.75000,0.89444,true,,0.07234,-0.64694,0.08584,-0.64517,0.65086,-0.38612,0.52410,0.46650,0.03963,-0.46510,,-0.10457,0.95833,1.00000,true,,-0.27016,-0.99305,-0.24980,-0.99115,1.02214,0.73049,0.72493,0.25057,0.07698,-0.23907,,0.08270,0.98611,1.00000,true,,0.25160,-1.44766,0.27890,-1.42905,1.45602,1.12792,0.94172,0.39013,0.08861,0.38199,,0.02825,0.88889,1.00000,1848,genuine_population,gen,bobs_126610_184253,126610,Bob's Watches,https://www.bobswatches.com/images/zUsed-Rolex-Submariner-126610-SKU184253.jpg
5b3b4169abf55f2b,images/5b/5b3b4169abf55f2b672850d902061cb035768cfcb12af1429c6e93f7bf3c1023.jpg,missing,,,,,,,,,,,,,,,,,,,,,,,,,,,,,,,,,,,,,,,,,,,,,,,,,,,,,,,,,,,,,,,,,,,,,,,,,,,,,,,,,,,,,,,,,,,,,,,,,,,,,,,,,,,,,,,,,,,,,,,,,,,,,,,,,,,,,,,,,,,,,,,,,,,,,,,,,,,,,,,,,,,,,,,,,,,,,,,,,,,,,,,,,,,,,,,,,,,,,,genuine_population,gen,bobs_126610LV_185019,126610LV,Bob's Watches,https://www.bobswatches.com/images/zUsed-Rolex-Submariner-126610-Black-Dial-SKU185019.jpg
06b8fa38414fd52d,images/06/06b8fa38414fd52d69a34d1dd796580d6917e9681fb9e1921e0f6828d0735c43.jpg,missing,,,,,,,,,,,,,,,,,,,,,,,,,,,,,,,,,,,,,,,,,,,,,,,,,,,,,,,,,,,,,,,,,,,,,,,,,,,,,,,,,,,,,,,,,,,,,,,,,,,,,,,,,,,,,,,,,,,,,,,,,,,,,,,,,,,,,,,,,,,,,,,,,,,,,,,,,,,,,,,,,,,,,,,,,,,,,,,,,,,,,,,,,,,,,,,,,,,,,,genuine_population,gen,bobs_126610_184838,126610,Bob's Watches,https://www.bobswatches.com/images/zUsed-Rolex-Submariner-126610-Black-Dial-SKU184838.jpg
73f23cb9c3ca1581,images/73/73f23cb9c3ca1581391411704ed3b3901e31568fef718872bc7b385237ec3d16.jpg,missing,,,,,,,,,,,,,,,,,,,,,,,,,,,,,,,,,,,,,,,,,,,,,,,,,,,,,,,,,,,,,,,,,,,,,,,,,,,,,,,,,,,,,,,,,,,,,,,,,,,,,,,,,,,,,,,,,,,,,,,,,,,,,,,,,,,,,,,,,,,,,,,,,,,,,,,,,,,,,,,,,,,,,,,,,,,,,,,,,,,,,,,,,,,,,,,,,,,,,,genuine_population,gen,bobs_126610_183186,126610,Bob's Watches,https://www.bobswatches.com/images/zUsed-Rolex-Submariner-126610-SKU183186.jpg
b08abca874101115,images/b0/b08abca8741011151c5b29a152e3dad188e89b9c979d64e2e4651d59261ba71c.jpg,accepted,1412,2160,,true,432.52873,0.99637,0.12223,46,11,436.93885,true,10,-0.23293,-0.97664,1.00403,0.02451,0.13892,true,,0.46107,0.86322,0.46307,0.84705,0.96536,-0.86322,0.46107,1.90800,-1.93338,-0.15730,0.27094,,0.95238,0.93333,0.17851,0.35808,0.25181,false,one-sided edge (CI 38054695092): edge-affected,-0.83144,-0.41100,-0.83765,-0.40758,0.93154,-0.41100,0.83144,0.53307,0.49230,-0.20100,0.20356,,0.90476,1.00000,false,one-sided edge (CI 38054695092): edge-affected,-0.33234,-1.64157,-0.33286,-1.62928,1.66294,0.33234,1.64157,0.14812,0.02280,-0.14720,0.48635,,0.71429,0.96667,true,,0.37353,-0.56780,0.36800,-0.56056,0.67056,0.67849,0.03959,0.19674,-0.14717,-0.13236,,0.01397,0.87500,1.00000,false,withheld by the app (hand / glare),0.31488,-0.34078,0.31102,-0.33803,0.45934,0.44308,-0.13769,0.06877,0.06135,-0.03281,,0.01363,0.97222,1.00000,true,,-0.71339,-0.14227,-0.71623,-0.13836,0.72947,-0.68894,0.23349,0.13980,-0.08610,0.11010,,0.20590,0.73611,1.00000,true,,-1.21331,-0.67776,-1.22343,-0.67237,1.39601,-1.19361,0.71187,0.34710,-0.31393,0.14456,,-0.04851,0.94444,1.00000,true,,-0.85421,-1.23857,-0.86142,-1.23635,1.50686,-0.64553,1.35905,0.19352,0.00589,-0.19285,,-0.05412,0.95833,1.00000,true,,-0.52662,-1.85628,-0.52930,-1.85057,1.92478,-0.47207,1.87089,0.26897,-0.26458,0.04217,,-0.07592,1.00000,1.00000,true,,0.04280,-2.13083,0.04198,-2.10668,2.10709,1.02835,1.86675,0.36180,0.25126,0.26628,,0.10296,0.97222,1.00000,true,,0.57202,-1.56187,0.56682,-1.54072,1.64168,1.06661,1.27632,0.11970,0.01269,0.11978,,0.08948,0.79167,1.00000,1773,genuine_population,gen,bobs_126618LB_185239,126618LB,Bob's Watches,https://www.bobswatches.com/images/zUsed-Rolex-Submariner-126618-SKU185239.jpg
b72df7cc0ac1e96d,images/b7/b72df7cc0ac1e96da238fd68205b287b030f915a9744ad8c68f16b33b6a13c0d.jpg,missing,,,,,,,,,,,,,,,,,,,,,,,,,,,,,,,,,,,,,,,,,,,,,,,,,,,,,,,,,,,,,,,,,,,,,,,,,,,,,,,,,,,,,,,,,,,,,,,,,,,,,,,,,,,,,,,,,,,,,,,,,,,,,,,,,,,,,,,,,,,,,,,,,,,,,,,,,,,,,,,,,,,,,,,,,,,,,,,,,,,,,,,,,,,,,,,,,,,,,,genuine_population,gen,bobs_126610_184953,126610,Bob's Watches,https://www.bobswatches.com/images/zUsed-Rolex-Submariner-126610-Black-Dial-SKU184953.jpg
12c6625ff83a2124,images/12/12c6625ff83a21248342fd491e07a91263a35bba281633951bff3e7618a16b61.jpg,missing,,,,,,,,,,,,,,,,,,,,,,,,,,,,,,,,,,,,,,,,,,,,,,,,,,,,,,,,,,,,,,,,,,,,,,,,,,,,,,,,,,,,,,,,,,,,,,,,,,,,,,,,,,,,,,,,,,,,,,,,,,,,,,,,,,,,,,,,,,,,,,,,,,,,,,,,,,,,,,,,,,,,,,,,,,,,,,,,,,,,,,,,,,,,,,,,,,,,,,genuine_population,gen,bobs_126610_184953,126610,Bob's Watches,https://www.bobswatches.com/images/zUsed-Rolex-Submariner-126610-Timing-Bezel-SKU184953.jpg
5df7178bf003e9f5,images/5d/5df7178bf003e9f577128b35976bc204c99540daf74cd193ff740c08920a8326.jpg,missing,,,,,,,,,,,,,,,,,,,,,,,,,,,,,,,,,,,,,,,,,,,,,,,,,,,,,,,,,,,,,,,,,,,,,,,,,,,,,,,,,,,,,,,,,,,,,,,,,,,,,,,,,,,,,,,,,,,,,,,,,,,,,,,,,,,,,,,,,,,,,,,,,,,,,,,,,,,,,,,,,,,,,,,,,,,,,,,,,,,,,,,,,,,,,,,,,,,,,,genuine_population,gen,bobs_126613_184008,126613,Bob's Watches,https://www.bobswatches.com/images/zUsed-Rolex-Submariner-126613-SKU184008.jpg
6ac43758f0cdb36a,images/6a/6ac43758f0cdb36aeee2e577458b3bb6a146e6826cd8fef3b4d3d27307c817f5.jpg,missing,,,,,,,,,,,,,,,,,,,,,,,,,,,,,,,,,,,,,,,,,,,,,,,,,,,,,,,,,,,,,,,,,,,,,,,,,,,,,,,,,,,,,,,,,,,,,,,,,,,,,,,,,,,,,,,,,,,,,,,,,,,,,,,,,,,,,,,,,,,,,,,,,,,,,,,,,,,,,,,,,,,,,,,,,,,,,,,,,,,,,,,,,,,,,,,,,,,,,,genuine_population,gen,bobs_126613_184835,126613,Bob's Watches,https://www.bobswatches.com/images/zUsed-Rolex-Submariner-126613-Blue-Dial-SKU184835.jpg
d20c3052eb1b9c2a,images/d2/d20c3052eb1b9c2a6495a7ef128c56b531d2e905deda2c070627cec5aec93410.jpg,missing,,,,,,,,,,,,,,,,,,,,,,,,,,,,,,,,,,,,,,,,,,,,,,,,,,,,,,,,,,,,,,,,,,,,,,,,,,,,,,,,,,,,,,,,,,,,,,,,,,,,,,,,,,,,,,,,,,,,,,,,,,,,,,,,,,,,,,,,,,,,,,,,,,,,,,,,,,,,,,,,,,,,,,,,,,,,,,,,,,,,,,,,,,,,,,,,,,,,,,genuine_population,gen,bobs_126610_184915,126610,Bob's Watches,https://www.bobswatches.com/images/zUsed-Rolex-Submariner-126610-Black-Dial-SKU184915.jpg
91e6d6ae2b613490,images/91/91e6d6ae2b6134909195bd56d238c27bff0b9183837b05c9c994ffef49c7567e.jpg,missing,,,,,,,,,,,,,,,,,,,,,,,,,,,,,,,,,,,,,,,,,,,,,,,,,,,,,,,,,,,,,,,,,,,,,,,,,,,,,,,,,,,,,,,,,,,,,,,,,,,,,,,,,,,,,,,,,,,,,,,,,,,,,,,,,,,,,,,,,,,,,,,,,,,,,,,,,,,,,,,,,,,,,,,,,,,,,,,,,,,,,,,,,,,,,,,,,,,,,,genuine_population,gen,bobs_126610LV_184916,126610LV,Bob's Watches,https://www.bobswatches.com/images/zUsed-Rolex-Submariner-126610-Starbucks-SKU184916.jpg
060f053317dcd3c4,images/06/060f053317dcd3c409875a6eb0d3ede096860c26841d07e82257d6e4aa77602a.jpg,missing,,,,,,,,,,,,,,,,,,,,,,,,,,,,,,,,,,,,,,,,,,,,,,,,,,,,,,,,,,,,,,,,,,,,,,,,,,,,,,,,,,,,,,,,,,,,,,,,,,,,,,,,,,,,,,,,,,,,,,,,,,,,,,,,,,,,,,,,,,,,,,,,,,,,,,,,,,,,,,,,,,,,,,,,,,,,,,,,,,,,,,,,,,,,,,,,,,,,,,genuine_population,gen,bobs_126613_184710,126613,Bob's Watches,https://www.bobswatches.com/images/zUsed-Rolex-Submariner-126613-SKU184710.jpg
5fd7646ea466953c,images/5f/5fd7646ea466953cca40ba2ae576df1c0bcf03341cb98357355fc952e53cbf98.jpg,missing,,,,,,,,,,,,,,,,,,,,,,,,,,,,,,,,,,,,,,,,,,,,,,,,,,,,,,,,,,,,,,,,,,,,,,,,,,,,,,,,,,,,,,,,,,,,,,,,,,,,,,,,,,,,,,,,,,,,,,,,,,,,,,,,,,,,,,,,,,,,,,,,,,,,,,,,,,,,,,,,,,,,,,,,,,,,,,,,,,,,,,,,,,,,,,,,,,,,,,genuine_population,gen,bobs_126610LV_184448,126610LV,Bob's Watches,https://www.bobswatches.com/images/zUsed-Rolex-Submariner-126610-Black-Chromalight-Dial-SKU184448.jpg
fd6390ba8a18475f,images/fd/fd6390ba8a18475f1a153fe29757272e95494880f8d61d245681eb6b3304c509.jpg,accepted,1412,2160,,true,435.59676,0.99562,0.23082,45,11,438.52088,true,9,-0.55435,-0.89333,1.05136,-0.04984,0.11855,true,,-0.31970,-0.03194,-0.31893,-0.03036,0.32037,0.03194,-0.31970,0.84418,-0.69277,-0.49446,-0.78128,,1.00000,1.00000,-0.88282,-0.61212,-0.53815,true,,-1.28166,-0.86021,-1.29010,-0.85611,1.54832,-0.86021,1.28166,0.20997,0.20505,0.04259,0.26823,,0.71429,1.00000,true,,-0.52942,-2.02662,-0.53200,-2.01702,2.08600,0.52942,2.02662,0.45996,0.14498,0.43851,-0.50329,,1.00000,0.96667,true,,-0.09284,-0.63767,-0.09628,-0.63080,0.63810,0.50582,-0.39924,0.27498,0.17992,-0.21115,,0.09607,0.86111,1.00000,false,hand/occluder crosses outline (clean 0.77),,,,,,,,,,,,,0.61111,0.76667,true,,-1.04563,-0.36373,-1.04976,-0.35855,1.10931,-1.08740,0.20781,0.03146,0.01669,-0.02667,,-0.00435,0.86111,1.00000,true,,-1.83694,-1.32004,-1.85037,-1.31349,2.26917,-2.06166,0.93082,0.84862,-0.82981,0.16571,,-0.09243,0.90278,1.00000,false,withheld by the app (hand / glare),-1.11706,-1.09074,-1.12420,-1.08778,1.56432,-0.38607,1.51277,0.33288,0.29544,-0.15170,,0.05772,0.88889,0.90556,true,,-0.72614,-0.97279,-0.72950,-0.96928,1.21313,0.14246,1.20553,0.65571,0.29334,-0.58670,,0.02916,0.93056,1.00000,true,,-0.03831,-0.77905,-0.03917,-0.77340,0.77439,0.42270,0.65552,0.66611,-0.32578,-0.58637,,0.05385,0.87500,1.00000,true,,0.97704,-1.62626,0.97126,-1.61427,1.88394,0.91986,1.65927,0.94569,0.04363,0.94800,,-0.02302,0.88889,1.00000,1783,genuine_population,gen,bobs_126610LV_184394,126610LV,Bob's Watches,https://www.bobswatches.com/images/zUsed-Rolex-Submariner-126610-Black-Dial-SKU184394.jpg
a79badff3a588871,images/a7/a79badff3a5888715dfdeebe24fb0c2283557cfe47a4de01a283f010bf3cf6fd.jpg,missing,,,,,,,,,,,,,,,,,,,,,,,,,,,,,,,,,,,,,,,,,,,,,,,,,,,,,,,,,,,,,,,,,,,,,,,,,,,,,,,,,,,,,,,,,,,,,,,,,,,,,,,,,,,,,,,,,,,,,,,,,,,,,,,,,,,,,,,,,,,,,,,,,,,,,,,,,,,,,,,,,,,,,,,,,,,,,,,,,,,,,,,,,,,,,,,,,,,,,,genuine_population,gen,bobs_126610LV_184498,126610LV,Bob's Watches,https://www.bobswatches.com/images/zUsed-Rolex-Submariner-126610-Black-Dial-SKU184498.jpg
94c7fc9d944cae73,images/94/94c7fc9d944cae73d2747fc5aacf61b723b0d2012dd7adef63cc4d81b126185e.jpg,missing,,,,,,,,,,,,,,,,,,,,,,,,,,,,,,,,,,,,,,,,,,,,,,,,,,,,,,,,,,,,,,,,,,,,,,,,,,,,,,,,,,,,,,,,,,,,,,,,,,,,,,,,,,,,,,,,,,,,,,,,,,,,,,,,,,,,,,,,,,,,,,,,,,,,,,,,,,,,,,,,,,,,,,,,,,,,,,,,,,,,,,,,,,,,,,,,,,,,,,genuine_population,gen,bobs_126613_184594,126613,Bob's Watches,https://www.bobswatches.com/images/zUsed-Rolex-Submariner-126613-Blue-Dial-SKU184594.jpg
c11761654b519222,images/c1/c11761654b5192227942084daf8584ec142a4f5a5c7bfe731b7d579fd9a842b0.jpg,missing,,,,,,,,,,,,,,,,,,,,,,,,,,,,,,,,,,,,,,,,,,,,,,,,,,,,,,,,,,,,,,,,,,,,,,,,,,,,,,,,,,,,,,,,,,,,,,,,,,,,,,,,,,,,,,,,,,,,,,,,,,,,,,,,,,,,,,,,,,,,,,,,,,,,,,,,,,,,,,,,,,,,,,,,,,,,,,,,,,,,,,,,,,,,,,,,,,,,,,genuine_population,gen,bobs_126613_184586,126613,Bob's Watches,https://www.bobswatches.com/images/zUsed-Rolex-Submariner-126613-Blue-Dial-SKU184586.jpg
faf75dbff2a61fd0,images/fa/faf75dbff2a61fd09e2427ac338fd572753ec3a13c0c4249f7e8d26fa905f987.jpg,missing,,,,,,,,,,,,,,,,,,,,,,,,,,,,,,,,,,,,,,,,,,,,,,,,,,,,,,,,,,,,,,,,,,,,,,,,,,,,,,,,,,,,,,,,,,,,,,,,,,,,,,,,,,,,,,,,,,,,,,,,,,,,,,,,,,,,,,,,,,,,,,,,,,,,,,,,,,,,,,,,,,,,,,,,,,,,,,,,,,,,,,,,,,,,,,,,,,,,,,genuine_population,gen,bobs_126613_184678,126613,Bob's Watches,https://www.bobswatches.com/images/zUsed-Rolex-Submariner-126613-SKU184678-PL.jpg
a6a60b54e0b4a8b9,images/a6/a6a60b54e0b4a8b9bb3ff49bb1e1512e1458644186b5ff0d88b08475b9009a08.jpg,missing,,,,,,,,,,,,,,,,,,,,,,,,,,,,,,,,,,,,,,,,,,,,,,,,,,,,,,,,,,,,,,,,,,,,,,,,,,,,,,,,,,,,,,,,,,,,,,,,,,,,,,,,,,,,,,,,,,,,,,,,,,,,,,,,,,,,,,,,,,,,,,,,,,,,,,,,,,,,,,,,,,,,,,,,,,,,,,,,,,,,,,,,,,,,,,,,,,,,,,genuine_population,gen,bobs_126613_183319,126613,Bob's Watches,https://www.bobswatches.com/images/zUsed-Rolex-Submariner-126613-Black-Dial-SKU183319.jpg
c2258bf78976e6f3,images/c2/c2258bf78976e6f383549de69a9ca93b8ee2ebccccafe38670b684338751f8f6.jpg,missing,,,,,,,,,,,,,,,,,,,,,,,,,,,,,,,,,,,,,,,,,,,,,,,,,,,,,,,,,,,,,,,,,,,,,,,,,,,,,,,,,,,,,,,,,,,,,,,,,,,,,,,,,,,,,,,,,,,,,,,,,,,,,,,,,,,,,,,,,,,,,,,,,,,,,,,,,,,,,,,,,,,,,,,,,,,,,,,,,,,,,,,,,,,,,,,,,,,,,,genuine_population,gen,bobs_126618_184564,126618,Bob's Watches,https://www.bobswatches.com/images/zUsed-Rolex-Submariner-126618-184564.jpg
c55fe011598ea3ee,images/c5/c55fe011598ea3ee592bd58e7a083e9481cb207f4a02a3a795c6b756436e286c.jpg,missing,,,,,,,,,,,,,,,,,,,,,,,,,,,,,,,,,,,,,,,,,,,,,,,,,,,,,,,,,,,,,,,,,,,,,,,,,,,,,,,,,,,,,,,,,,,,,,,,,,,,,,,,,,,,,,,,,,,,,,,,,,,,,,,,,,,,,,,,,,,,,,,,,,,,,,,,,,,,,,,,,,,,,,,,,,,,,,,,,,,,,,,,,,,,,,,,,,,,,,genuine_population,gen,bobs_126610LV_183832,126610LV,Bob's Watches,https://www.bobswatches.com/images/zUsed-Rolex-Submariner-126610-Black-Luminous-Dial-SKU183832-PL.jpg
f3e1c329f163d4bc,images/f3/f3e1c329f163d4bc1facafba4a8d7b94b99c6bb7f661f9e808f3586676b7baa6.jpg,missing,,,,,,,,,,,,,,,,,,,,,,,,,,,,,,,,,,,,,,,,,,,,,,,,,,,,,,,,,,,,,,,,,,,,,,,,,,,,,,,,,,,,,,,,,,,,,,,,,,,,,,,,,,,,,,,,,,,,,,,,,,,,,,,,,,,,,,,,,,,,,,,,,,,,,,,,,,,,,,,,,,,,,,,,,,,,,,,,,,,,,,,,,,,,,,,,,,,,,,genuine_population,gen,bobs_126613_182738,126613,Bob's Watches,https://www.bobswatches.com/images/zUsed-Rolex-Submariner-126613-Black-Dial-SKU182738.jpg
48535c09eba1284f,images/48/48535c09eba1284fb99c2df88a08cd49522021088b3bd52bf64fe3d1bc4802e1.jpg,missing,,,,,,,,,,,,,,,,,,,,,,,,,,,,,,,,,,,,,,,,,,,,,,,,,,,,,,,,,,,,,,,,,,,,,,,,,,,,,,,,,,,,,,,,,,,,,,,,,,,,,,,,,,,,,,,,,,,,,,,,,,,,,,,,,,,,,,,,,,,,,,,,,,,,,,,,,,,,,,,,,,,,,,,,,,,,,,,,,,,,,,,,,,,,,,,,,,,,,,genuine_population,gen,bobs_126613_184000,126613,Bob's Watches,https://www.bobswatches.com/images/zUsed-Rolex-Submariner-126613-SKU184000.jpg
3335f7d2a780869e,images/33/3335f7d2a780869eadf6f49648237b0815973e01759d20553982def042f75c06.jpg,missing,,,,,,,,,,,,,,,,,,,,,,,,,,,,,,,,,,,,,,,,,,,,,,,,,,,,,,,,,,,,,,,,,,,,,,,,,,,,,,,,,,,,,,,,,,,,,,,,,,,,,,,,,,,,,,,,,,,,,,,,,,,,,,,,,,,,,,,,,,,,,,,,,,,,,,,,,,,,,,,,,,,,,,,,,,,,,,,,,,,,,,,,,,,,,,,,,,,,,,genuine_population,gen,bobs_126613_184000,126613,Bob's Watches,https://www.bobswatches.com/images/zUsed-Rolex-Submariner-126613-Black-Dial-SKU184000.jpg
7ec2b03d74399269,images/7e/7ec2b03d743992693e9802aa76dc132aa741f31a2c4d2b962e6d5bd26d648eec.jpg,missing,,,,,,,,,,,,,,,,,,,,,,,,,,,,,,,,,,,,,,,,,,,,,,,,,,,,,,,,,,,,,,,,,,,,,,,,,,,,,,,,,,,,,,,,,,,,,,,,,,,,,,,,,,,,,,,,,,,,,,,,,,,,,,,,,,,,,,,,,,,,,,,,,,,,,,,,,,,,,,,,,,,,,,,,,,,,,,,,,,,,,,,,,,,,,,,,,,,,,,genuine_population,gen,bobs_126618LB_184349,126618LB,Bob's Watches,https://www.bobswatches.com/images/zUsed-Rolex-Submariner-126618-184349.jpg
866101e502d16395,images/86/866101e502d163959ab1401291b939446c081f3dbb492c7124fef06b6c80a25f.jpg,missing,,,,,,,,,,,,,,,,,,,,,,,,,,,,,,,,,,,,,,,,,,,,,,,,,,,,,,,,,,,,,,,,,,,,,,,,,,,,,,,,,,,,,,,,,,,,,,,,,,,,,,,,,,,,,,,,,,,,,,,,,,,,,,,,,,,,,,,,,,,,,,,,,,,,,,,,,,,,,,,,,,,,,,,,,,,,,,,,,,,,,,,,,,,,,,,,,,,,,,genuine_population,gen,bobs_126618LB_184349,126618LB,Bob's Watches,https://www.bobswatches.com/images/zUsed-Rolex-Submariner-126618-Blue-Dial-SKU184349.jpg
1fb794f0783c0568,images/1f/1fb794f0783c0568c52d46dc511040942b0be8eed259128d566bddd3a45de432.jpg,missing,,,,,,,,,,,,,,,,,,,,,,,,,,,,,,,,,,,,,,,,,,,,,,,,,,,,,,,,,,,,,,,,,,,,,,,,,,,,,,,,,,,,,,,,,,,,,,,,,,,,,,,,,,,,,,,,,,,,,,,,,,,,,,,,,,,,,,,,,,,,,,,,,,,,,,,,,,,,,,,,,,,,,,,,,,,,,,,,,,,,,,,,,,,,,,,,,,,,,,genuine_population,gen,bobs_126610LV_184297,126610LV,Bob's Watches,https://www.bobswatches.com/images/zUsed-Rolex-Submariner-126610-Black-Dial-SKU184297.jpg
e1b9407501454908,images/e1/e1b940750145490869041fc9e98f37e8713bb92cba45835e03452a510333fd11.jpg,missing,,,,,,,,,,,,,,,,,,,,,,,,,,,,,,,,,,,,,,,,,,,,,,,,,,,,,,,,,,,,,,,,,,,,,,,,,,,,,,,,,,,,,,,,,,,,,,,,,,,,,,,,,,,,,,,,,,,,,,,,,,,,,,,,,,,,,,,,,,,,,,,,,,,,,,,,,,,,,,,,,,,,,,,,,,,,,,,,,,,,,,,,,,,,,,,,,,,,,,genuine_population,gen,bobs_126613_184236,126613,Bob's Watches,https://www.bobswatches.com/images/zUsed-Rolex-Submariner-126613-184236.jpg
612ab4831cff5a28,images/61/612ab4831cff5a288f8339ec3fd4d4c127aa0b43c4418a178a954b4e5b81b402.jpg,missing,,,,,,,,,,,,,,,,,,,,,,,,,,,,,,,,,,,,,,,,,,,,,,,,,,,,,,,,,,,,,,,,,,,,,,,,,,,,,,,,,,,,,,,,,,,,,,,,,,,,,,,,,,,,,,,,,,,,,,,,,,,,,,,,,,,,,,,,,,,,,,,,,,,,,,,,,,,,,,,,,,,,,,,,,,,,,,,,,,,,,,,,,,,,,,,,,,,,,,genuine_population,gen,bobs_126613LB_184174,126613LB,Bob's Watches,https://www.bobswatches.com/images/zUsed-Rolex-Submariner-126613-Blue-Dial-SKU184174-PL.jpg
2ec13b1f158411eb,images/2e/2ec13b1f158411ebc00741d785572da7c44aaceb50a792f0df1f1c9001df9ed0.jpg,missing,,,,,,,,,,,,,,,,,,,,,,,,,,,,,,,,,,,,,,,,,,,,,,,,,,,,,,,,,,,,,,,,,,,,,,,,,,,,,,,,,,,,,,,,,,,,,,,,,,,,,,,,,,,,,,,,,,,,,,,,,,,,,,,,,,,,,,,,,,,,,,,,,,,,,,,,,,,,,,,,,,,,,,,,,,,,,,,,,,,,,,,,,,,,,,,,,,,,,,genuine_population,gen,bobs_126613LB_183835,126613LB,Bob's Watches,https://www.bobswatches.com/images/zUsed-Rolex-Submariner-126613-Blue-Dial-SKU183835.jpg
5266946107863ee9,images/52/5266946107863ee9e5becbd6dc475b570ef84196b67e45a345c359c7e91174a3.jpg,accepted,1412,2160,,true,435.13869,0.99582,0.19362,45,11,437.59147,true,10,-0.13886,-0.49443,0.51356,0.08977,-0.06316,true,,-0.90193,-0.38764,-0.90029,-0.38746,0.98013,0.38764,-0.90193,0.56312,-0.42107,-0.37706,0.99894,,1.00000,1.00000,0.79282,1.10615,0.64400,true,,0.38216,-0.67782,0.38393,-0.67923,0.78023,-0.67782,-0.38216,0.50706,-0.48125,-0.15534,-0.01275,,0.95238,1.00000,true,,-0.52003,0.56464,-0.52261,0.56355,0.76858,0.52003,-0.56464,0.69785,0.08247,-0.69322,-0.17498,,0.76190,1.00000,true,,-0.15933,-1.20949,-0.15884,-1.20399,1.21443,0.96778,-0.74273,0.28859,0.28937,0.01782,,-0.05384,1.00000,1.00000,true,,0.09530,-1.09745,0.09460,-1.09341,1.09749,0.63125,-0.90277,0.18480,0.18495,-0.01213,,-0.04360,1.00000,1.00000,true,,0.36378,-0.73131,0.36365,-0.73121,0.81664,-0.05061,-0.81522,0.06397,-0.00215,-0.06395,,-0.01782,1.00000,1.00000,true,,-0.27608,-0.36426,-0.27652,-0.36530,0.45815,-0.45350,0.05696,0.63951,-0.27495,0.57613,,-0.07794,0.95833,1.00000,true,,-0.10880,-0.07553,-0.10895,-0.07583,0.13275,-0.01101,0.13199,0.15930,0.02818,0.15639,,-0.09042,1.00000,1.00000,true,,-0.34953,0.51539,-0.35194,0.51568,0.62433,0.56040,-0.27158,0.52764,0.36749,-0.37727,,-0.05879,0.98611,1.00000,true,,-0.14494,-0.52093,-0.14350,-0.51980,0.53925,0.38599,0.37867,0.51118,-0.30170,0.41234,,-0.02848,0.94444,1.00000,true,,-0.60814,-0.68655,-0.60631,-0.68476,0.91461,0.89864,-0.18339,0.11499,0.08087,0.08239,,-0.14915,0.95833,1.00000,1849,genuine_population,gen,bobs_126613_183323,126613,Bob's Watches,https://www.bobswatches.com/images/zUsed-Rolex-Submariner-126613-Black-Dial-SKU183323.jpg
7ff8a383ba2a62b1,images/7f/7ff8a383ba2a62b1f41259751db458967a1bb430b434e987a67c749b739d73dd.jpg,missing,,,,,,,,,,,,,,,,,,,,,,,,,,,,,,,,,,,,,,,,,,,,,,,,,,,,,,,,,,,,,,,,,,,,,,,,,,,,,,,,,,,,,,,,,,,,,,,,,,,,,,,,,,,,,,,,,,,,,,,,,,,,,,,,,,,,,,,,,,,,,,,,,,,,,,,,,,,,,,,,,,,,,,,,,,,,,,,,,,,,,,,,,,,,,,,,,,,,,,genuine_population,gen,bobs_126610LV_183606,126610LV,Bob's Watches,https://www.bobswatches.com/images/zUsed-Rolex-Submariner-126610-Black-Dial-SKU183606-PL.jpg
e03ee09f3f48f4d4,images/e0/e03ee09f3f48f4d4747ce500c90f9622a25c41c485dc578f77b525a40338833d.jpg,missing,,,,,,,,,,,,,,,,,,,,,,,,,,,,,,,,,,,,,,,,,,,,,,,,,,,,,,,,,,,,,,,,,,,,,,,,,,,,,,,,,,,,,,,,,,,,,,,,,,,,,,,,,,,,,,,,,,,,,,,,,,,,,,,,,,,,,,,,,,,,,,,,,,,,,,,,,,,,,,,,,,,,,,,,,,,,,,,,,,,,,,,,,,,,,,,,,,,,,,genuine_population,gen,bobs_126610_183626,126610,Bob's Watches,https://www.bobswatches.com/images/zUsed-Rolex-Submariner-126610-SKU183626-PL.jpg
80956880a057b076,images/80/80956880a057b07611a0d8e3b3f55dd6a648240afac400c35d202e946247e8e5.jpg,missing,,,,,,,,,,,,,,,,,,,,,,,,,,,,,,,,,,,,,,,,,,,,,,,,,,,,,,,,,,,,,,,,,,,,,,,,,,,,,,,,,,,,,,,,,,,,,,,,,,,,,,,,,,,,,,,,,,,,,,,,,,,,,,,,,,,,,,,,,,,,,,,,,,,,,,,,,,,,,,,,,,,,,,,,,,,,,,,,,,,,,,,,,,,,,,,,,,,,,,genuine_population,gen,bobs_126613_183021,126613,Bob's Watches,https://www.bobswatches.com/images/zUsed-Rolex-Submariner-126613-Black-Dial-SKU183021.jpg
047bed381bded53c,images/04/047bed381bded53c98e496618821caabe3dc7fa89b7d0004b65bd4d2ec978f0d.jpg,accepted,1412,2160,,true,436.52014,0.99380,0.19282,46,11,438.66554,true,10,-0.07635,-0.52613,0.53164,0.05968,0.03864,true,,-0.25546,0.22344,-0.25474,0.22120,0.33737,-0.22344,-0.25546,1.03781,-0.95986,-0.41636,-0.08129,,1.00000,1.00000,-0.32567,0.05107,-0.48216,true,,-0.53646,-0.31414,-0.53910,-0.31512,0.62444,-0.31414,0.53646,0.23780,0.01431,0.23642,0.39255,,1.00000,1.00000,true,,-0.09622,-0.57027,-0.09579,-0.56970,0.57770,0.09622,0.57027,0.25440,-0.17801,-0.18146,0.00206,,0.95238,1.00000,true,,0.31105,-0.82557,0.30793,-0.81863,0.87463,0.87049,-0.14341,0.24284,0.23866,-0.05510,,-0.12107,0.93056,1.00000,false,withheld by the app (hand / glare),-0.07974,-0.57624,-0.08188,-0.57289,0.57871,0.21906,-0.53891,0.34372,-0.19217,-0.28526,,-0.14406,0.91667,1.00000,true,,0.06229,-0.02597,0.06224,-0.02594,0.06743,0.04096,-0.05363,0.20063,0.15692,0.12452,,-0.12849,0.88889,1.00000,true,,-0.39506,-0.22983,-0.39684,-0.23035,0.45885,-0.39657,0.22722,0.21841,-0.11527,0.18477,,-0.17950,0.98611,1.00000,false,withheld by the app (hand / glare),-0.45292,-0.63919,-0.45514,-0.64140,0.78648,-0.32710,0.71184,0.18758,-0.12129,0.14220,,-0.24078,1.00000,1.00000,true,,-0.17630,-0.12052,-0.17699,-0.12078,0.21427,0.09242,0.19252,0.54900,0.07763,-0.54245,,-0.15922,0.94444,1.00000,true,,-0.05682,-0.81754,-0.05600,-0.81422,0.81615,0.45798,0.67961,0.08650,-0.08401,0.02013,,-0.10457,0.88889,1.00000,true,,0.24199,-1.17845,0.24198,-1.17014,1.19489,0.89957,0.79879,0.40574,0.19226,0.35991,,-0.18459,0.95833,1.00000,1796,genuine_population,gen,bobs_126613_183254,126613,Bob's Watches,https://www.bobswatches.com/images/zUsed-Rolex-Submariner-126613-Black-Dial-SKU183254.jpg
e8bf51aa129426ee,images/e8/e8bf51aa129426ee26ee1f22286bf1ba47f26e27b3e3fe39f8f2cd013d7192ee.jpg,missing,,,,,,,,,,,,,,,,,,,,,,,,,,,,,,,,,,,,,,,,,,,,,,,,,,,,,,,,,,,,,,,,,,,,,,,,,,,,,,,,,,,,,,,,,,,,,,,,,,,,,,,,,,,,,,,,,,,,,,,,,,,,,,,,,,,,,,,,,,,,,,,,,,,,,,,,,,,,,,,,,,,,,,,,,,,,,,,,,,,,,,,,,,,,,,,,,,,,,,genuine_population,gen,bobs_126619_182022,126619,Bob's Watches,https://www.bobswatches.com/images/zUsed-Rolex-Submariner-126619-182022.jpg
7ec50b94ee0bff77,images/7e/7ec50b94ee0bff776a4be8224ac671f6fb831c30c615b8d7bb010fb1e6804e8f.jpg,missing,,,,,,,,,,,,,,,,,,,,,,,,,,,,,,,,,,,,,,,,,,,,,,,,,,,,,,,,,,,,,,,,,,,,,,,,,,,,,,,,,,,,,,,,,,,,,,,,,,,,,,,,,,,,,,,,,,,,,,,,,,,,,,,,,,,,,,,,,,,,,,,,,,,,,,,,,,,,,,,,,,,,,,,,,,,,,,,,,,,,,,,,,,,,,,,,,,,,,,genuine_population,gen,bobs_126610LV_182563,126610LV,Bob's Watches,https://www.bobswatches.com/images/zUsed-Rolex-Submariner-126610-SKU182563.jpg
b4a611c3aa6e6914,images/b4/b4a611c3aa6e6914edc4f180fedd54a1dc1fbed75905939d94dd10a8192b6edd.jpg,missing,,,,,,,,,,,,,,,,,,,,,,,,,,,,,,,,,,,,,,,,,,,,,,,,,,,,,,,,,,,,,,,,,,,,,,,,,,,,,,,,,,,,,,,,,,,,,,,,,,,,,,,,,,,,,,,,,,,,,,,,,,,,,,,,,,,,,,,,,,,,,,,,,,,,,,,,,,,,,,,,,,,,,,,,,,,,,,,,,,,,,,,,,,,,,,,,,,,,,,genuine_population,gen,bobs_126610_183185,126610,Bob's Watches,https://www.bobswatches.com/images/zUsed-Rolex-Submariner-126610-SKU183185.jpg
cb8f0ce718b8ce9d,images/cb/cb8f0ce718b8ce9d3577fcc4e1bf783f755e1c191778a3568e0750cae2a9b426.jpg,missing,,,,,,,,,,,,,,,,,,,,,,,,,,,,,,,,,,,,,,,,,,,,,,,,,,,,,,,,,,,,,,,,,,,,,,,,,,,,,,,,,,,,,,,,,,,,,,,,,,,,,,,,,,,,,,,,,,,,,,,,,,,,,,,,,,,,,,,,,,,,,,,,,,,,,,,,,,,,,,,,,,,,,,,,,,,,,,,,,,,,,,,,,,,,,,,,,,,,,,genuine_population,gen,bobs_126610LV_181281,126610LV,Bob's Watches,https://www.bobswatches.com/images/zUsed-Rolex-Submariner-126610-Black-Dial-SKU181281.jpg
9b2251606d73abb1,images/9b/9b2251606d73abb151a4f456f98172ed83f8c77ae39226b673c1596bc8ddaac0.jpg,missing,,,,,,,,,,,,,,,,,,,,,,,,,,,,,,,,,,,,,,,,,,,,,,,,,,,,,,,,,,,,,,,,,,,,,,,,,,,,,,,,,,,,,,,,,,,,,,,,,,,,,,,,,,,,,,,,,,,,,,,,,,,,,,,,,,,,,,,,,,,,,,,,,,,,,,,,,,,,,,,,,,,,,,,,,,,,,,,,,,,,,,,,,,,,,,,,,,,,,,genuine_population,gen,bobs_126610LV_181281,126610LV,Bob's Watches,https://www.bobswatches.com/images/zUsed-Rolex-Submariner-126610-Green-Timing-Bezel-SKU181281.jpg
8c65453fe11cab69,images/8c/8c65453fe11cab695601b7e07bd998f9468d9cb37ac1b1fcbd50407772f96f77.jpg,accepted,1412,2160,,true,436.84480,0.98917,0.11969,45,11,438.41283,true,10,0.22826,-0.17423,0.28715,0.05833,-0.00740,true,,0.04076,-0.25626,0.04125,-0.25411,0.25743,0.25626,0.04076,0.18663,-0.12307,-0.14167,0.29156,,1.00000,1.00000,0.14321,0.49297,0.48166,true,,0.63976,-0.31213,0.64318,-0.31267,0.71515,-0.31213,-0.63976,0.49854,-0.33127,-0.36909,-0.59508,,0.66667,1.00000,true,,0.21607,0.32880,0.21453,0.32937,0.39307,-0.21607,-0.32880,0.49517,-0.18250,-0.46078,-0.07452,,1.00000,0.96667,true,,0.84499,-0.82924,0.84283,-0.82045,1.17623,1.14063,0.31717,0.70943,0.66722,0.25355,,-0.11950,0.70833,1.00000,true,,0.47423,-0.14312,0.47309,-0.14099,0.49366,0.48225,0.11316,0.19668,-0.01046,0.19693,,-0.35407,0.81944,1.00000,true,,0.08426,0.14354,0.08451,0.14412,0.16707,0.14474,0.08218,0.43012,-0.17301,0.39362,,-0.34424,0.88889,1.00000,true,,0.12271,0.10932,0.12306,0.11020,0.16519,0.15602,-0.05161,0.28036,-0.01434,0.27913,,-0.29074,0.94444,1.00000,true,,0.05971,-0.53154,0.06225,-0.53464,0.53825,-0.49018,0.21406,0.57258,-0.43286,0.36983,,-0.32435,0.95833,1.00000,true,,0.13943,0.12668,0.13922,0.12748,0.18876,-0.05742,-0.17942,0.17253,0.01920,-0.17103,,-0.36063,0.97222,1.00000,true,,-0.39812,0.11910,-0.39872,0.11743,0.41565,0.28523,-0.30221,0.55373,0.18688,-0.52150,,-0.28359,0.90278,1.00000,true,,-0.05734,-0.52399,-0.05502,-0.52066,0.52356,0.48247,0.21234,0.23687,0.23673,-0.02625,,-0.17953,0.90278,1.00000,1815,genuine_population,gen,bobs_126613_182345,126613,Bob's Watches,https://www.bobswatches.com/images/zUsed-Rolex-Submariner-126613-Blue-Dial-SKU182345.jpg
3538fe8fe1593875,images/35/3538fe8fe1593875295681ae3be8120578075e870aa58936c95c01fd82c6d146.jpg,missing,,,,,,,,,,,,,,,,,,,,,,,,,,,,,,,,,,,,,,,,,,,,,,,,,,,,,,,,,,,,,,,,,,,,,,,,,,,,,,,,,,,,,,,,,,,,,,,,,,,,,,,,,,,,,,,,,,,,,,,,,,,,,,,,,,,,,,,,,,,,,,,,,,,,,,,,,,,,,,,,,,,,,,,,,,,,,,,,,,,,,,,,,,,,,,,,,,,,,,genuine_population,gen,bobs_126613_182345,126613,Bob's Watches,https://www.bobswatches.com/images/zUsed-Rolex-Submariner-126613-Blue-Timing-Bezel-SKU182345.jpg
b4dc854a8fe26945,images/b4/b4dc854a8fe269450079d79e6686ae3777136fd5e0e39fc74de1c6d330695951.jpg,missing,,,,,,,,,,,,,,,,,,,,,,,,,,,,,,,,,,,,,,,,,,,,,,,,,,,,,,,,,,,,,,,,,,,,,,,,,,,,,,,,,,,,,,,,,,,,,,,,,,,,,,,,,,,,,,,,,,,,,,,,,,,,,,,,,,,,,,,,,,,,,,,,,,,,,,,,,,,,,,,,,,,,,,,,,,,,,,,,,,,,,,,,,,,,,,,,,,,,,,genuine_population,gen,bobs_126610LV_182856,126610LV,Bob's Watches,https://www.bobswatches.com/images/zUsed-Rolex-Submariner-126610-Black-Dial-SKU182856.jpg
e8213cd6a2a3134c,images/e8/e8213cd6a2a3134cecaa63338959b475ef19e6029d0e2fc026024ac930bcddc6.jpg,missing,,,,,,,,,,,,,,,,,,,,,,,,,,,,,,,,,,,,,,,,,,,,,,,,,,,,,,,,,,,,,,,,,,,,,,,,,,,,,,,,,,,,,,,,,,,,,,,,,,,,,,,,,,,,,,,,,,,,,,,,,,,,,,,,,,,,,,,,,,,,,,,,,,,,,,,,,,,,,,,,,,,,,,,,,,,,,,,,,,,,,,,,,,,,,,,,,,,,,,genuine_population,gen,bobs_126619_182994,126619,Bob's Watches,https://www.bobswatches.com/images/zUsed-Rolex-Submariner-126619-182994.jpg
36b582b07544cf21,images/36/36b582b07544cf21324305d9283a473f77404791aa9529b178b81213accd7487.jpg,missing,,,,,,,,,,,,,,,,,,,,,,,,,,,,,,,,,,,,,,,,,,,,,,,,,,,,,,,,,,,,,,,,,,,,,,,,,,,,,,,,,,,,,,,,,,,,,,,,,,,,,,,,,,,,,,,,,,,,,,,,,,,,,,,,,,,,,,,,,,,,,,,,,,,,,,,,,,,,,,,,,,,,,,,,,,,,,,,,,,,,,,,,,,,,,,,,,,,,,,genuine_population,gen,bobs_126610_182369,126610,Bob's Watches,https://www.bobswatches.com/images/zUsed-Rolex-Submariner-126610-Black-Dial-SKU182369.jpg
604be8baff046ff1,images/60/604be8baff046ff1472d8875b20d37cd7150da30e2664cd352d6bdef8d1f21cd.jpg,missing,,,,,,,,,,,,,,,,,,,,,,,,,,,,,,,,,,,,,,,,,,,,,,,,,,,,,,,,,,,,,,,,,,,,,,,,,,,,,,,,,,,,,,,,,,,,,,,,,,,,,,,,,,,,,,,,,,,,,,,,,,,,,,,,,,,,,,,,,,,,,,,,,,,,,,,,,,,,,,,,,,,,,,,,,,,,,,,,,,,,,,,,,,,,,,,,,,,,,,genuine_population,gen,bobs_126610_182369,126610,Bob's Watches,https://www.bobswatches.com/images/zUsed-Rolex-Submariner-126610-Black-Timing-Bezel-SKU182369.jpg
3edaa778b738038d,images/3e/3edaa778b738038debc17bceab71552e23ff168f2aeb9d0bceda2929f0505c23.jpg,missing,,,,,,,,,,,,,,,,,,,,,,,,,,,,,,,,,,,,,,,,,,,,,,,,,,,,,,,,,,,,,,,,,,,,,,,,,,,,,,,,,,,,,,,,,,,,,,,,,,,,,,,,,,,,,,,,,,,,,,,,,,,,,,,,,,,,,,,,,,,,,,,,,,,,,,,,,,,,,,,,,,,,,,,,,,,,,,,,,,,,,,,,,,,,,,,,,,,,,,genuine_population,gen,bobs_126610_182369,126610,Bob's Watches,https://www.bobswatches.com/images/zUsed-Rolex-Submariner-126610-Oyster-182369s.jpg
48cbd549886fdc55,images/48/48cbd549886fdc5570658ebf48d229c616a945087291c43880d6ad45779f7612.jpg,missing,,,,,,,,,,,,,,,,,,,,,,,,,,,,,,,,,,,,,,,,,,,,,,,,,,,,,,,,,,,,,,,,,,,,,,,,,,,,,,,,,,,,,,,,,,,,,,,,,,,,,,,,,,,,,,,,,,,,,,,,,,,,,,,,,,,,,,,,,,,,,,,,,,,,,,,,,,,,,,,,,,,,,,,,,,,,,,,,,,,,,,,,,,,,,,,,,,,,,,genuine_population,gen,bobs_126613_182816,126613,Bob's Watches,https://www.bobswatches.com/images/zUsed-Rolex-Submariner-126613-SKU182816.jpg
aed7f7498450b2c5,images/ae/aed7f7498450b2c528cbc9475174d73d0ede22d18e0652550e871a015efdebc4.jpg,missing,,,,,,,,,,,,,,,,,,,,,,,,,,,,,,,,,,,,,,,,,,,,,,,,,,,,,,,,,,,,,,,,,,,,,,,,,,,,,,,,,,,,,,,,,,,,,,,,,,,,,,,,,,,,,,,,,,,,,,,,,,,,,,,,,,,,,,,,,,,,,,,,,,,,,,,,,,,,,,,,,,,,,,,,,,,,,,,,,,,,,,,,,,,,,,,,,,,,,,genuine_population,gen,bobs_126613_182597,126613,Bob's Watches,https://www.bobswatches.com/images/zUsed-Rolex-Submariner-126613-Bluesy-SKU182597.jpg
1a6a3053fece26b5,images/1a/1a6a3053fece26b54bde3cb7f2f063be9d9408dfa97bd438e43b4c01c4ac45da.jpg,missing,,,,,,,,,,,,,,,,,,,,,,,,,,,,,,,,,,,,,,,,,,,,,,,,,,,,,,,,,,,,,,,,,,,,,,,,,,,,,,,,,,,,,,,,,,,,,,,,,,,,,,,,,,,,,,,,,,,,,,,,,,,,,,,,,,,,,,,,,,,,,,,,,,,,,,,,,,,,,,,,,,,,,,,,,,,,,,,,,,,,,,,,,,,,,,,,,,,,,,genuine_population,gen,bobs_126613_182597,126613,Bob's Watches,https://www.bobswatches.com/images/zUsed-Rolex-Submariner-126613-Bluesy-SKU182597s.jpg
256e67c72edae321,images/25/256e67c72edae321dd499952403b17d2abd9fd6c3a2c3cf5f0405f5273a0fb41.jpg,missing,,,,,,,,,,,,,,,,,,,,,,,,,,,,,,,,,,,,,,,,,,,,,,,,,,,,,,,,,,,,,,,,,,,,,,,,,,,,,,,,,,,,,,,,,,,,,,,,,,,,,,,,,,,,,,,,,,,,,,,,,,,,,,,,,,,,,,,,,,,,,,,,,,,,,,,,,,,,,,,,,,,,,,,,,,,,,,,,,,,,,,,,,,,,,,,,,,,,,,genuine_population,gen,bobs_126610LV_182606,126610LV,Bob's Watches,https://www.bobswatches.com/images/zUsed-Rolex-Submariner-126610-SKU182606.jpg
1eff025aaf97773e,images/1e/1eff025aaf97773e5fd2fe2d06ae18645fb4e176be60e8f609eae19afee66efc.jpg,accepted,1412,2160,,true,435.59371,0.99405,0.24129,44,11,437.02679,true,10,-0.32528,-1.38902,1.42660,0.06485,0.10553,true,,-0.30864,-1.00558,-0.30733,-1.00382,1.04981,1.00558,-0.30864,0.87067,-0.60882,-0.62535,0.48972,,1.00000,1.00000,0.32732,0.70280,0.67109,true,,-1.18610,-1.89764,-1.18678,-1.90519,2.24460,-1.89764,1.18610,0.76871,-0.72489,0.24851,0.30349,,0.76190,1.00000,true,,-0.54694,-1.73561,-0.54388,-1.73870,1.82178,0.54694,1.73561,0.26366,0.00523,-0.26331,0.13630,,1.00000,1.00000,true,,0.81861,-1.72868,0.81840,-1.72160,1.90623,1.90638,-0.15540,0.65642,0.63711,0.16647,,-0.06499,0.91667,1.00000,false,withheld by the app (hand / glare),0.23616,-1.25834,0.23570,-1.25530,1.27724,0.83369,-0.97168,0.32354,0.19196,-0.26133,,-0.10216,0.75000,0.97222,true,,-0.56389,-0.72909,-0.56417,-0.73085,0.92327,-0.85289,-0.34947,0.11219,-0.10672,0.03431,,-0.21035,0.91667,1.00000,true,,-0.70343,-0.87446,-0.70412,-0.87764,1.12519,-1.10902,0.17195,0.07634,0.02562,-0.07180,,0.01608,0.84722,1.00000,true,,-1.54917,-1.47378,-1.55130,-1.48090,2.14467,-0.50175,2.07851,0.54355,0.30633,0.44686,,-0.00691,0.94444,1.00000,true,,-1.04674,-1.33763,-1.04684,-1.34285,1.70269,0.23768,1.68179,0.53952,0.41822,-0.33834,,-0.02566,0.98611,1.00000,true,,-0.28604,-1.86681,-0.28190,-1.86666,1.88783,1.18112,1.47368,0.22141,-0.02624,-0.21988,,0.07497,0.90278,1.00000,true,,0.73571,-1.37280,0.73879,-1.36810,1.55483,0.82102,1.32354,0.81646,-0.77481,0.25752,,0.03070,0.91667,1.00000,1798,genuine_population,gen,bobs_126610_182437,126610,Bob's Watches,https://www.bobswatches.com/images/zUsed-Rolex-Submariner-126610-SKU182437.jpg
780d23e6bbc0350d,images/78/780d23e6bbc0350d748a83394a919de668299217ad29f0282098d876cdb61b8d.jpg,missing,,,,,,,,,,,,,,,,,,,,,,,,,,,,,,,,,,,,,,,,,,,,,,,,,,,,,,,,,,,,,,,,,,,,,,,,,,,,,,,,,,,,,,,,,,,,,,,,,,,,,,,,,,,,,,,,,,,,,,,,,,,,,,,,,,,,,,,,,,,,,,,,,,,,,,,,,,,,,,,,,,,,,,,,,,,,,,,,,,,,,,,,,,,,,,,,,,,,,,genuine_population,gen,bobs_126610_182437,126610,Bob's Watches,https://www.bobswatches.com/images/zUsed-Rolex-Submariner-126610-Black-Dial-SKU182437s.jpg
ba1cfd3b43ebed7e,images/ba/ba1cfd3b43ebed7eca87c1960760c43a9ec81b22d559d36233b6d94dc5365eb4.jpg,accepted,1412,2160,,true,436.14621,0.99173,0.15622,45,11,438.06074,true,10,0.56969,-0.71036,0.91058,0.04864,0.03904,true,,0.38047,0.24856,0.38028,0.24761,0.45379,-0.24856,0.38047,1.20306,-1.12945,-0.42807,-0.33585,,1.00000,1.00000,-0.56482,-0.00482,0.02648,true,,0.77307,-0.90102,0.77398,-0.90402,1.19008,-0.90102,-0.77307,0.55689,-0.35219,-0.42968,-0.15652,,0.61905,1.00000,true,,-0.13534,-1.66018,-0.13436,-1.65988,1.66531,0.13534,1.66018,0.90449,0.54356,0.72299,0.07977,,1.00000,1.00000,true,,0.63878,-0.55184,0.63693,-0.54967,0.84131,0.79729,0.27728,0.29438,-0.27646,-0.10391,,-0.37835,0.95833,1.00000,false,withheld by the app (hand / glare),0.68097,-0.80498,0.67828,-0.80282,1.05099,0.99222,-0.35665,0.27049,-0.03006,-0.26911,,-0.19263,0.84722,0.86111,true,,0.54067,-0.17791,0.54057,-0.17836,0.56924,0.37928,-0.42441,0.24277,0.06759,0.23311,,-0.33308,0.95833,1.00000,true,,0.36520,-0.15291,0.36552,-0.15353,0.39645,0.05018,-0.39273,0.29793,0.20720,0.21332,,-0.37250,0.94444,1.00000,true,,0.49033,-0.51670,0.49160,-0.51845,0.71446,-0.69264,-0.16629,0.27362,0.03437,-0.27083,,-0.34839,0.94444,1.00000,true,,0.35975,-0.51414,0.36091,-0.51516,0.62900,-0.56863,0.26538,0.32637,0.10691,-0.30789,,-0.32035,0.94444,1.00000,true,,0.61576,-0.99065,0.61674,-0.98883,1.16540,-0.03794,1.16581,0.07643,-0.07299,0.02256,,-0.25419,0.87500,1.00000,true,,0.98226,-0.90043,0.98186,-0.89734,1.33014,0.28866,1.30088,0.29982,-0.21511,0.20910,,-0.36969,0.95833,1.00000,1795,genuine_population,gen,bobs_126613LB_180707,126613LB,Bob's Watches,https://www.bobswatches.com/images/zUsed-Rolex-Submariner-126613-Blue-Dial-SKU180707.jpg
cfc8b8170886e056,images/cf/cfc8b8170886e0569e91ed1790b7c7d3b9ce7c2840f9c8cd46c33a7e140d2cbf.jpg,missing,,,,,,,,,,,,,,,,,,,,,,,,,,,,,,,,,,,,,,,,,,,,,,,,,,,,,,,,,,,,,,,,,,,,,,,,,,,,,,,,,,,,,,,,,,,,,,,,,,,,,,,,,,,,,,,,,,,,,,,,,,,,,,,,,,,,,,,,,,,,,,,,,,,,,,,,,,,,,,,,,,,,,,,,,,,,,,,,,,,,,,,,,,,,,,,,,,,,,,genuine_population,gen,bobs_126613LB_180707,126613LB,Bob's Watches,https://www.bobswatches.com/images/zUsed-Rolex-Submariner-126613-Blue-Timing-Bezel-SKU180707.jpg
eb7cd6c38e603fcb,images/eb/eb7cd6c38e603fcb0d1e402f122834b74d2eeb6946022b57513ff13856335d06.jpg,missing,,,,,,,,,,,,,,,,,,,,,,,,,,,,,,,,,,,,,,,,,,,,,,,,,,,,,,,,,,,,,,,,,,,,,,,,,,,,,,,,,,,,,,,,,,,,,,,,,,,,,,,,,,,,,,,,,,,,,,,,,,,,,,,,,,,,,,,,,,,,,,,,,,,,,,,,,,,,,,,,,,,,,,,,,,,,,,,,,,,,,,,,,,,,,,,,,,,,,,genuine_population,gen,bobs_126613LB_180707,126613LB,Bob's Watches,https://www.bobswatches.com/images/zUsed-Rolex-Submariner-126613-Blue-Dial-180707s.jpg
1787c8a859790d40,images/17/1787c8a859790d4032cd006cc60a8811a9a2d9434affb656eed7c9ca80c62f03.jpg,missing,,,,,,,,,,,,,,,,,,,,,,,,,,,,,,,,,,,,,,,,,,,,,,,,,,,,,,,,,,,,,,,,,,,,,,,,,,,,,,,,,,,,,,,,,,,,,,,,,,,,,,,,,,,,,,,,,,,,,,,,,,,,,,,,,,,,,,,,,,,,,,,,,,,,,,,,,,,,,,,,,,,,,,,,,,,,,,,,,,,,,,,,,,,,,,,,,,,,,,genuine_population,gen,bobs_126613LB_181160,126613LB,Bob's Watches,https://www.bobswatches.com/images/zUsed-Rolex-Submariner-126613-Blue-Dial-SKU181160.jpg
575efd4afa1b6fd3,images/57/575efd4afa1b6fd3060f47488462737d898c5aa4e57630137d0147590ab17230.jpg,missing,,,,,,,,,,,,,,,,,,,,,,,,,,,,,,,,,,,,,,,,,,,,,,,,,,,,,,,,,,,,,,,,,,,,,,,,,,,,,,,,,,,,,,,,,,,,,,,,,,,,,,,,,,,,,,,,,,,,,,,,,,,,,,,,,,,,,,,,,,,,,,,,,,,,,,,,,,,,,,,,,,,,,,,,,,,,,,,,,,,,,,,,,,,,,,,,,,,,,,genuine_population,gen,bobs_126613LB_181160,126613LB,Bob's Watches,https://www.bobswatches.com/images/zUsed-Two-Tone-Rolex-Submariner-126613-Blue-Dial-SKU181160.jpg
c91a29cc5e282c64,images/c9/c91a29cc5e282c64ec5fac3c854a901eddb752a3de0a5807be2092441a4bc87d.jpg,accepted,1412,2160,,true,436.13122,0.99334,0.12421,46,11,438.54958,true,10,0.25477,0.56347,0.61839,-0.00892,0.04293,true,,1.30774,2.08583,1.28792,2.09257,2.45716,-2.08583,1.30774,1.68388,-1.49351,0.78545,0.23190,,0.95238,0.96667,0.06907,0.43644,0.38119,true,,-0.32553,0.87953,-0.33417,0.87891,0.94029,0.87953,0.32553,0.48480,0.34814,0.33573,-0.22979,,0.76190,1.00000,true,,1.00240,-0.34735,1.00778,-0.33783,1.06290,-1.00240,0.34735,0.97245,-0.71307,0.65897,-0.03005,,0.95238,1.00000,true,,0.34393,0.71010,0.33767,0.71138,0.78745,-0.44299,0.65290,0.13180,-0.05510,-0.11987,,-0.19875,0.94444,1.00000,true,,0.21658,0.63293,0.21148,0.63369,0.66805,-0.12890,0.65643,0.23029,-0.04142,-0.22668,,-0.36202,0.90278,1.00000,true,,0.17652,0.75106,0.17080,0.75333,0.77245,0.52840,0.56218,0.08221,0.05480,-0.06127,,-0.31983,0.88889,1.00000,true,,-0.10094,0.62275,-0.10623,0.62317,0.63216,0.48885,0.39879,0.12178,-0.09507,0.07575,,-0.18111,1.00000,1.00000,true,,0.02969,0.61043,0.02379,0.61236,0.61282,0.51380,-0.33093,0.21167,0.18953,-0.09289,,-0.22666,1.00000,1.00000,true,,0.17041,0.68033,0.16379,0.68316,0.70252,0.19258,-0.67439,0.36777,0.16873,-0.32602,,-0.25801,0.98611,1.00000,true,,0.48393,0.62566,0.47792,0.62970,0.79052,-0.73193,-0.29987,0.28690,-0.19471,-0.21116,,-0.28443,0.97222,1.00000,true,,0.37978,0.16620,0.37813,0.16962,0.41443,-0.33382,0.24580,0.31496,0.31372,0.03410,,-0.27067,0.95833,1.00000,1824,genuine_population,gen,bobs_126613LB_182290,126613LB,Bob's Watches,https://www.bobswatches.com/images/zUsed-Rolex-Submariner-126613-Blue-Dial-SKU182290.jpg
f35e4f82ff774200,images/f3/f35e4f82ff774200a30170261444cb71c2a6ec0a44f0e91a0559951fb07cf1bc.jpg,missing,,,,,,,,,,,,,,,,,,,,,,,,,,,,,,,,,,,,,,,,,,,,,,,,,,,,,,,,,,,,,,,,,,,,,,,,,,,,,,,,,,,,,,,,,,,,,,,,,,,,,,,,,,,,,,,,,,,,,,,,,,,,,,,,,,,,,,,,,,,,,,,,,,,,,,,,,,,,,,,,,,,,,,,,,,,,,,,,,,,,,,,,,,,,,,,,,,,,,,genuine_population,gen,bobs_126613_182278,126613,Bob's Watches,https://www.bobswatches.com/images/zUsed-Rolex-Submariner-126613-Black-Dial-SKU182278.jpg
c276a000159e750e,images/c2/c276a000159e750e2817fd916eb9c589ccbbaab5925c558f0141eccb04995fbb.jpg,missing,,,,,,,,,,,,,,,,,,,,,,,,,,,,,,,,,,,,,,,,,,,,,,,,,,,,,,,,,,,,,,,,,,,,,,,,,,,,,,,,,,,,,,,,,,,,,,,,,,,,,,,,,,,,,,,,,,,,,,,,,,,,,,,,,,,,,,,,,,,,,,,,,,,,,,,,,,,,,,,,,,,,,,,,,,,,,,,,,,,,,,,,,,,,,,,,,,,,,,genuine_population,gen,bobs_126613_182278,126613,Bob's Watches,https://www.bobswatches.com/images/zUsed-Rolex-Submariner-126613-Black-Timing-Bezel-182278s.jpg
eda152e28778c7b3,images/ed/eda152e28778c7b3105ba7fb2cab31a6e66acdbf3d51c0fda58b194e0dedcbb1.jpg,missing,,,,,,,,,,,,,,,,,,,,,,,,,,,,,,,,,,,,,,,,,,,,,,,,,,,,,,,,,,,,,,,,,,,,,,,,,,,,,,,,,,,,,,,,,,,,,,,,,,,,,,,,,,,,,,,,,,,,,,,,,,,,,,,,,,,,,,,,,,,,,,,,,,,,,,,,,,,,,,,,,,,,,,,,,,,,,,,,,,,,,,,,,,,,,,,,,,,,,,genuine_population,gen,bobs_126610_182361,126610,Bob's Watches,https://www.bobswatches.com/images/zUsed-Rolex-Submariner-126610-Black-Chromalight-Dial-SKU182361.jpg
c280735e62a986d4,images/c2/c280735e62a986d4827aeb5baf192654086bae2eb966bf526ee303f12a2f35e6.jpg,missing,,,,,,,,,,,,,,,,,,,,,,,,,,,,,,,,,,,,,,,,,,,,,,,,,,,,,,,,,,,,,,,,,,,,,,,,,,,,,,,,,,,,,,,,,,,,,,,,,,,,,,,,,,,,,,,,,,,,,,,,,,,,,,,,,,,,,,,,,,,,,,,,,,,,,,,,,,,,,,,,,,,,,,,,,,,,,,,,,,,,,,,,,,,,,,,,,,,,,,genuine_population,gen,bobs_126610_182232,126610,Bob's Watches,https://www.bobswatches.com/images/zUsed-Rolex-Submariner-126610-SKU182232.jpg
6db27eace23615b0,images/6d/6db27eace23615b0d2e9371773e5f2e199e31c2fca469ce4f1cf3941a92587ab.jpg,accepted,1412,2160,,true,436.45874,0.99463,0.13796,43,11,438.84167,true,10,0.10849,-0.59595,0.60574,0.04145,0.00179,true,,0.09921,-0.58513,0.09516,-0.58349,0.59120,0.58513,0.09921,0.15687,-0.15560,-0.02419,-0.76959,,1.00000,1.00000,-0.95171,-0.72617,-1.26919,true,,0.12082,-0.39883,0.11841,-0.40093,0.41805,-0.39883,-0.12082,0.06159,0.05845,-0.01879,-0.81248,,0.61905,1.00000,true,,-0.30902,-0.43433,-0.31188,-0.43265,0.53334,0.30902,0.43433,0.33190,0.28338,-0.17144,-0.35546,,1.00000,1.00000,true,,-0.16492,-0.72218,-0.17022,-0.71865,0.73853,0.54296,-0.50391,0.36055,-0.17685,-0.31477,,-0.06053,0.88889,1.00000,true,,0.91466,-0.77523,0.90704,-0.77849,1.19531,1.17974,-0.21404,0.67722,0.63668,0.23418,,-0.00923,0.84722,1.00000,true,,-0.19277,-0.74989,-0.19915,-0.74943,0.77544,-0.54189,-0.55303,0.49038,-0.48958,0.00763,,-0.12627,0.94444,1.00000,true,,-0.20455,-0.70348,-0.21033,-0.70397,0.73472,-0.71151,-0.17459,0.45268,-0.40013,0.20931,,-0.10624,0.87500,1.00000,true,,0.29180,-0.21522,0.29142,-0.21789,0.36387,-0.33229,-0.14509,0.36916,0.09154,-0.35656,,-0.15921,0.88889,1.00000,true,,-0.05632,-0.03853,-0.05668,-0.03825,0.06838,0.02951,0.06153,0.49490,0.27657,-0.40901,,-0.12825,0.90278,1.00000,true,,0.21763,-1.31794,0.21099,-1.31736,1.33415,0.47050,1.25018,0.67767,0.12220,0.66720,,-0.04880,0.90278,1.00000,true,,0.35860,-0.47032,0.35582,-0.47090,0.59022,0.22801,0.54572,0.40378,-0.37937,0.13951,,-0.14255,0.90278,1.00000,1775,genuine_population,gen,bobs_126610LV_181353,126610LV,Bob's Watches,https://www.bobswatches.com/images/zUsed-Rolex-Submariner-126610-Black-Chromalight-Dial-SKU181353.jpg
ee07ceedbb6f0bd3,images/ee/ee07ceedbb6f0bd3548f7cef9bf8b5f23fa010f621982a648bba0d01349bd292.jpg,missing,,,,,,,,,,,,,,,,,,,,,,,,,,,,,,,,,,,,,,,,,,,,,,,,,,,,,,,,,,,,,,,,,,,,,,,,,,,,,,,,,,,,,,,,,,,,,,,,,,,,,,,,,,,,,,,,,,,,,,,,,,,,,,,,,,,,,,,,,,,,,,,,,,,,,,,,,,,,,,,,,,,,,,,,,,,,,,,,,,,,,,,,,,,,,,,,,,,,,,genuine_population,gen,bobs_126610_182143,126610,Bob's Watches,https://www.bobswatches.com/images/zUsed-Rolex-Submariner-126610-182143.jpg
790813cf05fb7be6,images/79/790813cf05fb7be635e3818a8f4b89cf18b98471da4e4fa2c1ac2cc372fe8ed0.jpg,missing,,,,,,,,,,,,,,,,,,,,,,,,,,,,,,,,,,,,,,,,,,,,,,,,,,,,,,,,,,,,,,,,,,,,,,,,,,,,,,,,,,,,,,,,,,,,,,,,,,,,,,,,,,,,,,,,,,,,,,,,,,,,,,,,,,,,,,,,,,,,,,,,,,,,,,,,,,,,,,,,,,,,,,,,,,,,,,,,,,,,,,,,,,,,,,,,,,,,,,genuine_population,gen,bobs_126610_182143,126610,Bob's Watches,https://www.bobswatches.com/images/zUsed-Rolex-Submariner-126610-Black-Dial-SKU182143.jpg
6a99af58b50fb1cb,images/6a/6a99af58b50fb1cb742d69f66dbc62f2b150465fb86aa69cd8a59307cc0bc530.jpg,missing,,,,,,,,,,,,,,,,,,,,,,,,,,,,,,,,,,,,,,,,,,,,,,,,,,,,,,,,,,,,,,,,,,,,,,,,,,,,,,,,,,,,,,,,,,,,,,,,,,,,,,,,,,,,,,,,,,,,,,,,,,,,,,,,,,,,,,,,,,,,,,,,,,,,,,,,,,,,,,,,,,,,,,,,,,,,,,,,,,,,,,,,,,,,,,,,,,,,,,genuine_population,gen,bobs_126613_180092,126613,Bob's Watches,https://www.bobswatches.com/images/zUsed-Rolex-Submariner-126613-180092.jpg
b25597554cee76ce,images/b2/b25597554cee76ceb719a0cd9f45d16043c30e7ee144ae72c679c60d90f42004.jpg,missing,,,,,,,,,,,,,,,,,,,,,,,,,,,,,,,,,,,,,,,,,,,,,,,,,,,,,,,,,,,,,,,,,,,,,,,,,,,,,,,,,,,,,,,,,,,,,,,,,,,,,,,,,,,,,,,,,,,,,,,,,,,,,,,,,,,,,,,,,,,,,,,,,,,,,,,,,,,,,,,,,,,,,,,,,,,,,,,,,,,,,,,,,,,,,,,,,,,,,,genuine_population,gen,bobs_126610LV_181837,126610LV,Bob's Watches,https://www.bobswatches.com/images/zUsed-Rolex-Submariner-126610-181837.jpg
6655f33418181ac9,images/66/6655f33418181ac92ecfe87d6b32f3165e2727c3e2c6183fd175a5dc807d0736.jpg,missing,,,,,,,,,,,,,,,,,,,,,,,,,,,,,,,,,,,,,,,,,,,,,,,,,,,,,,,,,,,,,,,,,,,,,,,,,,,,,,,,,,,,,,,,,,,,,,,,,,,,,,,,,,,,,,,,,,,,,,,,,,,,,,,,,,,,,,,,,,,,,,,,,,,,,,,,,,,,,,,,,,,,,,,,,,,,,,,,,,,,,,,,,,,,,,,,,,,,,,genuine_population,gen,bobs_126619_182021,126619,Bob's Watches,https://www.bobswatches.com/images/zUsed-Rolex-Submariner-126619-182021.jpg
3611544bd0264da5,images/36/3611544bd0264da50883170dd88bb4b7075799c4daa1775419ecf16bcb17f354.jpg,missing,,,,,,,,,,,,,,,,,,,,,,,,,,,,,,,,,,,,,,,,,,,,,,,,,,,,,,,,,,,,,,,,,,,,,,,,,,,,,,,,,,,,,,,,,,,,,,,,,,,,,,,,,,,,,,,,,,,,,,,,,,,,,,,,,,,,,,,,,,,,,,,,,,,,,,,,,,,,,,,,,,,,,,,,,,,,,,,,,,,,,,,,,,,,,,,,,,,,,,genuine_population,gen,bobs_126619_182021,126619,Bob's Watches,https://www.bobswatches.com/images/zUsed-Rolex-Submariner-126619-Blue-Bezel-SKU182021.jpg
aae59db4a70ab5e9,images/aa/aae59db4a70ab5e9799a49e4dfe411a01a933cfa256518a35706404beec78205.jpg,accepted,1412,2160,,true,432.09534,0.99779,0.16205,44,11,434.98606,true,7,0.06591,-0.15676,0.17005,0.05611,0.00355,true,,0.95980,0.40431,0.96461,0.38631,1.03909,-0.40431,0.95980,1.14798,-0.75517,0.86986,0.44725,,0.95238,0.96667,0.25786,0.69560,0.65768,false,withheld by the app (hand / glare),2.30196,2.15550,2.34340,2.12231,3.16161,2.15550,-2.30196,3.10634,2.12605,-2.25398,-2.10221,,0.90476,0.96667,true,,-0.52497,-0.27752,-0.52962,-0.26846,0.59378,0.52497,0.27752,0.42083,0.40812,0.10126,0.22673,,1.00000,1.00000,false,outline coverage 0.61; 6/8 octants,,,,,,,,,,,,,0.61111,1.00000,false,withheld by the app (hand / glare),-0.05179,-0.17573,-0.05492,-0.17415,0.18260,0.04302,-0.17808,0.30850,-0.29271,-0.09925,,-0.35524,0.61111,0.96667,true,,-0.11503,0.12650,-0.11280,0.12853,0.17101,-0.03637,0.16706,0.38168,-0.21628,0.31431,,-0.30112,0.86111,1.00000,false,withheld by the app (hand / glare),0.01490,-0.20279,0.01137,-0.20355,0.20387,-0.16817,-0.11430,0.26671,-0.26600,0.00095,,-0.14081,0.76389,1.00000,true,,-0.03222,-0.60078,-0.04144,-0.60205,0.60347,-0.50418,0.32830,0.60817,-0.53360,0.28774,,-0.27017,0.72222,1.00000,false,outline coverage 0.60; 7/8 octants,,,,,,,,,,,,,0.59722,0.99444,true,,0.07932,-0.56140,0.07134,-0.56092,0.56544,0.21200,0.52585,0.33443,-0.00521,0.33479,,-0.19282,0.72222,1.00000,false,outline coverage 0.60; 6/8 octants,,,,,,,,,,,,,0.59722,1.00000,1814,genuine_population,gen,bobs_126613LB_181567,126613LB,Bob's Watches,https://www.bobswatches.com/images/zUsed-Rolex-Submariner-126613-Blue-Dial-SKU181567.jpg
f947b9799d8d203c,images/f9/f947b9799d8d203c7c4c2814d8abe8152577aa4c25d036b2f7c7445bb813afc0.jpg,missing,,,,,,,,,,,,,,,,,,,,,,,,,,,,,,,,,,,,,,,,,,,,,,,,,,,,,,,,,,,,,,,,,,,,,,,,,,,,,,,,,,,,,,,,,,,,,,,,,,,,,,,,,,,,,,,,,,,,,,,,,,,,,,,,,,,,,,,,,,,,,,,,,,,,,,,,,,,,,,,,,,,,,,,,,,,,,,,,,,,,,,,,,,,,,,,,,,,,,,genuine_population,gen,bobs_126613_181901,126613,Bob's Watches,https://www.bobswatches.com/images/zUsed-Rolex-Submariner-126613-181901.jpg
6b0f3ee618256ebf,images/6b/6b0f3ee618256ebfb90bac73d8a3d438bd7dfc1609e20de3f19f3251945e0f2d.jpg,missing,,,,,,,,,,,,,,,,,,,,,,,,,,,,,,,,,,,,,,,,,,,,,,,,,,,,,,,,,,,,,,,,,,,,,,,,,,,,,,,,,,,,,,,,,,,,,,,,,,,,,,,,,,,,,,,,,,,,,,,,,,,,,,,,,,,,,,,,,,,,,,,,,,,,,,,,,,,,,,,,,,,,,,,,,,,,,,,,,,,,,,,,,,,,,,,,,,,,,,genuine_population,gen,bobs_126613_181723,126613,Bob's Watches,https://www.bobswatches.com/images/zUsed-Rolex-Submariner-126613-SKU181723.jpg
57ef0f62976c4182,images/57/57ef0f62976c41825c16cb0dd4b2feacd026d074e00a3f27dd2e65c1e01a9d81.jpg,accepted,1412,2160,,true,437.70845,0.99051,0.17405,46,11,438.70596,true,10,-0.40122,-0.45175,0.60420,0.07475,0.00524,true,,-0.04104,-0.06841,-0.04143,-0.06788,0.07953,0.06841,-0.04104,0.72259,-0.64816,0.32494,0.31925,,1.00000,1.00000,0.03914,0.48992,-0.07112,true,,-0.93530,-0.80503,-0.94262,-0.80114,1.23708,-0.80503,0.93530,0.78690,-0.59948,0.50678,-0.10226,,0.71429,1.00000,true,,-0.45197,-0.13752,-0.45334,-0.13495,0.47300,0.45197,0.13752,0.39824,-0.19503,-0.34743,-0.27939,,1.00000,0.96667,true,,-0.26258,-0.72719,-0.26750,-0.72253,0.77046,0.49847,-0.59099,0.06341,0.03709,-0.05168,,-0.11309,0.90278,1.00000,false,withheld by the app (hand / glare),0.26361,-1.18529,0.25388,-1.18250,1.20944,0.82094,-0.89469,0.74734,0.67160,-0.33471,,-0.16429,0.69444,0.97222,false,withheld by the app (hand / glare),-0.56087,0.23536,-0.55934,0.23857,0.60810,-0.36805,0.48427,0.64872,-0.06290,0.64619,,-0.14103,0.90278,0.86667,false,withheld by the app (hand / glare),-0.11845,-0.11337,-0.11948,-0.11285,0.16434,-0.15740,0.04590,0.19850,0.16841,-0.10423,,-0.17478,0.87500,1.00000,true,,-0.34924,-0.22215,-0.35141,-0.22056,0.41489,-0.01777,0.41353,0.21179,-0.09001,-0.19109,,-0.18531,0.98611,1.00000,true,,-0.75608,-0.23799,-0.75907,-0.23391,0.79429,0.53579,0.58414,0.15732,0.15150,-0.04113,,-0.14447,0.95833,1.00000,true,,-0.66220,-0.55866,-0.66534,-0.55379,0.86566,0.85281,0.15272,0.07573,0.01403,-0.07450,,-0.00975,0.91667,1.00000,true,,-0.42683,-0.57457,-0.42983,-0.57010,0.71398,0.71101,-0.08236,0.14803,-0.14843,0.00247,,-0.03275,0.90278,1.00000,1750,genuine_population,gen,bobs_126610_181881,126610,Bob's Watches,https://www.bobswatches.com/images/zUsed-Rolex-Submariner-126610-SKU181881.jpg
6d27653825536766,images/6d/6d276538255367667a6e6fa8d658be341f3e548075d2f2070386d3e6d0bbbf19.jpg,missing,,,,,,,,,,,,,,,,,,,,,,,,,,,,,,,,,,,,,,,,,,,,,,,,,,,,,,,,,,,,,,,,,,,,,,,,,,,,,,,,,,,,,,,,,,,,,,,,,,,,,,,,,,,,,,,,,,,,,,,,,,,,,,,,,,,,,,,,,,,,,,,,,,,,,,,,,,,,,,,,,,,,,,,,,,,,,,,,,,,,,,,,,,,,,,,,,,,,,,genuine_population,gen,bobs_126610_181881,126610,Bob's Watches,https://www.bobswatches.com/images/zUsed-Rolex-Submariner-126610-Green-Bezel-SKU181881.jpg
fb7642088c601171,images/fb/fb7642088c6011717f35e88e08c84075e430207d14302a9f8235e5bc2470d259.jpg,accepted,1412,2160,,true,436.26149,0.99492,0.16937,46,11,438.44035,true,10,-0.33542,-0.74582,0.81777,-0.00018,0.00748,true,,-1.17590,0.02343,-1.17521,0.01675,1.17533,-0.02343,-1.17590,1.16699,-0.76690,-0.88341,-0.16336,,0.95238,1.00000,-0.31011,0.03556,0.02358,true,,-0.28239,-0.53560,-0.28086,-0.53860,0.60743,-0.53560,0.28239,0.23224,0.20908,-0.09934,0.05425,,0.61905,1.00000,true,,-0.16021,-0.70327,-0.15643,-0.70475,0.72190,0.16021,0.70327,0.19685,-0.17745,-0.08429,0.26681,,1.00000,1.00000,true,,-0.48708,-0.92096,-0.48328,-0.92052,1.03967,0.55403,-0.88231,0.27522,0.07939,-0.26392,,-0.13165,0.90278,1.00000,false,withheld by the app (hand / glare),-0.92946,-0.49651,-0.92682,-0.50014,1.05315,-0.55668,-0.89472,0.64646,-0.63515,-0.12779,,-0.17936,0.88889,0.92778,true,,-0.46545,-0.31024,-0.46479,-0.31261,0.56014,-0.55821,-0.03595,0.40747,0.10741,0.39272,,-0.16585,0.94444,1.00000,true,,-0.05824,-0.31362,-0.05727,-0.31475,0.31992,-0.30073,-0.10638,0.52013,0.51344,-0.07387,,-0.13620,0.91667,1.00000,true,,-0.32073,-0.89894,-0.31716,-0.90359,0.95763,-0.61814,0.72723,0.14369,-0.14223,0.01564,,-0.11216,0.93056,1.00000,true,,0.16756,-1.07755,0.17451,-1.07979,1.09381,-0.68388,0.84940,0.60670,-0.60414,-0.01073,,-0.14160,0.97222,1.00000,true,,-0.40643,-1.07709,-0.40081,-1.07828,1.15037,0.89052,0.72957,0.30683,0.22617,0.20770,,-0.05364,0.88889,1.00000,true,,-0.48303,-1.15120,-0.47725,-1.15099,1.24601,1.23848,0.15728,0.42599,0.42559,0.03158,,-0.07700,0.91667,1.00000,1748,genuine_population,gen,bobs_126610_180692,126610,Bob's Watches,https://www.bobswatches.com/images/zUsed-Rolex-Submariner-126610-Black-Chromalight-Dial-SKU180692.jpg
558fa9ce23c03665,images/55/558fa9ce23c036654284d7a58bf525922ef919e2fe1fca3bfac438b065997d18.jpg,accepted,1412,2160,,true,436.61053,0.99009,0.19006,45,11,437.93548,true,10,-0.21026,-0.37317,0.42833,0.11497,-0.18487,true,,-1.59230,0.14491,-1.59202,0.13490,1.59773,-0.14491,-1.59230,0.94936,-0.91970,-0.25146,-0.78930,,1.00000,1.00000,-0.99586,-0.64172,-1.00059,true,,0.69618,-0.23943,0.69909,-0.23710,0.73820,-0.23943,-0.69618,0.29954,-0.24923,0.16484,-0.07676,,0.61905,1.00000,true,,-0.46707,0.82930,-0.47324,0.82700,0.95283,0.46707,-0.82930,0.18108,-0.12673,-0.12909,0.21239,,1.00000,1.00000,true,,-1.15093,-1.04635,-1.14592,-1.04863,1.55331,0.33070,-1.51991,0.29433,-0.29566,-0.00082,,-0.08751,0.88889,1.00000,false,withheld by the app (hand / glare),-0.69402,-1.85836,-0.68797,-1.85604,1.97944,0.32814,-1.95640,0.38735,-0.08445,-0.37845,,-0.12478,0.75000,0.95556,true,,0.89959,-1.24129,0.90335,-1.23732,1.53200,0.15842,-1.52478,0.19763,0.11824,-0.15843,,-0.06223,0.91667,1.00000,true,,0.76909,-0.21691,0.77112,-0.21403,0.80027,0.19669,-0.77451,0.43570,0.21536,0.37808,,-0.11979,0.90278,1.00000,true,,0.65971,0.89151,0.65748,0.89664,1.11186,0.44221,-1.01708,0.34475,0.24928,-0.23690,,-0.09823,0.91667,1.00000,true,,0.22817,0.90848,0.22378,0.91107,0.93815,0.25663,-0.90085,0.23468,-0.15006,-0.17953,,-0.19812,0.95833,1.00000,true,,-1.14712,0.15184,-1.15011,0.14528,1.15925,0.91751,-0.70505,0.26616,0.13841,0.22787,,0.04122,0.84722,1.00000,true,,-1.21921,-0.44802,-1.21760,-0.45363,1.29936,0.99760,-0.83185,0.35213,0.15964,0.31483,,-0.04743,0.91667,1.00000,1771,genuine_population,gen,bobs_126610_175600,126610,Bob's Watches,https://www.bobswatches.com/images/zUsed-Rolex-Submariner-126610-Black-Chromalight-Dial-SKU175600.jpg
70c17a6c2b32c96f,images/70/70c17a6c2b32c96f8b3e3d794fba5a34536897b6c9801790fdc2dcaa04360b3f.jpg,accepted,1412,2160,,true,436.46700,0.99280,0.14092,45,11,438.63825,true,10,0.19337,-0.67326,0.70048,0.00399,0.01265,true,,-0.46253,-0.29466,-0.46462,-0.28916,0.54725,0.29466,-0.46253,0.83470,-0.39166,-0.73953,0.77174,,1.00000,1.00000,0.54464,0.96304,0.64389,true,,0.46375,-0.61704,0.45899,-0.62288,0.77373,-0.61704,-0.46375,0.34107,0.04202,-0.33766,-0.05829,,0.71429,0.93333,true,,0.13875,-0.48956,0.13521,-0.49037,0.50867,-0.13875,0.48956,0.26055,0.04759,-0.25631,-0.32983,,1.00000,1.00000,true,,0.18603,-0.66977,0.17878,-0.66807,0.69158,0.67305,-0.17378,0.09212,-0.02325,-0.08927,,-0.25176,0.98611,1.00000,true,,0.21745,-0.94435,0.20670,-0.94281,0.96520,0.66049,-0.70911,0.33373,0.13722,-0.30544,,-0.15699,0.94444,1.00000,true,,0.01365,-0.55070,0.00753,-0.55098,0.55104,-0.26353,-0.48375,0.16552,-0.11445,0.11953,,-0.20823,0.98611,1.00000,true,,-0.17986,-0.50668,-0.18547,-0.50595,0.53887,-0.52873,-0.09757,0.33863,-0.06049,0.33267,,-0.17106,0.93056,1.00000,true,,-0.08543,-0.77029,-0.09217,-0.77128,0.77677,-0.62438,0.45913,0.22185,0.04346,0.21702,,-0.26377,0.98611,1.00000,true,,0.22066,-0.40235,0.21803,-0.40481,0.45980,-0.39227,0.23812,0.33929,0.10253,-0.32314,,-0.22646,1.00000,1.00000,true,,0.53100,-1.14825,0.52227,-1.14960,1.26267,0.11427,1.25992,0.50244,-0.06327,0.49905,,-0.20183,0.90278,1.00000,true,,0.40328,-0.68471,0.39719,-0.68512,0.79193,0.39133,0.69160,0.14772,-0.10536,0.10377,,-0.24780,1.00000,1.00000,1873,genuine_population,gen,bobs_126613LN_181162,126613LN,Bob's Watches,https://www.bobswatches.com/images/zUsed-Rolex-Submariner-126613-Black-Chromalight-Dial-SKU181162.jpg
8158464c9fedde52,images/81/8158464c9fedde52c18ee14c2f07dcec9201481b2e11cbe743b155dc96d884fe.jpg,accepted,1411,2160,,true,437.67191,0.99439,0.16322,44,11,439.53780,true,10,-0.10236,-0.81209,0.81852,0.01321,0.08078,true,,-0.36860,-0.21779,-0.36661,-0.21963,0.42737,0.21779,-0.36860,0.98786,-0.64023,-0.75592,-0.62699,,0.90476,1.00000,-0.78638,-0.43025,-0.49322,true,,-0.97013,-0.66525,-0.96795,-0.67377,1.17936,-0.66525,0.97013,0.40600,0.10232,0.39174,0.65062,,0.71429,1.00000,true,,0.43695,-1.66938,0.45250,-1.66661,1.72695,-0.43695,1.66938,0.70643,-0.58896,0.38732,-0.09697,,1.00000,1.00000,true,,-0.05505,-0.40707,-0.05254,-0.40581,0.40920,0.32501,-0.25121,0.44975,-0.37113,-0.25612,,-0.08734,0.88889,0.99444,false,withheld by the app (hand / glare),0.49906,-0.90691,0.50314,-0.90072,1.03172,0.88566,-0.53588,0.59553,0.52611,-0.28323,,-0.10955,0.86111,0.99444,true,,-0.23420,-0.50235,-0.23173,-0.50450,0.55518,-0.45400,-0.31795,0.17333,-0.00192,-0.17324,,-0.10023,0.90278,1.00000,true,,-0.77030,-0.14087,-0.77088,-0.14626,0.78463,-0.50714,0.59667,0.45366,0.20250,0.40478,,-0.20132,0.81944,1.00000,true,,-0.61886,-0.74674,-0.61473,-0.75331,0.97230,-0.33727,0.90932,0.28174,0.26442,-0.09420,,-0.06212,0.93056,1.00000,true,,-0.11664,-1.16554,-0.10677,-1.16882,1.17369,-0.48175,1.06771,0.29106,-0.21665,-0.19337,,-0.12704,0.98611,1.00000,true,,0.05609,-1.32715,0.06768,-1.32426,1.32599,0.61500,1.17739,0.07254,0.06848,0.02426,,0.03498,0.91667,1.00000,true,,0.17909,-1.01139,0.18705,-1.00647,1.02370,0.78634,0.66079,0.15656,-0.01775,-0.15575,,-0.06933,0.90278,1.00000,1772,genuine_population,gen,bobs_126610_180253,126610,Bob's Watches,https://www.bobswatches.com/images/zUsed-Rolex-Submariner-126610-Black-Dial-SKU180253.jpg
58029edc3528afe3,images/58/58029edc3528afe3afd077826f50f4bc010fd5153d0bf879686e925d9726866f.jpg,missing,,,,,,,,,,,,,,,,,,,,,,,,,,,,,,,,,,,,,,,,,,,,,,,,,,,,,,,,,,,,,,,,,,,,,,,,,,,,,,,,,,,,,,,,,,,,,,,,,,,,,,,,,,,,,,,,,,,,,,,,,,,,,,,,,,,,,,,,,,,,,,,,,,,,,,,,,,,,,,,,,,,,,,,,,,,,,,,,,,,,,,,,,,,,,,,,,,,,,,genuine_population,gen,bobs_126610_180253,126610,Bob's Watches,https://www.bobswatches.com/images/zUsed-Rolex-Submariner-126610-Green-Timing-Bezel-SKU180253.jpg
b36f6eb3bba164c2,images/b3/b36f6eb3bba164c2a4cfa0ed9416a570b064854e9598fc23cee1bd51b42e2f42.jpg,missing,,,,,,,,,,,,,,,,,,,,,,,,,,,,,,,,,,,,,,,,,,,,,,,,,,,,,,,,,,,,,,,,,,,,,,,,,,,,,,,,,,,,,,,,,,,,,,,,,,,,,,,,,,,,,,,,,,,,,,,,,,,,,,,,,,,,,,,,,,,,,,,,,,,,,,,,,,,,,,,,,,,,,,,,,,,,,,,,,,,,,,,,,,,,,,,,,,,,,,genuine_population,gen,bobs_126610_180687,126610,Bob's Watches,https://www.bobswatches.com/images/zUsed-Rolex-Submariner-126610-Black-Dial-SKU180687.jpg
002cb7e326b37f66,images/00/002cb7e326b37f668f9845197525d0cc7e517fe9fd57013f096d8d2e2c585b6f.jpg,missing,,,,,,,,,,,,,,,,,,,,,,,,,,,,,,,,,,,,,,,,,,,,,,,,,,,,,,,,,,,,,,,,,,,,,,,,,,,,,,,,,,,,,,,,,,,,,,,,,,,,,,,,,,,,,,,,,,,,,,,,,,,,,,,,,,,,,,,,,,,,,,,,,,,,,,,,,,,,,,,,,,,,,,,,,,,,,,,,,,,,,,,,,,,,,,,,,,,,,,genuine_population,gen,bobs_126610_180687,126610,Bob's Watches,https://www.bobswatches.com/images/zUsed-Rolex-Submariner-126610-Black-Timing-Bezel-SKU180687.jpg
ddf6a702c8e6d1af,images/dd/ddf6a702c8e6d1afdfc294ef899b4fb1a782e633505183276b7d525c3a1fa179.jpg,missing,,,,,,,,,,,,,,,,,,,,,,,,,,,,,,,,,,,,,,,,,,,,,,,,,,,,,,,,,,,,,,,,,,,,,,,,,,,,,,,,,,,,,,,,,,,,,,,,,,,,,,,,,,,,,,,,,,,,,,,,,,,,,,,,,,,,,,,,,,,,,,,,,,,,,,,,,,,,,,,,,,,,,,,,,,,,,,,,,,,,,,,,,,,,,,,,,,,,,,genuine_population,gen,bobs_126610_181229,126610,Bob's Watches,https://www.bobswatches.com/images/zUsed-Rolex-Submariner-126610-Black-Dial-SKU181229.jpg
9867ac3e0d7fbd6b,images/98/9867ac3e0d7fbd6b2480a726ec920f99569308e8ef9bb7adea9ba039bbb01c8e.jpg,missing,,,,,,,,,,,,,,,,,,,,,,,,,,,,,,,,,,,,,,,,,,,,,,,,,,,,,,,,,,,,,,,,,,,,,,,,,,,,,,,,,,,,,,,,,,,,,,,,,,,,,,,,,,,,,,,,,,,,,,,,,,,,,,,,,,,,,,,,,,,,,,,,,,,,,,,,,,,,,,,,,,,,,,,,,,,,,,,,,,,,,,,,,,,,,,,,,,,,,,genuine_population,gen,bobs_126610LV_180485,126610LV,Bob's Watches,https://www.bobswatches.com/images/zUsed-Rolex-Submariner-126610-Black-Dial-SKU180485.jpg
3492e88264ed0af4,images/34/3492e88264ed0af4898786a24797c585c61c7ba1b6f5e3571a0020af849e2b35.jpg,accepted,1412,2160,,true,435.16411,0.99443,0.17456,45,11,437.09602,true,10,0.05247,-0.36110,0.36489,0.07663,-0.03017,false,withheld by the app (hand / glare),0.18532,0.42588,0.18181,0.42652,0.46365,-0.42588,0.18532,1.10014,-1.05499,0.31972,0.60813,,0.90476,0.90000,0.44583,0.69082,0.32165,true,,0.28709,-0.33963,0.29046,-0.33835,0.44593,-0.33963,-0.28709,0.24158,-0.23248,-0.06282,-0.58453,,0.76190,1.00000,true,,-0.60816,-0.02797,-0.60920,-0.03345,0.61012,0.60816,0.02797,0.43448,0.40343,-0.15872,0.39070,,1.00000,1.00000,true,,-0.14156,-0.18346,-0.14007,-0.18432,0.23151,0.08810,-0.21433,0.53210,-0.52220,0.11074,,-0.17494,0.90278,1.00000,false,withheld by the app (hand / glare),0.51767,-1.01428,0.52377,-1.00765,1.13564,0.95545,-0.61956,0.48002,0.45931,-0.14406,,-0.15379,0.94444,1.00000,true,,0.68817,-0.54819,0.69207,-0.54299,0.87966,0.32188,-0.81883,0.34827,0.18715,-0.29380,,-0.05121,0.75000,1.00000,true,,0.23794,-0.06498,0.23876,-0.06317,0.24697,0.06269,-0.23855,0.18966,0.07839,0.17233,,-0.14581,0.94444,1.00000,true,,-0.13675,-0.34037,-0.13415,-0.34267,0.36799,-0.22639,0.28861,0.37567,-0.16115,0.33808,,-0.10086,0.93056,1.00000,true,,-0.17067,0.10453,-0.17213,0.10332,0.20075,0.20006,-0.00519,0.18523,0.15115,-0.10614,,-0.00804,0.90278,1.00000,true,,0.03176,-0.45323,0.03602,-0.45266,0.45410,0.19911,0.40839,0.33371,-0.21122,0.25789,,-0.03168,0.91667,1.00000,true,,-0.28959,-0.31758,-0.28686,-0.31972,0.42955,0.41983,-0.09200,0.19023,-0.14093,-0.12835,,-0.08270,0.88889,1.00000,2123,genuine_population,gen,bobs_126610_181036,126610,Bob's Watches,https://www.bobswatches.com/images/zUsed-Rolex-Submariner-126610-Black-Dial-SKU181036.jpg
92efcb09433332f0,images/92/92efcb09433332f0666cadcfcf3185c074c9d919ccb09e46909a50ae250ba89d.jpg,pose_rejected,800,800,overlay unavailable: minute-lattice median residual too high (wrong local fit),false,,,,0,0,,,,,,,,,,,,,,,,,,,,,,,,,,,,,,,,,,,,,,,,,,,,,,,,,,,,,,,,,,,,,,,,,,,,,,,,,,,,,,,,,,,,,,,,,,,,,,,,,,,,,,,,,,,,,,,,,,,,,,,,,,,,,,,,,,,,,,,,,,,,,,,,,,,,,,,,,,,,,,,,,,,,,,,,,,,,,,,,,,,,,,,,,,,,,genuine_population,gen,bobs_126610_181036,126610,Bob's Watches,https://www.bobswatches.com/images/zUsed-Rolex-Submariner-126610-Black-Timing-Bezel-SKU181036.jpg
02fb7b0f8dcd09b0,images/02/02fb7b0f8dcd09b0e4ae480c828469bd040aade3f2d625a4bc8255cdbc19966a.jpg,missing,,,,,,,,,,,,,,,,,,,,,,,,,,,,,,,,,,,,,,,,,,,,,,,,,,,,,,,,,,,,,,,,,,,,,,,,,,,,,,,,,,,,,,,,,,,,,,,,,,,,,,,,,,,,,,,,,,,,,,,,,,,,,,,,,,,,,,,,,,,,,,,,,,,,,,,,,,,,,,,,,,,,,,,,,,,,,,,,,,,,,,,,,,,,,,,,,,,,,,genuine_population,gen,bobs_126610_181553,126610,Bob's Watches,https://www.bobswatches.com/images/zUsed-Rolex-Submariner-126610-Black-Chromalight-Dial-SKU181553.jpg
c0bf1416fe624b08,images/c0/c0bf1416fe624b08d17a287ed0ef03b091624159d348817369cd85f8df94854e.jpg,missing,,,,,,,,,,,,,,,,,,,,,,,,,,,,,,,,,,,,,,,,,,,,,,,,,,,,,,,,,,,,,,,,,,,,,,,,,,,,,,,,,,,,,,,,,,,,,,,,,,,,,,,,,,,,,,,,,,,,,,,,,,,,,,,,,,,,,,,,,,,,,,,,,,,,,,,,,,,,,,,,,,,,,,,,,,,,,,,,,,,,,,,,,,,,,,,,,,,,,,genuine_population,gen,bobs_126610_181553,126610,Bob's Watches,https://www.bobswatches.com/images/zUsed-Rolex-Submariner-126610-Black-Timing-Bezel-SKU181553.jpg
25e0b74ffb567d7c,images/25/25e0b74ffb567d7c9edd0e2160f02d6e15c937d7ebb6214e622121f01fdbdcd7.jpg,missing,,,,,,,,,,,,,,,,,,,,,,,,,,,,,,,,,,,,,,,,,,,,,,,,,,,,,,,,,,,,,,,,,,,,,,,,,,,,,,,,,,,,,,,,,,,,,,,,,,,,,,,,,,,,,,,,,,,,,,,,,,,,,,,,,,,,,,,,,,,,,,,,,,,,,,,,,,,,,,,,,,,,,,,,,,,,,,,,,,,,,,,,,,,,,,,,,,,,,,genuine_population,gen,bobs_126613_180403,126613,Bob's Watches,https://www.bobswatches.com/images/zUsed-Rolex-Submariner-126613-180403.jpg
cd9aa094f3bc8613,images/cd/cd9aa094f3bc861398a45140b4efe260b727a9f8235579d56aeaf0b920344b18.jpg,missing,,,,,,,,,,,,,,,,,,,,,,,,,,,,,,,,,,,,,,,,,,,,,,,,,,,,,,,,,,,,,,,,,,,,,,,,,,,,,,,,,,,,,,,,,,,,,,,,,,,,,,,,,,,,,,,,,,,,,,,,,,,,,,,,,,,,,,,,,,,,,,,,,,,,,,,,,,,,,,,,,,,,,,,,,,,,,,,,,,,,,,,,,,,,,,,,,,,,,,genuine_population,gen,bobs_126613_181671,126613,Bob's Watches,https://www.bobswatches.com/images/zUsed-Rolex-Submariner-126613-SKU181671.jpg
796bdbc12ed2f15d,images/79/796bdbc12ed2f15d60f87c9b0b337be66d7d0d7f92e7dd1ce33aa7433c061014.jpg,missing,,,,,,,,,,,,,,,,,,,,,,,,,,,,,,,,,,,,,,,,,,,,,,,,,,,,,,,,,,,,,,,,,,,,,,,,,,,,,,,,,,,,,,,,,,,,,,,,,,,,,,,,,,,,,,,,,,,,,,,,,,,,,,,,,,,,,,,,,,,,,,,,,,,,,,,,,,,,,,,,,,,,,,,,,,,,,,,,,,,,,,,,,,,,,,,,,,,,,,genuine_population,gen,bobs_126613_180238,126613,Bob's Watches,https://www.bobswatches.com/images/zUsed-Rolex-Submariner-126613-Blue-Chromalight-Dial-SKU180238.jpg
f9bb10025afffafc,images/f9/f9bb10025afffafcb82b436afa1dba8847a21e42639b1158e2062bce8cdc2735.jpg,missing,,,,,,,,,,,,,,,,,,,,,,,,,,,,,,,,,,,,,,,,,,,,,,,,,,,,,,,,,,,,,,,,,,,,,,,,,,,,,,,,,,,,,,,,,,,,,,,,,,,,,,,,,,,,,,,,,,,,,,,,,,,,,,,,,,,,,,,,,,,,,,,,,,,,,,,,,,,,,,,,,,,,,,,,,,,,,,,,,,,,,,,,,,,,,,,,,,,,,,genuine_population,gen,bobs_126613_180238,126613,Bob's Watches,https://www.bobswatches.com/images/zUsed-Rolex-Submariner-126613-Blue-Timing-Bezel-SKU180238.jpg
acf0f1bda6d8c4c5,images/ac/acf0f1bda6d8c4c52c7c36ba49aad2defdeafa5666713f307aa6f54d1a4f3d12.jpg,accepted,1412,2160,,true,436.21848,0.99533,0.16161,45,11,438.42888,true,9,0.46798,-0.37499,0.59969,0.07408,-0.03329,true,,-0.48323,0.12830,-0.48223,0.12856,0.49907,-0.12830,-0.48323,1.06413,-0.76204,-0.74852,0.54501,,0.90476,1.00000,0.43202,0.75749,0.90180,true,,0.82474,-0.00395,0.82691,-0.00646,0.82693,-0.00395,-0.82474,0.20480,0.12369,-0.16249,-0.62365,,1.00000,1.00000,true,,0.18537,-0.09547,0.18559,-0.09590,0.20890,-0.18537,0.09547,0.09304,0.03697,-0.08533,0.60416,,1.00000,1.00000,true,,0.47800,-0.54334,0.47488,-0.54171,0.72039,0.70954,0.14229,0.17220,-0.11319,0.13058,,0.01367,0.90278,1.00000,true,,0.52804,-1.29763,0.52074,-1.29429,1.39512,1.10611,-0.85976,0.61350,0.24871,-0.56289,,0.01632,0.95833,1.00000,true,,0.56929,-0.35944,0.56784,-0.36121,0.67299,0.31330,-0.59593,0.24024,-0.16991,0.16981,,-0.08778,0.95833,0.99444,true,,0.64192,-0.16218,0.64241,-0.16446,0.66312,0.18051,-0.63701,0.16373,0.00587,0.16340,,-0.18903,0.94444,1.00000,false,hand/occluder crosses outline (clean 0.78),,,,,,,,,,,,,0.93056,0.77778,true,,0.33011,0.06050,0.33116,0.05969,0.33650,-0.25563,-0.21745,0.12403,0.07327,-0.09980,,-0.10708,0.97222,1.00000,true,,0.00943,-0.69599,0.00830,-0.69440,0.69445,0.33983,0.60746,0.38958,0.29455,0.25623,,0.02238,0.81944,1.00000,true,,0.55246,-0.16268,0.55190,-0.16306,0.57549,-0.13535,0.55978,0.51835,-0.48921,0.17389,,-0.15530,0.87500,1.00000,1769,genuine_population,gen,bobs_126610LV_181090,126610LV,Bob's Watches,https://www.bobswatches.com/images/zUsed-Rolex-Submariner-126610-Black-Chromalight-Dial-SKU181090.jpg
8723dc6255c2a25c,images/87/8723dc6255c2a25cdd6cc3f150a3a6dfba9fc43ff1edea81384f52f0710a9eed.jpg,accepted,1412,2160,,true,435.66908,0.99549,0.12997,45,11,438.30756,true,10,0.15080,-0.47230,0.49579,0.03663,-0.07597,true,,-0.66690,-0.11193,-0.66579,-0.11504,0.67565,0.11193,-0.66690,0.60030,-0.48961,-0.35116,-1.05363,,1.00000,1.00000,-1.21208,-0.93211,-1.18633,true,,0.11532,-0.47869,0.11758,-0.47968,0.49388,-0.47869,-0.11532,0.49270,-0.12734,0.47461,-0.33407,,0.71429,1.00000,true,,0.13112,0.13497,0.13062,0.13560,0.18828,-0.13112,-0.13497,0.19693,-0.10426,-0.16701,-0.57144,,0.80952,1.00000,true,,-0.24128,-0.79793,-0.23842,-0.79592,0.83087,0.57039,-0.60792,0.05198,-0.04444,-0.02725,,-0.15276,0.98611,1.00000,false,withheld by the app (hand / glare),0.28566,-1.23978,0.28831,-1.23462,1.26784,0.86728,-0.93085,0.38954,0.37122,-0.12252,,-0.03664,1.00000,0.99444,true,,0.49843,-0.91785,0.50097,-0.91641,1.04440,-0.02727,-1.04410,0.10050,-0.05010,-0.08703,,-0.04754,1.00000,1.00000,true,,0.66025,-0.72200,0.66370,-0.72107,0.98002,-0.29515,-0.93279,0.13100,-0.09032,-0.09450,,-0.14046,0.97222,1.00000,false,withheld by the app (hand / glare),0.51898,-0.02545,0.52078,-0.02343,0.52131,-0.28153,-0.43672,0.10191,0.07204,-0.07167,,-0.16716,0.94444,0.99444,true,,0.06336,0.15347,0.06268,0.15405,0.16631,0.02186,-0.16459,0.25897,0.25666,-0.02719,,-0.16545,1.00000,1.00000,true,,-0.21586,-0.06841,-0.21572,-0.06938,0.22660,0.22115,-0.04868,0.06237,-0.01729,-0.06002,,-0.09428,0.94444,1.00000,true,,-0.00928,-0.20757,-0.00824,-0.20691,0.20708,0.18440,0.09575,0.34715,-0.28169,0.20319,,-0.25013,0.97222,1.00000,1842,genuine_population,gen,bobs_126613_180963,126613,Bob's Watches,https://www.bobswatches.com/images/zUsed-Rolex-Submariner-126613-Black-SKU180963.jpg
8512b736538742ef,images/85/8512b736538742ef5a819c0b9d74139f2e673c6f0717ad1a901fa159e57d552c.jpg,missing,,,,,,,,,,,,,,,,,,,,,,,,,,,,,,,,,,,,,,,,,,,,,,,,,,,,,,,,,,,,,,,,,,,,,,,,,,,,,,,,,,,,,,,,,,,,,,,,,,,,,,,,,,,,,,,,,,,,,,,,,,,,,,,,,,,,,,,,,,,,,,,,,,,,,,,,,,,,,,,,,,,,,,,,,,,,,,,,,,,,,,,,,,,,,,,,,,,,,,genuine_population,gen,bobs_126613_180963,126613,Bob's Watches,https://www.bobswatches.com/images/zUsed-Rolex-Submariner-126613-Black-Dial-SKU180963.jpg
c2382ba9c960f387,images/c2/c2382ba9c960f387c97481407b1efc4c3c27ee65cc334e73734929b9fd334901.jpg,missing,,,,,,,,,,,,,,,,,,,,,,,,,,,,,,,,,,,,,,,,,,,,,,,,,,,,,,,,,,,,,,,,,,,,,,,,,,,,,,,,,,,,,,,,,,,,,,,,,,,,,,,,,,,,,,,,,,,,,,,,,,,,,,,,,,,,,,,,,,,,,,,,,,,,,,,,,,,,,,,,,,,,,,,,,,,,,,,,,,,,,,,,,,,,,,,,,,,,,,genuine_population,gen,bobs_126619_175158,126619,Bob's Watches,https://www.bobswatches.com/images/zUsed-Rolex-Submariner-126619-Blue-Bezel-SKU175158.jpg
11f773c93a4c676c,images/11/11f773c93a4c676c1647c741b6c1d569aca2c661eff6d426d2041dc5dfcd9742.jpg,missing,,,,,,,,,,,,,,,,,,,,,,,,,,,,,,,,,,,,,,,,,,,,,,,,,,,,,,,,,,,,,,,,,,,,,,,,,,,,,,,,,,,,,,,,,,,,,,,,,,,,,,,,,,,,,,,,,,,,,,,,,,,,,,,,,,,,,,,,,,,,,,,,,,,,,,,,,,,,,,,,,,,,,,,,,,,,,,,,,,,,,,,,,,,,,,,,,,,,,,genuine_population,gen,bobs_126619_175158,126619,Bob's Watches,https://www.bobswatches.com/images/zUsed-White-Gold-Rolex-Submariner-126619-Blue-Bezel-SKU175158.jpg
2889765b386885b6,images/28/2889765b386885b6ffa17f2fa073a9b009fc0cda1c89a00d0290ac63a1e95a3b.jpg,missing,,,,,,,,,,,,,,,,,,,,,,,,,,,,,,,,,,,,,,,,,,,,,,,,,,,,,,,,,,,,,,,,,,,,,,,,,,,,,,,,,,,,,,,,,,,,,,,,,,,,,,,,,,,,,,,,,,,,,,,,,,,,,,,,,,,,,,,,,,,,,,,,,,,,,,,,,,,,,,,,,,,,,,,,,,,,,,,,,,,,,,,,,,,,,,,,,,,,,,genuine_population,gen,bobs_126610_174852,126610,Bob's Watches,https://www.bobswatches.com/images/z174852-Used-Rolex-Submariner-126610-Factory-Stickered-SKU174852.jpg
b154c4d5581e3411,images/b1/b154c4d5581e3411ea27010e1fc16b24613fbb905e9a87097efecbf914f0cc3e.jpg,missing,,,,,,,,,,,,,,,,,,,,,,,,,,,,,,,,,,,,,,,,,,,,,,,,,,,,,,,,,,,,,,,,,,,,,,,,,,,,,,,,,,,,,,,,,,,,,,,,,,,,,,,,,,,,,,,,,,,,,,,,,,,,,,,,,,,,,,,,,,,,,,,,,,,,,,,,,,,,,,,,,,,,,,,,,,,,,,,,,,,,,,,,,,,,,,,,,,,,,,genuine_population,gen,bobs_126610_174852,126610,Bob's Watches,https://www.bobswatches.com/images/zUsed-Rolex-Submariner-126610-Black-Dial-SKU174852.jpg
6dbb1bcf3b9cfc96,images/6d/6dbb1bcf3b9cfc9683a7bf85a8a976b453baa403eeb6fcc4716684f23e93275a.jpg,accepted,1412,2160,,true,436.29828,0.99243,0.17156,45,11,438.12218,true,10,0.23908,-0.96100,0.99029,0.00265,-0.05861,true,,-0.76501,0.14245,-0.76465,0.13708,0.77684,-0.14245,-0.76501,1.27946,-1.11457,-0.64188,-0.51205,,0.95238,1.00000,-0.61205,-0.28326,-0.05028,true,,0.65614,-1.35442,0.66374,-1.35690,1.51054,-1.35442,-0.65614,0.41006,-0.40041,-0.08093,-0.12916,,0.85714,1.00000,false,withheld by the app (hand / glare),0.33287,-0.29451,0.33569,-0.29288,0.44550,-0.33287,0.29451,0.34510,-0.10668,-0.32813,0.02907,,0.95238,1.00000,true,,-0.16699,-1.27224,-0.16323,-1.26646,1.27694,1.01830,-0.78074,0.14934,0.05749,-0.13824,,-0.13357,0.93056,1.00000,false,withheld by the app (hand / glare),0.21993,-1.59020,0.22247,-1.58277,1.59833,0.98557,-1.26719,0.34392,0.29117,-0.18624,,-0.03453,0.80556,0.91111,true,,0.42676,-0.98402,0.42887,-0.98297,1.07245,-0.12243,-1.06557,0.29013,0.14600,0.25040,,-0.01992,0.91667,1.00000,true,,0.32649,-1.06096,0.33014,-1.06281,1.11290,-0.75557,-0.81322,0.24177,-0.04870,0.23634,,-0.08198,0.91667,1.00000,true,,0.39146,-0.85907,0.39757,-0.86085,0.94822,-0.93971,0.09052,0.17793,0.00218,0.17724,,-0.12586,0.95833,1.00000,true,,0.35019,-0.44232,0.35429,-0.44185,0.56635,-0.52443,0.20797,0.20917,0.15106,-0.14375,,-0.08079,0.90278,1.00000,true,,0.02030,-0.72216,0.02469,-0.72042,0.72084,0.34350,0.63556,0.07426,0.05615,0.04883,,-0.02320,0.87500,1.00000,true,,0.12436,-0.69944,0.12795,-0.69565,0.70732,0.54356,0.45742,0.22796,-0.18223,0.13709,,-0.07332,0.93056,1.00000,1845,genuine_population,gen,bobs_126613_171971,126613,Bob's Watches,https://www.bobswatches.com/images/zUsed-Rolex-Submariner-126613-SKU171971-Bluesy.jpg
19c070baa61c7891,images/19/19c070baa61c7891048ba85c93f6758a38f32b7a51fbcf4fe22bcc51786c1470.jpg,missing,,,,,,,,,,,,,,,,,,,,,,,,,,,,,,,,,,,,,,,,,,,,,,,,,,,,,,,,,,,,,,,,,,,,,,,,,,,,,,,,,,,,,,,,,,,,,,,,,,,,,,,,,,,,,,,,,,,,,,,,,,,,,,,,,,,,,,,,,,,,,,,,,,,,,,,,,,,,,,,,,,,,,,,,,,,,,,,,,,,,,,,,,,,,,,,,,,,,,,genuine_population,gen,bobs_126613_171971,126613,Bob's Watches,https://www.bobswatches.com/images/zUsed-Rolex-Submariner-126613-Blue-Dial-SKU171971.jpg
bf9f5383f8d1244c,images/bf/bf9f5383f8d1244c597ad52351300849dafa9efc382766c9bfdc69282b1d6b33.jpg,missing,,,,,,,,,,,,,,,,,,,,,,,,,,,,,,,,,,,,,,,,,,,,,,,,,,,,,,,,,,,,,,,,,,,,,,,,,,,,,,,,,,,,,,,,,,,,,,,,,,,,,,,,,,,,,,,,,,,,,,,,,,,,,,,,,,,,,,,,,,,,,,,,,,,,,,,,,,,,,,,,,,,,,,,,,,,,,,,,,,,,,,,,,,,,,,,,,,,,,,genuine_population,gen,bobs_126613_171971,126613,Bob's Watches,https://www.bobswatches.com/images/zUsed-Rolex-Submariner-126613-Blue-Dial-SKU171971s.jpg
d3494f45f100d847,images/d3/d3494f45f100d8476f3c3f4b9117612c16ec9a13d8cfefb129ad6eb0710f88aa.jpg,accepted,1412,2160,,true,434.76945,0.99497,0.17671,44,11,437.06540,true,10,-0.00939,-0.58989,0.58996,0.11975,0.04765,true,,-0.36448,-0.10835,-0.36404,-0.10899,0.38000,0.10835,-0.36448,1.10406,-0.90019,-0.64442,0.39794,,1.00000,1.00000,0.27726,0.59495,0.67180,true,,-0.74895,0.23031,-0.75084,0.22948,0.78513,0.23031,0.74895,0.62821,0.42326,0.46249,-0.02031,,0.90476,1.00000,true,,-0.44733,-1.37447,-0.44368,-1.37523,1.44503,0.44733,1.37447,0.50972,0.03948,0.50830,-0.25456,,1.00000,1.00000,true,,0.84175,-1.11915,0.84234,-1.11328,1.39604,1.39009,0.16941,0.49041,0.45834,0.17794,,0.06717,0.90278,1.00000,false,withheld by the app (hand / glare),-0.05039,-0.60118,-0.04985,-0.59982,0.60188,0.25695,-0.54583,0.55867,-0.45489,-0.32510,,0.00975,0.94444,0.88333,false,withheld by the app (hand / glare),-0.40364,0.16669,-0.40393,0.16595,0.43670,-0.26622,0.34618,0.67813,-0.38780,0.55636,,-0.03933,0.81944,0.97222,true,,0.31768,-0.36899,0.31857,-0.36895,0.48746,-0.16071,-0.45962,0.47508,-0.07010,-0.46934,,-0.01907,0.93056,1.00000,true,,0.47875,0.25605,0.47921,0.25736,0.54395,-0.01763,-0.54263,1.14641,0.06244,-1.14262,,0.05497,0.94444,1.00000,true,,-0.50249,-0.65443,-0.50160,-0.65614,0.82591,0.10796,0.81800,0.03249,-0.03188,0.00583,,0.01591,0.95833,1.00000,true,,-0.37150,-1.66436,-0.36666,-1.66273,1.70268,1.15391,1.25563,0.62011,0.42381,0.45400,,0.10503,0.87500,1.00000,true,,0.10747,-0.65166,0.10919,-0.64962,0.65873,0.51062,0.41890,0.46015,-0.43167,-0.16282,,-0.00238,0.94444,1.00000,1818,genuine_population,gen,bobs_126613LN_180472,126613LN,Bob's Watches,https://www.bobswatches.com/images/zUsed-Rolex-Submariner-126613-Black-Dial-SKU180472.jpg
cf92dbe8c0345892,images/cf/cf92dbe8c0345892b857a3a48e30f58de3b473b419b598848272d45351fdff03.jpg,accepted,1412,2160,,true,436.07825,0.99590,0.16457,45,11,438.54079,true,10,-0.03362,-0.48294,0.48411,0.02518,0.00468,true,,-0.84689,0.13288,-0.84531,0.13696,0.85633,-0.13288,-0.84689,1.09715,-0.70443,-0.84549,-0.26916,,1.00000,1.00000,-0.41944,-0.11724,-0.26330,true,,-0.41836,-0.48200,-0.42320,-0.48053,0.64031,-0.48200,0.41836,0.37160,-0.08254,0.36114,-0.12856,,0.80952,1.00000,true,,0.29669,-0.55487,0.29454,-0.55713,0.63019,-0.29669,0.55487,0.41425,-0.41055,0.04438,0.00202,,1.00000,1.00000,true,,0.00262,-0.61261,-0.00248,-0.61003,0.61004,0.53185,-0.30403,0.07581,0.03847,-0.06553,,0.00355,0.86111,1.00000,true,,-0.01698,-0.88592,-0.02497,-0.88302,0.88337,0.42825,-0.77572,0.39013,0.12276,-0.37131,,-0.08471,0.93056,1.00000,true,,-0.40550,-0.48061,-0.41005,-0.47816,0.62990,-0.59148,-0.21347,0.44423,-0.41367,0.16091,,-0.09864,0.97222,1.00000,true,,-0.15430,-0.05084,-0.15502,-0.04984,0.16283,-0.12117,0.10821,0.37008,0.22254,0.29470,,-0.06817,0.93056,1.00000,true,,0.27481,0.08403,0.27642,0.08232,0.28842,-0.06463,-0.28000,0.63034,0.24905,-0.57680,,0.07348,0.98611,1.00000,true,,0.07728,-0.14816,0.07674,-0.14907,0.16766,-0.14100,0.08967,0.37423,-0.01521,-0.37304,,-0.07326,0.97222,1.00000,true,,-0.19723,-1.07595,-0.20369,-1.07325,1.09241,0.70878,0.83319,0.53203,0.35128,0.40051,,-0.07829,0.87500,1.00000,true,,0.12968,-0.56937,0.12612,-0.56825,0.58208,0.42825,0.39699,0.17960,-0.09516,0.15220,,-0.05132,0.86111,1.00000,1809,genuine_population,gen,bobs_126610LV_181136,126610LV,Bob's Watches,https://www.bobswatches.com/images/zUsed-Rolex-Submariner-126610-181136.jpg
56721cec8359c7de,images/56/56721cec8359c7de454757fd60635182429aadcf4d02af436184c9caab9c5b09.jpg,missing,,,,,,,,,,,,,,,,,,,,,,,,,,,,,,,,,,,,,,,,,,,,,,,,,,,,,,,,,,,,,,,,,,,,,,,,,,,,,,,,,,,,,,,,,,,,,,,,,,,,,,,,,,,,,,,,,,,,,,,,,,,,,,,,,,,,,,,,,,,,,,,,,,,,,,,,,,,,,,,,,,,,,,,,,,,,,,,,,,,,,,,,,,,,,,,,,,,,,,genuine_population,gen,bobs_126610LV_181136,126610LV,Bob's Watches,https://www.bobswatches.com/images/zUsed-Rolex-Submariner-126610-Starbucks-SKU181136.jpg
918de75dd91d3546,images/91/918de75dd91d3546df439201761bf649f775e26b9c22413d005d340d35b13e7f.jpg,missing,,,,,,,,,,,,,,,,,,,,,,,,,,,,,,,,,,,,,,,,,,,,,,,,,,,,,,,,,,,,,,,,,,,,,,,,,,,,,,,,,,,,,,,,,,,,,,,,,,,,,,,,,,,,,,,,,,,,,,,,,,,,,,,,,,,,,,,,,,,,,,,,,,,,,,,,,,,,,,,,,,,,,,,,,,,,,,,,,,,,,,,,,,,,,,,,,,,,,,genuine_population,gen,bobs_126618_181964,126618,Bob's Watches,https://www.bobswatches.com/images/zUsed-Rolex-Submariner-126618-SKU181964.jpg
da058200d9f9c3fc,images/da/da058200d9f9c3fc2c897b6c56fe9f050c3d07e79b2d70b85009094212bc43fc.jpg,missing,,,,,,,,,,,,,,,,,,,,,,,,,,,,,,,,,,,,,,,,,,,,,,,,,,,,,,,,,,,,,,,,,,,,,,,,,,,,,,,,,,,,,,,,,,,,,,,,,,,,,,,,,,,,,,,,,,,,,,,,,,,,,,,,,,,,,,,,,,,,,,,,,,,,,,,,,,,,,,,,,,,,,,,,,,,,,,,,,,,,,,,,,,,,,,,,,,,,,,genuine_population,gen,bobs_126618_181964,126618,Bob's Watches,https://www.bobswatches.com/images/zUsed-Rolex-Submariner-126618-Black-SKU181964.jpg
eed6f1d35f30d97b,images/ee/eed6f1d35f30d97b03d824c9440d539ec4a8c17689add9cbfc03a0b880649332.jpg,accepted,1412,2160,,true,436.37644,0.99291,0.15689,46,11,438.57297,true,10,0.32155,-0.18251,0.36974,-0.01713,-0.01930,true,,-0.30554,0.92221,-0.31128,0.91699,0.96838,-0.92221,-0.30554,1.15979,-1.04694,-0.50745,0.51733,,1.00000,1.00000,0.40089,0.70751,0.78201,true,,0.68631,0.08599,0.68759,0.09049,0.69352,0.08599,-0.68631,0.41593,0.32776,-0.25415,0.29064,,0.61905,1.00000,true,,-0.03349,-0.47857,-0.02982,-0.47929,0.48022,0.03349,0.47857,0.57830,0.41050,0.40598,0.44565,,1.00000,1.00000,true,,0.09003,-0.20368,0.09105,-0.20233,0.22188,0.22141,-0.02388,0.09594,-0.03748,-0.08841,,-0.12209,0.94444,1.00000,false,withheld by the app (hand / glare),0.12210,-0.53323,0.12460,-0.53107,0.54549,0.37236,-0.40074,0.28729,0.06397,-0.28052,,-0.14961,0.81944,0.97222,true,,0.34695,0.03076,0.34689,0.03307,0.34847,0.31585,-0.14684,0.35107,0.19221,0.29338,,-0.14017,1.00000,1.00000,true,,-0.01372,-0.21763,-0.01253,-0.21823,0.21859,-0.19533,-0.09693,0.41571,-0.13422,0.39279,,-0.21694,0.91667,1.00000,true,,0.83582,-0.25880,0.84065,-0.25445,0.87832,-0.64204,-0.59444,0.39119,-0.26093,-0.28948,,-0.15758,1.00000,1.00000,true,,0.63384,-0.19638,0.63771,-0.19269,0.66618,-0.64711,-0.14685,0.21900,-0.21650,-0.02664,,-0.13665,0.98611,1.00000,true,,0.79462,0.05631,0.79584,0.06229,0.79827,-0.71631,0.34855,0.49438,-0.47046,0.14876,,-0.19405,1.00000,1.00000,true,,-0.09333,-0.07717,-0.09285,-0.07774,0.12110,0.11350,-0.04224,0.34010,0.17460,-0.29153,,-0.18404,0.93056,1.00000,1802,genuine_population,gen,bobs_126610_180760,126610,Bob's Watches,https://www.bobswatches.com/images/zUsed-Rolex-Submariner-126610-Black-Chromalight-Dial-SKU180760.jpg
325e817a87fb8ac6,images/32/325e817a87fb8ac661c8a80ae7b53854d976745338e47d1b1a0efab3fc7c143f.jpg,missing,,,,,,,,,,,,,,,,,,,,,,,,,,,,,,,,,,,,,,,,,,,,,,,,,,,,,,,,,,,,,,,,,,,,,,,,,,,,,,,,,,,,,,,,,,,,,,,,,,,,,,,,,,,,,,,,,,,,,,,,,,,,,,,,,,,,,,,,,,,,,,,,,,,,,,,,,,,,,,,,,,,,,,,,,,,,,,,,,,,,,,,,,,,,,,,,,,,,,,genuine_population,gen,bobs_126618_171401,126618,Bob's Watches,https://www.bobswatches.com/images/zUsed-Rolex-Submariner-18k-Yellow-Gold-126618-SKU171401.jpg
5546658ab3c70e9f,images/55/5546658ab3c70e9fc1dba4d1c0c0a7bb6eac252abc1ba79cc17fb735ce6db231.jpg,accepted,1412,2160,,true,434.55086,0.99122,0.14858,44,11,436.83000,true,10,0.25175,-0.86396,0.89989,0.07261,-0.02642,true,,-0.13102,-0.05876,-0.13074,-0.05889,0.14339,0.05876,-0.13102,1.07823,-1.05983,-0.21987,-0.08120,,1.00000,1.00000,-0.17521,-0.10956,-0.52508,true,,1.25640,-0.51897,1.25994,-0.51759,1.36211,-0.51897,-1.25640,0.86187,0.10536,-0.85373,0.22465,,0.61905,1.00000,true,,0.12051,-0.84891,0.12376,-0.84832,0.85730,-0.12051,0.84891,0.17653,-0.11150,0.13668,-0.19195,,0.90476,1.00000,true,,0.08923,-1.32596,0.09087,-1.32090,1.32402,1.19293,-0.58570,0.21401,0.06077,-0.20562,,-0.07683,0.95833,1.00000,true,,0.37075,-1.51867,0.37149,-1.51385,1.55877,1.08042,-1.12983,0.38225,0.17347,-0.34167,,-0.14255,0.90278,1.00000,true,,0.36413,-0.41944,0.36467,-0.41894,0.55542,0.10562,-0.54531,0.49686,0.06379,0.49265,,-0.13003,0.91667,1.00000,true,,0.14134,-0.78628,0.14260,-0.78760,0.80041,-0.61027,-0.51554,0.38517,-0.24402,0.29719,,-0.14470,0.90278,1.00000,true,,0.15983,-0.46280,0.16155,-0.46356,0.49090,-0.48071,0.09298,0.14167,0.13533,0.04061,,-0.07821,0.97222,1.00000,true,,-0.14685,-0.75651,-0.14439,-0.75781,0.77144,-0.25108,0.72858,0.30266,0.13973,0.26813,,-0.16331,0.94444,1.00000,false,withheld by the app (hand / glare),-0.15505,-1.08995,-0.15116,-1.08815,1.09860,0.67925,0.86640,0.25714,0.20496,0.15616,,0.01385,0.80556,0.89444,true,,0.20973,-0.52993,0.21115,-0.52761,0.56829,0.35407,0.44660,0.52814,-0.52830,-0.03843,,-0.00524,0.90278,1.00000,1814,genuine_population,gen,bobs_126619LB_180619,126619LB,Bob's Watches,https://www.bobswatches.com/images/zUsed-Rolex-Submariner-126619-Black-Chromalight-Dial-SKU180619.jpg
98d36a6ce9b6dc76,images/98/98d36a6ce9b6dc7683ef3063908948ee2e7b3646b90f8950f92784f30e2a0e25.jpg,missing,,,,,,,,,,,,,,,,,,,,,,,,,,,,,,,,,,,,,,,,,,,,,,,,,,,,,,,,,,,,,,,,,,,,,,,,,,,,,,,,,,,,,,,,,,,,,,,,,,,,,,,,,,,,,,,,,,,,,,,,,,,,,,,,,,,,,,,,,,,,,,,,,,,,,,,,,,,,,,,,,,,,,,,,,,,,,,,,,,,,,,,,,,,,,,,,,,,,,,genuine_population,gen,bobs_126619LB_180619,126619LB,Bob's Watches,https://www.bobswatches.com/images/zUsed-Rolex-Submariner-126619-Blue-Timing-Bezel-SKU180619.jpg
b0d02cb4a951a221,images/b0/b0d02cb4a951a221f1541c9c95de045334f0860fcc8784fbc5dfa2f92b64741a.jpg,accepted,1412,2160,,true,437.97253,0.98716,0.17413,45,11,439.44741,true,9,0.38382,-0.21359,0.43925,-0.04933,-0.00360,true,,-0.28264,0.70280,-0.28328,0.69688,0.75226,-0.70280,-0.28264,0.97884,-0.74458,-0.64385,0.09156,,1.00000,1.00000,-0.05182,0.16539,-0.15907,false,side edge coverage 0.43,,,,,,,,,,,,,0.42857,1.00000,true,,0.42803,0.21412,0.42758,0.21478,0.47849,-0.42803,-0.21412,0.42488,0.11981,-0.40817,0.42395,,0.95238,1.00000,true,,0.22888,-0.11554,0.22844,-0.11411,0.25536,0.21450,0.14045,0.06267,0.01302,-0.06150,,-0.00097,0.88889,1.00000,true,,0.20088,-0.45726,0.20036,-0.45440,0.49661,0.40260,-0.29556,0.30998,0.13953,-0.27851,,-0.08750,0.88889,1.00000,true,,0.14011,-0.18107,0.14018,-0.18076,0.22875,0.03081,-0.22687,0.17416,-0.01724,0.17346,,-0.08497,0.97222,0.99444,true,,0.04072,-0.36832,0.04099,-0.36901,0.37128,-0.29862,-0.21942,0.27467,-0.12767,0.24249,,-0.08140,0.97222,1.00000,true,,0.50647,-0.40974,0.50926,-0.40963,0.65356,-0.60808,-0.23374,0.05559,-0.05386,0.01315,,-0.15761,0.91667,1.00000,true,,0.73634,-0.15071,0.73865,-0.14909,0.75354,-0.71304,-0.23765,0.23141,-0.09723,-0.20975,,-0.10100,1.00000,1.00000,true,,0.51046,-0.22876,0.51122,-0.22637,0.55910,-0.32769,0.45334,0.12167,0.07311,0.09796,,-0.00685,0.94444,1.00000,true,,0.82220,-0.21691,0.82163,-0.21321,0.84884,-0.22325,0.82050,0.40475,-0.04144,0.40353,,-0.11406,0.88889,1.00000,1867,genuine_population,gen,bobs_126613LB_181123,126613LB,Bob's Watches,https://www.bobswatches.com/images/zUsed-Rolex-Submariner-126613-Blue-Chromalight-Dial-SKU181123.jpg
bf7c6a3cd7b06c07,images/bf/bf7c6a3cd7b06c079978b87af6bca1cb31336c3868c9938442fcef0108d4bf25.jpg,missing,,,,,,,,,,,,,,,,,,,,,,,,,,,,,,,,,,,,,,,,,,,,,,,,,,,,,,,,,,,,,,,,,,,,,,,,,,,,,,,,,,,,,,,,,,,,,,,,,,,,,,,,,,,,,,,,,,,,,,,,,,,,,,,,,,,,,,,,,,,,,,,,,,,,,,,,,,,,,,,,,,,,,,,,,,,,,,,,,,,,,,,,,,,,,,,,,,,,,,genuine_population,gen,bobs_126613LB_181123,126613LB,Bob's Watches,https://www.bobswatches.com/images/zUsed-Rolex-Submariner-126613-Blue-Timing-Bezel-SKU181123.jpg
a11c7e7fae6fe93c,images/a1/a11c7e7fae6fe93cfda3e4d8253b478e4a0861460a4c5daf2160db41fd23b5a9.jpg,missing,,,,,,,,,,,,,,,,,,,,,,,,,,,,,,,,,,,,,,,,,,,,,,,,,,,,,,,,,,,,,,,,,,,,,,,,,,,,,,,,,,,,,,,,,,,,,,,,,,,,,,,,,,,,,,,,,,,,,,,,,,,,,,,,,,,,,,,,,,,,,,,,,,,,,,,,,,,,,,,,,,,,,,,,,,,,,,,,,,,,,,,,,,,,,,,,,,,,,,genuine_population,gen,bobs_126618_171532,126618,Bob's Watches,https://www.bobswatches.com/images/zUsed-Rolex-Submariner-126618-171532.jpg
af33e57bab654780,images/af/af33e57bab654780140c54694224d1c10ccf6d7d1013e2cdde469dfabc4e4fa4.jpg,missing,,,,,,,,,,,,,,,,,,,,,,,,,,,,,,,,,,,,,,,,,,,,,,,,,,,,,,,,,,,,,,,,,,,,,,,,,,,,,,,,,,,,,,,,,,,,,,,,,,,,,,,,,,,,,,,,,,,,,,,,,,,,,,,,,,,,,,,,,,,,,,,,,,,,,,,,,,,,,,,,,,,,,,,,,,,,,,,,,,,,,,,,,,,,,,,,,,,,,,genuine_population,gen,bobs_126618_171532,126618,Bob's Watches,https://www.bobswatches.com/images/zUsed-Rolex-Submariner-126618-Yellow-Gold-SKU171532.jpg
