sha256,class,watch,factory,split,twelve,stable,pose,gap,gap_att,res_limited,tri_px,rot,sp59,sp01,align_att,too_small,hand,six_valid,six_att,six_centring,six_rot,six_w,six_stable,stab_run,stab_same,stab_dgap,stab_drot,six_low,six_par,six_score,six_pitch,six_inf,nine_valid,nine_att,nine_c,nine_r,nine_w,nine_stable,nine_low,side_label,layout,no_dial
01016103bf8327e268ea46bb06f1e830b746ac0a23a8bb95e3a8b29d9f8892a9,gen,BLRO_elegantswiss_ES363380210,,,false,false,GOOD,NaN,UNASSESSABLE,false,NaN,NaN,NaN,NaN,UNASSESSABLE,false,false,false,UNASSESSABLE,NaN,NaN,NaN,false,false,false,NaN,NaN,,NaN,NaN,NaN,NaN,false,UNASSESSABLE,NaN,NaN,NaN,false,,9,UNKNOWN,true
01f805f1f72e8619f8f76330075e460fcf470f445553f01c3a631fa62ae1f904,rep,rep_vsf_GKJDidL,,,false,false,CORRECTABLE,1.0620,UNASSESSABLE,false,NaN,-2.11,1.571,0.949,UNASSESSABLE,false,false,false,UNASSESSABLE,NaN,NaN,NaN,false,false,false,NaN,NaN,,NaN,NaN,NaN,NaN,false,UNASSESSABLE,NaN,NaN,NaN,false,,9,UNKNOWN,true
0327b0bdab6f81fdbcb4314f4a35ba22b5c84bb73ca1c08a93e2f95d36d6ae65,gen,bw_180183,,,true,false,GOOD,0.2577,UNASSESSABLE,false,47.0,-6.84,0.271,0.433,UNASSESSABLE,false,true,true,CLEAR,0.000,0.13,39.5,true,true,false,Infinity,Infinity,,0.20,73.9,5.95,0,true,UNASSESSABLE,-0.044,-0.06,37.7,true,,9,UNKNOWN,false
0356f0cc53a3f67e5453d111d7616a0893e80b1053471d21381d6af1e4c6b2d2,rep,rep_vsf_GKJDidL,,,false,false,CORRECTABLE,NaN,UNASSESSABLE,false,NaN,NaN,NaN,NaN,UNASSESSABLE,false,false,false,UNASSESSABLE,NaN,NaN,NaN,false,false,false,NaN,NaN,,NaN,NaN,NaN,NaN,false,UNASSESSABLE,NaN,NaN,NaN,false,,9,UNKNOWN,true
04488216194450f9bccb62a042e005b131b8d4d154f5c78dfc4ec3bacce4fda8,gen,bw_181970,,,true,true,CORRECTABLE,0.1414,CLEAR,false,81.4,-0.55,0.187,0.180,UNASSESSABLE,false,false,true,CLEAR,-0.016,-0.38,39.4,true,true,true,0.0049,0.61,,0.17,83.9,6.05,0,true,CLEAR,0.027,-0.51,38.2,true,,3,DATE_AT_9,false
0517879cbb4e7430e82aea6d64794b09684987bce8db1d1e91270f3c75beb2f1,gen,wos_cpo_40411167_126710BLNR,,,true,true,CORRECTABLE,0.0979,CLEAR,false,66.0,-0.21,0.165,0.149,CLEAR,false,false,true,CLEAR,0.016,0.04,29.5,true,true,true,0.0068,0.08,,1.02,28.5,5.95,0,true,CLEAR,-0.000,-0.49,30.6,true,,9,DATE_AT_3,false
0556ad9173b440ec9c8e36268bd77e23215de4f940ac383113f89535dc49ab97,gen,bw_188819,,,true,true,CORRECTABLE,0.0802,UNASSESSABLE,false,84.7,-0.02,0.159,0.152,CLEAR,false,false,true,CLEAR,0.000,-0.22,39.7,true,true,true,0.0356,0.31,,0.25,78.9,6.05,0,true,CLEAR,-0.013,0.01,38.3,true,,9,DATE_AT_3,false
058bfda2dd50a8efee30206c25a84285ff94c1464c77898656e773a3782111bc,rep,rep_cf_ZVxf97o,,,true,false,CORRECTABLE,0.3670,UNASSESSABLE,false,51.6,-5.93,0.615,0.158,UNASSESSABLE,false,true,false,UNASSESSABLE,NaN,NaN,NaN,false,true,true,0.0868,25.00,,NaN,NaN,NaN,NaN,false,UNASSESSABLE,NaN,NaN,NaN,false,,9,UNKNOWN,false
05a5c8c0cd644867ce168bcefcfdd1238baf13395933f56050995ce6a5d62a29,gen,BLRO_phillips_122669,,,true,false,RETAKE,0.1480,UNASSESSABLE,false,80.0,0.26,0.211,0.143,UNASSESSABLE,false,false,false,UNASSESSABLE,NaN,NaN,NaN,false,true,true,0.1457,20.64,,NaN,NaN,NaN,NaN,true,UNASSESSABLE,-0.002,-0.64,40.4,true,,9,UNKNOWN,false
08c00ffe20c86e4163df5fb6b7e043b75a33d6c2c754c78a0786a8724b747df4,rep,rep_cf_f71234_Sw2D1Bt,,,false,false,UNASSESSABLE,NaN,UNASSESSABLE,false,NaN,NaN,NaN,NaN,UNASSESSABLE,false,false,false,UNASSESSABLE,NaN,NaN,NaN,false,false,false,NaN,NaN,,NaN,NaN,NaN,NaN,false,UNASSESSABLE,NaN,NaN,NaN,false,,9,DATE_AT_3,false
09816404f7ddb3b5e0cdb9cb556fbaf482426a6a6fb63f0648866783ed4fa7b8,rep,rep_cf_6zSSQ1d,,,true,true,GOOD,0.0598,UNASSESSABLE,true,55.7,-0.93,0.159,0.156,CLEAR,false,false,true,CLEAR,-0.014,-0.85,26.1,true,true,true,0.0127,0.55,,0.07,72.5,5.95,0,true,UNASSESSABLE,0.012,0.70,26.3,true,,9,DATE_AT_3,false
098b8682c6337148099718d8e7fca2438dc3ab4ec28265ecc5afcb8efe92f25c,rep,rep_vsf_7s6PyXJ,,,true,false,RETAKE,0.4675,UNASSESSABLE,false,19.0,-2.00,0.462,1.216,UNASSESSABLE,true,false,false,UNASSESSABLE,NaN,NaN,NaN,false,true,true,0.2427,5.27,,NaN,NaN,NaN,NaN,true,UNASSESSABLE,-0.059,1.03,22.2,true,,9,UNKNOWN,false
098b8c62c70d500b585b4a24d0099ce050e08a7c0e71b5eaf5253c41a2a8af57,gen,gen_wex_3KSuGhC,,,true,false,CORRECTABLE,0.1285,UNASSESSABLE,false,71.3,2.12,0.146,0.194,UNASSESSABLE,false,false,false,UNASSESSABLE,NaN,NaN,NaN,false,true,true,0.0067,0.89,,NaN,NaN,NaN,NaN,true,UNASSESSABLE,0.036,-0.10,35.5,false,the tick spacing at 6 does not match the minute track,9,UNKNOWN,false
0af94cdd20815d509451ccc7480204a364f8a3964c498ad0f194b44b6124ec8a,gen,bw_189631,,,true,true,GOOD,0.0828,CLEAR,false,84.8,0.36,0.149,0.159,CLEAR,false,false,true,CLEAR,0.026,-0.10,40.0,true,true,true,0.0012,0.04,,0.05,64.7,6.05,0,true,CLEAR,0.029,1.05,38.3,true,,3,DATE_AT_9,false
0b6cc29b707639463f55ec67e9774db0be0f0d014685d1eb8e2860321bc8f7b5,rep,one_four_b,,,true,true,GOOD,0.0341,CHECK,false,56.8,0.41,0.081,0.156,CLEAR,false,false,true,CLEAR,0.030,0.69,23.9,true,true,true,0.0105,0.53,,0.23,31.3,5.95,0,true,CLEAR,-0.059,-1.78,25.6,true,,9,DATE_AT_3,false
0b8d361162030509f8d2994b215ed1c49cd03f8941fccb1af6dca14178253382,rep,rep_cf_sx6zSKZ,,,false,false,UNASSESSABLE,NaN,UNASSESSABLE,false,NaN,NaN,NaN,NaN,UNASSESSABLE,false,false,false,UNASSESSABLE,NaN,NaN,NaN,false,false,false,NaN,NaN,,NaN,NaN,NaN,NaN,false,UNASSESSABLE,NaN,NaN,NaN,false,,9,DATE_AT_3,false
0c9808530966251281bc9d2dd3f39215b519df04c061532398a7f06725984fa3,rep,rep_vsf_oVwWMrC,,,false,false,CORRECTABLE,2.4242,UNASSESSABLE,false,NaN,-50.44,2.566,2.488,UNASSESSABLE,true,false,false,UNASSESSABLE,NaN,NaN,NaN,false,true,true,1.9679,21.31,,NaN,NaN,NaN,NaN,false,UNASSESSABLE,NaN,NaN,NaN,false,,9,UNKNOWN,true
0dbcce2c483e630d72b858c8515b741249afdcb231fe88100198d84a2742fc9d,rep,rep_cf_6zSSQ1d,,,true,true,GOOD,0.0671,UNASSESSABLE,true,57.8,-0.40,0.159,0.159,CLEAR,false,false,true,CLEAR,0.013,-0.29,26.7,true,true,true,0.0053,0.67,,0.98,73.0,5.95,0,true,UNASSESSABLE,0.010,0.91,27.5,true,,9,DATE_AT_3,false
0e924586a1fb726acbfc013c7f28b35402423f00eaa99a4fc1772d794a8679ba,rep,rep_cf_f71234_Sw2D1Bt,,,false,false,CORRECTABLE,NaN,UNASSESSABLE,false,NaN,NaN,NaN,NaN,UNASSESSABLE,false,false,false,UNASSESSABLE,NaN,NaN,NaN,false,false,false,NaN,NaN,,NaN,NaN,NaN,NaN,false,UNASSESSABLE,NaN,NaN,NaN,false,,9,UNKNOWN,true
0f9c36109ef5b3eeb9462538ea3b50b1fc0f54d4ae2c79b915312416c007df1b,rep,rep_cf_QsJT2wk,,,false,false,UNASSESSABLE,NaN,UNASSESSABLE,false,NaN,NaN,NaN,NaN,UNASSESSABLE,false,false,false,UNASSESSABLE,NaN,NaN,NaN,false,false,false,NaN,NaN,,NaN,NaN,NaN,NaN,false,UNASSESSABLE,NaN,NaN,NaN,false,,9,DATE_AT_3,false
105f67238acf75ed7a7897fbbf534303b22cea6f12cccabd31cd825ce337a745,gen,gen_wex_e99gXKb,,,false,false,CORRECTABLE,1.9209,UNASSESSABLE,false,NaN,1.01,1.879,2.013,UNASSESSABLE,false,false,false,UNASSESSABLE,NaN,NaN,NaN,false,true,false,Infinity,Infinity,,NaN,NaN,NaN,NaN,false,UNASSESSABLE,NaN,NaN,NaN,false,,9,UNKNOWN,true
1107ae08e2b6b1b1e892c9fc6b5aa415a4eaac2cd7f41b631f55aa2477a96911,rep,rep_cf_ZVxf97o,,,true,true,CORRECTABLE,0.1277,CLEAR,false,57.8,1.16,0.150,0.164,CLEAR,false,false,true,UNASSESSABLE,-0.025,-0.27,31.1,false,true,true,0.0055,0.36,the baton's two long edges fitted 3.1? apart instead of parallel; usually because a hand or a shadow is next to it,3.12,69.9,5.95,0,true,CLEAR,-0.084,0.37,28.4,true,,9,DATE_AT_3,false
1285ad6b119acf7b128a3e89a39e0931e61b37dde2f29d001c082dfde67dcf1e,gen,gen_wex_vmbUDwy,,,false,false,UNASSESSABLE,NaN,UNASSESSABLE,false,NaN,NaN,NaN,NaN,UNASSESSABLE,false,false,false,UNASSESSABLE,NaN,NaN,NaN,false,false,false,NaN,NaN,,NaN,NaN,NaN,NaN,false,UNASSESSABLE,NaN,NaN,NaN,false,,9,DATE_AT_3,false
1425a7f15aadf59c10886d8baefaf37890cf1caf1974feff4e9bab88689d3845,rep,rep_vsf_HCz9EAj,,,false,false,CORRECTABLE,NaN,UNASSESSABLE,false,NaN,NaN,NaN,NaN,UNASSESSABLE,false,false,false,UNASSESSABLE,NaN,NaN,NaN,false,false,false,NaN,NaN,,NaN,NaN,NaN,NaN,false,UNASSESSABLE,NaN,NaN,NaN,false,,9,UNKNOWN,true
14cbd1c2882a93b00be77173afb348c7af9d9bcfd9402e57c36f6371f88c91b9,gen,bw_189306,,,true,true,CORRECTABLE,0.0806,UNASSESSABLE,false,84.6,-0.31,0.162,0.140,CLEAR,false,false,true,CLEAR,0.023,-0.86,39.7,true,true,true,0.0176,0.20,,0.04,80.0,6.05,0,false,UNASSESSABLE,NaN,NaN,NaN,false,,9,UNKNOWN,false
15dc7de6db7f59502d48b3e543ec37448b326cf822636f659e06148b9bd622ef,rep,rep_vsf_KfRKFwA,,,false,false,RETAKE,0.6623,UNASSESSABLE,false,NaN,71.03,0.597,0.773,UNASSESSABLE,false,true,false,UNASSESSABLE,NaN,NaN,NaN,false,true,false,Infinity,Infinity,,NaN,NaN,NaN,NaN,false,UNASSESSABLE,NaN,NaN,NaN,false,,9,UNKNOWN,true
15e7c9c2a9038836cfc949f78e58900a6ee3b2c950bfa584fb535f13a63b0cde,rep,arf,,,true,true,CORRECTABLE,0.0544,CHECK,false,104.8,1.04,0.150,0.152,CLEAR,false,false,true,CLEAR,-0.013,0.82,46.8,true,true,true,0.0009,0.06,,0.02,21.3,5.85,0,true,CLEAR,-0.049,-0.43,44.1,true,,9,DATE_AT_3,false
16ff024491eb669e4ce40a50ee8dbdd2b61fa7cdf2b614b45fb99ba4f3405dbb,rep,rep_cf_xK08a3L,,,true,true,GOOD,0.0867,CLEAR,false,76.6,-0.42,0.158,0.159,CLEAR,false,false,true,UNASSESSABLE,-0.064,1.10,33.4,false,true,true,0.0015,0.04,the outer end of the baton could not be traced,NaN,75.5,5.75,0,true,UNASSESSABLE,0.010,1.99,30.9,true,,9,UNKNOWN,false
17628e86b020deb0446219da657bbf1f5e1499b0d0b7765c87ce533ac72c9b66,rep,rep_cf_f71234_Sw2D1Bt,,,false,false,UNASSESSABLE,NaN,UNASSESSABLE,false,NaN,NaN,NaN,NaN,UNASSESSABLE,false,false,false,UNASSESSABLE,NaN,NaN,NaN,false,false,false,NaN,NaN,,NaN,NaN,NaN,NaN,false,UNASSESSABLE,NaN,NaN,NaN,false,,9,UNKNOWN,true
179ee315b190d11c3e3a58d2827a0506c00886becb2b1266e51acbe3b2219797,gen,bw_187386,,,true,true,CORRECTABLE,0.0916,CLEAR,false,83.5,-0.06,0.160,0.152,CLEAR,false,false,true,CLEAR,-0.013,-0.38,39.7,true,true,true,0.0259,0.62,,0.13,84.6,6.05,0,true,UNASSESSABLE,-0.043,-0.18,38.3,true,,9,DATE_AT_3,false
187ba41c0e66a6d0d267151676ed3667799973982d3cd9e49d77b43d6d0fd5da,rep,rep_vsf_GKJDidL,,,false,false,RETAKE,0.1934,UNASSESSABLE,false,NaN,5.43,0.229,1.213,UNASSESSABLE,true,false,false,UNASSESSABLE,NaN,NaN,NaN,false,false,false,NaN,NaN,,NaN,NaN,NaN,NaN,false,UNASSESSABLE,NaN,NaN,NaN,false,,9,UNKNOWN,true
19146e50dd089d64b5e7ecced879321dbcc5c58a5b9f4cdf4be2a8ff1e57b9b5,rep,rep_cf_UpTW8nx,,,true,true,CORRECTABLE,0.0484,CHECK,false,50.4,-0.19,0.125,0.112,CLEAR,false,false,true,UNASSESSABLE,-0.000,0.19,19.0,true,true,true,0.0083,0.73,,0.57,77.6,5.95,0,true,UNASSESSABLE,-0.060,-0.86,23.0,true,,9,DATE_AT_3,false
192745d7b04a8a03c75a0dde55da69ea99464c4662b8f15d463897e8425566d4,gen,BLRO_phillips_146213,,,true,true,CORRECTABLE,0.1201,CLEAR,false,89.2,0.78,0.143,0.176,CLEAR,false,false,true,UNASSESSABLE,-0.433,-31.51,39.7,true,true,true,0.0044,0.64,,0.22,57.9,6.12,0,true,CLEAR,0.000,0.00,43.1,true,,9,DATE_AT_3,false
1a30260c39647e65ec20dc62a61ae2dcb8ffc1d896a268eeba0dd10794757cca,rep,rep_cf_QsJT2wk,,,false,false,RETAKE,0.1234,UNASSESSABLE,false,NaN,1.36,0.167,0.166,UNASSESSABLE,true,false,false,UNASSESSABLE,NaN,NaN,NaN,false,false,false,NaN,NaN,,NaN,NaN,NaN,NaN,false,UNASSESSABLE,NaN,NaN,NaN,false,,9,UNKNOWN,true
1ba044666617d78944a4d930aacdd4ab8913bcabbfb99777c453c446227daa1f,rep,rep_vsf_KfRKFwA,,,false,false,CORRECTABLE,2.7612,UNASSESSABLE,false,NaN,63.06,2.920,2.666,UNASSESSABLE,true,false,false,UNASSESSABLE,NaN,NaN,NaN,false,true,true,2.1579,4.69,,NaN,NaN,NaN,NaN,false,UNASSESSABLE,NaN,NaN,NaN,false,,9,UNKNOWN,true
1cedb6514aa3b3bfe397b4020f811c1c7b92cbe8d20d45b96b980016e1004b64,gen,gen_wex_1TDYtpN,,,false,false,CORRECTABLE,NaN,UNASSESSABLE,false,NaN,NaN,NaN,NaN,UNASSESSABLE,false,false,false,UNASSESSABLE,NaN,NaN,NaN,false,false,false,NaN,NaN,,NaN,NaN,NaN,NaN,false,UNASSESSABLE,NaN,NaN,NaN,false,,9,UNKNOWN,true
1d55b01daf63e59dd93246eea5a78f9dcbb96cdf4f32bd8ec7bfb8eefe807cc9,gen,bw_181135,,,true,true,CORRECTABLE,0.1251,CLEAR,false,82.8,0.68,0.182,0.171,CLEAR,false,false,true,CLEAR,-0.013,0.39,39.8,true,true,true,0.0136,0.16,,0.05,91.6,6.05,0,true,CLEAR,-0.013,0.18,38.7,true,,9,DATE_AT_3,false
1d91aaec586523a28f4e0022463937e4cfae20f130b1e910c11376a8c44b1e9f,rep,rep_vsf_oVwWMrC,,,false,false,CORRECTABLE,0.6216,UNASSESSABLE,false,NaN,37.35,0.603,0.654,UNASSESSABLE,false,false,false,UNASSESSABLE,NaN,NaN,NaN,false,false,false,NaN,NaN,,NaN,NaN,NaN,NaN,false,UNASSESSABLE,NaN,NaN,NaN,false,,9,UNKNOWN,true
1deee1599f2cb5674ba327301b68f77731d49c645f92f4b16f890e58956d1f5f,rep,rep_vsf_KfRKFwA,,,false,false,UNASSESSABLE,NaN,UNASSESSABLE,false,NaN,NaN,NaN,NaN,UNASSESSABLE,false,false,false,UNASSESSABLE,NaN,NaN,NaN,false,false,false,NaN,NaN,,NaN,NaN,NaN,NaN,false,UNASSESSABLE,NaN,NaN,NaN,false,,9,DATE_AT_3,false
1f300556bf111ea61dc3c4a0e02ab4f65e33a9a5fe298ff638adade22668215a,gen,official_catalogue_2026,,,true,true,CORRECTABLE,0.0919,CLEAR,false,43.5,0.87,0.153,0.132,CLEAR,false,false,false,UNASSESSABLE,NaN,NaN,NaN,false,true,true,0.0092,0.44,,NaN,NaN,NaN,NaN,true,UNASSESSABLE,-0.048,-0.95,18.3,true,,9,DATE_AT_3,false
20064201cae3c11cbc8f3fae9682bedb29151a90e557547b6c07ee75bd3c707a,rep,rep_vsf_KfRKFwA,,,false,false,UNASSESSABLE,NaN,UNASSESSABLE,false,NaN,NaN,NaN,NaN,UNASSESSABLE,false,false,false,UNASSESSABLE,NaN,NaN,NaN,false,false,false,NaN,NaN,,NaN,NaN,NaN,NaN,false,UNASSESSABLE,NaN,NaN,NaN,false,,9,UNKNOWN,true
21bb0aac289ac814ffd32ec62513e4cb738c23d56d3647dad43fdf6a691c33e3,rep,rep_cplus_wEYZOyK,,,false,false,GOOD,1.4331,UNASSESSABLE,false,NaN,6.27,1.517,1.530,UNASSESSABLE,false,false,false,UNASSESSABLE,NaN,NaN,NaN,false,false,false,NaN,NaN,,NaN,NaN,NaN,NaN,false,UNASSESSABLE,NaN,NaN,NaN,false,,9,UNKNOWN,true
226efab1d442833d0c6f003f874eff89cc60a4bf5fdcdbee6e9d1220c77ba324,rep,rep_cf_QsJT2wk,,,true,false,CORRECTABLE,0.0558,UNASSESSABLE,false,28.0,26.80,0.269,0.169,UNASSESSABLE,true,false,true,UNASSESSABLE,-0.027,-0.78,14.0,true,true,true,0.1956,24.74,,1.41,53.2,5.95,0,true,UNASSESSABLE,-0.040,-0.45,15.0,true,,9,UNKNOWN,false
2321336a5ff5359bd0851899519d2a7f162b76161893214742469244639aae53,rep,rep_vsf_HCz9EAj,,,false,false,RETAKE,NaN,UNASSESSABLE,false,NaN,NaN,NaN,NaN,UNASSESSABLE,false,false,false,UNASSESSABLE,NaN,NaN,NaN,false,false,false,NaN,NaN,,NaN,NaN,NaN,NaN,false,UNASSESSABLE,NaN,NaN,NaN,false,,9,UNKNOWN,true
237b623f0e13ac6ab3d3a8303fb9719fc92c8b473b13e14d468a8d4117e3a697,gen,BLRO_phillips_151477,,,true,false,CORRECTABLE,0.1338,UNASSESSABLE,false,82.1,0.36,0.200,0.143,UNASSESSABLE,false,false,false,UNASSESSABLE,NaN,NaN,NaN,false,true,true,0.0039,0.50,,NaN,NaN,NaN,NaN,true,UNASSESSABLE,-0.055,-0.29,41.0,true,,9,UNKNOWN,false
23a7938f73dce9b51f88d0fffffbad3f628f3e6b190860827f08a7499955a158,rep,rep_arf_m304y61,,,false,false,CORRECTABLE,0.1030,UNASSESSABLE,false,NaN,52.43,0.288,0.624,UNASSESSABLE,false,true,false,UNASSESSABLE,NaN,NaN,NaN,false,true,false,Infinity,Infinity,,NaN,NaN,NaN,NaN,false,UNASSESSABLE,NaN,NaN,NaN,false,,9,UNKNOWN,true
2424c7db73a38cac33680d2c3a763906a1faed719c22f42fd1edf3993382a3b8,rep,rep_vsf_sh7PSsh,,,true,false,CORRECTABLE,0.1112,UNASSESSABLE,false,19.0,2.91,0.100,0.151,UNASSESSABLE,true,false,true,UNASSESSABLE,0.383,26.45,11.0,false,true,false,0.0824,2.32,the baton's two long edges fitted 4.6? apart instead of parallel; usually because a hand or a shadow is next to it,4.58,31.5,6.65,0,true,UNASSESSABLE,-0.176,2.27,11.0,false,the outer end of the baton could not be traced,9,UNKNOWN,false
24a46879ab63a6ee7de3a1a6f7675098562301800c9861f47558b9858c8e0a5b,rep,rep_arf_8xahrjm,,,false,false,RETAKE,1.3821,UNASSESSABLE,false,NaN,39.33,0.996,3.268,UNASSESSABLE,true,false,false,UNASSESSABLE,NaN,NaN,NaN,false,false,false,NaN,NaN,,NaN,NaN,NaN,NaN,false,UNASSESSABLE,NaN,NaN,NaN,false,,9,UNKNOWN,true
2554e9466445156492e41d7437897f32ae9b6b7bda60b2ed307cfdf6e6284483,rep,rep_vsf_KfRKFwA,,,false,false,RETAKE,NaN,UNASSESSABLE,false,NaN,NaN,NaN,NaN,UNASSESSABLE,false,false,false,UNASSESSABLE,NaN,NaN,NaN,false,false,false,NaN,NaN,,NaN,NaN,NaN,NaN,false,UNASSESSABLE,NaN,NaN,NaN,false,,9,UNKNOWN,true
26563b8e9c4b864a83dab322f94172fc0241aa54991c041e38d2b88fb5f998a6,gen,BLRO_elegantswiss_ES387180218,,,false,false,CORRECTABLE,NaN,UNASSESSABLE,false,NaN,NaN,NaN,NaN,UNASSESSABLE,false,false,false,UNASSESSABLE,NaN,NaN,NaN,false,false,false,NaN,NaN,,NaN,NaN,NaN,NaN,false,UNASSESSABLE,NaN,NaN,NaN,false,,9,UNKNOWN,true
27c52721170dce861b62eb1eaf34704c531d8f2d916e566c41eac882c6ad8b52,rep,rep_arf_m304y61,,,false,false,UNASSESSABLE,NaN,UNASSESSABLE,false,NaN,NaN,NaN,NaN,UNASSESSABLE,false,false,false,UNASSESSABLE,NaN,NaN,NaN,false,false,false,NaN,NaN,,NaN,NaN,NaN,NaN,false,UNASSESSABLE,NaN,NaN,NaN,false,,9,UNKNOWN,true
2817e7058a582b1c1db8e185a80aed9f2493803e271194802236d1fa24bdfdd8,rep,rep_vsf_f980504_SHiztEn,,,true,false,GOOD,0.1619,UNASSESSABLE,false,31.0,-0.01,0.200,0.481,UNASSESSABLE,true,false,true,UNASSESSABLE,-0.013,-0.21,28.7,true,true,true,0.0167,1.21,,0.23,52.6,5.85,0,true,UNASSESSABLE,-0.032,-0.83,28.0,false,the baton's two long edges fitted 2.2? apart instead of parallel; usually because a hand or a shadow is next to it,9,UNKNOWN,false
284aa1197f8a41a3d226e9d008ca40cb3ab250f4540798fc412920112e6fa301,gen,wos_cpo_406107973490_126710BLRO,,,true,true,CORRECTABLE,0.0978,CLEAR,false,67.1,-0.22,0.166,0.164,CLEAR,false,false,true,CLEAR,0.013,-0.60,30.2,true,true,true,0.0044,0.17,,0.01,42.8,6.05,0,true,CLEAR,0.013,-0.38,30.9,true,,9,DATE_AT_3,false
28fa63f995a8605f626e2c71ee5c0160c4c9583f61d36557173964f9b0536468,rep,rep_cf_xK08a3L,,,true,true,CORRECTABLE,0.0667,UNASSESSABLE,true,105.0,-0.27,0.144,0.150,CLEAR,false,false,true,CLEAR,-0.011,0.31,46.8,true,true,true,0.0029,0.02,,0.92,41.2,5.85,0,true,UNASSESSABLE,-0.056,1.28,45.4,true,,9,DATE_AT_3,false
29c2a17050d47d6fc208bc653f7b86a579b43c0faabc70da15618e6f33840d43,rep,rep_vsf_oVwWMrC,,,true,false,CORRECTABLE,0.2472,UNASSESSABLE,false,27.1,1.92,0.348,0.511,UNASSESSABLE,true,false,true,UNASSESSABLE,-0.146,-1.53,19.2,false,true,true,0.0341,1.20,the baton's two long edges fitted 5.7? apart instead of parallel; usually because a hand or a shadow is next to it,5.72,18.0,5.85,0,true,UNASSESSABLE,-0.092,0.30,22.7,true,,9,UNKNOWN,false
2a29141d53d51effb14d22436c99d9e9b08673a511daeeb4118734d753ab1eb0,rep,rep_vsf_gpZWOfy,,,true,true,GOOD,0.1201,CLEAR,false,41.4,-0.66,0.126,0.163,CLEAR,false,false,true,UNASSESSABLE,-0.055,-2.75,16.5,false,true,true,0.0343,1.24,a long side of the baton could not be traced; often because a hand or a shadow is next to it,NaN,72.7,5.95,0,true,UNASSESSABLE,-0.006,7.74,21.0,false,a long side of the baton could not be traced; often because a hand or a shadow is next to it,9,DATE_AT_3,false
2af8e8c676bcd0cc055ebe9f6071893ff31048b16b63f141f9e815c7dacc2121,gen,BLRO_phillips_147798,,,true,true,CORRECTABLE,0.1003,CLEAR,false,95.2,0.92,0.171,0.153,CLEAR,false,false,true,CLEAR,-0.024,-0.53,43.3,true,true,true,0.0055,0.03,,0.35,62.5,5.95,0,true,CLEAR,-0.000,-0.08,42.9,true,,9,DATE_AT_3,false
2afdd010fa56896ddd0d3ef4c24ecd4f850dac9f2630f612f6f65c5515e80771,gen,wos_cpo_40617914_126711CHNR,,,true,true,GOOD,0.1005,CLEAR,false,65.3,-0.04,0.174,0.140,UNASSESSABLE,false,false,true,CLEAR,0.026,-0.63,30.8,true,true,true,0.0089,2.45,,0.03,45.7,6.05,0,true,CLEAR,0.035,-0.70,30.6,true,,9,DATE_AT_3,false
2b3611eca5f4c5f97b832dec87c2713b2bdb645d1c8c7dd999b51c67c81f18c2,rep,rep_cf_bpdi5xV,,,false,false,CORRECTABLE,NaN,UNASSESSABLE,false,NaN,NaN,NaN,NaN,UNASSESSABLE,false,false,false,UNASSESSABLE,NaN,NaN,NaN,false,false,false,NaN,NaN,,NaN,NaN,NaN,NaN,false,UNASSESSABLE,NaN,NaN,NaN,false,,9,UNKNOWN,true
2b58c2a6d70334f3c6f5cb05e0c9a4a82e0d330b5ccb31f9d22ca291c34c3aee,rep,rep_vsf_7s6PyXJ,,,true,true,CORRECTABLE,0.0809,UNASSESSABLE,true,55.0,1.02,0.153,0.133,CHECK,false,false,true,CHECK,-0.206,-0.23,20.0,false,true,true,0.0025,0.63,a long side of the baton could not be traced; often because a hand or a shadow is next to it,NaN,16.2,5.85,0,true,UNASSESSABLE,-0.021,0.13,21.0,false,a long side of the baton could not be traced; often because a hand or a shadow is next to it,9,DATE_AT_3,false
2d08dde1e648289a56c6ca747455a65136b929a695e6d107f393ce6cd6a8e318,gen,gen_wex_e99gXKb,,,false,false,RETAKE,1.3848,UNASSESSABLE,false,NaN,-20.96,2.175,1.424,UNASSESSABLE,true,false,false,UNASSESSABLE,NaN,NaN,NaN,false,false,false,NaN,NaN,,NaN,NaN,NaN,NaN,false,UNASSESSABLE,NaN,NaN,NaN,false,,9,UNKNOWN,true
2dbab0a9defce0a14af9bc05bfe9c0ec0baaea7f642436307edda130b6729fbe,rep,rep_arf_8xahrjm,,,false,false,GOOD,0.1413,UNASSESSABLE,false,NaN,2.80,0.170,0.168,UNASSESSABLE,false,false,false,UNASSESSABLE,NaN,NaN,NaN,false,false,false,NaN,NaN,,NaN,NaN,NaN,NaN,false,UNASSESSABLE,NaN,NaN,NaN,false,,9,UNKNOWN,false
2dd639d464c5ac332aa62407ac49a33eefbaea4ffcacb57165e6afb4cc94a514,rep,rep_vsf_gpZWOfy,,,false,false,UNASSESSABLE,NaN,UNASSESSABLE,false,NaN,NaN,NaN,NaN,UNASSESSABLE,false,false,false,UNASSESSABLE,NaN,NaN,NaN,false,false,false,NaN,NaN,,NaN,NaN,NaN,NaN,false,UNASSESSABLE,NaN,NaN,NaN,false,,9,DATE_AT_3,false
2e22bfbbe33b4dd17b6a025fcc0bd8b066043f6e125e39f3a6600b346b80b3d1,rep,rep_cf_ZVxf97o,,,true,true,CORRECTABLE,0.0711,UNASSESSABLE,true,68.0,1.18,0.128,0.139,CLEAR,false,false,true,CLEAR,0.003,0.66,34.8,true,true,true,0.0024,0.10,,0.32,82.3,5.95,0,true,UNASSESSABLE,-0.149,-1.93,29.4,true,,9,DATE_AT_3,false
2e2daa6c18cd21d299721b8ca548719628f237332b6803af4795bbacbcd8040d,rep,rep_cf_xK08a3L,,,false,false,CORRECTABLE,NaN,UNASSESSABLE,false,NaN,NaN,NaN,NaN,UNASSESSABLE,false,false,false,UNASSESSABLE,NaN,NaN,NaN,false,false,false,NaN,NaN,,NaN,NaN,NaN,NaN,false,UNASSESSABLE,NaN,NaN,NaN,false,,9,UNKNOWN,true
2eff7b57bc77a01d1e659094a83d4eb59397dc79d40d1444424c6d8cee0726ca,rep,rep_cf_f71234_Sw2D1Bt,,,true,true,GOOD,0.0956,CLEAR,false,55.9,0.21,0.163,0.177,CLEAR,false,false,true,CLEAR,-0.000,-0.28,26.9,true,true,true,0.0019,0.23,,0.24,52.3,5.95,0,false,UNASSESSABLE,NaN,NaN,NaN,false,,9,UNKNOWN,false
2f3103ea7f188c89848f4c15552d7a17a8d49e48a26e00ce2ee62e56fb386659,rep,rep_vsf_oVwWMrC,,,true,true,CORRECTABLE,0.0849,UNASSESSABLE,true,49.9,1.40,0.103,0.146,CHECK,false,false,true,CLEAR,-0.079,0.10,25.5,true,true,true,0.0027,0.30,,0.55,22.9,5.85,0,true,UNASSESSABLE,-0.051,0.62,19.1,false,the baton's two long edges fitted 2.6? apart instead of parallel; usually because a hand or a shadow is next to it,9,DATE_AT_3,false
2f368a5d976e0ed43d7d19b2c8a644ee8b4a4c36145b1a31e2d8a6477d3d9194,rep,rep_cf_bpdi5xV,,,false,false,UNASSESSABLE,NaN,UNASSESSABLE,false,NaN,NaN,NaN,NaN,UNASSESSABLE,false,false,false,UNASSESSABLE,NaN,NaN,NaN,false,false,false,NaN,NaN,,NaN,NaN,NaN,NaN,false,UNASSESSABLE,NaN,NaN,NaN,false,,9,UNKNOWN,true
2f53d2b2642b9020d67a2c6c396c5d2af7a2afc6e2f9631c5d69bb850ceccb82,rep,rep_vsf_GKJDidL,,,false,false,UNASSESSABLE,NaN,UNASSESSABLE,false,NaN,NaN,NaN,NaN,UNASSESSABLE,false,false,false,UNASSESSABLE,NaN,NaN,NaN,false,false,false,NaN,NaN,,NaN,NaN,NaN,NaN,false,UNASSESSABLE,NaN,NaN,NaN,false,,9,DATE_AT_3,false
2f7848f2f2b55991448cfe2d3b0991cdf7a076b20fccf2ee813e53f3144389fb,gen,gen_wex_1TDYtpN,,,false,false,CORRECTABLE,NaN,UNASSESSABLE,false,NaN,NaN,NaN,NaN,UNASSESSABLE,false,false,false,UNASSESSABLE,NaN,NaN,NaN,false,false,false,NaN,NaN,,NaN,NaN,NaN,NaN,false,UNASSESSABLE,NaN,NaN,NaN,false,,9,UNKNOWN,true
2fe444a316b1937a7aa7af3c2093aa8388eac532f96ed02c0fbaf51ea00164c5,gen,gen_wex_8Rg3vqJ,,,false,false,UNASSESSABLE,0.2914,UNASSESSABLE,false,NaN,-41.94,0.384,0.231,UNASSESSABLE,true,false,false,UNASSESSABLE,NaN,NaN,NaN,false,true,false,Infinity,Infinity,,NaN,NaN,NaN,NaN,false,UNASSESSABLE,NaN,NaN,NaN,false,,9,UNKNOWN,true
3016a5d3c9d642068e147c5a0045fa9402b5a4e1d47cdb1784f54b928f9cf4f8,gen,gen_wex_8Rg3vqJ,,,false,false,CORRECTABLE,0.3204,UNASSESSABLE,false,NaN,18.99,0.460,0.356,UNASSESSABLE,true,false,false,UNASSESSABLE,NaN,NaN,NaN,false,true,true,0.0609,17.93,,NaN,NaN,NaN,NaN,false,UNASSESSABLE,NaN,NaN,NaN,false,,9,UNKNOWN,true
304e5f564d7a33d3f433ba7d223b144ce31c901010967bb13f70817aa5982e79,gen,gen_126710BLNR_phillips_192617,,,true,true,GOOD,0.1011,CLEAR,false,77.3,0.89,0.173,0.150,UNASSESSABLE,false,false,true,CLEAR,-0.037,-0.70,34.5,true,true,true,0.0051,1.11,,0.30,76.7,5.85,0,true,UNASSESSABLE,-0.014,-0.12,32.5,true,,9,UNKNOWN,false
30a3d07a4c9ef20cc88236a7222b795e641818e48c4eec2fa11f1a7e94da27e6,rep,rep_cf_UpTW8nx,,,false,false,RETAKE,NaN,UNASSESSABLE,false,NaN,NaN,NaN,NaN,UNASSESSABLE,false,false,false,UNASSESSABLE,NaN,NaN,NaN,false,false,false,NaN,NaN,,NaN,NaN,NaN,NaN,false,UNASSESSABLE,NaN,NaN,NaN,false,,9,UNKNOWN,true
30f0a5ace97fae537752127dc1fabc66cf7d7e3627f9c13f5da47ee7e94c2b51,gen,gen_126710BLNR_phillips_181407,,,false,false,GOOD,NaN,UNASSESSABLE,false,NaN,NaN,NaN,NaN,UNASSESSABLE,false,false,false,UNASSESSABLE,NaN,NaN,NaN,false,false,false,NaN,NaN,,NaN,NaN,NaN,NaN,false,UNASSESSABLE,NaN,NaN,NaN,false,,9,UNKNOWN,true
311dfd711967bbcc15aebc8dd38ffc51cea7324b224e803ff3fe2a616e347fc2,gen,wos_cpo_40410883_126710BLRO,,,true,true,CORRECTABLE,0.0970,CLEAR,false,66.7,-0.11,0.156,0.174,CLEAR,false,false,true,CLEAR,-0.026,-0.24,30.6,true,true,true,0.0034,0.61,,0.19,48.1,6.05,0,true,CLEAR,-0.013,0.05,30.7,true,,9,DATE_AT_3,false
324bcead7679c224ff6c1296ba5d56dfcd1ae314471eb9add6ccbbd41fd0964a,rep,rep_arf_8xahrjm,,,false,false,CORRECTABLE,NaN,UNASSESSABLE,false,NaN,NaN,NaN,NaN,UNASSESSABLE,false,false,false,UNASSESSABLE,NaN,NaN,NaN,false,false,false,NaN,NaN,,NaN,NaN,NaN,NaN,false,UNASSESSABLE,NaN,NaN,NaN,false,,9,UNKNOWN,true
32fe33cbc12bfe5b01097061b0373f20e498642091a1fad8d8575a10cb0155df,gen,gen_wex_e99gXKb,,,false,false,UNASSESSABLE,NaN,UNASSESSABLE,false,NaN,NaN,NaN,NaN,UNASSESSABLE,false,false,false,UNASSESSABLE,NaN,NaN,NaN,false,false,false,NaN,NaN,,NaN,NaN,NaN,NaN,false,UNASSESSABLE,NaN,NaN,NaN,false,,9,UNKNOWN,true
35791558f24c1bad0d12ddfff74ae62e9b2ab040388759bbcb0db59c980258cc,rep,rep_vsf_gpZWOfy,,,false,false,CORRECTABLE,0.1014,UNASSESSABLE,false,NaN,-46.37,0.481,0.541,UNASSESSABLE,true,false,false,UNASSESSABLE,NaN,NaN,NaN,false,false,false,NaN,NaN,,NaN,NaN,NaN,NaN,false,UNASSESSABLE,NaN,NaN,NaN,false,,9,UNKNOWN,true
35a06a0307e7f6c2518c540d625c837a8a9f71a6c5b081fb1c9ed235a937269c,gen,gen_wex_8Rg3vqJ,,,false,false,UNASSESSABLE,0.0719,UNASSESSABLE,false,NaN,47.68,0.438,0.605,UNASSESSABLE,true,false,false,UNASSESSABLE,NaN,NaN,NaN,false,true,true,0.2271,26.33,,NaN,NaN,NaN,NaN,false,UNASSESSABLE,NaN,NaN,NaN,false,,9,UNKNOWN,true
35afbed98ac03f0b33f520833a35cde9c6e72a00e05129c5328fc129f745e78f,gen,bw_183395,,,true,true,CORRECTABLE,0.1288,CLEAR,false,82.0,0.87,0.168,0.180,CLEAR,false,false,true,CLEAR,-0.013,0.17,39.6,true,true,true,0.0016,0.23,,0.09,84.4,6.05,0,true,UNASSESSABLE,0.022,0.86,30.0,false,the baton's two long edges fitted 3.3? apart instead of parallel; usually because a hand or a shadow is next to it,3,DATE_AT_9,false
366d1d8d135ef8d41591abfb8445efbf4d7a803fc4c9a9915f8b2e33a376fc4c,rep,rep_cf_f71234_Sw2D1Bt,,,false,false,UNASSESSABLE,NaN,UNASSESSABLE,false,NaN,NaN,NaN,NaN,UNASSESSABLE,false,false,false,UNASSESSABLE,NaN,NaN,NaN,false,false,false,NaN,NaN,,NaN,NaN,NaN,NaN,false,UNASSESSABLE,NaN,NaN,NaN,false,,9,UNKNOWN,true
36917aa33dfb1b62437275f7f7fae47160c5e06ad4f0b7f18be20d066fd90008,rep,rep_vsf_sh7PSsh,,,false,false,RETAKE,0.6679,UNASSESSABLE,false,NaN,-44.12,0.572,0.862,UNASSESSABLE,false,false,false,UNASSESSABLE,NaN,NaN,NaN,false,true,false,Infinity,Infinity,,NaN,NaN,NaN,NaN,false,UNASSESSABLE,NaN,NaN,NaN,false,,9,UNKNOWN,true
38ae0593932813de2a766954f2c764b85cc2cdf018373aef137d7dbfad1bcf26,rep,rep_cf_UpTW8nx,,,false,false,CORRECTABLE,1.6357,UNASSESSABLE,false,NaN,-36.63,1.693,1.736,UNASSESSABLE,true,false,false,UNASSESSABLE,NaN,NaN,NaN,false,true,false,Infinity,Infinity,,NaN,NaN,NaN,NaN,false,UNASSESSABLE,NaN,NaN,NaN,false,,9,UNKNOWN,true
38c461cdb6c8e1bb615cfa723b78a801a9acbed4c8e43689b4706af8bc178c96,rep,rep_arf_m304y61,,,false,false,UNASSESSABLE,NaN,UNASSESSABLE,false,NaN,NaN,NaN,NaN,UNASSESSABLE,false,false,false,UNASSESSABLE,NaN,NaN,NaN,false,false,false,NaN,NaN,,NaN,NaN,NaN,NaN,false,UNASSESSABLE,NaN,NaN,NaN,false,,9,UNKNOWN,true
392311aa2394b61b347ceba2e730393fb4b234e21e6b29f561528d5278883945,gen,gen_wex_3KSuGhC,,,false,false,CORRECTABLE,NaN,UNASSESSABLE,false,NaN,NaN,NaN,NaN,UNASSESSABLE,false,false,false,UNASSESSABLE,NaN,NaN,NaN,false,false,false,NaN,NaN,,NaN,NaN,NaN,NaN,false,UNASSESSABLE,NaN,NaN,NaN,false,,9,UNKNOWN,true
396aa0534affb05cab446b340c659a0ec2bdff596a1aeda5ec7d61847f916895,rep,rep_vsf_gpZWOfy,,,false,false,CORRECTABLE,NaN,UNASSESSABLE,false,NaN,NaN,NaN,NaN,UNASSESSABLE,false,false,false,UNASSESSABLE,NaN,NaN,NaN,false,false,false,NaN,NaN,,NaN,NaN,NaN,NaN,false,UNASSESSABLE,NaN,NaN,NaN,false,,9,UNKNOWN,true
398a1cd5724accd78f88d5804aee48484133fc53510bf53bc5d474302e3c8a12,rep,rep_vsf_KfRKFwA,,,true,true,CORRECTABLE,0.1218,UNASSESSABLE,false,31.7,-1.20,0.188,0.134,UNASSESSABLE,true,false,true,UNASSESSABLE,-0.049,0.67,14.8,true,true,true,0.0117,0.78,,0.75,29.2,5.85,0,true,UNASSESSABLE,-0.124,-3.54,13.0,false,the outer end of the baton could not be traced,9,UNKNOWN,false
3b42102560d9f056305bc15930637c8bee9be78a1da6c2a81d6cee8f7d9b455b,rep,rep_vsf_f980504_SHiztEn,,,false,false,UNASSESSABLE,NaN,UNASSESSABLE,false,NaN,NaN,NaN,NaN,UNASSESSABLE,false,false,false,UNASSESSABLE,NaN,NaN,NaN,false,false,false,NaN,NaN,,NaN,NaN,NaN,NaN,false,UNASSESSABLE,NaN,NaN,NaN,false,,9,DATE_AT_3,false
3c38f1b53216511f308950a0559ac30c3e3c51563de7ae72fddbf4edd60d9c6f,gen,gen_126715CHNR_phillips_137349,,,true,true,CORRECTABLE,0.1064,CLEAR,false,94.7,0.62,0.181,0.149,CLEAR,false,false,false,UNASSESSABLE,NaN,NaN,NaN,false,true,true,0.0027,0.67,,NaN,NaN,NaN,NaN,true,CLEAR,-0.015,-0.70,43.9,true,,9,DATE_AT_3,false
3e0413343b5d9a3e91a44f2e9fe60d187b70cb86545436bb7ff9a57826c79d93,gen,gen_wex_e99gXKb,,,false,false,CORRECTABLE,1.1039,UNASSESSABLE,false,NaN,-67.16,0.991,1.221,UNASSESSABLE,false,false,false,UNASSESSABLE,NaN,NaN,NaN,false,true,false,Infinity,Infinity,,NaN,NaN,NaN,NaN,false,UNASSESSABLE,NaN,NaN,NaN,false,,9,UNKNOWN,true
3ff35dde2d33454cc5a93b4e47d4438b32b753c500a5b21775298153781853f4,gen,bw_185984,,,true,true,GOOD,0.0823,CLEAR,false,85.7,-0.01,0.158,0.154,CLEAR,false,false,true,CLEAR,0.000,0.10,39.7,true,true,true,0.0007,0.13,,0.33,93.6,6.05,0,true,UNASSESSABLE,-0.040,0.37,38.9,true,,9,UNKNOWN,false
408c9a6d80ce34f6a1bbf5a4ecd98b801f8598d6730d91ceafeca58092d41777,gen,wos_cpo_40411407,,,true,true,GOOD,0.0936,CLEAR,false,66.4,0.35,0.150,0.162,UNASSESSABLE,false,false,true,CLEAR,0.003,0.15,30.5,true,true,true,0.0041,0.86,,0.29,43.1,6.05,0,true,CLEAR,0.017,0.76,30.4,true,,9,DATE_AT_3,false
40e9a0564f9390aa449221254c7cfcb589baccd6a083345b4e65fd9a7f3b8e08,gen,gen_wex_3KSuGhC,,,false,false,UNASSESSABLE,NaN,UNASSESSABLE,false,NaN,NaN,NaN,NaN,UNASSESSABLE,false,false,false,UNASSESSABLE,NaN,NaN,NaN,false,false,false,NaN,NaN,,NaN,NaN,NaN,NaN,false,UNASSESSABLE,NaN,NaN,NaN,false,,9,DATE_AT_3,false
41420bfdb9ae073b26056217f19119699d3af6be16b5c101c86089778bacaa65,rep,rep_vsf_p3hHVMB,,,false,false,CORRECTABLE,2.1650,UNASSESSABLE,false,NaN,-2.37,2.085,2.260,UNASSESSABLE,true,false,false,UNASSESSABLE,NaN,NaN,NaN,false,false,false,NaN,NaN,,NaN,NaN,NaN,NaN,false,UNASSESSABLE,NaN,NaN,NaN,false,,9,UNKNOWN,true
414287f526866719c4ab9100c5b0f6834b24f2196da6817f61fad910053951e0,rep,rep_cf_QsJT2wk,,,true,true,CORRECTABLE,0.0882,UNASSESSABLE,false,29.5,-25.56,0.138,0.288,UNASSESSABLE,true,false,true,UNASSESSABLE,-0.071,0.73,15.4,false,true,false,0.0168,3.23,the outer end of the baton could not be traced,NaN,55.9,5.95,0,true,UNASSESSABLE,-0.074,-9.90,15.0,false,the outer end of the baton could not be traced,9,DATE_AT_3,false
418615491f0f672fcf4cae314b6c7ffaee569001dc10ea886cc1e873998e1cd1,rep,rep_vsf_p3hHVMB,,,false,false,UNASSESSABLE,0.4798,UNASSESSABLE,false,NaN,-14.47,0.664,0.450,UNASSESSABLE,true,false,false,UNASSESSABLE,NaN,NaN,NaN,false,true,false,Infinity,Infinity,,NaN,NaN,NaN,NaN,false,UNASSESSABLE,NaN,NaN,NaN,false,,9,UNKNOWN,true
41e315431680bfdb906e87345110bf3dc727df5d67a09cf98c672691449bc159,rep,rep_cf_bpdi5xV,,,false,false,UNASSESSABLE,NaN,UNASSESSABLE,false,NaN,NaN,NaN,NaN,UNASSESSABLE,false,false,false,UNASSESSABLE,NaN,NaN,NaN,false,false,false,NaN,NaN,,NaN,NaN,NaN,NaN,false,UNASSESSABLE,NaN,NaN,NaN,false,,9,DATE_AT_3,false
4212501c77f05500b78fc16da01d25d581f16b987102545121f6d74873d5e00e,gen,gen_wex_vmbUDwy,,,false,false,CORRECTABLE,0.6139,UNASSESSABLE,false,NaN,-29.31,0.557,0.674,UNASSESSABLE,false,true,false,UNASSESSABLE,NaN,NaN,NaN,false,true,true,0.6009,29.69,,NaN,NaN,NaN,NaN,false,UNASSESSABLE,NaN,NaN,NaN,false,,9,UNKNOWN,true
42dd49fabd82c0aa8e0ee4c2292fc1fcc9f8525f98f7df88a0497012feaea9af,rep,rep_vsf_sh7PSsh,,,false,false,CORRECTABLE,3.8487,UNASSESSABLE,false,NaN,-20.92,3.873,3.947,UNASSESSABLE,true,false,false,UNASSESSABLE,NaN,NaN,NaN,false,false,false,NaN,NaN,,NaN,NaN,NaN,NaN,false,UNASSESSABLE,NaN,NaN,NaN,false,,9,UNKNOWN,true
43177d93787a8759becb5bed7f1ff67b0dee7e02a1ad7e1d183919a77658c83f,gen,gen_wex_vmbUDwy,,,false,false,UNASSESSABLE,NaN,UNASSESSABLE,false,NaN,NaN,NaN,NaN,UNASSESSABLE,false,false,false,UNASSESSABLE,NaN,NaN,NaN,false,false,false,NaN,NaN,,NaN,NaN,NaN,NaN,false,UNASSESSABLE,NaN,NaN,NaN,false,,9,DATE_AT_3,false
4491dba64665a59360d4d3cb7f38c467074a0567c6ad6cde72d801bb04222d89,rep,rep_vsf_7s6PyXJ,,,false,false,CORRECTABLE,0.2127,UNASSESSABLE,false,NaN,-18.31,0.551,0.694,UNASSESSABLE,true,false,false,UNASSESSABLE,NaN,NaN,NaN,false,false,false,NaN,NaN,,NaN,NaN,NaN,NaN,false,UNASSESSABLE,NaN,NaN,NaN,false,,9,UNKNOWN,true
44c688f76d3577af82d4cccfcfbac74d2dd5edca91734284915f0b5a3d6893cd,rep,rep_vsf_f980504_SHiztEn,,,false,false,CORRECTABLE,NaN,UNASSESSABLE,false,NaN,NaN,NaN,NaN,UNASSESSABLE,false,false,false,UNASSESSABLE,NaN,NaN,NaN,false,false,false,NaN,NaN,,NaN,NaN,NaN,NaN,false,UNASSESSABLE,NaN,NaN,NaN,false,,9,UNKNOWN,true
459776d3addab16b78c901f93eb77cd482c2473e9f2f0fb0b4c47c4a1426401f,rep,rep_cf_bpdi5xV,,,false,false,UNASSESSABLE,NaN,UNASSESSABLE,false,NaN,NaN,NaN,NaN,UNASSESSABLE,false,false,false,UNASSESSABLE,NaN,NaN,NaN,false,false,false,NaN,NaN,,NaN,NaN,NaN,NaN,false,UNASSESSABLE,NaN,NaN,NaN,false,,9,UNKNOWN,true
46c5586460c320ee6352378dd5a3e70411e12300989f14524eece2cc74213f12,rep,rep_vsf_gpZWOfy,,,true,true,GOOD,0.1645,UNASSESSABLE,false,38.5,0.49,0.169,0.188,UNASSESSABLE,true,false,true,UNASSESSABLE,-0.000,-2.29,15.5,true,true,true,0.0111,0.26,,0.03,71.1,5.95,0,false,UNASSESSABLE,NaN,NaN,NaN,false,,9,UNKNOWN,false
46d8a804ad8aed4e24220b975752d43615ddc43ed49bcfa1a75b5751565e2c3b,rep,rep_cf_ZVxf97o,,,false,false,RETAKE,NaN,UNASSESSABLE,false,NaN,NaN,NaN,NaN,UNASSESSABLE,false,false,false,UNASSESSABLE,NaN,NaN,NaN,false,false,false,NaN,NaN,,NaN,NaN,NaN,NaN,false,UNASSESSABLE,NaN,NaN,NaN,false,,9,UNKNOWN,true
4736f119a3fa1e74ab2cde691cc1d6c63063f31c1697f703e64635a9c9a550ee,gen,gen_126720VTNR_phillips_214410,,,false,false,CORRECTABLE,0.9340,UNASSESSABLE,false,NaN,6.48,0.838,1.144,UNASSESSABLE,false,false,false,UNASSESSABLE,NaN,NaN,NaN,false,false,false,NaN,NaN,,NaN,NaN,NaN,NaN,false,UNASSESSABLE,NaN,NaN,NaN,false,,9,UNKNOWN,true
476ca82d7c8299450947d2c067607079864f7f0d2ab3bfbcbba0083db0c43a34,rep,rep_vsf_BXiTXD1,,,false,false,UNASSESSABLE,NaN,UNASSESSABLE,false,NaN,NaN,NaN,NaN,UNASSESSABLE,false,false,false,UNASSESSABLE,NaN,NaN,NaN,false,false,false,NaN,NaN,,NaN,NaN,NaN,NaN,false,UNASSESSABLE,NaN,NaN,NaN,false,,9,DATE_AT_3,false
47debf46e547170dde664fa488c8558761a6b065305ccd84769c1b0a5b048c4c,gen,gen_wex_U2XNblj,,,false,false,CORRECTABLE,NaN,UNASSESSABLE,false,NaN,NaN,NaN,NaN,UNASSESSABLE,false,false,false,UNASSESSABLE,NaN,NaN,NaN,false,false,false,NaN,NaN,,NaN,NaN,NaN,NaN,false,UNASSESSABLE,NaN,NaN,NaN,false,,9,UNKNOWN,true
483aff79cb79e48b277d4e86afcde48182b12b866807887b944d07790cded4d6,gen,wos_cpo_40411116_126710BLRO,,,true,true,GOOD,0.0934,CLEAR,false,66.2,-0.24,0.166,0.152,CLEAR,false,false,true,CLEAR,0.000,-0.22,30.5,true,true,true,0.0026,0.98,,0.36,40.0,6.05,0,true,CLEAR,-0.000,-0.61,30.3,true,,9,DATE_AT_3,false
48e397d32c1c4974d81ef2123479f870c222bbec3f03481d3544f57be1a2f4c8,rep,rep_vsf_BXiTXD1,,,false,false,CORRECTABLE,NaN,UNASSESSABLE,false,NaN,NaN,NaN,NaN,UNASSESSABLE,false,false,false,UNASSESSABLE,NaN,NaN,NaN,false,false,false,NaN,NaN,,NaN,NaN,NaN,NaN,false,UNASSESSABLE,NaN,NaN,NaN,false,,9,UNKNOWN,true
49ce802d050065eac894bec797a93d0c0c4655ce091ff690ec24c2291d1a7cd0,gen,gen_126710BLNR_phillips_CH080120_2,,,true,true,CORRECTABLE,0.1096,CLEAR,false,81.6,-0.51,0.197,0.117,CLEAR,false,false,true,CLEAR,-0.062,0.41,38.0,true,true,true,0.0007,0.02,,0.49,59.1,5.85,0,true,CLEAR,0.000,-0.08,40.0,true,,9,DATE_AT_3,false
4be2d44084ffb04a78e8d65672f1e79fbd7cc242a70fbb7d60818efe21e69fd3,gen,gen_wex_bRffRhD,,,false,false,CORRECTABLE,2.2025,UNASSESSABLE,false,NaN,-7.80,2.233,2.329,UNASSESSABLE,true,false,false,UNASSESSABLE,NaN,NaN,NaN,false,false,false,NaN,NaN,,NaN,NaN,NaN,NaN,false,UNASSESSABLE,NaN,NaN,NaN,false,,9,UNKNOWN,true
4c5b5bf0696842a3123650488b2d1660f5fb71a842fc29c6ada3ca4c2e556e83,gen,wos_cpo_406107977490,,,true,true,CORRECTABLE,0.0967,CLEAR,false,65.8,0.18,0.150,0.164,UNASSESSABLE,false,false,true,UNASSESSABLE,-0.014,-0.44,29.6,false,true,true,0.0141,3.01,a long side of the baton could not be traced; often because a hand or a shadow is next to it,NaN,31.3,5.95,0,true,CLEAR,-0.025,0.17,31.2,true,,9,DATE_AT_3,false
4dcc10af9a7e7861aad2d74c30bc72fee5031ea90d0dd803a7257b9b730aa5ff,rep,rep_vsf_p3hHVMB,,,true,true,CORRECTABLE,0.0829,UNASSESSABLE,false,71.1,1.68,0.158,0.147,CHECK,false,false,true,UNASSESSABLE,-0.081,-0.11,32.0,false,true,false,0.1371,0.23,the baton's two long edges fitted 3.5? apart instead of parallel; usually because a hand or a shadow is next to it,3.55,27.8,5.95,0,true,CLEAR,-0.003,0.09,32.0,true,,9,DATE_AT_3,false
4e0cc6c37c1639346f07b1d73834caf1ab6d4861e382fc8d53790dc2319c4315,rep,rep_arf_8xahrjm,,,false,false,CORRECTABLE,NaN,UNASSESSABLE,false,NaN,NaN,NaN,NaN,UNASSESSABLE,false,false,false,UNASSESSABLE,NaN,NaN,NaN,false,false,false,NaN,NaN,,NaN,NaN,NaN,NaN,true,UNASSESSABLE,0.130,18.20,23.0,false,a long side of the baton could not be traced; often because a hand or a shadow is next to it,9,UNKNOWN,true
4e1e5eeb14fdda853392d9c3a1d4216970951bf649f173211c86d36347d4527a,rep,rep_cplus_wEYZOyK,,,true,false,CORRECTABLE,0.2042,UNASSESSABLE,false,30.0,1.87,0.219,0.209,UNASSESSABLE,true,false,true,UNASSESSABLE,-0.022,0.45,17.7,true,true,false,0.0778,6.16,,1.12,47.5,6.05,0,true,UNASSESSABLE,-0.073,-0.95,16.3,true,,9,UNKNOWN,false
4e441ae34d454af509f3d77a110b1a98ff23371291a1143f83a230ea899344c6,gen,gen_126720VTNR_phillips_233043,,,false,false,CORRECTABLE,NaN,UNASSESSABLE,false,NaN,NaN,NaN,NaN,UNASSESSABLE,false,false,false,UNASSESSABLE,NaN,NaN,NaN,false,false,false,NaN,NaN,,NaN,NaN,NaN,NaN,false,UNASSESSABLE,NaN,NaN,NaN,false,,9,UNKNOWN,true
4e93db5e7f5699c090cd760f0bfbdb3d32c95589b964b59c78c4b921b002cc64,rep,rep_vsf_sh7PSsh,,,false,false,UNASSESSABLE,NaN,UNASSESSABLE,false,NaN,NaN,NaN,NaN,UNASSESSABLE,false,false,false,UNASSESSABLE,NaN,NaN,NaN,false,false,false,NaN,NaN,,NaN,NaN,NaN,NaN,false,UNASSESSABLE,NaN,NaN,NaN,false,,9,DATE_AT_3,false
4fbbd4697d4ebd97d6048e9f8d9cb4b272182c6d1c3edff390f90d2c83e2b555,gen,wos_cpo_408102338490_126711CHNR,,,true,true,CORRECTABLE,0.0900,CLEAR,false,66.6,-0.35,0.160,0.149,CLEAR,false,false,true,CLEAR,0.000,0.13,31.2,true,true,true,0.0087,0.48,,0.10,44.6,6.05,0,true,CLEAR,0.000,0.46,31.1,true,,9,DATE_AT_3,false
4fce338064e97d8e7e7a1325347d769332b5d7dcc21c9c624519d1c6376e3f4c,gen,rolex_official_126711CHNR_0002_126711CHNR,,,true,true,CORRECTABLE,0.0962,CLEAR,false,45.4,0.22,0.151,0.162,UNASSESSABLE,false,false,false,UNASSESSABLE,NaN,NaN,NaN,false,true,true,0.0034,0.86,,NaN,NaN,NaN,NaN,true,CLEAR,-0.000,-0.15,27.6,true,,9,DATE_AT_3,false
50fb8a3322042ca4d68984d8f8d8a05722352b43c9026517adb87ac6e04153a2,gen,gen_wex_K4gqk6U,,,false,false,UNASSESSABLE,NaN,UNASSESSABLE,false,NaN,NaN,NaN,NaN,UNASSESSABLE,false,false,false,UNASSESSABLE,NaN,NaN,NaN,false,false,false,NaN,NaN,,NaN,NaN,NaN,NaN,false,UNASSESSABLE,NaN,NaN,NaN,false,,9,UNKNOWN,true
5172f20abd8577e084bfa33ac6e01ddb8d1572b455488c8fa1d24565538a5f9c,gen,gen_126711CHNR_phillips_172578,,,false,false,GOOD,2.4571,UNASSESSABLE,false,NaN,52.81,3.068,4.966,UNASSESSABLE,false,false,false,UNASSESSABLE,NaN,NaN,NaN,false,false,false,NaN,NaN,,NaN,NaN,NaN,NaN,false,UNASSESSABLE,NaN,NaN,NaN,false,,9,UNKNOWN,true
540a6d490354ac1927ab485dfd7cb8a83ce2183c47c4868eecd4154c7d53dbc8,gen,wos_cpo_406107584490,,,true,true,GOOD,0.1006,CLEAR,false,64.7,1.33,0.171,0.146,UNASSESSABLE,false,false,true,CLEAR,0.077,0.38,26.1,true,true,true,0.0054,2.61,,0.66,52.5,6.05,0,true,CLEAR,-0.000,-0.49,30.8,true,,9,DATE_AT_3,false
542b52c8ed0efc8ad4da1f7c34d3895f464c5a9301df1b9a3b1fe6c6c9855ef9,rep,rep_cplus_wEYZOyK,,,true,true,GOOD,0.1358,UNASSESSABLE,false,34.7,-0.25,0.156,0.157,UNASSESSABLE,true,false,true,UNASSESSABLE,-0.010,0.02,18.2,true,true,true,0.0032,1.07,,0.33,43.8,6.05,0,true,UNASSESSABLE,-0.086,-0.37,16.6,true,,9,DATE_AT_3,false
548f87d1adea9f7928b7a679acb868ad77fdcaf619c40434cf880952f7b26637,rep,rep_cf_sx6zSKZ,,,true,true,CORRECTABLE,0.0852,UNASSESSABLE,false,40.7,-0.27,0.152,0.124,UNASSESSABLE,false,false,true,UNASSESSABLE,-0.075,-1.28,20.0,false,true,false,0.2098,1.86,the baton's two long edges fitted 5.4? apart instead of parallel; usually because a hand or a shadow is next to it,5.44,52.3,6.15,0,true,UNASSESSABLE,-0.076,-0.77,20.6,true,,9,UNKNOWN,false
54ee227d7536af5a18b32dab0a0fab7a967c742fa15494411b20efac9aaeeb3e,rep,rep_cf_6zSSQ1d,,,false,false,CORRECTABLE,5.1759,UNASSESSABLE,false,NaN,6.40,5.344,5.093,UNASSESSABLE,true,false,true,UNASSESSABLE,0.012,-0.38,26.7,false,false,false,NaN,NaN,the 12 marker was not found; so the dial orientation is unknown,0.83,78.7,5.95,0,true,UNASSESSABLE,0.010,-0.06,25.3,false,the 12 marker was not found; so the dial orientation is unknown,9,UNKNOWN,false
5539a458164f3c2dc40fdfcb0559d9b5b15412c8a60b93899db5fd7fa0b0aea9,rep,rep_vsf_oVwWMrC,,,false,false,UNASSESSABLE,NaN,UNASSESSABLE,false,NaN,NaN,NaN,NaN,UNASSESSABLE,false,false,true,UNASSESSABLE,-0.498,22.08,32.2,false,false,false,NaN,NaN,the outer end of the baton could not be traced,NaN,5.3,5.23,1,false,UNASSESSABLE,NaN,NaN,NaN,false,,9,UNKNOWN,true
56087bbf2b5f9885b8c8dae9b1b21c4c0b71757ff08bf22529ba6c6bf7072340,gen,gen_wex_vmbUDwy,,,false,false,UNASSESSABLE,NaN,UNASSESSABLE,false,NaN,NaN,NaN,NaN,UNASSESSABLE,false,false,false,UNASSESSABLE,NaN,NaN,NaN,false,false,false,NaN,NaN,,NaN,NaN,NaN,NaN,false,UNASSESSABLE,NaN,NaN,NaN,false,,9,DATE_AT_3,false
5674a73bc19caf5b3902d32cbb52e0004d28e4a3195e814554512b4354c85eee,gen,gen_wex_3KSuGhC,,,false,false,CORRECTABLE,0.0542,UNASSESSABLE,false,NaN,-30.56,0.189,0.300,UNASSESSABLE,false,true,false,UNASSESSABLE,NaN,NaN,NaN,false,true,false,Infinity,Infinity,,NaN,NaN,NaN,NaN,false,UNASSESSABLE,NaN,NaN,NaN,false,,9,UNKNOWN,true
56efe63de8cc981b1a9b7e09c3c20d3a38930579eddb395b30a1a7e7be121355,rep,rep_vsf_oVwWMrC,,,false,false,UNASSESSABLE,NaN,UNASSESSABLE,false,NaN,NaN,NaN,NaN,UNASSESSABLE,false,false,false,UNASSESSABLE,NaN,NaN,NaN,false,false,false,NaN,NaN,,NaN,NaN,NaN,NaN,false,UNASSESSABLE,NaN,NaN,NaN,false,,9,UNKNOWN,true
5737d7cb703359f85e6a25080ce0fdf0693b6c9ddbd786a49d18de63a1aa6003,rep,rep_vsf_7s6PyXJ,,,true,true,CORRECTABLE,0.0859,UNASSESSABLE,false,55.3,0.95,0.159,0.133,UNASSESSABLE,false,false,true,UNASSESSABLE,-0.205,-1.51,19.0,false,true,false,0.1274,2.22,a long side of the baton could not be traced; often because a hand or a shadow is next to it,NaN,2.2,5.85,0,true,UNASSESSABLE,-0.063,-0.39,23.0,true,,9,DATE_AT_3,false
591165966a2d4abbd29e833d50b95a95f23141fb669ab96bacac5672d9208f37,gen,gen_wex_1TDYtpN,,,false,false,CORRECTABLE,NaN,UNASSESSABLE,false,NaN,NaN,NaN,NaN,UNASSESSABLE,false,false,false,UNASSESSABLE,NaN,NaN,NaN,false,false,false,NaN,NaN,,NaN,NaN,NaN,NaN,false,UNASSESSABLE,NaN,NaN,NaN,false,,9,UNKNOWN,true
59358c1a087c81cb038e17f2d8356d166515869239f9ce30ec45e5c3eec42a34,rep,rep_vsf_p3hHVMB,,,false,false,CORRECTABLE,0.0332,UNASSESSABLE,false,NaN,36.33,0.297,0.037,UNASSESSABLE,true,false,false,UNASSESSABLE,NaN,NaN,NaN,false,true,false,Infinity,Infinity,,NaN,NaN,NaN,NaN,false,UNASSESSABLE,NaN,NaN,NaN,false,,9,UNKNOWN,true
59f685d014f887ecc87e8cb73f5bd924909bbf3dfacd387c78a0a62a5cea7871,rep,rep_cf_f71234_Sw2D1Bt,,,true,true,GOOD,0.0893,CLEAR,false,55.0,0.15,0.160,0.173,CLEAR,false,false,true,CLEAR,-0.012,0.69,26.7,true,true,true,0.0044,0.75,,0.41,69.4,5.95,0,false,UNASSESSABLE,NaN,NaN,NaN,false,,9,UNKNOWN,false
5ab8d1800b08dfb960d291d52c659829e73572439ceffb393147f6ce15306e0d,rep,rep_cplus_wEYZOyK,,,false,false,RETAKE,NaN,UNASSESSABLE,false,NaN,NaN,NaN,NaN,UNASSESSABLE,false,false,false,UNASSESSABLE,NaN,NaN,NaN,false,false,false,NaN,NaN,,NaN,NaN,NaN,NaN,false,UNASSESSABLE,NaN,NaN,NaN,false,,9,UNKNOWN,true
5c56014a3282e27722e1ec0da5e2fbe49b93eed96cee1dd4c4f07590f9f9747a,rep,rep_cplus_wEYZOyK,,,false,false,RETAKE,3.6738,UNASSESSABLE,false,NaN,-1.04,3.745,4.553,UNASSESSABLE,true,false,false,UNASSESSABLE,NaN,NaN,NaN,false,false,false,NaN,NaN,,NaN,NaN,NaN,NaN,false,UNASSESSABLE,NaN,NaN,NaN,false,,9,UNKNOWN,true
5c58fe87012904430fc0e0032d8b1a8daab5bdf7e841ef8a42aea631759f2815,rep,rep_vsf_gpZWOfy,,,false,false,UNASSESSABLE,1.7248,UNASSESSABLE,false,NaN,70.47,1.722,1.734,UNASSESSABLE,true,false,false,UNASSESSABLE,NaN,NaN,NaN,false,true,true,0.0394,9.30,,NaN,NaN,NaN,NaN,false,UNASSESSABLE,NaN,NaN,NaN,false,,9,UNKNOWN,true
5c965ab0f5fc89d7c40a3688f7a70e1c43a726a8b1e2ceb97dd0b2bd0b904d2a,rep,rep_cf_f71234_Sw2D1Bt,,,true,true,GOOD,0.0906,CLEAR,false,52.6,0.73,0.163,0.169,UNASSESSABLE,false,false,true,CLEAR,0.014,0.27,25.7,true,true,true,0.0085,1.25,,0.37,63.0,5.95,0,true,UNASSESSABLE,-0.010,0.97,24.4,false,a long side of the baton could not be traced; often because a hand or a shadow is next to it,9,UNKNOWN,false
5ce2657c2723f7de7dc5665a669ef0fc4f6f3a7da5bbb7c4e0a81c2e1a6c9f46,rep,rep_vsf_f980504_SHiztEn,,,true,true,CORRECTABLE,0.0639,UNASSESSABLE,true,63.2,0.56,0.137,0.150,CLEAR,false,false,true,CLEAR,-0.013,-0.36,29.0,true,true,true,0.0016,0.59,,0.11,60.3,5.85,0,true,CLEAR,-0.020,-0.83,26.6,true,,9,DATE_AT_3,false
5dd2b2a446d29c093784b81d7aa2af29167a2827da8edd55cc4766f381e3b93c,rep,rep_vsf_gpZWOfy,,,false,false,UNASSESSABLE,NaN,UNASSESSABLE,false,NaN,NaN,NaN,NaN,UNASSESSABLE,false,false,false,UNASSESSABLE,NaN,NaN,NaN,false,false,false,NaN,NaN,,NaN,NaN,NaN,NaN,false,UNASSESSABLE,NaN,NaN,NaN,false,,9,DATE_AT_3,false
5e1afcd6a0468955dfc5ea4a4cc2075ea302b483da3e75cd956e386d944c4b0f,rep,rep_vsf_p3hHVMB,,,false,false,UNASSESSABLE,NaN,UNASSESSABLE,false,NaN,NaN,NaN,NaN,UNASSESSABLE,false,false,false,UNASSESSABLE,NaN,NaN,NaN,false,false,false,NaN,NaN,,NaN,NaN,NaN,NaN,false,UNASSESSABLE,NaN,NaN,NaN,false,,9,UNKNOWN,true
5f04c880740914519147821d5029878370d147ea282aa1364bda575b6a923b05,rep,rep_cf_sx6zSKZ,,,false,false,UNASSESSABLE,1.0044,UNASSESSABLE,false,NaN,29.12,0.998,1.027,UNASSESSABLE,false,true,false,UNASSESSABLE,NaN,NaN,NaN,false,true,false,Infinity,Infinity,,NaN,NaN,NaN,NaN,false,UNASSESSABLE,NaN,NaN,NaN,false,,9,UNKNOWN,true
6058ca1288bded9279da6161099e1558a3b3243373c49755ea2816abd17e79b8,rep,rep_cf_sx6zSKZ,,,false,false,UNASSESSABLE,NaN,UNASSESSABLE,false,NaN,NaN,NaN,NaN,UNASSESSABLE,false,false,false,UNASSESSABLE,NaN,NaN,NaN,false,false,false,NaN,NaN,,NaN,NaN,NaN,NaN,false,UNASSESSABLE,NaN,NaN,NaN,false,,9,DATE_AT_3,false
60bea45fbf7892fea587a0b4dd273c177883b8639cac993b1446406e5bd8018f,gen,gen_126715CHNR_phillips_159750,,,true,false,CORRECTABLE,0.1482,UNASSESSABLE,false,77.1,1.06,0.218,0.142,UNASSESSABLE,false,false,false,UNASSESSABLE,NaN,NaN,NaN,false,true,true,0.0234,0.15,,NaN,NaN,NaN,NaN,true,UNASSESSABLE,-0.016,-0.07,38.7,true,,9,UNKNOWN,false
612c938d1673adf2ecd02caebac7e5054ecdaf8c54d64d1fdffcf07d4020d1fe,rep,one_four,,,true,true,GOOD,0.0308,STRONG,false,70.6,-0.11,0.084,0.156,CLEAR,false,false,true,CLEAR,-0.025,0.40,35.3,true,true,true,0.0037,0.78,,0.26,46.2,5.95,0,true,CLEAR,-0.055,-1.06,31.6,true,,9,DATE_AT_3,false
6263005d3d81b036d2c9634645574d4fc491f82ca8cbba575a4cae9eb4928757,rep,rep_cf_bpdi5xV,,,true,true,CORRECTABLE,0.0404,CHECK,false,70.8,-0.31,0.118,0.140,CLEAR,false,false,true,UNASSESSABLE,-0.077,0.85,34.0,false,true,true,0.0011,0.07,the outer end of the baton could not be traced,NaN,68.2,6.05,0,false,UNASSESSABLE,NaN,NaN,NaN,false,,9,UNKNOWN,false
6266c5b9b66459a872596a7c0f6ccbb18d17f9d8ff60f350b4ffa0151e82a5b1,rep,rep_vsf_oVwWMrC,,,false,false,CORRECTABLE,NaN,UNASSESSABLE,false,NaN,NaN,NaN,NaN,UNASSESSABLE,false,false,false,UNASSESSABLE,NaN,NaN,NaN,false,false,false,NaN,NaN,,NaN,NaN,NaN,NaN,false,UNASSESSABLE,NaN,NaN,NaN,false,,9,UNKNOWN,true
62d270a1e493ee5407e5f836783bc0adcf2802a0d182776e7adcaf7c95f14b24,gen,gen_wex_e99gXKb,,,false,false,UNASSESSABLE,NaN,UNASSESSABLE,false,NaN,NaN,NaN,NaN,UNASSESSABLE,false,false,false,UNASSESSABLE,NaN,NaN,NaN,false,false,false,NaN,NaN,,NaN,NaN,NaN,NaN,false,UNASSESSABLE,NaN,NaN,NaN,false,,9,UNKNOWN,true
668bb22e500b390e952f105e0ec4c7f14d433a3b5f89a517700206462e1e5fef,rep,rep_cf_UpTW8nx,,,false,false,UNASSESSABLE,NaN,UNASSESSABLE,false,NaN,NaN,NaN,NaN,UNASSESSABLE,false,false,false,UNASSESSABLE,NaN,NaN,NaN,false,false,false,NaN,NaN,,NaN,NaN,NaN,NaN,false,UNASSESSABLE,NaN,NaN,NaN,false,,9,DATE_AT_3,false
66bfd9375dd41e97e78f3495d337ab9b0c10e9e586484a5700f3d42d27b09da0,rep,rep_vsf_p3hHVMB,,,false,false,CORRECTABLE,NaN,UNASSESSABLE,false,NaN,NaN,NaN,NaN,UNASSESSABLE,false,false,false,UNASSESSABLE,NaN,NaN,NaN,false,false,false,NaN,NaN,,NaN,NaN,NaN,NaN,false,UNASSESSABLE,NaN,NaN,NaN,false,,9,UNKNOWN,true
6732ed21bbbcb77ef436602a04bb5507fe6d0184330356596c8db15e633d4387,gen,gen_wex_1TDYtpN,,,false,false,CORRECTABLE,1.5169,UNASSESSABLE,false,NaN,10.09,1.853,1.344,UNASSESSABLE,true,false,false,UNASSESSABLE,NaN,NaN,NaN,false,false,false,NaN,NaN,,NaN,NaN,NaN,NaN,false,UNASSESSABLE,NaN,NaN,NaN,false,,9,UNKNOWN,true
67f782aa5b0d34902fe92bd9c0eec5240fe99daa35694915a86ac5f52bf3f065,rep,rep_vsf_HCz9EAj,,,false,false,UNASSESSABLE,0.9778,UNASSESSABLE,false,NaN,20.43,1.404,0.826,UNASSESSABLE,false,false,false,UNASSESSABLE,NaN,NaN,NaN,false,true,false,Infinity,Infinity,,NaN,NaN,NaN,NaN,false,UNASSESSABLE,NaN,NaN,NaN,false,,9,UNKNOWN,true
6805e8d71e2a21f5b9000752c01f2b2450fb69963279f57dfd384523bef06cb7,gen,rolex_official_126720VTNR_0001_126720VTNR,,,true,true,CORRECTABLE,0.0955,CLEAR,false,45.4,0.19,0.151,0.161,CLEAR,false,false,false,UNASSESSABLE,NaN,NaN,NaN,false,true,true,0.0028,0.80,,NaN,NaN,NaN,NaN,true,CLEAR,0.014,-0.30,27.5,true,,3,DATE_AT_9,false
6843cca7ecb47bb88261359df281de9ba339bd5236a9c0bf50706794aee20cef,gen,gen_126715CHNR_phillips_224135,,,true,false,CORRECTABLE,0.1251,UNASSESSABLE,false,87.0,1.71,0.193,0.179,UNASSESSABLE,false,false,false,UNASSESSABLE,NaN,NaN,NaN,false,true,true,0.0055,1.20,,NaN,NaN,NaN,NaN,true,UNASSESSABLE,-0.020,-1.17,38.9,true,,9,UNKNOWN,false
6925cae11793010c3bffbf25651e2452387d52490bbec4e5a0b30845718b864f,rep,rep_cplus_wEYZOyK,,,true,true,GOOD,0.1333,UNASSESSABLE,false,34.1,-0.15,0.165,0.156,UNASSESSABLE,true,false,true,UNASSESSABLE,-0.059,-1.41,15.2,true,true,true,0.0036,1.13,,0.12,46.0,6.05,0,true,UNASSESSABLE,-0.071,0.06,16.2,true,,9,DATE_AT_3,false
69badae55989d647c86232e40b3e1874db8b682b2e417126e829b6ba74e77ebd,rep,rep_vsf_HCz9EAj,,,true,true,CORRECTABLE,0.2499,UNASSESSABLE,false,35.8,-6.56,0.217,0.328,UNASSESSABLE,true,false,true,UNASSESSABLE,0.323,15.47,16.2,false,true,false,0.1121,1.31,a long side of the baton could not be traced; often because a hand or a shadow is next to it,NaN,52.0,6.55,0,true,UNASSESSABLE,-0.042,1.44,17.3,true,,9,DATE_AT_3,false
6a21f34cb88b8867080c29abdfec4d39df814a45d6004377c67e49bb277bf196,gen,wos_cpo_40410010_126710BLRO,,,true,true,CORRECTABLE,0.0893,CLEAR,false,66.1,-0.37,0.167,0.143,CLEAR,false,false,true,UNASSESSABLE,-0.014,-0.15,29.6,true,true,true,0.0067,0.21,,0.14,55.1,6.05,0,true,CLEAR,-0.013,0.18,30.5,true,,9,DATE_AT_3,false
6bf31a8deaa0ba30c32bfecbecaf3ee751c74398b458c77995029ce532a5e14b,gen,gen_wex_1TDYtpN,,,true,true,CORRECTABLE,0.1001,CLEAR,false,49.6,-0.98,0.125,0.165,CLEAR,false,false,true,CLEAR,0.022,0.53,25.1,true,true,true,0.0013,0.10,,1.60,53.5,6.15,0,true,UNASSESSABLE,-0.008,0.33,24.5,true,,9,UNKNOWN,false
6cdb3748d60441870e059b959a245044aa31904433516c49051b660ab39f0f4f,rep,rep_cf_bpdi5xV,,,true,true,CORRECTABLE,0.0447,UNASSESSABLE,false,38.0,-0.42,0.124,0.143,UNASSESSABLE,true,false,true,UNASSESSABLE,-0.042,0.81,16.0,false,true,false,0.0303,2.34,the outer end of the baton could not be traced,NaN,50.9,6.05,0,false,UNASSESSABLE,NaN,NaN,NaN,false,,9,UNKNOWN,false
6d32c9b104d031dbd2349c79e32252bb825dcf4aed9c15c935bc8f251248459d,rep,rep_cf_6I00d8w,,,true,true,GOOD,0.0729,UNASSESSABLE,false,43.9,-0.90,0.177,0.099,UNASSESSABLE,false,false,true,UNASSESSABLE,-0.093,-0.03,20.0,false,true,false,0.1636,0.35,a long side of the baton could not be traced; often because a hand or a shadow is next to it,NaN,46.2,6.05,0,true,CLEAR,0.025,-1.12,21.9,true,,9,DATE_AT_3,false
6d39d1dae1f0c6c11f8dc0a512ada1440cc032ef956b5ce45eebf132694b5e9e,gen,gen_wex_vmbUDwy,,,false,false,UNASSESSABLE,NaN,UNASSESSABLE,false,NaN,NaN,NaN,NaN,UNASSESSABLE,false,false,false,UNASSESSABLE,NaN,NaN,NaN,false,false,false,NaN,NaN,,NaN,NaN,NaN,NaN,false,UNASSESSABLE,NaN,NaN,NaN,false,,9,DATE_AT_3,false
6d7ca023f8ec122284834a971e0cabe6c4fbc2a569f2b643cbae1454f0ed71e3,rep,rep_cf_6zSSQ1d,,,false,false,CORRECTABLE,NaN,UNASSESSABLE,false,NaN,NaN,NaN,NaN,UNASSESSABLE,false,false,false,UNASSESSABLE,NaN,NaN,NaN,false,false,false,NaN,NaN,,NaN,NaN,NaN,NaN,false,UNASSESSABLE,NaN,NaN,NaN,false,,9,UNKNOWN,true
6e1687831a266fe901cd64e054c2df3519f9c2e7f096d457b692bf45d048c1a1,gen,gen_126711CHNR_phillips_159236,,,true,true,GOOD,0.1029,CLEAR,false,93.4,0.53,0.186,0.138,CLEAR,false,false,true,CLEAR,-0.050,0.39,42.6,true,true,true,0.0014,0.07,,0.72,46.5,5.85,0,true,UNASSESSABLE,-0.056,-0.74,43.0,false,the baton's two long edges fitted 4.2? apart instead of parallel; usually because a hand or a shadow is next to it,9,DATE_AT_3,false
6ed1308136029b77cb16cfc387f98425d9d94f0e083a55a9b14b2afe360b8b18,gen,wos_cpo_408101817490_126711CHNR,,,true,true,CORRECTABLE,0.1045,CLEAR,false,66.2,-0.88,0.175,0.155,UNASSESSABLE,false,false,true,CLEAR,0.000,0.19,30.6,true,true,true,0.0050,0.68,,0.08,67.9,6.05,0,true,CLEAR,0.000,-0.24,30.3,true,,9,DATE_AT_3,false
6f1b724725cc78f03e6a4feef19fe07e2682992de180d60d860af0956e0ba804,rep,rep_vsf_gpZWOfy,,,false,false,CORRECTABLE,3.1020,UNASSESSABLE,false,NaN,15.73,3.214,3.428,UNASSESSABLE,true,false,false,UNASSESSABLE,NaN,NaN,NaN,false,false,false,NaN,NaN,,NaN,NaN,NaN,NaN,false,UNASSESSABLE,NaN,NaN,NaN,false,,9,UNKNOWN,true
720af5acb6395fc9f3b24090024cc65369e6098c0ae9b9355492f1e70f9f98c9,rep,rep_cplus_wEYZOyK,,,false,false,UNASSESSABLE,NaN,UNASSESSABLE,false,NaN,NaN,NaN,NaN,UNASSESSABLE,false,false,false,UNASSESSABLE,NaN,NaN,NaN,false,false,false,NaN,NaN,,NaN,NaN,NaN,NaN,false,UNASSESSABLE,NaN,NaN,NaN,false,,9,DATE_AT_3,false
723cfabc9f8d4655e38f7f151a834268d0dc2eb0ffbe7aa0b6cc6b3431323af4,rep,rep_arf_m304y61,,,true,true,CORRECTABLE,0.1194,CLEAR,false,60.4,-0.53,0.158,0.136,CLEAR,false,false,true,UNASSESSABLE,-0.069,-0.23,24.0,false,true,true,0.0033,0.29,the baton's two long edges fitted 7.9? apart instead of parallel; usually because a hand or a shadow is next to it,7.94,56.3,5.95,0,true,UNASSESSABLE,-0.046,-0.23,28.6,true,,9,DATE_AT_3,false
734ed2e51fcdbe6d4ba2b92115d2a46684921df655689088c062234c3f5b0ed6,gen,bw_180863,,,true,true,GOOD,0.1352,CLEAR,false,81.7,0.16,0.182,0.179,CLEAR,false,false,true,CLEAR,0.003,0.61,39.4,true,true,true,0.0012,0.05,,0.15,97.5,6.05,0,true,CLEAR,-0.027,0.20,37.8,true,,9,DATE_AT_3,false
735db8a8fc5238cf4a843abb90469801b69ca1ef2c3265924d4e0f1e99100878,gen,bw_183365,,,true,true,CORRECTABLE,0.1312,CLEAR,false,81.9,0.19,0.169,0.182,CLEAR,false,false,true,CLEAR,0.010,-0.36,39.8,true,true,true,0.0006,0.12,,0.01,80.3,6.05,0,true,CLEAR,0.040,-0.24,38.1,true,,3,DATE_AT_9,false
737681a1b1a78b3e71fd222deec3707e794dd76b731b9b0ab7f2b87762598371,rep,rep_cf_QsJT2wk,,,false,false,CORRECTABLE,NaN,UNASSESSABLE,false,NaN,NaN,NaN,NaN,UNASSESSABLE,false,false,false,UNASSESSABLE,NaN,NaN,NaN,false,false,false,NaN,NaN,,NaN,NaN,NaN,NaN,false,UNASSESSABLE,NaN,NaN,NaN,false,,9,UNKNOWN,true
73f90b6ecb9159a76dad0ef8888d08e33d6671ebc4ccadcc770bbcb94d114ed9,gen,bw_182028,,,true,true,CORRECTABLE,0.1145,UNASSESSABLE,false,82.6,-0.26,0.168,0.165,UNASSESSABLE,false,false,true,CLEAR,-0.013,0.30,39.6,true,true,false,0.0120,0.37,,0.01,71.3,6.05,0,true,CLEAR,0.059,-0.33,36.7,true,,3,DATE_AT_9,false
74fa424816e4bffa6842e853c153c88316bdbe5d3909ea9e1e389a2e02c6dbe2,rep,rep_vsf_HCz9EAj,,,false,false,UNASSESSABLE,NaN,UNASSESSABLE,false,NaN,NaN,NaN,NaN,UNASSESSABLE,false,false,false,UNASSESSABLE,NaN,NaN,NaN,false,false,false,NaN,NaN,,NaN,NaN,NaN,NaN,false,UNASSESSABLE,NaN,NaN,NaN,false,,9,UNKNOWN,true
7534fa3a6fe6eafeceaf2c84ea230407a97f4a95758dba6862c96c4c1f0fdb00,rep,rep_cf_ZVxf97o,,,false,false,UNASSESSABLE,NaN,UNASSESSABLE,false,NaN,NaN,NaN,NaN,UNASSESSABLE,false,false,false,UNASSESSABLE,NaN,NaN,NaN,false,false,false,NaN,NaN,,NaN,NaN,NaN,NaN,false,UNASSESSABLE,NaN,NaN,NaN,false,,9,DATE_AT_3,false
75d9a777a9c9d7bfb774581678bc1364d1f8fd43f4b29e75f720baf8d283b342,rep,rep_vsf_f980504_SHiztEn,,,false,false,UNASSESSABLE,NaN,UNASSESSABLE,false,NaN,NaN,NaN,NaN,UNASSESSABLE,false,false,false,UNASSESSABLE,NaN,NaN,NaN,false,false,false,NaN,NaN,,NaN,NaN,NaN,NaN,false,UNASSESSABLE,NaN,NaN,NaN,false,,9,DATE_AT_3,false
776087072aea869de53cb3a491e2dca84365048b6e677f589e319beabf5ffc98,rep,rep_vsf_HCz9EAj,,,false,false,RETAKE,NaN,UNASSESSABLE,false,NaN,NaN,NaN,NaN,UNASSESSABLE,false,false,false,UNASSESSABLE,NaN,NaN,NaN,false,false,false,NaN,NaN,,NaN,NaN,NaN,NaN,false,UNASSESSABLE,NaN,NaN,NaN,false,,9,UNKNOWN,true
77933f14288ed72129c761d7b0318d273668f542385503ef287c2fc5e8593819,gen,gen_wex_3KSuGhC,,,false,false,CORRECTABLE,NaN,UNASSESSABLE,false,NaN,NaN,NaN,NaN,UNASSESSABLE,false,false,false,UNASSESSABLE,NaN,NaN,NaN,false,false,false,NaN,NaN,,NaN,NaN,NaN,NaN,false,UNASSESSABLE,NaN,NaN,NaN,false,,9,UNKNOWN,true
78287b3680538292a3585813f454339ebae222ecf32eb060ba8400e502974d1d,gen,gen_wex_3KSuGhC,,,false,false,CORRECTABLE,NaN,UNASSESSABLE,false,NaN,NaN,NaN,NaN,UNASSESSABLE,false,false,false,UNASSESSABLE,NaN,NaN,NaN,false,false,false,NaN,NaN,,NaN,NaN,NaN,NaN,false,UNASSESSABLE,NaN,NaN,NaN,false,,9,UNKNOWN,true
7a60018026aa3def6a1c6b4ebb49db1733901605c73e0455e60bf1e6bfee3778,gen,gen_wex_vmbUDwy,,,true,true,GOOD,0.0801,UNASSESSABLE,true,68.2,0.76,0.146,0.145,UNASSESSABLE,false,false,false,UNASSESSABLE,NaN,NaN,NaN,false,true,true,0.0042,0.74,,NaN,NaN,NaN,NaN,true,CLEAR,-0.027,-0.52,31.0,true,,9,DATE_AT_3,false
7a918ff65b6ebb80a43fa7e3726d331c41d256b057fefe01bf35632557d9a666,gen,wos_cpo_40410003,,,true,true,GOOD,0.1055,CLEAR,false,66.0,-1.17,0.190,0.142,CHECK,false,false,true,UNASSESSABLE,-0.025,1.03,29.1,false,true,true,0.0011,0.50,the baton's two long edges fitted 4.6? apart instead of parallel; usually because a hand or a shadow is next to it,4.62,39.7,6.05,0,true,CLEAR,0.039,-0.36,30.3,true,,9,DATE_AT_3,false
7b2d8e83ce6ce147318015ead27df89a02ebc46260592c0e0768a98429826619,gen,wos_cpo_40411271,,,true,true,CORRECTABLE,0.0843,CLEAR,false,66.5,-0.76,0.159,0.144,CLEAR,false,false,true,UNASSESSABLE,0.030,2.25,30.2,true,true,true,0.0031,0.01,,0.09,30.8,5.95,0,true,CLEAR,0.000,-1.05,30.5,true,,9,DATE_AT_3,false
7b9182c52aa513d4220ab74fb541513812e92a6cebc7639f5362dd4b801df0c0,rep,rep_arf_m304y61,,,false,false,RETAKE,3.8077,UNASSESSABLE,false,NaN,-23.65,4.660,3.438,UNASSESSABLE,true,false,false,UNASSESSABLE,NaN,NaN,NaN,false,false,false,NaN,NaN,,NaN,NaN,NaN,NaN,false,UNASSESSABLE,NaN,NaN,NaN,false,,9,UNKNOWN,true
7bb1bf4a2cc6330e6e2b9246ca56625ae44e59291e6fb19943ced9ad6086a4d4,rep,rep_vsf_KfRKFwA,,,false,false,GOOD,NaN,UNASSESSABLE,false,NaN,NaN,NaN,NaN,UNASSESSABLE,false,false,false,UNASSESSABLE,NaN,NaN,NaN,false,false,false,NaN,NaN,,NaN,NaN,NaN,NaN,false,UNASSESSABLE,NaN,NaN,NaN,false,,9,UNKNOWN,true
7cdff3b733b1d9175dd94a7f78b6220f06b43007762e0e00e55e4277166bbea9,rep,rep_cplus_wEYZOyK,,,false,false,UNASSESSABLE,NaN,UNASSESSABLE,false,NaN,NaN,NaN,NaN,UNASSESSABLE,false,false,false,UNASSESSABLE,NaN,NaN,NaN,false,false,false,NaN,NaN,,NaN,NaN,NaN,NaN,false,UNASSESSABLE,NaN,NaN,NaN,false,,9,UNKNOWN,true
7d36f9b4449343353aa0b7a255fb8be1f256827c9ccf1fde26075b0988b80575,gen,wos_cpo_406107925490_126710BLRO,,,true,true,CORRECTABLE,0.0970,CLEAR,false,66.3,-0.40,0.165,0.158,CLEAR,false,false,true,UNASSESSABLE,-0.000,0.40,29.6,true,true,true,0.0048,1.11,,0.72,60.8,5.95,0,true,UNASSESSABLE,-0.013,0.22,30.8,true,,9,UNKNOWN,false
7ee5185ad937f6abb4e1725da4d448d019ccf607f4c3e89c305459dec414de1e,gen,wos_cpo_406108072490,,,true,true,GOOD,0.0915,CLEAR,false,65.9,-0.29,0.158,0.150,CLEAR,false,false,true,UNASSESSABLE,0.014,0.97,29.3,true,true,true,0.0026,0.76,,0.72,50.9,5.95,0,true,CLEAR,-0.000,0.14,30.6,true,,9,DATE_AT_3,false
7ef9bcab511feaaecb897a5d8811423b0122022e61f85d0389ce83ba2785def0,gen,gen_126710BLNR_phillips_159233,,,true,false,CORRECTABLE,0.1476,UNASSESSABLE,false,79.1,0.39,0.216,0.149,UNASSESSABLE,false,false,true,CLEAR,-0.082,-0.51,35.7,true,true,true,0.1171,15.31,,0.02,51.4,5.75,0,true,UNASSESSABLE,-0.002,-0.69,38.9,true,,9,UNKNOWN,false
7f624fe89edd638bf14496aebc975d44b732ae81f77e02f3785aa38100cb305e,rep,rep_cf_6I00d8w,,,true,true,CORRECTABLE,0.1376,UNASSESSABLE,false,42.4,-1.52,0.212,0.134,UNASSESSABLE,false,false,true,UNASSESSABLE,-0.504,-29.28,15.6,false,true,true,0.0788,1.48,a long side of the baton could not be traced; often because a hand or a shadow is next to it,NaN,51.9,6.55,0,true,CLEAR,0.012,-0.45,21.9,true,,9,DATE_AT_3,false
7fde822bc75198f9588da744bb64ebdfab978a0597b0624c0acc5f93f75dff5e,gen,bw_182860,,,true,true,CORRECTABLE,0.1412,CLEAR,false,82.0,-0.32,0.193,0.178,CLEAR,false,false,true,CLEAR,-0.016,-0.68,39.8,true,true,true,0.0007,0.05,,0.13,70.0,6.05,0,false,UNASSESSABLE,NaN,NaN,NaN,false,,9,UNKNOWN,false
802bcbe98fadcf777a7922d7418a02ab356692c42ddef023e4c2860d00e9b715,rep,rep_vsf_f980504_SHiztEn,,,false,false,UNASSESSABLE,1.1329,UNASSESSABLE,false,NaN,-20.88,1.093,1.297,UNASSESSABLE,false,false,false,UNASSESSABLE,NaN,NaN,NaN,false,true,false,Infinity,Infinity,,NaN,NaN,NaN,NaN,false,UNASSESSABLE,NaN,NaN,NaN,false,,9,UNKNOWN,true
80547256d4f4a16e8766220cbae4b2b0052b5689bb0f83a8b57e4f639fc598a3,rep,rep_cf_sx6zSKZ,,,false,false,GOOD,NaN,UNASSESSABLE,false,NaN,NaN,NaN,NaN,UNASSESSABLE,false,false,false,UNASSESSABLE,NaN,NaN,NaN,false,false,false,NaN,NaN,,NaN,NaN,NaN,NaN,false,UNASSESSABLE,NaN,NaN,NaN,false,,9,UNKNOWN,true
81d3e1cb9624725962e08247144722f96811f83aacde49ffde95746340be6d7c,gen,wos_cpo_406107958490_126711CHNR,,,true,true,GOOD,0.0956,CLEAR,false,66.4,-1.11,0.174,0.147,CHECK,false,false,true,UNASSESSABLE,-0.011,0.13,29.7,true,true,true,0.0039,0.06,,0.98,56.3,6.05,0,true,UNASSESSABLE,-0.000,0.16,31.1,true,,9,DATE_AT_3,false
827aed89c8c7671cd06bcd15b5b5795a1a4f53d92808d3f753adedaf76690683,rep,rep_cf_sx6zSKZ,,,false,false,RETAKE,NaN,UNASSESSABLE,false,NaN,NaN,NaN,NaN,UNASSESSABLE,false,false,false,UNASSESSABLE,NaN,NaN,NaN,false,false,false,NaN,NaN,,NaN,NaN,NaN,NaN,false,UNASSESSABLE,NaN,NaN,NaN,false,,9,UNKNOWN,true
82e1c26332f4b0f4de3284c2bd0fcc0170a5ff84112a8548c2b4dad1e8c5e178,gen,bw_191799,,,true,true,GOOD,0.0858,CLEAR,false,84.9,-0.48,0.166,0.143,CLEAR,false,false,true,CLEAR,-0.000,0.04,39.0,true,true,true,0.0531,0.08,,0.26,81.4,6.05,0,true,CLEAR,-0.013,-0.02,38.3,true,,9,DATE_AT_3,false
83dc4e801bec7cec09f9a2db5ddf193308f9d6865a51415b68ac4fa45b1160a8,gen,wos_cpo_408102323490,,,true,true,CORRECTABLE,0.0904,CLEAR,false,67.0,-0.61,0.172,0.145,CLEAR,false,false,true,CLEAR,0.018,0.15,31.3,true,true,true,0.0014,0.74,,0.48,57.5,5.95,0,true,UNASSESSABLE,0.021,-0.69,30.7,true,,9,UNKNOWN,false
863f4eb40fcee5e6d46fe56c26b62416f7f9c549a337f9d5cb1df04a6f170950,gen,gen_126710GRNR_phillips_perpetual_bruce_wayne_2024,,,true,true,GOOD,0.0997,CLEAR,false,93.9,2.19,0.169,0.161,UNASSESSABLE,false,false,true,CLEAR,-0.026,0.42,43.4,true,true,true,0.0039,0.94,,0.17,81.4,5.95,0,true,UNASSESSABLE,-0.000,-0.30,42.6,true,,9,DATE_AT_3,false
876b08c1e97c5ea1c3d9f7270656638f42bc5917508054b7e4d4451cb698654f,rep,rep_vsf_BXiTXD1,,,false,false,RETAKE,NaN,UNASSESSABLE,false,NaN,NaN,NaN,NaN,UNASSESSABLE,false,false,false,UNASSESSABLE,NaN,NaN,NaN,false,false,false,NaN,NaN,,NaN,NaN,NaN,NaN,false,UNASSESSABLE,NaN,NaN,NaN,false,,9,UNKNOWN,false
87a8ff443ee4f5a3e3e1077a4b7161b7ce5a65478bb1d2317585d2be8554e3e3,rep,rep_cf_sx6zSKZ,,,false,false,CORRECTABLE,NaN,UNASSESSABLE,false,NaN,NaN,NaN,NaN,UNASSESSABLE,false,false,false,UNASSESSABLE,NaN,NaN,NaN,false,false,false,NaN,NaN,,NaN,NaN,NaN,NaN,false,UNASSESSABLE,NaN,NaN,NaN,false,,9,UNKNOWN,true
882ecb8849dd3f02888f467030eb9388c4d57e3ab79667dffbbfb00c583c6382,gen,rolex_official_126713GRNR_0001_126713GRNR,,,true,true,CORRECTABLE,0.0955,CLEAR,false,45.4,0.22,0.151,0.161,UNASSESSABLE,false,false,false,UNASSESSABLE,NaN,NaN,NaN,false,true,true,0.0025,0.94,,NaN,NaN,NaN,NaN,true,CLEAR,0.000,-0.17,27.6,true,,9,DATE_AT_3,false
8a2ef441aaffdcfdaf045dfa05fcadfe9d3f5a9099039fc503d1badd4472ea4c,rep,rep_cf_ZVxf97o,,,false,false,UNASSESSABLE,NaN,UNASSESSABLE,false,NaN,NaN,NaN,NaN,UNASSESSABLE,false,false,false,UNASSESSABLE,NaN,NaN,NaN,false,false,false,NaN,NaN,,NaN,NaN,NaN,NaN,false,UNASSESSABLE,NaN,NaN,NaN,false,,9,DATE_AT_3,false
8a4273f56acf188b855f5c2709663a8327defd73873eb261b62745957910a75e,rep,rep_vsf_oVwWMrC,,,false,false,UNASSESSABLE,NaN,UNASSESSABLE,false,NaN,NaN,NaN,NaN,UNASSESSABLE,false,false,false,UNASSESSABLE,NaN,NaN,NaN,false,false,false,NaN,NaN,,NaN,NaN,NaN,NaN,false,UNASSESSABLE,NaN,NaN,NaN,false,,9,DATE_AT_3,false
8b17ef3c627f30a7410af29ad705abfa00d9dbd34179dbde316b2cbb35fb0ba3,gen,gen_wex_8Rg3vqJ,,,false,false,CORRECTABLE,1.0599,UNASSESSABLE,false,NaN,10.23,1.527,1.042,UNASSESSABLE,true,false,false,UNASSESSABLE,NaN,NaN,NaN,false,true,false,Infinity,Infinity,,NaN,NaN,NaN,NaN,false,UNASSESSABLE,NaN,NaN,NaN,false,,9,UNKNOWN,true
8b889a128dbce6b7992450e0cac04ba07c91f77fd7fb39eb04f3f123189789b4,gen,gen_wex_8Rg3vqJ,,,false,false,CORRECTABLE,NaN,UNASSESSABLE,false,NaN,NaN,NaN,NaN,UNASSESSABLE,false,false,false,UNASSESSABLE,NaN,NaN,NaN,false,false,false,NaN,NaN,,NaN,NaN,NaN,NaN,false,UNASSESSABLE,NaN,NaN,NaN,false,,9,UNKNOWN,true
8c1423e84d143ef1cc2b9c3a64f2c5a2b1da5a4e654e7e3b2d3d2ff3696f0bc8,rep,rep_arf_m304y61,,,false,false,UNASSESSABLE,NaN,UNASSESSABLE,false,NaN,NaN,NaN,NaN,UNASSESSABLE,false,false,false,UNASSESSABLE,NaN,NaN,NaN,false,false,false,NaN,NaN,,NaN,NaN,NaN,NaN,false,UNASSESSABLE,NaN,NaN,NaN,false,,9,DATE_AT_3,false
8db44c3cd73befa146501ba9f3179078875e1132260576b772cc06bd7e10eff0,rep,rep_cf_QsJT2wk,,,false,false,CORRECTABLE,0.1131,UNASSESSABLE,false,NaN,1.42,0.130,0.195,UNASSESSABLE,false,false,true,UNASSESSABLE,-0.012,-0.06,56.0,false,false,false,NaN,NaN,the baton's two long edges fitted 3.2? apart instead of parallel; usually because a hand or a shadow is next to it,3.21,89.5,5.95,0,true,UNASSESSABLE,-0.066,1.86,52.9,false,the 12 marker was not found; so the dial orientation is unknown,9,UNKNOWN,false
8eb7af5d4e04cb5d8bd1bb44d1e3024e21869a65b95338d3c3f94b324845d85d,gen,bw_191309,,,true,true,CORRECTABLE,0.1117,CLEAR,false,83.0,0.15,0.170,0.166,CLEAR,false,false,true,UNASSESSABLE,-0.000,-2.57,39.0,true,true,true,0.0244,0.03,,0.23,85.9,6.05,0,true,CLEAR,-0.030,-0.57,37.8,true,,9,DATE_AT_3,false
8ee4d0f958c8f5ae0af5d8eb271e3791341e6f7df5e2da282ea2a5c404eb0402,gen,wos_cpo_406107957490,,,true,true,CORRECTABLE,0.1015,CLEAR,false,65.9,0.20,0.164,0.161,CLEAR,false,false,true,CLEAR,-0.013,0.00,30.5,true,true,true,0.0044,0.77,,0.76,52.0,6.05,0,true,CLEAR,0.000,-0.04,30.9,true,,9,DATE_AT_3,false
8ef3c9f64c7f415187593bf61168c4850dcaaffb476cb5be699d764611f8c055,gen,gen_wex_e99gXKb,,,false,false,GOOD,NaN,UNASSESSABLE,false,NaN,NaN,NaN,NaN,UNASSESSABLE,false,false,false,UNASSESSABLE,NaN,NaN,NaN,false,false,false,NaN,NaN,,NaN,NaN,NaN,NaN,false,UNASSESSABLE,NaN,NaN,NaN,false,,9,UNKNOWN,true
8f776514259d24c4aa9e97f0dc87d8b9ea747d2347fb3016637446c86ce0184f,rep,rep_vsf_KfRKFwA,,,false,false,UNASSESSABLE,NaN,UNASSESSABLE,false,NaN,NaN,NaN,NaN,UNASSESSABLE,false,false,false,UNASSESSABLE,NaN,NaN,NaN,false,false,false,NaN,NaN,,NaN,NaN,NaN,NaN,false,UNASSESSABLE,NaN,NaN,NaN,false,,9,DATE_AT_3,false
903da7e6c77d92cd14b301b1e07f9489803add52873a1098e8e31504f0e97aad,rep,rep_vsf_gpZWOfy,,,false,false,UNASSESSABLE,4.0462,UNASSESSABLE,false,NaN,-55.86,5.388,3.877,UNASSESSABLE,true,false,false,UNASSESSABLE,NaN,NaN,NaN,false,false,false,NaN,NaN,,NaN,NaN,NaN,NaN,false,UNASSESSABLE,NaN,NaN,NaN,false,,9,UNKNOWN,true
949849d5edd6c0b0b495d0659e0a1edaa28556347b1ee9588bc6fd98674d663a,rep,rep_cf_6zSSQ1d,,,false,false,UNASSESSABLE,NaN,UNASSESSABLE,false,NaN,NaN,NaN,NaN,UNASSESSABLE,false,false,false,UNASSESSABLE,NaN,NaN,NaN,false,false,false,NaN,NaN,,NaN,NaN,NaN,NaN,false,UNASSESSABLE,NaN,NaN,NaN,false,,9,UNKNOWN,true
982b17c4f1fd430b21155923814508954e28728e2261ddd87d12444082da72c5,rep,rep_cf_xK08a3L,,,true,true,GOOD,0.0699,UNASSESSABLE,true,51.4,-0.39,0.134,0.147,CLEAR,false,false,true,CLEAR,-0.014,-0.38,23.1,true,true,true,0.0025,0.65,,0.74,30.1,5.95,0,true,CLEAR,-0.059,0.68,22.1,true,,9,DATE_AT_3,false
996ce3cfa166563e24cd4f066f3961e81546b55d9eddcc8c7afddd8306be7265,rep,rep_vsf_p3hHVMB,,,true,true,GOOD,0.0911,CLEAR,false,59.4,1.00,0.166,0.144,UNASSESSABLE,false,false,true,CLEAR,-0.056,-0.26,26.2,true,true,true,0.0025,1.12,,0.89,22.4,5.95,0,true,CLEAR,-0.004,-0.05,26.6,true,,9,DATE_AT_3,false
99a236886b79de329cda63e93881026d26a490493a1819f60bee5530f3ee6d54,rep,rep_vsf_7s6PyXJ,,,false,false,RETAKE,NaN,UNASSESSABLE,false,NaN,NaN,NaN,NaN,UNASSESSABLE,false,false,false,UNASSESSABLE,NaN,NaN,NaN,false,false,false,NaN,NaN,,NaN,NaN,NaN,NaN,false,UNASSESSABLE,NaN,NaN,NaN,false,,9,UNKNOWN,true
99f7b9178d2541dd8e2e5d46b6f142acc109e56c5bd1559c8531326560e74e39,rep,rep_vsf_p3hHVMB,,,false,false,CORRECTABLE,0.2352,UNASSESSABLE,false,NaN,20.02,0.532,0.066,UNASSESSABLE,true,false,false,UNASSESSABLE,NaN,NaN,NaN,false,true,true,0.0246,6.70,,NaN,NaN,NaN,NaN,false,UNASSESSABLE,NaN,NaN,NaN,false,,9,UNKNOWN,true
9a058e93c94a5a55d64fbb5690d048e788e3c7490c09384948daaa2807556871,gen,gen_126710BLNR_phillips_211174,,,false,false,CORRECTABLE,0.0389,UNASSESSABLE,false,NaN,21.08,0.499,0.509,UNASSESSABLE,true,false,false,UNASSESSABLE,NaN,NaN,NaN,false,true,true,1.4496,75.25,,NaN,NaN,NaN,NaN,false,UNASSESSABLE,NaN,NaN,NaN,false,,9,UNKNOWN,true
9a611280c50f89d400e79a524785102e1931fb2110fbd72f30d1f413441bb98e,rep,rep_vsf_7s6PyXJ,,,false,false,UNASSESSABLE,NaN,UNASSESSABLE,false,NaN,NaN,NaN,NaN,UNASSESSABLE,false,false,false,UNASSESSABLE,NaN,NaN,NaN,false,false,false,NaN,NaN,,NaN,NaN,NaN,NaN,false,UNASSESSABLE,NaN,NaN,NaN,false,,9,UNKNOWN,true
9b53f5ee3af70cca1e8e8118d6f020aa724246f6d96a74e4d3df4a4b1b6f69ee,gen,gen_126720VTNR_phillips_CH080223_1,,,true,false,CORRECTABLE,0.1623,UNASSESSABLE,false,67.1,-2.64,0.159,0.228,UNASSESSABLE,false,false,true,UNASSESSABLE,0.013,1.23,33.0,false,true,true,0.0139,1.79,the baton's two long edges fitted 4.2? apart instead of parallel; usually because a hand or a shadow is next to it,4.25,53.7,5.65,0,false,UNASSESSABLE,NaN,NaN,NaN,false,,9,UNKNOWN,false
9b9e2f8777b59208ca9a51dc01abd60145a1afce7bd7510b3728e85f96cc02a4,rep,rep_cplus_wEYZOyK,,,true,false,CORRECTABLE,0.5690,UNASSESSABLE,false,21.0,16.42,0.644,0.749,UNASSESSABLE,true,false,false,UNASSESSABLE,NaN,NaN,NaN,false,true,false,Infinity,Infinity,,NaN,NaN,NaN,NaN,false,UNASSESSABLE,NaN,NaN,NaN,false,,9,UNKNOWN,false
9df18ebd44324c6b068e9710aff4378c548bc53fde63e8f1b496678fcd91c97a,rep,rep_vsf_f980504_SHiztEn,,,true,true,CORRECTABLE,0.0617,UNASSESSABLE,true,63.0,0.46,0.132,0.156,CLEAR,false,false,true,CLEAR,-0.014,-0.26,28.4,true,true,true,0.0073,0.92,,0.92,65.9,5.95,0,true,CLEAR,-0.014,0.51,26.8,true,,9,DATE_AT_3,false
9e8bd2cfec3b77820d0973f0355b032692c6dff9b35b70298edfce129dd0a30a,rep,rep_arf_m304y61,,,false,false,RETAKE,NaN,UNASSESSABLE,false,NaN,NaN,NaN,NaN,UNASSESSABLE,false,false,false,UNASSESSABLE,NaN,NaN,NaN,false,false,false,NaN,NaN,,NaN,NaN,NaN,NaN,false,UNASSESSABLE,NaN,NaN,NaN,false,,9,UNKNOWN,true
9ef96be1f6494b4e6f0fe4bbc549e908edbbc1afc97917a417b349b342f0de18,rep,rep_vsf_GKJDidL,,,false,false,UNASSESSABLE,NaN,UNASSESSABLE,false,NaN,NaN,NaN,NaN,UNASSESSABLE,false,false,false,UNASSESSABLE,NaN,NaN,NaN,false,false,false,NaN,NaN,,NaN,NaN,NaN,NaN,false,UNASSESSABLE,NaN,NaN,NaN,false,,9,DATE_AT_3,false
9f0db134a4270fd6324e5a68ae64da23471350757b285e88669f5a6e8b339f51,rep,rep_vsf_KfRKFwA,,,true,true,CORRECTABLE,0.1254,CLEAR,false,50.5,-0.19,0.185,0.141,CLEAR,false,false,true,UNASSESSABLE,-0.045,-0.37,23.8,true,true,true,0.0079,0.09,,0.45,75.8,5.95,0,true,UNASSESSABLE,-0.051,0.93,19.2,true,,9,UNKNOWN,false
9f8113d069c330cf92f0445d635b45774f7ac33556a34cf9996d7a80a4b114fd,rep,rep_arf_m304y61,,,false,false,CORRECTABLE,NaN,UNASSESSABLE,false,NaN,NaN,NaN,NaN,UNASSESSABLE,false,false,false,UNASSESSABLE,NaN,NaN,NaN,false,false,false,NaN,NaN,,NaN,NaN,NaN,NaN,false,UNASSESSABLE,NaN,NaN,NaN,false,,9,UNKNOWN,true
a0063d6dee1e8e1c0f0b0066fa949e80c4be1e39ad77f7b2bb07059719829163,rep,rep_cf_xK08a3L,,,true,true,CORRECTABLE,0.0648,UNASSESSABLE,true,64.6,-0.10,0.144,0.148,CLEAR,false,false,true,CLEAR,-0.011,0.29,29.6,true,true,true,0.0026,0.68,,0.18,54.1,5.85,0,true,CLEAR,-0.058,0.55,28.1,true,,9,DATE_AT_3,false
a0a845e09505956a5d12824d11cc71b15ca26bc5a2cf08d9504886cecf5af79f,rep,rep_cf_6I00d8w,,,true,false,CORRECTABLE,0.2264,UNASSESSABLE,false,34.0,-1.37,0.230,0.228,UNASSESSABLE,true,false,true,UNASSESSABLE,0.041,-1.17,18.3,true,true,false,0.0876,1.75,,0.74,32.3,6.05,0,true,UNASSESSABLE,0.025,-0.74,22.0,true,,9,UNKNOWN,false
a29a3c6f122cdcddc302a2ef276ecd936279327e3c9640e883815965d5e0d0d7,rep,rep_vsf_GKJDidL,,,false,false,CORRECTABLE,0.9321,UNASSESSABLE,false,NaN,-3.73,1.156,0.738,UNASSESSABLE,false,false,false,UNASSESSABLE,NaN,NaN,NaN,false,false,false,NaN,NaN,,NaN,NaN,NaN,NaN,false,UNASSESSABLE,NaN,NaN,NaN,false,,9,UNKNOWN,true
a2d7c6547807edd207e8b9859fb9c07c18efedf3fee4b1157ae08eff819cbe20,rep,rep_cf_6zSSQ1d,,,false,false,UNASSESSABLE,NaN,UNASSESSABLE,false,NaN,NaN,NaN,NaN,UNASSESSABLE,false,false,false,UNASSESSABLE,NaN,NaN,NaN,false,false,false,NaN,NaN,,NaN,NaN,NaN,NaN,false,UNASSESSABLE,NaN,NaN,NaN,false,,9,UNKNOWN,true
a37fbfc113c7e2e4df0c505c81f8c4aab31e40f5cb261cd6825a46fad4f72f38,rep,rep_cf_ZVxf97o,,,false,false,CORRECTABLE,2.5771,UNASSESSABLE,false,NaN,-38.83,3.539,2.546,UNASSESSABLE,true,false,false,UNASSESSABLE,NaN,NaN,NaN,false,false,false,NaN,NaN,,NaN,NaN,NaN,NaN,false,UNASSESSABLE,NaN,NaN,NaN,false,,9,UNKNOWN,false
a40ee9484f89652761cc6aeb89809aa8be50803752b91e238b08a8c799c3effa,rep,rep_vsf_f980504_SHiztEn,,,false,false,UNASSESSABLE,NaN,UNASSESSABLE,false,NaN,NaN,NaN,NaN,UNASSESSABLE,false,false,false,UNASSESSABLE,NaN,NaN,NaN,false,false,false,NaN,NaN,,NaN,NaN,NaN,NaN,false,UNASSESSABLE,NaN,NaN,NaN,false,,9,DATE_AT_3,false
a48b091cd4694ce89a0aed7c67dd7570128e40016718e78ef332b0adab4b2f41,gen,gen_wex_vmbUDwy,,,false,false,CORRECTABLE,1.4963,UNASSESSABLE,false,NaN,22.82,1.575,1.976,UNASSESSABLE,true,false,false,UNASSESSABLE,NaN,NaN,NaN,false,true,true,0.0795,1.25,,NaN,NaN,NaN,NaN,false,UNASSESSABLE,NaN,NaN,NaN,false,,9,UNKNOWN,true
a4c01d245dcb34d1b1dfd00e438a094c7f580b0b306387412ab4c58a354ace1e,gen,bw_190342,,,true,true,GOOD,0.1301,CLEAR,false,82.1,-0.04,0.177,0.172,CLEAR,false,false,true,CLEAR,-0.003,-0.70,39.7,true,true,true,0.0011,0.07,,0.20,41.4,6.05,0,true,CLEAR,0.057,0.06,38.0,true,,3,DATE_AT_9,false
a4cb603c78643d71749bb3273a5768e6800372cb82393c9e0864948627fc156f,gen,wos_cpo_408102363490_126710BLRO,,,true,true,GOOD,0.0979,CLEAR,false,66.5,-0.96,0.170,0.155,CLEAR,false,false,true,CLEAR,0.000,-0.74,29.7,true,true,true,0.0083,0.54,,1.28,51.1,6.05,0,true,CLEAR,-0.013,-0.09,30.6,true,,9,DATE_AT_3,false
a5e421ece40562022e64b182e0906565f97fd770bf19ffbbef9ade7ee33b96a4,gen,bw_181134,,,true,true,CORRECTABLE,0.1383,CLEAR,false,82.0,0.82,0.170,0.190,CLEAR,false,false,true,CLEAR,-0.010,0.75,39.4,true,true,true,0.0032,0.58,,0.10,63.5,6.05,0,true,CLEAR,-0.016,-0.76,38.0,true,,9,DATE_AT_3,false
a6c2829ce9d43f22b6c05eb49f1419be67c257d7a28e480accbdde00630e4390,rep,rep_cf_xK08a3L,,,false,false,UNASSESSABLE,NaN,UNASSESSABLE,false,NaN,NaN,NaN,NaN,UNASSESSABLE,false,false,false,UNASSESSABLE,NaN,NaN,NaN,false,false,false,NaN,NaN,,NaN,NaN,NaN,NaN,false,UNASSESSABLE,NaN,NaN,NaN,false,,9,UNKNOWN,true
a6efbb5790da0cf384c44b912852d09960d324684ef0442d2e4ed2cf8a6866aa,rep,rep_vsf_BXiTXD1,,,false,false,UNASSESSABLE,NaN,UNASSESSABLE,false,NaN,NaN,NaN,NaN,UNASSESSABLE,false,false,false,UNASSESSABLE,NaN,NaN,NaN,false,false,false,NaN,NaN,,NaN,NaN,NaN,NaN,false,UNASSESSABLE,NaN,NaN,NaN,false,,9,DATE_AT_3,false
a731f886be73614450eadadfb0a60a2405dc7a1455a4794830acd34a95b35b3a,rep,rep_vsf_BXiTXD1,,,false,false,UNASSESSABLE,0.0507,UNASSESSABLE,false,NaN,-5.74,0.212,0.221,UNASSESSABLE,false,false,false,UNASSESSABLE,NaN,NaN,NaN,false,true,true,0.1663,0.61,,NaN,NaN,NaN,NaN,false,UNASSESSABLE,NaN,NaN,NaN,false,,9,UNKNOWN,true
a73db3e5abd13010d03f2dad72017bfacd52390bb144f9411c033e0e70c09739,rep,rep_cf_6I00d8w,,,false,false,CORRECTABLE,NaN,UNASSESSABLE,false,NaN,NaN,NaN,NaN,UNASSESSABLE,false,false,false,UNASSESSABLE,NaN,NaN,NaN,false,false,false,NaN,NaN,,NaN,NaN,NaN,NaN,false,UNASSESSABLE,NaN,NaN,NaN,false,,9,UNKNOWN,false
a7e4ec15ab75b690a3beab1164bd356336c3a9090fe05f4f159a3e1c93d1608a,gen,gen_wex_3KSuGhC,,,true,true,GOOD,0.1022,CLEAR,false,74.9,0.21,0.161,0.159,CLEAR,false,false,true,UNASSESSABLE,-0.003,-0.59,33.8,true,true,true,0.0021,0.13,,0.28,53.4,6.05,0,true,UNASSESSABLE,0.016,0.38,33.7,true,,9,DATE_AT_3,false
a8da24bfe6c767a130017d33b58c2280d9a1e744fbfbf71138bfd3c218bbacea,gen,gen_126710BLRO_phillips_151263,,,true,true,RETAKE,0.1032,UNASSESSABLE,false,71.9,-0.51,0.177,0.135,UNASSESSABLE,false,false,true,UNASSESSABLE,-0.034,-0.03,33.2,true,true,true,0.0059,0.09,,0.10,90.9,5.85,0,true,UNASSESSABLE,-0.056,-0.44,31.2,true,,9,UNKNOWN,false
a9f7ce190dbf998c5d9f3b00b9481b9c735a21526ade6086837e828bc9505027,gen,gen_126710BLRO_phillips_172193,,,true,false,CORRECTABLE,0.4987,UNASSESSABLE,false,52.8,30.00,0.339,0.901,UNASSESSABLE,false,true,true,UNASSESSABLE,-0.255,-17.59,75.9,true,true,true,0.0106,1.27,,0.90,19.3,6.45,0,false,UNASSESSABLE,NaN,NaN,NaN,false,,9,UNKNOWN,false
aa5ec8062c8650a7ea05d24ed7a4f59741c675fe71ddf2215bc37c79b1ef5ba3,rep,rep_vsf_f980504_SHiztEn,,,false,false,UNASSESSABLE,NaN,UNASSESSABLE,false,NaN,NaN,NaN,NaN,UNASSESSABLE,false,false,false,UNASSESSABLE,NaN,NaN,NaN,false,false,false,NaN,NaN,,NaN,NaN,NaN,NaN,false,UNASSESSABLE,NaN,NaN,NaN,false,,9,DATE_AT_3,false
aa727797dc55b9fe7b071007af52d715a98f32e90cbef66a3efbafe3c072b0d9,rep,rep_cf_QsJT2wk,,,true,true,CORRECTABLE,0.0768,UNASSESSABLE,false,28.4,-22.05,0.143,0.267,UNASSESSABLE,true,false,true,UNASSESSABLE,-0.132,0.64,15.3,false,true,true,0.0105,1.22,the outer end of the baton could not be traced,NaN,52.4,6.05,0,true,UNASSESSABLE,-0.146,-0.73,14.1,false,the outer end of the baton could not be traced,9,DATE_AT_3,false
aad131352029e0acc78c4bb6659249b36cbd05c288c9f43084fb507da58d7ddc,rep,rep_vsf_sh7PSsh,,,false,false,CORRECTABLE,0.7023,UNASSESSABLE,false,NaN,56.34,0.687,0.765,UNASSESSABLE,false,true,false,UNASSESSABLE,NaN,NaN,NaN,false,true,true,0.0150,1.95,,NaN,NaN,NaN,NaN,false,UNASSESSABLE,NaN,NaN,NaN,false,,9,UNKNOWN,true
abd87856f874efbcdb107aaabe0cdeb2024dade581174131422f9a3fa9a3b4ba,rep,rep_cf_6zSSQ1d,,,false,false,UNASSESSABLE,NaN,UNASSESSABLE,false,NaN,NaN,NaN,NaN,UNASSESSABLE,false,false,false,UNASSESSABLE,NaN,NaN,NaN,false,false,false,NaN,NaN,,NaN,NaN,NaN,NaN,false,UNASSESSABLE,NaN,NaN,NaN,false,,9,DATE_AT_3,false
ac10a5307b1a53add859558211461753c159892ecbd0c240f905545252173817,rep,rep_vsf_7s6PyXJ,,,false,false,UNASSESSABLE,0.3265,UNASSESSABLE,false,NaN,-41.86,0.293,0.433,UNASSESSABLE,false,true,false,UNASSESSABLE,NaN,NaN,NaN,false,true,true,0.0409,3.99,,NaN,NaN,NaN,NaN,false,UNASSESSABLE,NaN,NaN,NaN,false,,9,UNKNOWN,true
adc8e2b59f1bf4a0a3557989c973c05db05ff5805cddc8ad1e9065ed7fc8ed04,gen,wos_cpo_40411280_126710BLNR,,,true,true,CORRECTABLE,0.0924,CLEAR,false,66.2,-0.19,0.157,0.156,UNASSESSABLE,false,false,true,UNASSESSABLE,-0.014,-0.09,30.0,true,true,true,0.0039,0.94,,0.41,48.8,5.95,0,true,UNASSESSABLE,-0.013,-0.39,30.6,true,,9,UNKNOWN,false
ade00fa6bf9c900f23c62af861ab9aa8a68e0a542bdeeee304d2d4212087a81a,rep,rep_vsf_GKJDidL,,,false,false,CORRECTABLE,NaN,UNASSESSABLE,false,NaN,NaN,NaN,NaN,UNASSESSABLE,false,false,false,UNASSESSABLE,NaN,NaN,NaN,false,false,false,NaN,NaN,,NaN,NaN,NaN,NaN,false,UNASSESSABLE,NaN,NaN,NaN,false,,9,UNKNOWN,true
ae55242af7d906f69d6614c438d3af95202a8f7a6403969eeb85a7721ed00463,rep,rep_vsf_BXiTXD1,,,false,false,CORRECTABLE,4.0887,UNASSESSABLE,false,NaN,-21.66,3.961,4.324,UNASSESSABLE,true,false,false,UNASSESSABLE,NaN,NaN,NaN,false,false,false,NaN,NaN,,NaN,NaN,NaN,NaN,false,UNASSESSABLE,NaN,NaN,NaN,false,,9,UNKNOWN,true
af5bb9f2a5724a660d8c12615dfaa10f682315e44b1e134951aa6d8547795e51,rep,rep_arf_8xahrjm,,,false,false,CORRECTABLE,2.8714,UNASSESSABLE,false,NaN,-13.54,2.796,3.183,UNASSESSABLE,true,false,false,UNASSESSABLE,NaN,NaN,NaN,false,false,false,NaN,NaN,,NaN,NaN,NaN,NaN,false,UNASSESSABLE,NaN,NaN,NaN,false,,9,UNKNOWN,true
b1da607e334c27f67c21d856078808e0fac57747329ebdcd9797852599e42502,rep,rep_cf_sx6zSKZ,,,false,false,UNASSESSABLE,1.6171,UNASSESSABLE,false,NaN,-14.03,1.734,1.507,UNASSESSABLE,false,false,false,UNASSESSABLE,NaN,NaN,NaN,false,false,false,NaN,NaN,,NaN,NaN,NaN,NaN,false,UNASSESSABLE,NaN,NaN,NaN,false,,9,UNKNOWN,true
b367599ed733b9cfb1c4bc59d68ef22d8b72ea061b278d517fa58adf4f9219ae,rep,rep_vsf_p3hHVMB,,,false,false,UNASSESSABLE,NaN,UNASSESSABLE,false,NaN,NaN,NaN,NaN,UNASSESSABLE,false,false,false,UNASSESSABLE,NaN,NaN,NaN,false,false,false,NaN,NaN,,NaN,NaN,NaN,NaN,false,UNASSESSABLE,NaN,NaN,NaN,false,,9,UNKNOWN,true
b3a8fcd96debd65ef2b7f11b34f8b7ac3c990e928eb68f8fc0631e952da7f8c0,rep,rep_vsf_HCz9EAj,,,false,false,UNASSESSABLE,NaN,UNASSESSABLE,false,NaN,NaN,NaN,NaN,UNASSESSABLE,false,false,false,UNASSESSABLE,NaN,NaN,NaN,false,false,false,NaN,NaN,,NaN,NaN,NaN,NaN,false,UNASSESSABLE,NaN,NaN,NaN,false,,9,UNKNOWN,true
b5c31e7ef66d5bfc1d68c3d9bc015164bfc06acca4089c8b7624685d167116af,gen,gen_wex_8Rg3vqJ,,,false,false,RETAKE,NaN,UNASSESSABLE,false,NaN,NaN,NaN,NaN,UNASSESSABLE,false,false,false,UNASSESSABLE,NaN,NaN,NaN,false,false,false,NaN,NaN,,NaN,NaN,NaN,NaN,true,UNASSESSABLE,-0.296,7.06,12.0,false,the baton's two long edges fitted 3.2? apart instead of parallel; usually because a hand or a shadow is next to it,9,UNKNOWN,true
b5c4d1053df9e5baa31ebaf1638aac8f51e6ca0473be9892137751a485fea18d,gen,bw_190706,,,true,true,GOOD,0.0844,CLEAR,false,84.8,-0.95,0.166,0.141,UNASSESSABLE,false,false,true,CLEAR,0.013,0.18,39.3,true,true,true,0.0584,0.52,,0.01,74.4,6.05,0,true,CLEAR,0.027,-0.30,38.4,true,,3,DATE_AT_9,false
b70696b05fbdbbe75572f908b715091930389ddb18eb41480c47eeca8ca2ef8b,gen,gen_wex_1TDYtpN,,,false,false,CORRECTABLE,0.8556,UNASSESSABLE,false,NaN,28.98,0.987,0.824,UNASSESSABLE,false,true,false,UNASSESSABLE,NaN,NaN,NaN,false,true,true,0.8028,49.50,,NaN,NaN,NaN,NaN,false,UNASSESSABLE,NaN,NaN,NaN,false,,9,UNKNOWN,true
b78620574ea52012ee8e89aa30c6a1554e0d755444b868d2f0294f1b2be05565,gen,wos_cpo_408102331490,,,true,true,CORRECTABLE,0.0972,CLEAR,false,66.9,-0.80,0.171,0.159,CLEAR,false,false,true,CLEAR,-0.000,0.16,30.1,true,true,true,0.0014,0.85,,0.42,38.7,5.95,0,true,CLEAR,0.013,-0.52,30.6,true,,9,DATE_AT_3,false
bbb9093b2dfea01e6d29643bc2b9f182b3c99fe4b57f606d2ff67d88be71eaf9,rep,rep_cf_UpTW8nx,,,false,false,CORRECTABLE,0.0621,UNASSESSABLE,false,NaN,-6.37,0.160,0.132,UNASSESSABLE,true,false,false,UNASSESSABLE,NaN,NaN,NaN,false,true,false,Infinity,Infinity,,NaN,NaN,NaN,NaN,false,UNASSESSABLE,NaN,NaN,NaN,false,,9,UNKNOWN,true
bf0d4e02196b2fba404aa632eb07199d6a5769a49998bc88f2ad0dd31c180666,rep,rep_cf_f71234_Sw2D1Bt,,,false,false,UNASSESSABLE,0.5962,UNASSESSABLE,false,NaN,4.82,0.603,0.776,UNASSESSABLE,false,true,false,UNASSESSABLE,NaN,NaN,NaN,false,true,true,0.0230,0.38,,NaN,NaN,NaN,NaN,false,UNASSESSABLE,NaN,NaN,NaN,false,,9,UNKNOWN,true
bf755a5aa337b6fb0a094bb4caab4b0a92422a22a03b335216e54730620f6504,rep,rep_vsf_GKJDidL,,,true,true,CORRECTABLE,0.1043,CLEAR,false,54.4,-0.01,0.156,0.126,CLEAR,false,false,true,CHECK,0.014,-2.20,27.2,true,true,true,0.0032,0.09,,0.08,40.4,5.75,0,true,CLEAR,0.060,-0.21,27.0,true,,9,DATE_AT_3,false
c0a578099e3317a9ac411c0d8710c82ba3ad229773233e51f2b6b701ba3a292a,gen,gen_wex_3KSuGhC,,,false,false,UNASSESSABLE,NaN,UNASSESSABLE,false,NaN,NaN,NaN,NaN,UNASSESSABLE,false,false,false,UNASSESSABLE,NaN,NaN,NaN,false,false,false,NaN,NaN,,NaN,NaN,NaN,NaN,false,UNASSESSABLE,NaN,NaN,NaN,false,,9,DATE_AT_3,false
c2da52a82cd2da1f944fe5bf26e667c4291c9ca65900f4a8c0de8c0a173d5b20,rep,rep_vsf_BXiTXD1,,,false,false,CORRECTABLE,0.2171,UNASSESSABLE,false,NaN,3.63,0.276,0.171,CHECK,false,false,true,UNASSESSABLE,0.045,-1.24,24.4,false,false,false,NaN,NaN,the 12 marker was not found; so the dial orientation is unknown,0.31,48.6,5.95,0,true,UNASSESSABLE,-0.076,0.64,25.2,false,the 12 marker was not found; so the dial orientation is unknown,9,UNKNOWN,false
c39d10d565f89f6b21c7f276e01b1d73047270c47b8b8c1ed892ef4f105a17be,rep,rep_cf_6zSSQ1d,,,false,false,CORRECTABLE,1.0914,UNASSESSABLE,false,NaN,10.39,1.960,1.397,UNASSESSABLE,true,false,false,UNASSESSABLE,NaN,NaN,NaN,false,false,false,NaN,NaN,,NaN,NaN,NaN,NaN,false,UNASSESSABLE,NaN,NaN,NaN,false,,9,UNKNOWN,true
c3c4e38d3e7a5b652276c93c11bed45948bd1db48a8310b26e0f180287a0020b,rep,rep_vsf_KfRKFwA,,,true,true,CORRECTABLE,0.1351,CLEAR,false,50.3,-0.72,0.154,0.168,CLEAR,false,false,true,UNASSESSABLE,0.032,-0.53,24.1,true,true,true,0.0113,0.09,,0.14,73.2,5.95,0,true,UNASSESSABLE,-0.036,0.31,19.4,true,,9,DATE_AT_3,false
c3ef57ffbb0a053e8a0a9c78ac2f5de9cc511ce6bb0524a2733a130b82444298,rep,rep_cf_6I00d8w,,,true,true,CORRECTABLE,0.2600,CLEAR,false,40.6,15.39,0.396,0.186,UNASSESSABLE,false,false,false,UNASSESSABLE,NaN,NaN,NaN,false,true,true,0.0802,13.11,,NaN,NaN,NaN,NaN,true,UNASSESSABLE,-0.078,-2.79,20.6,false,the outer end of the baton could not be traced,9,UNKNOWN,false
c40d63076b8f7ea972d01ba260dc112b07fe47a49c574c77ee4c3e93c46b0931,rep,rep_cf_sx6zSKZ,,,false,false,CORRECTABLE,NaN,UNASSESSABLE,false,NaN,NaN,NaN,NaN,UNASSESSABLE,false,false,false,UNASSESSABLE,NaN,NaN,NaN,false,false,false,NaN,NaN,,NaN,NaN,NaN,NaN,false,UNASSESSABLE,NaN,NaN,NaN,false,,9,UNKNOWN,true
c5f965d2cfd9a5e80dfabd16c409502385d8caa222c2590367db4fb1bc1272e6,rep,rep_cf_bpdi5xV,,,true,true,CORRECTABLE,0.1060,UNASSESSABLE,false,35.3,-0.45,0.150,0.143,UNASSESSABLE,true,false,true,UNASSESSABLE,-0.068,-0.90,17.0,false,true,false,0.0282,0.70,the outer end of the baton could not be traced,NaN,46.9,6.05,0,false,UNASSESSABLE,NaN,NaN,NaN,false,,9,UNKNOWN,false
c6d8e645575ab5bff85f38a3ca992a7c9f409e73ef44d2eb90ebc7d073b95a9a,rep,rep_cf_UpTW8nx,,,false,false,GOOD,1.7450,UNASSESSABLE,false,NaN,-28.99,1.874,1.703,UNASSESSABLE,true,false,false,UNASSESSABLE,NaN,NaN,NaN,false,true,true,0.1467,7.94,,NaN,NaN,NaN,NaN,false,UNASSESSABLE,NaN,NaN,NaN,false,,9,UNKNOWN,true
c746b019013a23a9d54614fa4ff86e9333825e2530e0fcc8c4c84a56d31629fb,gen,gen_wex_3KSuGhC,,,false,false,CORRECTABLE,2.9587,UNASSESSABLE,false,NaN,-3.51,3.106,3.225,UNASSESSABLE,true,false,true,UNASSESSABLE,0.013,-0.02,30.8,false,false,false,NaN,NaN,the 12 marker was not found; so the dial orientation is unknown,0.50,184.6,6.05,0,false,UNASSESSABLE,NaN,NaN,NaN,false,,9,UNKNOWN,false
c91a45cd6be0a7f863d67439549afafc75c38718f18d37b1cf02e18378501d03,gen,BLRO_phillips_232301,,,true,true,CORRECTABLE,0.0722,UNASSESSABLE,false,59.8,-1.15,0.166,0.126,UNASSESSABLE,false,true,true,CLEAR,0.000,1.52,45.3,true,true,true,0.0014,0.05,,1.08,107.9,6.35,0,true,UNASSESSABLE,-0.078,-0.02,45.4,false,the baton's two long edges fitted 3.2? apart instead of parallel; usually because a hand or a shadow is next to it,9,UNKNOWN,false
c98ead27229388be5c7efc143f68150cacba9cac9ca253ed9fd049602d1a71d9,rep,rep_cf_QsJT2wk,,,true,true,CORRECTABLE,0.0565,UNASSESSABLE,true,53.8,0.50,0.127,0.133,CLEAR,false,false,true,CLEAR,-0.028,-0.46,23.9,true,true,true,0.0054,0.59,,0.18,53.8,5.95,0,true,UNASSESSABLE,-0.051,0.54,25.9,true,,9,DATE_AT_3,false
caae5d63faf70ff2b82fcd88d49e8b95a7ca667b72ec94124bbfd737d5ad5292,rep,rep_vsf_sh7PSsh,,,false,false,CORRECTABLE,NaN,UNASSESSABLE,false,NaN,NaN,NaN,NaN,UNASSESSABLE,false,false,false,UNASSESSABLE,NaN,NaN,NaN,false,false,false,NaN,NaN,,NaN,NaN,NaN,NaN,false,UNASSESSABLE,NaN,NaN,NaN,false,,9,UNKNOWN,true
ce1574d478e1e3e5f07aef88ebc3cb0c9e1789a2314663b4881a5f4e3f754d71,rep,rep_vsf_7s6PyXJ,,,false,false,UNASSESSABLE,NaN,UNASSESSABLE,false,NaN,NaN,NaN,NaN,UNASSESSABLE,false,false,false,UNASSESSABLE,NaN,NaN,NaN,false,false,false,NaN,NaN,,NaN,NaN,NaN,NaN,false,UNASSESSABLE,NaN,NaN,NaN,false,,9,DATE_AT_3,false
ce1b2a836467d6d54f6385f07c8989ba5d32ae46b77fffbf459c7ac81ef70086,rep,rep_cf_UpTW8nx,,,false,false,UNASSESSABLE,NaN,UNASSESSABLE,false,NaN,NaN,NaN,NaN,UNASSESSABLE,false,false,false,UNASSESSABLE,NaN,NaN,NaN,false,false,false,NaN,NaN,,NaN,NaN,NaN,NaN,false,UNASSESSABLE,NaN,NaN,NaN,false,,9,DATE_AT_3,false
cf37d33d42f7a0064d769020fa067eec93f707fb7f11edbd6133e78674cdef28,rep,rep_vsf_GKJDidL,,,false,false,CORRECTABLE,NaN,UNASSESSABLE,false,NaN,NaN,NaN,NaN,UNASSESSABLE,false,false,false,UNASSESSABLE,NaN,NaN,NaN,false,false,false,NaN,NaN,,NaN,NaN,NaN,NaN,false,UNASSESSABLE,NaN,NaN,NaN,false,,9,UNKNOWN,true
cf68ffda5291ffb7d3114d37f3026331c6cccb1b12b51f2ac28defd2495029f0,rep,rep_vsf_f980504_SHiztEn,,,false,false,UNASSESSABLE,NaN,UNASSESSABLE,false,NaN,NaN,NaN,NaN,UNASSESSABLE,false,false,false,UNASSESSABLE,NaN,NaN,NaN,false,false,false,NaN,NaN,,NaN,NaN,NaN,NaN,false,UNASSESSABLE,NaN,NaN,NaN,false,,9,UNKNOWN,true
cfba8f67290764073cbb1c239d2b3607f36804f3e40a19f515c060c9d3aec4bd,rep,rep_cf_ZVxf97o,,,false,false,CORRECTABLE,NaN,UNASSESSABLE,false,NaN,NaN,NaN,NaN,UNASSESSABLE,false,false,false,UNASSESSABLE,NaN,NaN,NaN,false,false,false,NaN,NaN,,NaN,NaN,NaN,NaN,false,UNASSESSABLE,NaN,NaN,NaN,false,,9,UNKNOWN,true
d0f28e3fedbaa93aff3a5d3c164cb0f45c8bba7ac2fe15607533444357d815c7,rep,rep_vsf_sh7PSsh,,,true,true,CORRECTABLE,0.2221,UNASSESSABLE,false,39.9,0.23,0.241,0.249,UNASSESSABLE,true,false,true,CLEAR,-0.038,-0.63,22.2,true,true,true,0.0061,0.04,,0.78,12.0,6.05,0,true,UNASSESSABLE,-0.092,0.47,22.0,false,the outer end of the baton could not be traced,9,DATE_AT_3,false
d1080bcb4ad41443f9425eb1d51598538381e27132f1717433ee2e933faf0beb,gen,gen_126710BLNR_phillips_166153,,,false,false,CORRECTABLE,1.7189,UNASSESSABLE,false,NaN,-1.09,1.779,1.686,UNASSESSABLE,false,false,false,UNASSESSABLE,NaN,NaN,NaN,false,false,false,NaN,NaN,,NaN,NaN,NaN,NaN,false,UNASSESSABLE,NaN,NaN,NaN,false,,9,UNKNOWN,true
d1fa6cfd33b0ae27d2f54b5dd47d49776b23feda6369802feb7f8e1e1d0e65a2,rep,rep_cf_bpdi5xV,,,false,false,RETAKE,NaN,UNASSESSABLE,false,NaN,NaN,NaN,NaN,UNASSESSABLE,false,false,false,UNASSESSABLE,NaN,NaN,NaN,false,false,false,NaN,NaN,,NaN,NaN,NaN,NaN,false,UNASSESSABLE,NaN,NaN,NaN,false,,9,UNKNOWN,true
d227a9894c261bb63904b69ff1261416d31f57d80d92795f8c6e0c511e370705,gen,BLRO_phillips_NY080121_35,,,true,false,RETAKE,0.1258,UNASSESSABLE,false,84.1,-0.29,0.181,0.140,UNASSESSABLE,false,false,true,UNASSESSABLE,-0.075,-0.70,40.5,true,true,false,0.0283,0.81,,0.44,55.6,5.85,0,true,UNASSESSABLE,-0.019,0.74,41.8,true,,9,UNKNOWN,false
d2e3d3a3540886a0ca3dac68f75aba821339fe5bc4d0136f06ce6bb6dbb3ee6f,rep,rep_vsf_HCz9EAj,,,false,false,CORRECTABLE,NaN,UNASSESSABLE,false,NaN,NaN,NaN,NaN,UNASSESSABLE,false,false,false,UNASSESSABLE,NaN,NaN,NaN,false,false,false,NaN,NaN,,NaN,NaN,NaN,NaN,false,UNASSESSABLE,NaN,NaN,NaN,false,,9,UNKNOWN,false
d380e221a9810aac3d6ed866e58eaef5342b603473f00c6add5fa1bf18ad896e,rep,rep_arf_8xahrjm,,,false,false,CORRECTABLE,NaN,UNASSESSABLE,false,NaN,NaN,NaN,NaN,UNASSESSABLE,false,false,false,UNASSESSABLE,NaN,NaN,NaN,false,false,false,NaN,NaN,,NaN,NaN,NaN,NaN,false,UNASSESSABLE,NaN,NaN,NaN,false,,9,UNKNOWN,true
d41a039189eb84640a0ecec098cd609bc827d577b683e5d3f85f50ef40ee6fe5,rep,rep_cplus_wEYZOyK,,,false,false,CORRECTABLE,NaN,UNASSESSABLE,false,NaN,NaN,NaN,NaN,UNASSESSABLE,false,false,false,UNASSESSABLE,NaN,NaN,NaN,false,false,false,NaN,NaN,,NaN,NaN,NaN,NaN,false,UNASSESSABLE,NaN,NaN,NaN,false,,9,UNKNOWN,true
d423fdb3d20fc015252808f7de8e0a802d130ea5ca8b66eaed2dfbbac1b326fb,rep,rep_cf_f71234_Sw2D1Bt,,,false,false,CORRECTABLE,0.7371,UNASSESSABLE,false,NaN,-68.40,0.911,0.722,UNASSESSABLE,true,false,false,UNASSESSABLE,NaN,NaN,NaN,false,true,false,Infinity,Infinity,,NaN,NaN,NaN,NaN,false,UNASSESSABLE,NaN,NaN,NaN,false,,9,UNKNOWN,true
d44554d2b8d879a7aa7ddfa33227eaa91fd52fd5e301a0993d03d63f06c127a7,gen,gen_126715CHNR_phillips_223302,,,true,true,CORRECTABLE,0.1052,CLEAR,false,76.7,1.49,0.184,0.141,CLEAR,false,false,true,CLEAR,-0.074,0.25,32.4,true,true,true,0.0071,0.26,,1.33,11.3,5.85,0,true,UNASSESSABLE,-0.032,0.55,32.0,false,the baton's two long edges fitted 4.2? apart instead of parallel; usually because a hand or a shadow is next to it,9,DATE_AT_3,false
d4856a5c6bbc79fc3abea747f6c3b732ade4b710037e82ba6191fb2a9fe5210d,gen,gen_wex_3KSuGhC,,,true,true,CORRECTABLE,0.0922,UNASSESSABLE,false,101.1,0.95,0.191,0.155,UNASSESSABLE,false,true,true,UNASSESSABLE,-0.000,0.26,43.8,true,true,true,0.0010,0.15,,0.09,71.3,6.05,0,true,UNASSESSABLE,0.016,0.25,43.2,true,,9,DATE_AT_3,false
d4fa555a730324632ae4d052fa5824a55a8785cf57826451d4ccfd6f6ce183e3,rep,rep_vsf_gpZWOfy,,,true,false,GOOD,0.5139,UNASSESSABLE,false,21.2,-2.24,0.409,0.931,UNASSESSABLE,true,false,false,UNASSESSABLE,NaN,NaN,NaN,false,true,true,0.1865,1.17,,NaN,NaN,NaN,NaN,true,UNASSESSABLE,-0.049,0.11,20.1,true,,9,UNKNOWN,false
d68dea602fd20fc404981dbcc9b5bb83e59b2e82714afda7e880b25f3c54486d,rep,rep_vsf_oVwWMrC,,,false,false,UNASSESSABLE,NaN,UNASSESSABLE,false,NaN,NaN,NaN,NaN,UNASSESSABLE,false,false,false,UNASSESSABLE,NaN,NaN,NaN,false,false,false,NaN,NaN,,NaN,NaN,NaN,NaN,false,UNASSESSABLE,NaN,NaN,NaN,false,,9,DATE_AT_3,false
d696eb48eac844d35cb95bcb357395df8d64e4b7422e71b6d725d46dc0abc70d,gen,gen_wex_e99gXKb,,,true,true,GOOD,0.1047,CLEAR,false,71.4,-0.17,0.149,0.158,CLEAR,false,false,false,UNASSESSABLE,NaN,NaN,NaN,false,true,true,0.0088,0.12,,NaN,NaN,NaN,NaN,false,UNASSESSABLE,NaN,NaN,NaN,false,,9,DATE_AT_3,false
d8e0d0a83513e6b3d994980bf77751ded48de1980427963297491f63880e8a07,gen,rolex_official_126718GRNR_0001_126718GRNR,,,true,true,CORRECTABLE,0.0938,CLEAR,false,45.4,0.22,0.150,0.160,UNASSESSABLE,false,false,false,UNASSESSABLE,NaN,NaN,NaN,false,true,true,0.0026,1.44,,NaN,NaN,NaN,NaN,true,CLEAR,-0.000,-0.20,27.5,true,,9,DATE_AT_3,false
d9023bd6643505afc035ce76c88abd27dace15919e8e16e95fa5b0be53c012b3,gen,gen_126711CHNR_phillips_166152,,,true,true,CORRECTABLE,0.1025,CLEAR,false,83.0,1.16,0.176,0.143,UNASSESSABLE,false,false,false,UNASSESSABLE,NaN,NaN,NaN,false,true,true,0.0003,0.09,,NaN,NaN,NaN,NaN,true,CLEAR,-0.000,-0.03,38.0,true,,9,DATE_AT_3,false
d9afa912204742348448b9d76795322ec9be0aca01558241c9398167e830899c,gen,gen_wex_8Rg3vqJ,,,false,false,CORRECTABLE,0.3972,UNASSESSABLE,false,NaN,7.34,0.155,1.100,UNASSESSABLE,true,false,false,UNASSESSABLE,NaN,NaN,NaN,false,true,false,Infinity,Infinity,,NaN,NaN,NaN,NaN,false,UNASSESSABLE,NaN,NaN,NaN,false,,9,UNKNOWN,true
d9bbf4108b5325a5c19b558cbad4038e7b56c1441b1248c57887828153a7411b,rep,rep_vsf_GKJDidL,,,false,false,CORRECTABLE,0.3442,UNASSESSABLE,false,NaN,-11.75,0.599,0.261,UNASSESSABLE,false,true,false,UNASSESSABLE,NaN,NaN,NaN,false,true,true,0.0452,18.05,,NaN,NaN,NaN,NaN,false,UNASSESSABLE,NaN,NaN,NaN,false,,9,UNKNOWN,true
d9c5d06075f435c9bb3d8cebab8dd27506e903077085a0a96f1f9d68b2e87b4d,gen,gen_126718GRNR_phillips_218413,,,true,false,CORRECTABLE,0.1249,UNASSESSABLE,false,80.0,3.39,0.186,0.159,UNASSESSABLE,false,false,false,UNASSESSABLE,NaN,NaN,NaN,false,true,true,0.0037,0.18,,NaN,NaN,NaN,NaN,false,UNASSESSABLE,NaN,NaN,NaN,false,,9,UNKNOWN,false
da6179af7b2f6eb46f7f538cb235927d18811c450dddd5f3532f36cb8dd73510,rep,rep_cf_ZVxf97o,,,false,false,CORRECTABLE,NaN,UNASSESSABLE,false,NaN,NaN,NaN,NaN,UNASSESSABLE,false,false,false,UNASSESSABLE,NaN,NaN,NaN,false,false,false,NaN,NaN,,NaN,NaN,NaN,NaN,false,UNASSESSABLE,NaN,NaN,NaN,false,,9,UNKNOWN,true
db13a2d5313f0bea4669baa7c4bb1fb86717d57f7cb8814fb34486148858beed,rep,rep_cf_UpTW8nx,,,false,false,GOOD,0.0302,CHECK,false,NaN,21.16,0.045,0.143,UNASSESSABLE,false,false,false,UNASSESSABLE,NaN,NaN,NaN,false,false,false,NaN,NaN,,NaN,NaN,NaN,NaN,false,UNASSESSABLE,NaN,NaN,NaN,false,,9,UNKNOWN,false
db17d2721826ff8f710ca1a9c76a7d05b7fb780b40effd758d5f93b30e26b076,rep,rep_arf_8xahrjm,,,true,false,GOOD,0.1611,UNASSESSABLE,false,48.0,3.52,0.183,0.195,UNASSESSABLE,false,false,true,CLEAR,-0.012,0.67,26.5,true,true,false,0.0279,3.43,,0.18,69.3,6.05,0,false,UNASSESSABLE,NaN,NaN,NaN,false,,9,UNKNOWN,false
db5375cb6a2aa8fbb0c0ef23ab25c5f309096e901775148ae132dbd09cdf90b0,rep,rep_cf_UpTW8nx,,,false,false,CORRECTABLE,2.7514,UNASSESSABLE,false,NaN,8.41,2.702,3.002,UNASSESSABLE,true,false,false,UNASSESSABLE,NaN,NaN,NaN,false,false,false,NaN,NaN,,NaN,NaN,NaN,NaN,false,UNASSESSABLE,NaN,NaN,NaN,false,,9,UNKNOWN,true
db5c1658c6121ad0ae9c3b50e508956477a2dc3e0dbc78a4b7153456d0413f39,rep,rep_cf_f71234_Sw2D1Bt,,,false,false,UNASSESSABLE,NaN,UNASSESSABLE,false,NaN,NaN,NaN,NaN,UNASSESSABLE,false,false,false,UNASSESSABLE,NaN,NaN,NaN,false,false,false,NaN,NaN,,NaN,NaN,NaN,NaN,false,UNASSESSABLE,NaN,NaN,NaN,false,,9,DATE_AT_3,false
dbbfc5b64ad8941b6e07d02044a025c5917d3030aa5e3c84c3395f45fe3ad011,gen,rolex_official_126715CHNR_0001_126715CHNR,,,true,true,CORRECTABLE,0.0975,CLEAR,false,45.3,0.87,0.149,0.164,CLEAR,false,false,false,UNASSESSABLE,NaN,NaN,NaN,false,true,true,0.0020,0.45,,NaN,NaN,NaN,NaN,true,CLEAR,0.000,-0.10,27.6,true,,9,DATE_AT_3,false
dc0e91e35bc879a5f531ae5d32404e9637512c036222847f79738c5690a8ead3,rep,rep_cf_bpdi5xV,,,false,false,CORRECTABLE,NaN,UNASSESSABLE,false,NaN,NaN,NaN,NaN,UNASSESSABLE,false,false,false,UNASSESSABLE,NaN,NaN,NaN,false,false,false,NaN,NaN,,NaN,NaN,NaN,NaN,false,UNASSESSABLE,NaN,NaN,NaN,false,,9,UNKNOWN,true
dd63f6677ac3f1bd4d9f473cb262f9098290b56e7c7d256d9ecb3cfb46493704,gen,gen_wex_e99gXKb,,,false,false,UNASSESSABLE,NaN,UNASSESSABLE,false,NaN,NaN,NaN,NaN,UNASSESSABLE,false,false,false,UNASSESSABLE,NaN,NaN,NaN,false,false,false,NaN,NaN,,NaN,NaN,NaN,NaN,false,UNASSESSABLE,NaN,NaN,NaN,false,,9,UNKNOWN,true
dd961e804a09598e5140f600d792bd726833fd02ae4daa029bd3db87d4edda15,rep,rep_vsf_7s6PyXJ,,,false,false,CORRECTABLE,1.1426,UNASSESSABLE,false,NaN,-39.21,1.268,1.263,UNASSESSABLE,true,false,false,UNASSESSABLE,NaN,NaN,NaN,false,true,false,Infinity,Infinity,,NaN,NaN,NaN,NaN,false,UNASSESSABLE,NaN,NaN,NaN,false,,9,UNKNOWN,true
dfb909bf0b52c9b0276129c784670607b7b729fb8cf472e93ca8eb8f1049bc4d,rep,rep_vsf_p3hHVMB,,,false,false,UNASSESSABLE,NaN,UNASSESSABLE,false,NaN,NaN,NaN,NaN,UNASSESSABLE,false,false,false,UNASSESSABLE,NaN,NaN,NaN,false,false,false,NaN,NaN,,NaN,NaN,NaN,NaN,false,UNASSESSABLE,NaN,NaN,NaN,false,,9,UNKNOWN,true
e026ab184b9e6f7f9a794179178c9eb968e40bdbd4a8c339e3249b9bae91f51c,gen,gen_wex_1TDYtpN,,,false,false,RETAKE,0.0043,UNASSESSABLE,false,NaN,48.16,0.509,0.213,UNASSESSABLE,false,true,false,UNASSESSABLE,NaN,NaN,NaN,false,true,false,Infinity,Infinity,,NaN,NaN,NaN,NaN,false,UNASSESSABLE,NaN,NaN,NaN,false,,9,UNKNOWN,true
e0280b6af3860b6211660633a01ea18514578317c89d23017da78572cf2b1ff2,gen,gen_126711CHNR_phillips_180859,,,true,true,RETAKE,0.1129,UNASSESSABLE,false,73.3,0.06,0.177,0.149,UNASSESSABLE,false,false,true,UNASSESSABLE,-0.025,-0.01,33.6,true,true,true,0.0043,0.69,,0.39,52.8,5.85,0,true,UNASSESSABLE,-0.002,-0.32,33.5,true,,9,DATE_AT_3,false
e113f7500dec8b8d4c0d059afa20be615d7a66bb9dfe824ce4d8484628d45c3e,rep,rep_vsf_7s6PyXJ,,,false,false,UNASSESSABLE,NaN,UNASSESSABLE,false,NaN,NaN,NaN,NaN,UNASSESSABLE,false,false,false,UNASSESSABLE,NaN,NaN,NaN,false,false,false,NaN,NaN,,NaN,NaN,NaN,NaN,false,UNASSESSABLE,NaN,NaN,NaN,false,,9,DATE_AT_3,false
e2f8a4dbee7c4ed404d892e49b2152196008a5f8562ccd0f482815c6345418ed,rep,rep_vsf_sh7PSsh,,,false,false,CORRECTABLE,NaN,UNASSESSABLE,false,NaN,NaN,NaN,NaN,UNASSESSABLE,false,false,false,UNASSESSABLE,NaN,NaN,NaN,false,false,false,NaN,NaN,,NaN,NaN,NaN,NaN,false,UNASSESSABLE,NaN,NaN,NaN,false,,9,UNKNOWN,true
e8b21325b74bac74f6c4a467972010f94d6c3d5cc590cdd588ba93f4e74f9782,gen,BLRO_phillips_CH080120_75,,,true,true,CORRECTABLE,0.0893,CLEAR,false,91.0,1.39,0.190,0.133,UNASSESSABLE,false,false,true,UNASSESSABLE,-0.306,-34.20,40.6,true,true,true,0.0053,0.58,,0.41,67.5,6.25,0,true,CLEAR,-0.016,-1.43,41.1,true,,9,DATE_AT_3,false
e903878ead5824d3ea8e3acdaf823ce5a139f08bfe795702ae6917b3a0179c5d,rep,rep_vsf_sh7PSsh,,,false,false,CORRECTABLE,NaN,UNASSESSABLE,false,NaN,NaN,NaN,NaN,UNASSESSABLE,false,false,false,UNASSESSABLE,NaN,NaN,NaN,false,false,false,NaN,NaN,,NaN,NaN,NaN,NaN,false,UNASSESSABLE,NaN,NaN,NaN,false,,9,UNKNOWN,true
e949de15238fb9aa41df9943ecc0e64f5d248f4410e2023a9af7698d2f76bfc3,gen,gen_126711CHNR_phillips_180697,,,true,true,RETAKE,0.1159,UNASSESSABLE,false,81.3,0.14,0.176,0.150,UNASSESSABLE,false,false,true,UNASSESSABLE,0.053,-0.97,33.8,true,true,false,0.0153,0.24,,1.90,40.0,5.95,0,true,UNASSESSABLE,-0.070,0.19,35.3,true,,9,UNKNOWN,false
eb35d8aa42e4e440871d6fa496ec6bcd8be287383d308cc59f317db27fd9adb9,rep,rep_cf_sx6zSKZ,,,false,false,CORRECTABLE,1.1203,UNASSESSABLE,false,NaN,-19.63,1.330,1.007,UNASSESSABLE,true,false,false,UNASSESSABLE,NaN,NaN,NaN,false,true,true,0.1308,15.15,,NaN,NaN,NaN,NaN,false,UNASSESSABLE,NaN,NaN,NaN,false,,9,UNKNOWN,true
ebe88a4b5c2bdb2af54037b0a86c3e792ffcd38cddabc31b1fa6e8dea58dfd32,rep,rep_cf_bpdi5xV,,,false,false,CORRECTABLE,0.4244,UNASSESSABLE,false,NaN,58.14,0.456,0.480,UNASSESSABLE,true,false,false,UNASSESSABLE,NaN,NaN,NaN,false,true,false,Infinity,Infinity,,NaN,NaN,NaN,NaN,false,UNASSESSABLE,NaN,NaN,NaN,false,,9,UNKNOWN,true
ecaa8f5e2b9b4a00d07deaaab3b8067d37f27499e626b981d555704bbf8b915b,gen,wos_cpo_406107834490,,,true,true,CORRECTABLE,0.0930,CLEAR,false,65.6,-0.16,0.149,0.157,UNASSESSABLE,false,false,true,CLEAR,0.013,-0.57,30.5,true,true,true,0.0014,1.43,,0.46,49.3,5.95,0,true,CLEAR,-0.013,0.04,30.9,true,,9,DATE_AT_3,false
ed99a4a27fe1cfa7343232381cf44d777b9c33cd39b65595a06506b1aea2cc8e,rep,rep_cf_6zSSQ1d,,,false,false,UNASSESSABLE,1.0010,UNASSESSABLE,false,NaN,24.98,0.751,1.443,UNASSESSABLE,true,false,false,UNASSESSABLE,NaN,NaN,NaN,false,false,false,NaN,NaN,,NaN,NaN,NaN,NaN,false,UNASSESSABLE,NaN,NaN,NaN,false,,9,UNKNOWN,true
edf8d9a919f7d501cc90e90571cbe1b7f7b654883f2462df5903106de5ebcc1b,rep,rep_cf_xK08a3L,,,false,false,UNASSESSABLE,NaN,UNASSESSABLE,false,NaN,NaN,NaN,NaN,UNASSESSABLE,false,false,false,UNASSESSABLE,NaN,NaN,NaN,false,false,false,NaN,NaN,,NaN,NaN,NaN,NaN,false,UNASSESSABLE,NaN,NaN,NaN,false,,9,DATE_AT_3,false
ef1856b3b740acd2d3a9c22aec77fc1bf5f45513e3c80051e304d707b147d036,rep,rep_vsf_oVwWMrC,,,true,true,CORRECTABLE,0.0852,CLEAR,false,50.5,1.40,0.099,0.151,CHECK,false,false,true,CLEAR,-0.079,0.27,25.5,true,true,true,0.0042,0.59,,0.06,18.5,5.85,0,true,UNASSESSABLE,0.047,-0.84,21.0,false,a long side of the baton could not be traced; often because a hand or a shadow is next to it,9,DATE_AT_3,false
ef3f189af23f5ff59b0dcd21889298ad79b7acece86666ea16c136d9681dc1dc,rep,rep_cf_xK08a3L,,,false,false,CORRECTABLE,NaN,UNASSESSABLE,false,NaN,NaN,NaN,NaN,UNASSESSABLE,false,false,false,UNASSESSABLE,NaN,NaN,NaN,false,false,false,NaN,NaN,,NaN,NaN,NaN,NaN,false,UNASSESSABLE,NaN,NaN,NaN,false,,9,UNKNOWN,true
ef477184f0ed05f46555ca19d05e572c4dd8806fe1447bef8515b946293e324a,rep,rep_cf_6zSSQ1d,,,false,false,UNASSESSABLE,NaN,UNASSESSABLE,false,NaN,NaN,NaN,NaN,UNASSESSABLE,false,false,false,UNASSESSABLE,NaN,NaN,NaN,false,false,false,NaN,NaN,,NaN,NaN,NaN,NaN,false,UNASSESSABLE,NaN,NaN,NaN,false,,9,DATE_AT_3,false
f115290088c5fd9baf478396774f64baa08ce8f630588ad2810f497ab40a4765,rep,rep_vsf_HCz9EAj,,,true,true,CORRECTABLE,0.0539,CHECK,false,74.0,0.62,0.118,0.168,CLEAR,false,false,true,UNASSESSABLE,-0.101,-1.35,40.1,false,true,true,0.0020,0.58,the outer end of the baton could not be traced,NaN,51.4,5.95,0,true,UNASSESSABLE,-0.040,-0.70,33.5,false,the baton's two long edges fitted 6.7? apart instead of parallel; usually because a hand or a shadow is next to it,9,DATE_AT_3,false
f20c1d09375c981df104eaf148ab88059a3ec16e290b4dc44a390597ba3b1593,gen,BLRO_phillips_210072,,,true,true,GOOD,0.1055,UNASSESSABLE,false,75.7,1.10,0.177,0.142,UNASSESSABLE,false,false,true,CLEAR,-0.046,-0.18,33.8,true,true,false,0.0375,1.01,,0.84,53.4,5.85,0,true,UNASSESSABLE,-0.015,-1.66,30.1,true,,9,UNKNOWN,false
f328848a3fe17174141e3992728ade77a6d43d744deeb5ae85c06cc5ab4d833e,rep,rep_vsf_sh7PSsh,,,false,false,GOOD,NaN,UNASSESSABLE,false,NaN,NaN,NaN,NaN,UNASSESSABLE,false,false,false,UNASSESSABLE,NaN,NaN,NaN,false,false,false,NaN,NaN,,NaN,NaN,NaN,NaN,false,UNASSESSABLE,NaN,NaN,NaN,false,,9,UNKNOWN,false
f3adf2707283dca4cb43952a001060fe65bd766b88f5730cec921acc085a7cf9,gen,wos_cpo_406107893490,,,true,true,CORRECTABLE,0.1022,CLEAR,false,66.4,-0.50,0.168,0.162,CLEAR,false,false,true,CLEAR,-0.013,-0.79,29.9,true,true,true,0.0074,0.38,,0.72,43.3,6.05,0,true,CLEAR,-0.013,-0.15,30.9,true,,9,DATE_AT_3,false
f80488cf5faaab07431fb4a201fb5a197e0e9f6c67f7eea9e2a00a9cb928a155,gen,rolex_official_126710GRNR_0003_126710GRNR,,,true,true,CORRECTABLE,0.0956,CLEAR,false,45.4,0.19,0.151,0.161,UNASSESSABLE,false,false,false,UNASSESSABLE,NaN,NaN,NaN,false,true,true,0.0027,1.04,,NaN,NaN,NaN,NaN,true,CLEAR,0.000,-0.19,27.5,true,,9,DATE_AT_3,false
f825f382835ed79725ee11f2e55c524315a1332dcb1a983e9e289d7392872caf,rep,rep_vsf_HCz9EAj,,,false,false,CORRECTABLE,0.2520,UNASSESSABLE,false,NaN,50.65,0.424,0.146,UNASSESSABLE,false,false,false,UNASSESSABLE,NaN,NaN,NaN,false,true,false,Infinity,Infinity,,NaN,NaN,NaN,NaN,false,UNASSESSABLE,NaN,NaN,NaN,false,,9,UNKNOWN,true
f88e1bcf630434ebe8bc45d08d0df295bfaf604fc55649fbb2a0d5fe3bcfd100,rep,rep_vsf_BXiTXD1,,,false,false,UNASSESSABLE,0.6527,UNASSESSABLE,false,NaN,-64.12,0.880,0.540,UNASSESSABLE,false,false,false,UNASSESSABLE,NaN,NaN,NaN,false,true,false,Infinity,Infinity,,NaN,NaN,NaN,NaN,false,UNASSESSABLE,NaN,NaN,NaN,false,,9,UNKNOWN,true
f89aeb654ddc73d184cf27cfd894366ad5a79ed06ddf7397209871b781a1ddd5,gen,gen_wex_e99gXKb,,,false,false,CORRECTABLE,0.8906,UNASSESSABLE,false,NaN,1.57,1.201,0.585,UNASSESSABLE,false,true,false,UNASSESSABLE,NaN,NaN,NaN,false,true,false,Infinity,Infinity,,NaN,NaN,NaN,NaN,false,UNASSESSABLE,NaN,NaN,NaN,false,,9,UNKNOWN,true
f8beddfd6866a832bcd3c7f76504e1d6f345606c76b65de9526d711fb836e209,rep,rep_vsf_BXiTXD1,,,false,false,UNASSESSABLE,1.2103,UNASSESSABLE,false,NaN,-35.40,1.375,1.201,UNASSESSABLE,true,false,false,UNASSESSABLE,NaN,NaN,NaN,false,true,false,Infinity,Infinity,,NaN,NaN,NaN,NaN,false,UNASSESSABLE,NaN,NaN,NaN,false,,9,UNKNOWN,true
f8e5bba83e92c7a166f39a2cea8fd9a44d0e0f2aad5bf3baf6210db3d373bffd,rep,rep_arf_m304y61,,,false,false,GOOD,0.6481,UNASSESSABLE,false,NaN,17.48,0.882,0.575,UNASSESSABLE,false,false,false,UNASSESSABLE,NaN,NaN,NaN,false,false,false,NaN,NaN,,NaN,NaN,NaN,NaN,false,UNASSESSABLE,NaN,NaN,NaN,false,,9,UNKNOWN,true
fa4309d8eafeda27ec184e05ce00ffb0d732262ab85396dcc8aa37a46f3d7a70,rep,rep_arf_m304y61,,,false,false,UNASSESSABLE,NaN,UNASSESSABLE,false,NaN,NaN,NaN,NaN,UNASSESSABLE,false,false,false,UNASSESSABLE,NaN,NaN,NaN,false,false,false,NaN,NaN,,NaN,NaN,NaN,NaN,false,UNASSESSABLE,NaN,NaN,NaN,false,,9,DATE_AT_3,false
fb80ffeda4332acde11eed821d310984ce7b83f4962906dd005197bff619655b,rep,rep_cf_ZVxf97o,,,false,false,GOOD,0.2411,UNASSESSABLE,false,NaN,31.43,0.433,0.482,UNASSESSABLE,false,false,false,UNASSESSABLE,NaN,NaN,NaN,false,false,false,NaN,NaN,,NaN,NaN,NaN,NaN,false,UNASSESSABLE,NaN,NaN,NaN,false,,9,UNKNOWN,true
fbcb394c03b558b5c795d62b058752cd95d8609a9326292154a73f1dc8e7774d,gen,gen_126720VTNR_phillips_204149,,,true,true,CORRECTABLE,0.1549,CLEAR,false,69.7,-0.81,0.196,0.173,UNASSESSABLE,false,false,true,CLEAR,-0.023,-0.40,35.0,true,true,true,0.0050,1.30,,0.55,53.7,5.95,0,false,UNASSESSABLE,NaN,NaN,NaN,false,,9,UNKNOWN,false
fc12786f1e51ba07f71abc1efa151ba324fa910e10ea34cb228c2d1126316e1e,gen,wos_cpo_408102212490,,,true,true,CORRECTABLE,0.0946,CLEAR,false,66.7,0.86,0.156,0.162,CLEAR,false,false,true,UNASSESSABLE,-0.071,1.73,22.4,false,true,true,0.0058,0.43,the baton's two long edges fitted 7.4? apart instead of parallel; usually because a hand or a shadow is next to it,7.36,51.2,5.95,0,true,CLEAR,-0.013,0.06,30.7,true,,9,DATE_AT_3,false
fd1f8558d478e10af54e01fd16dd34b7ad7cef8aa1899e89282e6145c862185e,gen,gen_wex_e99gXKb,,,false,false,UNASSESSABLE,NaN,UNASSESSABLE,false,NaN,NaN,NaN,NaN,UNASSESSABLE,false,false,false,UNASSESSABLE,NaN,NaN,NaN,false,false,false,NaN,NaN,,NaN,NaN,NaN,NaN,false,UNASSESSABLE,NaN,NaN,NaN,false,,9,UNKNOWN,true
fd4e40c36843beb7977c98d101e1a23ff79a6474c8193bb5dd7e6fcc7018a8fd,rep,rep_cf_UpTW8nx,,,false,false,UNASSESSABLE,3.1057,UNASSESSABLE,false,NaN,-34.66,3.845,2.977,UNASSESSABLE,true,false,false,UNASSESSABLE,NaN,NaN,NaN,false,false,false,NaN,NaN,,NaN,NaN,NaN,NaN,false,UNASSESSABLE,NaN,NaN,NaN,false,,9,UNKNOWN,true
fd8ccf1d1cf252dc11803fdebcdcc2a05db38db8450346a22bf3a1101b20c011,gen,gen_126710BLRO_phillips_146853,,,true,true,CORRECTABLE,0.0975,CLEAR,false,52.2,-0.42,0.135,0.152,CLEAR,false,false,true,CLEAR,0.087,-0.30,21.6,true,true,true,0.0031,0.20,,0.84,57.2,6.15,0,true,UNASSESSABLE,-0.037,-0.02,24.6,true,,9,UNKNOWN,false
