D,hm,tilt,az,round_off,round_off_raw,round_size,round_size_raw,gap12,gap12_raw,rot12,rot12_raw,top12,top12_raw,asym12,asym12_raw,six_c,six_c_raw,six_r,six_r_raw,three_c,three_c_raw,three_r,three_r_raw,nine_c,nine_c_raw,nine_r,nine_r_raw
6.0,0.01,0,0,0.0,0.0,0.0,0.0,0.0,-0.00627,0.0,-0.0,0.0,0.0,0.0,-0.0,0.0,0.0,0.0,0.0,0.0,0.0,0.0,0.0,0.0,0.0,0.0,0.0
6.0,0.01,0,45,0.0,0.0,0.0,0.0,0.0,-0.00627,0.0,-0.0,0.0,0.0,0.0,-0.0,0.0,0.0,0.0,0.0,0.0,0.0,0.0,0.0,0.0,0.0,0.0,0.0
6.0,0.01,0,90,0.0,0.0,0.0,0.0,0.0,-0.00627,0.0,-0.0,0.0,0.0,0.0,-0.0,0.0,0.0,0.0,0.0,0.0,0.0,0.0,0.0,0.0,0.0,0.0,0.0
6.0,0.01,0,135,0.0,0.0,0.0,0.0,0.0,-0.00627,0.0,-0.0,0.0,0.0,0.0,-0.0,0.0,0.0,0.0,0.0,0.0,0.0,0.0,0.0,0.0,0.0,0.0,0.0
6.0,0.01,0,180,0.0,0.0,0.0,0.0,0.0,-0.00627,0.0,-0.0,0.0,0.0,0.0,-0.0,0.0,0.0,0.0,0.0,0.0,0.0,0.0,0.0,0.0,0.0,0.0,0.0
6.0,0.01,0,225,0.0,0.0,0.0,0.0,0.0,-0.00627,0.0,-0.0,0.0,0.0,0.0,-0.0,0.0,0.0,0.0,0.0,0.0,0.0,0.0,0.0,0.0,0.0,0.0,0.0
6.0,0.01,0,270,0.0,0.0,0.0,0.0,0.0,-0.00627,0.0,-0.0,0.0,0.0,0.0,-0.0,0.0,0.0,0.0,0.0,0.0,0.0,0.0,0.0,0.0,0.0,0.0,0.0
6.0,0.01,0,315,0.0,0.0,0.0,0.0,0.0,-0.00627,0.0,-0.0,0.0,0.0,0.0,-0.0,0.0,0.0,0.0,0.0,0.0,0.0,0.0,0.0,0.0,0.0,0.0,0.0
6.0,0.01,2.5,0,0.00558,0.00558,0.00775,0.00775,0.00229,-0.00398,0.0,-0.0,0.0,0.0,-0.0,-0.0,0.0,0.0,0.0,0.0,-0.00457,-0.00457,0.38354,0.38354,0.00457,0.00457,-0.38354,-0.38354
6.0,0.01,2.5,45,0.00622,0.00622,0.00866,0.00866,0.00167,-0.0046,-0.23239,-0.23239,-0.00498,-0.00498,-0.0023,-0.0023,-0.00329,-0.00329,0.32431,0.32431,-0.00316,-0.00316,0.2176,0.2176,0.00329,0.00329,-0.32431,-0.32431
6.0,0.01,2.5,90,0.00558,0.00558,0.00775,0.00775,7e-05,-0.00619,-0.40442,-0.40442,-0.00685,-0.00685,-0.00342,-0.00342,-0.00457,-0.00457,0.38354,0.38354,0.0,0.0,0.0,0.0,-0.0,-0.0,0.0,0.0
6.0,0.01,2.5,135,0.00622,0.00622,0.00866,0.00866,-0.00167,-0.00794,-0.33908,-0.33908,-0.0047,-0.0047,-0.00253,-0.00253,-0.00316,-0.00316,0.2176,0.2176,0.00316,0.00316,-0.2176,-0.2176,-0.00329,-0.00329,0.32431,0.32431
6.0,0.01,2.5,180,0.00558,0.00558,0.00775,0.00775,-0.00243,-0.0087,-0.0,-0.0,0.0,0.0,-0.0,-0.0,0.0,0.0,0.0,0.0,0.00457,0.00457,-0.38354,-0.38354,-0.00457,-0.00457,0.38354,0.38354
6.0,0.01,2.5,225,0.00622,0.00622,0.00866,0.00866,-0.00167,-0.00794,0.33908,0.33908,0.0047,0.0047,0.00253,0.00253,0.00316,0.00316,-0.2176,-0.2176,0.00329,0.00329,-0.32431,-0.32431,-0.00316,-0.00316,0.2176,0.2176
6.0,0.01,2.5,270,0.00558,0.00558,0.00775,0.00775,7e-05,-0.00619,0.40442,0.40442,0.00685,0.00685,0.00342,0.00342,0.00457,0.00457,-0.38354,-0.38354,0.0,0.0,0.0,0.0,-0.0,-0.0,0.0,0.0
6.0,0.01,2.5,315,0.00622,0.00622,0.00866,0.00866,0.00167,-0.0046,0.23239,0.23239,0.00498,0.00498,0.0023,0.0023,0.00329,0.00329,-0.32431,-0.32431,-0.00329,-0.00329,0.32431,0.32431,0.00316,0.00316,-0.2176,-0.2176
6.0,0.01,5,0,0.01118,0.01118,0.01554,0.01554,0.00442,-0.00185,0.0,-0.0,0.0,0.0,-0.0,-0.0,-0.0,-0.0,0.0,0.0,-0.00915,-0.00915,0.76852,0.76852,0.00915,0.00915,-0.76852,-0.76852
6.0,0.01,5,45,0.01245,0.01245,0.01741,0.01741,0.00335,-0.00292,-0.35737,-0.35737,-0.01022,-0.01022,-0.00438,-0.00438,-0.0067,-0.0067,0.75505,0.75505,-0.00618,-0.00618,0.32779,0.32779,0.0067,0.0067,-0.75505,-0.75505
6.0,0.01,5,90,0.01118,0.01118,0.01554,0.01554,0.0003,-0.00597,-0.81012,-0.81012,-0.01372,-0.01372,-0.00685,-0.00685,-0.00915,-0.00915,0.76852,0.76852,0.0,0.0,0.0,0.0,-0.0,-0.0,0.0,0.0
6.0,0.01,5,135,0.01245,0.01245,0.01741,0.01741,-0.00335,-0.00962,-0.78453,-0.78453,-0.00913,-0.00913,-0.00528,-0.00528,-0.00618,-0.00618,0.32779,0.32779,0.00618,0.00618,-0.32779,-0.32779,-0.0067,-0.0067,0.75505,0.75505
6.0,0.01,5,180,0.01118,0.01118,0.01554,0.01554,-0.005,-0.01127,-0.0,-0.0,0.0,0.0,-0.0,-0.0,0.0,0.0,0.0,0.0,0.00915,0.00915,-0.76852,-0.76852,-0.00915,-0.00915,0.76852,0.76852
6.0,0.01,5,225,0.01245,0.01245,0.01741,0.01741,-0.00335,-0.00962,0.78453,0.78453,0.00913,0.00913,0.00528,0.00528,0.00618,0.00618,-0.32779,-0.32779,0.0067,0.0067,-0.75505,-0.75505,-0.00618,-0.00618,0.32779,0.32779
6.0,0.01,5,270,0.01118,0.01118,0.01554,0.01554,0.0003,-0.00597,0.81012,0.81012,0.01372,0.01372,0.00685,0.00685,0.00915,0.00915,-0.76852,-0.76852,0.0,0.0,0.0,0.0,-0.0,-0.0,0.0,0.0
6.0,0.01,5,315,0.01245,0.01245,0.01741,0.01741,0.00335,-0.00292,0.35737,0.35737,0.01022,0.01022,0.00438,0.00438,0.0067,0.0067,-0.75505,-0.75505,-0.0067,-0.0067,0.75505,0.75505,0.00618,0.00618,-0.32779,-0.32779
6.0,0.01,7.5,0,0.0168,0.0168,0.02333,0.02333,0.00639,0.00012,0.0,-0.0,0.0,0.0,-0.0,-0.0,0.0,0.0,0.0,0.0,-0.01377,-0.01377,1.15637,1.15637,0.01377,0.01377,-1.15637,-1.15637
6.0,0.01,7.5,45,0.0187,0.0187,0.02621,0.02621,0.00505,-0.00122,-0.37378,-0.37378,-0.01573,-0.01573,-0.00622,-0.00622,-0.01023,-0.01023,1.2923,1.2923,-0.00905,-0.00905,0.32945,0.32945,0.01023,0.01023,-1.2923,-1.2923
6.0,0.01,7.5,90,0.0168,0.0168,0.02333,0.02333,0.00067,-0.0056,-1.21838,-1.21838,-0.02063,-0.02063,-0.01031,-0.01031,-0.01377,-0.01377,1.15637,1.15637,0.0,0.0,0.0,0.0,-0.0,-0.0,0.0,0.0
6.0,0.01,7.5,135,0.0187,0.0187,0.02621,0.02621,-0.00504,-0.01131,-1.33642,-1.33642,-0.01326,-0.01326,-0.00824,-0.00824,-0.00905,-0.00905,0.32945,0.32945,0.00905,0.00905,-0.32945,-0.32945,-0.01023,-0.01023,1.2923,1.2923
6.0,0.01,7.5,180,0.0168,0.0168,0.02333,0.02333,-0.00771,-0.01397,-0.0,-0.0,0.0,0.0,0.0,-0.0,0.0,0.0,0.0,0.0,0.01377,0.01377,-1.15637,-1.15637,-0.01377,-0.01377,1.15637,1.15637
6.0,0.01,7.5,225,0.0187,0.0187,0.02621,0.02621,-0.00504,-0.01131,1.33642,1.33642,0.01326,0.01326,0.00824,0.00824,0.00905,0.00905,-0.32945,-0.32945,0.01023,0.01023,-1.2923,-1.2923,-0.00905,-0.00905,0.32945,0.32945
6.0,0.01,7.5,270,0.0168,0.0168,0.02333,0.02333,0.00067,-0.0056,1.21838,1.21838,0.02063,0.02063,0.01031,0.01031,0.01377,0.01377,-1.15637,-1.15637,0.0,0.0,0.0,0.0,-0.0,-0.0,0.0,0.0
6.0,0.01,7.5,315,0.0187,0.0187,0.02621,0.02621,0.00505,-0.00122,0.37378,0.37378,0.01573,0.01573,0.00622,0.00622,0.01023,0.01023,-1.2923,-1.2923,-0.01023,-0.01023,1.2923,1.2923,0.00905,0.00905,-0.32945,-0.32945
6.0,0.01,10,0,0.02244,0.02244,0.0311,0.0311,0.00819,0.00193,0.0,-0.0,0.0,0.0,0.0,-0.0,0.0,0.0,0.0,0.0,-0.01845,-0.01845,1.5486,1.5486,0.01845,0.01845,-1.5486,-1.5486
6.0,0.01,10,45,0.02496,0.02496,0.03502,0.03502,0.00676,0.0005,-0.28005,-0.28005,-0.02149,-0.02149,-0.00783,-0.00783,-0.01387,-0.01387,1.93657,1.93657,-0.01177,-0.01177,0.22103,0.22103,0.01387,0.01387,-1.93657,-1.93657
6.0,0.01,10,90,0.02244,0.02244,0.0311,0.0311,0.00119,-0.00507,-1.63054,-1.63054,-0.0276,-0.0276,-0.01381,-0.01381,-0.01845,-0.01845,1.5486,1.5486,0.0,0.0,0.0,0.0,-0.0,-0.0,0.0,0.0
6.0,0.01,10,135,0.02496,0.02496,0.03502,0.03502,-0.00677,-0.01303,-1.99521,-1.99521,-0.01711,-0.01711,-0.01142,-0.01142,-0.01177,-0.01177,0.22103,0.22103,0.01177,0.01177,-0.22103,-0.22103,-0.01387,-0.01387,1.93657,1.93657
6.0,0.01,10,180,0.02244,0.02244,0.0311,0.0311,-0.01053,-0.0168,-0.0,-0.0,0.0,0.0,-0.0,-0.0,0.0,0.0,0.0,0.0,0.01845,0.01845,-1.5486,-1.5486,-0.01845,-0.01845,1.5486,1.5486
6.0,0.01,10,225,0.02496,0.02496,0.03502,0.03502,-0.00677,-0.01303,1.99521,1.99521,0.01711,0.01711,0.01142,0.01142,0.01177,0.01177,-0.22103,-0.22103,0.01387,0.01387,-1.93657,-1.93657,-0.01177,-0.01177,0.22103,0.22103
6.0,0.01,10,270,0.02244,0.02244,0.0311,0.0311,0.00119,-0.00507,1.63054,1.63054,0.0276,0.0276,0.01381,0.01381,0.01845,0.01845,-1.5486,-1.5486,-0.0,0.0,0.0,0.0,-0.0,-0.0,0.0,0.0
6.0,0.01,10,315,0.02496,0.02496,0.03502,0.03502,0.00676,0.0005,0.28005,0.28005,0.02149,0.02149,0.00783,0.00783,0.01387,0.01387,-1.93657,-1.93657,-0.01387,-0.01387,1.93657,1.93657,0.01177,0.01177,-0.22103,-0.22103
6.0,0.01,12.5,0,0.0281,0.0281,0.03882,0.03882,0.00982,0.00355,0.0,-0.0,0.0,0.0,0.0,-0.0,-0.0,-0.0,0.0,0.0,-0.0232,-0.0232,1.94677,1.94677,0.0232,0.0232,-1.94677,-1.94677
6.0,0.01,12.5,45,0.03124,0.03124,0.04382,0.04382,0.00851,0.00225,-0.07414,-0.07414,-0.02752,-0.02752,-0.00918,-0.00918,-0.01761,-0.01761,2.6887,2.6887,-0.01432,-0.01432,0.00052,0.00052,0.01761,0.01761,-2.6887,-2.6887
6.0,0.01,12.5,90,0.0281,0.0281,0.03882,0.03882,0.00188,-0.00439,-2.04801,-2.04801,-0.03466,-0.03466,-0.01736,-0.01736,-0.0232,-0.0232,1.94677,1.94677,0.0,0.0,0.0,0.0,-0.0,-0.0,0.0,0.0
6.0,0.01,12.5,135,0.03124,0.03124,0.04382,0.04382,-0.00853,-0.01479,-2.76172,-2.76172,-0.02065,-0.02065,-0.01481,-0.01481,-0.01432,-0.01432,0.00052,0.00052,0.01432,0.01432,-0.00052,-0.00052,-0.01761,-0.01761,2.6887,2.6887
6.0,0.01,12.5,180,0.0281,0.0281,0.03882,0.03882,-0.01348,-0.01974,-0.0,-0.0,0.0,0.0,-0.0,-0.0,-0.0,-0.0,0.0,0.0,0.0232,0.0232,-1.94677,-1.94677,-0.0232,-0.0232,1.94677,1.94677
6.0,0.01,12.5,225,0.03124,0.03124,0.04382,0.04382,-0.00853,-0.01479,2.76172,2.76172,0.02065,0.02065,0.01481,0.01481,0.01432,0.01432,-0.00052,-0.00052,0.01761,0.01761,-2.6887,-2.6887,-0.01432,-0.01432,0.00052,0.00052
6.0,0.01,12.5,270,0.0281,0.0281,0.03882,0.03882,0.00188,-0.00439,2.04801,2.04801,0.03466,0.03466,0.01736,0.01736,0.0232,0.0232,-1.94677,-1.94677,0.0,0.0,0.0,0.0,-0.0,-0.0,0.0,0.0
6.0,0.01,12.5,315,0.03124,0.03124,0.04382,0.04382,0.00851,0.00225,0.07414,0.07414,0.02752,0.02752,0.00918,0.00918,0.01761,0.01761,-2.6887,-2.6887,-0.01761,-0.01761,2.6887,2.6887,0.01432,0.01432,-0.00052,-0.00052
6.0,0.01,15,0,0.03379,0.03379,0.04645,0.04645,0.01127,0.005,0.0,-0.0,0.0,0.0,-0.0,-0.0,0.0,0.0,0.0,0.0,-0.02805,-0.02805,2.35253,2.35253,0.02805,0.02805,-2.35253,-2.35253
6.0,0.01,15,45,0.03754,0.03754,0.05255,0.05255,0.0103,0.00403,0.24646,0.24646,-0.0338,-0.0338,-0.01028,-0.01028,-0.02144,-0.02144,3.54991,3.54991,-0.01668,-0.01668,-0.33454,-0.33454,0.02144,0.02144,-3.54991,-3.54991
6.0,0.01,15,90,0.03379,0.03379,0.04645,0.04645,0.00272,-0.00355,-2.4723,-2.4723,-0.04183,-0.04183,-0.02097,-0.02097,-0.02805,-0.02805,2.35253,2.35253,0.0,0.0,0.0,0.0,0.0,0.0,0.0,0.0
6.0,0.01,15,135,0.03754,0.03754,0.05255,0.05255,-0.01034,-0.0166,-3.63713,-3.63713,-0.02387,-0.02387,-0.01841,-0.01841,-0.01668,-0.01668,-0.33454,-0.33454,0.01668,0.01668,0.33454,0.33454,-0.02144,-0.02144,3.54991,3.54991
6.0,0.01,15,180,0.03379,0.03379,0.04645,0.04645,-0.01653,-0.02279,-0.0,-0.0,0.0,0.0,0.0,-0.0,0.0,0.0,0.0,0.0,0.02805,0.02805,-2.35253,-2.35253,-0.02805,-0.02805,2.35253,2.35253
6.0,0.01,15,225,0.03754,0.03754,0.05255,0.05255,-0.01034,-0.0166,3.63713,3.63713,0.02387,0.02387,0.01841,0.01841,0.01668,0.01668,0.33454,0.33454,0.02144,0.02144,-3.54991,-3.54991,-0.01668,-0.01668,-0.33454,-0.33454
6.0,0.01,15,270,0.03379,0.03379,0.04645,0.04645,0.00272,-0.00355,2.4723,2.4723,0.04183,0.04183,0.02097,0.02097,0.02805,0.02805,-2.35253,-2.35253,-0.0,0.0,0.0,0.0,-0.0,-0.0,0.0,0.0
6.0,0.01,15,315,0.03754,0.03754,0.05255,0.05255,0.0103,0.00403,-0.24646,-0.24646,0.0338,0.0338,0.01028,0.01028,0.02144,0.02144,-3.54991,-3.54991,-0.02144,-0.02144,3.54991,3.54991,0.01668,0.01668,0.33454,0.33454
6.0,0.01,20,0,0.04526,0.04526,0.06132,0.06132,0.01358,0.00731,0.0,-0.0,0.0,0.0,-0.0,-0.0,0.0,0.0,0.0,0.0,-0.03814,-0.03814,3.19406,3.19406,0.03814,0.03814,-3.19406,-3.19406
6.0,0.01,20,45,0.05021,0.05021,0.06969,0.06969,0.01398,0.00771,1.24419,1.24419,-0.04712,-0.04712,-0.01168,-0.01168,-0.02935,-0.02935,5.60616,5.60616,-0.02081,-0.02081,-1.36062,-1.36062,0.02935,0.02935,-5.60616,-5.60616
6.0,0.01,20,90,0.04526,0.04526,0.06132,0.06132,0.00493,-0.00134,-3.348,-3.348,-0.05658,-0.05658,-0.02845,-0.02845,-0.03814,-0.03814,3.19406,3.19406,-0.0,0.0,0.0,0.0,-0.0,-0.0,0.0,0.0
6.0,0.01,20,135,0.05021,0.05021,0.06969,0.06969,-0.01415,-0.02042,-5.72108,-5.72108,-0.02932,-0.02932,-0.02621,-0.02621,-0.02081,-0.02081,-1.36062,-1.36062,0.02081,0.02081,1.36062,1.36062,-0.02935,-0.02935,5.60616,5.60616
6.0,0.01,20,180,0.04526,0.04526,0.06132,0.06132,-0.02293,-0.0292,-0.0,-0.0,0.0,0.0,-0.0,-0.0,0.0,0.0,0.0,0.0,0.03814,0.03814,-3.19406,-3.19406,-0.03814,-0.03814,3.19406,3.19406
6.0,0.01,20,225,0.05021,0.05021,0.06969,0.06969,-0.01415,-0.02042,5.72108,5.72108,0.02932,0.02932,0.02621,0.02621,0.02081,0.02081,1.36062,1.36062,0.02935,0.02935,-5.60616,-5.60616,-0.02081,-0.02081,-1.36062,-1.36062
6.0,0.01,20,270,0.04526,0.04526,0.06132,0.06132,0.00493,-0.00134,3.348,3.348,0.05658,0.05658,0.02845,0.02845,0.03814,0.03814,-3.19406,-3.19406,0.0,0.0,0.0,0.0,-0.0,-0.0,0.0,0.0
6.0,0.01,20,315,0.05021,0.05021,0.06969,0.06969,0.01398,0.00771,-1.24419,-1.24419,0.04712,0.04712,0.01168,0.01168,0.02935,0.02935,-5.60616,-5.60616,-0.02935,-0.02935,5.60616,5.60616,0.02081,0.02081,1.36062,1.36062
6.0,0.01,25,0,0.05689,0.05689,0.07543,0.07543,0.01509,0.00882,0.0,-0.0,0.0,0.0,-0.0,-0.0,0.0,0.0,0.0,0.0,-0.04894,-0.04894,4.08942,4.08942,0.04894,0.04894,-4.08942,-4.08942
6.0,0.01,25,45,0.06304,0.06304,0.08609,0.08609,0.01785,0.01158,2.74328,2.74328,-0.06143,-0.06143,-0.01192,-0.01192,-0.03752,-0.03752,8.12171,8.12171,-0.02402,-0.02402,-2.88697,-2.88697,0.03752,0.03752,-8.12171,-8.12171
6.0,0.01,25,90,0.05689,0.05689,0.07543,0.07543,0.00789,0.00162,-4.27284,-4.27284,-0.07209,-0.07209,-0.03637,-0.03637,-0.04894,-0.04894,4.08942,4.08942,0.0,0.0,0.0,0.0,-0.0,-0.0,0.0,0.0
6.0,0.01,25,135,0.06304,0.06304,0.08609,0.08609,-0.0183,-0.02457,-8.26307,-8.26307,-0.03334,-0.03334,-0.03481,-0.03481,-0.02402,-0.02402,-2.88697,-2.88697,0.02402,0.02402,2.88697,2.88697,-0.03752,-0.03752,8.12171,8.12171
6.0,0.01,25,180,0.05689,0.05689,0.07543,0.07543,-0.02969,-0.03596,-0.0,-0.0,0.0,0.0,-0.0,-0.0,0.0,0.0,0.0,0.0,0.04894,0.04894,-4.08942,-4.08942,-0.04894,-0.04894,4.08942,4.08942
6.0,0.01,25,225,0.06304,0.06304,0.08609,0.08609,-0.0183,-0.02457,8.26307,8.26307,0.03334,0.03334,0.03481,0.03481,0.02402,0.02402,2.88697,2.88697,0.03752,0.03752,-8.12171,-8.12171,-0.02402,-0.02402,-2.88697,-2.88697
6.0,0.01,25,270,0.05689,0.05689,0.07543,0.07543,0.00789,0.00162,4.27284,4.27284,0.07209,0.07209,0.03637,0.03637,0.04894,0.04894,-4.08942,-4.08942,0.0,0.0,0.0,0.0,-0.0,-0.0,0.0,0.0
6.0,0.01,25,315,0.06304,0.06304,0.08609,0.08609,0.01785,0.01158,-2.74328,-2.74328,0.06143,0.06143,0.01192,0.01192,0.03752,0.03752,-8.12171,-8.12171,-0.03752,-0.03752,8.12171,8.12171,0.02402,0.02402,2.88697,2.88697
6.0,0.01,30,0,0.06876,0.06876,0.0885,0.0885,0.01574,0.00947,0.0,-0.0,0.0,0.0,0.0,-0.0,0.0,0.0,0.0,0.0,-0.06072,-0.06072,5.05867,5.05867,0.06072,0.06072,-5.05867,-5.05867
6.0,0.01,30,45,0.07609,0.07609,0.10139,0.10139,0.02189,0.01562,4.78258,4.78258,-0.07667,-0.07667,-0.01091,-0.01091,-0.04588,-0.04588,11.11773,11.11773,-0.02613,-0.02613,-4.95193,-4.95193,0.04588,0.04588,-11.11773,-11.11773
6.0,0.01,30,90,0.06876,0.06876,0.0885,0.0885,0.01171,0.00545,-5.26597,-5.26597,-0.0886,-0.0886,-0.04486,-0.04486,-0.06072,-0.06072,5.05867,5.05867,0.0,0.0,0.0,0.0,-0.0,-0.0,0.0,0.0
6.0,0.01,30,135,0.07609,0.07609,0.10139,0.10139,-0.02292,-0.02918,-11.2838,-11.2838,-0.0358,-0.0358,-0.04416,-0.04416,-0.02613,-0.02613,-4.95193,-4.95193,0.02613,0.02613,4.95193,4.95193,-0.04588,-0.04588,11.11773,11.11773
6.0,0.01,30,180,0.06876,0.06876,0.0885,0.0885,-0.03674,-0.04301,-0.0,-0.0,0.0,0.0,0.0,-0.0,0.0,0.0,0.0,0.0,0.06072,0.06072,-5.05867,-5.05867,-0.06072,-0.06072,5.05867,5.05867
6.0,0.01,30,225,0.07609,0.07609,0.10139,0.10139,-0.02292,-0.02918,11.2838,11.2838,0.0358,0.0358,0.04416,0.04416,0.02613,0.02613,4.95193,4.95193,0.04588,0.04588,-11.11773,-11.11773,-0.02613,-0.02613,-4.95193,-4.95193
6.0,0.01,30,270,0.06876,0.06876,0.0885,0.0885,0.01171,0.00545,5.26597,5.26597,0.0886,0.0886,0.04486,0.04486,0.06072,0.06072,-5.05867,-5.05867,0.0,0.0,0.0,0.0,0.0,0.0,0.0,0.0
6.0,0.01,30,315,0.07609,0.07609,0.10139,0.10139,0.02189,0.01562,-4.78258,-4.78258,0.07667,0.07667,0.01091,0.01091,0.04588,0.04588,-11.11773,-11.11773,-0.04588,-0.04588,11.11773,11.11773,0.02613,0.02613,4.95193,4.95193
6.0,0.02,0,0,0.0,0.0,0.0,0.0,0.0,-0.01253,0.0,-0.0,0.0,0.0,0.0,-0.0,0.0,0.0,0.0,0.0,0.0,0.0,0.0,0.0,0.0,0.0,0.0,0.0
6.0,0.02,0,45,0.0,0.0,0.0,0.0,0.0,-0.01253,0.0,-0.0,0.0,0.0,0.0,-0.0,0.0,0.0,0.0,0.0,0.0,0.0,0.0,0.0,0.0,0.0,0.0,0.0
6.0,0.02,0,90,0.0,0.0,0.0,0.0,0.0,-0.01253,0.0,-0.0,0.0,0.0,0.0,-0.0,0.0,0.0,0.0,0.0,0.0,0.0,0.0,0.0,0.0,0.0,0.0,0.0
6.0,0.02,0,135,0.0,0.0,0.0,0.0,0.0,-0.01253,0.0,-0.0,0.0,0.0,0.0,-0.0,0.0,0.0,0.0,0.0,0.0,0.0,0.0,0.0,0.0,0.0,0.0,0.0
6.0,0.02,0,180,0.0,0.0,0.0,0.0,0.0,-0.01253,0.0,-0.0,0.0,0.0,0.0,-0.0,0.0,0.0,0.0,0.0,0.0,0.0,0.0,0.0,0.0,0.0,0.0,0.0
6.0,0.02,0,225,0.0,0.0,0.0,0.0,0.0,-0.01253,0.0,-0.0,0.0,0.0,0.0,-0.0,0.0,0.0,0.0,0.0,0.0,0.0,0.0,0.0,0.0,0.0,0.0,0.0
6.0,0.02,0,270,0.0,0.0,0.0,0.0,0.0,-0.01253,0.0,-0.0,0.0,0.0,0.0,-0.0,0.0,0.0,0.0,0.0,0.0,0.0,0.0,0.0,0.0,0.0,0.0,0.0
6.0,0.02,0,315,0.0,0.0,0.0,0.0,0.0,-0.01253,0.0,-0.0,0.0,0.0,0.0,-0.0,0.0,0.0,0.0,0.0,0.0,0.0,0.0,0.0,0.0,0.0,0.0,0.0
6.0,0.02,2.5,0,0.00768,0.00768,0.00776,0.00776,0.00403,-0.00851,0.0,-0.0,0.0,0.0,0.0,-0.0,0.0,0.0,0.0,0.0,-0.00812,-0.00812,0.38354,0.38354,0.00812,0.00812,-0.38354,-0.38354
6.0,0.02,2.5,45,0.00856,0.00856,0.00868,0.00868,0.0029,-0.00964,-0.23232,-0.23232,-0.00462,-0.00462,-0.0045,-0.0045,-0.00578,-0.00578,0.3244,0.3244,-0.00569,-0.00569,0.21751,0.21751,0.00578,0.00578,-0.3244,-0.3244
6.0,0.02,2.5,90,0.00768,0.00768,0.00776,0.00776,6e-05,-0.01247,-0.40446,-0.40446,-0.00622,-0.00622,-0.00655,-0.00655,-0.00812,-0.00812,0.38354,0.38354,0.0,0.0,0.0,0.0,-0.0,-0.0,0.0,0.0
6.0,0.02,2.5,135,0.00856,0.00856,0.00868,0.00868,-0.0029,-0.01543,-0.3392,-0.3392,-0.00417,-0.00417,-0.00476,-0.00476,-0.00569,-0.00569,0.21751,0.21751,0.00569,0.00569,-0.21751,-0.21751,-0.00578,-0.00578,0.3244,0.3244
6.0,0.02,2.5,180,0.00768,0.00768,0.00776,0.00776,-0.00415,-0.01669,-0.0,-0.0,0.0,0.0,-0.0,-0.0,0.0,0.0,0.0,0.0,0.00812,0.00812,-0.38354,-0.38354,-0.00812,-0.00812,0.38354,0.38354
6.0,0.02,2.5,225,0.00856,0.00856,0.00868,0.00868,-0.0029,-0.01543,0.3392,0.3392,0.00417,0.00417,0.00476,0.00476,0.00569,0.00569,-0.21751,-0.21751,0.00578,0.00578,-0.3244,-0.3244,-0.00569,-0.00569,0.21751,0.21751
6.0,0.02,2.5,270,0.00768,0.00768,0.00776,0.00776,6e-05,-0.01247,0.40446,0.40446,0.00622,0.00622,0.00655,0.00655,0.00812,0.00812,-0.38354,-0.38354,0.0,0.0,0.0,0.0,-0.0,-0.0,0.0,0.0
6.0,0.02,2.5,315,0.00856,0.00856,0.00868,0.00868,0.0029,-0.00964,0.23232,0.23232,0.00462,0.00462,0.0045,0.0045,0.00578,0.00578,-0.3244,-0.3244,-0.00578,-0.00578,0.3244,0.3244,0.00569,0.00569,-0.21751,-0.21751
6.0,0.02,5,0,0.0154,0.0154,0.01556,0.01556,0.00792,-0.00461,0.0,-0.0,0.0,0.0,0.0,-0.0,0.0,0.0,0.0,0.0,-0.01627,-0.01627,0.76852,0.76852,0.01627,0.01627,-0.76852,-0.76852
6.0,0.02,5,45,0.01715,0.01715,0.01744,0.01744,0.00581,-0.00673,-0.35705,-0.35705,-0.00968,-0.00968,-0.00872,-0.00872,-0.01162,-0.01162,0.75541,0.75541,-0.01129,-0.01129,0.32742,0.32742,0.01162,0.01162,-0.75541,-0.75541
6.0,0.02,5,90,0.0154,0.0154,0.01556,0.01556,0.00025,-0.01228,-0.81019,-0.81019,-0.01245,-0.01245,-0.01312,-0.01312,-0.01627,-0.01627,0.76852,0.76852,0.0,0.0,0.0,0.0,-0.0,-0.0,0.0,0.0
6.0,0.02,5,135,0.01715,0.01715,0.01744,0.01744,-0.0058,-0.01834,-0.78494,-0.78494,-0.00789,-0.00789,-0.00977,-0.00977,-0.01129,-0.01129,0.32742,0.32742,0.01129,0.01129,-0.32742,-0.32742,-0.01162,-0.01162,0.75541,0.75541
6.0,0.02,5,180,0.0154,0.0154,0.01556,0.01556,-0.00842,-0.02095,-0.0,-0.0,0.0,0.0,-0.0,-0.0,0.0,0.0,0.0,0.0,0.01627,0.01627,-0.76852,-0.76852,-0.01627,-0.01627,0.76852,0.76852
6.0,0.02,5,225,0.01715,0.01715,0.01744,0.01744,-0.0058,-0.01834,0.78494,0.78494,0.00789,0.00789,0.00977,0.00977,0.01129,0.01129,-0.32742,-0.32742,0.01162,0.01162,-0.75541,-0.75541,-0.01129,-0.01129,0.32742,0.32742
6.0,0.02,5,270,0.0154,0.0154,0.01556,0.01556,0.00025,-0.01228,0.81019,0.81019,0.01245,0.01245,0.01312,0.01312,0.01627,0.01627,-0.76852,-0.76852,-0.0,0.0,0.0,0.0,-0.0,-0.0,0.0,0.0
6.0,0.02,5,315,0.01715,0.01715,0.01744,0.01744,0.00581,-0.00673,0.35705,0.35705,0.00968,0.00968,0.00872,0.00872,0.01162,0.01162,-0.75541,-0.75541,-0.01162,-0.01162,0.75541,0.75541,0.01129,0.01129,-0.32742,-0.32742
6.0,0.02,7.5,0,0.02316,0.02316,0.02337,0.02337,0.01168,-0.00086,0.0,-0.0,0.0,0.0,0.0,-0.0,0.0,0.0,0.0,0.0,-0.02448,-0.02448,1.15637,1.15637,0.02448,0.02448,-1.15637,-1.15637
6.0,0.02,7.5,45,0.02577,0.02577,0.02625,0.02625,0.00874,-0.00379,-0.37303,-0.37303,-0.01519,-0.01519,-0.01266,-0.01266,-0.01753,-0.01753,1.29313,1.29313,-0.01678,-0.01678,0.32862,0.32862,0.01753,0.01753,-1.29313,-1.29313
6.0,0.02,7.5,90,0.02316,0.02316,0.02337,0.02337,0.00057,-0.01197,-1.21848,-1.21848,-0.01871,-0.01871,-0.01972,-0.01972,-0.02448,-0.02448,1.15637,1.15637,0.0,0.0,0.0,0.0,-0.0,-0.0,0.0,0.0
6.0,0.02,7.5,135,0.02577,0.02577,0.02625,0.02625,-0.00873,-0.02127,-1.33732,-1.33732,-0.01116,-0.01116,-0.01502,-0.01502,-0.01678,-0.01678,0.32862,0.32862,0.01678,0.01678,-0.32862,-0.32862,-0.01753,-0.01753,1.29313,1.29313
6.0,0.02,7.5,180,0.02316,0.02316,0.02337,0.02337,-0.01278,-0.02532,-0.0,-0.0,0.0,0.0,0.0,-0.0,0.0,0.0,0.0,0.0,0.02448,0.02448,-1.15637,-1.15637,-0.02448,-0.02448,1.15637,1.15637
6.0,0.02,7.5,225,0.02577,0.02577,0.02625,0.02625,-0.00873,-0.02127,1.33732,1.33732,0.01116,0.01116,0.01502,0.01502,0.01678,0.01678,-0.32862,-0.32862,0.01753,0.01753,-1.29313,-1.29313,-0.01678,-0.01678,0.32862,0.32862
6.0,0.02,7.5,270,0.02316,0.02316,0.02337,0.02337,0.00057,-0.01197,1.21848,1.21848,0.01871,0.01871,0.01972,0.01972,0.02448,0.02448,-1.15637,-1.15637,0.0,0.0,0.0,0.0,-0.0,-0.0,0.0,0.0
6.0,0.02,7.5,315,0.02577,0.02577,0.02625,0.02625,0.00874,-0.00379,0.37303,0.37303,0.01519,0.01519,0.01266,0.01266,0.01753,0.01753,-1.29313,-1.29313,-0.01753,-0.01753,1.29313,1.29313,0.01678,0.01678,-0.32862,-0.32862
6.0,0.02,10,0,0.03097,0.03097,0.03116,0.03116,0.01527,0.00274,0.0,-0.0,0.0,0.0,0.0,-0.0,0.0,0.0,0.0,0.0,-0.03278,-0.03278,1.5486,1.5486,0.03278,0.03278,-1.5486,-1.5486
6.0,0.02,10,45,0.03444,0.03444,0.03508,0.03508,0.01172,-0.00082,-0.27868,-0.27868,-0.02115,-0.02115,-0.01631,-0.01631,-0.02348,-0.02348,1.93804,1.93804,-0.02215,-0.02215,0.21956,0.21956,0.02348,0.02348,-1.93804,-1.93804
6.0,0.02,10,90,0.03097,0.03097,0.03116,0.03116,0.00101,-0.01152,-1.63067,-1.63067,-0.02502,-0.02502,-0.02638,-0.02638,-0.03278,-0.03278,1.5486,1.5486,0.0,0.0,0.0,0.0,-0.0,-0.0,0.0,0.0
6.0,0.02,10,135,0.03444,0.03444,0.03508,0.03508,-0.01171,-0.02424,-1.99678,-1.99678,-0.01396,-0.01396,-0.0205,-0.0205,-0.02215,-0.02215,0.21956,0.21956,0.02215,0.02215,-0.21956,-0.21956,-0.02348,-0.02348,1.93804,1.93804
6.0,0.02,10,180,0.03097,0.03097,0.03116,0.03116,-0.01724,-0.02978,-0.0,-0.0,0.0,0.0,-0.0,-0.0,0.0,0.0,0.0,0.0,0.03278,0.03278,-1.5486,-1.5486,-0.03278,-0.03278,1.5486,1.5486
6.0,0.02,10,225,0.03444,0.03444,0.03508,0.03508,-0.01171,-0.02424,1.99678,1.99678,0.01396,0.01396,0.0205,0.0205,0.02215,0.02215,-0.21956,-0.21956,0.02348,0.02348,-1.93804,-1.93804,-0.02215,-0.02215,0.21956,0.21956
6.0,0.02,10,270,0.03097,0.03097,0.03116,0.03116,0.00101,-0.01152,1.63067,1.63067,0.02502,0.02502,0.02638,0.02638,0.03278,0.03278,-1.5486,-1.5486,-0.0,0.0,0.0,0.0,-0.0,-0.0,0.0,0.0
6.0,0.02,10,315,0.03444,0.03444,0.03508,0.03508,0.01172,-0.00082,0.27868,0.27868,0.02115,0.02115,0.01631,0.01631,0.02348,0.02348,-1.93804,-1.93804,-0.02348,-0.02348,1.93804,1.93804,0.02215,0.02215,-0.21956,-0.21956
6.0,0.02,12.5,0,0.03885,0.03885,0.03889,0.03889,0.01871,0.00617,0.0,-0.0,0.0,0.0,0.0,-0.0,-0.0,-0.0,0.0,0.0,-0.04122,-0.04122,1.94677,1.94677,0.04122,0.04122,-1.94677,-1.94677
6.0,0.02,12.5,45,0.04317,0.04317,0.04389,0.04389,0.01474,0.00221,-0.07196,-0.07196,-0.02756,-0.02756,-0.01965,-0.01965,-0.02947,-0.02947,2.691,2.691,-0.02738,-0.02738,-0.00178,-0.00178,0.02947,0.02947,-2.691,-2.691
6.0,0.02,12.5,90,0.03885,0.03885,0.03889,0.03889,0.00159,-0.01095,-2.04817,-2.04817,-0.03139,-0.03139,-0.03311,-0.03311,-0.04122,-0.04122,1.94677,1.94677,0.0,0.0,0.0,0.0,-0.0,-0.0,0.0,0.0
6.0,0.02,12.5,135,0.04317,0.04317,0.04389,0.04389,-0.01473,-0.02726,-2.76414,-2.76414,-0.01629,-0.01629,-0.0262,-0.0262,-0.02738,-0.02738,-0.00178,-0.00178,0.02738,0.02738,0.00178,0.00178,-0.02947,-0.02947,2.691,2.691
6.0,0.02,12.5,180,0.03885,0.03885,0.03889,0.03889,-0.02179,-0.03432,-0.0,-0.0,0.0,0.0,-0.0,-0.0,-0.0,-0.0,0.0,0.0,0.04122,0.04122,-1.94677,-1.94677,-0.04122,-0.04122,1.94677,1.94677
6.0,0.02,12.5,225,0.04317,0.04317,0.04389,0.04389,-0.01473,-0.02726,2.76414,2.76414,0.01629,0.01629,0.0262,0.0262,0.02738,0.02738,0.00178,0.00178,0.02947,0.02947,-2.691,-2.691,-0.02738,-0.02738,-0.00178,-0.00178
6.0,0.02,12.5,270,0.03885,0.03885,0.03889,0.03889,0.00159,-0.01095,2.04817,2.04817,0.03139,0.03139,0.03311,0.03311,0.04122,0.04122,-1.94677,-1.94677,0.0,0.0,0.0,0.0,-0.0,-0.0,0.0,0.0
6.0,0.02,12.5,315,0.04317,0.04317,0.04389,0.04389,0.01474,0.00221,0.07196,0.07196,0.02756,0.02756,0.01965,0.01965,0.02947,0.02947,-2.691,-2.691,-0.02947,-0.02947,2.691,2.691,0.02738,0.02738,0.00178,0.00178
6.0,0.02,15,0,0.0468,0.0468,0.04653,0.04653,0.02196,0.00943,0.0,-0.0,0.0,0.0,-0.0,-0.0,0.0,0.0,0.0,0.0,-0.04982,-0.04982,2.35253,2.35253,0.04982,0.04982,-2.35253,-2.35253
6.0,0.02,15,45,0.05198,0.05198,0.05264,0.05264,0.01782,0.00529,0.24964,0.24964,-0.03443,-0.03443,-0.02268,-0.02268,-0.03548,-0.03548,3.55324,3.55324,-0.03245,-0.03245,-0.33786,-0.33786,0.03548,0.03548,-3.55324,-3.55324
6.0,0.02,15,90,0.0468,0.0468,0.04653,0.04653,0.0023,-0.01024,-2.47248,-2.47248,-0.03783,-0.03783,-0.03993,-0.03993,-0.04982,-0.04982,2.35253,2.35253,0.0,0.0,0.0,0.0,0.0,0.0,0.0,0.0
6.0,0.02,15,135,0.05198,0.05198,0.05264,0.05264,-0.01782,-0.03036,-3.6406,-3.6406,-0.01815,-0.01815,-0.03211,-0.03211,-0.03245,-0.03245,-0.33786,-0.33786,0.03245,0.03245,0.33786,0.33786,-0.03548,-0.03548,3.55324,3.55324
6.0,0.02,15,180,0.0468,0.0468,0.04653,0.04653,-0.0264,-0.03894,-0.0,-0.0,0.0,0.0,0.0,-0.0,-0.0,-0.0,0.0,0.0,0.04982,0.04982,-2.35253,-2.35253,-0.04982,-0.04982,2.35253,2.35253
6.0,0.02,15,225,0.05198,0.05198,0.05264,0.05264,-0.01782,-0.03036,3.6406,3.6406,0.01815,0.01815,0.03211,0.03211,0.03245,0.03245,0.33786,0.33786,0.03548,0.03548,-3.55324,-3.55324,-0.03245,-0.03245,-0.33786,-0.33786
6.0,0.02,15,270,0.0468,0.0468,0.04653,0.04653,0.0023,-0.01024,2.47248,2.47248,0.03783,0.03783,0.03993,0.03993,0.04982,0.04982,-2.35253,-2.35253,-0.0,0.0,0.0,0.0,-0.0,-0.0,0.0,0.0
6.0,0.02,15,315,0.05198,0.05198,0.05264,0.05264,0.01782,0.00529,-0.24964,-0.24964,0.03443,0.03443,0.02268,0.02268,0.03548,0.03548,-3.55324,-3.55324,-0.03548,-0.03548,3.55324,3.55324,0.03245,0.03245,0.33786,0.33786
6.0,0.02,20,0,0.06301,0.06301,0.06142,0.06142,0.02791,0.01537,0.0,-0.0,0.0,0.0,0.0,-0.0,0.0,0.0,0.0,0.0,-0.06768,-0.06768,3.19406,3.19406,0.06768,0.06768,-3.19406,-3.19406
6.0,0.02,20,45,0.06987,0.06987,0.0698,0.0698,0.02422,0.01168,1.24996,1.24996,-0.04956,-0.04956,-0.02773,-0.02773,-0.04751,-0.04751,5.61212,5.61212,-0.04206,-0.04206,-1.36658,-1.36658,0.04751,0.04751,-5.61212,-5.61212
6.0,0.02,20,90,0.06301,0.06301,0.06142,0.06142,0.00415,-0.00838,-3.34821,-3.34821,-0.05101,-0.05101,-0.0539,-0.0539,-0.06768,-0.06768,3.19406,3.19406,-0.0,0.0,0.0,0.0,-0.0,-0.0,0.0,0.0
6.0,0.02,20,135,0.06987,0.06987,0.0698,0.0698,-0.02427,-0.0368,-5.72722,-5.72722,-0.02037,-0.02037,-0.0445,-0.0445,-0.04206,-0.04206,-1.36658,-1.36658,0.04206,0.04206,1.36658,1.36658,-0.04751,-0.04751,5.61212,5.61212
6.0,0.02,20,180,0.06301,0.06301,0.06142,0.06142,-0.03583,-0.04836,-0.0,-0.0,0.0,0.0,-0.0,-0.0,0.0,0.0,0.0,0.0,0.06768,0.06768,-3.19406,-3.19406,-0.06768,-0.06768,3.19406,3.19406
6.0,0.02,20,225,0.06987,0.06987,0.0698,0.0698,-0.02427,-0.0368,5.72722,5.72722,0.02037,0.02037,0.0445,0.0445,0.04206,0.04206,1.36658,1.36658,0.04751,0.04751,-5.61212,-5.61212,-0.04206,-0.04206,-1.36658,-1.36658
6.0,0.02,20,270,0.06301,0.06301,0.06142,0.06142,0.00415,-0.00838,3.34821,3.34821,0.05101,0.05101,0.0539,0.0539,0.06768,0.06768,-3.19406,-3.19406,0.0,0.0,0.0,0.0,-0.0,-0.0,0.0,0.0
6.0,0.02,20,315,0.06987,0.06987,0.0698,0.0698,0.02422,0.01168,-1.24996,-1.24996,0.04956,0.04956,0.02773,0.02773,0.04751,0.04751,-5.61212,-5.61212,-0.04751,-0.04751,5.61212,5.61212,0.04206,0.04206,1.36658,1.36658
6.0,0.02,25,0,0.07972,0.07972,0.07554,0.07554,0.03303,0.02049,0.0,-0.0,0.0,0.0,0.0,-0.0,0.0,0.0,0.0,0.0,-0.08672,-0.08672,4.08942,4.08942,0.08672,0.08672,-4.08942,-4.08942
6.0,0.02,25,45,0.08828,0.08828,0.08621,0.08621,0.03097,0.01844,2.75247,2.75247,-0.06659,-0.06659,-0.03134,-0.03134,-0.05942,-0.05942,8.13111,8.13111,-0.05079,-0.05079,-2.89637,-2.89637,0.05942,0.05942,-8.13111,-8.13111
6.0,0.02,25,90,0.07972,0.07972,0.07554,0.07554,0.00662,-0.00592,-4.27306,-4.27306,-0.0647,-0.0647,-0.06842,-0.06842,-0.08672,-0.08672,4.08942,4.08942,0.0,0.0,0.0,0.0,-0.0,-0.0,0.0,0.0
6.0,0.02,25,135,0.08828,0.08828,0.08621,0.08621,-0.03116,-0.0437,-8.27269,-8.27269,-0.02052,-0.02052,-0.05754,-0.05754,-0.05079,-0.05079,-2.89637,-2.89637,0.05079,0.05079,2.89637,2.89637,-0.05942,-0.05942,8.13111,8.13111
6.0,0.02,25,180,0.07972,0.07972,0.07554,0.07554,-0.04543,-0.05797,-0.0,-0.0,0.0,0.0,-0.0,-0.0,0.0,0.0,0.0,0.0,0.08672,0.08672,-4.08942,-4.08942,-0.08672,-0.08672,4.08942,4.08942
6.0,0.02,25,225,0.08828,0.08828,0.08621,0.08621,-0.03116,-0.0437,8.27269,8.27269,0.02052,0.02052,0.05754,0.05754,0.05079,0.05079,2.89637,2.89637,0.05942,0.05942,-8.13111,-8.13111,-0.05079,-0.05079,-2.89637,-2.89637
6.0,0.02,25,270,0.07972,0.07972,0.07554,0.07554,0.00662,-0.00592,4.27306,4.27306,0.0647,0.0647,0.06842,0.06842,0.08672,0.08672,-4.08942,-4.08942,0.0,0.0,0.0,0.0,-0.0,-0.0,0.0,0.0
6.0,0.02,25,315,0.08828,0.08828,0.08621,0.08621,0.03097,0.01844,-2.75247,-2.75247,0.06659,0.06659,0.03134,0.03134,0.05942,0.05942,-8.13111,-8.13111,-0.05942,-0.05942,8.13111,8.13111,0.05079,0.05079,2.89637,2.89637
6.0,0.02,30,0,0.09713,0.09713,0.08862,0.08862,0.03724,0.0247,0.0,-0.0,0.0,0.0,0.0,-0.0,0.0,0.0,0.0,0.0,-0.1074,-0.1074,5.05867,5.05867,0.1074,0.1074,-5.05867,-5.05867
6.0,0.02,30,45,0.1074,0.1074,0.10153,0.10153,0.03815,0.02561,4.79605,4.79605,-0.08558,-0.08558,-0.03338,-0.03338,-0.07107,-0.07107,11.13144,11.13144,-0.05839,-0.05839,-4.96563,-4.96563,0.07107,0.07107,-11.13144,-11.13144
6.0,0.02,30,90,0.09713,0.09713,0.08862,0.08862,0.00976,-0.00277,-5.26617,-5.26617,-0.07904,-0.07904,-0.08357,-0.08357,-0.1074,-0.1074,5.05867,5.05867,0.0,0.0,0.0,0.0,-0.0,-0.0,0.0,0.0
6.0,0.02,30,135,0.1074,0.1074,0.10153,0.10153,-0.03864,-0.05117,-11.29773,-11.29773,-0.01848,-0.01848,-0.07101,-0.07101,-0.05839,-0.05839,-4.96563,-4.96563,0.05839,0.05839,4.96563,4.96563,-0.07107,-0.07107,11.13144,11.13144
6.0,0.02,30,180,0.09713,0.09713,0.08862,0.08862,-0.05517,-0.0677,-0.0,-0.0,0.0,0.0,0.0,-0.0,0.0,0.0,0.0,0.0,0.1074,0.1074,-5.05867,-5.05867,-0.1074,-0.1074,5.05867,5.05867
6.0,0.02,30,225,0.1074,0.1074,0.10153,0.10153,-0.03864,-0.05117,11.29773,11.29773,0.01848,0.01848,0.07101,0.07101,0.05839,0.05839,4.96563,4.96563,0.07107,0.07107,-11.13144,-11.13144,-0.05839,-0.05839,-4.96563,-4.96563
6.0,0.02,30,270,0.09713,0.09713,0.08862,0.08862,0.00976,-0.00277,5.26617,5.26617,0.07904,0.07904,0.08357,0.08357,0.1074,0.1074,-5.05867,-5.05867,0.0,0.0,0.0,0.0,0.0,0.0,0.0,0.0
6.0,0.02,30,315,0.1074,0.1074,0.10153,0.10153,0.03815,0.02561,-4.79605,-4.79605,0.08558,0.08558,0.03338,0.03338,0.07107,0.07107,-11.13144,-11.13144,-0.07107,-0.07107,11.13144,11.13144,0.05839,0.05839,4.96563,4.96563
6.0,0.03,0,0,0.0,0.0,0.0,0.0,0.0,-0.0188,0.0,-0.0,0.0,0.0,0.0,-0.0,0.0,0.0,0.0,0.0,0.0,0.0,0.0,0.0,0.0,0.0,0.0,0.0
6.0,0.03,0,45,0.0,0.0,0.0,0.0,0.0,-0.0188,0.0,-0.0,0.0,0.0,0.0,-0.0,0.0,0.0,0.0,0.0,0.0,0.0,0.0,0.0,0.0,0.0,0.0,0.0
6.0,0.03,0,90,0.0,0.0,0.0,0.0,0.0,-0.0188,0.0,-0.0,0.0,0.0,0.0,-0.0,0.0,0.0,0.0,0.0,0.0,0.0,0.0,0.0,0.0,0.0,0.0,0.0
6.0,0.03,0,135,0.0,0.0,0.0,0.0,0.0,-0.0188,0.0,-0.0,0.0,0.0,0.0,-0.0,0.0,0.0,0.0,0.0,0.0,0.0,0.0,0.0,0.0,0.0,0.0,0.0
6.0,0.03,0,180,0.0,0.0,0.0,0.0,0.0,-0.0188,0.0,-0.0,0.0,0.0,0.0,-0.0,0.0,0.0,0.0,0.0,0.0,0.0,0.0,0.0,0.0,0.0,0.0,0.0
6.0,0.03,0,225,0.0,0.0,0.0,0.0,0.0,-0.0188,0.0,-0.0,0.0,0.0,0.0,-0.0,0.0,0.0,0.0,0.0,0.0,0.0,0.0,0.0,0.0,0.0,0.0,0.0
6.0,0.03,0,270,0.0,0.0,0.0,0.0,0.0,-0.0188,0.0,-0.0,0.0,0.0,0.0,-0.0,0.0,0.0,0.0,0.0,0.0,0.0,0.0,0.0,0.0,0.0,0.0,0.0
6.0,0.03,0,315,0.0,0.0,0.0,0.0,0.0,-0.0188,0.0,-0.0,0.0,0.0,0.0,-0.0,0.0,0.0,0.0,0.0,0.0,0.0,0.0,0.0,0.0,0.0,0.0,0.0
6.0,0.03,2.5,0,0.00978,0.00978,0.00778,0.00778,0.00577,-0.01303,0.0,-0.0,0.0,0.0,0.0,-0.0,0.0,0.0,0.0,0.0,-0.01167,-0.01167,0.38354,0.38354,0.01167,0.01167,-0.38354,-0.38354
6.0,0.03,2.5,45,0.0109,0.0109,0.00869,0.00869,0.00412,-0.01468,-0.23226,-0.23226,-0.00426,-0.00426,-0.00678,-0.00678,-0.00826,-0.00826,0.3245,0.3245,-0.00823,-0.00823,0.21742,0.21742,0.00826,0.00826,-0.3245,-0.3245
6.0,0.03,2.5,90,0.00978,0.00978,0.00778,0.00778,5e-05,-0.01875,-0.40449,-0.40449,-0.00558,-0.00558,-0.00982,-0.00982,-0.01167,-0.01167,0.38354,0.38354,0.0,0.0,0.0,0.0,-0.0,-0.0,0.0,0.0
6.0,0.03,2.5,135,0.0109,0.0109,0.00869,0.00869,-0.00412,-0.02292,-0.33931,-0.33931,-0.00364,-0.00364,-0.0071,-0.0071,-0.00823,-0.00823,0.21742,0.21742,0.00823,0.00823,-0.21742,-0.21742,-0.00826,-0.00826,0.3245,0.3245
6.0,0.03,2.5,180,0.00978,0.00978,0.00778,0.00778,-0.00587,-0.02467,-0.0,-0.0,0.0,0.0,-0.0,-0.0,0.0,0.0,0.0,0.0,0.01167,0.01167,-0.38354,-0.38354,-0.01167,-0.01167,0.38354,0.38354
6.0,0.03,2.5,225,0.0109,0.0109,0.00869,0.00869,-0.00412,-0.02292,0.33931,0.33931,0.00364,0.00364,0.0071,0.0071,0.00823,0.00823,-0.21742,-0.21742,0.00826,0.00826,-0.3245,-0.3245,-0.00823,-0.00823,0.21742,0.21742
6.0,0.03,2.5,270,0.00978,0.00978,0.00778,0.00778,5e-05,-0.01875,0.40449,0.40449,0.00558,0.00558,0.00982,0.00982,0.01167,0.01167,-0.38354,-0.38354,0.0,0.0,0.0,0.0,-0.0,-0.0,0.0,0.0
6.0,0.03,2.5,315,0.0109,0.0109,0.00869,0.00869,0.00412,-0.01468,0.23226,0.23226,0.00426,0.00426,0.00678,0.00678,0.00826,0.00826,-0.3245,-0.3245,-0.00826,-0.00826,0.3245,0.3245,0.00823,0.00823,-0.21742,-0.21742
6.0,0.03,5,0,0.01962,0.01962,0.01559,0.01559,0.01143,-0.00737,0.0,-0.0,0.0,0.0,0.0,-0.0,0.0,0.0,0.0,0.0,-0.02338,-0.02338,0.76852,0.76852,0.02338,0.02338,-0.76852,-0.76852
6.0,0.03,5,45,0.02185,0.02185,0.01747,0.01747,0.00826,-0.01054,-0.35673,-0.35673,-0.00914,-0.00914,-0.0132,-0.0132,-0.01654,-0.01654,0.75578,0.75578,-0.0164,-0.0164,0.32706,0.32706,0.01654,0.01654,-0.75578,-0.75578
6.0,0.03,5,90,0.01962,0.01962,0.01559,0.01559,0.00021,-0.0186,-0.81026,-0.81026,-0.01118,-0.01118,-0.01967,-0.01967,-0.02338,-0.02338,0.76852,0.76852,0.0,0.0,0.0,0.0,-0.0,-0.0,0.0,0.0
6.0,0.03,5,135,0.02185,0.02185,0.01747,0.01747,-0.00826,-0.02706,-0.78536,-0.78536,-0.00665,-0.00665,-0.01451,-0.01451,-0.0164,-0.0164,0.32706,0.32706,0.0164,0.0164,-0.32706,-0.32706,-0.01654,-0.01654,0.75578,0.75578
6.0,0.03,5,180,0.01962,0.01962,0.01559,0.01559,-0.01183,-0.03063,-0.0,-0.0,0.0,0.0,-0.0,-0.0,0.0,0.0,0.0,0.0,0.02338,0.02338,-0.76852,-0.76852,-0.02338,-0.02338,0.76852,0.76852
6.0,0.03,5,225,0.02185,0.02185,0.01747,0.01747,-0.00826,-0.02706,0.78536,0.78536,0.00665,0.00665,0.01451,0.01451,0.0164,0.0164,-0.32706,-0.32706,0.01654,0.01654,-0.75578,-0.75578,-0.0164,-0.0164,0.32706,0.32706
6.0,0.03,5,270,0.01962,0.01962,0.01559,0.01559,0.00021,-0.0186,0.81026,0.81026,0.01118,0.01118,0.01967,0.01967,0.02338,0.02338,-0.76852,-0.76852,0.0,0.0,0.0,0.0,-0.0,-0.0,0.0,0.0
6.0,0.03,5,315,0.02185,0.02185,0.01747,0.01747,0.00826,-0.01054,0.35673,0.35673,0.00914,0.00914,0.0132,0.0132,0.01654,0.01654,-0.75578,-0.75578,-0.01654,-0.01654,0.75578,0.75578,0.0164,0.0164,-0.32706,-0.32706
6.0,0.03,7.5,0,0.02952,0.02952,0.02341,0.02341,0.01696,-0.00184,0.0,-0.0,0.0,0.0,0.0,-0.0,0.0,0.0,0.0,0.0,-0.03518,-0.03518,1.15637,1.15637,0.03518,0.03518,-1.15637,-1.15637
6.0,0.03,7.5,45,0.03285,0.03285,0.0263,0.0263,0.01244,-0.00636,-0.37228,-0.37228,-0.01466,-0.01466,-0.01925,-0.01925,-0.02483,-0.02483,1.29395,1.29395,-0.0245,-0.0245,0.3278,0.3278,0.02483,0.02483,-1.29395,-1.29395
6.0,0.03,7.5,90,0.02952,0.02952,0.02341,0.02341,0.00046,-0.01834,-1.21858,-1.21858,-0.01679,-0.01679,-0.02956,-0.02956,-0.03518,-0.03518,1.15637,1.15637,0.0,0.0,0.0,0.0,-0.0,-0.0,0.0,0.0
6.0,0.03,7.5,135,0.03285,0.03285,0.0263,0.0263,-0.01243,-0.03123,-1.33822,-1.33822,-0.00904,-0.00904,-0.0222,-0.0222,-0.0245,-0.0245,0.3278,0.3278,0.0245,0.0245,-0.3278,-0.3278,-0.02483,-0.02483,1.29395,1.29395
6.0,0.03,7.5,180,0.02952,0.02952,0.02341,0.02341,-0.01786,-0.03666,-0.0,-0.0,0.0,0.0,0.0,-0.0,0.0,0.0,-0.0,0.0,0.03518,0.03518,-1.15637,-1.15637,-0.03518,-0.03518,1.15637,1.15637
6.0,0.03,7.5,225,0.03285,0.03285,0.0263,0.0263,-0.01243,-0.03123,1.33822,1.33822,0.00904,0.00904,0.0222,0.0222,0.0245,0.0245,-0.3278,-0.3278,0.02483,0.02483,-1.29395,-1.29395,-0.0245,-0.0245,0.3278,0.3278
6.0,0.03,7.5,270,0.02952,0.02952,0.02341,0.02341,0.00046,-0.01834,1.21858,1.21858,0.01679,0.01679,0.02956,0.02956,0.03518,0.03518,-1.15637,-1.15637,0.0,0.0,0.0,0.0,-0.0,-0.0,0.0,0.0
6.0,0.03,7.5,315,0.03285,0.03285,0.0263,0.0263,0.01244,-0.00636,0.37228,0.37228,0.01466,0.01466,0.01925,0.01925,0.02483,0.02483,-1.29395,-1.29395,-0.02483,-0.02483,1.29395,1.29395,0.0245,0.0245,-0.3278,-0.3278
6.0,0.03,10,0,0.0395,0.0395,0.03121,0.03121,0.02235,0.00355,0.0,-0.0,0.0,0.0,0.0,-0.0,0.0,0.0,-0.0,0.0,-0.04712,-0.04712,1.5486,1.5486,0.04712,0.04712,-1.5486,-1.5486
6.0,0.03,10,45,0.04393,0.04393,0.03514,0.03514,0.01667,-0.00213,-0.2773,-0.2773,-0.02081,-0.02081,-0.0249,-0.0249,-0.0331,-0.0331,1.93951,1.93951,-0.03252,-0.03252,0.21808,0.21808,0.0331,0.0331,-1.93951,-1.93951
6.0,0.03,10,90,0.0395,0.0395,0.03121,0.03121,0.00083,-0.01797,-1.6308,-1.6308,-0.02243,-0.02243,-0.03952,-0.03952,-0.04712,-0.04712,1.5486,1.5486,0.0,0.0,0.0,0.0,-0.0,-0.0,0.0,0.0
6.0,0.03,10,135,0.04393,0.04393,0.03514,0.03514,-0.01665,-0.03545,-1.99835,-1.99835,-0.0108,-0.0108,-0.03014,-0.03014,-0.03252,-0.03252,0.21808,0.21808,0.03252,0.03252,-0.21808,-0.21808,-0.0331,-0.0331,1.93951,1.93951
6.0,0.03,10,180,0.0395,0.0395,0.03121,0.03121,-0.02396,-0.04276,-0.0,-0.0,0.0,0.0,-0.0,-0.0,0.0,0.0,-0.0,0.0,0.04712,0.04712,-1.5486,-1.5486,-0.04712,-0.04712,1.5486,1.5486
6.0,0.03,10,225,0.04393,0.04393,0.03514,0.03514,-0.01665,-0.03545,1.99835,1.99835,0.0108,0.0108,0.03014,0.03014,0.03252,0.03252,-0.21808,-0.21808,0.0331,0.0331,-1.93951,-1.93951,-0.03252,-0.03252,0.21808,0.21808
6.0,0.03,10,270,0.0395,0.0395,0.03121,0.03121,0.00083,-0.01797,1.6308,1.6308,0.02243,0.02243,0.03952,0.03952,0.04712,0.04712,-1.5486,-1.5486,-0.0,0.0,0.0,0.0,-0.0,-0.0,0.0,0.0
6.0,0.03,10,315,0.04393,0.04393,0.03514,0.03514,0.01667,-0.00213,0.2773,0.2773,0.02081,0.02081,0.0249,0.0249,0.0331,0.0331,-1.93951,-1.93951,-0.0331,-0.0331,1.93951,1.93951,0.03252,0.03252,-0.21808,-0.21808
6.0,0.03,12.5,0,0.0496,0.0496,0.03895,0.03895,0.02759,0.00879,0.0,-0.0,0.0,0.0,0.0,-0.0,-0.0,-0.0,0.0,0.0,-0.05924,-0.05924,1.94677,1.94677,0.05924,0.05924,-1.94677,-1.94677
6.0,0.03,12.5,45,0.05511,0.05511,0.04396,0.04396,0.02097,0.00217,-0.06977,-0.06977,-0.02761,-0.02761,-0.03012,-0.03012,-0.04134,-0.04134,2.69331,2.69331,-0.04044,-0.04044,-0.00409,-0.00409,0.04134,0.04134,-2.69331,-2.69331
6.0,0.03,12.5,90,0.0496,0.0496,0.03895,0.03895,0.0013,-0.0175,-2.04833,-2.04833,-0.0281,-0.0281,-0.04955,-0.04955,-0.05924,-0.05924,1.94677,1.94677,0.0,0.0,0.0,0.0,-0.0,-0.0,0.0,0.0
6.0,0.03,12.5,135,0.05511,0.05511,0.04396,0.04396,-0.02093,-0.03973,-2.76657,-2.76657,-0.01193,-0.01193,-0.03829,-0.03829,-0.04044,-0.04044,-0.00409,-0.00409,0.04044,0.04044,0.00409,0.00409,-0.04134,-0.04134,2.69331,2.69331
6.0,0.03,12.5,180,0.0496,0.0496,0.03895,0.03895,-0.0301,-0.0489,-0.0,-0.0,0.0,0.0,-0.0,-0.0,-0.0,-0.0,-0.0,0.0,0.05924,0.05924,-1.94677,-1.94677,-0.05924,-0.05924,1.94677,1.94677
6.0,0.03,12.5,225,0.05511,0.05511,0.04396,0.04396,-0.02093,-0.03973,2.76657,2.76657,0.01193,0.01193,0.03829,0.03829,0.04044,0.04044,0.00409,0.00409,0.04134,0.04134,-2.69331,-2.69331,-0.04044,-0.04044,-0.00409,-0.00409
6.0,0.03,12.5,270,0.0496,0.0496,0.03895,0.03895,0.0013,-0.0175,2.04833,2.04833,0.0281,0.0281,0.04955,0.04955,0.05924,0.05924,-1.94677,-1.94677,-0.0,0.0,0.0,0.0,-0.0,-0.0,0.0,0.0
6.0,0.03,12.5,315,0.05511,0.05511,0.04396,0.04396,0.02097,0.00217,0.06977,0.06977,0.02761,0.02761,0.03012,0.03012,0.04134,0.04134,-2.69331,-2.69331,-0.04134,-0.04134,2.69331,2.69331,0.04044,0.04044,0.00409,0.00409
6.0,0.03,15,0,0.05982,0.05982,0.0466,0.0466,0.03266,0.01386,0.0,-0.0,0.0,0.0,-0.0,-0.0,0.0,0.0,0.0,0.0,-0.07159,-0.07159,2.35253,2.35253,0.07159,0.07159,-2.35253,-2.35253
6.0,0.03,15,45,0.06642,0.06642,0.05273,0.05273,0.02535,0.00655,0.25283,0.25283,-0.03506,-0.03506,-0.03491,-0.03491,-0.04953,-0.04953,3.55657,3.55657,-0.04823,-0.04823,-0.3412,-0.3412,0.04953,0.04953,-3.55657,-3.55657
6.0,0.03,15,90,0.05982,0.05982,0.0466,0.0466,0.00187,-0.01693,-2.47266,-2.47266,-0.03382,-0.03382,-0.05968,-0.05968,-0.07159,-0.07159,2.35253,2.35253,0.0,0.0,0.0,0.0,0.0,0.0,0.0,0.0
6.0,0.03,15,135,0.06642,0.06642,0.05273,0.05273,-0.02531,-0.04411,-3.64408,-3.64408,-0.01241,-0.01241,-0.04663,-0.04663,-0.04823,-0.04823,-0.3412,-0.3412,0.04823,0.04823,0.3412,0.3412,-0.04953,-0.04953,3.55657,3.55657
6.0,0.03,15,180,0.05982,0.05982,0.0466,0.0466,-0.03628,-0.05508,-0.0,-0.0,0.0,0.0,0.0,-0.0,-0.0,-0.0,-0.0,0.0,0.07159,0.07159,-2.35253,-2.35253,-0.07159,-0.07159,2.35253,2.35253
6.0,0.03,15,225,0.06642,0.06642,0.05273,0.05273,-0.02531,-0.04411,3.64408,3.64408,0.01241,0.01241,0.04663,0.04663,0.04823,0.04823,0.3412,0.3412,0.04953,0.04953,-3.55657,-3.55657,-0.04823,-0.04823,-0.3412,-0.3412
6.0,0.03,15,270,0.05982,0.05982,0.0466,0.0466,0.00187,-0.01693,2.47266,2.47266,0.03382,0.03382,0.05968,0.05968,0.07159,0.07159,-2.35253,-2.35253,-0.0,0.0,0.0,0.0,-0.0,-0.0,0.0,0.0
6.0,0.03,15,315,0.06642,0.06642,0.05273,0.05273,0.02535,0.00655,-0.25283,-0.25283,0.03506,0.03506,0.03491,0.03491,0.04953,0.04953,-3.55657,-3.55657,-0.04953,-0.04953,3.55657,3.55657,0.04823,0.04823,0.3412,0.3412
6.0,0.03,20,0,0.08076,0.08076,0.06151,0.06151,0.04224,0.02344,0.0,-0.0,0.0,0.0,0.0,-0.0,0.0,0.0,-0.0,0.0,-0.09723,-0.09723,3.19406,3.19406,0.09723,0.09723,-3.19406,-3.19406
6.0,0.03,20,45,0.08953,0.08953,0.06991,0.06991,0.03445,0.01565,1.25576,1.25576,-0.05201,-0.05201,-0.04308,-0.04308,-0.06567,-0.06567,5.6181,5.6181,-0.06332,-0.06332,-1.37256,-1.37256,0.06567,0.06567,-5.6181,-5.6181
6.0,0.03,20,90,0.08076,0.08076,0.06151,0.06151,0.00337,-0.01543,-3.34842,-3.34842,-0.04542,-0.04542,-0.08026,-0.08026,-0.09723,-0.09723,3.19406,3.19406,-0.0,0.0,0.0,0.0,-0.0,0.0,0.0,0.0
6.0,0.03,20,135,0.08953,0.08953,0.06991,0.06991,-0.03439,-0.05319,-5.73338,-5.73338,-0.01139,-0.01139,-0.0637,-0.0637,-0.06332,-0.06332,-1.37256,-1.37256,0.06332,0.06332,1.37256,1.37256,-0.06567,-0.06567,5.6181,5.6181
6.0,0.03,20,180,0.08076,0.08076,0.06151,0.06151,-0.04872,-0.06752,-0.0,-0.0,0.0,0.0,-0.0,-0.0,0.0,0.0,-0.0,0.0,0.09723,0.09723,-3.19406,-3.19406,-0.09723,-0.09723,3.19406,3.19406
6.0,0.03,20,225,0.08953,0.08953,0.06991,0.06991,-0.03439,-0.05319,5.73338,5.73338,0.01139,0.01139,0.0637,0.0637,0.06332,0.06332,1.37256,1.37256,0.06567,0.06567,-5.6181,-5.6181,-0.06332,-0.06332,-1.37256,-1.37256
6.0,0.03,20,270,0.08076,0.08076,0.06151,0.06151,0.00337,-0.01543,3.34842,3.34842,0.04542,0.04542,0.08026,0.08026,0.09723,0.09723,-3.19406,-3.19406,0.0,0.0,0.0,0.0,-0.0,-0.0,0.0,0.0
6.0,0.03,20,315,0.08953,0.08953,0.06991,0.06991,0.03445,0.01565,-1.25576,-1.25576,0.05201,0.05201,0.04308,0.04308,0.06567,0.06567,-5.6181,-5.6181,-0.06567,-0.06567,5.6181,5.6181,0.06332,0.06332,1.37256,1.37256
6.0,0.03,25,0,0.10255,0.10255,0.07565,0.07565,0.05097,0.03217,0.0,-0.0,0.0,0.0,0.0,-0.0,0.0,0.0,0.0,0.0,-0.12453,-0.12453,4.08942,4.08942,0.12453,0.12453,-4.08942,-4.08942
6.0,0.03,25,45,0.11352,0.11352,0.08634,0.08634,0.0441,0.0253,2.76169,2.76169,-0.07177,-0.07177,-0.04927,-0.04927,-0.08133,-0.08133,8.14055,8.14055,-0.07757,-0.07757,-2.90581,-2.90581,0.08133,0.08133,-8.14055,-8.14055
6.0,0.03,25,90,0.10255,0.10255,0.07565,0.07565,0.00533,-0.01347,-4.27327,-4.27327,-0.05728,-0.05728,-0.10121,-0.10121,-0.12453,-0.12453,4.08942,4.08942,0.0,0.0,0.0,0.0,-0.0,-0.0,0.0,0.0
6.0,0.03,25,135,0.11352,0.11352,0.08634,0.08634,-0.04403,-0.06283,-8.28234,-8.28234,-0.00766,-0.00766,-0.08089,-0.08089,-0.07757,-0.07757,-2.90581,-2.90581,0.07757,0.07757,2.90581,2.90581,-0.08133,-0.08133,8.14055,8.14055
6.0,0.03,25,180,0.10255,0.10255,0.07565,0.07565,-0.06118,-0.07998,-0.0,-0.0,0.0,0.0,-0.0,-0.0,0.0,0.0,0.0,0.0,0.12453,0.12453,-4.08942,-4.08942,-0.12453,-0.12453,4.08942,4.08942
6.0,0.03,25,225,0.11352,0.11352,0.08634,0.08634,-0.04403,-0.06283,8.28234,8.28234,0.00766,0.00766,0.08089,0.08089,0.07757,0.07757,2.90581,2.90581,0.08133,0.08133,-8.14055,-8.14055,-0.07757,-0.07757,-2.90581,-2.90581
6.0,0.03,25,270,0.10255,0.10255,0.07565,0.07565,0.00533,-0.01347,4.27327,4.27327,0.05728,0.05728,0.10121,0.10121,0.12453,0.12453,-4.08942,-4.08942,0.0,0.0,0.0,0.0,-0.0,-0.0,0.0,0.0
6.0,0.03,25,315,0.11352,0.11352,0.08634,0.08634,0.0441,0.0253,-2.76169,-2.76169,0.07177,0.07177,0.04927,0.04927,0.08133,0.08133,-8.14055,-8.14055,-0.08133,-0.08133,8.14055,8.14055,0.07757,0.07757,2.90581,2.90581
6.0,0.03,30,0,0.12551,0.12551,0.08874,0.08874,0.05873,0.03993,0.0,-0.0,0.0,0.0,0.0,-0.0,0.0,0.0,0.0,0.0,-0.15412,-0.15412,5.05867,5.05867,0.15412,0.15412,-5.05867,-5.05867
6.0,0.03,30,45,0.13873,0.13873,0.10168,0.10168,0.05441,0.03561,4.80956,4.80956,-0.09452,-0.09452,-0.05336,-0.05336,-0.09628,-0.09628,11.14519,11.14519,-0.09067,-0.09067,-4.97938,-4.97938,0.09628,0.09628,-11.14519,-11.14519
6.0,0.03,30,90,0.12551,0.12551,0.08874,0.08874,0.0078,-0.011,-5.26637,-5.26637,-0.06945,-0.06945,-0.12223,-0.12223,-0.15412,-0.15412,5.05867,5.05867,0.0,0.0,0.0,0.0,-0.0,-0.0,0.0,0.0
6.0,0.03,30,135,0.13873,0.13873,0.10168,0.10168,-0.05437,-0.07317,-11.31171,-11.31171,-0.00111,-0.00111,-0.0975,-0.0975,-0.09067,-0.09067,-4.97938,-4.97938,0.09067,0.09067,4.97938,4.97938,-0.09628,-0.09628,11.14519,11.14519
6.0,0.03,30,180,0.12551,0.12551,0.08874,0.08874,-0.07359,-0.09239,-0.0,-0.0,0.0,0.0,0.0,-0.0,0.0,0.0,0.0,0.0,0.15412,0.15412,-5.05867,-5.05867,-0.15412,-0.15412,5.05867,5.05867
6.0,0.03,30,225,0.13873,0.13873,0.10168,0.10168,-0.05437,-0.07317,11.31171,11.31171,0.00111,0.00111,0.0975,0.0975,0.09067,0.09067,4.97938,4.97938,0.09628,0.09628,-11.14519,-11.14519,-0.09067,-0.09067,-4.97938,-4.97938
6.0,0.03,30,270,0.12551,0.12551,0.08874,0.08874,0.0078,-0.011,5.26637,5.26637,0.06945,0.06945,0.12223,0.12223,0.15412,0.15412,-5.05867,-5.05867,0.0,0.0,0.0,0.0,-0.0,-0.0,0.0,0.0
6.0,0.03,30,315,0.13873,0.13873,0.10168,0.10168,0.05441,0.03561,-4.80956,-4.80956,0.09452,0.09452,0.05336,0.05336,0.09628,0.09628,-11.14519,-11.14519,-0.09628,-0.09628,11.14519,11.14519,0.09067,0.09067,4.97938,4.97938
15.0,0.01,0,0,0.0,0.0,0.0,0.0,0.0,-0.00251,0.0,-0.0,0.0,0.0,0.0,-0.0,0.0,0.0,0.0,0.0,0.0,0.0,0.0,0.0,0.0,-0.0,0.0,0.0
15.0,0.01,0,45,0.0,0.0,0.0,0.0,0.0,-0.00251,0.0,-0.0,0.0,0.0,0.0,-0.0,0.0,0.0,0.0,0.0,0.0,0.0,0.0,0.0,0.0,-0.0,0.0,0.0
15.0,0.01,0,90,0.0,0.0,0.0,0.0,0.0,-0.00251,0.0,-0.0,0.0,0.0,0.0,-0.0,0.0,0.0,0.0,0.0,0.0,0.0,0.0,0.0,0.0,-0.0,0.0,0.0
15.0,0.01,0,135,0.0,0.0,0.0,0.0,0.0,-0.00251,0.0,-0.0,0.0,0.0,0.0,-0.0,0.0,0.0,0.0,0.0,0.0,0.0,0.0,0.0,0.0,-0.0,0.0,0.0
15.0,0.01,0,180,0.0,0.0,0.0,0.0,0.0,-0.00251,0.0,-0.0,0.0,0.0,0.0,-0.0,0.0,0.0,0.0,0.0,0.0,0.0,0.0,0.0,0.0,-0.0,0.0,0.0
15.0,0.01,0,225,0.0,0.0,0.0,0.0,0.0,-0.00251,0.0,-0.0,0.0,0.0,0.0,-0.0,0.0,0.0,0.0,0.0,0.0,0.0,0.0,0.0,0.0,-0.0,0.0,0.0
15.0,0.01,0,270,0.0,0.0,0.0,0.0,0.0,-0.00251,0.0,-0.0,0.0,0.0,0.0,-0.0,0.0,0.0,0.0,0.0,0.0,0.0,0.0,0.0,0.0,-0.0,0.0,0.0
15.0,0.01,0,315,0.0,0.0,0.0,0.0,0.0,-0.00251,0.0,-0.0,0.0,0.0,0.0,-0.0,0.0,0.0,0.0,0.0,0.0,0.0,0.0,0.0,0.0,-0.0,0.0,0.0
15.0,0.01,2.5,0,0.00353,0.00353,0.00309,0.00309,0.00193,-0.00057,0.0,-0.0,0.0,0.0,0.0,-0.0,0.0,0.0,0.0,0.0,-0.00403,-0.00403,0.15342,0.15342,0.00403,0.00403,-0.15342,-0.15342
15.0,0.01,2.5,45,0.00394,0.00394,0.00345,0.00345,0.00143,-0.00108,-0.0599,-0.0599,-0.00209,-0.00209,-0.0021,-0.0021,-0.00293,-0.00293,0.16277,0.16277,-0.00276,-0.00276,0.05399,0.05399,0.00293,0.00293,-0.16277,-0.16277
15.0,0.01,2.5,90,0.00353,0.00353,0.00309,0.00309,8e-05,-0.00242,-0.16176,-0.16176,-0.00289,-0.00289,-0.00314,-0.00314,-0.00403,-0.00403,0.15342,0.15342,0.0,0.0,0.0,0.0,-0.0,-0.0,0.0,0.0
15.0,0.01,2.5,135,0.00394,0.00394,0.00345,0.00345,-0.00143,-0.00394,-0.16867,-0.16867,-0.002,-0.002,-0.00234,-0.00234,-0.00276,-0.00276,0.05399,0.05399,0.00276,0.00276,-0.05399,-0.05399,-0.00293,-0.00293,0.16277,0.16277
15.0,0.01,2.5,180,0.00353,0.00353,0.00309,0.00309,-0.0021,-0.00461,-0.0,-0.0,0.0,0.0,0.0,-0.0,0.0,0.0,0.0,0.0,0.00403,0.00403,-0.15342,-0.15342,-0.00403,-0.00403,0.15342,0.15342
15.0,0.01,2.5,225,0.00394,0.00394,0.00345,0.00345,-0.00143,-0.00394,0.16867,0.16867,0.002,0.002,0.00234,0.00234,0.00276,0.00276,-0.05399,-0.05399,0.00293,0.00293,-0.16277,-0.16277,-0.00276,-0.00276,0.05399,0.05399
15.0,0.01,2.5,270,0.00353,0.00353,0.00309,0.00309,8e-05,-0.00242,0.16176,0.16176,0.00289,0.00289,0.00314,0.00314,0.00403,0.00403,-0.15342,-0.15342,0.0,0.0,0.0,0.0,-0.0,-0.0,0.0,0.0
15.0,0.01,2.5,315,0.00394,0.00394,0.00345,0.00345,0.00143,-0.00108,0.0599,0.0599,0.00209,0.00209,0.0021,0.0021,0.00293,0.00293,-0.16277,-0.16277,-0.00293,-0.00293,0.16277,0.16277,0.00276,0.00276,-0.05399,-0.05399
15.0,0.01,5,0,0.00708,0.00708,0.00618,0.00618,0.0037,0.00119,0.0,-0.0,0.0,0.0,-0.0,-0.0,-0.0,-0.0,0.0,0.0,-0.00808,-0.00808,0.30742,0.30742,0.00808,0.00808,-0.30742,-0.30742
15.0,0.01,5,45,0.00789,0.00789,0.0069,0.0069,0.00286,0.00036,-0.0106,-0.0106,-0.00426,-0.00426,-0.00395,-0.00395,-0.00602,-0.00602,0.43432,0.43432,-0.00535,-0.00535,-0.0012,-0.0012,0.00602,0.00602,-0.43432,-0.43432
15.0,0.01,5,90,0.00708,0.00708,0.00618,0.00618,0.00034,-0.00217,-0.32405,-0.32405,-0.00579,-0.00579,-0.00629,-0.00629,-0.00808,-0.00808,0.30742,0.30742,-0.0,0.0,0.0,0.0,-0.0,-0.0,0.0,0.0
15.0,0.01,5,135,0.00789,0.00789,0.0069,0.0069,-0.00286,-0.00537,-0.44611,-0.44611,-0.0039,-0.0039,-0.00492,-0.00492,-0.00535,-0.00535,-0.0012,-0.0012,0.00535,0.00535,0.0012,0.0012,-0.00602,-0.00602,0.43432,0.43432
15.0,0.01,5,180,0.00708,0.00708,0.00618,0.00618,-0.00436,-0.00687,-0.0,-0.0,0.0,0.0,0.0,-0.0,0.0,0.0,0.0,0.0,0.00808,0.00808,-0.30742,-0.30742,-0.00808,-0.00808,0.30742,0.30742
15.0,0.01,5,225,0.00789,0.00789,0.0069,0.0069,-0.00286,-0.00537,0.44611,0.44611,0.0039,0.0039,0.00492,0.00492,0.00535,0.00535,0.0012,0.0012,0.00602,0.00602,-0.43432,-0.43432,-0.00535,-0.00535,-0.0012,-0.0012
15.0,0.01,5,270,0.00708,0.00708,0.00618,0.00618,0.00034,-0.00217,0.32405,0.32405,0.00579,0.00579,0.00629,0.00629,0.00808,0.00808,-0.30742,-0.30742,0.0,0.0,0.0,0.0,-0.0,-0.0,0.0,0.0
15.0,0.01,5,315,0.00789,0.00789,0.0069,0.0069,0.00286,0.00036,0.0106,0.0106,0.00426,0.00426,0.00395,0.00395,0.00602,0.00602,-0.43432,-0.43432,-0.00602,-0.00602,0.43432,0.43432,0.00535,0.00535,0.0012,0.0012
15.0,0.01,7.5,0,0.01064,0.01064,0.00925,0.00925,0.00528,0.00277,0.0,-0.0,0.0,0.0,0.0,-0.0,0.0,0.0,0.0,0.0,-0.01216,-0.01216,0.4626,0.4626,0.01216,0.01216,-0.4626,-0.4626
15.0,0.01,7.5,45,0.01185,0.01185,0.01035,0.01035,0.00431,0.0018,0.14874,0.14874,-0.00651,-0.00651,-0.00555,-0.00555,-0.00927,-0.00927,0.81505,0.81505,-0.00776,-0.00776,-0.16642,-0.16642,0.00927,0.00927,-0.81505,-0.81505
15.0,0.01,7.5,90,0.01064,0.01064,0.00925,0.00925,0.00076,-0.00175,-0.48738,-0.48738,-0.00871,-0.00871,-0.00945,-0.00945,-0.01216,-0.01216,0.4626,0.4626,0.0,0.0,0.0,0.0,-0.0,-0.0,0.0,0.0
15.0,0.01,7.5,135,0.01185,0.01185,0.01035,0.01035,-0.00431,-0.00682,-0.8327,-0.8327,-0.00571,-0.00571,-0.00774,-0.00774,-0.00776,-0.00776,-0.16642,-0.16642,0.00776,0.00776,0.16642,0.16642,-0.00927,-0.00927,0.81505,0.81505
15.0,0.01,7.5,180,0.01064,0.01064,0.00925,0.00925,-0.00678,-0.00929,-0.0,-0.0,0.0,0.0,0.0,-0.0,0.0,0.0,0.0,0.0,0.01216,0.01216,-0.4626,-0.4626,-0.01216,-0.01216,0.4626,0.4626
15.0,0.01,7.5,225,0.01185,0.01185,0.01035,0.01035,-0.00431,-0.00682,0.8327,0.8327,0.00571,0.00571,0.00774,0.00774,0.00776,0.00776,0.16642,0.16642,0.00927,0.00927,-0.81505,-0.81505,-0.00776,-0.00776,-0.16642,-0.16642
15.0,0.01,7.5,270,0.01064,0.01064,0.00925,0.00925,0.00076,-0.00175,0.48738,0.48738,0.00871,0.00871,0.00945,0.00945,0.01216,0.01216,-0.4626,-0.4626,0.0,0.0,0.0,0.0,-0.0,-0.0,0.0,0.0
15.0,0.01,7.5,315,0.01185,0.01185,0.01035,0.01035,0.00431,0.0018,-0.14874,-0.14874,0.00651,0.00651,0.00555,0.00555,0.00927,0.00927,-0.81505,-0.81505,-0.00927,-0.00927,0.81505,0.81505,0.00776,0.00776,0.16642,0.16642
15.0,0.01,10,0,0.01422,0.01422,0.0123,0.0123,0.00668,0.00418,0.0,-0.0,0.0,0.0,0.0,-0.0,0.0,0.0,0.0,0.0,-0.01628,-0.01628,0.61957,0.61957,0.01628,0.01628,-0.61957,-0.61957
15.0,0.01,10,45,0.01584,0.01584,0.01377,0.01377,0.00577,0.00326,0.41939,0.41939,-0.00884,-0.00884,-0.0069,-0.0069,-0.01267,-0.01267,1.30578,1.30578,-0.00997,-0.00997,-0.44293,-0.44293,0.01267,0.01267,-1.30578,-1.30578
15.0,0.01,10,90,0.01422,0.01422,0.0123,0.0123,0.00136,-0.00115,-0.65231,-0.65231,-0.01167,-0.01167,-0.01264,-0.01264,-0.01628,-0.01628,0.61957,0.61957,-0.0,0.0,0.0,0.0,-0.0,-0.0,0.0,0.0
15.0,0.01,10,135,0.01584,0.01584,0.01377,0.01377,-0.00578,-0.00829,-1.32926,-1.32926,-0.00742,-0.00742,-0.01081,-0.01081,-0.00997,-0.00997,-0.44293,-0.44293,0.00997,0.00997,0.44293,0.44293,-0.01267,-0.01267,1.30578,1.30578
15.0,0.01,10,180,0.01422,0.01422,0.0123,0.0123,-0.00935,-0.01186,-0.0,-0.0,0.0,0.0,0.0,-0.0,0.0,0.0,0.0,0.0,0.01628,0.01628,-0.61957,-0.61957,-0.01628,-0.01628,0.61957,0.61957
15.0,0.01,10,225,0.01584,0.01584,0.01377,0.01377,-0.00578,-0.00829,1.32926,1.32926,0.00742,0.00742,0.01081,0.01081,0.00997,0.00997,0.44293,0.44293,0.01267,0.01267,-1.30578,-1.30578,-0.00997,-0.00997,-0.44293,-0.44293
15.0,0.01,10,270,0.01422,0.01422,0.0123,0.0123,0.00136,-0.00115,0.65231,0.65231,0.01167,0.01167,0.01264,0.01264,0.01628,0.01628,-0.61957,-0.61957,-0.0,0.0,0.0,0.0,-0.0,-0.0,0.0,0.0
15.0,0.01,10,315,0.01584,0.01584,0.01377,0.01377,0.00577,0.00326,-0.41939,-0.41939,0.00884,0.00884,0.0069,0.0069,0.01267,0.01267,-1.30578,-1.30578,-0.01267,-0.01267,1.30578,1.30578,0.00997,0.00997,0.44293,0.44293
15.0,0.01,12.5,0,0.01782,0.01782,0.01531,0.01531,0.0079,0.0054,0.0,-0.0,0.0,0.0,0.0,-0.0,0.0,0.0,0.0,0.0,-0.02048,-0.02048,0.77896,0.77896,0.02048,0.02048,-0.77896,-0.77896
15.0,0.01,12.5,45,0.01985,0.01985,0.01716,0.01716,0.00725,0.00474,0.80306,0.80306,-0.01125,-0.01125,-0.008,-0.008,-0.01622,-0.01622,1.90773,1.90773,-0.01198,-0.01198,-0.8324,-0.8324,0.01622,0.01622,-1.90773,-1.90773
15.0,0.01,12.5,90,0.01782,0.01782,0.01531,0.01531,0.00214,-0.00037,-0.81942,-0.81942,-0.01466,-0.01466,-0.01586,-0.01586,-0.02048,-0.02048,0.77896,0.77896,-0.0,0.0,0.0,0.0,0.0,0.0,0.0,0.0
15.0,0.01,12.5,135,0.01985,0.01985,0.01716,0.01716,-0.00729,-0.0098,-1.93698,-1.93698,-0.00903,-0.00903,-0.01411,-0.01411,-0.01198,-0.01198,-0.8324,-0.8324,0.01198,0.01198,0.8324,0.8324,-0.01622,-0.01622,1.90773,1.90773
15.0,0.01,12.5,180,0.01782,0.01782,0.01531,0.01531,-0.01207,-0.01457,-0.0,-0.0,0.0,0.0,0.0,-0.0,-0.0,-0.0,0.0,0.0,0.02048,0.02048,-0.77896,-0.77896,-0.02048,-0.02048,0.77896,0.77896
15.0,0.01,12.5,225,0.01985,0.01985,0.01716,0.01716,-0.00729,-0.0098,1.93698,1.93698,0.00903,0.00903,0.01411,0.01411,0.01198,0.01198,0.8324,0.8324,0.01622,0.01622,-1.90773,-1.90773,-0.01198,-0.01198,-0.8324,-0.8324
15.0,0.01,12.5,270,0.01782,0.01782,0.01531,0.01531,0.00214,-0.00037,0.81942,0.81942,0.01466,0.01466,0.01586,0.01586,0.02048,0.02048,-0.77896,-0.77896,0.0,0.0,0.0,0.0,-0.0,-0.0,0.0,0.0
15.0,0.01,12.5,315,0.01985,0.01985,0.01716,0.01716,0.00725,0.00474,-0.80306,-0.80306,0.01125,0.01125,0.008,0.008,0.01622,0.01622,-1.90773,-1.90773,-0.01622,-0.01622,1.90773,1.90773,0.01198,0.01198,0.8324,0.8324
15.0,0.01,15,0,0.02147,0.02147,0.01827,0.01827,0.00893,0.00642,0.0,-0.0,0.0,0.0,0.0,-0.0,0.0,0.0,0.0,0.0,-0.02476,-0.02476,0.94146,0.94146,0.02476,0.02476,-0.94146,-0.94146
15.0,0.01,15,45,0.0239,0.0239,0.0205,0.0205,0.00875,0.00624,1.3019,1.3019,-0.01373,-0.01373,-0.00883,-0.00883,-0.01991,-0.01991,2.6225,2.6225,-0.01379,-0.01379,-1.33699,-1.33699,0.01991,0.01991,-2.6225,-2.6225
15.0,0.01,15,90,0.02147,0.02147,0.01827,0.01827,0.0031,0.0006,-0.98932,-0.98932,-0.01771,-0.01771,-0.01913,-0.01913,-0.02476,-0.02476,0.94146,0.94146,-0.0,0.0,0.0,0.0,-0.0,-0.0,0.0,0.0
15.0,0.01,15,135,0.0239,0.0239,0.0205,0.0205,-0.00884,-0.01134,-2.65746,-2.65746,-0.01052,-0.01052,-0.01765,-0.01765,-0.01379,-0.01379,-1.33699,-1.33699,0.01379,0.01379,1.33699,1.33699,-0.01991,-0.01991,2.6225,2.6225
15.0,0.01,15,180,0.02147,0.02147,0.01827,0.01827,-0.01492,-0.01743,-0.0,-0.0,0.0,0.0,-0.0,-0.0,-0.0,-0.0,0.0,0.0,0.02476,0.02476,-0.94146,-0.94146,-0.02476,-0.02476,0.94146,0.94146
15.0,0.01,15,225,0.0239,0.0239,0.0205,0.0205,-0.00884,-0.01134,2.65746,2.65746,0.01052,0.01052,0.01765,0.01765,0.01379,0.01379,1.33699,1.33699,0.01991,0.01991,-2.6225,-2.6225,-0.01379,-0.01379,-1.33699,-1.33699
15.0,0.01,15,270,0.02147,0.02147,0.01827,0.01827,0.0031,0.0006,0.98932,0.98932,0.01771,0.01771,0.01913,0.01913,0.02476,0.02476,-0.94146,-0.94146,0.0,0.0,0.0,0.0,-0.0,-0.0,0.0,0.0
15.0,0.01,15,315,0.0239,0.0239,0.0205,0.0205,0.00875,0.00624,-1.3019,-1.3019,0.01373,0.01373,0.00883,0.00883,0.01991,0.01991,-2.6225,-2.6225,-0.01991,-0.01991,2.6225,2.6225,0.01379,0.01379,1.33699,1.33699
15.0,0.01,20,0,0.02889,0.02889,0.024,0.024,0.0104,0.0079,0.0,-0.0,0.0,0.0,0.0,-0.0,0.0,0.0,0.0,0.0,-0.03366,-0.03366,1.27874,1.27874,0.03366,0.03366,-1.27874,-1.27874
15.0,0.01,20,45,0.03215,0.03215,0.02697,0.02697,0.01181,0.0093,2.65589,2.65589,-0.0189,-0.0189,-0.00967,-0.00967,-0.02768,-0.02768,4.39887,4.39887,-0.01671,-0.01671,-2.70222,-2.70222,0.02768,0.02768,-4.39887,-4.39887
15.0,0.01,20,90,0.02889,0.02889,0.024,0.024,0.00564,0.00313,-1.34027,-1.34027,-0.02403,-0.02403,-0.02582,-0.02582,-0.03366,-0.03366,1.27874,1.27874,0.0,0.0,0.0,0.0,-0.0,-0.0,0.0,0.0
15.0,0.01,20,135,0.03215,0.03215,0.02697,0.02697,-0.01211,-0.01461,-4.44497,-4.44497,-0.01315,-0.01315,-0.02546,-0.02546,-0.01671,-0.01671,-2.70222,-2.70222,0.01671,0.01671,2.70222,2.70222,-0.02768,-0.02768,4.39887,4.39887
15.0,0.01,20,180,0.02889,0.02889,0.024,0.024,-0.02102,-0.02352,-0.0,-0.0,0.0,0.0,-0.0,-0.0,0.0,0.0,0.0,0.0,0.03366,0.03366,-1.27874,-1.27874,-0.03366,-0.03366,1.27874,1.27874
15.0,0.01,20,225,0.03215,0.03215,0.02697,0.02697,-0.01211,-0.01461,4.44497,4.44497,0.01315,0.01315,0.02546,0.02546,0.01671,0.01671,2.70222,2.70222,0.02768,0.02768,-4.39887,-4.39887,-0.01671,-0.01671,-2.70222,-2.70222
15.0,0.01,20,270,0.02889,0.02889,0.024,0.024,0.00564,0.00313,1.34027,1.34027,0.02403,0.02403,0.02582,0.02582,0.03366,0.03366,-1.27874,-1.27874,0.0,0.0,0.0,0.0,-0.0,-0.0,0.0,0.0
15.0,0.01,20,315,0.03215,0.03215,0.02697,0.02697,0.01181,0.0093,-2.65589,-2.65589,0.0189,0.0189,0.00967,0.00967,0.02768,0.02768,-4.39887,-4.39887,-0.02768,-0.02768,4.39887,4.39887,0.01671,0.01671,2.70222,2.70222
15.0,0.01,25,0,0.03656,0.03656,0.02938,0.02938,0.01108,0.00857,0.0,-0.0,0.0,0.0,0.0,-0.0,0.0,0.0,0.0,0.0,-0.04317,-0.04317,1.6381,1.6381,0.04317,0.04317,-1.6381,-1.6381
15.0,0.01,25,45,0.04066,0.04066,0.03307,0.03307,0.01495,0.01244,4.50758,4.50758,-0.02432,-0.02432,-0.00936,-0.00936,-0.03595,-0.03595,6.65536,6.65536,-0.01861,-0.01861,-4.56471,-4.56471,0.03595,0.03595,-6.65536,-6.65536
15.0,0.01,25,90,0.03656,0.03656,0.02938,0.02938,0.00907,0.00656,-1.71143,-1.71143,-0.03073,-0.03073,-0.0328,-0.0328,-0.04317,-0.04317,1.6381,1.6381,0.0,0.0,0.0,0.0,0.0,-0.0,0.0,0.0
15.0,0.01,25,135,0.04066,0.04066,0.03307,0.03307,-0.0157,-0.01821,-6.71211,-6.71211,-0.01525,-0.01525,-0.03425,-0.03425,-0.01861,-0.01861,-4.56471,-4.56471,0.01861,0.01861,4.56471,4.56471,-0.03595,-0.03595,6.65536,6.65536
15.0,0.01,25,180,0.03656,0.03656,0.02938,0.02938,-0.02759,-0.0301,-0.0,-0.0,0.0,0.0,-0.0,-0.0,-0.0,-0.0,0.0,0.0,0.04317,0.04317,-1.6381,-1.6381,-0.04317,-0.04317,1.6381,1.6381
15.0,0.01,25,225,0.04066,0.04066,0.03307,0.03307,-0.0157,-0.01821,6.71211,6.71211,0.01525,0.01525,0.03425,0.03425,0.01861,0.01861,4.56471,4.56471,0.03595,0.03595,-6.65536,-6.65536,-0.01861,-0.01861,-4.56471,-4.56471
15.0,0.01,25,270,0.03656,0.03656,0.02938,0.02938,0.00907,0.00656,1.71143,1.71143,0.03073,0.03073,0.0328,0.0328,0.04317,0.04317,-1.6381,-1.6381,-0.0,0.0,0.0,0.0,0.0,-0.0,0.0,0.0
15.0,0.01,25,315,0.04066,0.04066,0.03307,0.03307,0.01495,0.01244,-4.50758,-4.50758,0.02432,0.02432,0.00936,0.00936,0.03595,0.03595,-6.65536,-6.65536,-0.03595,-0.03595,6.65536,6.65536,0.01861,0.01861,4.56471,4.56471
15.0,0.01,30,0,0.04458,0.04458,0.03432,0.03432,0.01094,0.00844,0.0,-0.0,0.0,0.0,0.0,-0.0,-0.0,-0.0,0.0,0.0,-0.05354,-0.05354,2.02789,2.02789,0.05354,0.05354,-2.02789,-2.02789
15.0,0.01,30,45,0.04954,0.04954,0.03868,0.03868,0.01812,0.01561,6.89053,6.89053,-0.02994,-0.02994,-0.00782,-0.00782,-0.04463,-0.04463,9.41814,9.41814,-0.01935,-0.01935,-6.9578,-6.9578,0.04463,0.04463,-9.41814,-9.41814
15.0,0.01,30,90,0.04458,0.04458,0.03432,0.03432,0.01354,0.01103,-2.11078,-2.11078,-0.03797,-0.03797,-0.04012,-0.04012,-0.05354,-0.05354,2.02789,2.02789,0.0,0.0,0.0,0.0,-0.0,-0.0,0.0,0.0
15.0,0.01,30,135,0.04954,0.04954,0.03868,0.03868,-0.01975,-0.02226,-9.48488,-9.48488,-0.01674,-0.01674,-0.04402,-0.04402,-0.01935,-0.01935,-6.9578,-6.9578,0.01935,0.01935,6.9578,6.9578,-0.04463,-0.04463,9.41814,9.41814
15.0,0.01,30,180,0.04458,0.04458,0.03432,0.03432,-0.03459,-0.0371,-0.0,-0.0,0.0,0.0,-0.0,-0.0,0.0,0.0,0.0,0.0,0.05354,0.05354,-2.02789,-2.02789,-0.05354,-0.05354,2.02789,2.02789
15.0,0.01,30,225,0.04954,0.04954,0.03868,0.03868,-0.01975,-0.02226,9.48488,9.48488,0.01674,0.01674,0.04402,0.04402,0.01935,0.01935,6.9578,6.9578,0.04463,0.04463,-9.41814,-9.41814,-0.01935,-0.01935,-6.9578,-6.9578
15.0,0.01,30,270,0.04458,0.04458,0.03432,0.03432,0.01354,0.01103,2.11078,2.11078,0.03797,0.03797,0.04012,0.04012,0.05354,0.05354,-2.02789,-2.02789,-0.0,0.0,0.0,0.0,-0.0,-0.0,0.0,0.0
15.0,0.01,30,315,0.04954,0.04954,0.03868,0.03868,0.01812,0.01561,-6.89053,-6.89053,0.02994,0.02994,0.00782,0.00782,0.04463,0.04463,-9.41814,-9.41814,-0.04463,-0.04463,9.41814,9.41814,0.01935,0.01935,6.9578,6.9578
15.0,0.02,0,0,0.0,0.0,0.0,0.0,0.0,-0.00501,0.0,-0.0,0.0,0.0,0.0,-0.0,0.0,0.0,0.0,0.0,0.0,0.0,0.0,0.0,0.0,-0.0,0.0,0.0
15.0,0.02,0,45,0.0,0.0,0.0,0.0,0.0,-0.00501,0.0,-0.0,0.0,0.0,0.0,-0.0,0.0,0.0,0.0,0.0,0.0,0.0,0.0,0.0,0.0,-0.0,0.0,0.0
15.0,0.02,0,90,0.0,0.0,0.0,0.0,0.0,-0.00501,0.0,-0.0,0.0,0.0,0.0,-0.0,0.0,0.0,0.0,0.0,0.0,0.0,0.0,0.0,0.0,-0.0,0.0,0.0
15.0,0.02,0,135,0.0,0.0,0.0,0.0,0.0,-0.00501,0.0,-0.0,0.0,0.0,0.0,-0.0,0.0,0.0,0.0,0.0,0.0,0.0,0.0,0.0,0.0,-0.0,0.0,0.0
15.0,0.02,0,180,0.0,0.0,0.0,0.0,0.0,-0.00501,0.0,-0.0,0.0,0.0,0.0,-0.0,0.0,0.0,0.0,0.0,0.0,0.0,0.0,0.0,0.0,-0.0,0.0,0.0
15.0,0.02,0,225,0.0,0.0,0.0,0.0,0.0,-0.00501,0.0,-0.0,0.0,0.0,0.0,-0.0,0.0,0.0,0.0,0.0,0.0,0.0,0.0,0.0,0.0,-0.0,0.0,0.0
15.0,0.02,0,270,0.0,0.0,0.0,0.0,0.0,-0.00501,0.0,-0.0,0.0,0.0,0.0,-0.0,0.0,0.0,0.0,0.0,0.0,0.0,0.0,0.0,0.0,-0.0,0.0,0.0
15.0,0.02,0,315,0.0,0.0,0.0,0.0,0.0,-0.00501,0.0,-0.0,0.0,0.0,0.0,-0.0,0.0,0.0,0.0,0.0,0.0,0.0,0.0,0.0,0.0,-0.0,0.0,0.0
15.0,0.02,2.5,0,0.00568,0.00568,0.00309,0.00309,0.00371,-0.00131,0.0,-0.0,0.0,0.0,0.0,-0.0,0.0,0.0,0.0,0.0,-0.00765,-0.00765,0.15342,0.15342,0.00765,0.00765,-0.15342,-0.15342
15.0,0.02,2.5,45,0.00633,0.00633,0.00345,0.00345,0.00268,-0.00233,-0.05987,-0.05987,-0.00205,-0.00205,-0.00421,-0.00421,-0.00548,-0.00548,0.16281,0.16281,-0.00533,-0.00533,0.05396,0.05396,0.00548,0.00548,-0.16281,-0.16281
15.0,0.02,2.5,90,0.00568,0.00568,0.00309,0.00309,8e-05,-0.00493,-0.16177,-0.16177,-0.00279,-0.00279,-0.00616,-0.00616,-0.00765,-0.00765,0.15342,0.15342,0.0,0.0,0.0,0.0,-0.0,-0.0,0.0,0.0
15.0,0.02,2.5,135,0.00633,0.00633,0.00345,0.00345,-0.00268,-0.00769,-0.16871,-0.16871,-0.00189,-0.00189,-0.00451,-0.00451,-0.00533,-0.00533,0.05396,0.05396,0.00533,0.00533,-0.05396,-0.05396,-0.00548,-0.00548,0.16281,0.16281
15.0,0.02,2.5,180,0.00568,0.00568,0.00309,0.00309,-0.00386,-0.00888,-0.0,-0.0,0.0,0.0,0.0,-0.0,0.0,0.0,0.0,0.0,0.00765,0.00765,-0.15342,-0.15342,-0.00765,-0.00765,0.15342,0.15342
15.0,0.02,2.5,225,0.00633,0.00633,0.00345,0.00345,-0.00268,-0.00769,0.16871,0.16871,0.00189,0.00189,0.00451,0.00451,0.00533,0.00533,-0.05396,-0.05396,0.00548,0.00548,-0.16281,-0.16281,-0.00533,-0.00533,0.05396,0.05396
15.0,0.02,2.5,270,0.00568,0.00568,0.00309,0.00309,8e-05,-0.00493,0.16177,0.16177,0.00279,0.00279,0.00616,0.00616,0.00765,0.00765,-0.15342,-0.15342,0.0,0.0,0.0,0.0,-0.0,-0.0,0.0,0.0
15.0,0.02,2.5,315,0.00633,0.00633,0.00345,0.00345,0.00268,-0.00233,0.05987,0.05987,0.00205,0.00205,0.00421,0.00421,0.00548,0.00548,-0.16281,-0.16281,-0.00548,-0.00548,0.16281,0.16281,0.00533,0.00533,-0.05396,-0.05396
15.0,0.02,5,0,0.01137,0.01137,0.00618,0.00618,0.00724,0.00223,0.0,-0.0,0.0,0.0,-0.0,-0.0,0.0,0.0,0.0,0.0,-0.01534,-0.01534,0.30742,0.30742,0.01534,0.01534,-0.30742,-0.30742
15.0,0.02,5,45,0.01268,0.01268,0.00691,0.00691,0.00537,0.00036,-0.01047,-0.01047,-0.00426,-0.00426,-0.00811,-0.00811,-0.0111,-0.0111,0.43446,0.43446,-0.01051,-0.01051,-0.00135,-0.00135,0.0111,0.0111,-0.43446,-0.43446
15.0,0.02,5,90,0.01137,0.01137,0.00618,0.00618,0.00032,-0.0047,-0.32406,-0.32406,-0.00559,-0.00559,-0.01234,-0.01234,-0.01534,-0.01534,0.30742,0.30742,-0.0,0.0,0.0,0.0,-0.0,-0.0,0.0,0.0
15.0,0.02,5,135,0.01268,0.01268,0.00691,0.00691,-0.00537,-0.01038,-0.44626,-0.44626,-0.00362,-0.00362,-0.00931,-0.00931,-0.01051,-0.01051,-0.00135,-0.00135,0.01051,0.01051,0.00135,0.00135,-0.0111,-0.0111,0.43446,0.43446
15.0,0.02,5,180,0.01137,0.01137,0.00618,0.00618,-0.00787,-0.01289,-0.0,-0.0,0.0,0.0,0.0,-0.0,0.0,0.0,0.0,0.0,0.01534,0.01534,-0.30742,-0.30742,-0.01534,-0.01534,0.30742,0.30742
15.0,0.02,5,225,0.01268,0.01268,0.00691,0.00691,-0.00537,-0.01038,0.44626,0.44626,0.00362,0.00362,0.00931,0.00931,0.01051,0.01051,0.00135,0.00135,0.0111,0.0111,-0.43446,-0.43446,-0.01051,-0.01051,-0.00135,-0.00135
15.0,0.02,5,270,0.01137,0.01137,0.00618,0.00618,0.00032,-0.0047,0.32406,0.32406,0.00559,0.00559,0.01234,0.01234,0.01534,0.01534,-0.30742,-0.30742,0.0,0.0,0.0,0.0,-0.0,-0.0,0.0,0.0
15.0,0.02,5,315,0.01268,0.01268,0.00691,0.00691,0.00537,0.00036,0.01047,0.01047,0.00426,0.00426,0.00811,0.00811,0.0111,0.0111,-0.43446,-0.43446,-0.0111,-0.0111,0.43446,0.43446,0.01051,0.01051,0.00135,0.00135
15.0,0.02,7.5,0,0.0171,0.0171,0.00926,0.00926,0.01061,0.0056,0.0,-0.0,0.0,0.0,0.0,-0.0,-0.0,-0.0,0.0,0.0,-0.02308,-0.02308,0.4626,0.4626,0.02308,0.02308,-0.4626,-0.4626
15.0,0.02,7.5,45,0.01906,0.01906,0.01035,0.01035,0.00808,0.00307,0.14905,0.14905,-0.00663,-0.00663,-0.01169,-0.01169,-0.01685,-0.01685,0.81538,0.81538,-0.01551,-0.01551,-0.16675,-0.16675,0.01685,0.01685,-0.81538,-0.81538
15.0,0.02,7.5,90,0.0171,0.0171,0.00926,0.00926,0.00072,-0.0043,-0.4874,-0.4874,-0.00841,-0.00841,-0.01854,-0.01854,-0.02308,-0.02308,0.4626,0.4626,0.0,0.0,0.0,0.0,-0.0,-0.0,0.0,0.0
15.0,0.02,7.5,135,0.01906,0.01906,0.01035,0.01035,-0.00808,-0.01309,-0.83305,-0.83305,-0.00518,-0.00518,-0.01441,-0.01441,-0.01551,-0.01551,-0.16675,-0.16675,0.01551,0.01551,0.16675,0.16675,-0.01685,-0.01685,0.81538,0.81538
15.0,0.02,7.5,180,0.0171,0.0171,0.00926,0.00926,-0.01203,-0.01704,-0.0,-0.0,0.0,0.0,0.0,-0.0,0.0,0.0,0.0,0.0,0.02308,0.02308,-0.4626,-0.4626,-0.02308,-0.02308,0.4626,0.4626
15.0,0.02,7.5,225,0.01906,0.01906,0.01035,0.01035,-0.00808,-0.01309,0.83305,0.83305,0.00518,0.00518,0.01441,0.01441,0.01551,0.01551,0.16675,0.16675,0.01685,0.01685,-0.81538,-0.81538,-0.01551,-0.01551,-0.16675,-0.16675
15.0,0.02,7.5,270,0.0171,0.0171,0.00926,0.00926,0.00072,-0.0043,0.4874,0.4874,0.00841,0.00841,0.01854,0.01854,0.02308,0.02308,-0.4626,-0.4626,0.0,0.0,0.0,0.0,-0.0,-0.0,0.0,0.0
15.0,0.02,7.5,315,0.01906,0.01906,0.01035,0.01035,0.00808,0.00307,-0.14905,-0.14905,0.00663,0.00663,0.01169,0.01169,0.01685,0.01685,-0.81538,-0.81538,-0.01685,-0.01685,0.81538,0.81538,0.01551,0.01551,0.16675,0.16675
15.0,0.02,10,0,0.02289,0.02289,0.01231,0.01231,0.01379,0.00878,0.0,-0.0,0.0,0.0,0.0,-0.0,0.0,0.0,0.0,0.0,-0.03092,-0.03092,0.61957,0.61957,0.03092,0.03092,-0.61957,-0.61957
15.0,0.02,10,45,0.02549,0.02549,0.01378,0.01378,0.01082,0.00581,0.41996,0.41996,-0.00914,-0.00914,-0.01496,-0.01496,-0.02271,-0.02271,1.30637,1.30637,-0.02032,-0.02032,-0.44351,-0.44351,0.02271,0.02271,-1.30637,-1.30637
15.0,0.02,10,90,0.02289,0.02289,0.01231,0.01231,0.00128,-0.00373,-0.65233,-0.65233,-0.01125,-0.01125,-0.02478,-0.02478,-0.03092,-0.03092,0.61957,0.61957,-0.0,0.0,0.0,0.0,-0.0,-0.0,0.0,0.0
15.0,0.02,10,135,0.02549,0.02549,0.01378,0.01378,-0.01083,-0.01584,-1.32986,-1.32986,-0.00656,-0.00656,-0.01979,-0.01979,-0.02032,-0.02032,-0.44351,-0.44351,0.02032,0.02032,0.44351,0.44351,-0.02271,-0.02271,1.30637,1.30637
15.0,0.02,10,180,0.02289,0.02289,0.01231,0.01231,-0.01631,-0.02132,-0.0,-0.0,0.0,0.0,0.0,-0.0,0.0,0.0,0.0,0.0,0.03092,0.03092,-0.61957,-0.61957,-0.03092,-0.03092,0.61957,0.61957
15.0,0.02,10,225,0.02549,0.02549,0.01378,0.01378,-0.01083,-0.01584,1.32986,1.32986,0.00656,0.00656,0.01979,0.01979,0.02032,0.02032,0.44351,0.44351,0.02271,0.02271,-1.30637,-1.30637,-0.02032,-0.02032,-0.44351,-0.44351
15.0,0.02,10,270,0.02289,0.02289,0.01231,0.01231,0.00128,-0.00373,0.65233,0.65233,0.01125,0.01125,0.02478,0.02478,0.03092,0.03092,-0.61957,-0.61957,-0.0,0.0,0.0,0.0,-0.0,-0.0,0.0,0.0
15.0,0.02,10,315,0.02549,0.02549,0.01378,0.01378,0.01082,0.00581,-0.41996,-0.41996,0.00914,0.00914,0.01496,0.01496,0.02271,0.02271,-1.30637,-1.30637,-0.02271,-0.02271,1.30637,1.30637,0.02032,0.02032,0.44351,0.44351
15.0,0.02,12.5,0,0.02873,0.02873,0.01532,0.01532,0.01679,0.01177,0.0,-0.0,0.0,0.0,0.0,-0.0,0.0,0.0,0.0,0.0,-0.03888,-0.03888,0.77896,0.77896,0.03888,0.03888,-0.77896,-0.77896
15.0,0.02,12.5,45,0.032,0.032,0.01717,0.01717,0.0136,0.00859,0.80396,0.80396,-0.01182,-0.01182,-0.01791,-0.01791,-0.02868,-0.02868,1.90865,1.90865,-0.02493,-0.02493,-0.83332,-0.83332,0.02868,0.02868,-1.90865,-1.90865
15.0,0.02,12.5,90,0.02873,0.02873,0.01532,0.01532,0.00202,-0.00299,-0.81945,-0.81945,-0.01414,-0.01414,-0.03106,-0.03106,-0.03888,-0.03888,0.77896,0.77896,-0.0,0.0,0.0,0.0,0.0,0.0,0.0,0.0
15.0,0.02,12.5,135,0.032,0.032,0.01717,0.01717,-0.01363,-0.01864,-1.93792,-1.93792,-0.00777,-0.00777,-0.02545,-0.02545,-0.02493,-0.02493,-0.83332,-0.83332,0.02493,0.02493,0.83332,0.83332,-0.02868,-0.02868,1.90865,1.90865
15.0,0.02,12.5,180,0.02873,0.02873,0.01532,0.01532,-0.02072,-0.02573,-0.0,-0.0,0.0,0.0,0.0,-0.0,-0.0,-0.0,0.0,0.0,0.03888,0.03888,-0.77896,-0.77896,-0.03888,-0.03888,0.77896,0.77896
15.0,0.02,12.5,225,0.032,0.032,0.01717,0.01717,-0.01363,-0.01864,1.93792,1.93792,0.00777,0.00777,0.02545,0.02545,0.02493,0.02493,0.83332,0.83332,0.02868,0.02868,-1.90865,-1.90865,-0.02493,-0.02493,-0.83332,-0.83332
15.0,0.02,12.5,270,0.02873,0.02873,0.01532,0.01532,0.00202,-0.00299,0.81945,0.81945,0.01414,0.01414,0.03106,0.03106,0.03888,0.03888,-0.77896,-0.77896,0.0,0.0,0.0,0.0,-0.0,-0.0,0.0,0.0
15.0,0.02,12.5,315,0.032,0.032,0.01717,0.01717,0.0136,0.00859,-0.80396,-0.80396,0.01182,0.01182,0.01791,0.01791,0.02868,0.02868,-1.90865,-1.90865,-0.02868,-0.02868,1.90865,1.90865,0.02493,0.02493,0.83332,0.83332
15.0,0.02,15,0,0.03466,0.03466,0.01829,0.01829,0.01958,0.01457,0.0,-0.0,0.0,0.0,0.0,-0.0,0.0,0.0,0.0,0.0,-0.047,-0.047,0.94146,0.94146,0.047,0.047,-0.94146,-0.94146
15.0,0.02,15,45,0.03859,0.03859,0.02051,0.02051,0.01643,0.01141,1.3032,1.3032,-0.01464,-0.01464,-0.02051,-0.02051,-0.03475,-0.03475,2.62383,2.62383,-0.02933,-0.02933,-1.33831,-1.33831,0.03475,0.03475,-2.62383,-2.62383
15.0,0.02,15,90,0.03466,0.03466,0.01829,0.01829,0.00293,-0.00208,-0.98935,-0.98935,-0.01707,-0.01707,-0.03739,-0.03739,-0.047,-0.047,0.94146,0.94146,0.0,0.0,0.0,0.0,-0.0,-0.0,0.0,0.0
15.0,0.02,15,135,0.03859,0.03859,0.02051,0.02051,-0.01649,-0.02151,-2.65881,-2.65881,-0.0088,-0.0088,-0.03139,-0.03139,-0.02933,-0.02933,-1.33831,-1.33831,0.02933,0.02933,1.33831,1.33831,-0.03475,-0.03475,2.62383,2.62383
15.0,0.02,15,180,0.03466,0.03466,0.01829,0.01829,-0.02524,-0.03025,-0.0,-0.0,0.0,0.0,-0.0,-0.0,-0.0,-0.0,0.0,0.0,0.047,0.047,-0.94146,-0.94146,-0.047,-0.047,0.94146,0.94146
15.0,0.02,15,225,0.03859,0.03859,0.02051,0.02051,-0.01649,-0.02151,2.65881,2.65881,0.0088,0.0088,0.03139,0.03139,0.02933,0.02933,1.33831,1.33831,0.03475,0.03475,-2.62383,-2.62383,-0.02933,-0.02933,-1.33831,-1.33831
15.0,0.02,15,270,0.03466,0.03466,0.01829,0.01829,0.00293,-0.00208,0.98935,0.98935,0.01707,0.01707,0.03739,0.03739,0.047,0.047,-0.94146,-0.94146,0.0,0.0,0.0,0.0,-0.0,-0.0,0.0,0.0
15.0,0.02,15,315,0.03859,0.03859,0.02051,0.02051,0.01643,0.01141,-1.3032,-1.3032,0.01464,0.01464,0.02051,0.02051,0.03475,0.03475,-2.62383,-2.62383,-0.03475,-0.03475,2.62383,2.62383,0.02933,0.02933,1.33831,1.33831
15.0,0.02,20,0,0.04684,0.04684,0.02402,0.02402,0.02455,0.01954,0.0,-0.0,0.0,0.0,0.0,-0.0,0.0,0.0,0.0,0.0,-0.06386,-0.06386,1.27874,1.27874,0.06386,0.06386,-1.27874,-1.27874
15.0,0.02,20,45,0.05211,0.05211,0.02698,0.02698,0.02224,0.01722,2.65823,2.65823,-0.02074,-0.02074,-0.0247,-0.0247,-0.0471,-0.0471,4.40125,4.40125,-0.03739,-0.03739,-2.7046,-2.7046,0.0471,0.0471,-4.40125,-4.40125
15.0,0.02,20,90,0.04684,0.04684,0.02402,0.02402,0.00532,0.00031,-1.3403,-1.3403,-0.02314,-0.02314,-0.05027,-0.05027,-0.06386,-0.06386,1.27874,1.27874,0.0,0.0,0.0,0.0,-0.0,-0.0,0.0,0.0
15.0,0.02,20,135,0.05211,0.05211,0.02698,0.02698,-0.02248,-0.0275,-4.44737,-4.44737,-0.01027,-0.01027,-0.04407,-0.04407,-0.03739,-0.03739,-2.7046,-2.7046,0.03739,0.03739,2.7046,2.7046,-0.0471,-0.0471,4.40125,4.40125
15.0,0.02,20,180,0.04684,0.04684,0.02402,0.02402,-0.03458,-0.0396,-0.0,-0.0,0.0,0.0,-0.0,-0.0,0.0,0.0,0.0,0.0,0.06386,0.06386,-1.27874,-1.27874,-0.06386,-0.06386,1.27874,1.27874
15.0,0.02,20,225,0.05211,0.05211,0.02698,0.02698,-0.02248,-0.0275,4.44737,4.44737,0.01027,0.01027,0.04407,0.04407,0.03739,0.03739,2.7046,2.7046,0.0471,0.0471,-4.40125,-4.40125,-0.03739,-0.03739,-2.7046,-2.7046
15.0,0.02,20,270,0.04684,0.04684,0.02402,0.02402,0.00532,0.00031,1.3403,1.3403,0.02314,0.02314,0.05027,0.05027,0.06386,0.06386,-1.27874,-1.27874,-0.0,0.0,0.0,0.0,-0.0,-0.0,0.0,0.0
15.0,0.02,20,315,0.05211,0.05211,0.02698,0.02698,0.02224,0.01722,-2.65823,-2.65823,0.02074,0.02074,0.0247,0.0247,0.0471,0.0471,-4.40125,-4.40125,-0.0471,-0.0471,4.40125,4.40125,0.03739,0.03739,2.7046,2.7046
15.0,0.02,25,0,0.05959,0.05959,0.0294,0.0294,0.02865,0.02364,0.0,-0.0,0.0,0.0,0.0,-0.0,0.0,0.0,0.0,0.0,-0.08187,-0.08187,1.6381,1.6381,0.08187,0.08187,-1.6381,-1.6381
15.0,0.02,25,45,0.06625,0.06625,0.03309,0.03309,0.02829,0.02328,4.5113,4.5113,-0.02743,-0.02743,-0.02745,-0.02745,-0.05967,-0.05967,6.65911,6.65911,-0.04432,-0.04432,-4.56846,-4.56846,0.05967,0.05967,-6.65911,-6.65911
15.0,0.02,25,90,0.05959,0.05959,0.0294,0.0294,0.00855,0.00354,-1.71146,-1.71146,-0.02955,-0.02955,-0.06345,-0.06345,-0.08187,-0.08187,1.6381,1.6381,0.0,0.0,0.0,0.0,0.0,-0.0,0.0,0.0
15.0,0.02,25,135,0.06625,0.06625,0.03309,0.03309,-0.02893,-0.03395,-6.7159,-6.7159,-0.01091,-0.01091,-0.05777,-0.05777,-0.04432,-0.04432,-4.56846,-4.56846,0.04432,0.04432,4.56846,4.56846,-0.05967,-0.05967,6.65911,6.65911
15.0,0.02,25,180,0.05959,0.05959,0.0294,0.0294,-0.04427,-0.04928,-0.0,-0.0,0.0,0.0,-0.0,-0.0,-0.0,-0.0,0.0,0.0,0.08187,0.08187,-1.6381,-1.6381,-0.08187,-0.08187,1.6381,1.6381
15.0,0.02,25,225,0.06625,0.06625,0.03309,0.03309,-0.02893,-0.03395,6.7159,6.7159,0.01091,0.01091,0.05777,0.05777,0.04432,0.04432,4.56846,4.56846,0.05967,0.05967,-6.65911,-6.65911,-0.04432,-0.04432,-4.56846,-4.56846
15.0,0.02,25,270,0.05959,0.05959,0.0294,0.0294,0.00855,0.00354,1.71146,1.71146,0.02955,0.02955,0.06345,0.06345,0.08187,0.08187,-1.6381,-1.6381,0.0,0.0,0.0,0.0,0.0,-0.0,0.0,0.0
15.0,0.02,25,315,0.06625,0.06625,0.03309,0.03309,0.02829,0.02328,-4.5113,-4.5113,0.02743,0.02743,0.02745,0.02745,0.05967,0.05967,-6.65911,-6.65911,-0.05967,-0.05967,6.65911,6.65911,0.04432,0.04432,4.56846,4.56846
15.0,0.02,30,0,0.07313,0.07313,0.03433,0.03433,0.03183,0.02682,0.0,-0.0,0.0,0.0,0.0,-0.0,-0.0,-0.0,0.0,0.0,-0.10144,-0.10144,2.02789,2.02789,0.10144,0.10144,-2.02789,-2.02789
15.0,0.02,30,45,0.08126,0.08126,0.0387,0.0387,0.03459,0.02958,6.89596,6.89596,-0.0347,-0.0347,-0.02867,-0.02867,-0.07228,-0.07228,9.42361,9.42361,-0.04988,-0.04988,-6.96326,-6.96326,0.07228,0.07228,-9.42361,-9.42361
15.0,0.02,30,90,0.07313,0.07313,0.03433,0.03433,0.01275,0.00773,-2.11081,-2.11081,-0.03644,-0.03644,-0.07695,-0.07695,-0.10144,-0.10144,2.02789,2.02789,0.0,0.0,0.0,0.0,-0.0,-0.0,0.0,0.0
15.0,0.02,30,135,0.08126,0.08126,0.0387,0.0387,-0.036,-0.04101,-9.49039,-9.49039,-0.01064,-0.01064,-0.0724,-0.0724,-0.04988,-0.04988,-6.96326,-6.96326,0.04988,0.04988,6.96326,6.96326,-0.07228,-0.07228,9.42361,9.42361
15.0,0.02,30,180,0.07313,0.07313,0.03433,0.03433,-0.05423,-0.05925,-0.0,-0.0,0.0,0.0,-0.0,-0.0,0.0,0.0,0.0,0.0,0.10144,0.10144,-2.02789,-2.02789,-0.10144,-0.10144,2.02789,2.02789
15.0,0.02,30,225,0.08126,0.08126,0.0387,0.0387,-0.036,-0.04101,9.49039,9.49039,0.01064,0.01064,0.0724,0.0724,0.04988,0.04988,6.96326,6.96326,0.07228,0.07228,-9.42361,-9.42361,-0.04988,-0.04988,-6.96326,-6.96326
15.0,0.02,30,270,0.07313,0.07313,0.03433,0.03433,0.01275,0.00773,2.11081,2.11081,0.03644,0.03644,0.07695,0.07695,0.10144,0.10144,-2.02789,-2.02789,-0.0,0.0,0.0,0.0,-0.0,-0.0,0.0,0.0
15.0,0.02,30,315,0.08126,0.08126,0.0387,0.0387,0.03459,0.02958,-6.89596,-6.89596,0.0347,0.0347,0.02867,0.02867,0.07228,0.07228,-9.42361,-9.42361,-0.07228,-0.07228,9.42361,9.42361,0.04988,0.04988,6.96326,6.96326
15.0,0.03,0,0,0.0,0.0,0.0,0.0,0.0,-0.00752,0.0,-0.0,0.0,0.0,0.0,-0.0,0.0,0.0,0.0,0.0,0.0,0.0,0.0,0.0,0.0,-0.0,0.0,0.0
15.0,0.03,0,45,0.0,0.0,0.0,0.0,0.0,-0.00752,0.0,-0.0,0.0,0.0,0.0,-0.0,0.0,0.0,0.0,0.0,0.0,0.0,0.0,0.0,0.0,-0.0,0.0,0.0
15.0,0.03,0,90,0.0,0.0,0.0,0.0,0.0,-0.00752,0.0,-0.0,0.0,0.0,0.0,-0.0,0.0,0.0,0.0,0.0,0.0,0.0,0.0,0.0,0.0,-0.0,0.0,0.0
15.0,0.03,0,135,0.0,0.0,0.0,0.0,0.0,-0.00752,0.0,-0.0,0.0,0.0,0.0,-0.0,0.0,0.0,0.0,0.0,0.0,0.0,0.0,0.0,0.0,-0.0,0.0,0.0
15.0,0.03,0,180,0.0,0.0,0.0,0.0,0.0,-0.00752,0.0,-0.0,0.0,0.0,0.0,-0.0,0.0,0.0,0.0,0.0,0.0,0.0,0.0,0.0,0.0,-0.0,0.0,0.0
15.0,0.03,0,225,0.0,0.0,0.0,0.0,0.0,-0.00752,0.0,-0.0,0.0,0.0,0.0,-0.0,0.0,0.0,0.0,0.0,0.0,0.0,0.0,0.0,0.0,-0.0,0.0,0.0
15.0,0.03,0,270,0.0,0.0,0.0,0.0,0.0,-0.00752,0.0,-0.0,0.0,0.0,0.0,-0.0,0.0,0.0,0.0,0.0,0.0,0.0,0.0,0.0,0.0,-0.0,0.0,0.0
15.0,0.03,0,315,0.0,0.0,0.0,0.0,0.0,-0.00752,0.0,-0.0,0.0,0.0,0.0,-0.0,0.0,0.0,0.0,0.0,0.0,0.0,0.0,0.0,0.0,-0.0,0.0,0.0
15.0,0.03,2.5,0,0.00782,0.00782,0.00309,0.00309,0.00548,-0.00204,0.0,-0.0,0.0,0.0,0.0,-0.0,0.0,0.0,0.0,0.0,-0.01128,-0.01128,0.15342,0.15342,0.01128,0.01128,-0.15342,-0.15342
15.0,0.03,2.5,45,0.00872,0.00872,0.00345,0.00345,0.00393,-0.00359,-0.05984,-0.05984,-0.00202,-0.00202,-0.00634,-0.00634,-0.00803,-0.00803,0.16284,0.16284,-0.0079,-0.0079,0.05392,0.05392,0.00803,0.00803,-0.16284,-0.16284
15.0,0.03,2.5,90,0.00782,0.00782,0.00309,0.00309,7e-05,-0.00745,-0.16177,-0.16177,-0.00269,-0.00269,-0.00926,-0.00926,-0.01128,-0.01128,0.15342,0.15342,0.0,0.0,0.0,0.0,-0.0,-0.0,0.0,0.0
15.0,0.03,2.5,135,0.00872,0.00872,0.00345,0.00345,-0.00393,-0.01145,-0.16875,-0.16875,-0.00178,-0.00178,-0.00674,-0.00674,-0.0079,-0.0079,0.05392,0.05392,0.0079,0.0079,-0.05392,-0.05392,-0.00803,-0.00803,0.16284,0.16284
15.0,0.03,2.5,180,0.00782,0.00782,0.00309,0.00309,-0.00562,-0.01314,-0.0,-0.0,0.0,0.0,0.0,-0.0,0.0,0.0,0.0,0.0,0.01128,0.01128,-0.15342,-0.15342,-0.01128,-0.01128,0.15342,0.15342
15.0,0.03,2.5,225,0.00872,0.00872,0.00345,0.00345,-0.00393,-0.01145,0.16875,0.16875,0.00178,0.00178,0.00674,0.00674,0.0079,0.0079,-0.05392,-0.05392,0.00803,0.00803,-0.16284,-0.16284,-0.0079,-0.0079,0.05392,0.05392
15.0,0.03,2.5,270,0.00782,0.00782,0.00309,0.00309,7e-05,-0.00745,0.16177,0.16177,0.00269,0.00269,0.00926,0.00926,0.01128,0.01128,-0.15342,-0.15342,0.0,0.0,0.0,0.0,-0.0,-0.0,0.0,0.0
15.0,0.03,2.5,315,0.00872,0.00872,0.00345,0.00345,0.00393,-0.00359,0.05984,0.05984,0.00202,0.00202,0.00634,0.00634,0.00803,0.00803,-0.16284,-0.16284,-0.00803,-0.00803,0.16284,0.16284,0.0079,0.0079,-0.05392,-0.05392
15.0,0.03,5,0,0.01567,0.01567,0.00618,0.00618,0.01079,0.00327,0.0,-0.0,0.0,0.0,0.0,-0.0,0.0,0.0,0.0,0.0,-0.0226,-0.0226,0.30742,0.30742,0.0226,0.0226,-0.30742,-0.30742
15.0,0.03,5,45,0.01746,0.01746,0.00691,0.00691,0.00787,0.00035,-0.01033,-0.01033,-0.00426,-0.00426,-0.01227,-0.01227,-0.01618,-0.01618,0.43461,0.43461,-0.01566,-0.01566,-0.0015,-0.0015,0.01618,0.01618,-0.43461,-0.43461
15.0,0.03,5,90,0.01567,0.01567,0.00618,0.00618,0.0003,-0.00722,-0.32407,-0.32407,-0.00539,-0.00539,-0.01852,-0.01852,-0.0226,-0.0226,0.30742,0.30742,-0.0,0.0,0.0,0.0,-0.0,-0.0,0.0,0.0
15.0,0.03,5,135,0.01746,0.01746,0.00691,0.00691,-0.00787,-0.01539,-0.44642,-0.44642,-0.00333,-0.00333,-0.01387,-0.01387,-0.01566,-0.01566,-0.0015,-0.0015,0.01566,0.01566,0.0015,0.0015,-0.01618,-0.01618,0.43461,0.43461
15.0,0.03,5,180,0.01567,0.01567,0.00618,0.00618,-0.01139,-0.01891,-0.0,-0.0,0.0,0.0,0.0,-0.0,0.0,0.0,0.0,0.0,0.0226,0.0226,-0.30742,-0.30742,-0.0226,-0.0226,0.30742,0.30742
15.0,0.03,5,225,0.01746,0.01746,0.00691,0.00691,-0.00787,-0.01539,0.44642,0.44642,0.00333,0.00333,0.01387,0.01387,0.01566,0.01566,0.0015,0.0015,0.01618,0.01618,-0.43461,-0.43461,-0.01566,-0.01566,-0.0015,-0.0015
15.0,0.03,5,270,0.01567,0.01567,0.00618,0.00618,0.0003,-0.00722,0.32407,0.32407,0.00539,0.00539,0.01852,0.01852,0.0226,0.0226,-0.30742,-0.30742,0.0,0.0,0.0,0.0,-0.0,-0.0,0.0,0.0
15.0,0.03,5,315,0.01746,0.01746,0.00691,0.00691,0.00787,0.00035,0.01033,0.01033,0.00426,0.00426,0.01227,0.01227,0.01618,0.01618,-0.43461,-0.43461,-0.01618,-0.01618,0.43461,0.43461,0.01566,0.01566,0.0015,0.0015
15.0,0.03,7.5,0,0.02357,0.02357,0.00926,0.00926,0.01594,0.00842,0.0,-0.0,0.0,0.0,0.0,-0.0,0.0,0.0,0.0,0.0,-0.03401,-0.03401,0.4626,0.4626,0.03401,0.03401,-0.4626,-0.4626
15.0,0.03,7.5,45,0.02626,0.02626,0.01036,0.01036,0.01185,0.00433,0.14937,0.14937,-0.00674,-0.00674,-0.01777,-0.01777,-0.02442,-0.02442,0.81571,0.81571,-0.02326,-0.02326,-0.16708,-0.16708,0.02442,0.02442,-0.81571,-0.81571
15.0,0.03,7.5,90,0.02357,0.02357,0.00926,0.00926,0.00068,-0.00684,-0.48741,-0.48741,-0.0081,-0.0081,-0.02781,-0.02781,-0.03401,-0.03401,0.4626,0.4626,0.0,0.0,0.0,0.0,-0.0,-0.0,0.0,0.0
15.0,0.03,7.5,135,0.02626,0.02626,0.01036,0.01036,-0.01185,-0.01937,-0.83339,-0.83339,-0.00464,-0.00464,-0.02137,-0.02137,-0.02326,-0.02326,-0.16708,-0.16708,0.02326,0.02326,0.16708,0.16708,-0.02442,-0.02442,0.81571,0.81571
15.0,0.03,7.5,180,0.02357,0.02357,0.00926,0.00926,-0.01727,-0.02479,-0.0,-0.0,0.0,0.0,0.0,-0.0,-0.0,-0.0,0.0,0.0,0.03401,0.03401,-0.4626,-0.4626,-0.03401,-0.03401,0.4626,0.4626
15.0,0.03,7.5,225,0.02626,0.02626,0.01036,0.01036,-0.01185,-0.01937,0.83339,0.83339,0.00464,0.00464,0.02137,0.02137,0.02326,0.02326,0.16708,0.16708,0.02442,0.02442,-0.81571,-0.81571,-0.02326,-0.02326,-0.16708,-0.16708
15.0,0.03,7.5,270,0.02357,0.02357,0.00926,0.00926,0.00068,-0.00684,0.48741,0.48741,0.0081,0.0081,0.02781,0.02781,0.03401,0.03401,-0.4626,-0.4626,0.0,0.0,0.0,0.0,-0.0,-0.0,0.0,0.0
15.0,0.03,7.5,315,0.02626,0.02626,0.01036,0.01036,0.01185,0.00433,-0.14937,-0.14937,0.00674,0.00674,0.01777,0.01777,0.02442,0.02442,-0.81571,-0.81571,-0.02442,-0.02442,0.81571,0.81571,0.02326,0.02326,0.16708,0.16708
15.0,0.03,10,0,0.03155,0.03155,0.01232,0.01232,0.0209,0.01338,0.0,-0.0,0.0,0.0,0.0,-0.0,0.0,0.0,0.0,0.0,-0.04556,-0.04556,0.61957,0.61957,0.04556,0.04556,-0.61957,-0.61957
15.0,0.03,10,45,0.03515,0.03515,0.01379,0.01379,0.01587,0.00835,0.42053,0.42053,-0.00945,-0.00945,-0.02283,-0.02283,-0.03275,-0.03275,1.30696,1.30696,-0.03067,-0.03067,-0.4441,-0.4441,0.03275,0.03275,-1.30696,-1.30696
15.0,0.03,10,90,0.03155,0.03155,0.01232,0.01232,0.00121,-0.00631,-0.65235,-0.65235,-0.01084,-0.01084,-0.03712,-0.03712,-0.04556,-0.04556,0.61957,0.61957,-0.0,0.0,0.0,0.0,-0.0,-0.0,0.0,0.0
15.0,0.03,10,135,0.03515,0.03515,0.01379,0.01379,-0.01588,-0.0234,-1.33047,-1.33047,-0.0057,-0.0057,-0.02923,-0.02923,-0.03067,-0.03067,-0.4441,-0.4441,0.03067,0.03067,0.4441,0.4441,-0.03275,-0.03275,1.30696,1.30696
15.0,0.03,10,180,0.03155,0.03155,0.01232,0.01232,-0.02327,-0.03079,-0.0,-0.0,0.0,0.0,0.0,-0.0,0.0,0.0,0.0,0.0,0.04556,0.04556,-0.61957,-0.61957,-0.04556,-0.04556,0.61957,0.61957
15.0,0.03,10,225,0.03515,0.03515,0.01379,0.01379,-0.01588,-0.0234,1.33047,1.33047,0.0057,0.0057,0.02923,0.02923,0.03067,0.03067,0.4441,0.4441,0.03275,0.03275,-1.30696,-1.30696,-0.03067,-0.03067,-0.4441,-0.4441
15.0,0.03,10,270,0.03155,0.03155,0.01232,0.01232,0.00121,-0.00631,0.65235,0.65235,0.01084,0.01084,0.03712,0.03712,0.04556,0.04556,-0.61957,-0.61957,-0.0,0.0,0.0,0.0,-0.0,-0.0,0.0,0.0
15.0,0.03,10,315,0.03515,0.03515,0.01379,0.01379,0.01587,0.00835,-0.42053,-0.42053,0.00945,0.00945,0.02283,0.02283,0.03275,0.03275,-1.30696,-1.30696,-0.03275,-0.03275,1.30696,1.30696,0.03067,0.03067,0.4441,0.4441
15.0,0.03,12.5,0,0.03964,0.03964,0.01533,0.01533,0.02567,0.01815,0.0,-0.0,0.0,0.0,0.0,-0.0,0.0,0.0,0.0,0.0,-0.05728,-0.05728,0.77896,0.77896,0.05728,0.05728,-0.77896,-0.77896
15.0,0.03,12.5,45,0.04414,0.04414,0.01718,0.01718,0.01995,0.01243,0.80486,0.80486,-0.01239,-0.01239,-0.02744,-0.02744,-0.04114,-0.04114,1.90957,1.90957,-0.03788,-0.03788,-0.83424,-0.83424,0.04114,0.04114,-1.90957,-1.90957
15.0,0.03,12.5,90,0.03964,0.03964,0.01533,0.01533,0.0019,-0.00562,-0.81947,-0.81947,-0.01362,-0.01362,-0.04647,-0.04647,-0.05728,-0.05728,0.77896,0.77896,-0.0,0.0,0.0,0.0,0.0,0.0,0.0,0.0
15.0,0.03,12.5,135,0.04414,0.04414,0.01718,0.01718,-0.01997,-0.02749,-1.93886,-1.93886,-0.00652,-0.00652,-0.03743,-0.03743,-0.03788,-0.03788,-0.83424,-0.83424,0.03788,0.03788,0.83424,0.83424,-0.04114,-0.04114,1.90957,1.90957
15.0,0.03,12.5,180,0.03964,0.03964,0.01533,0.01533,-0.02937,-0.03689,-0.0,-0.0,0.0,0.0,0.0,-0.0,-0.0,-0.0,0.0,0.0,0.05728,0.05728,-0.77896,-0.77896,-0.05728,-0.05728,0.77896,0.77896
15.0,0.03,12.5,225,0.04414,0.04414,0.01718,0.01718,-0.01997,-0.02749,1.93886,1.93886,0.00652,0.00652,0.03743,0.03743,0.03788,0.03788,0.83424,0.83424,0.04114,0.04114,-1.90957,-1.90957,-0.03788,-0.03788,-0.83424,-0.83424
15.0,0.03,12.5,270,0.03964,0.03964,0.01533,0.01533,0.0019,-0.00562,0.81947,0.81947,0.01362,0.01362,0.04647,0.04647,0.05728,0.05728,-0.77896,-0.77896,0.0,0.0,0.0,0.0,-0.0,-0.0,0.0,0.0
15.0,0.03,12.5,315,0.04414,0.04414,0.01718,0.01718,0.01995,0.01243,-0.80486,-0.80486,0.01239,0.01239,0.02744,0.02744,0.04114,0.04114,-1.90957,-1.90957,-0.04114,-0.04114,1.90957,1.90957,0.03788,0.03788,0.83424,0.83424
15.0,0.03,15,0,0.04786,0.04786,0.0183,0.0183,0.03023,0.02271,0.0,-0.0,0.0,0.0,0.0,-0.0,0.0,0.0,0.0,0.0,-0.06924,-0.06924,0.94146,0.94146,0.06924,0.06924,-0.94146,-0.94146
15.0,0.03,15,45,0.05327,0.05327,0.02052,0.02052,0.0241,0.01658,1.3045,1.3045,-0.01555,-0.01555,-0.0316,-0.0316,-0.04958,-0.04958,2.62516,2.62516,-0.04487,-0.04487,-1.33964,-1.33964,0.04958,0.04958,-2.62516,-2.62516
15.0,0.03,15,90,0.04786,0.04786,0.0183,0.0183,0.00276,-0.00476,-0.98938,-0.98938,-0.01643,-0.01643,-0.05585,-0.05585,-0.06924,-0.06924,0.94146,0.94146,0.0,0.0,0.0,0.0,-0.0,-0.0,0.0,0.0
15.0,0.03,15,135,0.05327,0.05327,0.02052,0.02052,-0.02415,-0.03167,-2.66016,-2.66016,-0.00708,-0.00708,-0.04595,-0.04595,-0.04487,-0.04487,-1.33964,-1.33964,0.04487,0.04487,1.33964,1.33964,-0.04958,-0.04958,2.62516,2.62516
15.0,0.03,15,180,0.04786,0.04786,0.0183,0.0183,-0.03555,-0.04307,-0.0,-0.0,0.0,0.0,-0.0,-0.0,-0.0,-0.0,0.0,0.0,0.06924,0.06924,-0.94146,-0.94146,-0.06924,-0.06924,0.94146,0.94146
15.0,0.03,15,225,0.05327,0.05327,0.02052,0.02052,-0.02415,-0.03167,2.66016,2.66016,0.00708,0.00708,0.04595,0.04595,0.04487,0.04487,1.33964,1.33964,0.04958,0.04958,-2.62516,-2.62516,-0.04487,-0.04487,-1.33964,-1.33964
15.0,0.03,15,270,0.04786,0.04786,0.0183,0.0183,0.00276,-0.00476,0.98938,0.98938,0.01643,0.01643,0.05585,0.05585,0.06924,0.06924,-0.94146,-0.94146,0.0,0.0,0.0,0.0,-0.0,-0.0,0.0,0.0
15.0,0.03,15,315,0.05327,0.05327,0.02052,0.02052,0.0241,0.01658,-1.3045,-1.3045,0.01555,0.01555,0.0316,0.0316,0.04958,0.04958,-2.62516,-2.62516,-0.04958,-0.04958,2.62516,2.62516,0.04487,0.04487,1.33964,1.33964
15.0,0.03,20,0,0.06479,0.06479,0.02403,0.02403,0.0387,0.03118,0.0,-0.0,0.0,0.0,0.0,-0.0,0.0,0.0,0.0,0.0,-0.09408,-0.09408,1.27874,1.27874,0.09408,0.09408,-1.27874,-1.27874
15.0,0.03,20,45,0.07207,0.07207,0.027,0.027,0.03266,0.02514,2.66059,2.66059,-0.02259,-0.02259,-0.0385,-0.0385,-0.06652,-0.06652,4.40363,4.40363,-0.05807,-0.05807,-2.70698,-2.70698,0.06652,0.06652,-4.40363,-4.40363
15.0,0.03,20,90,0.06479,0.06479,0.02403,0.02403,0.00501,-0.00252,-1.34034,-1.34034,-0.02225,-0.02225,-0.07469,-0.07469,-0.09408,-0.09408,1.27874,1.27874,0.0,0.0,0.0,0.0,-0.0,-0.0,0.0,0.0
15.0,0.03,20,135,0.07207,0.07207,0.027,0.027,-0.03286,-0.04038,-4.44978,-4.44978,-0.00739,-0.00739,-0.06386,-0.06386,-0.05807,-0.05807,-2.70698,-2.70698,0.05807,0.05807,2.70698,2.70698,-0.06652,-0.06652,4.40363,4.40363
15.0,0.03,20,180,0.06479,0.06479,0.02403,0.02403,-0.04815,-0.05567,-0.0,-0.0,0.0,0.0,-0.0,-0.0,0.0,0.0,0.0,0.0,0.09408,0.09408,-1.27874,-1.27874,-0.09408,-0.09408,1.27874,1.27874
15.0,0.03,20,225,0.07207,0.07207,0.027,0.027,-0.03286,-0.04038,4.44978,4.44978,0.00739,0.00739,0.06386,0.06386,0.05807,0.05807,2.70698,2.70698,0.06652,0.06652,-4.40363,-4.40363,-0.05807,-0.05807,-2.70698,-2.70698
15.0,0.03,20,270,0.06479,0.06479,0.02403,0.02403,0.00501,-0.00252,1.34034,1.34034,0.02225,0.02225,0.07469,0.07469,0.09408,0.09408,-1.27874,-1.27874,-0.0,0.0,0.0,0.0,-0.0,-0.0,0.0,0.0
15.0,0.03,20,315,0.07207,0.07207,0.027,0.027,0.03266,0.02514,-2.66059,-2.66059,0.02259,0.02259,0.0385,0.0385,0.06652,0.06652,-4.40363,-4.40363,-0.06652,-0.06652,4.40363,4.40363,0.05807,0.05807,2.70698,2.70698
15.0,0.03,25,0,0.08262,0.08262,0.02941,0.02941,0.04622,0.0387,0.0,-0.0,0.0,0.0,0.0,-0.0,0.0,0.0,0.0,0.0,-0.12057,-0.12057,1.6381,1.6381,0.12057,0.12057,-1.6381,-1.6381
15.0,0.03,25,45,0.09185,0.09185,0.0331,0.0331,0.04163,0.03411,4.51502,4.51502,-0.03056,-0.03056,-0.04348,-0.04348,-0.08339,-0.08339,6.66287,6.66287,-0.07003,-0.07003,-4.57222,-4.57222,0.08339,0.08339,-6.66287,-6.66287
15.0,0.03,25,90,0.08262,0.08262,0.02941,0.02941,0.00803,0.00051,-1.7115,-1.7115,-0.02837,-0.02837,-0.0935,-0.0935,-0.12057,-0.12057,1.6381,1.6381,0.0,0.0,0.0,0.0,0.0,-0.0,0.0,0.0
15.0,0.03,25,135,0.09185,0.09185,0.0331,0.0331,-0.04217,-0.04969,-6.71969,-6.71969,-0.00657,-0.00657,-0.0827,-0.0827,-0.07003,-0.07003,-4.57222,-4.57222,0.07003,0.07003,4.57222,4.57222,-0.08339,-0.08339,6.66287,6.66287
15.0,0.03,25,180,0.08262,0.08262,0.02941,0.02941,-0.06095,-0.06847,-0.0,-0.0,0.0,0.0,-0.0,-0.0,-0.0,-0.0,0.0,0.0,0.12057,0.12057,-1.6381,-1.6381,-0.12057,-0.12057,1.6381,1.6381
15.0,0.03,25,225,0.09185,0.09185,0.0331,0.0331,-0.04217,-0.04969,6.71969,6.71969,0.00657,0.00657,0.0827,0.0827,0.07003,0.07003,4.57222,4.57222,0.08339,0.08339,-6.66287,-6.66287,-0.07003,-0.07003,-4.57222,-4.57222
15.0,0.03,25,270,0.08262,0.08262,0.02941,0.02941,0.00803,0.00051,1.7115,1.7115,0.02837,0.02837,0.0935,0.0935,0.12057,0.12057,-1.6381,-1.6381,-0.0,0.0,0.0,0.0,0.0,-0.0,0.0,0.0
15.0,0.03,25,315,0.09185,0.09185,0.0331,0.0331,0.04163,0.03411,-4.51502,-4.51502,0.03056,0.03056,0.04348,0.04348,0.08339,0.08339,-6.66287,-6.66287,-0.08339,-0.08339,6.66287,6.66287,0.07003,0.07003,4.57222,4.57222
15.0,0.03,30,0,0.10169,0.10169,0.03435,0.03435,0.05273,0.04521,0.0,-0.0,0.0,0.0,0.0,-0.0,-0.0,-0.0,0.0,0.0,-0.14935,-0.14935,2.02789,2.02789,0.14935,0.14935,-2.02789,-2.02789
15.0,0.03,30,45,0.11298,0.11298,0.03872,0.03872,0.05107,0.04355,6.9014,6.9014,-0.03947,-0.03947,-0.04649,-0.04649,-0.09995,-0.09995,9.42908,9.42908,-0.08042,-0.08042,-6.96874,-6.96874,0.09995,0.09995,-9.42908,-9.42908
15.0,0.03,30,90,0.10169,0.10169,0.03435,0.03435,0.01195,0.00443,-2.11085,-2.11085,-0.0349,-0.0349,-0.11195,-0.11195,-0.14935,-0.14935,2.02789,2.02789,0.0,0.0,0.0,0.0,-0.0,-0.0,0.0,0.0
15.0,0.03,30,135,0.11298,0.11298,0.03872,0.03872,-0.05225,-0.05977,-9.4959,-9.4959,-0.00454,-0.00454,-0.10202,-0.10202,-0.08042,-0.08042,-6.96874,-6.96874,0.08042,0.08042,6.96874,6.96874,-0.09995,-0.09995,9.42908,9.42908
15.0,0.03,30,180,0.10169,0.10169,0.03435,0.03435,-0.07387,-0.0814,-0.0,-0.0,0.0,0.0,0.0,-0.0,0.0,0.0,0.0,0.0,0.14935,0.14935,-2.02789,-2.02789,-0.14935,-0.14935,2.02789,2.02789
15.0,0.03,30,225,0.11298,0.11298,0.03872,0.03872,-0.05225,-0.05977,9.4959,9.4959,0.00454,0.00454,0.10202,0.10202,0.08042,0.08042,6.96874,6.96874,0.09995,0.09995,-9.42908,-9.42908,-0.08042,-0.08042,-6.96874,-6.96874
15.0,0.03,30,270,0.10169,0.10169,0.03435,0.03435,0.01195,0.00443,2.11085,2.11085,0.0349,0.0349,0.11195,0.11195,0.14935,0.14935,-2.02789,-2.02789,-0.0,0.0,0.0,0.0,-0.0,-0.0,0.0,0.0
15.0,0.03,30,315,0.11298,0.11298,0.03872,0.03872,0.05107,0.04355,-6.9014,-6.9014,0.03947,0.03947,0.04649,0.04649,0.09995,0.09995,-9.42908,-9.42908,-0.09995,-0.09995,9.42908,9.42908,0.08042,0.08042,6.96874,6.96874
50.0,0.01,0,0,0.0,0.0,0.0,0.0,0.0,-0.00075,0.0,-0.0,0.0,0.0,0.0,-0.0,0.0,0.0,0.0,0.0,0.0,0.0,0.0,0.0,0.0,-0.0,0.0,0.0
50.0,0.01,0,45,0.0,0.0,0.0,0.0,0.0,-0.00075,0.0,-0.0,0.0,0.0,0.0,-0.0,0.0,0.0,0.0,0.0,0.0,0.0,0.0,0.0,0.0,-0.0,0.0,0.0
50.0,0.01,0,90,0.0,0.0,0.0,0.0,0.0,-0.00075,0.0,-0.0,0.0,0.0,0.0,-0.0,0.0,0.0,0.0,0.0,0.0,0.0,0.0,0.0,0.0,-0.0,0.0,0.0
50.0,0.01,0,135,0.0,0.0,0.0,0.0,0.0,-0.00075,0.0,-0.0,0.0,0.0,0.0,-0.0,0.0,0.0,0.0,0.0,0.0,0.0,0.0,0.0,0.0,-0.0,0.0,0.0
50.0,0.01,0,180,0.0,0.0,0.0,0.0,0.0,-0.00075,0.0,-0.0,0.0,0.0,0.0,-0.0,0.0,0.0,0.0,0.0,0.0,0.0,0.0,0.0,0.0,-0.0,0.0,0.0
50.0,0.01,0,225,0.0,0.0,0.0,0.0,0.0,-0.00075,0.0,-0.0,0.0,0.0,0.0,-0.0,0.0,0.0,0.0,0.0,0.0,0.0,0.0,0.0,0.0,-0.0,0.0,0.0
50.0,0.01,0,270,0.0,0.0,0.0,0.0,0.0,-0.00075,0.0,-0.0,0.0,0.0,0.0,-0.0,0.0,0.0,0.0,0.0,0.0,0.0,0.0,0.0,0.0,-0.0,0.0,0.0
50.0,0.01,0,315,0.0,0.0,0.0,0.0,0.0,-0.00075,0.0,-0.0,0.0,0.0,0.0,-0.0,0.0,0.0,0.0,0.0,0.0,0.0,0.0,0.0,0.0,-0.0,0.0,0.0
50.0,0.01,2.5,0,0.00257,0.00257,0.00093,0.00093,0.00176,0.00101,0.0,-0.0,0.0,0.0,0.0,-0.0,-0.0,-0.0,0.0,0.0,-0.00376,-0.00376,0.04603,0.04603,0.00376,0.00376,-0.04603,-0.04603
50.0,0.01,2.5,45,0.00286,0.00286,0.00103,0.00103,0.00131,0.00056,0.02027,0.02027,-0.00064,-0.00064,-0.00199,-0.00199,-0.00275,-0.00275,0.08707,0.08707,-0.00256,-0.00256,-0.02204,-0.02204,0.00275,0.00275,-0.08707,-0.08707
50.0,0.01,2.5,90,0.00257,0.00257,0.00093,0.00093,9e-05,-0.00066,-0.04853,-0.04853,-0.00089,-0.00089,-0.003,-0.003,-0.00376,-0.00376,0.04603,0.04603,-0.0,0.0,0.0,0.0,-0.0,-0.0,0.0,0.0
50.0,0.01,2.5,135,0.00286,0.00286,0.00103,0.00103,-0.00131,-0.00206,-0.08884,-0.08884,-0.00062,-0.00062,-0.00224,-0.00224,-0.00256,-0.00256,-0.02204,-0.02204,0.00256,0.00256,0.02204,0.02204,-0.00275,-0.00275,0.08707,0.08707
50.0,0.01,2.5,180,0.00257,0.00257,0.00093,0.00093,-0.00194,-0.00269,-0.0,-0.0,0.0,0.0,0.0,-0.0,0.0,0.0,0.0,0.0,0.00376,0.00376,-0.04603,-0.04603,-0.00376,-0.00376,0.04603,0.04603
50.0,0.01,2.5,225,0.00286,0.00286,0.00103,0.00103,-0.00131,-0.00206,0.08884,0.08884,0.00062,0.00062,0.00224,0.00224,0.00256,0.00256,0.02204,0.02204,0.00275,0.00275,-0.08707,-0.08707,-0.00256,-0.00256,-0.02204,-0.02204
50.0,0.01,2.5,270,0.00257,0.00257,0.00093,0.00093,9e-05,-0.00066,0.04853,0.04853,0.00089,0.00089,0.003,0.003,0.00376,0.00376,-0.04603,-0.04603,0.0,0.0,0.0,0.0,-0.0,-0.0,0.0,0.0
50.0,0.01,2.5,315,0.00286,0.00286,0.00103,0.00103,0.00131,0.00056,-0.02027,-0.02027,0.00064,0.00064,0.00199,0.00199,0.00275,0.00275,-0.08707,-0.08707,-0.00275,-0.00275,0.08707,0.08707,0.00256,0.00256,0.02204,0.02204
50.0,0.01,5,0,0.00514,0.00514,0.00185,0.00185,0.00334,0.00259,0.0,-0.0,0.0,0.0,0.0,-0.0,-0.0,-0.0,0.0,0.0,-0.00753,-0.00753,0.09223,0.09223,0.00753,0.00753,-0.09223,-0.09223
50.0,0.01,5,45,0.00573,0.00573,0.00206,0.00206,0.00262,0.00187,0.14991,0.14991,-0.0013,-0.0013,-0.00373,-0.00373,-0.00567,-0.00567,0.28338,0.28338,-0.00494,-0.00494,-0.15345,-0.15345,0.00567,0.00567,-0.28338,-0.28338
50.0,0.01,5,90,0.00514,0.00514,0.00185,0.00185,0.00035,-0.0004,-0.09721,-0.09721,-0.00178,-0.00178,-0.006,-0.006,-0.00753,-0.00753,0.09223,0.09223,-0.0,0.0,0.0,0.0,-0.0,-0.0,0.0,0.0
50.0,0.01,5,135,0.00573,0.00573,0.00206,0.00206,-0.00262,-0.00337,-0.28692,-0.28692,-0.00121,-0.00121,-0.00473,-0.00473,-0.00494,-0.00494,-0.15345,-0.15345,0.00494,0.00494,0.15345,0.15345,-0.00567,-0.00567,0.28338,0.28338
50.0,0.01,5,180,0.00514,0.00514,0.00185,0.00185,-0.00404,-0.00479,-0.0,-0.0,0.0,0.0,0.0,-0.0,0.0,0.0,0.0,0.0,0.00753,0.00753,-0.09223,-0.09223,-0.00753,-0.00753,0.09223,0.09223
50.0,0.01,5,225,0.00573,0.00573,0.00206,0.00206,-0.00262,-0.00337,0.28692,0.28692,0.00121,0.00121,0.00473,0.00473,0.00494,0.00494,0.15345,0.15345,0.00567,0.00567,-0.28338,-0.28338,-0.00494,-0.00494,-0.15345,-0.15345
50.0,0.01,5,270,0.00514,0.00514,0.00185,0.00185,0.00035,-0.0004,0.09721,0.09721,0.00178,0.00178,0.006,0.006,0.00753,0.00753,-0.09223,-0.09223,-0.0,0.0,0.0,0.0,0.0,-0.0,0.0,0.0
50.0,0.01,5,315,0.00573,0.00573,0.00206,0.00206,0.00262,0.00187,-0.14991,-0.14991,0.0013,0.0013,0.00373,0.00373,0.00567,0.00567,-0.28338,-0.28338,-0.00567,-0.00567,0.28338,0.28338,0.00494,0.00494,0.15345,0.15345
50.0,0.01,7.5,0,0.00773,0.00773,0.00276,0.00276,0.00474,0.00399,0.0,-0.0,0.0,0.0,0.0,-0.0,-0.0,-0.0,0.0,0.0,-0.01134,-0.01134,0.13878,0.13878,0.01134,0.01134,-0.13878,-0.13878
50.0,0.01,7.5,45,0.00862,0.00862,0.00309,0.00309,0.00394,0.00319,0.38961,0.38961,-0.00198,-0.00198,-0.00522,-0.00522,-0.00877,-0.00877,0.5895,0.5895,-0.00712,-0.00712,-0.39491,-0.39491,0.00877,0.00877,-0.5895,-0.5895
50.0,0.01,7.5,90,0.00773,0.00773,0.00276,0.00276,0.00079,4e-05,-0.14621,-0.14621,-0.00268,-0.00268,-0.00901,-0.00901,-0.01134,-0.01134,0.13878,0.13878,0.0,0.0,0.0,0.0,0.0,-0.0,0.0,0.0
50.0,0.01,7.5,135,0.00862,0.00862,0.00309,0.00309,-0.00395,-0.0047,-0.5948,-0.5948,-0.00177,-0.00177,-0.00747,-0.00747,-0.00712,-0.00712,-0.39491,-0.39491,0.00712,0.00712,0.39491,0.39491,-0.00877,-0.00877,0.5895,0.5895
50.0,0.01,7.5,180,0.00773,0.00773,0.00276,0.00276,-0.00631,-0.00707,-0.0,-0.0,0.0,0.0,0.0,-0.0,-0.0,-0.0,0.0,0.0,0.01134,0.01134,-0.13878,-0.13878,-0.01134,-0.01134,0.13878,0.13878
50.0,0.01,7.5,225,0.00862,0.00862,0.00309,0.00309,-0.00395,-0.0047,0.5948,0.5948,0.00177,0.00177,0.00747,0.00747,0.00712,0.00712,0.39491,0.39491,0.00877,0.00877,-0.5895,-0.5895,-0.00712,-0.00712,-0.39491,-0.39491
50.0,0.01,7.5,270,0.00773,0.00773,0.00276,0.00276,0.00079,4e-05,0.14621,0.14621,0.00268,0.00268,0.00901,0.00901,0.01134,0.01134,-0.13878,-0.13878,0.0,0.0,0.0,0.0,0.0,-0.0,0.0,0.0
50.0,0.01,7.5,315,0.00862,0.00862,0.00309,0.00309,0.00394,0.00319,-0.38961,-0.38961,0.00198,0.00198,0.00522,0.00522,0.00877,0.00877,-0.5895,-0.5895,-0.00877,-0.00877,0.5895,0.5895,0.00712,0.00712,0.39491,0.39491
50.0,0.01,10,0,0.01034,0.01034,0.00367,0.00367,0.00596,0.0052,0.0,-0.0,0.0,0.0,0.0,-0.0,-0.0,-0.0,0.0,0.0,-0.01518,-0.01518,0.18588,0.18588,0.01518,0.01518,-0.18588,-0.18588
50.0,0.01,10,45,0.01153,0.01153,0.0041,0.0041,0.00527,0.00452,0.7405,0.7405,-0.00268,-0.00268,-0.00646,-0.00646,-0.01204,-0.01204,1.0064,1.0064,-0.00909,-0.00909,-0.74755,-0.74755,0.01204,0.01204,-1.0064,-1.0064
50.0,0.01,10,90,0.01034,0.01034,0.00367,0.00367,0.00142,0.00067,-0.1957,-0.1957,-0.00359,-0.00359,-0.01205,-0.01205,-0.01518,-0.01518,0.18588,0.18588,-0.0,0.0,0.0,0.0,0.0,0.0,0.0,0.0
50.0,0.01,10,135,0.01153,0.01153,0.0041,0.0041,-0.00529,-0.00605,-1.01344,-1.01344,-0.00231,-0.00231,-0.01047,-0.01047,-0.00909,-0.00909,-0.74755,-0.74755,0.00909,0.00909,0.74755,0.74755,-0.01204,-0.01204,1.0064,1.0064
50.0,0.01,10,180,0.01034,0.01034,0.00367,0.00367,-0.00875,-0.0095,-0.0,-0.0,0.0,0.0,0.0,-0.0,-0.0,-0.0,0.0,0.0,0.01518,0.01518,-0.18588,-0.18588,-0.01518,-0.01518,0.18588,0.18588
50.0,0.01,10,225,0.01153,0.01153,0.0041,0.0041,-0.00529,-0.00605,1.01344,1.01344,0.00231,0.00231,0.01047,0.01047,0.00909,0.00909,0.74755,0.74755,0.01204,0.01204,-1.0064,-1.0064,-0.00909,-0.00909,-0.74755,-0.74755
50.0,0.01,10,270,0.01034,0.01034,0.00367,0.00367,0.00142,0.00067,0.1957,0.1957,0.00359,0.00359,0.01205,0.01205,0.01518,0.01518,-0.18588,-0.18588,-0.0,0.0,0.0,0.0,0.0,0.0,0.0,0.0
50.0,0.01,10,315,0.01153,0.01153,0.0041,0.0041,0.00527,0.00452,-0.7405,-0.7405,0.00268,0.00268,0.00646,0.00646,0.01204,0.01204,-1.0064,-1.0064,-0.01204,-0.01204,1.0064,1.0064,0.00909,0.00909,0.74755,0.74755
50.0,0.01,12.5,0,0.01299,0.01299,0.00456,0.00456,0.00698,0.00623,0.0,-0.0,0.0,0.0,0.0,-0.0,-0.0,-0.0,0.0,0.0,-0.01909,-0.01909,0.2337,0.2337,0.01909,0.01909,-0.2337,-0.2337
50.0,0.01,12.5,45,0.01448,0.01448,0.0051,0.0051,0.00662,0.00587,1.20409,1.20409,-0.00341,-0.00341,-0.00743,-0.00743,-0.01548,-0.01548,1.53546,1.53546,-0.01086,-0.01086,-1.21288,-1.21288,0.01548,0.01548,-1.53546,-1.53546
50.0,0.01,12.5,90,0.01299,0.01299,0.00456,0.00456,0.00223,0.00148,-0.24583,-0.24583,-0.00451,-0.00451,-0.0151,-0.0151,-0.01909,-0.01909,0.2337,0.2337,-0.0,0.0,0.0,0.0,-0.0,-0.0,0.0,0.0
50.0,0.01,12.5,135,0.01448,0.01448,0.0051,0.0051,-0.00667,-0.00742,-1.54424,-1.54424,-0.00282,-0.00282,-0.01371,-0.01371,-0.01086,-0.01086,-1.21288,-1.21288,0.01086,0.01086,1.21288,1.21288,-0.01548,-0.01548,1.53546,1.53546
50.0,0.01,12.5,180,0.01299,0.01299,0.00456,0.00456,-0.01134,-0.01209,-0.0,-0.0,0.0,0.0,0.0,-0.0,0.0,0.0,0.0,0.0,0.01909,0.01909,-0.2337,-0.2337,-0.01909,-0.01909,0.2337,0.2337
50.0,0.01,12.5,225,0.01448,0.01448,0.0051,0.0051,-0.00667,-0.00742,1.54424,1.54424,0.00282,0.00282,0.01371,0.01371,0.01086,0.01086,1.21288,1.21288,0.01548,0.01548,-1.53546,-1.53546,-0.01086,-0.01086,-1.21288,-1.21288
50.0,0.01,12.5,270,0.01299,0.01299,0.00456,0.00456,0.00223,0.00148,0.24583,0.24583,0.00451,0.00451,0.0151,0.0151,0.01909,0.01909,-0.2337,-0.2337,-0.0,0.0,0.0,0.0,-0.0,-0.0,0.0,0.0
50.0,0.01,12.5,315,0.01448,0.01448,0.0051,0.0051,0.00662,0.00587,-1.20409,-1.20409,0.00341,0.00341,0.00743,0.00743,0.01548,0.01548,-1.53546,-1.53546,-0.01548,-0.01548,1.53546,1.53546,0.01086,0.01086,1.21288,1.21288
50.0,0.01,15,0,0.01568,0.01568,0.00544,0.00544,0.00782,0.00706,0.0,-0.0,0.0,0.0,0.0,-0.0,0.0,0.0,0.0,0.0,-0.02308,-0.02308,0.28246,0.28246,0.02308,0.02308,-0.28246,-0.28246
50.0,0.01,15,45,0.01747,0.01747,0.00608,0.00608,0.00798,0.00723,1.78235,1.78235,-0.00415,-0.00415,-0.00814,-0.00814,-0.01907,-0.01907,2.17848,2.17848,-0.0124,-0.0124,-1.79285,-1.79285,0.01907,0.01907,-2.17848,-2.17848
50.0,0.01,15,90,0.01568,0.01568,0.00544,0.00544,0.00324,0.00249,-0.29681,-0.29681,-0.00545,-0.00545,-0.01819,-0.01819,-0.02308,-0.02308,0.28246,0.28246,-0.0,0.0,0.0,0.0,-0.0,-0.0,0.0,0.0
50.0,0.01,15,135,0.01747,0.01747,0.00608,0.00608,-0.00809,-0.00884,-2.18897,-2.18897,-0.0033,-0.0033,-0.01721,-0.01721,-0.0124,-0.0124,-1.79285,-1.79285,0.0124,0.0124,1.79285,1.79285,-0.01907,-0.01907,2.17848,2.17848
50.0,0.01,15,180,0.01568,0.01568,0.00544,0.00544,-0.01408,-0.01484,-0.0,-0.0,0.0,0.0,0.0,-0.0,-0.0,-0.0,0.0,0.0,0.02308,0.02308,-0.28246,-0.28246,-0.02308,-0.02308,0.28246,0.28246
50.0,0.01,15,225,0.01747,0.01747,0.00608,0.00608,-0.00809,-0.00884,2.18897,2.18897,0.0033,0.0033,0.01721,0.01721,0.0124,0.0124,1.79285,1.79285,0.01907,0.01907,-2.17848,-2.17848,-0.0124,-0.0124,-1.79285,-1.79285
50.0,0.01,15,270,0.01568,0.01568,0.00544,0.00544,0.00324,0.00249,0.29681,0.29681,0.00545,0.00545,0.01819,0.01819,0.02308,0.02308,-0.28246,-0.28246,-0.0,0.0,0.0,0.0,-0.0,-0.0,0.0,0.0
50.0,0.01,15,315,0.01747,0.01747,0.00608,0.00608,0.00798,0.00723,-1.78235,-1.78235,0.00415,0.00415,0.00814,0.00814,0.01907,0.01907,-2.17848,-2.17848,-0.01907,-0.01907,2.17848,2.17848,0.0124,0.0124,1.79285,1.79285
50.0,0.01,20,0,0.02121,0.02121,0.00713,0.00713,0.00891,0.00816,0.0,-0.0,0.0,0.0,0.0,-0.0,0.0,0.0,0.0,0.0,-0.03136,-0.03136,0.38368,0.38368,0.03136,0.03136,-0.38368,-0.38368
50.0,0.01,20,45,0.02364,0.02364,0.00797,0.00797,0.01073,0.00998,3.29282,3.29282,-0.00567,-0.00567,-0.00874,-0.00874,-0.02673,-0.02673,3.8156,3.8156,-0.01477,-0.01477,-3.30669,-3.30669,0.02673,0.02673,-3.8156,-3.8156
50.0,0.01,20,90,0.02121,0.02121,0.00713,0.00713,0.0059,0.00515,-0.40213,-0.40213,-0.0074,-0.0074,-0.02449,-0.02449,-0.03136,-0.03136,0.38368,0.38368,-0.0,0.0,0.0,0.0,0.0,0.0,0.0,0.0
50.0,0.01,20,135,0.02364,0.02364,0.00797,0.00797,-0.01108,-0.01183,-3.82945,-3.82945,-0.00416,-0.00416,-0.02498,-0.02498,-0.01477,-0.01477,-3.30669,-3.30669,0.01477,0.01477,3.30669,3.30669,-0.02673,-0.02673,3.8156,3.8156
50.0,0.01,20,180,0.02121,0.02121,0.00713,0.00713,-0.02,-0.02075,-0.0,-0.0,0.0,0.0,0.0,-0.0,0.0,0.0,0.0,0.0,0.03136,0.03136,-0.38368,-0.38368,-0.03136,-0.03136,0.38368,0.38368
50.0,0.01,20,225,0.02364,0.02364,0.00797,0.00797,-0.01108,-0.01183,3.82945,3.82945,0.00416,0.00416,0.02498,0.02498,0.01477,0.01477,3.30669,3.30669,0.02673,0.02673,-3.8156,-3.8156,-0.01477,-0.01477,-3.30669,-3.30669
50.0,0.01,20,270,0.02121,0.02121,0.00713,0.00713,0.0059,0.00515,0.40213,0.40213,0.0074,0.0074,0.02449,0.02449,0.03136,0.03136,-0.38368,-0.38368,0.0,0.0,0.0,0.0,-0.0,-0.0,0.0,0.0
50.0,0.01,20,315,0.02364,0.02364,0.00797,0.00797,0.01073,0.00998,-3.29282,-3.29282,0.00567,0.00567,0.00874,0.00874,0.02673,0.02673,-3.8156,-3.8156,-0.02673,-0.02673,3.8156,3.8156,0.01477,0.01477,3.30669,3.30669
50.0,0.01,25,0,0.02704,0.02704,0.00871,0.00871,0.00922,0.00846,0.0,-0.0,0.0,0.0,0.0,-0.0,0.0,0.0,0.0,0.0,-0.04019,-0.04019,0.49155,0.49155,0.04019,0.04019,-0.49155,-0.49155
50.0,0.01,25,45,0.03013,0.03013,0.00974,0.00974,0.01352,0.01276,5.29609,5.29609,-0.00725,-0.00725,-0.0082,-0.0082,-0.03499,-0.03499,5.94021,5.94021,-0.0161,-0.0161,-5.31318,-5.31318,0.03499,0.03499,-5.94021,-5.94021
50.0,0.01,25,90,0.02704,0.02704,0.00871,0.00871,0.0095,0.00875,-0.51354,-0.51354,-0.00948,-0.00948,-0.03099,-0.03099,-0.04019,-0.04019,0.49155,0.49155,-0.0,0.0,0.0,0.0,0.0,-0.0,0.0,0.0
50.0,0.01,25,135,0.03013,0.03013,0.00974,0.00974,-0.01438,-0.01513,-5.95727,-5.95727,-0.00486,-0.00486,-0.0338,-0.0338,-0.0161,-0.0161,-5.31318,-5.31318,0.0161,0.0161,5.31318,5.31318,-0.03499,-0.03499,5.94021,5.94021
50.0,0.01,25,180,0.02704,0.02704,0.00871,0.00871,-0.02646,-0.02721,-0.0,-0.0,0.0,0.0,0.0,-0.0,0.0,0.0,0.0,0.0,0.04019,0.04019,-0.49155,-0.49155,-0.04019,-0.04019,0.49155,0.49155
50.0,0.01,25,225,0.03013,0.03013,0.00974,0.00974,-0.01438,-0.01513,5.95727,5.95727,0.00486,0.00486,0.0338,0.0338,0.0161,0.0161,5.31318,5.31318,0.03499,0.03499,-5.94021,-5.94021,-0.0161,-0.0161,-5.31318,-5.31318
50.0,0.01,25,270,0.02704,0.02704,0.00871,0.00871,0.0095,0.00875,0.51354,0.51354,0.00948,0.00948,0.03099,0.03099,0.04019,0.04019,-0.49155,-0.49155,0.0,0.0,0.0,0.0,0.0,-0.0,0.0,0.0
50.0,0.01,25,315,0.03013,0.03013,0.00974,0.00974,0.01352,0.01276,-5.29609,-5.29609,0.00725,0.00725,0.0082,0.0082,0.03499,0.03499,-5.94021,-5.94021,-0.03499,-0.03499,5.94021,5.94021,0.0161,0.0161,5.31318,5.31318
50.0,0.01,30,0,0.03326,0.03326,0.01015,0.01015,0.00874,0.00799,0.0,-0.0,0.0,0.0,0.0,-0.0,-0.0,-0.0,0.0,0.0,-0.04979,-0.04979,0.6086,0.6086,0.04979,0.04979,-0.6086,-0.6086
50.0,0.01,30,45,0.03706,0.03706,0.01136,0.01136,0.01627,0.01552,7.82307,7.82307,-0.00887,-0.00887,-0.00644,-0.00644,-0.04378,-0.04378,8.58098,8.58098,-0.01626,-0.01626,-7.84319,-7.84319,0.04378,0.04378,-8.58098,-8.58098
50.0,0.01,30,90,0.03326,0.03326,0.01015,0.01015,0.01421,0.01346,-0.63346,-0.63346,-0.01173,-0.01173,-0.03773,-0.03773,-0.04979,-0.04979,0.6086,0.6086,-0.0,0.0,0.0,0.0,0.0,0.0,0.0,0.0
50.0,0.01,30,135,0.03706,0.03706,0.01136,0.01136,-0.01812,-0.01887,-8.60105,-8.60105,-0.00539,-0.00539,-0.04369,-0.04369,-0.01626,-0.01626,-7.84319,-7.84319,0.01626,0.01626,7.84319,7.84319,-0.04378,-0.04378,8.58098,8.58098
50.0,0.01,30,180,0.03326,0.03326,0.01015,0.01015,-0.0334,-0.03415,-0.0,-0.0,0.0,0.0,0.0,-0.0,0.0,0.0,0.0,0.0,0.04979,0.04979,-0.6086,-0.6086,-0.04979,-0.04979,0.6086,0.6086
50.0,0.01,30,225,0.03706,0.03706,0.01136,0.01136,-0.01812,-0.01887,8.60105,8.60105,0.00539,0.00539,0.04369,0.04369,0.01626,0.01626,7.84319,7.84319,0.04378,0.04378,-8.58098,-8.58098,-0.01626,-0.01626,-7.84319,-7.84319
50.0,0.01,30,270,0.03326,0.03326,0.01015,0.01015,0.01421,0.01346,0.63346,0.63346,0.01173,0.01173,0.03773,0.03773,0.04979,0.04979,-0.6086,-0.6086,0.0,0.0,0.0,0.0,-0.0,-0.0,0.0,0.0
50.0,0.01,30,315,0.03706,0.03706,0.01136,0.01136,0.01627,0.01552,-7.82307,-7.82307,0.00887,0.00887,0.00644,0.00644,0.04378,0.04378,-8.58098,-8.58098,-0.04378,-0.04378,8.58098,8.58098,0.01626,0.01626,7.84319,7.84319
50.0,0.02,0,0,0.0,0.0,0.0,0.0,0.0,-0.0015,0.0,-0.0,0.0,0.0,0.0,-0.0,0.0,0.0,0.0,0.0,0.0,0.0,0.0,0.0,0.0,-0.0,0.0,0.0
50.0,0.02,0,45,0.0,0.0,0.0,0.0,0.0,-0.0015,0.0,-0.0,0.0,0.0,0.0,-0.0,0.0,0.0,0.0,0.0,0.0,0.0,0.0,0.0,0.0,-0.0,0.0,0.0
50.0,0.02,0,90,0.0,0.0,0.0,0.0,0.0,-0.0015,0.0,-0.0,0.0,0.0,0.0,-0.0,0.0,0.0,0.0,0.0,0.0,0.0,0.0,0.0,0.0,-0.0,0.0,0.0
50.0,0.02,0,135,0.0,0.0,0.0,0.0,0.0,-0.0015,0.0,-0.0,0.0,0.0,0.0,-0.0,0.0,0.0,0.0,0.0,0.0,0.0,0.0,0.0,0.0,-0.0,0.0,0.0
50.0,0.02,0,180,0.0,0.0,0.0,0.0,0.0,-0.0015,0.0,-0.0,0.0,0.0,0.0,-0.0,0.0,0.0,0.0,0.0,0.0,0.0,0.0,0.0,0.0,-0.0,0.0,0.0
50.0,0.02,0,225,0.0,0.0,0.0,0.0,0.0,-0.0015,0.0,-0.0,0.0,0.0,0.0,-0.0,0.0,0.0,0.0,0.0,0.0,0.0,0.0,0.0,0.0,-0.0,0.0,0.0
50.0,0.02,0,270,0.0,0.0,0.0,0.0,0.0,-0.0015,0.0,-0.0,0.0,0.0,0.0,-0.0,0.0,0.0,0.0,0.0,0.0,0.0,0.0,0.0,0.0,-0.0,0.0,0.0
50.0,0.02,0,315,0.0,0.0,0.0,0.0,0.0,-0.0015,0.0,-0.0,0.0,0.0,0.0,-0.0,0.0,0.0,0.0,0.0,0.0,0.0,0.0,0.0,0.0,-0.0,0.0,0.0
50.0,0.02,2.5,0,0.00471,0.00471,0.00093,0.00093,0.00353,0.00203,0.0,-0.0,0.0,0.0,0.0,-0.0,-0.0,-0.0,0.0,0.0,-0.0074,-0.0074,0.04603,0.04603,0.0074,0.0074,-0.04603,-0.04603
50.0,0.02,2.5,45,0.00526,0.00526,0.00103,0.00103,0.00256,0.00106,0.02028,0.02028,-0.00064,-0.00064,-0.00405,-0.00405,-0.00531,-0.00531,0.08708,0.08708,-0.00514,-0.00514,-0.02205,-0.02205,0.00531,0.00531,-0.08708,-0.08708
50.0,0.02,2.5,90,0.00471,0.00471,0.00093,0.00093,9e-05,-0.00142,-0.04853,-0.04853,-0.00088,-0.00088,-0.00596,-0.00596,-0.0074,-0.0074,0.04603,0.04603,-0.0,0.0,0.0,0.0,-0.0,-0.0,0.0,0.0
50.0,0.02,2.5,135,0.00526,0.00526,0.00103,0.00103,-0.00256,-0.00407,-0.08885,-0.08885,-0.0006,-0.0006,-0.00437,-0.00437,-0.00514,-0.00514,-0.02205,-0.02205,0.00514,0.00514,0.02205,0.02205,-0.00531,-0.00531,0.08708,0.08708
50.0,0.02,2.5,180,0.00471,0.00471,0.00093,0.00093,-0.00371,-0.00521,-0.0,-0.0,0.0,0.0,0.0,-0.0,0.0,0.0,0.0,0.0,0.0074,0.0074,-0.04603,-0.04603,-0.0074,-0.0074,0.04603,0.04603
50.0,0.02,2.5,225,0.00526,0.00526,0.00103,0.00103,-0.00256,-0.00407,0.08885,0.08885,0.0006,0.0006,0.00437,0.00437,0.00514,0.00514,0.02205,0.02205,0.00531,0.00531,-0.08708,-0.08708,-0.00514,-0.00514,-0.02205,-0.02205
50.0,0.02,2.5,270,0.00471,0.00471,0.00093,0.00093,9e-05,-0.00142,0.04853,0.04853,0.00088,0.00088,0.00596,0.00596,0.0074,0.0074,-0.04603,-0.04603,0.0,0.0,0.0,0.0,0.0,-0.0,0.0,0.0
50.0,0.02,2.5,315,0.00526,0.00526,0.00103,0.00103,0.00256,0.00106,-0.02028,-0.02028,0.00064,0.00064,0.00405,0.00405,0.00531,0.00531,-0.08708,-0.08708,-0.00531,-0.00531,0.08708,0.08708,0.00514,0.00514,0.02205,0.02205
50.0,0.02,5,0,0.00944,0.00944,0.00185,0.00185,0.00689,0.00539,0.0,-0.0,0.0,0.0,0.0,-0.0,-0.0,-0.0,0.0,0.0,-0.01482,-0.01482,0.09223,0.09223,0.01482,0.01482,-0.09223,-0.09223
50.0,0.02,5,45,0.01053,0.01053,0.00206,0.00206,0.00513,0.00363,0.14995,0.14995,-0.00133,-0.00133,-0.00779,-0.00779,-0.01079,-0.01079,0.28342,0.28342,-0.01008,-0.01008,-0.15349,-0.15349,0.01079,0.01079,-0.28342,-0.28342
50.0,0.02,5,90,0.00944,0.00944,0.00185,0.00185,0.00035,-0.00116,-0.09721,-0.09721,-0.00176,-0.00176,-0.01192,-0.01192,-0.01482,-0.01482,0.09223,0.09223,-0.0,0.0,0.0,0.0,0.0,-0.0,0.0,0.0
50.0,0.02,5,135,0.01053,0.01053,0.00206,0.00206,-0.00514,-0.00664,-0.28696,-0.28696,-0.00115,-0.00115,-0.00905,-0.00905,-0.01008,-0.01008,-0.15349,-0.15349,0.01008,0.01008,0.15349,0.15349,-0.01079,-0.01079,0.28342,0.28342
50.0,0.02,5,180,0.00944,0.00944,0.00185,0.00185,-0.00758,-0.00908,-0.0,-0.0,0.0,0.0,0.0,-0.0,0.0,0.0,0.0,0.0,0.01482,0.01482,-0.09223,-0.09223,-0.01482,-0.01482,0.09223,0.09223
50.0,0.02,5,225,0.01053,0.01053,0.00206,0.00206,-0.00514,-0.00664,0.28696,0.28696,0.00115,0.00115,0.00905,0.00905,0.01008,0.01008,0.15349,0.15349,0.01079,0.01079,-0.28342,-0.28342,-0.01008,-0.01008,-0.15349,-0.15349
50.0,0.02,5,270,0.00944,0.00944,0.00185,0.00185,0.00035,-0.00116,0.09721,0.09721,0.00176,0.00176,0.01192,0.01192,0.01482,0.01482,-0.09223,-0.09223,-0.0,0.0,0.0,0.0,0.0,-0.0,0.0,0.0
50.0,0.02,5,315,0.01053,0.01053,0.00206,0.00206,0.00513,0.00363,-0.14995,-0.14995,0.00133,0.00133,0.00779,0.00779,0.01079,0.01079,-0.28342,-0.28342,-0.01079,-0.01079,0.28342,0.28342,0.01008,0.01008,0.15349,0.15349
50.0,0.02,7.5,0,0.01421,0.01421,0.00276,0.00276,0.01006,0.00855,0.0,-0.0,0.0,0.0,0.0,-0.0,-0.0,-0.0,0.0,0.0,-0.0223,-0.0223,0.13878,0.13878,0.0223,0.0223,-0.13878,-0.13878
50.0,0.02,7.5,45,0.01584,0.01584,0.00309,0.00309,0.00773,0.00622,0.38971,0.38971,-0.00206,-0.00206,-0.0112,-0.0112,-0.01643,-0.01643,0.5896,0.5896,-0.01483,-0.01483,-0.39501,-0.39501,0.01643,0.01643,-0.5896,-0.5896
50.0,0.02,7.5,90,0.01421,0.01421,0.00276,0.00276,0.00078,-0.00072,-0.14621,-0.14621,-0.00265,-0.00265,-0.01791,-0.01791,-0.0223,-0.0223,0.13878,0.13878,0.0,0.0,0.0,0.0,0.0,-0.0,0.0,0.0
50.0,0.02,7.5,135,0.01584,0.01584,0.00309,0.00309,-0.00773,-0.00923,-0.5949,-0.5949,-0.00166,-0.00166,-0.01404,-0.01404,-0.01483,-0.01483,-0.39501,-0.39501,0.01483,0.01483,0.39501,0.39501,-0.01643,-0.01643,0.5896,0.5896
50.0,0.02,7.5,180,0.01421,0.01421,0.00276,0.00276,-0.01161,-0.01311,-0.0,-0.0,0.0,0.0,0.0,-0.0,-0.0,-0.0,0.0,0.0,0.0223,0.0223,-0.13878,-0.13878,-0.0223,-0.0223,0.13878,0.13878
50.0,0.02,7.5,225,0.01584,0.01584,0.00309,0.00309,-0.00773,-0.00923,0.5949,0.5949,0.00166,0.00166,0.01404,0.01404,0.01483,0.01483,0.39501,0.39501,0.01643,0.01643,-0.5896,-0.5896,-0.01483,-0.01483,-0.39501,-0.39501
50.0,0.02,7.5,270,0.01421,0.01421,0.00276,0.00276,0.00078,-0.00072,0.14621,0.14621,0.00265,0.00265,0.01791,0.01791,0.0223,0.0223,-0.13878,-0.13878,0.0,0.0,0.0,0.0,0.0,-0.0,0.0,0.0
50.0,0.02,7.5,315,0.01584,0.01584,0.00309,0.00309,0.00773,0.00622,-0.38971,-0.38971,0.00206,0.00206,0.0112,0.0112,0.01643,0.01643,-0.5896,-0.5896,-0.01643,-0.01643,0.5896,0.5896,0.01483,0.01483,0.39501,0.39501
50.0,0.02,10,0,0.01902,0.01902,0.00367,0.00367,0.01303,0.01153,0.0,-0.0,0.0,0.0,0.0,-0.0,-0.0,-0.0,0.0,0.0,-0.02987,-0.02987,0.18588,0.18588,0.02987,0.02987,-0.18588,-0.18588
50.0,0.02,10,45,0.02121,0.02121,0.0041,0.0041,0.01034,0.00884,0.74067,0.74067,-0.00284,-0.00284,-0.01429,-0.01429,-0.02222,-0.02222,1.00657,1.00657,-0.01937,-0.01937,-0.74772,-0.74772,0.02222,0.02222,-1.00657,-1.00657
50.0,0.02,10,90,0.01902,0.01902,0.00367,0.00367,0.0014,-0.00011,-0.1957,-0.1957,-0.00355,-0.00355,-0.02392,-0.02392,-0.02987,-0.02987,0.18588,0.18588,-0.0,0.0,0.0,0.0,0.0,-0.0,0.0,0.0
50.0,0.02,10,135,0.02121,0.02121,0.0041,0.0041,-0.01036,-0.01186,-1.01362,-1.01362,-0.00211,-0.00211,-0.01934,-0.01934,-0.01937,-0.01937,-0.74772,-0.74772,0.01937,0.01937,0.74772,0.74772,-0.02222,-0.02222,1.00657,1.00657
50.0,0.02,10,180,0.01902,0.01902,0.00367,0.00367,-0.01578,-0.01729,-0.0,-0.0,0.0,0.0,0.0,-0.0,-0.0,-0.0,0.0,0.0,0.02987,0.02987,-0.18588,-0.18588,-0.02987,-0.02987,0.18588,0.18588
50.0,0.02,10,225,0.02121,0.02121,0.0041,0.0041,-0.01036,-0.01186,1.01362,1.01362,0.00211,0.00211,0.01934,0.01934,0.01937,0.01937,0.74772,0.74772,0.02222,0.02222,-1.00657,-1.00657,-0.01937,-0.01937,-0.74772,-0.74772
50.0,0.02,10,270,0.01902,0.01902,0.00367,0.00367,0.0014,-0.00011,0.1957,0.1957,0.00355,0.00355,0.02392,0.02392,0.02987,0.02987,-0.18588,-0.18588,-0.0,0.0,0.0,0.0,0.0,0.0,0.0,0.0
50.0,0.02,10,315,0.02121,0.02121,0.0041,0.0041,0.01034,0.00884,-0.74067,-0.74067,0.00284,0.00284,0.01429,0.01429,0.02222,0.02222,-1.00657,-1.00657,-0.02222,-0.02222,1.00657,1.00657,0.01937,0.01937,0.74772,0.74772
50.0,0.02,12.5,0,0.02391,0.02391,0.00457,0.00457,0.01581,0.01431,0.0,-0.0,0.0,0.0,0.0,-0.0,-0.0,-0.0,0.0,0.0,-0.03756,-0.03756,0.2337,0.2337,0.03756,0.03756,-0.2337,-0.2337
50.0,0.02,12.5,45,0.02665,0.02665,0.0051,0.0051,0.01299,0.01149,1.20436,1.20436,-0.00365,-0.00365,-0.01705,-0.01705,-0.02815,-0.02815,1.53573,1.53573,-0.02368,-0.02368,-1.21315,-1.21315,0.02815,0.02815,-1.53573,-1.53573
50.0,0.02,12.5,90,0.02391,0.02391,0.00457,0.00457,0.0022,0.00069,-0.24584,-0.24584,-0.00446,-0.00446,-0.02996,-0.02996,-0.03756,-0.03756,0.2337,0.2337,0.0,0.0,0.0,0.0,-0.0,-0.0,0.0,0.0
50.0,0.02,12.5,135,0.02665,0.02665,0.0051,0.0051,-0.01304,-0.01454,-1.54452,-1.54452,-0.00251,-0.00251,-0.02494,-0.02494,-0.02368,-0.02368,-1.21315,-1.21315,0.02368,0.02368,1.21315,1.21315,-0.02815,-0.02815,1.53573,1.53573
50.0,0.02,12.5,180,0.02391,0.02391,0.00457,0.00457,-0.0201,-0.0216,-0.0,-0.0,0.0,0.0,0.0,-0.0,0.0,0.0,0.0,0.0,0.03756,0.03756,-0.2337,-0.2337,-0.03756,-0.03756,0.2337,0.2337
50.0,0.02,12.5,225,0.02665,0.02665,0.0051,0.0051,-0.01304,-0.01454,1.54452,1.54452,0.00251,0.00251,0.02494,0.02494,0.02368,0.02368,1.21315,1.21315,0.02815,0.02815,-1.53573,-1.53573,-0.02368,-0.02368,-1.21315,-1.21315
50.0,0.02,12.5,270,0.02391,0.02391,0.00457,0.00457,0.0022,0.00069,0.24584,0.24584,0.00446,0.00446,0.02996,0.02996,0.03756,0.03756,-0.2337,-0.2337,-0.0,0.0,0.0,0.0,-0.0,-0.0,0.0,0.0
50.0,0.02,12.5,315,0.02665,0.02665,0.0051,0.0051,0.01299,0.01149,-1.20436,-1.20436,0.00365,0.00365,0.01705,0.01705,0.02815,0.02815,-1.53573,-1.53573,-0.02815,-0.02815,1.53573,1.53573,0.02368,0.02368,1.21315,1.21315
50.0,0.02,15,0,0.02887,0.02887,0.00544,0.00544,0.01838,0.01688,0.0,-0.0,0.0,0.0,0.0,-0.0,0.0,0.0,0.0,0.0,-0.0454,-0.0454,0.28246,0.28246,0.0454,0.0454,-0.28246,-0.28246
50.0,0.02,15,45,0.03218,0.03218,0.00608,0.00608,0.01568,0.01417,1.78274,1.78274,-0.00451,-0.00451,-0.01947,-0.01947,-0.0342,-0.0342,2.17887,2.17887,-0.02774,-0.02774,-1.79325,-1.79325,0.0342,0.0342,-2.17887,-2.17887
50.0,0.02,15,90,0.02887,0.02887,0.00544,0.00544,0.00319,0.00169,-0.29682,-0.29682,-0.00539,-0.00539,-0.03604,-0.03604,-0.0454,-0.0454,0.28246,0.28246,-0.0,0.0,0.0,0.0,-0.0,-0.0,0.0,0.0
50.0,0.02,15,135,0.03218,0.03218,0.00608,0.00608,-0.01578,-0.01728,-2.18937,-2.18937,-0.00287,-0.00287,-0.03085,-0.03085,-0.02774,-0.02774,-1.79325,-1.79325,0.02774,0.02774,1.79325,1.79325,-0.0342,-0.0342,2.17887,2.17887
50.0,0.02,15,180,0.02887,0.02887,0.00544,0.00544,-0.02455,-0.02605,-0.0,-0.0,0.0,0.0,0.0,-0.0,-0.0,-0.0,0.0,0.0,0.0454,0.0454,-0.28246,-0.28246,-0.0454,-0.0454,0.28246,0.28246
50.0,0.02,15,225,0.03218,0.03218,0.00608,0.00608,-0.01578,-0.01728,2.18937,2.18937,0.00287,0.00287,0.03085,0.03085,0.02774,0.02774,1.79325,1.79325,0.0342,0.0342,-2.17887,-2.17887,-0.02774,-0.02774,-1.79325,-1.79325
50.0,0.02,15,270,0.02887,0.02887,0.00544,0.00544,0.00319,0.00169,0.29682,0.29682,0.00539,0.00539,0.03604,0.03604,0.0454,0.0454,-0.28246,-0.28246,-0.0,0.0,0.0,0.0,-0.0,-0.0,0.0,0.0
50.0,0.02,15,315,0.03218,0.03218,0.00608,0.00608,0.01568,0.01417,-1.78274,-1.78274,0.00451,0.00451,0.01947,0.01947,0.0342,0.0342,-2.17887,-2.17887,-0.0342,-0.0342,2.17887,2.17887,0.02774,0.02774,1.79325,1.79325
50.0,0.02,20,0,0.03915,0.03915,0.00713,0.00713,0.02289,0.02139,0.0,-0.0,0.0,0.0,0.0,-0.0,0.0,0.0,0.0,0.0,-0.06168,-0.06168,0.38368,0.38368,0.06168,0.06168,-0.38368,-0.38368
50.0,0.02,20,45,0.04363,0.04363,0.00797,0.00797,0.02118,0.01968,3.29353,3.29353,-0.00634,-0.00634,-0.02327,-0.02327,-0.04665,-0.04665,3.81631,3.81631,-0.03507,-0.03507,-3.3074,-3.3074,0.04665,0.04665,-3.81631,-3.81631
50.0,0.02,20,90,0.03915,0.03915,0.00713,0.00713,0.00581,0.0043,-0.40213,-0.40213,-0.00732,-0.00732,-0.04835,-0.04835,-0.06168,-0.06168,0.38368,0.38368,-0.0,0.0,0.0,0.0,0.0,0.0,0.0,0.0
50.0,0.02,20,135,0.04363,0.04363,0.00797,0.00797,-0.02151,-0.02301,-3.83016,-3.83016,-0.0034,-0.0034,-0.04356,-0.04356,-0.03507,-0.03507,-3.3074,-3.3074,0.03507,0.03507,3.3074,3.3074,-0.04665,-0.04665,3.81631,3.81631
50.0,0.02,20,180,0.03915,0.03915,0.00713,0.00713,-0.03381,-0.03532,-0.0,-0.0,0.0,0.0,0.0,-0.0,0.0,0.0,0.0,0.0,0.06168,0.06168,-0.38368,-0.38368,-0.06168,-0.06168,0.38368,0.38368
50.0,0.02,20,225,0.04363,0.04363,0.00797,0.00797,-0.02151,-0.02301,3.83016,3.83016,0.0034,0.0034,0.04356,0.04356,0.03507,0.03507,3.3074,3.3074,0.04665,0.04665,-3.81631,-3.81631,-0.03507,-0.03507,-3.3074,-3.3074
50.0,0.02,20,270,0.03915,0.03915,0.00713,0.00713,0.00581,0.0043,0.40213,0.40213,0.00732,0.00732,0.04835,0.04835,0.06168,0.06168,-0.38368,-0.38368,0.0,0.0,0.0,0.0,-0.0,-0.0,0.0,0.0
50.0,0.02,20,315,0.04363,0.04363,0.00797,0.00797,0.02118,0.01968,-3.29353,-3.29353,0.00634,0.00634,0.02327,0.02327,0.04665,0.04665,-3.81631,-3.81631,-0.04665,-0.04665,3.81631,3.81631,0.03507,0.03507,3.3074,3.3074
50.0,0.02,25,0,0.05002,0.05002,0.00871,0.00871,0.02653,0.02502,0.0,-0.0,0.0,0.0,0.0,-0.0,-0.0,-0.0,0.0,0.0,-0.07904,-0.07904,0.49155,0.49155,0.07904,0.07904,-0.49155,-0.49155
50.0,0.02,25,45,0.05574,0.05574,0.00974,0.00974,0.02687,0.02536,5.29721,5.29721,-0.00832,-0.00832,-0.02565,-0.02565,-0.05947,-0.05947,5.94133,5.94133,-0.04118,-0.04118,-5.31431,-5.31431,0.05947,0.05947,-5.94133,-5.94133
50.0,0.02,25,90,0.05002,0.05002,0.00871,0.00871,0.00935,0.00784,-0.51355,-0.51355,-0.00937,-0.00937,-0.06085,-0.06085,-0.07904,-0.07904,0.49155,0.49155,-0.0,0.0,0.0,0.0,0.0,-0.0,0.0,0.0
50.0,0.02,25,135,0.05574,0.05574,0.00974,0.00974,-0.0277,-0.0292,-5.95839,-5.95839,-0.00368,-0.00368,-0.05746,-0.05746,-0.04118,-0.04118,-5.31431,-5.31431,0.04118,0.04118,5.31431,5.31431,-0.05947,-0.05947,5.94133,5.94133
50.0,0.02,25,180,0.05002,0.05002,0.00871,0.00871,-0.0435,-0.045,-0.0,-0.0,0.0,0.0,-0.0,-0.0,0.0,0.0,0.0,0.0,0.07904,0.07904,-0.49155,-0.49155,-0.07904,-0.07904,0.49155,0.49155
50.0,0.02,25,225,0.05574,0.05574,0.00974,0.00974,-0.0277,-0.0292,5.95839,5.95839,0.00368,0.00368,0.05746,0.05746,0.04118,0.04118,5.31431,5.31431,0.05947,0.05947,-5.94133,-5.94133,-0.04118,-0.04118,-5.31431,-5.31431
50.0,0.02,25,270,0.05002,0.05002,0.00871,0.00871,0.00935,0.00784,0.51355,0.51355,0.00937,0.00937,0.06085,0.06085,0.07904,0.07904,-0.49155,-0.49155,0.0,0.0,0.0,0.0,0.0,-0.0,0.0,0.0
50.0,0.02,25,315,0.05574,0.05574,0.00974,0.00974,0.02687,0.02536,-5.29721,-5.29721,0.00832,0.00832,0.02565,0.02565,0.05947,0.05947,-5.94133,-5.94133,-0.05947,-0.05947,5.94133,5.94133,0.04118,0.04118,5.31431,5.31431
50.0,0.02,30,0,0.06174,0.06174,0.01016,0.01016,0.02925,0.02774,0.0,-0.0,0.0,0.0,0.0,-0.0,-0.0,-0.0,0.0,0.0,-0.09789,-0.09789,0.6086,0.6086,0.09789,0.09789,-0.6086,-0.6086
50.0,0.02,30,45,0.06878,0.06878,0.01136,0.01136,0.03273,0.03122,7.82471,7.82471,-0.01045,-0.01045,-0.02654,-0.02654,-0.07251,-0.07251,8.58262,8.58262,-0.04585,-0.04585,-7.84483,-7.84483,0.07251,0.07251,-8.58262,-8.58262
50.0,0.02,30,90,0.06174,0.06174,0.01016,0.01016,0.01398,0.01247,-0.63346,-0.63346,-0.01159,-0.01159,-0.07354,-0.07354,-0.09789,-0.09789,0.6086,0.6086,-0.0,0.0,0.0,0.0,0.0,0.0,0.0,0.0
50.0,0.02,30,135,0.06878,0.06878,0.01136,0.01136,-0.0345,-0.03601,-8.60269,-8.60269,-0.00369,-0.00369,-0.07248,-0.07248,-0.04585,-0.04585,-7.84483,-7.84483,0.04585,0.04585,7.84483,7.84483,-0.07251,-0.07251,8.58262,8.58262
50.0,0.02,30,180,0.06174,0.06174,0.01016,0.01016,-0.05353,-0.05504,-0.0,-0.0,0.0,0.0,0.0,-0.0,0.0,0.0,0.0,0.0,0.09789,0.09789,-0.6086,-0.6086,-0.09789,-0.09789,0.6086,0.6086
50.0,0.02,30,225,0.06878,0.06878,0.01136,0.01136,-0.0345,-0.03601,8.60269,8.60269,0.00369,0.00369,0.07248,0.07248,0.04585,0.04585,7.84483,7.84483,0.07251,0.07251,-8.58262,-8.58262,-0.04585,-0.04585,-7.84483,-7.84483
50.0,0.02,30,270,0.06174,0.06174,0.01016,0.01016,0.01398,0.01247,0.63346,0.63346,0.01159,0.01159,0.07354,0.07354,0.09789,0.09789,-0.6086,-0.6086,0.0,0.0,0.0,0.0,0.0,-0.0,0.0,0.0
50.0,0.02,30,315,0.06878,0.06878,0.01136,0.01136,0.03273,0.03122,-7.82471,-7.82471,0.01045,0.01045,0.02654,0.02654,0.07251,0.07251,-8.58262,-8.58262,-0.07251,-0.07251,8.58262,8.58262,0.04585,0.04585,7.84483,7.84483
50.0,0.03,0,0,0.0,0.0,0.0,0.0,0.0,-0.00226,0.0,-0.0,0.0,0.0,0.0,-0.0,0.0,0.0,0.0,0.0,0.0,0.0,0.0,0.0,0.0,-0.0,0.0,0.0
50.0,0.03,0,45,0.0,0.0,0.0,0.0,0.0,-0.00226,0.0,-0.0,0.0,0.0,0.0,-0.0,0.0,0.0,0.0,0.0,0.0,0.0,0.0,0.0,0.0,-0.0,0.0,0.0
50.0,0.03,0,90,0.0,0.0,0.0,0.0,0.0,-0.00226,0.0,-0.0,0.0,0.0,0.0,-0.0,0.0,0.0,0.0,0.0,0.0,0.0,0.0,0.0,0.0,-0.0,0.0,0.0
50.0,0.03,0,135,0.0,0.0,0.0,0.0,0.0,-0.00226,0.0,-0.0,0.0,0.0,0.0,-0.0,0.0,0.0,0.0,0.0,0.0,0.0,0.0,0.0,0.0,-0.0,0.0,0.0
50.0,0.03,0,180,0.0,0.0,0.0,0.0,0.0,-0.00226,0.0,-0.0,0.0,0.0,0.0,-0.0,0.0,0.0,0.0,0.0,0.0,0.0,0.0,0.0,0.0,-0.0,0.0,0.0
50.0,0.03,0,225,0.0,0.0,0.0,0.0,0.0,-0.00226,0.0,-0.0,0.0,0.0,0.0,-0.0,0.0,0.0,0.0,0.0,0.0,0.0,0.0,0.0,0.0,-0.0,0.0,0.0
50.0,0.03,0,270,0.0,0.0,0.0,0.0,0.0,-0.00226,0.0,-0.0,0.0,0.0,0.0,-0.0,0.0,0.0,0.0,0.0,0.0,0.0,0.0,0.0,0.0,-0.0,0.0,0.0
50.0,0.03,0,315,0.0,0.0,0.0,0.0,0.0,-0.00226,0.0,-0.0,0.0,0.0,0.0,-0.0,0.0,0.0,0.0,0.0,0.0,0.0,0.0,0.0,0.0,-0.0,0.0,0.0
50.0,0.03,2.5,0,0.00686,0.00686,0.00093,0.00093,0.00531,0.00305,0.0,-0.0,0.0,0.0,0.0,-0.0,-0.0,-0.0,0.0,0.0,-0.01103,-0.01103,0.04603,0.04603,0.01103,0.01103,-0.04603,-0.04603
50.0,0.03,2.5,45,0.00765,0.00765,0.00103,0.00103,0.00382,0.00156,0.02029,0.02029,-0.00065,-0.00065,-0.00611,-0.00611,-0.00788,-0.00788,0.08709,0.08709,-0.00771,-0.00771,-0.02206,-0.02206,0.00788,0.00788,-0.08709,-0.08709
50.0,0.03,2.5,90,0.00686,0.00686,0.00093,0.00093,8e-05,-0.00217,-0.04853,-0.04853,-0.00087,-0.00087,-0.00894,-0.00894,-0.01103,-0.01103,0.04603,0.04603,-0.0,0.0,0.0,0.0,-0.0,-0.0,0.0,0.0
50.0,0.03,2.5,135,0.00765,0.00765,0.00103,0.00103,-0.00382,-0.00607,-0.08886,-0.08886,-0.00058,-0.00058,-0.00653,-0.00653,-0.00771,-0.00771,-0.02206,-0.02206,0.00771,0.00771,0.02206,0.02206,-0.00788,-0.00788,0.08709,0.08709
50.0,0.03,2.5,180,0.00686,0.00686,0.00093,0.00093,-0.00548,-0.00773,-0.0,-0.0,0.0,0.0,0.0,-0.0,0.0,0.0,0.0,0.0,0.01103,0.01103,-0.04603,-0.04603,-0.01103,-0.01103,0.04603,0.04603
50.0,0.03,2.5,225,0.00765,0.00765,0.00103,0.00103,-0.00382,-0.00607,0.08886,0.08886,0.00058,0.00058,0.00653,0.00653,0.00771,0.00771,0.02206,0.02206,0.00788,0.00788,-0.08709,-0.08709,-0.00771,-0.00771,-0.02206,-0.02206
50.0,0.03,2.5,270,0.00686,0.00686,0.00093,0.00093,8e-05,-0.00217,0.04853,0.04853,0.00087,0.00087,0.00894,0.00894,0.01103,0.01103,-0.04603,-0.04603,-0.0,0.0,0.0,0.0,0.0,-0.0,0.0,0.0
50.0,0.03,2.5,315,0.00765,0.00765,0.00103,0.00103,0.00382,0.00156,-0.02029,-0.02029,0.00065,0.00065,0.00611,0.00611,0.00788,0.00788,-0.08709,-0.08709,-0.00788,-0.00788,0.08709,0.08709,0.00771,0.00771,0.02206,0.02206
50.0,0.03,5,0,0.01375,0.01375,0.00185,0.00185,0.01044,0.00818,0.0,-0.0,0.0,0.0,0.0,-0.0,-0.0,-0.0,0.0,0.0,-0.02211,-0.02211,0.09223,0.09223,0.02211,0.02211,-0.09223,-0.09223
50.0,0.03,5,45,0.01533,0.01533,0.00206,0.00206,0.00765,0.00539,0.14999,0.14999,-0.00136,-0.00136,-0.01178,-0.01178,-0.01592,-0.01592,0.28347,0.28347,-0.01523,-0.01523,-0.15353,-0.15353,0.01592,0.01592,-0.28347,-0.28347
50.0,0.03,5,90,0.01375,0.01375,0.00185,0.00185,0.00034,-0.00192,-0.09721,-0.09721,-0.00174,-0.00174,-0.01788,-0.01788,-0.02211,-0.02211,0.09223,0.09223,-0.0,0.0,0.0,0.0,0.0,-0.0,0.0,0.0
50.0,0.03,5,135,0.01533,0.01533,0.00206,0.00206,-0.00765,-0.00991,-0.28701,-0.28701,-0.00109,-0.00109,-0.01348,-0.01348,-0.01523,-0.01523,-0.15353,-0.15353,0.01523,0.01523,0.15353,0.15353,-0.01592,-0.01592,0.28347,0.28347
50.0,0.03,5,180,0.01375,0.01375,0.00185,0.00185,-0.01111,-0.01337,-0.0,-0.0,0.0,0.0,0.0,-0.0,0.0,0.0,0.0,0.0,0.02211,0.02211,-0.09223,-0.09223,-0.02211,-0.02211,0.09223,0.09223
50.0,0.03,5,225,0.01533,0.01533,0.00206,0.00206,-0.00765,-0.00991,0.28701,0.28701,0.00109,0.00109,0.01348,0.01348,0.01523,0.01523,0.15353,0.15353,0.01592,0.01592,-0.28347,-0.28347,-0.01523,-0.01523,-0.15353,-0.15353
50.0,0.03,5,270,0.01375,0.01375,0.00185,0.00185,0.00034,-0.00192,0.09721,0.09721,0.00174,0.00174,0.01788,0.01788,0.02211,0.02211,-0.09223,-0.09223,-0.0,0.0,0.0,0.0,0.0,-0.0,0.0,0.0
50.0,0.03,5,315,0.01533,0.01533,0.00206,0.00206,0.00765,0.00539,-0.14999,-0.14999,0.00136,0.00136,0.01178,0.01178,0.01592,0.01592,-0.28347,-0.28347,-0.01592,-0.01592,0.28347,0.28347,0.01523,0.01523,0.15353,0.15353
50.0,0.03,7.5,0,0.02069,0.02069,0.00277,0.00277,0.01538,0.01312,0.0,-0.0,0.0,0.0,0.0,-0.0,-0.0,-0.0,0.0,0.0,-0.03327,-0.03327,0.13878,0.13878,0.03327,0.03327,-0.13878,-0.13878
50.0,0.03,7.5,45,0.02307,0.02307,0.00309,0.00309,0.01151,0.00925,0.38981,0.38981,-0.00214,-0.00214,-0.01701,-0.01701,-0.0241,-0.0241,0.5897,0.5897,-0.02255,-0.02255,-0.39511,-0.39511,0.0241,0.0241,-0.5897,-0.5897
50.0,0.03,7.5,90,0.02069,0.02069,0.00277,0.00277,0.00077,-0.00149,-0.14622,-0.14622,-0.00262,-0.00262,-0.02684,-0.02684,-0.03327,-0.03327,0.13878,0.13878,0.0,0.0,0.0,0.0,0.0,0.0,0.0,0.0
50.0,0.03,7.5,135,0.02307,0.02307,0.00309,0.00309,-0.01151,-0.01377,-0.595,-0.595,-0.00154,-0.00154,-0.02083,-0.02083,-0.02255,-0.02255,-0.39511,-0.39511,0.02255,0.02255,0.39511,0.39511,-0.0241,-0.0241,0.5897,0.5897
50.0,0.03,7.5,180,0.02069,0.02069,0.00277,0.00277,-0.0169,-0.01915,-0.0,-0.0,0.0,0.0,0.0,-0.0,-0.0,-0.0,0.0,0.0,0.03327,0.03327,-0.13878,-0.13878,-0.03327,-0.03327,0.13878,0.13878
50.0,0.03,7.5,225,0.02307,0.02307,0.00309,0.00309,-0.01151,-0.01377,0.595,0.595,0.00154,0.00154,0.02083,0.02083,0.02255,0.02255,0.39511,0.39511,0.0241,0.0241,-0.5897,-0.5897,-0.02255,-0.02255,-0.39511,-0.39511
50.0,0.03,7.5,270,0.02069,0.02069,0.00277,0.00277,0.00077,-0.00149,0.14622,0.14622,0.00262,0.00262,0.02684,0.02684,0.03327,0.03327,-0.13878,-0.13878,-0.0,0.0,0.0,0.0,0.0,0.0,0.0,0.0
50.0,0.03,7.5,315,0.02307,0.02307,0.00309,0.00309,0.01151,0.00925,-0.38981,-0.38981,0.00214,0.00214,0.01701,0.01701,0.0241,0.0241,-0.5897,-0.5897,-0.0241,-0.0241,0.5897,0.5897,0.02255,0.02255,0.39511,0.39511
50.0,0.03,10,0,0.02771,0.02771,0.00367,0.00367,0.02011,0.01786,0.0,-0.0,0.0,0.0,0.0,-0.0,-0.0,-0.0,0.0,0.0,-0.04456,-0.04456,0.18588,0.18588,0.04456,0.04456,-0.18588,-0.18588
50.0,0.03,10,45,0.03089,0.03089,0.0041,0.0041,0.01541,0.01315,0.74085,0.74085,-0.00299,-0.00299,-0.0218,-0.0218,-0.0324,-0.0324,1.00675,1.00675,-0.02964,-0.02964,-0.7479,-0.7479,0.0324,0.0324,-1.00675,-1.00675
50.0,0.03,10,90,0.02771,0.02771,0.00367,0.00367,0.00137,-0.00088,-0.1957,-0.1957,-0.00351,-0.00351,-0.0358,-0.0358,-0.04456,-0.04456,0.18588,0.18588,-0.0,0.0,0.0,0.0,0.0,-0.0,0.0,0.0
50.0,0.03,10,135,0.03089,0.03089,0.0041,0.0041,-0.01543,-0.01768,-1.0138,-1.0138,-0.00191,-0.00191,-0.02858,-0.02858,-0.02964,-0.02964,-0.7479,-0.7479,0.02964,0.02964,0.7479,0.7479,-0.0324,-0.0324,1.00675,1.00675
50.0,0.03,10,180,0.02771,0.02771,0.00367,0.00367,-0.02282,-0.02507,-0.0,-0.0,0.0,0.0,0.0,-0.0,-0.0,-0.0,0.0,0.0,0.04456,0.04456,-0.18588,-0.18588,-0.04456,-0.04456,0.18588,0.18588
50.0,0.03,10,225,0.03089,0.03089,0.0041,0.0041,-0.01543,-0.01768,1.0138,1.0138,0.00191,0.00191,0.02858,0.02858,0.02964,0.02964,0.7479,0.7479,0.0324,0.0324,-1.00675,-1.00675,-0.02964,-0.02964,-0.7479,-0.7479
50.0,0.03,10,270,0.02771,0.02771,0.00367,0.00367,0.00137,-0.00088,0.1957,0.1957,0.00351,0.00351,0.0358,0.0358,0.04456,0.04456,-0.18588,-0.18588,-0.0,0.0,0.0,0.0,0.0,0.0,0.0,0.0
50.0,0.03,10,315,0.03089,0.03089,0.0041,0.0041,0.01541,0.01315,-0.74085,-0.74085,0.00299,0.00299,0.0218,0.0218,0.0324,0.0324,-1.00675,-1.00675,-0.0324,-0.0324,1.00675,1.00675,0.02964,0.02964,0.7479,0.7479
50.0,0.03,12.5,0,0.03482,0.03482,0.00457,0.00457,0.02464,0.02239,0.0,-0.0,0.0,0.0,0.0,-0.0,-0.0,-0.0,0.0,0.0,-0.05603,-0.05603,0.2337,0.2337,0.05603,0.05603,-0.2337,-0.2337
50.0,0.03,12.5,45,0.03882,0.03882,0.0051,0.0051,0.01936,0.0171,1.20464,1.20464,-0.00389,-0.00389,-0.02613,-0.02613,-0.04082,-0.04082,1.53601,1.53601,-0.0365,-0.0365,-1.21343,-1.21343,0.04082,0.04082,-1.53601,-1.53601
50.0,0.03,12.5,90,0.03482,0.03482,0.00457,0.00457,0.00216,-9e-05,-0.24584,-0.24584,-0.00441,-0.00441,-0.04478,-0.04478,-0.05603,-0.05603,0.2337,0.2337,-0.0,0.0,0.0,0.0,0.0,-0.0,0.0,0.0
50.0,0.03,12.5,135,0.03882,0.03882,0.0051,0.0051,-0.0194,-0.02166,-1.54479,-1.54479,-0.00221,-0.00221,-0.03672,-0.03672,-0.0365,-0.0365,-1.21343,-1.21343,0.0365,0.0365,1.21343,1.21343,-0.04082,-0.04082,1.53601,1.53601
50.0,0.03,12.5,180,0.03482,0.03482,0.00457,0.00457,-0.02886,-0.03112,-0.0,-0.0,0.0,0.0,0.0,-0.0,0.0,0.0,0.0,0.0,0.05603,0.05603,-0.2337,-0.2337,-0.05603,-0.05603,0.2337,0.2337
50.0,0.03,12.5,225,0.03882,0.03882,0.0051,0.0051,-0.0194,-0.02166,1.54479,1.54479,0.00221,0.00221,0.03672,0.03672,0.0365,0.0365,1.21343,1.21343,0.04082,0.04082,-1.53601,-1.53601,-0.0365,-0.0365,-1.21343,-1.21343
50.0,0.03,12.5,270,0.03482,0.03482,0.00457,0.00457,0.00216,-9e-05,0.24584,0.24584,0.00441,0.00441,0.04478,0.04478,0.05603,0.05603,-0.2337,-0.2337,-0.0,0.0,0.0,0.0,0.0,-0.0,0.0,0.0
50.0,0.03,12.5,315,0.03882,0.03882,0.0051,0.0051,0.01936,0.0171,-1.20464,-1.20464,0.00389,0.00389,0.02613,0.02613,0.04082,0.04082,-1.53601,-1.53601,-0.04082,-0.04082,1.53601,1.53601,0.0365,0.0365,1.21343,1.21343
50.0,0.03,15,0,0.04207,0.04207,0.00544,0.00544,0.02895,0.0267,0.0,-0.0,0.0,0.0,0.0,-0.0,-0.0,-0.0,0.0,0.0,-0.06772,-0.06772,0.28246,0.28246,0.06772,0.06772,-0.28246,-0.28246
50.0,0.03,15,45,0.0469,0.0469,0.00608,0.00608,0.02338,0.02112,1.78314,1.78314,-0.00487,-0.00487,-0.03001,-0.03001,-0.04933,-0.04933,2.17927,2.17927,-0.04309,-0.04309,-1.79365,-1.79365,0.04933,0.04933,-2.17927,-2.17927
50.0,0.03,15,90,0.04207,0.04207,0.00544,0.00544,0.00314,0.00089,-0.29682,-0.29682,-0.00533,-0.00533,-0.05377,-0.05377,-0.06772,-0.06772,0.28246,0.28246,-0.0,0.0,0.0,0.0,0.0,-0.0,0.0,0.0
50.0,0.03,15,135,0.0469,0.0469,0.00608,0.00608,-0.02347,-0.02573,-2.18977,-2.18977,-0.00243,-0.00243,-0.04523,-0.04523,-0.04309,-0.04309,-1.79365,-1.79365,0.04309,0.04309,1.79365,1.79365,-0.04933,-0.04933,2.17927,2.17927
50.0,0.03,15,180,0.04207,0.04207,0.00544,0.00544,-0.03502,-0.03727,-0.0,-0.0,0.0,0.0,0.0,-0.0,-0.0,-0.0,0.0,0.0,0.06772,0.06772,-0.28246,-0.28246,-0.06772,-0.06772,0.28246,0.28246
50.0,0.03,15,225,0.0469,0.0469,0.00608,0.00608,-0.02347,-0.02573,2.18977,2.18977,0.00243,0.00243,0.04523,0.04523,0.04309,0.04309,1.79365,1.79365,0.04933,0.04933,-2.17927,-2.17927,-0.04309,-0.04309,-1.79365,-1.79365
50.0,0.03,15,270,0.04207,0.04207,0.00544,0.00544,0.00314,0.00089,0.29682,0.29682,0.00533,0.00533,0.05377,0.05377,0.06772,0.06772,-0.28246,-0.28246,0.0,0.0,0.0,0.0,-0.0,-0.0,0.0,0.0
50.0,0.03,15,315,0.0469,0.0469,0.00608,0.00608,0.02338,0.02112,-1.78314,-1.78314,0.00487,0.00487,0.03001,0.03001,0.04933,0.04933,-2.17927,-2.17927,-0.04933,-0.04933,2.17927,2.17927,0.04309,0.04309,1.79365,1.79365
50.0,0.03,20,0,0.05708,0.05708,0.00713,0.00713,0.03688,0.03463,0.0,-0.0,0.0,0.0,0.0,-0.0,0.0,0.0,0.0,0.0,-0.092,-0.092,0.38368,0.38368,0.092,0.092,-0.38368,-0.38368
50.0,0.03,20,45,0.06361,0.06361,0.00797,0.00797,0.03163,0.02937,3.29424,3.29424,-0.007,-0.007,-0.03637,-0.03637,-0.06657,-0.06657,3.81702,3.81702,-0.05537,-0.05537,-3.30811,-3.30811,0.06657,0.06657,-3.81702,-3.81702
50.0,0.03,20,90,0.05708,0.05708,0.00713,0.00713,0.00571,0.00346,-0.40214,-0.40214,-0.00724,-0.00724,-0.07172,-0.07172,-0.092,-0.092,0.38368,0.38368,-0.0,0.0,0.0,0.0,0.0,0.0,0.0,0.0
50.0,0.03,20,135,0.06361,0.06361,0.00797,0.00797,-0.03194,-0.0342,-3.83088,-3.83088,-0.00264,-0.00264,-0.06331,-0.06331,-0.05537,-0.05537,-3.30811,-3.30811,0.05537,0.05537,3.30811,3.30811,-0.06657,-0.06657,3.81702,3.81702
50.0,0.03,20,180,0.05708,0.05708,0.00713,0.00713,-0.04762,-0.04988,-0.0,-0.0,0.0,0.0,0.0,-0.0,0.0,0.0,0.0,0.0,0.092,0.092,-0.38368,-0.38368,-0.092,-0.092,0.38368,0.38368
50.0,0.03,20,225,0.06361,0.06361,0.00797,0.00797,-0.03194,-0.0342,3.83088,3.83088,0.00264,0.00264,0.06331,0.06331,0.05537,0.05537,3.30811,3.30811,0.06657,0.06657,-3.81702,-3.81702,-0.05537,-0.05537,-3.30811,-3.30811
50.0,0.03,20,270,0.05708,0.05708,0.00713,0.00713,0.00571,0.00346,0.40214,0.40214,0.00724,0.00724,0.07172,0.07172,0.092,0.092,-0.38368,-0.38368,0.0,0.0,0.0,0.0,-0.0,-0.0,0.0,0.0
50.0,0.03,20,315,0.06361,0.06361,0.00797,0.00797,0.03163,0.02937,-3.29424,-3.29424,0.007,0.007,0.03637,0.03637,0.06657,0.06657,-3.81702,-3.81702,-0.06657,-0.06657,3.81702,3.81702,0.05537,0.05537,3.30811,3.30811
50.0,0.03,25,0,0.07301,0.07301,0.00871,0.00871,0.04384,0.04158,0.0,-0.0,0.0,0.0,0.0,-0.0,0.0,0.0,0.0,0.0,-0.11789,-0.11789,0.49155,0.49155,0.11789,0.11789,-0.49155,-0.49155
50.0,0.03,25,45,0.08135,0.08135,0.00974,0.00974,0.04022,0.03797,5.29833,5.29833,-0.00939,-0.00939,-0.04085,-0.04085,-0.08395,-0.08395,5.94246,5.94246,-0.06626,-0.06626,-5.31543,-5.31543,0.08395,0.08395,-5.94246,-5.94246
50.0,0.03,25,90,0.07301,0.07301,0.00871,0.00871,0.00919,0.00694,-0.51355,-0.51355,-0.00926,-0.00926,-0.08951,-0.08951,-0.11789,-0.11789,0.49155,0.49155,-0.0,0.0,0.0,0.0,0.0,-0.0,0.0,0.0
50.0,0.03,25,135,0.08135,0.08135,0.00974,0.00974,-0.04102,-0.04327,-5.95952,-5.95952,-0.0025,-0.0025,-0.08266,-0.08266,-0.06626,-0.06626,-5.31543,-5.31543,0.06626,0.06626,5.31543,5.31543,-0.08395,-0.08395,5.94246,5.94246
50.0,0.03,25,180,0.07301,0.07301,0.00871,0.00871,-0.06054,-0.06279,-0.0,-0.0,0.0,0.0,-0.0,-0.0,0.0,0.0,0.0,0.0,0.11789,0.11789,-0.49155,-0.49155,-0.11789,-0.11789,0.49155,0.49155
50.0,0.03,25,225,0.08135,0.08135,0.00974,0.00974,-0.04102,-0.04327,5.95952,5.95952,0.0025,0.0025,0.08266,0.08266,0.06626,0.06626,5.31543,5.31543,0.08395,0.08395,-5.94246,-5.94246,-0.06626,-0.06626,-5.31543,-5.31543
50.0,0.03,25,270,0.07301,0.07301,0.00871,0.00871,0.00919,0.00694,0.51355,0.51355,0.00926,0.00926,0.08951,0.08951,0.11789,0.11789,-0.49155,-0.49155,0.0,0.0,0.0,0.0,0.0,-0.0,0.0,0.0
50.0,0.03,25,315,0.08135,0.08135,0.00974,0.00974,0.04022,0.03797,-5.29833,-5.29833,0.00939,0.00939,0.04085,0.04085,0.08395,0.08395,-5.94246,-5.94246,-0.08395,-0.08395,5.94246,5.94246,0.06626,0.06626,5.31543,5.31543
50.0,0.03,30,0,0.09022,0.09022,0.01016,0.01016,0.04975,0.0475,0.0,-0.0,0.0,0.0,0.0,-0.0,-0.0,-0.0,0.0,0.0,-0.146,-0.146,0.6086,0.6086,0.146,0.146,-0.6086,-0.6086
50.0,0.03,30,45,0.1005,0.1005,0.01136,0.01136,0.04918,0.04693,7.82634,7.82634,-0.01203,-0.01203,-0.04344,-0.04344,-0.10123,-0.10123,8.58426,8.58426,-0.07544,-0.07544,-7.84647,-7.84647,0.10123,0.10123,-8.58426,-8.58426
50.0,0.03,30,90,0.09022,0.09022,0.01016,0.01016,0.01374,0.01148,-0.63347,-0.63347,-0.01145,-0.01145,-0.10681,-0.10681,-0.146,-0.146,0.6086,0.6086,-0.0,0.0,0.0,0.0,0.0,0.0,0.0,0.0
50.0,0.03,30,135,0.1005,0.1005,0.01136,0.01136,-0.05089,-0.05315,-8.60433,-8.60433,-0.002,-0.002,-0.10298,-0.10298,-0.07544,-0.07544,-7.84647,-7.84647,0.07544,0.07544,7.84647,7.84647,-0.10123,-0.10123,8.58426,8.58426
50.0,0.03,30,180,0.09022,0.09022,0.01016,0.01016,-0.07366,-0.07592,0.0,0.0,0.0,0.0,-0.0,-0.0,0.0,0.0,0.0,0.0,0.146,0.146,-0.6086,-0.6086,-0.146,-0.146,0.6086,0.6086
50.0,0.03,30,225,0.1005,0.1005,0.01136,0.01136,-0.05089,-0.05315,8.60433,8.60433,0.002,0.002,0.10298,0.10298,0.07544,0.07544,7.84647,7.84647,0.10123,0.10123,-8.58426,-8.58426,-0.07544,-0.07544,-7.84647,-7.84647
50.0,0.03,30,270,0.09022,0.09022,0.01016,0.01016,0.01374,0.01148,0.63347,0.63347,0.01145,0.01145,0.10681,0.10681,0.146,0.146,-0.6086,-0.6086,-0.0,0.0,0.0,0.0,0.0,-0.0,0.0,0.0
50.0,0.03,30,315,0.1005,0.1005,0.01136,0.01136,0.04918,0.04693,-7.82634,-7.82634,0.01203,0.01203,0.04344,0.04344,0.10123,0.10123,-8.58426,-8.58426,-0.10123,-0.10123,8.58426,8.58426,0.07544,0.07544,7.84647,7.84647
