D,hm,tilt,az,round_off,round_off_raw,round_size,round_size_raw,gap12,gap12_raw,rot12,rot12_raw,top12,top12_raw,asym12,asym12_raw,six_c,six_c_raw,six_r,six_r_raw,three_c,three_c_raw,three_r,three_r_raw,nine_c,nine_c_raw,nine_r,nine_r_raw
6.0,0.01,0,0,0.0,0.0,0.0,0.0,0.0,-0.00627,0.0,0.0,0.0,-0.0,0.0,-0.0,0.0,0.0,0.0,0.0,0.0,0.0,0.0,-0.0,0.0,0.0,0.0,-0.0
6.0,0.01,0,45,0.0,0.0,0.0,0.0,0.0,-0.00627,0.0,0.0,0.0,-0.0,0.0,-0.0,0.0,0.0,0.0,0.0,0.0,0.0,0.0,-0.0,0.0,0.0,0.0,-0.0
6.0,0.01,0,90,0.0,0.0,0.0,0.0,0.0,-0.00627,0.0,0.0,0.0,-0.0,0.0,-0.0,0.0,0.0,0.0,0.0,0.0,0.0,0.0,-0.0,0.0,0.0,0.0,-0.0
6.0,0.01,0,135,0.0,0.0,0.0,0.0,0.0,-0.00627,0.0,0.0,0.0,-0.0,0.0,-0.0,0.0,0.0,0.0,0.0,0.0,0.0,0.0,-0.0,0.0,0.0,0.0,-0.0
6.0,0.01,0,180,0.0,0.0,0.0,0.0,0.0,-0.00627,0.0,0.0,0.0,-0.0,0.0,-0.0,0.0,0.0,0.0,0.0,0.0,0.0,0.0,-0.0,0.0,0.0,0.0,-0.0
6.0,0.01,0,225,0.0,0.0,0.0,0.0,0.0,-0.00627,0.0,0.0,0.0,-0.0,0.0,-0.0,0.0,0.0,0.0,0.0,0.0,0.0,0.0,-0.0,0.0,0.0,0.0,-0.0
6.0,0.01,0,270,0.0,0.0,0.0,0.0,0.0,-0.00627,0.0,0.0,0.0,-0.0,0.0,-0.0,0.0,0.0,0.0,0.0,0.0,0.0,0.0,-0.0,0.0,0.0,0.0,-0.0
6.0,0.01,0,315,0.0,0.0,0.0,0.0,0.0,-0.00627,0.0,0.0,0.0,-0.0,0.0,-0.0,0.0,0.0,0.0,0.0,0.0,0.0,0.0,-0.0,0.0,0.0,0.0,-0.0
6.0,0.01,2.5,0,0.00558,0.00558,0.00775,0.00775,0.00237,-0.0039,-0.0,-0.0,0.0,0.0,0.0,-0.0,-0.0,0.0,-0.0,0.0,-0.00456,-0.00456,0.38319,0.38319,0.00456,0.00456,-0.38319,-0.38319
6.0,0.01,2.5,45,0.00622,0.00622,0.00866,0.00866,0.00167,-0.0046,-0.28543,-0.28543,-0.00498,-0.00498,-0.00241,-0.00241,-0.00321,-0.00321,0.27127,0.27127,-0.00324,-0.00324,0.27064,0.27064,0.00321,0.00321,-0.27127,-0.27127
6.0,0.01,2.5,90,0.00558,0.00558,0.00775,0.00775,-1e-05,-0.00627,-0.40409,-0.40409,-0.00684,-0.00684,-0.00342,-0.00342,-0.00456,-0.00456,0.38319,0.38319,-0.0,0.0,0.0,0.0,-0.0,-0.0,0.0,0.0
6.0,0.01,2.5,135,0.00622,0.00622,0.00866,0.00866,-0.00167,-0.00794,-0.28604,-0.28604,-0.0047,-0.0047,-0.00243,-0.00243,-0.00324,-0.00324,0.27064,0.27064,0.00324,0.00324,-0.27064,-0.27064,-0.00321,-0.00321,0.27127,0.27127
6.0,0.01,2.5,180,0.00558,0.00558,0.00775,0.00775,-0.00235,-0.00862,-0.0,0.0,0.0,0.0,-0.0,-0.0,-0.0,-0.0,-0.0,0.0,0.00456,0.00456,-0.38319,-0.38319,-0.00456,-0.00456,0.38319,0.38319
6.0,0.01,2.5,225,0.00622,0.00622,0.00866,0.00866,-0.00167,-0.00794,0.28604,0.28604,0.0047,0.0047,0.00243,0.00243,0.00324,0.00324,-0.27064,-0.27064,0.00321,0.00321,-0.27127,-0.27127,-0.00324,-0.00324,0.27064,0.27064
6.0,0.01,2.5,270,0.00558,0.00558,0.00775,0.00775,-1e-05,-0.00627,0.40409,0.40409,0.00684,0.00684,0.00342,0.00342,0.00456,0.00456,-0.38319,-0.38319,-0.0,0.0,0.0,-0.0,-0.0,-0.0,0.0,-0.0
6.0,0.01,2.5,315,0.00622,0.00622,0.00866,0.00866,0.00167,-0.0046,0.28543,0.28543,0.00498,0.00498,0.00241,0.00241,0.00321,0.00321,-0.27127,-0.27127,-0.00321,-0.00321,0.27127,0.27127,0.00324,0.00324,-0.27064,-0.27064
6.0,0.01,5,0,0.01118,0.01118,0.01554,0.01554,0.00476,-0.00151,-0.0,0.0,0.0,0.0,0.0,-0.0,-0.0,0.0,-0.0,0.0,-0.00914,-0.00914,0.76567,0.76567,0.00914,0.00914,-0.76567,-0.76567
6.0,0.01,5,45,0.01245,0.01245,0.01741,0.01741,0.00334,-0.00292,-0.56975,-0.56975,-0.01022,-0.01022,-0.00481,-0.00481,-0.0064,-0.0064,0.54267,0.54267,-0.00652,-0.00652,0.54017,0.54017,0.0064,0.0064,-0.54267,-0.54267
6.0,0.01,5,90,0.01118,0.01118,0.01554,0.01554,-3e-05,-0.00629,-0.80743,-0.80743,-0.01367,-0.01367,-0.00685,-0.00685,-0.00914,-0.00914,0.76567,0.76567,-0.0,0.0,0.0,-0.0,-0.0,-0.0,0.0,0.0
6.0,0.01,5,135,0.01245,0.01245,0.01741,0.01741,-0.00334,-0.00961,-0.57215,-0.57215,-0.00913,-0.00913,-0.00487,-0.00487,-0.00652,-0.00652,0.54017,0.54017,0.00652,0.00652,-0.54017,-0.54017,-0.0064,-0.0064,0.54267,0.54267
6.0,0.01,5,180,0.01118,0.01118,0.01554,0.01554,-0.0047,-0.01097,-0.0,-0.0,0.0,0.0,0.0,-0.0,-0.0,0.0,-0.0,0.0,0.00914,0.00914,-0.76567,-0.76567,-0.00914,-0.00914,0.76567,0.76567
6.0,0.01,5,225,0.01245,0.01245,0.01741,0.01741,-0.00334,-0.00961,0.57215,0.57215,0.00913,0.00913,0.00487,0.00487,0.00652,0.00652,-0.54017,-0.54017,0.0064,0.0064,-0.54267,-0.54267,-0.00652,-0.00652,0.54017,0.54017
6.0,0.01,5,270,0.01118,0.01118,0.01554,0.01554,-3e-05,-0.00629,0.80743,0.80743,0.01367,0.01367,0.00685,0.00685,0.00914,0.00914,-0.76567,-0.76567,-0.0,0.0,0.0,0.0,-0.0,-0.0,0.0,0.0
6.0,0.01,5,315,0.01245,0.01245,0.01741,0.01741,0.00334,-0.00292,0.56975,0.56975,0.01022,0.01022,0.00481,0.00481,0.0064,0.0064,-0.54267,-0.54267,-0.0064,-0.0064,0.54267,0.54267,0.00652,0.00652,-0.54017,-0.54017
6.0,0.01,7.5,0,0.0168,0.0168,0.02333,0.02333,0.00718,0.00091,-0.0,0.0,0.0,0.0,-0.0,-0.0,-0.0,-0.0,-0.0,0.0,-0.01374,-0.01374,1.14675,1.14675,0.01374,0.01374,-1.14675,-1.14675
6.0,0.01,7.5,45,0.0187,0.0187,0.02621,0.02621,0.00503,-0.00124,-0.85243,-0.85243,-0.01572,-0.01572,-0.00722,-0.00722,-0.00958,-0.00958,0.81371,0.81371,-0.00985,-0.00985,0.80809,0.80809,0.00958,0.00958,-0.81371,-0.81371
6.0,0.01,7.5,90,0.0168,0.0168,0.02333,0.02333,-6e-05,-0.00633,-1.20928,-1.20928,-0.02046,-0.02046,-0.0103,-0.0103,-0.01374,-0.01374,1.14675,1.14675,-0.0,0.0,0.0,0.0,-0.0,-0.0,0.0,0.0
6.0,0.01,7.5,135,0.0187,0.0187,0.02621,0.02621,-0.00502,-0.01129,-0.85783,-0.85783,-0.01327,-0.01327,-0.00735,-0.00735,-0.00985,-0.00985,0.80809,0.80809,0.00985,0.00985,-0.80809,-0.80809,-0.00958,-0.00958,0.81371,0.81371
6.0,0.01,7.5,180,0.0168,0.0168,0.02333,0.02333,-0.00704,-0.01331,-0.0,0.0,0.0,0.0,0.0,-0.0,-0.0,0.0,-0.0,0.0,0.01374,0.01374,-1.14675,-1.14675,-0.01374,-0.01374,1.14675,1.14675
6.0,0.01,7.5,225,0.0187,0.0187,0.02621,0.02621,-0.00502,-0.01129,0.85783,0.85783,0.01327,0.01327,0.00735,0.00735,0.00985,0.00985,-0.80809,-0.80809,0.00958,0.00958,-0.81371,-0.81371,-0.00985,-0.00985,0.80809,0.80809
6.0,0.01,7.5,270,0.0168,0.0168,0.02333,0.02333,-6e-05,-0.00633,1.20928,1.20928,0.02046,0.02046,0.0103,0.0103,0.01374,0.01374,-1.14675,-1.14675,-0.0,0.0,0.0,0.0,-0.0,-0.0,0.0,0.0
6.0,0.01,7.5,315,0.0187,0.0187,0.02621,0.02621,0.00503,-0.00124,0.85243,0.85243,0.01572,0.01572,0.00722,0.00722,0.00958,0.00958,-0.81371,-0.81371,-0.00958,-0.00958,0.81371,0.81371,0.00985,0.00985,-0.80809,-0.80809
6.0,0.01,10,0,0.02244,0.02244,0.0311,0.0311,0.00962,0.00336,-0.0,0.0,0.0,0.0,0.0,-0.0,-0.0,-0.0,-0.0,0.0,-0.01838,-0.01838,1.52573,1.52573,0.01838,0.01838,-1.52573,-1.52573
6.0,0.01,10,45,0.02496,0.02496,0.03502,0.03502,0.00672,0.00046,-1.13296,-1.13296,-0.02148,-0.02148,-0.00962,-0.00962,-0.01276,-0.01276,1.08389,1.08389,-0.01324,-0.01324,1.07393,1.07393,0.01276,0.01276,-1.08389,-1.08389
6.0,0.01,10,90,0.02244,0.02244,0.0311,0.0311,-0.00011,-0.00638,-1.60889,-1.60889,-0.02719,-0.02719,-0.01378,-0.01378,-0.01838,-0.01838,1.52573,1.52573,-0.0,0.0,0.0,0.0,-0.0,-0.0,0.0,0.0
6.0,0.01,10,135,0.02496,0.02496,0.03502,0.03502,-0.00671,-0.01298,-1.14254,-1.14254,-0.01712,-0.01712,-0.00985,-0.00985,-0.01324,-0.01324,1.07393,1.07393,0.01324,0.01324,-1.07393,-1.07393,-0.01276,-0.01276,1.08389,1.08389
6.0,0.01,10,180,0.02244,0.02244,0.0311,0.0311,-0.00938,-0.01565,-0.0,-0.0,0.0,0.0,0.0,-0.0,-0.0,0.0,-0.0,0.0,0.01838,0.01838,-1.52573,-1.52573,-0.01838,-0.01838,1.52573,1.52573
6.0,0.01,10,225,0.02496,0.02496,0.03502,0.03502,-0.00671,-0.01298,1.14254,1.14254,0.01712,0.01712,0.00985,0.00985,0.01324,0.01324,-1.07393,-1.07393,0.01276,0.01276,-1.08389,-1.08389,-0.01324,-0.01324,1.07393,1.07393
6.0,0.01,10,270,0.02244,0.02244,0.0311,0.0311,-0.00011,-0.00638,1.60889,1.60889,0.02719,0.02719,0.01378,0.01378,0.01838,0.01838,-1.52573,-1.52573,-0.0,0.0,0.0,0.0,-0.0,-0.0,0.0,0.0
6.0,0.01,10,315,0.02496,0.02496,0.03502,0.03502,0.00672,0.00046,1.13296,1.13296,0.02148,0.02148,0.00962,0.00962,0.01276,0.01276,-1.08389,-1.08389,-0.01276,-0.01276,1.08389,1.08389,0.01324,0.01324,-1.07393,-1.07393
6.0,0.01,12.5,0,0.0281,0.0281,0.03882,0.03882,0.01211,0.00585,0.0,0.0,0.0,0.0,-0.0,-0.0,-0.0,-0.0,-0.0,-0.0,-0.02306,-0.02306,1.9019,1.9019,0.02306,0.02306,-1.9019,-1.9019
6.0,0.01,12.5,45,0.03124,0.03124,0.04382,0.04382,0.00844,0.00217,-1.41084,-1.41084,-0.0275,-0.0275,-0.01204,-0.01204,-0.01594,-0.01594,1.35272,1.35272,-0.01669,-0.01669,1.3372,1.3372,0.01594,0.01594,-1.35272,-1.35272
6.0,0.01,12.5,90,0.0281,0.0281,0.03882,0.03882,-0.00018,-0.00644,-2.00553,-2.00553,-0.03386,-0.03386,-0.01731,-0.01731,-0.02306,-0.02306,1.9019,1.9019,-0.0,0.0,0.0,0.0,-0.0,-0.0,0.0,0.0
6.0,0.01,12.5,135,0.03124,0.03124,0.04382,0.04382,-0.00842,-0.01469,-1.42577,-1.42577,-0.02067,-0.02067,-0.01241,-0.01241,-0.01669,-0.01669,1.3372,1.3372,0.01669,0.01669,-1.3372,-1.3372,-0.01594,-0.01594,1.35272,1.35272
6.0,0.01,12.5,180,0.0281,0.0281,0.03882,0.03882,-0.01173,-0.018,-0.0,0.0,0.0,-0.0,0.0,-0.0,-0.0,0.0,-0.0,-0.0,0.02306,0.02306,-1.9019,-1.9019,-0.02306,-0.02306,1.9019,1.9019
6.0,0.01,12.5,225,0.03124,0.03124,0.04382,0.04382,-0.00842,-0.01469,1.42577,1.42577,0.02067,0.02067,0.01241,0.01241,0.01669,0.01669,-1.3372,-1.3372,0.01594,0.01594,-1.35272,-1.35272,-0.01669,-0.01669,1.3372,1.3372
6.0,0.01,12.5,270,0.0281,0.0281,0.03882,0.03882,-0.00018,-0.00644,2.00553,2.00553,0.03386,0.03386,0.01731,0.01731,0.02306,0.02306,-1.9019,-1.9019,-0.0,0.0,0.0,0.0,-0.0,0.0,0.0,0.0
6.0,0.01,12.5,315,0.03124,0.03124,0.04382,0.04382,0.00844,0.00217,1.41084,1.41084,0.0275,0.0275,0.01204,0.01204,0.01594,0.01594,-1.35272,-1.35272,-0.01594,-0.01594,1.35272,1.35272,0.01669,0.01669,-1.3372,-1.3372
6.0,0.01,15,0,0.03379,0.03379,0.04645,0.04645,0.01464,0.00838,-0.0,-0.0,0.0,0.0,-0.0,-0.0,-0.0,0.0,-0.0,-0.0,-0.02781,-0.02781,2.27457,2.27457,0.02781,0.02781,-2.27457,-2.27457
6.0,0.01,15,45,0.03754,0.03754,0.05255,0.05255,0.01017,0.0039,-1.68556,-1.68556,-0.03376,-0.03376,-0.01447,-0.01447,-0.01914,-0.01914,1.6197,1.6197,-0.02022,-0.02022,1.59743,1.59743,0.01914,0.01914,-1.6197,-1.6197
6.0,0.01,15,90,0.03379,0.03379,0.04645,0.04645,-0.00025,-0.00652,-2.39845,-2.39845,-0.04044,-0.04044,-0.02089,-0.02089,-0.02781,-0.02781,2.27457,2.27457,-0.0,0.0,0.0,0.0,-0.0,-0.0,0.0,0.0
6.0,0.01,15,135,0.03754,0.03754,0.05255,0.05255,-0.01015,-0.01642,-1.70698,-1.70698,-0.02393,-0.02393,-0.01501,-0.01501,-0.02022,-0.02022,1.59743,1.59743,0.02022,0.02022,-1.59743,-1.59743,-0.01914,-0.01914,1.6197,1.6197
6.0,0.01,15,180,0.03379,0.03379,0.04645,0.04645,-0.0141,-0.02037,-0.0,-0.0,0.0,0.0,0.0,-0.0,-0.0,-0.0,-0.0,0.0,0.02781,0.02781,-2.27457,-2.27457,-0.02781,-0.02781,2.27457,2.27457
6.0,0.01,15,225,0.03754,0.03754,0.05255,0.05255,-0.01015,-0.01642,1.70698,1.70698,0.02393,0.02393,0.01501,0.01501,0.02022,0.02022,-1.59743,-1.59743,0.01914,0.01914,-1.6197,-1.6197,-0.02022,-0.02022,1.59743,1.59743
6.0,0.01,15,270,0.03379,0.03379,0.04645,0.04645,-0.00025,-0.00652,2.39845,2.39845,0.04044,0.04044,0.02089,0.02089,0.02781,0.02781,-2.27457,-2.27457,-0.0,0.0,0.0,0.0,-0.0,-0.0,0.0,0.0
6.0,0.01,15,315,0.03754,0.03754,0.05255,0.05255,0.01017,0.0039,1.68556,1.68556,0.03376,0.03376,0.01447,0.01447,0.01914,0.01914,-1.6197,-1.6197,-0.01914,-0.01914,1.6197,1.6197,0.02022,0.02022,-1.59743,-1.59743
6.0,0.01,20,0,0.04526,0.04526,0.06132,0.06132,0.01988,0.01361,-0.0,0.0,0.0,0.0,0.0,-0.0,-0.0,0.0,-0.0,0.0,-0.03756,-0.03756,3.00668,3.00668,0.03756,0.03756,-3.00668,-3.00668
6.0,0.01,20,45,0.05021,0.05021,0.06969,0.06969,0.01372,0.00745,-2.22354,-2.22354,-0.047,-0.047,-0.01941,-0.01941,-0.02562,-0.02562,2.14612,2.14612,-0.02755,-0.02755,2.10689,2.10689,0.02562,0.02562,-2.14612,-2.14612
6.0,0.01,20,90,0.04526,0.04526,0.06132,0.06132,-0.00046,-0.00673,-3.17023,-3.17023,-0.05328,-0.05328,-0.02826,-0.02826,-0.03756,-0.03756,3.00668,3.00668,-0.0,0.0,0.0,0.0,-0.0,-0.0,0.0,0.0
6.0,0.01,20,135,0.05021,0.05021,0.06969,0.06969,-0.0137,-0.01996,-2.26128,-2.26128,-0.0295,-0.0295,-0.02042,-0.02042,-0.02755,-0.02755,2.10689,2.10689,0.02755,0.02755,-2.10689,-2.10689,-0.02562,-0.02562,2.14612,2.14612
6.0,0.01,20,180,0.04526,0.04526,0.06132,0.06132,-0.01892,-0.02518,-0.0,-0.0,0.0,-0.0,0.0,-0.0,-0.0,-0.0,-0.0,0.0,0.03756,0.03756,-3.00668,-3.00668,-0.03756,-0.03756,3.00668,3.00668
6.0,0.01,20,225,0.05021,0.05021,0.06969,0.06969,-0.0137,-0.01996,2.26128,2.26128,0.0295,0.0295,0.02042,0.02042,0.02755,0.02755,-2.10689,-2.10689,0.02562,0.02562,-2.14612,-2.14612,-0.02755,-0.02755,2.10689,2.10689
6.0,0.01,20,270,0.04526,0.04526,0.06132,0.06132,-0.00046,-0.00673,3.17023,3.17023,0.05328,0.05328,0.02826,0.02826,0.03756,0.03756,-3.00668,-3.00668,-0.0,0.0,0.0,0.0,-0.0,-0.0,0.0,0.0
6.0,0.01,20,315,0.05021,0.05021,0.06969,0.06969,0.01372,0.00745,2.22354,2.22354,0.047,0.047,0.01941,0.01941,0.02562,0.02562,-2.14612,-2.14612,-0.02562,-0.02562,2.14612,2.14612,0.02755,0.02755,-2.10689,-2.10689
6.0,0.01,25,0,0.05689,0.05689,0.07543,0.07543,0.02538,0.01912,-0.0,0.0,0.0,0.0,0.0,-0.0,-0.0,0.0,-0.0,0.0,-0.04777,-0.04777,3.7166,3.7166,0.04777,0.04777,-3.7166,-3.7166
6.0,0.01,25,45,0.06304,0.06304,0.08609,0.08609,0.01741,0.01114,-2.74297,-2.74297,-0.06117,-0.06117,-0.0245,-0.0245,-0.03231,-0.03231,2.65921,2.65921,-0.03535,-0.03535,2.59861,2.59861,0.03231,0.03231,-2.65921,-2.65921
6.0,0.01,25,90,0.05689,0.05689,0.07543,0.07543,-0.00073,-0.007,-3.91848,-3.91848,-0.06556,-0.06556,-0.03602,-0.03602,-0.04777,-0.04777,3.7166,3.7166,-0.0,0.0,0.0,0.0,-0.0,-0.0,0.0,0.0
6.0,0.01,25,135,0.06304,0.06304,0.08609,0.08609,-0.0174,-0.02367,-2.8013,-2.8013,-0.03378,-0.03378,-0.02618,-0.02618,-0.03535,-0.03535,2.59861,2.59861,0.03535,0.03535,-2.59861,-2.59861,-0.03231,-0.03231,2.65921,2.65921
6.0,0.01,25,180,0.05689,0.05689,0.07543,0.07543,-0.0239,-0.03016,0.0,0.0,-0.0,-0.0,0.0,0.0,-0.0,-0.0,0.0,0.0,0.04777,0.04777,-3.7166,-3.7166,-0.04777,-0.04777,3.7166,3.7166
6.0,0.01,25,225,0.06304,0.06304,0.08609,0.08609,-0.0174,-0.02367,2.8013,2.8013,0.03378,0.03378,0.02618,0.02618,0.03535,0.03535,-2.59861,-2.59861,0.03231,0.03231,-2.65921,-2.65921,-0.03535,-0.03535,2.59861,2.59861
6.0,0.01,25,270,0.05689,0.05689,0.07543,0.07543,-0.00073,-0.007,3.91848,3.91848,0.06556,0.06556,0.03602,0.03602,0.04777,0.04777,-3.7166,-3.7166,-0.0,0.0,0.0,0.0,-0.0,-0.0,0.0,0.0
6.0,0.01,25,315,0.06304,0.06304,0.08609,0.08609,0.01741,0.01114,2.74297,2.74297,0.06117,0.06117,0.0245,0.0245,0.03231,0.03231,-2.65921,-2.65921,-0.03231,-0.03231,2.65921,2.65921,0.03535,0.03535,-2.59861,-2.59861
6.0,0.01,30,0,0.06876,0.06876,0.0885,0.0885,0.03125,0.02498,-0.0,-0.0,0.0,0.0,-0.0,-0.0,-0.0,0.0,-0.0,0.0,-0.05862,-0.05862,4.39902,4.39902,0.05862,0.05862,-4.39902,-4.39902
6.0,0.01,30,45,0.07609,0.07609,0.10139,0.10139,0.02131,0.01504,-3.24002,-3.24002,-0.07625,-0.07625,-0.02979,-0.02979,-0.03933,-0.03933,3.15509,3.15509,-0.04375,-0.04375,3.06898,3.06898,0.03933,0.03933,-3.15509,-3.15509
6.0,0.01,30,90,0.06876,0.06876,0.0885,0.0885,-0.00109,-0.00735,-4.63756,-4.63756,-0.07714,-0.07714,-0.04432,-0.04432,-0.05862,-0.05862,4.39902,4.39902,-0.0,0.0,0.0,0.0,-0.0,-0.0,0.0,0.0
6.0,0.01,30,135,0.07609,0.07609,0.10139,0.10139,-0.02133,-0.0276,-3.32296,-3.32296,-0.03668,-0.03668,-0.03242,-0.03242,-0.04375,-0.04375,3.06898,3.06898,0.04375,0.04375,-3.06898,-3.06898,-0.03933,-0.03933,3.15509,3.15509
6.0,0.01,30,180,0.06876,0.06876,0.0885,0.0885,-0.02914,-0.0354,-0.0,-0.0,0.0,0.0,-0.0,-0.0,-0.0,-0.0,-0.0,0.0,0.05862,0.05862,-4.39902,-4.39902,-0.05862,-0.05862,4.39902,4.39902
6.0,0.01,30,225,0.07609,0.07609,0.10139,0.10139,-0.02133,-0.0276,3.32296,3.32296,0.03668,0.03668,0.03242,0.03242,0.04375,0.04375,-3.06898,-3.06898,0.03933,0.03933,-3.15509,-3.15509,-0.04375,-0.04375,3.06898,3.06898
6.0,0.01,30,270,0.06876,0.06876,0.0885,0.0885,-0.00109,-0.00735,4.63756,4.63756,0.07714,0.07714,0.04432,0.04432,0.05862,0.05862,-4.39902,-4.39902,-0.0,0.0,0.0,0.0,-0.0,-0.0,0.0,0.0
6.0,0.01,30,315,0.07609,0.07609,0.10139,0.10139,0.02131,0.01504,3.24002,3.24002,0.07625,0.07625,0.02979,0.02979,0.03933,0.03933,-3.15509,-3.15509,-0.03933,-0.03933,3.15509,3.15509,0.04375,0.04375,-3.06898,-3.06898
6.0,0.02,0,0,0.0,0.0,0.0,0.0,0.0,-0.01253,0.0,0.0,0.0,-0.0,0.0,0.0,0.0,0.0,0.0,0.0,0.0,0.0,0.0,-0.0,0.0,0.0,0.0,-0.0
6.0,0.02,0,45,0.0,0.0,0.0,0.0,0.0,-0.01253,0.0,0.0,0.0,-0.0,0.0,0.0,0.0,0.0,0.0,0.0,0.0,0.0,0.0,-0.0,0.0,0.0,0.0,-0.0
6.0,0.02,0,90,0.0,0.0,0.0,0.0,0.0,-0.01253,0.0,0.0,0.0,-0.0,0.0,0.0,0.0,0.0,0.0,0.0,0.0,0.0,0.0,-0.0,0.0,0.0,0.0,-0.0
6.0,0.02,0,135,0.0,0.0,0.0,0.0,0.0,-0.01253,0.0,0.0,0.0,-0.0,0.0,0.0,0.0,0.0,0.0,0.0,0.0,0.0,0.0,-0.0,0.0,0.0,0.0,-0.0
6.0,0.02,0,180,0.0,0.0,0.0,0.0,0.0,-0.01253,0.0,0.0,0.0,-0.0,0.0,0.0,0.0,0.0,0.0,0.0,0.0,0.0,0.0,-0.0,0.0,0.0,0.0,-0.0
6.0,0.02,0,225,0.0,0.0,0.0,0.0,0.0,-0.01253,0.0,0.0,0.0,-0.0,0.0,0.0,0.0,0.0,0.0,0.0,0.0,0.0,0.0,-0.0,0.0,0.0,0.0,-0.0
6.0,0.02,0,270,0.0,0.0,0.0,0.0,0.0,-0.01253,0.0,0.0,0.0,-0.0,0.0,0.0,0.0,0.0,0.0,0.0,0.0,0.0,0.0,-0.0,0.0,0.0,0.0,-0.0
6.0,0.02,0,315,0.0,0.0,0.0,0.0,0.0,-0.01253,0.0,0.0,0.0,-0.0,0.0,0.0,0.0,0.0,0.0,0.0,0.0,0.0,0.0,-0.0,0.0,0.0,0.0,-0.0
6.0,0.02,2.5,0,0.00768,0.00768,0.00776,0.00776,0.00411,-0.00843,-0.0,-0.0,0.0,0.0,-0.0,-0.0,-0.0,0.0,-0.0,0.0,-0.00812,-0.00812,0.38319,0.38319,0.00812,0.00812,-0.38319,-0.38319
6.0,0.02,2.5,45,0.00856,0.00856,0.00868,0.00868,0.0029,-0.00964,-0.28537,-0.28537,-0.00462,-0.00462,-0.0046,-0.0046,-0.00571,-0.00571,0.27136,0.27136,-0.00577,-0.00577,0.27055,0.27055,0.00571,0.00571,-0.27136,-0.27136
6.0,0.02,2.5,90,0.00768,0.00768,0.00776,0.00776,-1e-05,-0.01255,-0.40412,-0.40412,-0.00621,-0.00621,-0.00655,-0.00655,-0.00812,-0.00812,0.38319,0.38319,0.0,0.0,0.0,0.0,-0.0,-0.0,0.0,0.0
6.0,0.02,2.5,135,0.00856,0.00856,0.00868,0.00868,-0.00289,-0.01543,-0.28615,-0.28615,-0.00417,-0.00417,-0.00466,-0.00466,-0.00577,-0.00577,0.27055,0.27055,0.00577,0.00577,-0.27055,-0.27055,-0.00571,-0.00571,0.27136,0.27136
6.0,0.02,2.5,180,0.00768,0.00768,0.00776,0.00776,-0.00408,-0.01661,-0.0,0.0,0.0,0.0,-0.0,-0.0,-0.0,-0.0,-0.0,0.0,0.00812,0.00812,-0.38319,-0.38319,-0.00812,-0.00812,0.38319,0.38319
6.0,0.02,2.5,225,0.00856,0.00856,0.00868,0.00868,-0.00289,-0.01543,0.28615,0.28615,0.00417,0.00417,0.00466,0.00466,0.00577,0.00577,-0.27055,-0.27055,0.00571,0.00571,-0.27136,-0.27136,-0.00577,-0.00577,0.27055,0.27055
6.0,0.02,2.5,270,0.00768,0.00768,0.00776,0.00776,-1e-05,-0.01255,0.40412,0.40412,0.00621,0.00621,0.00655,0.00655,0.00812,0.00812,-0.38319,-0.38319,0.0,0.0,0.0,-0.0,-0.0,-0.0,0.0,-0.0
6.0,0.02,2.5,315,0.00856,0.00856,0.00868,0.00868,0.0029,-0.00964,0.28537,0.28537,0.00462,0.00462,0.0046,0.0046,0.00571,0.00571,-0.27136,-0.27136,-0.00571,-0.00571,0.27136,0.27136,0.00577,0.00577,-0.27055,-0.27055
6.0,0.02,5,0,0.0154,0.0154,0.01556,0.01556,0.00825,-0.00428,-0.0,0.0,0.0,0.0,-0.0,-0.0,-0.0,0.0,-0.0,0.0,-0.01626,-0.01626,0.76567,0.76567,0.01626,0.01626,-0.76567,-0.76567
6.0,0.02,5,45,0.01715,0.01715,0.01744,0.01744,0.0058,-0.00673,-0.56943,-0.56943,-0.00968,-0.00968,-0.00914,-0.00914,-0.01139,-0.01139,0.54304,0.54304,-0.0116,-0.0116,0.5398,0.5398,0.01139,0.01139,-0.54304,-0.54304
6.0,0.02,5,90,0.0154,0.0154,0.01556,0.01556,-5e-05,-0.01258,-0.8075,-0.8075,-0.0124,-0.0124,-0.01312,-0.01312,-0.01626,-0.01626,0.76567,0.76567,0.0,0.0,0.0,-0.0,-0.0,-0.0,0.0,0.0
6.0,0.02,5,135,0.01715,0.01715,0.01744,0.01744,-0.0058,-0.01833,-0.57257,-0.57257,-0.00789,-0.00789,-0.0094,-0.0094,-0.0116,-0.0116,0.5398,0.5398,0.0116,0.0116,-0.5398,-0.5398,-0.01139,-0.01139,0.54304,0.54304
6.0,0.02,5,180,0.0154,0.0154,0.01556,0.01556,-0.00815,-0.02068,-0.0,-0.0,-0.0,-0.0,0.0,0.0,-0.0,0.0,-0.0,0.0,0.01626,0.01626,-0.76567,-0.76567,-0.01626,-0.01626,0.76567,0.76567
6.0,0.02,5,225,0.01715,0.01715,0.01744,0.01744,-0.0058,-0.01833,0.57257,0.57257,0.00789,0.00789,0.0094,0.0094,0.0116,0.0116,-0.5398,-0.5398,0.01139,0.01139,-0.54304,-0.54304,-0.0116,-0.0116,0.5398,0.5398
6.0,0.02,5,270,0.0154,0.0154,0.01556,0.01556,-5e-05,-0.01258,0.8075,0.8075,0.0124,0.0124,0.01312,0.01312,0.01626,0.01626,-0.76567,-0.76567,0.0,0.0,0.0,0.0,-0.0,-0.0,0.0,0.0
6.0,0.02,5,315,0.01715,0.01715,0.01744,0.01744,0.0058,-0.00673,0.56943,0.56943,0.00968,0.00968,0.00914,0.00914,0.01139,0.01139,-0.54304,-0.54304,-0.01139,-0.01139,0.54304,0.54304,0.0116,0.0116,-0.5398,-0.5398
6.0,0.02,7.5,0,0.02316,0.02316,0.02337,0.02337,0.01245,-8e-05,-0.0,0.0,0.0,0.0,-0.0,-0.0,-0.0,0.0,-0.0,0.0,-0.02445,-0.02445,1.14675,1.14675,0.02445,0.02445,-1.14675,-1.14675
6.0,0.02,7.5,45,0.02577,0.02577,0.02625,0.02625,0.00872,-0.00381,-0.85168,-0.85168,-0.01519,-0.01519,-0.01363,-0.01363,-0.01705,-0.01705,0.81454,0.81454,-0.01753,-0.01753,0.80727,0.80727,0.01705,0.01705,-0.81454,-0.81454
6.0,0.02,7.5,90,0.02316,0.02316,0.02337,0.02337,-0.00011,-0.01265,-1.20938,-1.20938,-0.01856,-0.01856,-0.01973,-0.01973,-0.02445,-0.02445,1.14675,1.14675,0.0,0.0,0.0,0.0,-0.0,-0.0,0.0,0.0
6.0,0.02,7.5,135,0.02577,0.02577,0.02625,0.02625,-0.00872,-0.02125,-0.85873,-0.85873,-0.01116,-0.01116,-0.01423,-0.01423,-0.01753,-0.01753,0.80727,0.80727,0.01753,0.01753,-0.80727,-0.80727,-0.01705,-0.01705,0.81454,0.81454
6.0,0.02,7.5,180,0.02316,0.02316,0.02337,0.02337,-0.01221,-0.02475,-0.0,0.0,0.0,0.0,-0.0,-0.0,-0.0,0.0,-0.0,0.0,0.02445,0.02445,-1.14675,-1.14675,-0.02445,-0.02445,1.14675,1.14675
6.0,0.02,7.5,225,0.02577,0.02577,0.02625,0.02625,-0.00872,-0.02125,0.85873,0.85873,0.01116,0.01116,0.01423,0.01423,0.01753,0.01753,-0.80727,-0.80727,0.01705,0.01705,-0.81454,-0.81454,-0.01753,-0.01753,0.80727,0.80727
6.0,0.02,7.5,270,0.02316,0.02316,0.02337,0.02337,-0.00011,-0.01265,1.20938,1.20938,0.01856,0.01856,0.01973,0.01973,0.02445,0.02445,-1.14675,-1.14675,0.0,0.0,0.0,0.0,-0.0,-0.0,0.0,0.0
6.0,0.02,7.5,315,0.02577,0.02577,0.02625,0.02625,0.00872,-0.00381,0.85168,0.85168,0.01519,0.01519,0.01363,0.01363,0.01705,0.01705,-0.81454,-0.81454,-0.01705,-0.01705,0.81454,0.81454,0.01753,0.01753,-0.80727,-0.80727
6.0,0.02,10,0,0.03097,0.03097,0.03116,0.03116,0.01672,0.00418,-0.0,0.0,0.0,0.0,-0.0,-0.0,-0.0,0.0,-0.0,0.0,-0.03272,-0.03272,1.52573,1.52573,0.03272,0.03272,-1.52573,-1.52573
6.0,0.02,10,45,0.03444,0.03444,0.03508,0.03508,0.01168,-0.00086,-1.13159,-1.13159,-0.02114,-0.02114,-0.01809,-0.01809,-0.02271,-0.02271,1.08536,1.08536,-0.02358,-0.02358,1.07246,1.07246,0.02271,0.02271,-1.08536,-1.08536
6.0,0.02,10,90,0.03097,0.03097,0.03116,0.03116,-0.0002,-0.01273,-1.60903,-1.60903,-0.02465,-0.02465,-0.02639,-0.02639,-0.03272,-0.03272,1.52573,1.52573,0.0,0.0,0.0,0.0,-0.0,-0.0,0.0,0.0
6.0,0.02,10,135,0.03444,0.03444,0.03508,0.03508,-0.01166,-0.02419,-1.14411,-1.14411,-0.01397,-0.01397,-0.01917,-0.01917,-0.02358,-0.02358,1.07246,1.07246,0.02358,0.02358,-1.07246,-1.07246,-0.02271,-0.02271,1.08536,1.08536
6.0,0.02,10,180,0.03097,0.03097,0.03116,0.03116,-0.01629,-0.02882,-0.0,-0.0,0.0,0.0,-0.0,-0.0,-0.0,0.0,-0.0,0.0,0.03272,0.03272,-1.52573,-1.52573,-0.03272,-0.03272,1.52573,1.52573
6.0,0.02,10,225,0.03444,0.03444,0.03508,0.03508,-0.01166,-0.02419,1.14411,1.14411,0.01397,0.01397,0.01917,0.01917,0.02358,0.02358,-1.07246,-1.07246,0.02271,0.02271,-1.08536,-1.08536,-0.02358,-0.02358,1.07246,1.07246
6.0,0.02,10,270,0.03097,0.03097,0.03116,0.03116,-0.0002,-0.01273,1.60903,1.60903,0.02465,0.02465,0.02639,0.02639,0.03272,0.03272,-1.52573,-1.52573,0.0,0.0,0.0,0.0,-0.0,-0.0,0.0,0.0
6.0,0.02,10,315,0.03444,0.03444,0.03508,0.03508,0.01168,-0.00086,1.13159,1.13159,0.02114,0.02114,0.01809,0.01809,0.02271,0.02271,-1.08536,-1.08536,-0.02271,-0.02271,1.08536,1.08536,0.02358,0.02358,-1.07246,-1.07246
6.0,0.02,12.5,0,0.03885,0.03885,0.03889,0.03889,0.02106,0.00853,-0.0,0.0,0.0,0.0,-0.0,-0.0,-0.0,-0.0,-0.0,-0.0,-0.0411,-0.0411,1.9019,1.9019,0.0411,0.0411,-1.9019,-1.9019
6.0,0.02,12.5,45,0.04317,0.04317,0.04389,0.04389,0.01466,0.00213,-1.40866,-1.40866,-0.02754,-0.02754,-0.02251,-0.02251,-0.0284,-0.0284,1.35502,1.35502,-0.02975,-0.02975,1.3349,1.3349,0.0284,0.0284,-1.35502,-1.35502
6.0,0.02,12.5,90,0.03885,0.03885,0.03889,0.03889,-0.00031,-0.01285,-2.00569,-2.00569,-0.03066,-0.03066,-0.03314,-0.03314,-0.0411,-0.0411,1.9019,1.9019,0.0,0.0,0.0,0.0,-0.0,-0.0,0.0,0.0
6.0,0.02,12.5,135,0.04317,0.04317,0.04389,0.04389,-0.01464,-0.02717,-1.42819,-1.42819,-0.01632,-0.01632,-0.02422,-0.02422,-0.02975,-0.02975,1.3349,1.3349,0.02975,0.02975,-1.3349,-1.3349,-0.0284,-0.0284,1.35502,1.35502
6.0,0.02,12.5,180,0.03885,0.03885,0.03889,0.03889,-0.02039,-0.03292,-0.0,0.0,0.0,0.0,-0.0,-0.0,-0.0,0.0,-0.0,-0.0,0.0411,0.0411,-1.9019,-1.9019,-0.0411,-0.0411,1.9019,1.9019
6.0,0.02,12.5,225,0.04317,0.04317,0.04389,0.04389,-0.01464,-0.02717,1.42819,1.42819,0.01632,0.01632,0.02422,0.02422,0.02975,0.02975,-1.3349,-1.3349,0.0284,0.0284,-1.35502,-1.35502,-0.02975,-0.02975,1.3349,1.3349
6.0,0.02,12.5,270,0.03885,0.03885,0.03889,0.03889,-0.00031,-0.01285,2.00569,2.00569,0.03066,0.03066,0.03314,0.03314,0.0411,0.0411,-1.9019,-1.9019,0.0,0.0,0.0,0.0,-0.0,-0.0,0.0,0.0
6.0,0.02,12.5,315,0.04317,0.04317,0.04389,0.04389,0.01466,0.00213,1.40866,1.40866,0.02754,0.02754,0.02251,0.02251,0.0284,0.0284,-1.35502,-1.35502,-0.0284,-0.0284,1.35502,1.35502,0.02975,0.02975,-1.3349,-1.3349
6.0,0.02,15,0,0.0468,0.0468,0.04653,0.04653,0.02549,0.01296,-0.0,-0.0,0.0,0.0,-0.0,-0.0,-0.0,0.0,-0.0,-0.0,-0.04962,-0.04962,2.27457,2.27457,0.04962,0.04962,-2.27457,-2.27457
6.0,0.02,15,45,0.05198,0.05198,0.05264,0.05264,0.0177,0.00516,-1.68238,-1.68238,-0.03439,-0.03439,-0.02691,-0.02691,-0.03413,-0.03413,1.62303,1.62303,-0.03608,-0.03608,1.59411,1.59411,0.03413,0.03413,-1.62303,-1.62303
6.0,0.02,15,90,0.0468,0.0468,0.04653,0.04653,-0.00045,-0.01299,-2.39864,-2.39864,-0.03658,-0.03658,-0.03999,-0.03999,-0.04962,-0.04962,2.27457,2.27457,0.0,0.0,0.0,0.0,-0.0,-0.0,0.0,0.0
6.0,0.02,15,135,0.05198,0.05198,0.05264,0.05264,-0.01767,-0.0302,-1.71045,-1.71045,-0.01819,-0.01819,-0.02941,-0.02941,-0.03608,-0.03608,1.59411,1.59411,0.03608,0.03608,-1.59411,-1.59411,-0.03413,-0.03413,1.62303,1.62303
6.0,0.02,15,180,0.0468,0.0468,0.04653,0.04653,-0.02453,-0.03707,-0.0,-0.0,0.0,0.0,-0.0,-0.0,-0.0,-0.0,-0.0,0.0,0.04962,0.04962,-2.27457,-2.27457,-0.04962,-0.04962,2.27457,2.27457
6.0,0.02,15,225,0.05198,0.05198,0.05264,0.05264,-0.01767,-0.0302,1.71045,1.71045,0.01819,0.01819,0.02941,0.02941,0.03608,0.03608,-1.59411,-1.59411,0.03413,0.03413,-1.62303,-1.62303,-0.03608,-0.03608,1.59411,1.59411
6.0,0.02,15,270,0.0468,0.0468,0.04653,0.04653,-0.00045,-0.01299,2.39864,2.39864,0.03658,0.03658,0.03999,0.03999,0.04962,0.04962,-2.27457,-2.27457,0.0,0.0,0.0,0.0,-0.0,-0.0,0.0,0.0
6.0,0.02,15,315,0.05198,0.05198,0.05264,0.05264,0.0177,0.00516,1.68238,1.68238,0.03439,0.03439,0.02691,0.02691,0.03413,0.03413,-1.62303,-1.62303,-0.03413,-0.03413,1.62303,1.62303,0.03608,0.03608,-1.59411,-1.59411
6.0,0.02,20,0,0.06301,0.06301,0.06142,0.06142,0.03471,0.02217,-0.0,0.0,0.0,0.0,-0.0,-0.0,-0.0,0.0,-0.0,0.0,-0.06719,-0.06719,3.00668,3.00668,0.06719,0.06719,-3.00668,-3.00668
6.0,0.02,20,45,0.06987,0.06987,0.0698,0.0698,0.02394,0.01141,-2.21775,-2.21775,-0.04943,-0.04943,-0.03566,-0.03566,-0.04581,-0.04581,2.15209,2.15209,-0.0493,-0.0493,2.10092,2.10092,0.04581,0.04581,-2.15209,-2.15209
6.0,0.02,20,90,0.06301,0.06301,0.06142,0.06142,-0.00083,-0.01336,-3.17046,-3.17046,-0.04803,-0.04803,-0.05409,-0.05409,-0.06719,-0.06719,3.00668,3.00668,0.0,0.0,0.0,0.0,-0.0,0.0,0.0,0.0
6.0,0.02,20,135,0.06987,0.06987,0.0698,0.0698,-0.02391,-0.03645,-2.26743,-2.26743,-0.0205,-0.0205,-0.04026,-0.04026,-0.0493,-0.0493,2.10092,2.10092,0.0493,0.0493,-2.10092,-2.10092,-0.04581,-0.04581,2.15209,2.15209
6.0,0.02,20,180,0.06301,0.06301,0.06142,0.06142,-0.03301,-0.04554,-0.0,-0.0,-0.0,-0.0,0.0,0.0,-0.0,-0.0,-0.0,0.0,0.06719,0.06719,-3.00668,-3.00668,-0.06719,-0.06719,3.00668,3.00668
6.0,0.02,20,225,0.06987,0.06987,0.0698,0.0698,-0.02391,-0.03645,2.26743,2.26743,0.0205,0.0205,0.04026,0.04026,0.0493,0.0493,-2.10092,-2.10092,0.04581,0.04581,-2.15209,-2.15209,-0.0493,-0.0493,2.10092,2.10092
6.0,0.02,20,270,0.06301,0.06301,0.06142,0.06142,-0.00083,-0.01336,3.17046,3.17046,0.04803,0.04803,0.05409,0.05409,0.06719,0.06719,-3.00668,-3.00668,0.0,0.0,0.0,0.0,-0.0,-0.0,0.0,0.0
6.0,0.02,20,315,0.06987,0.06987,0.0698,0.0698,0.02394,0.01141,2.21775,2.21775,0.04943,0.04943,0.03566,0.03566,0.04581,0.04581,-2.15209,-2.15209,-0.04581,-0.04581,2.15209,2.15209,0.0493,0.0493,-2.10092,-2.10092
6.0,0.02,25,0,0.07972,0.07972,0.07554,0.07554,0.0445,0.03196,-0.0,0.0,0.0,0.0,-0.0,-0.0,-0.0,-0.0,-0.0,0.0,-0.08575,-0.08575,3.7166,3.7166,0.08575,0.08575,-3.7166,-3.7166
6.0,0.02,25,45,0.08828,0.08828,0.08621,0.08621,0.03051,0.01797,-2.73373,-2.73373,-0.06631,-0.06631,-0.04437,-0.04437,-0.05796,-0.05796,2.66867,2.66867,-0.06348,-0.06348,2.58916,2.58916,0.05796,0.05796,-2.66867,-2.66867
6.0,0.02,25,90,0.07972,0.07972,0.07554,0.07554,-0.00132,-0.01386,-3.91872,-3.91872,-0.05884,-0.05884,-0.06889,-0.06889,-0.08575,-0.08575,3.7166,3.7166,-0.0,0.0,0.0,0.0,-0.0,0.0,0.0,0.0
6.0,0.02,25,135,0.08828,0.08828,0.08621,0.08621,-0.03051,-0.04304,-2.81097,-2.81097,-0.0208,-0.0208,-0.05192,-0.05192,-0.06348,-0.06348,2.58916,2.58916,0.06348,0.06348,-2.58916,-2.58916,-0.05796,-0.05796,2.66867,2.66867
6.0,0.02,25,180,0.07972,0.07972,0.07554,0.07554,-0.04186,-0.05439,0.0,0.0,-0.0,-0.0,0.0,0.0,-0.0,-0.0,0.0,0.0,0.08575,0.08575,-3.7166,-3.7166,-0.08575,-0.08575,3.7166,3.7166
6.0,0.02,25,225,0.08828,0.08828,0.08621,0.08621,-0.03051,-0.04304,2.81097,2.81097,0.0208,0.0208,0.05192,0.05192,0.06348,0.06348,-2.58916,-2.58916,0.05796,0.05796,-2.66867,-2.66867,-0.06348,-0.06348,2.58916,2.58916
6.0,0.02,25,270,0.07972,0.07972,0.07554,0.07554,-0.00132,-0.01386,3.91872,3.91872,0.05884,0.05884,0.06889,0.06889,0.08575,0.08575,-3.7166,-3.7166,0.0,0.0,0.0,0.0,-0.0,-0.0,0.0,0.0
6.0,0.02,25,315,0.08828,0.08828,0.08621,0.08621,0.03051,0.01797,2.73373,2.73373,0.06631,0.06631,0.04437,0.04437,0.05796,0.05796,-2.66867,-2.66867,-0.05796,-0.05796,2.66867,2.66867,0.06348,0.06348,-2.58916,-2.58916
6.0,0.02,30,0,0.09713,0.09713,0.08862,0.08862,0.05505,0.04251,-0.0,-0.0,0.0,0.0,-0.0,-0.0,-0.0,0.0,-0.0,0.0,-0.10567,-0.10567,4.39902,4.39902,0.10567,0.10567,-4.39902,-4.39902
6.0,0.02,30,45,0.1074,0.1074,0.10153,0.10153,0.03751,0.02498,-3.22643,-3.22643,-0.08511,-0.08511,-0.05309,-0.05309,-0.07083,-0.07083,3.16894,3.16894,-0.07889,-0.07889,3.05513,3.05513,0.07083,0.07083,-3.16894,-3.16894
6.0,0.02,30,90,0.09713,0.09713,0.08862,0.08862,-0.00197,-0.01451,-4.63779,-4.63779,-0.06882,-0.06882,-0.0846,-0.0846,-0.10567,-0.10567,4.39902,4.39902,-0.0,0.0,0.0,0.0,0.0,0.0,0.0,0.0
6.0,0.02,30,135,0.1074,0.1074,0.10153,0.10153,-0.03759,-0.05012,-3.33705,-3.33705,-0.01894,-0.01894,-0.06458,-0.06458,-0.07889,-0.07889,3.05513,3.05513,0.07889,0.07889,-3.05513,-3.05513,-0.07083,-0.07083,3.16894,3.16894
6.0,0.02,30,180,0.09713,0.09713,0.08862,0.08862,-0.05128,-0.06381,-0.0,-0.0,0.0,-0.0,-0.0,-0.0,-0.0,-0.0,-0.0,0.0,0.10567,0.10567,-4.39902,-4.39902,-0.10567,-0.10567,4.39902,4.39902
6.0,0.02,30,225,0.1074,0.1074,0.10153,0.10153,-0.03759,-0.05012,3.33705,3.33705,0.01894,0.01894,0.06458,0.06458,0.07889,0.07889,-3.05513,-3.05513,0.07083,0.07083,-3.16894,-3.16894,-0.07889,-0.07889,3.05513,3.05513
6.0,0.02,30,270,0.09713,0.09713,0.08862,0.08862,-0.00197,-0.01451,4.63779,4.63779,0.06882,0.06882,0.0846,0.0846,0.10567,0.10567,-4.39902,-4.39902,0.0,0.0,0.0,0.0,-0.0,-0.0,0.0,0.0
6.0,0.02,30,315,0.1074,0.1074,0.10153,0.10153,0.03751,0.02498,3.22643,3.22643,0.08511,0.08511,0.05309,0.05309,0.07083,0.07083,-3.16894,-3.16894,-0.07083,-0.07083,3.16894,3.16894,0.07889,0.07889,-3.05513,-3.05513
6.0,0.03,0,0,0.0,0.0,0.0,0.0,0.0,-0.0188,0.0,0.0,0.0,-0.0,0.0,0.0,0.0,-0.0,0.0,0.0,0.0,0.0,0.0,-0.0,0.0,0.0,0.0,-0.0
6.0,0.03,0,45,0.0,0.0,0.0,0.0,0.0,-0.0188,0.0,0.0,0.0,-0.0,0.0,0.0,0.0,-0.0,0.0,0.0,0.0,0.0,0.0,-0.0,0.0,0.0,0.0,-0.0
6.0,0.03,0,90,0.0,0.0,0.0,0.0,0.0,-0.0188,0.0,0.0,0.0,-0.0,0.0,0.0,0.0,-0.0,0.0,0.0,0.0,0.0,0.0,-0.0,0.0,0.0,0.0,-0.0
6.0,0.03,0,135,0.0,0.0,0.0,0.0,0.0,-0.0188,0.0,0.0,0.0,-0.0,0.0,0.0,0.0,-0.0,0.0,0.0,0.0,0.0,0.0,-0.0,0.0,0.0,0.0,-0.0
6.0,0.03,0,180,0.0,0.0,0.0,0.0,0.0,-0.0188,0.0,0.0,0.0,-0.0,0.0,0.0,0.0,-0.0,0.0,0.0,0.0,0.0,0.0,-0.0,0.0,0.0,0.0,-0.0
6.0,0.03,0,225,0.0,0.0,0.0,0.0,0.0,-0.0188,0.0,0.0,0.0,-0.0,0.0,0.0,0.0,-0.0,0.0,0.0,0.0,0.0,0.0,-0.0,0.0,0.0,0.0,-0.0
6.0,0.03,0,270,0.0,0.0,0.0,0.0,0.0,-0.0188,0.0,0.0,0.0,-0.0,0.0,0.0,0.0,-0.0,0.0,0.0,0.0,0.0,0.0,-0.0,0.0,0.0,0.0,-0.0
6.0,0.03,0,315,0.0,0.0,0.0,0.0,0.0,-0.0188,0.0,0.0,0.0,-0.0,0.0,0.0,0.0,-0.0,0.0,0.0,0.0,0.0,0.0,-0.0,0.0,0.0,0.0,-0.0
6.0,0.03,2.5,0,0.00978,0.00978,0.00778,0.00778,0.00585,-0.01295,-0.0,-0.0,0.0,0.0,-0.0,-0.0,0.0,0.0,-0.0,0.0,-0.01167,-0.01167,0.38319,0.38319,0.01167,0.01167,-0.38319,-0.38319
6.0,0.03,2.5,45,0.0109,0.0109,0.00869,0.00869,0.00412,-0.01468,-0.2853,-0.2853,-0.00426,-0.00426,-0.00687,-0.00687,-0.00821,-0.00821,0.27145,0.27145,-0.00829,-0.00829,0.27046,0.27046,0.00821,0.00821,-0.27145,-0.27145
6.0,0.03,2.5,90,0.00978,0.00978,0.00778,0.00778,-2e-05,-0.01882,-0.40416,-0.40416,-0.00558,-0.00558,-0.00983,-0.00983,-0.01167,-0.01167,0.38319,0.38319,-0.0,0.0,0.0,0.0,-0.0,-0.0,0.0,0.0
6.0,0.03,2.5,135,0.0109,0.0109,0.00869,0.00869,-0.00412,-0.02292,-0.28627,-0.28627,-0.00364,-0.00364,-0.00702,-0.00702,-0.00829,-0.00829,0.27046,0.27046,0.00829,0.00829,-0.27046,-0.27046,-0.00821,-0.00821,0.27145,0.27145
6.0,0.03,2.5,180,0.00978,0.00978,0.00778,0.00778,-0.00581,-0.02461,-0.0,0.0,0.0,0.0,-0.0,-0.0,0.0,-0.0,-0.0,0.0,0.01167,0.01167,-0.38319,-0.38319,-0.01167,-0.01167,0.38319,0.38319
6.0,0.03,2.5,225,0.0109,0.0109,0.00869,0.00869,-0.00412,-0.02292,0.28627,0.28627,0.00364,0.00364,0.00702,0.00702,0.00829,0.00829,-0.27046,-0.27046,0.00821,0.00821,-0.27145,-0.27145,-0.00829,-0.00829,0.27046,0.27046
6.0,0.03,2.5,270,0.00978,0.00978,0.00778,0.00778,-2e-05,-0.01882,0.40416,0.40416,0.00558,0.00558,0.00983,0.00983,0.01167,0.01167,-0.38319,-0.38319,-0.0,0.0,0.0,-0.0,-0.0,-0.0,0.0,-0.0
6.0,0.03,2.5,315,0.0109,0.0109,0.00869,0.00869,0.00412,-0.01468,0.2853,0.2853,0.00426,0.00426,0.00687,0.00687,0.00821,0.00821,-0.27145,-0.27145,-0.00821,-0.00821,0.27145,0.27145,0.00829,0.00829,-0.27046,-0.27046
6.0,0.03,5,0,0.01962,0.01962,0.01559,0.01559,0.01175,-0.00705,-0.0,0.0,0.0,0.0,-0.0,-0.0,0.0,0.0,-0.0,0.0,-0.02338,-0.02338,0.76567,0.76567,0.02338,0.02338,-0.76567,-0.76567
6.0,0.03,5,45,0.02185,0.02185,0.01747,0.01747,0.00826,-0.01054,-0.56912,-0.56912,-0.00914,-0.00914,-0.0136,-0.0136,-0.01637,-0.01637,0.5434,0.5434,-0.01669,-0.01669,0.53944,0.53944,0.01637,0.01637,-0.5434,-0.5434
6.0,0.03,5,90,0.01962,0.01962,0.01559,0.01559,-7e-05,-0.01887,-0.80757,-0.80757,-0.01114,-0.01114,-0.01968,-0.01968,-0.02338,-0.02338,0.76567,0.76567,-0.0,0.0,0.0,-0.0,-0.0,-0.0,0.0,0.0
6.0,0.03,5,135,0.02185,0.02185,0.01747,0.01747,-0.00825,-0.02705,-0.57298,-0.57298,-0.00665,-0.00665,-0.0142,-0.0142,-0.01669,-0.01669,0.53944,0.53944,0.01669,0.01669,-0.53944,-0.53944,-0.01637,-0.01637,0.5434,0.5434
6.0,0.03,5,180,0.01962,0.01962,0.01559,0.01559,-0.0116,-0.0304,-0.0,-0.0,0.0,-0.0,-0.0,-0.0,0.0,0.0,-0.0,0.0,0.02338,0.02338,-0.76567,-0.76567,-0.02338,-0.02338,0.76567,0.76567
6.0,0.03,5,225,0.02185,0.02185,0.01747,0.01747,-0.00825,-0.02705,0.57298,0.57298,0.00665,0.00665,0.0142,0.0142,0.01669,0.01669,-0.53944,-0.53944,0.01637,0.01637,-0.5434,-0.5434,-0.01669,-0.01669,0.53944,0.53944
6.0,0.03,5,270,0.01962,0.01962,0.01559,0.01559,-7e-05,-0.01887,0.80757,0.80757,0.01114,0.01114,0.01968,0.01968,0.02338,0.02338,-0.76567,-0.76567,-0.0,0.0,0.0,0.0,-0.0,-0.0,0.0,0.0
6.0,0.03,5,315,0.02185,0.02185,0.01747,0.01747,0.00826,-0.01054,0.56912,0.56912,0.00914,0.00914,0.0136,0.0136,0.01637,0.01637,-0.5434,-0.5434,-0.01637,-0.01637,0.5434,0.5434,0.01669,0.01669,-0.53944,-0.53944
6.0,0.03,7.5,0,0.02952,0.02952,0.02341,0.02341,0.01773,-0.00107,-0.0,0.0,0.0,0.0,-0.0,-0.0,0.0,0.0,-0.0,0.0,-0.03516,-0.03516,1.14675,1.14675,0.03516,0.03516,-1.14675,-1.14675
6.0,0.03,7.5,45,0.03285,0.03285,0.0263,0.0263,0.01242,-0.00638,-0.85093,-0.85093,-0.01466,-0.01466,-0.02019,-0.02019,-0.02452,-0.02452,0.81536,0.81536,-0.02522,-0.02522,0.80644,0.80644,0.02452,0.02452,-0.81536,-0.81536
6.0,0.03,7.5,90,0.02952,0.02952,0.02341,0.02341,-0.00016,-0.01896,-1.20948,-1.20948,-0.01665,-0.01665,-0.02958,-0.02958,-0.03516,-0.03516,1.14675,1.14675,-0.0,0.0,0.0,0.0,-0.0,-0.0,0.0,0.0
6.0,0.03,7.5,135,0.03285,0.03285,0.0263,0.0263,-0.01241,-0.03121,-0.85963,-0.85963,-0.00904,-0.00904,-0.02155,-0.02155,-0.02522,-0.02522,0.80644,0.80644,0.02522,0.02522,-0.80644,-0.80644,-0.02452,-0.02452,0.81536,0.81536
6.0,0.03,7.5,180,0.02952,0.02952,0.02341,0.02341,-0.01738,-0.03619,-0.0,0.0,0.0,0.0,-0.0,-0.0,0.0,0.0,-0.0,0.0,0.03516,0.03516,-1.14675,-1.14675,-0.03516,-0.03516,1.14675,1.14675
6.0,0.03,7.5,225,0.03285,0.03285,0.0263,0.0263,-0.01241,-0.03121,0.85963,0.85963,0.00904,0.00904,0.02155,0.02155,0.02522,0.02522,-0.80644,-0.80644,0.02452,0.02452,-0.81536,-0.81536,-0.02522,-0.02522,0.80644,0.80644
6.0,0.03,7.5,270,0.02952,0.02952,0.02341,0.02341,-0.00016,-0.01896,1.20948,1.20948,0.01665,0.01665,0.02958,0.02958,0.03516,0.03516,-1.14675,-1.14675,-0.0,0.0,0.0,0.0,-0.0,-0.0,0.0,0.0
6.0,0.03,7.5,315,0.03285,0.03285,0.0263,0.0263,0.01242,-0.00638,0.85093,0.85093,0.01466,0.01466,0.02019,0.02019,0.02452,0.02452,-0.81536,-0.81536,-0.02452,-0.02452,0.81536,0.81536,0.02522,0.02522,-0.80644,-0.80644
6.0,0.03,10,0,0.0395,0.0395,0.03121,0.03121,0.02381,0.00501,-0.0,0.0,0.0,0.0,-0.0,-0.0,0.0,-0.0,-0.0,0.0,-0.04707,-0.04707,1.52573,1.52573,0.04707,0.04707,-1.52573,-1.52573
6.0,0.03,10,45,0.04393,0.04393,0.03514,0.03514,0.01663,-0.00217,-1.13022,-1.13022,-0.0208,-0.0208,-0.02665,-0.02665,-0.03267,-0.03267,1.08684,1.08684,-0.03391,-0.03391,1.07099,1.07099,0.03267,0.03267,-1.08684,-1.08684
6.0,0.03,10,90,0.0395,0.0395,0.03121,0.03121,-0.00029,-0.01909,-1.60916,-1.60916,-0.0221,-0.0221,-0.03956,-0.03956,-0.04707,-0.04707,1.52573,1.52573,-0.0,0.0,0.0,0.0,-0.0,-0.0,0.0,0.0
6.0,0.03,10,135,0.04393,0.04393,0.03514,0.03514,-0.01661,-0.03541,-1.14568,-1.14568,-0.01081,-0.01081,-0.02907,-0.02907,-0.03391,-0.03391,1.07099,1.07099,0.03391,0.03391,-1.07099,-1.07099,-0.03267,-0.03267,1.08684,1.08684
6.0,0.03,10,180,0.0395,0.0395,0.03121,0.03121,-0.02319,-0.042,-0.0,-0.0,0.0,0.0,-0.0,-0.0,0.0,0.0,-0.0,0.0,0.04707,0.04707,-1.52573,-1.52573,-0.04707,-0.04707,1.52573,1.52573
6.0,0.03,10,225,0.04393,0.04393,0.03514,0.03514,-0.01661,-0.03541,1.14568,1.14568,0.01081,0.01081,0.02907,0.02907,0.03391,0.03391,-1.07099,-1.07099,0.03267,0.03267,-1.08684,-1.08684,-0.03391,-0.03391,1.07099,1.07099
6.0,0.03,10,270,0.0395,0.0395,0.03121,0.03121,-0.00029,-0.01909,1.60916,1.60916,0.0221,0.0221,0.03956,0.03956,0.04707,0.04707,-1.52573,-1.52573,-0.0,0.0,0.0,0.0,-0.0,-0.0,0.0,0.0
6.0,0.03,10,315,0.04393,0.04393,0.03514,0.03514,0.01663,-0.00217,1.13022,1.13022,0.0208,0.0208,0.02665,0.02665,0.03267,0.03267,-1.08684,-1.08684,-0.03267,-0.03267,1.08684,1.08684,0.03391,0.03391,-1.07099,-1.07099
6.0,0.03,12.5,0,0.0496,0.0496,0.03895,0.03895,0.03001,0.01121,0.0,0.0,0.0,0.0,-0.0,-0.0,0.0,-0.0,-0.0,-0.0,-0.05914,-0.05914,1.9019,1.9019,0.05914,0.05914,-1.9019,-1.9019
6.0,0.03,12.5,45,0.05511,0.05511,0.04396,0.04396,0.02089,0.00209,-1.40647,-1.40647,-0.02758,-0.02758,-0.03297,-0.03297,-0.04086,-0.04086,1.35733,1.35733,-0.04281,-0.04281,1.33259,1.33259,0.04086,0.04086,-1.35733,-1.35733
6.0,0.03,12.5,90,0.0496,0.0496,0.03895,0.03895,-0.00045,-0.01925,-2.00585,-2.00585,-0.02746,-0.02746,-0.04965,-0.04965,-0.05914,-0.05914,1.9019,1.9019,-0.0,0.0,0.0,0.0,-0.0,-0.0,0.0,0.0
6.0,0.03,12.5,135,0.05511,0.05511,0.04396,0.04396,-0.02086,-0.03966,-1.43062,-1.43062,-0.01194,-0.01194,-0.03679,-0.03679,-0.04281,-0.04281,1.33259,1.33259,0.04281,0.04281,-1.33259,-1.33259,-0.04086,-0.04086,1.35733,1.35733
6.0,0.03,12.5,180,0.0496,0.0496,0.03895,0.03895,-0.02905,-0.04785,-0.0,0.0,0.0,0.0,-0.0,-0.0,0.0,0.0,-0.0,-0.0,0.05914,0.05914,-1.9019,-1.9019,-0.05914,-0.05914,1.9019,1.9019
6.0,0.03,12.5,225,0.05511,0.05511,0.04396,0.04396,-0.02086,-0.03966,1.43062,1.43062,0.01194,0.01194,0.03679,0.03679,0.04281,0.04281,-1.33259,-1.33259,0.04086,0.04086,-1.35733,-1.35733,-0.04281,-0.04281,1.33259,1.33259
6.0,0.03,12.5,270,0.0496,0.0496,0.03895,0.03895,-0.00045,-0.01925,2.00585,2.00585,0.02746,0.02746,0.04965,0.04965,0.05914,0.05914,-1.9019,-1.9019,-0.0,0.0,0.0,0.0,-0.0,0.0,0.0,0.0
6.0,0.03,12.5,315,0.05511,0.05511,0.04396,0.04396,0.02089,0.00209,1.40647,1.40647,0.02758,0.02758,0.03297,0.03297,0.04086,0.04086,-1.35733,-1.35733,-0.04086,-0.04086,1.35733,1.35733,0.04281,0.04281,-1.33259,-1.33259
6.0,0.03,15,0,0.05982,0.05982,0.0466,0.0466,0.03634,0.01754,-0.0,-0.0,0.0,0.0,-0.0,-0.0,0.0,0.0,-0.0,-0.0,-0.07143,-0.07143,2.27457,2.27457,0.07143,0.07143,-2.27457,-2.27457
6.0,0.03,15,45,0.06642,0.06642,0.05273,0.05273,0.02522,0.00642,-1.67918,-1.67918,-0.03502,-0.03502,-0.03916,-0.03916,-0.04912,-0.04912,1.62637,1.62637,-0.05194,-0.05194,1.59077,1.59077,0.04912,0.04912,-1.62637,-1.62637
6.0,0.03,15,90,0.05982,0.05982,0.0466,0.0466,-0.00066,-0.01946,-2.39882,-2.39882,-0.0327,-0.0327,-0.05986,-0.05986,-0.07143,-0.07143,2.27457,2.27457,-0.0,0.0,0.0,0.0,-0.0,-0.0,0.0,0.0
6.0,0.03,15,135,0.06642,0.06642,0.05273,0.05273,-0.02519,-0.04399,-1.71392,-1.71392,-0.01244,-0.01244,-0.04471,-0.04471,-0.05194,-0.05194,1.59077,1.59077,0.05194,0.05194,-1.59077,-1.59077,-0.04912,-0.04912,1.62637,1.62637
6.0,0.03,15,180,0.05982,0.05982,0.0466,0.0466,-0.03496,-0.05376,-0.0,-0.0,0.0,0.0,-0.0,-0.0,0.0,-0.0,-0.0,0.0,0.07143,0.07143,-2.27457,-2.27457,-0.07143,-0.07143,2.27457,2.27457
6.0,0.03,15,225,0.06642,0.06642,0.05273,0.05273,-0.02519,-0.04399,1.71392,1.71392,0.01244,0.01244,0.04471,0.04471,0.05194,0.05194,-1.59077,-1.59077,0.04912,0.04912,-1.62637,-1.62637,-0.05194,-0.05194,1.59077,1.59077
6.0,0.03,15,270,0.05982,0.05982,0.0466,0.0466,-0.00066,-0.01946,2.39882,2.39882,0.0327,0.0327,0.05986,0.05986,0.07143,0.07143,-2.27457,-2.27457,-0.0,0.0,0.0,0.0,-0.0,-0.0,0.0,0.0
6.0,0.03,15,315,0.06642,0.06642,0.05273,0.05273,0.02522,0.00642,1.67918,1.67918,0.03502,0.03502,0.03916,0.03916,0.04912,0.04912,-1.62637,-1.62637,-0.04912,-0.04912,1.62637,1.62637,0.05194,0.05194,-1.59077,-1.59077
6.0,0.03,20,0,0.08076,0.08076,0.06151,0.06151,0.04954,0.03074,-0.0,0.0,0.0,0.0,-0.0,-0.0,0.0,0.0,-0.0,0.0,-0.09683,-0.09683,3.00668,3.00668,0.09683,0.09683,-3.00668,-3.00668
6.0,0.03,20,45,0.08953,0.08953,0.06991,0.06991,0.03417,0.01537,-2.21194,-2.21194,-0.05187,-0.05187,-0.05113,-0.05113,-0.066,-0.066,2.15808,2.15808,-0.07106,-0.07106,2.09493,2.09493,0.066,0.066,-2.15808,-2.15808
6.0,0.03,20,90,0.08076,0.08076,0.06151,0.06151,-0.0012,-0.02,-3.17068,-3.17068,-0.04276,-0.04276,-0.08076,-0.08076,-0.09683,-0.09683,3.00668,3.00668,-0.0,0.0,0.0,0.0,-0.0,0.0,0.0,0.0
6.0,0.03,20,135,0.08953,0.08953,0.06991,0.06991,-0.03414,-0.05294,-2.2736,-2.2736,-0.01146,-0.01146,-0.06124,-0.06124,-0.07106,-0.07106,2.09493,2.09493,0.07106,0.07106,-2.09493,-2.09493,-0.066,-0.066,2.15808,2.15808
6.0,0.03,20,180,0.08076,0.08076,0.06151,0.06151,-0.0471,-0.0659,-0.0,-0.0,0.0,-0.0,-0.0,-0.0,0.0,-0.0,-0.0,0.0,0.09683,0.09683,-3.00668,-3.00668,-0.09683,-0.09683,3.00668,3.00668
6.0,0.03,20,225,0.08953,0.08953,0.06991,0.06991,-0.03414,-0.05294,2.2736,2.2736,0.01146,0.01146,0.06124,0.06124,0.07106,0.07106,-2.09493,-2.09493,0.066,0.066,-2.15808,-2.15808,-0.07106,-0.07106,2.09493,2.09493
6.0,0.03,20,270,0.08076,0.08076,0.06151,0.06151,-0.0012,-0.02,3.17068,3.17068,0.04276,0.04276,0.08076,0.08076,0.09683,0.09683,-3.00668,-3.00668,-0.0,0.0,0.0,0.0,-0.0,-0.0,0.0,0.0
6.0,0.03,20,315,0.08953,0.08953,0.06991,0.06991,0.03417,0.01537,2.21194,2.21194,0.05187,0.05187,0.05113,0.05113,0.066,0.066,-2.15808,-2.15808,-0.066,-0.066,2.15808,2.15808,0.07106,0.07106,-2.09493,-2.09493
6.0,0.03,25,0,0.10255,0.10255,0.07565,0.07565,0.06361,0.04481,-0.0,-0.0,0.0,0.0,-0.0,-0.0,0.0,-0.0,-0.0,0.0,-0.12375,-0.12375,3.7166,3.7166,0.12375,0.12375,-3.7166,-3.7166
6.0,0.03,25,45,0.11352,0.11352,0.08634,0.08634,0.04361,0.02481,-2.72447,-2.72447,-0.07147,-0.07147,-0.06254,-0.06254,-0.08361,-0.08361,2.67815,2.67815,-0.09161,-0.09161,2.57967,2.57967,0.08361,0.08361,-2.67815,-2.67815
6.0,0.03,25,90,0.10255,0.10255,0.07565,0.07565,-0.00192,-0.02072,-3.91896,-3.91896,-0.05209,-0.05209,-0.10238,-0.10238,-0.12375,-0.12375,3.7166,3.7166,-0.0,0.0,0.0,0.0,-0.0,0.0,0.0,0.0
6.0,0.03,25,135,0.11352,0.11352,0.08634,0.08634,-0.04363,-0.06243,-2.82067,-2.82067,-0.00777,-0.00777,-0.07872,-0.07872,-0.09161,-0.09161,2.57967,2.57967,0.09161,0.09161,-2.57967,-2.57967,-0.08361,-0.08361,2.67815,2.67815
6.0,0.03,25,180,0.10255,0.10255,0.07565,0.07565,-0.05982,-0.07862,0.0,0.0,-0.0,-0.0,-0.0,-0.0,-0.0,-0.0,0.0,0.0,0.12375,0.12375,-3.7166,-3.7166,-0.12375,-0.12375,3.7166,3.7166
6.0,0.03,25,225,0.11352,0.11352,0.08634,0.08634,-0.04363,-0.06243,2.82067,2.82067,0.00777,0.00777,0.07872,0.07872,0.09161,0.09161,-2.57967,-2.57967,0.08361,0.08361,-2.67815,-2.67815,-0.09161,-0.09161,2.57967,2.57967
6.0,0.03,25,270,0.10255,0.10255,0.07565,0.07565,-0.00192,-0.02072,3.91896,3.91896,0.05209,0.05209,0.10238,0.10238,0.12375,0.12375,-3.7166,-3.7166,-0.0,0.0,0.0,0.0,-0.0,-0.0,0.0,0.0
6.0,0.03,25,315,0.11352,0.11352,0.08634,0.08634,0.04361,0.02481,2.72447,2.72447,0.07147,0.07147,0.06254,0.06254,0.08361,0.08361,-2.67815,-2.67815,-0.08361,-0.08361,2.67815,2.67815,0.09161,0.09161,-2.57967,-2.57967
6.0,0.03,30,0,0.12551,0.12551,0.08874,0.08874,0.07884,0.06004,-0.0,-0.0,0.0,0.0,-0.0,-0.0,0.0,0.0,-0.0,0.0,-0.15275,-0.15275,4.39902,4.39902,0.15275,0.15275,-4.39902,-4.39902
6.0,0.03,30,45,0.13873,0.13873,0.10168,0.10168,0.05373,0.03493,-3.21278,-3.21278,-0.094,-0.094,-0.07333,-0.07333,-0.10235,-0.10235,3.18284,3.18284,-0.11404,-0.11404,3.04124,3.04124,0.10235,0.10235,-3.18284,-3.18284
6.0,0.03,30,90,0.12551,0.12551,0.08874,0.08874,-0.00287,-0.02167,-4.63802,-4.63802,-0.06047,-0.06047,-0.12468,-0.12468,-0.15275,-0.15275,4.39902,4.39902,-0.0,-0.0,0.0,0.0,-0.0,0.0,0.0,0.0
6.0,0.03,30,135,0.13873,0.13873,0.10168,0.10168,-0.05387,-0.07267,-3.35119,-3.35119,-0.00114,-0.00114,-0.0971,-0.0971,-0.11404,-0.11404,3.04124,3.04124,0.11404,0.11404,-3.04124,-3.04124,-0.10235,-0.10235,3.18284,3.18284
6.0,0.03,30,180,0.12551,0.12551,0.08874,0.08874,-0.07342,-0.09222,-0.0,-0.0,0.0,0.0,-0.0,-0.0,0.0,0.0,-0.0,0.0,0.15275,0.15275,-4.39902,-4.39902,-0.15275,-0.15275,4.39902,4.39902
6.0,0.03,30,225,0.13873,0.13873,0.10168,0.10168,-0.05387,-0.07267,3.35119,3.35119,0.00114,0.00114,0.0971,0.0971,0.11404,0.11404,-3.04124,-3.04124,0.10235,0.10235,-3.18284,-3.18284,-0.11404,-0.11404,3.04124,3.04124
6.0,0.03,30,270,0.12551,0.12551,0.08874,0.08874,-0.00287,-0.02167,4.63802,4.63802,0.06047,0.06047,0.12468,0.12468,0.15275,0.15275,-4.39902,-4.39902,-0.0,0.0,0.0,0.0,-0.0,-0.0,0.0,0.0
6.0,0.03,30,315,0.13873,0.13873,0.10168,0.10168,0.05373,0.03493,3.21278,3.21278,0.094,0.094,0.07333,0.07333,0.10235,0.10235,-3.18284,-3.18284,-0.10235,-0.10235,3.18284,3.18284,0.11404,0.11404,-3.04124,-3.04124
15.0,0.01,0,0,0.0,0.0,0.0,0.0,0.0,-0.00251,0.0,0.0,0.0,0.0,0.0,-0.0,0.0,0.0,0.0,0.0,0.0,0.0,0.0,-0.0,0.0,-0.0,0.0,-0.0
15.0,0.01,0,45,0.0,0.0,0.0,0.0,0.0,-0.00251,0.0,0.0,0.0,0.0,0.0,-0.0,0.0,0.0,0.0,0.0,0.0,0.0,0.0,-0.0,0.0,-0.0,0.0,-0.0
15.0,0.01,0,90,0.0,0.0,0.0,0.0,0.0,-0.00251,0.0,0.0,0.0,0.0,0.0,-0.0,0.0,0.0,0.0,0.0,0.0,0.0,0.0,-0.0,0.0,-0.0,0.0,-0.0
15.0,0.01,0,135,0.0,0.0,0.0,0.0,0.0,-0.00251,0.0,0.0,0.0,0.0,0.0,-0.0,0.0,0.0,0.0,0.0,0.0,0.0,0.0,-0.0,0.0,-0.0,0.0,-0.0
15.0,0.01,0,180,0.0,0.0,0.0,0.0,0.0,-0.00251,0.0,0.0,0.0,0.0,0.0,-0.0,0.0,0.0,0.0,0.0,0.0,0.0,0.0,-0.0,0.0,-0.0,0.0,-0.0
15.0,0.01,0,225,0.0,0.0,0.0,0.0,0.0,-0.00251,0.0,0.0,0.0,0.0,0.0,-0.0,0.0,0.0,0.0,0.0,0.0,0.0,0.0,-0.0,0.0,-0.0,0.0,-0.0
15.0,0.01,0,270,0.0,0.0,0.0,0.0,0.0,-0.00251,0.0,0.0,0.0,0.0,0.0,-0.0,0.0,0.0,0.0,0.0,0.0,0.0,0.0,-0.0,0.0,-0.0,0.0,-0.0
15.0,0.01,0,315,0.0,0.0,0.0,0.0,0.0,-0.00251,0.0,0.0,0.0,0.0,0.0,-0.0,0.0,0.0,0.0,0.0,0.0,0.0,0.0,-0.0,0.0,-0.0,0.0,-0.0
15.0,0.01,2.5,0,0.00353,0.00353,0.00309,0.00309,0.00202,-0.00048,-0.0,-0.0,-0.0,-0.0,0.0,0.0,-0.0,-0.0,-0.0,0.0,-0.00403,-0.00403,0.15327,0.15327,0.00403,0.00403,-0.15327,-0.15327
15.0,0.01,2.5,45,0.00394,0.00394,0.00345,0.00345,0.00143,-0.00108,-0.11422,-0.11422,-0.00209,-0.00209,-0.00221,-0.00221,-0.00284,-0.00284,0.10845,0.10845,-0.00285,-0.00285,0.10831,0.10831,0.00284,0.00284,-0.10845,-0.10845
15.0,0.01,2.5,90,0.00353,0.00353,0.00309,0.00309,-0.0,-0.00251,-0.16163,-0.16163,-0.00289,-0.00289,-0.00314,-0.00314,-0.00403,-0.00403,0.15327,0.15327,-0.0,0.0,0.0,-0.0,0.0,-0.0,0.0,0.0
15.0,0.01,2.5,135,0.00394,0.00394,0.00345,0.00345,-0.00143,-0.00393,-0.11436,-0.11436,-0.002,-0.002,-0.00223,-0.00223,-0.00285,-0.00285,0.10831,0.10831,0.00285,0.00285,-0.10831,-0.10831,-0.00284,-0.00284,0.10845,0.10845
15.0,0.01,2.5,180,0.00353,0.00353,0.00309,0.00309,-0.00202,-0.00452,-0.0,0.0,0.0,0.0,-0.0,-0.0,-0.0,0.0,-0.0,-0.0,0.00403,0.00403,-0.15327,-0.15327,-0.00403,-0.00403,0.15327,0.15327
15.0,0.01,2.5,225,0.00394,0.00394,0.00345,0.00345,-0.00143,-0.00393,0.11436,0.11436,0.002,0.002,0.00223,0.00223,0.00285,0.00285,-0.10831,-0.10831,0.00284,0.00284,-0.10845,-0.10845,-0.00285,-0.00285,0.10831,0.10831
15.0,0.01,2.5,270,0.00353,0.00353,0.00309,0.00309,-0.0,-0.00251,0.16163,0.16163,0.00289,0.00289,0.00314,0.00314,0.00403,0.00403,-0.15327,-0.15327,-0.0,0.0,0.0,0.0,0.0,0.0,0.0,-0.0
15.0,0.01,2.5,315,0.00394,0.00394,0.00345,0.00345,0.00143,-0.00108,0.11422,0.11422,0.00209,0.00209,0.00221,0.00221,0.00284,0.00284,-0.10845,-0.10845,-0.00284,-0.00284,0.10845,0.10845,0.00285,0.00285,-0.10831,-0.10831
15.0,0.01,5,0,0.00708,0.00708,0.00618,0.00618,0.00406,0.00155,-0.0,0.0,0.0,0.0,0.0,-0.0,-0.0,-0.0,-0.0,0.0,-0.00807,-0.00807,0.30626,0.30626,0.00807,0.00807,-0.30626,-0.30626
15.0,0.01,5,45,0.00789,0.00789,0.0069,0.0069,0.00286,0.00035,-0.22808,-0.22808,-0.00426,-0.00426,-0.00441,-0.00441,-0.00569,-0.00569,0.21684,0.21684,-0.00573,-0.00573,0.21627,0.21627,0.00569,0.00569,-0.21684,-0.21684
15.0,0.01,5,90,0.00708,0.00708,0.00618,0.00618,-1e-05,-0.00252,-0.32295,-0.32295,-0.00577,-0.00577,-0.00629,-0.00629,-0.00807,-0.00807,0.30626,0.30626,-0.0,0.0,0.0,0.0,0.0,0.0,0.0,-0.0
15.0,0.01,5,135,0.00789,0.00789,0.0069,0.0069,-0.00286,-0.00537,-0.22864,-0.22864,-0.0039,-0.0039,-0.00449,-0.00449,-0.00573,-0.00573,0.21627,0.21627,0.00573,0.00573,-0.21627,-0.21627,-0.00569,-0.00569,0.21684,0.21684
15.0,0.01,5,180,0.00708,0.00708,0.00618,0.00618,-0.00403,-0.00654,-0.0,0.0,0.0,0.0,0.0,-0.0,-0.0,0.0,-0.0,0.0,0.00807,0.00807,-0.30626,-0.30626,-0.00807,-0.00807,0.30626,0.30626
15.0,0.01,5,225,0.00789,0.00789,0.0069,0.0069,-0.00286,-0.00537,0.22864,0.22864,0.0039,0.0039,0.00449,0.00449,0.00573,0.00573,-0.21627,-0.21627,0.00569,0.00569,-0.21684,-0.21684,-0.00573,-0.00573,0.21627,0.21627
15.0,0.01,5,270,0.00708,0.00708,0.00618,0.00618,-1e-05,-0.00252,0.32295,0.32295,0.00577,0.00577,0.00629,0.00629,0.00807,0.00807,-0.30626,-0.30626,-0.0,0.0,0.0,0.0,0.0,-0.0,0.0,0.0
15.0,0.01,5,315,0.00789,0.00789,0.0069,0.0069,0.00286,0.00035,0.22808,0.22808,0.00426,0.00426,0.00441,0.00441,0.00569,0.00569,-0.21684,-0.21684,-0.00569,-0.00569,0.21684,0.21684,0.00573,0.00573,-0.21627,-0.21627
15.0,0.01,7.5,0,0.01064,0.01064,0.00925,0.00925,0.00611,0.0036,-0.0,-0.0,0.0,0.0,0.0,-0.0,-0.0,0.0,-0.0,0.0,-0.01214,-0.01214,0.45866,0.45866,0.01214,0.01214,-0.45866,-0.45866
15.0,0.01,7.5,45,0.01185,0.01185,0.01035,0.01035,0.0043,0.0018,-0.34137,-0.34137,-0.00651,-0.00651,-0.0066,-0.0066,-0.00854,-0.00854,0.32497,0.32497,-0.00863,-0.00863,0.32368,0.32368,0.00854,0.00854,-0.32497,-0.32497
15.0,0.01,7.5,90,0.01064,0.01064,0.00925,0.00925,-2e-05,-0.00253,-0.48365,-0.48365,-0.00864,-0.00864,-0.00946,-0.00946,-0.01214,-0.01214,0.45866,0.45866,-0.0,0.0,0.0,0.0,0.0,-0.0,0.0,-0.0
15.0,0.01,7.5,135,0.01185,0.01185,0.01035,0.01035,-0.0043,-0.00681,-0.34263,-0.34263,-0.00572,-0.00572,-0.00678,-0.00678,-0.00863,-0.00863,0.32368,0.32368,0.00863,0.00863,-0.32368,-0.32368,-0.00854,-0.00854,0.32497,0.32497
15.0,0.01,7.5,180,0.01064,0.01064,0.00925,0.00925,-0.00606,-0.00857,-0.0,-0.0,0.0,0.0,0.0,-0.0,-0.0,-0.0,-0.0,0.0,0.01214,0.01214,-0.45866,-0.45866,-0.01214,-0.01214,0.45866,0.45866
15.0,0.01,7.5,225,0.01185,0.01185,0.01035,0.01035,-0.0043,-0.00681,0.34263,0.34263,0.00572,0.00572,0.00678,0.00678,0.00863,0.00863,-0.32368,-0.32368,0.00854,0.00854,-0.32497,-0.32497,-0.00863,-0.00863,0.32368,0.32368
15.0,0.01,7.5,270,0.01064,0.01064,0.00925,0.00925,-2e-05,-0.00253,0.48365,0.48365,0.00864,0.00864,0.00946,0.00946,0.01214,0.01214,-0.45866,-0.45866,-0.0,0.0,0.0,-0.0,0.0,-0.0,0.0,-0.0
15.0,0.01,7.5,315,0.01185,0.01185,0.01035,0.01035,0.0043,0.0018,0.34137,0.34137,0.00651,0.00651,0.0066,0.0066,0.00854,0.00854,-0.32497,-0.32497,-0.00854,-0.00854,0.32497,0.32497,0.00863,0.00863,-0.32368,-0.32368
15.0,0.01,10,0,0.01422,0.01422,0.0123,0.0123,0.00818,0.00568,-0.0,0.0,0.0,0.0,0.0,-0.0,-0.0,0.0,-0.0,0.0,-0.01625,-0.01625,0.6102,0.6102,0.01625,0.01625,-0.6102,-0.6102
15.0,0.01,10,45,0.01584,0.01584,0.01377,0.01377,0.00576,0.00325,-0.45387,-0.45387,-0.00884,-0.00884,-0.00879,-0.00879,-0.01141,-0.01141,0.43263,0.43263,-0.01158,-0.01158,0.43033,0.43033,0.01141,0.01141,-0.43263,-0.43263
15.0,0.01,10,90,0.01422,0.01422,0.0123,0.0123,-4e-05,-0.00255,-0.64344,-0.64344,-0.01149,-0.01149,-0.01266,-0.01266,-0.01625,-0.01625,0.6102,0.6102,-0.0,0.0,0.0,0.0,0.0,-0.0,0.0,0.0
15.0,0.01,10,135,0.01584,0.01584,0.01377,0.01377,-0.00576,-0.00826,-0.45611,-0.45611,-0.00743,-0.00743,-0.00912,-0.00912,-0.01158,-0.01158,0.43033,0.43033,0.01158,0.01158,-0.43033,-0.43033,-0.01141,-0.01141,0.43263,0.43263
15.0,0.01,10,180,0.01422,0.01422,0.0123,0.0123,-0.0081,-0.01061,-0.0,-0.0,0.0,0.0,0.0,-0.0,-0.0,-0.0,-0.0,0.0,0.01625,0.01625,-0.6102,-0.6102,-0.01625,-0.01625,0.6102,0.6102
15.0,0.01,10,225,0.01584,0.01584,0.01377,0.01377,-0.00576,-0.00826,0.45611,0.45611,0.00743,0.00743,0.00912,0.00912,0.01158,0.01158,-0.43033,-0.43033,0.01141,0.01141,-0.43263,-0.43263,-0.01158,-0.01158,0.43033,0.43033
15.0,0.01,10,270,0.01422,0.01422,0.0123,0.0123,-4e-05,-0.00255,0.64344,0.64344,0.01149,0.01149,0.01266,0.01266,0.01625,0.01625,-0.6102,-0.6102,-0.0,0.0,0.0,-0.0,0.0,-0.0,0.0,0.0
15.0,0.01,10,315,0.01584,0.01584,0.01377,0.01377,0.00576,0.00325,0.45387,0.45387,0.00884,0.00884,0.00879,0.00879,0.01141,0.01141,-0.43263,-0.43263,-0.01141,-0.01141,0.43263,0.43263,0.01158,0.01158,-0.43033,-0.43033
15.0,0.01,12.5,0,0.01782,0.01782,0.01531,0.01531,0.01029,0.00779,-0.0,0.0,0.0,0.0,0.0,-0.0,-0.0,-0.0,-0.0,0.0,-0.02042,-0.02042,0.76058,0.76058,0.02042,0.02042,-0.76058,-0.76058
15.0,0.01,12.5,45,0.01985,0.01985,0.01716,0.01716,0.00723,0.00473,-0.56538,-0.56538,-0.01125,-0.01125,-0.01099,-0.01099,-0.0143,-0.0143,0.53961,0.53961,-0.01457,-0.01457,0.53603,0.53603,0.0143,0.0143,-0.53961,-0.53961
15.0,0.01,12.5,90,0.01782,0.01782,0.01531,0.01531,-6e-05,-0.00257,-0.80202,-0.80202,-0.01432,-0.01432,-0.01591,-0.01591,-0.02042,-0.02042,0.76058,0.76058,-0.0,0.0,0.0,0.0,0.0,-0.0,0.0,0.0
15.0,0.01,12.5,135,0.01985,0.01985,0.01716,0.01716,-0.00723,-0.00974,-0.56887,-0.56887,-0.00904,-0.00904,-0.0115,-0.0115,-0.01457,-0.01457,0.53603,0.53603,0.01457,0.01457,-0.53603,-0.53603,-0.0143,-0.0143,0.53961,0.53961
15.0,0.01,12.5,180,0.01782,0.01782,0.01531,0.01531,-0.01016,-0.01267,-0.0,-0.0,0.0,0.0,-0.0,-0.0,-0.0,-0.0,-0.0,-0.0,0.02042,0.02042,-0.76058,-0.76058,-0.02042,-0.02042,0.76058,0.76058
15.0,0.01,12.5,225,0.01985,0.01985,0.01716,0.01716,-0.00723,-0.00974,0.56887,0.56887,0.00904,0.00904,0.0115,0.0115,0.01457,0.01457,-0.53603,-0.53603,0.0143,0.0143,-0.53961,-0.53961,-0.01457,-0.01457,0.53603,0.53603
15.0,0.01,12.5,270,0.01782,0.01782,0.01531,0.01531,-6e-05,-0.00257,0.80202,0.80202,0.01432,0.01432,0.01591,0.01591,0.02042,0.02042,-0.76058,-0.76058,-0.0,0.0,0.0,0.0,0.0,-0.0,0.0,0.0
15.0,0.01,12.5,315,0.01985,0.01985,0.01716,0.01716,0.00723,0.00473,0.56538,0.56538,0.01125,0.01125,0.01099,0.01099,0.0143,0.0143,-0.53961,-0.53961,-0.0143,-0.0143,0.53961,0.53961,0.01457,0.01457,-0.53603,-0.53603
15.0,0.01,15,0,0.02147,0.02147,0.01827,0.01827,0.01244,0.00993,-0.0,-0.0,0.0,0.0,0.0,-0.0,-0.0,0.0,-0.0,0.0,-0.02465,-0.02465,0.90952,0.90952,0.02465,0.02465,-0.90952,-0.90952
15.0,0.01,15,45,0.0239,0.0239,0.0205,0.0205,0.00873,0.00622,-0.67568,-0.67568,-0.01373,-0.01373,-0.01321,-0.01321,-0.01724,-0.01724,0.64572,0.64572,-0.01763,-0.01763,0.64056,0.64056,0.01724,0.01724,-0.64572,-0.64572
15.0,0.01,15,90,0.02147,0.02147,0.01827,0.01827,-9e-05,-0.0026,-0.95907,-0.95907,-0.01711,-0.01711,-0.01921,-0.01921,-0.02465,-0.02465,0.90952,0.90952,-0.0,0.0,0.0,-0.0,0.0,-0.0,0.0,0.0
15.0,0.01,15,135,0.0239,0.0239,0.0205,0.0205,-0.00873,-0.01123,-0.68069,-0.68069,-0.01054,-0.01054,-0.01396,-0.01396,-0.01763,-0.01763,0.64056,0.64056,0.01763,0.01763,-0.64056,-0.64056,-0.01724,-0.01724,0.64572,0.64572
15.0,0.01,15,180,0.02147,0.02147,0.01827,0.01827,-0.01225,-0.01476,-0.0,0.0,0.0,0.0,-0.0,-0.0,-0.0,0.0,-0.0,0.0,0.02465,0.02465,-0.90952,-0.90952,-0.02465,-0.02465,0.90952,0.90952
15.0,0.01,15,225,0.0239,0.0239,0.0205,0.0205,-0.00873,-0.01123,0.68069,0.68069,0.01054,0.01054,0.01396,0.01396,0.01763,0.01763,-0.64056,-0.64056,0.01724,0.01724,-0.64572,-0.64572,-0.01763,-0.01763,0.64056,0.64056
15.0,0.01,15,270,0.02147,0.02147,0.01827,0.01827,-9e-05,-0.0026,0.95907,0.95907,0.01711,0.01711,0.01921,0.01921,0.02465,0.02465,-0.90952,-0.90952,-0.0,0.0,0.0,0.0,0.0,-0.0,0.0,0.0
15.0,0.01,15,315,0.0239,0.0239,0.0205,0.0205,0.00873,0.00622,0.67568,0.67568,0.01373,0.01373,0.01321,0.01321,0.01724,0.01724,-0.64572,-0.64572,-0.01724,-0.01724,0.64572,0.64572,0.01763,0.01763,-0.64056,-0.64056
15.0,0.01,20,0,0.02889,0.02889,0.024,0.024,0.01688,0.01438,-0.0,-0.0,-0.0,-0.0,0.0,0.0,-0.0,0.0,-0.0,0.0,-0.0334,-0.0334,1.20196,1.20196,0.0334,0.0334,-1.20196,-1.20196
15.0,0.01,20,45,0.03215,0.03215,0.02697,0.02697,0.01182,0.00931,-0.89181,-0.89181,-0.0189,-0.0189,-0.01771,-0.01771,-0.02327,-0.02327,0.8545,0.8545,-0.02396,-0.02396,0.84538,0.84538,0.02327,0.02327,-0.8545,-0.8545
15.0,0.01,20,90,0.02889,0.02889,0.024,0.024,-0.00016,-0.00267,-1.26742,-1.26742,-0.02259,-0.02259,-0.02604,-0.02604,-0.0334,-0.0334,1.20196,1.20196,-0.0,0.0,0.0,0.0,-0.0,-0.0,0.0,0.0
15.0,0.01,20,135,0.03215,0.03215,0.02697,0.02697,-0.01181,-0.01432,-0.90069,-0.90069,-0.0132,-0.0132,-0.01909,-0.01909,-0.02396,-0.02396,0.84538,0.84538,0.02396,0.02396,-0.84538,-0.84538,-0.02327,-0.02327,0.8545,0.8545
15.0,0.01,20,180,0.02889,0.02889,0.024,0.024,-0.01655,-0.01905,-0.0,0.0,0.0,0.0,-0.0,-0.0,-0.0,-0.0,-0.0,0.0,0.0334,0.0334,-1.20196,-1.20196,-0.0334,-0.0334,1.20196,1.20196
15.0,0.01,20,225,0.03215,0.03215,0.02697,0.02697,-0.01181,-0.01432,0.90069,0.90069,0.0132,0.0132,0.01909,0.01909,0.02396,0.02396,-0.84538,-0.84538,0.02327,0.02327,-0.8545,-0.8545,-0.02396,-0.02396,0.84538,0.84538
15.0,0.01,20,270,0.02889,0.02889,0.024,0.024,-0.00016,-0.00267,1.26742,1.26742,0.02259,0.02259,0.02604,0.02604,0.0334,0.0334,-1.20196,-1.20196,-0.0,0.0,0.0,0.0,0.0,-0.0,0.0,0.0
15.0,0.01,20,315,0.03215,0.03215,0.02697,0.02697,0.01182,0.00931,0.89181,0.89181,0.0189,0.0189,0.01771,0.01771,0.02327,0.02327,-0.8545,-0.8545,-0.02327,-0.02327,0.8545,0.8545,0.02396,0.02396,-0.84538,-0.84538
15.0,0.01,25,0,0.03656,0.03656,0.02938,0.02938,0.02159,0.01908,-0.0,-0.0,0.0,0.0,0.0,-0.0,-0.0,0.0,-0.0,0.0,-0.04264,-0.04264,1.48529,1.48529,0.04264,0.04264,-1.48529,-1.48529
15.0,0.01,25,45,0.04066,0.04066,0.03307,0.03307,0.01508,0.01257,-1.10062,-1.10062,-0.02435,-0.02435,-0.02236,-0.02236,-0.02961,-0.02961,1.05741,1.05741,-0.03071,-0.03071,1.04321,1.04321,0.02961,0.02961,-1.05741,-1.05741
15.0,0.01,25,90,0.03656,0.03656,0.02938,0.02938,-0.00026,-0.00277,-1.56616,-1.56616,-0.02787,-0.02787,-0.03326,-0.03326,-0.04264,-0.04264,1.48529,1.48529,-0.0,0.0,-0.0,-0.0,0.0,0.0,-0.0,-0.0
15.0,0.01,25,135,0.04066,0.04066,0.03307,0.03307,-0.01508,-0.01758,-1.11445,-1.11445,-0.01538,-0.01538,-0.02463,-0.02463,-0.03071,-0.03071,1.04321,1.04321,0.03071,0.03071,-1.04321,-1.04321,-0.02961,-0.02961,1.05741,1.05741
15.0,0.01,25,180,0.03656,0.03656,0.02938,0.02938,-0.02107,-0.02357,0.0,0.0,0.0,0.0,0.0,0.0,-0.0,-0.0,0.0,0.0,0.04264,0.04264,-1.48529,-1.48529,-0.04264,-0.04264,1.48529,1.48529
15.0,0.01,25,225,0.04066,0.04066,0.03307,0.03307,-0.01508,-0.01758,1.11445,1.11445,0.01538,0.01538,0.02463,0.02463,0.03071,0.03071,-1.04321,-1.04321,0.02961,0.02961,-1.05741,-1.05741,-0.03071,-0.03071,1.04321,1.04321
15.0,0.01,25,270,0.03656,0.03656,0.02938,0.02938,-0.00026,-0.00277,1.56616,1.56616,0.02787,0.02787,0.03326,0.03326,0.04264,0.04264,-1.48529,-1.48529,-0.0,0.0,0.0,0.0,0.0,-0.0,0.0,0.0
15.0,0.01,25,315,0.04066,0.04066,0.03307,0.03307,0.01508,0.01257,1.10062,1.10062,0.02435,0.02435,0.02236,0.02236,0.02961,0.02961,-1.05741,-1.05741,-0.02961,-0.02961,1.05741,1.05741,0.03071,0.03071,-1.04321,-1.04321
15.0,0.01,30,0,0.04458,0.04458,0.03432,0.03432,0.02665,0.02414,-0.0,-0.0,0.0,0.0,-0.0,-0.0,-0.0,-0.0,-0.0,0.0,-0.05259,-0.05259,1.75737,1.75737,0.05259,0.05259,-1.75737,-1.75737
15.0,0.01,30,45,0.04954,0.04954,0.03868,0.03868,0.01857,0.01606,-1.30051,-1.30051,-0.03006,-0.03006,-0.02722,-0.02722,-0.0364,-0.0364,1.25292,1.25292,-0.03799,-0.03799,1.23256,1.23256,0.0364,0.0364,-1.25292,-1.25292
15.0,0.01,30,90,0.04458,0.04458,0.03432,0.03432,-0.00039,-0.00289,-1.85302,-1.85302,-0.03291,-0.03291,-0.04102,-0.04102,-0.05259,-0.05259,1.75737,1.75737,-0.0,0.0,0.0,0.0,0.0,-0.0,0.0,0.0
15.0,0.01,30,135,0.04954,0.04954,0.03868,0.03868,-0.01858,-0.02109,-1.32037,-1.32037,-0.01701,-0.01701,-0.03072,-0.03072,-0.03799,-0.03799,1.23256,1.23256,0.03799,0.03799,-1.23256,-1.23256,-0.0364,-0.0364,1.25292,1.25292
15.0,0.01,30,180,0.04458,0.04458,0.03432,0.03432,-0.0259,-0.02841,-0.0,-0.0,0.0,0.0,-0.0,-0.0,-0.0,-0.0,-0.0,0.0,0.05259,0.05259,-1.75737,-1.75737,-0.05259,-0.05259,1.75737,1.75737
15.0,0.01,30,225,0.04954,0.04954,0.03868,0.03868,-0.01858,-0.02109,1.32037,1.32037,0.01701,0.01701,0.03072,0.03072,0.03799,0.03799,-1.23256,-1.23256,0.0364,0.0364,-1.25292,-1.25292,-0.03799,-0.03799,1.23256,1.23256
15.0,0.01,30,270,0.04458,0.04458,0.03432,0.03432,-0.00039,-0.00289,1.85302,1.85302,0.03291,0.03291,0.04102,0.04102,0.05259,0.05259,-1.75737,-1.75737,-0.0,0.0,0.0,0.0,0.0,-0.0,0.0,0.0
15.0,0.01,30,315,0.04954,0.04954,0.03868,0.03868,0.01857,0.01606,1.30051,1.30051,0.03006,0.03006,0.02722,0.02722,0.0364,0.0364,-1.25292,-1.25292,-0.0364,-0.0364,1.25292,1.25292,0.03799,0.03799,-1.23256,-1.23256
15.0,0.02,0,0,0.0,0.0,0.0,0.0,0.0,-0.00501,0.0,0.0,0.0,0.0,0.0,-0.0,0.0,0.0,0.0,0.0,0.0,0.0,0.0,-0.0,0.0,0.0,0.0,-0.0
15.0,0.02,0,45,0.0,0.0,0.0,0.0,0.0,-0.00501,0.0,0.0,0.0,0.0,0.0,-0.0,0.0,0.0,0.0,0.0,0.0,0.0,0.0,-0.0,0.0,0.0,0.0,-0.0
15.0,0.02,0,90,0.0,0.0,0.0,0.0,0.0,-0.00501,0.0,0.0,0.0,0.0,0.0,-0.0,0.0,0.0,0.0,0.0,0.0,0.0,0.0,-0.0,0.0,0.0,0.0,-0.0
15.0,0.02,0,135,0.0,0.0,0.0,0.0,0.0,-0.00501,0.0,0.0,0.0,0.0,0.0,-0.0,0.0,0.0,0.0,0.0,0.0,0.0,0.0,-0.0,0.0,0.0,0.0,-0.0
15.0,0.02,0,180,0.0,0.0,0.0,0.0,0.0,-0.00501,0.0,0.0,0.0,0.0,0.0,-0.0,0.0,0.0,0.0,0.0,0.0,0.0,0.0,-0.0,0.0,0.0,0.0,-0.0
15.0,0.02,0,225,0.0,0.0,0.0,0.0,0.0,-0.00501,0.0,0.0,0.0,0.0,0.0,-0.0,0.0,0.0,0.0,0.0,0.0,0.0,0.0,-0.0,0.0,0.0,0.0,-0.0
15.0,0.02,0,270,0.0,0.0,0.0,0.0,0.0,-0.00501,0.0,0.0,0.0,0.0,0.0,-0.0,0.0,0.0,0.0,0.0,0.0,0.0,0.0,-0.0,0.0,0.0,0.0,-0.0
15.0,0.02,0,315,0.0,0.0,0.0,0.0,0.0,-0.00501,0.0,0.0,0.0,0.0,0.0,-0.0,0.0,0.0,0.0,0.0,0.0,0.0,0.0,-0.0,0.0,0.0,0.0,-0.0
15.0,0.02,2.5,0,0.00568,0.00568,0.00309,0.00309,0.00379,-0.00122,-0.0,-0.0,-0.0,-0.0,0.0,0.0,-0.0,0.0,-0.0,0.0,-0.00765,-0.00765,0.15327,0.15327,0.00765,0.00765,-0.15327,-0.15327
15.0,0.02,2.5,45,0.00633,0.00633,0.00345,0.00345,0.00268,-0.00234,-0.11418,-0.11418,-0.00205,-0.00205,-0.00432,-0.00432,-0.0054,-0.0054,0.10849,0.10849,-0.00542,-0.00542,0.10827,0.10827,0.0054,0.0054,-0.10849,-0.10849
15.0,0.02,2.5,90,0.00568,0.00568,0.00309,0.00309,-0.0,-0.00502,-0.16163,-0.16163,-0.00279,-0.00279,-0.00617,-0.00617,-0.00765,-0.00765,0.15327,0.15327,0.0,0.0,0.0,-0.0,-0.0,-0.0,0.0,0.0
15.0,0.02,2.5,135,0.00633,0.00633,0.00345,0.00345,-0.00268,-0.00769,-0.1144,-0.1144,-0.00189,-0.00189,-0.0044,-0.0044,-0.00542,-0.00542,0.10827,0.10827,0.00542,0.00542,-0.10827,-0.10827,-0.0054,-0.0054,0.10849,0.10849
15.0,0.02,2.5,180,0.00568,0.00568,0.00309,0.00309,-0.00378,-0.0088,-0.0,0.0,-0.0,-0.0,-0.0,-0.0,-0.0,0.0,-0.0,-0.0,0.00765,0.00765,-0.15327,-0.15327,-0.00765,-0.00765,0.15327,0.15327
15.0,0.02,2.5,225,0.00633,0.00633,0.00345,0.00345,-0.00268,-0.00769,0.1144,0.1144,0.00189,0.00189,0.0044,0.0044,0.00542,0.00542,-0.10827,-0.10827,0.0054,0.0054,-0.10849,-0.10849,-0.00542,-0.00542,0.10827,0.10827
15.0,0.02,2.5,270,0.00568,0.00568,0.00309,0.00309,-0.0,-0.00502,0.16163,0.16163,0.00279,0.00279,0.00617,0.00617,0.00765,0.00765,-0.15327,-0.15327,0.0,0.0,0.0,0.0,-0.0,0.0,0.0,-0.0
15.0,0.02,2.5,315,0.00633,0.00633,0.00345,0.00345,0.00268,-0.00234,0.11418,0.11418,0.00205,0.00205,0.00432,0.00432,0.0054,0.0054,-0.10849,-0.10849,-0.0054,-0.0054,0.10849,0.10849,0.00542,0.00542,-0.10827,-0.10827
15.0,0.02,5,0,0.01137,0.01137,0.00618,0.00618,0.00761,0.0026,-0.0,0.0,0.0,0.0,-0.0,-0.0,-0.0,0.0,-0.0,0.0,-0.01534,-0.01534,0.30626,0.30626,0.01534,0.01534,-0.30626,-0.30626
15.0,0.02,5,45,0.01268,0.01268,0.00691,0.00691,0.00537,0.00035,-0.22794,-0.22794,-0.00426,-0.00426,-0.00857,-0.00857,-0.0108,-0.0108,0.21699,0.21699,-0.01088,-0.01088,0.21612,0.21612,0.0108,0.0108,-0.21699,-0.21699
15.0,0.02,5,90,0.01137,0.01137,0.00618,0.00618,-2e-05,-0.00503,-0.32296,-0.32296,-0.00557,-0.00557,-0.01235,-0.01235,-0.01534,-0.01534,0.30626,0.30626,0.0,0.0,0.0,0.0,-0.0,0.0,0.0,-0.0
15.0,0.02,5,135,0.01268,0.01268,0.00691,0.00691,-0.00536,-0.01038,-0.22879,-0.22879,-0.00362,-0.00362,-0.0089,-0.0089,-0.01088,-0.01088,0.21612,0.21612,0.01088,0.01088,-0.21612,-0.21612,-0.0108,-0.0108,0.21699,0.21699
15.0,0.02,5,180,0.01137,0.01137,0.00618,0.00618,-0.00757,-0.01258,-0.0,0.0,0.0,0.0,-0.0,-0.0,-0.0,0.0,-0.0,0.0,0.01534,0.01534,-0.30626,-0.30626,-0.01534,-0.01534,0.30626,0.30626
15.0,0.02,5,225,0.01268,0.01268,0.00691,0.00691,-0.00536,-0.01038,0.22879,0.22879,0.00362,0.00362,0.0089,0.0089,0.01088,0.01088,-0.21612,-0.21612,0.0108,0.0108,-0.21699,-0.21699,-0.01088,-0.01088,0.21612,0.21612
15.0,0.02,5,270,0.01137,0.01137,0.00618,0.00618,-2e-05,-0.00503,0.32296,0.32296,0.00557,0.00557,0.01235,0.01235,0.01534,0.01534,-0.30626,-0.30626,0.0,0.0,0.0,0.0,-0.0,-0.0,0.0,0.0
15.0,0.02,5,315,0.01268,0.01268,0.00691,0.00691,0.00537,0.00035,0.22794,0.22794,0.00426,0.00426,0.00857,0.00857,0.0108,0.0108,-0.21699,-0.21699,-0.0108,-0.0108,0.21699,0.21699,0.01088,0.01088,-0.21612,-0.21612
15.0,0.02,7.5,0,0.0171,0.0171,0.00926,0.00926,0.01146,0.00645,-0.0,-0.0,0.0,0.0,-0.0,-0.0,-0.0,-0.0,-0.0,0.0,-0.02307,-0.02307,0.45866,0.45866,0.02307,0.02307,-0.45866,-0.45866
15.0,0.02,7.5,45,0.01906,0.01906,0.01035,0.01035,0.00807,0.00306,-0.34105,-0.34105,-0.00662,-0.00662,-0.01275,-0.01275,-0.01622,-0.01622,0.3253,0.3253,-0.01641,-0.01641,0.32335,0.32335,0.01622,0.01622,-0.3253,-0.3253
15.0,0.02,7.5,90,0.0171,0.0171,0.00926,0.00926,-4e-05,-0.00505,-0.48367,-0.48367,-0.00833,-0.00833,-0.01857,-0.01857,-0.02307,-0.02307,0.45866,0.45866,0.0,0.0,0.0,0.0,-0.0,-0.0,0.0,-0.0
15.0,0.02,7.5,135,0.01906,0.01906,0.01035,0.01035,-0.00807,-0.01308,-0.34297,-0.34297,-0.00518,-0.00518,-0.01351,-0.01351,-0.01641,-0.01641,0.32335,0.32335,0.01641,0.01641,-0.32335,-0.32335,-0.01622,-0.01622,0.3253,0.3253
15.0,0.02,7.5,180,0.0171,0.0171,0.00926,0.00926,-0.01137,-0.01638,-0.0,-0.0,0.0,0.0,-0.0,-0.0,-0.0,-0.0,-0.0,0.0,0.02307,0.02307,-0.45866,-0.45866,-0.02307,-0.02307,0.45866,0.45866
15.0,0.02,7.5,225,0.01906,0.01906,0.01035,0.01035,-0.00807,-0.01308,0.34297,0.34297,0.00518,0.00518,0.01351,0.01351,0.01641,0.01641,-0.32335,-0.32335,0.01622,0.01622,-0.3253,-0.3253,-0.01641,-0.01641,0.32335,0.32335
15.0,0.02,7.5,270,0.0171,0.0171,0.00926,0.00926,-4e-05,-0.00505,0.48367,0.48367,0.00833,0.00833,0.01857,0.01857,0.02307,0.02307,-0.45866,-0.45866,0.0,0.0,0.0,-0.0,-0.0,-0.0,0.0,-0.0
15.0,0.02,7.5,315,0.01906,0.01906,0.01035,0.01035,0.00807,0.00306,0.34105,0.34105,0.00662,0.00662,0.01275,0.01275,0.01622,0.01622,-0.3253,-0.3253,-0.01622,-0.01622,0.3253,0.3253,0.01641,0.01641,-0.32335,-0.32335
15.0,0.02,10,0,0.02289,0.02289,0.01231,0.01231,0.01536,0.01035,-0.0,0.0,0.0,0.0,-0.0,-0.0,-0.0,0.0,-0.0,0.0,-0.03089,-0.03089,0.6102,0.6102,0.03089,0.03089,-0.6102,-0.6102
15.0,0.02,10,45,0.02549,0.02549,0.01378,0.01378,0.01081,0.0058,-0.4533,-0.4533,-0.00914,-0.00914,-0.01689,-0.01689,-0.02168,-0.02168,0.43321,0.43321,-0.02201,-0.02201,0.42974,0.42974,0.02168,0.02168,-0.43321,-0.43321
15.0,0.02,10,90,0.02289,0.02289,0.01231,0.01231,-7e-05,-0.00509,-0.64347,-0.64347,-0.01108,-0.01108,-0.02485,-0.02485,-0.03089,-0.03089,0.6102,0.6102,0.0,0.0,0.0,0.0,-0.0,-0.0,0.0,0.0
15.0,0.02,10,135,0.02549,0.02549,0.01378,0.01378,-0.0108,-0.01582,-0.45671,-0.45671,-0.00657,-0.00657,-0.01825,-0.01825,-0.02201,-0.02201,0.42974,0.42974,0.02201,0.02201,-0.42974,-0.42974,-0.02168,-0.02168,0.43321,0.43321
15.0,0.02,10,180,0.02289,0.02289,0.01231,0.01231,-0.0152,-0.02022,-0.0,-0.0,0.0,0.0,-0.0,-0.0,-0.0,-0.0,-0.0,0.0,0.03089,0.03089,-0.6102,-0.6102,-0.03089,-0.03089,0.6102,0.6102
15.0,0.02,10,225,0.02549,0.02549,0.01378,0.01378,-0.0108,-0.01582,0.45671,0.45671,0.00657,0.00657,0.01825,0.01825,0.02201,0.02201,-0.42974,-0.42974,0.02168,0.02168,-0.43321,-0.43321,-0.02201,-0.02201,0.42974,0.42974
15.0,0.02,10,270,0.02289,0.02289,0.01231,0.01231,-7e-05,-0.00509,0.64347,0.64347,0.01108,0.01108,0.02485,0.02485,0.03089,0.03089,-0.6102,-0.6102,0.0,0.0,0.0,-0.0,-0.0,-0.0,0.0,0.0
15.0,0.02,10,315,0.02549,0.02549,0.01378,0.01378,0.01081,0.0058,0.4533,0.4533,0.00914,0.00914,0.01689,0.01689,0.02168,0.02168,-0.43321,-0.43321,-0.02168,-0.02168,0.43321,0.43321,0.02201,0.02201,-0.42974,-0.42974
15.0,0.02,12.5,0,0.02873,0.02873,0.01532,0.01532,0.01933,0.01432,-0.0,0.0,0.0,0.0,-0.0,-0.0,-0.0,-0.0,-0.0,0.0,-0.03882,-0.03882,0.76058,0.76058,0.03882,0.03882,-0.76058,-0.76058
15.0,0.02,12.5,45,0.032,0.032,0.01717,0.01717,0.01358,0.00857,-0.56448,-0.56448,-0.01181,-0.01181,-0.02099,-0.02099,-0.0272,-0.0272,0.54053,0.54053,-0.02771,-0.02771,0.53511,0.53511,0.0272,0.0272,-0.54053,-0.54053
15.0,0.02,12.5,90,0.02873,0.02873,0.01532,0.01532,-0.00012,-0.00513,-0.80204,-0.80204,-0.0138,-0.0138,-0.03121,-0.03121,-0.03882,-0.03882,0.76058,0.76058,0.0,0.0,0.0,0.0,-0.0,0.0,0.0,0.0
15.0,0.02,12.5,135,0.032,0.032,0.01717,0.01717,-0.01358,-0.01859,-0.5698,-0.5698,-0.00778,-0.00778,-0.02313,-0.02313,-0.02771,-0.02771,0.53511,0.53511,0.02771,0.02771,-0.53511,-0.53511,-0.0272,-0.0272,0.54053,0.54053
15.0,0.02,12.5,180,0.02873,0.02873,0.01532,0.01532,-0.01908,-0.02409,-0.0,-0.0,-0.0,-0.0,0.0,-0.0,-0.0,-0.0,-0.0,-0.0,0.03882,0.03882,-0.76058,-0.76058,-0.03882,-0.03882,0.76058,0.76058
15.0,0.02,12.5,225,0.032,0.032,0.01717,0.01717,-0.01358,-0.01859,0.5698,0.5698,0.00778,0.00778,0.02313,0.02313,0.02771,0.02771,-0.53511,-0.53511,0.0272,0.0272,-0.54053,-0.54053,-0.02771,-0.02771,0.53511,0.53511
15.0,0.02,12.5,270,0.02873,0.02873,0.01532,0.01532,-0.00012,-0.00513,0.80204,0.80204,0.0138,0.0138,0.03121,0.03121,0.03882,0.03882,-0.76058,-0.76058,0.0,0.0,0.0,0.0,-0.0,-0.0,0.0,0.0
15.0,0.02,12.5,315,0.032,0.032,0.01717,0.01717,0.01358,0.00857,0.56448,0.56448,0.01181,0.01181,0.02099,0.02099,0.0272,0.0272,-0.54053,-0.54053,-0.0272,-0.0272,0.54053,0.54053,0.02771,0.02771,-0.53511,-0.53511
15.0,0.02,15,0,0.03466,0.03466,0.01829,0.01829,0.02338,0.01836,-0.0,-0.0,0.0,0.0,-0.0,-0.0,-0.0,0.0,-0.0,0.0,-0.0469,-0.0469,0.90952,0.90952,0.0469,0.0469,-0.90952,-0.90952
15.0,0.02,15,45,0.03859,0.03859,0.02051,0.02051,0.01641,0.01139,-0.67437,-0.67437,-0.01464,-0.01464,-0.02506,-0.02506,-0.03279,-0.03279,0.64704,0.64704,-0.03353,-0.03353,0.63924,0.63924,0.03279,0.03279,-0.64704,-0.64704
15.0,0.02,15,90,0.03466,0.03466,0.01829,0.01829,-0.00017,-0.00518,-0.9591,-0.9591,-0.01649,-0.01649,-0.03766,-0.03766,-0.0469,-0.0469,0.90952,0.90952,0.0,0.0,0.0,-0.0,-0.0,-0.0,0.0,0.0
15.0,0.02,15,135,0.03859,0.03859,0.02051,0.02051,-0.0164,-0.02141,-0.68204,-0.68204,-0.00881,-0.00881,-0.02818,-0.02818,-0.03353,-0.03353,0.63924,0.63924,0.03353,0.03353,-0.63924,-0.63924,-0.03279,-0.03279,0.64704,0.64704
15.0,0.02,15,180,0.03466,0.03466,0.01829,0.01829,-0.02302,-0.02803,-0.0,0.0,0.0,0.0,-0.0,-0.0,-0.0,0.0,-0.0,0.0,0.0469,0.0469,-0.90952,-0.90952,-0.0469,-0.0469,0.90952,0.90952
15.0,0.02,15,225,0.03859,0.03859,0.02051,0.02051,-0.0164,-0.02141,0.68204,0.68204,0.00881,0.00881,0.02818,0.02818,0.03353,0.03353,-0.63924,-0.63924,0.03279,0.03279,-0.64704,-0.64704,-0.03353,-0.03353,0.63924,0.63924
15.0,0.02,15,270,0.03466,0.03466,0.01829,0.01829,-0.00017,-0.00518,0.9591,0.9591,0.01649,0.01649,0.03766,0.03766,0.0469,0.0469,-0.90952,-0.90952,0.0,0.0,0.0,0.0,-0.0,-0.0,0.0,0.0
15.0,0.02,15,315,0.03859,0.03859,0.02051,0.02051,0.01641,0.01139,0.67437,0.67437,0.01464,0.01464,0.02506,0.02506,0.03279,0.03279,-0.64704,-0.64704,-0.03279,-0.03279,0.64704,0.64704,0.03353,0.03353,-0.63924,-0.63924
15.0,0.02,20,0,0.04684,0.04684,0.02402,0.02402,0.03178,0.02676,-0.0,-0.0,-0.0,-0.0,0.0,0.0,-0.0,0.0,-0.0,0.0,-0.06362,-0.06362,1.20196,1.20196,0.06362,0.06362,-1.20196,-1.20196
15.0,0.02,20,45,0.05211,0.05211,0.02698,0.02698,0.02225,0.01724,-0.88945,-0.88945,-0.02074,-0.02074,-0.03313,-0.03313,-0.04433,-0.04433,0.85688,0.85688,-0.04565,-0.04565,0.843,0.843,0.04433,0.04433,-0.85688,-0.85688
15.0,0.02,20,90,0.04684,0.04684,0.02402,0.02402,-0.00031,-0.00532,-1.26746,-1.26746,-0.02175,-0.02175,-0.05094,-0.05094,-0.06362,-0.06362,1.20196,1.20196,-0.0,0.0,0.0,0.0,-0.0,-0.0,0.0,0.0
15.0,0.02,20,135,0.05211,0.05211,0.02698,0.02698,-0.02224,-0.02725,-0.9031,-0.9031,-0.01031,-0.01031,-0.03887,-0.03887,-0.04565,-0.04565,0.843,0.843,0.04565,0.04565,-0.843,-0.843,-0.04433,-0.04433,0.85688,0.85688
15.0,0.02,20,180,0.04684,0.04684,0.02402,0.02402,-0.03114,-0.03615,-0.0,0.0,0.0,0.0,-0.0,-0.0,-0.0,-0.0,-0.0,0.0,0.06362,0.06362,-1.20196,-1.20196,-0.06362,-0.06362,1.20196,1.20196
15.0,0.02,20,225,0.05211,0.05211,0.02698,0.02698,-0.02224,-0.02725,0.9031,0.9031,0.01031,0.01031,0.03887,0.03887,0.04565,0.04565,-0.843,-0.843,0.04433,0.04433,-0.85688,-0.85688,-0.04565,-0.04565,0.843,0.843
15.0,0.02,20,270,0.04684,0.04684,0.02402,0.02402,-0.00031,-0.00532,1.26746,1.26746,0.02175,0.02175,0.05094,0.05094,0.06362,0.06362,-1.20196,-1.20196,0.0,0.0,0.0,0.0,-0.0,-0.0,0.0,0.0
15.0,0.02,20,315,0.05211,0.05211,0.02698,0.02698,0.02225,0.01724,0.88945,0.88945,0.02074,0.02074,0.03313,0.03313,0.04433,0.04433,-0.85688,-0.85688,-0.04433,-0.04433,0.85688,0.85688,0.04565,0.04565,-0.843,-0.843
15.0,0.02,25,0,0.05959,0.05959,0.0294,0.0294,0.04071,0.0357,-0.0,-0.0,0.0,0.0,0.0,0.0,-0.0,0.0,-0.0,0.0,-0.08137,-0.08137,1.48529,1.48529,0.08137,0.08137,-1.48529,-1.48529
15.0,0.02,25,45,0.06625,0.06625,0.03309,0.03309,0.02844,0.02342,-1.09688,-1.09688,-0.02747,-0.02747,-0.04118,-0.04118,-0.0565,-0.0565,1.06118,1.06118,-0.0586,-0.0586,1.03944,1.03944,0.0565,0.0565,-1.06118,-1.06118
15.0,0.02,25,90,0.05959,0.05959,0.0294,0.0294,-0.0005,-0.00551,-1.5662,-1.5662,-0.0268,-0.0268,-0.06487,-0.06487,-0.08137,-0.08137,1.48529,1.48529,0.0,0.0,-0.0,-0.0,-0.0,-0.0,-0.0,-0.0
15.0,0.02,25,135,0.06625,0.06625,0.03309,0.03309,-0.02844,-0.03345,-1.11826,-1.11826,-0.01101,-0.01101,-0.05054,-0.05054,-0.0586,-0.0586,1.03944,1.03944,0.0586,0.0586,-1.03944,-1.03944,-0.0565,-0.0565,1.06118,1.06118
15.0,0.02,25,180,0.05959,0.05959,0.0294,0.0294,-0.03972,-0.04473,0.0,0.0,0.0,0.0,0.0,0.0,-0.0,-0.0,0.0,0.0,0.08137,0.08137,-1.48529,-1.48529,-0.08137,-0.08137,1.48529,1.48529
15.0,0.02,25,225,0.06625,0.06625,0.03309,0.03309,-0.02844,-0.03345,1.11826,1.11826,0.01101,0.01101,0.05054,0.05054,0.0586,0.0586,-1.03944,-1.03944,0.0565,0.0565,-1.06118,-1.06118,-0.0586,-0.0586,1.03944,1.03944
15.0,0.02,25,270,0.05959,0.05959,0.0294,0.0294,-0.0005,-0.00551,1.5662,1.5662,0.0268,0.0268,0.06487,0.06487,0.08137,0.08137,-1.48529,-1.48529,0.0,0.0,0.0,0.0,-0.0,-0.0,0.0,0.0
15.0,0.02,25,315,0.06625,0.06625,0.03309,0.03309,0.02844,0.02342,1.09688,1.09688,0.02747,0.02747,0.04118,0.04118,0.0565,0.0565,-1.06118,-1.06118,-0.0565,-0.0565,1.06118,1.06118,0.0586,0.0586,-1.03944,-1.03944
15.0,0.02,30,0,0.07313,0.07313,0.03433,0.03433,0.05037,0.04536,-0.0,-0.0,0.0,0.0,-0.0,-0.0,-0.0,-0.0,-0.0,0.0,-0.10055,-0.10055,1.75737,1.75737,0.10055,0.10055,-1.75737,-1.75737
15.0,0.02,30,45,0.08126,0.08126,0.0387,0.0387,0.0351,0.03009,-1.29502,-1.29502,-0.03484,-0.03484,-0.04926,-0.04926,-0.06957,-0.06957,1.25845,1.25845,-0.07265,-0.07265,1.22703,1.22703,0.06957,0.06957,-1.25845,-1.25845
15.0,0.02,30,90,0.07313,0.07313,0.03433,0.03433,-0.00074,-0.00575,-1.85306,-1.85306,-0.03158,-0.03158,-0.07965,-0.07965,-0.10055,-0.10055,1.75737,1.75737,0.0,0.0,0.0,0.0,-0.0,-0.0,0.0,0.0
15.0,0.02,30,135,0.08126,0.08126,0.0387,0.0387,-0.03513,-0.04015,-1.32593,-1.32593,-0.01082,-0.01082,-0.06345,-0.06345,-0.07265,-0.07265,1.22703,1.22703,0.07265,0.07265,-1.22703,-1.22703,-0.06957,-0.06957,1.25845,1.25845
15.0,0.02,30,180,0.07313,0.07313,0.03433,0.03433,-0.04896,-0.05397,-0.0,-0.0,0.0,0.0,-0.0,-0.0,-0.0,-0.0,-0.0,0.0,0.10055,0.10055,-1.75737,-1.75737,-0.10055,-0.10055,1.75737,1.75737
15.0,0.02,30,225,0.08126,0.08126,0.0387,0.0387,-0.03513,-0.04015,1.32593,1.32593,0.01082,0.01082,0.06345,0.06345,0.07265,0.07265,-1.22703,-1.22703,0.06957,0.06957,-1.25845,-1.25845,-0.07265,-0.07265,1.22703,1.22703
15.0,0.02,30,270,0.07313,0.07313,0.03433,0.03433,-0.00074,-0.00575,1.85306,1.85306,0.03158,0.03158,0.07965,0.07965,0.10055,0.10055,-1.75737,-1.75737,0.0,0.0,0.0,0.0,-0.0,-0.0,0.0,0.0
15.0,0.02,30,315,0.08126,0.08126,0.0387,0.0387,0.0351,0.03009,1.29502,1.29502,0.03484,0.03484,0.04926,0.04926,0.06957,0.06957,-1.25845,-1.25845,-0.06957,-0.06957,1.25845,1.25845,0.07265,0.07265,-1.22703,-1.22703
15.0,0.03,0,0,0.0,0.0,0.0,0.0,0.0,-0.00752,0.0,0.0,0.0,-0.0,0.0,0.0,0.0,0.0,0.0,0.0,0.0,-0.0,0.0,-0.0,0.0,0.0,0.0,-0.0
15.0,0.03,0,45,0.0,0.0,0.0,0.0,0.0,-0.00752,0.0,0.0,0.0,-0.0,0.0,0.0,0.0,0.0,0.0,0.0,0.0,-0.0,0.0,-0.0,0.0,0.0,0.0,-0.0
15.0,0.03,0,90,0.0,0.0,0.0,0.0,0.0,-0.00752,0.0,0.0,0.0,-0.0,0.0,0.0,0.0,0.0,0.0,0.0,0.0,-0.0,0.0,-0.0,0.0,0.0,0.0,-0.0
15.0,0.03,0,135,0.0,0.0,0.0,0.0,0.0,-0.00752,0.0,0.0,0.0,-0.0,0.0,0.0,0.0,0.0,0.0,0.0,0.0,-0.0,0.0,-0.0,0.0,0.0,0.0,-0.0
15.0,0.03,0,180,0.0,0.0,0.0,0.0,0.0,-0.00752,0.0,0.0,0.0,-0.0,0.0,0.0,0.0,0.0,0.0,0.0,0.0,-0.0,0.0,-0.0,0.0,0.0,0.0,-0.0
15.0,0.03,0,225,0.0,0.0,0.0,0.0,0.0,-0.00752,0.0,0.0,0.0,-0.0,0.0,0.0,0.0,0.0,0.0,0.0,0.0,-0.0,0.0,-0.0,0.0,0.0,0.0,-0.0
15.0,0.03,0,270,0.0,0.0,0.0,0.0,0.0,-0.00752,0.0,0.0,0.0,-0.0,0.0,0.0,0.0,0.0,0.0,0.0,0.0,-0.0,0.0,-0.0,0.0,0.0,0.0,-0.0
15.0,0.03,0,315,0.0,0.0,0.0,0.0,0.0,-0.00752,0.0,0.0,0.0,-0.0,0.0,0.0,0.0,0.0,0.0,0.0,0.0,-0.0,0.0,-0.0,0.0,0.0,0.0,-0.0
15.0,0.03,2.5,0,0.00782,0.00782,0.00309,0.00309,0.00556,-0.00196,-0.0,-0.0,-0.0,-0.0,0.0,0.0,-0.0,-0.0,-0.0,0.0,-0.01128,-0.01128,0.15327,0.15327,0.01128,0.01128,-0.15327,-0.15327
15.0,0.03,2.5,45,0.00872,0.00872,0.00345,0.00345,0.00393,-0.00359,-0.11415,-0.11415,-0.00202,-0.00202,-0.00645,-0.00645,-0.00796,-0.00796,0.10853,0.10853,-0.00799,-0.00799,0.10824,0.10824,0.00796,0.00796,-0.10853,-0.10853
15.0,0.03,2.5,90,0.00782,0.00782,0.00309,0.00309,-1e-05,-0.00753,-0.16164,-0.16164,-0.00269,-0.00269,-0.00926,-0.00926,-0.01128,-0.01128,0.15327,0.15327,0.0,0.0,0.0,-0.0,-0.0,-0.0,0.0,0.0
15.0,0.03,2.5,135,0.00872,0.00872,0.00345,0.00345,-0.00393,-0.01145,-0.11444,-0.11444,-0.00178,-0.00178,-0.00664,-0.00664,-0.00799,-0.00799,0.10824,0.10824,0.00799,0.00799,-0.10824,-0.10824,-0.00796,-0.00796,0.10853,0.10853
15.0,0.03,2.5,180,0.00782,0.00782,0.00309,0.00309,-0.00555,-0.01307,-0.0,0.0,0.0,0.0,-0.0,-0.0,-0.0,0.0,-0.0,-0.0,0.01128,0.01128,-0.15327,-0.15327,-0.01128,-0.01128,0.15327,0.15327
15.0,0.03,2.5,225,0.00872,0.00872,0.00345,0.00345,-0.00393,-0.01145,0.11444,0.11444,0.00178,0.00178,0.00664,0.00664,0.00799,0.00799,-0.10824,-0.10824,0.00796,0.00796,-0.10853,-0.10853,-0.00799,-0.00799,0.10824,0.10824
15.0,0.03,2.5,270,0.00782,0.00782,0.00309,0.00309,-1e-05,-0.00753,0.16164,0.16164,0.00269,0.00269,0.00926,0.00926,0.01128,0.01128,-0.15327,-0.15327,0.0,0.0,0.0,0.0,-0.0,0.0,0.0,-0.0
15.0,0.03,2.5,315,0.00872,0.00872,0.00345,0.00345,0.00393,-0.00359,0.11415,0.11415,0.00202,0.00202,0.00645,0.00645,0.00796,0.00796,-0.10853,-0.10853,-0.00796,-0.00796,0.10853,0.10853,0.00799,0.00799,-0.10824,-0.10824
15.0,0.03,5,0,0.01567,0.01567,0.00618,0.00618,0.01116,0.00364,-0.0,0.0,0.0,0.0,-0.0,-0.0,-0.0,0.0,-0.0,0.0,-0.0226,-0.0226,0.30626,0.30626,0.0226,0.0226,-0.30626,-0.30626
15.0,0.03,5,45,0.01746,0.01746,0.00691,0.00691,0.00787,0.00035,-0.2278,-0.2278,-0.00426,-0.00426,-0.01273,-0.01273,-0.01592,-0.01592,0.21714,0.21714,-0.01604,-0.01604,0.21598,0.21598,0.01592,0.01592,-0.21714,-0.21714
15.0,0.03,5,90,0.01567,0.01567,0.00618,0.00618,-3e-05,-0.00755,-0.32297,-0.32297,-0.00537,-0.00537,-0.01854,-0.01854,-0.0226,-0.0226,0.30626,0.30626,0.0,0.0,0.0,0.0,-0.0,0.0,0.0,-0.0
15.0,0.03,5,135,0.01746,0.01746,0.00691,0.00691,-0.00787,-0.01539,-0.22895,-0.22895,-0.00333,-0.00333,-0.01349,-0.01349,-0.01604,-0.01604,0.21598,0.21598,0.01604,0.01604,-0.21598,-0.21598,-0.01592,-0.01592,0.21714,0.21714
15.0,0.03,5,180,0.01567,0.01567,0.00618,0.00618,-0.0111,-0.01862,-0.0,0.0,0.0,0.0,-0.0,-0.0,-0.0,0.0,-0.0,0.0,0.0226,0.0226,-0.30626,-0.30626,-0.0226,-0.0226,0.30626,0.30626
15.0,0.03,5,225,0.01746,0.01746,0.00691,0.00691,-0.00787,-0.01539,0.22895,0.22895,0.00333,0.00333,0.01349,0.01349,0.01604,0.01604,-0.21598,-0.21598,0.01592,0.01592,-0.21714,-0.21714,-0.01604,-0.01604,0.21598,0.21598
15.0,0.03,5,270,0.01567,0.01567,0.00618,0.00618,-3e-05,-0.00755,0.32297,0.32297,0.00537,0.00537,0.01854,0.01854,0.0226,0.0226,-0.30626,-0.30626,0.0,0.0,0.0,0.0,-0.0,-0.0,0.0,0.0
15.0,0.03,5,315,0.01746,0.01746,0.00691,0.00691,0.00787,0.00035,0.2278,0.2278,0.00426,0.00426,0.01273,0.01273,0.01592,0.01592,-0.21714,-0.21714,-0.01592,-0.01592,0.21714,0.21714,0.01604,0.01604,-0.21598,-0.21598
15.0,0.03,7.5,0,0.02357,0.02357,0.00926,0.00926,0.01681,0.00929,-0.0,-0.0,0.0,0.0,-0.0,-0.0,-0.0,0.0,-0.0,0.0,-0.034,-0.034,0.45866,0.45866,0.034,0.034,-0.45866,-0.45866
15.0,0.03,7.5,45,0.02626,0.02626,0.01036,0.01036,0.01184,0.00432,-0.34073,-0.34073,-0.00674,-0.00674,-0.01884,-0.01884,-0.02391,-0.02391,0.32563,0.32563,-0.02418,-0.02418,0.32302,0.32302,0.02391,0.02391,-0.32563,-0.32563
15.0,0.03,7.5,90,0.02357,0.02357,0.00926,0.00926,-6e-05,-0.00758,-0.48369,-0.48369,-0.00803,-0.00803,-0.02786,-0.02786,-0.034,-0.034,0.45866,0.45866,0.0,0.0,0.0,0.0,-0.0,-0.0,0.0,-0.0
15.0,0.03,7.5,135,0.02626,0.02626,0.01036,0.01036,-0.01184,-0.01936,-0.34331,-0.34331,-0.00464,-0.00464,-0.02055,-0.02055,-0.02418,-0.02418,0.32302,0.32302,0.02418,0.02418,-0.32302,-0.32302,-0.02391,-0.02391,0.32563,0.32563
15.0,0.03,7.5,180,0.02357,0.02357,0.00926,0.00926,-0.01668,-0.0242,-0.0,-0.0,0.0,0.0,-0.0,-0.0,-0.0,-0.0,-0.0,0.0,0.034,0.034,-0.45866,-0.45866,-0.034,-0.034,0.45866,0.45866
15.0,0.03,7.5,225,0.02626,0.02626,0.01036,0.01036,-0.01184,-0.01936,0.34331,0.34331,0.00464,0.00464,0.02055,0.02055,0.02418,0.02418,-0.32302,-0.32302,0.02391,0.02391,-0.32563,-0.32563,-0.02418,-0.02418,0.32302,0.32302
15.0,0.03,7.5,270,0.02357,0.02357,0.00926,0.00926,-6e-05,-0.00758,0.48369,0.48369,0.00803,0.00803,0.02786,0.02786,0.034,0.034,-0.45866,-0.45866,0.0,0.0,0.0,-0.0,-0.0,0.0,0.0,-0.0
15.0,0.03,7.5,315,0.02626,0.02626,0.01036,0.01036,0.01184,0.00432,0.34073,0.34073,0.00674,0.00674,0.01884,0.01884,0.02391,0.02391,-0.32563,-0.32563,-0.02391,-0.02391,0.32563,0.32563,0.02418,0.02418,-0.32302,-0.32302
15.0,0.03,10,0,0.03155,0.03155,0.01232,0.01232,0.02254,0.01502,-0.0,0.0,0.0,0.0,-0.0,-0.0,-0.0,0.0,-0.0,0.0,-0.04553,-0.04553,0.6102,0.6102,0.04553,0.04553,-0.6102,-0.6102
15.0,0.03,10,45,0.03515,0.03515,0.01379,0.01379,0.01586,0.00834,-0.45273,-0.45273,-0.00945,-0.00945,-0.02479,-0.02479,-0.03195,-0.03195,0.4338,0.4338,-0.03244,-0.03244,0.42916,0.42916,0.03195,0.03195,-0.4338,-0.4338
15.0,0.03,10,90,0.03155,0.03155,0.01232,0.01232,-0.00011,-0.00763,-0.64349,-0.64349,-0.01068,-0.01068,-0.03724,-0.03724,-0.04553,-0.04553,0.6102,0.6102,0.0,0.0,0.0,0.0,-0.0,-0.0,0.0,0.0
15.0,0.03,10,135,0.03515,0.03515,0.01379,0.01379,-0.01585,-0.02337,-0.45731,-0.45731,-0.00571,-0.00571,-0.02786,-0.02786,-0.03244,-0.03244,0.42916,0.42916,0.03244,0.03244,-0.42916,-0.42916,-0.03195,-0.03195,0.4338,0.4338
15.0,0.03,10,180,0.03155,0.03155,0.01232,0.01232,-0.02231,-0.02983,-0.0,-0.0,0.0,0.0,-0.0,-0.0,-0.0,-0.0,-0.0,0.0,0.04553,0.04553,-0.6102,-0.6102,-0.04553,-0.04553,0.6102,0.6102
15.0,0.03,10,225,0.03515,0.03515,0.01379,0.01379,-0.01585,-0.02337,0.45731,0.45731,0.00571,0.00571,0.02786,0.02786,0.03244,0.03244,-0.42916,-0.42916,0.03195,0.03195,-0.4338,-0.4338,-0.03244,-0.03244,0.42916,0.42916
15.0,0.03,10,270,0.03155,0.03155,0.01232,0.01232,-0.00011,-0.00763,0.64349,0.64349,0.01068,0.01068,0.03724,0.03724,0.04553,0.04553,-0.6102,-0.6102,0.0,0.0,0.0,-0.0,-0.0,-0.0,0.0,0.0
15.0,0.03,10,315,0.03515,0.03515,0.01379,0.01379,0.01586,0.00834,0.45273,0.45273,0.00945,0.00945,0.02479,0.02479,0.03195,0.03195,-0.4338,-0.4338,-0.03195,-0.03195,0.4338,0.4338,0.03244,0.03244,-0.42916,-0.42916
15.0,0.03,12.5,0,0.03964,0.03964,0.01533,0.01533,0.02837,0.02085,-0.0,0.0,0.0,0.0,-0.0,-0.0,-0.0,-0.0,-0.0,0.0,-0.05723,-0.05723,0.76058,0.76058,0.05723,0.05723,-0.76058,-0.76058
15.0,0.03,12.5,45,0.04414,0.04414,0.01718,0.01718,0.01994,0.01242,-0.56358,-0.56358,-0.01238,-0.01238,-0.0306,-0.0306,-0.04009,-0.04009,0.54145,0.54145,-0.04085,-0.04085,0.53419,0.53419,0.04009,0.04009,-0.54145,-0.54145
15.0,0.03,12.5,90,0.03964,0.03964,0.01533,0.01533,-0.00017,-0.00769,-0.80207,-0.80207,-0.01329,-0.01329,-0.04671,-0.04671,-0.05723,-0.05723,0.76058,0.76058,0.0,0.0,0.0,0.0,-0.0,0.0,0.0,0.0
15.0,0.03,12.5,135,0.04414,0.04414,0.01718,0.01718,-0.01992,-0.02744,-0.57074,-0.57074,-0.00652,-0.00652,-0.03543,-0.03543,-0.04085,-0.04085,0.53419,0.53419,0.04085,0.04085,-0.53419,-0.53419,-0.04009,-0.04009,0.54145,0.54145
15.0,0.03,12.5,180,0.03964,0.03964,0.01533,0.01533,-0.028,-0.03552,-0.0,-0.0,0.0,0.0,-0.0,-0.0,-0.0,-0.0,-0.0,-0.0,0.05723,0.05723,-0.76058,-0.76058,-0.05723,-0.05723,0.76058,0.76058
15.0,0.03,12.5,225,0.04414,0.04414,0.01718,0.01718,-0.01992,-0.02744,0.57074,0.57074,0.00652,0.00652,0.03543,0.03543,0.04085,0.04085,-0.53419,-0.53419,0.04009,0.04009,-0.54145,-0.54145,-0.04085,-0.04085,0.53419,0.53419
15.0,0.03,12.5,270,0.03964,0.03964,0.01533,0.01533,-0.00017,-0.00769,0.80207,0.80207,0.01329,0.01329,0.04671,0.04671,0.05723,0.05723,-0.76058,-0.76058,0.0,0.0,0.0,0.0,-0.0,-0.0,0.0,0.0
15.0,0.03,12.5,315,0.04414,0.04414,0.01718,0.01718,0.01994,0.01242,0.56358,0.56358,0.01238,0.01238,0.0306,0.0306,0.04009,0.04009,-0.54145,-0.54145,-0.04009,-0.04009,0.54145,0.54145,0.04085,0.04085,-0.53419,-0.53419
15.0,0.03,15,0,0.04786,0.04786,0.0183,0.0183,0.03431,0.02679,-0.0,-0.0,0.0,0.0,-0.0,-0.0,-0.0,0.0,-0.0,0.0,-0.06915,-0.06915,0.90952,0.90952,0.06915,0.06915,-0.90952,-0.90952
15.0,0.03,15,45,0.05327,0.05327,0.02052,0.02052,0.02408,0.01656,-0.67307,-0.67307,-0.01555,-0.01555,-0.03627,-0.03627,-0.04835,-0.04835,0.64837,0.64837,-0.04944,-0.04944,0.63791,0.63791,0.04835,0.04835,-0.64837,-0.64837
15.0,0.03,15,90,0.04786,0.04786,0.0183,0.0183,-0.00025,-0.00777,-0.95913,-0.95913,-0.01588,-0.01588,-0.05628,-0.05628,-0.06915,-0.06915,0.90952,0.90952,0.0,0.0,0.0,-0.0,-0.0,-0.0,0.0,0.0
15.0,0.03,15,135,0.05327,0.05327,0.02052,0.02052,-0.02407,-0.03159,-0.68339,-0.68339,-0.00709,-0.00709,-0.04329,-0.04329,-0.04944,-0.04944,0.63791,0.63791,0.04944,0.04944,-0.63791,-0.63791,-0.04835,-0.04835,0.64837,0.64837
15.0,0.03,15,180,0.04786,0.04786,0.0183,0.0183,-0.03378,-0.0413,-0.0,0.0,0.0,0.0,-0.0,-0.0,-0.0,0.0,-0.0,0.0,0.06915,0.06915,-0.90952,-0.90952,-0.06915,-0.06915,0.90952,0.90952
15.0,0.03,15,225,0.05327,0.05327,0.02052,0.02052,-0.02407,-0.03159,0.68339,0.68339,0.00709,0.00709,0.04329,0.04329,0.04944,0.04944,-0.63791,-0.63791,0.04835,0.04835,-0.64837,-0.64837,-0.04944,-0.04944,0.63791,0.63791
15.0,0.03,15,270,0.04786,0.04786,0.0183,0.0183,-0.00025,-0.00777,0.95913,0.95913,0.01588,0.01588,0.05628,0.05628,0.06915,0.06915,-0.90952,-0.90952,0.0,0.0,0.0,0.0,-0.0,-0.0,0.0,0.0
15.0,0.03,15,315,0.05327,0.05327,0.02052,0.02052,0.02408,0.01656,0.67307,0.67307,0.01555,0.01555,0.03627,0.03627,0.04835,0.04835,-0.64837,-0.64837,-0.04835,-0.04835,0.64837,0.64837,0.04944,0.04944,-0.63791,-0.63791
15.0,0.03,20,0,0.06479,0.06479,0.02403,0.02403,0.04667,0.03915,-0.0,-0.0,-0.0,-0.0,-0.0,0.0,-0.0,0.0,-0.0,0.0,-0.09385,-0.09385,1.20196,1.20196,0.09385,0.09385,-1.20196,-1.20196
15.0,0.03,20,45,0.07207,0.07207,0.027,0.027,0.03268,0.02516,-0.8871,-0.8871,-0.02259,-0.02259,-0.0472,-0.0472,-0.06538,-0.06538,0.85927,0.85927,-0.06735,-0.06735,0.84061,0.84061,0.06538,0.06538,-0.85927,-0.85927
15.0,0.03,20,90,0.06479,0.06479,0.02403,0.02403,-0.00045,-0.00798,-1.26749,-1.26749,-0.02091,-0.02091,-0.07579,-0.07579,-0.09385,-0.09385,1.20196,1.20196,0.0,0.0,0.0,0.0,-0.0,-0.0,0.0,0.0
15.0,0.03,20,135,0.07207,0.07207,0.027,0.027,-0.03266,-0.04018,-0.90552,-0.90552,-0.00742,-0.00742,-0.05998,-0.05998,-0.06735,-0.06735,0.84061,0.84061,0.06735,0.06735,-0.84061,-0.84061,-0.06538,-0.06538,0.85927,0.85927
15.0,0.03,20,180,0.06479,0.06479,0.02403,0.02403,-0.04573,-0.05325,-0.0,0.0,0.0,0.0,-0.0,-0.0,-0.0,-0.0,-0.0,0.0,0.09385,0.09385,-1.20196,-1.20196,-0.09385,-0.09385,1.20196,1.20196
15.0,0.03,20,225,0.07207,0.07207,0.027,0.027,-0.03266,-0.04018,0.90552,0.90552,0.00742,0.00742,0.05998,0.05998,0.06735,0.06735,-0.84061,-0.84061,0.06538,0.06538,-0.85927,-0.85927,-0.06735,-0.06735,0.84061,0.84061
15.0,0.03,20,270,0.06479,0.06479,0.02403,0.02403,-0.00045,-0.00798,1.26749,1.26749,0.02091,0.02091,0.07579,0.07579,0.09385,0.09385,-1.20196,-1.20196,0.0,0.0,0.0,0.0,-0.0,-0.0,0.0,0.0
15.0,0.03,20,315,0.07207,0.07207,0.027,0.027,0.03268,0.02516,0.8871,0.8871,0.02259,0.02259,0.0472,0.0472,0.06538,0.06538,-0.85927,-0.85927,-0.06538,-0.06538,0.85927,0.85927,0.06735,0.06735,-0.84061,-0.84061
15.0,0.03,25,0,0.08262,0.08262,0.02941,0.02941,0.05983,0.05231,-0.0,-0.0,0.0,0.0,-0.0,-0.0,-0.0,0.0,-0.0,0.0,-0.12011,-0.12011,1.48529,1.48529,0.12011,0.12011,-1.48529,-1.48529
15.0,0.03,25,45,0.09185,0.09185,0.0331,0.0331,0.0418,0.03428,-1.09314,-1.09314,-0.03059,-0.03059,-0.05764,-0.05764,-0.08338,-0.08338,1.06496,1.06496,-0.08649,-0.08649,1.03567,1.03567,0.08338,0.08338,-1.06496,-1.06496
15.0,0.03,25,90,0.08262,0.08262,0.02941,0.02941,-0.00073,-0.00825,-1.56624,-1.56624,-0.02572,-0.02572,-0.09584,-0.09584,-0.12011,-0.12011,1.48529,1.48529,0.0,0.0,0.0,-0.0,-0.0,-0.0,-0.0,-0.0
15.0,0.03,25,135,0.09185,0.09185,0.0331,0.0331,-0.0418,-0.04932,-1.12207,-1.12207,-0.00663,-0.00663,-0.07816,-0.07816,-0.08649,-0.08649,1.03567,1.03567,0.08649,0.08649,-1.03567,-1.03567,-0.08338,-0.08338,1.06496,1.06496
15.0,0.03,25,180,0.08262,0.08262,0.02941,0.02941,-0.05837,-0.0659,0.0,0.0,0.0,0.0,-0.0,0.0,-0.0,-0.0,0.0,0.0,0.12011,0.12011,-1.48529,-1.48529,-0.12011,-0.12011,1.48529,1.48529
15.0,0.03,25,225,0.09185,0.09185,0.0331,0.0331,-0.0418,-0.04932,1.12207,1.12207,0.00663,0.00663,0.07816,0.07816,0.08649,0.08649,-1.03567,-1.03567,0.08338,0.08338,-1.06496,-1.06496,-0.08649,-0.08649,1.03567,1.03567
15.0,0.03,25,270,0.08262,0.08262,0.02941,0.02941,-0.00073,-0.00825,1.56624,1.56624,0.02572,0.02572,0.09584,0.09584,0.12011,0.12011,-1.48529,-1.48529,0.0,0.0,0.0,0.0,-0.0,-0.0,0.0,0.0
15.0,0.03,25,315,0.09185,0.09185,0.0331,0.0331,0.0418,0.03428,1.09314,1.09314,0.03059,0.03059,0.05764,0.05764,0.08338,0.08338,-1.06496,-1.06496,-0.08338,-0.08338,1.06496,1.06496,0.08649,0.08649,-1.03567,-1.03567
15.0,0.03,30,0,0.10169,0.10169,0.03435,0.03435,0.07409,0.06657,-0.0,-0.0,0.0,0.0,-0.0,-0.0,-0.0,-0.0,-0.0,0.0,-0.14852,-0.14852,1.75737,1.75737,0.14852,0.14852,-1.75737,-1.75737
15.0,0.03,30,45,0.11298,0.11298,0.03872,0.03872,0.05164,0.04412,-1.28953,-1.28953,-0.03963,-0.03963,-0.06758,-0.06758,-0.10276,-0.10276,1.26398,1.26398,-0.1073,-0.1073,1.2215,1.2215,0.10276,0.10276,-1.26398,-1.26398
15.0,0.03,30,90,0.10169,0.10169,0.03435,0.03435,-0.0011,-0.00862,-1.8531,-1.8531,-0.03025,-0.03025,-0.11635,-0.11635,-0.14852,-0.14852,1.75737,1.75737,0.0,0.0,0.0,0.0,-0.0,-0.0,0.0,0.0
15.0,0.03,30,135,0.11298,0.11298,0.03872,0.03872,-0.05169,-0.05921,-1.3315,-1.3315,-0.00462,-0.00462,-0.09805,-0.09805,-0.1073,-0.1073,1.2215,1.2215,0.1073,0.1073,-1.2215,-1.2215,-0.10276,-0.10276,1.26398,1.26398
15.0,0.03,30,180,0.10169,0.10169,0.03435,0.03435,-0.07201,-0.07953,-0.0,-0.0,0.0,0.0,-0.0,-0.0,-0.0,-0.0,-0.0,0.0,0.14852,0.14852,-1.75737,-1.75737,-0.14852,-0.14852,1.75737,1.75737
15.0,0.03,30,225,0.11298,0.11298,0.03872,0.03872,-0.05169,-0.05921,1.3315,1.3315,0.00462,0.00462,0.09805,0.09805,0.1073,0.1073,-1.2215,-1.2215,0.10276,0.10276,-1.26398,-1.26398,-0.1073,-0.1073,1.2215,1.2215
15.0,0.03,30,270,0.10169,0.10169,0.03435,0.03435,-0.0011,-0.00862,1.8531,1.8531,0.03025,0.03025,0.11635,0.11635,0.14852,0.14852,-1.75737,-1.75737,0.0,0.0,0.0,0.0,-0.0,-0.0,0.0,0.0
15.0,0.03,30,315,0.11298,0.11298,0.03872,0.03872,0.05164,0.04412,1.28953,1.28953,0.03963,0.03963,0.06758,0.06758,0.10276,0.10276,-1.26398,-1.26398,-0.10276,-0.10276,1.26398,1.26398,0.1073,0.1073,-1.2215,-1.2215
50.0,0.01,0,0,0.0,0.0,0.0,0.0,0.0,-0.00075,0.0,0.0,0.0,0.0,0.0,0.0,0.0,0.0,0.0,0.0,0.0,0.0,0.0,-0.0,0.0,0.0,0.0,-0.0
50.0,0.01,0,45,0.0,0.0,0.0,0.0,0.0,-0.00075,0.0,0.0,0.0,0.0,0.0,0.0,0.0,0.0,0.0,0.0,0.0,0.0,0.0,-0.0,0.0,0.0,0.0,-0.0
50.0,0.01,0,90,0.0,0.0,0.0,0.0,0.0,-0.00075,0.0,0.0,0.0,0.0,0.0,0.0,0.0,0.0,0.0,0.0,0.0,0.0,0.0,-0.0,0.0,0.0,0.0,-0.0
50.0,0.01,0,135,0.0,0.0,0.0,0.0,0.0,-0.00075,0.0,0.0,0.0,0.0,0.0,0.0,0.0,0.0,0.0,0.0,0.0,0.0,0.0,-0.0,0.0,0.0,0.0,-0.0
50.0,0.01,0,180,0.0,0.0,0.0,0.0,0.0,-0.00075,0.0,0.0,0.0,0.0,0.0,0.0,0.0,0.0,0.0,0.0,0.0,0.0,0.0,-0.0,0.0,0.0,0.0,-0.0
50.0,0.01,0,225,0.0,0.0,0.0,0.0,0.0,-0.00075,0.0,0.0,0.0,0.0,0.0,0.0,0.0,0.0,0.0,0.0,0.0,0.0,0.0,-0.0,0.0,0.0,0.0,-0.0
50.0,0.01,0,270,0.0,0.0,0.0,0.0,0.0,-0.00075,0.0,0.0,0.0,0.0,0.0,0.0,0.0,0.0,0.0,0.0,0.0,0.0,0.0,-0.0,0.0,0.0,0.0,-0.0
50.0,0.01,0,315,0.0,0.0,0.0,0.0,0.0,-0.00075,0.0,0.0,0.0,0.0,0.0,0.0,0.0,0.0,0.0,0.0,0.0,0.0,0.0,-0.0,0.0,0.0,0.0,-0.0
50.0,0.01,2.5,0,0.00257,0.00257,0.00093,0.00093,0.00185,0.0011,-0.0,-0.0,0.0,0.0,-0.0,-0.0,-0.0,-0.0,-0.0,0.0,-0.00376,-0.00376,0.04598,0.04598,0.00376,0.00376,-0.04598,-0.04598
50.0,0.01,2.5,45,0.00286,0.00286,0.00103,0.00103,0.00131,0.00056,-0.03427,-0.03427,-0.00064,-0.00064,-0.00211,-0.00211,-0.00266,-0.00266,0.03253,0.03253,-0.00266,-0.00266,0.0325,0.0325,0.00266,0.00266,-0.03253,-0.03253
50.0,0.01,2.5,90,0.00257,0.00257,0.00093,0.00093,-0.0,-0.00075,-0.04849,-0.04849,-0.00089,-0.00089,-0.003,-0.003,-0.00376,-0.00376,0.04598,0.04598,0.0,0.0,0.0,0.0,-0.0,-0.0,0.0,0.0
50.0,0.01,2.5,135,0.00286,0.00286,0.00103,0.00103,-0.00131,-0.00206,-0.0343,-0.0343,-0.00062,-0.00062,-0.00213,-0.00213,-0.00266,-0.00266,0.0325,0.0325,0.00266,0.00266,-0.0325,-0.0325,-0.00266,-0.00266,0.03253,0.03253
50.0,0.01,2.5,180,0.00257,0.00257,0.00093,0.00093,-0.00185,-0.0026,-0.0,0.0,0.0,0.0,-0.0,-0.0,-0.0,0.0,-0.0,0.0,0.00376,0.00376,-0.04598,-0.04598,-0.00376,-0.00376,0.04598,0.04598
50.0,0.01,2.5,225,0.00286,0.00286,0.00103,0.00103,-0.00131,-0.00206,0.0343,0.0343,0.00062,0.00062,0.00213,0.00213,0.00266,0.00266,-0.0325,-0.0325,0.00266,0.00266,-0.03253,-0.03253,-0.00266,-0.00266,0.0325,0.0325
50.0,0.01,2.5,270,0.00257,0.00257,0.00093,0.00093,-0.0,-0.00075,0.04849,0.04849,0.00089,0.00089,0.003,0.003,0.00376,0.00376,-0.04598,-0.04598,0.0,0.0,0.0,-0.0,-0.0,-0.0,0.0,0.0
50.0,0.01,2.5,315,0.00286,0.00286,0.00103,0.00103,0.00131,0.00056,0.03427,0.03427,0.00064,0.00064,0.00211,0.00211,0.00266,0.00266,-0.03253,-0.03253,-0.00266,-0.00266,0.03253,0.03253,0.00266,0.00266,-0.0325,-0.0325
50.0,0.01,5,0,0.00514,0.00514,0.00185,0.00185,0.00371,0.00296,-0.0,-0.0,-0.0,-0.0,0.0,0.0,-0.0,-0.0,-0.0,0.0,-0.00753,-0.00753,0.09188,0.09188,0.00753,0.00753,-0.09188,-0.09188
50.0,0.01,5,45,0.00573,0.00573,0.00206,0.00206,0.00262,0.00187,-0.06845,-0.06845,-0.0013,-0.0013,-0.0042,-0.0042,-0.00532,-0.00532,0.06502,0.06502,-0.00533,-0.00533,0.06491,0.06491,0.00532,0.00532,-0.06502,-0.06502
50.0,0.01,5,90,0.00514,0.00514,0.00185,0.00185,-0.0,-0.00075,-0.09688,-0.09688,-0.00177,-0.00177,-0.006,-0.006,-0.00753,-0.00753,0.09188,0.09188,0.0,0.0,0.0,0.0,-0.0,-0.0,0.0,0.0
50.0,0.01,5,135,0.00573,0.00573,0.00206,0.00206,-0.00262,-0.00337,-0.06856,-0.06856,-0.00121,-0.00121,-0.00429,-0.00429,-0.00533,-0.00533,0.06491,0.06491,0.00533,0.00533,-0.06491,-0.06491,-0.00532,-0.00532,0.06502,0.06502
50.0,0.01,5,180,0.00514,0.00514,0.00185,0.00185,-0.0037,-0.00446,-0.0,-0.0,0.0,0.0,-0.0,-0.0,-0.0,-0.0,-0.0,0.0,0.00753,0.00753,-0.09188,-0.09188,-0.00753,-0.00753,0.09188,0.09188
50.0,0.01,5,225,0.00573,0.00573,0.00206,0.00206,-0.00262,-0.00337,0.06856,0.06856,0.00121,0.00121,0.00429,0.00429,0.00533,0.00533,-0.06491,-0.06491,0.00532,0.00532,-0.06502,-0.06502,-0.00533,-0.00533,0.06491,0.06491
50.0,0.01,5,270,0.00514,0.00514,0.00185,0.00185,-0.0,-0.00075,0.09688,0.09688,0.00177,0.00177,0.006,0.006,0.00753,0.00753,-0.09188,-0.09188,0.0,0.0,0.0,0.0,-0.0,0.0,0.0,0.0
50.0,0.01,5,315,0.00573,0.00573,0.00206,0.00206,0.00262,0.00187,0.06845,0.06845,0.0013,0.0013,0.0042,0.0042,0.00532,0.00532,-0.06502,-0.06502,-0.00532,-0.00532,0.06502,0.06502,0.00533,0.00533,-0.06491,-0.06491
50.0,0.01,7.5,0,0.00773,0.00773,0.00276,0.00276,0.00558,0.00483,-0.0,0.0,0.0,0.0,-0.0,-0.0,-0.0,0.0,-0.0,0.0,-0.01133,-0.01133,0.1376,0.1376,0.01133,0.01133,-0.1376,-0.1376
50.0,0.01,7.5,45,0.00862,0.00862,0.00309,0.00309,0.00394,0.00319,-0.10247,-0.10247,-0.00198,-0.00198,-0.00629,-0.00629,-0.008,-0.008,0.09742,0.09742,-0.00803,-0.00803,0.09717,0.09717,0.008,0.008,-0.09742,-0.09742
50.0,0.01,7.5,90,0.00773,0.00773,0.00276,0.00276,-1e-05,-0.00076,-0.14509,-0.14509,-0.00266,-0.00266,-0.00903,-0.00903,-0.01133,-0.01133,0.1376,0.1376,0.0,0.0,0.0,0.0,-0.0,-0.0,0.0,0.0
50.0,0.01,7.5,135,0.00862,0.00862,0.00309,0.00309,-0.00394,-0.00469,-0.10272,-0.10272,-0.00177,-0.00177,-0.00649,-0.00649,-0.00803,-0.00803,0.09717,0.09717,0.00803,0.00803,-0.09717,-0.09717,-0.008,-0.008,0.09742,0.09742
50.0,0.01,7.5,180,0.00773,0.00773,0.00276,0.00276,-0.00557,-0.00632,-0.0,0.0,0.0,0.0,-0.0,-0.0,-0.0,-0.0,-0.0,0.0,0.01133,0.01133,-0.1376,-0.1376,-0.01133,-0.01133,0.1376,0.1376
50.0,0.01,7.5,225,0.00862,0.00862,0.00309,0.00309,-0.00394,-0.00469,0.10272,0.10272,0.00177,0.00177,0.00649,0.00649,0.00803,0.00803,-0.09717,-0.09717,0.008,0.008,-0.09742,-0.09742,-0.00803,-0.00803,0.09717,0.09717
50.0,0.01,7.5,270,0.00773,0.00773,0.00276,0.00276,-1e-05,-0.00076,0.14509,0.14509,0.00266,0.00266,0.00903,0.00903,0.01133,0.01133,-0.1376,-0.1376,0.0,0.0,0.0,-0.0,-0.0,0.0,0.0,-0.0
50.0,0.01,7.5,315,0.00862,0.00862,0.00309,0.00309,0.00394,0.00319,0.10247,0.10247,0.00198,0.00198,0.00629,0.00629,0.008,0.008,-0.09742,-0.09742,-0.008,-0.008,0.09742,0.09742,0.00803,0.00803,-0.09717,-0.09717
50.0,0.01,10,0,0.01034,0.01034,0.00367,0.00367,0.00748,0.00673,-0.0,-0.0,0.0,0.0,-0.0,-0.0,-0.0,-0.0,-0.0,0.0,-0.01517,-0.01517,0.18305,0.18305,0.01517,0.01517,-0.18305,-0.18305
50.0,0.01,10,45,0.01153,0.01153,0.0041,0.0041,0.00528,0.00453,-0.13627,-0.13627,-0.00268,-0.00268,-0.00837,-0.00837,-0.0107,-0.0107,0.12967,0.12967,-0.01075,-0.01075,0.12921,0.12921,0.0107,0.0107,-0.12967,-0.12967
50.0,0.01,10,90,0.01034,0.01034,0.00367,0.00367,-1e-05,-0.00076,-0.19302,-0.19302,-0.00353,-0.00353,-0.01209,-0.01209,-0.01517,-0.01517,0.18305,0.18305,0.0,0.0,0.0,0.0,-0.0,-0.0,0.0,0.0
50.0,0.01,10,135,0.01153,0.01153,0.0041,0.0041,-0.00528,-0.00603,-0.13671,-0.13671,-0.00231,-0.00231,-0.00873,-0.00873,-0.01075,-0.01075,0.12921,0.12921,0.01075,0.01075,-0.12921,-0.12921,-0.0107,-0.0107,0.12967,0.12967
50.0,0.01,10,180,0.01034,0.01034,0.00367,0.00367,-0.00745,-0.00821,-0.0,-0.0,0.0,0.0,-0.0,-0.0,-0.0,-0.0,-0.0,0.0,0.01517,0.01517,-0.18305,-0.18305,-0.01517,-0.01517,0.18305,0.18305
50.0,0.01,10,225,0.01153,0.01153,0.0041,0.0041,-0.00528,-0.00603,0.13671,0.13671,0.00231,0.00231,0.00873,0.00873,0.01075,0.01075,-0.12921,-0.12921,0.0107,0.0107,-0.12967,-0.12967,-0.01075,-0.01075,0.12921,0.12921
50.0,0.01,10,270,0.01034,0.01034,0.00367,0.00367,-1e-05,-0.00076,0.19302,0.19302,0.00353,0.00353,0.01209,0.01209,0.01517,0.01517,-0.18305,-0.18305,0.0,0.0,0.0,-0.0,-0.0,0.0,0.0,-0.0
50.0,0.01,10,315,0.01153,0.01153,0.0041,0.0041,0.00528,0.00453,0.13627,0.13627,0.00268,0.00268,0.00837,0.00837,0.0107,0.0107,-0.12967,-0.12967,-0.0107,-0.0107,0.12967,0.12967,0.01075,0.01075,-0.12921,-0.12921
50.0,0.01,12.5,0,0.01299,0.01299,0.00456,0.00456,0.0094,0.00865,-0.0,0.0,0.0,0.0,-0.0,-0.0,-0.0,-0.0,-0.0,0.0,-0.01907,-0.01907,0.22816,0.22816,0.01907,0.01907,-0.22816,-0.22816
50.0,0.01,12.5,45,0.01448,0.01448,0.0051,0.0051,0.00664,0.00588,-0.16977,-0.16977,-0.00341,-0.00341,-0.01047,-0.01047,-0.01345,-0.01345,0.16169,0.16169,-0.01352,-0.01352,0.16098,0.16098,0.01345,0.01345,-0.16169,-0.16169
50.0,0.01,12.5,90,0.01299,0.01299,0.00456,0.00456,-2e-05,-0.00077,-0.24059,-0.24059,-0.0044,-0.0044,-0.0152,-0.0152,-0.01907,-0.01907,0.22816,0.22816,0.0,0.0,0.0,-0.0,-0.0,-0.0,0.0,0.0
50.0,0.01,12.5,135,0.01448,0.01448,0.0051,0.0051,-0.00663,-0.00739,-0.17047,-0.17047,-0.00282,-0.00282,-0.01103,-0.01103,-0.01352,-0.01352,0.16098,0.16098,0.01352,0.01352,-0.16098,-0.16098,-0.01345,-0.01345,0.16169,0.16169
50.0,0.01,12.5,180,0.01299,0.01299,0.00456,0.00456,-0.00936,-0.01012,-0.0,-0.0,-0.0,-0.0,-0.0,-0.0,-0.0,-0.0,-0.0,-0.0,0.01907,0.01907,-0.22816,-0.22816,-0.01907,-0.01907,0.22816,0.22816
50.0,0.01,12.5,225,0.01448,0.01448,0.0051,0.0051,-0.00663,-0.00739,0.17047,0.17047,0.00282,0.00282,0.01103,0.01103,0.01352,0.01352,-0.16098,-0.16098,0.01345,0.01345,-0.16169,-0.16169,-0.01352,-0.01352,0.16098,0.16098
50.0,0.01,12.5,270,0.01299,0.01299,0.00456,0.00456,-2e-05,-0.00077,0.24059,0.24059,0.0044,0.0044,0.0152,0.0152,0.01907,0.01907,-0.22816,-0.22816,0.0,0.0,0.0,0.0,-0.0,-0.0,0.0,0.0
50.0,0.01,12.5,315,0.01448,0.01448,0.0051,0.0051,0.00664,0.00588,0.16977,0.16977,0.00341,0.00341,0.01047,0.01047,0.01345,0.01345,-0.16169,-0.16169,-0.01345,-0.01345,0.16169,0.16169,0.01352,0.01352,-0.16098,-0.16098
50.0,0.01,15,0,0.01568,0.01568,0.00544,0.00544,0.01136,0.01061,-0.0,0.0,0.0,0.0,-0.0,-0.0,-0.0,-0.0,-0.0,0.0,-0.02304,-0.02304,0.27284,0.27284,0.02304,0.02304,-0.27284,-0.27284
50.0,0.01,15,45,0.01747,0.01747,0.00608,0.00608,0.00802,0.00726,-0.20293,-0.20293,-0.00415,-0.00415,-0.01257,-0.01257,-0.01624,-0.01624,0.19344,0.19344,-0.01635,-0.01635,0.19242,0.19242,0.01624,0.01624,-0.19344,-0.19344
50.0,0.01,15,90,0.01568,0.01568,0.00544,0.00544,-2e-05,-0.00078,-0.2877,-0.2877,-0.00526,-0.00526,-0.01836,-0.01836,-0.02304,-0.02304,0.27284,0.27284,0.0,0.0,0.0,-0.0,-0.0,-0.0,0.0,0.0
50.0,0.01,15,135,0.01747,0.01747,0.00608,0.00608,-0.00802,-0.00877,-0.20394,-0.20394,-0.0033,-0.0033,-0.0134,-0.0134,-0.01635,-0.01635,0.19242,0.19242,0.01635,0.01635,-0.19242,-0.19242,-0.01624,-0.01624,0.19344,0.19344
50.0,0.01,15,180,0.01568,0.01568,0.00544,0.00544,-0.01131,-0.01206,-0.0,-0.0,-0.0,-0.0,-0.0,-0.0,-0.0,0.0,-0.0,-0.0,0.02304,0.02304,-0.27284,-0.27284,-0.02304,-0.02304,0.27284,0.27284
50.0,0.01,15,225,0.01747,0.01747,0.00608,0.00608,-0.00802,-0.00877,0.20394,0.20394,0.0033,0.0033,0.0134,0.0134,0.01635,0.01635,-0.19242,-0.19242,0.01624,0.01624,-0.19344,-0.19344,-0.01635,-0.01635,0.19242,0.19242
50.0,0.01,15,270,0.01568,0.01568,0.00544,0.00544,-2e-05,-0.00078,0.2877,0.2877,0.00526,0.00526,0.01836,0.01836,0.02304,0.02304,-0.27284,-0.27284,0.0,0.0,0.0,0.0,-0.0,-0.0,0.0,0.0
50.0,0.01,15,315,0.01747,0.01747,0.00608,0.00608,0.00802,0.00726,0.20293,0.20293,0.00415,0.00415,0.01257,0.01257,0.01624,0.01624,-0.19344,-0.19344,-0.01624,-0.01624,0.19344,0.19344,0.01635,0.01635,-0.19242,-0.19242
50.0,0.01,20,0,0.02121,0.02121,0.00713,0.00713,0.01543,0.01468,-0.0,-0.0,0.0,0.0,-0.0,-0.0,-0.0,-0.0,-0.0,0.0,-0.03127,-0.03127,0.36055,0.36055,0.03127,0.03127,-0.36055,-0.36055
50.0,0.01,20,45,0.02364,0.02364,0.00797,0.00797,0.01088,0.01013,-0.26793,-0.26793,-0.00568,-0.00568,-0.01686,-0.01686,-0.02202,-0.02202,0.25586,0.25586,-0.02221,-0.02221,0.25404,0.25404,0.02202,0.02202,-0.25586,-0.25586
50.0,0.01,20,90,0.02121,0.02121,0.00713,0.00713,-5e-05,-0.0008,-0.38019,-0.38019,-0.00695,-0.00695,-0.02491,-0.02491,-0.03127,-0.03127,0.36055,0.36055,0.0,0.0,0.0,0.0,-0.0,-0.0,0.0,0.0
50.0,0.01,20,135,0.02364,0.02364,0.00797,0.00797,-0.01088,-0.01163,-0.26973,-0.26973,-0.00417,-0.00417,-0.01838,-0.01838,-0.02221,-0.02221,0.25404,0.25404,0.02221,0.02221,-0.25404,-0.25404,-0.02202,-0.02202,0.25586,0.25586
50.0,0.01,20,180,0.02121,0.02121,0.00713,0.00713,-0.01534,-0.01609,-0.0,0.0,0.0,0.0,-0.0,-0.0,-0.0,0.0,-0.0,0.0,0.03127,0.03127,-0.36055,-0.36055,-0.03127,-0.03127,0.36055,0.36055
50.0,0.01,20,225,0.02364,0.02364,0.00797,0.00797,-0.01088,-0.01163,0.26973,0.26973,0.00417,0.00417,0.01838,0.01838,0.02221,0.02221,-0.25404,-0.25404,0.02202,0.02202,-0.25586,-0.25586,-0.02221,-0.02221,0.25404,0.25404
50.0,0.01,20,270,0.02121,0.02121,0.00713,0.00713,-5e-05,-0.0008,0.38019,0.38019,0.00695,0.00695,0.02491,0.02491,0.03127,0.03127,-0.36055,-0.36055,0.0,0.0,0.0,0.0,-0.0,-0.0,0.0,-0.0
50.0,0.01,20,315,0.02364,0.02364,0.00797,0.00797,0.01088,0.01013,0.26793,0.26793,0.00568,0.00568,0.01686,0.01686,0.02202,0.02202,-0.25586,-0.25586,-0.02202,-0.02202,0.25586,0.25586,0.02221,0.02221,-0.25404,-0.25404
50.0,0.01,25,0,0.02704,0.02704,0.00871,0.00871,0.01975,0.019,-0.0,-0.0,-0.0,-0.0,0.0,0.0,-0.0,0.0,-0.0,-0.0,-0.04003,-0.04003,0.44552,0.44552,0.04003,0.04003,-0.44552,-0.44552
50.0,0.01,25,45,0.03013,0.03013,0.00974,0.00974,0.01392,0.01316,-0.33077,-0.33077,-0.00728,-0.00728,-0.02129,-0.02129,-0.02815,-0.02815,0.31646,0.31646,-0.02846,-0.02846,0.3136,0.3136,0.02815,0.02815,-0.31646,-0.31646
50.0,0.01,25,90,0.02704,0.02704,0.00871,0.00871,-7e-05,-0.00082,-0.46978,-0.46978,-0.00859,-0.00859,-0.03185,-0.03185,-0.04003,-0.04003,0.44552,0.44552,0.0,0.0,0.0,0.0,-0.0,-0.0,0.0,0.0
50.0,0.01,25,135,0.03013,0.03013,0.00974,0.00974,-0.01392,-0.01467,-0.3336,-0.3336,-0.00489,-0.00489,-0.02378,-0.02378,-0.02846,-0.02846,0.3136,0.3136,0.02846,0.02846,-0.3136,-0.3136,-0.02815,-0.02815,0.31646,0.31646
50.0,0.01,25,180,0.02704,0.02704,0.00871,0.00871,-0.01961,-0.02036,-0.0,-0.0,-0.0,-0.0,0.0,0.0,-0.0,0.0,-0.0,-0.0,0.04003,0.04003,-0.44552,-0.44552,-0.04003,-0.04003,0.44552,0.44552
50.0,0.01,25,225,0.03013,0.03013,0.00974,0.00974,-0.01392,-0.01467,0.3336,0.3336,0.00489,0.00489,0.02378,0.02378,0.02846,0.02846,-0.3136,-0.3136,0.02815,0.02815,-0.31646,-0.31646,-0.02846,-0.02846,0.3136,0.3136
50.0,0.01,25,270,0.02704,0.02704,0.00871,0.00871,-7e-05,-0.00082,0.46978,0.46978,0.00859,0.00859,0.03185,0.03185,0.04003,0.04003,-0.44552,-0.44552,0.0,0.0,0.0,0.0,-0.0,-0.0,0.0,0.0
50.0,0.01,25,315,0.03013,0.03013,0.00974,0.00974,0.01392,0.01316,0.33077,0.33077,0.00728,0.00728,0.02129,0.02129,0.02815,0.02815,-0.31646,-0.31646,-0.02815,-0.02815,0.31646,0.31646,0.02846,0.02846,-0.3136,-0.3136
50.0,0.01,30,0,0.03326,0.03326,0.01015,0.01015,0.02443,0.02368,-0.0,0.0,0.0,0.0,-0.0,-0.0,-0.0,-0.0,-0.0,0.0,-0.04949,-0.04949,0.52709,0.52709,0.04949,0.04949,-0.52709,-0.52709
50.0,0.01,30,45,0.03706,0.03706,0.01136,0.01136,0.0172,0.01645,-0.39096,-0.39096,-0.00895,-0.00895,-0.02594,-0.02594,-0.03477,-0.03477,0.37479,0.37479,-0.03522,-0.03522,0.37064,0.37064,0.03477,0.03477,-0.37479,-0.37479
50.0,0.01,30,90,0.03326,0.03326,0.01015,0.01015,-0.00011,-0.00086,-0.5558,-0.5558,-0.01015,-0.01015,-0.03933,-0.03933,-0.04949,-0.04949,0.52709,0.52709,0.0,0.0,0.0,0.0,-0.0,0.0,0.0,0.0
50.0,0.01,30,135,0.03706,0.03706,0.01136,0.01136,-0.0172,-0.01796,-0.39507,-0.39507,-0.00546,-0.00546,-0.02975,-0.02975,-0.03522,-0.03522,0.37064,0.37064,0.03522,0.03522,-0.37064,-0.37064,-0.03477,-0.03477,0.37479,0.37479
50.0,0.01,30,180,0.03326,0.03326,0.01015,0.01015,-0.02422,-0.02498,-0.0,-0.0,0.0,0.0,-0.0,-0.0,-0.0,-0.0,-0.0,0.0,0.04949,0.04949,-0.52709,-0.52709,-0.04949,-0.04949,0.52709,0.52709
50.0,0.01,30,225,0.03706,0.03706,0.01136,0.01136,-0.0172,-0.01796,0.39507,0.39507,0.00546,0.00546,0.02975,0.02975,0.03522,0.03522,-0.37064,-0.37064,0.03477,0.03477,-0.37479,-0.37479,-0.03522,-0.03522,0.37064,0.37064
50.0,0.01,30,270,0.03326,0.03326,0.01015,0.01015,-0.00011,-0.00086,0.5558,0.5558,0.01015,0.01015,0.03933,0.03933,0.04949,0.04949,-0.52709,-0.52709,0.0,0.0,0.0,0.0,-0.0,-0.0,0.0,0.0
50.0,0.01,30,315,0.03706,0.03706,0.01136,0.01136,0.0172,0.01645,0.39096,0.39096,0.00895,0.00895,0.02594,0.02594,0.03477,0.03477,-0.37479,-0.37479,-0.03477,-0.03477,0.37479,0.37479,0.03522,0.03522,-0.37064,-0.37064
50.0,0.02,0,0,0.0,0.0,0.0,0.0,0.0,-0.0015,0.0,0.0,0.0,0.0,0.0,0.0,0.0,0.0,0.0,0.0,0.0,-0.0,0.0,-0.0,0.0,0.0,0.0,-0.0
50.0,0.02,0,45,0.0,0.0,0.0,0.0,0.0,-0.0015,0.0,0.0,0.0,0.0,0.0,0.0,0.0,0.0,0.0,0.0,0.0,-0.0,0.0,-0.0,0.0,0.0,0.0,-0.0
50.0,0.02,0,90,0.0,0.0,0.0,0.0,0.0,-0.0015,0.0,0.0,0.0,0.0,0.0,0.0,0.0,0.0,0.0,0.0,0.0,-0.0,0.0,-0.0,0.0,0.0,0.0,-0.0
50.0,0.02,0,135,0.0,0.0,0.0,0.0,0.0,-0.0015,0.0,0.0,0.0,0.0,0.0,0.0,0.0,0.0,0.0,0.0,0.0,-0.0,0.0,-0.0,0.0,0.0,0.0,-0.0
50.0,0.02,0,180,0.0,0.0,0.0,0.0,0.0,-0.0015,0.0,0.0,0.0,0.0,0.0,0.0,0.0,0.0,0.0,0.0,0.0,-0.0,0.0,-0.0,0.0,0.0,0.0,-0.0
50.0,0.02,0,225,0.0,0.0,0.0,0.0,0.0,-0.0015,0.0,0.0,0.0,0.0,0.0,0.0,0.0,0.0,0.0,0.0,0.0,-0.0,0.0,-0.0,0.0,0.0,0.0,-0.0
50.0,0.02,0,270,0.0,0.0,0.0,0.0,0.0,-0.0015,0.0,0.0,0.0,0.0,0.0,0.0,0.0,0.0,0.0,0.0,0.0,-0.0,0.0,-0.0,0.0,0.0,0.0,-0.0
50.0,0.02,0,315,0.0,0.0,0.0,0.0,0.0,-0.0015,0.0,0.0,0.0,0.0,0.0,0.0,0.0,0.0,0.0,0.0,0.0,-0.0,0.0,-0.0,0.0,0.0,0.0,-0.0
50.0,0.02,2.5,0,0.00471,0.00471,0.00093,0.00093,0.00363,0.00212,-0.0,-0.0,-0.0,0.0,-0.0,-0.0,-0.0,-0.0,-0.0,0.0,-0.0074,-0.0074,0.04598,0.04598,0.0074,0.0074,-0.04598,-0.04598
50.0,0.02,2.5,45,0.00526,0.00526,0.00103,0.00103,0.00256,0.00106,-0.03426,-0.03426,-0.00064,-0.00064,-0.00417,-0.00417,-0.00523,-0.00523,0.03254,0.03254,-0.00523,-0.00523,0.03249,0.03249,0.00523,0.00523,-0.03254,-0.03254
50.0,0.02,2.5,90,0.00471,0.00471,0.00093,0.00093,-0.0,-0.00151,-0.04849,-0.04849,-0.00088,-0.00088,-0.00596,-0.00596,-0.0074,-0.0074,0.04598,0.04598,0.0,0.0,0.0,0.0,-0.0,-0.0,0.0,0.0
50.0,0.02,2.5,135,0.00526,0.00526,0.00103,0.00103,-0.00256,-0.00407,-0.03431,-0.03431,-0.0006,-0.0006,-0.00426,-0.00426,-0.00523,-0.00523,0.03249,0.03249,0.00523,0.00523,-0.03249,-0.03249,-0.00523,-0.00523,0.03254,0.03254
50.0,0.02,2.5,180,0.00471,0.00471,0.00093,0.00093,-0.00362,-0.00513,-0.0,0.0,-0.0,0.0,-0.0,-0.0,-0.0,0.0,-0.0,0.0,0.0074,0.0074,-0.04598,-0.04598,-0.0074,-0.0074,0.04598,0.04598
50.0,0.02,2.5,225,0.00526,0.00526,0.00103,0.00103,-0.00256,-0.00407,0.03431,0.03431,0.0006,0.0006,0.00426,0.00426,0.00523,0.00523,-0.03249,-0.03249,0.00523,0.00523,-0.03254,-0.03254,-0.00523,-0.00523,0.03249,0.03249
50.0,0.02,2.5,270,0.00471,0.00471,0.00093,0.00093,-0.0,-0.00151,0.04849,0.04849,0.00088,0.00088,0.00596,0.00596,0.0074,0.0074,-0.04598,-0.04598,0.0,0.0,0.0,-0.0,-0.0,-0.0,0.0,0.0
50.0,0.02,2.5,315,0.00526,0.00526,0.00103,0.00103,0.00256,0.00106,0.03426,0.03426,0.00064,0.00064,0.00417,0.00417,0.00523,0.00523,-0.03254,-0.03254,-0.00523,-0.00523,0.03254,0.03254,0.00523,0.00523,-0.03249,-0.03249
50.0,0.02,5,0,0.00944,0.00944,0.00185,0.00185,0.00727,0.00576,-0.0,-0.0,-0.0,-0.0,-0.0,0.0,-0.0,-0.0,-0.0,0.0,-0.01482,-0.01482,0.09188,0.09188,0.01482,0.01482,-0.09188,-0.09188
50.0,0.02,5,45,0.01053,0.01053,0.00206,0.00206,0.00513,0.00363,-0.06841,-0.06841,-0.00133,-0.00133,-0.00826,-0.00826,-0.01047,-0.01047,0.06507,0.06507,-0.01049,-0.01049,0.06487,0.06487,0.01047,0.01047,-0.06507,-0.06507
50.0,0.02,5,90,0.00944,0.00944,0.00185,0.00185,-1e-05,-0.00151,-0.09688,-0.09688,-0.00175,-0.00175,-0.01194,-0.01194,-0.01482,-0.01482,0.09188,0.09188,0.0,0.0,0.0,0.0,-0.0,-0.0,0.0,0.0
50.0,0.02,5,135,0.01053,0.01053,0.00206,0.00206,-0.00513,-0.00664,-0.06861,-0.06861,-0.00115,-0.00115,-0.00862,-0.00862,-0.01049,-0.01049,0.06487,0.06487,0.01049,0.01049,-0.06487,-0.06487,-0.01047,-0.01047,0.06507,0.06507
50.0,0.02,5,180,0.00944,0.00944,0.00185,0.00185,-0.00726,-0.00876,-0.0,-0.0,-0.0,0.0,-0.0,-0.0,-0.0,-0.0,-0.0,0.0,0.01482,0.01482,-0.09188,-0.09188,-0.01482,-0.01482,0.09188,0.09188
50.0,0.02,5,225,0.01053,0.01053,0.00206,0.00206,-0.00513,-0.00664,0.06861,0.06861,0.00115,0.00115,0.00862,0.00862,0.01049,0.01049,-0.06487,-0.06487,0.01047,0.01047,-0.06507,-0.06507,-0.01049,-0.01049,0.06487,0.06487
50.0,0.02,5,270,0.00944,0.00944,0.00185,0.00185,-1e-05,-0.00151,0.09688,0.09688,0.00175,0.00175,0.01194,0.01194,0.01482,0.01482,-0.09188,-0.09188,0.0,0.0,0.0,0.0,-0.0,0.0,0.0,0.0
50.0,0.02,5,315,0.01053,0.01053,0.00206,0.00206,0.00513,0.00363,0.06841,0.06841,0.00133,0.00133,0.00826,0.00826,0.01047,0.01047,-0.06507,-0.06507,-0.01047,-0.01047,0.06507,0.06507,0.01049,0.01049,-0.06487,-0.06487
50.0,0.02,7.5,0,0.01421,0.01421,0.00276,0.00276,0.01094,0.00943,-0.0,0.0,-0.0,0.0,-0.0,-0.0,-0.0,-0.0,-0.0,0.0,-0.0223,-0.0223,0.1376,0.1376,0.0223,0.0223,-0.1376,-0.1376
50.0,0.02,7.5,45,0.01584,0.01584,0.00309,0.00309,0.00773,0.00622,-0.10237,-0.10237,-0.00206,-0.00206,-0.01229,-0.01229,-0.01574,-0.01574,0.09752,0.09752,-0.01579,-0.01579,0.09707,0.09707,0.01574,0.01574,-0.09752,-0.09752
50.0,0.02,7.5,90,0.01421,0.01421,0.00276,0.00276,-1e-05,-0.00152,-0.14509,-0.14509,-0.00263,-0.00263,-0.01795,-0.01795,-0.0223,-0.0223,0.1376,0.1376,0.0,0.0,0.0,0.0,-0.0,-0.0,0.0,0.0
50.0,0.02,7.5,135,0.01584,0.01584,0.00309,0.00309,-0.00773,-0.00923,-0.10282,-0.10282,-0.00166,-0.00166,-0.0131,-0.0131,-0.01579,-0.01579,0.09707,0.09707,0.01579,0.01579,-0.09707,-0.09707,-0.01574,-0.01574,0.09752,0.09752
50.0,0.02,7.5,180,0.01421,0.01421,0.00276,0.00276,-0.01091,-0.01242,-0.0,0.0,0.0,0.0,-0.0,-0.0,-0.0,-0.0,-0.0,0.0,0.0223,0.0223,-0.1376,-0.1376,-0.0223,-0.0223,0.1376,0.1376
50.0,0.02,7.5,225,0.01584,0.01584,0.00309,0.00309,-0.00773,-0.00923,0.10282,0.10282,0.00166,0.00166,0.0131,0.0131,0.01579,0.01579,-0.09707,-0.09707,0.01574,0.01574,-0.09752,-0.09752,-0.01579,-0.01579,0.09707,0.09707
50.0,0.02,7.5,270,0.01421,0.01421,0.00276,0.00276,-1e-05,-0.00152,0.14509,0.14509,0.00263,0.00263,0.01795,0.01795,0.0223,0.0223,-0.1376,-0.1376,0.0,0.0,0.0,-0.0,-0.0,0.0,0.0,-0.0
50.0,0.02,7.5,315,0.01584,0.01584,0.00309,0.00309,0.00773,0.00622,0.10237,0.10237,0.00206,0.00206,0.01229,0.01229,0.01574,0.01574,-0.09752,-0.09752,-0.01574,-0.01574,0.09752,0.09752,0.01579,0.01579,-0.09707,-0.09707
50.0,0.02,10,0,0.01902,0.01902,0.00367,0.00367,0.01465,0.01315,-0.0,-0.0,-0.0,0.0,-0.0,-0.0,-0.0,-0.0,-0.0,0.0,-0.02986,-0.02986,0.18305,0.18305,0.02986,0.02986,-0.18305,-0.18305
50.0,0.02,10,45,0.02121,0.02121,0.0041,0.0041,0.01035,0.00884,-0.13609,-0.13609,-0.00284,-0.00284,-0.01627,-0.01627,-0.02107,-0.02107,0.12984,0.12984,-0.02116,-0.02116,0.12904,0.12904,0.02107,0.02107,-0.12984,-0.12984
50.0,0.02,10,90,0.01902,0.01902,0.00367,0.00367,-2e-05,-0.00153,-0.19303,-0.19303,-0.0035,-0.0035,-0.02402,-0.02402,-0.02986,-0.02986,0.18305,0.18305,0.0,0.0,0.0,0.0,-0.0,-0.0,0.0,0.0
50.0,0.02,10,135,0.02121,0.02121,0.0041,0.0041,-0.01034,-0.01185,-0.13689,-0.13689,-0.00211,-0.00211,-0.01772,-0.01772,-0.02116,-0.02116,0.12904,0.12904,0.02116,0.02116,-0.12904,-0.12904,-0.02107,-0.02107,0.12984,0.12984
50.0,0.02,10,180,0.01902,0.01902,0.00367,0.00367,-0.01461,-0.01611,-0.0,-0.0,-0.0,0.0,-0.0,-0.0,-0.0,-0.0,-0.0,0.0,0.02986,0.02986,-0.18305,-0.18305,-0.02986,-0.02986,0.18305,0.18305
50.0,0.02,10,225,0.02121,0.02121,0.0041,0.0041,-0.01034,-0.01185,0.13689,0.13689,0.00211,0.00211,0.01772,0.01772,0.02116,0.02116,-0.12904,-0.12904,0.02107,0.02107,-0.12984,-0.12984,-0.02116,-0.02116,0.12904,0.12904
50.0,0.02,10,270,0.01902,0.01902,0.00367,0.00367,-2e-05,-0.00153,0.19303,0.19303,0.0035,0.0035,0.02402,0.02402,0.02986,0.02986,-0.18305,-0.18305,0.0,0.0,0.0,-0.0,-0.0,0.0,0.0,-0.0
50.0,0.02,10,315,0.02121,0.02121,0.0041,0.0041,0.01035,0.00884,0.13609,0.13609,0.00284,0.00284,0.01627,0.01627,0.02107,0.02107,-0.12984,-0.12984,-0.02107,-0.02107,0.12984,0.12984,0.02116,0.02116,-0.12904,-0.12904
50.0,0.02,12.5,0,0.02391,0.02391,0.00457,0.00457,0.01843,0.01692,-0.0,0.0,-0.0,0.0,-0.0,-0.0,-0.0,-0.0,-0.0,0.0,-0.03754,-0.03754,0.22816,0.22816,0.03754,0.03754,-0.22816,-0.22816
50.0,0.02,12.5,45,0.02665,0.02665,0.0051,0.0051,0.01301,0.0115,-0.1695,-0.1695,-0.00365,-0.00365,-0.02021,-0.02021,-0.02647,-0.02647,0.16197,0.16197,-0.02662,-0.02662,0.16071,0.16071,0.02647,0.02647,-0.16197,-0.16197
50.0,0.02,12.5,90,0.02391,0.02391,0.00457,0.00457,-3e-05,-0.00154,-0.24059,-0.24059,-0.00436,-0.00436,-0.03017,-0.03017,-0.03754,-0.03754,0.22816,0.22816,0.0,0.0,0.0,-0.0,-0.0,-0.0,0.0,0.0
50.0,0.02,12.5,135,0.02665,0.02665,0.0051,0.0051,-0.013,-0.01451,-0.17075,-0.17075,-0.00252,-0.00252,-0.02249,-0.02249,-0.02662,-0.02662,0.16071,0.16071,0.02662,0.02662,-0.16071,-0.16071,-0.02647,-0.02647,0.16197,0.16197
50.0,0.02,12.5,180,0.02391,0.02391,0.00457,0.00457,-0.01836,-0.01986,-0.0,-0.0,-0.0,-0.0,-0.0,-0.0,-0.0,-0.0,-0.0,-0.0,0.03754,0.03754,-0.22816,-0.22816,-0.03754,-0.03754,0.22816,0.22816
50.0,0.02,12.5,225,0.02665,0.02665,0.0051,0.0051,-0.013,-0.01451,0.17075,0.17075,0.00252,0.00252,0.02249,0.02249,0.02662,0.02662,-0.16071,-0.16071,0.02647,0.02647,-0.16197,-0.16197,-0.02662,-0.02662,0.16071,0.16071
50.0,0.02,12.5,270,0.02391,0.02391,0.00457,0.00457,-3e-05,-0.00154,0.24059,0.24059,0.00436,0.00436,0.03017,0.03017,0.03754,0.03754,-0.22816,-0.22816,0.0,0.0,0.0,0.0,-0.0,-0.0,0.0,0.0
50.0,0.02,12.5,315,0.02665,0.02665,0.0051,0.0051,0.01301,0.0115,0.1695,0.1695,0.00365,0.00365,0.02021,0.02021,0.02647,0.02647,-0.16197,-0.16197,-0.02647,-0.02647,0.16197,0.16197,0.02662,0.02662,-0.16071,-0.16071
50.0,0.02,15,0,0.02887,0.02887,0.00544,0.00544,0.02228,0.02077,-0.0,0.0,-0.0,0.0,-0.0,-0.0,-0.0,0.0,-0.0,0.0,-0.04537,-0.04537,0.27284,0.27284,0.04537,0.04537,-0.27284,-0.27284
50.0,0.02,15,45,0.03218,0.03218,0.00608,0.00608,0.01572,0.01421,-0.20254,-0.20254,-0.00451,-0.00451,-0.02411,-0.02411,-0.03197,-0.03197,0.19383,0.19383,-0.03219,-0.03219,0.19202,0.19202,0.03197,0.03197,-0.19383,-0.19383
50.0,0.02,15,90,0.02887,0.02887,0.00544,0.00544,-5e-05,-0.00155,-0.2877,-0.2877,-0.00521,-0.00521,-0.0364,-0.0364,-0.04537,-0.04537,0.27284,0.27284,0.0,0.0,0.0,-0.0,-0.0,0.0,0.0,0.0
50.0,0.02,15,135,0.03218,0.03218,0.00608,0.00608,-0.01571,-0.01722,-0.20434,-0.20434,-0.00287,-0.00287,-0.02744,-0.02744,-0.03219,-0.03219,0.19202,0.19202,0.03219,0.03219,-0.19202,-0.19202,-0.03197,-0.03197,0.19383,0.19383
50.0,0.02,15,180,0.02887,0.02887,0.00544,0.00544,-0.02217,-0.02368,-0.0,-0.0,-0.0,-0.0,-0.0,0.0,-0.0,0.0,-0.0,-0.0,0.04537,0.04537,-0.27284,-0.27284,-0.04537,-0.04537,0.27284,0.27284
50.0,0.02,15,225,0.03218,0.03218,0.00608,0.00608,-0.01571,-0.01722,0.20434,0.20434,0.00287,0.00287,0.02744,0.02744,0.03219,0.03219,-0.19202,-0.19202,0.03197,0.03197,-0.19383,-0.19383,-0.03219,-0.03219,0.19202,0.19202
50.0,0.02,15,270,0.02887,0.02887,0.00544,0.00544,-5e-05,-0.00155,0.2877,0.2877,0.00521,0.00521,0.0364,0.0364,0.04537,0.04537,-0.27284,-0.27284,0.0,0.0,0.0,0.0,-0.0,-0.0,0.0,0.0
50.0,0.02,15,315,0.03218,0.03218,0.00608,0.00608,0.01572,0.01421,0.20254,0.20254,0.00451,0.00451,0.02411,0.02411,0.03197,0.03197,-0.19383,-0.19383,-0.03197,-0.03197,0.19383,0.19383,0.03219,0.03219,-0.19202,-0.19202
50.0,0.02,20,0,0.03915,0.03915,0.00713,0.00713,0.03027,0.02876,-0.0,-0.0,-0.0,0.0,-0.0,-0.0,-0.0,-0.0,-0.0,0.0,-0.0616,-0.0616,0.36055,0.36055,0.0616,0.0616,-0.36055,-0.36055
50.0,0.02,20,45,0.04363,0.04363,0.00797,0.00797,0.02134,0.01983,-0.26722,-0.26722,-0.00635,-0.00635,-0.03187,-0.03187,-0.04336,-0.04336,0.25657,0.25657,-0.04375,-0.04375,0.25332,0.25332,0.04336,0.04336,-0.25657,-0.25657
50.0,0.02,20,90,0.03915,0.03915,0.00713,0.00713,-9e-05,-0.00159,-0.38019,-0.38019,-0.00688,-0.00688,-0.04925,-0.04925,-0.0616,-0.0616,0.36055,0.36055,0.0,0.0,0.0,0.0,-0.0,-0.0,0.0,0.0
50.0,0.02,20,135,0.04363,0.04363,0.00797,0.00797,-0.02133,-0.02284,-0.27045,-0.27045,-0.00341,-0.00341,-0.03796,-0.03796,-0.04375,-0.04375,0.25332,0.25332,0.04375,0.04375,-0.25332,-0.25332,-0.04336,-0.04336,0.25657,0.25657
50.0,0.02,20,180,0.03915,0.03915,0.00713,0.00713,-0.03008,-0.03158,-0.0,0.0,-0.0,0.0,-0.0,-0.0,-0.0,0.0,-0.0,0.0,0.0616,0.0616,-0.36055,-0.36055,-0.0616,-0.0616,0.36055,0.36055
50.0,0.02,20,225,0.04363,0.04363,0.00797,0.00797,-0.02133,-0.02284,0.27045,0.27045,0.00341,0.00341,0.03796,0.03796,0.04375,0.04375,-0.25332,-0.25332,0.04336,0.04336,-0.25657,-0.25657,-0.04375,-0.04375,0.25332,0.25332
50.0,0.02,20,270,0.03915,0.03915,0.00713,0.00713,-9e-05,-0.00159,0.38019,0.38019,0.00688,0.00688,0.04925,0.04925,0.0616,0.0616,-0.36055,-0.36055,0.0,0.0,0.0,0.0,-0.0,-0.0,0.0,-0.0
50.0,0.02,20,315,0.04363,0.04363,0.00797,0.00797,0.02134,0.01983,0.26722,0.26722,0.00635,0.00635,0.03187,0.03187,0.04336,0.04336,-0.25657,-0.25657,-0.04336,-0.04336,0.25657,0.25657,0.04375,0.04375,-0.25332,-0.25332
50.0,0.02,25,0,0.05002,0.05002,0.00871,0.00871,0.03877,0.03727,-0.0,-0.0,-0.0,-0.0,0.0,0.0,-0.0,-0.0,-0.0,-0.0,-0.07888,-0.07888,0.44552,0.44552,0.07888,0.07888,-0.44552,-0.44552
50.0,0.02,25,45,0.05574,0.05574,0.00974,0.00974,0.02732,0.02581,-0.32965,-0.32965,-0.00835,-0.00835,-0.0396,-0.0396,-0.05547,-0.05547,0.31759,0.31759,-0.05608,-0.05608,0.31247,0.31247,0.05547,0.05547,-0.31759,-0.31759
50.0,0.02,25,90,0.05002,0.05002,0.00871,0.00871,-0.00014,-0.00165,-0.46978,-0.46978,-0.00849,-0.00849,-0.06273,-0.06273,-0.07888,-0.07888,0.44552,0.44552,0.0,0.0,0.0,0.0,-0.0,-0.0,0.0,0.0
50.0,0.02,25,135,0.05574,0.05574,0.00974,0.00974,-0.02732,-0.02882,-0.33473,-0.33473,-0.0037,-0.0037,-0.04953,-0.04953,-0.05608,-0.05608,0.31247,0.31247,0.05608,0.05608,-0.31247,-0.31247,-0.05547,-0.05547,0.31759,0.31759
50.0,0.02,25,180,0.05002,0.05002,0.00871,0.00871,-0.03849,-0.03999,-0.0,-0.0,-0.0,-0.0,-0.0,0.0,0.0,0.0,-0.0,-0.0,0.07888,0.07888,-0.44552,-0.44552,-0.07888,-0.07888,0.44552,0.44552
50.0,0.02,25,225,0.05574,0.05574,0.00974,0.00974,-0.02732,-0.02882,0.33473,0.33473,0.0037,0.0037,0.04953,0.04953,0.05608,0.05608,-0.31247,-0.31247,0.05547,0.05547,-0.31759,-0.31759,-0.05608,-0.05608,0.31247,0.31247
50.0,0.02,25,270,0.05002,0.05002,0.00871,0.00871,-0.00014,-0.00165,0.46978,0.46978,0.00849,0.00849,0.06273,0.06273,0.07888,0.07888,-0.44552,-0.44552,0.0,0.0,0.0,0.0,-0.0,-0.0,0.0,0.0
50.0,0.02,25,315,0.05574,0.05574,0.00974,0.00974,0.02732,0.02581,0.32965,0.32965,0.00835,0.00835,0.0396,0.0396,0.05547,0.05547,-0.31759,-0.31759,-0.05547,-0.05547,0.31759,0.31759,0.05608,0.05608,-0.31247,-0.31247
50.0,0.02,30,0,0.06174,0.06174,0.01016,0.01016,0.04799,0.04649,-0.0,0.0,0.0,0.0,-0.0,-0.0,-0.0,-0.0,-0.0,0.0,-0.0976,-0.0976,0.52709,0.52709,0.0976,0.0976,-0.52709,-0.52709
50.0,0.02,30,45,0.06878,0.06878,0.01136,0.01136,0.03379,0.03229,-0.38931,-0.38931,-0.01054,-0.01054,-0.04738,-0.04738,-0.06856,-0.06856,0.37644,0.37644,-0.06946,-0.06946,0.36899,0.36899,0.06856,0.06856,-0.37644,-0.37644
50.0,0.02,30,90,0.06174,0.06174,0.01016,0.01016,-0.00021,-0.00172,-0.5558,-0.5558,-0.01004,-0.01004,-0.07703,-0.07703,-0.0976,-0.0976,0.52709,0.52709,0.0,0.0,0.0,0.0,-0.0,-0.0,0.0,0.0
50.0,0.02,30,135,0.06878,0.06878,0.01136,0.01136,-0.0338,-0.0353,-0.39672,-0.39672,-0.00374,-0.00374,-0.06242,-0.06242,-0.06946,-0.06946,0.36899,0.36899,0.06946,0.06946,-0.36899,-0.36899,-0.06856,-0.06856,0.37644,0.37644
50.0,0.02,30,180,0.06174,0.06174,0.01016,0.01016,-0.04758,-0.04909,-0.0,-0.0,-0.0,0.0,-0.0,-0.0,-0.0,0.0,-0.0,0.0,0.0976,0.0976,-0.52709,-0.52709,-0.0976,-0.0976,0.52709,0.52709
50.0,0.02,30,225,0.06878,0.06878,0.01136,0.01136,-0.0338,-0.0353,0.39672,0.39672,0.00374,0.00374,0.06242,0.06242,0.06946,0.06946,-0.36899,-0.36899,0.06856,0.06856,-0.37644,-0.37644,-0.06946,-0.06946,0.36899,0.36899
50.0,0.02,30,270,0.06174,0.06174,0.01016,0.01016,-0.00021,-0.00172,0.5558,0.5558,0.01004,0.01004,0.07703,0.07703,0.0976,0.0976,-0.52709,-0.52709,0.0,0.0,0.0,0.0,-0.0,-0.0,0.0,0.0
50.0,0.02,30,315,0.06878,0.06878,0.01136,0.01136,0.03379,0.03229,0.38931,0.38931,0.01054,0.01054,0.04738,0.04738,0.06856,0.06856,-0.37644,-0.37644,-0.06856,-0.06856,0.37644,0.37644,0.06946,0.06946,-0.36899,-0.36899
50.0,0.03,0,0,0.0,0.0,0.0,0.0,0.0,-0.00226,0.0,0.0,0.0,0.0,0.0,0.0,0.0,-0.0,0.0,0.0,0.0,0.0,0.0,-0.0,0.0,-0.0,0.0,-0.0
50.0,0.03,0,45,0.0,0.0,0.0,0.0,0.0,-0.00226,0.0,0.0,0.0,0.0,0.0,0.0,0.0,-0.0,0.0,0.0,0.0,0.0,0.0,-0.0,0.0,-0.0,0.0,-0.0
50.0,0.03,0,90,0.0,0.0,0.0,0.0,0.0,-0.00226,0.0,0.0,0.0,0.0,0.0,0.0,0.0,-0.0,0.0,0.0,0.0,0.0,0.0,-0.0,0.0,-0.0,0.0,-0.0
50.0,0.03,0,135,0.0,0.0,0.0,0.0,0.0,-0.00226,0.0,0.0,0.0,0.0,0.0,0.0,0.0,-0.0,0.0,0.0,0.0,0.0,0.0,-0.0,0.0,-0.0,0.0,-0.0
50.0,0.03,0,180,0.0,0.0,0.0,0.0,0.0,-0.00226,0.0,0.0,0.0,0.0,0.0,0.0,0.0,-0.0,0.0,0.0,0.0,0.0,0.0,-0.0,0.0,-0.0,0.0,-0.0
50.0,0.03,0,225,0.0,0.0,0.0,0.0,0.0,-0.00226,0.0,0.0,0.0,0.0,0.0,0.0,0.0,-0.0,0.0,0.0,0.0,0.0,0.0,-0.0,0.0,-0.0,0.0,-0.0
50.0,0.03,0,270,0.0,0.0,0.0,0.0,0.0,-0.00226,0.0,0.0,0.0,0.0,0.0,0.0,0.0,-0.0,0.0,0.0,0.0,0.0,0.0,-0.0,0.0,-0.0,0.0,-0.0
50.0,0.03,0,315,0.0,0.0,0.0,0.0,0.0,-0.00226,0.0,0.0,0.0,0.0,0.0,0.0,0.0,-0.0,0.0,0.0,0.0,0.0,0.0,-0.0,0.0,-0.0,0.0,-0.0
50.0,0.03,2.5,0,0.00686,0.00686,0.00093,0.00093,0.0054,0.00314,-0.0,-0.0,-0.0,0.0,-0.0,-0.0,0.0,-0.0,-0.0,0.0,-0.01103,-0.01103,0.04598,0.04598,0.01103,0.01103,-0.04598,-0.04598
50.0,0.03,2.5,45,0.00765,0.00765,0.00103,0.00103,0.00382,0.00156,-0.03425,-0.03425,-0.00065,-0.00065,-0.00622,-0.00622,-0.0078,-0.0078,0.03255,0.03255,-0.00781,-0.00781,0.03248,0.03248,0.0078,0.0078,-0.03255,-0.03255
50.0,0.03,2.5,90,0.00686,0.00686,0.00093,0.00093,-0.0,-0.00226,-0.04849,-0.04849,-0.00087,-0.00087,-0.00894,-0.00894,-0.01103,-0.01103,0.04598,0.04598,-0.0,0.0,0.0,0.0,0.0,-0.0,0.0,0.0
50.0,0.03,2.5,135,0.00765,0.00765,0.00103,0.00103,-0.00382,-0.00607,-0.03432,-0.03432,-0.00058,-0.00058,-0.00642,-0.00642,-0.00781,-0.00781,0.03248,0.03248,0.00781,0.00781,-0.03248,-0.03248,-0.0078,-0.0078,0.03255,0.03255
50.0,0.03,2.5,180,0.00686,0.00686,0.00093,0.00093,-0.0054,-0.00765,-0.0,0.0,-0.0,0.0,-0.0,-0.0,0.0,0.0,-0.0,0.0,0.01103,0.01103,-0.04598,-0.04598,-0.01103,-0.01103,0.04598,0.04598
50.0,0.03,2.5,225,0.00765,0.00765,0.00103,0.00103,-0.00382,-0.00607,0.03432,0.03432,0.00058,0.00058,0.00642,0.00642,0.00781,0.00781,-0.03248,-0.03248,0.0078,0.0078,-0.03255,-0.03255,-0.00781,-0.00781,0.03248,0.03248
50.0,0.03,2.5,270,0.00686,0.00686,0.00093,0.00093,-0.0,-0.00226,0.04849,0.04849,0.00087,0.00087,0.00894,0.00894,0.01103,0.01103,-0.04598,-0.04598,-0.0,0.0,0.0,-0.0,0.0,-0.0,0.0,0.0
50.0,0.03,2.5,315,0.00765,0.00765,0.00103,0.00103,0.00382,0.00156,0.03425,0.03425,0.00065,0.00065,0.00622,0.00622,0.0078,0.0078,-0.03255,-0.03255,-0.0078,-0.0078,0.03255,0.03255,0.00781,0.00781,-0.03248,-0.03248
50.0,0.03,5,0,0.01375,0.01375,0.00185,0.00185,0.01083,0.00857,-0.0,-0.0,-0.0,-0.0,-0.0,0.0,0.0,-0.0,-0.0,0.0,-0.02211,-0.02211,0.09188,0.09188,0.02211,0.02211,-0.09188,-0.09188
50.0,0.03,5,45,0.01533,0.01533,0.00206,0.00206,0.00765,0.00539,-0.06836,-0.06836,-0.00136,-0.00136,-0.01226,-0.01226,-0.01561,-0.01561,0.06511,0.06511,-0.01565,-0.01565,0.06482,0.06482,0.01561,0.01561,-0.06511,-0.06511
50.0,0.03,5,90,0.01375,0.01375,0.00185,0.00185,-1e-05,-0.00226,-0.09688,-0.09688,-0.00174,-0.00174,-0.0179,-0.0179,-0.02211,-0.02211,0.09188,0.09188,-0.0,0.0,0.0,0.0,0.0,-0.0,0.0,0.0
50.0,0.03,5,135,0.01533,0.01533,0.00206,0.00206,-0.00765,-0.0099,-0.06865,-0.06865,-0.00109,-0.00109,-0.01306,-0.01306,-0.01565,-0.01565,0.06482,0.06482,0.01565,0.01565,-0.06482,-0.06482,-0.01561,-0.01561,0.06511,0.06511
50.0,0.03,5,180,0.01375,0.01375,0.00185,0.00185,-0.01081,-0.01306,-0.0,-0.0,-0.0,0.0,-0.0,-0.0,0.0,-0.0,-0.0,0.0,0.02211,0.02211,-0.09188,-0.09188,-0.02211,-0.02211,0.09188,0.09188
50.0,0.03,5,225,0.01533,0.01533,0.00206,0.00206,-0.00765,-0.0099,0.06865,0.06865,0.00109,0.00109,0.01306,0.01306,0.01565,0.01565,-0.06482,-0.06482,0.01561,0.01561,-0.06511,-0.06511,-0.01565,-0.01565,0.06482,0.06482
50.0,0.03,5,270,0.01375,0.01375,0.00185,0.00185,-1e-05,-0.00226,0.09688,0.09688,0.00174,0.00174,0.0179,0.0179,0.02211,0.02211,-0.09188,-0.09188,-0.0,0.0,0.0,0.0,0.0,0.0,0.0,0.0
50.0,0.03,5,315,0.01533,0.01533,0.00206,0.00206,0.00765,0.00539,0.06836,0.06836,0.00136,0.00136,0.01226,0.01226,0.01561,0.01561,-0.06511,-0.06511,-0.01561,-0.01561,0.06511,0.06511,0.01565,0.01565,-0.06482,-0.06482
50.0,0.03,7.5,0,0.02069,0.02069,0.00277,0.00277,0.0163,0.01404,-0.0,0.0,-0.0,0.0,-0.0,-0.0,0.0,0.0,-0.0,0.0,-0.03327,-0.03327,0.1376,0.1376,0.03327,0.03327,-0.1376,-0.1376
50.0,0.03,7.5,45,0.02307,0.02307,0.00309,0.00309,0.01151,0.00925,-0.10227,-0.10227,-0.00214,-0.00214,-0.01813,-0.01813,-0.02348,-0.02348,0.09762,0.09762,-0.02356,-0.02356,0.09697,0.09697,0.02348,0.02348,-0.09762,-0.09762
50.0,0.03,7.5,90,0.02069,0.02069,0.00277,0.00277,-2e-05,-0.00227,-0.14509,-0.14509,-0.0026,-0.0026,-0.0269,-0.0269,-0.03327,-0.03327,0.1376,0.1376,-0.0,0.0,0.0,0.0,0.0,0.0,0.0,0.0
50.0,0.03,7.5,135,0.02307,0.02307,0.00309,0.00309,-0.01151,-0.01376,-0.10292,-0.10292,-0.00154,-0.00154,-0.01994,-0.01994,-0.02356,-0.02356,0.09697,0.09697,0.02356,0.02356,-0.09697,-0.09697,-0.02348,-0.02348,0.09762,0.09762
50.0,0.03,7.5,180,0.02069,0.02069,0.00277,0.00277,-0.01626,-0.01851,-0.0,0.0,0.0,0.0,-0.0,-0.0,0.0,-0.0,-0.0,0.0,0.03327,0.03327,-0.1376,-0.1376,-0.03327,-0.03327,0.1376,0.1376
50.0,0.03,7.5,225,0.02307,0.02307,0.00309,0.00309,-0.01151,-0.01376,0.10292,0.10292,0.00154,0.00154,0.01994,0.01994,0.02356,0.02356,-0.09697,-0.09697,0.02348,0.02348,-0.09762,-0.09762,-0.02356,-0.02356,0.09697,0.09697
50.0,0.03,7.5,270,0.02069,0.02069,0.00277,0.00277,-2e-05,-0.00227,0.14509,0.14509,0.0026,0.0026,0.0269,0.0269,0.03327,0.03327,-0.1376,-0.1376,-0.0,0.0,0.0,-0.0,0.0,0.0,0.0,-0.0
50.0,0.03,7.5,315,0.02307,0.02307,0.00309,0.00309,0.01151,0.00925,0.10227,0.10227,0.00214,0.00214,0.01813,0.01813,0.02348,0.02348,-0.09762,-0.09762,-0.02348,-0.02348,0.09762,0.09762,0.02356,0.02356,-0.09697,-0.09697
50.0,0.03,10,0,0.02771,0.02771,0.00367,0.00367,0.02183,0.01957,-0.0,-0.0,-0.0,0.0,-0.0,-0.0,0.0,-0.0,-0.0,0.0,-0.04455,-0.04455,0.18305,0.18305,0.04455,0.04455,-0.18305,-0.18305
50.0,0.03,10,45,0.03089,0.03089,0.0041,0.0041,0.01541,0.01316,-0.13592,-0.13592,-0.00299,-0.00299,-0.02384,-0.02384,-0.03143,-0.03143,0.13002,0.13002,-0.03157,-0.03157,0.12886,0.12886,0.03143,0.03143,-0.13002,-0.13002
50.0,0.03,10,90,0.02771,0.02771,0.00367,0.00367,-3e-05,-0.00229,-0.19303,-0.19303,-0.00346,-0.00346,-0.03596,-0.03596,-0.04455,-0.04455,0.18305,0.18305,-0.0,0.0,0.0,0.0,0.0,-0.0,0.0,0.0
50.0,0.03,10,135,0.03089,0.03089,0.0041,0.0041,-0.01541,-0.01767,-0.13707,-0.13707,-0.00191,-0.00191,-0.02709,-0.02709,-0.03157,-0.03157,0.12886,0.12886,0.03157,0.03157,-0.12886,-0.12886,-0.03143,-0.03143,0.13002,0.13002
50.0,0.03,10,180,0.02771,0.02771,0.00367,0.00367,-0.02176,-0.02402,-0.0,-0.0,-0.0,0.0,-0.0,-0.0,0.0,-0.0,-0.0,0.0,0.04455,0.04455,-0.18305,-0.18305,-0.04455,-0.04455,0.18305,0.18305
50.0,0.03,10,225,0.03089,0.03089,0.0041,0.0041,-0.01541,-0.01767,0.13707,0.13707,0.00191,0.00191,0.02709,0.02709,0.03157,0.03157,-0.12886,-0.12886,0.03143,0.03143,-0.13002,-0.13002,-0.03157,-0.03157,0.12886,0.12886
50.0,0.03,10,270,0.02771,0.02771,0.00367,0.00367,-3e-05,-0.00229,0.19303,0.19303,0.00346,0.00346,0.03596,0.03596,0.04455,0.04455,-0.18305,-0.18305,-0.0,0.0,0.0,-0.0,0.0,0.0,0.0,-0.0
50.0,0.03,10,315,0.03089,0.03089,0.0041,0.0041,0.01541,0.01316,0.13592,0.13592,0.00299,0.00299,0.02384,0.02384,0.03143,0.03143,-0.13002,-0.13002,-0.03143,-0.03143,0.13002,0.13002,0.03157,0.03157,-0.12886,-0.12886
50.0,0.03,12.5,0,0.03482,0.03482,0.00457,0.00457,0.02746,0.0252,-0.0,0.0,-0.0,0.0,-0.0,-0.0,0.0,-0.0,-0.0,0.0,-0.05601,-0.05601,0.22816,0.22816,0.05601,0.05601,-0.22816,-0.22816
50.0,0.03,12.5,45,0.03882,0.03882,0.0051,0.0051,0.01938,0.01712,-0.16923,-0.16923,-0.00389,-0.00389,-0.0294,-0.0294,-0.03949,-0.03949,0.16224,0.16224,-0.03972,-0.03972,0.16043,0.16043,0.03949,0.03949,-0.16224,-0.16224
50.0,0.03,12.5,90,0.03482,0.03482,0.00457,0.00457,-5e-05,-0.00231,-0.2406,-0.2406,-0.00431,-0.00431,-0.0451,-0.0451,-0.05601,-0.05601,0.22816,0.22816,-0.0,0.0,0.0,-0.0,0.0,-0.0,0.0,0.0
50.0,0.03,12.5,135,0.03882,0.03882,0.0051,0.0051,-0.01937,-0.02163,-0.17103,-0.17103,-0.00221,-0.00221,-0.03451,-0.03451,-0.03972,-0.03972,0.16043,0.16043,0.03972,0.03972,-0.16043,-0.16043,-0.03949,-0.03949,0.16224,0.16224
50.0,0.03,12.5,180,0.03482,0.03482,0.00457,0.00457,-0.02735,-0.0296,-0.0,-0.0,-0.0,-0.0,-0.0,-0.0,0.0,0.0,-0.0,-0.0,0.05601,0.05601,-0.22816,-0.22816,-0.05601,-0.05601,0.22816,0.22816
50.0,0.03,12.5,225,0.03882,0.03882,0.0051,0.0051,-0.01937,-0.02163,0.17103,0.17103,0.00221,0.00221,0.03451,0.03451,0.03972,0.03972,-0.16043,-0.16043,0.03949,0.03949,-0.16224,-0.16224,-0.03972,-0.03972,0.16043,0.16043
50.0,0.03,12.5,270,0.03482,0.03482,0.00457,0.00457,-5e-05,-0.00231,0.2406,0.2406,0.00431,0.00431,0.0451,0.0451,0.05601,0.05601,-0.22816,-0.22816,-0.0,0.0,0.0,0.0,0.0,-0.0,0.0,0.0
50.0,0.03,12.5,315,0.03882,0.03882,0.0051,0.0051,0.01938,0.01712,0.16923,0.16923,0.00389,0.00389,0.0294,0.0294,0.03949,0.03949,-0.16224,-0.16224,-0.03949,-0.03949,0.16224,0.16224,0.03972,0.03972,-0.16043,-0.16043
50.0,0.03,15,0,0.04207,0.04207,0.00544,0.00544,0.03319,0.03094,-0.0,0.0,-0.0,0.0,-0.0,-0.0,0.0,-0.0,0.0,0.0,-0.06769,-0.06769,0.27284,0.27284,0.06769,0.06769,-0.27284,-0.27284
50.0,0.03,15,45,0.0469,0.0469,0.00608,0.00608,0.02342,0.02116,-0.20214,-0.20214,-0.00487,-0.00487,-0.03482,-0.03482,-0.0477,-0.0477,0.19423,0.19423,-0.04802,-0.04802,0.19162,0.19162,0.0477,0.0477,-0.19423,-0.19423
50.0,0.03,15,90,0.04207,0.04207,0.00544,0.00544,-7e-05,-0.00233,-0.28771,-0.28771,-0.00515,-0.00515,-0.05433,-0.05433,-0.06769,-0.06769,0.27284,0.27284,-0.0,0.0,0.0,-0.0,0.0,0.0,0.0,0.0
50.0,0.03,15,135,0.0469,0.0469,0.00608,0.00608,-0.02341,-0.02567,-0.20474,-0.20474,-0.00243,-0.00243,-0.04226,-0.04226,-0.04802,-0.04802,0.19162,0.19162,0.04802,0.04802,-0.19162,-0.19162,-0.0477,-0.0477,0.19423,0.19423
50.0,0.03,15,180,0.04207,0.04207,0.00544,0.00544,-0.03304,-0.03529,-0.0,-0.0,-0.0,-0.0,-0.0,0.0,0.0,0.0,-0.0,-0.0,0.06769,0.06769,-0.27284,-0.27284,-0.06769,-0.06769,0.27284,0.27284
50.0,0.03,15,225,0.0469,0.0469,0.00608,0.00608,-0.02341,-0.02567,0.20474,0.20474,0.00243,0.00243,0.04226,0.04226,0.04802,0.04802,-0.19162,-0.19162,0.0477,0.0477,-0.19423,-0.19423,-0.04802,-0.04802,0.19162,0.19162
50.0,0.03,15,270,0.04207,0.04207,0.00544,0.00544,-7e-05,-0.00233,0.28771,0.28771,0.00515,0.00515,0.05433,0.05433,0.06769,0.06769,-0.27284,-0.27284,-0.0,0.0,0.0,0.0,0.0,-0.0,0.0,0.0
50.0,0.03,15,315,0.0469,0.0469,0.00608,0.00608,0.02342,0.02116,0.20214,0.20214,0.00487,0.00487,0.03482,0.03482,0.0477,0.0477,-0.19423,-0.19423,-0.0477,-0.0477,0.19423,0.19423,0.04802,0.04802,-0.19162,-0.19162
50.0,0.03,20,0,0.05708,0.05708,0.00713,0.00713,0.0451,0.04285,-0.0,-0.0,-0.0,0.0,-0.0,-0.0,0.0,-0.0,-0.0,0.0,-0.09192,-0.09192,0.36055,0.36055,0.09192,0.09192,-0.36055,-0.36055
50.0,0.03,20,45,0.06361,0.06361,0.00797,0.00797,0.0318,0.02954,-0.26651,-0.26651,-0.00701,-0.00701,-0.04529,-0.04529,-0.06471,-0.06471,0.25729,0.25729,-0.06529,-0.06529,0.25261,0.25261,0.06471,0.06471,-0.25729,-0.25729
50.0,0.03,20,90,0.05708,0.05708,0.00713,0.00713,-0.00013,-0.00239,-0.38019,-0.38019,-0.0068,-0.0068,-0.07312,-0.07312,-0.09192,-0.09192,0.36055,0.36055,-0.0,0.0,0.0,0.0,0.0,-0.0,0.0,0.0
50.0,0.03,20,135,0.06361,0.06361,0.00797,0.00797,-0.03179,-0.03405,-0.27117,-0.27117,-0.00265,-0.00265,-0.05882,-0.05882,-0.06529,-0.06529,0.25261,0.25261,0.06529,0.06529,-0.25261,-0.25261,-0.06471,-0.06471,0.25729,0.25729
50.0,0.03,20,180,0.05708,0.05708,0.00713,0.00713,-0.04483,-0.04708,-0.0,0.0,-0.0,0.0,-0.0,-0.0,0.0,0.0,-0.0,0.0,0.09192,0.09192,-0.36055,-0.36055,-0.09192,-0.09192,0.36055,0.36055
50.0,0.03,20,225,0.06361,0.06361,0.00797,0.00797,-0.03179,-0.03405,0.27117,0.27117,0.00265,0.00265,0.05882,0.05882,0.06529,0.06529,-0.25261,-0.25261,0.06471,0.06471,-0.25729,-0.25729,-0.06529,-0.06529,0.25261,0.25261
50.0,0.03,20,270,0.05708,0.05708,0.00713,0.00713,-0.00013,-0.00239,0.38019,0.38019,0.0068,0.0068,0.07312,0.07312,0.09192,0.09192,-0.36055,-0.36055,-0.0,0.0,0.0,0.0,0.0,-0.0,0.0,-0.0
50.0,0.03,20,315,0.06361,0.06361,0.00797,0.00797,0.0318,0.02954,0.26651,0.26651,0.00701,0.00701,0.04529,0.04529,0.06471,0.06471,-0.25729,-0.25729,-0.06471,-0.06471,0.25729,0.25729,0.06529,0.06529,-0.25261,-0.25261
50.0,0.03,25,0,0.07301,0.07301,0.00871,0.00871,0.05779,0.05554,-0.0,-0.0,-0.0,0.0,-0.0,-0.0,0.0,-0.0,-0.0,-0.0,-0.11773,-0.11773,0.44552,0.44552,0.11773,0.11773,-0.44552,-0.44552
50.0,0.03,25,45,0.08135,0.08135,0.00974,0.00974,0.04072,0.03846,-0.32852,-0.32852,-0.00943,-0.00943,-0.05529,-0.05529,-0.08279,-0.08279,0.31872,0.31872,-0.0837,-0.0837,0.31134,0.31134,0.08279,0.08279,-0.31872,-0.31872
50.0,0.03,25,90,0.07301,0.07301,0.00871,0.00871,-0.00021,-0.00247,-0.46979,-0.46979,-0.00839,-0.00839,-0.0924,-0.0924,-0.11773,-0.11773,0.44552,0.44552,-0.0,0.0,0.0,0.0,0.0,-0.0,0.0,0.0
50.0,0.03,25,135,0.08135,0.08135,0.00974,0.00974,-0.04072,-0.04298,-0.33587,-0.33587,-0.00252,-0.00252,-0.07706,-0.07706,-0.0837,-0.0837,0.31134,0.31134,0.0837,0.0837,-0.31134,-0.31134,-0.08279,-0.08279,0.31872,0.31872
50.0,0.03,25,180,0.07301,0.07301,0.00871,0.00871,-0.05737,-0.05962,-0.0,-0.0,-0.0,-0.0,-0.0,-0.0,0.0,0.0,-0.0,-0.0,0.11773,0.11773,-0.44552,-0.44552,-0.11773,-0.11773,0.44552,0.44552
50.0,0.03,25,225,0.08135,0.08135,0.00974,0.00974,-0.04072,-0.04298,0.33587,0.33587,0.00252,0.00252,0.07706,0.07706,0.0837,0.0837,-0.31134,-0.31134,0.08279,0.08279,-0.31872,-0.31872,-0.0837,-0.0837,0.31134,0.31134
50.0,0.03,25,270,0.07301,0.07301,0.00871,0.00871,-0.00021,-0.00247,0.46979,0.46979,0.00839,0.00839,0.0924,0.0924,0.11773,0.11773,-0.44552,-0.44552,-0.0,0.0,0.0,0.0,0.0,-0.0,0.0,0.0
50.0,0.03,25,315,0.08135,0.08135,0.00974,0.00974,0.04072,0.03846,0.32852,0.32852,0.00943,0.00943,0.05529,0.05529,0.08279,0.08279,-0.31872,-0.31872,-0.08279,-0.08279,0.31872,0.31872,0.0837,0.0837,-0.31134,-0.31134
50.0,0.03,30,0,0.09022,0.09022,0.01016,0.01016,0.07156,0.0693,-0.0,0.0,-0.0,0.0,-0.0,-0.0,0.0,0.0,-0.0,0.0,-0.14571,-0.14571,0.52709,0.52709,0.14571,0.14571,-0.52709,-0.52709
50.0,0.03,30,45,0.1005,0.1005,0.01136,0.01136,0.05038,0.04813,-0.38766,-0.38766,-0.01213,-0.01213,-0.06486,-0.06486,-0.10236,-0.10236,0.3781,0.3781,-0.10369,-0.10369,0.36733,0.36733,0.10236,0.10236,-0.3781,-0.3781
50.0,0.03,30,90,0.09022,0.09022,0.01016,0.01016,-0.00032,-0.00258,-0.55581,-0.55581,-0.00992,-0.00992,-0.11209,-0.11209,-0.14571,-0.14571,0.52709,0.52709,-0.0,0.0,0.0,0.0,0.0,0.0,0.0,0.0
50.0,0.03,30,135,0.1005,0.1005,0.01136,0.01136,-0.0504,-0.05265,-0.39838,-0.39838,-0.00202,-0.00202,-0.09731,-0.09731,-0.10369,-0.10369,0.36733,0.36733,0.10369,0.10369,-0.36733,-0.36733,-0.10236,-0.10236,0.3781,0.3781
50.0,0.03,30,180,0.09022,0.09022,0.01016,0.01016,-0.07095,-0.0732,-0.0,0.0,-0.0,0.0,-0.0,-0.0,0.0,0.0,-0.0,0.0,0.14571,0.14571,-0.52709,-0.52709,-0.14571,-0.14571,0.52709,0.52709
50.0,0.03,30,225,0.1005,0.1005,0.01136,0.01136,-0.0504,-0.05265,0.39838,0.39838,0.00202,0.00202,0.09731,0.09731,0.10369,0.10369,-0.36733,-0.36733,0.10236,0.10236,-0.3781,-0.3781,-0.10369,-0.10369,0.36733,0.36733
50.0,0.03,30,270,0.09022,0.09022,0.01016,0.01016,-0.00032,-0.00258,0.55581,0.55581,0.00992,0.00992,0.11209,0.11209,0.14571,0.14571,-0.52709,-0.52709,-0.0,0.0,0.0,0.0,0.0,-0.0,0.0,0.0
50.0,0.03,30,315,0.1005,0.1005,0.01136,0.01136,0.05038,0.04813,0.38766,0.38766,0.01213,0.01213,0.06486,0.06486,0.10236,0.10236,-0.3781,-0.3781,-0.10236,-0.10236,0.3781,0.3781,0.10369,0.10369,-0.36733,-0.36733
