photo_id,local_path,class_label,group,physical_watch_id,model,layout_group,provenance,source,split,sha256,image_url,notes,path,status,width,height,pose_reason,twelve_phase_used,dial_radius_px_edge,ellipse_ratio,tick_rms_px,ticks_used,tick_sectors,dial_radius_px,ring_usable,ring_n,ring_shift_x_px,ring_shift_y_px,ring_shift_px,ring_scale_pct,ring_rotation_deg,m12_usable,m12_reason,m12_right_px,m12_down_px,m12_raw_dx_px,m12_raw_dy_px,m12_raw_px,m12_radial_px,m12_tangential_px,m12_local_px,m12_local_radial_px,m12_local_tangential_px,m12_rotation_deg,m12_radius_err_px,m12_edge_support,m12_outline_integrity,m12_left_side_err_deg,m12_right_side_err_deg,m12_base_tilt_deg,m6_usable,m6_reason,m6_right_px,m6_down_px,m6_raw_dx_px,m6_raw_dy_px,m6_raw_px,m6_radial_px,m6_tangential_px,m6_local_px,m6_local_radial_px,m6_local_tangential_px,m6_rotation_deg,m6_radius_err_px,m6_edge_support,m6_outline_integrity,m9_usable,m9_reason,m9_right_px,m9_down_px,m9_raw_dx_px,m9_raw_dy_px,m9_raw_px,m9_radial_px,m9_tangential_px,m9_local_px,m9_local_radial_px,m9_local_tangential_px,m9_rotation_deg,m9_radius_err_px,m9_edge_support,m9_outline_integrity,m1_usable,m1_reason,m1_right_px,m1_down_px,m1_raw_dx_px,m1_raw_dy_px,m1_raw_px,m1_radial_px,m1_tangential_px,m1_local_px,m1_local_radial_px,m1_local_tangential_px,m1_rotation_deg,m1_radius_err_px,m1_edge_support,m1_outline_integrity,m2_usable,m2_reason,m2_right_px,m2_down_px,m2_raw_dx_px,m2_raw_dy_px,m2_raw_px,m2_radial_px,m2_tangential_px,m2_local_px,m2_local_radial_px,m2_local_tangential_px,m2_rotation_deg,m2_radius_err_px,m2_edge_support,m2_outline_integrity,m4_usable,m4_reason,m4_right_px,m4_down_px,m4_raw_dx_px,m4_raw_dy_px,m4_raw_px,m4_radial_px,m4_tangential_px,m4_local_px,m4_local_radial_px,m4_local_tangential_px,m4_rotation_deg,m4_radius_err_px,m4_edge_support,m4_outline_integrity,m5_usable,m5_reason,m5_right_px,m5_down_px,m5_raw_dx_px,m5_raw_dy_px,m5_raw_px,m5_radial_px,m5_tangential_px,m5_local_px,m5_local_radial_px,m5_local_tangential_px,m5_rotation_deg,m5_radius_err_px,m5_edge_support,m5_outline_integrity,m7_usable,m7_reason,m7_right_px,m7_down_px,m7_raw_dx_px,m7_raw_dy_px,m7_raw_px,m7_radial_px,m7_tangential_px,m7_local_px,m7_local_radial_px,m7_local_tangential_px,m7_rotation_deg,m7_radius_err_px,m7_edge_support,m7_outline_integrity,m8_usable,m8_reason,m8_right_px,m8_down_px,m8_raw_dx_px,m8_raw_dy_px,m8_raw_px,m8_radial_px,m8_tangential_px,m8_local_px,m8_local_radial_px,m8_local_tangential_px,m8_rotation_deg,m8_radius_err_px,m8_edge_support,m8_outline_integrity,m10_usable,m10_reason,m10_right_px,m10_down_px,m10_raw_dx_px,m10_raw_dy_px,m10_raw_px,m10_radial_px,m10_tangential_px,m10_local_px,m10_local_radial_px,m10_local_tangential_px,m10_rotation_deg,m10_radius_err_px,m10_edge_support,m10_outline_integrity,m11_usable,m11_reason,m11_right_px,m11_down_px,m11_raw_dx_px,m11_raw_dy_px,m11_raw_px,m11_radial_px,m11_tangential_px,m11_local_px,m11_local_radial_px,m11_local_tangential_px,m11_rotation_deg,m11_radius_err_px,m11_edge_support,m11_outline_integrity,ms,m12_right_R,m12_down_R,m12_raw_R,m12_radial_R,m12_tangential_R,m12_local_R,m12_local_radial_R,m12_local_tangential_R,m6_right_R,m6_down_R,m6_raw_R,m6_radial_R,m6_tangential_R,m6_local_R,m6_local_radial_R,m6_local_tangential_R,m9_right_R,m9_down_R,m9_raw_R,m9_radial_R,m9_tangential_R,m9_local_R,m9_local_radial_R,m9_local_tangential_R,m1_right_R,m1_down_R,m1_raw_R,m1_radial_R,m1_tangential_R,m1_local_R,m1_local_radial_R,m1_local_tangential_R,m2_right_R,m2_down_R,m2_raw_R,m2_radial_R,m2_tangential_R,m2_local_R,m2_local_radial_R,m2_local_tangential_R,m4_right_R,m4_down_R,m4_raw_R,m4_radial_R,m4_tangential_R,m4_local_R,m4_local_radial_R,m4_local_tangential_R,m5_right_R,m5_down_R,m5_raw_R,m5_radial_R,m5_tangential_R,m5_local_R,m5_local_radial_R,m5_local_tangential_R,m7_right_R,m7_down_R,m7_raw_R,m7_radial_R,m7_tangential_R,m7_local_R,m7_local_radial_R,m7_local_tangential_R,m8_right_R,m8_down_R,m8_raw_R,m8_radial_R,m8_tangential_R,m8_local_R,m8_local_radial_R,m8_local_tangential_R,m10_right_R,m10_down_R,m10_raw_R,m10_radial_R,m10_tangential_R,m10_local_R,m10_local_radial_R,m10_local_tangential_R,m11_right_R,m11_down_R,m11_raw_R,m11_radial_R,m11_tangential_R,m11_local_R,m11_local_radial_R,m11_local_tangential_R,ring_shift_R,rounds_usable,rounds_max_local_px,rounds_max_local_R
49ba843c0a7e19d7,images/49/49ba843c0a7e19d7ca00fd558a3d7f14544925f55d6d0ac7047fe4a4208fce81.jpg,gen,genuine_population,bobs_175818,126710BLNR,primary_steel,established_dealer,https://bobswatches.com/rolex-gmt-master-ii-batman-126710blnr.html,,49ba843c0a7e19d7ca00fd558a3d7f14544925f55d6d0ac7047fe4a4208fce81,https://www.bobswatches.com/images/zUsed-Rolex-GMT-Master-II-126710-Black-Chromalight-Dial-SKU175818.jpg,harvest pose=CORRECTABLE decision=QUARANTINE,images/49/49ba843c0a7e19d7ca00fd558a3d7f14544925f55d6d0ac7047fe4a4208fce81.jpg,missing,,,,,,,,,,,,,,,,,,,,,,,,,,,,,,,,,,,,,,,,,,,,,,,,,,,,,,,,,,,,,,,,,,,,,,,,,,,,,,,,,,,,,,,,,,,,,,,,,,,,,,,,,,,,,,,,,,,,,,,,,,,,,,,,,,,,,,,,,,,,,,,,,,,,,,,,,,,,,,,,,,,,,,,,,,,,,,,,,,,,,,,,,,,,,,,,,,,,,,,,,,,,,,,,,,,,,,,,,,,,,,,,,,,,,,,,,,,,,,,,,,,,,,,,,,,,,,,,,,,,,,,,,,,,,,,,,,,,,,,,,,,,,,,,,
cae9ed4ca889fc44,images/ca/cae9ed4ca889fc44d149349edba5ea03d9f8624d9a26bf2abe4ef115daf422d0.jpg,gen,genuine_population,bobs_185749,126710BLNR,primary_steel,established_dealer,https://bobswatches.com/pre-owned-rolex-gmt-master-ii-ref-126710blnr.html,,cae9ed4ca889fc44d149349edba5ea03d9f8624d9a26bf2abe4ef115daf422d0,https://www.bobswatches.com/images/zUsed-Rolex-GMT-Master-II-126710-Black-Dial-SKU185749.jpg,harvest pose=CORRECTABLE decision=QUARANTINE,images/ca/cae9ed4ca889fc44d149349edba5ea03d9f8624d9a26bf2abe4ef115daf422d0.jpg,missing,,,,,,,,,,,,,,,,,,,,,,,,,,,,,,,,,,,,,,,,,,,,,,,,,,,,,,,,,,,,,,,,,,,,,,,,,,,,,,,,,,,,,,,,,,,,,,,,,,,,,,,,,,,,,,,,,,,,,,,,,,,,,,,,,,,,,,,,,,,,,,,,,,,,,,,,,,,,,,,,,,,,,,,,,,,,,,,,,,,,,,,,,,,,,,,,,,,,,,,,,,,,,,,,,,,,,,,,,,,,,,,,,,,,,,,,,,,,,,,,,,,,,,,,,,,,,,,,,,,,,,,,,,,,,,,,,,,,,,,,,,,,,,,,,
641dc405c27149d0,images/64/641dc405c27149d0e62efb803365d0ab1a803b380dd8185788099923cfc7badb.jpg,gen,genuine_population,gen_126710BLRO_phillips_122669,126710BLRO,primary_steel,auction_house,https://phillips.com/detail/rolex/122669,,641dc405c27149d0e62efb803365d0ab1a803b380dd8185788099923cfc7badb,https://dist.phillips.com/auction-assets/CH080218/1_001.jpg?bg-color=0&pad=0&fit=bounds&disable-upscale&height=4000&optimize=medium&width=2000,harvest pose=GOOD decision=QUARANTINE,images/64/641dc405c27149d0e62efb803365d0ab1a803b380dd8185788099923cfc7badb.jpg,missing,,,,,,,,,,,,,,,,,,,,,,,,,,,,,,,,,,,,,,,,,,,,,,,,,,,,,,,,,,,,,,,,,,,,,,,,,,,,,,,,,,,,,,,,,,,,,,,,,,,,,,,,,,,,,,,,,,,,,,,,,,,,,,,,,,,,,,,,,,,,,,,,,,,,,,,,,,,,,,,,,,,,,,,,,,,,,,,,,,,,,,,,,,,,,,,,,,,,,,,,,,,,,,,,,,,,,,,,,,,,,,,,,,,,,,,,,,,,,,,,,,,,,,,,,,,,,,,,,,,,,,,,,,,,,,,,,,,,,,,,,,,,,,,,,
68b9f82bb2ddbf29,images/68/68b9f82bb2ddbf29da1342be3cbc3bbcbc1fc6af4d11348363da46a139bee0fd.jpg,gen,genuine_population,gen_126710BLRO_phillips_146213,126710BLRO,primary_steel,auction_house,https://phillips.com/detail/rolex/146213,,68b9f82bb2ddbf29da1342be3cbc3bbcbc1fc6af4d11348363da46a139bee0fd,https://dist.phillips.com/auction-assets/NY080120/2_001.jpg?fit=cover&offset-x=50&offset-y=100&width=928,harvest pose=CORRECTABLE decision=ACCEPT,images/68/68b9f82bb2ddbf29da1342be3cbc3bbcbc1fc6af4d11348363da46a139bee0fd.jpg,missing,,,,,,,,,,,,,,,,,,,,,,,,,,,,,,,,,,,,,,,,,,,,,,,,,,,,,,,,,,,,,,,,,,,,,,,,,,,,,,,,,,,,,,,,,,,,,,,,,,,,,,,,,,,,,,,,,,,,,,,,,,,,,,,,,,,,,,,,,,,,,,,,,,,,,,,,,,,,,,,,,,,,,,,,,,,,,,,,,,,,,,,,,,,,,,,,,,,,,,,,,,,,,,,,,,,,,,,,,,,,,,,,,,,,,,,,,,,,,,,,,,,,,,,,,,,,,,,,,,,,,,,,,,,,,,,,,,,,,,,,,,,,,,,,,
4de80a08ea1d9983,images/4d/4de80a08ea1d998386ad9390c59b9bf7ad569797574dc98c1da8256dd9ed2820.jpg,gen,genuine_population,gen_126710BLRO_phillips_146213,126710BLRO,primary_steel,auction_house,https://phillips.com/detail/rolex/146213,,4de80a08ea1d998386ad9390c59b9bf7ad569797574dc98c1da8256dd9ed2820,https://dist.phillips.com/auction-assets/NY080120/2_001.jpg?fit=cover&optimize=medium&width=1302,harvest pose=GOOD decision=ACCEPT,images/4d/4de80a08ea1d998386ad9390c59b9bf7ad569797574dc98c1da8256dd9ed2820.jpg,missing,,,,,,,,,,,,,,,,,,,,,,,,,,,,,,,,,,,,,,,,,,,,,,,,,,,,,,,,,,,,,,,,,,,,,,,,,,,,,,,,,,,,,,,,,,,,,,,,,,,,,,,,,,,,,,,,,,,,,,,,,,,,,,,,,,,,,,,,,,,,,,,,,,,,,,,,,,,,,,,,,,,,,,,,,,,,,,,,,,,,,,,,,,,,,,,,,,,,,,,,,,,,,,,,,,,,,,,,,,,,,,,,,,,,,,,,,,,,,,,,,,,,,,,,,,,,,,,,,,,,,,,,,,,,,,,,,,,,,,,,,,,,,,,,,
cca876b2faab08dd,images/cc/cca876b2faab08dd4d796ca2fb98d3cb608242ba9a5705d66e19b954e30a89b2.jpg,gen,genuine_population,gen_126710BLRO_phillips_146213,126710BLRO,primary_steel,auction_house,https://phillips.com/detail/rolex/146213,,cca876b2faab08dd4d796ca2fb98d3cb608242ba9a5705d66e19b954e30a89b2,https://dist.phillips.com/auction-assets/NY080120/2_001.jpg?bg-color=0&pad=0&fit=bounds&disable-upscale&height=4000&optimize=medium&width=2000,harvest pose=CORRECTABLE decision=ACCEPT,images/cc/cca876b2faab08dd4d796ca2fb98d3cb608242ba9a5705d66e19b954e30a89b2.jpg,missing,,,,,,,,,,,,,,,,,,,,,,,,,,,,,,,,,,,,,,,,,,,,,,,,,,,,,,,,,,,,,,,,,,,,,,,,,,,,,,,,,,,,,,,,,,,,,,,,,,,,,,,,,,,,,,,,,,,,,,,,,,,,,,,,,,,,,,,,,,,,,,,,,,,,,,,,,,,,,,,,,,,,,,,,,,,,,,,,,,,,,,,,,,,,,,,,,,,,,,,,,,,,,,,,,,,,,,,,,,,,,,,,,,,,,,,,,,,,,,,,,,,,,,,,,,,,,,,,,,,,,,,,,,,,,,,,,,,,,,,,,,,,,,,,,
2a0fdd5920d4301d,images/2a/2a0fdd5920d4301dc0b494fbfe84203b51ef320dbc1ac4449f4df0931e378c58.jpg,gen,genuine_population,gen_126710BLRO_phillips_146213,126710BLRO,primary_steel,auction_house,https://phillips.com/detail/rolex/146213,,2a0fdd5920d4301dc0b494fbfe84203b51ef320dbc1ac4449f4df0931e378c58,https://dist.phillips.com/auction-assets/NY080120/2_001.jpg?fit=cover&offset-x=50&offset-y=100&optimize=medium&width=868,harvest pose=CORRECTABLE decision=ACCEPT,images/2a/2a0fdd5920d4301dc0b494fbfe84203b51ef320dbc1ac4449f4df0931e378c58.jpg,missing,,,,,,,,,,,,,,,,,,,,,,,,,,,,,,,,,,,,,,,,,,,,,,,,,,,,,,,,,,,,,,,,,,,,,,,,,,,,,,,,,,,,,,,,,,,,,,,,,,,,,,,,,,,,,,,,,,,,,,,,,,,,,,,,,,,,,,,,,,,,,,,,,,,,,,,,,,,,,,,,,,,,,,,,,,,,,,,,,,,,,,,,,,,,,,,,,,,,,,,,,,,,,,,,,,,,,,,,,,,,,,,,,,,,,,,,,,,,,,,,,,,,,,,,,,,,,,,,,,,,,,,,,,,,,,,,,,,,,,,,,,,,,,,,,
7b1978419d4aa853,images/7b/7b1978419d4aa853b9c05f57346cccebaece33d834baf4b0eedd38f4975e26c7.jpg,gen,genuine_population,gen_126710BLRO_phillips_146213,126710BLRO,primary_steel,auction_house,https://phillips.com/detail/rolex/146213,,7b1978419d4aa853b9c05f57346cccebaece33d834baf4b0eedd38f4975e26c7,https://dist.phillips.com/auction-assets/NY080120/2_001.jpg?fit=cover&offset-x=50&offset-y=100&width=750,harvest pose=CORRECTABLE decision=ACCEPT,images/7b/7b1978419d4aa853b9c05f57346cccebaece33d834baf4b0eedd38f4975e26c7.jpg,missing,,,,,,,,,,,,,,,,,,,,,,,,,,,,,,,,,,,,,,,,,,,,,,,,,,,,,,,,,,,,,,,,,,,,,,,,,,,,,,,,,,,,,,,,,,,,,,,,,,,,,,,,,,,,,,,,,,,,,,,,,,,,,,,,,,,,,,,,,,,,,,,,,,,,,,,,,,,,,,,,,,,,,,,,,,,,,,,,,,,,,,,,,,,,,,,,,,,,,,,,,,,,,,,,,,,,,,,,,,,,,,,,,,,,,,,,,,,,,,,,,,,,,,,,,,,,,,,,,,,,,,,,,,,,,,,,,,,,,,,,,,,,,,,,,
192745d7b04a8a03,images/19/192745d7b04a8a03c75a0dde55da69ea99464c4662b8f15d463897e8425566d4.jpg,gen,genuine_population,gen_126710BLRO_phillips_146213,126710BLRO,primary_steel,auction_house,https://phillips.com/detail/rolex/146213,,192745d7b04a8a03c75a0dde55da69ea99464c4662b8f15d463897e8425566d4,https://dist.phillips.com/auction-assets/NY080120/2_001.jpg?fit=crop&offset-x=50&offset-y=100&height=730,harvest pose=CORRECTABLE decision=ACCEPT,images/19/192745d7b04a8a03c75a0dde55da69ea99464c4662b8f15d463897e8425566d4.jpg,missing,,,,,,,,,,,,,,,,,,,,,,,,,,,,,,,,,,,,,,,,,,,,,,,,,,,,,,,,,,,,,,,,,,,,,,,,,,,,,,,,,,,,,,,,,,,,,,,,,,,,,,,,,,,,,,,,,,,,,,,,,,,,,,,,,,,,,,,,,,,,,,,,,,,,,,,,,,,,,,,,,,,,,,,,,,,,,,,,,,,,,,,,,,,,,,,,,,,,,,,,,,,,,,,,,,,,,,,,,,,,,,,,,,,,,,,,,,,,,,,,,,,,,,,,,,,,,,,,,,,,,,,,,,,,,,,,,,,,,,,,,,,,,,,,,
406524fb5104d34a,images/40/406524fb5104d34a5e344bcdcd7fbbd021c9919883fb95a0d33311746e3f62dd.jpg,gen,genuine_population,gen_126710BLRO_phillips_146213,126710BLRO,primary_steel,auction_house,https://phillips.com/detail/rolex/146213,,406524fb5104d34a5e344bcdcd7fbbd021c9919883fb95a0d33311746e3f62dd,https://dist.phillips.com/auction-assets/NY080120/2_001.jpg?fit=cover&offset-x=50&offset-y=100&height=700&optimize=medium,harvest pose=CORRECTABLE decision=ACCEPT,images/40/406524fb5104d34a5e344bcdcd7fbbd021c9919883fb95a0d33311746e3f62dd.jpg,missing,,,,,,,,,,,,,,,,,,,,,,,,,,,,,,,,,,,,,,,,,,,,,,,,,,,,,,,,,,,,,,,,,,,,,,,,,,,,,,,,,,,,,,,,,,,,,,,,,,,,,,,,,,,,,,,,,,,,,,,,,,,,,,,,,,,,,,,,,,,,,,,,,,,,,,,,,,,,,,,,,,,,,,,,,,,,,,,,,,,,,,,,,,,,,,,,,,,,,,,,,,,,,,,,,,,,,,,,,,,,,,,,,,,,,,,,,,,,,,,,,,,,,,,,,,,,,,,,,,,,,,,,,,,,,,,,,,,,,,,,,,,,,,,,,
f73f5f4bb560c8b1,images/f7/f73f5f4bb560c8b1aa464fcfbf2e8a3955ec8f5d0f225fdde0ff11c41e743a8d.jpg,gen,genuine_population,gen_126710BLRO_phillips_146213,126710BLRO,primary_steel,auction_house,https://phillips.com/detail/rolex/146213,,f73f5f4bb560c8b1aa464fcfbf2e8a3955ec8f5d0f225fdde0ff11c41e743a8d,https://dist.phillips.com/auction-assets/NY080120/2_001.jpg?bg-color=ffffff&pad=0&fit=bounds&height=550&optimize=medium&width=605,harvest pose=CORRECTABLE decision=ACCEPT,images/f7/f73f5f4bb560c8b1aa464fcfbf2e8a3955ec8f5d0f225fdde0ff11c41e743a8d.jpg,missing,,,,,,,,,,,,,,,,,,,,,,,,,,,,,,,,,,,,,,,,,,,,,,,,,,,,,,,,,,,,,,,,,,,,,,,,,,,,,,,,,,,,,,,,,,,,,,,,,,,,,,,,,,,,,,,,,,,,,,,,,,,,,,,,,,,,,,,,,,,,,,,,,,,,,,,,,,,,,,,,,,,,,,,,,,,,,,,,,,,,,,,,,,,,,,,,,,,,,,,,,,,,,,,,,,,,,,,,,,,,,,,,,,,,,,,,,,,,,,,,,,,,,,,,,,,,,,,,,,,,,,,,,,,,,,,,,,,,,,,,,,,,,,,,,
959b9d718208d34b,images/95/959b9d718208d34bf3f9eef71440c0cf4fd7cafa702ccde8e19dd736ba3a8a43.jpg,gen,genuine_population,gen_126710BLRO_phillips_147798,126710BLRO,primary_steel,auction_house,https://phillips.com/detail/rolex/147798,,959b9d718208d34bf3f9eef71440c0cf4fd7cafa702ccde8e19dd736ba3a8a43,https://dist.phillips.com/auction-assets/HK080220/821_001.jpg?fit=cover&offset-x=50&offset-y=100&width=928,harvest pose=GOOD decision=ACCEPT,images/95/959b9d718208d34bf3f9eef71440c0cf4fd7cafa702ccde8e19dd736ba3a8a43.jpg,missing,,,,,,,,,,,,,,,,,,,,,,,,,,,,,,,,,,,,,,,,,,,,,,,,,,,,,,,,,,,,,,,,,,,,,,,,,,,,,,,,,,,,,,,,,,,,,,,,,,,,,,,,,,,,,,,,,,,,,,,,,,,,,,,,,,,,,,,,,,,,,,,,,,,,,,,,,,,,,,,,,,,,,,,,,,,,,,,,,,,,,,,,,,,,,,,,,,,,,,,,,,,,,,,,,,,,,,,,,,,,,,,,,,,,,,,,,,,,,,,,,,,,,,,,,,,,,,,,,,,,,,,,,,,,,,,,,,,,,,,,,,,,,,,,,
566ea1840477d363,images/56/566ea1840477d3639fde0b4b921c1e083b414b9dd363152c05bbf93fccd63e49.jpg,gen,genuine_population,gen_126710BLRO_phillips_147798,126710BLRO,primary_steel,auction_house,https://phillips.com/detail/rolex/147798,,566ea1840477d3639fde0b4b921c1e083b414b9dd363152c05bbf93fccd63e49,https://dist.phillips.com/auction-assets/HK080220/821_001.jpg?fit=cover&optimize=medium&width=1302,harvest pose=CORRECTABLE decision=ACCEPT,images/56/566ea1840477d3639fde0b4b921c1e083b414b9dd363152c05bbf93fccd63e49.jpg,missing,,,,,,,,,,,,,,,,,,,,,,,,,,,,,,,,,,,,,,,,,,,,,,,,,,,,,,,,,,,,,,,,,,,,,,,,,,,,,,,,,,,,,,,,,,,,,,,,,,,,,,,,,,,,,,,,,,,,,,,,,,,,,,,,,,,,,,,,,,,,,,,,,,,,,,,,,,,,,,,,,,,,,,,,,,,,,,,,,,,,,,,,,,,,,,,,,,,,,,,,,,,,,,,,,,,,,,,,,,,,,,,,,,,,,,,,,,,,,,,,,,,,,,,,,,,,,,,,,,,,,,,,,,,,,,,,,,,,,,,,,,,,,,,,,
fc6bb491acf36c86,images/fc/fc6bb491acf36c860d2681eca22f8d55dd4bb4862df37990592936b284e27ccc.jpg,gen,genuine_population,gen_126710BLRO_phillips_147798,126710BLRO,primary_steel,auction_house,https://phillips.com/detail/rolex/147798,,fc6bb491acf36c860d2681eca22f8d55dd4bb4862df37990592936b284e27ccc,https://dist.phillips.com/auction-assets/HK080220/821_001.jpg?bg-color=0&pad=0&fit=bounds&disable-upscale&height=4000&optimize=medium&width=2000,harvest pose=CORRECTABLE decision=ACCEPT,images/fc/fc6bb491acf36c860d2681eca22f8d55dd4bb4862df37990592936b284e27ccc.jpg,missing,,,,,,,,,,,,,,,,,,,,,,,,,,,,,,,,,,,,,,,,,,,,,,,,,,,,,,,,,,,,,,,,,,,,,,,,,,,,,,,,,,,,,,,,,,,,,,,,,,,,,,,,,,,,,,,,,,,,,,,,,,,,,,,,,,,,,,,,,,,,,,,,,,,,,,,,,,,,,,,,,,,,,,,,,,,,,,,,,,,,,,,,,,,,,,,,,,,,,,,,,,,,,,,,,,,,,,,,,,,,,,,,,,,,,,,,,,,,,,,,,,,,,,,,,,,,,,,,,,,,,,,,,,,,,,,,,,,,,,,,,,,,,,,,,
263919e22c8cb08d,images/26/263919e22c8cb08d3c7d5626503744bf22b03e802a389fe975a98129588f44cb.jpg,gen,genuine_population,gen_126710BLRO_phillips_147798,126710BLRO,primary_steel,auction_house,https://phillips.com/detail/rolex/147798,,263919e22c8cb08d3c7d5626503744bf22b03e802a389fe975a98129588f44cb,https://dist.phillips.com/auction-assets/HK080220/821_001.jpg?fit=cover&offset-x=50&offset-y=100&optimize=medium&width=868,harvest pose=CORRECTABLE decision=ACCEPT,images/26/263919e22c8cb08d3c7d5626503744bf22b03e802a389fe975a98129588f44cb.jpg,missing,,,,,,,,,,,,,,,,,,,,,,,,,,,,,,,,,,,,,,,,,,,,,,,,,,,,,,,,,,,,,,,,,,,,,,,,,,,,,,,,,,,,,,,,,,,,,,,,,,,,,,,,,,,,,,,,,,,,,,,,,,,,,,,,,,,,,,,,,,,,,,,,,,,,,,,,,,,,,,,,,,,,,,,,,,,,,,,,,,,,,,,,,,,,,,,,,,,,,,,,,,,,,,,,,,,,,,,,,,,,,,,,,,,,,,,,,,,,,,,,,,,,,,,,,,,,,,,,,,,,,,,,,,,,,,,,,,,,,,,,,,,,,,,,,
b2baff3925ce65f7,images/b2/b2baff3925ce65f715e1dff43b39044e4b7dd54201d990340f476bb3513ffdf6.jpg,gen,genuine_population,gen_126710BLRO_phillips_147798,126710BLRO,primary_steel,auction_house,https://phillips.com/detail/rolex/147798,,b2baff3925ce65f715e1dff43b39044e4b7dd54201d990340f476bb3513ffdf6,https://dist.phillips.com/auction-assets/HK080220/821_001.jpg?fit=cover&offset-x=50&offset-y=100&width=750,harvest pose=CORRECTABLE decision=ACCEPT,images/b2/b2baff3925ce65f715e1dff43b39044e4b7dd54201d990340f476bb3513ffdf6.jpg,missing,,,,,,,,,,,,,,,,,,,,,,,,,,,,,,,,,,,,,,,,,,,,,,,,,,,,,,,,,,,,,,,,,,,,,,,,,,,,,,,,,,,,,,,,,,,,,,,,,,,,,,,,,,,,,,,,,,,,,,,,,,,,,,,,,,,,,,,,,,,,,,,,,,,,,,,,,,,,,,,,,,,,,,,,,,,,,,,,,,,,,,,,,,,,,,,,,,,,,,,,,,,,,,,,,,,,,,,,,,,,,,,,,,,,,,,,,,,,,,,,,,,,,,,,,,,,,,,,,,,,,,,,,,,,,,,,,,,,,,,,,,,,,,,,,
2af8e8c676bcd0cc,images/2a/2af8e8c676bcd0cc055ebe9f6071893ff31048b16b63f141f9e815c7dacc2121.jpg,gen,genuine_population,gen_126710BLRO_phillips_147798,126710BLRO,primary_steel,auction_house,https://phillips.com/detail/rolex/147798,,2af8e8c676bcd0cc055ebe9f6071893ff31048b16b63f141f9e815c7dacc2121,https://dist.phillips.com/auction-assets/HK080220/821_001.jpg?fit=crop&offset-x=50&offset-y=100&height=730,harvest pose=CORRECTABLE decision=ACCEPT,images/2a/2af8e8c676bcd0cc055ebe9f6071893ff31048b16b63f141f9e815c7dacc2121.jpg,missing,,,,,,,,,,,,,,,,,,,,,,,,,,,,,,,,,,,,,,,,,,,,,,,,,,,,,,,,,,,,,,,,,,,,,,,,,,,,,,,,,,,,,,,,,,,,,,,,,,,,,,,,,,,,,,,,,,,,,,,,,,,,,,,,,,,,,,,,,,,,,,,,,,,,,,,,,,,,,,,,,,,,,,,,,,,,,,,,,,,,,,,,,,,,,,,,,,,,,,,,,,,,,,,,,,,,,,,,,,,,,,,,,,,,,,,,,,,,,,,,,,,,,,,,,,,,,,,,,,,,,,,,,,,,,,,,,,,,,,,,,,,,,,,,,
ccbc58888cb443ab,images/cc/ccbc58888cb443ab507b866e992da837c2d8f0baf7df3f0dc305b37b9fdb3adf.jpg,gen,genuine_population,gen_126710BLRO_phillips_147798,126710BLRO,primary_steel,auction_house,https://phillips.com/detail/rolex/147798,,ccbc58888cb443ab507b866e992da837c2d8f0baf7df3f0dc305b37b9fdb3adf,https://dist.phillips.com/auction-assets/HK080220/821_001.jpg?fit=cover&offset-x=50&offset-y=100&height=700&optimize=medium,harvest pose=GOOD decision=ACCEPT,images/cc/ccbc58888cb443ab507b866e992da837c2d8f0baf7df3f0dc305b37b9fdb3adf.jpg,missing,,,,,,,,,,,,,,,,,,,,,,,,,,,,,,,,,,,,,,,,,,,,,,,,,,,,,,,,,,,,,,,,,,,,,,,,,,,,,,,,,,,,,,,,,,,,,,,,,,,,,,,,,,,,,,,,,,,,,,,,,,,,,,,,,,,,,,,,,,,,,,,,,,,,,,,,,,,,,,,,,,,,,,,,,,,,,,,,,,,,,,,,,,,,,,,,,,,,,,,,,,,,,,,,,,,,,,,,,,,,,,,,,,,,,,,,,,,,,,,,,,,,,,,,,,,,,,,,,,,,,,,,,,,,,,,,,,,,,,,,,,,,,,,,,
ca1360a49365e5ff,images/ca/ca1360a49365e5ff9799aa337c2c42a5821a30f032c1b5369e138efd914affd1.jpg,gen,genuine_population,gen_126710BLRO_phillips_147798,126710BLRO,primary_steel,auction_house,https://phillips.com/detail/rolex/147798,,ca1360a49365e5ff9799aa337c2c42a5821a30f032c1b5369e138efd914affd1,https://dist.phillips.com/auction-assets/HK080220/821_001.jpg?bg-color=ffffff&pad=0&fit=bounds&height=550&optimize=medium&width=605,harvest pose=GOOD decision=ACCEPT,images/ca/ca1360a49365e5ff9799aa337c2c42a5821a30f032c1b5369e138efd914affd1.jpg,missing,,,,,,,,,,,,,,,,,,,,,,,,,,,,,,,,,,,,,,,,,,,,,,,,,,,,,,,,,,,,,,,,,,,,,,,,,,,,,,,,,,,,,,,,,,,,,,,,,,,,,,,,,,,,,,,,,,,,,,,,,,,,,,,,,,,,,,,,,,,,,,,,,,,,,,,,,,,,,,,,,,,,,,,,,,,,,,,,,,,,,,,,,,,,,,,,,,,,,,,,,,,,,,,,,,,,,,,,,,,,,,,,,,,,,,,,,,,,,,,,,,,,,,,,,,,,,,,,,,,,,,,,,,,,,,,,,,,,,,,,,,,,,,,,,
6de22511c60b1ca2,images/6d/6de22511c60b1ca29b6d85d36128a7cc4c5fa24417d1a14cec81776e3edd7a00.jpg,gen,genuine_population,gen_126710BLRO_phillips_151477,126710BLRO,primary_steel,auction_house,https://phillips.com/detail/rolex/151477,,6de22511c60b1ca29b6d85d36128a7cc4c5fa24417d1a14cec81776e3edd7a00,https://dist.phillips.com/auction-assets/CH080121/131_001.jpg?fit=cover&offset-x=50&offset-y=100&width=928,harvest pose=CORRECTABLE decision=ACCEPT,images/6d/6de22511c60b1ca29b6d85d36128a7cc4c5fa24417d1a14cec81776e3edd7a00.jpg,missing,,,,,,,,,,,,,,,,,,,,,,,,,,,,,,,,,,,,,,,,,,,,,,,,,,,,,,,,,,,,,,,,,,,,,,,,,,,,,,,,,,,,,,,,,,,,,,,,,,,,,,,,,,,,,,,,,,,,,,,,,,,,,,,,,,,,,,,,,,,,,,,,,,,,,,,,,,,,,,,,,,,,,,,,,,,,,,,,,,,,,,,,,,,,,,,,,,,,,,,,,,,,,,,,,,,,,,,,,,,,,,,,,,,,,,,,,,,,,,,,,,,,,,,,,,,,,,,,,,,,,,,,,,,,,,,,,,,,,,,,,,,,,,,,,
0196a54bb8662bd6,images/01/0196a54bb8662bd63c5502cefd0628d2ce97a916ff3a1e11b004409e9fa83e63.jpg,gen,genuine_population,gen_126710BLRO_phillips_151477,126710BLRO,primary_steel,auction_house,https://phillips.com/detail/rolex/151477,,0196a54bb8662bd63c5502cefd0628d2ce97a916ff3a1e11b004409e9fa83e63,https://dist.phillips.com/auction-assets/CH080121/131_001.jpg?fit=cover&optimize=medium&width=1302,harvest pose=CORRECTABLE decision=ACCEPT,images/01/0196a54bb8662bd63c5502cefd0628d2ce97a916ff3a1e11b004409e9fa83e63.jpg,missing,,,,,,,,,,,,,,,,,,,,,,,,,,,,,,,,,,,,,,,,,,,,,,,,,,,,,,,,,,,,,,,,,,,,,,,,,,,,,,,,,,,,,,,,,,,,,,,,,,,,,,,,,,,,,,,,,,,,,,,,,,,,,,,,,,,,,,,,,,,,,,,,,,,,,,,,,,,,,,,,,,,,,,,,,,,,,,,,,,,,,,,,,,,,,,,,,,,,,,,,,,,,,,,,,,,,,,,,,,,,,,,,,,,,,,,,,,,,,,,,,,,,,,,,,,,,,,,,,,,,,,,,,,,,,,,,,,,,,,,,,,,,,,,,,
237b623f0e13ac6a,images/23/237b623f0e13ac6ab3d3a8303fb9719fc92c8b473b13e14d468a8d4117e3a697.jpg,gen,genuine_population,gen_126710BLRO_phillips_151477,126710BLRO,primary_steel,auction_house,https://phillips.com/detail/rolex/151477,,237b623f0e13ac6ab3d3a8303fb9719fc92c8b473b13e14d468a8d4117e3a697,https://dist.phillips.com/auction-assets/CH080121/131_001.jpg?fit=crop&offset-x=50&offset-y=100&height=730,harvest pose=CORRECTABLE decision=ACCEPT,images/23/237b623f0e13ac6ab3d3a8303fb9719fc92c8b473b13e14d468a8d4117e3a697.jpg,missing,,,,,,,,,,,,,,,,,,,,,,,,,,,,,,,,,,,,,,,,,,,,,,,,,,,,,,,,,,,,,,,,,,,,,,,,,,,,,,,,,,,,,,,,,,,,,,,,,,,,,,,,,,,,,,,,,,,,,,,,,,,,,,,,,,,,,,,,,,,,,,,,,,,,,,,,,,,,,,,,,,,,,,,,,,,,,,,,,,,,,,,,,,,,,,,,,,,,,,,,,,,,,,,,,,,,,,,,,,,,,,,,,,,,,,,,,,,,,,,,,,,,,,,,,,,,,,,,,,,,,,,,,,,,,,,,,,,,,,,,,,,,,,,,,
1eb396cba1b95704,images/1e/1eb396cba1b95704bb7a2c23e8cb8bc2e19853a8756bca2cf398d1cb4a558ff2.jpg,gen,genuine_population,gen_126710BLRO_phillips_151477,126710BLRO,primary_steel,auction_house,https://phillips.com/detail/rolex/151477,,1eb396cba1b95704bb7a2c23e8cb8bc2e19853a8756bca2cf398d1cb4a558ff2,https://dist.phillips.com/auction-assets/CH080121/131_001.jpg?bg-color=ffffff&pad=0&fit=bounds&height=550&optimize=medium&width=605,harvest pose=CORRECTABLE decision=ACCEPT,images/1e/1eb396cba1b95704bb7a2c23e8cb8bc2e19853a8756bca2cf398d1cb4a558ff2.jpg,missing,,,,,,,,,,,,,,,,,,,,,,,,,,,,,,,,,,,,,,,,,,,,,,,,,,,,,,,,,,,,,,,,,,,,,,,,,,,,,,,,,,,,,,,,,,,,,,,,,,,,,,,,,,,,,,,,,,,,,,,,,,,,,,,,,,,,,,,,,,,,,,,,,,,,,,,,,,,,,,,,,,,,,,,,,,,,,,,,,,,,,,,,,,,,,,,,,,,,,,,,,,,,,,,,,,,,,,,,,,,,,,,,,,,,,,,,,,,,,,,,,,,,,,,,,,,,,,,,,,,,,,,,,,,,,,,,,,,,,,,,,,,,,,,,,
cc84120bd459d485,images/cc/cc84120bd459d485f5e8919708b4b6bd2dd02df6958cad1fd4db6116067860ba.jpg,gen,genuine_population,gen_126710BLRO_phillips_210072,126710BLRO,primary_steel,auction_house,https://phillips.com/detail/rolex/210072,,cc84120bd459d485f5e8919708b4b6bd2dd02df6958cad1fd4db6116067860ba,https://dist.phillips.com/auction-assets/HK080524/210072_001.jpg?fit=cover&offset-x=50&offset-y=100&width=928,harvest pose=CORRECTABLE decision=ACCEPT,images/cc/cc84120bd459d485f5e8919708b4b6bd2dd02df6958cad1fd4db6116067860ba.jpg,missing,,,,,,,,,,,,,,,,,,,,,,,,,,,,,,,,,,,,,,,,,,,,,,,,,,,,,,,,,,,,,,,,,,,,,,,,,,,,,,,,,,,,,,,,,,,,,,,,,,,,,,,,,,,,,,,,,,,,,,,,,,,,,,,,,,,,,,,,,,,,,,,,,,,,,,,,,,,,,,,,,,,,,,,,,,,,,,,,,,,,,,,,,,,,,,,,,,,,,,,,,,,,,,,,,,,,,,,,,,,,,,,,,,,,,,,,,,,,,,,,,,,,,,,,,,,,,,,,,,,,,,,,,,,,,,,,,,,,,,,,,,,,,,,,,
ef5c636efb6480a0,images/ef/ef5c636efb6480a04892a60a7e01e2c6f9506a59cc6eb9238487597e7ff26766.jpg,gen,genuine_population,gen_126710BLRO_phillips_210072,126710BLRO,primary_steel,auction_house,https://phillips.com/detail/rolex/210072,,ef5c636efb6480a04892a60a7e01e2c6f9506a59cc6eb9238487597e7ff26766,https://dist.phillips.com/auction-assets/HK080524/210072_001.jpg?fit=cover&optimize=medium&width=1302,harvest pose=GOOD decision=ACCEPT,images/ef/ef5c636efb6480a04892a60a7e01e2c6f9506a59cc6eb9238487597e7ff26766.jpg,missing,,,,,,,,,,,,,,,,,,,,,,,,,,,,,,,,,,,,,,,,,,,,,,,,,,,,,,,,,,,,,,,,,,,,,,,,,,,,,,,,,,,,,,,,,,,,,,,,,,,,,,,,,,,,,,,,,,,,,,,,,,,,,,,,,,,,,,,,,,,,,,,,,,,,,,,,,,,,,,,,,,,,,,,,,,,,,,,,,,,,,,,,,,,,,,,,,,,,,,,,,,,,,,,,,,,,,,,,,,,,,,,,,,,,,,,,,,,,,,,,,,,,,,,,,,,,,,,,,,,,,,,,,,,,,,,,,,,,,,,,,,,,,,,,,
b5be92e3314dc366,images/b5/b5be92e3314dc36679a7170c5f67f760ff881a78030cafb969b22b9b52d73ac6.jpg,gen,genuine_population,gen_126710BLRO_phillips_210072,126710BLRO,primary_steel,auction_house,https://phillips.com/detail/rolex/210072,,b5be92e3314dc36679a7170c5f67f760ff881a78030cafb969b22b9b52d73ac6,https://dist.phillips.com/auction-assets/HK080524/210072_001.jpg?bg-color=0&pad=0&fit=bounds&disable-upscale&height=4000&optimize=medium&width=2000,harvest pose=CORRECTABLE decision=ACCEPT,images/b5/b5be92e3314dc36679a7170c5f67f760ff881a78030cafb969b22b9b52d73ac6.jpg,missing,,,,,,,,,,,,,,,,,,,,,,,,,,,,,,,,,,,,,,,,,,,,,,,,,,,,,,,,,,,,,,,,,,,,,,,,,,,,,,,,,,,,,,,,,,,,,,,,,,,,,,,,,,,,,,,,,,,,,,,,,,,,,,,,,,,,,,,,,,,,,,,,,,,,,,,,,,,,,,,,,,,,,,,,,,,,,,,,,,,,,,,,,,,,,,,,,,,,,,,,,,,,,,,,,,,,,,,,,,,,,,,,,,,,,,,,,,,,,,,,,,,,,,,,,,,,,,,,,,,,,,,,,,,,,,,,,,,,,,,,,,,,,,,,,
addb1b8082d109ff,images/ad/addb1b8082d109ffa8ee18cecc52342f00d38f183c446878ca88c83b0bc4f6f8.jpg,gen,genuine_population,gen_126710BLRO_phillips_210072,126710BLRO,primary_steel,auction_house,https://phillips.com/detail/rolex/210072,,addb1b8082d109ffa8ee18cecc52342f00d38f183c446878ca88c83b0bc4f6f8,https://dist.phillips.com/auction-assets/HK080524/210072_001.jpg?fit=cover&offset-x=50&offset-y=100&optimize=medium&width=868,harvest pose=CORRECTABLE decision=ACCEPT,images/ad/addb1b8082d109ffa8ee18cecc52342f00d38f183c446878ca88c83b0bc4f6f8.jpg,missing,,,,,,,,,,,,,,,,,,,,,,,,,,,,,,,,,,,,,,,,,,,,,,,,,,,,,,,,,,,,,,,,,,,,,,,,,,,,,,,,,,,,,,,,,,,,,,,,,,,,,,,,,,,,,,,,,,,,,,,,,,,,,,,,,,,,,,,,,,,,,,,,,,,,,,,,,,,,,,,,,,,,,,,,,,,,,,,,,,,,,,,,,,,,,,,,,,,,,,,,,,,,,,,,,,,,,,,,,,,,,,,,,,,,,,,,,,,,,,,,,,,,,,,,,,,,,,,,,,,,,,,,,,,,,,,,,,,,,,,,,,,,,,,,,
bf795611fe399d5f,images/bf/bf795611fe399d5f1f4ae2fe57b5fe6b96695bf1964f2c5f7da2f05b8035627d.jpg,gen,genuine_population,gen_126710BLRO_phillips_210072,126710BLRO,primary_steel,auction_house,https://phillips.com/detail/rolex/210072,,bf795611fe399d5f1f4ae2fe57b5fe6b96695bf1964f2c5f7da2f05b8035627d,https://dist.phillips.com/auction-assets/HK080524/210072_001.jpg?fit=cover&offset-x=50&offset-y=100&width=750,harvest pose=CORRECTABLE decision=ACCEPT,images/bf/bf795611fe399d5f1f4ae2fe57b5fe6b96695bf1964f2c5f7da2f05b8035627d.jpg,missing,,,,,,,,,,,,,,,,,,,,,,,,,,,,,,,,,,,,,,,,,,,,,,,,,,,,,,,,,,,,,,,,,,,,,,,,,,,,,,,,,,,,,,,,,,,,,,,,,,,,,,,,,,,,,,,,,,,,,,,,,,,,,,,,,,,,,,,,,,,,,,,,,,,,,,,,,,,,,,,,,,,,,,,,,,,,,,,,,,,,,,,,,,,,,,,,,,,,,,,,,,,,,,,,,,,,,,,,,,,,,,,,,,,,,,,,,,,,,,,,,,,,,,,,,,,,,,,,,,,,,,,,,,,,,,,,,,,,,,,,,,,,,,,,,
f20c1d09375c981d,images/f2/f20c1d09375c981df104eaf148ab88059a3ec16e290b4dc44a390597ba3b1593.jpg,gen,genuine_population,gen_126710BLRO_phillips_210072,126710BLRO,primary_steel,auction_house,https://phillips.com/detail/rolex/210072,,f20c1d09375c981df104eaf148ab88059a3ec16e290b4dc44a390597ba3b1593,https://dist.phillips.com/auction-assets/HK080524/210072_001.jpg?fit=crop&offset-x=50&offset-y=100&height=730,harvest pose=GOOD decision=ACCEPT,images/f2/f20c1d09375c981df104eaf148ab88059a3ec16e290b4dc44a390597ba3b1593.jpg,missing,,,,,,,,,,,,,,,,,,,,,,,,,,,,,,,,,,,,,,,,,,,,,,,,,,,,,,,,,,,,,,,,,,,,,,,,,,,,,,,,,,,,,,,,,,,,,,,,,,,,,,,,,,,,,,,,,,,,,,,,,,,,,,,,,,,,,,,,,,,,,,,,,,,,,,,,,,,,,,,,,,,,,,,,,,,,,,,,,,,,,,,,,,,,,,,,,,,,,,,,,,,,,,,,,,,,,,,,,,,,,,,,,,,,,,,,,,,,,,,,,,,,,,,,,,,,,,,,,,,,,,,,,,,,,,,,,,,,,,,,,,,,,,,,,
1b1874061e3cb0d5,images/1b/1b1874061e3cb0d599cfd38b0fe1c17ebdb1dd7f8363b7f1b9a77838f2c364c0.jpg,gen,genuine_population,gen_126710BLRO_phillips_210072,126710BLRO,primary_steel,auction_house,https://phillips.com/detail/rolex/210072,,1b1874061e3cb0d599cfd38b0fe1c17ebdb1dd7f8363b7f1b9a77838f2c364c0,https://dist.phillips.com/auction-assets/HK080524/210072_001.jpg?fit=cover&offset-x=50&offset-y=100&height=700&optimize=medium,harvest pose=CORRECTABLE decision=ACCEPT,images/1b/1b1874061e3cb0d599cfd38b0fe1c17ebdb1dd7f8363b7f1b9a77838f2c364c0.jpg,missing,,,,,,,,,,,,,,,,,,,,,,,,,,,,,,,,,,,,,,,,,,,,,,,,,,,,,,,,,,,,,,,,,,,,,,,,,,,,,,,,,,,,,,,,,,,,,,,,,,,,,,,,,,,,,,,,,,,,,,,,,,,,,,,,,,,,,,,,,,,,,,,,,,,,,,,,,,,,,,,,,,,,,,,,,,,,,,,,,,,,,,,,,,,,,,,,,,,,,,,,,,,,,,,,,,,,,,,,,,,,,,,,,,,,,,,,,,,,,,,,,,,,,,,,,,,,,,,,,,,,,,,,,,,,,,,,,,,,,,,,,,,,,,,,,
f98441fdf2fdfb49,images/f9/f98441fdf2fdfb4956498848beab7bb673dab59c88ad2e695767c4825f880907.jpg,gen,genuine_population,gen_126710BLRO_phillips_210072,126710BLRO,primary_steel,auction_house,https://phillips.com/detail/rolex/210072,,f98441fdf2fdfb4956498848beab7bb673dab59c88ad2e695767c4825f880907,https://dist.phillips.com/auction-assets/HK080524/210072_001.jpg?bg-color=ffffff&pad=0&fit=bounds&height=550&optimize=medium&width=605,harvest pose=GOOD decision=ACCEPT,images/f9/f98441fdf2fdfb4956498848beab7bb673dab59c88ad2e695767c4825f880907.jpg,missing,,,,,,,,,,,,,,,,,,,,,,,,,,,,,,,,,,,,,,,,,,,,,,,,,,,,,,,,,,,,,,,,,,,,,,,,,,,,,,,,,,,,,,,,,,,,,,,,,,,,,,,,,,,,,,,,,,,,,,,,,,,,,,,,,,,,,,,,,,,,,,,,,,,,,,,,,,,,,,,,,,,,,,,,,,,,,,,,,,,,,,,,,,,,,,,,,,,,,,,,,,,,,,,,,,,,,,,,,,,,,,,,,,,,,,,,,,,,,,,,,,,,,,,,,,,,,,,,,,,,,,,,,,,,,,,,,,,,,,,,,,,,,,,,,
0b4ce551b94e7ea0,images/0b/0b4ce551b94e7ea0c8084b0caac1a529a44939be6bfba1a6f9aa924f8803af1f.jpg,gen,genuine_population,gen_126710BLRO_phillips_CH080120_75,126710BLRO,primary_steel,auction_house,https://phillips.com/detail/rolex/CH080120/75,,0b4ce551b94e7ea0c8084b0caac1a529a44939be6bfba1a6f9aa924f8803af1f,https://dist.phillips.com/auction-assets/CH080120/75_001.jpg?fit=cover&offset-x=50&offset-y=100&width=928,harvest pose=CORRECTABLE decision=ACCEPT,images/0b/0b4ce551b94e7ea0c8084b0caac1a529a44939be6bfba1a6f9aa924f8803af1f.jpg,missing,,,,,,,,,,,,,,,,,,,,,,,,,,,,,,,,,,,,,,,,,,,,,,,,,,,,,,,,,,,,,,,,,,,,,,,,,,,,,,,,,,,,,,,,,,,,,,,,,,,,,,,,,,,,,,,,,,,,,,,,,,,,,,,,,,,,,,,,,,,,,,,,,,,,,,,,,,,,,,,,,,,,,,,,,,,,,,,,,,,,,,,,,,,,,,,,,,,,,,,,,,,,,,,,,,,,,,,,,,,,,,,,,,,,,,,,,,,,,,,,,,,,,,,,,,,,,,,,,,,,,,,,,,,,,,,,,,,,,,,,,,,,,,,,,
3cf5442ab9c87b9c,images/3c/3cf5442ab9c87b9c0b9481fd0eb2b92316a0287581635c49fc9cf6cdc4f31a00.jpg,gen,genuine_population,gen_126710BLRO_phillips_CH080120_75,126710BLRO,primary_steel,auction_house,https://phillips.com/detail/rolex/CH080120/75,,3cf5442ab9c87b9c0b9481fd0eb2b92316a0287581635c49fc9cf6cdc4f31a00,https://dist.phillips.com/auction-assets/CH080120/75_001.jpg?bg-color=0&pad=0&fit=bounds&disable-upscale&height=4000&optimize=medium&width=2000,harvest pose=CORRECTABLE decision=ACCEPT,images/3c/3cf5442ab9c87b9c0b9481fd0eb2b92316a0287581635c49fc9cf6cdc4f31a00.jpg,missing,,,,,,,,,,,,,,,,,,,,,,,,,,,,,,,,,,,,,,,,,,,,,,,,,,,,,,,,,,,,,,,,,,,,,,,,,,,,,,,,,,,,,,,,,,,,,,,,,,,,,,,,,,,,,,,,,,,,,,,,,,,,,,,,,,,,,,,,,,,,,,,,,,,,,,,,,,,,,,,,,,,,,,,,,,,,,,,,,,,,,,,,,,,,,,,,,,,,,,,,,,,,,,,,,,,,,,,,,,,,,,,,,,,,,,,,,,,,,,,,,,,,,,,,,,,,,,,,,,,,,,,,,,,,,,,,,,,,,,,,,,,,,,,,,
8e26e5fffbd67274,images/8e/8e26e5fffbd67274d02bd046acfa71c7c2e4339aa0658ac71797a6373fb0cac1.jpg,gen,genuine_population,gen_126710BLRO_phillips_CH080120_75,126710BLRO,primary_steel,auction_house,https://phillips.com/detail/rolex/CH080120/75,,8e26e5fffbd67274d02bd046acfa71c7c2e4339aa0658ac71797a6373fb0cac1,https://dist.phillips.com/auction-assets/CH080120/75_001.jpg?fit=cover&offset-x=50&offset-y=100&optimize=medium&width=868,harvest pose=CORRECTABLE decision=ACCEPT,images/8e/8e26e5fffbd67274d02bd046acfa71c7c2e4339aa0658ac71797a6373fb0cac1.jpg,missing,,,,,,,,,,,,,,,,,,,,,,,,,,,,,,,,,,,,,,,,,,,,,,,,,,,,,,,,,,,,,,,,,,,,,,,,,,,,,,,,,,,,,,,,,,,,,,,,,,,,,,,,,,,,,,,,,,,,,,,,,,,,,,,,,,,,,,,,,,,,,,,,,,,,,,,,,,,,,,,,,,,,,,,,,,,,,,,,,,,,,,,,,,,,,,,,,,,,,,,,,,,,,,,,,,,,,,,,,,,,,,,,,,,,,,,,,,,,,,,,,,,,,,,,,,,,,,,,,,,,,,,,,,,,,,,,,,,,,,,,,,,,,,,,,
da21757059a23f65,images/da/da21757059a23f658fb107a9151b670d8d6a1428d4bf56b04b315fb1bac4bfc6.jpg,gen,genuine_population,gen_126710BLRO_phillips_CH080120_75,126710BLRO,primary_steel,auction_house,https://phillips.com/detail/rolex/CH080120/75,,da21757059a23f658fb107a9151b670d8d6a1428d4bf56b04b315fb1bac4bfc6,https://dist.phillips.com/auction-assets/CH080120/75_001.jpg?fit=cover&offset-x=50&offset-y=100&width=750,harvest pose=CORRECTABLE decision=ACCEPT,images/da/da21757059a23f658fb107a9151b670d8d6a1428d4bf56b04b315fb1bac4bfc6.jpg,missing,,,,,,,,,,,,,,,,,,,,,,,,,,,,,,,,,,,,,,,,,,,,,,,,,,,,,,,,,,,,,,,,,,,,,,,,,,,,,,,,,,,,,,,,,,,,,,,,,,,,,,,,,,,,,,,,,,,,,,,,,,,,,,,,,,,,,,,,,,,,,,,,,,,,,,,,,,,,,,,,,,,,,,,,,,,,,,,,,,,,,,,,,,,,,,,,,,,,,,,,,,,,,,,,,,,,,,,,,,,,,,,,,,,,,,,,,,,,,,,,,,,,,,,,,,,,,,,,,,,,,,,,,,,,,,,,,,,,,,,,,,,,,,,,,
e8b21325b74bac74,images/e8/e8b21325b74bac74f6c4a467972010f94d6c3d5cc590cdd588ba93f4e74f9782.jpg,gen,genuine_population,gen_126710BLRO_phillips_CH080120_75,126710BLRO,primary_steel,auction_house,https://phillips.com/detail/rolex/CH080120/75,,e8b21325b74bac74f6c4a467972010f94d6c3d5cc590cdd588ba93f4e74f9782,https://dist.phillips.com/auction-assets/CH080120/75_001.jpg?fit=crop&offset-x=50&offset-y=100&height=730,harvest pose=CORRECTABLE decision=ACCEPT,images/e8/e8b21325b74bac74f6c4a467972010f94d6c3d5cc590cdd588ba93f4e74f9782.jpg,missing,,,,,,,,,,,,,,,,,,,,,,,,,,,,,,,,,,,,,,,,,,,,,,,,,,,,,,,,,,,,,,,,,,,,,,,,,,,,,,,,,,,,,,,,,,,,,,,,,,,,,,,,,,,,,,,,,,,,,,,,,,,,,,,,,,,,,,,,,,,,,,,,,,,,,,,,,,,,,,,,,,,,,,,,,,,,,,,,,,,,,,,,,,,,,,,,,,,,,,,,,,,,,,,,,,,,,,,,,,,,,,,,,,,,,,,,,,,,,,,,,,,,,,,,,,,,,,,,,,,,,,,,,,,,,,,,,,,,,,,,,,,,,,,,,
d6c5edf4cc349905,images/d6/d6c5edf4cc3499052d695db9169e97d670a5164ca695621310f8c6d6d2151087.jpg,gen,genuine_population,gen_126710BLRO_phillips_CH080120_75,126710BLRO,primary_steel,auction_house,https://phillips.com/detail/rolex/CH080120/75,,d6c5edf4cc3499052d695db9169e97d670a5164ca695621310f8c6d6d2151087,https://dist.phillips.com/auction-assets/CH080120/75_001.jpg?bg-color=ffffff&pad=0&fit=bounds&height=550&optimize=medium&width=605,harvest pose=CORRECTABLE decision=ACCEPT,images/d6/d6c5edf4cc3499052d695db9169e97d670a5164ca695621310f8c6d6d2151087.jpg,missing,,,,,,,,,,,,,,,,,,,,,,,,,,,,,,,,,,,,,,,,,,,,,,,,,,,,,,,,,,,,,,,,,,,,,,,,,,,,,,,,,,,,,,,,,,,,,,,,,,,,,,,,,,,,,,,,,,,,,,,,,,,,,,,,,,,,,,,,,,,,,,,,,,,,,,,,,,,,,,,,,,,,,,,,,,,,,,,,,,,,,,,,,,,,,,,,,,,,,,,,,,,,,,,,,,,,,,,,,,,,,,,,,,,,,,,,,,,,,,,,,,,,,,,,,,,,,,,,,,,,,,,,,,,,,,,,,,,,,,,,,,,,,,,,,
501e07afc5875f4a,images/50/501e07afc5875f4acb8f2dcf20a4199a90f3a1f6054df9d6d3d8c8976518970e.jpg,gen,genuine_population,gen_126710BLRO_phillips_NY080121_35,126710BLRO,primary_steel,auction_house,https://phillips.com/detail/rolex/NY080121/35,,501e07afc5875f4acb8f2dcf20a4199a90f3a1f6054df9d6d3d8c8976518970e,https://dist.phillips.com/auction-assets/NY080121/35_001.jpg?fit=cover&offset-x=50&offset-y=100&width=928,harvest pose=CORRECTABLE decision=ACCEPT,images/50/501e07afc5875f4acb8f2dcf20a4199a90f3a1f6054df9d6d3d8c8976518970e.jpg,missing,,,,,,,,,,,,,,,,,,,,,,,,,,,,,,,,,,,,,,,,,,,,,,,,,,,,,,,,,,,,,,,,,,,,,,,,,,,,,,,,,,,,,,,,,,,,,,,,,,,,,,,,,,,,,,,,,,,,,,,,,,,,,,,,,,,,,,,,,,,,,,,,,,,,,,,,,,,,,,,,,,,,,,,,,,,,,,,,,,,,,,,,,,,,,,,,,,,,,,,,,,,,,,,,,,,,,,,,,,,,,,,,,,,,,,,,,,,,,,,,,,,,,,,,,,,,,,,,,,,,,,,,,,,,,,,,,,,,,,,,,,,,,,,,,
22075296f80ce8ce,images/22/22075296f80ce8cea1d8e555a8ad866bf1148ba8e2d68f1d7ccc7c1833327446.jpg,gen,genuine_population,gen_126710BLRO_phillips_NY080121_35,126710BLRO,primary_steel,auction_house,https://phillips.com/detail/rolex/NY080121/35,,22075296f80ce8cea1d8e555a8ad866bf1148ba8e2d68f1d7ccc7c1833327446,https://dist.phillips.com/auction-assets/NY080121/35_001.jpg?fit=cover&offset-x=50&offset-y=100&optimize=medium&width=868,harvest pose=CORRECTABLE decision=ACCEPT,images/22/22075296f80ce8cea1d8e555a8ad866bf1148ba8e2d68f1d7ccc7c1833327446.jpg,missing,,,,,,,,,,,,,,,,,,,,,,,,,,,,,,,,,,,,,,,,,,,,,,,,,,,,,,,,,,,,,,,,,,,,,,,,,,,,,,,,,,,,,,,,,,,,,,,,,,,,,,,,,,,,,,,,,,,,,,,,,,,,,,,,,,,,,,,,,,,,,,,,,,,,,,,,,,,,,,,,,,,,,,,,,,,,,,,,,,,,,,,,,,,,,,,,,,,,,,,,,,,,,,,,,,,,,,,,,,,,,,,,,,,,,,,,,,,,,,,,,,,,,,,,,,,,,,,,,,,,,,,,,,,,,,,,,,,,,,,,,,,,,,,,,
4f28b9bc46ddd1cf,images/4f/4f28b9bc46ddd1cf53e7fdb7339a97f344135130a76251d0759ca5309edec7a9.jpg,gen,genuine_population,gen_126710BLRO_phillips_NY080121_35,126710BLRO,primary_steel,auction_house,https://phillips.com/detail/rolex/NY080121/35,,4f28b9bc46ddd1cf53e7fdb7339a97f344135130a76251d0759ca5309edec7a9,https://dist.phillips.com/auction-assets/NY080121/35_001.jpg?bg-color=ffffff&pad=0&fit=bounds&height=550&optimize=medium&width=605,harvest pose=CORRECTABLE decision=ACCEPT,images/4f/4f28b9bc46ddd1cf53e7fdb7339a97f344135130a76251d0759ca5309edec7a9.jpg,missing,,,,,,,,,,,,,,,,,,,,,,,,,,,,,,,,,,,,,,,,,,,,,,,,,,,,,,,,,,,,,,,,,,,,,,,,,,,,,,,,,,,,,,,,,,,,,,,,,,,,,,,,,,,,,,,,,,,,,,,,,,,,,,,,,,,,,,,,,,,,,,,,,,,,,,,,,,,,,,,,,,,,,,,,,,,,,,,,,,,,,,,,,,,,,,,,,,,,,,,,,,,,,,,,,,,,,,,,,,,,,,,,,,,,,,,,,,,,,,,,,,,,,,,,,,,,,,,,,,,,,,,,,,,,,,,,,,,,,,,,,,,,,,,,,
d0bda0f8f6726fa9,images/d0/d0bda0f8f6726fa96162d3e7e63af97c8cbae0bf739e2c4acc63e8ac9654f39f.jpg,gen,genuine_population,gen_126710BLRO_phillips_NY080121_35,126710BLRO,primary_steel,auction_house,https://phillips.com/detail/rolex/NY080121/35,,d0bda0f8f6726fa96162d3e7e63af97c8cbae0bf739e2c4acc63e8ac9654f39f,https://dist.phillips.com/auction-assets/NY080121/35_002.jpg?fit=cover&offset-x=50&offset-y=100&width=928,harvest pose=CORRECTABLE decision=ACCEPT,images/d0/d0bda0f8f6726fa96162d3e7e63af97c8cbae0bf739e2c4acc63e8ac9654f39f.jpg,missing,,,,,,,,,,,,,,,,,,,,,,,,,,,,,,,,,,,,,,,,,,,,,,,,,,,,,,,,,,,,,,,,,,,,,,,,,,,,,,,,,,,,,,,,,,,,,,,,,,,,,,,,,,,,,,,,,,,,,,,,,,,,,,,,,,,,,,,,,,,,,,,,,,,,,,,,,,,,,,,,,,,,,,,,,,,,,,,,,,,,,,,,,,,,,,,,,,,,,,,,,,,,,,,,,,,,,,,,,,,,,,,,,,,,,,,,,,,,,,,,,,,,,,,,,,,,,,,,,,,,,,,,,,,,,,,,,,,,,,,,,,,,,,,,,
e9b6fe2e1100dbd9,images/e9/e9b6fe2e1100dbd98f99d210924a541c4bbf43d392db7232e9eb0c28ca7de87e.jpg,gen,genuine_population,gen_126710BLRO_phillips_NY080121_35,126710BLRO,primary_steel,auction_house,https://phillips.com/detail/rolex/NY080121/35,,e9b6fe2e1100dbd98f99d210924a541c4bbf43d392db7232e9eb0c28ca7de87e,https://dist.phillips.com/auction-assets/NY080121/35_002.jpg?bg-color=0&pad=0&fit=bounds&disable-upscale&height=4000&optimize=medium&width=2000,harvest pose=CORRECTABLE decision=ACCEPT,images/e9/e9b6fe2e1100dbd98f99d210924a541c4bbf43d392db7232e9eb0c28ca7de87e.jpg,missing,,,,,,,,,,,,,,,,,,,,,,,,,,,,,,,,,,,,,,,,,,,,,,,,,,,,,,,,,,,,,,,,,,,,,,,,,,,,,,,,,,,,,,,,,,,,,,,,,,,,,,,,,,,,,,,,,,,,,,,,,,,,,,,,,,,,,,,,,,,,,,,,,,,,,,,,,,,,,,,,,,,,,,,,,,,,,,,,,,,,,,,,,,,,,,,,,,,,,,,,,,,,,,,,,,,,,,,,,,,,,,,,,,,,,,,,,,,,,,,,,,,,,,,,,,,,,,,,,,,,,,,,,,,,,,,,,,,,,,,,,,,,,,,,,
29db17a1abe2a166,images/29/29db17a1abe2a166d564cfd82fd79b28aff52f396342995c42046f9e33a9aba3.jpg,gen,genuine_population,hv_page_04d00923f7,126713GRNR,gold_surround_variant,established_dealer,https://swisswatchexpo.com/watches/rolex-gmt-master-ii-yellow-gold-steel-grey-bezel-mens-watch-126713-67941,,29db17a1abe2a166d564cfd82fd79b28aff52f396342995c42046f9e33a9aba3,https://cdn.swisswatchexpo.com/productphotos/2/20/rolex-gmt-master-ii-yellow-gold-steel-grey-bezel-mens-watch-126713-67941_f6a77.jpg,harvest pose=CORRECTABLE decision=QUARANTINE,images/29/29db17a1abe2a166d564cfd82fd79b28aff52f396342995c42046f9e33a9aba3.jpg,missing,,,,,,,,,,,,,,,,,,,,,,,,,,,,,,,,,,,,,,,,,,,,,,,,,,,,,,,,,,,,,,,,,,,,,,,,,,,,,,,,,,,,,,,,,,,,,,,,,,,,,,,,,,,,,,,,,,,,,,,,,,,,,,,,,,,,,,,,,,,,,,,,,,,,,,,,,,,,,,,,,,,,,,,,,,,,,,,,,,,,,,,,,,,,,,,,,,,,,,,,,,,,,,,,,,,,,,,,,,,,,,,,,,,,,,,,,,,,,,,,,,,,,,,,,,,,,,,,,,,,,,,,,,,,,,,,,,,,,,,,,,,,,,,,,
d8ccb302ebeec29f,images/d8/d8ccb302ebeec29fe21a833c6840c37b0fbe57de7c52ae5ade0bb4cbfb6ac86b.jpg,gen,genuine_population,hv_page_04d00923f7,126713GRNR,gold_surround_variant,established_dealer,https://swisswatchexpo.com/watches/rolex-gmt-master-ii-yellow-gold-steel-grey-bezel-mens-watch-126713-67941,,d8ccb302ebeec29fe21a833c6840c37b0fbe57de7c52ae5ade0bb4cbfb6ac86b,https://cdn.swisswatchexpo.com/productphotos/2/20/rolex-gmt-master-ii-yellow-gold-steel-grey-bezel-mens-watch-126713-67941_62bfa_md.jpg,harvest pose=CORRECTABLE decision=QUARANTINE,images/d8/d8ccb302ebeec29fe21a833c6840c37b0fbe57de7c52ae5ade0bb4cbfb6ac86b.jpg,missing,,,,,,,,,,,,,,,,,,,,,,,,,,,,,,,,,,,,,,,,,,,,,,,,,,,,,,,,,,,,,,,,,,,,,,,,,,,,,,,,,,,,,,,,,,,,,,,,,,,,,,,,,,,,,,,,,,,,,,,,,,,,,,,,,,,,,,,,,,,,,,,,,,,,,,,,,,,,,,,,,,,,,,,,,,,,,,,,,,,,,,,,,,,,,,,,,,,,,,,,,,,,,,,,,,,,,,,,,,,,,,,,,,,,,,,,,,,,,,,,,,,,,,,,,,,,,,,,,,,,,,,,,,,,,,,,,,,,,,,,,,,,,,,,,
352072033ade05df,images/35/352072033ade05dfc7a5b7c6a82f21575473dd1e8d1e23d4a913244a7f244624.jpg,gen,genuine_population,hv_page_04d00923f7,126713GRNR,gold_surround_variant,established_dealer,https://swisswatchexpo.com/watches/rolex-gmt-master-ii-yellow-gold-steel-grey-bezel-mens-watch-126713-67941,,352072033ade05dfc7a5b7c6a82f21575473dd1e8d1e23d4a913244a7f244624,https://cdn.swisswatchexpo.com/productphotos/2/20/rolex-gmt-master-ii-yellow-gold-steel-grey-bezel-mens-watch-126713-67941_70d90_md.jpg,harvest pose=CORRECTABLE decision=QUARANTINE,images/35/352072033ade05dfc7a5b7c6a82f21575473dd1e8d1e23d4a913244a7f244624.jpg,missing,,,,,,,,,,,,,,,,,,,,,,,,,,,,,,,,,,,,,,,,,,,,,,,,,,,,,,,,,,,,,,,,,,,,,,,,,,,,,,,,,,,,,,,,,,,,,,,,,,,,,,,,,,,,,,,,,,,,,,,,,,,,,,,,,,,,,,,,,,,,,,,,,,,,,,,,,,,,,,,,,,,,,,,,,,,,,,,,,,,,,,,,,,,,,,,,,,,,,,,,,,,,,,,,,,,,,,,,,,,,,,,,,,,,,,,,,,,,,,,,,,,,,,,,,,,,,,,,,,,,,,,,,,,,,,,,,,,,,,,,,,,,,,,,,
3b4fa22c3a852c10,images/3b/3b4fa22c3a852c10fe5559f1d4e38b04fb91bb75df21823f8884bbc59d73fc4f.jpg,gen,genuine_population,hv_page_0acf303e92,126710GRNR,primary_steel,established_dealer,https://bobswatches.com/rolex-gmt-master-ii-ref-126710grnr-jubilee.html,,3b4fa22c3a852c10fe5559f1d4e38b04fb91bb75df21823f8884bbc59d73fc4f,https://www.bobswatches.com/images/zUsed-Rolex-GMT-Master-II-126710-SKU181110.jpg,harvest pose=CORRECTABLE decision=QUARANTINE,images/3b/3b4fa22c3a852c10fe5559f1d4e38b04fb91bb75df21823f8884bbc59d73fc4f.jpg,missing,,,,,,,,,,,,,,,,,,,,,,,,,,,,,,,,,,,,,,,,,,,,,,,,,,,,,,,,,,,,,,,,,,,,,,,,,,,,,,,,,,,,,,,,,,,,,,,,,,,,,,,,,,,,,,,,,,,,,,,,,,,,,,,,,,,,,,,,,,,,,,,,,,,,,,,,,,,,,,,,,,,,,,,,,,,,,,,,,,,,,,,,,,,,,,,,,,,,,,,,,,,,,,,,,,,,,,,,,,,,,,,,,,,,,,,,,,,,,,,,,,,,,,,,,,,,,,,,,,,,,,,,,,,,,,,,,,,,,,,,,,,,,,,,,
748e48cfff43579e,images/74/748e48cfff43579ef37835aa3a83cc5c5d5125670de931f5421677cb7a2cdf6f.jpg,gen,genuine_population,hv_page_0cc6010a62,126711CHNR,gold_surround_variant,established_dealer,https://bobswatches.com/new-rolex-gmt-master-ii-ref-126711-unworn.html,,748e48cfff43579ef37835aa3a83cc5c5d5125670de931f5421677cb7a2cdf6f,https://www.bobswatches.com/images/zRolex-GMT-Master-126711---119976.jpg,harvest pose=CORRECTABLE decision=QUARANTINE,images/74/748e48cfff43579ef37835aa3a83cc5c5d5125670de931f5421677cb7a2cdf6f.jpg,missing,,,,,,,,,,,,,,,,,,,,,,,,,,,,,,,,,,,,,,,,,,,,,,,,,,,,,,,,,,,,,,,,,,,,,,,,,,,,,,,,,,,,,,,,,,,,,,,,,,,,,,,,,,,,,,,,,,,,,,,,,,,,,,,,,,,,,,,,,,,,,,,,,,,,,,,,,,,,,,,,,,,,,,,,,,,,,,,,,,,,,,,,,,,,,,,,,,,,,,,,,,,,,,,,,,,,,,,,,,,,,,,,,,,,,,,,,,,,,,,,,,,,,,,,,,,,,,,,,,,,,,,,,,,,,,,,,,,,,,,,,,,,,,,,,
6d4b667ae0c528f6,images/6d/6d4b667ae0c528f6953b1b4777139936c8cc0aea436317630694462b4f638966.jpg,gen,genuine_population,hv_page_0d0d369b1f,126711CHNR,gold_surround_variant,established_dealer,https://swisswatchexpo.com/watches/rolex-gmt-master-ii-root-beer-steel-rose-gold-mens-watch-126711-68405,,6d4b667ae0c528f6953b1b4777139936c8cc0aea436317630694462b4f638966,https://cdn.swisswatchexpo.com/productphotos/3/13/rolex-gmt-master-ii-root-beer-steel-rose-gold-mens-watch-126711-68405_0f38a.jpg,harvest pose=CORRECTABLE decision=QUARANTINE,images/6d/6d4b667ae0c528f6953b1b4777139936c8cc0aea436317630694462b4f638966.jpg,missing,,,,,,,,,,,,,,,,,,,,,,,,,,,,,,,,,,,,,,,,,,,,,,,,,,,,,,,,,,,,,,,,,,,,,,,,,,,,,,,,,,,,,,,,,,,,,,,,,,,,,,,,,,,,,,,,,,,,,,,,,,,,,,,,,,,,,,,,,,,,,,,,,,,,,,,,,,,,,,,,,,,,,,,,,,,,,,,,,,,,,,,,,,,,,,,,,,,,,,,,,,,,,,,,,,,,,,,,,,,,,,,,,,,,,,,,,,,,,,,,,,,,,,,,,,,,,,,,,,,,,,,,,,,,,,,,,,,,,,,,,,,,,,,,,
7a483ed5298141ef,images/7a/7a483ed5298141efef8ed97ab749be04d211521d475a33684b4e35a551011b21.jpg,gen,genuine_population,hv_page_0d0d369b1f,126711CHNR,gold_surround_variant,established_dealer,https://swisswatchexpo.com/watches/rolex-gmt-master-ii-root-beer-steel-rose-gold-mens-watch-126711-68405,,7a483ed5298141efef8ed97ab749be04d211521d475a33684b4e35a551011b21,https://cdn.swisswatchexpo.com/productphotos/3/13/rolex-gmt-master-ii-root-beer-steel-rose-gold-mens-watch-126711-68405_ea3ed_md.jpg,harvest pose=GOOD decision=QUARANTINE,images/7a/7a483ed5298141efef8ed97ab749be04d211521d475a33684b4e35a551011b21.jpg,missing,,,,,,,,,,,,,,,,,,,,,,,,,,,,,,,,,,,,,,,,,,,,,,,,,,,,,,,,,,,,,,,,,,,,,,,,,,,,,,,,,,,,,,,,,,,,,,,,,,,,,,,,,,,,,,,,,,,,,,,,,,,,,,,,,,,,,,,,,,,,,,,,,,,,,,,,,,,,,,,,,,,,,,,,,,,,,,,,,,,,,,,,,,,,,,,,,,,,,,,,,,,,,,,,,,,,,,,,,,,,,,,,,,,,,,,,,,,,,,,,,,,,,,,,,,,,,,,,,,,,,,,,,,,,,,,,,,,,,,,,,,,,,,,,,
3559f5c15e7dc88d,images/35/3559f5c15e7dc88d2089e6120c250579d05b4fa6d3269b104237b018647bdae5.jpg,gen,genuine_population,hv_page_0d0d369b1f,126711CHNR,gold_surround_variant,established_dealer,https://swisswatchexpo.com/watches/rolex-gmt-master-ii-root-beer-steel-rose-gold-mens-watch-126711-68405,,3559f5c15e7dc88d2089e6120c250579d05b4fa6d3269b104237b018647bdae5,https://cdn.swisswatchexpo.com/productphotos/3/13/rolex-gmt-master-ii-root-beer-steel-rose-gold-mens-watch-126711-68405_b68ec_md.jpg,harvest pose=GOOD decision=QUARANTINE,images/35/3559f5c15e7dc88d2089e6120c250579d05b4fa6d3269b104237b018647bdae5.jpg,missing,,,,,,,,,,,,,,,,,,,,,,,,,,,,,,,,,,,,,,,,,,,,,,,,,,,,,,,,,,,,,,,,,,,,,,,,,,,,,,,,,,,,,,,,,,,,,,,,,,,,,,,,,,,,,,,,,,,,,,,,,,,,,,,,,,,,,,,,,,,,,,,,,,,,,,,,,,,,,,,,,,,,,,,,,,,,,,,,,,,,,,,,,,,,,,,,,,,,,,,,,,,,,,,,,,,,,,,,,,,,,,,,,,,,,,,,,,,,,,,,,,,,,,,,,,,,,,,,,,,,,,,,,,,,,,,,,,,,,,,,,,,,,,,,,
c652c207a6b82064,images/c6/c652c207a6b820648eb2af77c90c02c6910b54ed54b1055055a6c7d19166e234.jpg,gen,genuine_population,hv_page_1696f9915b,126710BLNR,primary_steel,established_dealer,https://bobswatches.com/used-rolex-gmt-master-ii-ref-126710blnr-batgirl.html,,c652c207a6b820648eb2af77c90c02c6910b54ed54b1055055a6c7d19166e234,https://www.bobswatches.com/images/zUsed-Rolex-GMT-Master-II-126710-SKU186981.jpg,harvest pose=CORRECTABLE decision=QUARANTINE,images/c6/c652c207a6b820648eb2af77c90c02c6910b54ed54b1055055a6c7d19166e234.jpg,missing,,,,,,,,,,,,,,,,,,,,,,,,,,,,,,,,,,,,,,,,,,,,,,,,,,,,,,,,,,,,,,,,,,,,,,,,,,,,,,,,,,,,,,,,,,,,,,,,,,,,,,,,,,,,,,,,,,,,,,,,,,,,,,,,,,,,,,,,,,,,,,,,,,,,,,,,,,,,,,,,,,,,,,,,,,,,,,,,,,,,,,,,,,,,,,,,,,,,,,,,,,,,,,,,,,,,,,,,,,,,,,,,,,,,,,,,,,,,,,,,,,,,,,,,,,,,,,,,,,,,,,,,,,,,,,,,,,,,,,,,,,,,,,,,,
26398386e9f403a9,images/26/26398386e9f403a91d4d4d0e54db1960b9f69a330496887a8b0517268276dbee.jpg,gen,genuine_population,hv_page_176399af9b,126711CHNR,gold_surround_variant,auction_house,https://phillips.com/detail/rolex/HK080323/8085,,26398386e9f403a91d4d4d0e54db1960b9f69a330496887a8b0517268276dbee,https://dist.phillips.com/auction-assets/HK080323/180859_001.jpg?fit=cover&optimize=medium&width=1302,harvest pose=CORRECTABLE decision=ACCEPT,images/26/26398386e9f403a91d4d4d0e54db1960b9f69a330496887a8b0517268276dbee.jpg,missing,,,,,,,,,,,,,,,,,,,,,,,,,,,,,,,,,,,,,,,,,,,,,,,,,,,,,,,,,,,,,,,,,,,,,,,,,,,,,,,,,,,,,,,,,,,,,,,,,,,,,,,,,,,,,,,,,,,,,,,,,,,,,,,,,,,,,,,,,,,,,,,,,,,,,,,,,,,,,,,,,,,,,,,,,,,,,,,,,,,,,,,,,,,,,,,,,,,,,,,,,,,,,,,,,,,,,,,,,,,,,,,,,,,,,,,,,,,,,,,,,,,,,,,,,,,,,,,,,,,,,,,,,,,,,,,,,,,,,,,,,,,,,,,,,
1f9ae8fd14b70580,images/1f/1f9ae8fd14b70580de79fc828030fbc7475edcd5ab4d55b1493fda98bfa9fd79.jpg,gen,genuine_population,hv_page_176399af9b,126711CHNR,gold_surround_variant,auction_house,https://phillips.com/detail/rolex/HK080323/8085,,1f9ae8fd14b70580de79fc828030fbc7475edcd5ab4d55b1493fda98bfa9fd79,https://dist.phillips.com/auction-assets/HK080323/180859_001.jpg?fit=cover&offset-x=50&offset-y=100&width=928,harvest pose=CORRECTABLE decision=ACCEPT,images/1f/1f9ae8fd14b70580de79fc828030fbc7475edcd5ab4d55b1493fda98bfa9fd79.jpg,missing,,,,,,,,,,,,,,,,,,,,,,,,,,,,,,,,,,,,,,,,,,,,,,,,,,,,,,,,,,,,,,,,,,,,,,,,,,,,,,,,,,,,,,,,,,,,,,,,,,,,,,,,,,,,,,,,,,,,,,,,,,,,,,,,,,,,,,,,,,,,,,,,,,,,,,,,,,,,,,,,,,,,,,,,,,,,,,,,,,,,,,,,,,,,,,,,,,,,,,,,,,,,,,,,,,,,,,,,,,,,,,,,,,,,,,,,,,,,,,,,,,,,,,,,,,,,,,,,,,,,,,,,,,,,,,,,,,,,,,,,,,,,,,,,,
792a785e7276b073,images/79/792a785e7276b073ad6e9fe1a9d4b3532072d8fae542a04c5d44707510c71622.jpg,gen,genuine_population,hv_page_176399af9b,126711CHNR,gold_surround_variant,auction_house,https://phillips.com/detail/rolex/HK080323/8085,,792a785e7276b073ad6e9fe1a9d4b3532072d8fae542a04c5d44707510c71622,https://dist.phillips.com/auction-assets/HK080323/180859_001.jpg?bg-color=0&pad=0&fit=bounds&disable-upscale&height=4000&optimize=medium&width=2000,harvest pose=GOOD decision=ACCEPT,images/79/792a785e7276b073ad6e9fe1a9d4b3532072d8fae542a04c5d44707510c71622.jpg,missing,,,,,,,,,,,,,,,,,,,,,,,,,,,,,,,,,,,,,,,,,,,,,,,,,,,,,,,,,,,,,,,,,,,,,,,,,,,,,,,,,,,,,,,,,,,,,,,,,,,,,,,,,,,,,,,,,,,,,,,,,,,,,,,,,,,,,,,,,,,,,,,,,,,,,,,,,,,,,,,,,,,,,,,,,,,,,,,,,,,,,,,,,,,,,,,,,,,,,,,,,,,,,,,,,,,,,,,,,,,,,,,,,,,,,,,,,,,,,,,,,,,,,,,,,,,,,,,,,,,,,,,,,,,,,,,,,,,,,,,,,,,,,,,,,
9640ef411267f980,images/96/9640ef411267f980a519f1b10f1b7caf1b04d0f02723478bc4e94a85d602319c.jpg,gen,genuine_population,hv_page_176399af9b,126711CHNR,gold_surround_variant,auction_house,https://phillips.com/detail/rolex/HK080323/8085,,9640ef411267f980a519f1b10f1b7caf1b04d0f02723478bc4e94a85d602319c,https://dist.phillips.com/auction-assets/HK080323/180859_001.jpg?fit=cover&offset-x=50&offset-y=100&optimize=medium&width=868,harvest pose=CORRECTABLE decision=ACCEPT,images/96/9640ef411267f980a519f1b10f1b7caf1b04d0f02723478bc4e94a85d602319c.jpg,missing,,,,,,,,,,,,,,,,,,,,,,,,,,,,,,,,,,,,,,,,,,,,,,,,,,,,,,,,,,,,,,,,,,,,,,,,,,,,,,,,,,,,,,,,,,,,,,,,,,,,,,,,,,,,,,,,,,,,,,,,,,,,,,,,,,,,,,,,,,,,,,,,,,,,,,,,,,,,,,,,,,,,,,,,,,,,,,,,,,,,,,,,,,,,,,,,,,,,,,,,,,,,,,,,,,,,,,,,,,,,,,,,,,,,,,,,,,,,,,,,,,,,,,,,,,,,,,,,,,,,,,,,,,,,,,,,,,,,,,,,,,,,,,,,,
fc82a00cd88ad3e6,images/fc/fc82a00cd88ad3e6aaa910a43f74676643ca8565d3ac608af238e2d9252f6122.jpg,gen,genuine_population,hv_page_176399af9b,126711CHNR,gold_surround_variant,auction_house,https://phillips.com/detail/rolex/HK080323/8085,,fc82a00cd88ad3e6aaa910a43f74676643ca8565d3ac608af238e2d9252f6122,https://dist.phillips.com/auction-assets/HK080323/180859_001.jpg?fit=cover&offset-x=50&offset-y=100&width=750,harvest pose=CORRECTABLE decision=ACCEPT,images/fc/fc82a00cd88ad3e6aaa910a43f74676643ca8565d3ac608af238e2d9252f6122.jpg,missing,,,,,,,,,,,,,,,,,,,,,,,,,,,,,,,,,,,,,,,,,,,,,,,,,,,,,,,,,,,,,,,,,,,,,,,,,,,,,,,,,,,,,,,,,,,,,,,,,,,,,,,,,,,,,,,,,,,,,,,,,,,,,,,,,,,,,,,,,,,,,,,,,,,,,,,,,,,,,,,,,,,,,,,,,,,,,,,,,,,,,,,,,,,,,,,,,,,,,,,,,,,,,,,,,,,,,,,,,,,,,,,,,,,,,,,,,,,,,,,,,,,,,,,,,,,,,,,,,,,,,,,,,,,,,,,,,,,,,,,,,,,,,,,,,
542cd309ab71ea8f,images/54/542cd309ab71ea8f04962dcb8d6de68997304b7480113e75e787d5b7b2f15a98.jpg,gen,genuine_population,hv_page_176399af9b,126711CHNR,gold_surround_variant,auction_house,https://phillips.com/detail/rolex/HK080323/8085,,542cd309ab71ea8f04962dcb8d6de68997304b7480113e75e787d5b7b2f15a98,https://dist.phillips.com/auction-assets/HK080323/180859_001.jpg?fit=cover&offset-x=50&offset-y=100&height=700&optimize=medium,harvest pose=CORRECTABLE decision=ACCEPT,images/54/542cd309ab71ea8f04962dcb8d6de68997304b7480113e75e787d5b7b2f15a98.jpg,missing,,,,,,,,,,,,,,,,,,,,,,,,,,,,,,,,,,,,,,,,,,,,,,,,,,,,,,,,,,,,,,,,,,,,,,,,,,,,,,,,,,,,,,,,,,,,,,,,,,,,,,,,,,,,,,,,,,,,,,,,,,,,,,,,,,,,,,,,,,,,,,,,,,,,,,,,,,,,,,,,,,,,,,,,,,,,,,,,,,,,,,,,,,,,,,,,,,,,,,,,,,,,,,,,,,,,,,,,,,,,,,,,,,,,,,,,,,,,,,,,,,,,,,,,,,,,,,,,,,,,,,,,,,,,,,,,,,,,,,,,,,,,,,,,,
ed8776e7fc28bab4,images/ed/ed8776e7fc28bab4c4d5a4d183664991a27c4b943c54348d29fb450b23ebb8ac.jpg,gen,genuine_population,hv_page_176399af9b,126711CHNR,gold_surround_variant,auction_house,https://phillips.com/detail/rolex/HK080323/8085,,ed8776e7fc28bab4c4d5a4d183664991a27c4b943c54348d29fb450b23ebb8ac,https://dist.phillips.com/auction-assets/HK080323/180859_001.jpg?bg-color=ffffff&pad=0&fit=bounds&height=550&optimize=medium&width=605,harvest pose=CORRECTABLE decision=ACCEPT,images/ed/ed8776e7fc28bab4c4d5a4d183664991a27c4b943c54348d29fb450b23ebb8ac.jpg,missing,,,,,,,,,,,,,,,,,,,,,,,,,,,,,,,,,,,,,,,,,,,,,,,,,,,,,,,,,,,,,,,,,,,,,,,,,,,,,,,,,,,,,,,,,,,,,,,,,,,,,,,,,,,,,,,,,,,,,,,,,,,,,,,,,,,,,,,,,,,,,,,,,,,,,,,,,,,,,,,,,,,,,,,,,,,,,,,,,,,,,,,,,,,,,,,,,,,,,,,,,,,,,,,,,,,,,,,,,,,,,,,,,,,,,,,,,,,,,,,,,,,,,,,,,,,,,,,,,,,,,,,,,,,,,,,,,,,,,,,,,,,,,,,,,
b5a3712a20ede636,images/b5/b5a3712a20ede636a50cb8b7a4a5e7a6a99ed894df9663e1c8dfa05896321416.jpg,gen,genuine_population,hv_page_1771d3c66d,126710BLNR,primary_steel,established_dealer,https://bobswatches.com/used-rolex-gmt-master-ii-batman-ref-126710blnr-oyster-bracelet.html,,b5a3712a20ede636a50cb8b7a4a5e7a6a99ed894df9663e1c8dfa05896321416,https://www.bobswatches.com/images/zUsed-Rolex-GMT-Master-II-126710-SKU191559.jpg,harvest pose=CORRECTABLE decision=QUARANTINE,images/b5/b5a3712a20ede636a50cb8b7a4a5e7a6a99ed894df9663e1c8dfa05896321416.jpg,missing,,,,,,,,,,,,,,,,,,,,,,,,,,,,,,,,,,,,,,,,,,,,,,,,,,,,,,,,,,,,,,,,,,,,,,,,,,,,,,,,,,,,,,,,,,,,,,,,,,,,,,,,,,,,,,,,,,,,,,,,,,,,,,,,,,,,,,,,,,,,,,,,,,,,,,,,,,,,,,,,,,,,,,,,,,,,,,,,,,,,,,,,,,,,,,,,,,,,,,,,,,,,,,,,,,,,,,,,,,,,,,,,,,,,,,,,,,,,,,,,,,,,,,,,,,,,,,,,,,,,,,,,,,,,,,,,,,,,,,,,,,,,,,,,,
5350069ae2e623e9,images/53/5350069ae2e623e97c96cbadb8d66300affe1df6a501fc106eafe6bcac96213a.jpg,gen,genuine_population,hv_page_1ad4986148,126710GRNR,primary_steel,established_dealer,https://bobswatches.com/used-rolex-gmt-master-ii-ref-126710grnr-bruce-wayne.html,,5350069ae2e623e97c96cbadb8d66300affe1df6a501fc106eafe6bcac96213a,https://www.bobswatches.com/images/zUsed-Rolex-GMT-Master-II-126710-Black-Dial-SKU182460.jpg,harvest pose=CORRECTABLE decision=QUARANTINE,images/53/5350069ae2e623e97c96cbadb8d66300affe1df6a501fc106eafe6bcac96213a.jpg,missing,,,,,,,,,,,,,,,,,,,,,,,,,,,,,,,,,,,,,,,,,,,,,,,,,,,,,,,,,,,,,,,,,,,,,,,,,,,,,,,,,,,,,,,,,,,,,,,,,,,,,,,,,,,,,,,,,,,,,,,,,,,,,,,,,,,,,,,,,,,,,,,,,,,,,,,,,,,,,,,,,,,,,,,,,,,,,,,,,,,,,,,,,,,,,,,,,,,,,,,,,,,,,,,,,,,,,,,,,,,,,,,,,,,,,,,,,,,,,,,,,,,,,,,,,,,,,,,,,,,,,,,,,,,,,,,,,,,,,,,,,,,,,,,,,
4317344b7d56fb10,images/43/4317344b7d56fb10fb0daa18c74a5b1787fb754b2eb51956adfd96d6762b344c.jpg,gen,genuine_population,hv_page_1c675f5567,126713GRNR,gold_surround_variant,established_dealer,https://bobswatches.com/pre-owned-rolex-gmt-master-ii-ref-126713grnr-two-tone-zombie.html,,4317344b7d56fb10fb0daa18c74a5b1787fb754b2eb51956adfd96d6762b344c,https://www.bobswatches.com/images/zUsed-Rolex-GMT-Master-II-126713-SKU188770.jpg,harvest pose=CORRECTABLE decision=QUARANTINE,images/43/4317344b7d56fb10fb0daa18c74a5b1787fb754b2eb51956adfd96d6762b344c.jpg,missing,,,,,,,,,,,,,,,,,,,,,,,,,,,,,,,,,,,,,,,,,,,,,,,,,,,,,,,,,,,,,,,,,,,,,,,,,,,,,,,,,,,,,,,,,,,,,,,,,,,,,,,,,,,,,,,,,,,,,,,,,,,,,,,,,,,,,,,,,,,,,,,,,,,,,,,,,,,,,,,,,,,,,,,,,,,,,,,,,,,,,,,,,,,,,,,,,,,,,,,,,,,,,,,,,,,,,,,,,,,,,,,,,,,,,,,,,,,,,,,,,,,,,,,,,,,,,,,,,,,,,,,,,,,,,,,,,,,,,,,,,,,,,,,,,
9c24872328b08d2c,images/9c/9c24872328b08d2cc00754345dda2c29c2e76700e37743122954df703da8c393.jpg,gen,genuine_population,hv_page_2100d8d80c,126713GRNR,gold_surround_variant,established_dealer,https://bobswatches.com/pre-owned-rolex-gmt-master-ii-zombie-ref-126713grnr-steel-and-yellow-gold.html,,9c24872328b08d2cc00754345dda2c29c2e76700e37743122954df703da8c393,https://www.bobswatches.com/images/zUsed-Rolex-GMT-Master-II-126713-SKU189616.jpg,harvest pose=CORRECTABLE decision=QUARANTINE,images/9c/9c24872328b08d2cc00754345dda2c29c2e76700e37743122954df703da8c393.jpg,missing,,,,,,,,,,,,,,,,,,,,,,,,,,,,,,,,,,,,,,,,,,,,,,,,,,,,,,,,,,,,,,,,,,,,,,,,,,,,,,,,,,,,,,,,,,,,,,,,,,,,,,,,,,,,,,,,,,,,,,,,,,,,,,,,,,,,,,,,,,,,,,,,,,,,,,,,,,,,,,,,,,,,,,,,,,,,,,,,,,,,,,,,,,,,,,,,,,,,,,,,,,,,,,,,,,,,,,,,,,,,,,,,,,,,,,,,,,,,,,,,,,,,,,,,,,,,,,,,,,,,,,,,,,,,,,,,,,,,,,,,,,,,,,,,,
a1181da10cfbe444,images/a1/a1181da10cfbe444131d0bf308b023fc31bb942a0f5e0cfdb34148a58e87be0d.jpg,gen,genuine_population,hv_page_302b41fe4e,126713GRNR,gold_surround_variant,established_dealer,https://bobswatches.com/rolex-gmt-master-ii-ref-126713grnr-jubilee-bracelet.html,,a1181da10cfbe444131d0bf308b023fc31bb942a0f5e0cfdb34148a58e87be0d,https://www.bobswatches.com/images/zUsed-Rolex-GMT-Master-II-126713-SKU181434.jpg,harvest pose=CORRECTABLE decision=QUARANTINE,images/a1/a1181da10cfbe444131d0bf308b023fc31bb942a0f5e0cfdb34148a58e87be0d.jpg,missing,,,,,,,,,,,,,,,,,,,,,,,,,,,,,,,,,,,,,,,,,,,,,,,,,,,,,,,,,,,,,,,,,,,,,,,,,,,,,,,,,,,,,,,,,,,,,,,,,,,,,,,,,,,,,,,,,,,,,,,,,,,,,,,,,,,,,,,,,,,,,,,,,,,,,,,,,,,,,,,,,,,,,,,,,,,,,,,,,,,,,,,,,,,,,,,,,,,,,,,,,,,,,,,,,,,,,,,,,,,,,,,,,,,,,,,,,,,,,,,,,,,,,,,,,,,,,,,,,,,,,,,,,,,,,,,,,,,,,,,,,,,,,,,,,
8a1135ada8c85197,images/8a/8a1135ada8c85197110acfd98a0b8c33ff8dd3c211d0547d1ecd5de7bbf91ba8.jpg,gen,genuine_population,hv_page_26529a52bd,126715CHNR,gold_surround_variant,established_dealer,https://bobswatches.com/rolex-gmt-master-ii-ref-126715-root-beer.html,,8a1135ada8c85197110acfd98a0b8c33ff8dd3c211d0547d1ecd5de7bbf91ba8,https://www.bobswatches.com/images/zUsed-Rolex-GMT-Master-II-126715-Rose-Gold-SKU174410.jpg,harvest pose=GOOD decision=QUARANTINE,images/8a/8a1135ada8c85197110acfd98a0b8c33ff8dd3c211d0547d1ecd5de7bbf91ba8.jpg,missing,,,,,,,,,,,,,,,,,,,,,,,,,,,,,,,,,,,,,,,,,,,,,,,,,,,,,,,,,,,,,,,,,,,,,,,,,,,,,,,,,,,,,,,,,,,,,,,,,,,,,,,,,,,,,,,,,,,,,,,,,,,,,,,,,,,,,,,,,,,,,,,,,,,,,,,,,,,,,,,,,,,,,,,,,,,,,,,,,,,,,,,,,,,,,,,,,,,,,,,,,,,,,,,,,,,,,,,,,,,,,,,,,,,,,,,,,,,,,,,,,,,,,,,,,,,,,,,,,,,,,,,,,,,,,,,,,,,,,,,,,,,,,,,,,
e29610476dd71542,images/e2/e29610476dd715428e0ad28924b264a25eaae48e32a72dcef36d7a6e326e4b78.jpg,gen,genuine_population,hv_page_266adaab55,126711CHNR,gold_surround_variant,established_dealer,https://bobswatches.com/preowned-rolex-gmt-master-ii-ref-126711-two-tone-everose.html,,e29610476dd715428e0ad28924b264a25eaae48e32a72dcef36d7a6e326e4b78,https://www.bobswatches.com/images/zrolex-146051.jpg,harvest pose=CORRECTABLE decision=QUARANTINE,images/e2/e29610476dd715428e0ad28924b264a25eaae48e32a72dcef36d7a6e326e4b78.jpg,missing,,,,,,,,,,,,,,,,,,,,,,,,,,,,,,,,,,,,,,,,,,,,,,,,,,,,,,,,,,,,,,,,,,,,,,,,,,,,,,,,,,,,,,,,,,,,,,,,,,,,,,,,,,,,,,,,,,,,,,,,,,,,,,,,,,,,,,,,,,,,,,,,,,,,,,,,,,,,,,,,,,,,,,,,,,,,,,,,,,,,,,,,,,,,,,,,,,,,,,,,,,,,,,,,,,,,,,,,,,,,,,,,,,,,,,,,,,,,,,,,,,,,,,,,,,,,,,,,,,,,,,,,,,,,,,,,,,,,,,,,,,,,,,,,,
c7bbe5da2e41dd7c,images/c7/c7bbe5da2e41dd7cc2df05064cc368f245ebadb64548944aa3aaf424b306dfa1.jpg,gen,genuine_population,hv_page_27e47d86af,126710GRNR,primary_steel,established_dealer,https://bobswatches.com/pre-owned-rolex-gmt-master-ii-126710grnr-bruce-wayne.html,,c7bbe5da2e41dd7cc2df05064cc368f245ebadb64548944aa3aaf424b306dfa1,https://www.bobswatches.com/images/zUsed-Rolex-GMT-Master-II-126710-Black-Dial-SKU182433-PL.jpg,harvest pose=GOOD decision=REJECT,images/c7/c7bbe5da2e41dd7cc2df05064cc368f245ebadb64548944aa3aaf424b306dfa1.jpg,missing,,,,,,,,,,,,,,,,,,,,,,,,,,,,,,,,,,,,,,,,,,,,,,,,,,,,,,,,,,,,,,,,,,,,,,,,,,,,,,,,,,,,,,,,,,,,,,,,,,,,,,,,,,,,,,,,,,,,,,,,,,,,,,,,,,,,,,,,,,,,,,,,,,,,,,,,,,,,,,,,,,,,,,,,,,,,,,,,,,,,,,,,,,,,,,,,,,,,,,,,,,,,,,,,,,,,,,,,,,,,,,,,,,,,,,,,,,,,,,,,,,,,,,,,,,,,,,,,,,,,,,,,,,,,,,,,,,,,,,,,,,,,,,,,,
27e9b4708fcb9eaf,images/27/27e9b4708fcb9eaf975b162690616e828c930b020689bf10be5e1510626fdcb4.jpg,gen,genuine_population,hv_page_284b4c6ca7,126710BLNR,primary_steel,established_dealer,https://bobswatches.com/mens-rolex-gmt-master-ii-ref-126710blnr-batman.html,,27e9b4708fcb9eaf975b162690616e828c930b020689bf10be5e1510626fdcb4,https://www.bobswatches.com/images/zUsed-Rolex-GMT-Master-II-126710-Black-Dial-SKU182607.jpg,harvest pose=CORRECTABLE decision=QUARANTINE,images/27/27e9b4708fcb9eaf975b162690616e828c930b020689bf10be5e1510626fdcb4.jpg,missing,,,,,,,,,,,,,,,,,,,,,,,,,,,,,,,,,,,,,,,,,,,,,,,,,,,,,,,,,,,,,,,,,,,,,,,,,,,,,,,,,,,,,,,,,,,,,,,,,,,,,,,,,,,,,,,,,,,,,,,,,,,,,,,,,,,,,,,,,,,,,,,,,,,,,,,,,,,,,,,,,,,,,,,,,,,,,,,,,,,,,,,,,,,,,,,,,,,,,,,,,,,,,,,,,,,,,,,,,,,,,,,,,,,,,,,,,,,,,,,,,,,,,,,,,,,,,,,,,,,,,,,,,,,,,,,,,,,,,,,,,,,,,,,,,
1c4b1b903d471134,images/1c/1c4b1b903d471134a0304862259addf6763794273b40be7f313cf5f27a0df64c.jpg,gen,genuine_population,hv_page_2874f5a2bc,126711CHNR,gold_surround_variant,established_dealer,https://bobswatches.com/rolex-gmt-master-ii-ref-126711-new-two-tone-everose-root-beer.html,,1c4b1b903d471134a0304862259addf6763794273b40be7f313cf5f27a0df64c,https://www.bobswatches.com/images/zRolex-GMT-Master-II-126711CHNR-144175.jpg,harvest pose=CORRECTABLE decision=QUARANTINE,images/1c/1c4b1b903d471134a0304862259addf6763794273b40be7f313cf5f27a0df64c.jpg,missing,,,,,,,,,,,,,,,,,,,,,,,,,,,,,,,,,,,,,,,,,,,,,,,,,,,,,,,,,,,,,,,,,,,,,,,,,,,,,,,,,,,,,,,,,,,,,,,,,,,,,,,,,,,,,,,,,,,,,,,,,,,,,,,,,,,,,,,,,,,,,,,,,,,,,,,,,,,,,,,,,,,,,,,,,,,,,,,,,,,,,,,,,,,,,,,,,,,,,,,,,,,,,,,,,,,,,,,,,,,,,,,,,,,,,,,,,,,,,,,,,,,,,,,,,,,,,,,,,,,,,,,,,,,,,,,,,,,,,,,,,,,,,,,,,
ede4d7279065e197,images/ed/ede4d7279065e197d8db30d71a57bab49d5806e7c326c53b2fe55397e3cb7386.jpg,gen,genuine_population,hv_page_2986d0208d,126710BLRO,primary_steel,established_dealer,https://bobswatches.com/used-rolex-gmt-master-ii-pepsi-ref-126710blro-cerachrom-bezel.html,,ede4d7279065e197d8db30d71a57bab49d5806e7c326c53b2fe55397e3cb7386,https://www.bobswatches.com/images/zUsed-Rolex-GMT-Master-II-126710-SKU193555.jpg,harvest pose=GOOD decision=QUARANTINE,images/ed/ede4d7279065e197d8db30d71a57bab49d5806e7c326c53b2fe55397e3cb7386.jpg,missing,,,,,,,,,,,,,,,,,,,,,,,,,,,,,,,,,,,,,,,,,,,,,,,,,,,,,,,,,,,,,,,,,,,,,,,,,,,,,,,,,,,,,,,,,,,,,,,,,,,,,,,,,,,,,,,,,,,,,,,,,,,,,,,,,,,,,,,,,,,,,,,,,,,,,,,,,,,,,,,,,,,,,,,,,,,,,,,,,,,,,,,,,,,,,,,,,,,,,,,,,,,,,,,,,,,,,,,,,,,,,,,,,,,,,,,,,,,,,,,,,,,,,,,,,,,,,,,,,,,,,,,,,,,,,,,,,,,,,,,,,,,,,,,,,
3ffe939bd9385410,images/3f/3ffe939bd938541051f190d692a8b21bb5001b1c2fb480df1dd0fc28375f7085.jpg,gen,genuine_population,hv_page_2ad168c21c,126710GRNR,primary_steel,established_dealer,https://bobswatches.com/pre-owned-rolex-gmt-master-ii-ref-126710grnr-jubilee.html,,3ffe939bd938541051f190d692a8b21bb5001b1c2fb480df1dd0fc28375f7085,https://www.bobswatches.com/images/zUsed-Rolex-GMT-Master-II-126710-SKU181905.jpg,harvest pose=CORRECTABLE decision=QUARANTINE,images/3f/3ffe939bd938541051f190d692a8b21bb5001b1c2fb480df1dd0fc28375f7085.jpg,missing,,,,,,,,,,,,,,,,,,,,,,,,,,,,,,,,,,,,,,,,,,,,,,,,,,,,,,,,,,,,,,,,,,,,,,,,,,,,,,,,,,,,,,,,,,,,,,,,,,,,,,,,,,,,,,,,,,,,,,,,,,,,,,,,,,,,,,,,,,,,,,,,,,,,,,,,,,,,,,,,,,,,,,,,,,,,,,,,,,,,,,,,,,,,,,,,,,,,,,,,,,,,,,,,,,,,,,,,,,,,,,,,,,,,,,,,,,,,,,,,,,,,,,,,,,,,,,,,,,,,,,,,,,,,,,,,,,,,,,,,,,,,,,,,,
ee1933f4d3ba3a7d,images/ee/ee1933f4d3ba3a7d4872a60eb8a112526dd778ade0d8b0d2cee675e0f6bcb8f0.jpg,gen,genuine_population,hv_page_2bc7d24047,126715CHNR,gold_surround_variant,established_dealer,https://bobswatches.com/pre-owned-rolex-gmt-master-ii-ref-126715-new-everose-root-beer-model.html,,ee1933f4d3ba3a7d4872a60eb8a112526dd778ade0d8b0d2cee675e0f6bcb8f0,https://www.bobswatches.com/images/zRolex-GMT-Master-II-Ref-126715-128183.jpg,harvest pose=GOOD decision=QUARANTINE,images/ee/ee1933f4d3ba3a7d4872a60eb8a112526dd778ade0d8b0d2cee675e0f6bcb8f0.jpg,missing,,,,,,,,,,,,,,,,,,,,,,,,,,,,,,,,,,,,,,,,,,,,,,,,,,,,,,,,,,,,,,,,,,,,,,,,,,,,,,,,,,,,,,,,,,,,,,,,,,,,,,,,,,,,,,,,,,,,,,,,,,,,,,,,,,,,,,,,,,,,,,,,,,,,,,,,,,,,,,,,,,,,,,,,,,,,,,,,,,,,,,,,,,,,,,,,,,,,,,,,,,,,,,,,,,,,,,,,,,,,,,,,,,,,,,,,,,,,,,,,,,,,,,,,,,,,,,,,,,,,,,,,,,,,,,,,,,,,,,,,,,,,,,,,,
69e62d2c551bffc4,images/69/69e62d2c551bffc4bfbb6371adcc0566d8a31de8b87881a2e1466b4e4d6b85fa.jpg,gen,genuine_population,hv_page_2de7ff1ec5,126711CHNR,gold_surround_variant,established_dealer,https://bobswatches.com/used-root-beer-rolex-gmt-master-ii-ref-126711chnr-black-dial.html,,69e62d2c551bffc4bfbb6371adcc0566d8a31de8b87881a2e1466b4e4d6b85fa,https://www.bobswatches.com/images/zUsed-Rolex-GMT-Master-II-126711-186403.jpg,harvest pose=CORRECTABLE decision=QUARANTINE,images/69/69e62d2c551bffc4bfbb6371adcc0566d8a31de8b87881a2e1466b4e4d6b85fa.jpg,missing,,,,,,,,,,,,,,,,,,,,,,,,,,,,,,,,,,,,,,,,,,,,,,,,,,,,,,,,,,,,,,,,,,,,,,,,,,,,,,,,,,,,,,,,,,,,,,,,,,,,,,,,,,,,,,,,,,,,,,,,,,,,,,,,,,,,,,,,,,,,,,,,,,,,,,,,,,,,,,,,,,,,,,,,,,,,,,,,,,,,,,,,,,,,,,,,,,,,,,,,,,,,,,,,,,,,,,,,,,,,,,,,,,,,,,,,,,,,,,,,,,,,,,,,,,,,,,,,,,,,,,,,,,,,,,,,,,,,,,,,,,,,,,,,,
b6605eca11930309,images/b6/b6605eca11930309fd520645521fce2535a9abb0c66aa3fbf5a15eac79c74ca9.jpg,gen,genuine_population,hv_page_2f296fab84,126715CHNR,gold_surround_variant,established_dealer,https://bobswatches.com/pre-owned-rolex-gmt-master-ii-ref-126715-root-beer-model.html,,b6605eca11930309fd520645521fce2535a9abb0c66aa3fbf5a15eac79c74ca9,https://www.bobswatches.com/images/zRolex-GMT-Master-II-Ref-126715-Root-Beer-Model-146614.jpg,harvest pose=CORRECTABLE decision=QUARANTINE,images/b6/b6605eca11930309fd520645521fce2535a9abb0c66aa3fbf5a15eac79c74ca9.jpg,missing,,,,,,,,,,,,,,,,,,,,,,,,,,,,,,,,,,,,,,,,,,,,,,,,,,,,,,,,,,,,,,,,,,,,,,,,,,,,,,,,,,,,,,,,,,,,,,,,,,,,,,,,,,,,,,,,,,,,,,,,,,,,,,,,,,,,,,,,,,,,,,,,,,,,,,,,,,,,,,,,,,,,,,,,,,,,,,,,,,,,,,,,,,,,,,,,,,,,,,,,,,,,,,,,,,,,,,,,,,,,,,,,,,,,,,,,,,,,,,,,,,,,,,,,,,,,,,,,,,,,,,,,,,,,,,,,,,,,,,,,,,,,,,,,,
060ba51cbd5c62e4,images/06/060ba51cbd5c62e4de955617dbd071c28a428a70175955b141dc8b6275261c52.jpg,gen,genuine_population,hv_page_2f2fbd28fc,126715CHNR,gold_surround_variant,established_dealer,https://bobswatches.com/mens-rolex-gmt-master-ii-ref-126715-everose-root-beer.html,,060ba51cbd5c62e4de955617dbd071c28a428a70175955b141dc8b6275261c52,https://www.bobswatches.com/images/zUsed-Rolex-GMT-Master-II-126715-Black-Chromalight-Dial-SKU182205.jpg,harvest pose=CORRECTABLE decision=QUARANTINE,images/06/060ba51cbd5c62e4de955617dbd071c28a428a70175955b141dc8b6275261c52.jpg,missing,,,,,,,,,,,,,,,,,,,,,,,,,,,,,,,,,,,,,,,,,,,,,,,,,,,,,,,,,,,,,,,,,,,,,,,,,,,,,,,,,,,,,,,,,,,,,,,,,,,,,,,,,,,,,,,,,,,,,,,,,,,,,,,,,,,,,,,,,,,,,,,,,,,,,,,,,,,,,,,,,,,,,,,,,,,,,,,,,,,,,,,,,,,,,,,,,,,,,,,,,,,,,,,,,,,,,,,,,,,,,,,,,,,,,,,,,,,,,,,,,,,,,,,,,,,,,,,,,,,,,,,,,,,,,,,,,,,,,,,,,,,,,,,,,
635dfddb1777b617,images/63/635dfddb1777b61759bcd17d748c37f9c17786081f59381238a0bd0b9ca37aa9.jpg,gen,genuine_population,hv_page_2f4b4ff78a,126710BLNR,primary_steel,established_dealer,https://bobswatches.com/rolex-gmt-master-ii-ref-126710blnr-batman.html,,635dfddb1777b61759bcd17d748c37f9c17786081f59381238a0bd0b9ca37aa9,https://www.bobswatches.com/images/zUsed-Rolex-GMT-Master-II-126710-Black-Chromalight-Dial-SKU181106.jpg,harvest pose=GOOD decision=QUARANTINE,images/63/635dfddb1777b61759bcd17d748c37f9c17786081f59381238a0bd0b9ca37aa9.jpg,missing,,,,,,,,,,,,,,,,,,,,,,,,,,,,,,,,,,,,,,,,,,,,,,,,,,,,,,,,,,,,,,,,,,,,,,,,,,,,,,,,,,,,,,,,,,,,,,,,,,,,,,,,,,,,,,,,,,,,,,,,,,,,,,,,,,,,,,,,,,,,,,,,,,,,,,,,,,,,,,,,,,,,,,,,,,,,,,,,,,,,,,,,,,,,,,,,,,,,,,,,,,,,,,,,,,,,,,,,,,,,,,,,,,,,,,,,,,,,,,,,,,,,,,,,,,,,,,,,,,,,,,,,,,,,,,,,,,,,,,,,,,,,,,,,,
0a4e0899bb1001fc,images/0a/0a4e0899bb1001fc28c302947cfffddd549215c0bd5916da55cfd04d8de1b0d4.jpg,gen,genuine_population,hv_page_2f9546b899,126710GRNR,primary_steel,established_dealer,https://bobswatches.com/pre-owned-rolex-gmt-master-ii-bruce-wayne-ref-126710grnr.html,,0a4e0899bb1001fc28c302947cfffddd549215c0bd5916da55cfd04d8de1b0d4,https://www.bobswatches.com/images/zUsed-Rolex-GMT-Master-II-126710-186802.jpg,harvest pose=CORRECTABLE decision=QUARANTINE,images/0a/0a4e0899bb1001fc28c302947cfffddd549215c0bd5916da55cfd04d8de1b0d4.jpg,missing,,,,,,,,,,,,,,,,,,,,,,,,,,,,,,,,,,,,,,,,,,,,,,,,,,,,,,,,,,,,,,,,,,,,,,,,,,,,,,,,,,,,,,,,,,,,,,,,,,,,,,,,,,,,,,,,,,,,,,,,,,,,,,,,,,,,,,,,,,,,,,,,,,,,,,,,,,,,,,,,,,,,,,,,,,,,,,,,,,,,,,,,,,,,,,,,,,,,,,,,,,,,,,,,,,,,,,,,,,,,,,,,,,,,,,,,,,,,,,,,,,,,,,,,,,,,,,,,,,,,,,,,,,,,,,,,,,,,,,,,,,,,,,,,,
a1181da10cfbe444,images/a1/a1181da10cfbe444131d0bf308b023fc31bb942a0f5e0cfdb34148a58e87be0d.jpg,gen,genuine_population,hv_page_302b41fe4e,126713GRNR,gold_surround_variant,established_dealer,https://bobswatches.com/rolex-gmt-master-ii-ref-126713grnr-jubilee-bracelet.html,,a1181da10cfbe444131d0bf308b023fc31bb942a0f5e0cfdb34148a58e87be0d,https://www.bobswatches.com/images/zUsed-Rolex-GMT-Master-II-126713-SKU181434.jpg,harvest pose=CORRECTABLE decision=QUARANTINE,images/a1/a1181da10cfbe444131d0bf308b023fc31bb942a0f5e0cfdb34148a58e87be0d.jpg,missing,,,,,,,,,,,,,,,,,,,,,,,,,,,,,,,,,,,,,,,,,,,,,,,,,,,,,,,,,,,,,,,,,,,,,,,,,,,,,,,,,,,,,,,,,,,,,,,,,,,,,,,,,,,,,,,,,,,,,,,,,,,,,,,,,,,,,,,,,,,,,,,,,,,,,,,,,,,,,,,,,,,,,,,,,,,,,,,,,,,,,,,,,,,,,,,,,,,,,,,,,,,,,,,,,,,,,,,,,,,,,,,,,,,,,,,,,,,,,,,,,,,,,,,,,,,,,,,,,,,,,,,,,,,,,,,,,,,,,,,,,,,,,,,,,
c79c7553f6f5a5b2,images/c7/c79c7553f6f5a5b2637f1d0335a2eaec4f9dfebefea9ab5e0685d84089f9955e.jpg,gen,genuine_population,hv_page_353f1de4ef,126710BLNR,primary_steel,established_dealer,https://bobswatches.com/used-rolex-gmt-master-ii-ref-126710blnr-batman.html,,c79c7553f6f5a5b2637f1d0335a2eaec4f9dfebefea9ab5e0685d84089f9955e,https://www.bobswatches.com/images/zUsed-Rolex-GMT-Master-II-126710-SKU186270.jpg,harvest pose=CORRECTABLE decision=QUARANTINE,images/c7/c79c7553f6f5a5b2637f1d0335a2eaec4f9dfebefea9ab5e0685d84089f9955e.jpg,missing,,,,,,,,,,,,,,,,,,,,,,,,,,,,,,,,,,,,,,,,,,,,,,,,,,,,,,,,,,,,,,,,,,,,,,,,,,,,,,,,,,,,,,,,,,,,,,,,,,,,,,,,,,,,,,,,,,,,,,,,,,,,,,,,,,,,,,,,,,,,,,,,,,,,,,,,,,,,,,,,,,,,,,,,,,,,,,,,,,,,,,,,,,,,,,,,,,,,,,,,,,,,,,,,,,,,,,,,,,,,,,,,,,,,,,,,,,,,,,,,,,,,,,,,,,,,,,,,,,,,,,,,,,,,,,,,,,,,,,,,,,,,,,,,,
3e54fd179cb170a8,images/3e/3e54fd179cb170a8e584c184707f43e46eedf5237dbfcb090b823e473fac7149.jpg,gen,genuine_population,hv_page_36f38bf983,126710BLRO,primary_steel,established_dealer,https://bobswatches.com/used-pepsi-rolex-gmt-master-ii-ref-126710blro-jubilee.html,,3e54fd179cb170a8e584c184707f43e46eedf5237dbfcb090b823e473fac7149,https://www.bobswatches.com/images/zUsed-Rolex-GMT-Master-II-126710-186708.jpg,harvest pose=GOOD decision=QUARANTINE,images/3e/3e54fd179cb170a8e584c184707f43e46eedf5237dbfcb090b823e473fac7149.jpg,missing,,,,,,,,,,,,,,,,,,,,,,,,,,,,,,,,,,,,,,,,,,,,,,,,,,,,,,,,,,,,,,,,,,,,,,,,,,,,,,,,,,,,,,,,,,,,,,,,,,,,,,,,,,,,,,,,,,,,,,,,,,,,,,,,,,,,,,,,,,,,,,,,,,,,,,,,,,,,,,,,,,,,,,,,,,,,,,,,,,,,,,,,,,,,,,,,,,,,,,,,,,,,,,,,,,,,,,,,,,,,,,,,,,,,,,,,,,,,,,,,,,,,,,,,,,,,,,,,,,,,,,,,,,,,,,,,,,,,,,,,,,,,,,,,,
39b6687a00437d72,images/39/39b6687a00437d7204fb5bae5e685efc30f482c5a395c347248fbe4dec33fe8f.jpg,gen,genuine_population,hv_page_382ce3b2b1,126711CHNR,gold_surround_variant,established_dealer,https://bobswatches.com/pre-owned-root-beeer-rolex-gmt-master-ii-ref-126711chnr.html,,39b6687a00437d7204fb5bae5e685efc30f482c5a395c347248fbe4dec33fe8f,https://www.bobswatches.com/images/zUsed-Rolex-GMT-Master-II-126711-SKU193831.jpg,harvest pose=CORRECTABLE decision=REJECT,images/39/39b6687a00437d7204fb5bae5e685efc30f482c5a395c347248fbe4dec33fe8f.jpg,missing,,,,,,,,,,,,,,,,,,,,,,,,,,,,,,,,,,,,,,,,,,,,,,,,,,,,,,,,,,,,,,,,,,,,,,,,,,,,,,,,,,,,,,,,,,,,,,,,,,,,,,,,,,,,,,,,,,,,,,,,,,,,,,,,,,,,,,,,,,,,,,,,,,,,,,,,,,,,,,,,,,,,,,,,,,,,,,,,,,,,,,,,,,,,,,,,,,,,,,,,,,,,,,,,,,,,,,,,,,,,,,,,,,,,,,,,,,,,,,,,,,,,,,,,,,,,,,,,,,,,,,,,,,,,,,,,,,,,,,,,,,,,,,,,,
acdc661ac31f2074,images/ac/acdc661ac31f20743e3a76875d5ffbd726025422d10c7ead87f61f22d88d6f54.jpg,gen,genuine_population,hv_page_382ce3b2b1,126711CHNR,gold_surround_variant,established_dealer,https://bobswatches.com/pre-owned-root-beeer-rolex-gmt-master-ii-ref-126711chnr.html,,acdc661ac31f20743e3a76875d5ffbd726025422d10c7ead87f61f22d88d6f54,"https://www.bobswatches.com/cdn-cgi/image/width=768,quality=85,sharpen=0.5/images/zUsed-Rolex-GMT-Master-II-126711-SKU193831.jpg",harvest pose=CORRECTABLE decision=REJECT,images/ac/acdc661ac31f20743e3a76875d5ffbd726025422d10c7ead87f61f22d88d6f54.jpg,missing,,,,,,,,,,,,,,,,,,,,,,,,,,,,,,,,,,,,,,,,,,,,,,,,,,,,,,,,,,,,,,,,,,,,,,,,,,,,,,,,,,,,,,,,,,,,,,,,,,,,,,,,,,,,,,,,,,,,,,,,,,,,,,,,,,,,,,,,,,,,,,,,,,,,,,,,,,,,,,,,,,,,,,,,,,,,,,,,,,,,,,,,,,,,,,,,,,,,,,,,,,,,,,,,,,,,,,,,,,,,,,,,,,,,,,,,,,,,,,,,,,,,,,,,,,,,,,,,,,,,,,,,,,,,,,,,,,,,,,,,,,,,,,,,,
7ddfc7965075c6f9,images/7d/7ddfc7965075c6f94c20c919d47401f5cb019cc6f720fa1c22d647e45d22c0d4.jpg,gen,genuine_population,hv_page_3b6fda6742,126710BLNR,primary_steel,established_dealer,https://bobswatches.com/pre-owned-rolex-gmt-master-ii-ref-126710blnr-blue-and-black-batgirl.html,,7ddfc7965075c6f94c20c919d47401f5cb019cc6f720fa1c22d647e45d22c0d4,https://www.bobswatches.com/images/zUsed-Rolex-GMT-Master-II-126710-SKU191779.jpg,harvest pose=CORRECTABLE decision=QUARANTINE,images/7d/7ddfc7965075c6f94c20c919d47401f5cb019cc6f720fa1c22d647e45d22c0d4.jpg,missing,,,,,,,,,,,,,,,,,,,,,,,,,,,,,,,,,,,,,,,,,,,,,,,,,,,,,,,,,,,,,,,,,,,,,,,,,,,,,,,,,,,,,,,,,,,,,,,,,,,,,,,,,,,,,,,,,,,,,,,,,,,,,,,,,,,,,,,,,,,,,,,,,,,,,,,,,,,,,,,,,,,,,,,,,,,,,,,,,,,,,,,,,,,,,,,,,,,,,,,,,,,,,,,,,,,,,,,,,,,,,,,,,,,,,,,,,,,,,,,,,,,,,,,,,,,,,,,,,,,,,,,,,,,,,,,,,,,,,,,,,,,,,,,,,
a7fcdb60d7ce01fe,images/a7/a7fcdb60d7ce01fea1c58f929ed7fd81b5a3825bd21576204ca9b4a5f56a2693.jpg,gen,genuine_population,hv_page_3d5c6dde16,126710BLNR,primary_steel,established_dealer,https://bobswatches.com/used-rolex-gmt-master-ii-batgirl-ref-126710blnr-jubilee-bracelet.html,,a7fcdb60d7ce01fea1c58f929ed7fd81b5a3825bd21576204ca9b4a5f56a2693,https://www.bobswatches.com/images/zUsed-Rolex-GMT-Master-II-126710-SKU191757-PL.jpg,harvest pose=CORRECTABLE decision=QUARANTINE,images/a7/a7fcdb60d7ce01fea1c58f929ed7fd81b5a3825bd21576204ca9b4a5f56a2693.jpg,missing,,,,,,,,,,,,,,,,,,,,,,,,,,,,,,,,,,,,,,,,,,,,,,,,,,,,,,,,,,,,,,,,,,,,,,,,,,,,,,,,,,,,,,,,,,,,,,,,,,,,,,,,,,,,,,,,,,,,,,,,,,,,,,,,,,,,,,,,,,,,,,,,,,,,,,,,,,,,,,,,,,,,,,,,,,,,,,,,,,,,,,,,,,,,,,,,,,,,,,,,,,,,,,,,,,,,,,,,,,,,,,,,,,,,,,,,,,,,,,,,,,,,,,,,,,,,,,,,,,,,,,,,,,,,,,,,,,,,,,,,,,,,,,,,,
454db39fb22b7f94,images/45/454db39fb22b7f940012c39ddad334dadf01121a983bcb420220212faf2fefa2.jpg,gen,genuine_population,hv_page_3ecf9e6e88,126710BLRO,primary_steel,established_dealer,https://bobswatches.com/rolex-gmt-master-ii-126710-ceramic-pepsi.html,,454db39fb22b7f940012c39ddad334dadf01121a983bcb420220212faf2fefa2,https://www.bobswatches.com/images/zRolex-GMT-Master-II-126710-131843.jpg,harvest pose=GOOD decision=QUARANTINE,images/45/454db39fb22b7f940012c39ddad334dadf01121a983bcb420220212faf2fefa2.jpg,missing,,,,,,,,,,,,,,,,,,,,,,,,,,,,,,,,,,,,,,,,,,,,,,,,,,,,,,,,,,,,,,,,,,,,,,,,,,,,,,,,,,,,,,,,,,,,,,,,,,,,,,,,,,,,,,,,,,,,,,,,,,,,,,,,,,,,,,,,,,,,,,,,,,,,,,,,,,,,,,,,,,,,,,,,,,,,,,,,,,,,,,,,,,,,,,,,,,,,,,,,,,,,,,,,,,,,,,,,,,,,,,,,,,,,,,,,,,,,,,,,,,,,,,,,,,,,,,,,,,,,,,,,,,,,,,,,,,,,,,,,,,,,,,,,,
4f60c0e0ce1d3f49,images/4f/4f60c0e0ce1d3f49cc053674e82cf3dab8e6d1ae917b75252b8c49ebeb8f5a9c.jpg,gen,genuine_population,hv_page_48ba112426,126710GRNR,primary_steel,established_dealer,https://bobswatches.com/mens-rolex-gmt-master-ii-ref-126710grnr-stainless-steel.html,,4f60c0e0ce1d3f49cc053674e82cf3dab8e6d1ae917b75252b8c49ebeb8f5a9c,https://www.bobswatches.com/images/zUsed-Rolex-GMT-Master-II-126710-Bruce-Wayne-SKU183041-PL.jpg,harvest pose=CORRECTABLE decision=QUARANTINE,images/4f/4f60c0e0ce1d3f49cc053674e82cf3dab8e6d1ae917b75252b8c49ebeb8f5a9c.jpg,missing,,,,,,,,,,,,,,,,,,,,,,,,,,,,,,,,,,,,,,,,,,,,,,,,,,,,,,,,,,,,,,,,,,,,,,,,,,,,,,,,,,,,,,,,,,,,,,,,,,,,,,,,,,,,,,,,,,,,,,,,,,,,,,,,,,,,,,,,,,,,,,,,,,,,,,,,,,,,,,,,,,,,,,,,,,,,,,,,,,,,,,,,,,,,,,,,,,,,,,,,,,,,,,,,,,,,,,,,,,,,,,,,,,,,,,,,,,,,,,,,,,,,,,,,,,,,,,,,,,,,,,,,,,,,,,,,,,,,,,,,,,,,,,,,,
7a28dfdca6f5027e,images/7a/7a28dfdca6f5027e5033d58293865bd143b4cd3cb999789147364a3208e8c1ef.jpg,gen,genuine_population,hv_page_c2377563f8,126710BLRO,primary_steel,established_dealer,https://bobswatches.com/rolex/gmt_master_ii-126710blro,,7a28dfdca6f5027e5033d58293865bd143b4cd3cb999789147364a3208e8c1ef,"https://www.bobswatches.com/cdn-cgi/image/fit=contain,sharpen=0.33,height=640,quality=82,format=jpeg/images/Rolex-GMT-Master-II-126710-127831.jpg",harvest pose=CORRECTABLE decision=QUARANTINE,images/7a/7a28dfdca6f5027e5033d58293865bd143b4cd3cb999789147364a3208e8c1ef.jpg,missing,,,,,,,,,,,,,,,,,,,,,,,,,,,,,,,,,,,,,,,,,,,,,,,,,,,,,,,,,,,,,,,,,,,,,,,,,,,,,,,,,,,,,,,,,,,,,,,,,,,,,,,,,,,,,,,,,,,,,,,,,,,,,,,,,,,,,,,,,,,,,,,,,,,,,,,,,,,,,,,,,,,,,,,,,,,,,,,,,,,,,,,,,,,,,,,,,,,,,,,,,,,,,,,,,,,,,,,,,,,,,,,,,,,,,,,,,,,,,,,,,,,,,,,,,,,,,,,,,,,,,,,,,,,,,,,,,,,,,,,,,,,,,,,,,
8d35b6970b618157,images/8d/8d35b6970b6181574718e9bfc026ff009055d2c1325724a8fbce0ddd7eb38bfb.jpg,gen,genuine_population,hv_page_4c7f2c1acc,126711CHNR,gold_surround_variant,established_dealer,https://bobswatches.com/rolex-blog/just-because/celeb-watch-rolex-gmt-master-pepsi.html,,8d35b6970b6181574718e9bfc026ff009055d2c1325724a8fbce0ddd7eb38bfb,https://www.bobswatches.com/rolex-blog/wp-content/uploads/2017/05/Rolex_GMT_16750-5D3_2282.jpg,harvest pose=CORRECTABLE decision=QUARANTINE,images/8d/8d35b6970b6181574718e9bfc026ff009055d2c1325724a8fbce0ddd7eb38bfb.jpg,missing,,,,,,,,,,,,,,,,,,,,,,,,,,,,,,,,,,,,,,,,,,,,,,,,,,,,,,,,,,,,,,,,,,,,,,,,,,,,,,,,,,,,,,,,,,,,,,,,,,,,,,,,,,,,,,,,,,,,,,,,,,,,,,,,,,,,,,,,,,,,,,,,,,,,,,,,,,,,,,,,,,,,,,,,,,,,,,,,,,,,,,,,,,,,,,,,,,,,,,,,,,,,,,,,,,,,,,,,,,,,,,,,,,,,,,,,,,,,,,,,,,,,,,,,,,,,,,,,,,,,,,,,,,,,,,,,,,,,,,,,,,,,,,,,,
b0a1a6ff0bf6db97,images/b0/b0a1a6ff0bf6db97ec3eef041d5307111296866927b8f25b1edf712257e112c2.jpg,gen,genuine_population,hv_page_4cffae5ac4,126710BLNR,primary_steel,established_dealer,https://bobswatches.com/pre-owned-stainless-steel-rolex-gmt-master-ii-ref-116710blnr-batman.html,,b0a1a6ff0bf6db97ec3eef041d5307111296866927b8f25b1edf712257e112c2,https://www.bobswatches.com/images/zUsed-Rolex-GMT-Master-II-116710-SKU191844.jpg,harvest pose=GOOD decision=QUARANTINE,images/b0/b0a1a6ff0bf6db97ec3eef041d5307111296866927b8f25b1edf712257e112c2.jpg,missing,,,,,,,,,,,,,,,,,,,,,,,,,,,,,,,,,,,,,,,,,,,,,,,,,,,,,,,,,,,,,,,,,,,,,,,,,,,,,,,,,,,,,,,,,,,,,,,,,,,,,,,,,,,,,,,,,,,,,,,,,,,,,,,,,,,,,,,,,,,,,,,,,,,,,,,,,,,,,,,,,,,,,,,,,,,,,,,,,,,,,,,,,,,,,,,,,,,,,,,,,,,,,,,,,,,,,,,,,,,,,,,,,,,,,,,,,,,,,,,,,,,,,,,,,,,,,,,,,,,,,,,,,,,,,,,,,,,,,,,,,,,,,,,,,
cbee1a6f6b7b4528,images/cb/cbee1a6f6b7b4528e0e29def10b396722819cedf876244c7961f594f3cdca6f6.jpg,gen,genuine_population,hv_page_4d76330046,126711CHNR,gold_surround_variant,established_dealer,https://swisswatchexpo.com/watches/rolex-gmt-master-ii-root-beer-steel-rose-gold-mens-watch-126711-box-card-60951,,cbee1a6f6b7b4528e0e29def10b396722819cedf876244c7961f594f3cdca6f6,https://cdn.swisswatchexpo.com/productphotos/4/24/rolex-gmt-master-ii-root-beer-steel-rose-gold-mens-watch-126711-box-card-60951_17d77.jpg,harvest pose=CORRECTABLE decision=QUARANTINE,images/cb/cbee1a6f6b7b4528e0e29def10b396722819cedf876244c7961f594f3cdca6f6.jpg,missing,,,,,,,,,,,,,,,,,,,,,,,,,,,,,,,,,,,,,,,,,,,,,,,,,,,,,,,,,,,,,,,,,,,,,,,,,,,,,,,,,,,,,,,,,,,,,,,,,,,,,,,,,,,,,,,,,,,,,,,,,,,,,,,,,,,,,,,,,,,,,,,,,,,,,,,,,,,,,,,,,,,,,,,,,,,,,,,,,,,,,,,,,,,,,,,,,,,,,,,,,,,,,,,,,,,,,,,,,,,,,,,,,,,,,,,,,,,,,,,,,,,,,,,,,,,,,,,,,,,,,,,,,,,,,,,,,,,,,,,,,,,,,,,,,
294af860f7372d1c,images/29/294af860f7372d1c29b7dd9939f210f3b921801e3e9a77ba271b090fcdd9100d.jpg,gen,genuine_population,hv_page_4d76330046,126711CHNR,gold_surround_variant,established_dealer,https://swisswatchexpo.com/watches/rolex-gmt-master-ii-root-beer-steel-rose-gold-mens-watch-126711-box-card-60951,,294af860f7372d1c29b7dd9939f210f3b921801e3e9a77ba271b090fcdd9100d,https://cdn.swisswatchexpo.com/productphotos/4/24/rolex-gmt-master-ii-root-beer-steel-rose-gold-mens-watch-126711-box-card-60951_7121f_md.jpg,harvest pose=CORRECTABLE decision=QUARANTINE,images/29/294af860f7372d1c29b7dd9939f210f3b921801e3e9a77ba271b090fcdd9100d.jpg,missing,,,,,,,,,,,,,,,,,,,,,,,,,,,,,,,,,,,,,,,,,,,,,,,,,,,,,,,,,,,,,,,,,,,,,,,,,,,,,,,,,,,,,,,,,,,,,,,,,,,,,,,,,,,,,,,,,,,,,,,,,,,,,,,,,,,,,,,,,,,,,,,,,,,,,,,,,,,,,,,,,,,,,,,,,,,,,,,,,,,,,,,,,,,,,,,,,,,,,,,,,,,,,,,,,,,,,,,,,,,,,,,,,,,,,,,,,,,,,,,,,,,,,,,,,,,,,,,,,,,,,,,,,,,,,,,,,,,,,,,,,,,,,,,,,
0750b217923d6793,images/07/0750b217923d67938d34230db0c3df0bb70fd7aa4ad8141a5176fd78d294f5be.jpg,gen,genuine_population,hv_page_4d76330046,126711CHNR,gold_surround_variant,established_dealer,https://swisswatchexpo.com/watches/rolex-gmt-master-ii-root-beer-steel-rose-gold-mens-watch-126711-box-card-60951,,0750b217923d67938d34230db0c3df0bb70fd7aa4ad8141a5176fd78d294f5be,https://cdn.swisswatchexpo.com/productphotos/4/24/rolex-gmt-master-ii-root-beer-steel-rose-gold-mens-watch-126711-box-card-60951_c31b5d7fb3_md.jpg,harvest pose=GOOD decision=QUARANTINE,images/07/0750b217923d67938d34230db0c3df0bb70fd7aa4ad8141a5176fd78d294f5be.jpg,missing,,,,,,,,,,,,,,,,,,,,,,,,,,,,,,,,,,,,,,,,,,,,,,,,,,,,,,,,,,,,,,,,,,,,,,,,,,,,,,,,,,,,,,,,,,,,,,,,,,,,,,,,,,,,,,,,,,,,,,,,,,,,,,,,,,,,,,,,,,,,,,,,,,,,,,,,,,,,,,,,,,,,,,,,,,,,,,,,,,,,,,,,,,,,,,,,,,,,,,,,,,,,,,,,,,,,,,,,,,,,,,,,,,,,,,,,,,,,,,,,,,,,,,,,,,,,,,,,,,,,,,,,,,,,,,,,,,,,,,,,,,,,,,,,,
e4e203107901244d,images/e4/e4e203107901244d9c640e76371059e09bf68bf5c8dc95c631fee09fc179953c.jpg,gen,genuine_population,hv_page_4f2029765c,126711CHNR,gold_surround_variant,established_dealer,https://swisswatchexpo.com/watches/rolex-gmt-master-ii-steel-rose-gold-mens-watch-126711-box-card-57245,,e4e203107901244d9c640e76371059e09bf68bf5c8dc95c631fee09fc179953c,https://cdn.swisswatchexpo.com/productphotos/12/15/rolex-gmt-master-ii-steel-rose-gold-mens-watch-126711-box-card-57245_7e258.jpg,harvest pose=CORRECTABLE decision=QUARANTINE,images/e4/e4e203107901244d9c640e76371059e09bf68bf5c8dc95c631fee09fc179953c.jpg,missing,,,,,,,,,,,,,,,,,,,,,,,,,,,,,,,,,,,,,,,,,,,,,,,,,,,,,,,,,,,,,,,,,,,,,,,,,,,,,,,,,,,,,,,,,,,,,,,,,,,,,,,,,,,,,,,,,,,,,,,,,,,,,,,,,,,,,,,,,,,,,,,,,,,,,,,,,,,,,,,,,,,,,,,,,,,,,,,,,,,,,,,,,,,,,,,,,,,,,,,,,,,,,,,,,,,,,,,,,,,,,,,,,,,,,,,,,,,,,,,,,,,,,,,,,,,,,,,,,,,,,,,,,,,,,,,,,,,,,,,,,,,,,,,,,
3b269ef3e009a150,images/3b/3b269ef3e009a1507588eb6b68e4c01ae8c9e32e63c88a352a4b152b3b780155.jpg,gen,genuine_population,hv_page_4f2029765c,126711CHNR,gold_surround_variant,established_dealer,https://swisswatchexpo.com/watches/rolex-gmt-master-ii-steel-rose-gold-mens-watch-126711-box-card-57245,,3b269ef3e009a1507588eb6b68e4c01ae8c9e32e63c88a352a4b152b3b780155,https://cdn.swisswatchexpo.com/productphotos/12/15/rolex-gmt-master-ii-steel-rose-gold-mens-watch-126711-box-card-57245_2b637_md.jpg,harvest pose=CORRECTABLE decision=QUARANTINE,images/3b/3b269ef3e009a1507588eb6b68e4c01ae8c9e32e63c88a352a4b152b3b780155.jpg,missing,,,,,,,,,,,,,,,,,,,,,,,,,,,,,,,,,,,,,,,,,,,,,,,,,,,,,,,,,,,,,,,,,,,,,,,,,,,,,,,,,,,,,,,,,,,,,,,,,,,,,,,,,,,,,,,,,,,,,,,,,,,,,,,,,,,,,,,,,,,,,,,,,,,,,,,,,,,,,,,,,,,,,,,,,,,,,,,,,,,,,,,,,,,,,,,,,,,,,,,,,,,,,,,,,,,,,,,,,,,,,,,,,,,,,,,,,,,,,,,,,,,,,,,,,,,,,,,,,,,,,,,,,,,,,,,,,,,,,,,,,,,,,,,,,
33df0c5378aede8c,images/33/33df0c5378aede8cc5e49c4d8842a9326140d5b69749a7c02a079d2c023287c4.jpg,gen,genuine_population,hv_page_4f2029765c,126711CHNR,gold_surround_variant,established_dealer,https://swisswatchexpo.com/watches/rolex-gmt-master-ii-steel-rose-gold-mens-watch-126711-box-card-57245,,33df0c5378aede8cc5e49c4d8842a9326140d5b69749a7c02a079d2c023287c4,https://cdn.swisswatchexpo.com/productphotos/12/15/rolex-gmt-master-ii-steel-rose-gold-mens-watch-126711-box-card-57245_70d31bc5ae_md.jpg,harvest pose=CORRECTABLE decision=QUARANTINE,images/33/33df0c5378aede8cc5e49c4d8842a9326140d5b69749a7c02a079d2c023287c4.jpg,missing,,,,,,,,,,,,,,,,,,,,,,,,,,,,,,,,,,,,,,,,,,,,,,,,,,,,,,,,,,,,,,,,,,,,,,,,,,,,,,,,,,,,,,,,,,,,,,,,,,,,,,,,,,,,,,,,,,,,,,,,,,,,,,,,,,,,,,,,,,,,,,,,,,,,,,,,,,,,,,,,,,,,,,,,,,,,,,,,,,,,,,,,,,,,,,,,,,,,,,,,,,,,,,,,,,,,,,,,,,,,,,,,,,,,,,,,,,,,,,,,,,,,,,,,,,,,,,,,,,,,,,,,,,,,,,,,,,,,,,,,,,,,,,,,,
8eb7af5d4e04cb5d,images/8e/8eb7af5d4e04cb5d8bd1bb44d1e3024e21869a65b95338d3c3f94b324845d85d.jpg,gen,genuine_population,hv_page_525f08a5be,126710GRNR,primary_steel,established_dealer,https://bobswatches.com/used-rolex-gmt-master-ii-ref-126710grnr-steel-bruce-wayne.html,,8eb7af5d4e04cb5d8bd1bb44d1e3024e21869a65b95338d3c3f94b324845d85d,https://www.bobswatches.com/images/zUsed-Rolex-GMT-Master-II-126710-SKU191309.jpg,harvest pose=CORRECTABLE decision=QUARANTINE,images/8e/8eb7af5d4e04cb5d8bd1bb44d1e3024e21869a65b95338d3c3f94b324845d85d.jpg,missing,,,,,,,,,,,,,,,,,,,,,,,,,,,,,,,,,,,,,,,,,,,,,,,,,,,,,,,,,,,,,,,,,,,,,,,,,,,,,,,,,,,,,,,,,,,,,,,,,,,,,,,,,,,,,,,,,,,,,,,,,,,,,,,,,,,,,,,,,,,,,,,,,,,,,,,,,,,,,,,,,,,,,,,,,,,,,,,,,,,,,,,,,,,,,,,,,,,,,,,,,,,,,,,,,,,,,,,,,,,,,,,,,,,,,,,,,,,,,,,,,,,,,,,,,,,,,,,,,,,,,,,,,,,,,,,,,,,,,,,,,,,,,,,,,
234ac251289608b7,images/23/234ac251289608b76dc90790e4ca71845954745a70b498a5096a008449e979c4.jpg,gen,genuine_population,hv_page_5459c91797,126710BLNR,primary_steel,established_dealer,https://bobswatches.com/used-rolex-gmt-master-ii-batman-ref-126710blnr-black-dial.html,,234ac251289608b76dc90790e4ca71845954745a70b498a5096a008449e979c4,https://www.bobswatches.com/images/zUsed-Rolex-GMT-Master-II-126710-SKU191595.jpg,harvest pose=CORRECTABLE decision=QUARANTINE,images/23/234ac251289608b76dc90790e4ca71845954745a70b498a5096a008449e979c4.jpg,missing,,,,,,,,,,,,,,,,,,,,,,,,,,,,,,,,,,,,,,,,,,,,,,,,,,,,,,,,,,,,,,,,,,,,,,,,,,,,,,,,,,,,,,,,,,,,,,,,,,,,,,,,,,,,,,,,,,,,,,,,,,,,,,,,,,,,,,,,,,,,,,,,,,,,,,,,,,,,,,,,,,,,,,,,,,,,,,,,,,,,,,,,,,,,,,,,,,,,,,,,,,,,,,,,,,,,,,,,,,,,,,,,,,,,,,,,,,,,,,,,,,,,,,,,,,,,,,,,,,,,,,,,,,,,,,,,,,,,,,,,,,,,,,,,,
d57e2051d203d214,images/d5/d57e2051d203d21430e0961961b4a108243903ba19a956a7f60bbed6e8966ed9.jpg,gen,genuine_population,hv_page_54612422f7,126711CHNR,gold_surround_variant,established_dealer,https://swisswatchexpo.com/watches/rolex-gmt-master-ii-root-beer-steel-rose-gold-mens-watch-126711-box-card-62670,,d57e2051d203d21430e0961961b4a108243903ba19a956a7f60bbed6e8966ed9,https://cdn.swisswatchexpo.com/productphotos/7/8/rolex-gmt-master-ii-root-beer-steel-rose-gold-mens-watch-126711-box-card-62670_9306e.jpg,harvest pose=CORRECTABLE decision=QUARANTINE,images/d5/d57e2051d203d21430e0961961b4a108243903ba19a956a7f60bbed6e8966ed9.jpg,missing,,,,,,,,,,,,,,,,,,,,,,,,,,,,,,,,,,,,,,,,,,,,,,,,,,,,,,,,,,,,,,,,,,,,,,,,,,,,,,,,,,,,,,,,,,,,,,,,,,,,,,,,,,,,,,,,,,,,,,,,,,,,,,,,,,,,,,,,,,,,,,,,,,,,,,,,,,,,,,,,,,,,,,,,,,,,,,,,,,,,,,,,,,,,,,,,,,,,,,,,,,,,,,,,,,,,,,,,,,,,,,,,,,,,,,,,,,,,,,,,,,,,,,,,,,,,,,,,,,,,,,,,,,,,,,,,,,,,,,,,,,,,,,,,,
2f1a34655a86a340,images/2f/2f1a34655a86a3405f2273939e932ca993639d1f93b47ce851036cafe9c9ab61.jpg,gen,genuine_population,hv_page_54612422f7,126711CHNR,gold_surround_variant,established_dealer,https://swisswatchexpo.com/watches/rolex-gmt-master-ii-root-beer-steel-rose-gold-mens-watch-126711-box-card-62670,,2f1a34655a86a3405f2273939e932ca993639d1f93b47ce851036cafe9c9ab61,https://cdn.swisswatchexpo.com/productphotos/7/8/rolex-gmt-master-ii-root-beer-steel-rose-gold-mens-watch-126711-box-card-62670_20bc4_md.jpg,harvest pose=GOOD decision=QUARANTINE,images/2f/2f1a34655a86a3405f2273939e932ca993639d1f93b47ce851036cafe9c9ab61.jpg,missing,,,,,,,,,,,,,,,,,,,,,,,,,,,,,,,,,,,,,,,,,,,,,,,,,,,,,,,,,,,,,,,,,,,,,,,,,,,,,,,,,,,,,,,,,,,,,,,,,,,,,,,,,,,,,,,,,,,,,,,,,,,,,,,,,,,,,,,,,,,,,,,,,,,,,,,,,,,,,,,,,,,,,,,,,,,,,,,,,,,,,,,,,,,,,,,,,,,,,,,,,,,,,,,,,,,,,,,,,,,,,,,,,,,,,,,,,,,,,,,,,,,,,,,,,,,,,,,,,,,,,,,,,,,,,,,,,,,,,,,,,,,,,,,,,
e83a47485e646330,images/e8/e83a47485e646330deb189cc252c0c41f688a25057a915fbb72510fe01e85951.jpg,gen,genuine_population,hv_page_54612422f7,126711CHNR,gold_surround_variant,established_dealer,https://swisswatchexpo.com/watches/rolex-gmt-master-ii-root-beer-steel-rose-gold-mens-watch-126711-box-card-62670,,e83a47485e646330deb189cc252c0c41f688a25057a915fbb72510fe01e85951,https://cdn.swisswatchexpo.com/productphotos/7/8/rolex-gmt-master-ii-root-beer-steel-rose-gold-mens-watch-126711-box-card-62670_c555e858aa_md.jpg,harvest pose=GOOD decision=QUARANTINE,images/e8/e83a47485e646330deb189cc252c0c41f688a25057a915fbb72510fe01e85951.jpg,missing,,,,,,,,,,,,,,,,,,,,,,,,,,,,,,,,,,,,,,,,,,,,,,,,,,,,,,,,,,,,,,,,,,,,,,,,,,,,,,,,,,,,,,,,,,,,,,,,,,,,,,,,,,,,,,,,,,,,,,,,,,,,,,,,,,,,,,,,,,,,,,,,,,,,,,,,,,,,,,,,,,,,,,,,,,,,,,,,,,,,,,,,,,,,,,,,,,,,,,,,,,,,,,,,,,,,,,,,,,,,,,,,,,,,,,,,,,,,,,,,,,,,,,,,,,,,,,,,,,,,,,,,,,,,,,,,,,,,,,,,,,,,,,,,,
c68ad7934502cfb2,images/c6/c68ad7934502cfb2edd17c2a91290b2b40ea7dd1e517c94122b4be9dac6a4674.jpg,gen,genuine_population,hv_page_57d486cff3,126710BLRO,primary_steel,established_dealer,https://bobswatches.com/mens-rolex-gmt-master-ii-ref-126710-pepsi.html,,c68ad7934502cfb2edd17c2a91290b2b40ea7dd1e517c94122b4be9dac6a4674,https://www.bobswatches.com/images/zUsed-Rolex-GMT-Master-II-126710-Black-Chromalight-Dial-SKU182961.jpg,harvest pose=CORRECTABLE decision=QUARANTINE,images/c6/c68ad7934502cfb2edd17c2a91290b2b40ea7dd1e517c94122b4be9dac6a4674.jpg,missing,,,,,,,,,,,,,,,,,,,,,,,,,,,,,,,,,,,,,,,,,,,,,,,,,,,,,,,,,,,,,,,,,,,,,,,,,,,,,,,,,,,,,,,,,,,,,,,,,,,,,,,,,,,,,,,,,,,,,,,,,,,,,,,,,,,,,,,,,,,,,,,,,,,,,,,,,,,,,,,,,,,,,,,,,,,,,,,,,,,,,,,,,,,,,,,,,,,,,,,,,,,,,,,,,,,,,,,,,,,,,,,,,,,,,,,,,,,,,,,,,,,,,,,,,,,,,,,,,,,,,,,,,,,,,,,,,,,,,,,,,,,,,,,,,
708ff4c725496d44,images/70/708ff4c725496d4472e69992735e87eef4763157208025e978586fb0fbad0a08.jpg,gen,genuine_population,hv_page_58aba667cf,126710GRNR,primary_steel,established_dealer,https://bobswatches.com/mens-rolex-gmt-master-ii-ref-126710grnr-jubilee.html,,708ff4c725496d4472e69992735e87eef4763157208025e978586fb0fbad0a08,https://www.bobswatches.com/images/zUsed-Rolex-GMT-Master-II-126710-Black-Dial-SKU182968.jpg,harvest pose=CORRECTABLE decision=QUARANTINE,images/70/708ff4c725496d4472e69992735e87eef4763157208025e978586fb0fbad0a08.jpg,missing,,,,,,,,,,,,,,,,,,,,,,,,,,,,,,,,,,,,,,,,,,,,,,,,,,,,,,,,,,,,,,,,,,,,,,,,,,,,,,,,,,,,,,,,,,,,,,,,,,,,,,,,,,,,,,,,,,,,,,,,,,,,,,,,,,,,,,,,,,,,,,,,,,,,,,,,,,,,,,,,,,,,,,,,,,,,,,,,,,,,,,,,,,,,,,,,,,,,,,,,,,,,,,,,,,,,,,,,,,,,,,,,,,,,,,,,,,,,,,,,,,,,,,,,,,,,,,,,,,,,,,,,,,,,,,,,,,,,,,,,,,,,,,,,,
7bd6fe4932a1eaf0,images/7b/7bd6fe4932a1eaf0eb4067f2822370f94929a1eed97d5a33944e3177d91e63ac.jpg,gen,genuine_population,hv_page_592b43d499,126710GRNR,primary_steel,established_dealer,https://bobswatches.com/rolex-gmt-master-ii-jubilee-band-126710grnr-bruce-wayne.html,,7bd6fe4932a1eaf0eb4067f2822370f94929a1eed97d5a33944e3177d91e63ac,https://www.bobswatches.com/images/zUsed-Rolex-GMT-Master-II-126710-Black-Dial-SKU182989.jpg,harvest pose=CORRECTABLE decision=QUARANTINE,images/7b/7bd6fe4932a1eaf0eb4067f2822370f94929a1eed97d5a33944e3177d91e63ac.jpg,missing,,,,,,,,,,,,,,,,,,,,,,,,,,,,,,,,,,,,,,,,,,,,,,,,,,,,,,,,,,,,,,,,,,,,,,,,,,,,,,,,,,,,,,,,,,,,,,,,,,,,,,,,,,,,,,,,,,,,,,,,,,,,,,,,,,,,,,,,,,,,,,,,,,,,,,,,,,,,,,,,,,,,,,,,,,,,,,,,,,,,,,,,,,,,,,,,,,,,,,,,,,,,,,,,,,,,,,,,,,,,,,,,,,,,,,,,,,,,,,,,,,,,,,,,,,,,,,,,,,,,,,,,,,,,,,,,,,,,,,,,,,,,,,,,,
6d02e5958a9b0e47,images/6d/6d02e5958a9b0e47ab80528159098c6e6fd265d6e78dad64899f7f543fa52424.jpg,gen,genuine_population,hv_page_59f9bfc2f2,126711CHNR,gold_surround_variant,established_dealer,https://bobswatches.com/pre-owned-rolex-gmt-master-ii-ref-126711-two-tone-everose.html,,6d02e5958a9b0e47ab80528159098c6e6fd265d6e78dad64899f7f543fa52424,https://www.bobswatches.com/images/zUsed-Rolex-GMT-Master-II-126711-Black-Chromalight-Dial-SKU180140.jpg,harvest pose=CORRECTABLE decision=QUARANTINE,images/6d/6d02e5958a9b0e47ab80528159098c6e6fd265d6e78dad64899f7f543fa52424.jpg,missing,,,,,,,,,,,,,,,,,,,,,,,,,,,,,,,,,,,,,,,,,,,,,,,,,,,,,,,,,,,,,,,,,,,,,,,,,,,,,,,,,,,,,,,,,,,,,,,,,,,,,,,,,,,,,,,,,,,,,,,,,,,,,,,,,,,,,,,,,,,,,,,,,,,,,,,,,,,,,,,,,,,,,,,,,,,,,,,,,,,,,,,,,,,,,,,,,,,,,,,,,,,,,,,,,,,,,,,,,,,,,,,,,,,,,,,,,,,,,,,,,,,,,,,,,,,,,,,,,,,,,,,,,,,,,,,,,,,,,,,,,,,,,,,,,
9b6e4919c0ab2400,images/9b/9b6e4919c0ab240059a3415e2ead95a9e8a648ab16c6ccb7c46c2e6e7270ee1c.jpg,gen,genuine_population,hv_page_5f877e5c96,126710BLNR,primary_steel,established_dealer,https://bobswatches.com/rolex-gmt-master-ii-ref-126710-batman-new-model.html,,9b6e4919c0ab240059a3415e2ead95a9e8a648ab16c6ccb7c46c2e6e7270ee1c,https://www.bobswatches.com/images/zRolex-GMT-Master-II-116710---132036.jpg,harvest pose=GOOD decision=QUARANTINE,images/9b/9b6e4919c0ab240059a3415e2ead95a9e8a648ab16c6ccb7c46c2e6e7270ee1c.jpg,missing,,,,,,,,,,,,,,,,,,,,,,,,,,,,,,,,,,,,,,,,,,,,,,,,,,,,,,,,,,,,,,,,,,,,,,,,,,,,,,,,,,,,,,,,,,,,,,,,,,,,,,,,,,,,,,,,,,,,,,,,,,,,,,,,,,,,,,,,,,,,,,,,,,,,,,,,,,,,,,,,,,,,,,,,,,,,,,,,,,,,,,,,,,,,,,,,,,,,,,,,,,,,,,,,,,,,,,,,,,,,,,,,,,,,,,,,,,,,,,,,,,,,,,,,,,,,,,,,,,,,,,,,,,,,,,,,,,,,,,,,,,,,,,,,,
fcb2c12c29a4aa93,images/fc/fcb2c12c29a4aa93bf31026b37d5ce2b605bf10036210135a3799de16adea14e.jpg,gen,genuine_population,hv_page_5fbae827e0,126713GRNR,gold_surround_variant,established_dealer,https://bobswatches.com/used-two-tone-rolex-gmt-master-ii-zombie-126713grnr.html,,fcb2c12c29a4aa93bf31026b37d5ce2b605bf10036210135a3799de16adea14e,https://www.bobswatches.com/images/zUsed-Rolex-GMT-Master-II-126713-SKU186508.jpg,harvest pose=CORRECTABLE decision=QUARANTINE,images/fc/fcb2c12c29a4aa93bf31026b37d5ce2b605bf10036210135a3799de16adea14e.jpg,missing,,,,,,,,,,,,,,,,,,,,,,,,,,,,,,,,,,,,,,,,,,,,,,,,,,,,,,,,,,,,,,,,,,,,,,,,,,,,,,,,,,,,,,,,,,,,,,,,,,,,,,,,,,,,,,,,,,,,,,,,,,,,,,,,,,,,,,,,,,,,,,,,,,,,,,,,,,,,,,,,,,,,,,,,,,,,,,,,,,,,,,,,,,,,,,,,,,,,,,,,,,,,,,,,,,,,,,,,,,,,,,,,,,,,,,,,,,,,,,,,,,,,,,,,,,,,,,,,,,,,,,,,,,,,,,,,,,,,,,,,,,,,,,,,,
84aa128bff06f3d7,images/84/84aa128bff06f3d7a32fa5ec9a04e900b4f32bba137623621fad030b82246775.jpg,gen,genuine_population,hv_page_62d53b2c8a,126710GRNR,primary_steel,rolex_cpo,https://watches-of-switzerland.co.uk/Rolex/GMT+Master-II-M126710GRNR+0003/p/17305603,,84aa128bff06f3d7a32fa5ec9a04e900b4f32bba137623621fad030b82246775,https://content.thewosgroup.com/productimage/17305603/17305603_2.png?impolicy=hero-rolex,harvest pose=CORRECTABLE decision=ACCEPT,images/84/84aa128bff06f3d7a32fa5ec9a04e900b4f32bba137623621fad030b82246775.jpg,missing,,,,,,,,,,,,,,,,,,,,,,,,,,,,,,,,,,,,,,,,,,,,,,,,,,,,,,,,,,,,,,,,,,,,,,,,,,,,,,,,,,,,,,,,,,,,,,,,,,,,,,,,,,,,,,,,,,,,,,,,,,,,,,,,,,,,,,,,,,,,,,,,,,,,,,,,,,,,,,,,,,,,,,,,,,,,,,,,,,,,,,,,,,,,,,,,,,,,,,,,,,,,,,,,,,,,,,,,,,,,,,,,,,,,,,,,,,,,,,,,,,,,,,,,,,,,,,,,,,,,,,,,,,,,,,,,,,,,,,,,,,,,,,,,,
c5f55ae2950cbedf,images/c5/c5f55ae2950cbedf56b816aaebf672de9d5dc079aa25091879ca423f8fb4d354.jpg,gen,genuine_population,hv_page_9f89f27cf4,126713GRNR,gold_surround_variant,established_dealer,https://bobswatches.com/rolex/gmt_master_ii-black,,c5f55ae2950cbedf56b816aaebf672de9d5dc079aa25091879ca423f8fb4d354,"https://www.bobswatches.com/cdn-cgi/image/fit=contain,sharpen=0.33,height=640,quality=82,format=jpeg/images/Used-Rolex-GMT-Master-II-126710-SKU192809.jpg",harvest pose=CORRECTABLE decision=REJECT,images/c5/c5f55ae2950cbedf56b816aaebf672de9d5dc079aa25091879ca423f8fb4d354.jpg,missing,,,,,,,,,,,,,,,,,,,,,,,,,,,,,,,,,,,,,,,,,,,,,,,,,,,,,,,,,,,,,,,,,,,,,,,,,,,,,,,,,,,,,,,,,,,,,,,,,,,,,,,,,,,,,,,,,,,,,,,,,,,,,,,,,,,,,,,,,,,,,,,,,,,,,,,,,,,,,,,,,,,,,,,,,,,,,,,,,,,,,,,,,,,,,,,,,,,,,,,,,,,,,,,,,,,,,,,,,,,,,,,,,,,,,,,,,,,,,,,,,,,,,,,,,,,,,,,,,,,,,,,,,,,,,,,,,,,,,,,,,,,,,,,,,
16a03b0b59f31090,images/16/16a03b0b59f310904995d9a0faa1790341a7151a01d2a626bb2baa975cd32e92.jpg,gen,genuine_population,hv_page_678e2afb99,126713GRNR,gold_surround_variant,established_dealer,https://bobswatches.com/rolex-gmt-master-ii-ref-126713grnr-zombie.html,,16a03b0b59f310904995d9a0faa1790341a7151a01d2a626bb2baa975cd32e92,https://www.bobswatches.com/images/zUsed-Rolex-GMT-Master-II-126713-Black-Chromalight-Dial-SKU180649.jpg,harvest pose=CORRECTABLE decision=QUARANTINE,images/16/16a03b0b59f310904995d9a0faa1790341a7151a01d2a626bb2baa975cd32e92.jpg,missing,,,,,,,,,,,,,,,,,,,,,,,,,,,,,,,,,,,,,,,,,,,,,,,,,,,,,,,,,,,,,,,,,,,,,,,,,,,,,,,,,,,,,,,,,,,,,,,,,,,,,,,,,,,,,,,,,,,,,,,,,,,,,,,,,,,,,,,,,,,,,,,,,,,,,,,,,,,,,,,,,,,,,,,,,,,,,,,,,,,,,,,,,,,,,,,,,,,,,,,,,,,,,,,,,,,,,,,,,,,,,,,,,,,,,,,,,,,,,,,,,,,,,,,,,,,,,,,,,,,,,,,,,,,,,,,,,,,,,,,,,,,,,,,,,
5ce1990b5d31c023,images/5c/5ce1990b5d31c0235f5d5832e73dd2731c407556a639b58d253eb3892b19ca02.jpg,gen,genuine_population,hv_page_69c6376d85,126713GRNR,gold_surround_variant,established_dealer,https://bobswatches.com/rolex-gmt-master-ii-ref-126713grnr-jubilee.html,,5ce1990b5d31c0235f5d5832e73dd2731c407556a639b58d253eb3892b19ca02,https://www.bobswatches.com/images/zUsed-Rolex-GMT-Master-II-126713-SKU181494.jpg,harvest pose=GOOD decision=QUARANTINE,images/5c/5ce1990b5d31c0235f5d5832e73dd2731c407556a639b58d253eb3892b19ca02.jpg,missing,,,,,,,,,,,,,,,,,,,,,,,,,,,,,,,,,,,,,,,,,,,,,,,,,,,,,,,,,,,,,,,,,,,,,,,,,,,,,,,,,,,,,,,,,,,,,,,,,,,,,,,,,,,,,,,,,,,,,,,,,,,,,,,,,,,,,,,,,,,,,,,,,,,,,,,,,,,,,,,,,,,,,,,,,,,,,,,,,,,,,,,,,,,,,,,,,,,,,,,,,,,,,,,,,,,,,,,,,,,,,,,,,,,,,,,,,,,,,,,,,,,,,,,,,,,,,,,,,,,,,,,,,,,,,,,,,,,,,,,,,,,,,,,,,
56da938a17284e9f,images/56/56da938a17284e9fcdba11d009dbaffff4b6172dc7abd95c74ba679fbad458d5.jpg,gen,genuine_population,hv_page_6ad6cace26,126713GRNR,gold_surround_variant,established_dealer,https://bobswatches.com/188213-used-two-tone-rolex-gmt-master-ii-zombie-ref-126713grnr.html,,56da938a17284e9fcdba11d009dbaffff4b6172dc7abd95c74ba679fbad458d5,https://www.bobswatches.com/images/z188213-Used-Rolex-GMT-Master-II-126713-SKU188213-Black-Dial.jpg,harvest pose=CORRECTABLE decision=QUARANTINE,images/56/56da938a17284e9fcdba11d009dbaffff4b6172dc7abd95c74ba679fbad458d5.jpg,missing,,,,,,,,,,,,,,,,,,,,,,,,,,,,,,,,,,,,,,,,,,,,,,,,,,,,,,,,,,,,,,,,,,,,,,,,,,,,,,,,,,,,,,,,,,,,,,,,,,,,,,,,,,,,,,,,,,,,,,,,,,,,,,,,,,,,,,,,,,,,,,,,,,,,,,,,,,,,,,,,,,,,,,,,,,,,,,,,,,,,,,,,,,,,,,,,,,,,,,,,,,,,,,,,,,,,,,,,,,,,,,,,,,,,,,,,,,,,,,,,,,,,,,,,,,,,,,,,,,,,,,,,,,,,,,,,,,,,,,,,,,,,,,,,,
c399d2c9539f9537,images/c3/c399d2c9539f95371c59edd8a1e24b358e8ed29f01f2752a2c06151c84a5631c.jpg,gen,genuine_population,hv_page_6c7e84c33d,126710BLRO,primary_steel,established_dealer,https://bobswatches.com/pre-owned-rolex-gmt-master-ii-ref-126710blro-red-and-blue-pepsi-jubilee-band.html,,c399d2c9539f95371c59edd8a1e24b358e8ed29f01f2752a2c06151c84a5631c,https://www.bobswatches.com/images/zUsed-Rolex-GMT-Master-II-126710-SKU190579.jpg,harvest pose=CORRECTABLE decision=QUARANTINE,images/c3/c399d2c9539f95371c59edd8a1e24b358e8ed29f01f2752a2c06151c84a5631c.jpg,missing,,,,,,,,,,,,,,,,,,,,,,,,,,,,,,,,,,,,,,,,,,,,,,,,,,,,,,,,,,,,,,,,,,,,,,,,,,,,,,,,,,,,,,,,,,,,,,,,,,,,,,,,,,,,,,,,,,,,,,,,,,,,,,,,,,,,,,,,,,,,,,,,,,,,,,,,,,,,,,,,,,,,,,,,,,,,,,,,,,,,,,,,,,,,,,,,,,,,,,,,,,,,,,,,,,,,,,,,,,,,,,,,,,,,,,,,,,,,,,,,,,,,,,,,,,,,,,,,,,,,,,,,,,,,,,,,,,,,,,,,,,,,,,,,,
f657ad6292dd4d3c,images/f6/f657ad6292dd4d3cbabbcad166911496fec6b7e8a097def9648f9e4e61aea241.jpg,gen,genuine_population,hv_page_6d3d310e79,126711CHNR,gold_surround_variant,auction_house,https://phillips.com/detail/rolex/HK080524/944,,f657ad6292dd4d3cbabbcad166911496fec6b7e8a097def9648f9e4e61aea241,https://dist.phillips.com/auction-assets/HK080524/209762_001.jpg?fit=cover&optimize=medium&width=1302,harvest pose=CORRECTABLE decision=ACCEPT,images/f6/f657ad6292dd4d3cbabbcad166911496fec6b7e8a097def9648f9e4e61aea241.jpg,missing,,,,,,,,,,,,,,,,,,,,,,,,,,,,,,,,,,,,,,,,,,,,,,,,,,,,,,,,,,,,,,,,,,,,,,,,,,,,,,,,,,,,,,,,,,,,,,,,,,,,,,,,,,,,,,,,,,,,,,,,,,,,,,,,,,,,,,,,,,,,,,,,,,,,,,,,,,,,,,,,,,,,,,,,,,,,,,,,,,,,,,,,,,,,,,,,,,,,,,,,,,,,,,,,,,,,,,,,,,,,,,,,,,,,,,,,,,,,,,,,,,,,,,,,,,,,,,,,,,,,,,,,,,,,,,,,,,,,,,,,,,,,,,,,,
56382dd3f82b79fd,images/56/56382dd3f82b79fdbae0e2d498ff1205b6137fbe5506d3c5db7d5005f1f27573.jpg,gen,genuine_population,hv_page_6d3d310e79,126711CHNR,gold_surround_variant,auction_house,https://phillips.com/detail/rolex/HK080524/944,,56382dd3f82b79fdbae0e2d498ff1205b6137fbe5506d3c5db7d5005f1f27573,https://dist.phillips.com/auction-assets/HK080524/209762_001.jpg?fit=cover&offset-x=50&offset-y=100&width=928,harvest pose=CORRECTABLE decision=ACCEPT,images/56/56382dd3f82b79fdbae0e2d498ff1205b6137fbe5506d3c5db7d5005f1f27573.jpg,missing,,,,,,,,,,,,,,,,,,,,,,,,,,,,,,,,,,,,,,,,,,,,,,,,,,,,,,,,,,,,,,,,,,,,,,,,,,,,,,,,,,,,,,,,,,,,,,,,,,,,,,,,,,,,,,,,,,,,,,,,,,,,,,,,,,,,,,,,,,,,,,,,,,,,,,,,,,,,,,,,,,,,,,,,,,,,,,,,,,,,,,,,,,,,,,,,,,,,,,,,,,,,,,,,,,,,,,,,,,,,,,,,,,,,,,,,,,,,,,,,,,,,,,,,,,,,,,,,,,,,,,,,,,,,,,,,,,,,,,,,,,,,,,,,,
7fc62dec9c35f7d5,images/7f/7fc62dec9c35f7d51a5596ec6617bf5a8fb7ab134bf32808f66fafa317d12841.jpg,gen,genuine_population,hv_page_6d3d310e79,126711CHNR,gold_surround_variant,auction_house,https://phillips.com/detail/rolex/HK080524/944,,7fc62dec9c35f7d51a5596ec6617bf5a8fb7ab134bf32808f66fafa317d12841,https://dist.phillips.com/auction-assets/HK080524/209762_001.jpg?bg-color=0&pad=0&fit=bounds&disable-upscale&height=4000&optimize=medium&width=2000,harvest pose=CORRECTABLE decision=ACCEPT,images/7f/7fc62dec9c35f7d51a5596ec6617bf5a8fb7ab134bf32808f66fafa317d12841.jpg,missing,,,,,,,,,,,,,,,,,,,,,,,,,,,,,,,,,,,,,,,,,,,,,,,,,,,,,,,,,,,,,,,,,,,,,,,,,,,,,,,,,,,,,,,,,,,,,,,,,,,,,,,,,,,,,,,,,,,,,,,,,,,,,,,,,,,,,,,,,,,,,,,,,,,,,,,,,,,,,,,,,,,,,,,,,,,,,,,,,,,,,,,,,,,,,,,,,,,,,,,,,,,,,,,,,,,,,,,,,,,,,,,,,,,,,,,,,,,,,,,,,,,,,,,,,,,,,,,,,,,,,,,,,,,,,,,,,,,,,,,,,,,,,,,,,
ae34d848344b9f7e,images/ae/ae34d848344b9f7ecd7694ebe4360d6928670a4f9a704497b121af3d736c2f57.jpg,gen,genuine_population,hv_page_6d3d310e79,126711CHNR,gold_surround_variant,auction_house,https://phillips.com/detail/rolex/HK080524/944,,ae34d848344b9f7ecd7694ebe4360d6928670a4f9a704497b121af3d736c2f57,https://dist.phillips.com/auction-assets/HK080524/209762_001.jpg?fit=cover&offset-x=50&offset-y=100&optimize=medium&width=868,harvest pose=CORRECTABLE decision=ACCEPT,images/ae/ae34d848344b9f7ecd7694ebe4360d6928670a4f9a704497b121af3d736c2f57.jpg,missing,,,,,,,,,,,,,,,,,,,,,,,,,,,,,,,,,,,,,,,,,,,,,,,,,,,,,,,,,,,,,,,,,,,,,,,,,,,,,,,,,,,,,,,,,,,,,,,,,,,,,,,,,,,,,,,,,,,,,,,,,,,,,,,,,,,,,,,,,,,,,,,,,,,,,,,,,,,,,,,,,,,,,,,,,,,,,,,,,,,,,,,,,,,,,,,,,,,,,,,,,,,,,,,,,,,,,,,,,,,,,,,,,,,,,,,,,,,,,,,,,,,,,,,,,,,,,,,,,,,,,,,,,,,,,,,,,,,,,,,,,,,,,,,,,
bce0a850a013817b,images/bc/bce0a850a013817b04dd774c739744a38428fb162c9082288a624f5c8f20584a.jpg,gen,genuine_population,hv_page_6d3d310e79,126711CHNR,gold_surround_variant,auction_house,https://phillips.com/detail/rolex/HK080524/944,,bce0a850a013817b04dd774c739744a38428fb162c9082288a624f5c8f20584a,https://dist.phillips.com/auction-assets/HK080524/209762_001.jpg?fit=cover&offset-x=50&offset-y=100&width=750,harvest pose=CORRECTABLE decision=ACCEPT,images/bc/bce0a850a013817b04dd774c739744a38428fb162c9082288a624f5c8f20584a.jpg,missing,,,,,,,,,,,,,,,,,,,,,,,,,,,,,,,,,,,,,,,,,,,,,,,,,,,,,,,,,,,,,,,,,,,,,,,,,,,,,,,,,,,,,,,,,,,,,,,,,,,,,,,,,,,,,,,,,,,,,,,,,,,,,,,,,,,,,,,,,,,,,,,,,,,,,,,,,,,,,,,,,,,,,,,,,,,,,,,,,,,,,,,,,,,,,,,,,,,,,,,,,,,,,,,,,,,,,,,,,,,,,,,,,,,,,,,,,,,,,,,,,,,,,,,,,,,,,,,,,,,,,,,,,,,,,,,,,,,,,,,,,,,,,,,,,
594c162d7b51ded9,images/59/594c162d7b51ded941852ebca9e4da62968325294b4a0310fd54a00a1437ce86.jpg,gen,genuine_population,hv_page_6d3d310e79,126711CHNR,gold_surround_variant,auction_house,https://phillips.com/detail/rolex/HK080524/944,,594c162d7b51ded941852ebca9e4da62968325294b4a0310fd54a00a1437ce86,https://dist.phillips.com/auction-assets/HK080524/209762_001.jpg?fit=crop&offset-x=50&offset-y=100&height=730,harvest pose=CORRECTABLE decision=ACCEPT,images/59/594c162d7b51ded941852ebca9e4da62968325294b4a0310fd54a00a1437ce86.jpg,missing,,,,,,,,,,,,,,,,,,,,,,,,,,,,,,,,,,,,,,,,,,,,,,,,,,,,,,,,,,,,,,,,,,,,,,,,,,,,,,,,,,,,,,,,,,,,,,,,,,,,,,,,,,,,,,,,,,,,,,,,,,,,,,,,,,,,,,,,,,,,,,,,,,,,,,,,,,,,,,,,,,,,,,,,,,,,,,,,,,,,,,,,,,,,,,,,,,,,,,,,,,,,,,,,,,,,,,,,,,,,,,,,,,,,,,,,,,,,,,,,,,,,,,,,,,,,,,,,,,,,,,,,,,,,,,,,,,,,,,,,,,,,,,,,,
eb1c9ce60c851721,images/eb/eb1c9ce60c851721afce7851ced70786e5c81adeed9ebea8ef240a1c622db43c.jpg,gen,genuine_population,hv_page_6d3d310e79,126711CHNR,gold_surround_variant,auction_house,https://phillips.com/detail/rolex/HK080524/944,,eb1c9ce60c851721afce7851ced70786e5c81adeed9ebea8ef240a1c622db43c,https://dist.phillips.com/auction-assets/HK080524/209762_001.jpg?fit=cover&offset-x=50&offset-y=100&height=700&optimize=medium,harvest pose=CORRECTABLE decision=ACCEPT,images/eb/eb1c9ce60c851721afce7851ced70786e5c81adeed9ebea8ef240a1c622db43c.jpg,missing,,,,,,,,,,,,,,,,,,,,,,,,,,,,,,,,,,,,,,,,,,,,,,,,,,,,,,,,,,,,,,,,,,,,,,,,,,,,,,,,,,,,,,,,,,,,,,,,,,,,,,,,,,,,,,,,,,,,,,,,,,,,,,,,,,,,,,,,,,,,,,,,,,,,,,,,,,,,,,,,,,,,,,,,,,,,,,,,,,,,,,,,,,,,,,,,,,,,,,,,,,,,,,,,,,,,,,,,,,,,,,,,,,,,,,,,,,,,,,,,,,,,,,,,,,,,,,,,,,,,,,,,,,,,,,,,,,,,,,,,,,,,,,,,,
265129ed8fcfe43c,images/26/265129ed8fcfe43c8266a2104e9a613dd4a859dd99ee52f3e54f6143adcb0e37.jpg,gen,genuine_population,hv_page_6d3d310e79,126711CHNR,gold_surround_variant,auction_house,https://phillips.com/detail/rolex/HK080524/944,,265129ed8fcfe43c8266a2104e9a613dd4a859dd99ee52f3e54f6143adcb0e37,https://dist.phillips.com/auction-assets/HK080524/209762_001.jpg?bg-color=ffffff&pad=0&fit=bounds&height=550&optimize=medium&width=605,harvest pose=CORRECTABLE decision=ACCEPT,images/26/265129ed8fcfe43c8266a2104e9a613dd4a859dd99ee52f3e54f6143adcb0e37.jpg,missing,,,,,,,,,,,,,,,,,,,,,,,,,,,,,,,,,,,,,,,,,,,,,,,,,,,,,,,,,,,,,,,,,,,,,,,,,,,,,,,,,,,,,,,,,,,,,,,,,,,,,,,,,,,,,,,,,,,,,,,,,,,,,,,,,,,,,,,,,,,,,,,,,,,,,,,,,,,,,,,,,,,,,,,,,,,,,,,,,,,,,,,,,,,,,,,,,,,,,,,,,,,,,,,,,,,,,,,,,,,,,,,,,,,,,,,,,,,,,,,,,,,,,,,,,,,,,,,,,,,,,,,,,,,,,,,,,,,,,,,,,,,,,,,,,
6784943b0c490835,images/67/6784943b0c490835fe0a3d4050e80d68c5da5f7fa6ebb92e50e4b5b596df555e.jpg,gen,genuine_population,hv_page_6dddbcb3b9,126710BLNR,primary_steel,established_dealer,https://bobswatches.com/pre-owned-rolex-gmt-master-ii-batman-ref-126710blnr.html,,6784943b0c490835fe0a3d4050e80d68c5da5f7fa6ebb92e50e4b5b596df555e,https://www.bobswatches.com/images/zUsed-Rolex-GMT-Master-II-126710-Black-Luminous-Dial-SKU190746-PL.jpg,harvest pose=CORRECTABLE decision=QUARANTINE,images/67/6784943b0c490835fe0a3d4050e80d68c5da5f7fa6ebb92e50e4b5b596df555e.jpg,missing,,,,,,,,,,,,,,,,,,,,,,,,,,,,,,,,,,,,,,,,,,,,,,,,,,,,,,,,,,,,,,,,,,,,,,,,,,,,,,,,,,,,,,,,,,,,,,,,,,,,,,,,,,,,,,,,,,,,,,,,,,,,,,,,,,,,,,,,,,,,,,,,,,,,,,,,,,,,,,,,,,,,,,,,,,,,,,,,,,,,,,,,,,,,,,,,,,,,,,,,,,,,,,,,,,,,,,,,,,,,,,,,,,,,,,,,,,,,,,,,,,,,,,,,,,,,,,,,,,,,,,,,,,,,,,,,,,,,,,,,,,,,,,,,,
bcdb61c83062c3be,images/bc/bcdb61c83062c3be0da8caffc5928b67f407015c1edf907d4eb6871614b73b3f.jpg,gen,genuine_population,hv_page_6f8a29a642,126715CHNR,gold_surround_variant,established_dealer,https://bobswatches.com/pre-owned-rolex-gmt-master-ii-ref-126715chnr-root-beer.html,,bcdb61c83062c3be0da8caffc5928b67f407015c1edf907d4eb6871614b73b3f,https://www.bobswatches.com/images/zUsed-Rolex-GMT-Master-II-126715-SKU190930-PL.jpg,harvest pose=CORRECTABLE decision=QUARANTINE,images/bc/bcdb61c83062c3be0da8caffc5928b67f407015c1edf907d4eb6871614b73b3f.jpg,missing,,,,,,,,,,,,,,,,,,,,,,,,,,,,,,,,,,,,,,,,,,,,,,,,,,,,,,,,,,,,,,,,,,,,,,,,,,,,,,,,,,,,,,,,,,,,,,,,,,,,,,,,,,,,,,,,,,,,,,,,,,,,,,,,,,,,,,,,,,,,,,,,,,,,,,,,,,,,,,,,,,,,,,,,,,,,,,,,,,,,,,,,,,,,,,,,,,,,,,,,,,,,,,,,,,,,,,,,,,,,,,,,,,,,,,,,,,,,,,,,,,,,,,,,,,,,,,,,,,,,,,,,,,,,,,,,,,,,,,,,,,,,,,,,,
215b8f46d1da4a01,images/21/215b8f46d1da4a011f182f482ed68e1a2720f75d5cfb1159670ff24f8d87fa37.jpg,gen,genuine_population,hv_page_6f8a29a642,126715CHNR,gold_surround_variant,established_dealer,https://bobswatches.com/pre-owned-rolex-gmt-master-ii-ref-126715chnr-root-beer.html,,215b8f46d1da4a011f182f482ed68e1a2720f75d5cfb1159670ff24f8d87fa37,"https://www.bobswatches.com/cdn-cgi/image/width=768,quality=85,sharpen=0.5/images/zUsed-Rolex-GMT-Master-II-126715-SKU190930-PL.jpg",harvest pose=CORRECTABLE decision=QUARANTINE,images/21/215b8f46d1da4a011f182f482ed68e1a2720f75d5cfb1159670ff24f8d87fa37.jpg,missing,,,,,,,,,,,,,,,,,,,,,,,,,,,,,,,,,,,,,,,,,,,,,,,,,,,,,,,,,,,,,,,,,,,,,,,,,,,,,,,,,,,,,,,,,,,,,,,,,,,,,,,,,,,,,,,,,,,,,,,,,,,,,,,,,,,,,,,,,,,,,,,,,,,,,,,,,,,,,,,,,,,,,,,,,,,,,,,,,,,,,,,,,,,,,,,,,,,,,,,,,,,,,,,,,,,,,,,,,,,,,,,,,,,,,,,,,,,,,,,,,,,,,,,,,,,,,,,,,,,,,,,,,,,,,,,,,,,,,,,,,,,,,,,,,
2ada80cf4a87f599,images/2a/2ada80cf4a87f5991c62b6fe485cd6c7e188eed903b458f4e6e9cc19545f3306.jpg,gen,genuine_population,hv_page_701654bab7,126711CHNR,gold_surround_variant,established_dealer,https://swisswatchexpo.com/watches/rolex-gmt-master-ii-steel-everose-gold-mens-watch-126711-42050,,2ada80cf4a87f5991c62b6fe485cd6c7e188eed903b458f4e6e9cc19545f3306,https://cdn.swisswatchexpo.com/productphotos/3/23/rolex-gmt-master-ii-steel-everose-gold-mens-watch-126711-42050_7846a.jpg,harvest pose=GOOD decision=QUARANTINE,images/2a/2ada80cf4a87f5991c62b6fe485cd6c7e188eed903b458f4e6e9cc19545f3306.jpg,missing,,,,,,,,,,,,,,,,,,,,,,,,,,,,,,,,,,,,,,,,,,,,,,,,,,,,,,,,,,,,,,,,,,,,,,,,,,,,,,,,,,,,,,,,,,,,,,,,,,,,,,,,,,,,,,,,,,,,,,,,,,,,,,,,,,,,,,,,,,,,,,,,,,,,,,,,,,,,,,,,,,,,,,,,,,,,,,,,,,,,,,,,,,,,,,,,,,,,,,,,,,,,,,,,,,,,,,,,,,,,,,,,,,,,,,,,,,,,,,,,,,,,,,,,,,,,,,,,,,,,,,,,,,,,,,,,,,,,,,,,,,,,,,,,,
f003a5aece0b6b80,images/f0/f003a5aece0b6b8001be46c86b51f8b0aa418d68ba54459f5ce373322ba7ce00.jpg,gen,genuine_population,hv_page_701654bab7,126711CHNR,gold_surround_variant,established_dealer,https://swisswatchexpo.com/watches/rolex-gmt-master-ii-steel-everose-gold-mens-watch-126711-42050,,f003a5aece0b6b8001be46c86b51f8b0aa418d68ba54459f5ce373322ba7ce00,https://cdn.swisswatchexpo.com/productphotos/3/23/rolex-gmt-master-ii-steel-everose-gold-mens-watch-126711-42050_1fa2a_md.jpg,harvest pose=CORRECTABLE decision=QUARANTINE,images/f0/f003a5aece0b6b8001be46c86b51f8b0aa418d68ba54459f5ce373322ba7ce00.jpg,missing,,,,,,,,,,,,,,,,,,,,,,,,,,,,,,,,,,,,,,,,,,,,,,,,,,,,,,,,,,,,,,,,,,,,,,,,,,,,,,,,,,,,,,,,,,,,,,,,,,,,,,,,,,,,,,,,,,,,,,,,,,,,,,,,,,,,,,,,,,,,,,,,,,,,,,,,,,,,,,,,,,,,,,,,,,,,,,,,,,,,,,,,,,,,,,,,,,,,,,,,,,,,,,,,,,,,,,,,,,,,,,,,,,,,,,,,,,,,,,,,,,,,,,,,,,,,,,,,,,,,,,,,,,,,,,,,,,,,,,,,,,,,,,,,,
d545940f96b69a1f,images/d5/d545940f96b69a1f978fabe816939b3215007673c3f66118134c14de563a9c59.jpg,gen,genuine_population,hv_page_701654bab7,126711CHNR,gold_surround_variant,established_dealer,https://swisswatchexpo.com/watches/rolex-gmt-master-ii-steel-everose-gold-mens-watch-126711-42050,,d545940f96b69a1f978fabe816939b3215007673c3f66118134c14de563a9c59,https://cdn.swisswatchexpo.com/productphotos/3/23/rolex-gmt-master-ii-steel-everose-gold-mens-watch-126711-42050_dde6e5c4b6_md.jpg,harvest pose=CORRECTABLE decision=QUARANTINE,images/d5/d545940f96b69a1f978fabe816939b3215007673c3f66118134c14de563a9c59.jpg,missing,,,,,,,,,,,,,,,,,,,,,,,,,,,,,,,,,,,,,,,,,,,,,,,,,,,,,,,,,,,,,,,,,,,,,,,,,,,,,,,,,,,,,,,,,,,,,,,,,,,,,,,,,,,,,,,,,,,,,,,,,,,,,,,,,,,,,,,,,,,,,,,,,,,,,,,,,,,,,,,,,,,,,,,,,,,,,,,,,,,,,,,,,,,,,,,,,,,,,,,,,,,,,,,,,,,,,,,,,,,,,,,,,,,,,,,,,,,,,,,,,,,,,,,,,,,,,,,,,,,,,,,,,,,,,,,,,,,,,,,,,,,,,,,,,
4c4c0f328fdf89be,images/4c/4c4c0f328fdf89bef6b1e0e2fcbfb9b680c36ac7dd8ab700bbf65b3027c4c6f6.jpg,gen,genuine_population,hv_page_7301586955,126718GRNR,gold_surround_variant,established_dealer,https://swisswatchexpo.com/watches/rolex-gmt-master-ii-black-grey-bezel-yellow-gold-mens-watch-126718-70667,,4c4c0f328fdf89bef6b1e0e2fcbfb9b680c36ac7dd8ab700bbf65b3027c4c6f6,https://cdn.swisswatchexpo.com/productphotos/6/2/rolex-gmt-master-ii-black-grey-bezel-yellow-gold-mens-watch-126718-70667_b81e8.jpg,harvest pose=CORRECTABLE decision=QUARANTINE,images/4c/4c4c0f328fdf89bef6b1e0e2fcbfb9b680c36ac7dd8ab700bbf65b3027c4c6f6.jpg,missing,,,,,,,,,,,,,,,,,,,,,,,,,,,,,,,,,,,,,,,,,,,,,,,,,,,,,,,,,,,,,,,,,,,,,,,,,,,,,,,,,,,,,,,,,,,,,,,,,,,,,,,,,,,,,,,,,,,,,,,,,,,,,,,,,,,,,,,,,,,,,,,,,,,,,,,,,,,,,,,,,,,,,,,,,,,,,,,,,,,,,,,,,,,,,,,,,,,,,,,,,,,,,,,,,,,,,,,,,,,,,,,,,,,,,,,,,,,,,,,,,,,,,,,,,,,,,,,,,,,,,,,,,,,,,,,,,,,,,,,,,,,,,,,,,
96f53a4bae137de9,images/96/96f53a4bae137de947e5deb3e935923b1f04b3808ced1d315c66410dc10ef3d0.jpg,gen,genuine_population,hv_page_7301586955,126718GRNR,gold_surround_variant,established_dealer,https://swisswatchexpo.com/watches/rolex-gmt-master-ii-black-grey-bezel-yellow-gold-mens-watch-126718-70667,,96f53a4bae137de947e5deb3e935923b1f04b3808ced1d315c66410dc10ef3d0,https://cdn.swisswatchexpo.com/productphotos/6/2/rolex-gmt-master-ii-black-grey-bezel-yellow-gold-mens-watch-126718-70667_26d9e_md.jpg,harvest pose=CORRECTABLE decision=QUARANTINE,images/96/96f53a4bae137de947e5deb3e935923b1f04b3808ced1d315c66410dc10ef3d0.jpg,missing,,,,,,,,,,,,,,,,,,,,,,,,,,,,,,,,,,,,,,,,,,,,,,,,,,,,,,,,,,,,,,,,,,,,,,,,,,,,,,,,,,,,,,,,,,,,,,,,,,,,,,,,,,,,,,,,,,,,,,,,,,,,,,,,,,,,,,,,,,,,,,,,,,,,,,,,,,,,,,,,,,,,,,,,,,,,,,,,,,,,,,,,,,,,,,,,,,,,,,,,,,,,,,,,,,,,,,,,,,,,,,,,,,,,,,,,,,,,,,,,,,,,,,,,,,,,,,,,,,,,,,,,,,,,,,,,,,,,,,,,,,,,,,,,,
c5ff154e42165f59,images/c5/c5ff154e42165f593976696d0ee72d9fc6ff6f20a3ab73c6e45c184bd61bf771.jpg,gen,genuine_population,hv_page_7301586955,126718GRNR,gold_surround_variant,established_dealer,https://swisswatchexpo.com/watches/rolex-gmt-master-ii-black-grey-bezel-yellow-gold-mens-watch-126718-70667,,c5ff154e42165f593976696d0ee72d9fc6ff6f20a3ab73c6e45c184bd61bf771,https://cdn.swisswatchexpo.com/productphotos/6/2/rolex-gmt-master-ii-black-grey-bezel-yellow-gold-mens-watch-126718-70667_ed111_md.jpg,harvest pose=CORRECTABLE decision=QUARANTINE,images/c5/c5ff154e42165f593976696d0ee72d9fc6ff6f20a3ab73c6e45c184bd61bf771.jpg,missing,,,,,,,,,,,,,,,,,,,,,,,,,,,,,,,,,,,,,,,,,,,,,,,,,,,,,,,,,,,,,,,,,,,,,,,,,,,,,,,,,,,,,,,,,,,,,,,,,,,,,,,,,,,,,,,,,,,,,,,,,,,,,,,,,,,,,,,,,,,,,,,,,,,,,,,,,,,,,,,,,,,,,,,,,,,,,,,,,,,,,,,,,,,,,,,,,,,,,,,,,,,,,,,,,,,,,,,,,,,,,,,,,,,,,,,,,,,,,,,,,,,,,,,,,,,,,,,,,,,,,,,,,,,,,,,,,,,,,,,,,,,,,,,,,
a5e421ece4056202,images/a5/a5e421ece40562022e64b182e0906565f97fd770bf19ffbbef9ade7ee33b96a4.jpg,gen,genuine_population,hv_page_79c4638087,126710GRNR,primary_steel,established_dealer,https://bobswatches.com/rolex-gmt-master-ii-ref-126710grnr-stainless-steel-oyster.html,,a5e421ece40562022e64b182e0906565f97fd770bf19ffbbef9ade7ee33b96a4,https://www.bobswatches.com/images/zUsed-Rolex-GMT-Master-II-126710-Black-Chromalight-Dial-SKU181134.jpg,harvest pose=CORRECTABLE decision=QUARANTINE,images/a5/a5e421ece40562022e64b182e0906565f97fd770bf19ffbbef9ade7ee33b96a4.jpg,missing,,,,,,,,,,,,,,,,,,,,,,,,,,,,,,,,,,,,,,,,,,,,,,,,,,,,,,,,,,,,,,,,,,,,,,,,,,,,,,,,,,,,,,,,,,,,,,,,,,,,,,,,,,,,,,,,,,,,,,,,,,,,,,,,,,,,,,,,,,,,,,,,,,,,,,,,,,,,,,,,,,,,,,,,,,,,,,,,,,,,,,,,,,,,,,,,,,,,,,,,,,,,,,,,,,,,,,,,,,,,,,,,,,,,,,,,,,,,,,,,,,,,,,,,,,,,,,,,,,,,,,,,,,,,,,,,,,,,,,,,,,,,,,,,,
7f94f08a2015c94e,images/7f/7f94f08a2015c94eb4f7a5ffff567f8a754f177a2e2073dcb480229f5f95041f.jpg,gen,genuine_population,hv_page_7a187edba5,126710BLNR,primary_steel,established_dealer,https://bobswatches.com/pre-owned-batgirl-rolex-gmt-master-ii-ref-126710blnr-jubilee-bracelet.html,,7f94f08a2015c94eb4f7a5ffff567f8a754f177a2e2073dcb480229f5f95041f,https://www.bobswatches.com/images/zUsed-Rolex-GMT-Master-II-126710-SKU186836.jpg,harvest pose=CORRECTABLE decision=QUARANTINE,images/7f/7f94f08a2015c94eb4f7a5ffff567f8a754f177a2e2073dcb480229f5f95041f.jpg,missing,,,,,,,,,,,,,,,,,,,,,,,,,,,,,,,,,,,,,,,,,,,,,,,,,,,,,,,,,,,,,,,,,,,,,,,,,,,,,,,,,,,,,,,,,,,,,,,,,,,,,,,,,,,,,,,,,,,,,,,,,,,,,,,,,,,,,,,,,,,,,,,,,,,,,,,,,,,,,,,,,,,,,,,,,,,,,,,,,,,,,,,,,,,,,,,,,,,,,,,,,,,,,,,,,,,,,,,,,,,,,,,,,,,,,,,,,,,,,,,,,,,,,,,,,,,,,,,,,,,,,,,,,,,,,,,,,,,,,,,,,,,,,,,,,
7d2e45775a7f0140,images/7d/7d2e45775a7f0140e3aa143e899b9ac5f02f0f89b3fe11c8d00b047233716b67.jpg,gen,genuine_population,hv_page_7c3b9f9d87,126710BLRO,primary_steel,established_dealer,https://bobswatches.com/rolex-gmt-master-ii-126710blro-pepsi.html,,7d2e45775a7f0140e3aa143e899b9ac5f02f0f89b3fe11c8d00b047233716b67,https://www.bobswatches.com/images/zUsed-Rolex-GMT-Master-II-126710-Black-Dial-SKU180306.jpg,harvest pose=CORRECTABLE decision=QUARANTINE,images/7d/7d2e45775a7f0140e3aa143e899b9ac5f02f0f89b3fe11c8d00b047233716b67.jpg,missing,,,,,,,,,,,,,,,,,,,,,,,,,,,,,,,,,,,,,,,,,,,,,,,,,,,,,,,,,,,,,,,,,,,,,,,,,,,,,,,,,,,,,,,,,,,,,,,,,,,,,,,,,,,,,,,,,,,,,,,,,,,,,,,,,,,,,,,,,,,,,,,,,,,,,,,,,,,,,,,,,,,,,,,,,,,,,,,,,,,,,,,,,,,,,,,,,,,,,,,,,,,,,,,,,,,,,,,,,,,,,,,,,,,,,,,,,,,,,,,,,,,,,,,,,,,,,,,,,,,,,,,,,,,,,,,,,,,,,,,,,,,,,,,,,
5a25cdb409b7c6cd,images/5a/5a25cdb409b7c6cd2f3cb511b43330638e089f63bac2419bd95b0b350df068d4.jpg,gen,genuine_population,hv_page_7fdfdab90c,126710BLRO,primary_steel,established_dealer,https://bobswatches.com/pre-owned-rolex-gmt-master-ii-pepsi-ref-126710blro.html,,5a25cdb409b7c6cd2f3cb511b43330638e089f63bac2419bd95b0b350df068d4,https://www.bobswatches.com/images/zUsed-Master-Rolex-GMT-Master-II-126710-SKU186008.jpg,harvest pose=CORRECTABLE decision=QUARANTINE,images/5a/5a25cdb409b7c6cd2f3cb511b43330638e089f63bac2419bd95b0b350df068d4.jpg,missing,,,,,,,,,,,,,,,,,,,,,,,,,,,,,,,,,,,,,,,,,,,,,,,,,,,,,,,,,,,,,,,,,,,,,,,,,,,,,,,,,,,,,,,,,,,,,,,,,,,,,,,,,,,,,,,,,,,,,,,,,,,,,,,,,,,,,,,,,,,,,,,,,,,,,,,,,,,,,,,,,,,,,,,,,,,,,,,,,,,,,,,,,,,,,,,,,,,,,,,,,,,,,,,,,,,,,,,,,,,,,,,,,,,,,,,,,,,,,,,,,,,,,,,,,,,,,,,,,,,,,,,,,,,,,,,,,,,,,,,,,,,,,,,,,
c1037a6b728c9875,images/c1/c1037a6b728c98755f46b5ff9e9387664b63cd712ed268728aeb16cf3df6e38d.jpg,gen,genuine_population,hv_page_80828ca0ee,126718GRNR,gold_surround_variant,established_dealer,https://bobswatches.com/pre-owned-18k-yellow-gold-rolex-gmt-master-ii-ref-126718grnr-black-dial.html,,c1037a6b728c98755f46b5ff9e9387664b63cd712ed268728aeb16cf3df6e38d,https://www.bobswatches.com/images/zUsed-Rolex-GMT-Master-II-126718-SKU190931.jpg,harvest pose=GOOD decision=QUARANTINE,images/c1/c1037a6b728c98755f46b5ff9e9387664b63cd712ed268728aeb16cf3df6e38d.jpg,missing,,,,,,,,,,,,,,,,,,,,,,,,,,,,,,,,,,,,,,,,,,,,,,,,,,,,,,,,,,,,,,,,,,,,,,,,,,,,,,,,,,,,,,,,,,,,,,,,,,,,,,,,,,,,,,,,,,,,,,,,,,,,,,,,,,,,,,,,,,,,,,,,,,,,,,,,,,,,,,,,,,,,,,,,,,,,,,,,,,,,,,,,,,,,,,,,,,,,,,,,,,,,,,,,,,,,,,,,,,,,,,,,,,,,,,,,,,,,,,,,,,,,,,,,,,,,,,,,,,,,,,,,,,,,,,,,,,,,,,,,,,,,,,,,,
6e82716dcc4cebf7,images/6e/6e82716dcc4cebf7b8a508dc13daf724bd7db4554e0aea39527944c6324ea14e.jpg,gen,genuine_population,hv_page_814c8db017,126710GRNR,primary_steel,established_dealer,https://bobswatches.com/used-rolex-gmt-master-ii-ref-126710grnr-black-dial-bruce-wayne.html,,6e82716dcc4cebf7b8a508dc13daf724bd7db4554e0aea39527944c6324ea14e,https://www.bobswatches.com/images/zUsed-Rolex-GMT-Master-II-126710-SKU190352.jpg,harvest pose=CORRECTABLE decision=QUARANTINE,images/6e/6e82716dcc4cebf7b8a508dc13daf724bd7db4554e0aea39527944c6324ea14e.jpg,missing,,,,,,,,,,,,,,,,,,,,,,,,,,,,,,,,,,,,,,,,,,,,,,,,,,,,,,,,,,,,,,,,,,,,,,,,,,,,,,,,,,,,,,,,,,,,,,,,,,,,,,,,,,,,,,,,,,,,,,,,,,,,,,,,,,,,,,,,,,,,,,,,,,,,,,,,,,,,,,,,,,,,,,,,,,,,,,,,,,,,,,,,,,,,,,,,,,,,,,,,,,,,,,,,,,,,,,,,,,,,,,,,,,,,,,,,,,,,,,,,,,,,,,,,,,,,,,,,,,,,,,,,,,,,,,,,,,,,,,,,,,,,,,,,,
dbb2cbeadab719f9,images/db/dbb2cbeadab719f90c325a20bcf8dc6f4992393174ae965f6b604289c086aa48.jpg,gen,genuine_population,hv_page_85b8a94b47,126713GRNR,gold_surround_variant,established_dealer,https://bobswatches.com/pre-owned-two-tone-rolex-gmt-master-ii-ref-126713grnr-zombie-bezel.html,,dbb2cbeadab719f90c325a20bcf8dc6f4992393174ae965f6b604289c086aa48,https://www.bobswatches.com/images/zUsed-Rolex-GMT-Master-II-126713-SKU192996.jpg,harvest pose=CORRECTABLE decision=QUARANTINE,images/db/dbb2cbeadab719f90c325a20bcf8dc6f4992393174ae965f6b604289c086aa48.jpg,missing,,,,,,,,,,,,,,,,,,,,,,,,,,,,,,,,,,,,,,,,,,,,,,,,,,,,,,,,,,,,,,,,,,,,,,,,,,,,,,,,,,,,,,,,,,,,,,,,,,,,,,,,,,,,,,,,,,,,,,,,,,,,,,,,,,,,,,,,,,,,,,,,,,,,,,,,,,,,,,,,,,,,,,,,,,,,,,,,,,,,,,,,,,,,,,,,,,,,,,,,,,,,,,,,,,,,,,,,,,,,,,,,,,,,,,,,,,,,,,,,,,,,,,,,,,,,,,,,,,,,,,,,,,,,,,,,,,,,,,,,,,,,,,,,,
63986cb1d64a9b73,images/63/63986cb1d64a9b7388f97a95db8c0a2bd593c7a17a34ef81db61c9249cfa7236.jpg,gen,genuine_population,hv_page_895c85a35d,126711CHNR,gold_surround_variant,rolex_cpo,https://watches-of-switzerland.co.uk/Rolex/GMT+Master-II-M126711CHNR+0002/p/17303781,,63986cb1d64a9b7388f97a95db8c0a2bd593c7a17a34ef81db61c9249cfa7236,https://content.thewosgroup.com/productimage/17303781/17303781_2.png?impolicy=hero-rolex,harvest pose=CORRECTABLE decision=QUARANTINE,images/63/63986cb1d64a9b7388f97a95db8c0a2bd593c7a17a34ef81db61c9249cfa7236.jpg,missing,,,,,,,,,,,,,,,,,,,,,,,,,,,,,,,,,,,,,,,,,,,,,,,,,,,,,,,,,,,,,,,,,,,,,,,,,,,,,,,,,,,,,,,,,,,,,,,,,,,,,,,,,,,,,,,,,,,,,,,,,,,,,,,,,,,,,,,,,,,,,,,,,,,,,,,,,,,,,,,,,,,,,,,,,,,,,,,,,,,,,,,,,,,,,,,,,,,,,,,,,,,,,,,,,,,,,,,,,,,,,,,,,,,,,,,,,,,,,,,,,,,,,,,,,,,,,,,,,,,,,,,,,,,,,,,,,,,,,,,,,,,,,,,,,
9c413fa7e1acc217,images/9c/9c413fa7e1acc217f6c6fcc57fc2bde1fcc67ce8a4b9aa1c6f3afa45b6564c53.jpg,gen,genuine_population,hv_page_8b423845eb,126713GRNR,gold_surround_variant,established_dealer,https://swisswatchexpo.com/watches/rolex-gmt-master-ii-yellow-gold-steel-grey-bezel-mens-watch-126713-69739,,9c413fa7e1acc217f6c6fcc57fc2bde1fcc67ce8a4b9aa1c6f3afa45b6564c53,https://cdn.swisswatchexpo.com/productphotos/4/15/rolex-gmt-master-ii-yellow-gold-steel-grey-bezel-mens-watch-126713-69739_42f8e.jpg,harvest pose=GOOD decision=QUARANTINE,images/9c/9c413fa7e1acc217f6c6fcc57fc2bde1fcc67ce8a4b9aa1c6f3afa45b6564c53.jpg,missing,,,,,,,,,,,,,,,,,,,,,,,,,,,,,,,,,,,,,,,,,,,,,,,,,,,,,,,,,,,,,,,,,,,,,,,,,,,,,,,,,,,,,,,,,,,,,,,,,,,,,,,,,,,,,,,,,,,,,,,,,,,,,,,,,,,,,,,,,,,,,,,,,,,,,,,,,,,,,,,,,,,,,,,,,,,,,,,,,,,,,,,,,,,,,,,,,,,,,,,,,,,,,,,,,,,,,,,,,,,,,,,,,,,,,,,,,,,,,,,,,,,,,,,,,,,,,,,,,,,,,,,,,,,,,,,,,,,,,,,,,,,,,,,,,
f85a71afc43a58de,images/f8/f85a71afc43a58de369164617c14ca6caa36149eece7eb04187457be8f9861b5.jpg,gen,genuine_population,hv_page_8b423845eb,126713GRNR,gold_surround_variant,established_dealer,https://swisswatchexpo.com/watches/rolex-gmt-master-ii-yellow-gold-steel-grey-bezel-mens-watch-126713-69739,,f85a71afc43a58de369164617c14ca6caa36149eece7eb04187457be8f9861b5,https://cdn.swisswatchexpo.com/productphotos/4/15/rolex-gmt-master-ii-yellow-gold-steel-grey-bezel-mens-watch-126713-69739_f4e44_md.jpg,harvest pose=GOOD decision=QUARANTINE,images/f8/f85a71afc43a58de369164617c14ca6caa36149eece7eb04187457be8f9861b5.jpg,missing,,,,,,,,,,,,,,,,,,,,,,,,,,,,,,,,,,,,,,,,,,,,,,,,,,,,,,,,,,,,,,,,,,,,,,,,,,,,,,,,,,,,,,,,,,,,,,,,,,,,,,,,,,,,,,,,,,,,,,,,,,,,,,,,,,,,,,,,,,,,,,,,,,,,,,,,,,,,,,,,,,,,,,,,,,,,,,,,,,,,,,,,,,,,,,,,,,,,,,,,,,,,,,,,,,,,,,,,,,,,,,,,,,,,,,,,,,,,,,,,,,,,,,,,,,,,,,,,,,,,,,,,,,,,,,,,,,,,,,,,,,,,,,,,,
53087b7c5cd561fc,images/53/53087b7c5cd561fcf6f3510ab45c4921d8acaff1e577cbf7e93734e6d5205d76.jpg,gen,genuine_population,hv_page_8b423845eb,126713GRNR,gold_surround_variant,established_dealer,https://swisswatchexpo.com/watches/rolex-gmt-master-ii-yellow-gold-steel-grey-bezel-mens-watch-126713-69739,,53087b7c5cd561fcf6f3510ab45c4921d8acaff1e577cbf7e93734e6d5205d76,https://cdn.swisswatchexpo.com/productphotos/4/15/rolex-gmt-master-ii-yellow-gold-steel-grey-bezel-mens-watch-126713-69739_c01dc_md.jpg,harvest pose=CORRECTABLE decision=QUARANTINE,images/53/53087b7c5cd561fcf6f3510ab45c4921d8acaff1e577cbf7e93734e6d5205d76.jpg,missing,,,,,,,,,,,,,,,,,,,,,,,,,,,,,,,,,,,,,,,,,,,,,,,,,,,,,,,,,,,,,,,,,,,,,,,,,,,,,,,,,,,,,,,,,,,,,,,,,,,,,,,,,,,,,,,,,,,,,,,,,,,,,,,,,,,,,,,,,,,,,,,,,,,,,,,,,,,,,,,,,,,,,,,,,,,,,,,,,,,,,,,,,,,,,,,,,,,,,,,,,,,,,,,,,,,,,,,,,,,,,,,,,,,,,,,,,,,,,,,,,,,,,,,,,,,,,,,,,,,,,,,,,,,,,,,,,,,,,,,,,,,,,,,,,
afa2302de4e07e7f,images/af/afa2302de4e07e7fa9778e19a4dea6903af6325e30b82f3e1650533f287f2209.jpg,gen,genuine_population,hv_page_8d6873b55a,126711CHNR,gold_surround_variant,established_dealer,https://bobswatches.com/pre-owned-rolex-gmt-master-ii-ref-126711chnr-two-tone-everose.html,,afa2302de4e07e7fa9778e19a4dea6903af6325e30b82f3e1650533f287f2209,https://www.bobswatches.com/images/zRolex-GMT-Master-II-126711-148331.jpg,harvest pose=CORRECTABLE decision=QUARANTINE,images/af/afa2302de4e07e7fa9778e19a4dea6903af6325e30b82f3e1650533f287f2209.jpg,missing,,,,,,,,,,,,,,,,,,,,,,,,,,,,,,,,,,,,,,,,,,,,,,,,,,,,,,,,,,,,,,,,,,,,,,,,,,,,,,,,,,,,,,,,,,,,,,,,,,,,,,,,,,,,,,,,,,,,,,,,,,,,,,,,,,,,,,,,,,,,,,,,,,,,,,,,,,,,,,,,,,,,,,,,,,,,,,,,,,,,,,,,,,,,,,,,,,,,,,,,,,,,,,,,,,,,,,,,,,,,,,,,,,,,,,,,,,,,,,,,,,,,,,,,,,,,,,,,,,,,,,,,,,,,,,,,,,,,,,,,,,,,,,,,,
83e5cea4c73fcaee,images/83/83e5cea4c73fcaee87e0e9aea22a3fa94c05be9a0f73955bd62b0736931faf83.jpg,gen,genuine_population,hv_page_8ef1c41f5a,126710BLRO,primary_steel,established_dealer,https://bobswatches.com/rolex-gmt-master-ii-ref-126710blro-jubilee-bracelet.html,,83e5cea4c73fcaee87e0e9aea22a3fa94c05be9a0f73955bd62b0736931faf83,https://www.bobswatches.com/images/zUsed-Rolex-GMT-Master-II-126710-Black-Chromalight-Dial-SKU181073.jpg,harvest pose=CORRECTABLE decision=QUARANTINE,images/83/83e5cea4c73fcaee87e0e9aea22a3fa94c05be9a0f73955bd62b0736931faf83.jpg,missing,,,,,,,,,,,,,,,,,,,,,,,,,,,,,,,,,,,,,,,,,,,,,,,,,,,,,,,,,,,,,,,,,,,,,,,,,,,,,,,,,,,,,,,,,,,,,,,,,,,,,,,,,,,,,,,,,,,,,,,,,,,,,,,,,,,,,,,,,,,,,,,,,,,,,,,,,,,,,,,,,,,,,,,,,,,,,,,,,,,,,,,,,,,,,,,,,,,,,,,,,,,,,,,,,,,,,,,,,,,,,,,,,,,,,,,,,,,,,,,,,,,,,,,,,,,,,,,,,,,,,,,,,,,,,,,,,,,,,,,,,,,,,,,,,
9566194a0752a8c3,images/95/9566194a0752a8c3b41637aff7ce2f4b6b8f9e97b3af413436aa59031109ba16.jpg,gen,genuine_population,hv_page_942a7f5f12,126710BLRO,primary_steel,established_dealer,https://bobswatches.com/used-rolex-gmt-master-ii-pepsi-126710blro-jubilee-bracelet.html,,9566194a0752a8c3b41637aff7ce2f4b6b8f9e97b3af413436aa59031109ba16,https://www.bobswatches.com/images/zUsed-Rolex-GMT-Master-II-126710-Black-Dial-SKU183849.jpg,harvest pose=CORRECTABLE decision=QUARANTINE,images/95/9566194a0752a8c3b41637aff7ce2f4b6b8f9e97b3af413436aa59031109ba16.jpg,missing,,,,,,,,,,,,,,,,,,,,,,,,,,,,,,,,,,,,,,,,,,,,,,,,,,,,,,,,,,,,,,,,,,,,,,,,,,,,,,,,,,,,,,,,,,,,,,,,,,,,,,,,,,,,,,,,,,,,,,,,,,,,,,,,,,,,,,,,,,,,,,,,,,,,,,,,,,,,,,,,,,,,,,,,,,,,,,,,,,,,,,,,,,,,,,,,,,,,,,,,,,,,,,,,,,,,,,,,,,,,,,,,,,,,,,,,,,,,,,,,,,,,,,,,,,,,,,,,,,,,,,,,,,,,,,,,,,,,,,,,,,,,,,,,,
c5f55ae2950cbedf,images/c5/c5f55ae2950cbedf56b816aaebf672de9d5dc079aa25091879ca423f8fb4d354.jpg,gen,genuine_population,hv_page_9f89f27cf4,126713GRNR,gold_surround_variant,established_dealer,https://bobswatches.com/rolex/gmt_master_ii-black,,c5f55ae2950cbedf56b816aaebf672de9d5dc079aa25091879ca423f8fb4d354,"https://www.bobswatches.com/cdn-cgi/image/fit=contain,sharpen=0.33,height=640,quality=82,format=jpeg/images/Used-Rolex-GMT-Master-II-126710-SKU192809.jpg",harvest pose=CORRECTABLE decision=REJECT,images/c5/c5f55ae2950cbedf56b816aaebf672de9d5dc079aa25091879ca423f8fb4d354.jpg,missing,,,,,,,,,,,,,,,,,,,,,,,,,,,,,,,,,,,,,,,,,,,,,,,,,,,,,,,,,,,,,,,,,,,,,,,,,,,,,,,,,,,,,,,,,,,,,,,,,,,,,,,,,,,,,,,,,,,,,,,,,,,,,,,,,,,,,,,,,,,,,,,,,,,,,,,,,,,,,,,,,,,,,,,,,,,,,,,,,,,,,,,,,,,,,,,,,,,,,,,,,,,,,,,,,,,,,,,,,,,,,,,,,,,,,,,,,,,,,,,,,,,,,,,,,,,,,,,,,,,,,,,,,,,,,,,,,,,,,,,,,,,,,,,,,
2347fbd181eb8847,images/23/2347fbd181eb8847f2d4e4c152985826cf24e47918969cfa0b1a9e022e96f90f.jpg,gen,genuine_population,hv_page_a13e399a8f,126710GRNR,primary_steel,established_dealer,https://bobswatches.com/pre-owned-black-and-grey-bruce-wayne-rolex-gmt-master-ii-ref-126710grnr.html,,2347fbd181eb8847f2d4e4c152985826cf24e47918969cfa0b1a9e022e96f90f,https://www.bobswatches.com/images/zUsed-Rolex-GMT-Master-II-126710-SKU194364-PL.jpg,harvest pose=GOOD decision=QUARANTINE,images/23/2347fbd181eb8847f2d4e4c152985826cf24e47918969cfa0b1a9e022e96f90f.jpg,missing,,,,,,,,,,,,,,,,,,,,,,,,,,,,,,,,,,,,,,,,,,,,,,,,,,,,,,,,,,,,,,,,,,,,,,,,,,,,,,,,,,,,,,,,,,,,,,,,,,,,,,,,,,,,,,,,,,,,,,,,,,,,,,,,,,,,,,,,,,,,,,,,,,,,,,,,,,,,,,,,,,,,,,,,,,,,,,,,,,,,,,,,,,,,,,,,,,,,,,,,,,,,,,,,,,,,,,,,,,,,,,,,,,,,,,,,,,,,,,,,,,,,,,,,,,,,,,,,,,,,,,,,,,,,,,,,,,,,,,,,,,,,,,,,,
17402db61e730278,images/17/17402db61e73027876c2562632a0e471361307e992849311c72df459562f94d4.jpg,gen,genuine_population,hv_page_a13e399a8f,126710GRNR,primary_steel,established_dealer,https://bobswatches.com/pre-owned-black-and-grey-bruce-wayne-rolex-gmt-master-ii-ref-126710grnr.html,,17402db61e73027876c2562632a0e471361307e992849311c72df459562f94d4,"https://www.bobswatches.com/cdn-cgi/image/width=768,quality=85,sharpen=0.5/images/zUsed-Rolex-GMT-Master-II-126710-SKU194364-PL.jpg",harvest pose=GOOD decision=QUARANTINE,images/17/17402db61e73027876c2562632a0e471361307e992849311c72df459562f94d4.jpg,missing,,,,,,,,,,,,,,,,,,,,,,,,,,,,,,,,,,,,,,,,,,,,,,,,,,,,,,,,,,,,,,,,,,,,,,,,,,,,,,,,,,,,,,,,,,,,,,,,,,,,,,,,,,,,,,,,,,,,,,,,,,,,,,,,,,,,,,,,,,,,,,,,,,,,,,,,,,,,,,,,,,,,,,,,,,,,,,,,,,,,,,,,,,,,,,,,,,,,,,,,,,,,,,,,,,,,,,,,,,,,,,,,,,,,,,,,,,,,,,,,,,,,,,,,,,,,,,,,,,,,,,,,,,,,,,,,,,,,,,,,,,,,,,,,,
926772fdb706c1e7,images/92/926772fdb706c1e748be608b3a753999893cc25ca591893affc39c33c4cf694a.jpg,gen,genuine_population,hv_page_a261fbdf78,126710BLRO,primary_steel,established_dealer,https://bobswatches.com/pre-owned-rolex-gmt-master-ii-pepsi-126710blro-jubilee-band.html,,926772fdb706c1e748be608b3a753999893cc25ca591893affc39c33c4cf694a,https://www.bobswatches.com/images/zUsed-Rolex-GMT-Master-II-126710-SKU185958.jpg,harvest pose=GOOD decision=QUARANTINE,images/92/926772fdb706c1e748be608b3a753999893cc25ca591893affc39c33c4cf694a.jpg,missing,,,,,,,,,,,,,,,,,,,,,,,,,,,,,,,,,,,,,,,,,,,,,,,,,,,,,,,,,,,,,,,,,,,,,,,,,,,,,,,,,,,,,,,,,,,,,,,,,,,,,,,,,,,,,,,,,,,,,,,,,,,,,,,,,,,,,,,,,,,,,,,,,,,,,,,,,,,,,,,,,,,,,,,,,,,,,,,,,,,,,,,,,,,,,,,,,,,,,,,,,,,,,,,,,,,,,,,,,,,,,,,,,,,,,,,,,,,,,,,,,,,,,,,,,,,,,,,,,,,,,,,,,,,,,,,,,,,,,,,,,,,,,,,,,
efaeab699876765e,images/ef/efaeab699876765ee91857e5c59a604a03fb400e78e36465db2ddf432f139b42.jpg,gen,genuine_population,hv_page_a94c777d6c,126710GRNR,primary_steel,established_dealer,https://bobswatches.com/rolex-gmt-master-ii-ref-126710grnr-bruce-wayne.html,,efaeab699876765ee91857e5c59a604a03fb400e78e36465db2ddf432f139b42,https://www.bobswatches.com/images/zUsed-Rolex-GMT-Master-II-126710-Black-Dial-SKU181440.jpg,harvest pose=GOOD decision=QUARANTINE,images/ef/efaeab699876765ee91857e5c59a604a03fb400e78e36465db2ddf432f139b42.jpg,missing,,,,,,,,,,,,,,,,,,,,,,,,,,,,,,,,,,,,,,,,,,,,,,,,,,,,,,,,,,,,,,,,,,,,,,,,,,,,,,,,,,,,,,,,,,,,,,,,,,,,,,,,,,,,,,,,,,,,,,,,,,,,,,,,,,,,,,,,,,,,,,,,,,,,,,,,,,,,,,,,,,,,,,,,,,,,,,,,,,,,,,,,,,,,,,,,,,,,,,,,,,,,,,,,,,,,,,,,,,,,,,,,,,,,,,,,,,,,,,,,,,,,,,,,,,,,,,,,,,,,,,,,,,,,,,,,,,,,,,,,,,,,,,,,,
4a94d34c327f63b7,images/4a/4a94d34c327f63b738975db9649338017844afd1585ca539cf4c508fbbd90a4c.jpg,gen,genuine_population,hv_page_acf3ed7596,126711CHNR,gold_surround_variant,established_dealer,https://bobswatches.com/used-rolex-gmt-master-ii-ref-126711chnr-root-beer.html,,4a94d34c327f63b738975db9649338017844afd1585ca539cf4c508fbbd90a4c,https://www.bobswatches.com/images/zUsed-Rolex-GMT-Master-II-126711-SKU189511-PL.jpg,harvest pose=CORRECTABLE decision=QUARANTINE,images/4a/4a94d34c327f63b738975db9649338017844afd1585ca539cf4c508fbbd90a4c.jpg,missing,,,,,,,,,,,,,,,,,,,,,,,,,,,,,,,,,,,,,,,,,,,,,,,,,,,,,,,,,,,,,,,,,,,,,,,,,,,,,,,,,,,,,,,,,,,,,,,,,,,,,,,,,,,,,,,,,,,,,,,,,,,,,,,,,,,,,,,,,,,,,,,,,,,,,,,,,,,,,,,,,,,,,,,,,,,,,,,,,,,,,,,,,,,,,,,,,,,,,,,,,,,,,,,,,,,,,,,,,,,,,,,,,,,,,,,,,,,,,,,,,,,,,,,,,,,,,,,,,,,,,,,,,,,,,,,,,,,,,,,,,,,,,,,,,
a5bfa50b177fadd3,images/a5/a5bfa50b177fadd3cdc00d1d2019978c5469fe2b842b9001d8ae4dc3cdb7105e.jpg,gen,genuine_population,hv_page_b0bc85b625,126710GRNR,primary_steel,established_dealer,https://bobswatches.com/used-rolex-gmt-master-ii-ref-126710grnr-grey-and-black-bruce-wayne.html,,a5bfa50b177fadd3cdc00d1d2019978c5469fe2b842b9001d8ae4dc3cdb7105e,https://www.bobswatches.com/images/zPre-Owned-Rolex-GMT-Master-II-126710-SKU187386-Black-Dial.jpg,harvest pose=CORRECTABLE decision=QUARANTINE,images/a5/a5bfa50b177fadd3cdc00d1d2019978c5469fe2b842b9001d8ae4dc3cdb7105e.jpg,missing,,,,,,,,,,,,,,,,,,,,,,,,,,,,,,,,,,,,,,,,,,,,,,,,,,,,,,,,,,,,,,,,,,,,,,,,,,,,,,,,,,,,,,,,,,,,,,,,,,,,,,,,,,,,,,,,,,,,,,,,,,,,,,,,,,,,,,,,,,,,,,,,,,,,,,,,,,,,,,,,,,,,,,,,,,,,,,,,,,,,,,,,,,,,,,,,,,,,,,,,,,,,,,,,,,,,,,,,,,,,,,,,,,,,,,,,,,,,,,,,,,,,,,,,,,,,,,,,,,,,,,,,,,,,,,,,,,,,,,,,,,,,,,,,,
0556ad9173b440ec,images/05/0556ad9173b440ec9c8e36268bd77e23215de4f940ac383113f89535dc49ab97.jpg,gen,genuine_population,hv_page_b25aaeffa2,126710GRNR,primary_steel,established_dealer,https://bobswatches.com/pre-owned-rolex-gmt-master-ii-ref-126710grnr-steel-bruce-wayne.html,,0556ad9173b440ec9c8e36268bd77e23215de4f940ac383113f89535dc49ab97,https://www.bobswatches.com/images/zUsed-Rolex-GMT-Master-II-126710-SKU188819.jpg,harvest pose=CORRECTABLE decision=QUARANTINE,images/05/0556ad9173b440ec9c8e36268bd77e23215de4f940ac383113f89535dc49ab97.jpg,missing,,,,,,,,,,,,,,,,,,,,,,,,,,,,,,,,,,,,,,,,,,,,,,,,,,,,,,,,,,,,,,,,,,,,,,,,,,,,,,,,,,,,,,,,,,,,,,,,,,,,,,,,,,,,,,,,,,,,,,,,,,,,,,,,,,,,,,,,,,,,,,,,,,,,,,,,,,,,,,,,,,,,,,,,,,,,,,,,,,,,,,,,,,,,,,,,,,,,,,,,,,,,,,,,,,,,,,,,,,,,,,,,,,,,,,,,,,,,,,,,,,,,,,,,,,,,,,,,,,,,,,,,,,,,,,,,,,,,,,,,,,,,,,,,,
734ed2e51fcdbe6d,images/73/734ed2e51fcdbe6d4ba2b92115d2a46684921df655689088c062234c3f5b0ed6.jpg,gen,genuine_population,hv_page_b2ff5f4520,126710GRNR,primary_steel,established_dealer,https://bobswatches.com/pre-owned-rolex-gmt-master-ii-ref-126710grnr-stainless-steel.html,,734ed2e51fcdbe6d4ba2b92115d2a46684921df655689088c062234c3f5b0ed6,https://www.bobswatches.com/images/zUsed-Rolex-GMT-Master-II-126710-Bruce-Wayne-SKU180863.jpg,harvest pose=GOOD decision=QUARANTINE,images/73/734ed2e51fcdbe6d4ba2b92115d2a46684921df655689088c062234c3f5b0ed6.jpg,missing,,,,,,,,,,,,,,,,,,,,,,,,,,,,,,,,,,,,,,,,,,,,,,,,,,,,,,,,,,,,,,,,,,,,,,,,,,,,,,,,,,,,,,,,,,,,,,,,,,,,,,,,,,,,,,,,,,,,,,,,,,,,,,,,,,,,,,,,,,,,,,,,,,,,,,,,,,,,,,,,,,,,,,,,,,,,,,,,,,,,,,,,,,,,,,,,,,,,,,,,,,,,,,,,,,,,,,,,,,,,,,,,,,,,,,,,,,,,,,,,,,,,,,,,,,,,,,,,,,,,,,,,,,,,,,,,,,,,,,,,,,,,,,,,,
3108248748f8ed97,images/31/3108248748f8ed974cf6be94a7c4a06ae3cafa6eddb86decf72c9f0544974758.jpg,gen,genuine_population,hv_page_b4498e472c,126710BLRO,primary_steel,established_dealer,https://bobswatches.com/used-rolex-gmt-master-ii-jubilee-bracelet-ref-126710blro-pepsi.html,,3108248748f8ed974cf6be94a7c4a06ae3cafa6eddb86decf72c9f0544974758,https://www.bobswatches.com/images/z192480-Used-Rolex-GMT-Master-II-126710-SKU192480.jpg,harvest pose=GOOD decision=QUARANTINE,images/31/3108248748f8ed974cf6be94a7c4a06ae3cafa6eddb86decf72c9f0544974758.jpg,missing,,,,,,,,,,,,,,,,,,,,,,,,,,,,,,,,,,,,,,,,,,,,,,,,,,,,,,,,,,,,,,,,,,,,,,,,,,,,,,,,,,,,,,,,,,,,,,,,,,,,,,,,,,,,,,,,,,,,,,,,,,,,,,,,,,,,,,,,,,,,,,,,,,,,,,,,,,,,,,,,,,,,,,,,,,,,,,,,,,,,,,,,,,,,,,,,,,,,,,,,,,,,,,,,,,,,,,,,,,,,,,,,,,,,,,,,,,,,,,,,,,,,,,,,,,,,,,,,,,,,,,,,,,,,,,,,,,,,,,,,,,,,,,,,,
7888550a54853ebb,images/78/7888550a54853ebbf92cbfd6aa9d4a55667371f0b38ad44e2126371ee867c620.jpg,gen,genuine_population,hv_page_b4a5b2d850,126710BLNR,primary_steel,established_dealer,https://bobswatches.com/used-stainless-steel-rolex-gmt-master-ii-batman-ref-116710blnr.html,,7888550a54853ebbf92cbfd6aa9d4a55667371f0b38ad44e2126371ee867c620,https://www.bobswatches.com/images/zUsed-Rolex-GMT-Master-II-116710-SKU191816.jpg,harvest pose=GOOD decision=QUARANTINE,images/78/7888550a54853ebbf92cbfd6aa9d4a55667371f0b38ad44e2126371ee867c620.jpg,missing,,,,,,,,,,,,,,,,,,,,,,,,,,,,,,,,,,,,,,,,,,,,,,,,,,,,,,,,,,,,,,,,,,,,,,,,,,,,,,,,,,,,,,,,,,,,,,,,,,,,,,,,,,,,,,,,,,,,,,,,,,,,,,,,,,,,,,,,,,,,,,,,,,,,,,,,,,,,,,,,,,,,,,,,,,,,,,,,,,,,,,,,,,,,,,,,,,,,,,,,,,,,,,,,,,,,,,,,,,,,,,,,,,,,,,,,,,,,,,,,,,,,,,,,,,,,,,,,,,,,,,,,,,,,,,,,,,,,,,,,,,,,,,,,,
b93685d799ec9f84,images/b9/b93685d799ec9f84922f15b567e62629577f8ff76b7c23b7087eb63a05128546.jpg,gen,genuine_population,hv_page_b64df841ae,126713GRNR,gold_surround_variant,rolex_cpo,https://watches-of-switzerland.co.uk/Rolex/GMT+Master-II-M126713GRNR+0001/p/17305525,,b93685d799ec9f84922f15b567e62629577f8ff76b7c23b7087eb63a05128546,https://content.thewosgroup.com/productimage/17305525/17305525_2.png?impolicy=hero-rolex,harvest pose=CORRECTABLE decision=REJECT,images/b9/b93685d799ec9f84922f15b567e62629577f8ff76b7c23b7087eb63a05128546.jpg,missing,,,,,,,,,,,,,,,,,,,,,,,,,,,,,,,,,,,,,,,,,,,,,,,,,,,,,,,,,,,,,,,,,,,,,,,,,,,,,,,,,,,,,,,,,,,,,,,,,,,,,,,,,,,,,,,,,,,,,,,,,,,,,,,,,,,,,,,,,,,,,,,,,,,,,,,,,,,,,,,,,,,,,,,,,,,,,,,,,,,,,,,,,,,,,,,,,,,,,,,,,,,,,,,,,,,,,,,,,,,,,,,,,,,,,,,,,,,,,,,,,,,,,,,,,,,,,,,,,,,,,,,,,,,,,,,,,,,,,,,,,,,,,,,,,
12647e0fbeac93c0,images/12/12647e0fbeac93c086af6851f26fa4dde839c57fd0162bead7938d2804802ee4.jpg,gen,genuine_population,hv_page_b77c1bf9fc,126711CHNR,gold_surround_variant,established_dealer,https://bobswatches.com/unworn-rolex-gmt-master-ii-ref-126711-root-beer-model.html,,12647e0fbeac93c086af6851f26fa4dde839c57fd0162bead7938d2804802ee4,https://www.bobswatches.com/images/zRolex-GMT-Master-126711---119744.jpg,harvest pose=CORRECTABLE decision=QUARANTINE,images/12/12647e0fbeac93c086af6851f26fa4dde839c57fd0162bead7938d2804802ee4.jpg,missing,,,,,,,,,,,,,,,,,,,,,,,,,,,,,,,,,,,,,,,,,,,,,,,,,,,,,,,,,,,,,,,,,,,,,,,,,,,,,,,,,,,,,,,,,,,,,,,,,,,,,,,,,,,,,,,,,,,,,,,,,,,,,,,,,,,,,,,,,,,,,,,,,,,,,,,,,,,,,,,,,,,,,,,,,,,,,,,,,,,,,,,,,,,,,,,,,,,,,,,,,,,,,,,,,,,,,,,,,,,,,,,,,,,,,,,,,,,,,,,,,,,,,,,,,,,,,,,,,,,,,,,,,,,,,,,,,,,,,,,,,,,,,,,,,
e7a819443fd0d94a,images/e7/e7a819443fd0d94a3522ee849f33a4acd04208f574dd89b58c99e79927fb853b.jpg,gen,genuine_population,hv_page_b8db5ee0c6,126710GRNR,primary_steel,established_dealer,https://bobswatches.com/pre-owned-rolex-gmt-master-ii-ref-126710grnr-black-and-grey-bruce-wayne.html,,e7a819443fd0d94a3522ee849f33a4acd04208f574dd89b58c99e79927fb853b,https://www.bobswatches.com/images/zUsed-Rolex-GMT-Master-II-126710-SKU191799.jpg,harvest pose=CORRECTABLE decision=QUARANTINE,images/e7/e7a819443fd0d94a3522ee849f33a4acd04208f574dd89b58c99e79927fb853b.jpg,missing,,,,,,,,,,,,,,,,,,,,,,,,,,,,,,,,,,,,,,,,,,,,,,,,,,,,,,,,,,,,,,,,,,,,,,,,,,,,,,,,,,,,,,,,,,,,,,,,,,,,,,,,,,,,,,,,,,,,,,,,,,,,,,,,,,,,,,,,,,,,,,,,,,,,,,,,,,,,,,,,,,,,,,,,,,,,,,,,,,,,,,,,,,,,,,,,,,,,,,,,,,,,,,,,,,,,,,,,,,,,,,,,,,,,,,,,,,,,,,,,,,,,,,,,,,,,,,,,,,,,,,,,,,,,,,,,,,,,,,,,,,,,,,,,,
3fce7641f179dfd5,images/3f/3fce7641f179dfd530b33a999852d5e261f597f24d084ee9a9e4d2515dc830b1.jpg,gen,genuine_population,hv_page_bb3af8f2d9,126710GRNR,primary_steel,established_dealer,https://bobswatches.com/rolex-gmt-master-ii-ref-126710grnr-oyster.html,,3fce7641f179dfd530b33a999852d5e261f597f24d084ee9a9e4d2515dc830b1,https://www.bobswatches.com/images/zUsed-Rolex-GMT-Master-II-126710-Black-Dial-SKU181147.jpg,harvest pose=CORRECTABLE decision=QUARANTINE,images/3f/3fce7641f179dfd530b33a999852d5e261f597f24d084ee9a9e4d2515dc830b1.jpg,missing,,,,,,,,,,,,,,,,,,,,,,,,,,,,,,,,,,,,,,,,,,,,,,,,,,,,,,,,,,,,,,,,,,,,,,,,,,,,,,,,,,,,,,,,,,,,,,,,,,,,,,,,,,,,,,,,,,,,,,,,,,,,,,,,,,,,,,,,,,,,,,,,,,,,,,,,,,,,,,,,,,,,,,,,,,,,,,,,,,,,,,,,,,,,,,,,,,,,,,,,,,,,,,,,,,,,,,,,,,,,,,,,,,,,,,,,,,,,,,,,,,,,,,,,,,,,,,,,,,,,,,,,,,,,,,,,,,,,,,,,,,,,,,,,,
7a28dfdca6f5027e,images/7a/7a28dfdca6f5027e5033d58293865bd143b4cd3cb999789147364a3208e8c1ef.jpg,gen,genuine_population,hv_page_c2377563f8,126710BLRO,primary_steel,established_dealer,https://bobswatches.com/rolex/gmt_master_ii-126710blro,,7a28dfdca6f5027e5033d58293865bd143b4cd3cb999789147364a3208e8c1ef,"https://www.bobswatches.com/cdn-cgi/image/fit=contain,sharpen=0.33,height=640,quality=82,format=jpeg/images/Rolex-GMT-Master-II-126710-127831.jpg",harvest pose=CORRECTABLE decision=QUARANTINE,images/7a/7a28dfdca6f5027e5033d58293865bd143b4cd3cb999789147364a3208e8c1ef.jpg,missing,,,,,,,,,,,,,,,,,,,,,,,,,,,,,,,,,,,,,,,,,,,,,,,,,,,,,,,,,,,,,,,,,,,,,,,,,,,,,,,,,,,,,,,,,,,,,,,,,,,,,,,,,,,,,,,,,,,,,,,,,,,,,,,,,,,,,,,,,,,,,,,,,,,,,,,,,,,,,,,,,,,,,,,,,,,,,,,,,,,,,,,,,,,,,,,,,,,,,,,,,,,,,,,,,,,,,,,,,,,,,,,,,,,,,,,,,,,,,,,,,,,,,,,,,,,,,,,,,,,,,,,,,,,,,,,,,,,,,,,,,,,,,,,,,
d980c3ce25b52abf,images/d9/d980c3ce25b52abfdee2fa91ed59b6200f137bea0d35e9565413eecbbaf63b0e.jpg,gen,genuine_population,hv_page_c4adad3dc7,126710BLNR,primary_steel,established_dealer,https://bobswatches.com/used-rolex-gmt-master-ii-batman-ref-126710blnr-ceramic-dial.html,,d980c3ce25b52abfdee2fa91ed59b6200f137bea0d35e9565413eecbbaf63b0e,https://www.bobswatches.com/images/zUsed-Rolex-GMT-Master-II-126710-SKU192701.jpg,harvest pose=GOOD decision=REJECT,images/d9/d980c3ce25b52abfdee2fa91ed59b6200f137bea0d35e9565413eecbbaf63b0e.jpg,missing,,,,,,,,,,,,,,,,,,,,,,,,,,,,,,,,,,,,,,,,,,,,,,,,,,,,,,,,,,,,,,,,,,,,,,,,,,,,,,,,,,,,,,,,,,,,,,,,,,,,,,,,,,,,,,,,,,,,,,,,,,,,,,,,,,,,,,,,,,,,,,,,,,,,,,,,,,,,,,,,,,,,,,,,,,,,,,,,,,,,,,,,,,,,,,,,,,,,,,,,,,,,,,,,,,,,,,,,,,,,,,,,,,,,,,,,,,,,,,,,,,,,,,,,,,,,,,,,,,,,,,,,,,,,,,,,,,,,,,,,,,,,,,,,,
e1e61fe540a68a89,images/e1/e1e61fe540a68a896aadf188a8bb0aa2d0e3e923e873caf2a55df712d37b4628.jpg,gen,genuine_population,hv_page_c4adad3dc7,126710BLNR,primary_steel,established_dealer,https://bobswatches.com/used-rolex-gmt-master-ii-batman-ref-126710blnr-ceramic-dial.html,,e1e61fe540a68a896aadf188a8bb0aa2d0e3e923e873caf2a55df712d37b4628,"https://www.bobswatches.com/cdn-cgi/image/width=768,quality=85,sharpen=0.5/images/zUsed-Rolex-GMT-Master-II-126710-SKU192701.jpg",harvest pose=CORRECTABLE decision=REJECT,images/e1/e1e61fe540a68a896aadf188a8bb0aa2d0e3e923e873caf2a55df712d37b4628.jpg,missing,,,,,,,,,,,,,,,,,,,,,,,,,,,,,,,,,,,,,,,,,,,,,,,,,,,,,,,,,,,,,,,,,,,,,,,,,,,,,,,,,,,,,,,,,,,,,,,,,,,,,,,,,,,,,,,,,,,,,,,,,,,,,,,,,,,,,,,,,,,,,,,,,,,,,,,,,,,,,,,,,,,,,,,,,,,,,,,,,,,,,,,,,,,,,,,,,,,,,,,,,,,,,,,,,,,,,,,,,,,,,,,,,,,,,,,,,,,,,,,,,,,,,,,,,,,,,,,,,,,,,,,,,,,,,,,,,,,,,,,,,,,,,,,,,
4ce46215cbff98e6,images/4c/4ce46215cbff98e6c51a92be41ed5b116d9b9617300db95c083591c0dc35d3ef.jpg,gen,genuine_population,hv_page_c5c577583b,126711CHNR,gold_surround_variant,established_dealer,https://swisswatchexpo.com/watches/rolex-gmt-master-ii-steel-everose-gold-mens-watch-126711-box-card-42055,,4ce46215cbff98e6c51a92be41ed5b116d9b9617300db95c083591c0dc35d3ef,https://cdn.swisswatchexpo.com/productphotos/3/22/rolex-gmt-master-ii-steel-everose-gold-mens-watch-126711-box-card-42055_d9eee.jpg,harvest pose=CORRECTABLE decision=QUARANTINE,images/4c/4ce46215cbff98e6c51a92be41ed5b116d9b9617300db95c083591c0dc35d3ef.jpg,missing,,,,,,,,,,,,,,,,,,,,,,,,,,,,,,,,,,,,,,,,,,,,,,,,,,,,,,,,,,,,,,,,,,,,,,,,,,,,,,,,,,,,,,,,,,,,,,,,,,,,,,,,,,,,,,,,,,,,,,,,,,,,,,,,,,,,,,,,,,,,,,,,,,,,,,,,,,,,,,,,,,,,,,,,,,,,,,,,,,,,,,,,,,,,,,,,,,,,,,,,,,,,,,,,,,,,,,,,,,,,,,,,,,,,,,,,,,,,,,,,,,,,,,,,,,,,,,,,,,,,,,,,,,,,,,,,,,,,,,,,,,,,,,,,,
3c01b0916279a998,images/3c/3c01b0916279a9984281dbcaff3f83f45a6edc8a6ad34df293ca0c278d28a17d.jpg,gen,genuine_population,hv_page_c5c577583b,126711CHNR,gold_surround_variant,established_dealer,https://swisswatchexpo.com/watches/rolex-gmt-master-ii-steel-everose-gold-mens-watch-126711-box-card-42055,,3c01b0916279a9984281dbcaff3f83f45a6edc8a6ad34df293ca0c278d28a17d,https://cdn.swisswatchexpo.com/productphotos/3/22/rolex-gmt-master-ii-steel-everose-gold-mens-watch-126711-box-card-42055_0231f_md.jpg,harvest pose=GOOD decision=QUARANTINE,images/3c/3c01b0916279a9984281dbcaff3f83f45a6edc8a6ad34df293ca0c278d28a17d.jpg,missing,,,,,,,,,,,,,,,,,,,,,,,,,,,,,,,,,,,,,,,,,,,,,,,,,,,,,,,,,,,,,,,,,,,,,,,,,,,,,,,,,,,,,,,,,,,,,,,,,,,,,,,,,,,,,,,,,,,,,,,,,,,,,,,,,,,,,,,,,,,,,,,,,,,,,,,,,,,,,,,,,,,,,,,,,,,,,,,,,,,,,,,,,,,,,,,,,,,,,,,,,,,,,,,,,,,,,,,,,,,,,,,,,,,,,,,,,,,,,,,,,,,,,,,,,,,,,,,,,,,,,,,,,,,,,,,,,,,,,,,,,,,,,,,,,
be110517d85e0198,images/be/be110517d85e01984a0d4b948b826ad3b016521b0fde2abd5a8afb6a98127fc8.jpg,gen,genuine_population,hv_page_c5c577583b,126711CHNR,gold_surround_variant,established_dealer,https://swisswatchexpo.com/watches/rolex-gmt-master-ii-steel-everose-gold-mens-watch-126711-box-card-42055,,be110517d85e01984a0d4b948b826ad3b016521b0fde2abd5a8afb6a98127fc8,https://cdn.swisswatchexpo.com/productphotos/3/22/rolex-gmt-master-ii-steel-everose-gold-mens-watch-126711-box-card-42055_ee32db7d52_md.jpg,harvest pose=CORRECTABLE decision=QUARANTINE,images/be/be110517d85e01984a0d4b948b826ad3b016521b0fde2abd5a8afb6a98127fc8.jpg,missing,,,,,,,,,,,,,,,,,,,,,,,,,,,,,,,,,,,,,,,,,,,,,,,,,,,,,,,,,,,,,,,,,,,,,,,,,,,,,,,,,,,,,,,,,,,,,,,,,,,,,,,,,,,,,,,,,,,,,,,,,,,,,,,,,,,,,,,,,,,,,,,,,,,,,,,,,,,,,,,,,,,,,,,,,,,,,,,,,,,,,,,,,,,,,,,,,,,,,,,,,,,,,,,,,,,,,,,,,,,,,,,,,,,,,,,,,,,,,,,,,,,,,,,,,,,,,,,,,,,,,,,,,,,,,,,,,,,,,,,,,,,,,,,,,
177912ce520bf5a1,images/17/177912ce520bf5a1cf784bf810e311e82e90a55c94a3947d316ff18091f5c0d3.jpg,gen,genuine_population,hv_page_c7cf20b127,126715CHNR,gold_surround_variant,established_dealer,https://bobswatches.com/rolex-gmt-master-ii-ref-126715-new-everose-root-beer-model.html,,177912ce520bf5a1cf784bf810e311e82e90a55c94a3947d316ff18091f5c0d3,https://www.bobswatches.com/images/zGMT-Master-II-Ref-126715-139351.jpg,harvest pose=GOOD decision=QUARANTINE,images/17/177912ce520bf5a1cf784bf810e311e82e90a55c94a3947d316ff18091f5c0d3.jpg,missing,,,,,,,,,,,,,,,,,,,,,,,,,,,,,,,,,,,,,,,,,,,,,,,,,,,,,,,,,,,,,,,,,,,,,,,,,,,,,,,,,,,,,,,,,,,,,,,,,,,,,,,,,,,,,,,,,,,,,,,,,,,,,,,,,,,,,,,,,,,,,,,,,,,,,,,,,,,,,,,,,,,,,,,,,,,,,,,,,,,,,,,,,,,,,,,,,,,,,,,,,,,,,,,,,,,,,,,,,,,,,,,,,,,,,,,,,,,,,,,,,,,,,,,,,,,,,,,,,,,,,,,,,,,,,,,,,,,,,,,,,,,,,,,,,
d8ca71c3ac69a390,images/d8/d8ca71c3ac69a390cae1b99a1da77416c2224a0a24cf2d092954780768a75bc9.jpg,gen,genuine_population,hv_page_c80c027742,126710BLRO,primary_steel,established_dealer,https://bobswatches.com/rolex-gmt-master-ii-ref-126710blro-jubilee-bracelet-pepsi.html,,d8ca71c3ac69a390cae1b99a1da77416c2224a0a24cf2d092954780768a75bc9,https://www.bobswatches.com/images/zUsed-Rolex-GMT-Master-II-126710-Pepsi-SKU181619.jpg,harvest pose=CORRECTABLE decision=QUARANTINE,images/d8/d8ca71c3ac69a390cae1b99a1da77416c2224a0a24cf2d092954780768a75bc9.jpg,missing,,,,,,,,,,,,,,,,,,,,,,,,,,,,,,,,,,,,,,,,,,,,,,,,,,,,,,,,,,,,,,,,,,,,,,,,,,,,,,,,,,,,,,,,,,,,,,,,,,,,,,,,,,,,,,,,,,,,,,,,,,,,,,,,,,,,,,,,,,,,,,,,,,,,,,,,,,,,,,,,,,,,,,,,,,,,,,,,,,,,,,,,,,,,,,,,,,,,,,,,,,,,,,,,,,,,,,,,,,,,,,,,,,,,,,,,,,,,,,,,,,,,,,,,,,,,,,,,,,,,,,,,,,,,,,,,,,,,,,,,,,,,,,,,,
96da6f82989e875c,images/96/96da6f82989e875c2229af0397bed18874ffca822252611541f550eb2b8f477e.jpg,gen,genuine_population,hv_page_d197aa1d9b,126710BLRO,primary_steel,established_dealer,https://bobswatches.com/used-rolex-gmt-master-ii-red-and-blue-pepsi-ref-126710blro-jubilee-bracelet.html,,96da6f82989e875c2229af0397bed18874ffca822252611541f550eb2b8f477e,https://www.bobswatches.com/images/zUsed-Master-Rolex-GMT-Master-II-126710-SKU188654.jpg,harvest pose=CORRECTABLE decision=REJECT,images/96/96da6f82989e875c2229af0397bed18874ffca822252611541f550eb2b8f477e.jpg,missing,,,,,,,,,,,,,,,,,,,,,,,,,,,,,,,,,,,,,,,,,,,,,,,,,,,,,,,,,,,,,,,,,,,,,,,,,,,,,,,,,,,,,,,,,,,,,,,,,,,,,,,,,,,,,,,,,,,,,,,,,,,,,,,,,,,,,,,,,,,,,,,,,,,,,,,,,,,,,,,,,,,,,,,,,,,,,,,,,,,,,,,,,,,,,,,,,,,,,,,,,,,,,,,,,,,,,,,,,,,,,,,,,,,,,,,,,,,,,,,,,,,,,,,,,,,,,,,,,,,,,,,,,,,,,,,,,,,,,,,,,,,,,,,,,
3a719f21397b8c3c,images/3a/3a719f21397b8c3c8ce26f3974824449e7a777dbb9b61c42d24d163e6c1a7676.png,gen,genuine_population,hv_page_d487aae880,126715CHNR,gold_surround_variant,rolex_cpo,https://watches-of-switzerland.co.uk/Rolex/GMT+Master-II-M126715CHNR+0002/p/17305797,,3a719f21397b8c3c8ce26f3974824449e7a777dbb9b61c42d24d163e6c1a7676,https://content.thewosgroup.com/productimage/17305797/17305797_1.png?impolicy=hero-rolex,harvest pose=CORRECTABLE decision=QUARANTINE,images/3a/3a719f21397b8c3c8ce26f3974824449e7a777dbb9b61c42d24d163e6c1a7676.png,missing,,,,,,,,,,,,,,,,,,,,,,,,,,,,,,,,,,,,,,,,,,,,,,,,,,,,,,,,,,,,,,,,,,,,,,,,,,,,,,,,,,,,,,,,,,,,,,,,,,,,,,,,,,,,,,,,,,,,,,,,,,,,,,,,,,,,,,,,,,,,,,,,,,,,,,,,,,,,,,,,,,,,,,,,,,,,,,,,,,,,,,,,,,,,,,,,,,,,,,,,,,,,,,,,,,,,,,,,,,,,,,,,,,,,,,,,,,,,,,,,,,,,,,,,,,,,,,,,,,,,,,,,,,,,,,,,,,,,,,,,,,,,,,,,,
798e9924b69c2d08,images/79/798e9924b69c2d08e9a11f72933762b65906d30370ddafd55b392861ce26770e.jpg,gen,genuine_population,hv_page_d487aae880,126715CHNR,gold_surround_variant,rolex_cpo,https://watches-of-switzerland.co.uk/Rolex/GMT+Master-II-M126715CHNR+0002/p/17305797,,798e9924b69c2d08e9a11f72933762b65906d30370ddafd55b392861ce26770e,https://content.thewosgroup.com/productimage/17305797/17305797_2.png?impolicy=hero-rolex,harvest pose=CORRECTABLE decision=QUARANTINE,images/79/798e9924b69c2d08e9a11f72933762b65906d30370ddafd55b392861ce26770e.jpg,missing,,,,,,,,,,,,,,,,,,,,,,,,,,,,,,,,,,,,,,,,,,,,,,,,,,,,,,,,,,,,,,,,,,,,,,,,,,,,,,,,,,,,,,,,,,,,,,,,,,,,,,,,,,,,,,,,,,,,,,,,,,,,,,,,,,,,,,,,,,,,,,,,,,,,,,,,,,,,,,,,,,,,,,,,,,,,,,,,,,,,,,,,,,,,,,,,,,,,,,,,,,,,,,,,,,,,,,,,,,,,,,,,,,,,,,,,,,,,,,,,,,,,,,,,,,,,,,,,,,,,,,,,,,,,,,,,,,,,,,,,,,,,,,,,,
504afdd89aee3e15,images/50/504afdd89aee3e15fbb82546680814841a09a9aecaf61d13bedf27ea187b56a9.jpg,gen,genuine_population,hv_page_dc5150331b,126715CHNR,gold_surround_variant,established_dealer,https://bobswatches.com/pre-owned-rolex-gmt-master-ii-ref-126715-everose-root-beer.html,,504afdd89aee3e15fbb82546680814841a09a9aecaf61d13bedf27ea187b56a9,https://www.bobswatches.com/images/zUsed-Rolex-GMT-Master-II-126715-Root-Beer-SKU173665.jpg,harvest pose=CORRECTABLE decision=QUARANTINE,images/50/504afdd89aee3e15fbb82546680814841a09a9aecaf61d13bedf27ea187b56a9.jpg,missing,,,,,,,,,,,,,,,,,,,,,,,,,,,,,,,,,,,,,,,,,,,,,,,,,,,,,,,,,,,,,,,,,,,,,,,,,,,,,,,,,,,,,,,,,,,,,,,,,,,,,,,,,,,,,,,,,,,,,,,,,,,,,,,,,,,,,,,,,,,,,,,,,,,,,,,,,,,,,,,,,,,,,,,,,,,,,,,,,,,,,,,,,,,,,,,,,,,,,,,,,,,,,,,,,,,,,,,,,,,,,,,,,,,,,,,,,,,,,,,,,,,,,,,,,,,,,,,,,,,,,,,,,,,,,,,,,,,,,,,,,,,,,,,,,
7b291fd266001fcb,images/7b/7b291fd266001fcb05deca132877d792d13757cbb3b095b6840d0dded7d8f5e9.jpg,gen,genuine_population,hv_page_de90ec603c,126711CHNR,gold_surround_variant,established_dealer,https://bobswatches.com/used-black-dial-rolex-gmt-master-ii-root-beer-126711chnr.html,,7b291fd266001fcb05deca132877d792d13757cbb3b095b6840d0dded7d8f5e9,https://www.bobswatches.com/images/zUsed-Rolex-GMT-Master-II-126711-SKU190943.jpg,harvest pose=CORRECTABLE decision=QUARANTINE,images/7b/7b291fd266001fcb05deca132877d792d13757cbb3b095b6840d0dded7d8f5e9.jpg,missing,,,,,,,,,,,,,,,,,,,,,,,,,,,,,,,,,,,,,,,,,,,,,,,,,,,,,,,,,,,,,,,,,,,,,,,,,,,,,,,,,,,,,,,,,,,,,,,,,,,,,,,,,,,,,,,,,,,,,,,,,,,,,,,,,,,,,,,,,,,,,,,,,,,,,,,,,,,,,,,,,,,,,,,,,,,,,,,,,,,,,,,,,,,,,,,,,,,,,,,,,,,,,,,,,,,,,,,,,,,,,,,,,,,,,,,,,,,,,,,,,,,,,,,,,,,,,,,,,,,,,,,,,,,,,,,,,,,,,,,,,,,,,,,,,
00ff07f016362120,images/00/00ff07f016362120cfb0442d3d863e7a40e9e08368c68d34b4a7a5c3b81305c5.jpg,gen,genuine_population,hv_page_e43fbdc8ed,126711CHNR,gold_surround_variant,established_dealer,https://bobswatches.com/rolex-gmt-master-ii-root-beer-126711chnr.html,,00ff07f016362120cfb0442d3d863e7a40e9e08368c68d34b4a7a5c3b81305c5,https://www.bobswatches.com/images/zUsed-Rolex-GMT-Master-II-126711-SKU182947.jpg,harvest pose=CORRECTABLE decision=QUARANTINE,images/00/00ff07f016362120cfb0442d3d863e7a40e9e08368c68d34b4a7a5c3b81305c5.jpg,missing,,,,,,,,,,,,,,,,,,,,,,,,,,,,,,,,,,,,,,,,,,,,,,,,,,,,,,,,,,,,,,,,,,,,,,,,,,,,,,,,,,,,,,,,,,,,,,,,,,,,,,,,,,,,,,,,,,,,,,,,,,,,,,,,,,,,,,,,,,,,,,,,,,,,,,,,,,,,,,,,,,,,,,,,,,,,,,,,,,,,,,,,,,,,,,,,,,,,,,,,,,,,,,,,,,,,,,,,,,,,,,,,,,,,,,,,,,,,,,,,,,,,,,,,,,,,,,,,,,,,,,,,,,,,,,,,,,,,,,,,,,,,,,,,,
a71df6c06e554d7b,images/a7/a71df6c06e554d7b263df192f2cd0551b34f4762f6667e30d05adde9d330aa74.jpg,gen,genuine_population,hv_page_e7c7828487,126710BLRO,primary_steel,established_dealer,https://bobswatches.com/used-rolex-gmt-master-ii-pepsi-ref-126710blro.html,,a71df6c06e554d7b263df192f2cd0551b34f4762f6667e30d05adde9d330aa74,https://www.bobswatches.com/images/zUsed-Rolex-GMT-Master-II-126710-SKU191607-PL.jpg,harvest pose=GOOD decision=QUARANTINE,images/a7/a71df6c06e554d7b263df192f2cd0551b34f4762f6667e30d05adde9d330aa74.jpg,missing,,,,,,,,,,,,,,,,,,,,,,,,,,,,,,,,,,,,,,,,,,,,,,,,,,,,,,,,,,,,,,,,,,,,,,,,,,,,,,,,,,,,,,,,,,,,,,,,,,,,,,,,,,,,,,,,,,,,,,,,,,,,,,,,,,,,,,,,,,,,,,,,,,,,,,,,,,,,,,,,,,,,,,,,,,,,,,,,,,,,,,,,,,,,,,,,,,,,,,,,,,,,,,,,,,,,,,,,,,,,,,,,,,,,,,,,,,,,,,,,,,,,,,,,,,,,,,,,,,,,,,,,,,,,,,,,,,,,,,,,,,,,,,,,,
62f006bb34dde963,images/62/62f006bb34dde96389590131ee117268150bf96714bbe2a32152f2aa630f37f7.jpg,gen,genuine_population,hv_page_e97a8ba8f4,126711CHNR,gold_surround_variant,established_dealer,https://bobswatches.com/rolex-gmt-master-ii-ref-126711-ceramic-root-beer-bezel-insert.html,,62f006bb34dde96389590131ee117268150bf96714bbe2a32152f2aa630f37f7,https://www.bobswatches.com/images/z124612-Rolex-GMT-Master-126711---119744.jpg,harvest pose=CORRECTABLE decision=REJECT,images/62/62f006bb34dde96389590131ee117268150bf96714bbe2a32152f2aa630f37f7.jpg,missing,,,,,,,,,,,,,,,,,,,,,,,,,,,,,,,,,,,,,,,,,,,,,,,,,,,,,,,,,,,,,,,,,,,,,,,,,,,,,,,,,,,,,,,,,,,,,,,,,,,,,,,,,,,,,,,,,,,,,,,,,,,,,,,,,,,,,,,,,,,,,,,,,,,,,,,,,,,,,,,,,,,,,,,,,,,,,,,,,,,,,,,,,,,,,,,,,,,,,,,,,,,,,,,,,,,,,,,,,,,,,,,,,,,,,,,,,,,,,,,,,,,,,,,,,,,,,,,,,,,,,,,,,,,,,,,,,,,,,,,,,,,,,,,,,
748029e3142feabd,images/74/748029e3142feabd594e4e8955f10d606eb3f80ba1088a141bb3c2fa13a902d2.jpg,gen,genuine_population,hv_page_ec154bc25b,126713GRNR,gold_surround_variant,established_dealer,https://swisswatchexpo.com/watches/rolex-gmt-master-ii-yellow-gold-steel-grey-bezel-mens-watch-126713-unworn-57084,,748029e3142feabd594e4e8955f10d606eb3f80ba1088a141bb3c2fa13a902d2,https://cdn.swisswatchexpo.com/productphotos/12/4/rolex-gmt-master-ii-yellow-gold-steel-grey-bezel-mens-watch-126713-unworn-57084_3bf09.jpg,harvest pose=CORRECTABLE decision=QUARANTINE,images/74/748029e3142feabd594e4e8955f10d606eb3f80ba1088a141bb3c2fa13a902d2.jpg,missing,,,,,,,,,,,,,,,,,,,,,,,,,,,,,,,,,,,,,,,,,,,,,,,,,,,,,,,,,,,,,,,,,,,,,,,,,,,,,,,,,,,,,,,,,,,,,,,,,,,,,,,,,,,,,,,,,,,,,,,,,,,,,,,,,,,,,,,,,,,,,,,,,,,,,,,,,,,,,,,,,,,,,,,,,,,,,,,,,,,,,,,,,,,,,,,,,,,,,,,,,,,,,,,,,,,,,,,,,,,,,,,,,,,,,,,,,,,,,,,,,,,,,,,,,,,,,,,,,,,,,,,,,,,,,,,,,,,,,,,,,,,,,,,,,
ce6f75a2380a78e1,images/ce/ce6f75a2380a78e14d7d271cb3f4ff99ad58c50984060f464f5948d0213f6d29.jpg,gen,genuine_population,hv_page_ec154bc25b,126713GRNR,gold_surround_variant,established_dealer,https://swisswatchexpo.com/watches/rolex-gmt-master-ii-yellow-gold-steel-grey-bezel-mens-watch-126713-unworn-57084,,ce6f75a2380a78e14d7d271cb3f4ff99ad58c50984060f464f5948d0213f6d29,https://cdn.swisswatchexpo.com/productphotos/12/4/rolex-gmt-master-ii-yellow-gold-steel-grey-bezel-mens-watch-126713-unworn-57084_5d98e_md.jpg,harvest pose=CORRECTABLE decision=QUARANTINE,images/ce/ce6f75a2380a78e14d7d271cb3f4ff99ad58c50984060f464f5948d0213f6d29.jpg,missing,,,,,,,,,,,,,,,,,,,,,,,,,,,,,,,,,,,,,,,,,,,,,,,,,,,,,,,,,,,,,,,,,,,,,,,,,,,,,,,,,,,,,,,,,,,,,,,,,,,,,,,,,,,,,,,,,,,,,,,,,,,,,,,,,,,,,,,,,,,,,,,,,,,,,,,,,,,,,,,,,,,,,,,,,,,,,,,,,,,,,,,,,,,,,,,,,,,,,,,,,,,,,,,,,,,,,,,,,,,,,,,,,,,,,,,,,,,,,,,,,,,,,,,,,,,,,,,,,,,,,,,,,,,,,,,,,,,,,,,,,,,,,,,,,
6a45fb92ba1f601a,images/6a/6a45fb92ba1f601a7c270a2518af6fce74db5a1cd585af26e00d242c39d8d598.jpg,gen,genuine_population,hv_page_ec154bc25b,126713GRNR,gold_surround_variant,established_dealer,https://swisswatchexpo.com/watches/rolex-gmt-master-ii-yellow-gold-steel-grey-bezel-mens-watch-126713-unworn-57084,,6a45fb92ba1f601a7c270a2518af6fce74db5a1cd585af26e00d242c39d8d598,https://cdn.swisswatchexpo.com/productphotos/12/4/rolex-gmt-master-ii-yellow-gold-steel-grey-bezel-mens-watch-126713-unworn-57084_16d34093e8_md.jpg,harvest pose=CORRECTABLE decision=QUARANTINE,images/6a/6a45fb92ba1f601a7c270a2518af6fce74db5a1cd585af26e00d242c39d8d598.jpg,missing,,,,,,,,,,,,,,,,,,,,,,,,,,,,,,,,,,,,,,,,,,,,,,,,,,,,,,,,,,,,,,,,,,,,,,,,,,,,,,,,,,,,,,,,,,,,,,,,,,,,,,,,,,,,,,,,,,,,,,,,,,,,,,,,,,,,,,,,,,,,,,,,,,,,,,,,,,,,,,,,,,,,,,,,,,,,,,,,,,,,,,,,,,,,,,,,,,,,,,,,,,,,,,,,,,,,,,,,,,,,,,,,,,,,,,,,,,,,,,,,,,,,,,,,,,,,,,,,,,,,,,,,,,,,,,,,,,,,,,,,,,,,,,,,,
86e245b2719dd1e7,images/86/86e245b2719dd1e713e5bb24ecbb5bfa4bcb7fec4025662892879e3b85aa2226.jpg,gen,genuine_population,hv_page_ec8f2a7e33,126711CHNR,gold_surround_variant,established_dealer,https://bobswatches.com/used-two-tone-rolex-gmt-master-ii-root-beer-ref-126711chnr.html,,86e245b2719dd1e713e5bb24ecbb5bfa4bcb7fec4025662892879e3b85aa2226,https://www.bobswatches.com/images/z190784-Used-Rolex-GMT-Master-II-126711-SKU190784.jpg,harvest pose=GOOD decision=QUARANTINE,images/86/86e245b2719dd1e713e5bb24ecbb5bfa4bcb7fec4025662892879e3b85aa2226.jpg,missing,,,,,,,,,,,,,,,,,,,,,,,,,,,,,,,,,,,,,,,,,,,,,,,,,,,,,,,,,,,,,,,,,,,,,,,,,,,,,,,,,,,,,,,,,,,,,,,,,,,,,,,,,,,,,,,,,,,,,,,,,,,,,,,,,,,,,,,,,,,,,,,,,,,,,,,,,,,,,,,,,,,,,,,,,,,,,,,,,,,,,,,,,,,,,,,,,,,,,,,,,,,,,,,,,,,,,,,,,,,,,,,,,,,,,,,,,,,,,,,,,,,,,,,,,,,,,,,,,,,,,,,,,,,,,,,,,,,,,,,,,,,,,,,,,
8b11a6baadbb4bab,images/8b/8b11a6baadbb4bab71def41af8dfe77f3e578dbff64d240c12a79cc7527e5f75.jpg,gen,genuine_population,hv_page_ed122bc9fa,126713GRNR,gold_surround_variant,established_dealer,https://swisswatchexpo.com/watches/rolex-gmt-master-ii-yellow-gold-steel-grey-bezel-mens-watch-126713-box-card-61165,,8b11a6baadbb4bab71def41af8dfe77f3e578dbff64d240c12a79cc7527e5f75,https://cdn.swisswatchexpo.com/productphotos/4/23/rolex-gmt-master-ii-yellow-gold-steel-grey-bezel-mens-watch-126713-box-card-61165_f412c_md.jpg,harvest pose=GOOD decision=REJECT,images/8b/8b11a6baadbb4bab71def41af8dfe77f3e578dbff64d240c12a79cc7527e5f75.jpg,missing,,,,,,,,,,,,,,,,,,,,,,,,,,,,,,,,,,,,,,,,,,,,,,,,,,,,,,,,,,,,,,,,,,,,,,,,,,,,,,,,,,,,,,,,,,,,,,,,,,,,,,,,,,,,,,,,,,,,,,,,,,,,,,,,,,,,,,,,,,,,,,,,,,,,,,,,,,,,,,,,,,,,,,,,,,,,,,,,,,,,,,,,,,,,,,,,,,,,,,,,,,,,,,,,,,,,,,,,,,,,,,,,,,,,,,,,,,,,,,,,,,,,,,,,,,,,,,,,,,,,,,,,,,,,,,,,,,,,,,,,,,,,,,,,,
a681769244cdee29,images/a6/a681769244cdee29e6b157565e1e1f44ac289b32128ad64386c5fde847731731.jpg,gen,genuine_population,hv_page_ed122bc9fa,126713GRNR,gold_surround_variant,established_dealer,https://swisswatchexpo.com/watches/rolex-gmt-master-ii-yellow-gold-steel-grey-bezel-mens-watch-126713-box-card-61165,,a681769244cdee29e6b157565e1e1f44ac289b32128ad64386c5fde847731731,https://cdn.swisswatchexpo.com/productphotos/4/23/rolex-gmt-master-ii-yellow-gold-steel-grey-bezel-mens-watch-126713-box-card-61165_3ad8b22a7a_md.jpg,harvest pose=CORRECTABLE decision=REJECT,images/a6/a681769244cdee29e6b157565e1e1f44ac289b32128ad64386c5fde847731731.jpg,missing,,,,,,,,,,,,,,,,,,,,,,,,,,,,,,,,,,,,,,,,,,,,,,,,,,,,,,,,,,,,,,,,,,,,,,,,,,,,,,,,,,,,,,,,,,,,,,,,,,,,,,,,,,,,,,,,,,,,,,,,,,,,,,,,,,,,,,,,,,,,,,,,,,,,,,,,,,,,,,,,,,,,,,,,,,,,,,,,,,,,,,,,,,,,,,,,,,,,,,,,,,,,,,,,,,,,,,,,,,,,,,,,,,,,,,,,,,,,,,,,,,,,,,,,,,,,,,,,,,,,,,,,,,,,,,,,,,,,,,,,,,,,,,,,,
1d55b01daf63e59d,images/1d/1d55b01daf63e59dd93246eea5a78f9dcbb96cdf4f32bd8ec7bfb8eefe807cc9.jpg,gen,genuine_population,hv_page_ee91bc679b,126710GRNR,primary_steel,established_dealer,https://bobswatches.com/rolex-gmt-master-ii-ref-126710grnr-stainless-steel.html,,1d55b01daf63e59dd93246eea5a78f9dcbb96cdf4f32bd8ec7bfb8eefe807cc9,https://www.bobswatches.com/images/zUsed-Rolex-GMT-Master-II-126710-Black-Dial-SKU181135.jpg,harvest pose=CORRECTABLE decision=QUARANTINE,images/1d/1d55b01daf63e59dd93246eea5a78f9dcbb96cdf4f32bd8ec7bfb8eefe807cc9.jpg,missing,,,,,,,,,,,,,,,,,,,,,,,,,,,,,,,,,,,,,,,,,,,,,,,,,,,,,,,,,,,,,,,,,,,,,,,,,,,,,,,,,,,,,,,,,,,,,,,,,,,,,,,,,,,,,,,,,,,,,,,,,,,,,,,,,,,,,,,,,,,,,,,,,,,,,,,,,,,,,,,,,,,,,,,,,,,,,,,,,,,,,,,,,,,,,,,,,,,,,,,,,,,,,,,,,,,,,,,,,,,,,,,,,,,,,,,,,,,,,,,,,,,,,,,,,,,,,,,,,,,,,,,,,,,,,,,,,,,,,,,,,,,,,,,,,
ca414681c03421ec,images/ca/ca414681c03421ecffbc3916f7d1a42bda6e82e85002fae2ba8b1b3b810ea576.jpg,gen,genuine_population,hv_page_eecca3c259,126710BLRO,primary_steel,established_dealer,https://bobswatches.com/pre-owned-rolex-gmt-master-ii-ref-126710-ceramic-pepsi-jubilee.html,,ca414681c03421ecffbc3916f7d1a42bda6e82e85002fae2ba8b1b3b810ea576,https://www.bobswatches.com/images/zRolex-GMT-Master-II-126710---131629.jpg,harvest pose=CORRECTABLE decision=QUARANTINE,images/ca/ca414681c03421ecffbc3916f7d1a42bda6e82e85002fae2ba8b1b3b810ea576.jpg,missing,,,,,,,,,,,,,,,,,,,,,,,,,,,,,,,,,,,,,,,,,,,,,,,,,,,,,,,,,,,,,,,,,,,,,,,,,,,,,,,,,,,,,,,,,,,,,,,,,,,,,,,,,,,,,,,,,,,,,,,,,,,,,,,,,,,,,,,,,,,,,,,,,,,,,,,,,,,,,,,,,,,,,,,,,,,,,,,,,,,,,,,,,,,,,,,,,,,,,,,,,,,,,,,,,,,,,,,,,,,,,,,,,,,,,,,,,,,,,,,,,,,,,,,,,,,,,,,,,,,,,,,,,,,,,,,,,,,,,,,,,,,,,,,,,
36ffe44ce5170d2b,images/36/36ffe44ce5170d2bf4b4ab9b224ff2e74fb1f52590f77a33943550f94d9672c8.jpg,gen,genuine_population,hv_page_ef7d4016dc,126710BLRO,primary_steel,established_dealer,https://bobswatches.com/pre-owned-rolex-gmt-master-ii-126710blro-pepsi.html,,36ffe44ce5170d2bf4b4ab9b224ff2e74fb1f52590f77a33943550f94d9672c8,https://www.bobswatches.com/images/zUsed-Rolex-GMT-Master-II-126710-SKU-160293.jpg,harvest pose=CORRECTABLE decision=QUARANTINE,images/36/36ffe44ce5170d2bf4b4ab9b224ff2e74fb1f52590f77a33943550f94d9672c8.jpg,missing,,,,,,,,,,,,,,,,,,,,,,,,,,,,,,,,,,,,,,,,,,,,,,,,,,,,,,,,,,,,,,,,,,,,,,,,,,,,,,,,,,,,,,,,,,,,,,,,,,,,,,,,,,,,,,,,,,,,,,,,,,,,,,,,,,,,,,,,,,,,,,,,,,,,,,,,,,,,,,,,,,,,,,,,,,,,,,,,,,,,,,,,,,,,,,,,,,,,,,,,,,,,,,,,,,,,,,,,,,,,,,,,,,,,,,,,,,,,,,,,,,,,,,,,,,,,,,,,,,,,,,,,,,,,,,,,,,,,,,,,,,,,,,,,,
e2d63a47c33b2c07,images/e2/e2d63a47c33b2c07ddf3c1e9e2027ddaf6ce85d90e0a2d17cd409d9f1a5e0d62.jpg,gen,genuine_population,hv_page_f6f49b352c,126713GRNR,gold_surround_variant,established_dealer,https://bobswatches.com/mens-rolex-gmt-master-ii-ref-126713grnr-steel-and-gold-zombie.html,,e2d63a47c33b2c07ddf3c1e9e2027ddaf6ce85d90e0a2d17cd409d9f1a5e0d62,https://www.bobswatches.com/images/zUsed-Rolex-GMT-Master-II-126713-SKU184497-PL.jpg,harvest pose=GOOD decision=REJECT,images/e2/e2d63a47c33b2c07ddf3c1e9e2027ddaf6ce85d90e0a2d17cd409d9f1a5e0d62.jpg,missing,,,,,,,,,,,,,,,,,,,,,,,,,,,,,,,,,,,,,,,,,,,,,,,,,,,,,,,,,,,,,,,,,,,,,,,,,,,,,,,,,,,,,,,,,,,,,,,,,,,,,,,,,,,,,,,,,,,,,,,,,,,,,,,,,,,,,,,,,,,,,,,,,,,,,,,,,,,,,,,,,,,,,,,,,,,,,,,,,,,,,,,,,,,,,,,,,,,,,,,,,,,,,,,,,,,,,,,,,,,,,,,,,,,,,,,,,,,,,,,,,,,,,,,,,,,,,,,,,,,,,,,,,,,,,,,,,,,,,,,,,,,,,,,,,
71bd35628e4ed6ac,images/71/71bd35628e4ed6acfe9e1d7fcbcac85b6f474490ca7882acd644ef1439e38df9.jpg,gen,genuine_population,hv_page_fa59e58578,126710BLNR,primary_steel,established_dealer,https://bobswatches.com/pre-owned-rolex-gmt-master-ii-ref-126710blnr-batman.html,,71bd35628e4ed6acfe9e1d7fcbcac85b6f474490ca7882acd644ef1439e38df9,https://www.bobswatches.com/images/zUsed-Rolex-GMT-Master-II-126710-Black-Chromalight-Dial-SKU181810.jpg,harvest pose=CORRECTABLE decision=QUARANTINE,images/71/71bd35628e4ed6acfe9e1d7fcbcac85b6f474490ca7882acd644ef1439e38df9.jpg,missing,,,,,,,,,,,,,,,,,,,,,,,,,,,,,,,,,,,,,,,,,,,,,,,,,,,,,,,,,,,,,,,,,,,,,,,,,,,,,,,,,,,,,,,,,,,,,,,,,,,,,,,,,,,,,,,,,,,,,,,,,,,,,,,,,,,,,,,,,,,,,,,,,,,,,,,,,,,,,,,,,,,,,,,,,,,,,,,,,,,,,,,,,,,,,,,,,,,,,,,,,,,,,,,,,,,,,,,,,,,,,,,,,,,,,,,,,,,,,,,,,,,,,,,,,,,,,,,,,,,,,,,,,,,,,,,,,,,,,,,,,,,,,,,,,
ce1600bb75d41ca8,images/ce/ce1600bb75d41ca8729f2a3c4745072fba87e325f2fb57a2677082d8060c8bdf.jpg,gen,genuine_population,hv_page_fcffce691a,126711CHNR,gold_surround_variant,established_dealer,https://bobswatches.com/pre-owned-steel-and-18k-everose-gold-rolex-gmt-master-ii-root-beer-126711chnr.html,,ce1600bb75d41ca8729f2a3c4745072fba87e325f2fb57a2677082d8060c8bdf,https://www.bobswatches.com/images/zUsed-Rolex-GMT-Master-II-126711-SKU189577.jpg,harvest pose=GOOD decision=QUARANTINE,images/ce/ce1600bb75d41ca8729f2a3c4745072fba87e325f2fb57a2677082d8060c8bdf.jpg,missing,,,,,,,,,,,,,,,,,,,,,,,,,,,,,,,,,,,,,,,,,,,,,,,,,,,,,,,,,,,,,,,,,,,,,,,,,,,,,,,,,,,,,,,,,,,,,,,,,,,,,,,,,,,,,,,,,,,,,,,,,,,,,,,,,,,,,,,,,,,,,,,,,,,,,,,,,,,,,,,,,,,,,,,,,,,,,,,,,,,,,,,,,,,,,,,,,,,,,,,,,,,,,,,,,,,,,,,,,,,,,,,,,,,,,,,,,,,,,,,,,,,,,,,,,,,,,,,,,,,,,,,,,,,,,,,,,,,,,,,,,,,,,,,,,
91bff020783974d8,images/91/91bff020783974d86231ec102f7aae10eb3d16e031fc3893876dd282ae58ab2d.jpg,gen,genuine_population,phillips_181407,126710BLNR,primary_steel,auction_house,https://phillips.com/detail/rolex/181407,,91bff020783974d86231ec102f7aae10eb3d16e031fc3893876dd282ae58ab2d,https://dist.phillips.com/auction-assets/CH080323/181407_001.jpg?fit=cover&offset-x=50&offset-y=100&width=928,harvest pose=CORRECTABLE decision=REJECT,images/91/91bff020783974d86231ec102f7aae10eb3d16e031fc3893876dd282ae58ab2d.jpg,missing,,,,,,,,,,,,,,,,,,,,,,,,,,,,,,,,,,,,,,,,,,,,,,,,,,,,,,,,,,,,,,,,,,,,,,,,,,,,,,,,,,,,,,,,,,,,,,,,,,,,,,,,,,,,,,,,,,,,,,,,,,,,,,,,,,,,,,,,,,,,,,,,,,,,,,,,,,,,,,,,,,,,,,,,,,,,,,,,,,,,,,,,,,,,,,,,,,,,,,,,,,,,,,,,,,,,,,,,,,,,,,,,,,,,,,,,,,,,,,,,,,,,,,,,,,,,,,,,,,,,,,,,,,,,,,,,,,,,,,,,,,,,,,,,,
baf57b66c2a15daa,images/ba/baf57b66c2a15daa8fda9338fee32da755bc216981479f200b5d8837386c186a.jpg,gen,genuine_population,phillips_181407,126710BLNR,primary_steel,auction_house,https://phillips.com/detail/rolex/181407,,baf57b66c2a15daa8fda9338fee32da755bc216981479f200b5d8837386c186a,https://dist.phillips.com/auction-assets/CH080323/181407_001.jpg?fit=cover&offset-x=50&offset-y=100&optimize=medium&width=868,harvest pose=CORRECTABLE decision=REJECT,images/ba/baf57b66c2a15daa8fda9338fee32da755bc216981479f200b5d8837386c186a.jpg,missing,,,,,,,,,,,,,,,,,,,,,,,,,,,,,,,,,,,,,,,,,,,,,,,,,,,,,,,,,,,,,,,,,,,,,,,,,,,,,,,,,,,,,,,,,,,,,,,,,,,,,,,,,,,,,,,,,,,,,,,,,,,,,,,,,,,,,,,,,,,,,,,,,,,,,,,,,,,,,,,,,,,,,,,,,,,,,,,,,,,,,,,,,,,,,,,,,,,,,,,,,,,,,,,,,,,,,,,,,,,,,,,,,,,,,,,,,,,,,,,,,,,,,,,,,,,,,,,,,,,,,,,,,,,,,,,,,,,,,,,,,,,,,,,,,
66c4527d45cf91b0,images/66/66c4527d45cf91b05a4e520a3e9c620489da78e6afaf4019e2bb0f772412f069.jpg,gen,genuine_population,phillips_181407,126710BLNR,primary_steel,auction_house,https://phillips.com/detail/rolex/181407,,66c4527d45cf91b05a4e520a3e9c620489da78e6afaf4019e2bb0f772412f069,https://dist.phillips.com/auction-assets/CH080323/181407_001.jpg?fit=cover&offset-x=50&offset-y=100&width=750,harvest pose=CORRECTABLE decision=REJECT,images/66/66c4527d45cf91b05a4e520a3e9c620489da78e6afaf4019e2bb0f772412f069.jpg,missing,,,,,,,,,,,,,,,,,,,,,,,,,,,,,,,,,,,,,,,,,,,,,,,,,,,,,,,,,,,,,,,,,,,,,,,,,,,,,,,,,,,,,,,,,,,,,,,,,,,,,,,,,,,,,,,,,,,,,,,,,,,,,,,,,,,,,,,,,,,,,,,,,,,,,,,,,,,,,,,,,,,,,,,,,,,,,,,,,,,,,,,,,,,,,,,,,,,,,,,,,,,,,,,,,,,,,,,,,,,,,,,,,,,,,,,,,,,,,,,,,,,,,,,,,,,,,,,,,,,,,,,,,,,,,,,,,,,,,,,,,,,,,,,,,
6d440f240015dd64,images/6d/6d440f240015dd64dd4f58448ece6168eefb75c94b6ce058c65f2f516e487e87.jpg,gen,genuine_population,swe_42335,126710BLNR,primary_steel,established_dealer,https://swisswatchexpo.com/watches/rolex-gmt-master-ii-black-blue-batman-steel-mens-watch-126710-unworn-42335,,6d440f240015dd64dd4f58448ece6168eefb75c94b6ce058c65f2f516e487e87,https://cdn.swisswatchexpo.com/productphotos/4/7/rolex-gmt-master-ii-black-blue-batman-steel-mens-watch-126710-unworn-42335_e5a07.jpg,harvest pose=GOOD decision=QUARANTINE,images/6d/6d440f240015dd64dd4f58448ece6168eefb75c94b6ce058c65f2f516e487e87.jpg,missing,,,,,,,,,,,,,,,,,,,,,,,,,,,,,,,,,,,,,,,,,,,,,,,,,,,,,,,,,,,,,,,,,,,,,,,,,,,,,,,,,,,,,,,,,,,,,,,,,,,,,,,,,,,,,,,,,,,,,,,,,,,,,,,,,,,,,,,,,,,,,,,,,,,,,,,,,,,,,,,,,,,,,,,,,,,,,,,,,,,,,,,,,,,,,,,,,,,,,,,,,,,,,,,,,,,,,,,,,,,,,,,,,,,,,,,,,,,,,,,,,,,,,,,,,,,,,,,,,,,,,,,,,,,,,,,,,,,,,,,,,,,,,,,,,
7443488738a77b10,images/74/7443488738a77b100a4a79ccb7c4000c3698220893027bc0e78006bbfce6423c.jpg,gen,genuine_population,swe_42335,126710BLNR,primary_steel,established_dealer,https://swisswatchexpo.com/watches/rolex-gmt-master-ii-black-blue-batman-steel-mens-watch-126710-unworn-42335,,7443488738a77b100a4a79ccb7c4000c3698220893027bc0e78006bbfce6423c,https://cdn.swisswatchexpo.com/productphotos/4/7/rolex-gmt-master-ii-black-blue-batman-steel-mens-watch-126710-unworn-42335_75e34_md.jpg,harvest pose=CORRECTABLE decision=QUARANTINE,images/74/7443488738a77b100a4a79ccb7c4000c3698220893027bc0e78006bbfce6423c.jpg,missing,,,,,,,,,,,,,,,,,,,,,,,,,,,,,,,,,,,,,,,,,,,,,,,,,,,,,,,,,,,,,,,,,,,,,,,,,,,,,,,,,,,,,,,,,,,,,,,,,,,,,,,,,,,,,,,,,,,,,,,,,,,,,,,,,,,,,,,,,,,,,,,,,,,,,,,,,,,,,,,,,,,,,,,,,,,,,,,,,,,,,,,,,,,,,,,,,,,,,,,,,,,,,,,,,,,,,,,,,,,,,,,,,,,,,,,,,,,,,,,,,,,,,,,,,,,,,,,,,,,,,,,,,,,,,,,,,,,,,,,,,,,,,,,,,
29ec17dc64f82548,images/29/29ec17dc64f82548e57385eeb83435b2670c90e0cc756f358d549f9b5b51db17.jpg,gen,genuine_population,swe_42335,126710BLNR,primary_steel,established_dealer,https://swisswatchexpo.com/watches/rolex-gmt-master-ii-black-blue-batman-steel-mens-watch-126710-unworn-42335,,29ec17dc64f82548e57385eeb83435b2670c90e0cc756f358d549f9b5b51db17,https://cdn.swisswatchexpo.com/productphotos/4/7/rolex-gmt-master-ii-black-blue-batman-steel-mens-watch-126710-unworn-42335_4b5c3ab878_md.jpg,harvest pose=CORRECTABLE decision=QUARANTINE,images/29/29ec17dc64f82548e57385eeb83435b2670c90e0cc756f358d549f9b5b51db17.jpg,missing,,,,,,,,,,,,,,,,,,,,,,,,,,,,,,,,,,,,,,,,,,,,,,,,,,,,,,,,,,,,,,,,,,,,,,,,,,,,,,,,,,,,,,,,,,,,,,,,,,,,,,,,,,,,,,,,,,,,,,,,,,,,,,,,,,,,,,,,,,,,,,,,,,,,,,,,,,,,,,,,,,,,,,,,,,,,,,,,,,,,,,,,,,,,,,,,,,,,,,,,,,,,,,,,,,,,,,,,,,,,,,,,,,,,,,,,,,,,,,,,,,,,,,,,,,,,,,,,,,,,,,,,,,,,,,,,,,,,,,,,,,,,,,,,,
972c2f9279ee489c,images/97/972c2f9279ee489c210ee5788795b931a67ee8bfd250e36960c0b3a83beb1700.jpg,gen,genuine_population,swe_59259,126710BLNR,primary_steel,established_dealer,https://swisswatchexpo.com/watches/rolex-gmt-master-ii-batgirl-black-blue-bezel-steel-mens-watch-126710-unworn-59259,,972c2f9279ee489c210ee5788795b931a67ee8bfd250e36960c0b3a83beb1700,https://cdn.swisswatchexpo.com/productphotos/2/23/rolex-gmt-master-ii-batgirl-black-blue-bezel-steel-mens-watch-126710-unworn-59259_a10b3.jpg,harvest pose=CORRECTABLE decision=QUARANTINE,images/97/972c2f9279ee489c210ee5788795b931a67ee8bfd250e36960c0b3a83beb1700.jpg,missing,,,,,,,,,,,,,,,,,,,,,,,,,,,,,,,,,,,,,,,,,,,,,,,,,,,,,,,,,,,,,,,,,,,,,,,,,,,,,,,,,,,,,,,,,,,,,,,,,,,,,,,,,,,,,,,,,,,,,,,,,,,,,,,,,,,,,,,,,,,,,,,,,,,,,,,,,,,,,,,,,,,,,,,,,,,,,,,,,,,,,,,,,,,,,,,,,,,,,,,,,,,,,,,,,,,,,,,,,,,,,,,,,,,,,,,,,,,,,,,,,,,,,,,,,,,,,,,,,,,,,,,,,,,,,,,,,,,,,,,,,,,,,,,,,
cbc2f0249b0e5abb,images/cb/cbc2f0249b0e5abb56eaaa1e9c29b14021482222f038ec32c2e29f320a32e879.jpg,gen,genuine_population,swe_59259,126710BLNR,primary_steel,established_dealer,https://swisswatchexpo.com/watches/rolex-gmt-master-ii-batgirl-black-blue-bezel-steel-mens-watch-126710-unworn-59259,,cbc2f0249b0e5abb56eaaa1e9c29b14021482222f038ec32c2e29f320a32e879,https://cdn.swisswatchexpo.com/productphotos/2/23/rolex-gmt-master-ii-batgirl-black-blue-bezel-steel-mens-watch-126710-unworn-59259_c4e78_md.jpg,harvest pose=CORRECTABLE decision=QUARANTINE,images/cb/cbc2f0249b0e5abb56eaaa1e9c29b14021482222f038ec32c2e29f320a32e879.jpg,missing,,,,,,,,,,,,,,,,,,,,,,,,,,,,,,,,,,,,,,,,,,,,,,,,,,,,,,,,,,,,,,,,,,,,,,,,,,,,,,,,,,,,,,,,,,,,,,,,,,,,,,,,,,,,,,,,,,,,,,,,,,,,,,,,,,,,,,,,,,,,,,,,,,,,,,,,,,,,,,,,,,,,,,,,,,,,,,,,,,,,,,,,,,,,,,,,,,,,,,,,,,,,,,,,,,,,,,,,,,,,,,,,,,,,,,,,,,,,,,,,,,,,,,,,,,,,,,,,,,,,,,,,,,,,,,,,,,,,,,,,,,,,,,,,,
ce997f77df67b365,images/ce/ce997f77df67b36598ff35efccdc9b7b2a8040985bbd3e03550ceb23f68567b8.jpg,gen,genuine_population,swe_59259,126710BLNR,primary_steel,established_dealer,https://swisswatchexpo.com/watches/rolex-gmt-master-ii-batgirl-black-blue-bezel-steel-mens-watch-126710-unworn-59259,,ce997f77df67b36598ff35efccdc9b7b2a8040985bbd3e03550ceb23f68567b8,https://cdn.swisswatchexpo.com/productphotos/2/23/rolex-gmt-master-ii-batgirl-black-blue-bezel-steel-mens-watch-126710-unworn-59259_7ea15d4bdd_md.jpg,harvest pose=CORRECTABLE decision=QUARANTINE,images/ce/ce997f77df67b36598ff35efccdc9b7b2a8040985bbd3e03550ceb23f68567b8.jpg,missing,,,,,,,,,,,,,,,,,,,,,,,,,,,,,,,,,,,,,,,,,,,,,,,,,,,,,,,,,,,,,,,,,,,,,,,,,,,,,,,,,,,,,,,,,,,,,,,,,,,,,,,,,,,,,,,,,,,,,,,,,,,,,,,,,,,,,,,,,,,,,,,,,,,,,,,,,,,,,,,,,,,,,,,,,,,,,,,,,,,,,,,,,,,,,,,,,,,,,,,,,,,,,,,,,,,,,,,,,,,,,,,,,,,,,,,,,,,,,,,,,,,,,,,,,,,,,,,,,,,,,,,,,,,,,,,,,,,,,,,,,,,,,,,,,
ffe13b6968cc3002,images/ff/ffe13b6968cc3002e91352435bdd70c6e29019decacb44e1cef9c5a110e57d96.jpg,gen,genuine_population,swe_60177,126710BLNR,primary_steel,established_dealer,https://swisswatchexpo.com/watches/rolex-gmt-master-ii-batgirl-black-blue-bezel-steel-mens-watch-126710-card-60177,,ffe13b6968cc3002e91352435bdd70c6e29019decacb44e1cef9c5a110e57d96,https://cdn.swisswatchexpo.com/productphotos/3/25/rolex-gmt-master-ii-batgirl-black-blue-bezel-steel-mens-watch-126710-card-60177_1c27c.jpg,harvest pose=GOOD decision=QUARANTINE,images/ff/ffe13b6968cc3002e91352435bdd70c6e29019decacb44e1cef9c5a110e57d96.jpg,missing,,,,,,,,,,,,,,,,,,,,,,,,,,,,,,,,,,,,,,,,,,,,,,,,,,,,,,,,,,,,,,,,,,,,,,,,,,,,,,,,,,,,,,,,,,,,,,,,,,,,,,,,,,,,,,,,,,,,,,,,,,,,,,,,,,,,,,,,,,,,,,,,,,,,,,,,,,,,,,,,,,,,,,,,,,,,,,,,,,,,,,,,,,,,,,,,,,,,,,,,,,,,,,,,,,,,,,,,,,,,,,,,,,,,,,,,,,,,,,,,,,,,,,,,,,,,,,,,,,,,,,,,,,,,,,,,,,,,,,,,,,,,,,,,,
f72f7a88a7838e6f,images/f7/f72f7a88a7838e6f6f814c3ea111773a2aa50015022c9dd8fc4a3aa38f2c0a5d.jpg,gen,genuine_population,swe_60177,126710BLNR,primary_steel,established_dealer,https://swisswatchexpo.com/watches/rolex-gmt-master-ii-batgirl-black-blue-bezel-steel-mens-watch-126710-card-60177,,f72f7a88a7838e6f6f814c3ea111773a2aa50015022c9dd8fc4a3aa38f2c0a5d,https://cdn.swisswatchexpo.com/productphotos/3/25/rolex-gmt-master-ii-batgirl-black-blue-bezel-steel-mens-watch-126710-card-60177_d994d_md.jpg,harvest pose=CORRECTABLE decision=QUARANTINE,images/f7/f72f7a88a7838e6f6f814c3ea111773a2aa50015022c9dd8fc4a3aa38f2c0a5d.jpg,missing,,,,,,,,,,,,,,,,,,,,,,,,,,,,,,,,,,,,,,,,,,,,,,,,,,,,,,,,,,,,,,,,,,,,,,,,,,,,,,,,,,,,,,,,,,,,,,,,,,,,,,,,,,,,,,,,,,,,,,,,,,,,,,,,,,,,,,,,,,,,,,,,,,,,,,,,,,,,,,,,,,,,,,,,,,,,,,,,,,,,,,,,,,,,,,,,,,,,,,,,,,,,,,,,,,,,,,,,,,,,,,,,,,,,,,,,,,,,,,,,,,,,,,,,,,,,,,,,,,,,,,,,,,,,,,,,,,,,,,,,,,,,,,,,,
e61baaf7889bf4ce,images/e6/e61baaf7889bf4ce518e8064790626c03234445703cc959f0fcc4337f0a02966.jpg,gen,genuine_population,swe_60177,126710BLNR,primary_steel,established_dealer,https://swisswatchexpo.com/watches/rolex-gmt-master-ii-batgirl-black-blue-bezel-steel-mens-watch-126710-card-60177,,e61baaf7889bf4ce518e8064790626c03234445703cc959f0fcc4337f0a02966,https://cdn.swisswatchexpo.com/productphotos/3/25/rolex-gmt-master-ii-batgirl-black-blue-bezel-steel-mens-watch-126710-card-60177_20bbcbe1fe_md.jpg,harvest pose=CORRECTABLE decision=QUARANTINE,images/e6/e61baaf7889bf4ce518e8064790626c03234445703cc959f0fcc4337f0a02966.jpg,missing,,,,,,,,,,,,,,,,,,,,,,,,,,,,,,,,,,,,,,,,,,,,,,,,,,,,,,,,,,,,,,,,,,,,,,,,,,,,,,,,,,,,,,,,,,,,,,,,,,,,,,,,,,,,,,,,,,,,,,,,,,,,,,,,,,,,,,,,,,,,,,,,,,,,,,,,,,,,,,,,,,,,,,,,,,,,,,,,,,,,,,,,,,,,,,,,,,,,,,,,,,,,,,,,,,,,,,,,,,,,,,,,,,,,,,,,,,,,,,,,,,,,,,,,,,,,,,,,,,,,,,,,,,,,,,,,,,,,,,,,,,,,,,,,,
ad1ae3e5b9609de8,images/ad/ad1ae3e5b9609de810b7ceee969712cf94cac047ff37a5976258fbede2406d3b.jpg,gen,genuine_population,swe_68351,126710BLNR,primary_steel,established_dealer,https://swisswatchexpo.com/watches/rolex-gmt-master-ii-batgirl-black-blue-bezel-steel-mens-watch-126710-card-68351,,ad1ae3e5b9609de810b7ceee969712cf94cac047ff37a5976258fbede2406d3b,https://cdn.swisswatchexpo.com/productphotos/2/20/rolex-gmt-master-ii-batgirl-black-blue-bezel-steel-mens-watch-126710-card-68351_f20d3.jpg,harvest pose=GOOD decision=QUARANTINE,images/ad/ad1ae3e5b9609de810b7ceee969712cf94cac047ff37a5976258fbede2406d3b.jpg,missing,,,,,,,,,,,,,,,,,,,,,,,,,,,,,,,,,,,,,,,,,,,,,,,,,,,,,,,,,,,,,,,,,,,,,,,,,,,,,,,,,,,,,,,,,,,,,,,,,,,,,,,,,,,,,,,,,,,,,,,,,,,,,,,,,,,,,,,,,,,,,,,,,,,,,,,,,,,,,,,,,,,,,,,,,,,,,,,,,,,,,,,,,,,,,,,,,,,,,,,,,,,,,,,,,,,,,,,,,,,,,,,,,,,,,,,,,,,,,,,,,,,,,,,,,,,,,,,,,,,,,,,,,,,,,,,,,,,,,,,,,,,,,,,,,
81cb2c9f1005c570,images/81/81cb2c9f1005c5709d6f17dfcd1b26263dd641204ccdeb7dd3e3ce8af7175fb0.jpg,gen,genuine_population,swe_68351,126710BLNR,primary_steel,established_dealer,https://swisswatchexpo.com/watches/rolex-gmt-master-ii-batgirl-black-blue-bezel-steel-mens-watch-126710-card-68351,,81cb2c9f1005c5709d6f17dfcd1b26263dd641204ccdeb7dd3e3ce8af7175fb0,https://cdn.swisswatchexpo.com/productphotos/2/20/rolex-gmt-master-ii-batgirl-black-blue-bezel-steel-mens-watch-126710-card-68351_16721_md.jpg,harvest pose=GOOD decision=QUARANTINE,images/81/81cb2c9f1005c5709d6f17dfcd1b26263dd641204ccdeb7dd3e3ce8af7175fb0.jpg,missing,,,,,,,,,,,,,,,,,,,,,,,,,,,,,,,,,,,,,,,,,,,,,,,,,,,,,,,,,,,,,,,,,,,,,,,,,,,,,,,,,,,,,,,,,,,,,,,,,,,,,,,,,,,,,,,,,,,,,,,,,,,,,,,,,,,,,,,,,,,,,,,,,,,,,,,,,,,,,,,,,,,,,,,,,,,,,,,,,,,,,,,,,,,,,,,,,,,,,,,,,,,,,,,,,,,,,,,,,,,,,,,,,,,,,,,,,,,,,,,,,,,,,,,,,,,,,,,,,,,,,,,,,,,,,,,,,,,,,,,,,,,,,,,,,
9399b6c95367ea63,images/93/9399b6c95367ea63e765300266bbf7bac4c6f2f9fd947cc894425865689fb5d6.jpg,gen,genuine_population,swe_68351,126710BLNR,primary_steel,established_dealer,https://swisswatchexpo.com/watches/rolex-gmt-master-ii-batgirl-black-blue-bezel-steel-mens-watch-126710-card-68351,,9399b6c95367ea63e765300266bbf7bac4c6f2f9fd947cc894425865689fb5d6,https://cdn.swisswatchexpo.com/productphotos/2/20/rolex-gmt-master-ii-batgirl-black-blue-bezel-steel-mens-watch-126710-card-68351_654fd_md.jpg,harvest pose=GOOD decision=QUARANTINE,images/93/9399b6c95367ea63e765300266bbf7bac4c6f2f9fd947cc894425865689fb5d6.jpg,missing,,,,,,,,,,,,,,,,,,,,,,,,,,,,,,,,,,,,,,,,,,,,,,,,,,,,,,,,,,,,,,,,,,,,,,,,,,,,,,,,,,,,,,,,,,,,,,,,,,,,,,,,,,,,,,,,,,,,,,,,,,,,,,,,,,,,,,,,,,,,,,,,,,,,,,,,,,,,,,,,,,,,,,,,,,,,,,,,,,,,,,,,,,,,,,,,,,,,,,,,,,,,,,,,,,,,,,,,,,,,,,,,,,,,,,,,,,,,,,,,,,,,,,,,,,,,,,,,,,,,,,,,,,,,,,,,,,,,,,,,,,,,,,,,,
709160117d0d8944,images/70/709160117d0d8944181665abf809bd13e7ffc0604a51fc1bb85c81fb4e586b9a.jpg,gen,genuine_population,swe_68408,126710BLNR,primary_steel,established_dealer,https://swisswatchexpo.com/watches/rolex-gmt-master-ii-black-blue-batman-bezel-steel-mens-watch-126710-68408,,709160117d0d8944181665abf809bd13e7ffc0604a51fc1bb85c81fb4e586b9a,https://cdn.swisswatchexpo.com/productphotos/3/1/rolex-gmt-master-ii-black-blue-batman-bezel-steel-mens-watch-126710-68408_fce2c.jpg,harvest pose=CORRECTABLE decision=QUARANTINE,images/70/709160117d0d8944181665abf809bd13e7ffc0604a51fc1bb85c81fb4e586b9a.jpg,missing,,,,,,,,,,,,,,,,,,,,,,,,,,,,,,,,,,,,,,,,,,,,,,,,,,,,,,,,,,,,,,,,,,,,,,,,,,,,,,,,,,,,,,,,,,,,,,,,,,,,,,,,,,,,,,,,,,,,,,,,,,,,,,,,,,,,,,,,,,,,,,,,,,,,,,,,,,,,,,,,,,,,,,,,,,,,,,,,,,,,,,,,,,,,,,,,,,,,,,,,,,,,,,,,,,,,,,,,,,,,,,,,,,,,,,,,,,,,,,,,,,,,,,,,,,,,,,,,,,,,,,,,,,,,,,,,,,,,,,,,,,,,,,,,,
8dfc09a813408137,images/8d/8dfc09a813408137ea320efca11e2e264b8bc935c3cb94954b63933c3c1c7411.jpg,gen,genuine_population,swe_68408,126710BLNR,primary_steel,established_dealer,https://swisswatchexpo.com/watches/rolex-gmt-master-ii-black-blue-batman-bezel-steel-mens-watch-126710-68408,,8dfc09a813408137ea320efca11e2e264b8bc935c3cb94954b63933c3c1c7411,https://cdn.swisswatchexpo.com/productphotos/3/1/rolex-gmt-master-ii-black-blue-batman-bezel-steel-mens-watch-126710-68408_6772d_md.jpg,harvest pose=GOOD decision=QUARANTINE,images/8d/8dfc09a813408137ea320efca11e2e264b8bc935c3cb94954b63933c3c1c7411.jpg,missing,,,,,,,,,,,,,,,,,,,,,,,,,,,,,,,,,,,,,,,,,,,,,,,,,,,,,,,,,,,,,,,,,,,,,,,,,,,,,,,,,,,,,,,,,,,,,,,,,,,,,,,,,,,,,,,,,,,,,,,,,,,,,,,,,,,,,,,,,,,,,,,,,,,,,,,,,,,,,,,,,,,,,,,,,,,,,,,,,,,,,,,,,,,,,,,,,,,,,,,,,,,,,,,,,,,,,,,,,,,,,,,,,,,,,,,,,,,,,,,,,,,,,,,,,,,,,,,,,,,,,,,,,,,,,,,,,,,,,,,,,,,,,,,,,
e63aae0556929ee2,images/e6/e63aae0556929ee2c95b5026569e62fc5130b6ad5faeb81da7194dd31866f168.jpg,gen,genuine_population,swe_68408,126710BLNR,primary_steel,established_dealer,https://swisswatchexpo.com/watches/rolex-gmt-master-ii-black-blue-batman-bezel-steel-mens-watch-126710-68408,,e63aae0556929ee2c95b5026569e62fc5130b6ad5faeb81da7194dd31866f168,https://cdn.swisswatchexpo.com/productphotos/3/1/rolex-gmt-master-ii-black-blue-batman-bezel-steel-mens-watch-126710-68408_edc3d_md.jpg,harvest pose=GOOD decision=QUARANTINE,images/e6/e63aae0556929ee2c95b5026569e62fc5130b6ad5faeb81da7194dd31866f168.jpg,missing,,,,,,,,,,,,,,,,,,,,,,,,,,,,,,,,,,,,,,,,,,,,,,,,,,,,,,,,,,,,,,,,,,,,,,,,,,,,,,,,,,,,,,,,,,,,,,,,,,,,,,,,,,,,,,,,,,,,,,,,,,,,,,,,,,,,,,,,,,,,,,,,,,,,,,,,,,,,,,,,,,,,,,,,,,,,,,,,,,,,,,,,,,,,,,,,,,,,,,,,,,,,,,,,,,,,,,,,,,,,,,,,,,,,,,,,,,,,,,,,,,,,,,,,,,,,,,,,,,,,,,,,,,,,,,,,,,,,,,,,,,,,,,,,,
212c6d510bdfa0c6,images/21/212c6d510bdfa0c6fcb42c68b5ef79794cc771af958fff17848ed51f9679b81d.jpg,gen,genuine_population,swe_68784,126710BLNR,primary_steel,established_dealer,https://swisswatchexpo.com/watches/rolex-gmt-master-ii-batgirl-black-blue-bezel-steel-mens-watch-126710-unworn-68784,,212c6d510bdfa0c6fcb42c68b5ef79794cc771af958fff17848ed51f9679b81d,https://cdn.swisswatchexpo.com/productphotos/3/13/rolex-gmt-master-ii-batgirl-black-blue-bezel-steel-mens-watch-126710-unworn-68784_c0f62.jpg,harvest pose=CORRECTABLE decision=QUARANTINE,images/21/212c6d510bdfa0c6fcb42c68b5ef79794cc771af958fff17848ed51f9679b81d.jpg,missing,,,,,,,,,,,,,,,,,,,,,,,,,,,,,,,,,,,,,,,,,,,,,,,,,,,,,,,,,,,,,,,,,,,,,,,,,,,,,,,,,,,,,,,,,,,,,,,,,,,,,,,,,,,,,,,,,,,,,,,,,,,,,,,,,,,,,,,,,,,,,,,,,,,,,,,,,,,,,,,,,,,,,,,,,,,,,,,,,,,,,,,,,,,,,,,,,,,,,,,,,,,,,,,,,,,,,,,,,,,,,,,,,,,,,,,,,,,,,,,,,,,,,,,,,,,,,,,,,,,,,,,,,,,,,,,,,,,,,,,,,,,,,,,,,
7f67bc326f34d1b4,images/7f/7f67bc326f34d1b438144a21128cdd218db5c71b18b09b0cd7301be587604304.jpg,gen,genuine_population,swe_68784,126710BLNR,primary_steel,established_dealer,https://swisswatchexpo.com/watches/rolex-gmt-master-ii-batgirl-black-blue-bezel-steel-mens-watch-126710-unworn-68784,,7f67bc326f34d1b438144a21128cdd218db5c71b18b09b0cd7301be587604304,https://cdn.swisswatchexpo.com/productphotos/3/13/rolex-gmt-master-ii-batgirl-black-blue-bezel-steel-mens-watch-126710-unworn-68784_a2850_md.jpg,harvest pose=CORRECTABLE decision=QUARANTINE,images/7f/7f67bc326f34d1b438144a21128cdd218db5c71b18b09b0cd7301be587604304.jpg,missing,,,,,,,,,,,,,,,,,,,,,,,,,,,,,,,,,,,,,,,,,,,,,,,,,,,,,,,,,,,,,,,,,,,,,,,,,,,,,,,,,,,,,,,,,,,,,,,,,,,,,,,,,,,,,,,,,,,,,,,,,,,,,,,,,,,,,,,,,,,,,,,,,,,,,,,,,,,,,,,,,,,,,,,,,,,,,,,,,,,,,,,,,,,,,,,,,,,,,,,,,,,,,,,,,,,,,,,,,,,,,,,,,,,,,,,,,,,,,,,,,,,,,,,,,,,,,,,,,,,,,,,,,,,,,,,,,,,,,,,,,,,,,,,,,
077073afa8d7b7e8,images/07/077073afa8d7b7e80cdd8e58d2a6c658826bc0aead75c68cf2a9313dfaed180e.jpg,gen,genuine_population,swe_68784,126710BLNR,primary_steel,established_dealer,https://swisswatchexpo.com/watches/rolex-gmt-master-ii-batgirl-black-blue-bezel-steel-mens-watch-126710-unworn-68784,,077073afa8d7b7e80cdd8e58d2a6c658826bc0aead75c68cf2a9313dfaed180e,https://cdn.swisswatchexpo.com/productphotos/3/13/rolex-gmt-master-ii-batgirl-black-blue-bezel-steel-mens-watch-126710-unworn-68784_a8251_md.jpg,harvest pose=CORRECTABLE decision=QUARANTINE,images/07/077073afa8d7b7e80cdd8e58d2a6c658826bc0aead75c68cf2a9313dfaed180e.jpg,missing,,,,,,,,,,,,,,,,,,,,,,,,,,,,,,,,,,,,,,,,,,,,,,,,,,,,,,,,,,,,,,,,,,,,,,,,,,,,,,,,,,,,,,,,,,,,,,,,,,,,,,,,,,,,,,,,,,,,,,,,,,,,,,,,,,,,,,,,,,,,,,,,,,,,,,,,,,,,,,,,,,,,,,,,,,,,,,,,,,,,,,,,,,,,,,,,,,,,,,,,,,,,,,,,,,,,,,,,,,,,,,,,,,,,,,,,,,,,,,,,,,,,,,,,,,,,,,,,,,,,,,,,,,,,,,,,,,,,,,,,,,,,,,,,,
6da5df4eb2ac6ff5,images/6d/6da5df4eb2ac6ff5224db1e8921a9afdb8c82aa6cc836309e952899fed54f6c1.jpg,gen,genuine_population,swe_75910,126710BLNR,primary_steel,established_dealer,https://swisswatchexpo.com/watches/rolex-gmt-master-ii-steel-black-blue-batgirl-bezel-mens-watch-126710-75910,,6da5df4eb2ac6ff5224db1e8921a9afdb8c82aa6cc836309e952899fed54f6c1,https://cdn.swisswatchexpo.com/productphotos/1/9/rolex-gmt-master-ii-steel-black-blue-batgirl-bezel-mens-watch-126710-75910_ca712.jpg,harvest pose=GOOD decision=QUARANTINE,images/6d/6da5df4eb2ac6ff5224db1e8921a9afdb8c82aa6cc836309e952899fed54f6c1.jpg,missing,,,,,,,,,,,,,,,,,,,,,,,,,,,,,,,,,,,,,,,,,,,,,,,,,,,,,,,,,,,,,,,,,,,,,,,,,,,,,,,,,,,,,,,,,,,,,,,,,,,,,,,,,,,,,,,,,,,,,,,,,,,,,,,,,,,,,,,,,,,,,,,,,,,,,,,,,,,,,,,,,,,,,,,,,,,,,,,,,,,,,,,,,,,,,,,,,,,,,,,,,,,,,,,,,,,,,,,,,,,,,,,,,,,,,,,,,,,,,,,,,,,,,,,,,,,,,,,,,,,,,,,,,,,,,,,,,,,,,,,,,,,,,,,,,
b845692c269994d7,images/b8/b845692c269994d7d8d64db9f7736cfe7fe2e07b4dfb4f7bda01699964fb13b6.jpg,gen,genuine_population,swe_75910,126710BLNR,primary_steel,established_dealer,https://swisswatchexpo.com/watches/rolex-gmt-master-ii-steel-black-blue-batgirl-bezel-mens-watch-126710-75910,,b845692c269994d7d8d64db9f7736cfe7fe2e07b4dfb4f7bda01699964fb13b6,https://cdn.swisswatchexpo.com/productphotos/1/9/rolex-gmt-master-ii-steel-black-blue-batgirl-bezel-mens-watch-126710-75910_d05ce_md.jpg,harvest pose=GOOD decision=QUARANTINE,images/b8/b845692c269994d7d8d64db9f7736cfe7fe2e07b4dfb4f7bda01699964fb13b6.jpg,missing,,,,,,,,,,,,,,,,,,,,,,,,,,,,,,,,,,,,,,,,,,,,,,,,,,,,,,,,,,,,,,,,,,,,,,,,,,,,,,,,,,,,,,,,,,,,,,,,,,,,,,,,,,,,,,,,,,,,,,,,,,,,,,,,,,,,,,,,,,,,,,,,,,,,,,,,,,,,,,,,,,,,,,,,,,,,,,,,,,,,,,,,,,,,,,,,,,,,,,,,,,,,,,,,,,,,,,,,,,,,,,,,,,,,,,,,,,,,,,,,,,,,,,,,,,,,,,,,,,,,,,,,,,,,,,,,,,,,,,,,,,,,,,,,,
cd8b5cf3e9fc987a,images/cd/cd8b5cf3e9fc987a2f9e75d192f9865a5d73966a37ff40ba38ea5d757415ee21.jpg,gen,genuine_population,swe_75910,126710BLNR,primary_steel,established_dealer,https://swisswatchexpo.com/watches/rolex-gmt-master-ii-steel-black-blue-batgirl-bezel-mens-watch-126710-75910,,cd8b5cf3e9fc987a2f9e75d192f9865a5d73966a37ff40ba38ea5d757415ee21,https://cdn.swisswatchexpo.com/productphotos/1/9/rolex-gmt-master-ii-steel-black-blue-batgirl-bezel-mens-watch-126710-75910_49903_md.jpg,harvest pose=CORRECTABLE decision=QUARANTINE,images/cd/cd8b5cf3e9fc987a2f9e75d192f9865a5d73966a37ff40ba38ea5d757415ee21.jpg,missing,,,,,,,,,,,,,,,,,,,,,,,,,,,,,,,,,,,,,,,,,,,,,,,,,,,,,,,,,,,,,,,,,,,,,,,,,,,,,,,,,,,,,,,,,,,,,,,,,,,,,,,,,,,,,,,,,,,,,,,,,,,,,,,,,,,,,,,,,,,,,,,,,,,,,,,,,,,,,,,,,,,,,,,,,,,,,,,,,,,,,,,,,,,,,,,,,,,,,,,,,,,,,,,,,,,,,,,,,,,,,,,,,,,,,,,,,,,,,,,,,,,,,,,,,,,,,,,,,,,,,,,,,,,,,,,,,,,,,,,,,,,,,,,,,
fc62906af2b272de,images/fc/fc62906af2b272de864a114d32193b8cbce1220dbf68708bf385f481121d9366.jpg,gen,genuine_population,swe_77497,126710BLNR,primary_steel,established_dealer,https://swisswatchexpo.com/watches/rolex-gmt-master-ii-steel-batgirl-black-blue-bezel-mens-watch-126710-77497,,fc62906af2b272de864a114d32193b8cbce1220dbf68708bf385f481121d9366,https://cdn.swisswatchexpo.com/productphotos/2/26/rolex-gmt-master-ii-steel-batgirl-black-blue-bezel-mens-watch-126710-77497_ab4ee.jpg,harvest pose=CORRECTABLE decision=QUARANTINE,images/fc/fc62906af2b272de864a114d32193b8cbce1220dbf68708bf385f481121d9366.jpg,missing,,,,,,,,,,,,,,,,,,,,,,,,,,,,,,,,,,,,,,,,,,,,,,,,,,,,,,,,,,,,,,,,,,,,,,,,,,,,,,,,,,,,,,,,,,,,,,,,,,,,,,,,,,,,,,,,,,,,,,,,,,,,,,,,,,,,,,,,,,,,,,,,,,,,,,,,,,,,,,,,,,,,,,,,,,,,,,,,,,,,,,,,,,,,,,,,,,,,,,,,,,,,,,,,,,,,,,,,,,,,,,,,,,,,,,,,,,,,,,,,,,,,,,,,,,,,,,,,,,,,,,,,,,,,,,,,,,,,,,,,,,,,,,,,,
1e4d377d3ca91f43,images/1e/1e4d377d3ca91f43535545ade382ef4c3b60a9181944d1ef0d0652c957f0b5db.jpg,gen,genuine_population,swe_77497,126710BLNR,primary_steel,established_dealer,https://swisswatchexpo.com/watches/rolex-gmt-master-ii-steel-batgirl-black-blue-bezel-mens-watch-126710-77497,,1e4d377d3ca91f43535545ade382ef4c3b60a9181944d1ef0d0652c957f0b5db,https://cdn.swisswatchexpo.com/productphotos/2/26/rolex-gmt-master-ii-steel-batgirl-black-blue-bezel-mens-watch-126710-77497_6362c_md.jpg,harvest pose=CORRECTABLE decision=QUARANTINE,images/1e/1e4d377d3ca91f43535545ade382ef4c3b60a9181944d1ef0d0652c957f0b5db.jpg,missing,,,,,,,,,,,,,,,,,,,,,,,,,,,,,,,,,,,,,,,,,,,,,,,,,,,,,,,,,,,,,,,,,,,,,,,,,,,,,,,,,,,,,,,,,,,,,,,,,,,,,,,,,,,,,,,,,,,,,,,,,,,,,,,,,,,,,,,,,,,,,,,,,,,,,,,,,,,,,,,,,,,,,,,,,,,,,,,,,,,,,,,,,,,,,,,,,,,,,,,,,,,,,,,,,,,,,,,,,,,,,,,,,,,,,,,,,,,,,,,,,,,,,,,,,,,,,,,,,,,,,,,,,,,,,,,,,,,,,,,,,,,,,,,,,
7a77e61713240ff8,images/7a/7a77e61713240ff8cf4bfa9d371450bd3275781bd68536daa88c46134b7778e8.jpg,gen,genuine_population,swe_77497,126710BLNR,primary_steel,established_dealer,https://swisswatchexpo.com/watches/rolex-gmt-master-ii-steel-batgirl-black-blue-bezel-mens-watch-126710-77497,,7a77e61713240ff8cf4bfa9d371450bd3275781bd68536daa88c46134b7778e8,https://cdn.swisswatchexpo.com/productphotos/2/26/rolex-gmt-master-ii-steel-batgirl-black-blue-bezel-mens-watch-126710-77497_bcc87_md.jpg,harvest pose=CORRECTABLE decision=QUARANTINE,images/7a/7a77e61713240ff8cf4bfa9d371450bd3275781bd68536daa88c46134b7778e8.jpg,missing,,,,,,,,,,,,,,,,,,,,,,,,,,,,,,,,,,,,,,,,,,,,,,,,,,,,,,,,,,,,,,,,,,,,,,,,,,,,,,,,,,,,,,,,,,,,,,,,,,,,,,,,,,,,,,,,,,,,,,,,,,,,,,,,,,,,,,,,,,,,,,,,,,,,,,,,,,,,,,,,,,,,,,,,,,,,,,,,,,,,,,,,,,,,,,,,,,,,,,,,,,,,,,,,,,,,,,,,,,,,,,,,,,,,,,,,,,,,,,,,,,,,,,,,,,,,,,,,,,,,,,,,,,,,,,,,,,,,,,,,,,,,,,,,,
a5431af6379b78a5,images/a5/a5431af6379b78a5233303aeec379b30ef8a5c46ffa70be67a55a1126de8c138.jpg,gen,genuine_population,wos_cpo_40616911,126710BLNR,primary_steel,rolex_cpo,https://watchesofswitzerland.com/collections/rolex-certified-pre-owned/products/gmt-ii-m126710blnr-0002-40616911,,a5431af6379b78a5233303aeec379b30ef8a5c46ffa70be67a55a1126de8c138,https://www.watchesofswitzerland.com/cdn/shop/files/40616911_1.jpg?height=4000&v=1758689262&width=4000,harvest pose=CORRECTABLE decision=ACCEPT,images/a5/a5431af6379b78a5233303aeec379b30ef8a5c46ffa70be67a55a1126de8c138.jpg,missing,,,,,,,,,,,,,,,,,,,,,,,,,,,,,,,,,,,,,,,,,,,,,,,,,,,,,,,,,,,,,,,,,,,,,,,,,,,,,,,,,,,,,,,,,,,,,,,,,,,,,,,,,,,,,,,,,,,,,,,,,,,,,,,,,,,,,,,,,,,,,,,,,,,,,,,,,,,,,,,,,,,,,,,,,,,,,,,,,,,,,,,,,,,,,,,,,,,,,,,,,,,,,,,,,,,,,,,,,,,,,,,,,,,,,,,,,,,,,,,,,,,,,,,,,,,,,,,,,,,,,,,,,,,,,,,,,,,,,,,,,,,,,,,,,
GEN_CAND_WEX_BLRO_01,gen_candidate/EXT_EXT_GEN_BLRO_WEX_01.png,gen,gen_candidate,ext_gen_blro_wex_listing_A,126710BLRO,primary_steel,marketplace gen_candidate (r/Watchexchange),,,523156883f738c42e98cb35a203d355984ca068b766084f396dbdac19abd40c8,,"Alpha91 overlay control; listing id not recorded; WEX_01/02 assumed same watch (same listing, unverified)",gen_candidate/EXT_EXT_GEN_BLRO_WEX_01.png,accepted,1500,1125,,true,140.67389,0.99624,0.16416,44,11,140.03923,true,9,0.39257,-0.06112,0.39730,0.25354,0.00259,false,hand/occluder crosses outline (clean 0.50),,,,,,,,,,,,,0.57143,0.50000,,,,true,,0.34872,0.50507,0.34287,0.50885,0.61359,0.50507,-0.34872,0.30481,0.30169,0.03702,-0.44331,,1.00000,0.86667,true,,-0.16037,0.10516,-0.16281,0.10437,0.19340,0.16037,-0.10516,0.33519,0.28278,-0.17466,-0.40639,,1.00000,1.00000,true,,0.48342,-0.33256,0.48897,-0.32906,0.58938,0.52971,0.25237,0.05964,-0.01019,-0.05861,,0.32679,1.00000,1.00000,true,,0.79298,-0.22210,0.79577,-0.21418,0.82409,0.79779,0.20415,0.15098,0.13864,0.05980,,0.29248,0.93056,0.99444,false,hand/occluder crosses outline (clean 0.50),,,,,,,,,,,,,0.68056,0.50000,true,,0.56890,0.07617,0.56728,0.08072,0.57300,0.35042,-0.45460,0.11839,-0.07738,-0.08919,,0.26859,0.94444,0.93333,true,,0.24754,-0.08182,0.24954,-0.08018,0.26211,-0.19463,-0.17347,0.26555,-0.23191,0.12722,,0.29219,1.00000,1.00000,true,,0.25587,-0.13814,0.25914,-0.13670,0.29299,-0.29066,-0.00831,0.24541,-0.20869,0.12575,,0.26172,1.00000,1.00000,true,,0.15347,-0.17840,0.15678,-0.17838,0.23748,-0.04371,0.23123,0.03693,-0.02647,-0.02522,,0.23652,0.98611,1.00000,true,,0.30387,-0.20133,0.30849,-0.19959,0.36743,0.02242,0.36383,0.12881,-0.12697,-0.01188,,0.28734,0.98611,1.00000,2486,,,,,,,,,0.002490,0.003607,0.004382,0.003607,-0.002490,0.002177,0.002154,0.000264,-0.001145,0.000751,0.001381,0.001145,-0.000751,0.002394,0.002019,-0.001247,0.003452,-0.002375,0.004209,0.003783,0.001802,0.000426,-0.000073,-0.000419,0.005663,-0.001586,0.005885,0.005697,0.001458,0.001078,0.000990,0.000427,,,,,,,,,0.004062,0.000544,0.004092,0.002502,-0.003246,0.000845,-0.000553,-0.000637,0.001768,-0.000584,0.001872,-0.001390,-0.001239,0.001896,-0.001656,0.000908,0.001827,-0.000986,0.002092,-0.002076,-0.000059,0.001752,-0.001490,0.000898,0.001096,-0.001274,0.001696,-0.000312,0.001651,0.000264,-0.000189,-0.000180,0.002170,-0.001438,0.002624,0.000160,0.002598,0.000920,-0.000907,-0.000085,0.002837,7,0.26555,0.001896
GEN_CAND_WEX_BLRO_02,gen_candidate/EXT_EXT_GEN_BLRO_WEX_02.png,gen,gen_candidate,ext_gen_blro_wex_listing_A,126710BLRO,primary_steel,marketplace gen_candidate (r/Watchexchange),,,188d085d67f4bfc42082097f3cd2df98c0d5c1bb42ee73ed177ba5e5ee99fc91,,see WEX_01,gen_candidate/EXT_EXT_GEN_BLRO_WEX_02.png,accepted,1500,1125,,true,155.73327,0.99517,0.21087,45,11,155.37171,true,9,0.25044,-0.12443,0.27965,0.17596,0.02397,false,hand/occluder crosses outline (clean 0.50),,,,,,,,,,,,,0.52381,0.50000,,,,true,,-0.04810,0.44239,-0.04804,0.44210,0.44470,0.44239,0.04810,0.43768,0.35976,0.24884,-0.10616,,1.00000,0.96667,true,,-0.34447,-0.13423,-0.34701,-0.13477,0.37226,0.34447,0.13423,0.39220,0.38786,-0.03867,0.03221,,1.00000,0.90000,true,,0.36326,-0.32824,0.36457,-0.33013,0.49183,0.46590,0.15047,0.05824,0.01155,-0.05681,,0.30802,1.00000,1.00000,true,,0.54562,-0.32848,0.54639,-0.32972,0.63817,0.63676,-0.01166,0.15981,0.13629,-0.08218,,0.26332,0.98611,1.00000,false,hand/occluder crosses outline (clean 0.61),,,,,,,,,,,,,0.72222,0.60556,true,,0.39805,0.06441,0.39731,0.06334,0.40233,0.25480,-0.31252,0.08831,0.01491,-0.08709,,0.23486,1.00000,1.00000,true,,0.21218,-0.21051,0.21240,-0.21112,0.29947,-0.28840,-0.07849,0.27976,-0.27847,0.02312,,0.21703,1.00000,1.00000,true,,0.27472,-0.22187,0.27554,-0.22300,0.35447,-0.34885,0.05478,0.29463,-0.29280,0.01964,,0.19589,0.98611,1.00000,true,,0.14760,-0.24849,0.14811,-0.25043,0.29095,-0.00358,0.28900,0.07208,-0.07135,0.00403,,0.20443,0.95833,1.00000,true,,0.27800,-0.14879,0.27967,-0.14983,0.31728,-0.01014,0.31515,0.21734,-0.21467,-0.01594,,0.23490,1.00000,1.00000,1097,,,,,,,,,-0.000310,0.002847,0.002862,0.002847,0.000310,0.002817,0.002315,0.001602,-0.002217,-0.000864,0.002396,0.002217,0.000864,0.002524,0.002496,-0.000249,0.002338,-0.002113,0.003166,0.002999,0.000968,0.000375,0.000074,-0.000366,0.003512,-0.002114,0.004107,0.004098,-0.000075,0.001029,0.000877,-0.000529,,,,,,,,,0.002562,0.000415,0.002589,0.001640,-0.002011,0.000568,0.000096,-0.000561,0.001366,-0.001355,0.001927,-0.001856,-0.000505,0.001801,-0.001792,0.000149,0.001768,-0.001428,0.002281,-0.002245,0.000353,0.001896,-0.001885,0.000126,0.000950,-0.001599,0.001873,-0.000023,0.001860,0.000464,-0.000459,0.000026,0.001789,-0.000958,0.002042,-0.000065,0.002028,0.001399,-0.001382,-0.000103,0.001800,7,0.29463,0.001896
GEN_CAND_HO_01,gen_candidate/POOL_GEN_HO_01.png,gen,gen_candidate,gen_wex_1TDYtpN,126710BLNR,primary_steel,marketplace gen_candidate (r/Watchexchange),,,c7811f872628664d844384e9be75390abcaab7ab5d5095806e2e26039a32835e,,Alpha90 pool GEN_HO_01,gen_candidate/POOL_GEN_HO_01.png,accepted,1362,1600,,true,204.77550,0.98923,0.20807,44,11,203.21716,true,8,0.41248,-0.57506,0.70770,0.17278,-0.02603,true,,-0.04137,-0.04082,-0.04151,-0.03984,0.05753,0.04082,-0.04137,0.87649,-0.82072,-0.38349,-0.43235,,1.00000,1.00000,-0.13885,-0.30256,1.11828,true,,0.36001,0.00748,0.36601,0.00699,0.36608,0.00748,-0.36001,0.35075,0.32330,0.12559,0.47475,,1.00000,1.00000,true,,-0.28964,-0.12447,-0.29347,-0.12467,0.31885,0.28964,0.12447,0.58931,0.44041,-0.38677,0.19701,,1.00000,0.96667,true,,0.60428,-0.39810,0.59275,-0.38233,0.70536,0.64691,0.32427,0.46887,-0.34954,0.32960,,0.10391,0.87500,1.00000,false,hand/occluder crosses outline (clean 0.76),,,,,,,,,,,,,0.72222,0.76111,true,,0.75390,-0.86574,0.73918,-0.86510,1.13789,0.22003,-1.12670,0.36528,-0.13506,-0.34061,,0.18248,0.91667,1.00000,true,,0.50264,-0.74919,0.49632,-0.75723,0.90539,-0.39749,-0.80989,0.40244,-0.38771,-0.08422,,0.20246,0.95833,1.00000,true,,0.54871,-0.25331,0.55882,-0.25771,0.61539,-0.49373,-0.34854,0.21928,-0.06806,-0.20381,,0.37161,0.91667,1.00000,false,hand/occluder crosses outline (clean 0.65),,,,,,,,,,,,,0.51389,0.65000,true,,0.12807,-0.74041,0.12937,-0.72784,0.73925,0.25929,0.70525,0.08052,0.04361,0.06922,,0.52735,0.87500,1.00000,true,,0.52375,-1.18897,0.51910,-1.15466,1.26598,0.76780,1.04807,0.49759,0.18726,0.47245,,0.43699,0.90278,1.00000,1214,-0.000204,-0.000201,0.000283,0.000201,-0.000204,0.004313,-0.004039,-0.001887,0.001772,0.000037,0.001801,0.000037,-0.001772,0.001726,0.001591,0.000618,-0.001425,-0.000612,0.001569,0.001425,0.000612,0.002900,0.002167,-0.001903,0.002974,-0.001959,0.003471,0.003183,0.001596,0.002307,-0.001720,0.001622,,,,,,,,,0.003710,-0.004260,0.005599,0.001083,-0.005544,0.001797,-0.000665,-0.001676,0.002473,-0.003687,0.004455,-0.001956,-0.003985,0.001980,-0.001908,-0.000414,0.002700,-0.001246,0.003028,-0.002430,-0.001715,0.001079,-0.000335,-0.001003,,,,,,,,,0.000630,-0.003643,0.003638,0.001276,0.003470,0.000396,0.000215,0.000341,0.002577,-0.005851,0.006230,0.003778,0.005157,0.002449,0.000921,0.002325,0.003482,6,0.49759,0.002449
GEN_CAND_HO_02,gen_candidate/POOL_GEN_HO_02.png,gen,gen_candidate,gen_wex_vmbUDwy,126710BLNR,primary_steel,marketplace gen_candidate (r/Watchexchange),,,be151b65915c51144aa5c482019a4d5add162b276718aa8a75a40484cf7665b0,,Alpha90 pool GEN_HO_02,gen_candidate/POOL_GEN_HO_02.png,accepted,1600,1280,,true,142.74587,0.98754,0.12762,43,11,143.39314,true,10,0.30206,-0.27685,0.40974,-0.01672,0.03047,true,,0.09093,0.41430,0.00816,0.41783,0.41791,-0.41430,0.09093,0.74965,-0.72993,-0.21144,0.60256,,0.90476,0.90000,0.47774,0.64312,0.29825,true,,0.28325,-0.01466,0.28083,0.04169,0.28391,-0.01466,-0.28325,0.34973,0.33823,-0.09939,-0.44856,,0.95238,0.96667,true,,-0.00631,-0.29839,0.05264,-0.29008,0.29482,0.00631,0.29839,0.28143,0.26585,-0.09397,0.15369,,0.85714,0.83333,true,,0.26234,-0.07734,0.27184,-0.02331,0.27284,0.19815,0.18852,0.20787,-0.19302,0.08485,,0.38529,0.95833,1.00000,true,,0.00115,-0.20750,0.04137,-0.20060,0.20482,0.10475,-0.17912,0.26194,-0.25225,-0.07187,,0.29440,0.94444,1.00000,true,,0.11260,-0.30354,0.16959,-0.27257,0.32102,-0.05425,-0.31917,0.08204,-0.07646,0.02951,,0.38498,0.95833,1.00000,true,,0.43665,-0.40850,0.50849,-0.31085,0.59598,-0.13545,-0.58240,0.27322,0.05326,-0.26789,,0.41483,0.90278,1.00000,true,,0.24054,-0.49017,0.33246,-0.42860,0.54243,-0.54477,0.03677,0.11498,-0.11463,0.01649,,0.41049,0.86111,1.00000,true,,0.35273,-0.55387,0.45488,-0.46762,0.65237,-0.58241,0.30330,0.19882,-0.18644,0.07211,,0.39968,0.86111,1.00000,true,,0.25948,-0.51493,0.35508,-0.44674,0.57067,0.03275,0.57568,0.13750,0.09393,0.10305,,0.30969,0.86111,1.00000,true,,0.43245,-0.55468,0.53155,-0.45083,0.69699,0.26414,0.65185,0.23962,0.11441,0.21339,,0.27317,0.81944,1.00000,1272,0.000634,0.002889,0.002914,-0.002889,0.000634,0.005228,-0.005090,-0.001475,0.001975,-0.000102,0.001980,-0.000102,-0.001975,0.002439,0.002359,-0.000693,-0.000044,-0.002081,0.002056,0.000044,0.002081,0.001963,0.001854,-0.000655,0.001830,-0.000539,0.001903,0.001382,0.001315,0.001450,-0.001346,0.000592,0.000008,-0.001447,0.001428,0.000731,-0.001249,0.001827,-0.001759,-0.000501,0.000785,-0.002117,0.002239,-0.000378,-0.002226,0.000572,-0.000533,0.000206,0.003045,-0.002849,0.004156,-0.000945,-0.004062,0.001905,0.000371,-0.001868,0.001677,-0.003418,0.003783,-0.003799,0.000256,0.000802,-0.000799,0.000115,0.002460,-0.003863,0.004550,-0.004062,0.002115,0.001387,-0.001300,0.000503,0.001810,-0.003591,0.003980,0.000228,0.004015,0.000959,0.000655,0.000719,0.003016,-0.003868,0.004861,0.001842,0.004546,0.001671,0.000798,0.001488,0.002857,8,0.27322,0.001905
RL_THEONE_BLNR,rl_controls/RL_THEONE_BLNR.png,rep,rl_control,rep_theonewatches_blnr_user,126710BLNR,primary_steel,"rep (user-supplied, Theonewatches)",,,a3bb9bcbd061ef27d21f594a57db343d5daa849b6d0c11677c9b69c955b93c3b,,Alpha96 phone regression reference,rl_controls/RL_THEONE_BLNR.png,accepted,1600,1200,,true,164.27766,0.98777,0.13825,44,11,165.12053,true,10,-0.52118,0.07976,0.52725,0.18931,0.05586,true,,-0.91407,1.20240,-0.90886,1.19567,1.50188,-1.20240,-0.91407,1.45431,-1.36950,-0.51570,0.96493,,0.95238,0.93333,0.99001,0.88554,0.76642,true,,-1.24226,0.83299,-1.23417,0.81358,1.47820,0.83299,1.24226,0.77680,0.51424,0.59367,0.33127,,1.00000,1.00000,true,,-0.55082,-0.22942,-0.53272,-0.22853,0.57967,0.55082,0.22942,0.27909,-0.21224,0.19058,-0.84910,,1.00000,0.93333,true,,-0.94444,-0.12173,-0.94021,-0.11770,0.94755,-0.36680,-0.87877,0.65672,-0.28573,-0.59456,,0.10234,0.84722,1.00000,true,,-0.19155,-0.04606,-0.19211,-0.04606,0.19755,-0.14285,-0.13566,0.12585,0.10085,-0.07463,,0.28488,0.84722,0.80000,true,,-0.05001,0.16300,-0.05105,0.16321,0.17101,0.03819,0.16617,0.36121,0.19918,-0.29983,,0.48340,0.79167,1.00000,true,,-0.60402,0.18967,-0.60446,0.18203,0.63128,-0.13775,0.61793,0.20115,-0.19994,-0.01069,,0.36242,0.66667,0.81667,true,,-0.67168,0.51047,-0.66160,0.49773,0.82791,0.77792,0.32646,0.28733,0.18870,-0.21945,,0.42383,0.90278,1.00000,true,,-0.75548,0.25040,-0.73637,0.24016,0.77454,0.77946,0.16088,0.16193,0.02761,-0.16185,,0.16841,0.75000,1.00000,true,,-0.35647,-0.44184,-0.34275,-0.43473,0.55360,0.52963,0.20440,0.42335,-0.13950,0.40870,,-0.32656,0.90278,1.00000,true,,-0.26114,-0.16588,-0.25401,-0.16265,0.30162,0.27422,-0.14321,0.27522,-0.17173,0.22371,,0.01209,0.83333,1.00000,1552,-0.005536,0.007282,0.009096,-0.007282,-0.005536,0.008808,-0.008294,-0.003123,-0.007523,0.005045,0.008952,0.005045,0.007523,0.004704,0.003114,0.003595,-0.003336,-0.001389,0.003511,0.003336,0.001389,0.001690,-0.001285,0.001154,-0.005720,-0.000737,0.005739,-0.002221,-0.005322,0.003977,-0.001730,-0.003601,-0.001160,-0.000279,0.001196,-0.000865,-0.000822,0.000762,0.000611,-0.000452,-0.000303,0.000987,0.001036,0.000231,0.001006,0.002188,0.001206,-0.001816,-0.003658,0.001149,0.003823,-0.000834,0.003742,0.001218,-0.001211,-0.000065,-0.004068,0.003091,0.005014,0.004711,0.001977,0.001740,0.001143,-0.001329,-0.004575,0.001516,0.004691,0.004721,0.000974,0.000981,0.000167,-0.000980,-0.002159,-0.002676,0.003353,0.003208,0.001238,0.002564,-0.000845,0.002475,-0.001582,-0.001005,0.001827,0.001661,-0.000867,0.001667,-0.001040,0.001355,0.003193,8,0.65672,0.003977
RL_USER_BATGIRL,rl_controls/USER_BATGIRL_GMT.jpg,rep,rl_control,rep_user_batgirl,126710BLNR,primary_steel,rep (user-supplied),,,8c1da721db4c2f70ad1ca666010008024e72e7489a4da5f7447d615d69402471,,Alpha96 phone regression reference; chat-compressed copy (960x1280),rl_controls/USER_BATGIRL_GMT.jpg,accepted,960,1280,,true,204.14534,0.99919,0.21239,44,11,205.02430,true,10,0.01695,-0.70489,0.70509,0.06356,0.11362,false,hand/occluder crosses outline (clean 0.70),,,,,,,,,,,,,0.66667,0.70000,,,,true,,-0.79700,-0.43181,-0.80101,-0.42197,0.90536,-0.43181,0.79700,0.54423,0.17613,0.51634,0.77606,,1.00000,1.00000,true,,0.14534,-1.92277,0.12029,-1.91597,1.91974,-0.14534,1.92277,0.93099,-0.21741,0.90943,-1.51981,,1.00000,0.86667,true,,0.45718,-0.67697,0.44748,-0.68227,0.81593,0.81487,0.05744,0.10172,0.08408,0.05736,,0.32693,0.95833,1.00000,true,,-0.55028,-0.81680,-0.56188,-0.80754,0.98378,-0.06816,-0.98251,0.90173,-0.55005,-0.71442,,0.24607,1.00000,1.00000,true,,0.18315,-0.06661,0.18248,-0.06892,0.19506,0.12531,-0.14926,0.37913,0.34976,0.14515,,0.43566,0.98611,1.00000,true,,-0.21364,-0.65538,-0.22252,-0.65266,0.68955,-0.67440,-0.14267,0.20607,-0.18177,-0.09716,,0.48860,1.00000,1.00000,true,,-0.21186,-0.26837,-0.21439,-0.26522,0.34104,-0.12649,0.31766,0.52017,0.39247,-0.34316,,0.46518,0.98611,1.00000,true,,0.16771,-0.24397,0.16361,-0.24515,0.29473,-0.26722,0.12743,0.79818,0.00283,-0.80157,,0.46122,0.98611,1.00000,true,,0.08987,-1.20944,0.07407,-1.20458,1.20686,0.52689,1.09234,0.16342,0.09060,0.13702,,0.33115,0.93056,1.00000,true,,0.58741,-0.97988,0.57162,-0.98425,1.13820,0.55489,0.99865,0.32655,-0.14957,0.29223,,0.29371,0.91667,1.00000,1203,,,,,,,,,-0.003887,-0.002106,0.004416,-0.002106,0.003887,0.002654,0.000859,0.002518,0.000709,-0.009378,0.009363,-0.000709,0.009378,0.004541,-0.001060,0.004436,0.002230,-0.003302,0.003980,0.003975,0.000280,0.000496,0.000410,0.000280,-0.002684,-0.003984,0.004798,-0.000332,-0.004792,0.004398,-0.002683,-0.003485,0.000893,-0.000325,0.000951,0.000611,-0.000728,0.001849,0.001706,0.000708,-0.001042,-0.003197,0.003363,-0.003289,-0.000696,0.001005,-0.000887,-0.000474,-0.001033,-0.001309,0.001663,-0.000617,0.001549,0.002537,0.001914,-0.001674,0.000818,-0.001190,0.001438,-0.001303,0.000622,0.003893,0.000014,-0.003910,0.000438,-0.005899,0.005886,0.002570,0.005328,0.000797,0.000442,0.000668,0.002865,-0.004779,0.005552,0.002706,0.004871,0.001593,-0.000730,0.001425,0.003439,8,0.90173,0.004398
RL_LOCAL_BLNR,rl_controls/RL_LOCAL_BLNR.png,rep,rl_control,rep_vsf_7s6PyXJ,126710BLNR,primary_steel,rep_labelled,,,44348dc753856bd5bb5e5e28101060191f03fd0ddcef3fc40b00e3cac31d1ba7,,Alpha90 pool RL_LOCAL_01: 6 left; 12 slightly tilted,rl_controls/RL_LOCAL_BLNR.png,accepted,1600,900,,true,217.59684,0.99125,0.13652,42,10,219.72089,true,6,-0.47149,0.12721,0.48835,0.69652,0.54986,true,,-1.85933,-0.91462,-1.84511,-0.88921,2.04820,0.91462,-1.85933,3.04267,-0.18037,-3.06606,0.78744,,1.00000,1.00000,0.75238,1.11112,1.82103,true,,-2.83977,1.71742,-2.78441,1.66172,3.24257,1.71742,2.83977,0.86308,0.43377,0.76911,-0.01292,,0.95238,0.96667,false,hand/occluder crosses outline (clean 0.37),,,,,,,,,,,,,0.61905,0.36667,true,,1.68469,0.17196,1.68648,0.15417,1.69351,0.69342,1.54497,0.27006,-0.20038,0.18137,,0.81473,0.63889,1.00000,true,,1.46134,0.87159,1.47312,0.86370,1.70765,0.82976,1.48549,0.11920,0.06422,-0.10009,,0.78249,0.72222,1.00000,true,,-0.01066,2.05861,-0.00853,2.04722,2.04724,1.02007,1.78814,0.30290,0.12647,-0.27587,,0.78525,1.00000,1.00000,true,,-1.15499,1.73824,-1.14395,1.70761,2.05538,0.92786,1.86937,0.36786,-0.18772,-0.32289,,0.89071,0.91667,1.00000,true,,-2.31124,0.26884,-2.24688,0.24443,2.26013,1.38844,1.86717,0.27610,-0.20557,-0.19704,,0.83143,0.97222,1.00000,false,hand/occluder crosses outline (clean 0.58),,,,,,,,,,,,,0.62500,0.58333,false,outline coverage 0.58; 8/8 octants,,,,,,,,,,,,,0.58333,1.00000,false,outline coverage 0.57; 7/8 octants,,,,,,,,,,,,,0.56944,1.00000,1101,-0.008462,-0.004163,0.009322,0.004163,-0.008462,0.013848,-0.000821,-0.013954,-0.012924,0.007816,0.014758,0.007816,0.012924,0.003928,0.001974,0.003500,,,,,,,,,0.007667,0.000783,0.007708,0.003156,0.007032,0.001229,-0.000912,0.000825,0.006651,0.003967,0.007772,0.003776,0.006761,0.000543,0.000292,-0.000456,-0.000049,0.009369,0.009317,0.004643,0.008138,0.001379,0.000576,-0.001256,-0.005257,0.007911,0.009355,0.004223,0.008508,0.001674,-0.000854,-0.001470,-0.010519,0.001224,0.010286,0.006319,0.008498,0.001257,-0.000936,-0.000897,,,,,,,,,,,,,,,,,,,,,,,,,0.002223,5,0.36786,0.001674
RL_ARF_BLRO_CROOKED6,rl_controls/RL_ARF_BLRO_CROOKED6.png,rep,rl_control,rep_arf_blro_crooked6,126710BLRO,primary_steel,rep_labelled,,,700ec13c548af7210fd2de6a80a82bfede464f9849060b85d5a4457e06549d2e,,reported crooked 6,rl_controls/RL_ARF_BLRO_CROOKED6.png,accepted,1600,1200,,true,233.52407,0.99126,0.13766,42,11,234.27309,true,9,-0.03722,1.12879,1.12940,0.95304,-0.04813,true,,-2.36248,-1.62842,-2.38600,-1.61994,2.88396,1.62842,-2.36248,2.38021,0.97742,-2.15823,0.27663,,1.00000,1.00000,0.03006,0.61854,0.61474,true,,0.28305,1.96365,0.29778,1.93361,1.95640,1.96365,-0.28305,0.86190,-0.85559,-0.18142,0.00826,,1.00000,1.00000,true,,-1.37403,1.15043,-1.35321,1.15379,1.77831,1.37403,-1.15043,0.37991,-0.35887,0.13148,-0.03718,,1.00000,1.00000,true,,0.33238,-0.25485,0.33239,-0.25906,0.42142,0.38690,0.16042,0.47306,-0.42290,-0.20559,,0.56691,0.86111,1.00000,false,hand/occluder crosses outline (clean 0.65),,,,,,,,,,,,,0.80556,0.65000,true,,1.96332,2.02316,1.96651,1.99292,2.79981,2.71186,0.77045,0.37718,0.37114,-0.07456,,0.63901,1.00000,1.00000,true,,1.02074,3.00891,1.03276,2.96313,3.13795,3.11617,0.62047,0.37954,0.34343,0.17309,,0.72719,0.90278,0.99444,true,,-1.52800,2.35347,-1.49022,2.32870,2.76471,2.80217,0.14655,0.82694,-0.01755,0.83247,,0.73914,1.00000,1.00000,true,,-1.72842,3.25502,-1.67432,3.23064,3.63874,3.12436,-1.95472,1.07957,0.70227,-0.83678,,0.72223,0.98611,0.98889,true,,-1.24538,1.01456,-1.23078,1.02420,1.60119,0.57125,-1.50132,0.79458,-0.71754,-0.33640,,0.68085,0.90278,1.00000,true,,-1.17543,-1.41356,-1.19409,-1.41083,1.84832,1.81189,-0.31117,1.06381,0.95512,0.45612,,0.54734,0.86111,1.00000,1668,-0.010084,-0.006951,0.012310,0.006951,-0.010084,0.010160,0.004172,-0.009212,0.001208,0.008382,0.008351,0.008382,-0.001208,0.003679,-0.003652,-0.000774,-0.005865,0.004911,0.007591,0.005865,-0.004911,0.001622,-0.001532,0.000561,0.001419,-0.001088,0.001799,0.001651,0.000685,0.002019,-0.001805,-0.000878,,,,,,,,,0.008380,0.008636,0.011951,0.011576,0.003289,0.001610,0.001584,-0.000318,0.004357,0.012844,0.013394,0.013301,0.002648,0.001620,0.001466,0.000739,-0.006522,0.010046,0.011801,0.011961,0.000626,0.003530,-0.000075,0.003553,-0.007378,0.013894,0.015532,0.013336,-0.008344,0.004608,0.002998,-0.003572,-0.005316,0.004331,0.006835,0.002438,-0.006408,0.003392,-0.003063,-0.001436,-0.005017,-0.006034,0.007890,0.007734,-0.001328,0.004541,0.004077,0.001947,0.004821,7,1.07957,0.004608
