photo_id,local_path,class_label,group,physical_watch_id,model,layout_group,provenance,source,split,sha256,image_url,notes,path,status,width,height,pose_reason,twelve_phase_used,dial_radius_px_edge,ellipse_ratio,tick_rms_px,ticks_used,tick_sectors,dial_radius_px,ring_usable,ring_n,ring_shift_x_px,ring_shift_y_px,ring_shift_px,ring_scale_pct,ring_rotation_deg,m12_usable,m12_reason,m12_right_px,m12_down_px,m12_raw_dx_px,m12_raw_dy_px,m12_raw_px,m12_radial_px,m12_tangential_px,m12_local_px,m12_local_radial_px,m12_local_tangential_px,m12_rotation_deg,m12_radius_err_px,m12_edge_support,m12_outline_integrity,m12_left_side_err_deg,m12_right_side_err_deg,m12_base_tilt_deg,m6_usable,m6_reason,m6_right_px,m6_down_px,m6_raw_dx_px,m6_raw_dy_px,m6_raw_px,m6_radial_px,m6_tangential_px,m6_local_px,m6_local_radial_px,m6_local_tangential_px,m6_rotation_deg,m6_radius_err_px,m6_edge_support,m6_outline_integrity,m9_usable,m9_reason,m9_right_px,m9_down_px,m9_raw_dx_px,m9_raw_dy_px,m9_raw_px,m9_radial_px,m9_tangential_px,m9_local_px,m9_local_radial_px,m9_local_tangential_px,m9_rotation_deg,m9_radius_err_px,m9_edge_support,m9_outline_integrity,m1_usable,m1_reason,m1_right_px,m1_down_px,m1_raw_dx_px,m1_raw_dy_px,m1_raw_px,m1_radial_px,m1_tangential_px,m1_local_px,m1_local_radial_px,m1_local_tangential_px,m1_rotation_deg,m1_radius_err_px,m1_edge_support,m1_outline_integrity,m2_usable,m2_reason,m2_right_px,m2_down_px,m2_raw_dx_px,m2_raw_dy_px,m2_raw_px,m2_radial_px,m2_tangential_px,m2_local_px,m2_local_radial_px,m2_local_tangential_px,m2_rotation_deg,m2_radius_err_px,m2_edge_support,m2_outline_integrity,m4_usable,m4_reason,m4_right_px,m4_down_px,m4_raw_dx_px,m4_raw_dy_px,m4_raw_px,m4_radial_px,m4_tangential_px,m4_local_px,m4_local_radial_px,m4_local_tangential_px,m4_rotation_deg,m4_radius_err_px,m4_edge_support,m4_outline_integrity,m5_usable,m5_reason,m5_right_px,m5_down_px,m5_raw_dx_px,m5_raw_dy_px,m5_raw_px,m5_radial_px,m5_tangential_px,m5_local_px,m5_local_radial_px,m5_local_tangential_px,m5_rotation_deg,m5_radius_err_px,m5_edge_support,m5_outline_integrity,m7_usable,m7_reason,m7_right_px,m7_down_px,m7_raw_dx_px,m7_raw_dy_px,m7_raw_px,m7_radial_px,m7_tangential_px,m7_local_px,m7_local_radial_px,m7_local_tangential_px,m7_rotation_deg,m7_radius_err_px,m7_edge_support,m7_outline_integrity,m8_usable,m8_reason,m8_right_px,m8_down_px,m8_raw_dx_px,m8_raw_dy_px,m8_raw_px,m8_radial_px,m8_tangential_px,m8_local_px,m8_local_radial_px,m8_local_tangential_px,m8_rotation_deg,m8_radius_err_px,m8_edge_support,m8_outline_integrity,m10_usable,m10_reason,m10_right_px,m10_down_px,m10_raw_dx_px,m10_raw_dy_px,m10_raw_px,m10_radial_px,m10_tangential_px,m10_local_px,m10_local_radial_px,m10_local_tangential_px,m10_rotation_deg,m10_radius_err_px,m10_edge_support,m10_outline_integrity,m11_usable,m11_reason,m11_right_px,m11_down_px,m11_raw_dx_px,m11_raw_dy_px,m11_raw_px,m11_radial_px,m11_tangential_px,m11_local_px,m11_local_radial_px,m11_local_tangential_px,m11_rotation_deg,m11_radius_err_px,m11_edge_support,m11_outline_integrity,ms,m12_right_R,m12_down_R,m12_raw_R,m12_radial_R,m12_tangential_R,m12_local_R,m12_local_radial_R,m12_local_tangential_R,m6_right_R,m6_down_R,m6_raw_R,m6_radial_R,m6_tangential_R,m6_local_R,m6_local_radial_R,m6_local_tangential_R,m9_right_R,m9_down_R,m9_raw_R,m9_radial_R,m9_tangential_R,m9_local_R,m9_local_radial_R,m9_local_tangential_R,m1_right_R,m1_down_R,m1_raw_R,m1_radial_R,m1_tangential_R,m1_local_R,m1_local_radial_R,m1_local_tangential_R,m2_right_R,m2_down_R,m2_raw_R,m2_radial_R,m2_tangential_R,m2_local_R,m2_local_radial_R,m2_local_tangential_R,m4_right_R,m4_down_R,m4_raw_R,m4_radial_R,m4_tangential_R,m4_local_R,m4_local_radial_R,m4_local_tangential_R,m5_right_R,m5_down_R,m5_raw_R,m5_radial_R,m5_tangential_R,m5_local_R,m5_local_radial_R,m5_local_tangential_R,m7_right_R,m7_down_R,m7_raw_R,m7_radial_R,m7_tangential_R,m7_local_R,m7_local_radial_R,m7_local_tangential_R,m8_right_R,m8_down_R,m8_raw_R,m8_radial_R,m8_tangential_R,m8_local_R,m8_local_radial_R,m8_local_tangential_R,m10_right_R,m10_down_R,m10_raw_R,m10_radial_R,m10_tangential_R,m10_local_R,m10_local_radial_R,m10_local_tangential_R,m11_right_R,m11_down_R,m11_raw_R,m11_radial_R,m11_tangential_R,m11_local_R,m11_local_radial_R,m11_local_tangential_R,ring_shift_R,rounds_usable,rounds_max_local_px,rounds_max_local_R
49ba843c0a7e19d7,images/49/49ba843c0a7e19d7ca00fd558a3d7f14544925f55d6d0ac7047fe4a4208fce81.jpg,gen,genuine_population,bobs_175818,126710BLNR,primary_steel,established_dealer,https://bobswatches.com/rolex-gmt-master-ii-batman-126710blnr.html,,49ba843c0a7e19d7ca00fd558a3d7f14544925f55d6d0ac7047fe4a4208fce81,https://www.bobswatches.com/images/zUsed-Rolex-GMT-Master-II-126710-Black-Chromalight-Dial-SKU175818.jpg,harvest pose=CORRECTABLE decision=QUARANTINE,images/49/49ba843c0a7e19d7ca00fd558a3d7f14544925f55d6d0ac7047fe4a4208fce81.jpg,accepted,1412,2160,,true,432.62919,0.98897,0.15572,46,11,433.77950,true,10,0.17523,-0.06682,0.18753,0.05072,-0.01686,true,,-0.44969,1.02337,-0.45940,1.01554,1.11462,-1.02337,-0.44969,1.36718,-1.26783,-0.52210,0.18744,,1.00000,1.00000,0.08949,0.30180,0.24663,true,,0.25439,0.97754,0.24534,0.98300,1.01315,0.97754,-0.25439,0.88290,0.88006,0.01641,0.45871,,0.71429,0.96667,true,,-1.27260,0.20267,-1.27753,0.18939,1.29149,1.27260,-0.20267,1.29564,1.28089,-0.17492,0.22677,,1.00000,1.00000,true,,-0.04366,-0.34305,-0.04051,-0.34260,0.34499,0.27526,-0.20934,0.22775,-0.05021,-0.22231,,0.32089,0.94444,1.00000,true,,0.54729,-0.33113,0.54947,-0.32455,0.63816,0.63953,-0.01312,0.28192,0.27535,0.06287,,0.39127,0.90278,1.00000,true,,-0.04765,-0.46037,-0.04375,-0.46137,0.46344,-0.27145,-0.37487,0.58141,-0.56699,-0.12446,,0.45259,0.79167,1.00000,true,,0.18109,-0.10148,0.18227,-0.09993,0.20786,0.00266,-0.20757,0.22012,-0.20391,0.08155,,0.36206,0.84722,1.00000,true,,0.27045,-0.11352,0.27240,-0.11118,0.29422,-0.23353,-0.17746,0.27005,-0.26569,0.04302,,0.35970,0.98611,1.00000,true,,0.57184,0.23199,0.57084,0.23837,0.61861,-0.37923,-0.48683,0.51624,-0.37268,-0.35532,,0.40846,0.95833,1.00000,true,,0.77708,-0.05495,0.77865,-0.04644,0.78004,-0.64549,0.43613,0.81056,-0.70758,0.39323,,0.42344,0.91667,1.00000,true,,0.15529,-0.43164,0.15986,-0.42902,0.45784,0.29616,0.35030,0.30487,0.14511,0.26868,,0.41583,0.88889,1.00000,2875,-0.001037,0.002359,0.002570,-0.002359,-0.001037,0.003152,-0.002923,-0.001204,0.000586,0.002254,0.002336,0.002254,-0.000586,0.002035,0.002029,0.000038,-0.002934,0.000467,0.002977,0.002934,-0.000467,0.002987,0.002953,-0.000403,-0.000101,-0.000791,0.000795,0.000635,-0.000483,0.000525,-0.000116,-0.000512,0.001262,-0.000763,0.001471,0.001474,-0.000030,0.000650,0.000635,0.000145,-0.000110,-0.001061,0.001068,-0.000626,-0.000864,0.001340,-0.001307,-0.000287,0.000417,-0.000234,0.000479,0.000006,-0.000479,0.000507,-0.000470,0.000188,0.000623,-0.000262,0.000678,-0.000538,-0.000409,0.000623,-0.000613,0.000099,0.001318,0.000535,0.001426,-0.000874,-0.001122,0.001190,-0.000859,-0.000819,0.001791,-0.000127,0.001798,-0.001488,0.001005,0.001869,-0.001631,0.000907,0.000358,-0.000995,0.001055,0.000683,0.000808,0.000703,0.000335,0.000619,0.000432,8,0.81056,0.001869
cae9ed4ca889fc44,images/ca/cae9ed4ca889fc44d149349edba5ea03d9f8624d9a26bf2abe4ef115daf422d0.jpg,gen,genuine_population,bobs_185749,126710BLNR,primary_steel,established_dealer,https://bobswatches.com/pre-owned-rolex-gmt-master-ii-ref-126710blnr.html,,cae9ed4ca889fc44d149349edba5ea03d9f8624d9a26bf2abe4ef115daf422d0,https://www.bobswatches.com/images/zUsed-Rolex-GMT-Master-II-126710-Black-Dial-SKU185749.jpg,harvest pose=CORRECTABLE decision=QUARANTINE,images/ca/cae9ed4ca889fc44d149349edba5ea03d9f8624d9a26bf2abe4ef115daf422d0.jpg,missing,,,,,,,,,,,,,,,,,,,,,,,,,,,,,,,,,,,,,,,,,,,,,,,,,,,,,,,,,,,,,,,,,,,,,,,,,,,,,,,,,,,,,,,,,,,,,,,,,,,,,,,,,,,,,,,,,,,,,,,,,,,,,,,,,,,,,,,,,,,,,,,,,,,,,,,,,,,,,,,,,,,,,,,,,,,,,,,,,,,,,,,,,,,,,,,,,,,,,,,,,,,,,,,,,,,,,,,,,,,,,,,,,,,,,,,,,,,,,,,,,,,,,,,,,,,,,,,,,,,,,,,,,,,,,,,,,,,,,,,,,,,,,,,,,
641dc405c27149d0,images/64/641dc405c27149d0e62efb803365d0ab1a803b380dd8185788099923cfc7badb.jpg,gen,genuine_population,gen_126710BLRO_phillips_122669,126710BLRO,primary_steel,auction_house,https://phillips.com/detail/rolex/122669,,641dc405c27149d0e62efb803365d0ab1a803b380dd8185788099923cfc7badb,https://dist.phillips.com/auction-assets/CH080218/1_001.jpg?bg-color=0&pad=0&fit=bounds&disable-upscale&height=4000&optimize=medium&width=2000,harvest pose=GOOD decision=QUARANTINE,images/64/641dc405c27149d0e62efb803365d0ab1a803b380dd8185788099923cfc7badb.jpg,pose_rejected,1500,1748,overlay unavailable: minute-lattice median residual too high (wrong local fit),false,,,,0,0,,,,,,,,,,,,,,,,,,,,,,,,,,,,,,,,,,,,,,,,,,,,,,,,,,,,,,,,,,,,,,,,,,,,,,,,,,,,,,,,,,,,,,,,,,,,,,,,,,,,,,,,,,,,,,,,,,,,,,,,,,,,,,,,,,,,,,,,,,,,,,,,,,,,,,,,,,,,,,,,,,,,,,,,,,,,,,,,,,,,,,,,,,,,,,,,,,,,,,,,,,,,,,,,,,,,,,,,,,,,,,,,,,,,,,,,,,,,,,,,,,,,,,,,,,,,,,,,,,,,,,,,,,,,,,,,,,,,,,,,
68b9f82bb2ddbf29,images/68/68b9f82bb2ddbf29da1342be3cbc3bbcbc1fc6af4d11348363da46a139bee0fd.jpg,gen,genuine_population,gen_126710BLRO_phillips_146213,126710BLRO,primary_steel,auction_house,https://phillips.com/detail/rolex/146213,,68b9f82bb2ddbf29da1342be3cbc3bbcbc1fc6af4d11348363da46a139bee0fd,https://dist.phillips.com/auction-assets/NY080120/2_001.jpg?fit=cover&offset-x=50&offset-y=100&width=928,harvest pose=CORRECTABLE decision=ACCEPT,images/68/68b9f82bb2ddbf29da1342be3cbc3bbcbc1fc6af4d11348363da46a139bee0fd.jpg,accepted,928,1068,,true,244.81385,0.99560,0.20367,45,11,243.76226,true,10,-0.69251,0.23941,0.73272,-0.06846,0.07407,true,,-0.62445,1.77810,-0.60827,1.79104,1.89151,-1.77810,-0.62445,1.42743,-1.41018,-0.17910,0.07011,,0.95238,1.00000,-0.17433,0.28082,-0.05019,true,,0.49705,0.65527,0.49993,0.65561,0.82448,0.65527,-0.49705,1.53018,0.54672,-1.43221,0.20588,,0.95238,0.93333,true,,-1.26935,-0.33525,-1.25907,-0.32795,1.30108,1.26935,0.33525,0.76728,0.69816,0.33185,-0.58209,,1.00000,1.00000,true,,-0.61877,0.55927,-0.61422,0.56785,0.83649,-0.79372,-0.25623,0.10982,-0.10635,-0.02586,,0.05910,0.84722,1.00000,true,,-0.41899,0.36382,-0.41705,0.36938,0.55711,-0.54477,0.10558,0.31298,0.31194,-0.00510,,0.12646,0.68056,0.98889,true,,-1.26344,0.21773,-1.26364,0.22430,1.28339,-0.98530,0.82028,0.36474,-0.36316,0.01240,,0.13265,0.79167,1.00000,true,,-1.35488,0.22159,-1.35168,0.22656,1.37053,-0.48554,1.28416,0.36850,-0.20444,0.30694,,0.20086,0.90278,0.98333,true,,-0.97631,-0.14818,-0.96994,-0.14544,0.98078,0.35983,0.91960,0.18558,-0.05627,0.17694,,0.30536,0.90278,1.00000,true,,-0.67193,-0.34344,-0.66799,-0.34066,0.74984,0.41019,0.63339,0.29042,-0.17525,0.23178,,0.30365,1.00000,1.00000,true,,-0.34375,0.18915,-0.33891,0.19187,0.38946,0.20313,-0.33569,0.15248,-0.14776,-0.04009,,0.33401,0.94444,1.00000,true,,-0.23138,0.60168,-0.22495,0.60509,0.64555,-0.40538,-0.50122,0.41695,-0.41521,-0.03629,,0.25406,0.81944,1.00000,1346,-0.002562,0.007294,0.007760,-0.007294,-0.002562,0.005856,-0.005785,-0.000735,0.002039,0.002688,0.003382,0.002688,-0.002039,0.006277,0.002243,-0.005875,-0.005207,-0.001375,0.005337,0.005207,0.001375,0.003148,0.002864,0.001361,-0.002538,0.002294,0.003432,-0.003256,-0.001051,0.000451,-0.000436,-0.000106,-0.001719,0.001493,0.002285,-0.002235,0.000433,0.001284,0.001280,-0.000021,-0.005183,0.000893,0.005265,-0.004042,0.003365,0.001496,-0.001490,0.000051,-0.005558,0.000909,0.005622,-0.001992,0.005268,0.001512,-0.000839,0.001259,-0.004005,-0.000608,0.004024,0.001476,0.003773,0.000761,-0.000231,0.000726,-0.002756,-0.001409,0.003076,0.001683,0.002598,0.001191,-0.000719,0.000951,-0.001410,0.000776,0.001598,0.000833,-0.001377,0.000626,-0.000606,-0.000164,-0.000949,0.002468,0.002648,-0.001663,-0.002056,0.001710,-0.001703,-0.000149,0.003006,8,0.41695,0.001710
4de80a08ea1d9983,images/4d/4de80a08ea1d998386ad9390c59b9bf7ad569797574dc98c1da8256dd9ed2820.jpg,gen,genuine_population,gen_126710BLRO_phillips_146213,126710BLRO,primary_steel,auction_house,https://phillips.com/detail/rolex/146213,,4de80a08ea1d998386ad9390c59b9bf7ad569797574dc98c1da8256dd9ed2820,https://dist.phillips.com/auction-assets/NY080120/2_001.jpg?fit=cover&optimize=medium&width=1302,harvest pose=GOOD decision=ACCEPT,images/4d/4de80a08ea1d998386ad9390c59b9bf7ad569797574dc98c1da8256dd9ed2820.jpg,accepted,1302,1499,,true,343.31714,0.99126,0.23277,45,11,342.08556,true,10,-1.11588,0.26388,1.14665,-0.08708,0.10030,true,,-0.91950,2.59903,-0.89608,2.61867,2.76774,-2.59903,-0.91950,2.13199,-2.10471,-0.27555,-0.07555,,0.90476,1.00000,-0.27691,0.21754,0.25106,true,,-1.50036,0.75317,-1.48790,0.75964,1.67060,0.75317,1.50036,0.72812,0.72183,-0.07434,-0.35892,,0.71429,0.93333,true,,-1.84626,-0.57157,-1.83165,-0.56089,1.91560,1.84626,0.57157,1.01198,0.94868,0.37566,-0.13993,,1.00000,1.00000,true,,-0.95096,0.72321,-0.94503,0.73595,1.19779,-1.10180,-0.46195,0.12962,-0.07649,-0.10469,,-0.10591,0.75000,1.00000,true,,-0.89887,0.55459,-0.89642,0.56532,1.05979,-1.05574,0.03085,0.31103,0.28663,-0.11656,,0.17816,0.70833,0.98333,true,,-1.67524,0.26100,-1.67581,0.26982,1.69740,-1.32030,1.06365,0.31415,-0.23419,-0.20627,,0.13594,0.73611,1.00000,true,,-1.86105,0.24459,-1.85718,0.25141,1.87412,-0.71871,1.73401,0.20118,-0.13727,0.14702,,0.10924,0.73611,0.98333,true,,-1.24454,-0.24735,-1.23679,-0.24391,1.26061,0.40806,1.20148,0.18392,-0.13302,-0.12924,,0.31572,0.94444,1.00000,true,,-0.80470,-0.55581,-0.80097,-0.55258,0.97309,0.41899,0.88369,0.43941,-0.43916,0.05764,,0.31225,1.00000,1.00000,true,,-0.37817,0.09230,-0.37375,0.09528,0.38570,0.28136,-0.26902,0.31921,-0.32052,0.02743,,0.34715,0.95833,1.00000,true,,-0.29223,0.63142,-0.28519,0.63560,0.69665,-0.40071,-0.56879,0.49932,-0.49792,0.04474,,0.33305,0.83333,1.00000,1533,-0.002688,0.007598,0.008091,-0.007598,-0.002688,0.006232,-0.006153,-0.000806,-0.004386,0.002202,0.004884,0.002202,0.004386,0.002128,0.002110,-0.000217,-0.005397,-0.001671,0.005600,0.005397,0.001671,0.002958,0.002773,0.001098,-0.002780,0.002114,0.003501,-0.003221,-0.001350,0.000379,-0.000224,-0.000306,-0.002628,0.001621,0.003098,-0.003086,0.000090,0.000909,0.000838,-0.000341,-0.004897,0.000763,0.004962,-0.003860,0.003109,0.000918,-0.000685,-0.000603,-0.005440,0.000715,0.005479,-0.002101,0.005069,0.000588,-0.000401,0.000430,-0.003638,-0.000723,0.003685,0.001193,0.003512,0.000538,-0.000389,-0.000378,-0.002352,-0.001625,0.002845,0.001225,0.002583,0.001285,-0.001284,0.000168,-0.001105,0.000270,0.001127,0.000822,-0.000786,0.000933,-0.000937,0.000080,-0.000854,0.001846,0.002036,-0.001171,-0.001663,0.001460,-0.001456,0.000131,0.003352,8,0.49932,0.001460
cca876b2faab08dd,images/cc/cca876b2faab08dd4d796ca2fb98d3cb608242ba9a5705d66e19b954e30a89b2.jpg,gen,genuine_population,gen_126710BLRO_phillips_146213,126710BLRO,primary_steel,auction_house,https://phillips.com/detail/rolex/146213,,cca876b2faab08dd4d796ca2fb98d3cb608242ba9a5705d66e19b954e30a89b2,https://dist.phillips.com/auction-assets/NY080120/2_001.jpg?bg-color=0&pad=0&fit=bounds&disable-upscale&height=4000&optimize=medium&width=2000,harvest pose=CORRECTABLE decision=ACCEPT,images/cc/cca876b2faab08dd4d796ca2fb98d3cb608242ba9a5705d66e19b954e30a89b2.jpg,accepted,1500,1727,,true,396.08945,0.98661,0.27478,44,11,394.14665,true,10,-1.24907,0.32215,1.28995,-0.09238,0.10530,true,,-0.87940,3.09547,-0.85297,3.11821,3.23277,-3.09547,-0.87940,2.51135,-2.49118,-0.20170,0.05437,,0.90476,1.00000,-0.28512,0.28424,-0.33463,true,,-1.70420,1.03272,-1.68860,1.04058,1.98347,1.03272,1.70420,1.00233,0.99435,-0.09942,0.16954,,1.00000,0.96667,true,,-1.96296,-0.74918,-1.94872,-0.73757,2.08363,1.96296,0.74918,1.10047,0.98128,0.51548,-0.25371,,1.00000,1.00000,true,,-1.14927,0.92663,-1.14213,0.94283,1.48101,-1.37712,-0.53198,0.26230,-0.18153,-0.18916,,-0.24176,0.66667,1.00000,true,,-1.11951,0.74002,-1.11641,0.75405,1.34721,-1.33953,0.08112,0.25315,0.20134,-0.15069,,0.14005,0.69444,0.98333,true,,-1.84160,0.30739,-1.84198,0.31751,1.86914,-1.44118,1.18701,0.37174,-0.21361,-0.30143,,0.07896,0.75000,1.00000,true,,-2.11021,0.39011,-2.10473,0.39867,2.14216,-0.71726,2.02255,0.19913,-0.06433,0.18883,,0.08146,0.73611,0.97222,true,,-1.36987,-0.35159,-1.36178,-0.34752,1.40542,0.38045,1.36214,0.27147,-0.22324,-0.15828,,0.34428,0.91667,1.00000,true,,-0.89405,-0.70410,-0.89058,-0.70026,1.13292,0.42222,1.05679,0.53445,-0.52675,0.11101,,0.30099,0.95833,1.00000,true,,-0.34051,0.06621,-0.33671,0.06894,0.34369,0.26178,-0.22760,0.37976,-0.37389,0.08325,,0.35469,0.93056,1.00000,true,,-0.34612,0.65287,-0.33863,0.65787,0.73991,-0.39234,-0.62619,0.45402,-0.45338,0.02993,,0.39633,0.83333,1.00000,1564,-0.002231,0.007854,0.008202,-0.007854,-0.002231,0.006372,-0.006320,-0.000512,-0.004324,0.002620,0.005032,0.002620,0.004324,0.002543,0.002523,-0.000252,-0.004980,-0.001901,0.005286,0.004980,0.001901,0.002792,0.002490,0.001308,-0.002916,0.002351,0.003758,-0.003494,-0.001350,0.000665,-0.000461,-0.000480,-0.002840,0.001878,0.003418,-0.003399,0.000206,0.000642,0.000511,-0.000382,-0.004672,0.000780,0.004742,-0.003656,0.003012,0.000943,-0.000542,-0.000765,-0.005354,0.000990,0.005435,-0.001820,0.005131,0.000505,-0.000163,0.000479,-0.003476,-0.000892,0.003566,0.000965,0.003456,0.000689,-0.000566,-0.000402,-0.002268,-0.001786,0.002874,0.001071,0.002681,0.001356,-0.001336,0.000282,-0.000864,0.000168,0.000872,0.000664,-0.000577,0.000963,-0.000949,0.000211,-0.000878,0.001656,0.001877,-0.000995,-0.001589,0.001152,-0.001150,0.000076,0.003273,8,0.53445,0.001356
2a0fdd5920d4301d,images/2a/2a0fdd5920d4301dc0b494fbfe84203b51ef320dbc1ac4449f4df0931e378c58.jpg,gen,genuine_population,gen_126710BLRO_phillips_146213,126710BLRO,primary_steel,auction_house,https://phillips.com/detail/rolex/146213,,2a0fdd5920d4301dc0b494fbfe84203b51ef320dbc1ac4449f4df0931e378c58,https://dist.phillips.com/auction-assets/NY080120/2_001.jpg?fit=cover&offset-x=50&offset-y=100&optimize=medium&width=868,harvest pose=CORRECTABLE decision=ACCEPT,images/2a/2a0fdd5920d4301dc0b494fbfe84203b51ef320dbc1ac4449f4df0931e378c58.jpg,accepted,868,999,,true,229.53058,0.99235,0.22111,45,11,228.13891,true,10,-0.76407,0.27453,0.81190,-0.07699,0.10715,true,,1.26106,0.38296,1.25921,0.37233,1.31310,-0.38296,1.26106,1.68357,0.02650,1.68952,0.46189,,0.95238,1.00000,0.43744,0.26655,-0.34360,true,,-1.15282,0.78168,-1.14137,0.78624,1.38597,0.78168,1.15282,0.64887,0.64524,0.06125,-0.01106,,0.95238,0.93333,true,,-1.25472,-0.34740,-1.24397,-0.33952,1.28947,1.25472,0.34740,0.67887,0.61794,0.29432,-0.54789,,1.00000,1.00000,true,,-0.64966,0.55940,-0.64541,0.56847,0.86007,-0.80929,-0.28292,0.10933,-0.04878,-0.09790,,0.04807,0.83333,1.00000,true,,-0.46142,0.42044,-0.45942,0.42678,0.62706,-0.60982,0.13340,0.34096,0.33382,-0.06169,,0.11490,0.73611,1.00000,true,,-1.25210,0.24974,-1.25214,0.25656,1.27816,-0.95948,0.84233,0.31156,-0.28491,-0.12218,,0.12671,0.79167,1.00000,true,,-1.17655,0.25847,-1.17311,0.26304,1.20224,-0.36443,1.14816,0.07026,-0.06998,0.00052,,0.24946,0.88889,0.99444,true,,-0.83491,-0.12934,-0.82898,-0.12673,0.83861,0.30544,0.78772,0.19078,-0.16952,-0.09084,,0.31609,0.91667,1.00000,true,,-0.59314,-0.31125,-0.58932,-0.30836,0.66512,0.35805,0.56612,0.30517,-0.30005,0.06767,,0.29897,1.00000,1.00000,true,,-0.31314,0.13177,-0.30894,0.13427,0.33686,0.20530,-0.27069,0.18236,-0.18372,0.00027,,0.33073,0.95833,1.00000,true,,-0.19521,0.62245,-0.18896,0.62547,0.65339,-0.44146,-0.48028,0.45093,-0.45037,-0.02619,,0.25925,0.93056,1.00000,1265,0.005528,0.001679,0.005756,-0.001679,0.005528,0.007380,0.000116,0.007406,-0.005053,0.003426,0.006075,0.003426,0.005053,0.002844,0.002828,0.000268,-0.005500,-0.001523,0.005652,0.005500,0.001523,0.002976,0.002709,0.001290,-0.002848,0.002452,0.003770,-0.003547,-0.001240,0.000479,-0.000214,-0.000429,-0.002023,0.001843,0.002749,-0.002673,0.000585,0.001495,0.001463,-0.000270,-0.005488,0.001095,0.005603,-0.004206,0.003692,0.001366,-0.001249,-0.000536,-0.005157,0.001133,0.005270,-0.001597,0.005033,0.000308,-0.000307,0.000002,-0.003660,-0.000567,0.003676,0.001339,0.003453,0.000836,-0.000743,-0.000398,-0.002600,-0.001364,0.002915,0.001569,0.002481,0.001338,-0.001315,0.000297,-0.001373,0.000578,0.001477,0.000900,-0.001187,0.000799,-0.000805,0.000001,-0.000856,0.002728,0.002864,-0.001935,-0.002105,0.001977,-0.001974,-0.000115,0.003559,8,0.45093,0.001977
7b1978419d4aa853,images/7b/7b1978419d4aa853b9c05f57346cccebaece33d834baf4b0eedd38f4975e26c7.jpg,gen,genuine_population,gen_126710BLRO_phillips_146213,126710BLRO,primary_steel,auction_house,https://phillips.com/detail/rolex/146213,,7b1978419d4aa853b9c05f57346cccebaece33d834baf4b0eedd38f4975e26c7,https://dist.phillips.com/auction-assets/NY080120/2_001.jpg?fit=cover&offset-x=50&offset-y=100&width=750,harvest pose=CORRECTABLE decision=ACCEPT,images/7b/7b1978419d4aa853b9c05f57346cccebaece33d834baf4b0eedd38f4975e26c7.jpg,accepted,750,864,,true,198.23444,0.99088,0.21943,45,11,196.96969,true,10,-0.51891,0.18467,0.55079,-0.08955,0.06037,true,,1.14420,0.25117,1.14218,0.24218,1.16758,-0.25117,1.14420,1.49729,0.07060,1.50060,0.32418,,0.90476,1.00000,0.11747,0.21524,-0.81907,true,,0.39533,0.53771,0.39785,0.53846,0.66949,0.53771,-0.39533,1.17966,0.49010,-1.07431,0.31651,,0.90476,0.93333,true,,-1.03962,-0.25519,-1.03188,-0.24942,1.06159,1.03962,0.25519,0.70303,0.65054,0.27928,-0.09677,,1.00000,1.00000,true,,-0.51868,0.45336,-0.51504,0.46071,0.69103,-0.65196,-0.22251,0.09580,-0.09088,-0.02930,,0.09911,0.84722,1.00000,true,,-0.31052,0.28968,-0.30889,0.29410,0.42651,-0.41375,0.09561,0.27485,0.27231,0.03147,,0.17616,0.79167,1.00000,true,,-1.05569,0.13973,-1.05607,0.14531,1.06602,-0.84439,0.64885,0.34582,-0.33913,0.06245,,0.20214,0.80556,1.00000,true,,-1.03781,0.09296,-1.03606,0.09686,1.04058,-0.43839,0.94525,0.30156,-0.19047,0.23386,,0.19131,0.88889,0.98889,true,,-0.72286,-0.18256,-0.71918,-0.18058,0.74150,0.20333,0.71729,0.19990,-0.07101,0.18671,,0.29331,0.87500,1.00000,true,,-0.48820,-0.32621,-0.48632,-0.32449,0.58463,0.25969,0.52661,0.28970,-0.13963,0.25337,,0.28534,0.98611,1.00000,true,,-0.24716,0.15607,-0.24374,0.15821,0.29058,0.13601,-0.25874,0.08268,-0.08251,-0.00971,,0.29538,0.90278,1.00000,true,,-0.14666,0.61258,-0.14092,0.61586,0.63178,-0.45718,-0.43330,0.42325,-0.41836,-0.05929,,0.22149,0.91667,1.00000,1221,0.005809,0.001275,0.005928,-0.001275,0.005809,0.007602,0.000358,0.007618,0.002007,0.002730,0.003399,0.002730,-0.002007,0.005989,0.002488,-0.005454,-0.005278,-0.001296,0.005390,0.005278,0.001296,0.003569,0.003303,0.001418,-0.002633,0.002302,0.003508,-0.003310,-0.001130,0.000486,-0.000461,-0.000149,-0.001576,0.001471,0.002165,-0.002101,0.000485,0.001395,0.001382,0.000160,-0.005360,0.000709,0.005412,-0.004287,0.003294,0.001756,-0.001722,0.000317,-0.005269,0.000472,0.005283,-0.002226,0.004799,0.001531,-0.000967,0.001187,-0.003670,-0.000927,0.003765,0.001032,0.003642,0.001015,-0.000361,0.000948,-0.002479,-0.001656,0.002968,0.001318,0.002674,0.001471,-0.000709,0.001286,-0.001255,0.000792,0.001475,0.000691,-0.001314,0.000420,-0.000419,-0.000049,-0.000745,0.003110,0.003207,-0.002321,-0.002200,0.002149,-0.002124,-0.000301,0.002796,8,0.42325,0.002149
192745d7b04a8a03,images/19/192745d7b04a8a03c75a0dde55da69ea99464c4662b8f15d463897e8425566d4.jpg,gen,genuine_population,gen_126710BLRO_phillips_146213,126710BLRO,primary_steel,auction_house,https://phillips.com/detail/rolex/146213,,192745d7b04a8a03c75a0dde55da69ea99464c4662b8f15d463897e8425566d4,https://dist.phillips.com/auction-assets/NY080120/2_001.jpg?fit=crop&offset-x=50&offset-y=100&height=730,harvest pose=CORRECTABLE decision=ACCEPT,images/19/192745d7b04a8a03c75a0dde55da69ea99464c4662b8f15d463897e8425566d4.jpg,accepted,1500,1727,,true,395.96354,0.98687,0.27681,45,11,394.14177,true,10,-1.20388,0.30256,1.24132,-0.08717,0.11068,true,,-0.91797,3.00988,-0.89180,3.03194,3.16038,-3.00988,-0.91797,2.47278,-2.44114,-0.31533,-0.01329,,0.80952,1.00000,-0.33728,0.27946,-0.12391,true,,-1.71131,0.96439,-1.69625,0.97207,1.95504,0.96439,1.71131,0.93554,0.92966,-0.07473,0.15148,,1.00000,0.96667,true,,-1.95982,-0.74374,-1.94552,-0.73227,2.07877,1.95982,0.74374,1.10082,1.00813,0.46298,-0.25497,,1.00000,1.00000,true,,-0.81066,0.87627,-0.80387,0.88888,1.19847,-1.16420,-0.26391,0.03130,-0.02463,0.01901,,-0.24533,0.69444,1.00000,true,,-1.07637,0.72778,-1.07315,0.74123,1.30425,-1.29606,0.09209,0.25281,0.17914,-0.17596,,0.11908,0.70833,0.98333,true,,-1.84604,0.29174,-1.84657,0.30165,1.87105,-1.45285,1.17567,0.41004,-0.27181,-0.30349,,0.09218,0.70833,1.00000,true,,-2.14586,0.35123,-2.14073,0.35960,2.17072,-0.76876,2.03398,0.25912,-0.13870,0.21918,,0.07947,0.73611,0.97778,true,,-1.33961,-0.36574,-1.33196,-0.36193,1.38026,0.35307,1.34301,0.28666,-0.22799,-0.17762,,0.32400,0.93056,1.00000,true,,-0.87838,-0.68684,-0.87495,-0.68317,1.11007,0.41728,1.03401,0.49954,-0.49941,0.06435,,0.30954,0.95833,1.00000,true,,-0.34111,0.07110,-0.33725,0.07381,0.34523,0.25986,-0.23213,0.36021,-0.36266,0.00933,,0.34731,0.94444,1.00000,true,,-0.32566,0.62110,-0.31853,0.62569,0.70210,-0.37506,-0.59259,0.44691,-0.44661,-0.01550,,0.39312,0.83333,1.00000,1564,-0.002329,0.007637,0.008018,-0.007637,-0.002329,0.006274,-0.006194,-0.000800,-0.004342,0.002447,0.004960,0.002447,0.004342,0.002374,0.002359,-0.000190,-0.004972,-0.001887,0.005274,0.004972,0.001887,0.002793,0.002558,0.001175,-0.002057,0.002223,0.003041,-0.002954,-0.000670,0.000079,-0.000062,0.000048,-0.002731,0.001846,0.003309,-0.003288,0.000234,0.000641,0.000455,-0.000446,-0.004684,0.000740,0.004747,-0.003686,0.002983,0.001040,-0.000690,-0.000770,-0.005444,0.000891,0.005507,-0.001950,0.005161,0.000657,-0.000352,0.000556,-0.003399,-0.000928,0.003502,0.000896,0.003407,0.000727,-0.000578,-0.000451,-0.002229,-0.001743,0.002816,0.001059,0.002623,0.001267,-0.001267,0.000163,-0.000865,0.000180,0.000876,0.000659,-0.000589,0.000914,-0.000920,0.000024,-0.000826,0.001576,0.001781,-0.000952,-0.001503,0.001134,-0.001133,-0.000039,0.003149,8,0.49954,0.001267
406524fb5104d34a,images/40/406524fb5104d34a5e344bcdcd7fbbd021c9919883fb95a0d33311746e3f62dd.jpg,gen,genuine_population,gen_126710BLRO_phillips_146213,126710BLRO,primary_steel,auction_house,https://phillips.com/detail/rolex/146213,,406524fb5104d34a5e344bcdcd7fbbd021c9919883fb95a0d33311746e3f62dd,https://dist.phillips.com/auction-assets/NY080120/2_001.jpg?fit=cover&offset-x=50&offset-y=100&height=700&optimize=medium,harvest pose=CORRECTABLE decision=ACCEPT,images/40/406524fb5104d34a5e344bcdcd7fbbd021c9919883fb95a0d33311746e3f62dd.jpg,accepted,608,700,,true,160.80177,0.99590,0.26552,45,11,159.75828,true,10,-0.34665,0.17314,0.38748,-0.12208,0.05284,true,,1.03437,0.19013,1.03225,0.18135,1.04806,-0.19013,1.03437,1.26933,0.13626,1.26601,0.33596,,1.00000,1.00000,0.22450,0.21458,-0.51136,true,,0.47356,0.37361,0.47421,0.37292,0.60327,0.37361,-0.47356,0.99544,0.35035,-0.93420,0.23538,,1.00000,0.93333,true,,-0.55712,-0.15644,-0.55271,-0.15310,0.57352,0.55712,0.15644,0.41271,0.35500,0.21571,-0.33799,,1.00000,1.00000,true,,-0.37245,0.40077,-0.36941,0.40642,0.54922,-0.53330,-0.12217,0.05804,-0.05240,-0.02461,,0.15458,0.87500,1.00000,true,,-0.37976,0.28099,-0.37851,0.28577,0.47427,-0.46938,0.05346,0.08690,0.07698,-0.03928,,0.29651,0.69444,1.00000,true,,-0.78320,0.13641,-0.78326,0.14055,0.79577,-0.61007,0.50973,0.24433,-0.23423,0.06760,,0.25606,0.83333,1.00000,true,,-0.75979,0.07895,-0.75818,0.08161,0.76256,-0.31152,0.69747,0.22763,-0.12599,0.18987,,0.29694,0.91667,1.00000,true,,-0.59204,-0.11326,-0.58824,-0.11144,0.59870,0.19793,0.56935,0.23356,0.03408,0.23228,,0.31607,0.94444,1.00000,true,,-0.36856,-0.20959,-0.36655,-0.20789,0.42140,0.21439,0.36579,0.21935,-0.01493,0.21902,,0.37597,0.98611,1.00000,true,,-0.10782,0.15658,-0.10551,0.15752,0.18960,0.01508,-0.18951,0.04523,-0.04371,0.01311,,0.29472,0.88889,1.00000,true,,-0.01067,0.49874,-0.00662,0.50009,0.50013,-0.42659,-0.25861,0.29509,-0.29508,0.00948,,0.26810,0.91667,1.00000,1059,0.006475,0.001190,0.006560,-0.001190,0.006475,0.007945,0.000853,0.007925,0.002964,0.002339,0.003776,0.002339,-0.002964,0.006231,0.002193,-0.005848,-0.003487,-0.000979,0.003590,0.003487,0.000979,0.002583,0.002222,0.001350,-0.002331,0.002509,0.003438,-0.003338,-0.000765,0.000363,-0.000328,-0.000154,-0.002377,0.001759,0.002969,-0.002938,0.000335,0.000544,0.000482,-0.000246,-0.004902,0.000854,0.004981,-0.003819,0.003191,0.001529,-0.001466,0.000423,-0.004756,0.000494,0.004773,-0.001950,0.004366,0.001425,-0.000789,0.001188,-0.003706,-0.000709,0.003748,0.001239,0.003564,0.001462,0.000213,0.001454,-0.002307,-0.001312,0.002638,0.001342,0.002290,0.001373,-0.000093,0.001371,-0.000675,0.000980,0.001187,0.000094,-0.001186,0.000283,-0.000274,0.000082,-0.000067,0.003122,0.003131,-0.002670,-0.001619,0.001847,-0.001847,0.000059,0.002425,8,0.29509,0.001847
f73f5f4bb560c8b1,images/f7/f73f5f4bb560c8b1aa464fcfbf2e8a3955ec8f5d0f225fdde0ff11c41e743a8d.jpg,gen,genuine_population,gen_126710BLRO_phillips_146213,126710BLRO,primary_steel,auction_house,https://phillips.com/detail/rolex/146213,,f73f5f4bb560c8b1aa464fcfbf2e8a3955ec8f5d0f225fdde0ff11c41e743a8d,https://dist.phillips.com/auction-assets/NY080120/2_001.jpg?bg-color=ffffff&pad=0&fit=bounds&height=550&optimize=medium&width=605,harvest pose=CORRECTABLE decision=ACCEPT,images/f7/f73f5f4bb560c8b1aa464fcfbf2e8a3955ec8f5d0f225fdde0ff11c41e743a8d.jpg,pose_rejected,478,550,overlay unavailable: minute-lattice median residual too high (wrong local fit),false,,,,0,0,,,,,,,,,,,,,,,,,,,,,,,,,,,,,,,,,,,,,,,,,,,,,,,,,,,,,,,,,,,,,,,,,,,,,,,,,,,,,,,,,,,,,,,,,,,,,,,,,,,,,,,,,,,,,,,,,,,,,,,,,,,,,,,,,,,,,,,,,,,,,,,,,,,,,,,,,,,,,,,,,,,,,,,,,,,,,,,,,,,,,,,,,,,,,,,,,,,,,,,,,,,,,,,,,,,,,,,,,,,,,,,,,,,,,,,,,,,,,,,,,,,,,,,,,,,,,,,,,,,,,,,,,,,,,,,,,,,,,,,,
959b9d718208d34b,images/95/959b9d718208d34bf3f9eef71440c0cf4fd7cafa702ccde8e19dd736ba3a8a43.jpg,gen,genuine_population,gen_126710BLRO_phillips_147798,126710BLRO,primary_steel,auction_house,https://phillips.com/detail/rolex/147798,,959b9d718208d34bf3f9eef71440c0cf4fd7cafa702ccde8e19dd736ba3a8a43,https://dist.phillips.com/auction-assets/HK080220/821_001.jpg?fit=cover&offset-x=50&offset-y=100&width=928,harvest pose=GOOD decision=ACCEPT,images/95/959b9d718208d34bf3f9eef71440c0cf4fd7cafa702ccde8e19dd736ba3a8a43.jpg,accepted,928,1080,,true,250.25978,0.98182,0.16316,44,11,246.87903,true,8,-0.79055,-0.01183,0.79064,-0.00623,0.02307,true,,-0.64949,1.00063,-0.65190,0.99936,1.19318,-1.00063,-0.64949,0.99728,-0.99277,0.06527,0.48375,,1.00000,1.00000,0.43259,0.43967,0.13742,true,,-0.56772,0.23492,-0.56713,0.22926,0.61172,0.23492,0.56772,0.39391,0.25098,-0.30156,-0.17599,,0.95238,1.00000,true,,-1.04066,-0.14667,-1.02784,-0.15644,1.03967,1.04066,0.14667,0.26402,0.25807,0.06716,0.22623,,0.95238,1.00000,true,,-0.99962,0.27128,-0.99926,0.26639,1.03416,-0.73474,-0.73006,0.35063,-0.32898,-0.12084,,0.14665,0.90278,0.97778,false,hand/occluder crosses outline (clean 0.79),,,,,,,,,,,,,0.68056,0.78889,false,hand/occluder crosses outline (clean 0.62),,,,,,,,,,,,,0.51389,0.62222,true,,-0.74850,0.01709,-0.74863,0.00785,0.74867,-0.35945,0.65677,0.12216,0.05400,-0.10962,,0.30407,0.95833,0.95556,true,,-0.73751,-0.37836,-0.72964,-0.38931,0.82700,0.04109,0.82789,0.34489,-0.33967,0.05706,,0.26798,0.90278,1.00000,true,,-1.10752,-0.00068,-1.09606,-0.01293,1.09614,0.95880,0.55434,0.29173,0.28572,0.07259,,0.22095,0.90278,1.00000,true,,-0.55393,-0.28048,-0.54565,-0.28465,0.61544,0.61996,-0.03407,0.28284,-0.05756,0.27839,,0.24192,0.90278,1.00000,true,,-0.63997,0.02076,-0.63426,0.01689,0.63449,0.30201,-0.56461,0.09473,-0.08643,0.04017,,0.14153,0.97222,0.98333,1227,-0.002631,0.004053,0.004833,-0.004053,-0.002631,0.004040,-0.004021,0.000264,-0.002300,0.000952,0.002478,0.000952,0.002300,0.001596,0.001017,-0.001221,-0.004215,-0.000594,0.004211,0.004215,0.000594,0.001069,0.001045,0.000272,-0.004049,0.001099,0.004189,-0.002976,-0.002957,0.001420,-0.001333,-0.000489,,,,,,,,,,,,,,,,,-0.003032,0.000069,0.003033,-0.001456,0.002660,0.000495,0.000219,-0.000444,-0.002987,-0.001533,0.003350,0.000166,0.003353,0.001397,-0.001376,0.000231,-0.004486,-0.000003,0.004440,0.003884,0.002245,0.001182,0.001157,0.000294,-0.002244,-0.001136,0.002493,0.002511,-0.000138,0.001146,-0.000233,0.001128,-0.002592,0.000084,0.002570,0.001223,-0.002287,0.000384,-0.000350,0.000163,0.003203,6,0.35063,0.001420
566ea1840477d363,images/56/566ea1840477d3639fde0b4b921c1e083b414b9dd363152c05bbf93fccd63e49.jpg,gen,genuine_population,gen_126710BLRO_phillips_147798,126710BLRO,primary_steel,auction_house,https://phillips.com/detail/rolex/147798,,566ea1840477d3639fde0b4b921c1e083b414b9dd363152c05bbf93fccd63e49,https://dist.phillips.com/auction-assets/HK080220/821_001.jpg?fit=cover&optimize=medium&width=1302,harvest pose=CORRECTABLE decision=ACCEPT,images/56/566ea1840477d3639fde0b4b921c1e083b414b9dd363152c05bbf93fccd63e49.jpg,accepted,1302,1516,,true,348.77187,0.99620,0.18034,44,11,346.37802,true,8,-1.14077,0.00663,1.14079,0.02641,0.03268,true,,-0.96077,1.37461,-0.96350,1.37310,1.67742,-1.37461,-0.96077,1.43474,-1.43046,0.02745,0.44767,,1.00000,1.00000,0.36343,0.42386,0.05570,true,,-1.01461,0.37668,-1.01297,0.36609,1.07710,0.37668,1.01461,0.40596,0.29037,-0.28071,-0.09343,,0.90476,1.00000,true,,-1.68937,-0.29162,-1.66741,-0.30763,1.69556,1.68937,0.29162,0.49551,0.47419,0.15967,-0.09422,,0.85714,1.00000,true,,-1.34534,0.33305,-1.34473,0.32658,1.38382,-0.96110,-0.99858,0.48080,-0.44744,-0.17523,,0.20609,0.90278,0.94444,false,hand/occluder crosses outline (clean 0.72),,,,,,,,,,,,,0.65278,0.72222,false,hand/occluder crosses outline (clean 0.63),,,,,,,,,,,,,0.44444,0.63333,true,,-1.03047,0.07768,-1.03081,0.06523,1.03287,-0.44796,0.93125,0.23300,0.03582,-0.23054,,0.44802,0.94444,0.99444,true,,-1.10852,-0.33970,-1.09777,-0.35528,1.15383,0.26007,1.12986,0.40190,-0.40227,-0.01468,,0.41288,0.87500,1.00000,true,,-1.66546,0.12879,-1.64829,0.11047,1.65199,1.50673,0.72119,0.42713,0.43119,0.00247,,0.32929,0.83333,1.00000,true,,-0.74304,-0.48468,-0.73094,-0.49037,0.88019,0.88583,0.04822,0.50240,-0.17246,0.47563,,0.41522,0.84722,1.00000,true,,-0.91920,-0.02051,-0.91042,-0.02603,0.91080,0.47736,-0.78580,0.16366,-0.15511,0.05480,,0.23782,0.94444,1.00000,1384,-0.002774,0.003969,0.004843,-0.003969,-0.002774,0.004142,-0.004130,0.000079,-0.002929,0.001087,0.003110,0.001087,0.002929,0.001172,0.000838,-0.000810,-0.004877,-0.000842,0.004895,0.004877,0.000842,0.001431,0.001369,0.000461,-0.003884,0.000962,0.003995,-0.002775,-0.002883,0.001388,-0.001292,-0.000506,,,,,,,,,,,,,,,,,-0.002975,0.000224,0.002982,-0.001293,0.002689,0.000673,0.000103,-0.000666,-0.003200,-0.000981,0.003331,0.000751,0.003262,0.001160,-0.001161,-0.000042,-0.004808,0.000372,0.004769,0.004350,0.002082,0.001233,0.001245,0.000007,-0.002145,-0.001399,0.002541,0.002557,0.000139,0.001450,-0.000498,0.001373,-0.002654,-0.000059,0.002629,0.001378,-0.002269,0.000472,-0.000448,0.000158,0.003293,6,0.50240,0.001450
fc6bb491acf36c86,images/fc/fc6bb491acf36c860d2681eca22f8d55dd4bb4862df37990592936b284e27ccc.jpg,gen,genuine_population,gen_126710BLRO_phillips_147798,126710BLRO,primary_steel,auction_house,https://phillips.com/detail/rolex/147798,,fc6bb491acf36c860d2681eca22f8d55dd4bb4862df37990592936b284e27ccc,https://dist.phillips.com/auction-assets/HK080220/821_001.jpg?bg-color=0&pad=0&fit=bounds&disable-upscale&height=4000&optimize=medium&width=2000,harvest pose=CORRECTABLE decision=ACCEPT,images/fc/fc6bb491acf36c860d2681eca22f8d55dd4bb4862df37990592936b284e27ccc.jpg,accepted,1500,1746,,true,402.65436,0.99128,0.22844,43,11,399.17810,true,8,-1.30740,0.02884,1.30772,-0.00825,0.02535,true,,-1.13417,1.70284,-1.13760,1.70063,2.04604,-1.70284,-1.13417,1.63981,-1.63549,0.03836,0.40694,,1.00000,1.00000,0.32132,0.42984,0.17988,true,,-1.19933,0.37707,-1.19668,0.36359,1.25069,0.37707,1.19933,0.44049,0.36090,-0.24772,-0.01392,,0.90476,1.00000,true,,-1.98566,-0.24116,-1.95959,-0.25985,1.97674,1.98566,0.24116,0.70463,0.69685,0.14883,0.04676,,0.61905,1.00000,true,,-1.54144,0.42330,-1.54096,0.41603,1.59613,-1.13731,-1.12328,0.44442,-0.41817,-0.14968,,0.23605,0.88889,0.95556,false,hand/occluder crosses outline (clean 0.72),,,,,,,,,,,,,0.65278,0.71667,false,hand/occluder crosses outline (clean 0.56),,,,,,,,,,,,,0.41667,0.56111,true,,-1.16562,0.05159,-1.16572,0.03690,1.16631,-0.53814,1.03525,0.28803,0.10993,-0.26650,,0.51916,0.91667,1.00000,true,,-1.17676,-0.60720,-1.16332,-0.62472,1.32045,0.06253,1.32271,0.60600,-0.60308,0.06199,,0.37606,0.75000,1.00000,true,,-1.68156,0.02915,-1.66269,0.01012,1.66272,1.47085,0.81554,0.33937,0.33942,0.05067,,0.31388,0.72222,1.00000,true,,-0.84777,-0.11792,-0.83658,-0.12415,0.84574,0.79315,-0.32176,0.36951,-0.29724,0.22706,,0.19995,0.76389,1.00000,true,,-0.97343,0.00658,-0.96400,0.00082,0.96400,0.48101,-0.84630,0.20107,-0.11352,0.16833,,0.26482,0.93056,1.00000,1467,-0.002841,0.004266,0.005126,-0.004266,-0.002841,0.004108,-0.004097,0.000096,-0.003004,0.000945,0.003133,0.000945,0.003004,0.001103,0.000904,-0.000621,-0.004974,-0.000604,0.004952,0.004974,0.000604,0.001765,0.001746,0.000373,-0.003862,0.001060,0.003999,-0.002849,-0.002814,0.001113,-0.001048,-0.000375,,,,,,,,,,,,,,,,,-0.002920,0.000129,0.002922,-0.001348,0.002593,0.000722,0.000275,-0.000668,-0.002948,-0.001521,0.003308,0.000157,0.003314,0.001518,-0.001511,0.000155,-0.004213,0.000073,0.004165,0.003685,0.002043,0.000850,0.000850,0.000127,-0.002124,-0.000295,0.002119,0.001987,-0.000806,0.000926,-0.000745,0.000569,-0.002439,0.000016,0.002415,0.001205,-0.002120,0.000504,-0.000284,0.000422,0.003276,6,0.60600,0.001518
263919e22c8cb08d,images/26/263919e22c8cb08d3c7d5626503744bf22b03e802a389fe975a98129588f44cb.jpg,gen,genuine_population,gen_126710BLRO_phillips_147798,126710BLRO,primary_steel,auction_house,https://phillips.com/detail/rolex/147798,,263919e22c8cb08d3c7d5626503744bf22b03e802a389fe975a98129588f44cb,https://dist.phillips.com/auction-assets/HK080220/821_001.jpg?fit=cover&offset-x=50&offset-y=100&optimize=medium&width=868,harvest pose=CORRECTABLE decision=ACCEPT,images/26/263919e22c8cb08d3c7d5626503744bf22b03e802a389fe975a98129588f44cb.jpg,accepted,868,1010,,true,233.37397,0.98929,0.16391,44,11,230.94454,true,8,-0.76224,-0.01733,0.76243,-0.01226,0.02337,true,,-0.52929,1.02840,-0.53248,1.02785,1.15759,-1.02840,-0.52929,1.03081,-1.01588,0.16135,0.60062,,1.00000,1.00000,0.57076,0.41259,-0.19746,true,,-0.57898,0.10889,-0.57738,0.10205,0.58633,0.10889,0.57898,0.29420,0.14039,-0.25807,0.01740,,1.00000,1.00000,true,,-1.04460,-0.18424,-1.03108,-0.19406,1.04919,1.04460,0.18424,0.31421,0.30006,0.10299,-0.34029,,0.95238,1.00000,true,,-0.93195,0.29703,-0.93198,0.29269,0.97686,-0.72321,-0.65858,0.33325,-0.32599,-0.06678,,0.12604,0.94444,1.00000,false,hand/occluder crosses outline (clean 0.79),,,,,,,,,,,,,0.70833,0.79444,false,hand/occluder crosses outline (clean 0.61),,,,,,,,,,,,,0.54167,0.61111,true,,-0.69740,0.01882,-0.69740,0.01009,0.69747,-0.33240,0.61337,0.14680,0.08234,-0.12145,,0.27497,0.98611,0.97222,true,,-0.68361,-0.33739,-0.67614,-0.34734,0.76014,0.04961,0.76072,0.30168,-0.30157,0.01579,,0.28553,0.90278,1.00000,true,,-1.03452,-0.00177,-1.02332,-0.01337,1.02341,0.89504,0.51880,0.26181,0.25980,0.05051,,0.23200,0.90278,1.00000,true,,-0.57445,-0.22591,-0.56619,-0.23015,0.61118,0.61044,-0.09158,0.20793,-0.03491,0.20606,,0.22766,0.95833,1.00000,true,,-0.59176,0.01852,-0.58638,0.01497,0.58658,0.27984,-0.52174,0.10639,-0.08887,0.05995,,0.15746,0.98611,0.97778,1196,-0.002292,0.004453,0.005012,-0.004453,-0.002292,0.004463,-0.004399,0.000699,-0.002507,0.000471,0.002539,0.000471,0.002507,0.001274,0.000608,-0.001117,-0.004523,-0.000798,0.004543,0.004523,0.000798,0.001361,0.001299,0.000446,-0.004035,0.001286,0.004230,-0.003132,-0.002852,0.001443,-0.001412,-0.000289,,,,,,,,,,,,,,,,,-0.003020,0.000081,0.003020,-0.001439,0.002656,0.000636,0.000357,-0.000526,-0.002960,-0.001461,0.003291,0.000215,0.003294,0.001306,-0.001306,0.000068,-0.004480,-0.000008,0.004431,0.003876,0.002246,0.001134,0.001125,0.000219,-0.002487,-0.000978,0.002646,0.002643,-0.000397,0.000900,-0.000151,0.000892,-0.002562,0.000080,0.002540,0.001212,-0.002259,0.000461,-0.000385,0.000260,0.003301,6,0.33325,0.001443
b2baff3925ce65f7,images/b2/b2baff3925ce65f715e1dff43b39044e4b7dd54201d990340f476bb3513ffdf6.jpg,gen,genuine_population,gen_126710BLRO_phillips_147798,126710BLRO,primary_steel,auction_house,https://phillips.com/detail/rolex/147798,,b2baff3925ce65f715e1dff43b39044e4b7dd54201d990340f476bb3513ffdf6,https://dist.phillips.com/auction-assets/HK080220/821_001.jpg?fit=cover&offset-x=50&offset-y=100&width=750,harvest pose=CORRECTABLE decision=ACCEPT,images/b2/b2baff3925ce65f715e1dff43b39044e4b7dd54201d990340f476bb3513ffdf6.jpg,accepted,750,873,,true,201.67447,0.98953,0.16933,43,11,199.66742,true,9,-0.65174,0.02580,0.65225,-0.04937,0.03387,true,,-0.43809,1.23107,-0.44286,1.23210,1.30927,-1.23107,-0.43809,1.13015,-1.12043,0.12238,0.37832,,1.00000,1.00000,0.35135,0.27170,-0.10929,true,,-0.65807,0.39875,-0.65765,0.39240,0.76582,0.39875,0.65807,0.45270,0.44132,-0.08585,-0.22649,,0.95238,1.00000,true,,-0.45063,-0.24190,-0.44350,-0.24630,0.50730,0.45063,0.24190,0.22455,-0.12974,0.18464,0.23522,,1.00000,1.00000,true,,-0.81501,0.29559,-0.81529,0.29214,0.86605,-0.66349,-0.55803,0.25055,-0.22838,-0.10282,,0.13857,0.93056,1.00000,true,,-0.83320,0.02967,-0.83464,0.02360,0.83497,-0.73640,-0.39090,0.20186,-0.07328,-0.18704,,0.02417,0.68056,0.80556,false,hand/occluder crosses outline (clean 0.62),,,,,,,,,,,,,0.58333,0.62222,true,,-0.62681,-0.04769,-0.62635,-0.05621,0.62887,-0.35471,0.51899,0.16165,0.02521,-0.15995,,0.22513,1.00000,1.00000,true,,-0.62101,-0.29260,-0.61405,-0.30171,0.68416,0.05711,0.68411,0.22093,-0.21777,0.03703,,0.23325,0.91667,1.00000,true,,-0.94292,0.01393,-0.93226,0.00320,0.93226,0.82356,0.45940,0.32318,0.32067,0.06366,,0.18294,0.91667,1.00000,true,,-0.39791,-0.15773,-0.39204,-0.16071,0.42370,0.42347,-0.06235,0.20113,-0.04755,0.19670,,0.22181,0.98611,1.00000,true,,-0.44495,0.08218,-0.44121,0.07959,0.44834,0.15131,-0.42643,0.09061,-0.06838,0.06064,,0.12981,1.00000,0.99444,1118,-0.002194,0.006166,0.006557,-0.006166,-0.002194,0.005660,-0.005611,0.000613,-0.003296,0.001997,0.003835,0.001997,0.003296,0.002267,0.002210,-0.000430,-0.002257,-0.001212,0.002541,0.002257,0.001212,0.001125,-0.000650,0.000925,-0.004082,0.001480,0.004337,-0.003323,-0.002795,0.001255,-0.001144,-0.000515,-0.004173,0.000149,0.004182,-0.003688,-0.001958,0.001011,-0.000367,-0.000937,,,,,,,,,-0.003139,-0.000239,0.003150,-0.001777,0.002599,0.000810,0.000126,-0.000801,-0.003110,-0.001465,0.003426,0.000286,0.003426,0.001106,-0.001091,0.000185,-0.004722,0.000070,0.004669,0.004125,0.002301,0.001619,0.001606,0.000319,-0.001993,-0.000790,0.002122,0.002121,-0.000312,0.001007,-0.000238,0.000985,-0.002228,0.000412,0.002245,0.000758,-0.002136,0.000454,-0.000342,0.000304,0.003267,7,0.32318,0.001619
2af8e8c676bcd0cc,images/2a/2af8e8c676bcd0cc055ebe9f6071893ff31048b16b63f141f9e815c7dacc2121.jpg,gen,genuine_population,gen_126710BLRO_phillips_147798,126710BLRO,primary_steel,auction_house,https://phillips.com/detail/rolex/147798,,2af8e8c676bcd0cc055ebe9f6071893ff31048b16b63f141f9e815c7dacc2121,https://dist.phillips.com/auction-assets/HK080220/821_001.jpg?fit=crop&offset-x=50&offset-y=100&height=730,harvest pose=CORRECTABLE decision=ACCEPT,images/2a/2af8e8c676bcd0cc055ebe9f6071893ff31048b16b63f141f9e815c7dacc2121.jpg,accepted,1500,1746,,true,401.93456,0.99573,0.21817,43,11,399.13219,true,8,-1.28821,-0.00013,1.28821,0.01701,0.03578,true,,-1.13786,1.65179,-1.14104,1.64949,2.00569,-1.65179,-1.13786,1.69872,-1.69405,-0.04253,0.40876,,1.00000,1.00000,0.35190,0.43363,0.29280,true,,-1.21252,0.40533,-1.21007,0.39196,1.27196,0.40533,1.21252,0.43845,0.34209,-0.27017,-0.00631,,0.85714,1.00000,true,,-1.87527,-0.27038,-1.85061,-0.28806,1.87289,1.87527,0.27038,0.53177,0.52952,0.09418,0.08208,,0.76190,1.00000,true,,-1.53508,0.40590,-1.53453,0.39857,1.58544,-1.11906,-1.12647,0.55935,-0.51660,-0.21396,,0.24176,0.88889,0.95556,false,hand/occluder crosses outline (clean 0.72),,,,,,,,,,,,,0.66667,0.71667,false,hand/occluder crosses outline (clean 0.58),,,,,,,,,,,,,0.45833,0.57778,true,,-1.19232,0.08099,-1.19260,0.06626,1.19444,-0.52602,1.07308,0.26214,0.05567,-0.25656,,0.50826,0.93056,1.00000,true,,-1.24700,-0.46862,-1.23400,-0.48647,1.32642,0.21767,1.31424,0.49428,-0.49514,-0.00340,,0.43535,0.77778,1.00000,true,,-1.80569,0.11890,-1.78626,0.09870,1.78899,1.62322,0.79987,0.43878,0.44098,-0.03956,,0.36279,0.69444,1.00000,true,,-0.85424,-0.63279,-0.83959,-0.63905,1.05512,1.05619,0.12089,0.58387,-0.11406,0.57596,,0.55195,0.75000,1.00000,true,,-0.96888,-0.03121,-0.95934,-0.03699,0.96005,0.51146,-0.82347,0.20545,-0.18058,0.10102,,0.26921,0.93056,1.00000,1476,-0.002851,0.004138,0.005025,-0.004138,-0.002851,0.004256,-0.004244,-0.000107,-0.003038,0.001016,0.003187,0.001016,0.003038,0.001099,0.000857,-0.000677,-0.004698,-0.000677,0.004692,0.004698,0.000677,0.001332,0.001327,0.000236,-0.003846,0.001017,0.003972,-0.002804,-0.002822,0.001401,-0.001294,-0.000536,,,,,,,,,,,,,,,,,-0.002987,0.000203,0.002993,-0.001318,0.002689,0.000657,0.000139,-0.000643,-0.003124,-0.001174,0.003323,0.000545,0.003293,0.001238,-0.001241,-0.000009,-0.004524,0.000298,0.004482,0.004067,0.002004,0.001099,0.001105,-0.000099,-0.002140,-0.001585,0.002644,0.002646,0.000303,0.001463,-0.000286,0.001443,-0.002427,-0.000078,0.002405,0.001281,-0.002063,0.000515,-0.000452,0.000253,0.003228,6,0.58387,0.001463
ccbc58888cb443ab,images/cc/ccbc58888cb443ab507b866e992da837c2d8f0baf7df3f0dc305b37b9fdb3adf.jpg,gen,genuine_population,gen_126710BLRO_phillips_147798,126710BLRO,primary_steel,auction_house,https://phillips.com/detail/rolex/147798,,ccbc58888cb443ab507b866e992da837c2d8f0baf7df3f0dc305b37b9fdb3adf,https://dist.phillips.com/auction-assets/HK080220/821_001.jpg?fit=cover&offset-x=50&offset-y=100&height=700&optimize=medium,harvest pose=GOOD decision=ACCEPT,images/cc/ccbc58888cb443ab507b866e992da837c2d8f0baf7df3f0dc305b37b9fdb3adf.jpg,accepted,601,700,,true,162.07099,0.98429,0.22485,44,11,160.07277,true,9,-0.48951,0.03905,0.49107,-0.07099,0.02491,true,,-0.20122,0.98052,-0.20553,0.98263,1.00390,-0.98052,-0.20122,0.88055,-0.84604,0.23484,0.56112,,1.00000,1.00000,0.52957,0.40855,-0.11219,true,,-0.38435,0.20566,-0.38385,0.20172,0.43363,0.20566,0.38435,0.29690,0.24778,-0.15990,-0.20386,,1.00000,1.00000,true,,-0.35254,-0.10027,-0.34764,-0.10382,0.36281,0.35254,0.10027,0.10541,-0.05334,0.09139,0.22812,,1.00000,0.90000,true,,-0.59469,0.26342,-0.59511,0.26105,0.64985,-0.52547,-0.38330,0.15394,-0.14945,-0.03591,,0.13149,0.93056,1.00000,true,,-0.66516,0.02034,-0.66630,0.01523,0.66647,-0.58621,-0.31497,0.17095,-0.04620,-0.16353,,0.06093,0.75000,0.81111,false,hand/occluder crosses outline (clean 0.62),,,,,,,,,,,,,0.59722,0.62222,true,,-0.50871,-0.13188,-0.50783,-0.13971,0.52670,-0.36856,0.37461,0.14674,-0.06819,-0.12961,,0.17050,1.00000,1.00000,true,,-0.55015,-0.15000,-0.54475,-0.15788,0.56716,0.14517,0.55145,0.10233,-0.04613,0.09090,,0.21666,1.00000,1.00000,true,,-0.73088,0.06627,-0.72301,0.05783,0.72532,0.66610,0.30805,0.31027,0.31081,0.04345,,0.20461,1.00000,1.00000,true,,-0.23904,-0.06124,-0.23580,-0.06315,0.24411,0.23764,-0.06649,0.17531,-0.07397,0.16060,,0.24076,1.00000,1.00000,true,,-0.25811,0.13961,-0.25650,0.13818,0.29135,0.00815,-0.29333,0.14411,-0.10751,0.09774,,0.15379,1.00000,1.00000,1019,-0.001257,0.006125,0.006272,-0.006125,-0.001257,0.005501,-0.005285,0.001467,-0.002401,0.001285,0.002709,0.001285,0.002401,0.001855,0.001548,-0.000999,-0.002202,-0.000626,0.002267,0.002202,0.000626,0.000659,-0.000333,0.000571,-0.003715,0.001646,0.004060,-0.003283,-0.002395,0.000962,-0.000934,-0.000224,-0.004155,0.000127,0.004164,-0.003662,-0.001968,0.001068,-0.000289,-0.001022,,,,,,,,,-0.003178,-0.000824,0.003290,-0.002302,0.002340,0.000917,-0.000426,-0.000810,-0.003437,-0.000937,0.003543,0.000907,0.003445,0.000639,-0.000288,0.000568,-0.004566,0.000414,0.004531,0.004161,0.001924,0.001938,0.001942,0.000271,-0.001493,-0.000383,0.001525,0.001485,-0.000415,0.001095,-0.000462,0.001003,-0.001612,0.000872,0.001820,0.000051,-0.001832,0.000900,-0.000672,0.000611,0.003068,7,0.31027,0.001938
ca1360a49365e5ff,images/ca/ca1360a49365e5ff9799aa337c2c42a5821a30f032c1b5369e138efd914affd1.jpg,gen,genuine_population,gen_126710BLRO_phillips_147798,126710BLRO,primary_steel,auction_house,https://phillips.com/detail/rolex/147798,,ca1360a49365e5ff9799aa337c2c42a5821a30f032c1b5369e138efd914affd1,https://dist.phillips.com/auction-assets/HK080220/821_001.jpg?bg-color=ffffff&pad=0&fit=bounds&height=550&optimize=medium&width=605,harvest pose=GOOD decision=ACCEPT,images/ca/ca1360a49365e5ff9799aa337c2c42a5821a30f032c1b5369e138efd914affd1.jpg,accepted,473,550,,true,127.46361,0.98560,0.25602,44,11,125.91356,true,9,-0.31253,0.05872,0.31800,-0.05089,0.04015,true,,-0.23534,0.88420,-0.23959,0.88430,0.91619,-0.88420,-0.23534,0.77295,-0.77165,0.00762,0.20326,,1.00000,1.00000,0.36532,0.09779,0.41155,true,,-0.39944,0.25491,-0.39963,0.25130,0.47208,0.25491,0.39944,0.24381,0.24196,0.01933,-0.20967,,1.00000,1.00000,true,,-0.00702,-0.11036,-0.00618,-0.11044,0.11061,0.00702,0.11036,0.27595,-0.25808,0.10507,0.55057,,1.00000,0.83333,true,,-0.44323,0.22052,-0.44380,0.21861,0.49472,-0.41259,-0.27359,0.18320,-0.15064,-0.10450,,0.12102,1.00000,1.00000,true,,-0.40078,0.09172,-0.40177,0.08928,0.41157,-0.39295,-0.12096,0.09746,-0.03871,-0.08906,,0.14437,0.77778,0.82778,false,hand/occluder crosses outline (clean 0.73),,,,,,,,,,,,,0.62500,0.73333,true,,-0.30890,0.05944,-0.30921,0.05613,0.31427,-0.10297,0.29724,0.09307,0.05274,-0.07663,,0.18832,1.00000,1.00000,true,,-0.31248,-0.08976,-0.30973,-0.09377,0.32361,0.07850,0.31550,0.07923,-0.07927,0.00296,,0.26562,1.00000,1.00000,true,,-0.46170,0.04862,-0.45756,0.04377,0.45965,0.42415,0.18874,0.17302,0.17409,0.01340,,0.23312,1.00000,0.98889,true,,-0.16532,-0.10983,-0.16283,-0.11098,0.19705,0.19809,0.01246,0.15050,0.00936,0.15060,,0.24522,1.00000,1.00000,true,,-0.25973,0.03570,-0.25780,0.03415,0.26005,0.09895,-0.24279,0.04878,0.04741,-0.01235,,0.16266,1.00000,1.00000,884,-0.001869,0.007022,0.007276,-0.007022,-0.001869,0.006139,-0.006128,0.000061,-0.003172,0.002024,0.003749,0.002024,0.003172,0.001936,0.001922,0.000154,-0.000056,-0.000876,0.000878,0.000056,0.000876,0.002192,-0.002050,0.000834,-0.003520,0.001751,0.003929,-0.003277,-0.002173,0.001455,-0.001196,-0.000830,-0.003183,0.000728,0.003269,-0.003121,-0.000961,0.000774,-0.000307,-0.000707,,,,,,,,,-0.002453,0.000472,0.002496,-0.000818,0.002361,0.000739,0.000419,-0.000609,-0.002482,-0.000713,0.002570,0.000623,0.002506,0.000629,-0.000630,0.000024,-0.003667,0.000386,0.003651,0.003369,0.001499,0.001374,0.001383,0.000106,-0.001313,-0.000872,0.001565,0.001573,0.000099,0.001195,0.000074,0.001196,-0.002063,0.000284,0.002065,0.000786,-0.001928,0.000387,0.000377,-0.000098,0.002526,7,0.18320,0.001455
6de22511c60b1ca2,images/6d/6de22511c60b1ca29b6d85d36128a7cc4c5fa24417d1a14cec81776e3edd7a00.jpg,gen,genuine_population,gen_126710BLRO_phillips_151477,126710BLRO,primary_steel,auction_house,https://phillips.com/detail/rolex/151477,,6de22511c60b1ca29b6d85d36128a7cc4c5fa24417d1a14cec81776e3edd7a00,https://dist.phillips.com/auction-assets/CH080121/131_001.jpg?fit=cover&offset-x=50&offset-y=100&width=928,harvest pose=CORRECTABLE decision=ACCEPT,images/6d/6de22511c60b1ca29b6d85d36128a7cc4c5fa24417d1a14cec81776e3edd7a00.jpg,pose_rejected,928,1082,overlay unavailable: minute-lattice median residual too high (wrong local fit),false,,,,0,0,,,,,,,,,,,,,,,,,,,,,,,,,,,,,,,,,,,,,,,,,,,,,,,,,,,,,,,,,,,,,,,,,,,,,,,,,,,,,,,,,,,,,,,,,,,,,,,,,,,,,,,,,,,,,,,,,,,,,,,,,,,,,,,,,,,,,,,,,,,,,,,,,,,,,,,,,,,,,,,,,,,,,,,,,,,,,,,,,,,,,,,,,,,,,,,,,,,,,,,,,,,,,,,,,,,,,,,,,,,,,,,,,,,,,,,,,,,,,,,,,,,,,,,,,,,,,,,,,,,,,,,,,,,,,,,,,,,,,,,,
0196a54bb8662bd6,images/01/0196a54bb8662bd63c5502cefd0628d2ce97a916ff3a1e11b004409e9fa83e63.jpg,gen,genuine_population,gen_126710BLRO_phillips_151477,126710BLRO,primary_steel,auction_house,https://phillips.com/detail/rolex/151477,,0196a54bb8662bd63c5502cefd0628d2ce97a916ff3a1e11b004409e9fa83e63,https://dist.phillips.com/auction-assets/CH080121/131_001.jpg?fit=cover&optimize=medium&width=1302,harvest pose=CORRECTABLE decision=ACCEPT,images/01/0196a54bb8662bd63c5502cefd0628d2ce97a916ff3a1e11b004409e9fa83e63.jpg,pose_rejected,1302,1518,overlay unavailable: minute-lattice median residual too high (wrong local fit),false,,,,0,0,,,,,,,,,,,,,,,,,,,,,,,,,,,,,,,,,,,,,,,,,,,,,,,,,,,,,,,,,,,,,,,,,,,,,,,,,,,,,,,,,,,,,,,,,,,,,,,,,,,,,,,,,,,,,,,,,,,,,,,,,,,,,,,,,,,,,,,,,,,,,,,,,,,,,,,,,,,,,,,,,,,,,,,,,,,,,,,,,,,,,,,,,,,,,,,,,,,,,,,,,,,,,,,,,,,,,,,,,,,,,,,,,,,,,,,,,,,,,,,,,,,,,,,,,,,,,,,,,,,,,,,,,,,,,,,,,,,,,,,,
237b623f0e13ac6a,images/23/237b623f0e13ac6ab3d3a8303fb9719fc92c8b473b13e14d468a8d4117e3a697.jpg,gen,genuine_population,gen_126710BLRO_phillips_151477,126710BLRO,primary_steel,auction_house,https://phillips.com/detail/rolex/151477,,237b623f0e13ac6ab3d3a8303fb9719fc92c8b473b13e14d468a8d4117e3a697,https://dist.phillips.com/auction-assets/CH080121/131_001.jpg?fit=crop&offset-x=50&offset-y=100&height=730,harvest pose=CORRECTABLE decision=ACCEPT,images/23/237b623f0e13ac6ab3d3a8303fb9719fc92c8b473b13e14d468a8d4117e3a697.jpg,pose_rejected,1500,1749,overlay unavailable: 12/minute-lattice phase check failed,false,,,,0,0,,,,,,,,,,,,,,,,,,,,,,,,,,,,,,,,,,,,,,,,,,,,,,,,,,,,,,,,,,,,,,,,,,,,,,,,,,,,,,,,,,,,,,,,,,,,,,,,,,,,,,,,,,,,,,,,,,,,,,,,,,,,,,,,,,,,,,,,,,,,,,,,,,,,,,,,,,,,,,,,,,,,,,,,,,,,,,,,,,,,,,,,,,,,,,,,,,,,,,,,,,,,,,,,,,,,,,,,,,,,,,,,,,,,,,,,,,,,,,,,,,,,,,,,,,,,,,,,,,,,,,,,,,,,,,,,,,,,,,,,
1eb396cba1b95704,images/1e/1eb396cba1b95704bb7a2c23e8cb8bc2e19853a8756bca2cf398d1cb4a558ff2.jpg,gen,genuine_population,gen_126710BLRO_phillips_151477,126710BLRO,primary_steel,auction_house,https://phillips.com/detail/rolex/151477,,1eb396cba1b95704bb7a2c23e8cb8bc2e19853a8756bca2cf398d1cb4a558ff2,https://dist.phillips.com/auction-assets/CH080121/131_001.jpg?bg-color=ffffff&pad=0&fit=bounds&height=550&optimize=medium&width=605,harvest pose=CORRECTABLE decision=ACCEPT,images/1e/1eb396cba1b95704bb7a2c23e8cb8bc2e19853a8756bca2cf398d1cb4a558ff2.jpg,pose_rejected,472,550,overlay unavailable: centroid lattice evidence insufficient,false,,,,0,0,,,,,,,,,,,,,,,,,,,,,,,,,,,,,,,,,,,,,,,,,,,,,,,,,,,,,,,,,,,,,,,,,,,,,,,,,,,,,,,,,,,,,,,,,,,,,,,,,,,,,,,,,,,,,,,,,,,,,,,,,,,,,,,,,,,,,,,,,,,,,,,,,,,,,,,,,,,,,,,,,,,,,,,,,,,,,,,,,,,,,,,,,,,,,,,,,,,,,,,,,,,,,,,,,,,,,,,,,,,,,,,,,,,,,,,,,,,,,,,,,,,,,,,,,,,,,,,,,,,,,,,,,,,,,,,,,,,,,,,,
cc84120bd459d485,images/cc/cc84120bd459d485f5e8919708b4b6bd2dd02df6958cad1fd4db6116067860ba.jpg,gen,genuine_population,gen_126710BLRO_phillips_210072,126710BLRO,primary_steel,auction_house,https://phillips.com/detail/rolex/210072,,cc84120bd459d485f5e8919708b4b6bd2dd02df6958cad1fd4db6116067860ba,https://dist.phillips.com/auction-assets/HK080524/210072_001.jpg?fit=cover&offset-x=50&offset-y=100&width=928,harvest pose=CORRECTABLE decision=ACCEPT,images/cc/cc84120bd459d485f5e8919708b4b6bd2dd02df6958cad1fd4db6116067860ba.jpg,accepted,928,1270,,true,250.02857,0.98328,0.19036,44,11,235.38925,true,7,-1.16888,0.06767,1.17083,0.01104,0.10316,true,,-1.19230,1.29936,-1.18559,1.33310,1.78403,-1.29936,-1.19230,1.32924,-1.25470,-0.35288,-0.66254,,1.00000,1.00000,-0.62203,-0.77553,-0.92796,true,,-1.39287,0.49797,-1.38329,0.50072,1.47113,0.49797,1.39287,0.43445,0.41292,-0.10529,-0.02470,,1.00000,1.00000,true,,-1.16607,-0.35188,-1.14205,-0.35582,1.19620,1.16607,0.35188,0.10350,-0.03168,0.09728,-0.72557,,0.71429,1.00000,false,outline coverage 0.68; 6/8 octants,,,,,,,,,,,,,0.68056,0.96111,false,hand/occluder crosses outline (clean 0.72),,,,,,,,,,,,,0.48611,0.71667,false,hand/occluder crosses outline (clean 0.73),,,,,,,,,,,,,0.48611,0.72778,true,,-1.36376,0.10195,-1.36220,0.09763,1.36570,-0.59359,1.23202,0.18756,-0.08230,-0.16546,,0.19230,0.75000,1.00000,true,,-1.70369,-0.31476,-1.67878,-0.32845,1.71061,0.57926,1.63281,0.31436,-0.08759,0.30075,,0.14986,0.75000,1.00000,true,,-1.24510,-0.31006,-1.22079,-0.31763,1.26144,0.92326,0.89107,0.15040,-0.15087,0.01418,,0.03787,0.80556,1.00000,true,,-1.14174,-0.29141,-1.11912,-0.29084,1.15630,1.13448,-0.31850,0.12484,0.12578,-0.01726,,0.05270,0.69444,1.00000,true,,-0.91882,0.07514,-0.90560,0.08229,0.90933,0.39433,-0.83329,0.20566,-0.15919,-0.12477,,0.13548,0.66667,1.00000,1310,-0.005065,0.005520,0.007579,-0.005520,-0.005065,0.005647,-0.005330,-0.001499,-0.005917,0.002116,0.006250,0.002116,0.005917,0.001846,0.001754,-0.000447,-0.004954,-0.001495,0.005082,0.004954,0.001495,0.000440,-0.000135,0.000413,,,,,,,,,,,,,,,,,,,,,,,,,-0.005794,0.000433,0.005802,-0.002522,0.005234,0.000797,-0.000350,-0.000703,-0.007238,-0.001337,0.007267,0.002461,0.006937,0.001335,-0.000372,0.001278,-0.005290,-0.001317,0.005359,0.003922,0.003786,0.000639,-0.000641,0.000060,-0.004850,-0.001238,0.004912,0.004820,-0.001353,0.000530,0.000534,-0.000073,-0.003903,0.000319,0.003863,0.001675,-0.003540,0.000874,-0.000676,-0.000530,0.004974,5,0.31436,0.001335
ef5c636efb6480a0,images/ef/ef5c636efb6480a04892a60a7e01e2c6f9506a59cc6eb9238487597e7ff26766.jpg,gen,genuine_population,gen_126710BLRO_phillips_210072,126710BLRO,primary_steel,auction_house,https://phillips.com/detail/rolex/210072,,ef5c636efb6480a04892a60a7e01e2c6f9506a59cc6eb9238487597e7ff26766,https://dist.phillips.com/auction-assets/HK080524/210072_001.jpg?fit=cover&optimize=medium&width=1302,harvest pose=GOOD decision=ACCEPT,images/ef/ef5c636efb6480a04892a60a7e01e2c6f9506a59cc6eb9238487597e7ff26766.jpg,accepted,1302,1781,,true,350.54290,0.98566,0.20563,43,11,330.22868,true,7,-1.80793,0.06106,1.80896,0.01414,0.07824,true,,-1.78584,1.12214,-1.77356,1.15638,2.11724,-1.12214,-1.78584,1.16963,-1.10092,-0.32358,-0.75317,,0.85714,1.00000,-0.72093,-0.59187,-0.05311,true,,-2.19436,0.53994,-2.17802,0.53844,2.24359,0.53994,2.19436,0.45580,0.44614,0.03120,0.01422,,1.00000,1.00000,true,,-1.83940,-0.59222,-1.80084,-0.59850,1.89769,1.83940,0.59222,0.31486,-0.01851,0.31024,-0.37882,,0.85714,1.00000,true,,-1.76020,0.22136,-1.75765,0.23793,1.77368,-1.07180,-1.41369,0.27391,-0.14773,-0.23105,,0.09868,0.66667,0.98889,false,hand/occluder crosses outline (clean 0.71),,,,,,,,,,,,,0.50000,0.71111,false,hand/occluder crosses outline (clean 0.69),,,,,,,,,,,,,0.43056,0.68889,true,,-2.00356,0.20646,-2.00112,0.20099,2.01119,-0.82298,1.83836,0.13638,-0.00031,-0.13590,,0.29267,0.76389,0.97222,false,outline coverage 0.65; 6/8 octants,,,,,,,,,,,,,0.65278,0.96667,true,,-1.88094,-0.35691,-1.84379,-0.36657,1.87988,1.45049,1.24956,0.19499,-0.19519,0.02240,,0.11059,0.86111,1.00000,true,,-1.69901,-0.34954,-1.66512,-0.34723,1.70094,1.64616,-0.54679,0.07706,0.05902,0.04870,,0.24848,0.75000,0.99444,true,,-1.48616,-0.04900,-1.46407,-0.04005,1.46462,0.78552,-1.26255,0.11615,-0.11306,-0.02136,,0.13605,0.70833,0.96667,1501,-0.005408,0.003398,0.006411,-0.003398,-0.005408,0.003542,-0.003334,-0.000980,-0.006645,0.001635,0.006794,0.001635,0.006645,0.001380,0.001351,0.000094,-0.005570,-0.001793,0.005747,0.005570,0.001793,0.000953,-0.000056,0.000939,-0.005330,0.000670,0.005371,-0.003246,-0.004281,0.000829,-0.000447,-0.000700,,,,,,,,,,,,,,,,,-0.006067,0.000625,0.006090,-0.002492,0.005567,0.000413,-0.000001,-0.000412,,,,,,,,,-0.005696,-0.001081,0.005693,0.004392,0.003784,0.000590,-0.000591,0.000068,-0.005145,-0.001058,0.005151,0.004985,-0.001656,0.000233,0.000179,0.000147,-0.004500,-0.000148,0.004435,0.002379,-0.003823,0.000352,-0.000342,-0.000065,0.005478,5,0.27391,0.000829
b5be92e3314dc366,images/b5/b5be92e3314dc36679a7170c5f67f760ff881a78030cafb969b22b9b52d73ac6.jpg,gen,genuine_population,gen_126710BLRO_phillips_210072,126710BLRO,primary_steel,auction_house,https://phillips.com/detail/rolex/210072,,b5be92e3314dc36679a7170c5f67f760ff881a78030cafb969b22b9b52d73ac6,https://dist.phillips.com/auction-assets/HK080524/210072_001.jpg?bg-color=0&pad=0&fit=bounds&disable-upscale&height=4000&optimize=medium&width=2000,harvest pose=CORRECTABLE decision=ACCEPT,images/b5/b5be92e3314dc36679a7170c5f67f760ff881a78030cafb969b22b9b52d73ac6.jpg,accepted,1500,2052,,true,403.60415,0.98537,0.25027,43,11,380.45291,true,8,-2.17744,-0.00720,2.17745,-0.01558,0.08874,true,,-2.06419,1.34468,-2.04981,1.38516,2.47395,-1.34468,-2.06419,1.37573,-1.30609,-0.33966,-0.76608,,0.90476,1.00000,-0.80935,-0.63798,-0.45980,true,,-2.43614,0.42374,-2.41786,0.41888,2.45388,0.42374,2.43614,0.52791,0.47729,-0.20419,-0.08269,,0.95238,1.00000,true,,-2.21832,-0.66647,-2.17169,-0.67347,2.27372,2.21832,0.66647,0.22533,0.06767,0.21277,-0.46566,,0.80952,1.00000,true,,-2.06437,0.24403,-2.06108,0.26322,2.07782,-1.24352,-1.66578,0.26051,-0.10524,-0.23902,,0.12582,0.72222,0.97222,false,hand/occluder crosses outline (clean 0.70),,,,,,,,,,,,,0.50000,0.70000,false,hand/occluder crosses outline (clean 0.67),,,,,,,,,,,,,0.41667,0.67222,true,,-2.32130,0.17309,-2.31858,0.16535,2.32447,-1.01075,2.09685,0.31294,0.14275,-0.27896,,0.31642,0.75000,0.96111,true,,-3.02901,-0.65927,-2.98359,-0.68533,3.06128,0.94356,2.95283,0.57654,-0.09836,0.56824,,0.35496,0.63889,0.97222,true,,-2.18278,-0.54953,-2.13927,-0.56270,2.21204,1.61557,1.56730,0.23074,-0.23313,-0.01693,,0.12657,0.81944,0.98333,true,,-2.01465,-0.42788,-1.97412,-0.42525,2.01941,1.95868,-0.63677,0.10241,0.10119,-0.02558,,0.26235,0.73611,0.96111,true,,-1.61345,0.07283,-1.58952,0.08458,1.59177,0.74365,-1.43370,0.31563,-0.31348,-0.01572,,0.28819,0.70833,0.96667,1589,-0.005426,0.003534,0.006503,-0.003534,-0.005426,0.003616,-0.003433,-0.000893,-0.006403,0.001114,0.006450,0.001114,0.006403,0.001388,0.001255,-0.000537,-0.005831,-0.001752,0.005976,0.005831,0.001752,0.000592,0.000178,0.000559,-0.005426,0.000641,0.005461,-0.003269,-0.004378,0.000685,-0.000277,-0.000628,,,,,,,,,,,,,,,,,-0.006101,0.000455,0.006110,-0.002657,0.005511,0.000823,0.000375,-0.000733,-0.007962,-0.001733,0.008046,0.002480,0.007761,0.001515,-0.000259,0.001494,-0.005737,-0.001444,0.005814,0.004246,0.004120,0.000606,-0.000613,-0.000044,-0.005295,-0.001125,0.005308,0.005148,-0.001674,0.000269,0.000266,-0.000067,-0.004241,0.000191,0.004184,0.001955,-0.003768,0.000830,-0.000824,-0.000041,0.005723,6,0.57654,0.001515
addb1b8082d109ff,images/ad/addb1b8082d109ffa8ee18cecc52342f00d38f183c446878ca88c83b0bc4f6f8.jpg,gen,genuine_population,gen_126710BLRO_phillips_210072,126710BLRO,primary_steel,auction_house,https://phillips.com/detail/rolex/210072,,addb1b8082d109ffa8ee18cecc52342f00d38f183c446878ca88c83b0bc4f6f8,https://dist.phillips.com/auction-assets/HK080524/210072_001.jpg?fit=cover&offset-x=50&offset-y=100&optimize=medium&width=868,harvest pose=CORRECTABLE decision=ACCEPT,images/ad/addb1b8082d109ffa8ee18cecc52342f00d38f183c446878ca88c83b0bc4f6f8.jpg,accepted,868,1187,,true,233.53974,0.98344,0.20094,44,11,220.23972,true,8,-1.28289,-0.04270,1.28360,-0.06266,0.02866,true,,-1.02565,1.23683,-1.01989,1.26712,1.62659,-1.23683,-1.02565,1.20252,-1.16928,0.17987,-0.44181,,1.00000,1.00000,-0.31323,-0.69837,-0.91530,true,,-1.43142,0.32049,-1.42076,0.31869,1.45607,0.32049,1.43142,0.47941,0.46741,0.05468,0.20285,,1.00000,1.00000,true,,-0.90455,-0.27594,-0.88558,-0.27888,0.92846,0.90455,0.27594,0.31816,-0.28480,0.15003,-0.66264,,0.95238,1.00000,true,,-2.00329,-0.18470,-1.99925,-0.17569,2.00695,-0.84169,-1.82725,0.78312,-0.11976,-0.77518,,-0.61790,0.72222,0.96667,false,hand/occluder crosses outline (clean 0.72),,,,,,,,,,,,,0.51389,0.71667,false,hand/occluder crosses outline (clean 0.73),,,,,,,,,,,,,0.50000,0.73333,true,,-1.18512,0.09021,-1.18368,0.08608,1.18680,-0.51444,1.07144,0.30763,0.28150,-0.11698,,0.20495,0.75000,1.00000,true,,-1.56504,-0.29669,-1.54164,-0.30949,1.57240,0.52558,1.50371,0.27175,0.02797,0.27256,,0.18912,0.75000,1.00000,true,,-1.17152,-0.23563,-1.14833,-0.24193,1.17354,0.89675,0.78982,0.09097,-0.08997,0.01651,,0.08025,0.73611,1.00000,true,,-1.03945,-0.20002,-1.01867,-0.19848,1.03782,1.00020,-0.34651,0.17673,-0.02925,0.17373,,0.07495,0.70833,1.00000,true,,-0.83273,0.09802,-0.82059,0.10486,0.82727,0.33148,-0.77018,0.33384,-0.24013,0.23917,,0.13576,0.70833,1.00000,1288,-0.004657,0.005616,0.007386,-0.005616,-0.004657,0.005460,-0.005309,0.000817,-0.006499,0.001455,0.006611,0.001455,0.006499,0.002177,0.002122,0.000248,-0.004107,-0.001253,0.004216,0.004107,0.001253,0.001445,-0.001293,0.000681,-0.009096,-0.000839,0.009113,-0.003822,-0.008297,0.003556,-0.000544,-0.003520,,,,,,,,,,,,,,,,,-0.005381,0.000410,0.005389,-0.002336,0.004865,0.001397,0.001278,-0.000531,-0.007106,-0.001347,0.007139,0.002386,0.006828,0.001234,0.000127,0.001238,-0.005319,-0.001070,0.005328,0.004072,0.003586,0.000413,-0.000409,0.000075,-0.004720,-0.000908,0.004712,0.004541,-0.001573,0.000802,-0.000133,0.000789,-0.003781,0.000445,0.003756,0.001505,-0.003497,0.001516,-0.001090,0.001086,0.005828,6,0.78312,0.003556
bf795611fe399d5f,images/bf/bf795611fe399d5f1f4ae2fe57b5fe6b96695bf1964f2c5f7da2f05b8035627d.jpg,gen,genuine_population,gen_126710BLRO_phillips_210072,126710BLRO,primary_steel,auction_house,https://phillips.com/detail/rolex/210072,,bf795611fe399d5f1f4ae2fe57b5fe6b96695bf1964f2c5f7da2f05b8035627d,https://dist.phillips.com/auction-assets/HK080524/210072_001.jpg?fit=cover&offset-x=50&offset-y=100&width=750,harvest pose=CORRECTABLE decision=ACCEPT,images/bf/bf795611fe399d5f1f4ae2fe57b5fe6b96695bf1964f2c5f7da2f05b8035627d.jpg,accepted,750,1026,,true,201.91425,0.98222,0.17656,44,11,190.26967,true,8,-1.32398,-0.21524,1.34136,-0.02361,0.00723,true,,-0.81256,0.83437,-0.80757,0.85570,1.17660,-0.83437,-0.81256,1.13970,-1.01058,0.50361,-0.67305,,0.85714,1.00000,-0.88050,-0.62256,-1.23761,true,,-1.15853,0.31199,-1.15018,0.31179,1.19170,0.31199,1.15853,0.60175,0.55802,-0.19497,0.16169,,1.00000,1.00000,true,,-1.16723,-0.18329,-1.14319,-0.18486,1.15804,1.16723,0.18329,0.13970,-0.13421,-0.04695,-0.32771,,0.90476,1.00000,true,,-1.48150,-0.53756,-1.47753,-0.53960,1.57298,-0.27521,-1.55180,0.40061,0.24529,-0.30881,,-0.58122,0.86111,1.00000,false,hand/occluder crosses outline (clean 0.72),,,,,,,,,,,,,0.50000,0.71667,false,hand/occluder crosses outline (clean 0.76),,,,,,,,,,,,,0.45833,0.76111,true,,-1.98596,-0.25539,-1.98282,-0.27153,2.00133,-1.21416,1.59220,0.61514,-0.32627,0.52228,,-0.57850,0.68056,0.96667,true,,-1.36029,-0.25112,-1.34014,-0.26217,1.36555,0.46267,1.30361,0.02601,0.01520,0.02158,,0.16603,0.72222,1.00000,true,,-1.04485,-0.26702,-1.02411,-0.27344,1.05998,0.77136,0.75367,0.26426,-0.24252,-0.11722,,0.02738,0.75000,1.00000,true,,-0.85701,-0.22107,-0.83970,-0.22051,0.86817,0.85273,-0.23706,0.42865,-0.37327,0.22741,,0.12900,0.72222,1.00000,true,,-1.54847,-0.37928,-1.52434,-0.37501,1.56979,1.10270,-1.15137,0.30952,0.28784,-0.12049,,-0.52164,0.68056,0.96111,1209,-0.004271,0.004385,0.006184,-0.004385,-0.004271,0.005990,-0.005311,0.002647,-0.006089,0.001640,0.006263,0.001640,0.006089,0.003163,0.002933,-0.001025,-0.006135,-0.000963,0.006086,0.006135,0.000963,0.000734,-0.000705,-0.000247,-0.007786,-0.002825,0.008267,-0.001446,-0.008156,0.002105,0.001289,-0.001623,,,,,,,,,,,,,,,,,-0.010438,-0.001342,0.010518,-0.006381,0.008368,0.003233,-0.001715,0.002745,-0.007149,-0.001320,0.007177,0.002432,0.006851,0.000137,0.000080,0.000113,-0.005491,-0.001403,0.005571,0.004054,0.003961,0.001389,-0.001275,-0.000616,-0.004504,-0.001162,0.004563,0.004482,-0.001246,0.002253,-0.001962,0.001195,-0.008138,-0.001993,0.008250,0.005795,-0.006051,0.001627,0.001513,-0.000633,0.007050,6,0.61514,0.003233
f20c1d09375c981d,images/f2/f20c1d09375c981df104eaf148ab88059a3ec16e290b4dc44a390597ba3b1593.jpg,gen,genuine_population,gen_126710BLRO_phillips_210072,126710BLRO,primary_steel,auction_house,https://phillips.com/detail/rolex/210072,,f20c1d09375c981df104eaf148ab88059a3ec16e290b4dc44a390597ba3b1593,https://dist.phillips.com/auction-assets/HK080524/210072_001.jpg?fit=crop&offset-x=50&offset-y=100&height=730,harvest pose=GOOD decision=ACCEPT,images/f2/f20c1d09375c981df104eaf148ab88059a3ec16e290b4dc44a390597ba3b1593.jpg,accepted,1500,2052,,true,403.85431,0.98631,0.24581,43,11,380.44152,true,7,-2.10279,0.01930,2.10288,0.00456,0.07288,true,,-2.02652,1.38145,-2.01260,1.42238,2.46450,-1.38145,-2.02652,1.43651,-1.37804,-0.29319,-0.77932,,0.76190,1.00000,-0.80246,-0.67175,-0.47392,true,,-2.44578,0.42502,-2.42741,0.42013,2.46350,0.42502,2.44578,0.40456,0.39463,-0.03969,-0.05474,,0.95238,1.00000,true,,-2.23024,-0.68850,-2.18339,-0.69580,2.29158,2.23024,0.68850,0.35743,0.09707,0.34037,-0.46546,,0.80952,1.00000,true,,-2.06072,0.22492,-2.05744,0.24364,2.07182,-1.22515,-1.67218,0.28902,-0.16426,-0.23812,,0.14846,0.70833,0.97778,false,hand/occluder crosses outline (clean 0.70),,,,,,,,,,,,,0.52778,0.70000,false,hand/occluder crosses outline (clean 0.67),,,,,,,,,,,,,0.41667,0.66667,true,,-2.28871,0.23194,-2.28613,0.22573,2.29725,-0.94349,2.09805,0.16485,0.08746,-0.13995,,0.32554,0.75000,0.96111,false,outline coverage 0.63; 6/8 octants,,,,,,,,,,,,,0.62500,0.95000,true,,-2.13699,-0.52829,-2.09447,-0.54104,2.16322,1.58654,1.52600,0.28572,-0.27224,0.08761,,0.14947,0.81944,0.98889,true,,-2.04949,-0.44928,-2.00831,-0.44682,2.05742,1.99955,-0.63566,0.16370,0.15806,0.04601,,0.23459,0.72222,0.95556,true,,-1.68377,0.05604,-1.65881,0.06798,1.66020,0.79335,-1.48621,0.27023,-0.26582,-0.03487,,0.25312,0.66667,0.96667,1573,-0.005327,0.003631,0.006478,-0.003631,-0.005327,0.003776,-0.003622,-0.000771,-0.006429,0.001117,0.006475,0.001117,0.006429,0.001063,0.001037,-0.000104,-0.005862,-0.001810,0.006023,0.005862,0.001810,0.000940,0.000255,0.000895,-0.005417,0.000591,0.005446,-0.003220,-0.004395,0.000760,-0.000432,-0.000626,,,,,,,,,,,,,,,,,-0.006016,0.000610,0.006038,-0.002480,0.005515,0.000433,0.000230,-0.000368,,,,,,,,,-0.005617,-0.001389,0.005686,0.004170,0.004011,0.000751,-0.000716,0.000230,-0.005387,-0.001181,0.005408,0.005256,-0.001671,0.000430,0.000415,0.000121,-0.004426,0.000147,0.004364,0.002085,-0.003907,0.000710,-0.000699,-0.000092,0.005527,5,0.28902,0.000760
1b1874061e3cb0d5,images/1b/1b1874061e3cb0d599cfd38b0fe1c17ebdb1dd7f8363b7f1b9a77838f2c364c0.jpg,gen,genuine_population,gen_126710BLRO_phillips_210072,126710BLRO,primary_steel,auction_house,https://phillips.com/detail/rolex/210072,,1b1874061e3cb0d599cfd38b0fe1c17ebdb1dd7f8363b7f1b9a77838f2c364c0,https://dist.phillips.com/auction-assets/HK080524/210072_001.jpg?fit=cover&offset-x=50&offset-y=100&height=700&optimize=medium,harvest pose=CORRECTABLE decision=ACCEPT,images/1b/1b1874061e3cb0d599cfd38b0fe1c17ebdb1dd7f8363b7f1b9a77838f2c364c0.jpg,accepted,512,700,,true,136.29781,0.96874,0.22410,46,11,129.97198,true,8,-0.99028,-0.39553,1.06635,0.12063,0.17246,true,,0.00437,0.40724,0.00325,0.41488,0.41489,-0.40724,0.00437,1.15732,-0.92209,0.69143,-0.21881,,0.95238,1.00000,-0.00485,-0.72417,-1.31293,true,,-0.58976,0.20389,-0.58524,0.20446,0.61992,0.20389,0.58976,0.85137,0.47505,-0.70536,0.28008,,0.71429,0.96667,true,,-0.78749,-1.19336,-0.76823,-1.20676,1.43054,0.78749,1.19336,0.60891,-0.33061,0.50840,-0.31954,,0.85714,0.80000,true,,-1.00618,-0.24328,-1.00405,-0.24145,1.03268,-0.29240,-0.99302,0.36019,-0.25734,-0.25046,,-0.48605,0.91667,1.00000,false,hand/occluder crosses outline (clean 0.71),,,,,,,,,,,,,0.62500,0.71111,false,outline coverage 0.53; 8/8 octants,,,,,,,,,,,,,0.52778,0.81111,true,,-1.38825,-0.33726,-1.38472,-0.35121,1.42856,-0.98621,1.03363,0.28375,-0.27644,0.04465,,-0.44561,0.81944,1.00000,true,,-1.56541,-0.27671,-1.54074,-0.28820,1.56746,0.54306,1.49404,0.27651,0.25313,0.11551,,-0.37036,0.79167,1.00000,true,,-1.57358,-0.73200,-1.54019,-0.74445,1.71067,0.99676,1.42072,0.32646,0.19832,0.26553,,-0.60117,0.73611,1.00000,true,,-1.10992,-0.71613,-1.08616,-0.72011,1.30319,1.31929,0.06523,0.15631,0.13130,-0.09026,,-0.43731,0.87500,0.98889,true,,-0.61160,-0.54929,-0.60112,-0.55336,0.81704,0.78150,-0.25502,0.20550,-0.18315,0.09800,,-0.40888,0.87500,1.00000,935,0.000034,0.003133,0.003192,-0.003133,0.000034,0.008904,-0.007095,0.005320,-0.004538,0.001569,0.004770,0.001569,0.004538,0.006550,0.003655,-0.005427,-0.006059,-0.009182,0.011007,0.006059,0.009182,0.004685,-0.002544,0.003912,-0.007742,-0.001872,0.007945,-0.002250,-0.007640,0.002771,-0.001980,-0.001927,,,,,,,,,,,,,,,,,-0.010681,-0.002595,0.010991,-0.007588,0.007953,0.002183,-0.002127,0.000344,-0.012044,-0.002129,0.012060,0.004178,0.011495,0.002127,0.001948,0.000889,-0.012107,-0.005632,0.013162,0.007669,0.010931,0.002512,0.001526,0.002043,-0.008540,-0.005510,0.010027,0.010151,0.000502,0.001203,0.001010,-0.000694,-0.004706,-0.004226,0.006286,0.006013,-0.001962,0.001581,-0.001409,0.000754,0.008204,6,0.36019,0.002771
f98441fdf2fdfb49,images/f9/f98441fdf2fdfb4956498848beab7bb673dab59c88ad2e695767c4825f880907.jpg,gen,genuine_population,gen_126710BLRO_phillips_210072,126710BLRO,primary_steel,auction_house,https://phillips.com/detail/rolex/210072,,f98441fdf2fdfb4956498848beab7bb673dab59c88ad2e695767c4825f880907,https://dist.phillips.com/auction-assets/HK080524/210072_001.jpg?bg-color=ffffff&pad=0&fit=bounds&height=550&optimize=medium&width=605,harvest pose=GOOD decision=ACCEPT,images/f9/f98441fdf2fdfb4956498848beab7bb673dab59c88ad2e695767c4825f880907.jpg,accepted,402,550,,true,107.76931,0.98881,0.22611,46,11,102.03204,true,8,-0.72306,-0.35993,0.80770,0.07390,0.10764,true,,-0.76922,-0.39710,-0.76134,-0.39837,0.85926,0.39710,-0.76922,0.19182,-0.01672,-0.19267,-0.32749,,0.85714,1.00000,-0.23091,-1.05517,-2.70750,true,,-0.20802,-0.09841,-0.20634,-0.10168,0.23003,-0.09841,0.20802,0.69276,0.19821,-0.66645,0.12006,,0.85714,0.93333,true,,-0.38626,-0.84484,-0.37593,-0.85551,0.93446,0.38626,0.84484,0.52739,-0.40041,0.34655,-0.72181,,0.66667,0.80000,true,,-0.66424,-0.07827,-0.66245,-0.07569,0.66676,-0.26433,-0.61438,0.27513,-0.26695,0.03856,,-0.59153,0.81944,1.00000,false,hand/occluder crosses outline (clean 0.69),,,,,,,,,,,,,0.58333,0.69444,false,outline coverage 0.58; 7/8 octants,,,,,,,,,,,,,0.58333,0.82778,true,,-1.13320,-0.53607,-1.13159,-0.55515,1.26043,-1.03085,0.71335,0.43961,-0.42108,0.10236,,-0.34335,0.88889,1.00000,true,,-0.97397,-0.11882,-0.96029,-0.12607,0.96853,0.38408,0.90289,0.27508,0.26412,-0.06166,,-0.57367,0.88889,1.00000,true,,-1.31384,-0.42397,-1.28782,-0.43376,1.35891,0.92584,1.02409,0.44595,0.40936,0.19723,,-0.58207,0.84722,0.98889,true,,-0.92442,-0.56536,-0.90439,-0.56874,1.06836,1.08325,0.02741,0.21989,0.21322,-0.06971,,-0.38609,0.77778,0.97778,true,,-0.54174,-0.52037,-0.53200,-0.52418,0.74685,0.72153,-0.20898,0.09036,-0.01082,0.09041,,-0.35144,0.88889,0.98333,741,-0.007539,-0.003892,0.008421,0.003892,-0.007539,0.001880,-0.000164,-0.001888,-0.002039,-0.000965,0.002254,-0.000965,0.002039,0.006790,0.001943,-0.006532,-0.003786,-0.008280,0.009158,0.003786,0.008280,0.005169,-0.003924,0.003396,-0.006510,-0.000767,0.006535,-0.002591,-0.006021,0.002697,-0.002616,0.000378,,,,,,,,,,,,,,,,,-0.011106,-0.005254,0.012353,-0.010103,0.006991,0.004309,-0.004127,0.001003,-0.009546,-0.001165,0.009492,0.003764,0.008849,0.002696,0.002589,-0.000604,-0.012877,-0.004155,0.013318,0.009074,0.010037,0.004371,0.004012,0.001933,-0.009060,-0.005541,0.010471,0.010617,0.000269,0.002155,0.002090,-0.000683,-0.005310,-0.005100,0.007320,0.007072,-0.002048,0.000886,-0.000106,0.000886,0.007916,6,0.44595,0.004371
0b4ce551b94e7ea0,images/0b/0b4ce551b94e7ea0c8084b0caac1a529a44939be6bfba1a6f9aa924f8803af1f.jpg,gen,genuine_population,gen_126710BLRO_phillips_CH080120_75,126710BLRO,primary_steel,auction_house,https://phillips.com/detail/rolex/CH080120/75,,0b4ce551b94e7ea0c8084b0caac1a529a44939be6bfba1a6f9aa924f8803af1f,https://dist.phillips.com/auction-assets/CH080120/75_001.jpg?fit=cover&offset-x=50&offset-y=100&width=928,harvest pose=CORRECTABLE decision=ACCEPT,images/0b/0b4ce551b94e7ea0c8084b0caac1a529a44939be6bfba1a6f9aa924f8803af1f.jpg,accepted,928,1081,,true,238.75721,0.98253,0.13699,44,11,234.64024,true,9,-1.31515,-0.40673,1.37661,-0.20890,0.04096,true,,-1.46659,0.92329,-1.46182,0.96259,1.75028,-0.92329,-1.46659,0.99941,-0.94095,-0.26543,-0.28032,,1.00000,1.00000,-0.35689,-0.23240,-0.38402,true,,-1.55808,-0.30740,-1.53975,-0.31464,1.57157,-0.30740,1.55808,0.49406,0.47210,0.09620,-0.23450,,1.00000,1.00000,true,,-1.34686,-0.68776,-1.30065,-0.68528,1.47014,1.34686,0.68776,0.39887,0.38177,0.15172,-0.40927,,1.00000,1.00000,true,,-1.52186,-0.17096,-1.51392,-0.15057,1.52139,-0.61288,-1.40345,0.20450,0.09860,-0.17878,,-0.04116,0.91667,1.00000,false,hand/occluder crosses outline (clean 0.71),,,,,,,,,,,,,0.73611,0.70556,true,,-1.75689,-0.55303,-1.75870,-0.56267,1.84651,-1.79803,0.39951,0.06482,-0.03861,-0.04991,,0.12592,1.00000,1.00000,true,,-1.69981,-0.92611,-1.68631,-0.95093,1.93595,-1.65194,1.00903,0.25046,-0.23140,-0.07896,,0.10061,1.00000,1.00000,true,,-1.35672,-0.64896,-1.32308,-0.66061,1.47883,0.11635,1.49944,0.20508,0.20167,0.00207,,0.06408,0.76389,0.83889,true,,-0.82033,-0.94496,-0.78535,-0.95570,1.23699,0.23795,1.22853,0.32414,-0.31529,0.07005,,-0.08309,0.91667,1.00000,true,,-0.35897,0.01139,-0.34988,0.01592,0.35024,0.30518,-0.18935,0.63881,-0.65743,-0.01262,,-0.23494,0.93056,1.00000,true,,-1.07708,-0.27066,-1.05087,-0.25733,1.08192,0.77294,-0.79745,0.14973,0.14921,0.01784,,-0.04965,0.79167,1.00000,1254,-0.006250,0.003935,0.007459,-0.003935,-0.006250,0.004259,-0.004010,-0.001131,-0.006640,-0.001310,0.006698,-0.001310,0.006640,0.002106,0.002012,0.000410,-0.005740,-0.002931,0.006266,0.005740,0.002931,0.001700,0.001627,0.000647,-0.006486,-0.000729,0.006484,-0.002612,-0.005981,0.000872,0.000420,-0.000762,,,,,,,,,-0.007488,-0.002357,0.007870,-0.007663,0.001703,0.000276,-0.000165,-0.000213,-0.007244,-0.003947,0.008251,-0.007040,0.004300,0.001067,-0.000986,-0.000337,-0.005782,-0.002766,0.006303,0.000496,0.006390,0.000874,0.000859,0.000009,-0.003496,-0.004027,0.005272,0.001014,0.005236,0.001381,-0.001344,0.000299,-0.001530,0.000049,0.001493,0.001301,-0.000807,0.002723,-0.002802,-0.000054,-0.004590,-0.001154,0.004611,0.003294,-0.003399,0.000638,0.000636,0.000076,0.005867,7,0.63881,0.002723
3cf5442ab9c87b9c,images/3c/3cf5442ab9c87b9c0b9481fd0eb2b92316a0287581635c49fc9cf6cdc4f31a00.jpg,gen,genuine_population,gen_126710BLRO_phillips_CH080120_75,126710BLRO,primary_steel,auction_house,https://phillips.com/detail/rolex/CH080120/75,,3cf5442ab9c87b9c0b9481fd0eb2b92316a0287581635c49fc9cf6cdc4f31a00,https://dist.phillips.com/auction-assets/CH080120/75_001.jpg?bg-color=0&pad=0&fit=bounds&disable-upscale&height=4000&optimize=medium&width=2000,harvest pose=CORRECTABLE decision=ACCEPT,images/3c/3cf5442ab9c87b9c0b9481fd0eb2b92316a0287581635c49fc9cf6cdc4f31a00.jpg,accepted,1500,1748,,true,385.24166,0.98297,0.15291,43,11,379.22857,true,9,-2.19736,-0.71551,2.31092,-0.15888,0.03733,true,,-2.61823,1.31460,-2.60579,1.38018,2.94873,-1.31460,-2.61823,1.69784,-1.55232,-0.58469,-0.32054,,1.00000,1.00000,-0.37597,-0.18853,-0.04425,true,,-2.59303,-0.50212,-2.56289,-0.51330,2.61378,-0.50212,2.59303,0.71245,0.67208,0.17540,-0.06572,,0.90476,1.00000,true,,-1.91676,-1.11838,-1.84966,-1.11692,2.16073,1.91676,1.11838,0.25240,0.14070,0.21254,-0.19115,,0.90476,0.96667,true,,-2.45913,-0.42371,-2.44452,-0.39404,2.47607,-0.86262,-2.34152,0.27773,0.11975,-0.25062,,0.07323,0.91667,1.00000,false,hand/occluder crosses outline (clean 0.72),,,,,,,,,,,,,0.72222,0.71667,true,,-2.86788,-0.80210,-2.87160,-0.81435,2.98484,-2.88471,0.73930,0.11333,-0.10323,0.04581,,0.19961,1.00000,1.00000,true,,-2.79835,-1.42568,-2.77712,-1.46324,3.13902,-2.63385,1.71060,0.41864,-0.40573,-0.06277,,0.14887,1.00000,1.00000,true,,-2.10511,-0.89765,-2.05513,-0.91335,2.24894,0.27517,2.27190,0.35622,0.27226,-0.22070,,0.23762,0.75000,0.83889,true,,-1.60598,-1.31727,-1.54669,-1.33079,2.04040,0.73218,1.94378,0.34903,-0.35059,0.00453,,0.11095,0.86111,1.00000,true,,-1.28822,-0.50611,-1.24743,-0.49595,1.34241,1.36869,-0.20580,0.42845,-0.43333,0.08598,,0.01571,0.70833,1.00000,true,,-1.85276,-0.54048,-1.80728,-0.51880,1.88027,1.39445,-1.33430,0.15094,0.14579,0.03736,,-0.04063,0.76389,1.00000,1557,-0.006904,0.003467,0.007776,-0.003467,-0.006904,0.004477,-0.004093,-0.001542,-0.006838,-0.001324,0.006892,-0.001324,0.006838,0.001879,0.001772,0.000463,-0.005054,-0.002949,0.005698,0.005054,0.002949,0.000666,0.000371,0.000560,-0.006485,-0.001117,0.006529,-0.002275,-0.006174,0.000732,0.000316,-0.000661,,,,,,,,,-0.007562,-0.002115,0.007871,-0.007607,0.001949,0.000299,-0.000272,0.000121,-0.007379,-0.003759,0.008277,-0.006945,0.004511,0.001104,-0.001070,-0.000166,-0.005551,-0.002367,0.005930,0.000726,0.005991,0.000939,0.000718,-0.000582,-0.004235,-0.003474,0.005380,0.001931,0.005126,0.000920,-0.000924,0.000012,-0.003397,-0.001335,0.003540,0.003609,-0.000543,0.001130,-0.001143,0.000227,-0.004886,-0.001425,0.004958,0.003677,-0.003518,0.000398,0.000384,0.000099,0.006094,7,0.42845,0.001130
8e26e5fffbd67274,images/8e/8e26e5fffbd67274d02bd046acfa71c7c2e4339aa0658ac71797a6373fb0cac1.jpg,gen,genuine_population,gen_126710BLRO_phillips_CH080120_75,126710BLRO,primary_steel,auction_house,https://phillips.com/detail/rolex/CH080120/75,,8e26e5fffbd67274d02bd046acfa71c7c2e4339aa0658ac71797a6373fb0cac1,https://dist.phillips.com/auction-assets/CH080120/75_001.jpg?fit=cover&offset-x=50&offset-y=100&optimize=medium&width=868,harvest pose=CORRECTABLE decision=ACCEPT,images/8e/8e26e5fffbd67274d02bd046acfa71c7c2e4339aa0658ac71797a6373fb0cac1.jpg,accepted,868,1012,,true,223.24677,0.97712,0.20992,44,11,219.40951,true,9,-1.19898,-0.34619,1.24796,-0.18781,0.04555,true,,-1.29284,0.78320,-1.28867,0.81825,1.52650,-0.78320,-1.29284,0.85056,-0.80275,-0.21562,-0.16510,,1.00000,1.00000,-0.43080,0.00014,-0.52373,true,,-1.38589,-0.11736,-1.37207,-0.11976,1.37729,-0.11736,1.38589,0.55792,0.54265,0.03757,0.24879,,1.00000,0.96667,true,,-1.30206,-0.59209,-1.25938,-0.58940,1.39048,1.30206,0.59209,0.40008,0.39659,0.11153,-0.32763,,1.00000,1.00000,true,,-1.32492,-0.17251,-1.31785,-0.15552,1.32700,-0.51306,-1.23367,0.19730,0.12805,-0.14739,,-0.01323,0.93056,1.00000,false,hand/occluder crosses outline (clean 0.71),,,,,,,,,,,,,0.70833,0.70556,true,,-1.55051,-0.50355,-1.55162,-0.51257,1.63409,-1.59455,0.33917,0.11702,-0.03158,-0.10878,,0.14180,1.00000,1.00000,true,,-1.55401,-0.78352,-1.54241,-0.80461,1.73967,-1.45555,0.95406,0.22601,-0.21020,-0.06690,,0.10064,0.98611,1.00000,true,,-1.38260,-0.66939,-1.34869,-0.68168,1.51118,0.11159,1.53206,0.21181,0.14033,0.16225,,-0.02365,0.80556,0.84444,true,,-0.72191,-0.88123,-0.69076,-0.89226,1.12839,0.18458,1.12413,0.36814,-0.35969,0.07194,,-0.07928,0.93056,1.00000,true,,-0.34824,0.01247,-0.33966,0.01691,0.34008,0.29535,-0.18492,0.58176,-0.59777,-0.02050,,-0.20875,0.91667,1.00000,true,,-0.98076,-0.16562,-0.95865,-0.15274,0.97074,0.63381,-0.76655,0.06363,0.05831,-0.02913,,-0.08391,0.83333,1.00000,1251,-0.005892,0.003570,0.006957,-0.003570,-0.005892,0.003877,-0.003659,-0.000983,-0.006316,-0.000535,0.006277,-0.000535,0.006316,0.002543,0.002473,0.000171,-0.005934,-0.002699,0.006337,0.005934,0.002699,0.001823,0.001808,0.000508,-0.006039,-0.000786,0.006048,-0.002338,-0.005623,0.000899,0.000584,-0.000672,,,,,,,,,-0.007067,-0.002295,0.007448,-0.007267,0.001546,0.000533,-0.000144,-0.000496,-0.007083,-0.003571,0.007929,-0.006634,0.004348,0.001030,-0.000958,-0.000305,-0.006301,-0.003051,0.006887,0.000509,0.006983,0.000965,0.000640,0.000739,-0.003290,-0.004016,0.005143,0.000841,0.005123,0.001678,-0.001639,0.000328,-0.001587,0.000057,0.001550,0.001346,-0.000843,0.002651,-0.002724,-0.000093,-0.004470,-0.000755,0.004424,0.002889,-0.003494,0.000290,0.000266,-0.000133,0.005688,7,0.58176,0.002651
da21757059a23f65,images/da/da21757059a23f658fb107a9151b670d8d6a1428d4bf56b04b315fb1bac4bfc6.jpg,gen,genuine_population,gen_126710BLRO_phillips_CH080120_75,126710BLRO,primary_steel,auction_house,https://phillips.com/detail/rolex/CH080120/75,,da21757059a23f658fb107a9151b670d8d6a1428d4bf56b04b315fb1bac4bfc6,https://dist.phillips.com/auction-assets/CH080120/75_001.jpg?fit=cover&offset-x=50&offset-y=100&width=750,harvest pose=CORRECTABLE decision=ACCEPT,images/da/da21757059a23f658fb107a9151b670d8d6a1428d4bf56b04b315fb1bac4bfc6.jpg,accepted,750,874,,true,192.94800,0.97916,0.21940,44,11,189.60897,true,9,-1.08023,-0.35384,1.13671,-0.20913,0.03912,true,,-1.11508,0.72709,-1.11185,0.75771,1.34548,-0.72709,-1.11508,0.79143,-0.76566,-0.12173,-0.22249,,1.00000,1.00000,-0.47216,-0.07413,-0.58468,true,,-1.18749,-0.32066,-1.17266,-0.32830,1.21775,-0.32066,1.18749,0.34261,0.33424,-0.00708,-0.19215,,1.00000,1.00000,true,,-1.42760,-0.61742,-1.38089,-0.61385,1.51118,1.42760,0.61742,0.63230,0.63022,0.16420,-0.26967,,0.95238,1.00000,true,,-1.15842,-0.13791,-1.15214,-0.12261,1.15865,-0.45977,-1.07218,0.11718,0.10309,-0.04981,,-0.03675,0.95833,1.00000,false,hand/occluder crosses outline (clean 0.71),,,,,,,,,,,,,0.72222,0.70556,true,,-1.35500,-0.48129,-1.35577,-0.49051,1.44177,-1.41411,0.26069,0.09442,0.03580,-0.08510,,0.10595,1.00000,1.00000,true,,-1.38269,-0.77612,-1.37170,-0.79744,1.58665,-1.36348,0.80939,0.20214,-0.18493,-0.06797,,0.07020,1.00000,1.00000,true,,-1.14186,-0.66134,-1.11220,-0.67389,1.30043,-0.00181,1.31955,0.11658,0.07993,0.08672,,-0.05290,0.79167,0.83889,true,,-0.60969,-0.81591,-0.58201,-0.82636,1.01075,0.12005,1.01144,0.33413,-0.32978,0.04997,,-0.06584,0.94444,1.00000,true,,-0.32406,-0.00708,-0.31568,-0.00316,0.31569,0.28418,-0.15590,0.50705,-0.52111,-0.02057,,-0.15777,0.93056,1.00000,true,,-0.85631,-0.03095,-0.83843,-0.01808,0.83863,0.45496,-0.72611,0.10032,-0.07899,-0.05921,,-0.12168,0.91667,1.00000,1135,-0.005881,0.003835,0.007096,-0.003835,-0.005881,0.004174,-0.004038,-0.000642,-0.006263,-0.001691,0.006422,-0.001691,0.006263,0.001807,0.001763,-0.000037,-0.007529,-0.003256,0.007970,0.007529,0.003256,0.003335,0.003324,0.000866,-0.006110,-0.000727,0.006111,-0.002425,-0.005655,0.000618,0.000544,-0.000263,,,,,,,,,-0.007146,-0.002538,0.007604,-0.007458,0.001375,0.000498,0.000189,-0.000449,-0.007292,-0.004093,0.008368,-0.007191,0.004269,0.001066,-0.000975,-0.000358,-0.006022,-0.003488,0.006858,-0.000010,0.006959,0.000615,0.000422,0.000457,-0.003216,-0.004303,0.005331,0.000633,0.005334,0.001762,-0.001739,0.000264,-0.001709,-0.000037,0.001665,0.001499,-0.000822,0.002674,-0.002748,-0.000108,-0.004516,-0.000163,0.004423,0.002399,-0.003830,0.000529,-0.000417,-0.000312,0.005995,7,0.50705,0.002674
e8b21325b74bac74,images/e8/e8b21325b74bac74f6c4a467972010f94d6c3d5cc590cdd588ba93f4e74f9782.jpg,gen,genuine_population,gen_126710BLRO_phillips_CH080120_75,126710BLRO,primary_steel,auction_house,https://phillips.com/detail/rolex/CH080120/75,,e8b21325b74bac74f6c4a467972010f94d6c3d5cc590cdd588ba93f4e74f9782,https://dist.phillips.com/auction-assets/CH080120/75_001.jpg?fit=crop&offset-x=50&offset-y=100&height=730,harvest pose=CORRECTABLE decision=ACCEPT,images/e8/e8b21325b74bac74f6c4a467972010f94d6c3d5cc590cdd588ba93f4e74f9782.jpg,accepted,1500,1748,,true,384.99907,0.97988,0.15563,43,11,379.23018,true,9,-2.19779,-0.72337,2.31377,-0.16075,0.03684,true,,-2.61921,1.31769,-2.60677,1.38321,2.95102,-1.31769,-2.61921,1.70181,-1.55732,-0.58253,-0.33490,,1.00000,1.00000,-0.39036,-0.20290,-0.05869,true,,-2.58983,-0.50850,-2.55969,-0.51993,2.61196,-0.50850,2.58983,0.71871,0.67866,0.17419,-0.06353,,0.90476,1.00000,true,,-1.93052,-1.10368,-1.86338,-1.10203,2.16487,1.93052,1.10368,0.24647,0.15932,0.19274,-0.15204,,0.90476,0.96667,true,,-2.45304,-0.43174,-2.43834,-0.40247,2.47134,-0.85262,-2.34027,0.27514,0.12920,-0.24247,,0.06909,0.91667,1.00000,false,hand/occluder crosses outline (clean 0.72),,,,,,,,,,,,,0.72222,0.71667,true,,-2.87448,-0.81755,-2.87806,-0.83035,2.99544,-2.89814,0.72922,0.11604,-0.10666,0.04474,,0.19570,1.00000,1.00000,true,,-2.80695,-1.44078,-2.78558,-1.47889,3.15382,-2.65122,1.71050,0.42240,-0.41050,-0.05682,,0.14981,1.00000,1.00000,true,,-2.09141,-0.89776,-2.04174,-0.91358,2.23681,0.26822,2.26009,0.36874,0.27742,-0.23406,,0.24323,0.73611,0.83889,true,,-1.58410,-1.36714,-1.52460,-1.38160,2.05748,0.68830,1.97602,0.38617,-0.38534,0.03263,,0.07805,0.84722,1.00000,true,,-1.30777,-0.50208,-1.26658,-0.49169,1.35867,1.38360,-0.21907,0.40985,-0.41687,0.06907,,0.03784,0.69444,1.00000,true,,-1.83943,-0.53609,-1.79432,-0.51466,1.86667,1.38398,-1.32495,0.14282,0.13426,0.04603,,-0.04225,0.76389,1.00000,1554,-0.006907,0.003475,0.007782,-0.003475,-0.006907,0.004488,-0.004107,-0.001536,-0.006829,-0.001341,0.006888,-0.001341,0.006829,0.001895,0.001790,0.000459,-0.005091,-0.002910,0.005709,0.005091,0.002910,0.000650,0.000420,0.000508,-0.006468,-0.001138,0.006517,-0.002248,-0.006171,0.000726,0.000341,-0.000639,,,,,,,,,-0.007580,-0.002156,0.007899,-0.007642,0.001923,0.000306,-0.000281,0.000118,-0.007402,-0.003799,0.008316,-0.006991,0.004510,0.001114,-0.001082,-0.000150,-0.005515,-0.002367,0.005898,0.000707,0.005960,0.000972,0.000732,-0.000617,-0.004177,-0.003605,0.005425,0.001815,0.005211,0.001018,-0.001016,0.000086,-0.003448,-0.001324,0.003583,0.003648,-0.000578,0.001081,-0.001099,0.000182,-0.004850,-0.001414,0.004922,0.003649,-0.003494,0.000377,0.000354,0.000121,0.006101,7,0.42240,0.001114
d6c5edf4cc349905,images/d6/d6c5edf4cc3499052d695db9169e97d670a5164ca695621310f8c6d6d2151087.jpg,gen,genuine_population,gen_126710BLRO_phillips_CH080120_75,126710BLRO,primary_steel,auction_house,https://phillips.com/detail/rolex/CH080120/75,,d6c5edf4cc3499052d695db9169e97d670a5164ca695621310f8c6d6d2151087,https://dist.phillips.com/auction-assets/CH080120/75_001.jpg?bg-color=ffffff&pad=0&fit=bounds&height=550&optimize=medium&width=605,harvest pose=CORRECTABLE decision=ACCEPT,images/d6/d6c5edf4cc3499052d695db9169e97d670a5164ca695621310f8c6d6d2151087.jpg,accepted,472,550,,true,121.35039,0.98070,0.27324,45,11,119.29313,true,9,-0.71589,-0.26499,0.76336,-0.21104,0.02697,true,,-0.81246,0.50149,-0.80964,0.52271,0.96371,-0.50149,-0.81246,0.59277,-0.56549,-0.13027,-0.43383,,1.00000,1.00000,-0.55918,-0.58745,-1.44981,true,,-0.79333,0.02789,-0.78783,0.02912,0.78837,0.02789,0.79333,0.49733,0.48320,0.02385,0.09035,,1.00000,1.00000,true,,-0.89374,-0.36774,-0.86542,-0.36572,0.93953,0.89374,0.36774,0.35182,0.35677,0.06013,0.13689,,1.00000,0.86667,true,,-0.80881,-0.20044,-0.80260,-0.19217,0.82529,-0.23082,-0.80067,0.13887,0.10768,-0.08406,,0.00675,0.97222,1.00000,false,hand/occluder crosses outline (clean 0.69),,,,,,,,,,,,,0.72222,0.68889,true,,-0.89054,-0.32425,-0.89120,-0.33084,0.95063,-0.93336,0.16446,0.03691,0.03353,-0.01506,,0.14812,1.00000,1.00000,true,,-0.87043,-0.61453,-0.86242,-0.63255,1.06953,-0.96741,0.44655,0.20098,-0.16958,-0.09616,,0.07826,1.00000,1.00000,true,,-0.71057,-0.62136,-0.68941,-0.63466,0.93706,-0.18283,0.92605,0.16532,-0.11207,0.11814,,-0.02091,0.83333,0.83889,true,,-0.36771,-0.61027,-0.34904,-0.61951,0.71107,0.01331,0.71236,0.29103,-0.27912,0.07351,,-0.02842,1.00000,1.00000,true,,-0.32000,-0.07816,-0.31071,-0.07521,0.31969,0.31620,-0.09231,0.23473,-0.24142,-0.00409,,-0.05387,0.93056,1.00000,true,,-0.58642,0.02772,-0.57507,0.03695,0.57625,0.26920,-0.52171,0.14035,-0.11937,-0.07030,,-0.00306,0.93056,1.00000,861,-0.006811,0.004204,0.008079,-0.004204,-0.006811,0.004969,-0.004740,-0.001092,-0.006650,0.000234,0.006609,0.000234,0.006650,0.004169,0.004051,0.000200,-0.007492,-0.003083,0.007876,0.007492,0.003083,0.002949,0.002991,0.000504,-0.006780,-0.001680,0.006918,-0.001935,-0.006712,0.001164,0.000903,-0.000705,,,,,,,,,-0.007465,-0.002718,0.007969,-0.007824,0.001379,0.000309,0.000281,-0.000126,-0.007297,-0.005151,0.008966,-0.008110,0.003743,0.001685,-0.001422,-0.000806,-0.005957,-0.005209,0.007855,-0.001533,0.007763,0.001386,-0.000939,0.000990,-0.003082,-0.005116,0.005961,0.000112,0.005972,0.002440,-0.002340,0.000616,-0.002682,-0.000655,0.002680,0.002651,-0.000774,0.001968,-0.002024,-0.000034,-0.004916,0.000232,0.004831,0.002257,-0.004373,0.001177,-0.001001,-0.000589,0.006399,7,0.29103,0.002440
501e07afc5875f4a,images/50/501e07afc5875f4acb8f2dcf20a4199a90f3a1f6054df9d6d3d8c8976518970e.jpg,gen,genuine_population,gen_126710BLRO_phillips_NY080121_35,126710BLRO,primary_steel,auction_house,https://phillips.com/detail/rolex/NY080121/35,,501e07afc5875f4acb8f2dcf20a4199a90f3a1f6054df9d6d3d8c8976518970e,https://dist.phillips.com/auction-assets/NY080121/35_001.jpg?fit=cover&offset-x=50&offset-y=100&width=928,harvest pose=CORRECTABLE decision=ACCEPT,images/50/501e07afc5875f4acb8f2dcf20a4199a90f3a1f6054df9d6d3d8c8976518970e.jpg,accepted,928,1067,,true,238.34198,0.96731,0.17657,44,11,231.61578,true,10,-1.23097,-0.12274,1.23707,-0.17051,0.05714,true,,-1.21757,1.02312,-1.18388,1.08183,1.60372,-1.02312,-1.21757,0.88270,-0.83847,-0.16159,-1.02672,,1.00000,1.00000,-1.23502,-0.84257,-1.11305,true,,-1.35774,-0.10035,-1.34557,-0.10024,1.34930,-0.10035,1.35774,0.34530,0.32882,-0.05723,1.02833,,1.00000,1.00000,true,,-1.41218,-0.38066,-1.38579,-0.37644,1.43601,1.41218,0.38066,0.46562,0.46983,0.07530,-0.12832,,0.85714,1.00000,true,,-1.31916,0.15805,-1.31382,0.18747,1.32713,-0.79645,-1.06340,0.11814,0.03141,-0.11130,,-0.05065,1.00000,1.00000,true,,-1.21860,-0.08000,-1.22546,-0.06559,1.22722,-1.01534,-0.67858,0.35015,0.31453,-0.13262,,0.02441,0.81944,0.83889,true,,-1.44689,-0.25125,-1.45745,-0.25252,1.47917,-1.37867,0.50586,0.20789,0.08216,-0.18874,,-0.05597,0.97222,1.00000,true,,-1.81881,-0.66729,-1.82845,-0.68627,1.95300,-1.48729,1.24149,0.44883,-0.43260,0.04489,,-0.04123,0.83333,0.84444,true,,-1.31946,-0.40925,-1.30410,-0.41695,1.36914,0.30531,1.34731,0.12118,0.11944,0.01975,,0.07424,1.00000,1.00000,true,,-1.36473,-0.66984,-1.34685,-0.67909,1.50837,0.84697,1.26246,0.37638,0.15910,0.34103,,0.10444,1.00000,1.00000,true,,-0.41678,0.23614,-0.40180,0.24856,0.47247,0.24287,-0.41289,0.58414,-0.57597,-0.09377,,-0.27022,0.98611,1.00000,true,,-0.60742,0.38223,-0.58844,0.40464,0.71414,-0.02731,-0.71716,0.45696,-0.44001,0.10398,,-0.09399,0.97222,1.00000,1223,-0.005257,0.004417,0.006924,-0.004417,-0.005257,0.003811,-0.003620,-0.000698,-0.005862,-0.000433,0.005826,-0.000433,0.005862,0.001491,0.001420,-0.000247,-0.006097,-0.001643,0.006200,0.006097,0.001643,0.002010,0.002028,0.000325,-0.005695,0.000682,0.005730,-0.003439,-0.004591,0.000510,0.000136,-0.000481,-0.005261,-0.000345,0.005299,-0.004384,-0.002930,0.001512,0.001358,-0.000573,-0.006247,-0.001085,0.006386,-0.005952,0.002184,0.000898,0.000355,-0.000815,-0.007853,-0.002881,0.008432,-0.006421,0.005360,0.001938,-0.001868,0.000194,-0.005697,-0.001767,0.005911,0.001318,0.005817,0.000523,0.000516,0.000085,-0.005892,-0.002892,0.006512,0.003657,0.005451,0.001625,0.000687,0.001472,-0.001799,0.001020,0.002040,0.001049,-0.001783,0.002522,-0.002487,-0.000405,-0.002623,0.001650,0.003083,-0.000118,-0.003096,0.001973,-0.001900,0.000449,0.005341,8,0.58414,0.002522
22075296f80ce8ce,images/22/22075296f80ce8cea1d8e555a8ad866bf1148ba8e2d68f1d7ccc7c1833327446.jpg,gen,genuine_population,gen_126710BLRO_phillips_NY080121_35,126710BLRO,primary_steel,auction_house,https://phillips.com/detail/rolex/NY080121/35,,22075296f80ce8cea1d8e555a8ad866bf1148ba8e2d68f1d7ccc7c1833327446,https://dist.phillips.com/auction-assets/NY080121/35_001.jpg?fit=cover&offset-x=50&offset-y=100&optimize=medium&width=868,harvest pose=CORRECTABLE decision=ACCEPT,images/22/22075296f80ce8cea1d8e555a8ad866bf1148ba8e2d68f1d7ccc7c1833327446.jpg,accepted,868,998,,true,222.95641,0.96524,0.23129,44,11,216.53471,true,10,-1.12872,-0.09600,1.13279,-0.15989,0.06010,true,,-1.18657,0.91334,-1.15598,0.96740,1.50737,-0.91334,-1.18657,0.80008,-0.74057,-0.23078,-0.96541,,1.00000,1.00000,-1.20469,-0.74068,-1.01725,true,,-1.38016,0.20497,-1.36177,0.21548,1.37871,0.20497,1.38016,0.59220,0.57031,0.07132,0.59234,,1.00000,1.00000,true,,-1.25634,-0.46446,-1.23711,-0.46450,1.32144,1.25634,0.46446,0.42118,0.38045,0.18901,0.23355,,0.90476,1.00000,true,,-1.23466,0.09273,-1.23093,0.11757,1.23653,-0.69763,-1.02288,0.18621,0.06244,-0.17060,,-0.02534,1.00000,1.00000,true,,-1.09734,-0.10908,-1.10411,-0.09801,1.10845,-0.89578,-0.64314,0.37115,0.31861,-0.16911,,0.02781,0.83333,0.83889,true,,-1.29903,-0.19778,-1.30773,-0.19773,1.32259,-1.22388,0.47823,0.20943,0.09443,-0.18506,,-0.00193,0.95833,1.00000,true,,-1.65839,-0.67686,-1.66889,-0.69652,1.80841,-1.41537,1.09778,0.49288,-0.47531,-0.01984,,-0.01804,0.81944,0.83889,true,,-1.20285,-0.39560,-1.19038,-0.40326,1.25683,0.25883,1.23949,0.06388,0.06157,0.01796,,0.06973,1.00000,1.00000,true,,-1.25108,-0.63524,-1.23658,-0.64468,1.39454,0.76585,1.17568,0.35382,0.11427,0.33239,,0.07858,1.00000,1.00000,true,,-0.38647,0.25805,-0.37211,0.27073,0.46017,0.20567,-0.41671,0.56623,-0.54983,-0.12267,,-0.25987,1.00000,1.00000,true,,-0.51698,0.45112,-0.49843,0.47418,0.68796,-0.13219,-0.67328,0.52303,-0.50944,0.07508,,-0.13497,1.00000,1.00000,1197,-0.005480,0.004218,0.006961,-0.004218,-0.005480,0.003695,-0.003420,-0.001066,-0.006374,0.000947,0.006367,0.000947,0.006374,0.002735,0.002634,0.000329,-0.005802,-0.002145,0.006103,0.005802,0.002145,0.001945,0.001757,0.000873,-0.005702,0.000428,0.005711,-0.003222,-0.004724,0.000860,0.000288,-0.000788,-0.005068,-0.000504,0.005119,-0.004137,-0.002970,0.001714,0.001471,-0.000781,-0.005999,-0.000913,0.006108,-0.005652,0.002209,0.000967,0.000436,-0.000855,-0.007659,-0.003126,0.008352,-0.006536,0.005070,0.002276,-0.002195,-0.000092,-0.005555,-0.001827,0.005804,0.001195,0.005724,0.000295,0.000284,0.000083,-0.005778,-0.002934,0.006440,0.003537,0.005430,0.001634,0.000528,0.001535,-0.001785,0.001192,0.002125,0.000950,-0.001924,0.002615,-0.002539,-0.000567,-0.002388,0.002083,0.003177,-0.000610,-0.003109,0.002415,-0.002353,0.000347,0.005231,8,0.56623,0.002615
4f28b9bc46ddd1cf,images/4f/4f28b9bc46ddd1cf53e7fdb7339a97f344135130a76251d0759ca5309edec7a9.jpg,gen,genuine_population,gen_126710BLRO_phillips_NY080121_35,126710BLRO,primary_steel,auction_house,https://phillips.com/detail/rolex/NY080121/35,,4f28b9bc46ddd1cf53e7fdb7339a97f344135130a76251d0759ca5309edec7a9,https://dist.phillips.com/auction-assets/NY080121/35_001.jpg?bg-color=ffffff&pad=0&fit=bounds&height=550&optimize=medium&width=605,harvest pose=CORRECTABLE decision=ACCEPT,images/4f/4f28b9bc46ddd1cf53e7fdb7339a97f344135130a76251d0759ca5309edec7a9.jpg,accepted,478,550,,true,123.01384,0.96693,0.28492,44,11,119.15908,true,10,-0.68072,-0.01108,0.68081,-0.07172,0.07073,true,,-0.74817,0.44575,-0.73226,0.47562,0.87316,-0.44575,-0.74817,0.44601,-0.39500,-0.17895,-1.15705,,1.00000,1.00000,-1.10178,-0.97481,-0.29785,true,,-0.97745,0.29987,-0.96091,0.31252,1.01046,0.29987,0.97745,0.42969,0.38196,0.17960,0.41799,,1.00000,1.00000,true,,-0.96761,-0.18979,-0.94951,-0.18513,0.96739,0.96761,0.18979,0.34393,0.34536,0.06116,0.13778,,0.95238,0.83333,true,,-0.67950,0.01724,-0.67847,0.02962,0.67911,-0.35468,-0.57985,0.10801,0.04297,-0.09586,,0.02335,1.00000,1.00000,true,,-0.65373,-0.03946,-0.65729,-0.03172,0.65805,-0.54642,-0.36104,0.17018,0.10903,-0.12201,,0.09227,0.83333,0.84444,true,,-0.65758,0.01372,-0.65938,0.01853,0.65964,-0.56262,0.34067,0.15413,0.11039,-0.10708,,0.01917,1.00000,1.00000,true,,-0.91857,-0.26214,-0.92155,-0.26834,0.95982,-0.68631,0.66444,0.27122,-0.25825,-0.04111,,0.00866,0.83333,0.83889,true,,-0.68475,-0.12929,-0.67552,-0.13055,0.68802,0.23041,0.65766,0.07025,-0.02831,-0.06544,,0.09192,1.00000,1.00000,true,,-0.72139,-0.33571,-0.71257,-0.34006,0.78955,0.45689,0.65143,0.18836,-0.05964,0.17328,,0.06341,1.00000,1.00000,true,,-0.27996,0.10830,-0.27147,0.11536,0.29496,0.18830,-0.23377,0.34609,-0.34577,-0.02514,,-0.08967,1.00000,1.00000,true,,-0.37376,0.16612,-0.36414,0.17788,0.40526,0.04301,-0.40674,0.25633,-0.24611,0.05969,,-0.04014,1.00000,1.00000,820,-0.006279,0.003741,0.007328,-0.003741,-0.006279,0.003743,-0.003315,-0.001502,-0.008203,0.002517,0.008480,0.002517,0.008203,0.003606,0.003205,0.001507,-0.008120,-0.001593,0.008118,0.008120,0.001593,0.002886,0.002898,0.000513,-0.005702,0.000145,0.005699,-0.002977,-0.004866,0.000906,0.000361,-0.000804,-0.005486,-0.000331,0.005522,-0.004586,-0.003030,0.001428,0.000915,-0.001024,-0.005519,0.000115,0.005536,-0.004722,0.002859,0.001293,0.000926,-0.000899,-0.007709,-0.002200,0.008055,-0.005760,0.005576,0.002276,-0.002167,-0.000345,-0.005747,-0.001085,0.005774,0.001934,0.005519,0.000590,-0.000238,-0.000549,-0.006054,-0.002817,0.006626,0.003834,0.005467,0.001581,-0.000501,0.001454,-0.002349,0.000909,0.002475,0.001580,-0.001962,0.002904,-0.002902,-0.000211,-0.003137,0.001394,0.003401,0.000361,-0.003413,0.002151,-0.002065,0.000501,0.005713,8,0.34609,0.002904
d0bda0f8f6726fa9,images/d0/d0bda0f8f6726fa96162d3e7e63af97c8cbae0bf739e2c4acc63e8ac9654f39f.jpg,gen,genuine_population,gen_126710BLRO_phillips_NY080121_35,126710BLRO,primary_steel,auction_house,https://phillips.com/detail/rolex/NY080121/35,,d0bda0f8f6726fa96162d3e7e63af97c8cbae0bf739e2c4acc63e8ac9654f39f,https://dist.phillips.com/auction-assets/NY080121/35_002.jpg?fit=cover&offset-x=50&offset-y=100&width=928,harvest pose=CORRECTABLE decision=ACCEPT,images/d0/d0bda0f8f6726fa96162d3e7e63af97c8cbae0bf739e2c4acc63e8ac9654f39f.jpg,pose_rejected,928,947,physical black-dial boundary could not be fitted,false,,,,0,0,,,,,,,,,,,,,,,,,,,,,,,,,,,,,,,,,,,,,,,,,,,,,,,,,,,,,,,,,,,,,,,,,,,,,,,,,,,,,,,,,,,,,,,,,,,,,,,,,,,,,,,,,,,,,,,,,,,,,,,,,,,,,,,,,,,,,,,,,,,,,,,,,,,,,,,,,,,,,,,,,,,,,,,,,,,,,,,,,,,,,,,,,,,,,,,,,,,,,,,,,,,,,,,,,,,,,,,,,,,,,,,,,,,,,,,,,,,,,,,,,,,,,,,,,,,,,,,,,,,,,,,,,,,,,,,,,,,,,,,,
e9b6fe2e1100dbd9,images/e9/e9b6fe2e1100dbd98f99d210924a541c4bbf43d392db7232e9eb0c28ca7de87e.jpg,gen,genuine_population,gen_126710BLRO_phillips_NY080121_35,126710BLRO,primary_steel,auction_house,https://phillips.com/detail/rolex/NY080121/35,,e9b6fe2e1100dbd98f99d210924a541c4bbf43d392db7232e9eb0c28ca7de87e,https://dist.phillips.com/auction-assets/NY080121/35_002.jpg?bg-color=0&pad=0&fit=bounds&disable-upscale&height=4000&optimize=medium&width=2000,harvest pose=CORRECTABLE decision=ACCEPT,images/e9/e9b6fe2e1100dbd98f99d210924a541c4bbf43d392db7232e9eb0c28ca7de87e.jpg,pose_rejected,1500,1530,physical black-dial boundary could not be fitted,false,,,,0,0,,,,,,,,,,,,,,,,,,,,,,,,,,,,,,,,,,,,,,,,,,,,,,,,,,,,,,,,,,,,,,,,,,,,,,,,,,,,,,,,,,,,,,,,,,,,,,,,,,,,,,,,,,,,,,,,,,,,,,,,,,,,,,,,,,,,,,,,,,,,,,,,,,,,,,,,,,,,,,,,,,,,,,,,,,,,,,,,,,,,,,,,,,,,,,,,,,,,,,,,,,,,,,,,,,,,,,,,,,,,,,,,,,,,,,,,,,,,,,,,,,,,,,,,,,,,,,,,,,,,,,,,,,,,,,,,,,,,,,,,
29db17a1abe2a166,images/29/29db17a1abe2a166d564cfd82fd79b28aff52f396342995c42046f9e33a9aba3.jpg,gen,genuine_population,hv_page_04d00923f7,126713GRNR,gold_surround_variant,established_dealer,https://swisswatchexpo.com/watches/rolex-gmt-master-ii-yellow-gold-steel-grey-bezel-mens-watch-126713-67941,,29db17a1abe2a166d564cfd82fd79b28aff52f396342995c42046f9e33a9aba3,https://cdn.swisswatchexpo.com/productphotos/2/20/rolex-gmt-master-ii-yellow-gold-steel-grey-bezel-mens-watch-126713-67941_f6a77.jpg,harvest pose=CORRECTABLE decision=QUARANTINE,images/29/29db17a1abe2a166d564cfd82fd79b28aff52f396342995c42046f9e33a9aba3.jpg,accepted,2574,2574,,true,776.14615,0.99811,0.26910,46,11,785.38916,true,6,-1.29313,-1.25085,1.79911,-0.09059,0.05417,true,,-1.90826,3.86473,-1.87638,3.82375,4.25932,-3.86473,-1.90826,4.65570,-4.55374,-1.21365,0.24121,,0.90476,1.00000,0.00145,0.29604,-0.42294,true,,-2.24698,-0.61639,-2.25458,-0.61868,2.33792,-0.61639,2.24698,1.24445,1.17846,0.39827,-0.09173,,0.95238,1.00000,true,,-1.74442,-1.11874,-1.73996,-1.11089,2.06435,1.74442,1.11874,1.20875,0.99365,-0.69955,0.19147,,0.95238,1.00000,false,outline coverage 0.58; 7/8 octants,,,,,,,,,,,,,0.58333,1.00000,false,hand/occluder crosses outline (clean 0.77),,,,,,,,,,,,,0.55556,0.76667,true,,-2.36156,-1.71727,-2.38280,-1.71731,2.93716,-2.90380,-0.30642,0.74693,-0.58124,-0.46484,,0.95558,0.87500,1.00000,false,hand/occluder crosses outline (clean 0.53),,,,,,,,,,,,,0.50000,0.53333,true,,-1.19539,-2.54159,-1.20564,-2.54491,2.81605,-1.60338,2.30603,0.58086,-0.57998,-0.04176,,0.71044,0.69444,1.00000,true,,-0.75245,-1.86521,-0.75568,-1.86135,2.00890,-0.28096,1.99155,0.39325,-0.18932,-0.34512,,0.53086,0.79167,1.00000,true,,0.84735,-2.22034,0.83685,-2.20096,2.35469,0.37635,2.34654,1.50862,-0.78962,1.29790,,-0.52107,0.62500,0.97222,false,outline coverage 0.49; 6/8 octants,,,,,,,,,,,,,0.48611,0.98333,1605,-0.002430,0.004921,0.005423,-0.004921,-0.002430,0.005928,-0.005798,-0.001545,-0.002861,-0.000785,0.002977,-0.000785,0.002861,0.001585,0.001500,0.000507,-0.002221,-0.001424,0.002628,0.002221,0.001424,0.001539,0.001265,-0.000891,,,,,,,,,,,,,,,,,-0.003007,-0.002187,0.003740,-0.003697,-0.000390,0.000951,-0.000740,-0.000592,,,,,,,,,-0.001522,-0.003236,0.003586,-0.002042,0.002936,0.000740,-0.000738,-0.000053,-0.000958,-0.002375,0.002558,-0.000358,0.002536,0.000501,-0.000241,-0.000439,0.001079,-0.002827,0.002998,0.000479,0.002988,0.001921,-0.001005,0.001653,,,,,,,,,0.002291,4,1.50862,0.001921
d8ccb302ebeec29f,images/d8/d8ccb302ebeec29fe21a833c6840c37b0fbe57de7c52ae5ade0bb4cbfb6ac86b.jpg,gen,genuine_population,hv_page_04d00923f7,126713GRNR,gold_surround_variant,established_dealer,https://swisswatchexpo.com/watches/rolex-gmt-master-ii-yellow-gold-steel-grey-bezel-mens-watch-126713-67941,,d8ccb302ebeec29fe21a833c6840c37b0fbe57de7c52ae5ade0bb4cbfb6ac86b,https://cdn.swisswatchexpo.com/productphotos/2/20/rolex-gmt-master-ii-yellow-gold-steel-grey-bezel-mens-watch-126713-67941_62bfa_md.jpg,harvest pose=CORRECTABLE decision=QUARANTINE,images/d8/d8ccb302ebeec29fe21a833c6840c37b0fbe57de7c52ae5ade0bb4cbfb6ac86b.jpg,accepted,900,900,,true,271.67966,0.99716,0.17806,46,11,274.49842,true,8,-0.52711,-0.37921,0.64934,-0.08230,0.02262,true,,-0.62806,1.38350,-0.61701,1.36885,1.50149,-1.38350,-0.62806,1.57671,-1.58446,-0.18888,0.26361,,1.00000,1.00000,0.03399,0.27522,-0.52111,true,,-0.84809,0.07894,-0.84909,0.07886,0.85275,0.07894,0.84809,0.67523,0.63101,0.24051,-0.28717,,1.00000,1.00000,true,,-0.67604,-0.34282,-0.67417,-0.34018,0.75514,0.67604,0.34282,0.34112,0.32086,-0.12048,0.13407,,1.00000,0.96667,true,,-0.84319,-0.52945,-0.84428,-0.52236,0.99281,0.03693,-0.99495,0.46086,0.15304,-0.43694,,0.28437,0.93056,1.00000,false,hand/occluder crosses outline (clean 0.78),,,,,,,,,,,,,0.65278,0.78333,true,,-0.69413,-0.50526,-0.70028,-0.50504,0.86340,-0.85376,-0.09050,0.11339,-0.02407,-0.11106,,0.46852,1.00000,1.00000,false,hand/occluder crosses outline (clean 0.54),,,,,,,,,,,,,0.51389,0.54444,true,,-0.42436,-0.77856,-0.42754,-0.77927,0.88885,-0.46207,0.75679,0.21200,-0.21096,0.02265,,0.34474,0.90278,0.90556,true,,-0.19655,-0.67587,-0.19795,-0.67428,0.70274,-0.16772,0.68360,0.24791,-0.24868,0.00226,,0.23827,0.94444,1.00000,true,,0.08319,-0.68427,0.08092,-0.67803,0.68284,0.27009,0.63420,0.51195,-0.19237,0.47863,,0.03425,0.90278,1.00000,true,,-0.23513,0.07987,-0.23342,0.07944,0.24656,0.04839,-0.24356,0.36368,-0.36126,-0.06705,,0.09937,0.80556,1.00000,1024,-0.002288,0.005040,0.005470,-0.005040,-0.002288,0.005744,-0.005772,-0.000688,-0.003090,0.000288,0.003107,0.000288,0.003090,0.002460,0.002299,0.000876,-0.002463,-0.001249,0.002751,0.002463,0.001249,0.001243,0.001169,-0.000439,-0.003072,-0.001929,0.003617,0.000135,-0.003625,0.001679,0.000558,-0.001592,,,,,,,,,-0.002529,-0.001841,0.003145,-0.003110,-0.000330,0.000413,-0.000088,-0.000405,,,,,,,,,-0.001546,-0.002836,0.003238,-0.001683,0.002757,0.000772,-0.000769,0.000083,-0.000716,-0.002462,0.002560,-0.000611,0.002490,0.000903,-0.000906,0.000008,0.000303,-0.002493,0.002488,0.000984,0.002310,0.001865,-0.000701,0.001744,-0.000857,0.000291,0.000898,0.000176,-0.000887,0.001325,-0.001316,-0.000244,0.002366,6,0.51195,0.001865
352072033ade05df,images/35/352072033ade05dfc7a5b7c6a82f21575473dd1e8d1e23d4a913244a7f244624.jpg,gen,genuine_population,hv_page_04d00923f7,126713GRNR,gold_surround_variant,established_dealer,https://swisswatchexpo.com/watches/rolex-gmt-master-ii-yellow-gold-steel-grey-bezel-mens-watch-126713-67941,,352072033ade05dfc7a5b7c6a82f21575473dd1e8d1e23d4a913244a7f244624,https://cdn.swisswatchexpo.com/productphotos/2/20/rolex-gmt-master-ii-yellow-gold-steel-grey-bezel-mens-watch-126713-67941_70d90_md.jpg,harvest pose=CORRECTABLE decision=QUARANTINE,images/35/352072033ade05dfc7a5b7c6a82f21575473dd1e8d1e23d4a913244a7f244624.jpg,accepted,900,900,,true,167.74568,0.99762,0.15215,46,11,169.38129,true,8,-0.33813,-0.35748,0.49207,-0.03629,0.01093,true,,-0.44438,0.86575,-0.43728,0.85690,0.96203,-0.86575,-0.44438,1.16990,-1.17606,-0.13356,0.03919,,1.00000,1.00000,-0.05402,0.12823,0.02414,true,,-0.49703,-0.04151,-0.49802,-0.04181,0.49977,-0.04151,0.49703,0.38874,0.36434,0.13597,-0.03816,,0.95238,1.00000,true,,-0.41343,-0.40563,-0.41273,-0.40290,0.57678,0.41343,0.40563,0.12462,0.12320,0.02179,0.19245,,1.00000,1.00000,true,,-0.67670,-0.60955,-0.67896,-0.60221,0.90755,0.18953,-0.89081,0.45454,0.09654,-0.44582,,0.07851,0.90278,1.00000,false,hand/occluder crosses outline (clean 0.79),,,,,,,,,,,,,0.70833,0.79444,true,,-0.28620,-0.34165,-0.28985,-0.34158,0.44798,-0.41868,-0.15278,0.10913,0.10255,-0.03609,,0.43600,0.98611,1.00000,false,hand/occluder crosses outline (clean 0.67),,,,,,,,,,,,,0.52778,0.66667,true,,-0.38453,-0.52662,-0.38662,-0.52705,0.65365,-0.26380,0.59633,0.12185,-0.07089,0.09880,,0.24101,0.87500,0.85556,true,,-0.16534,-0.42417,-0.16613,-0.42312,0.45456,-0.06890,0.45001,0.14183,-0.13077,-0.05586,,0.23412,0.98611,1.00000,true,,0.00118,-0.59126,-0.00044,-0.58581,0.58581,0.29460,0.51264,0.36321,-0.12669,0.34342,,0.04260,0.90278,1.00000,true,,-0.17127,-0.02348,-0.17034,-0.02288,0.17188,0.10597,-0.13658,0.32445,-0.32367,-0.05102,,0.18542,0.86111,1.00000,710,-0.002624,0.005111,0.005680,-0.005111,-0.002624,0.006907,-0.006943,-0.000789,-0.002934,-0.000245,0.002951,-0.000245,0.002934,0.002295,0.002151,0.000803,-0.002441,-0.002395,0.003405,0.002441,0.002395,0.000736,0.000727,0.000129,-0.003995,-0.003599,0.005358,0.001119,-0.005259,0.002684,0.000570,-0.002632,,,,,,,,,-0.001690,-0.002017,0.002645,-0.002472,-0.000902,0.000644,0.000605,-0.000213,,,,,,,,,-0.002270,-0.003109,0.003859,-0.001557,0.003521,0.000719,-0.000419,0.000583,-0.000976,-0.002504,0.002684,-0.000407,0.002657,0.000837,-0.000772,-0.000330,0.000007,-0.003491,0.003459,0.001739,0.003027,0.002144,-0.000748,0.002027,-0.001011,-0.000139,0.001015,0.000626,-0.000806,0.001916,-0.001911,-0.000301,0.002905,6,0.45454,0.002684
3b4fa22c3a852c10,images/3b/3b4fa22c3a852c10fe5559f1d4e38b04fb91bb75df21823f8884bbc59d73fc4f.jpg,gen,genuine_population,hv_page_0acf303e92,126710GRNR,primary_steel,established_dealer,https://bobswatches.com/rolex-gmt-master-ii-ref-126710grnr-jubilee.html,,3b4fa22c3a852c10fe5559f1d4e38b04fb91bb75df21823f8884bbc59d73fc4f,https://www.bobswatches.com/images/zUsed-Rolex-GMT-Master-II-126710-SKU181110.jpg,harvest pose=CORRECTABLE decision=QUARANTINE,images/3b/3b4fa22c3a852c10fe5559f1d4e38b04fb91bb75df21823f8884bbc59d73fc4f.jpg,missing,,,,,,,,,,,,,,,,,,,,,,,,,,,,,,,,,,,,,,,,,,,,,,,,,,,,,,,,,,,,,,,,,,,,,,,,,,,,,,,,,,,,,,,,,,,,,,,,,,,,,,,,,,,,,,,,,,,,,,,,,,,,,,,,,,,,,,,,,,,,,,,,,,,,,,,,,,,,,,,,,,,,,,,,,,,,,,,,,,,,,,,,,,,,,,,,,,,,,,,,,,,,,,,,,,,,,,,,,,,,,,,,,,,,,,,,,,,,,,,,,,,,,,,,,,,,,,,,,,,,,,,,,,,,,,,,,,,,,,,,,,,,,,,,,
748e48cfff43579e,images/74/748e48cfff43579ef37835aa3a83cc5c5d5125670de931f5421677cb7a2cdf6f.jpg,gen,genuine_population,hv_page_0cc6010a62,126711CHNR,gold_surround_variant,established_dealer,https://bobswatches.com/new-rolex-gmt-master-ii-ref-126711-unworn.html,,748e48cfff43579ef37835aa3a83cc5c5d5125670de931f5421677cb7a2cdf6f,https://www.bobswatches.com/images/zRolex-GMT-Master-126711---119976.jpg,harvest pose=CORRECTABLE decision=QUARANTINE,images/74/748e48cfff43579ef37835aa3a83cc5c5d5125670de931f5421677cb7a2cdf6f.jpg,missing,,,,,,,,,,,,,,,,,,,,,,,,,,,,,,,,,,,,,,,,,,,,,,,,,,,,,,,,,,,,,,,,,,,,,,,,,,,,,,,,,,,,,,,,,,,,,,,,,,,,,,,,,,,,,,,,,,,,,,,,,,,,,,,,,,,,,,,,,,,,,,,,,,,,,,,,,,,,,,,,,,,,,,,,,,,,,,,,,,,,,,,,,,,,,,,,,,,,,,,,,,,,,,,,,,,,,,,,,,,,,,,,,,,,,,,,,,,,,,,,,,,,,,,,,,,,,,,,,,,,,,,,,,,,,,,,,,,,,,,,,,,,,,,,,
6d4b667ae0c528f6,images/6d/6d4b667ae0c528f6953b1b4777139936c8cc0aea436317630694462b4f638966.jpg,gen,genuine_population,hv_page_0d0d369b1f,126711CHNR,gold_surround_variant,established_dealer,https://swisswatchexpo.com/watches/rolex-gmt-master-ii-root-beer-steel-rose-gold-mens-watch-126711-68405,,6d4b667ae0c528f6953b1b4777139936c8cc0aea436317630694462b4f638966,https://cdn.swisswatchexpo.com/productphotos/3/13/rolex-gmt-master-ii-root-beer-steel-rose-gold-mens-watch-126711-68405_0f38a.jpg,harvest pose=CORRECTABLE decision=QUARANTINE,images/6d/6d4b667ae0c528f6953b1b4777139936c8cc0aea436317630694462b4f638966.jpg,missing,,,,,,,,,,,,,,,,,,,,,,,,,,,,,,,,,,,,,,,,,,,,,,,,,,,,,,,,,,,,,,,,,,,,,,,,,,,,,,,,,,,,,,,,,,,,,,,,,,,,,,,,,,,,,,,,,,,,,,,,,,,,,,,,,,,,,,,,,,,,,,,,,,,,,,,,,,,,,,,,,,,,,,,,,,,,,,,,,,,,,,,,,,,,,,,,,,,,,,,,,,,,,,,,,,,,,,,,,,,,,,,,,,,,,,,,,,,,,,,,,,,,,,,,,,,,,,,,,,,,,,,,,,,,,,,,,,,,,,,,,,,,,,,,,
7a483ed5298141ef,images/7a/7a483ed5298141efef8ed97ab749be04d211521d475a33684b4e35a551011b21.jpg,gen,genuine_population,hv_page_0d0d369b1f,126711CHNR,gold_surround_variant,established_dealer,https://swisswatchexpo.com/watches/rolex-gmt-master-ii-root-beer-steel-rose-gold-mens-watch-126711-68405,,7a483ed5298141efef8ed97ab749be04d211521d475a33684b4e35a551011b21,https://cdn.swisswatchexpo.com/productphotos/3/13/rolex-gmt-master-ii-root-beer-steel-rose-gold-mens-watch-126711-68405_ea3ed_md.jpg,harvest pose=GOOD decision=QUARANTINE,images/7a/7a483ed5298141efef8ed97ab749be04d211521d475a33684b4e35a551011b21.jpg,missing,,,,,,,,,,,,,,,,,,,,,,,,,,,,,,,,,,,,,,,,,,,,,,,,,,,,,,,,,,,,,,,,,,,,,,,,,,,,,,,,,,,,,,,,,,,,,,,,,,,,,,,,,,,,,,,,,,,,,,,,,,,,,,,,,,,,,,,,,,,,,,,,,,,,,,,,,,,,,,,,,,,,,,,,,,,,,,,,,,,,,,,,,,,,,,,,,,,,,,,,,,,,,,,,,,,,,,,,,,,,,,,,,,,,,,,,,,,,,,,,,,,,,,,,,,,,,,,,,,,,,,,,,,,,,,,,,,,,,,,,,,,,,,,,,
3559f5c15e7dc88d,images/35/3559f5c15e7dc88d2089e6120c250579d05b4fa6d3269b104237b018647bdae5.jpg,gen,genuine_population,hv_page_0d0d369b1f,126711CHNR,gold_surround_variant,established_dealer,https://swisswatchexpo.com/watches/rolex-gmt-master-ii-root-beer-steel-rose-gold-mens-watch-126711-68405,,3559f5c15e7dc88d2089e6120c250579d05b4fa6d3269b104237b018647bdae5,https://cdn.swisswatchexpo.com/productphotos/3/13/rolex-gmt-master-ii-root-beer-steel-rose-gold-mens-watch-126711-68405_b68ec_md.jpg,harvest pose=GOOD decision=QUARANTINE,images/35/3559f5c15e7dc88d2089e6120c250579d05b4fa6d3269b104237b018647bdae5.jpg,accepted,900,900,,true,178.83807,0.99860,0.15719,44,11,181.11982,true,8,-0.85881,0.18353,0.87820,-0.07904,0.04049,true,,-0.98894,0.54581,-0.98512,0.54866,1.12760,-0.54581,-0.98894,0.33535,-0.24615,-0.22740,-0.29864,,0.90476,1.00000,-0.94765,0.28554,-0.52229,true,,-0.90691,0.39778,-0.90316,0.39093,0.98413,0.39778,0.90691,0.32472,0.32063,-0.05359,-0.37386,,1.00000,1.00000,true,,-1.24587,-0.06119,-1.22312,-0.06279,1.22473,1.24587,0.06119,0.50308,0.49013,0.14978,-0.06635,,0.95238,1.00000,true,,-0.82596,0.35030,-0.82688,0.35341,0.89924,-0.71635,-0.54016,0.01358,-0.00764,0.01129,,0.26346,0.97222,1.00000,false,hand/occluder crosses outline (clean 0.78),,,,,,,,,,,,,0.73611,0.78333,true,,-1.08513,0.30319,-1.09031,0.29932,1.13065,-0.78815,0.80513,0.11043,-0.01631,0.10873,,0.29492,0.88889,1.00000,false,hand/occluder crosses outline (clean 0.64),,,,,,,,,,,,,0.52778,0.63889,true,,-0.83866,-0.12976,-0.82706,-0.13482,0.83798,0.30696,0.79117,0.17112,-0.16904,0.03164,,0.27646,0.79167,0.93333,true,,-0.23666,-0.16396,-0.23152,-0.16399,0.28371,0.12297,0.26032,0.60304,-0.60140,-0.11521,,0.24462,0.83333,1.00000,true,,-0.83913,0.17375,-0.82576,0.17360,0.84382,0.63983,-0.57004,0.12765,0.10070,-0.08173,,0.25416,0.98611,1.00000,true,,-0.72397,0.30758,-0.71645,0.30849,0.78004,0.09561,-0.78076,0.07377,-0.05952,-0.04407,,0.21173,0.93056,1.00000,715,-0.005460,0.003014,0.006226,-0.003014,-0.005460,0.001852,-0.001359,-0.001256,-0.005007,0.002196,0.005434,0.002196,0.005007,0.001793,0.001770,-0.000296,-0.006879,-0.000338,0.006762,0.006879,0.000338,0.002778,0.002706,0.000827,-0.004560,0.001934,0.004965,-0.003955,-0.002982,0.000075,-0.000042,0.000062,,,,,,,,,-0.005991,0.001674,0.006243,-0.004352,0.004445,0.000610,-0.000090,0.000600,,,,,,,,,-0.004630,-0.000716,0.004627,0.001695,0.004368,0.000945,-0.000933,0.000175,-0.001307,-0.000905,0.001566,0.000679,0.001437,0.003330,-0.003320,-0.000636,-0.004633,0.000959,0.004659,0.003533,-0.003147,0.000705,0.000556,-0.000451,-0.003997,0.001698,0.004307,0.000528,-0.004311,0.000407,-0.000329,-0.000243,0.004849,6,0.60304,0.003330
c652c207a6b82064,images/c6/c652c207a6b820648eb2af77c90c02c6910b54ed54b1055055a6c7d19166e234.jpg,gen,genuine_population,hv_page_1696f9915b,126710BLNR,primary_steel,established_dealer,https://bobswatches.com/used-rolex-gmt-master-ii-ref-126710blnr-batgirl.html,,c652c207a6b820648eb2af77c90c02c6910b54ed54b1055055a6c7d19166e234,https://www.bobswatches.com/images/zUsed-Rolex-GMT-Master-II-126710-SKU186981.jpg,harvest pose=CORRECTABLE decision=QUARANTINE,images/c6/c652c207a6b820648eb2af77c90c02c6910b54ed54b1055055a6c7d19166e234.jpg,missing,,,,,,,,,,,,,,,,,,,,,,,,,,,,,,,,,,,,,,,,,,,,,,,,,,,,,,,,,,,,,,,,,,,,,,,,,,,,,,,,,,,,,,,,,,,,,,,,,,,,,,,,,,,,,,,,,,,,,,,,,,,,,,,,,,,,,,,,,,,,,,,,,,,,,,,,,,,,,,,,,,,,,,,,,,,,,,,,,,,,,,,,,,,,,,,,,,,,,,,,,,,,,,,,,,,,,,,,,,,,,,,,,,,,,,,,,,,,,,,,,,,,,,,,,,,,,,,,,,,,,,,,,,,,,,,,,,,,,,,,,,,,,,,,,
26398386e9f403a9,images/26/26398386e9f403a91d4d4d0e54db1960b9f69a330496887a8b0517268276dbee.jpg,gen,genuine_population,hv_page_176399af9b,126711CHNR,gold_surround_variant,auction_house,https://phillips.com/detail/rolex/HK080323/8085,,26398386e9f403a91d4d4d0e54db1960b9f69a330496887a8b0517268276dbee,https://dist.phillips.com/auction-assets/HK080323/180859_001.jpg?fit=cover&optimize=medium&width=1302,harvest pose=CORRECTABLE decision=ACCEPT,images/26/26398386e9f403a91d4d4d0e54db1960b9f69a330496887a8b0517268276dbee.jpg,accepted,1302,1675,,true,308.38228,0.98731,0.17523,45,11,305.19994,true,9,-0.90366,-0.10001,0.90917,0.10041,-0.02383,true,,-1.31130,0.70595,-1.30295,0.72057,1.48893,-0.70595,-1.31130,1.10421,-1.04683,-0.29872,-0.09793,,0.90476,1.00000,-0.11518,-0.05435,-0.00243,true,,-0.68448,0.39790,-0.68037,0.39769,0.78808,0.39790,0.68448,0.29702,0.26250,-0.13080,0.43059,,0.95238,1.00000,true,,-2.16204,-0.06586,-2.11947,-0.07258,2.12071,2.16204,0.06586,1.00175,1.01951,0.06572,-0.04870,,0.61905,1.00000,true,,-0.79019,-0.52000,-0.78736,-0.52696,0.94743,0.05524,-0.94433,0.18144,0.17861,-0.00409,,0.08264,0.93056,1.00000,true,,-0.58484,0.03463,-0.58678,0.03553,0.58785,-0.52380,-0.26243,0.38677,-0.03180,0.37945,,0.07744,0.76389,0.80000,false,hand/occluder crosses outline (clean 0.57),,,,,,,,,,,,,0.51389,0.56667,true,,-0.73772,-0.32106,-0.73572,-0.33316,0.80764,-0.64691,0.47836,0.39849,-0.35729,-0.15953,,0.15593,0.94444,1.00000,true,,-0.81351,-0.07026,-0.80182,-0.07794,0.80560,0.34591,0.73965,0.27660,-0.27561,0.00577,,0.09213,0.90278,1.00000,true,,-0.80296,0.08548,-0.78820,0.08139,0.79239,0.73813,0.32745,0.26910,-0.25202,-0.10806,,0.06970,0.88889,1.00000,true,,-0.90359,-0.03436,-0.88646,-0.03435,0.88713,0.79971,-0.42204,0.28649,-0.28642,0.05359,,0.04803,0.84722,1.00000,true,,-1.14323,-0.07829,-1.12663,-0.07606,1.12920,0.63942,-0.95092,0.18480,-0.14835,-0.10666,,0.13800,0.81944,1.00000,1253,-0.004297,0.002313,0.004879,-0.002313,-0.004297,0.003618,-0.003430,-0.000979,-0.002243,0.001304,0.002582,0.001304,0.002243,0.000973,0.000860,-0.000429,-0.007084,-0.000216,0.006949,0.007084,0.000216,0.003282,0.003340,0.000215,-0.002589,-0.001704,0.003104,0.000181,-0.003094,0.000594,0.000585,-0.000013,-0.001916,0.000113,0.001926,-0.001716,-0.000860,0.001267,-0.000104,0.001243,,,,,,,,,-0.002417,-0.001052,0.002646,-0.002120,0.001567,0.001306,-0.001171,-0.000523,-0.002665,-0.000230,0.002640,0.001133,0.002423,0.000906,-0.000903,0.000019,-0.002631,0.000280,0.002596,0.002419,0.001073,0.000882,-0.000826,-0.000354,-0.002961,-0.000113,0.002907,0.002620,-0.001383,0.000939,-0.000938,0.000176,-0.003746,-0.000257,0.003700,0.002095,-0.003116,0.000606,-0.000486,-0.000349,0.002979,7,0.39849,0.001306
1f9ae8fd14b70580,images/1f/1f9ae8fd14b70580de79fc828030fbc7475edcd5ab4d55b1493fda98bfa9fd79.jpg,gen,genuine_population,hv_page_176399af9b,126711CHNR,gold_surround_variant,auction_house,https://phillips.com/detail/rolex/HK080323/8085,,1f9ae8fd14b70580de79fc828030fbc7475edcd5ab4d55b1493fda98bfa9fd79,https://dist.phillips.com/auction-assets/HK080323/180859_001.jpg?fit=cover&offset-x=50&offset-y=100&width=928,harvest pose=CORRECTABLE decision=ACCEPT,images/1f/1f9ae8fd14b70580de79fc828030fbc7475edcd5ab4d55b1493fda98bfa9fd79.jpg,accepted,928,1194,,true,219.96153,0.98352,0.14126,45,11,217.54793,true,9,-0.55231,-0.03991,0.55375,0.05392,-0.01424,true,,-0.82732,0.51707,-0.82241,0.52751,0.97705,-0.51707,-0.82732,0.69706,-0.64851,-0.22733,-0.05412,,0.95238,1.00000,-0.18234,0.10968,0.07367,true,,-0.42498,0.42960,-0.42288,0.43205,0.60456,0.42960,0.42498,0.39525,0.37872,-0.09099,0.41014,,1.00000,1.00000,true,,-0.94590,-0.11614,-0.92715,-0.11994,0.93488,0.94590,0.11614,0.31832,0.30054,0.11926,0.06634,,0.85714,1.00000,true,,-0.56334,-0.35915,-0.56146,-0.36415,0.66921,0.02936,-0.66744,0.22132,0.17976,-0.12246,,0.05296,0.88889,1.00000,true,,-0.40815,0.04992,-0.40962,0.05104,0.41279,-0.37843,-0.16084,0.19745,-0.01044,0.19414,,0.09184,0.75000,0.81667,false,hand/occluder crosses outline (clean 0.58),,,,,,,,,,,,,0.55556,0.57778,true,,-0.49833,-0.26959,-0.49674,-0.27868,0.56957,-0.48263,0.29677,0.29910,-0.26694,-0.12263,,0.12827,0.95833,1.00000,true,,-0.59826,-0.11015,-0.58945,-0.11649,0.60086,0.20374,0.57319,0.18192,-0.13735,0.11609,,0.03573,0.93056,1.00000,true,,-0.58267,0.02930,-0.57185,0.02599,0.57244,0.51926,0.26596,0.03890,-0.03943,-0.00114,,0.04086,0.86111,1.00000,true,,-0.47792,0.02747,-0.46909,0.02784,0.46992,0.40016,-0.26275,0.19496,-0.19623,0.02694,,-0.01070,0.86111,1.00000,true,,-0.66380,0.09922,-0.65476,0.10209,0.66267,0.24598,-0.62448,0.20103,-0.16041,-0.11720,,0.02322,0.86111,1.00000,1097,-0.003803,0.002377,0.004491,-0.002377,-0.003803,0.003204,-0.002981,-0.001045,-0.001954,0.001975,0.002779,0.001975,0.001954,0.001817,0.001741,-0.000418,-0.004348,-0.000534,0.004297,0.004348,0.000534,0.001463,0.001381,0.000548,-0.002589,-0.001651,0.003076,0.000135,-0.003068,0.001017,0.000826,-0.000563,-0.001876,0.000229,0.001897,-0.001740,-0.000739,0.000908,-0.000048,0.000892,,,,,,,,,-0.002291,-0.001239,0.002618,-0.002218,0.001364,0.001375,-0.001227,-0.000564,-0.002750,-0.000506,0.002762,0.000937,0.002635,0.000836,-0.000631,0.000534,-0.002678,0.000135,0.002631,0.002387,0.001223,0.000179,-0.000181,-0.000005,-0.002197,0.000126,0.002160,0.001839,-0.001208,0.000896,-0.000902,0.000124,-0.003051,0.000456,0.003046,0.001131,-0.002871,0.000924,-0.000737,-0.000539,0.002545,7,0.29910,0.001375
792a785e7276b073,images/79/792a785e7276b073ad6e9fe1a9d4b3532072d8fae542a04c5d44707510c71622.jpg,gen,genuine_population,hv_page_176399af9b,126711CHNR,gold_surround_variant,auction_house,https://phillips.com/detail/rolex/HK080323/8085,,792a785e7276b073ad6e9fe1a9d4b3532072d8fae542a04c5d44707510c71622,https://dist.phillips.com/auction-assets/HK080323/180859_001.jpg?bg-color=0&pad=0&fit=bounds&disable-upscale&height=4000&optimize=medium&width=2000,harvest pose=GOOD decision=ACCEPT,images/79/792a785e7276b073ad6e9fe1a9d4b3532072d8fae542a04c5d44707510c71622.jpg,accepted,1500,1930,,true,355.04023,0.98751,0.18235,44,11,351.57853,true,8,-1.09934,-0.21805,1.12076,0.10370,-0.04356,true,,-1.64629,0.76571,-1.63544,0.78253,1.81302,-0.76571,-1.64629,1.32876,-1.26883,-0.32396,-0.22819,,0.80952,1.00000,-0.33831,-0.06151,-0.02489,true,,-0.77509,0.40254,-0.77028,0.40165,0.86871,0.40254,0.77509,0.36881,0.33897,-0.13183,0.40215,,0.95238,1.00000,true,,-2.43997,-0.12866,-2.39176,-0.13673,2.39567,2.43997,0.12866,1.04216,1.05593,0.11873,-0.08537,,0.61905,1.00000,true,,-0.93285,-0.60646,-0.92954,-0.61466,1.11438,0.05879,-1.11110,0.21775,0.13343,0.17220,,0.10237,0.93056,1.00000,false,hand/occluder crosses outline (clean 0.79),,,,,,,,,,,,,0.76389,0.78889,false,hand/occluder crosses outline (clean 0.67),,,,,,,,,,,,,0.51389,0.67222,true,,-0.87318,-0.34501,-0.87091,-0.35876,0.94191,-0.73538,0.58369,0.30411,-0.29398,-0.05339,,0.17339,0.94444,1.00000,true,,-0.99769,-0.09556,-0.98332,-0.10510,0.98892,0.41609,0.91180,0.26119,-0.25125,0.06298,,0.14392,0.87500,1.00000,true,,-0.94745,0.11266,-0.93006,0.10797,0.93630,0.87684,0.37616,0.30374,-0.27382,-0.14435,,0.06084,0.86111,1.00000,true,,-1.14639,-0.02874,-1.12471,-0.02859,1.12507,1.00717,-0.54831,0.35191,-0.35524,0.03992,,0.07960,0.83333,1.00000,true,,-1.39997,-0.15131,-1.37949,-0.14922,1.38754,0.83103,-1.13675,0.21518,-0.20306,-0.06519,,0.23279,0.86111,1.00000,1362,-0.004683,0.002178,0.005157,-0.002178,-0.004683,0.003779,-0.003609,-0.000921,-0.002205,0.001145,0.002471,0.001145,0.002205,0.001049,0.000964,-0.000375,-0.006940,-0.000366,0.006814,0.006940,0.000366,0.002964,0.003003,0.000338,-0.002653,-0.001725,0.003170,0.000167,-0.003160,0.000619,0.000380,0.000490,,,,,,,,,,,,,,,,,-0.002484,-0.000981,0.002679,-0.002092,0.001660,0.000865,-0.000836,-0.000152,-0.002838,-0.000272,0.002813,0.001183,0.002593,0.000743,-0.000715,0.000179,-0.002695,0.000320,0.002663,0.002494,0.001070,0.000864,-0.000779,-0.000411,-0.003261,-0.000082,0.003200,0.002865,-0.001560,0.001001,-0.001010,0.000114,-0.003982,-0.000430,0.003947,0.002364,-0.003233,0.000612,-0.000578,-0.000185,0.003188,6,0.35191,0.001001
9640ef411267f980,images/96/9640ef411267f980a519f1b10f1b7caf1b04d0f02723478bc4e94a85d602319c.jpg,gen,genuine_population,hv_page_176399af9b,126711CHNR,gold_surround_variant,auction_house,https://phillips.com/detail/rolex/HK080323/8085,,9640ef411267f980a519f1b10f1b7caf1b04d0f02723478bc4e94a85d602319c,https://dist.phillips.com/auction-assets/HK080323/180859_001.jpg?fit=cover&offset-x=50&offset-y=100&optimize=medium&width=868,harvest pose=CORRECTABLE decision=ACCEPT,images/96/9640ef411267f980a519f1b10f1b7caf1b04d0f02723478bc4e94a85d602319c.jpg,accepted,868,1117,,true,205.59592,0.98457,0.13056,45,11,203.43517,true,9,-0.52802,-0.05407,0.53078,0.06560,-0.01985,true,,-0.75710,0.75780,-0.75353,0.77141,1.07837,-0.75780,-0.75710,0.94568,-0.91621,-0.16857,-0.07987,,1.00000,1.00000,-0.11384,-0.16743,-0.52302,true,,-0.38626,0.34590,-0.38444,0.34789,0.51849,0.34590,0.38626,0.31571,0.29688,-0.09271,0.50365,,1.00000,1.00000,true,,-1.18356,-0.00110,-1.16128,-0.00449,1.16129,1.18356,0.00110,0.54023,0.55058,0.00258,-0.08469,,0.95238,1.00000,true,,-0.51315,-0.38193,-0.51121,-0.38747,0.64146,0.07419,-0.63537,0.21188,0.18699,-0.09129,,0.07989,0.90278,1.00000,true,,-0.36099,0.01482,-0.36211,0.01521,0.36243,-0.32004,-0.16766,0.20351,0.00651,0.20056,,0.11696,0.77778,0.81667,false,hand/occluder crosses outline (clean 0.53),,,,,,,,,,,,,0.58333,0.52778,true,,-0.48212,-0.23996,-0.48078,-0.24843,0.54117,-0.44887,0.29754,0.26403,-0.24643,-0.08019,,0.12437,0.95833,1.00000,true,,-0.49408,-0.11845,-0.48705,-0.12398,0.50258,0.14446,0.48711,0.19599,-0.18530,0.05763,,0.06082,0.91667,1.00000,true,,-0.51231,-0.04122,-0.50298,-0.04467,0.50496,0.42306,0.29185,0.12585,-0.12044,0.03823,,0.01092,0.88889,1.00000,true,,-0.40192,0.04527,-0.39478,0.04579,0.39743,0.32544,-0.24016,0.26835,-0.26982,0.03842,,0.00684,0.91667,1.00000,true,,-0.62559,0.06029,-0.61716,0.06255,0.62032,0.26059,-0.57192,0.17965,-0.15881,-0.07960,,0.02745,0.87500,1.00000,1066,-0.003722,0.003725,0.005301,-0.003725,-0.003722,0.004649,-0.004504,-0.000829,-0.001899,0.001700,0.002549,0.001700,0.001899,0.001552,0.001459,-0.000456,-0.005818,-0.000005,0.005708,0.005818,0.000005,0.002656,0.002706,0.000013,-0.002522,-0.001877,0.003153,0.000365,-0.003123,0.001042,0.000919,-0.000449,-0.001774,0.000073,0.001782,-0.001573,-0.000824,0.001000,0.000032,0.000986,,,,,,,,,-0.002370,-0.001180,0.002660,-0.002206,0.001463,0.001298,-0.001211,-0.000394,-0.002429,-0.000582,0.002470,0.000710,0.002394,0.000963,-0.000911,0.000283,-0.002518,-0.000203,0.002482,0.002080,0.001435,0.000619,-0.000592,0.000188,-0.001976,0.000223,0.001954,0.001600,-0.001181,0.001319,-0.001326,0.000189,-0.003075,0.000296,0.003049,0.001281,-0.002811,0.000883,-0.000781,-0.000391,0.002609,7,0.26835,0.001319
fc82a00cd88ad3e6,images/fc/fc82a00cd88ad3e6aaa910a43f74676643ca8565d3ac608af238e2d9252f6122.jpg,gen,genuine_population,hv_page_176399af9b,126711CHNR,gold_surround_variant,auction_house,https://phillips.com/detail/rolex/HK080323/8085,,fc82a00cd88ad3e6aaa910a43f74676643ca8565d3ac608af238e2d9252f6122,https://dist.phillips.com/auction-assets/HK080323/180859_001.jpg?fit=cover&offset-x=50&offset-y=100&width=750,harvest pose=CORRECTABLE decision=ACCEPT,images/fc/fc82a00cd88ad3e6aaa910a43f74676643ca8565d3ac608af238e2d9252f6122.jpg,accepted,750,965,,true,177.73080,0.98412,0.13955,45,11,175.82175,true,9,-0.45699,-0.03505,0.45833,0.03731,-0.01228,true,,-0.69988,0.58467,-0.69628,0.59558,0.91625,-0.58467,-0.69988,0.71243,-0.67031,-0.20916,-0.18811,,0.95238,1.00000,-0.23765,-0.07038,0.05814,true,,-0.31396,0.23396,-0.31226,0.23467,0.39061,0.23396,0.31396,0.25069,0.21763,-0.11819,0.73371,,1.00000,1.00000,true,,-0.83016,0.05881,-0.81458,0.05693,0.81656,0.83016,-0.05881,0.32043,0.32001,-0.06357,0.12714,,1.00000,1.00000,true,,-0.46249,-0.17922,-0.46127,-0.18127,0.49561,-0.07604,-0.49013,0.08605,0.07218,-0.04400,,0.04488,0.88889,1.00000,true,,-0.39333,-0.01728,-0.39450,-0.01755,0.39489,-0.33199,-0.21163,0.07931,-0.00303,0.07806,,0.09500,0.79167,0.81111,false,hand/occluder crosses outline (clean 0.54),,,,,,,,,,,,,0.59722,0.54444,true,,-0.45192,-0.17768,-0.45072,-0.18468,0.48709,-0.37983,0.30253,0.18418,-0.17410,-0.04913,,0.12998,0.94444,1.00000,true,,-0.49378,-0.10845,-0.48666,-0.11383,0.49979,0.15297,0.48185,0.14230,-0.10190,0.09698,,0.02482,0.94444,1.00000,true,,-0.45136,-0.03292,-0.44304,-0.03595,0.44450,0.37443,0.25419,0.06626,-0.06119,0.02576,,0.04613,0.93056,1.00000,true,,-0.37221,-0.00126,-0.36544,-0.00120,0.36544,0.32298,-0.18502,0.15059,-0.14585,0.04716,,-0.04921,0.94444,1.00000,true,,-0.45885,0.00303,-0.45255,0.00420,0.45257,0.22680,-0.39889,0.08663,-0.08558,0.01404,,0.03573,0.88889,1.00000,1005,-0.003981,0.003325,0.005211,-0.003325,-0.003981,0.004052,-0.003812,-0.001190,-0.001786,0.001331,0.002222,0.001331,0.001786,0.001426,0.001238,-0.000672,-0.004722,0.000334,0.004644,0.004722,-0.000334,0.001822,0.001820,-0.000362,-0.002630,-0.001019,0.002819,-0.000432,-0.002788,0.000489,0.000411,-0.000250,-0.002237,-0.000098,0.002246,-0.001888,-0.001204,0.000451,-0.000017,0.000444,,,,,,,,,-0.002570,-0.001011,0.002770,-0.002160,0.001721,0.001048,-0.000990,-0.000279,-0.002808,-0.000617,0.002843,0.000870,0.002741,0.000809,-0.000580,0.000552,-0.002567,-0.000187,0.002528,0.002130,0.001446,0.000377,-0.000348,0.000147,-0.002117,-0.000007,0.002078,0.001837,-0.001052,0.000856,-0.000830,0.000268,-0.002610,0.000017,0.002574,0.001290,-0.002269,0.000493,-0.000487,0.000080,0.002607,7,0.18418,0.001048
542cd309ab71ea8f,images/54/542cd309ab71ea8f04962dcb8d6de68997304b7480113e75e787d5b7b2f15a98.jpg,gen,genuine_population,hv_page_176399af9b,126711CHNR,gold_surround_variant,auction_house,https://phillips.com/detail/rolex/HK080323/8085,,542cd309ab71ea8f04962dcb8d6de68997304b7480113e75e787d5b7b2f15a98,https://dist.phillips.com/auction-assets/HK080323/180859_001.jpg?fit=cover&offset-x=50&offset-y=100&height=700&optimize=medium,harvest pose=CORRECTABLE decision=ACCEPT,images/54/542cd309ab71ea8f04962dcb8d6de68997304b7480113e75e787d5b7b2f15a98.jpg,accepted,544,700,,true,133.26337,0.98038,0.21481,45,11,127.41477,true,9,-0.37073,-0.04076,0.37297,0.05769,-0.02188,true,,-0.45820,0.46363,-0.45646,0.47250,0.65697,-0.46363,-0.45820,0.57265,-0.56148,-0.04578,-0.40800,,1.00000,1.00000,-0.59232,-0.08112,0.09922,true,,-0.30024,0.08120,-0.29828,0.07996,0.30881,0.08120,0.30024,0.07530,0.06481,-0.03654,0.85100,,1.00000,0.96667,true,,-0.59820,0.04529,-0.58769,0.04411,0.58934,0.59820,-0.04529,0.17300,0.16917,-0.04765,0.60159,,1.00000,0.83333,true,,-0.32061,-0.23145,-0.31950,-0.23511,0.39668,0.04014,-0.39338,0.13607,0.13329,-0.01079,,0.00792,0.95833,1.00000,true,,-0.27720,0.03084,-0.27814,0.03153,0.27992,-0.25548,-0.11190,0.15116,-0.01129,0.14829,,0.11048,0.79167,0.82778,false,hand/occluder crosses outline (clean 0.77),,,,,,,,,,,,,0.54167,0.77222,true,,-0.27278,-0.12515,-0.27194,-0.12959,0.30124,-0.24477,0.17366,0.12543,-0.08388,-0.09072,,0.12469,0.88889,1.00000,true,,-0.43943,-0.06209,-0.43348,-0.06630,0.43852,0.16594,0.41160,0.11845,-0.04669,0.10812,,0.04270,1.00000,1.00000,true,,-0.36686,-0.03877,-0.36045,-0.04125,0.36280,0.29833,0.21701,0.07470,-0.06534,0.03593,,0.07234,1.00000,1.00000,true,,-0.37322,0.00962,-0.36693,0.00979,0.36706,0.31841,-0.19494,0.08352,-0.08438,-0.00250,,-0.03142,1.00000,1.00000,true,,-0.50347,0.03514,-0.49718,0.03677,0.49854,0.22130,-0.45359,0.12601,-0.05908,-0.11011,,0.01636,0.91667,1.00000,843,-0.003596,0.003639,0.005156,-0.003639,-0.003596,0.004494,-0.004407,-0.000359,-0.002356,0.000637,0.002424,0.000637,0.002356,0.000591,0.000509,-0.000287,-0.004695,0.000355,0.004625,0.004695,-0.000355,0.001358,0.001328,-0.000374,-0.002516,-0.001817,0.003113,0.000315,-0.003087,0.001068,0.001046,-0.000085,-0.002176,0.000242,0.002197,-0.002005,-0.000878,0.001186,-0.000089,0.001164,,,,,,,,,-0.002141,-0.000982,0.002364,-0.001921,0.001363,0.000984,-0.000658,-0.000712,-0.003449,-0.000487,0.003442,0.001302,0.003230,0.000930,-0.000366,0.000849,-0.002879,-0.000304,0.002847,0.002341,0.001703,0.000586,-0.000513,0.000282,-0.002929,0.000076,0.002881,0.002499,-0.001530,0.000655,-0.000662,-0.000020,-0.003951,0.000276,0.003913,0.001737,-0.003560,0.000989,-0.000464,-0.000864,0.002927,7,0.15116,0.001186
ed8776e7fc28bab4,images/ed/ed8776e7fc28bab4c4d5a4d183664991a27c4b943c54348d29fb450b23ebb8ac.jpg,gen,genuine_population,hv_page_176399af9b,126711CHNR,gold_surround_variant,auction_house,https://phillips.com/detail/rolex/HK080323/8085,,ed8776e7fc28bab4c4d5a4d183664991a27c4b943c54348d29fb450b23ebb8ac,https://dist.phillips.com/auction-assets/HK080323/180859_001.jpg?bg-color=ffffff&pad=0&fit=bounds&height=550&optimize=medium&width=605,harvest pose=CORRECTABLE decision=ACCEPT,images/ed/ed8776e7fc28bab4c4d5a4d183664991a27c4b943c54348d29fb450b23ebb8ac.jpg,accepted,427,550,,true,104.59174,0.98184,0.21408,46,11,100.10832,true,9,-0.29145,-0.05096,0.29587,0.07383,-0.04090,true,,-0.29587,0.27554,-0.29448,0.28112,0.40711,-0.27554,-0.29587,0.39383,-0.38388,0.05510,-0.53270,,1.00000,0.96667,-0.72647,-0.17224,0.05925,true,,-0.13507,0.19541,-0.13451,0.19715,0.23867,0.19541,0.13507,0.21869,0.18888,-0.10482,-0.00979,,1.00000,0.80000,true,,-0.58391,0.15846,-0.57309,0.15829,0.59455,0.58391,-0.15846,0.27724,0.23425,-0.15377,-0.31462,,1.00000,0.80000,true,,-0.28927,-0.23333,-0.28825,-0.23725,0.37333,0.05743,-0.36717,0.10806,0.10161,-0.02996,,-0.00182,0.97222,0.99444,true,,-0.29496,0.04418,-0.29609,0.04518,0.29952,-0.27753,-0.10922,0.17932,-0.10776,0.13847,,0.18683,0.81944,0.82778,false,hand/occluder crosses outline (clean 0.77),,,,,,,,,,,,,0.58333,0.76667,true,,-0.13584,-0.27130,-0.13477,-0.27745,0.30845,-0.30288,-0.01801,0.26085,-0.17334,-0.18977,,0.07736,0.98611,1.00000,true,,-0.37492,-0.07502,-0.36937,-0.07910,0.37774,0.12249,0.36220,0.14763,-0.04183,0.14116,,0.08992,0.94444,0.98889,true,,-0.35293,-0.04198,-0.34626,-0.04457,0.34912,0.28466,0.21282,0.08196,-0.00526,0.08130,,0.12186,1.00000,0.98333,true,,-0.20974,-0.03444,-0.20585,-0.03479,0.20877,0.19886,-0.07504,0.16229,-0.14033,0.08730,,0.05050,0.98611,0.98333,true,,-0.35094,-0.05544,-0.34605,-0.05533,0.35045,0.22348,-0.27620,0.02851,-0.02619,0.01173,,0.01051,1.00000,0.98333,675,-0.002955,0.002752,0.004067,-0.002752,-0.002955,0.003934,-0.003835,0.000550,-0.001349,0.001952,0.002384,0.001952,0.001349,0.002185,0.001887,-0.001047,-0.005833,0.001583,0.005939,0.005833,-0.001583,0.002769,0.002340,-0.001536,-0.002890,-0.002331,0.003729,0.000574,-0.003668,0.001079,0.001015,-0.000299,-0.002946,0.000441,0.002992,-0.002772,-0.001091,0.001791,-0.001076,0.001383,,,,,,,,,-0.001357,-0.002710,0.003081,-0.003026,-0.000180,0.002606,-0.001732,-0.001896,-0.003745,-0.000749,0.003773,0.001224,0.003618,0.001475,-0.000418,0.001410,-0.003525,-0.000419,0.003487,0.002844,0.002126,0.000819,-0.000053,0.000812,-0.002095,-0.000344,0.002085,0.001986,-0.000750,0.001621,-0.001402,0.000872,-0.003506,-0.000554,0.003501,0.002232,-0.002759,0.000285,-0.000262,0.000117,0.002955,7,0.26085,0.002606
b5a3712a20ede636,images/b5/b5a3712a20ede636a50cb8b7a4a5e7a6a99ed894df9663e1c8dfa05896321416.jpg,gen,genuine_population,hv_page_1771d3c66d,126710BLNR,primary_steel,established_dealer,https://bobswatches.com/used-rolex-gmt-master-ii-batman-ref-126710blnr-oyster-bracelet.html,,b5a3712a20ede636a50cb8b7a4a5e7a6a99ed894df9663e1c8dfa05896321416,https://www.bobswatches.com/images/zUsed-Rolex-GMT-Master-II-126710-SKU191559.jpg,harvest pose=CORRECTABLE decision=QUARANTINE,images/b5/b5a3712a20ede636a50cb8b7a4a5e7a6a99ed894df9663e1c8dfa05896321416.jpg,missing,,,,,,,,,,,,,,,,,,,,,,,,,,,,,,,,,,,,,,,,,,,,,,,,,,,,,,,,,,,,,,,,,,,,,,,,,,,,,,,,,,,,,,,,,,,,,,,,,,,,,,,,,,,,,,,,,,,,,,,,,,,,,,,,,,,,,,,,,,,,,,,,,,,,,,,,,,,,,,,,,,,,,,,,,,,,,,,,,,,,,,,,,,,,,,,,,,,,,,,,,,,,,,,,,,,,,,,,,,,,,,,,,,,,,,,,,,,,,,,,,,,,,,,,,,,,,,,,,,,,,,,,,,,,,,,,,,,,,,,,,,,,,,,,,
5350069ae2e623e9,images/53/5350069ae2e623e97c96cbadb8d66300affe1df6a501fc106eafe6bcac96213a.jpg,gen,genuine_population,hv_page_1ad4986148,126710GRNR,primary_steel,established_dealer,https://bobswatches.com/used-rolex-gmt-master-ii-ref-126710grnr-bruce-wayne.html,,5350069ae2e623e97c96cbadb8d66300affe1df6a501fc106eafe6bcac96213a,https://www.bobswatches.com/images/zUsed-Rolex-GMT-Master-II-126710-Black-Dial-SKU182460.jpg,harvest pose=CORRECTABLE decision=QUARANTINE,images/53/5350069ae2e623e97c96cbadb8d66300affe1df6a501fc106eafe6bcac96213a.jpg,missing,,,,,,,,,,,,,,,,,,,,,,,,,,,,,,,,,,,,,,,,,,,,,,,,,,,,,,,,,,,,,,,,,,,,,,,,,,,,,,,,,,,,,,,,,,,,,,,,,,,,,,,,,,,,,,,,,,,,,,,,,,,,,,,,,,,,,,,,,,,,,,,,,,,,,,,,,,,,,,,,,,,,,,,,,,,,,,,,,,,,,,,,,,,,,,,,,,,,,,,,,,,,,,,,,,,,,,,,,,,,,,,,,,,,,,,,,,,,,,,,,,,,,,,,,,,,,,,,,,,,,,,,,,,,,,,,,,,,,,,,,,,,,,,,,
4317344b7d56fb10,images/43/4317344b7d56fb10fb0daa18c74a5b1787fb754b2eb51956adfd96d6762b344c.jpg,gen,genuine_population,hv_page_1c675f5567,126713GRNR,gold_surround_variant,established_dealer,https://bobswatches.com/pre-owned-rolex-gmt-master-ii-ref-126713grnr-two-tone-zombie.html,,4317344b7d56fb10fb0daa18c74a5b1787fb754b2eb51956adfd96d6762b344c,https://www.bobswatches.com/images/zUsed-Rolex-GMT-Master-II-126713-SKU188770.jpg,harvest pose=CORRECTABLE decision=QUARANTINE,images/43/4317344b7d56fb10fb0daa18c74a5b1787fb754b2eb51956adfd96d6762b344c.jpg,missing,,,,,,,,,,,,,,,,,,,,,,,,,,,,,,,,,,,,,,,,,,,,,,,,,,,,,,,,,,,,,,,,,,,,,,,,,,,,,,,,,,,,,,,,,,,,,,,,,,,,,,,,,,,,,,,,,,,,,,,,,,,,,,,,,,,,,,,,,,,,,,,,,,,,,,,,,,,,,,,,,,,,,,,,,,,,,,,,,,,,,,,,,,,,,,,,,,,,,,,,,,,,,,,,,,,,,,,,,,,,,,,,,,,,,,,,,,,,,,,,,,,,,,,,,,,,,,,,,,,,,,,,,,,,,,,,,,,,,,,,,,,,,,,,,
9c24872328b08d2c,images/9c/9c24872328b08d2cc00754345dda2c29c2e76700e37743122954df703da8c393.jpg,gen,genuine_population,hv_page_2100d8d80c,126713GRNR,gold_surround_variant,established_dealer,https://bobswatches.com/pre-owned-rolex-gmt-master-ii-zombie-ref-126713grnr-steel-and-yellow-gold.html,,9c24872328b08d2cc00754345dda2c29c2e76700e37743122954df703da8c393,https://www.bobswatches.com/images/zUsed-Rolex-GMT-Master-II-126713-SKU189616.jpg,harvest pose=CORRECTABLE decision=QUARANTINE,images/9c/9c24872328b08d2cc00754345dda2c29c2e76700e37743122954df703da8c393.jpg,accepted,1412,2160,,true,457.58743,0.99903,0.13220,44,11,436.86911,true,10,-0.31013,-0.14938,0.34423,-0.02659,-0.00306,false,hand/occluder crosses outline (clean 0.27),,,,,,,,,,,,,0.47619,0.26667,,,,true,,-0.56371,0.60408,-0.56634,0.60356,0.82766,0.60408,0.56371,0.88437,0.84025,0.27088,-0.09868,,1.00000,1.00000,true,,-0.82969,0.09744,-0.83102,0.09493,0.83643,0.82969,-0.09744,0.64933,0.60695,-0.22831,0.13449,,0.95238,0.96667,true,,-0.25491,0.12182,-0.25502,0.12070,0.28214,-0.23295,-0.15985,0.23076,-0.11190,0.20218,,0.35535,0.80556,1.00000,true,,-0.61359,-0.47436,-0.61214,-0.47561,0.77519,-0.29421,-0.71761,0.41454,-0.00519,-0.41486,,0.39541,0.75000,0.83333,true,,-0.25061,-0.63664,-0.24931,-0.63766,0.68466,-0.53536,-0.42604,0.44476,-0.09787,-0.43374,,0.54947,0.91667,1.00000,true,,-0.69787,0.11030,-0.69881,0.10855,0.70719,-0.25341,0.65952,0.50022,0.12479,0.48385,,0.54340,0.93056,1.00000,true,,0.08264,-0.63715,0.08504,-0.63802,0.64366,-0.59311,0.24701,0.53210,-0.52535,-0.07713,,0.53657,0.87500,1.00000,true,,0.34566,-0.24791,0.34718,-0.24720,0.42619,-0.42331,0.04187,0.57000,-0.52352,-0.22298,,0.38089,0.95833,1.00000,true,,0.26842,-0.55730,0.27076,-0.55593,0.61836,0.04619,0.61685,0.69287,-0.20249,0.66244,,0.41221,1.00000,1.00000,true,,-0.48545,0.06496,-0.48565,0.06322,0.48975,0.18647,-0.45289,0.23925,-0.00293,-0.23933,,0.37819,0.94444,1.00000,1906,,,,,,,,,-0.001290,0.001383,0.001895,0.001383,0.001290,0.002024,0.001923,0.000620,-0.001899,0.000223,0.001915,0.001899,-0.000223,0.001486,0.001389,-0.000523,-0.000583,0.000279,0.000646,-0.000533,-0.000366,0.000528,-0.000256,0.000463,-0.001405,-0.001086,0.001774,-0.000673,-0.001643,0.000949,-0.000012,-0.000950,-0.000574,-0.001457,0.001567,-0.001225,-0.000975,0.001018,-0.000224,-0.000993,-0.001597,0.000252,0.001619,-0.000580,0.001510,0.001145,0.000286,0.001108,0.000189,-0.001458,0.001473,-0.001358,0.000565,0.001218,-0.001203,-0.000177,0.000791,-0.000567,0.000976,-0.000969,0.000096,0.001305,-0.001198,-0.000510,0.000614,-0.001276,0.001415,0.000106,0.001412,0.001586,-0.000464,0.001516,-0.001111,0.000149,0.001121,0.000427,-0.001037,0.000548,-0.000007,-0.000548,0.000788,8,0.69287,0.001586
a1181da10cfbe444,images/a1/a1181da10cfbe444131d0bf308b023fc31bb942a0f5e0cfdb34148a58e87be0d.jpg,gen,genuine_population,hv_page_302b41fe4e,126713GRNR,gold_surround_variant,established_dealer,https://bobswatches.com/rolex-gmt-master-ii-ref-126713grnr-jubilee-bracelet.html,,a1181da10cfbe444131d0bf308b023fc31bb942a0f5e0cfdb34148a58e87be0d,https://www.bobswatches.com/images/zUsed-Rolex-GMT-Master-II-126713-SKU181434.jpg,harvest pose=CORRECTABLE decision=QUARANTINE,images/a1/a1181da10cfbe444131d0bf308b023fc31bb942a0f5e0cfdb34148a58e87be0d.jpg,accepted,1412,2160,,true,432.30097,0.99296,0.14672,43,11,434.26740,true,9,0.05215,-0.47358,0.47644,-0.01403,-0.07070,true,,-0.52398,1.13102,-0.51574,1.12891,1.24114,-1.13102,-0.52398,1.55632,-1.55583,-0.15114,0.15949,,1.00000,1.00000,-0.10194,0.38463,0.03024,true,,0.23839,-0.05896,0.23869,-0.06084,0.24632,-0.05896,-0.23839,0.51266,0.46056,0.22166,-0.38778,,0.71429,1.00000,true,,-0.27529,0.20437,-0.27509,0.20616,0.34377,0.27529,-0.20437,0.46663,0.37672,-0.27324,0.01979,,1.00000,1.00000,true,,-0.54589,-0.54222,-0.54944,-0.53701,0.76828,0.19663,-0.74386,0.22513,-0.19161,-0.11954,,0.47851,0.98611,1.00000,true,,0.30131,-1.17324,0.29072,-1.17098,1.20653,0.84756,-0.86540,0.61205,0.61235,-0.04748,,0.55566,0.88889,1.00000,true,,-0.30003,-1.08693,-0.30959,-1.08535,1.12864,-0.80330,-0.79129,0.57156,-0.56501,0.08204,,0.42453,0.93056,1.00000,true,,0.46619,-0.75560,0.46100,-0.76052,0.88933,-0.42127,-0.78153,0.06225,0.01063,-0.06123,,0.47356,0.97222,1.00000,true,,0.29154,-0.29925,0.29086,-0.30228,0.41949,-0.40493,-0.10286,0.16650,0.08238,0.14393,,0.43913,0.94444,1.00000,true,,0.95484,-0.17275,0.95775,-0.17954,0.97443,-0.91329,-0.32781,0.64350,-0.57902,-0.27462,,0.40310,0.98611,1.00000,true,,0.17074,-0.27905,0.16960,-0.27959,0.32701,-0.00834,0.32704,0.35713,-0.14757,0.32482,,0.48434,0.94444,1.00000,false,hand/occluder crosses outline (clean 0.58),,,,,,,,,,,,,0.52778,0.58333,1921,-0.001207,0.002604,0.002858,-0.002604,-0.001207,0.003584,-0.003583,-0.000348,0.000549,-0.000136,0.000567,-0.000136,-0.000549,0.001181,0.001061,0.000510,-0.000634,0.000471,0.000792,0.000634,-0.000471,0.001075,0.000867,-0.000629,-0.001257,-0.001249,0.001769,0.000453,-0.001713,0.000518,-0.000441,-0.000275,0.000694,-0.002702,0.002778,0.001952,-0.001993,0.001409,0.001410,-0.000109,-0.000691,-0.002503,0.002599,-0.001850,-0.001822,0.001316,-0.001301,0.000189,0.001074,-0.001740,0.002048,-0.000970,-0.001800,0.000143,0.000024,-0.000141,0.000671,-0.000689,0.000966,-0.000932,-0.000237,0.000383,0.000190,0.000331,0.002199,-0.000398,0.002244,-0.002103,-0.000755,0.001482,-0.001333,-0.000632,0.000393,-0.000643,0.000753,-0.000019,0.000753,0.000822,-0.000340,0.000748,,,,,,,,,0.001097,7,0.64350,0.001482
8a1135ada8c85197,images/8a/8a1135ada8c85197110acfd98a0b8c33ff8dd3c211d0547d1ecd5de7bbf91ba8.jpg,gen,genuine_population,hv_page_26529a52bd,126715CHNR,gold_surround_variant,established_dealer,https://bobswatches.com/rolex-gmt-master-ii-ref-126715-root-beer.html,,8a1135ada8c85197110acfd98a0b8c33ff8dd3c211d0547d1ecd5de7bbf91ba8,https://www.bobswatches.com/images/zUsed-Rolex-GMT-Master-II-126715-Rose-Gold-SKU174410.jpg,harvest pose=GOOD decision=QUARANTINE,images/8a/8a1135ada8c85197110acfd98a0b8c33ff8dd3c211d0547d1ecd5de7bbf91ba8.jpg,accepted,1412,2160,,true,433.55788,0.99610,0.18397,43,11,434.78557,true,10,-0.06092,-0.77855,0.78093,-0.05953,0.00924,true,,-0.27574,0.55148,-0.27873,0.54748,0.61435,-0.55148,-0.27574,1.14974,-1.12255,-0.26684,0.12217,,0.95238,1.00000,-0.07685,0.24798,-0.14040,true,,0.11028,-1.58982,0.11918,-1.59458,1.59903,-1.58982,-0.11028,0.65957,-0.61648,-0.22820,0.64316,,0.57143,1.00000,true,,-0.81316,-0.23949,-0.81533,-0.24551,0.85149,0.81316,0.23949,1.11796,0.94363,-0.59138,-0.14679,,1.00000,1.00000,true,,0.03101,-0.49095,0.03317,-0.48902,0.49014,0.44068,-0.21862,0.16984,0.00983,0.16957,,-0.06086,0.80556,0.99444,true,,-0.06616,-1.09409,-0.06181,-1.09159,1.09334,0.48975,-0.98059,0.49297,0.36741,-0.33144,,0.06991,0.88889,1.00000,true,,-0.45403,-0.63390,-0.45159,-0.63707,0.78090,-0.71015,-0.32196,0.26767,-0.05459,0.26224,,0.30891,0.86111,0.99444,true,,-0.64061,-1.09587,-0.63682,-1.10208,1.27284,-1.26936,0.00685,0.45304,-0.35283,0.28255,,0.19785,0.90278,1.00000,true,,0.03911,-0.70250,0.04366,-0.70504,0.70639,-0.62794,0.31738,0.29126,0.22364,-0.18483,,0.15513,0.93056,1.00000,true,,0.19928,-0.72157,0.20527,-0.72268,0.75127,-0.53337,0.52526,0.23894,0.00970,-0.23792,,0.17062,0.93056,1.00000,true,,0.38063,-0.97609,0.38865,-0.97303,1.04778,0.15841,1.03563,0.34638,-0.07643,0.33741,,0.27927,0.87500,1.00000,true,,0.70660,-0.48320,0.71093,-0.47646,0.85583,0.06516,0.85353,0.63431,-0.43064,0.46382,,0.05999,0.86111,0.95556,1727,-0.000634,0.001268,0.001413,-0.001268,-0.000634,0.002644,-0.002582,-0.000614,0.000254,-0.003657,0.003678,-0.003657,-0.000254,0.001517,-0.001418,-0.000525,-0.001870,-0.000551,0.001958,0.001870,0.000551,0.002571,0.002170,-0.001360,0.000071,-0.001129,0.001127,0.001014,-0.000503,0.000391,0.000023,0.000390,-0.000152,-0.002516,0.002515,0.001126,-0.002255,0.001134,0.000845,-0.000762,-0.001044,-0.001458,0.001796,-0.001633,-0.000741,0.000616,-0.000126,0.000603,-0.001473,-0.002520,0.002928,-0.002920,0.000016,0.001042,-0.000812,0.000650,0.000090,-0.001616,0.001625,-0.001444,0.000730,0.000670,0.000514,-0.000425,0.000458,-0.001660,0.001728,-0.001227,0.001208,0.000550,0.000022,-0.000547,0.000875,-0.002245,0.002410,0.000364,0.002382,0.000797,-0.000176,0.000776,0.001625,-0.001111,0.001968,0.000150,0.001963,0.001459,-0.000990,0.001067,0.001796,8,0.63431,0.001459
e29610476dd71542,images/e2/e29610476dd715428e0ad28924b264a25eaae48e32a72dcef36d7a6e326e4b78.jpg,gen,genuine_population,hv_page_266adaab55,126711CHNR,gold_surround_variant,established_dealer,https://bobswatches.com/preowned-rolex-gmt-master-ii-ref-126711-two-tone-everose.html,,e29610476dd715428e0ad28924b264a25eaae48e32a72dcef36d7a6e326e4b78,https://www.bobswatches.com/images/zrolex-146051.jpg,harvest pose=CORRECTABLE decision=QUARANTINE,images/e2/e29610476dd715428e0ad28924b264a25eaae48e32a72dcef36d7a6e326e4b78.jpg,missing,,,,,,,,,,,,,,,,,,,,,,,,,,,,,,,,,,,,,,,,,,,,,,,,,,,,,,,,,,,,,,,,,,,,,,,,,,,,,,,,,,,,,,,,,,,,,,,,,,,,,,,,,,,,,,,,,,,,,,,,,,,,,,,,,,,,,,,,,,,,,,,,,,,,,,,,,,,,,,,,,,,,,,,,,,,,,,,,,,,,,,,,,,,,,,,,,,,,,,,,,,,,,,,,,,,,,,,,,,,,,,,,,,,,,,,,,,,,,,,,,,,,,,,,,,,,,,,,,,,,,,,,,,,,,,,,,,,,,,,,,,,,,,,,,
c7bbe5da2e41dd7c,images/c7/c7bbe5da2e41dd7cc2df05064cc368f245ebadb64548944aa3aaf424b306dfa1.jpg,gen,genuine_population,hv_page_27e47d86af,126710GRNR,primary_steel,established_dealer,https://bobswatches.com/pre-owned-rolex-gmt-master-ii-126710grnr-bruce-wayne.html,,c7bbe5da2e41dd7cc2df05064cc368f245ebadb64548944aa3aaf424b306dfa1,https://www.bobswatches.com/images/zUsed-Rolex-GMT-Master-II-126710-Black-Dial-SKU182433-PL.jpg,harvest pose=GOOD decision=REJECT,images/c7/c7bbe5da2e41dd7cc2df05064cc368f245ebadb64548944aa3aaf424b306dfa1.jpg,missing,,,,,,,,,,,,,,,,,,,,,,,,,,,,,,,,,,,,,,,,,,,,,,,,,,,,,,,,,,,,,,,,,,,,,,,,,,,,,,,,,,,,,,,,,,,,,,,,,,,,,,,,,,,,,,,,,,,,,,,,,,,,,,,,,,,,,,,,,,,,,,,,,,,,,,,,,,,,,,,,,,,,,,,,,,,,,,,,,,,,,,,,,,,,,,,,,,,,,,,,,,,,,,,,,,,,,,,,,,,,,,,,,,,,,,,,,,,,,,,,,,,,,,,,,,,,,,,,,,,,,,,,,,,,,,,,,,,,,,,,,,,,,,,,,
27e9b4708fcb9eaf,images/27/27e9b4708fcb9eaf975b162690616e828c930b020689bf10be5e1510626fdcb4.jpg,gen,genuine_population,hv_page_284b4c6ca7,126710BLNR,primary_steel,established_dealer,https://bobswatches.com/mens-rolex-gmt-master-ii-ref-126710blnr-batman.html,,27e9b4708fcb9eaf975b162690616e828c930b020689bf10be5e1510626fdcb4,https://www.bobswatches.com/images/zUsed-Rolex-GMT-Master-II-126710-Black-Dial-SKU182607.jpg,harvest pose=CORRECTABLE decision=QUARANTINE,images/27/27e9b4708fcb9eaf975b162690616e828c930b020689bf10be5e1510626fdcb4.jpg,missing,,,,,,,,,,,,,,,,,,,,,,,,,,,,,,,,,,,,,,,,,,,,,,,,,,,,,,,,,,,,,,,,,,,,,,,,,,,,,,,,,,,,,,,,,,,,,,,,,,,,,,,,,,,,,,,,,,,,,,,,,,,,,,,,,,,,,,,,,,,,,,,,,,,,,,,,,,,,,,,,,,,,,,,,,,,,,,,,,,,,,,,,,,,,,,,,,,,,,,,,,,,,,,,,,,,,,,,,,,,,,,,,,,,,,,,,,,,,,,,,,,,,,,,,,,,,,,,,,,,,,,,,,,,,,,,,,,,,,,,,,,,,,,,,,
1c4b1b903d471134,images/1c/1c4b1b903d471134a0304862259addf6763794273b40be7f313cf5f27a0df64c.jpg,gen,genuine_population,hv_page_2874f5a2bc,126711CHNR,gold_surround_variant,established_dealer,https://bobswatches.com/rolex-gmt-master-ii-ref-126711-new-two-tone-everose-root-beer.html,,1c4b1b903d471134a0304862259addf6763794273b40be7f313cf5f27a0df64c,https://www.bobswatches.com/images/zRolex-GMT-Master-II-126711CHNR-144175.jpg,harvest pose=CORRECTABLE decision=QUARANTINE,images/1c/1c4b1b903d471134a0304862259addf6763794273b40be7f313cf5f27a0df64c.jpg,accepted,800,1224,,true,244.28542,0.99527,0.14438,45,11,245.21697,true,8,-0.44730,-0.24998,0.51241,-0.01160,0.04200,true,,-0.66819,0.31046,-0.67000,0.30387,0.73569,-0.31046,-0.66819,0.64388,-0.53403,-0.36248,-0.10810,,1.00000,1.00000,-0.42271,0.19255,-0.15755,true,,-0.74473,-0.16895,-0.74437,-0.17545,0.76477,-0.16895,0.74473,0.18814,0.09884,0.15966,-0.36657,,0.71429,1.00000,true,,-0.94803,-0.24486,-0.94597,-0.25269,0.97914,0.94803,0.24486,0.53837,0.52016,-0.13718,0.37725,,1.00000,1.00000,true,,-0.62204,-0.13360,-0.62021,-0.13846,0.63548,-0.19532,-0.60550,0.28795,-0.16083,-0.23929,,0.30891,0.76389,1.00000,false,hand/occluder crosses outline (clean 0.61),,,,,,,,,,,,,0.69444,0.61111,true,,-0.38511,-0.23876,-0.38359,-0.24218,0.45364,-0.45289,-0.01421,0.19055,0.08254,-0.17167,,0.14048,1.00000,1.00000,false,hand/occluder crosses outline (clean 0.56),,,,,,,,,,,,,0.51389,0.56111,true,,-0.52891,-0.39734,-0.52600,-0.40258,0.66238,-0.07965,0.65672,0.06809,-0.06789,-0.00168,,0.34873,0.95833,1.00000,true,,-0.29664,-0.37208,-0.29330,-0.37500,0.47608,0.07086,0.47055,0.20631,-0.17201,-0.11353,,0.17474,1.00000,1.00000,true,,-0.21965,-0.39194,-0.21572,-0.39315,0.44845,0.38619,0.22961,0.14002,-0.10299,0.09488,,0.22979,0.86111,1.00000,true,,0.12110,-0.37128,0.12443,-0.36926,0.38966,0.26099,0.29052,0.43795,-0.15388,0.41042,,0.21241,0.93056,1.00000,1470,-0.002725,0.001266,0.003000,-0.001266,-0.002725,0.002626,-0.002178,-0.001478,-0.003037,-0.000689,0.003119,-0.000689,0.003037,0.000767,0.000403,0.000651,-0.003866,-0.000999,0.003993,0.003866,0.000999,0.002195,0.002121,-0.000559,-0.002537,-0.000545,0.002592,-0.000797,-0.002469,0.001174,-0.000656,-0.000976,,,,,,,,,-0.001570,-0.000974,0.001850,-0.001847,-0.000058,0.000777,0.000337,-0.000700,,,,,,,,,-0.002157,-0.001620,0.002701,-0.000325,0.002678,0.000278,-0.000277,-0.000007,-0.001210,-0.001517,0.001941,0.000289,0.001919,0.000841,-0.000701,-0.000463,-0.000896,-0.001598,0.001829,0.001575,0.000936,0.000571,-0.000420,0.000387,0.000494,-0.001514,0.001589,0.001064,0.001185,0.001786,-0.000628,0.001674,0.002090,6,0.43795,0.001786
ede4d7279065e197,images/ed/ede4d7279065e197d8db30d71a57bab49d5806e7c326c53b2fe55397e3cb7386.jpg,gen,genuine_population,hv_page_2986d0208d,126710BLRO,primary_steel,established_dealer,https://bobswatches.com/used-rolex-gmt-master-ii-pepsi-ref-126710blro-cerachrom-bezel.html,,ede4d7279065e197d8db30d71a57bab49d5806e7c326c53b2fe55397e3cb7386,https://www.bobswatches.com/images/zUsed-Rolex-GMT-Master-II-126710-SKU193555.jpg,harvest pose=GOOD decision=QUARANTINE,images/ed/ede4d7279065e197d8db30d71a57bab49d5806e7c326c53b2fe55397e3cb7386.jpg,missing,,,,,,,,,,,,,,,,,,,,,,,,,,,,,,,,,,,,,,,,,,,,,,,,,,,,,,,,,,,,,,,,,,,,,,,,,,,,,,,,,,,,,,,,,,,,,,,,,,,,,,,,,,,,,,,,,,,,,,,,,,,,,,,,,,,,,,,,,,,,,,,,,,,,,,,,,,,,,,,,,,,,,,,,,,,,,,,,,,,,,,,,,,,,,,,,,,,,,,,,,,,,,,,,,,,,,,,,,,,,,,,,,,,,,,,,,,,,,,,,,,,,,,,,,,,,,,,,,,,,,,,,,,,,,,,,,,,,,,,,,,,,,,,,,
3ffe939bd9385410,images/3f/3ffe939bd938541051f190d692a8b21bb5001b1c2fb480df1dd0fc28375f7085.jpg,gen,genuine_population,hv_page_2ad168c21c,126710GRNR,primary_steel,established_dealer,https://bobswatches.com/pre-owned-rolex-gmt-master-ii-ref-126710grnr-jubilee.html,,3ffe939bd938541051f190d692a8b21bb5001b1c2fb480df1dd0fc28375f7085,https://www.bobswatches.com/images/zUsed-Rolex-GMT-Master-II-126710-SKU181905.jpg,harvest pose=CORRECTABLE decision=QUARANTINE,images/3f/3ffe939bd938541051f190d692a8b21bb5001b1c2fb480df1dd0fc28375f7085.jpg,missing,,,,,,,,,,,,,,,,,,,,,,,,,,,,,,,,,,,,,,,,,,,,,,,,,,,,,,,,,,,,,,,,,,,,,,,,,,,,,,,,,,,,,,,,,,,,,,,,,,,,,,,,,,,,,,,,,,,,,,,,,,,,,,,,,,,,,,,,,,,,,,,,,,,,,,,,,,,,,,,,,,,,,,,,,,,,,,,,,,,,,,,,,,,,,,,,,,,,,,,,,,,,,,,,,,,,,,,,,,,,,,,,,,,,,,,,,,,,,,,,,,,,,,,,,,,,,,,,,,,,,,,,,,,,,,,,,,,,,,,,,,,,,,,,,
ee1933f4d3ba3a7d,images/ee/ee1933f4d3ba3a7d4872a60eb8a112526dd778ade0d8b0d2cee675e0f6bcb8f0.jpg,gen,genuine_population,hv_page_2bc7d24047,126715CHNR,gold_surround_variant,established_dealer,https://bobswatches.com/pre-owned-rolex-gmt-master-ii-ref-126715-new-everose-root-beer-model.html,,ee1933f4d3ba3a7d4872a60eb8a112526dd778ade0d8b0d2cee675e0f6bcb8f0,https://www.bobswatches.com/images/zRolex-GMT-Master-II-Ref-126715-128183.jpg,harvest pose=GOOD decision=QUARANTINE,images/ee/ee1933f4d3ba3a7d4872a60eb8a112526dd778ade0d8b0d2cee675e0f6bcb8f0.jpg,missing,,,,,,,,,,,,,,,,,,,,,,,,,,,,,,,,,,,,,,,,,,,,,,,,,,,,,,,,,,,,,,,,,,,,,,,,,,,,,,,,,,,,,,,,,,,,,,,,,,,,,,,,,,,,,,,,,,,,,,,,,,,,,,,,,,,,,,,,,,,,,,,,,,,,,,,,,,,,,,,,,,,,,,,,,,,,,,,,,,,,,,,,,,,,,,,,,,,,,,,,,,,,,,,,,,,,,,,,,,,,,,,,,,,,,,,,,,,,,,,,,,,,,,,,,,,,,,,,,,,,,,,,,,,,,,,,,,,,,,,,,,,,,,,,,
69e62d2c551bffc4,images/69/69e62d2c551bffc4bfbb6371adcc0566d8a31de8b87881a2e1466b4e4d6b85fa.jpg,gen,genuine_population,hv_page_2de7ff1ec5,126711CHNR,gold_surround_variant,established_dealer,https://bobswatches.com/used-root-beer-rolex-gmt-master-ii-ref-126711chnr-black-dial.html,,69e62d2c551bffc4bfbb6371adcc0566d8a31de8b87881a2e1466b4e4d6b85fa,https://www.bobswatches.com/images/zUsed-Rolex-GMT-Master-II-126711-186403.jpg,harvest pose=CORRECTABLE decision=QUARANTINE,images/69/69e62d2c551bffc4bfbb6371adcc0566d8a31de8b87881a2e1466b4e4d6b85fa.jpg,missing,,,,,,,,,,,,,,,,,,,,,,,,,,,,,,,,,,,,,,,,,,,,,,,,,,,,,,,,,,,,,,,,,,,,,,,,,,,,,,,,,,,,,,,,,,,,,,,,,,,,,,,,,,,,,,,,,,,,,,,,,,,,,,,,,,,,,,,,,,,,,,,,,,,,,,,,,,,,,,,,,,,,,,,,,,,,,,,,,,,,,,,,,,,,,,,,,,,,,,,,,,,,,,,,,,,,,,,,,,,,,,,,,,,,,,,,,,,,,,,,,,,,,,,,,,,,,,,,,,,,,,,,,,,,,,,,,,,,,,,,,,,,,,,,,
b6605eca11930309,images/b6/b6605eca11930309fd520645521fce2535a9abb0c66aa3fbf5a15eac79c74ca9.jpg,gen,genuine_population,hv_page_2f296fab84,126715CHNR,gold_surround_variant,established_dealer,https://bobswatches.com/pre-owned-rolex-gmt-master-ii-ref-126715-root-beer-model.html,,b6605eca11930309fd520645521fce2535a9abb0c66aa3fbf5a15eac79c74ca9,https://www.bobswatches.com/images/zRolex-GMT-Master-II-Ref-126715-Root-Beer-Model-146614.jpg,harvest pose=CORRECTABLE decision=QUARANTINE,images/b6/b6605eca11930309fd520645521fce2535a9abb0c66aa3fbf5a15eac79c74ca9.jpg,missing,,,,,,,,,,,,,,,,,,,,,,,,,,,,,,,,,,,,,,,,,,,,,,,,,,,,,,,,,,,,,,,,,,,,,,,,,,,,,,,,,,,,,,,,,,,,,,,,,,,,,,,,,,,,,,,,,,,,,,,,,,,,,,,,,,,,,,,,,,,,,,,,,,,,,,,,,,,,,,,,,,,,,,,,,,,,,,,,,,,,,,,,,,,,,,,,,,,,,,,,,,,,,,,,,,,,,,,,,,,,,,,,,,,,,,,,,,,,,,,,,,,,,,,,,,,,,,,,,,,,,,,,,,,,,,,,,,,,,,,,,,,,,,,,,
060ba51cbd5c62e4,images/06/060ba51cbd5c62e4de955617dbd071c28a428a70175955b141dc8b6275261c52.jpg,gen,genuine_population,hv_page_2f2fbd28fc,126715CHNR,gold_surround_variant,established_dealer,https://bobswatches.com/mens-rolex-gmt-master-ii-ref-126715-everose-root-beer.html,,060ba51cbd5c62e4de955617dbd071c28a428a70175955b141dc8b6275261c52,https://www.bobswatches.com/images/zUsed-Rolex-GMT-Master-II-126715-Black-Chromalight-Dial-SKU182205.jpg,harvest pose=CORRECTABLE decision=QUARANTINE,images/06/060ba51cbd5c62e4de955617dbd071c28a428a70175955b141dc8b6275261c52.jpg,missing,,,,,,,,,,,,,,,,,,,,,,,,,,,,,,,,,,,,,,,,,,,,,,,,,,,,,,,,,,,,,,,,,,,,,,,,,,,,,,,,,,,,,,,,,,,,,,,,,,,,,,,,,,,,,,,,,,,,,,,,,,,,,,,,,,,,,,,,,,,,,,,,,,,,,,,,,,,,,,,,,,,,,,,,,,,,,,,,,,,,,,,,,,,,,,,,,,,,,,,,,,,,,,,,,,,,,,,,,,,,,,,,,,,,,,,,,,,,,,,,,,,,,,,,,,,,,,,,,,,,,,,,,,,,,,,,,,,,,,,,,,,,,,,,,
635dfddb1777b617,images/63/635dfddb1777b61759bcd17d748c37f9c17786081f59381238a0bd0b9ca37aa9.jpg,gen,genuine_population,hv_page_2f4b4ff78a,126710BLNR,primary_steel,established_dealer,https://bobswatches.com/rolex-gmt-master-ii-ref-126710blnr-batman.html,,635dfddb1777b61759bcd17d748c37f9c17786081f59381238a0bd0b9ca37aa9,https://www.bobswatches.com/images/zUsed-Rolex-GMT-Master-II-126710-Black-Chromalight-Dial-SKU181106.jpg,harvest pose=GOOD decision=QUARANTINE,images/63/635dfddb1777b61759bcd17d748c37f9c17786081f59381238a0bd0b9ca37aa9.jpg,missing,,,,,,,,,,,,,,,,,,,,,,,,,,,,,,,,,,,,,,,,,,,,,,,,,,,,,,,,,,,,,,,,,,,,,,,,,,,,,,,,,,,,,,,,,,,,,,,,,,,,,,,,,,,,,,,,,,,,,,,,,,,,,,,,,,,,,,,,,,,,,,,,,,,,,,,,,,,,,,,,,,,,,,,,,,,,,,,,,,,,,,,,,,,,,,,,,,,,,,,,,,,,,,,,,,,,,,,,,,,,,,,,,,,,,,,,,,,,,,,,,,,,,,,,,,,,,,,,,,,,,,,,,,,,,,,,,,,,,,,,,,,,,,,,,
0a4e0899bb1001fc,images/0a/0a4e0899bb1001fc28c302947cfffddd549215c0bd5916da55cfd04d8de1b0d4.jpg,gen,genuine_population,hv_page_2f9546b899,126710GRNR,primary_steel,established_dealer,https://bobswatches.com/pre-owned-rolex-gmt-master-ii-bruce-wayne-ref-126710grnr.html,,0a4e0899bb1001fc28c302947cfffddd549215c0bd5916da55cfd04d8de1b0d4,https://www.bobswatches.com/images/zUsed-Rolex-GMT-Master-II-126710-186802.jpg,harvest pose=CORRECTABLE decision=QUARANTINE,images/0a/0a4e0899bb1001fc28c302947cfffddd549215c0bd5916da55cfd04d8de1b0d4.jpg,accepted,1412,2160,,true,433.05296,0.99324,0.12581,45,11,434.72687,true,9,0.11757,-0.60499,0.61631,0.03980,0.01096,true,,0.59114,1.17638,0.57917,1.17499,1.30997,-1.17638,0.59114,1.95385,-1.92186,0.41294,0.23281,,1.00000,1.00000,0.02517,0.33694,-0.13864,true,,-0.24874,-0.23916,-0.24725,-0.24216,0.34608,-0.23916,0.24874,0.38193,0.23740,0.29770,0.46429,,0.66667,1.00000,true,,-0.93250,-0.72862,-0.92599,-0.73717,1.18359,0.93250,0.72862,0.91742,0.91361,0.05862,-0.58387,,1.00000,1.00000,true,,0.16971,-0.28538,0.17171,-0.28175,0.32995,0.33200,0.00429,0.41316,-0.39036,0.14352,,0.40447,0.84722,1.00000,true,,0.40705,-0.58487,0.41065,-0.57781,0.70887,0.64495,-0.30299,0.14367,0.10394,0.09940,,0.47238,0.87500,0.94444,true,,-0.04006,-0.69418,-0.03500,-0.69460,0.69548,-0.38178,-0.58115,0.32316,-0.31559,-0.06701,,0.61470,0.76389,1.00000,true,,0.63412,-0.51987,0.63982,-0.51497,0.82132,-0.13317,-0.80910,0.51622,0.19619,-0.47630,,0.50044,0.87500,1.00000,true,,-0.03106,-0.44587,-0.02640,-0.44741,0.44819,-0.37061,0.24983,0.07489,0.07050,-0.02458,,0.51561,0.91667,1.00000,true,,0.76184,-0.76839,0.77327,-0.76194,1.08559,-1.04397,0.28453,0.82705,-0.78421,-0.25305,,0.44836,1.00000,1.00000,true,,0.10374,-0.97508,0.11508,-0.97044,0.97724,0.39770,0.89631,0.25135,0.05025,0.24699,,0.51772,1.00000,1.00000,false,hand/occluder crosses outline (clean 0.58),,,,,,,,,,,,,0.45833,0.57778,1843,0.001360,0.002706,0.003013,-0.002706,0.001360,0.004494,-0.004421,0.000950,-0.000572,-0.000550,0.000796,-0.000550,0.000572,0.000879,0.000546,0.000685,-0.002145,-0.001676,0.002723,0.002145,0.001676,0.002110,0.002102,0.000135,0.000390,-0.000656,0.000759,0.000764,0.000010,0.000950,-0.000898,0.000330,0.000936,-0.001345,0.001631,0.001484,-0.000697,0.000330,0.000239,0.000229,-0.000092,-0.001597,0.001600,-0.000878,-0.001337,0.000743,-0.000726,-0.000154,0.001459,-0.001196,0.001889,-0.000306,-0.001861,0.001187,0.000451,-0.001096,-0.000071,-0.001026,0.001031,-0.000853,0.000575,0.000172,0.000162,-0.000057,0.001752,-0.001768,0.002497,-0.002401,0.000655,0.001902,-0.001804,-0.000582,0.000239,-0.002243,0.002248,0.000915,0.002062,0.000578,0.000116,0.000568,,,,,,,,,0.001418,7,0.82705,0.001902
a1181da10cfbe444,images/a1/a1181da10cfbe444131d0bf308b023fc31bb942a0f5e0cfdb34148a58e87be0d.jpg,gen,genuine_population,hv_page_302b41fe4e,126713GRNR,gold_surround_variant,established_dealer,https://bobswatches.com/rolex-gmt-master-ii-ref-126713grnr-jubilee-bracelet.html,,a1181da10cfbe444131d0bf308b023fc31bb942a0f5e0cfdb34148a58e87be0d,https://www.bobswatches.com/images/zUsed-Rolex-GMT-Master-II-126713-SKU181434.jpg,harvest pose=CORRECTABLE decision=QUARANTINE,images/a1/a1181da10cfbe444131d0bf308b023fc31bb942a0f5e0cfdb34148a58e87be0d.jpg,accepted,1412,2160,,true,432.30097,0.99296,0.14672,43,11,434.26740,true,9,0.05215,-0.47358,0.47644,-0.01403,-0.07070,true,,-0.52398,1.13102,-0.51574,1.12891,1.24114,-1.13102,-0.52398,1.55632,-1.55583,-0.15114,0.15949,,1.00000,1.00000,-0.10194,0.38463,0.03024,true,,0.23839,-0.05896,0.23869,-0.06084,0.24632,-0.05896,-0.23839,0.51266,0.46056,0.22166,-0.38778,,0.71429,1.00000,true,,-0.27529,0.20437,-0.27509,0.20616,0.34377,0.27529,-0.20437,0.46663,0.37672,-0.27324,0.01979,,1.00000,1.00000,true,,-0.54589,-0.54222,-0.54944,-0.53701,0.76828,0.19663,-0.74386,0.22513,-0.19161,-0.11954,,0.47851,0.98611,1.00000,true,,0.30131,-1.17324,0.29072,-1.17098,1.20653,0.84756,-0.86540,0.61205,0.61235,-0.04748,,0.55566,0.88889,1.00000,true,,-0.30003,-1.08693,-0.30959,-1.08535,1.12864,-0.80330,-0.79129,0.57156,-0.56501,0.08204,,0.42453,0.93056,1.00000,true,,0.46619,-0.75560,0.46100,-0.76052,0.88933,-0.42127,-0.78153,0.06225,0.01063,-0.06123,,0.47356,0.97222,1.00000,true,,0.29154,-0.29925,0.29086,-0.30228,0.41949,-0.40493,-0.10286,0.16650,0.08238,0.14393,,0.43913,0.94444,1.00000,true,,0.95484,-0.17275,0.95775,-0.17954,0.97443,-0.91329,-0.32781,0.64350,-0.57902,-0.27462,,0.40310,0.98611,1.00000,true,,0.17074,-0.27905,0.16960,-0.27959,0.32701,-0.00834,0.32704,0.35713,-0.14757,0.32482,,0.48434,0.94444,1.00000,false,hand/occluder crosses outline (clean 0.58),,,,,,,,,,,,,0.52778,0.58333,1908,-0.001207,0.002604,0.002858,-0.002604,-0.001207,0.003584,-0.003583,-0.000348,0.000549,-0.000136,0.000567,-0.000136,-0.000549,0.001181,0.001061,0.000510,-0.000634,0.000471,0.000792,0.000634,-0.000471,0.001075,0.000867,-0.000629,-0.001257,-0.001249,0.001769,0.000453,-0.001713,0.000518,-0.000441,-0.000275,0.000694,-0.002702,0.002778,0.001952,-0.001993,0.001409,0.001410,-0.000109,-0.000691,-0.002503,0.002599,-0.001850,-0.001822,0.001316,-0.001301,0.000189,0.001074,-0.001740,0.002048,-0.000970,-0.001800,0.000143,0.000024,-0.000141,0.000671,-0.000689,0.000966,-0.000932,-0.000237,0.000383,0.000190,0.000331,0.002199,-0.000398,0.002244,-0.002103,-0.000755,0.001482,-0.001333,-0.000632,0.000393,-0.000643,0.000753,-0.000019,0.000753,0.000822,-0.000340,0.000748,,,,,,,,,0.001097,7,0.64350,0.001482
c79c7553f6f5a5b2,images/c7/c79c7553f6f5a5b2637f1d0335a2eaec4f9dfebefea9ab5e0685d84089f9955e.jpg,gen,genuine_population,hv_page_353f1de4ef,126710BLNR,primary_steel,established_dealer,https://bobswatches.com/used-rolex-gmt-master-ii-ref-126710blnr-batman.html,,c79c7553f6f5a5b2637f1d0335a2eaec4f9dfebefea9ab5e0685d84089f9955e,https://www.bobswatches.com/images/zUsed-Rolex-GMT-Master-II-126710-SKU186270.jpg,harvest pose=CORRECTABLE decision=QUARANTINE,images/c7/c79c7553f6f5a5b2637f1d0335a2eaec4f9dfebefea9ab5e0685d84089f9955e.jpg,missing,,,,,,,,,,,,,,,,,,,,,,,,,,,,,,,,,,,,,,,,,,,,,,,,,,,,,,,,,,,,,,,,,,,,,,,,,,,,,,,,,,,,,,,,,,,,,,,,,,,,,,,,,,,,,,,,,,,,,,,,,,,,,,,,,,,,,,,,,,,,,,,,,,,,,,,,,,,,,,,,,,,,,,,,,,,,,,,,,,,,,,,,,,,,,,,,,,,,,,,,,,,,,,,,,,,,,,,,,,,,,,,,,,,,,,,,,,,,,,,,,,,,,,,,,,,,,,,,,,,,,,,,,,,,,,,,,,,,,,,,,,,,,,,,,
3e54fd179cb170a8,images/3e/3e54fd179cb170a8e584c184707f43e46eedf5237dbfcb090b823e473fac7149.jpg,gen,genuine_population,hv_page_36f38bf983,126710BLRO,primary_steel,established_dealer,https://bobswatches.com/used-pepsi-rolex-gmt-master-ii-ref-126710blro-jubilee.html,,3e54fd179cb170a8e584c184707f43e46eedf5237dbfcb090b823e473fac7149,https://www.bobswatches.com/images/zUsed-Rolex-GMT-Master-II-126710-186708.jpg,harvest pose=GOOD decision=QUARANTINE,images/3e/3e54fd179cb170a8e584c184707f43e46eedf5237dbfcb090b823e473fac7149.jpg,missing,,,,,,,,,,,,,,,,,,,,,,,,,,,,,,,,,,,,,,,,,,,,,,,,,,,,,,,,,,,,,,,,,,,,,,,,,,,,,,,,,,,,,,,,,,,,,,,,,,,,,,,,,,,,,,,,,,,,,,,,,,,,,,,,,,,,,,,,,,,,,,,,,,,,,,,,,,,,,,,,,,,,,,,,,,,,,,,,,,,,,,,,,,,,,,,,,,,,,,,,,,,,,,,,,,,,,,,,,,,,,,,,,,,,,,,,,,,,,,,,,,,,,,,,,,,,,,,,,,,,,,,,,,,,,,,,,,,,,,,,,,,,,,,,,
39b6687a00437d72,images/39/39b6687a00437d7204fb5bae5e685efc30f482c5a395c347248fbe4dec33fe8f.jpg,gen,genuine_population,hv_page_382ce3b2b1,126711CHNR,gold_surround_variant,established_dealer,https://bobswatches.com/pre-owned-root-beeer-rolex-gmt-master-ii-ref-126711chnr.html,,39b6687a00437d7204fb5bae5e685efc30f482c5a395c347248fbe4dec33fe8f,https://www.bobswatches.com/images/zUsed-Rolex-GMT-Master-II-126711-SKU193831.jpg,harvest pose=CORRECTABLE decision=REJECT,images/39/39b6687a00437d7204fb5bae5e685efc30f482c5a395c347248fbe4dec33fe8f.jpg,accepted,1412,2160,,true,430.41054,0.99766,0.16833,45,11,433.74274,true,9,0.06558,-1.13723,1.13912,0.00610,0.03435,true,,-0.29197,0.56374,-0.29782,0.55474,0.62963,-0.56374,-0.29197,1.79603,-1.72574,-0.55207,-0.67794,,1.00000,1.00000,-0.80879,-0.50812,-0.53804,true,,-0.58116,-0.05115,-0.58288,-0.05843,0.58580,-0.05115,0.58116,1.15947,1.06972,0.43715,-0.15863,,0.71429,1.00000,true,,-1.15731,-1.72433,-1.13518,-1.73628,2.07444,1.15731,1.72433,1.25329,1.18964,0.38715,0.26469,,1.00000,1.00000,true,,0.22265,-0.90418,0.23102,-0.89345,0.92283,0.89436,-0.25927,0.15013,-0.14132,0.05452,,0.49434,0.95833,1.00000,true,,0.21399,-1.05146,0.22275,-1.04179,1.06534,0.71105,-0.80359,0.09023,0.07380,-0.05308,,0.30381,0.76389,0.97222,true,,0.01601,-1.47176,0.02901,-1.47142,1.47170,-0.72201,-1.28258,0.52692,-0.21841,-0.47974,,0.54174,0.94444,1.00000,false,hand/occluder crosses outline (clean 0.66),,,,,,,,,,,,,0.54167,0.65556,true,,0.42279,-1.60924,0.44609,-1.60950,1.67018,-1.60504,0.43848,0.68429,-0.61239,-0.29797,,0.49102,0.95833,1.00000,true,,0.21030,-1.44864,0.23204,-1.44793,1.46640,-0.90644,1.14941,0.31450,-0.31222,-0.02377,,0.48703,0.93056,1.00000,true,,0.56467,-1.10341,0.58096,-1.09025,1.23538,0.06269,1.23792,0.48373,-0.48395,0.01242,,0.41451,0.94444,1.00000,true,,0.32525,-1.13444,0.33982,-1.12126,1.17163,0.81982,0.84890,0.16420,-0.16354,0.02183,,0.22441,0.98611,1.00000,1741,-0.000673,0.001300,0.001452,-0.001300,-0.000673,0.004141,-0.003979,-0.001273,-0.001340,-0.000118,0.001351,-0.000118,0.001340,0.002673,0.002466,0.001008,-0.002668,-0.003975,0.004783,0.002668,0.003975,0.002889,0.002743,0.000893,0.000513,-0.002085,0.002128,0.002062,-0.000598,0.000346,-0.000326,0.000126,0.000493,-0.002424,0.002456,0.001639,-0.001853,0.000208,0.000170,-0.000122,0.000037,-0.003393,0.003393,-0.001665,-0.002957,0.001215,-0.000504,-0.001106,,,,,,,,,0.000975,-0.003710,0.003851,-0.003700,0.001011,0.001578,-0.001412,-0.000687,0.000485,-0.003340,0.003381,-0.002090,0.002650,0.000725,-0.000720,-0.000055,0.001302,-0.002544,0.002848,0.000145,0.002854,0.001115,-0.001116,0.000029,0.000750,-0.002615,0.002701,0.001890,0.001957,0.000379,-0.000377,0.000050,0.002626,7,0.68429,0.001578
acdc661ac31f2074,images/ac/acdc661ac31f20743e3a76875d5ffbd726025422d10c7ead87f61f22d88d6f54.jpg,gen,genuine_population,hv_page_382ce3b2b1,126711CHNR,gold_surround_variant,established_dealer,https://bobswatches.com/pre-owned-root-beeer-rolex-gmt-master-ii-ref-126711chnr.html,,acdc661ac31f20743e3a76875d5ffbd726025422d10c7ead87f61f22d88d6f54,"https://www.bobswatches.com/cdn-cgi/image/width=768,quality=85,sharpen=0.5/images/zUsed-Rolex-GMT-Master-II-126711-SKU193831.jpg",harvest pose=CORRECTABLE decision=REJECT,images/ac/acdc661ac31f20743e3a76875d5ffbd726025422d10c7ead87f61f22d88d6f54.jpg,accepted,768,1174,,true,234.25167,0.99863,0.13655,45,11,235.85402,true,9,0.03985,-0.60682,0.60813,0.00535,0.03985,true,,-0.20891,0.42288,-0.21328,0.41588,0.46738,-0.42288,-0.20891,1.09642,-1.04231,-0.37278,-0.77866,,1.00000,1.00000,-0.77224,-0.73448,-0.59488,true,,-0.40260,-0.46208,-0.39883,-0.46822,0.61506,-0.46208,0.40260,0.34184,0.13773,0.31153,-0.22744,,0.71429,1.00000,true,,-0.51311,-0.84710,-0.50200,-0.85144,0.98840,0.51311,0.84710,0.54939,0.53637,0.11389,0.19705,,1.00000,0.96667,true,,0.16878,-0.40572,0.17232,-0.39960,0.43517,0.43575,-0.05669,0.14535,-0.11861,0.08626,,0.39291,1.00000,1.00000,true,,0.25798,-0.63375,0.26293,-0.62565,0.67866,0.54029,-0.41985,0.20002,0.19696,-0.04186,,0.26027,0.79167,0.97222,true,,-0.00678,-0.62718,-0.00130,-0.62673,0.62673,-0.31946,-0.53977,0.13944,-0.05344,-0.12899,,0.37499,1.00000,1.00000,false,hand/occluder crosses outline (clean 0.64),,,,,,,,,,,,,0.66667,0.64444,true,,0.18543,-0.76114,0.19636,-0.76083,0.78576,-0.75188,0.21999,0.29033,-0.21804,-0.18961,,0.40059,1.00000,1.00000,true,,0.13281,-0.71582,0.14366,-0.71448,0.72878,-0.47293,0.55351,0.17632,-0.15012,-0.09113,,0.38804,1.00000,1.00000,true,,0.26455,-0.57613,0.27299,-0.56912,0.63121,0.05895,0.63122,0.23161,-0.22759,-0.04621,,0.36655,1.00000,1.00000,true,,0.18496,-0.64507,0.19321,-0.63696,0.66561,0.46617,0.48272,0.05751,-0.05541,0.01632,,0.28557,0.98611,1.00000,1376,-0.000886,0.001793,0.001982,-0.001793,-0.000886,0.004649,-0.004419,-0.001581,-0.001707,-0.001959,0.002608,-0.001959,0.001707,0.001449,0.000584,0.001321,-0.002176,-0.003592,0.004191,0.002176,0.003592,0.002329,0.002274,0.000483,0.000716,-0.001720,0.001845,0.001848,-0.000240,0.000616,-0.000503,0.000366,0.001094,-0.002687,0.002877,0.002291,-0.001780,0.000848,0.000835,-0.000177,-0.000029,-0.002659,0.002657,-0.001354,-0.002289,0.000591,-0.000227,-0.000547,,,,,,,,,0.000786,-0.003227,0.003332,-0.003188,0.000933,0.001231,-0.000924,-0.000804,0.000563,-0.003035,0.003090,-0.002005,0.002347,0.000748,-0.000636,-0.000386,0.001122,-0.002443,0.002676,0.000250,0.002676,0.000982,-0.000965,-0.000196,0.000784,-0.002735,0.002822,0.001977,0.002047,0.000244,-0.000235,0.000069,0.002578,7,0.29033,0.001231
7ddfc7965075c6f9,images/7d/7ddfc7965075c6f94c20c919d47401f5cb019cc6f720fa1c22d647e45d22c0d4.jpg,gen,genuine_population,hv_page_3b6fda6742,126710BLNR,primary_steel,established_dealer,https://bobswatches.com/pre-owned-rolex-gmt-master-ii-ref-126710blnr-blue-and-black-batgirl.html,,7ddfc7965075c6f94c20c919d47401f5cb019cc6f720fa1c22d647e45d22c0d4,https://www.bobswatches.com/images/zUsed-Rolex-GMT-Master-II-126710-SKU191779.jpg,harvest pose=CORRECTABLE decision=QUARANTINE,images/7d/7ddfc7965075c6f94c20c919d47401f5cb019cc6f720fa1c22d647e45d22c0d4.jpg,accepted,1412,2160,,true,433.50458,0.99010,0.17703,45,11,434.85677,true,9,0.00012,-0.67071,0.67071,-0.13085,0.02467,true,,-0.09592,1.40210,-0.11531,1.39168,1.39645,-1.40210,-0.09592,1.62531,-1.61866,-0.23629,0.07299,,0.95238,1.00000,-0.08589,0.11193,-0.35957,false,side edge coverage 0.43,,,,,,,,,,,,,0.42857,0.93333,true,,-0.96139,-0.68922,-0.95253,-0.70367,1.18426,0.96139,0.68922,1.39124,1.38178,-0.12347,0.09624,,1.00000,1.00000,true,,0.07316,-0.24971,0.07615,-0.24701,0.25848,0.25284,-0.06149,0.18938,0.13861,0.12998,,0.24413,0.97222,1.00000,true,,-0.33141,-0.38117,-0.32634,-0.38463,0.50442,-0.09643,-0.49581,0.07263,0.03845,-0.06201,,0.32229,0.76389,0.95556,true,,-0.25281,-0.68802,-0.24496,-0.69236,0.73442,-0.56295,-0.46944,0.24780,0.24322,-0.04492,,0.03704,0.90278,1.00000,true,,-0.43369,-1.13191,-0.42035,-1.14178,1.21670,-1.19711,-0.19037,0.14994,-0.14863,-0.01496,,0.07434,0.86111,0.97778,true,,0.29873,-1.56302,0.32413,-1.56499,1.59820,-1.50298,0.52280,0.46667,-0.46376,0.02692,,0.17896,1.00000,1.00000,true,,0.34822,-1.09139,0.36748,-1.08881,1.14916,-0.84726,0.77107,0.06617,-0.05716,0.03287,,0.15682,0.95833,1.00000,true,,0.54394,-0.54831,0.55352,-0.53813,0.77199,-0.19691,0.74682,0.08018,-0.07810,0.01790,,0.25875,0.95833,1.00000,true,,0.67966,0.15971,0.67690,0.16971,0.69785,-0.47814,0.50875,0.60024,-0.60165,0.02894,,0.24065,0.98611,1.00000,1883,-0.000221,0.003224,0.003211,-0.003224,-0.000221,0.003738,-0.003722,-0.000543,,,,,,,,,-0.002211,-0.001585,0.002723,0.002211,0.001585,0.003199,0.003178,-0.000284,0.000168,-0.000574,0.000594,0.000581,-0.000141,0.000435,0.000319,0.000299,-0.000762,-0.000877,0.001160,-0.000222,-0.001140,0.000167,0.000088,-0.000143,-0.000581,-0.001582,0.001689,-0.001295,-0.001080,0.000570,0.000559,-0.000103,-0.000997,-0.002603,0.002798,-0.002753,-0.000438,0.000345,-0.000342,-0.000034,0.000687,-0.003594,0.003675,-0.003456,0.001202,0.001073,-0.001066,0.000062,0.000801,-0.002510,0.002643,-0.001948,0.001773,0.000152,-0.000131,0.000076,0.001251,-0.001261,0.001775,-0.000453,0.001717,0.000184,-0.000180,0.000041,0.001563,0.000367,0.001605,-0.001100,0.001170,0.001380,-0.001384,0.000067,0.001542,8,0.60024,0.001380
a7fcdb60d7ce01fe,images/a7/a7fcdb60d7ce01fea1c58f929ed7fd81b5a3825bd21576204ca9b4a5f56a2693.jpg,gen,genuine_population,hv_page_3d5c6dde16,126710BLNR,primary_steel,established_dealer,https://bobswatches.com/used-rolex-gmt-master-ii-batgirl-ref-126710blnr-jubilee-bracelet.html,,a7fcdb60d7ce01fea1c58f929ed7fd81b5a3825bd21576204ca9b4a5f56a2693,https://www.bobswatches.com/images/zUsed-Rolex-GMT-Master-II-126710-SKU191757-PL.jpg,harvest pose=CORRECTABLE decision=QUARANTINE,images/a7/a7fcdb60d7ce01fea1c58f929ed7fd81b5a3825bd21576204ca9b4a5f56a2693.jpg,accepted,1412,2160,,true,433.57400,0.99938,0.16914,45,11,435.93433,true,10,0.26228,-1.23074,1.25838,0.05705,0.05940,true,,-0.39224,0.46071,-0.39227,0.45544,0.60109,-0.46071,-0.39224,2.13170,-1.89432,-1.01347,0.04708,,0.95238,1.00000,-0.04505,0.17436,0.17376,true,,0.03943,-0.94514,0.04108,-0.94760,0.94849,-0.94514,-0.03943,0.15851,0.10195,-0.12068,-0.09455,,0.71429,1.00000,true,,-0.72658,-1.96315,-0.72014,-1.96106,2.08910,0.72658,1.96315,0.88871,0.79883,0.38699,-0.24917,,0.80952,0.83333,true,,0.54293,-1.07120,0.54177,-1.06048,1.19086,1.19915,-0.06541,0.20494,-0.20243,-0.04053,,0.49853,0.94444,1.00000,true,,0.54282,-1.26937,0.54053,-1.25946,1.37056,1.10478,-0.82789,0.26145,0.06001,-0.25585,,0.52465,0.97222,1.00000,true,,0.22247,-0.92431,0.22179,-0.92324,0.94951,-0.26949,-0.91171,0.11246,-0.07939,-0.07962,,0.42256,0.95833,1.00000,true,,-0.11724,-0.53975,-0.11751,-0.54094,0.55355,-0.52606,-0.16834,0.37311,0.21122,0.30692,,0.47374,0.93056,1.00000,true,,0.03782,-1.27319,0.04192,-1.27663,1.27732,-1.12152,0.60384,0.20018,-0.12421,-0.15576,,0.37191,0.91667,1.00000,true,,0.28848,-1.28638,0.29505,-1.28699,1.32038,-0.89302,0.96980,0.42233,-0.25252,-0.33697,,0.32915,0.94444,1.00000,true,,0.66738,-1.76425,0.67552,-1.75352,1.87913,0.30415,1.86157,0.41413,-0.29022,0.29476,,0.43983,0.88889,1.00000,true,,0.57378,-1.46548,0.57796,-1.45269,1.56344,0.98225,1.22965,0.15973,-0.15929,0.01965,,0.39997,0.79167,0.98889,1968,-0.000900,0.001057,0.001379,-0.001057,-0.000900,0.004890,-0.004345,-0.002325,0.000090,-0.002168,0.002176,-0.002168,-0.000090,0.000364,0.000234,-0.000277,-0.001667,-0.004503,0.004792,0.001667,0.004503,0.002039,0.001832,0.000888,0.001245,-0.002457,0.002732,0.002751,-0.000150,0.000470,-0.000464,-0.000093,0.001245,-0.002912,0.003144,0.002534,-0.001899,0.000600,0.000138,-0.000587,0.000510,-0.002120,0.002178,-0.000618,-0.002091,0.000258,-0.000182,-0.000183,-0.000269,-0.001238,0.001270,-0.001207,-0.000386,0.000856,0.000485,0.000704,0.000087,-0.002921,0.002930,-0.002573,0.001385,0.000459,-0.000285,-0.000357,0.000662,-0.002951,0.003029,-0.002049,0.002225,0.000969,-0.000579,-0.000773,0.001531,-0.004047,0.004311,0.000698,0.004270,0.000950,-0.000666,0.000676,0.001316,-0.003362,0.003586,0.002253,0.002821,0.000366,-0.000365,0.000045,0.002887,8,0.42233,0.000969
454db39fb22b7f94,images/45/454db39fb22b7f940012c39ddad334dadf01121a983bcb420220212faf2fefa2.jpg,gen,genuine_population,hv_page_3ecf9e6e88,126710BLRO,primary_steel,established_dealer,https://bobswatches.com/rolex-gmt-master-ii-126710-ceramic-pepsi.html,,454db39fb22b7f940012c39ddad334dadf01121a983bcb420220212faf2fefa2,https://www.bobswatches.com/images/zRolex-GMT-Master-II-126710-131843.jpg,harvest pose=GOOD decision=QUARANTINE,images/45/454db39fb22b7f940012c39ddad334dadf01121a983bcb420220212faf2fefa2.jpg,missing,,,,,,,,,,,,,,,,,,,,,,,,,,,,,,,,,,,,,,,,,,,,,,,,,,,,,,,,,,,,,,,,,,,,,,,,,,,,,,,,,,,,,,,,,,,,,,,,,,,,,,,,,,,,,,,,,,,,,,,,,,,,,,,,,,,,,,,,,,,,,,,,,,,,,,,,,,,,,,,,,,,,,,,,,,,,,,,,,,,,,,,,,,,,,,,,,,,,,,,,,,,,,,,,,,,,,,,,,,,,,,,,,,,,,,,,,,,,,,,,,,,,,,,,,,,,,,,,,,,,,,,,,,,,,,,,,,,,,,,,,,,,,,,,,
4f60c0e0ce1d3f49,images/4f/4f60c0e0ce1d3f49cc053674e82cf3dab8e6d1ae917b75252b8c49ebeb8f5a9c.jpg,gen,genuine_population,hv_page_48ba112426,126710GRNR,primary_steel,established_dealer,https://bobswatches.com/mens-rolex-gmt-master-ii-ref-126710grnr-stainless-steel.html,,4f60c0e0ce1d3f49cc053674e82cf3dab8e6d1ae917b75252b8c49ebeb8f5a9c,https://www.bobswatches.com/images/zUsed-Rolex-GMT-Master-II-126710-Bruce-Wayne-SKU183041-PL.jpg,harvest pose=CORRECTABLE decision=QUARANTINE,images/4f/4f60c0e0ce1d3f49cc053674e82cf3dab8e6d1ae917b75252b8c49ebeb8f5a9c.jpg,missing,,,,,,,,,,,,,,,,,,,,,,,,,,,,,,,,,,,,,,,,,,,,,,,,,,,,,,,,,,,,,,,,,,,,,,,,,,,,,,,,,,,,,,,,,,,,,,,,,,,,,,,,,,,,,,,,,,,,,,,,,,,,,,,,,,,,,,,,,,,,,,,,,,,,,,,,,,,,,,,,,,,,,,,,,,,,,,,,,,,,,,,,,,,,,,,,,,,,,,,,,,,,,,,,,,,,,,,,,,,,,,,,,,,,,,,,,,,,,,,,,,,,,,,,,,,,,,,,,,,,,,,,,,,,,,,,,,,,,,,,,,,,,,,,,
7a28dfdca6f5027e,images/7a/7a28dfdca6f5027e5033d58293865bd143b4cd3cb999789147364a3208e8c1ef.jpg,gen,genuine_population,hv_page_c2377563f8,126710BLRO,primary_steel,established_dealer,https://bobswatches.com/rolex/gmt_master_ii-126710blro,,7a28dfdca6f5027e5033d58293865bd143b4cd3cb999789147364a3208e8c1ef,"https://www.bobswatches.com/cdn-cgi/image/fit=contain,sharpen=0.33,height=640,quality=82,format=jpeg/images/Rolex-GMT-Master-II-126710-127831.jpg",harvest pose=CORRECTABLE decision=QUARANTINE,images/7a/7a28dfdca6f5027e5033d58293865bd143b4cd3cb999789147364a3208e8c1ef.jpg,accepted,340,640,,true,104.39177,0.99208,0.17620,46,11,104.81954,false,0,,,,,,false,hand/occluder crosses outline (clean 0.00),,,,,,,,,,,,,0.42857,0.00000,,,,false,hand/occluder crosses outline (clean 0.00),,,,,,,,,,,,,0.57143,0.00000,false,hand/occluder crosses outline (clean 0.00),,,,,,,,,,,,,0.57143,0.00000,false,hand/occluder crosses outline (clean 0.25),,,,,,,,,,,,,0.37500,0.25000,false,hand/occluder crosses outline (clean 0.21),,,,,,,,,,,,,0.34722,0.20556,false,hand/occluder crosses outline (clean 0.00),,,,,,,,,,,,,0.41667,0.00000,false,hand/occluder crosses outline (clean 0.21),,,,,,,,,,,,,0.26389,0.20556,false,hand/occluder crosses outline (clean 0.34),,,,,,,,,,,,,0.54167,0.34444,false,hand/occluder crosses outline (clean 0.24),,,,,,,,,,,,,0.34722,0.23889,true,,5.13689,-7.62154,4.38684,-8.06551,9.18133,-0.63791,9.16890,,,,,0.32736,0.97222,1.00000,false,hand/occluder crosses outline (clean 0.17),,,,,,,,,,,,,0.41667,0.16667,709,,,,,,,,,,,,,,,,,,,,,,,,,,,,,,,,,,,,,,,,,,,,,,,,,,,,,,,,,,,,,,,,,,,,,,,,,0.049007,-0.072711,0.087592,-0.006086,0.087473,,,,,,,,,,,,,1,,
8d35b6970b618157,images/8d/8d35b6970b6181574718e9bfc026ff009055d2c1325724a8fbce0ddd7eb38bfb.jpg,gen,genuine_population,hv_page_4c7f2c1acc,126711CHNR,gold_surround_variant,established_dealer,https://bobswatches.com/rolex-blog/just-because/celeb-watch-rolex-gmt-master-pepsi.html,,8d35b6970b6181574718e9bfc026ff009055d2c1325724a8fbce0ddd7eb38bfb,https://www.bobswatches.com/rolex-blog/wp-content/uploads/2017/05/Rolex_GMT_16750-5D3_2282.jpg,harvest pose=CORRECTABLE decision=QUARANTINE,images/8d/8d35b6970b6181574718e9bfc026ff009055d2c1325724a8fbce0ddd7eb38bfb.jpg,accepted,3200,2133,,true,362.28962,0.98706,0.56185,32,9,361.31368,false,0,,,,,,true,,6.81200,10.93247,6.94529,10.85920,12.89028,-10.93247,6.81200,,,,1.70253,,0.61905,0.96667,3.20303,0.11754,1.34886,false,hand/occluder crosses outline (clean 0.67),,,,,,,,,,,,,0.33333,0.66667,true,,-3.02633,-1.43665,-3.07252,-1.44135,3.39380,3.02633,1.43665,,,,0.59324,,0.85714,0.86667,false,implausible radius,,,,,,,,,,,,,0.75000,1.00000,false,hand/occluder crosses outline (clean 0.44),,,,,,,,,,,,,0.69444,0.43889,false,implausible radius,,,,,,,,,,,,,0.83333,1.00000,false,implausible radius,,,,,,,,,,,,,0.75000,1.00000,false,implausible radius,,,,,,,,,,,,,0.84722,0.99444,false,implausible radius,,,,,,,,,,,,,0.80556,1.00000,false,implausible radius,,,,,,,,,,,,,0.97222,1.00000,false,implausible radius,,,,,,,,,,,,,0.70833,0.92778,1932,0.018853,0.030258,0.035676,-0.030258,0.018853,,,,,,,,,,,,-0.008376,-0.003976,0.009393,0.008376,0.003976,,,,,,,,,,,,,,,,,,,,,,,,,,,,,,,,,,,,,,,,,,,,,,,,,,,,,,,,,,,,,,,,,,,,,0,,
b0a1a6ff0bf6db97,images/b0/b0a1a6ff0bf6db97ec3eef041d5307111296866927b8f25b1edf712257e112c2.jpg,gen,genuine_population,hv_page_4cffae5ac4,126710BLNR,primary_steel,established_dealer,https://bobswatches.com/pre-owned-stainless-steel-rolex-gmt-master-ii-ref-116710blnr-batman.html,,b0a1a6ff0bf6db97ec3eef041d5307111296866927b8f25b1edf712257e112c2,https://www.bobswatches.com/images/zUsed-Rolex-GMT-Master-II-116710-SKU191844.jpg,harvest pose=GOOD decision=QUARANTINE,images/b0/b0a1a6ff0bf6db97ec3eef041d5307111296866927b8f25b1edf712257e112c2.jpg,accepted,1412,2160,,true,433.46631,0.99653,0.13123,44,11,435.88025,true,9,0.09163,-0.48978,0.49828,0.04052,0.00772,true,,0.06583,0.93495,0.05127,0.92930,0.93071,-0.93495,0.06583,1.55810,-1.56820,-0.06506,0.16871,,1.00000,1.00000,-0.05804,0.42062,0.25838,true,,0.22393,-0.39378,0.23082,-0.39140,0.45440,-0.39378,-0.22393,0.18826,-0.03504,-0.18435,-0.15098,,0.57143,0.96667,true,,-1.14456,-0.38758,-1.13973,-0.40724,1.21030,1.14456,0.38758,1.10756,1.09513,-0.14888,0.51742,,0.95238,1.00000,true,,0.38593,-0.45681,0.39136,-0.44665,0.59385,0.58857,0.10582,0.23212,-0.02314,0.23142,,0.34069,0.93056,1.00000,true,,0.21833,-0.40516,0.22316,-0.39919,0.45734,0.39166,-0.24172,0.11753,-0.07065,0.09474,,0.25613,0.88889,1.00000,true,,-0.03587,-0.44358,-0.03012,-0.44447,0.44549,-0.25286,-0.36622,0.23005,-0.22306,0.05418,,0.28960,0.84722,1.00000,true,,0.20228,-0.47627,0.20952,-0.47424,0.51846,-0.31132,-0.41332,0.15916,-0.07068,-0.14232,,0.15206,0.84722,1.00000,true,,0.17035,-0.46205,0.17888,-0.46080,0.49430,-0.48532,0.08349,0.21244,-0.16074,-0.13761,,0.20969,0.88889,1.00000,true,,0.09954,-0.36304,0.10643,-0.36194,0.37726,-0.26773,0.26463,0.19171,-0.09254,-0.16732,,0.12998,0.95833,1.00000,true,,0.39312,-0.80344,0.40771,-0.79317,0.89182,0.06127,0.89237,0.45497,-0.25565,0.37647,,0.36030,0.97222,0.99444,false,hand/occluder crosses outline (clean 0.48),,,,,,,,,,,,,0.51389,0.47778,1795,0.000151,0.002145,0.002135,-0.002145,0.000151,0.003575,-0.003598,-0.000149,0.000514,-0.000903,0.001042,-0.000903,-0.000514,0.000432,-0.000080,-0.000423,-0.002626,-0.000889,0.002777,0.002626,0.000889,0.002541,0.002512,-0.000342,0.000885,-0.001048,0.001362,0.001350,0.000243,0.000533,-0.000053,0.000531,0.000501,-0.000930,0.001049,0.000899,-0.000555,0.000270,-0.000162,0.000217,-0.000082,-0.001018,0.001022,-0.000580,-0.000840,0.000528,-0.000512,0.000124,0.000464,-0.001093,0.001189,-0.000714,-0.000948,0.000365,-0.000162,-0.000327,0.000391,-0.001060,0.001134,-0.001113,0.000192,0.000487,-0.000369,-0.000316,0.000228,-0.000833,0.000866,-0.000614,0.000607,0.000440,-0.000212,-0.000384,0.000902,-0.001843,0.002046,0.000141,0.002047,0.001044,-0.000587,0.000864,,,,,,,,,0.001143,7,0.45497,0.001044
cbee1a6f6b7b4528,images/cb/cbee1a6f6b7b4528e0e29def10b396722819cedf876244c7961f594f3cdca6f6.jpg,gen,genuine_population,hv_page_4d76330046,126711CHNR,gold_surround_variant,established_dealer,https://swisswatchexpo.com/watches/rolex-gmt-master-ii-root-beer-steel-rose-gold-mens-watch-126711-box-card-60951,,cbee1a6f6b7b4528e0e29def10b396722819cedf876244c7961f594f3cdca6f6,https://cdn.swisswatchexpo.com/productphotos/4/24/rolex-gmt-master-ii-root-beer-steel-rose-gold-mens-watch-126711-box-card-60951_17d77.jpg,harvest pose=CORRECTABLE decision=QUARANTINE,images/cb/cbee1a6f6b7b4528e0e29def10b396722819cedf876244c7961f594f3cdca6f6.jpg,accepted,2143,2142,,true,626.21291,0.99520,0.32783,45,11,628.10690,true,6,-1.14444,-1.99936,2.30374,-0.08750,0.00577,true,,-2.97395,2.54309,-2.96055,2.51277,3.88315,-2.54309,-2.97395,4.47442,-4.13304,-1.87137,-0.77730,,0.66667,1.00000,-0.94234,-0.67086,-0.98795,true,,-1.32596,-1.78051,-1.32159,-1.76774,2.20715,-1.78051,1.32596,0.67181,0.66363,0.12512,0.40910,,0.95238,1.00000,true,,-2.19615,-2.15100,-2.16646,-2.11072,3.02468,2.19615,2.15100,1.44755,1.45803,0.07411,0.46596,,0.80952,1.00000,false,outline coverage 0.61; 6/8 octants,,,,,,,,,,,,,0.61111,1.00000,false,hand/occluder crosses outline (clean 0.78),,,,,,,,,,,,,0.54167,0.77778,true,,-1.82313,-2.38609,-1.82997,-2.36511,2.99041,-2.77193,-1.15485,0.31275,-0.31204,-0.02549,,-0.14910,0.77778,1.00000,false,hand/occluder crosses outline (clean 0.52),,,,,,,,,,,,,0.45833,0.52222,true,,-0.43307,-3.01953,-0.41921,-2.99509,3.02429,-2.39845,1.88481,0.78961,-0.77101,-0.17977,,-0.16534,0.90278,1.00000,true,,-0.53552,-1.94760,-0.52174,-1.92423,1.99371,-0.51003,1.95443,0.42768,-0.04737,-0.43080,,-0.22171,0.75000,1.00000,true,,-0.15556,-2.03330,-0.14313,-1.99564,2.00076,1.15137,1.68311,0.60855,-0.41512,0.45098,,-0.39854,0.66667,1.00000,false,outline coverage 0.54; 7/8 octants,,,,,,,,,,,,,0.54167,0.98333,1384,-0.004735,0.004049,0.006182,-0.004049,-0.004735,0.007124,-0.006580,-0.002979,-0.002111,-0.002835,0.003514,-0.002835,0.002111,0.001070,0.001057,0.000199,-0.003496,-0.003425,0.004816,0.003496,0.003425,0.002305,0.002321,0.000118,,,,,,,,,,,,,,,,,-0.002903,-0.003799,0.004761,-0.004413,-0.001839,0.000498,-0.000497,-0.000041,,,,,,,,,-0.000689,-0.004807,0.004815,-0.003819,0.003001,0.001257,-0.001228,-0.000286,-0.000853,-0.003101,0.003174,-0.000812,0.003112,0.000681,-0.000075,-0.000686,-0.000248,-0.003237,0.003185,0.001833,0.002680,0.000969,-0.000661,0.000718,,,,,,,,,0.003668,4,0.78961,0.001257
294af860f7372d1c,images/29/294af860f7372d1c29b7dd9939f210f3b921801e3e9a77ba271b090fcdd9100d.jpg,gen,genuine_population,hv_page_4d76330046,126711CHNR,gold_surround_variant,established_dealer,https://swisswatchexpo.com/watches/rolex-gmt-master-ii-root-beer-steel-rose-gold-mens-watch-126711-box-card-60951,,294af860f7372d1c29b7dd9939f210f3b921801e3e9a77ba271b090fcdd9100d,https://cdn.swisswatchexpo.com/productphotos/4/24/rolex-gmt-master-ii-root-beer-steel-rose-gold-mens-watch-126711-box-card-60951_7121f_md.jpg,harvest pose=CORRECTABLE decision=QUARANTINE,images/29/294af860f7372d1c29b7dd9939f210f3b921801e3e9a77ba271b090fcdd9100d.jpg,missing,,,,,,,,,,,,,,,,,,,,,,,,,,,,,,,,,,,,,,,,,,,,,,,,,,,,,,,,,,,,,,,,,,,,,,,,,,,,,,,,,,,,,,,,,,,,,,,,,,,,,,,,,,,,,,,,,,,,,,,,,,,,,,,,,,,,,,,,,,,,,,,,,,,,,,,,,,,,,,,,,,,,,,,,,,,,,,,,,,,,,,,,,,,,,,,,,,,,,,,,,,,,,,,,,,,,,,,,,,,,,,,,,,,,,,,,,,,,,,,,,,,,,,,,,,,,,,,,,,,,,,,,,,,,,,,,,,,,,,,,,,,,,,,,,
0750b217923d6793,images/07/0750b217923d67938d34230db0c3df0bb70fd7aa4ad8141a5176fd78d294f5be.jpg,gen,genuine_population,hv_page_4d76330046,126711CHNR,gold_surround_variant,established_dealer,https://swisswatchexpo.com/watches/rolex-gmt-master-ii-root-beer-steel-rose-gold-mens-watch-126711-box-card-60951,,0750b217923d67938d34230db0c3df0bb70fd7aa4ad8141a5176fd78d294f5be,https://cdn.swisswatchexpo.com/productphotos/4/24/rolex-gmt-master-ii-root-beer-steel-rose-gold-mens-watch-126711-box-card-60951_c31b5d7fb3_md.jpg,harvest pose=GOOD decision=QUARANTINE,images/07/0750b217923d67938d34230db0c3df0bb70fd7aa4ad8141a5176fd78d294f5be.jpg,accepted,900,900,,true,168.92886,0.99314,0.19716,45,11,169.56164,true,8,-0.32221,-0.38973,0.50568,-0.01379,-0.01992,true,,-0.78282,0.69300,-0.77897,0.68458,1.03704,-0.69300,-0.78282,1.12959,-1.07032,-0.41141,-0.89735,,1.00000,1.00000,-0.92825,-0.71504,-0.35167,true,,-0.36093,-0.03037,-0.36072,-0.02979,0.36195,-0.03037,0.36093,0.38966,0.38330,0.08116,0.14133,,0.90476,1.00000,true,,-0.87786,-0.30461,-0.86834,-0.29665,0.91761,0.87786,0.30461,0.56844,0.57123,-0.04688,0.41431,,1.00000,1.00000,true,,-0.52686,-0.52928,-0.52461,-0.51686,0.73645,0.19493,-0.72091,0.19448,0.03313,-0.19414,,0.06858,0.77778,1.00000,false,hand/occluder crosses outline (clean 0.76),,,,,,,,,,,,,0.75000,0.75556,true,,-0.28253,-0.57894,-0.28383,-0.57430,0.64061,-0.53415,-0.36011,0.13550,-0.03629,-0.13138,,0.27329,1.00000,1.00000,false,hand/occluder crosses outline (clean 0.67),,,,,,,,,,,,,0.51389,0.66667,true,,-0.12133,-0.58122,-0.11855,-0.57625,0.58831,-0.44269,0.39568,0.24447,-0.24287,-0.03524,,0.21260,0.87500,0.84444,true,,-0.17193,-0.43817,-0.16843,-0.43258,0.46421,-0.07019,0.46543,0.13362,-0.13402,0.00826,,0.17280,0.86111,1.00000,true,,-0.00086,-0.48415,0.00170,-0.47511,0.47512,0.24282,0.41886,0.35620,-0.21702,0.28598,,0.01376,0.84722,1.00000,true,,-0.18143,-0.12204,-0.17923,-0.11847,0.21484,0.19640,-0.09610,0.28560,-0.28969,0.03467,,0.10098,0.84722,1.00000,694,-0.004617,0.004087,0.006116,-0.004087,-0.004617,0.006662,-0.006312,-0.002426,-0.002129,-0.000179,0.002135,-0.000179,0.002129,0.002298,0.002261,0.000479,-0.005177,-0.001796,0.005412,0.005177,0.001796,0.003352,0.003369,-0.000276,-0.003107,-0.003121,0.004343,0.001150,-0.004252,0.001147,0.000195,-0.001145,,,,,,,,,-0.001666,-0.003414,0.003778,-0.003150,-0.002124,0.000799,-0.000214,-0.000775,,,,,,,,,-0.000716,-0.003428,0.003470,-0.002611,0.002334,0.001442,-0.001432,-0.000208,-0.001014,-0.002584,0.002738,-0.000414,0.002745,0.000788,-0.000790,0.000049,-0.000005,-0.002855,0.002802,0.001432,0.002470,0.002101,-0.001280,0.001687,-0.001070,-0.000720,0.001267,0.001158,-0.000567,0.001684,-0.001708,0.000204,0.002982,6,0.35620,0.002101
e4e203107901244d,images/e4/e4e203107901244d9c640e76371059e09bf68bf5c8dc95c631fee09fc179953c.jpg,gen,genuine_population,hv_page_4f2029765c,126711CHNR,gold_surround_variant,established_dealer,https://swisswatchexpo.com/watches/rolex-gmt-master-ii-steel-rose-gold-mens-watch-126711-box-card-57245,,e4e203107901244d9c640e76371059e09bf68bf5c8dc95c631fee09fc179953c,https://cdn.swisswatchexpo.com/productphotos/12/15/rolex-gmt-master-ii-steel-rose-gold-mens-watch-126711-box-card-57245_7e258.jpg,harvest pose=CORRECTABLE decision=QUARANTINE,images/e4/e4e203107901244d9c640e76371059e09bf68bf5c8dc95c631fee09fc179953c.jpg,accepted,2117,2117,,true,632.66160,0.99628,0.26995,45,11,640.55670,false,0,,,,,,true,,-1.39591,2.18187,-1.39578,2.16529,2.57617,-2.18187,-1.39591,,,,-0.12663,,0.85714,1.00000,0.04426,-0.18262,0.29555,true,,-1.58334,-1.80014,-1.57430,-1.79734,2.38932,-1.80014,1.58334,,,,-0.04402,,0.85714,1.00000,true,,-0.72566,-2.27863,-0.70366,-2.25580,2.36300,0.72566,2.27863,,,,0.14111,,0.57143,1.00000,true,,-0.38935,-0.15147,-0.38771,-0.14762,0.41486,-0.06350,-0.41292,,,,,0.35508,0.80556,1.00000,false,hand/occluder crosses outline (clean 0.74),,,,,,,,,,,,,0.56944,0.74444,true,,-2.30825,-2.33562,-2.31118,-2.32903,3.28115,-3.16681,-0.86858,,,,,0.01596,0.93056,1.00000,false,hand/occluder crosses outline (clean 0.57),,,,,,,,,,,,,0.50000,0.56667,false,outline coverage 0.57; 8/8 octants,,,,,,,,,,,,,0.56944,0.91667,false,outline coverage 0.42; 6/8 octants,,,,,,,,,,,,,0.41667,1.00000,false,outline coverage 0.43; 6/8 octants,,,,,,,,,,,,,0.43056,0.93889,false,outline coverage 0.47; 7/8 octants,,,,,,,,,,,,,0.47222,0.96667,1430,-0.002179,0.003406,0.004022,-0.003406,-0.002179,,,,-0.002472,-0.002810,0.003730,-0.002810,0.002472,,,,-0.001133,-0.003557,0.003689,0.001133,0.003557,,,,-0.000608,-0.000236,0.000648,-0.000099,-0.000645,,,,,,,,,,,,-0.003604,-0.003646,0.005122,-0.004944,-0.001356,,,,,,,,,,,,,,,,,,,,,,,,,,,,,,,,,,,,,,,,,,,,,2,,
3b269ef3e009a150,images/3b/3b269ef3e009a1507588eb6b68e4c01ae8c9e32e63c88a352a4b152b3b780155.jpg,gen,genuine_population,hv_page_4f2029765c,126711CHNR,gold_surround_variant,established_dealer,https://swisswatchexpo.com/watches/rolex-gmt-master-ii-steel-rose-gold-mens-watch-126711-box-card-57245,,3b269ef3e009a1507588eb6b68e4c01ae8c9e32e63c88a352a4b152b3b780155,https://cdn.swisswatchexpo.com/productphotos/12/15/rolex-gmt-master-ii-steel-rose-gold-mens-watch-126711-box-card-57245_2b637_md.jpg,harvest pose=CORRECTABLE decision=QUARANTINE,images/3b/3b269ef3e009a1507588eb6b68e4c01ae8c9e32e63c88a352a4b152b3b780155.jpg,accepted,900,900,,true,269.26203,0.99483,0.17254,45,11,272.18642,true,7,-0.65132,-0.61109,0.89311,-0.17264,0.04810,true,,-0.62789,1.05405,-0.62830,1.04646,1.22059,-1.05405,-0.62789,1.29206,-1.29544,-0.15434,-0.13419,,0.95238,1.00000,0.11634,-0.34659,0.00737,true,,-0.65460,-0.84752,-0.65042,-0.84626,1.06733,-0.84752,0.65460,0.21315,0.12421,-0.17409,-0.24830,,0.95238,0.96667,true,,-1.17671,-1.01912,-1.15969,-1.00650,1.53555,1.17671,1.01912,0.89482,0.87537,0.22966,0.01843,,0.85714,1.00000,true,,-0.17095,-0.07536,-0.17024,-0.07368,0.18550,-0.02021,-0.18573,0.52595,0.15552,0.50525,,0.17121,0.93056,1.00000,false,hand/occluder crosses outline (clean 0.72),,,,,,,,,,,,,0.72222,0.72222,true,,-0.89489,-1.09816,-0.89539,-1.09560,1.41494,-1.32408,-0.50359,0.48811,-0.06545,-0.48312,,0.15084,0.98611,1.00000,false,hand/occluder crosses outline (clean 0.60),,,,,,,,,,,,,0.50000,0.60000,true,,-0.90420,-1.40850,-0.89286,-1.40387,1.66375,-0.76769,1.48731,0.45840,-0.17957,0.42488,,-0.23875,0.77778,0.92778,false,outline coverage 0.61; 6/8 octants,,,,,,,,,,,,,0.61111,1.00000,true,,0.22940,-0.12751,0.22796,-0.12724,0.26106,-0.13491,0.22512,0.64107,-0.62968,-0.16679,,0.04057,0.66667,1.00000,true,,-0.48702,-0.03171,-0.48264,-0.02848,0.48348,0.27098,-0.40591,0.38990,-0.20944,-0.33185,,-0.03695,0.70833,1.00000,1000,-0.002307,0.003873,0.004484,-0.003873,-0.002307,0.004747,-0.004759,-0.000567,-0.002405,-0.003114,0.003921,-0.003114,0.002405,0.000783,0.000456,-0.000640,-0.004323,-0.003744,0.005642,0.004323,0.003744,0.003288,0.003216,0.000844,-0.000628,-0.000277,0.000682,-0.000074,-0.000682,0.001932,0.000571,0.001856,,,,,,,,,-0.003288,-0.004035,0.005198,-0.004865,-0.001850,0.001793,-0.000240,-0.001775,,,,,,,,,-0.003322,-0.005175,0.006113,-0.002820,0.005464,0.001684,-0.000660,0.001561,,,,,,,,,0.000843,-0.000468,0.000959,-0.000496,0.000827,0.002355,-0.002313,-0.000613,-0.001789,-0.000117,0.001776,0.000996,-0.001491,0.001432,-0.000769,-0.001219,0.003281,5,0.64107,0.002355
33df0c5378aede8c,images/33/33df0c5378aede8cc5e49c4d8842a9326140d5b69749a7c02a079d2c023287c4.jpg,gen,genuine_population,hv_page_4f2029765c,126711CHNR,gold_surround_variant,established_dealer,https://swisswatchexpo.com/watches/rolex-gmt-master-ii-steel-rose-gold-mens-watch-126711-box-card-57245,,33df0c5378aede8cc5e49c4d8842a9326140d5b69749a7c02a079d2c023287c4,https://cdn.swisswatchexpo.com/productphotos/12/15/rolex-gmt-master-ii-steel-rose-gold-mens-watch-126711-box-card-57245_70d31bc5ae_md.jpg,harvest pose=CORRECTABLE decision=QUARANTINE,images/33/33df0c5378aede8cc5e49c4d8842a9326140d5b69749a7c02a079d2c023287c4.jpg,accepted,900,900,,true,171.01016,0.99489,0.22217,45,11,172.84288,true,7,-0.45119,-0.45378,0.63991,-0.18346,0.07668,true,,-0.42054,0.60694,-0.42017,0.60260,0.73462,-0.60694,-0.42054,0.81755,-0.81129,-0.15100,-0.15808,,1.00000,1.00000,0.08788,-0.38158,-0.07469,true,,-0.84324,-0.92391,-0.83925,-0.92321,1.24766,-0.92391,0.84324,0.31108,-0.22671,0.21417,0.64912,,1.00000,0.96667,true,,-0.73805,-0.73935,-0.72718,-0.73106,1.03113,0.73805,0.73935,0.52846,0.52310,0.10692,-0.04837,,1.00000,1.00000,true,,0.02726,-0.11522,0.02743,-0.11431,0.11755,0.11341,-0.03400,0.44681,0.20191,0.40039,,0.26615,0.95833,1.00000,false,hand/occluder crosses outline (clean 0.71),,,,,,,,,,,,,0.72222,0.71111,true,,-0.47436,-0.70444,-0.47487,-0.70336,0.84865,-0.76303,-0.37288,0.40997,0.11712,-0.39166,,0.25111,0.94444,1.00000,false,hand/occluder crosses outline (clean 0.59),,,,,,,,,,,,,0.52778,0.59444,true,,-0.61866,-0.86656,-0.61199,-0.86442,1.05913,-0.44113,0.96905,0.15834,-0.01416,0.15863,,-0.07392,0.81944,0.94444,false,outline coverage 0.72; 6/8 octants,,,,,,,,,,,,,0.72222,1.00000,true,,0.08299,-0.07918,0.08270,-0.07871,0.11417,-0.03228,0.11007,0.46068,-0.39695,-0.24718,,0.11082,0.68056,1.00000,true,,-0.26028,-0.06061,-0.25775,-0.05846,0.26430,0.18263,-0.19510,0.28288,-0.18327,-0.21848,,0.08990,0.70833,1.00000,683,-0.002433,0.003512,0.004250,-0.003512,-0.002433,0.004730,-0.004694,-0.000874,-0.004879,-0.005345,0.007218,-0.005345,0.004879,0.001800,-0.001312,0.001239,-0.004270,-0.004278,0.005966,0.004270,0.004278,0.003057,0.003026,0.000619,0.000158,-0.000667,0.000680,0.000656,-0.000197,0.002585,0.001168,0.002316,,,,,,,,,-0.002744,-0.004076,0.004910,-0.004415,-0.002157,0.002372,0.000678,-0.002266,,,,,,,,,-0.003579,-0.005014,0.006128,-0.002552,0.005607,0.000916,-0.000082,0.000918,,,,,,,,,0.000480,-0.000458,0.000661,-0.000187,0.000637,0.002665,-0.002297,-0.001430,-0.001506,-0.000351,0.001529,0.001057,-0.001129,0.001637,-0.001060,-0.001264,0.003702,5,0.46068,0.002665
8eb7af5d4e04cb5d,images/8e/8eb7af5d4e04cb5d8bd1bb44d1e3024e21869a65b95338d3c3f94b324845d85d.jpg,gen,genuine_population,hv_page_525f08a5be,126710GRNR,primary_steel,established_dealer,https://bobswatches.com/used-rolex-gmt-master-ii-ref-126710grnr-steel-bruce-wayne.html,,8eb7af5d4e04cb5d8bd1bb44d1e3024e21869a65b95338d3c3f94b324845d85d,https://www.bobswatches.com/images/zUsed-Rolex-GMT-Master-II-126710-SKU191309.jpg,harvest pose=CORRECTABLE decision=QUARANTINE,images/8e/8eb7af5d4e04cb5d8bd1bb44d1e3024e21869a65b95338d3c3f94b324845d85d.jpg,accepted,1412,2160,,true,432.58579,0.99388,0.14212,45,11,434.29450,true,9,-0.34411,-0.81519,0.88484,0.00919,-0.03410,true,,-0.83022,0.40718,-0.83479,0.39267,0.92253,-0.40718,-0.83022,1.27233,-1.24977,-0.26869,0.49976,,1.00000,1.00000,0.40351,0.67019,0.76649,true,,0.05916,0.00428,0.05924,0.00512,0.05947,0.00428,-0.05916,0.81719,0.78487,-0.21897,0.00520,,0.71429,1.00000,true,,-1.27617,-1.19450,-1.26007,-1.21281,1.74891,1.27617,1.19450,1.06363,0.89107,0.57895,0.17780,,1.00000,1.00000,true,,-0.81346,-1.00008,-0.79942,-1.00788,1.28642,0.45936,-1.20452,0.29776,-0.09767,-0.28166,,0.48290,0.90278,0.99444,false,hand/occluder crosses outline (clean 0.79),,,,,,,,,,,,,0.63889,0.78889,true,,-0.38399,-1.59792,-0.36491,-1.60423,1.64521,-1.13150,-1.19185,0.64302,-0.45115,-0.45716,,0.60428,0.95833,1.00000,true,,-0.08428,-0.71515,-0.07528,-0.71788,0.72182,-0.66148,-0.28458,0.18765,0.18569,0.02343,,0.55212,0.94444,1.00000,true,,-0.16274,-0.71041,-0.15276,-0.71469,0.73083,-0.53386,0.49614,0.04233,-0.04168,-0.00656,,0.48140,0.94444,1.00000,true,,-0.13904,-0.84469,-0.12639,-0.84804,0.85741,-0.30194,0.80104,0.27124,-0.23643,0.13153,,0.45118,0.95833,1.00000,true,,-0.19531,-0.30479,-0.19080,-0.30703,0.36148,0.32154,0.16630,0.44837,-0.42366,-0.14823,,0.45381,0.91667,1.00000,true,,0.04299,-0.50972,0.05044,-0.50710,0.50960,0.41994,0.29209,0.63650,-0.49207,0.40423,,0.35963,0.80556,0.98889,1867,-0.001912,0.000938,0.002124,-0.000938,-0.001912,0.002930,-0.002878,-0.000619,0.000136,0.000010,0.000137,0.000010,-0.000136,0.001882,0.001807,-0.000504,-0.002938,-0.002750,0.004027,0.002938,0.002750,0.002449,0.002052,0.001333,-0.001873,-0.002303,0.002962,0.001058,-0.002774,0.000686,-0.000225,-0.000649,,,,,,,,,-0.000884,-0.003679,0.003788,-0.002605,-0.002744,0.001481,-0.001039,-0.001053,-0.000194,-0.001647,0.001662,-0.001523,-0.000655,0.000432,0.000428,0.000054,-0.000375,-0.001636,0.001683,-0.001229,0.001142,0.000097,-0.000096,-0.000015,-0.000320,-0.001945,0.001974,-0.000695,0.001844,0.000625,-0.000544,0.000303,-0.000450,-0.000702,0.000832,0.000740,0.000383,0.001032,-0.000976,-0.000341,0.000099,-0.001174,0.001173,0.000967,0.000673,0.001466,-0.001133,0.000931,0.002037,7,0.64302,0.001481
234ac251289608b7,images/23/234ac251289608b76dc90790e4ca71845954745a70b498a5096a008449e979c4.jpg,gen,genuine_population,hv_page_5459c91797,126710BLNR,primary_steel,established_dealer,https://bobswatches.com/used-rolex-gmt-master-ii-batman-ref-126710blnr-black-dial.html,,234ac251289608b76dc90790e4ca71845954745a70b498a5096a008449e979c4,https://www.bobswatches.com/images/zUsed-Rolex-GMT-Master-II-126710-SKU191595.jpg,harvest pose=CORRECTABLE decision=QUARANTINE,images/23/234ac251289608b76dc90790e4ca71845954745a70b498a5096a008449e979c4.jpg,missing,,,,,,,,,,,,,,,,,,,,,,,,,,,,,,,,,,,,,,,,,,,,,,,,,,,,,,,,,,,,,,,,,,,,,,,,,,,,,,,,,,,,,,,,,,,,,,,,,,,,,,,,,,,,,,,,,,,,,,,,,,,,,,,,,,,,,,,,,,,,,,,,,,,,,,,,,,,,,,,,,,,,,,,,,,,,,,,,,,,,,,,,,,,,,,,,,,,,,,,,,,,,,,,,,,,,,,,,,,,,,,,,,,,,,,,,,,,,,,,,,,,,,,,,,,,,,,,,,,,,,,,,,,,,,,,,,,,,,,,,,,,,,,,,,
d57e2051d203d214,images/d5/d57e2051d203d21430e0961961b4a108243903ba19a956a7f60bbed6e8966ed9.jpg,gen,genuine_population,hv_page_54612422f7,126711CHNR,gold_surround_variant,established_dealer,https://swisswatchexpo.com/watches/rolex-gmt-master-ii-root-beer-steel-rose-gold-mens-watch-126711-box-card-62670,,d57e2051d203d21430e0961961b4a108243903ba19a956a7f60bbed6e8966ed9,https://cdn.swisswatchexpo.com/productphotos/7/8/rolex-gmt-master-ii-root-beer-steel-rose-gold-mens-watch-126711-box-card-62670_9306e.jpg,harvest pose=CORRECTABLE decision=QUARANTINE,images/d5/d57e2051d203d21430e0961961b4a108243903ba19a956a7f60bbed6e8966ed9.jpg,accepted,2100,2100,,true,617.33368,0.99714,0.21595,45,11,620.47353,true,9,-0.94626,-0.95950,1.34761,-0.16642,0.05124,true,,-0.90635,2.73280,-0.91479,2.72297,2.87252,-2.73280,-0.90635,2.88002,-2.85900,-0.39872,-0.27220,,0.76190,1.00000,-0.41062,-0.12920,-0.25577,true,,-1.67670,-0.31176,-1.67967,-0.32284,1.71042,-0.31176,1.67670,1.46729,1.41939,0.30670,0.50084,,0.90476,1.00000,true,,-0.98462,-2.07454,-0.96735,-2.08666,2.29998,0.98462,2.07454,1.07483,0.81330,0.70414,0.04767,,0.90476,1.00000,true,,-1.84989,-0.34800,-1.84323,-0.35439,1.87699,-0.62357,-1.77605,0.93479,-0.13271,-0.92768,,-0.66674,0.68056,0.98333,true,,-1.24434,-0.64604,-1.24155,-0.65175,1.40222,-0.75461,-1.18166,0.54605,0.43261,-0.33315,,-0.28515,0.61111,0.87222,true,,-1.67293,-0.99157,-1.67475,-1.00707,1.95422,-1.94458,-0.02225,0.23114,0.19406,-0.12478,,0.12432,0.90278,0.97778,false,hand/occluder crosses outline (clean 0.55),,,,,,,,,,,,,0.54167,0.55000,true,,-0.64456,-2.06550,-0.63302,-2.08931,2.18310,-1.46650,1.59095,0.32259,-0.27875,-0.15936,,0.08222,0.83333,0.98889,true,,-0.40123,-2.11104,-0.38568,-2.12837,2.16303,-0.70804,2.02884,0.35545,-0.21664,0.27837,,0.03343,0.80556,0.98889,true,,0.45046,-0.84231,0.45526,-0.84096,0.95628,0.03104,0.95469,0.45458,-0.42899,0.15527,,0.12428,0.79167,0.96111,true,,0.63542,0.71330,0.62850,0.71435,0.95148,-0.93545,0.19364,1.39353,-1.39563,0.09057,,-0.15275,0.68056,0.99444,1408,-0.001461,0.004404,0.004630,-0.004404,-0.001461,0.004642,-0.004608,-0.000643,-0.002702,-0.000502,0.002757,-0.000502,0.002702,0.002365,0.002288,0.000494,-0.001587,-0.003343,0.003707,0.001587,0.003343,0.001732,0.001311,0.001135,-0.002981,-0.000561,0.003025,-0.001005,-0.002862,0.001507,-0.000214,-0.001495,-0.002005,-0.001041,0.002260,-0.001216,-0.001904,0.000880,0.000697,-0.000537,-0.002696,-0.001598,0.003150,-0.003134,-0.000036,0.000373,0.000313,-0.000201,,,,,,,,,-0.001039,-0.003329,0.003518,-0.002364,0.002564,0.000520,-0.000449,-0.000257,-0.000647,-0.003402,0.003486,-0.001141,0.003270,0.000573,-0.000349,0.000449,0.000726,-0.001358,0.001541,0.000050,0.001539,0.000733,-0.000691,0.000250,0.001024,0.001150,0.001533,-0.001508,0.000312,0.002246,-0.002249,0.000146,0.002172,7,1.39353,0.002246
2f1a34655a86a340,images/2f/2f1a34655a86a3405f2273939e932ca993639d1f93b47ce851036cafe9c9ab61.jpg,gen,genuine_population,hv_page_54612422f7,126711CHNR,gold_surround_variant,established_dealer,https://swisswatchexpo.com/watches/rolex-gmt-master-ii-root-beer-steel-rose-gold-mens-watch-126711-box-card-62670,,2f1a34655a86a3405f2273939e932ca993639d1f93b47ce851036cafe9c9ab61,https://cdn.swisswatchexpo.com/productphotos/7/8/rolex-gmt-master-ii-root-beer-steel-rose-gold-mens-watch-126711-box-card-62670_20bc4_md.jpg,harvest pose=GOOD decision=QUARANTINE,images/2f/2f1a34655a86a3405f2273939e932ca993639d1f93b47ce851036cafe9c9ab61.jpg,accepted,900,900,,true,266.13332,0.98612,0.15356,46,11,265.80509,true,9,-0.35281,-0.34413,0.49285,-0.11593,0.06076,true,,-0.35423,1.17384,-0.35786,1.16939,1.22292,-1.17384,-0.35423,1.28521,-1.26877,-0.22497,-0.25520,,1.00000,1.00000,-0.39465,-0.15043,-0.38002,true,,-0.75282,0.07873,-0.75519,0.07608,0.75901,0.07873,0.75282,0.68544,0.65260,0.18545,0.74620,,1.00000,1.00000,true,,-0.27225,-0.90039,-0.26490,-0.90493,0.94291,0.27225,0.90039,0.37824,0.15041,0.34635,-0.12807,,1.00000,1.00000,true,,-0.58046,-0.08811,-0.57837,-0.09011,0.58534,-0.21393,-0.54675,0.30834,-0.08168,-0.29823,,-0.04313,0.76389,0.98889,true,,-0.44211,-0.37636,-0.44095,-0.37852,0.58113,-0.19470,-0.54699,0.35950,0.19220,-0.30336,,0.02251,0.79167,0.82778,true,,-0.66029,-0.31150,-0.66123,-0.31703,0.73330,-0.72757,0.06038,0.05079,0.00052,-0.05052,,0.22849,0.95833,1.00000,false,hand/occluder crosses outline (clean 0.57),,,,,,,,,,,,,0.52778,0.56667,true,,-0.31862,-0.71708,-0.31479,-0.72592,0.79123,-0.46170,0.63447,0.11823,-0.09303,-0.07227,,0.24468,0.95833,1.00000,true,,-0.26454,-0.84293,-0.25829,-0.85036,0.88872,-0.19237,0.86227,0.17981,-0.07834,0.16041,,0.14160,0.97222,1.00000,true,,0.32622,-0.31923,0.32750,-0.31804,0.45652,-0.12290,0.43957,0.36058,-0.35006,0.09224,,0.01449,0.97222,1.00000,true,,0.11760,0.06297,0.11671,0.06327,0.13276,-0.11333,0.07036,0.33518,-0.33561,-0.02232,,0.00084,0.93056,0.99444,1098,-0.001333,0.004416,0.004601,-0.004416,-0.001333,0.004835,-0.004773,-0.000846,-0.002832,0.000296,0.002856,0.000296,0.002832,0.002579,0.002455,0.000698,-0.001024,-0.003387,0.003547,0.001024,0.003387,0.001423,0.000566,0.001303,-0.002184,-0.000331,0.002202,-0.000805,-0.002057,0.001160,-0.000307,-0.001122,-0.001663,-0.001416,0.002186,-0.000732,-0.002058,0.001352,0.000723,-0.001141,-0.002484,-0.001172,0.002759,-0.002737,0.000227,0.000191,0.000002,-0.000190,,,,,,,,,-0.001199,-0.002698,0.002977,-0.001737,0.002387,0.000445,-0.000350,-0.000272,-0.000995,-0.003171,0.003344,-0.000724,0.003244,0.000676,-0.000295,0.000603,0.001227,-0.001201,0.001717,-0.000462,0.001654,0.001357,-0.001317,0.000347,0.000442,0.000237,0.000499,-0.000426,0.000265,0.001261,-0.001263,-0.000084,0.001854,7,0.36058,0.001357
e83a47485e646330,images/e8/e83a47485e646330deb189cc252c0c41f688a25057a915fbb72510fe01e85951.jpg,gen,genuine_population,hv_page_54612422f7,126711CHNR,gold_surround_variant,established_dealer,https://swisswatchexpo.com/watches/rolex-gmt-master-ii-root-beer-steel-rose-gold-mens-watch-126711-box-card-62670,,e83a47485e646330deb189cc252c0c41f688a25057a915fbb72510fe01e85951,https://cdn.swisswatchexpo.com/productphotos/7/8/rolex-gmt-master-ii-root-beer-steel-rose-gold-mens-watch-126711-box-card-62670_c555e858aa_md.jpg,harvest pose=GOOD decision=QUARANTINE,images/e8/e83a47485e646330deb189cc252c0c41f688a25057a915fbb72510fe01e85951.jpg,missing,,,,,,,,,,,,,,,,,,,,,,,,,,,,,,,,,,,,,,,,,,,,,,,,,,,,,,,,,,,,,,,,,,,,,,,,,,,,,,,,,,,,,,,,,,,,,,,,,,,,,,,,,,,,,,,,,,,,,,,,,,,,,,,,,,,,,,,,,,,,,,,,,,,,,,,,,,,,,,,,,,,,,,,,,,,,,,,,,,,,,,,,,,,,,,,,,,,,,,,,,,,,,,,,,,,,,,,,,,,,,,,,,,,,,,,,,,,,,,,,,,,,,,,,,,,,,,,,,,,,,,,,,,,,,,,,,,,,,,,,,,,,,,,,,
c68ad7934502cfb2,images/c6/c68ad7934502cfb2edd17c2a91290b2b40ea7dd1e517c94122b4be9dac6a4674.jpg,gen,genuine_population,hv_page_57d486cff3,126710BLRO,primary_steel,established_dealer,https://bobswatches.com/mens-rolex-gmt-master-ii-ref-126710-pepsi.html,,c68ad7934502cfb2edd17c2a91290b2b40ea7dd1e517c94122b4be9dac6a4674,https://www.bobswatches.com/images/zUsed-Rolex-GMT-Master-II-126710-Black-Chromalight-Dial-SKU182961.jpg,harvest pose=CORRECTABLE decision=QUARANTINE,images/c6/c68ad7934502cfb2edd17c2a91290b2b40ea7dd1e517c94122b4be9dac6a4674.jpg,accepted,1412,2160,,true,432.70044,0.99350,0.12776,44,10,434.62059,true,9,-0.28978,-1.40022,1.42989,-0.02849,-0.02379,true,,-0.72642,-0.11454,-0.72575,-0.11588,0.73495,0.11454,-0.72642,1.21771,-1.18622,-0.29109,0.29121,,0.95238,1.00000,0.16984,0.45100,0.42925,true,,-0.07631,-0.46361,-0.07595,-0.46496,0.47112,-0.46361,0.07631,1.03544,1.02964,-0.07855,-0.02335,,0.57143,1.00000,true,,-1.04925,-1.33618,-1.04780,-1.33869,1.69999,1.04925,1.33618,0.85618,0.85164,0.07270,-0.01355,,1.00000,1.00000,true,,-0.67229,-1.37833,-0.67102,-1.37593,1.53083,0.85752,-1.27138,0.20372,-0.10847,-0.17273,,0.41830,0.95833,1.00000,false,hand/occluder crosses outline (clean 0.56),,,,,,,,,,,,,0.56944,0.56111,true,,-0.27026,-1.79321,-0.27069,-1.79532,1.81561,-1.13066,-1.41784,0.21905,-0.07802,-0.20452,,0.41456,0.93056,1.00000,true,,-0.53034,-1.82445,-0.53041,-1.82920,1.90455,-1.84519,-0.45294,0.41273,-0.38677,0.14148,,0.37394,0.93056,1.00000,true,,0.27840,-1.74359,0.28231,-1.74814,1.77079,-1.64920,0.63069,0.51406,-0.48189,-0.17462,,0.49856,1.00000,1.00000,true,,0.11322,-1.38691,0.11678,-1.38944,1.39434,-0.79151,1.14449,0.25271,-0.24310,-0.06661,,0.36539,0.97222,1.00000,true,,0.06435,-1.32721,0.06755,-1.32577,1.32749,0.60788,1.18157,0.35767,-0.24345,0.26159,,0.46098,0.88889,1.00000,true,,-0.08730,-1.19505,-0.08512,-1.19254,1.19558,1.07860,0.52192,0.28396,-0.17851,0.22083,,0.37424,0.95833,1.00000,1704,-0.001671,-0.000264,0.001691,0.000264,-0.001671,0.002802,-0.002729,-0.000670,-0.000176,-0.001067,0.001084,-0.001067,0.000176,0.002382,0.002369,-0.000181,-0.002414,-0.003074,0.003911,0.002414,0.003074,0.001970,0.001960,0.000167,-0.001547,-0.003171,0.003522,0.001973,-0.002925,0.000469,-0.000250,-0.000397,,,,,,,,,-0.000622,-0.004126,0.004177,-0.002601,-0.003262,0.000504,-0.000180,-0.000471,-0.001220,-0.004198,0.004382,-0.004246,-0.001042,0.000950,-0.000890,0.000326,0.000641,-0.004012,0.004074,-0.003795,0.001451,0.001183,-0.001109,-0.000402,0.000261,-0.003191,0.003208,-0.001821,0.002633,0.000581,-0.000559,-0.000153,0.000148,-0.003054,0.003054,0.001399,0.002719,0.000823,-0.000560,0.000602,-0.000201,-0.002750,0.002751,0.002482,0.001201,0.000653,-0.000411,0.000508,0.003290,7,0.51406,0.001183
708ff4c725496d44,images/70/708ff4c725496d4472e69992735e87eef4763157208025e978586fb0fbad0a08.jpg,gen,genuine_population,hv_page_58aba667cf,126710GRNR,primary_steel,established_dealer,https://bobswatches.com/mens-rolex-gmt-master-ii-ref-126710grnr-jubilee.html,,708ff4c725496d4472e69992735e87eef4763157208025e978586fb0fbad0a08,https://www.bobswatches.com/images/zUsed-Rolex-GMT-Master-II-126710-Black-Dial-SKU182968.jpg,harvest pose=CORRECTABLE decision=QUARANTINE,images/70/708ff4c725496d4472e69992735e87eef4763157208025e978586fb0fbad0a08.jpg,accepted,1412,2160,,true,434.36680,0.98761,0.14440,44,11,434.63051,true,9,-0.14052,-0.10672,0.17645,0.09634,0.08054,true,,-0.02238,1.19630,-0.03225,1.19368,1.19411,-1.19630,-0.02238,1.67423,-1.63643,-0.36927,0.10202,,1.00000,1.00000,-0.03955,0.27260,0.20612,true,,-0.75000,0.56516,-0.75580,0.56065,0.94104,0.56516,0.75000,0.38490,0.35451,0.14734,0.33636,,0.80952,1.00000,true,,-1.44960,-0.56628,-1.44556,-0.57859,1.55705,1.44960,0.56628,0.99301,0.99209,-0.00055,0.06156,,1.00000,0.96667,false,hand/occluder crosses outline (clean 0.61),,,,,,,,,,,,,0.54167,0.60556,true,,0.20598,0.09977,0.20510,0.10138,0.22879,0.12851,0.18939,0.20306,-0.14217,-0.14512,,0.41922,0.90278,1.00000,true,,-0.15098,0.64523,-0.15571,0.64486,0.66339,0.19186,0.63427,0.16081,0.02670,0.15842,,0.53535,0.84722,1.00000,true,,-0.15229,0.21997,-0.15414,0.21926,0.26802,0.11435,0.24187,0.33108,-0.06392,-0.32435,,0.59479,0.90278,1.00000,true,,-0.57596,-0.16417,-0.57547,-0.16921,0.59983,0.14580,0.58088,0.19660,-0.17382,-0.09085,,0.54077,0.91667,1.00000,true,,-0.07823,-0.59234,-0.07281,-0.59405,0.59850,-0.22842,0.55210,0.64848,-0.63839,-0.10651,,0.55581,0.97222,1.00000,true,,-0.34032,-0.82750,-0.33268,-0.82985,0.89405,0.70847,0.54648,0.19508,0.19298,0.02921,,0.55325,0.90278,1.00000,true,,0.64162,-0.42815,0.64515,-0.42200,0.77091,0.04998,0.76973,0.56722,-0.45240,0.34282,,0.50777,0.88889,0.99444,1920,-0.000051,0.002752,0.002747,-0.002752,-0.000051,0.003852,-0.003765,-0.000850,-0.001726,0.001300,0.002165,0.001300,0.001726,0.000886,0.000816,0.000339,-0.003335,-0.001303,0.003582,0.003335,0.001303,0.002285,0.002283,-0.000001,,,,,,,,,0.000474,0.000230,0.000526,0.000296,0.000436,0.000467,-0.000327,-0.000334,-0.000347,0.001485,0.001526,0.000441,0.001459,0.000370,0.000061,0.000364,-0.000350,0.000506,0.000617,0.000263,0.000556,0.000762,-0.000147,-0.000746,-0.001325,-0.000378,0.001380,0.000335,0.001336,0.000452,-0.000400,-0.000209,-0.000180,-0.001363,0.001377,-0.000526,0.001270,0.001492,-0.001469,-0.000245,-0.000783,-0.001904,0.002057,0.001630,0.001257,0.000449,0.000444,0.000067,0.001476,-0.000985,0.001774,0.000115,0.001771,0.001305,-0.001041,0.000789,0.000406,7,0.64848,0.001492
7bd6fe4932a1eaf0,images/7b/7bd6fe4932a1eaf0eb4067f2822370f94929a1eed97d5a33944e3177d91e63ac.jpg,gen,genuine_population,hv_page_592b43d499,126710GRNR,primary_steel,established_dealer,https://bobswatches.com/rolex-gmt-master-ii-jubilee-band-126710grnr-bruce-wayne.html,,7bd6fe4932a1eaf0eb4067f2822370f94929a1eed97d5a33944e3177d91e63ac,https://www.bobswatches.com/images/zUsed-Rolex-GMT-Master-II-126710-Black-Dial-SKU182989.jpg,harvest pose=CORRECTABLE decision=QUARANTINE,images/7b/7bd6fe4932a1eaf0eb4067f2822370f94929a1eed97d5a33944e3177d91e63ac.jpg,missing,,,,,,,,,,,,,,,,,,,,,,,,,,,,,,,,,,,,,,,,,,,,,,,,,,,,,,,,,,,,,,,,,,,,,,,,,,,,,,,,,,,,,,,,,,,,,,,,,,,,,,,,,,,,,,,,,,,,,,,,,,,,,,,,,,,,,,,,,,,,,,,,,,,,,,,,,,,,,,,,,,,,,,,,,,,,,,,,,,,,,,,,,,,,,,,,,,,,,,,,,,,,,,,,,,,,,,,,,,,,,,,,,,,,,,,,,,,,,,,,,,,,,,,,,,,,,,,,,,,,,,,,,,,,,,,,,,,,,,,,,,,,,,,,,
6d02e5958a9b0e47,images/6d/6d02e5958a9b0e47ab80528159098c6e6fd265d6e78dad64899f7f543fa52424.jpg,gen,genuine_population,hv_page_59f9bfc2f2,126711CHNR,gold_surround_variant,established_dealer,https://bobswatches.com/pre-owned-rolex-gmt-master-ii-ref-126711-two-tone-everose.html,,6d02e5958a9b0e47ab80528159098c6e6fd265d6e78dad64899f7f543fa52424,https://www.bobswatches.com/images/zUsed-Rolex-GMT-Master-II-126711-Black-Chromalight-Dial-SKU180140.jpg,harvest pose=CORRECTABLE decision=QUARANTINE,images/6d/6d02e5958a9b0e47ab80528159098c6e6fd265d6e78dad64899f7f543fa52424.jpg,missing,,,,,,,,,,,,,,,,,,,,,,,,,,,,,,,,,,,,,,,,,,,,,,,,,,,,,,,,,,,,,,,,,,,,,,,,,,,,,,,,,,,,,,,,,,,,,,,,,,,,,,,,,,,,,,,,,,,,,,,,,,,,,,,,,,,,,,,,,,,,,,,,,,,,,,,,,,,,,,,,,,,,,,,,,,,,,,,,,,,,,,,,,,,,,,,,,,,,,,,,,,,,,,,,,,,,,,,,,,,,,,,,,,,,,,,,,,,,,,,,,,,,,,,,,,,,,,,,,,,,,,,,,,,,,,,,,,,,,,,,,,,,,,,,,
9b6e4919c0ab2400,images/9b/9b6e4919c0ab240059a3415e2ead95a9e8a648ab16c6ccb7c46c2e6e7270ee1c.jpg,gen,genuine_population,hv_page_5f877e5c96,126710BLNR,primary_steel,established_dealer,https://bobswatches.com/rolex-gmt-master-ii-ref-126710-batman-new-model.html,,9b6e4919c0ab240059a3415e2ead95a9e8a648ab16c6ccb7c46c2e6e7270ee1c,https://www.bobswatches.com/images/zRolex-GMT-Master-II-116710---132036.jpg,harvest pose=GOOD decision=QUARANTINE,images/9b/9b6e4919c0ab240059a3415e2ead95a9e8a648ab16c6ccb7c46c2e6e7270ee1c.jpg,missing,,,,,,,,,,,,,,,,,,,,,,,,,,,,,,,,,,,,,,,,,,,,,,,,,,,,,,,,,,,,,,,,,,,,,,,,,,,,,,,,,,,,,,,,,,,,,,,,,,,,,,,,,,,,,,,,,,,,,,,,,,,,,,,,,,,,,,,,,,,,,,,,,,,,,,,,,,,,,,,,,,,,,,,,,,,,,,,,,,,,,,,,,,,,,,,,,,,,,,,,,,,,,,,,,,,,,,,,,,,,,,,,,,,,,,,,,,,,,,,,,,,,,,,,,,,,,,,,,,,,,,,,,,,,,,,,,,,,,,,,,,,,,,,,,
fcb2c12c29a4aa93,images/fc/fcb2c12c29a4aa93bf31026b37d5ce2b605bf10036210135a3799de16adea14e.jpg,gen,genuine_population,hv_page_5fbae827e0,126713GRNR,gold_surround_variant,established_dealer,https://bobswatches.com/used-two-tone-rolex-gmt-master-ii-zombie-126713grnr.html,,fcb2c12c29a4aa93bf31026b37d5ce2b605bf10036210135a3799de16adea14e,https://www.bobswatches.com/images/zUsed-Rolex-GMT-Master-II-126713-SKU186508.jpg,harvest pose=CORRECTABLE decision=QUARANTINE,images/fc/fcb2c12c29a4aa93bf31026b37d5ce2b605bf10036210135a3799de16adea14e.jpg,missing,,,,,,,,,,,,,,,,,,,,,,,,,,,,,,,,,,,,,,,,,,,,,,,,,,,,,,,,,,,,,,,,,,,,,,,,,,,,,,,,,,,,,,,,,,,,,,,,,,,,,,,,,,,,,,,,,,,,,,,,,,,,,,,,,,,,,,,,,,,,,,,,,,,,,,,,,,,,,,,,,,,,,,,,,,,,,,,,,,,,,,,,,,,,,,,,,,,,,,,,,,,,,,,,,,,,,,,,,,,,,,,,,,,,,,,,,,,,,,,,,,,,,,,,,,,,,,,,,,,,,,,,,,,,,,,,,,,,,,,,,,,,,,,,,
84aa128bff06f3d7,images/84/84aa128bff06f3d7a32fa5ec9a04e900b4f32bba137623621fad030b82246775.jpg,gen,genuine_population,hv_page_62d53b2c8a,126710GRNR,primary_steel,rolex_cpo,https://watches-of-switzerland.co.uk/Rolex/GMT+Master-II-M126710GRNR+0003/p/17305603,,84aa128bff06f3d7a32fa5ec9a04e900b4f32bba137623621fad030b82246775,https://content.thewosgroup.com/productimage/17305603/17305603_2.png?impolicy=hero-rolex,harvest pose=CORRECTABLE decision=ACCEPT,images/84/84aa128bff06f3d7a32fa5ec9a04e900b4f32bba137623621fad030b82246775.jpg,accepted,1080,1080,,true,141.48219,0.99211,0.23593,46,11,142.49451,true,7,-0.04308,-0.25583,0.25943,-0.07640,-0.02039,true,,0.29029,0.76358,0.28987,0.75708,0.81067,-0.76358,0.29029,0.99818,-0.93369,0.37387,-0.02207,,1.00000,1.00000,0.07381,-0.05775,0.19817,false,hand/occluder crosses outline (clean 0.70),,,,,,,,,,,,,1.00000,0.70000,true,,0.25665,0.09835,0.25657,0.09792,0.27462,-0.25665,-0.09835,0.38308,-0.21749,-0.31719,-0.34575,,0.95238,1.00000,true,,-0.08631,-0.02816,-0.08620,-0.02796,0.09062,-0.01877,-0.08883,0.17541,-0.13142,0.11823,,0.14071,0.81944,1.00000,false,hand/occluder crosses outline (clean 0.63),,,,,,,,,,,,,0.69444,0.62778,true,,-0.14524,-0.39185,-0.14602,-0.39057,0.41697,-0.32170,-0.26673,0.07159,-0.06736,-0.02437,,0.11584,0.91667,1.00000,false,outline coverage 0.58; 8/8 octants,,,,,,,,,,,,,0.58333,0.81667,true,,-0.01636,-0.34651,-0.01610,-0.34588,0.34625,-0.29191,0.18743,0.06286,-0.00227,0.06279,,0.07343,0.93056,1.00000,true,,0.06910,-0.29095,0.06963,-0.29003,0.29827,-0.20532,0.21742,0.02931,-0.02556,0.01444,,0.10632,0.79167,1.00000,true,,-0.12338,-0.26543,-0.12290,-0.26366,0.29089,0.23956,0.16818,0.16193,0.16221,0.00825,,-0.38637,0.87500,1.00000,true,,-0.06785,-0.44830,-0.06738,-0.44466,0.44973,0.42216,0.16539,0.28798,0.26646,0.11534,,-0.50002,0.88889,1.00000,745,0.002037,0.005359,0.005689,-0.005359,0.002037,0.007005,-0.006552,0.002624,,,,,,,,,0.001801,0.000690,0.001927,-0.001801,-0.000690,0.002688,-0.001526,-0.002226,-0.000606,-0.000198,0.000636,-0.000132,-0.000623,0.001231,-0.000922,0.000830,,,,,,,,,-0.001019,-0.002750,0.002926,-0.002258,-0.001872,0.000502,-0.000473,-0.000171,,,,,,,,,-0.000115,-0.002432,0.002430,-0.002049,0.001315,0.000441,-0.000016,0.000441,0.000485,-0.002042,0.002093,-0.001441,0.001526,0.000206,-0.000179,0.000101,-0.000866,-0.001863,0.002041,0.001681,0.001180,0.001136,0.001138,0.000058,-0.000476,-0.003146,0.003156,0.002963,0.001161,0.002021,0.001870,0.000809,0.001821,6,0.28798,0.002021
c5f55ae2950cbedf,images/c5/c5f55ae2950cbedf56b816aaebf672de9d5dc079aa25091879ca423f8fb4d354.jpg,gen,genuine_population,hv_page_9f89f27cf4,126713GRNR,gold_surround_variant,established_dealer,https://bobswatches.com/rolex/gmt_master_ii-black,,c5f55ae2950cbedf56b816aaebf672de9d5dc079aa25091879ca423f8fb4d354,"https://www.bobswatches.com/cdn-cgi/image/fit=contain,sharpen=0.33,height=640,quality=82,format=jpeg/images/Used-Rolex-GMT-Master-II-126710-SKU192809.jpg",harvest pose=CORRECTABLE decision=REJECT,images/c5/c5f55ae2950cbedf56b816aaebf672de9d5dc079aa25091879ca423f8fb4d354.jpg,accepted,418,640,,true,127.96322,0.99696,0.15756,45,11,128.68435,true,10,-0.00731,-0.56491,0.56495,-0.00656,0.00373,true,,-0.12735,0.29772,-0.12793,0.29469,0.32126,-0.29772,-0.12735,0.85883,-0.85708,-0.12493,-0.68551,,1.00000,0.93333,-0.88754,-0.36775,-0.27395,true,,0.13514,-0.45849,0.13705,-0.45976,0.47975,-0.45849,-0.13514,0.18956,0.11398,-0.15059,-0.41379,,1.00000,0.93333,true,,-0.20209,-0.49235,-0.19917,-0.49215,0.53092,0.20209,0.49235,0.21507,0.19935,-0.08008,1.16650,,1.00000,0.80000,true,,0.12048,-0.50271,0.12094,-0.49829,0.51276,0.49560,-0.14701,0.13777,0.01676,0.13712,,0.39843,1.00000,1.00000,true,,0.01690,-0.58383,0.01710,-0.58052,0.58077,0.30655,-0.49716,0.03913,0.03826,-0.00916,,0.42400,0.86111,0.95556,true,,-0.17247,-0.50150,-0.17252,-0.50258,0.53137,-0.40011,-0.34808,0.16610,-0.10230,0.13080,,0.31763,0.88889,1.00000,true,,0.02177,-0.87695,0.02322,-0.87978,0.88009,-0.74858,-0.45733,0.31189,-0.24690,-0.18899,,0.40443,0.93056,1.00000,true,,-0.07143,-0.59051,-0.06881,-0.59285,0.59683,-0.47568,0.35712,0.06189,0.01688,0.05935,,0.40562,1.00000,1.00000,true,,-0.06749,-0.53709,-0.06441,-0.53801,0.54185,-0.21010,0.49888,0.07218,0.07191,-0.00275,,0.39273,1.00000,1.00000,true,,0.05749,-0.56670,0.06082,-0.56353,0.56680,0.23357,0.51952,0.05723,-0.05052,0.02701,,0.43287,1.00000,1.00000,true,,0.07055,-0.56358,0.07308,-0.55900,0.56375,0.45280,0.34288,0.07017,-0.03516,0.06092,,0.47052,0.79167,0.92222,791,-0.000990,0.002314,0.002496,-0.002314,-0.000990,0.006674,-0.006660,-0.000971,0.001050,-0.003563,0.003728,-0.003563,-0.001050,0.001473,0.000886,-0.001170,-0.001570,-0.003826,0.004126,0.001570,0.003826,0.001671,0.001549,-0.000622,0.000936,-0.003907,0.003985,0.003851,-0.001142,0.001071,0.000130,0.001066,0.000131,-0.004537,0.004513,0.002382,-0.003863,0.000304,0.000297,-0.000071,-0.001340,-0.003897,0.004129,-0.003109,-0.002705,0.001291,-0.000795,0.001016,0.000169,-0.006815,0.006839,-0.005817,-0.003554,0.002424,-0.001919,-0.001469,-0.000555,-0.004589,0.004638,-0.003696,0.002775,0.000481,0.000131,0.000461,-0.000524,-0.004174,0.004211,-0.001633,0.003877,0.000561,0.000559,-0.000021,0.000447,-0.004404,0.004405,0.001815,0.004037,0.000445,-0.000393,0.000210,0.000548,-0.004380,0.004381,0.003519,0.002665,0.000545,-0.000273,0.000473,0.004390,8,0.31189,0.002424
16a03b0b59f31090,images/16/16a03b0b59f310904995d9a0faa1790341a7151a01d2a626bb2baa975cd32e92.jpg,gen,genuine_population,hv_page_678e2afb99,126713GRNR,gold_surround_variant,established_dealer,https://bobswatches.com/rolex-gmt-master-ii-ref-126713grnr-zombie.html,,16a03b0b59f310904995d9a0faa1790341a7151a01d2a626bb2baa975cd32e92,https://www.bobswatches.com/images/zUsed-Rolex-GMT-Master-II-126713-Black-Chromalight-Dial-SKU180649.jpg,harvest pose=CORRECTABLE decision=QUARANTINE,images/16/16a03b0b59f310904995d9a0faa1790341a7151a01d2a626bb2baa975cd32e92.jpg,missing,,,,,,,,,,,,,,,,,,,,,,,,,,,,,,,,,,,,,,,,,,,,,,,,,,,,,,,,,,,,,,,,,,,,,,,,,,,,,,,,,,,,,,,,,,,,,,,,,,,,,,,,,,,,,,,,,,,,,,,,,,,,,,,,,,,,,,,,,,,,,,,,,,,,,,,,,,,,,,,,,,,,,,,,,,,,,,,,,,,,,,,,,,,,,,,,,,,,,,,,,,,,,,,,,,,,,,,,,,,,,,,,,,,,,,,,,,,,,,,,,,,,,,,,,,,,,,,,,,,,,,,,,,,,,,,,,,,,,,,,,,,,,,,,,
5ce1990b5d31c023,images/5c/5ce1990b5d31c0235f5d5832e73dd2731c407556a639b58d253eb3892b19ca02.jpg,gen,genuine_population,hv_page_69c6376d85,126713GRNR,gold_surround_variant,established_dealer,https://bobswatches.com/rolex-gmt-master-ii-ref-126713grnr-jubilee.html,,5ce1990b5d31c0235f5d5832e73dd2731c407556a639b58d253eb3892b19ca02,https://www.bobswatches.com/images/zUsed-Rolex-GMT-Master-II-126713-SKU181494.jpg,harvest pose=GOOD decision=QUARANTINE,images/5c/5ce1990b5d31c0235f5d5832e73dd2731c407556a639b58d253eb3892b19ca02.jpg,missing,,,,,,,,,,,,,,,,,,,,,,,,,,,,,,,,,,,,,,,,,,,,,,,,,,,,,,,,,,,,,,,,,,,,,,,,,,,,,,,,,,,,,,,,,,,,,,,,,,,,,,,,,,,,,,,,,,,,,,,,,,,,,,,,,,,,,,,,,,,,,,,,,,,,,,,,,,,,,,,,,,,,,,,,,,,,,,,,,,,,,,,,,,,,,,,,,,,,,,,,,,,,,,,,,,,,,,,,,,,,,,,,,,,,,,,,,,,,,,,,,,,,,,,,,,,,,,,,,,,,,,,,,,,,,,,,,,,,,,,,,,,,,,,,,
56da938a17284e9f,images/56/56da938a17284e9fcdba11d009dbaffff4b6172dc7abd95c74ba679fbad458d5.jpg,gen,genuine_population,hv_page_6ad6cace26,126713GRNR,gold_surround_variant,established_dealer,https://bobswatches.com/188213-used-two-tone-rolex-gmt-master-ii-zombie-ref-126713grnr.html,,56da938a17284e9fcdba11d009dbaffff4b6172dc7abd95c74ba679fbad458d5,https://www.bobswatches.com/images/z188213-Used-Rolex-GMT-Master-II-126713-SKU188213-Black-Dial.jpg,harvest pose=CORRECTABLE decision=QUARANTINE,images/56/56da938a17284e9fcdba11d009dbaffff4b6172dc7abd95c74ba679fbad458d5.jpg,missing,,,,,,,,,,,,,,,,,,,,,,,,,,,,,,,,,,,,,,,,,,,,,,,,,,,,,,,,,,,,,,,,,,,,,,,,,,,,,,,,,,,,,,,,,,,,,,,,,,,,,,,,,,,,,,,,,,,,,,,,,,,,,,,,,,,,,,,,,,,,,,,,,,,,,,,,,,,,,,,,,,,,,,,,,,,,,,,,,,,,,,,,,,,,,,,,,,,,,,,,,,,,,,,,,,,,,,,,,,,,,,,,,,,,,,,,,,,,,,,,,,,,,,,,,,,,,,,,,,,,,,,,,,,,,,,,,,,,,,,,,,,,,,,,,
c399d2c9539f9537,images/c3/c399d2c9539f95371c59edd8a1e24b358e8ed29f01f2752a2c06151c84a5631c.jpg,gen,genuine_population,hv_page_6c7e84c33d,126710BLRO,primary_steel,established_dealer,https://bobswatches.com/pre-owned-rolex-gmt-master-ii-ref-126710blro-red-and-blue-pepsi-jubilee-band.html,,c399d2c9539f95371c59edd8a1e24b358e8ed29f01f2752a2c06151c84a5631c,https://www.bobswatches.com/images/zUsed-Rolex-GMT-Master-II-126710-SKU190579.jpg,harvest pose=CORRECTABLE decision=QUARANTINE,images/c3/c399d2c9539f95371c59edd8a1e24b358e8ed29f01f2752a2c06151c84a5631c.jpg,accepted,1412,2160,,true,431.41781,0.99900,0.18680,44,11,433.73271,true,9,0.65475,-1.67913,1.80226,-0.04190,-0.05662,true,,0.13492,0.11056,0.13363,0.11145,0.17400,-0.11056,0.13492,1.65160,-1.65492,-0.16008,-0.18503,,1.00000,1.00000,-0.36602,0.04244,-0.01890,true,,0.76737,-1.01073,0.77974,-1.00509,1.27209,-1.01073,-0.76737,0.84077,0.81607,0.19377,0.37754,,0.76190,0.93333,true,,0.35326,-1.39497,0.37091,-1.38919,1.43786,-0.35326,1.39497,0.42339,0.42147,0.02901,-0.05450,,1.00000,1.00000,true,,0.00197,-2.11945,0.02033,-2.10593,2.10602,1.83649,-1.05802,0.46182,0.20221,-0.41698,,0.40989,0.94444,1.00000,true,,0.63616,-1.91087,0.65006,-1.89412,2.00257,1.50636,-1.33678,0.30036,0.25717,0.15603,,0.57976,0.77778,0.95556,true,,0.26246,-2.26789,0.28046,-2.26458,2.28189,-0.90665,-2.09528,0.46842,-0.46626,0.03505,,0.42655,0.88889,1.00000,true,,0.57755,-2.11835,0.59730,-2.11602,2.19870,-1.54577,-1.55935,0.31534,-0.25361,0.18590,,0.52145,0.83333,1.00000,true,,1.19893,-1.45199,1.21942,-1.44289,1.88915,-1.85692,-0.31231,0.26752,0.07275,-0.25664,,0.34645,0.93056,1.00000,true,,1.63423,-1.60894,1.65887,-1.59279,2.29974,-2.21975,0.57627,0.71253,-0.67516,-0.21984,,0.33523,0.93056,1.00000,true,,0.99436,-1.43870,1.01241,-1.42185,1.74546,-0.14179,1.74313,0.42224,-0.28678,0.30951,,0.32993,0.93056,1.00000,false,hand/occluder crosses outline (clean 0.57),,,,,,,,,,,,,0.51389,0.56667,1891,0.000311,0.000255,0.000401,-0.000255,0.000311,0.003808,-0.003816,-0.000369,0.001769,-0.002330,0.002933,-0.002330,-0.001769,0.001938,0.001882,0.000447,0.000814,-0.003216,0.003315,-0.000814,0.003216,0.000976,0.000972,0.000067,0.000005,-0.004887,0.004856,0.004234,-0.002439,0.001065,0.000466,-0.000961,0.001467,-0.004406,0.004617,0.003473,-0.003082,0.000693,0.000593,0.000360,0.000605,-0.005229,0.005261,-0.002090,-0.004831,0.001080,-0.001075,0.000081,0.001332,-0.004884,0.005069,-0.003564,-0.003595,0.000727,-0.000585,0.000429,0.002764,-0.003348,0.004356,-0.004281,-0.000720,0.000617,0.000168,-0.000592,0.003768,-0.003710,0.005302,-0.005118,0.001329,0.001643,-0.001557,-0.000507,0.002293,-0.003317,0.004024,-0.000327,0.004019,0.000974,-0.000661,0.000714,,,,,,,,,0.004155,7,0.71253,0.001643
f657ad6292dd4d3c,images/f6/f657ad6292dd4d3cbabbcad166911496fec6b7e8a097def9648f9e4e61aea241.jpg,gen,genuine_population,hv_page_6d3d310e79,126711CHNR,gold_surround_variant,auction_house,https://phillips.com/detail/rolex/HK080524/944,,f657ad6292dd4d3cbabbcad166911496fec6b7e8a097def9648f9e4e61aea241,https://dist.phillips.com/auction-assets/HK080524/209762_001.jpg?fit=cover&optimize=medium&width=1302,harvest pose=CORRECTABLE decision=ACCEPT,images/f6/f657ad6292dd4d3cbabbcad166911496fec6b7e8a097def9648f9e4e61aea241.jpg,accepted,1302,1781,,true,352.49568,0.97938,0.17461,44,11,332.81220,true,8,-1.32347,0.09882,1.32715,-0.14194,0.03556,true,,-1.85643,1.79290,-1.84266,1.83438,2.60006,-1.79290,-1.85643,1.50686,-1.31600,-0.68757,-0.90457,,1.00000,1.00000,-0.89582,-0.71892,-0.20290,true,,-1.63738,0.67388,-1.62432,0.67295,1.75821,0.67388,1.63738,0.95767,0.93122,0.14748,0.59396,,0.90476,1.00000,true,,-1.32677,-0.09866,-1.30091,-0.10213,1.30491,1.32677,0.09866,0.34546,0.34955,0.04206,0.06666,,0.95238,1.00000,true,,-1.55475,0.36407,-1.55281,0.37796,1.59815,-1.09267,-1.16442,0.23257,0.04432,-0.22677,,-0.08757,0.97222,1.00000,false,hand/occluder crosses outline (clean 0.69),,,,,,,,,,,,,0.63889,0.68889,false,hand/occluder crosses outline (clean 0.59),,,,,,,,,,,,,0.40278,0.59444,true,,-1.66150,-0.64942,-1.65841,-0.67520,1.79060,-1.39316,1.11420,0.51064,-0.42829,-0.25859,,0.10807,0.87500,1.00000,true,,-1.34074,-0.49450,-1.32145,-0.51137,1.41695,0.24212,1.40837,0.18785,-0.12693,0.13495,,0.04478,0.91667,1.00000,true,,-0.74826,-0.36700,-0.73417,-0.37514,0.82446,0.46451,0.69196,0.35499,-0.35642,-0.05683,,-0.04775,0.87500,1.00000,true,,-0.73291,0.12914,-0.71930,0.13184,0.73128,0.57015,-0.47829,0.18195,-0.15141,0.10684,,0.01952,0.94444,1.00000,true,,-0.80332,0.43399,-0.79218,0.44362,0.90794,0.02581,-0.91269,0.20928,-0.17112,0.12432,,-0.01069,0.91667,1.00000,1349,-0.005578,0.005387,0.007812,-0.005387,-0.005578,0.004528,-0.003954,-0.002066,-0.004920,0.002025,0.005283,0.002025,0.004920,0.002878,0.002798,0.000443,-0.003987,-0.000296,0.003921,0.003987,0.000296,0.001038,0.001050,0.000126,-0.004672,0.001094,0.004802,-0.003283,-0.003499,0.000699,0.000133,-0.000681,,,,,,,,,,,,,,,,,-0.004992,-0.001951,0.005380,-0.004186,0.003348,0.001534,-0.001287,-0.000777,-0.004029,-0.001486,0.004258,0.000727,0.004232,0.000564,-0.000381,0.000405,-0.002248,-0.001103,0.002477,0.001396,0.002079,0.001067,-0.001071,-0.000171,-0.002202,0.000388,0.002197,0.001713,-0.001437,0.000547,-0.000455,0.000321,-0.002414,0.001304,0.002728,0.000078,-0.002742,0.000629,-0.000514,0.000374,0.003988,6,0.51064,0.001534
56382dd3f82b79fd,images/56/56382dd3f82b79fdbae0e2d498ff1205b6137fbe5506d3c5db7d5005f1f27573.jpg,gen,genuine_population,hv_page_6d3d310e79,126711CHNR,gold_surround_variant,auction_house,https://phillips.com/detail/rolex/HK080524/944,,56382dd3f82b79fdbae0e2d498ff1205b6137fbe5506d3c5db7d5005f1f27573,https://dist.phillips.com/auction-assets/HK080524/209762_001.jpg?fit=cover&offset-x=50&offset-y=100&width=928,harvest pose=CORRECTABLE decision=ACCEPT,images/56/56382dd3f82b79fdbae0e2d498ff1205b6137fbe5506d3c5db7d5005f1f27573.jpg,accepted,928,1270,,true,251.04703,0.98404,0.12840,44,11,237.15098,true,8,-0.87008,0.08090,0.87383,-0.12113,0.02950,true,,-1.18709,1.36805,-1.17867,1.39985,1.82999,-1.36805,-1.18709,1.15340,-1.05764,-0.40784,-0.80925,,0.95238,1.00000,-0.86052,-0.73218,-0.71587,true,,-0.92599,0.58425,-0.91875,0.58778,1.09068,0.58425,0.92599,0.73489,0.72030,-0.04306,0.45106,,0.90476,1.00000,true,,-0.93152,-0.09939,-0.91365,-0.10218,0.91935,0.93152,0.09939,0.28104,0.27158,0.08802,-0.29137,,0.95238,1.00000,true,,-1.11969,0.27927,-1.11844,0.28987,1.15539,-0.80170,-0.83005,0.21852,-0.05978,-0.21037,,0.00218,0.87500,1.00000,false,hand/occluder crosses outline (clean 0.73),,,,,,,,,,,,,0.58333,0.73333,false,hand/occluder crosses outline (clean 0.65),,,,,,,,,,,,,0.41667,0.65000,true,,-1.03524,-0.41875,-1.03322,-0.43514,1.12112,-0.88027,0.68717,0.35688,-0.27839,-0.21188,,0.17668,0.88889,1.00000,true,,-0.94329,-0.32474,-0.92986,-0.33632,0.98882,0.19041,0.97928,0.18372,-0.08454,0.16108,,0.11788,0.95833,1.00000,true,,-0.54785,-0.25283,-0.53768,-0.25871,0.59669,0.34804,0.49289,0.21762,-0.21827,0.02522,,0.08979,0.86111,1.00000,true,,-0.44724,0.08142,-0.43908,0.08320,0.44689,0.34661,-0.29413,0.17724,-0.13885,0.11504,,0.11183,0.93056,1.00000,true,,-0.53479,0.31651,-0.52754,0.32364,0.61890,-0.00671,-0.62140,0.16101,-0.14164,0.07913,,0.09031,0.95833,1.00000,1183,-0.005006,0.005769,0.007717,-0.005769,-0.005006,0.004864,-0.004460,-0.001720,-0.003905,0.002464,0.004599,0.002464,0.003905,0.003099,0.003037,-0.000182,-0.003928,-0.000419,0.003877,0.003928,0.000419,0.001185,0.001145,0.000371,-0.004721,0.001178,0.004872,-0.003381,-0.003500,0.000921,-0.000252,-0.000887,,,,,,,,,,,,,,,,,-0.004365,-0.001766,0.004727,-0.003712,0.002898,0.001505,-0.001174,-0.000893,-0.003978,-0.001369,0.004170,0.000803,0.004129,0.000775,-0.000356,0.000679,-0.002310,-0.001066,0.002516,0.001468,0.002078,0.000918,-0.000920,0.000106,-0.001886,0.000343,0.001884,0.001462,-0.001240,0.000747,-0.000585,0.000485,-0.002255,0.001335,0.002610,-0.000028,-0.002620,0.000679,-0.000597,0.000334,0.003685,6,0.35688,0.001505
7fc62dec9c35f7d5,images/7f/7fc62dec9c35f7d51a5596ec6617bf5a8fb7ab134bf32808f66fafa317d12841.jpg,gen,genuine_population,hv_page_6d3d310e79,126711CHNR,gold_surround_variant,auction_house,https://phillips.com/detail/rolex/HK080524/944,,7fc62dec9c35f7d51a5596ec6617bf5a8fb7ab134bf32808f66fafa317d12841,https://dist.phillips.com/auction-assets/HK080524/209762_001.jpg?bg-color=0&pad=0&fit=bounds&disable-upscale&height=4000&optimize=medium&width=2000,harvest pose=CORRECTABLE decision=ACCEPT,images/7f/7fc62dec9c35f7d51a5596ec6617bf5a8fb7ab134bf32808f66fafa317d12841.jpg,accepted,1500,2052,,true,406.30931,0.97773,0.16842,44,11,383.37382,true,8,-1.56437,0.13445,1.57014,-0.14487,0.03272,true,,-2.14418,1.96398,-2.12855,2.01068,2.92807,-1.96398,-2.14418,1.59525,-1.38522,-0.74243,-0.89527,,0.95238,1.00000,-0.90477,-0.70897,-0.25760,true,,-1.86556,0.90257,-1.85039,0.90355,2.05921,0.90257,1.86556,1.21286,1.18706,0.12352,0.33606,,0.85714,1.00000,true,,-1.47170,-0.15538,-1.44309,-0.15991,1.45192,1.47170,0.15538,0.33342,0.31436,0.12496,-0.06288,,0.95238,1.00000,true,,-1.86572,0.42216,-1.86370,0.43854,1.91460,-1.29846,-1.40468,0.29252,0.05816,-0.28460,,-0.15832,0.95833,1.00000,false,hand/occluder crosses outline (clean 0.69),,,,,,,,,,,,,0.59722,0.68889,false,hand/occluder crosses outline (clean 0.53),,,,,,,,,,,,,0.34722,0.52778,true,,-1.95359,-0.71240,-1.94965,-0.74163,2.08594,-1.59375,1.33566,0.55653,-0.47078,-0.27522,,0.13908,0.84722,1.00000,true,,-1.64404,-0.46741,-1.62026,-0.48613,1.69161,0.41723,1.65749,0.18548,-0.03652,0.18150,,0.11785,0.84722,1.00000,true,,-0.91284,-0.39175,-0.89568,-0.40104,0.98137,0.59467,0.79568,0.38420,-0.38682,-0.05381,,-0.06058,0.86111,1.00000,true,,-0.87758,0.27272,-0.86134,0.27745,0.90492,0.62365,-0.67497,0.22529,-0.22295,0.05226,,-0.06546,0.84722,0.99444,true,,-0.98675,0.50279,-0.97316,0.51430,1.10071,0.05795,-1.10595,0.21755,-0.16215,0.14903,,0.00355,0.84722,1.00000,1467,-0.005593,0.005123,0.007638,-0.005123,-0.005593,0.004161,-0.003613,-0.001937,-0.004866,0.002354,0.005371,0.002354,0.004866,0.003164,0.003096,0.000322,-0.003839,-0.000405,0.003787,0.003839,0.000405,0.000870,0.000820,0.000326,-0.004867,0.001101,0.004994,-0.003387,-0.003664,0.000763,0.000152,-0.000742,,,,,,,,,,,,,,,,,-0.005096,-0.001858,0.005441,-0.004157,0.003484,0.001452,-0.001228,-0.000718,-0.004288,-0.001219,0.004412,0.001088,0.004323,0.000484,-0.000095,0.000473,-0.002381,-0.001022,0.002560,0.001551,0.002075,0.001002,-0.001009,-0.000140,-0.002289,0.000711,0.002360,0.001627,-0.001761,0.000588,-0.000582,0.000136,-0.002574,0.001311,0.002871,0.000151,-0.002885,0.000567,-0.000423,0.000389,0.004096,6,0.55653,0.001452
ae34d848344b9f7e,images/ae/ae34d848344b9f7ecd7694ebe4360d6928670a4f9a704497b121af3d736c2f57.jpg,gen,genuine_population,hv_page_6d3d310e79,126711CHNR,gold_surround_variant,auction_house,https://phillips.com/detail/rolex/HK080524/944,,ae34d848344b9f7ecd7694ebe4360d6928670a4f9a704497b121af3d736c2f57,https://dist.phillips.com/auction-assets/HK080524/209762_001.jpg?fit=cover&offset-x=50&offset-y=100&optimize=medium&width=868,harvest pose=CORRECTABLE decision=ACCEPT,images/ae/ae34d848344b9f7ecd7694ebe4360d6928670a4f9a704497b121af3d736c2f57.jpg,accepted,868,1187,,true,235.03595,0.97915,0.14586,44,11,221.84537,true,8,-0.79319,0.09503,0.79886,-0.11987,0.04118,true,,-1.24075,1.38141,-1.23198,1.41241,1.87421,-1.38141,-1.24075,1.23348,-1.07416,-0.56883,-0.95655,,1.00000,1.00000,-0.93091,-0.78672,-0.24998,true,,-1.00979,0.54035,-1.00184,0.54187,1.13899,0.54035,1.00979,0.66286,0.64642,0.09009,0.59568,,0.95238,1.00000,true,,-0.68815,-0.06884,-0.67499,-0.07083,0.67870,0.68815,0.06884,0.09824,0.08963,0.04319,-0.14368,,0.90476,1.00000,true,,-1.00094,0.19141,-0.99984,0.19933,1.01951,-0.66623,-0.77114,0.25910,0.03161,-0.25585,,0.04143,0.81944,1.00000,false,hand/occluder crosses outline (clean 0.74),,,,,,,,,,,,,0.61111,0.73889,false,hand/occluder crosses outline (clean 0.73),,,,,,,,,,,,,0.44444,0.73333,true,,-1.03218,-0.36462,-1.03016,-0.37953,1.09784,-0.83186,0.71158,0.34412,-0.29810,-0.15760,,0.17881,0.91667,1.00000,true,,-0.90239,-0.24891,-0.88957,-0.25886,0.92647,0.23564,0.90595,0.13520,-0.02992,0.13150,,0.13241,0.90278,1.00000,true,,-0.51437,-0.13831,-0.50485,-0.14246,0.52456,0.37630,0.37697,0.16001,-0.14716,-0.07023,,0.11202,0.91667,1.00000,true,,-0.35171,0.07115,-0.34532,0.07255,0.35286,0.26901,-0.23747,0.19312,-0.15971,0.11465,,0.10264,0.98611,1.00000,true,,-0.44026,0.23000,-0.43432,0.23514,0.49388,0.02095,-0.49628,0.13746,-0.08053,0.11374,,0.11834,0.90278,1.00000,1151,-0.005593,0.006227,0.008448,-0.006227,-0.005593,0.005560,-0.004842,-0.002564,-0.004552,0.002436,0.005134,0.002436,0.004552,0.002988,0.002914,0.000406,-0.003102,-0.000310,0.003059,0.003102,0.000310,0.000443,0.000404,0.000195,-0.004512,0.000863,0.004596,-0.003003,-0.003476,0.001168,0.000142,-0.001153,,,,,,,,,,,,,,,,,-0.004653,-0.001644,0.004949,-0.003750,0.003208,0.001551,-0.001344,-0.000710,-0.004068,-0.001122,0.004176,0.001062,0.004084,0.000609,-0.000135,0.000593,-0.002319,-0.000623,0.002365,0.001696,0.001699,0.000721,-0.000663,-0.000317,-0.001585,0.000321,0.001591,0.001213,-0.001070,0.000871,-0.000720,0.000517,-0.001985,0.001037,0.002226,0.000094,-0.002237,0.000620,-0.000363,0.000513,0.003601,6,0.34412,0.001551
bce0a850a013817b,images/bc/bce0a850a013817b04dd774c739744a38428fb162c9082288a624f5c8f20584a.jpg,gen,genuine_population,hv_page_6d3d310e79,126711CHNR,gold_surround_variant,auction_house,https://phillips.com/detail/rolex/HK080524/944,,bce0a850a013817b04dd774c739744a38428fb162c9082288a624f5c8f20584a,https://dist.phillips.com/auction-assets/HK080524/209762_001.jpg?fit=cover&offset-x=50&offset-y=100&width=750,harvest pose=CORRECTABLE decision=ACCEPT,images/bc/bce0a850a013817b04dd774c739744a38428fb162c9082288a624f5c8f20584a.jpg,accepted,750,1026,,true,202.98457,0.97905,0.24137,44,11,191.81380,true,8,-0.69119,0.06546,0.69428,-0.16433,0.04189,true,,-1.03955,1.20594,-1.03169,1.23329,1.60791,-1.20594,-1.03955,1.01336,-0.88857,-0.45481,-1.04629,,0.95238,1.00000,-0.99347,-0.75315,0.19897,true,,-0.68118,0.34935,-0.67557,0.35005,0.76087,0.34935,0.68118,0.54540,0.52189,-0.12152,0.42349,,1.00000,1.00000,true,,-0.71399,-0.26318,-0.69968,-0.26749,0.74907,0.71399,0.26318,0.33695,0.25519,0.22276,-0.19473,,0.85714,1.00000,true,,-0.88198,0.38737,-0.88096,0.39942,0.96728,-0.77646,-0.57013,0.16186,-0.11516,-0.11339,,-0.00900,0.77778,1.00000,false,hand/occluder crosses outline (clean 0.73),,,,,,,,,,,,,0.56944,0.73333,false,hand/occluder crosses outline (clean 0.76),,,,,,,,,,,,,0.43056,0.76111,true,,-0.90530,-0.37446,-0.90351,-0.38905,0.98372,-0.77694,0.59679,0.28124,-0.22904,-0.15339,,0.16990,0.87500,1.00000,true,,-0.72597,-0.32724,-0.71519,-0.33725,0.79072,0.07959,0.79232,0.12945,-0.06932,0.10762,,0.13081,0.87500,1.00000,true,,-0.41380,-0.17779,-0.40579,-0.18198,0.44472,0.26947,0.36087,0.11695,-0.11053,-0.04481,,0.10974,0.91667,1.00000,true,,-0.30996,0.10075,-0.30404,0.10251,0.32086,0.21806,-0.24224,0.10608,-0.09646,0.04889,,0.12284,0.93056,1.00000,true,,-0.36644,0.28766,-0.36123,0.29349,0.46543,-0.06590,-0.46118,0.11728,-0.10140,0.06103,,0.08770,0.87500,1.00000,1051,-0.005420,0.006287,0.008383,-0.006287,-0.005420,0.005283,-0.004632,-0.002371,-0.003551,0.001821,0.003967,0.001821,0.003551,0.002843,0.002721,-0.000634,-0.003722,-0.001372,0.003905,0.003722,0.001372,0.001757,0.001330,0.001161,-0.004598,0.002020,0.005043,-0.004048,-0.002972,0.000844,-0.000600,-0.000591,,,,,,,,,,,,,,,,,-0.004720,-0.001952,0.005129,-0.004050,0.003111,0.001466,-0.001194,-0.000800,-0.003785,-0.001706,0.004122,0.000415,0.004131,0.000675,-0.000361,0.000561,-0.002157,-0.000927,0.002318,0.001405,0.001881,0.000610,-0.000576,-0.000234,-0.001616,0.000525,0.001673,0.001137,-0.001263,0.000553,-0.000503,0.000255,-0.001910,0.001500,0.002426,-0.000344,-0.002404,0.000611,-0.000529,0.000318,0.003620,6,0.28124,0.001466
594c162d7b51ded9,images/59/594c162d7b51ded941852ebca9e4da62968325294b4a0310fd54a00a1437ce86.jpg,gen,genuine_population,hv_page_6d3d310e79,126711CHNR,gold_surround_variant,auction_house,https://phillips.com/detail/rolex/HK080524/944,,594c162d7b51ded941852ebca9e4da62968325294b4a0310fd54a00a1437ce86,https://dist.phillips.com/auction-assets/HK080524/209762_001.jpg?fit=crop&offset-x=50&offset-y=100&height=730,harvest pose=CORRECTABLE decision=ACCEPT,images/59/594c162d7b51ded941852ebca9e4da62968325294b4a0310fd54a00a1437ce86.jpg,accepted,1500,2052,,true,406.36303,0.97878,0.16916,44,11,383.37159,true,8,-1.54979,0.12188,1.55457,-0.14071,0.03495,true,,-2.15887,1.95554,-2.14308,2.00214,2.93281,-1.95554,-2.15887,1.62971,-1.40194,-0.78376,-0.91703,,0.95238,1.00000,-0.90444,-0.71567,-0.14518,true,,-1.85676,0.87103,-1.84168,0.87160,2.03751,0.87103,1.85676,1.18084,1.15585,0.11814,0.34755,,0.85714,1.00000,true,,-1.50584,-0.15952,-1.47657,-0.16416,1.48567,1.50584,0.15952,0.36068,0.35115,0.10543,-0.03151,,0.90476,1.00000,true,,-1.83281,0.41014,-1.83079,0.42614,1.87973,-1.27159,-1.38219,0.28785,0.05396,-0.28079,,-0.14352,0.95833,1.00000,false,hand/occluder crosses outline (clean 0.68),,,,,,,,,,,,,0.59722,0.68333,false,hand/occluder crosses outline (clean 0.53),,,,,,,,,,,,,0.36111,0.53333,true,,-1.94344,-0.70260,-1.93956,-0.73157,2.07294,-1.58019,1.33177,0.55159,-0.46682,-0.27233,,0.13184,0.84722,1.00000,true,,-1.62517,-0.46886,-1.60169,-0.48747,1.67423,0.40654,1.64187,0.16631,-0.04211,0.16028,,0.11805,0.84722,1.00000,true,,-0.91048,-0.42837,-0.89338,-0.43810,0.99502,0.57432,0.82622,0.39689,-0.40123,-0.03879,,-0.03930,0.83333,1.00000,true,,-0.84875,0.19410,-0.83305,0.19780,0.85621,0.63799,-0.59247,0.23472,-0.21506,0.10453,,-0.02694,0.90278,0.99444,true,,-0.98277,0.50679,-0.96922,0.51835,1.09913,0.05249,-1.10450,0.21731,-0.18397,0.11941,,0.01063,0.86111,1.00000,1435,-0.005631,0.005101,0.007650,-0.005101,-0.005631,0.004251,-0.003657,-0.002044,-0.004843,0.002272,0.005315,0.002272,0.004843,0.003080,0.003015,0.000308,-0.003928,-0.000416,0.003875,0.003928,0.000416,0.000941,0.000916,0.000275,-0.004781,0.001070,0.004903,-0.003317,-0.003605,0.000751,0.000141,-0.000732,,,,,,,,,,,,,,,,,-0.005069,-0.001833,0.005407,-0.004122,0.003474,0.001439,-0.001218,-0.000710,-0.004239,-0.001223,0.004367,0.001060,0.004283,0.000434,-0.000110,0.000418,-0.002375,-0.001117,0.002595,0.001498,0.002155,0.001035,-0.001047,-0.000101,-0.002214,0.000506,0.002233,0.001664,-0.001545,0.000612,-0.000561,0.000273,-0.002563,0.001322,0.002867,0.000137,-0.002881,0.000567,-0.000480,0.000311,0.004055,6,0.55159,0.001439
eb1c9ce60c851721,images/eb/eb1c9ce60c851721afce7851ced70786e5c81adeed9ebea8ef240a1c622db43c.jpg,gen,genuine_population,hv_page_6d3d310e79,126711CHNR,gold_surround_variant,auction_house,https://phillips.com/detail/rolex/HK080524/944,,eb1c9ce60c851721afce7851ced70786e5c81adeed9ebea8ef240a1c622db43c,https://dist.phillips.com/auction-assets/HK080524/209762_001.jpg?fit=cover&offset-x=50&offset-y=100&height=700&optimize=medium,harvest pose=CORRECTABLE decision=ACCEPT,images/eb/eb1c9ce60c851721afce7851ced70786e5c81adeed9ebea8ef240a1c622db43c.jpg,accepted,512,700,,true,137.99099,0.98461,0.20946,45,11,130.73360,true,8,-0.39534,-0.03119,0.39657,-0.06883,0.02722,true,,-0.66441,0.65177,-0.66020,0.66698,0.93847,-0.65177,-0.66441,0.69754,-0.60979,-0.31596,-1.10074,,0.90476,1.00000,-1.12049,-0.81486,-0.14550,true,,-0.44383,0.11718,-0.44064,0.11616,0.45569,0.11718,0.44383,0.21894,0.21507,-0.00115,0.83939,,0.90476,0.96667,true,,-0.56055,-0.21385,-0.55101,-0.21769,0.59245,0.56055,0.21385,0.26589,0.23042,0.13701,-0.10061,,1.00000,0.83333,true,,-0.44541,-0.11346,-0.44493,-0.11456,0.45944,-0.12445,-0.44247,0.18397,0.12181,-0.13323,,-0.36866,0.87500,1.00000,false,hand/occluder crosses outline (clean 0.77),,,,,,,,,,,,,0.58333,0.77222,false,hand/occluder crosses outline (clean 0.79),,,,,,,,,,,,,0.54167,0.79444,true,,-0.44907,-0.18422,-0.44826,-0.19107,0.48728,-0.38408,0.29680,0.12198,-0.08597,-0.08347,,0.10729,0.90278,1.00000,true,,-0.50404,-0.17447,-0.49763,-0.18045,0.52934,0.10092,0.52375,0.11322,0.00095,0.11355,,0.10501,0.84722,1.00000,true,,-0.29368,-0.12001,-0.28883,-0.12295,0.31391,0.19433,0.25077,0.06591,-0.06231,-0.02468,,0.09322,0.88889,1.00000,true,,-0.15271,0.10366,-0.15022,0.10530,0.18345,0.08042,-0.16613,0.21007,-0.20616,-0.04350,,0.09064,0.84722,1.00000,true,,-0.18763,0.14339,-0.18537,0.14635,0.23617,-0.03036,-0.23418,0.18794,-0.18219,0.04511,,0.00464,0.81944,1.00000,809,-0.005082,0.004985,0.007178,-0.004985,-0.005082,0.005336,-0.004664,-0.002417,-0.003395,0.000896,0.003486,0.000896,0.003395,0.001675,0.001645,-0.000009,-0.004288,-0.001636,0.004532,0.004288,0.001636,0.002034,0.001763,0.001048,-0.003407,-0.000868,0.003514,-0.000952,-0.003385,0.001407,0.000932,-0.001019,,,,,,,,,,,,,,,,,-0.003435,-0.001409,0.003727,-0.002938,0.002270,0.000933,-0.000658,-0.000638,-0.003855,-0.001335,0.004049,0.000772,0.004006,0.000866,0.000007,0.000869,-0.002246,-0.000918,0.002401,0.001486,0.001918,0.000504,-0.000477,-0.000189,-0.001168,0.000793,0.001403,0.000615,-0.001271,0.001607,-0.001577,-0.000333,-0.001435,0.001097,0.001806,-0.000232,-0.001791,0.001438,-0.001394,0.000345,0.003033,6,0.21007,0.001607
265129ed8fcfe43c,images/26/265129ed8fcfe43c8266a2104e9a613dd4a859dd99ee52f3e54f6143adcb0e37.jpg,gen,genuine_population,hv_page_6d3d310e79,126711CHNR,gold_surround_variant,auction_house,https://phillips.com/detail/rolex/HK080524/944,,265129ed8fcfe43c8266a2104e9a613dd4a859dd99ee52f3e54f6143adcb0e37,https://dist.phillips.com/auction-assets/HK080524/209762_001.jpg?bg-color=ffffff&pad=0&fit=bounds&height=550&optimize=medium&width=605,harvest pose=CORRECTABLE decision=ACCEPT,images/26/265129ed8fcfe43c8266a2104e9a613dd4a859dd99ee52f3e54f6143adcb0e37.jpg,accepted,402,550,,true,108.32056,0.98259,0.25444,46,11,102.64525,true,9,-0.35343,-0.14863,0.38341,0.03031,0.06505,true,,-0.65608,-0.75274,-0.65085,-0.76424,1.00382,0.75274,-0.65608,0.70900,0.58267,-0.39327,-0.26200,,0.76190,0.96667,-3.24610,3.09260,0.78053,true,,-0.37007,0.01613,-0.36774,0.01397,0.36800,0.01613,0.37007,0.15913,0.13783,-0.07387,0.79478,,1.00000,0.86667,true,,-0.47089,-0.08425,-0.46281,-0.08618,0.47076,0.47089,0.08425,0.17583,0.09146,-0.14895,-0.17238,,0.85714,0.80000,true,,-0.50129,-0.47312,-0.50027,-0.48172,0.69450,0.15909,-0.67069,0.43262,0.18602,-0.38455,,-0.33256,0.79167,1.00000,false,hand/occluder crosses outline (clean 0.74),,,,,,,,,,,,,0.65278,0.74444,true,,-0.29991,0.40998,-0.30083,0.41910,0.51590,-0.05474,0.50501,0.47960,0.30083,0.35806,,0.35199,0.61111,0.81667,true,,-0.49541,-0.28178,-0.49492,-0.29166,0.57447,-0.49174,0.28815,0.22248,-0.21331,-0.04223,,0.06733,0.75000,1.00000,true,,-0.50417,-0.32755,-0.49793,-0.33668,0.60108,-0.03158,0.60040,0.16856,-0.10910,0.12483,,0.08938,0.81944,0.99444,true,,-0.27318,-0.29532,-0.26851,-0.30111,0.40344,0.08892,0.39234,0.17035,-0.17202,-0.00610,,0.05865,0.83333,0.98333,true,,-0.28292,-0.43451,-0.27781,-0.44045,0.52074,0.46227,0.23484,0.20303,0.05613,0.19234,,-0.26140,0.83333,0.98889,true,,-0.18638,0.02972,-0.18403,0.03083,0.18659,0.06745,-0.17627,0.26674,-0.26156,-0.03534,,-0.03381,0.84722,1.00000,602,-0.006392,-0.007333,0.009780,0.007333,-0.006392,0.006907,0.005677,-0.003831,-0.003605,0.000157,0.003585,0.000157,0.003605,0.001550,0.001343,-0.000720,-0.004588,-0.000821,0.004586,0.004588,0.000821,0.001713,0.000891,-0.001451,-0.004884,-0.004609,0.006766,0.001550,-0.006534,0.004215,0.001812,-0.003746,,,,,,,,,-0.002922,0.003994,0.005026,-0.000533,0.004920,0.004672,0.002931,0.003488,-0.004826,-0.002745,0.005597,-0.004791,0.002807,0.002167,-0.002078,-0.000411,-0.004912,-0.003191,0.005856,-0.000308,0.005849,0.001642,-0.001063,0.001216,-0.002661,-0.002877,0.003930,0.000866,0.003822,0.001660,-0.001676,-0.000059,-0.002756,-0.004233,0.005073,0.004504,0.002288,0.001978,0.000547,0.001874,-0.001816,0.000290,0.001818,0.000657,-0.001717,0.002599,-0.002548,-0.000344,0.003735,7,0.47960,0.004672
6784943b0c490835,images/67/6784943b0c490835fe0a3d4050e80d68c5da5f7fa6ebb92e50e4b5b596df555e.jpg,gen,genuine_population,hv_page_6dddbcb3b9,126710BLNR,primary_steel,established_dealer,https://bobswatches.com/pre-owned-rolex-gmt-master-ii-batman-ref-126710blnr.html,,6784943b0c490835fe0a3d4050e80d68c5da5f7fa6ebb92e50e4b5b596df555e,https://www.bobswatches.com/images/zUsed-Rolex-GMT-Master-II-126710-Black-Luminous-Dial-SKU190746-PL.jpg,harvest pose=CORRECTABLE decision=QUARANTINE,images/67/6784943b0c490835fe0a3d4050e80d68c5da5f7fa6ebb92e50e4b5b596df555e.jpg,missing,,,,,,,,,,,,,,,,,,,,,,,,,,,,,,,,,,,,,,,,,,,,,,,,,,,,,,,,,,,,,,,,,,,,,,,,,,,,,,,,,,,,,,,,,,,,,,,,,,,,,,,,,,,,,,,,,,,,,,,,,,,,,,,,,,,,,,,,,,,,,,,,,,,,,,,,,,,,,,,,,,,,,,,,,,,,,,,,,,,,,,,,,,,,,,,,,,,,,,,,,,,,,,,,,,,,,,,,,,,,,,,,,,,,,,,,,,,,,,,,,,,,,,,,,,,,,,,,,,,,,,,,,,,,,,,,,,,,,,,,,,,,,,,,,
bcdb61c83062c3be,images/bc/bcdb61c83062c3be0da8caffc5928b67f407015c1edf907d4eb6871614b73b3f.jpg,gen,genuine_population,hv_page_6f8a29a642,126715CHNR,gold_surround_variant,established_dealer,https://bobswatches.com/pre-owned-rolex-gmt-master-ii-ref-126715chnr-root-beer.html,,bcdb61c83062c3be0da8caffc5928b67f407015c1edf907d4eb6871614b73b3f,https://www.bobswatches.com/images/zUsed-Rolex-GMT-Master-II-126715-SKU190930-PL.jpg,harvest pose=CORRECTABLE decision=QUARANTINE,images/bc/bcdb61c83062c3be0da8caffc5928b67f407015c1edf907d4eb6871614b73b3f.jpg,missing,,,,,,,,,,,,,,,,,,,,,,,,,,,,,,,,,,,,,,,,,,,,,,,,,,,,,,,,,,,,,,,,,,,,,,,,,,,,,,,,,,,,,,,,,,,,,,,,,,,,,,,,,,,,,,,,,,,,,,,,,,,,,,,,,,,,,,,,,,,,,,,,,,,,,,,,,,,,,,,,,,,,,,,,,,,,,,,,,,,,,,,,,,,,,,,,,,,,,,,,,,,,,,,,,,,,,,,,,,,,,,,,,,,,,,,,,,,,,,,,,,,,,,,,,,,,,,,,,,,,,,,,,,,,,,,,,,,,,,,,,,,,,,,,,
215b8f46d1da4a01,images/21/215b8f46d1da4a011f182f482ed68e1a2720f75d5cfb1159670ff24f8d87fa37.jpg,gen,genuine_population,hv_page_6f8a29a642,126715CHNR,gold_surround_variant,established_dealer,https://bobswatches.com/pre-owned-rolex-gmt-master-ii-ref-126715chnr-root-beer.html,,215b8f46d1da4a011f182f482ed68e1a2720f75d5cfb1159670ff24f8d87fa37,"https://www.bobswatches.com/cdn-cgi/image/width=768,quality=85,sharpen=0.5/images/zUsed-Rolex-GMT-Master-II-126715-SKU190930-PL.jpg",harvest pose=CORRECTABLE decision=QUARANTINE,images/21/215b8f46d1da4a011f182f482ed68e1a2720f75d5cfb1159670ff24f8d87fa37.jpg,accepted,768,1174,,true,236.13786,0.98862,0.13366,45,11,236.54793,true,8,0.20847,-0.60076,0.63590,-0.01963,0.02195,true,,-0.07143,0.37666,-0.07796,0.37373,0.38177,-0.37666,-0.07143,0.99958,-0.94417,-0.34143,-0.22970,,1.00000,1.00000,-0.40424,-0.18690,-0.70437,true,,-0.17062,-0.76105,-0.15796,-0.76697,0.78307,-0.76105,0.17062,0.32472,-0.12136,0.29974,-0.15115,,0.57143,1.00000,true,,-0.30168,-0.81330,-0.28756,-0.82061,0.86954,0.30168,0.81330,0.55529,0.53431,0.14023,-0.29108,,1.00000,0.96667,true,,0.13913,-0.84738,0.15279,-0.84095,0.85471,0.80342,-0.30320,0.32819,0.21877,-0.24566,,0.32615,1.00000,1.00000,false,hand/occluder crosses outline (clean 0.46),,,,,,,,,,,,,0.68056,0.46111,true,,0.37789,-0.51286,0.38593,-0.50601,0.63639,0.07084,-0.63309,0.25438,0.23980,-0.08436,,0.33365,1.00000,1.00000,false,hand/occluder crosses outline (clean 0.69),,,,,,,,,,,,,0.58333,0.69444,true,,0.16777,-0.68402,0.18130,-0.68388,0.70750,-0.67626,0.19671,0.01817,-0.01611,-0.00818,,0.29601,0.91667,1.00000,true,,0.33759,-0.62782,0.35161,-0.62360,0.71589,-0.60628,0.37491,0.15684,-0.09512,-0.12360,,0.27581,1.00000,1.00000,true,,0.56635,-0.49612,0.57803,-0.48421,0.75404,-0.24241,0.71283,0.33758,-0.33588,0.01675,,0.31740,1.00000,1.00000,true,,0.50922,-0.28476,0.51542,-0.27324,0.58337,-0.00800,0.58338,0.39696,-0.39509,0.03630,,0.26913,0.98611,1.00000,1404,-0.000302,0.001592,0.001614,-0.001592,-0.000302,0.004226,-0.003991,-0.001443,-0.000721,-0.003217,0.003310,-0.003217,0.000721,0.001373,-0.000513,0.001267,-0.001275,-0.003438,0.003676,0.001275,0.003438,0.002347,0.002259,0.000593,0.000588,-0.003582,0.003613,0.003396,-0.001282,0.001387,0.000925,-0.001039,,,,,,,,,0.001598,-0.002168,0.002690,0.000299,-0.002676,0.001075,0.001014,-0.000357,,,,,,,,,0.000709,-0.002892,0.002991,-0.002859,0.000832,0.000077,-0.000068,-0.000035,0.001427,-0.002654,0.003026,-0.002563,0.001585,0.000663,-0.000402,-0.000523,0.002394,-0.002097,0.003188,-0.001025,0.003013,0.001427,-0.001420,0.000071,0.002153,-0.001204,0.002466,-0.000034,0.002466,0.001678,-0.001670,0.000153,0.002688,6,0.39696,0.001678
2ada80cf4a87f599,images/2a/2ada80cf4a87f5991c62b6fe485cd6c7e188eed903b458f4e6e9cc19545f3306.jpg,gen,genuine_population,hv_page_701654bab7,126711CHNR,gold_surround_variant,established_dealer,https://swisswatchexpo.com/watches/rolex-gmt-master-ii-steel-everose-gold-mens-watch-126711-42050,,2ada80cf4a87f5991c62b6fe485cd6c7e188eed903b458f4e6e9cc19545f3306,https://cdn.swisswatchexpo.com/productphotos/3/23/rolex-gmt-master-ii-steel-everose-gold-mens-watch-126711-42050_7846a.jpg,harvest pose=GOOD decision=QUARANTINE,images/2a/2ada80cf4a87f5991c62b6fe485cd6c7e188eed903b458f4e6e9cc19545f3306.jpg,accepted,2229,2229,,true,587.13874,0.99857,0.24480,46,11,590.05842,true,6,-0.40505,-0.95931,1.04132,-0.18186,0.03990,true,,-1.28470,3.61533,-1.28820,3.61367,3.83642,-3.61533,-1.28470,3.90276,-3.71290,-1.20413,-0.08693,,0.85714,1.00000,-0.19522,-0.04528,-0.32781,true,,-0.38225,-0.79400,-0.37984,-0.80240,0.88776,-0.79400,0.38225,1.03669,0.97141,-0.33702,0.46480,,0.95238,1.00000,true,,-0.20023,-1.75629,-0.18926,-1.76014,1.77028,0.20023,1.75629,0.77188,0.60153,0.49086,0.21964,,0.90476,1.00000,true,,-0.84783,0.34786,-0.84590,0.34949,0.91526,-0.72517,-0.56031,0.48018,-0.47567,-0.06257,,0.24476,0.68056,0.98333,false,hand/occluder crosses outline (clean 0.68),,,,,,,,,,,,,0.55556,0.67778,true,,-1.33170,-1.28689,-1.33434,-1.30034,1.86316,-1.79673,-0.44863,0.18658,-0.09279,-0.15994,,0.23312,0.72222,1.00000,false,hand/occluder crosses outline (clean 0.52),,,,,,,,,,,,,0.52778,0.52222,true,,-0.05002,-2.28728,-0.04004,-2.30552,2.30587,-1.95583,1.18696,0.46446,-0.46095,0.02121,,0.29567,0.86111,0.93889,true,,0.52418,-1.94698,0.53172,-1.95612,2.02710,-1.42744,1.42405,0.43601,-0.43186,0.05839,,0.48812,0.87500,1.00000,false,outline coverage 0.57; 7/8 octants,,,,,,,,,,,,,0.56944,0.83889,false,outline coverage 0.51; 5/8 octants,,,,,,,,,,,,,0.51389,0.99444,1488,-0.002177,0.006127,0.006502,-0.006127,-0.002177,0.006614,-0.006292,-0.002041,-0.000648,-0.001346,0.001505,-0.001346,0.000648,0.001757,0.001646,-0.000571,-0.000339,-0.002976,0.003000,0.000339,0.002976,0.001308,0.001019,0.000832,-0.001437,0.000590,0.001551,-0.001229,-0.000950,0.000814,-0.000806,-0.000106,,,,,,,,,-0.002257,-0.002181,0.003158,-0.003045,-0.000760,0.000316,-0.000157,-0.000271,,,,,,,,,-0.000085,-0.003876,0.003908,-0.003315,0.002012,0.000787,-0.000781,0.000036,0.000888,-0.003300,0.003435,-0.002419,0.002413,0.000739,-0.000732,0.000099,,,,,,,,,,,,,,,,,0.001765,4,0.48018,0.000814
f003a5aece0b6b80,images/f0/f003a5aece0b6b8001be46c86b51f8b0aa418d68ba54459f5ce373322ba7ce00.jpg,gen,genuine_population,hv_page_701654bab7,126711CHNR,gold_surround_variant,established_dealer,https://swisswatchexpo.com/watches/rolex-gmt-master-ii-steel-everose-gold-mens-watch-126711-42050,,f003a5aece0b6b8001be46c86b51f8b0aa418d68ba54459f5ce373322ba7ce00,https://cdn.swisswatchexpo.com/productphotos/3/23/rolex-gmt-master-ii-steel-everose-gold-mens-watch-126711-42050_1fa2a_md.jpg,harvest pose=CORRECTABLE decision=QUARANTINE,images/f0/f003a5aece0b6b8001be46c86b51f8b0aa418d68ba54459f5ce373322ba7ce00.jpg,accepted,900,900,,true,254.95323,0.98429,0.19713,46,11,238.00585,true,8,0.02041,-0.23161,0.23251,-0.15039,0.07477,true,,-0.46618,1.36336,-0.46763,1.36332,1.44129,-1.36336,-0.46618,1.50026,-1.30791,-0.73420,-0.11838,,1.00000,1.00000,-0.20813,-0.10324,-0.38854,true,,-0.10474,0.05136,-0.10486,0.05159,0.11687,0.05136,0.10474,0.56804,0.55224,-0.10997,0.46791,,1.00000,1.00000,true,,-0.20861,-0.65778,-0.20382,-0.65946,0.69024,0.20861,0.65778,0.53087,0.49869,0.19265,0.12641,,1.00000,0.96667,true,,-0.24700,0.01889,-0.24636,0.01928,0.24711,-0.13986,-0.20446,0.36233,-0.05854,-0.35877,,0.22107,0.91667,1.00000,false,hand/occluder crosses outline (clean 0.68),,,,,,,,,,,,,0.66667,0.67778,true,,-0.26664,-0.39863,-0.26702,-0.40255,0.48306,-0.43023,-0.21191,0.26005,-0.04116,-0.25474,,0.34397,1.00000,1.00000,false,hand/occluder crosses outline (clean 0.56),,,,,,,,,,,,,0.56944,0.55556,true,,-0.08164,-0.73382,-0.07841,-0.73975,0.74389,-0.59469,0.43761,0.12909,-0.09415,0.08702,,0.30697,0.93056,0.94444,true,,0.11980,-0.73957,0.12294,-0.74321,0.75331,-0.47354,0.58059,0.14777,-0.05015,0.13834,,0.33471,1.00000,1.00000,true,,0.79568,-0.29994,0.79119,-0.30051,0.84634,-0.53910,0.65760,0.39469,-0.34632,0.19554,,0.13617,0.88889,1.00000,true,,0.67720,0.17152,0.67182,0.17033,0.69307,-0.48714,0.50071,0.40021,-0.38601,0.11581,,0.09805,0.84722,1.00000,1120,-0.001959,0.005728,0.006056,-0.005728,-0.001959,0.006303,-0.005495,-0.003085,-0.000440,0.000216,0.000491,0.000216,0.000440,0.002387,0.002320,-0.000462,-0.000876,-0.002764,0.002900,0.000876,0.002764,0.002230,0.002095,0.000809,-0.001038,0.000079,0.001038,-0.000588,-0.000859,0.001522,-0.000246,-0.001507,,,,,,,,,-0.001120,-0.001675,0.002030,-0.001808,-0.000890,0.001093,-0.000173,-0.001070,,,,,,,,,-0.000343,-0.003083,0.003126,-0.002499,0.001839,0.000542,-0.000396,0.000366,0.000503,-0.003107,0.003165,-0.001990,0.002439,0.000621,-0.000211,0.000581,0.003343,-0.001260,0.003556,-0.002265,0.002763,0.001658,-0.001455,0.000822,0.002845,0.000721,0.002912,-0.002047,0.002104,0.001682,-0.001622,0.000487,0.000977,6,0.40021,0.001682
d545940f96b69a1f,images/d5/d545940f96b69a1f978fabe816939b3215007673c3f66118134c14de563a9c59.jpg,gen,genuine_population,hv_page_701654bab7,126711CHNR,gold_surround_variant,established_dealer,https://swisswatchexpo.com/watches/rolex-gmt-master-ii-steel-everose-gold-mens-watch-126711-42050,,d545940f96b69a1f978fabe816939b3215007673c3f66118134c14de563a9c59,https://cdn.swisswatchexpo.com/productphotos/3/23/rolex-gmt-master-ii-steel-everose-gold-mens-watch-126711-42050_dde6e5c4b6_md.jpg,harvest pose=CORRECTABLE decision=QUARANTINE,images/d5/d545940f96b69a1f978fabe816939b3215007673c3f66118134c14de563a9c59.jpg,accepted,900,900,,true,170.42388,0.98471,0.16598,46,11,159.20536,true,8,-0.00098,-0.15755,0.15755,-0.12867,0.06883,true,,-0.23445,0.81725,-0.23546,0.81679,0.85005,-0.81725,-0.23445,0.89747,-0.81039,-0.38586,-0.18457,,1.00000,1.00000,-0.23135,-0.18954,-0.37249,true,,-0.06746,-0.17070,-0.06695,-0.17254,0.18508,-0.17070,0.06746,0.16235,0.14083,-0.07839,0.05708,,1.00000,1.00000,true,,-0.23299,-0.50861,-0.22852,-0.50985,0.55872,0.23299,0.50861,0.43521,0.38624,0.20734,0.08517,,1.00000,1.00000,true,,-0.10335,0.01533,-0.10306,0.01551,0.10422,-0.06495,-0.08183,0.16058,-0.03357,-0.15762,,0.29348,0.91667,1.00000,false,hand/occluder crosses outline (clean 0.67),,,,,,,,,,,,,0.68056,0.66667,true,,-0.13642,-0.17724,-0.13670,-0.17912,0.22532,-0.20676,-0.08528,0.11326,0.03941,-0.10561,,0.36989,1.00000,1.00000,false,hand/occluder crosses outline (clean 0.59),,,,,,,,,,,,,0.61111,0.59444,true,,-0.02964,-0.39453,-0.02786,-0.39783,0.39881,-0.32686,0.22293,0.02806,-0.02523,-0.01219,,0.30931,0.93056,0.94444,true,,0.04862,-0.43234,0.05064,-0.43452,0.43746,-0.25828,0.35011,0.06011,-0.01459,0.05810,,0.32813,1.00000,1.00000,true,,0.40572,-0.14754,0.40312,-0.14778,0.42935,-0.27760,0.33063,0.19310,-0.19077,0.04006,,0.21312,0.94444,1.00000,true,,0.39865,0.11029,0.39513,0.10948,0.41002,-0.29484,0.29010,0.26910,-0.26490,0.05746,,0.19748,0.91667,1.00000,701,-0.001473,0.005133,0.005339,-0.005133,-0.001473,0.005637,-0.005090,-0.002424,-0.000424,-0.001072,0.001163,-0.001072,0.000424,0.001020,0.000885,-0.000492,-0.001463,-0.003195,0.003509,0.001463,0.003195,0.002734,0.002426,0.001302,-0.000649,0.000096,0.000655,-0.000408,-0.000514,0.001009,-0.000211,-0.000990,,,,,,,,,-0.000857,-0.001113,0.001415,-0.001299,-0.000536,0.000711,0.000248,-0.000663,,,,,,,,,-0.000186,-0.002478,0.002505,-0.002053,0.001400,0.000176,-0.000158,-0.000077,0.000305,-0.002716,0.002748,-0.001622,0.002199,0.000378,-0.000092,0.000365,0.002548,-0.000927,0.002697,-0.001744,0.002077,0.001213,-0.001198,0.000252,0.002504,0.000693,0.002575,-0.001852,0.001822,0.001690,-0.001664,0.000361,0.000990,6,0.26910,0.001690
4c4c0f328fdf89be,images/4c/4c4c0f328fdf89bef6b1e0e2fcbfb9b680c36ac7dd8ab700bbf65b3027c4c6f6.jpg,gen,genuine_population,hv_page_7301586955,126718GRNR,gold_surround_variant,established_dealer,https://swisswatchexpo.com/watches/rolex-gmt-master-ii-black-grey-bezel-yellow-gold-mens-watch-126718-70667,,4c4c0f328fdf89bef6b1e0e2fcbfb9b680c36ac7dd8ab700bbf65b3027c4c6f6,https://cdn.swisswatchexpo.com/productphotos/6/2/rolex-gmt-master-ii-black-grey-bezel-yellow-gold-mens-watch-126718-70667_b81e8.jpg,harvest pose=CORRECTABLE decision=QUARANTINE,images/4c/4c4c0f328fdf89bef6b1e0e2fcbfb9b680c36ac7dd8ab700bbf65b3027c4c6f6.jpg,accepted,2639,2639,,true,774.56377,0.99928,0.28736,45,11,785.38623,true,8,1.63579,-2.68855,3.14708,-0.16456,-0.04857,true,,-0.33117,3.03623,-0.33379,3.02195,3.04033,-3.03623,-0.33117,4.87228,-4.68219,-1.42731,-0.62628,,1.00000,1.00000,-0.73635,-0.45524,-0.40722,true,,2.04420,-1.12484,2.05974,-1.14212,2.35520,-1.12484,-2.04420,2.56178,2.52986,0.08663,0.06491,,1.00000,1.00000,true,,1.58494,-1.62191,1.60531,-1.63135,2.28874,-1.58494,1.62191,1.17089,1.01910,-0.55421,0.67633,,1.00000,1.00000,true,,0.09362,-2.24912,0.09078,-2.23836,2.24020,1.99460,-1.04349,0.57869,-0.08893,-0.57301,,0.52384,0.62500,1.00000,false,hand/occluder crosses outline (clean 0.73),,,,,,,,,,,,,0.52778,0.72778,true,,0.37913,-4.25538,0.36794,-4.28119,4.29697,-1.79936,-3.87483,0.84710,-0.81951,-0.19975,,0.32873,0.75000,1.00000,false,hand/occluder crosses outline (clean 0.54),,,,,,,,,,,,,0.48611,0.53889,true,,2.42469,-3.42754,2.45805,-3.47503,4.25650,-4.18068,-0.38607,0.22748,0.00378,0.22564,,0.56520,0.86111,0.95556,true,,3.65521,-2.59271,3.70249,-2.62263,4.53725,-4.46186,0.41775,0.86623,-0.66197,-0.54700,,0.53332,0.86111,1.00000,true,,2.85502,-1.60592,2.87764,-1.60397,3.29447,-1.66956,2.81828,0.59586,-0.54848,0.22538,,0.49983,0.69444,1.00000,true,,4.01514,-2.37276,4.03005,-2.35699,4.66869,0.04729,4.66360,2.49282,-0.40808,2.45526,,-0.77021,0.61111,0.85556,1657,-0.000422,0.003866,0.003871,-0.003866,-0.000422,0.006204,-0.005962,-0.001817,0.002603,-0.001432,0.002999,-0.001432,-0.002603,0.003262,0.003221,0.000110,0.002018,-0.002065,0.002914,-0.002018,0.002065,0.001491,0.001298,-0.000706,0.000119,-0.002864,0.002852,0.002540,-0.001329,0.000737,-0.000113,-0.000730,,,,,,,,,0.000483,-0.005418,0.005471,-0.002291,-0.004934,0.001079,-0.001043,-0.000254,,,,,,,,,0.003087,-0.004364,0.005420,-0.005323,-0.000492,0.000290,0.000005,0.000287,0.004654,-0.003301,0.005777,-0.005681,0.000532,0.001103,-0.000843,-0.000696,0.003635,-0.002045,0.004195,-0.002126,0.003588,0.000759,-0.000698,0.000287,0.005112,-0.003021,0.005944,0.000060,0.005938,0.003174,-0.000520,0.003126,0.004007,6,2.49282,0.003174
96f53a4bae137de9,images/96/96f53a4bae137de947e5deb3e935923b1f04b3808ced1d315c66410dc10ef3d0.jpg,gen,genuine_population,hv_page_7301586955,126718GRNR,gold_surround_variant,established_dealer,https://swisswatchexpo.com/watches/rolex-gmt-master-ii-black-grey-bezel-yellow-gold-mens-watch-126718-70667,,96f53a4bae137de947e5deb3e935923b1f04b3808ced1d315c66410dc10ef3d0,https://cdn.swisswatchexpo.com/productphotos/6/2/rolex-gmt-master-ii-black-grey-bezel-yellow-gold-mens-watch-126718-70667_26d9e_md.jpg,harvest pose=CORRECTABLE decision=QUARANTINE,images/96/96f53a4bae137de947e5deb3e935923b1f04b3808ced1d315c66410dc10ef3d0.jpg,accepted,900,900,,true,263.97673,0.99920,0.14943,45,11,267.71427,true,8,0.49496,-0.77875,0.92273,-0.16021,-0.04398,true,,-0.17781,0.89586,-0.17850,0.89134,0.90904,-0.89586,-0.17781,1.41526,-1.32876,-0.50621,-0.62098,,1.00000,1.00000,-0.72724,-0.41883,-0.27682,true,,0.67552,-0.18387,0.68067,-0.18753,0.70603,-0.18387,-0.67552,0.92760,0.91569,-0.02773,-0.01055,,1.00000,1.00000,true,,0.42702,-0.55307,0.43331,-0.55656,0.70535,-0.42702,0.55307,0.39875,0.38947,-0.06744,0.57277,,1.00000,0.96667,true,,-0.20257,-0.55426,-0.20259,-0.55218,0.58817,0.37872,-0.45256,0.37501,-0.19073,-0.32432,,0.12929,0.97222,1.00000,false,hand/occluder crosses outline (clean 0.77),,,,,,,,,,,,,0.69444,0.76667,true,,0.13068,-1.49390,0.12652,-1.50364,1.50895,-0.63378,-1.35909,0.42702,-0.32394,-0.27400,,0.24836,1.00000,1.00000,false,hand/occluder crosses outline (clean 0.63),,,,,,,,,,,,,0.52778,0.62778,true,,0.80690,-1.21114,0.81865,-1.22877,1.47651,-1.45233,-0.09322,0.21999,-0.18564,0.11259,,0.34640,0.94444,0.97222,true,,1.15485,-0.92493,1.17086,-0.93610,1.49906,-1.46259,0.22359,0.30521,-0.29951,-0.03483,,0.30436,0.93056,1.00000,true,,0.94133,-0.56709,0.94920,-0.56660,1.10545,-0.53167,0.96178,0.25693,-0.14427,0.21074,,0.24733,0.90278,1.00000,true,,0.90137,-0.53011,0.90478,-0.52653,1.04684,0.00840,1.04566,0.40471,-0.06842,0.39823,,0.20695,0.84722,1.00000,1004,-0.000664,0.003346,0.003396,-0.003346,-0.000664,0.005286,-0.004963,-0.001891,0.002523,-0.000687,0.002637,-0.000687,-0.002523,0.003465,0.003420,-0.000104,0.001595,-0.002066,0.002635,-0.001595,0.002066,0.001489,0.001455,-0.000252,-0.000757,-0.002070,0.002197,0.001415,-0.001690,0.001401,-0.000712,-0.001211,,,,,,,,,0.000488,-0.005580,0.005636,-0.002367,-0.005077,0.001595,-0.001210,-0.001023,,,,,,,,,0.003014,-0.004524,0.005515,-0.005425,-0.000348,0.000822,-0.000693,0.000421,0.004314,-0.003455,0.005599,-0.005463,0.000835,0.001140,-0.001119,-0.000130,0.003516,-0.002118,0.004129,-0.001986,0.003593,0.000960,-0.000539,0.000787,0.003367,-0.001980,0.003910,0.000031,0.003906,0.001512,-0.000256,0.001488,0.003447,6,0.42702,0.001595
c5ff154e42165f59,images/c5/c5ff154e42165f593976696d0ee72d9fc6ff6f20a3ab73c6e45c184bd61bf771.jpg,gen,genuine_population,hv_page_7301586955,126718GRNR,gold_surround_variant,established_dealer,https://swisswatchexpo.com/watches/rolex-gmt-master-ii-black-grey-bezel-yellow-gold-mens-watch-126718-70667,,c5ff154e42165f593976696d0ee72d9fc6ff6f20a3ab73c6e45c184bd61bf771,https://cdn.swisswatchexpo.com/productphotos/6/2/rolex-gmt-master-ii-black-grey-bezel-yellow-gold-mens-watch-126718-70667_ed111_md.jpg,harvest pose=CORRECTABLE decision=QUARANTINE,images/c5/c5ff154e42165f593976696d0ee72d9fc6ff6f20a3ab73c6e45c184bd61bf771.jpg,accepted,900,900,,true,166.43089,0.99875,0.15310,45,11,168.96047,true,8,0.28273,-0.42639,0.51161,-0.08305,-0.03571,true,,-0.13062,0.46330,-0.13090,0.46068,0.47892,-0.46330,-0.13062,0.83824,-0.77600,-0.32790,-0.60481,,1.00000,1.00000,-0.64023,-0.44110,-0.14220,true,,0.26250,0.02691,0.26441,0.02672,0.26575,0.02691,-0.26250,0.57356,0.55771,0.09846,-0.03081,,1.00000,1.00000,true,,0.29155,-0.30701,0.29545,-0.30884,0.42740,-0.29155,0.30701,0.10419,0.09585,-0.03831,1.32392,,1.00000,1.00000,true,,-0.05780,-0.41877,-0.05814,-0.41679,0.42083,0.33377,-0.25944,0.21345,-0.06082,-0.20516,,0.23469,0.97222,1.00000,false,hand/occluder crosses outline (clean 0.78),,,,,,,,,,,,,0.72222,0.77778,true,,0.11052,-0.86958,0.10806,-0.87507,0.88172,-0.33908,-0.80834,0.33608,-0.25634,-0.21410,,0.24298,1.00000,1.00000,false,hand/occluder crosses outline (clean 0.73),,,,,,,,,,,,,0.56944,0.73333,true,,0.39436,-0.49341,0.39977,-0.50059,0.64063,-0.62449,-0.09482,0.02234,-0.00178,0.02208,,0.37691,0.90278,0.97222,true,,0.60099,-0.45100,0.60915,-0.45635,0.76113,-0.74597,0.09008,0.18522,-0.17576,-0.05153,,0.34429,0.90278,1.00000,true,,0.46294,-0.40501,0.46738,-0.40488,0.61837,-0.19841,0.58221,0.16866,-0.05304,0.15917,,0.28948,0.91667,1.00000,true,,0.49642,-0.34863,0.49843,-0.34642,0.60699,0.05371,0.60422,0.24150,-0.05943,0.23366,,0.27378,0.86111,1.00000,710,-0.000773,0.002742,0.002835,-0.002742,-0.000773,0.004961,-0.004593,-0.001941,0.001554,0.000159,0.001573,0.000159,-0.001554,0.003395,0.003301,0.000583,0.001726,-0.001817,0.002530,-0.001726,0.001817,0.000617,0.000567,-0.000227,-0.000342,-0.002479,0.002491,0.001975,-0.001536,0.001263,-0.000360,-0.001214,,,,,,,,,0.000654,-0.005147,0.005218,-0.002007,-0.004784,0.001989,-0.001517,-0.001267,,,,,,,,,0.002334,-0.002920,0.003792,-0.003696,-0.000561,0.000132,-0.000011,0.000131,0.003557,-0.002669,0.004505,-0.004415,0.000533,0.001096,-0.001040,-0.000305,0.002740,-0.002397,0.003660,-0.001174,0.003446,0.000998,-0.000314,0.000942,0.002938,-0.002063,0.003592,0.000318,0.003576,0.001429,-0.000352,0.001383,0.003028,6,0.33608,0.001989
a5e421ece4056202,images/a5/a5e421ece40562022e64b182e0906565f97fd770bf19ffbbef9ade7ee33b96a4.jpg,gen,genuine_population,hv_page_79c4638087,126710GRNR,primary_steel,established_dealer,https://bobswatches.com/rolex-gmt-master-ii-ref-126710grnr-stainless-steel-oyster.html,,a5e421ece40562022e64b182e0906565f97fd770bf19ffbbef9ade7ee33b96a4,https://www.bobswatches.com/images/zUsed-Rolex-GMT-Master-II-126710-Black-Chromalight-Dial-SKU181134.jpg,harvest pose=CORRECTABLE decision=QUARANTINE,images/a5/a5e421ece40562022e64b182e0906565f97fd770bf19ffbbef9ade7ee33b96a4.jpg,accepted,1412,2160,,true,432.48100,0.99564,0.13953,44,11,434.82187,true,9,0.22209,-0.27937,0.35689,0.08690,0.02128,true,,0.29816,1.15617,0.30211,1.14984,1.18887,-1.15617,0.29816,1.72961,-1.73704,-0.05391,0.60160,,1.00000,1.00000,0.43112,0.85645,0.90290,true,,-0.29651,0.50032,-0.29531,0.50277,0.58308,0.50032,0.29651,0.63565,0.49389,0.39760,0.42447,,0.61905,1.00000,true,,-0.81612,-0.53941,-0.81828,-0.53647,0.97846,0.81612,0.53941,0.76727,0.75382,0.13858,-0.39696,,1.00000,1.00000,true,,0.61702,-0.48373,0.61374,-0.48332,0.78120,0.72743,0.29249,0.12663,0.06725,0.10754,,0.36922,0.87500,1.00000,true,,0.12499,-0.36569,0.12285,-0.36488,0.38500,0.29109,-0.25420,0.43178,-0.34863,-0.25543,,0.44493,0.90278,1.00000,true,,0.49904,-0.08874,0.49893,-0.09053,0.50708,0.38781,-0.32637,0.10798,0.02699,-0.10458,,0.41140,0.95833,0.99444,false,hand/occluder crosses outline (clean 0.66),,,,,,,,,,,,,0.48611,0.65556,true,,0.44186,-0.23512,0.44238,-0.23736,0.50203,-0.42455,-0.26510,0.51216,-0.37863,-0.34266,,0.44148,0.97222,1.00000,true,,0.31959,-0.18001,0.31994,-0.18138,0.36778,-0.36678,-0.00391,0.43312,-0.34132,-0.26518,,0.40353,0.91667,1.00000,true,,0.25380,-0.49146,0.25285,-0.49100,0.55228,0.02593,0.55251,0.23750,-0.22750,0.06821,,0.47816,0.90278,1.00000,true,,0.41639,-0.79448,0.41386,-0.79244,0.89400,0.47984,0.75784,0.29649,0.04269,0.29399,,0.31208,0.91667,1.00000,1705,0.000686,0.002659,0.002734,-0.002659,0.000686,0.003978,-0.003995,-0.000124,-0.000682,0.001151,0.001341,0.001151,0.000682,0.001462,0.001136,0.000914,-0.001877,-0.001241,0.002250,0.001877,0.001241,0.001765,0.001734,0.000319,0.001419,-0.001112,0.001797,0.001673,0.000673,0.000291,0.000155,0.000247,0.000287,-0.000841,0.000885,0.000669,-0.000585,0.000993,-0.000802,-0.000587,0.001148,-0.000204,0.001166,0.000892,-0.000751,0.000248,0.000062,-0.000241,,,,,,,,,0.001016,-0.000541,0.001155,-0.000976,-0.000610,0.001178,-0.000871,-0.000788,0.000735,-0.000414,0.000846,-0.000844,-0.000009,0.000996,-0.000785,-0.000610,0.000584,-0.001130,0.001270,0.000060,0.001271,0.000546,-0.000523,0.000157,0.000958,-0.001827,0.002056,0.001104,0.001743,0.000682,0.000098,0.000676,0.000821,7,0.51216,0.001178
7f94f08a2015c94e,images/7f/7f94f08a2015c94eb4f7a5ffff567f8a754f177a2e2073dcb480229f5f95041f.jpg,gen,genuine_population,hv_page_7a187edba5,126710BLNR,primary_steel,established_dealer,https://bobswatches.com/pre-owned-batgirl-rolex-gmt-master-ii-ref-126710blnr-jubilee-bracelet.html,,7f94f08a2015c94eb4f7a5ffff567f8a754f177a2e2073dcb480229f5f95041f,https://www.bobswatches.com/images/zUsed-Rolex-GMT-Master-II-126710-SKU186836.jpg,harvest pose=CORRECTABLE decision=QUARANTINE,images/7f/7f94f08a2015c94eb4f7a5ffff567f8a754f177a2e2073dcb480229f5f95041f.jpg,accepted,1412,2160,,true,432.74029,0.98532,0.12196,44,11,434.00371,true,9,-0.49882,0.15659,0.52282,-0.21396,0.02018,true,,-0.29116,2.60883,-0.32319,2.59335,2.61341,-2.60883,-0.29116,1.69847,-1.70390,0.08311,0.10717,,1.00000,1.00000,-0.13677,0.25012,-0.25410,true,,-0.92053,-0.47726,-0.91699,-0.48977,1.03959,-0.47726,0.92053,0.31558,0.06109,0.30869,-0.07114,,0.57143,1.00000,true,,-0.11544,0.36722,-0.12095,0.36583,0.38531,0.11544,-0.36722,0.45350,0.32019,-0.31980,-0.08437,,1.00000,1.00000,true,,-0.70092,0.92967,-0.71032,0.91657,1.15959,-1.15558,-0.14218,0.08274,-0.01159,0.08208,,0.16634,0.86111,1.00000,true,,-1.02847,0.43262,-1.03161,0.41821,1.11316,-1.10699,-0.13958,0.22249,0.15910,-0.15662,,0.23711,0.77778,1.00000,true,,-1.45742,0.02447,-1.45860,0.00687,1.45861,-1.24992,0.74990,0.27829,-0.14666,0.23644,,0.36553,0.87500,1.00000,true,,-0.67107,-0.51610,-0.66640,-0.52551,0.84867,-0.78249,0.32311,0.32301,0.07946,-0.31246,,0.36706,0.93056,1.00000,true,,-0.37270,-0.59059,-0.36587,-0.59705,0.70023,-0.32512,0.61806,0.15127,0.04041,0.14532,,0.16901,0.90278,1.00000,true,,0.56530,-0.40193,0.57269,-0.39594,0.69623,-0.69054,0.06543,0.47851,-0.44711,-0.16600,,0.15919,0.95833,1.00000,true,,0.33419,0.28930,0.33035,0.29299,0.44156,-0.43407,-0.08344,0.18367,-0.02781,0.18156,,0.25656,0.94444,1.00000,false,hand/occluder crosses outline (clean 0.57),,,,,,,,,,,,,0.58333,0.56667,1987,-0.000671,0.006011,0.006022,-0.006011,-0.000671,0.003913,-0.003926,0.000191,-0.002121,-0.001100,0.002395,-0.001100,0.002121,0.000727,0.000141,0.000711,-0.000266,0.000846,0.000888,0.000266,-0.000846,0.001045,0.000738,-0.000737,-0.001615,0.002142,0.002672,-0.002663,-0.000328,0.000191,-0.000027,0.000189,-0.002370,0.000997,0.002565,-0.002551,-0.000322,0.000513,0.000367,-0.000361,-0.003358,0.000056,0.003361,-0.002880,0.001728,0.000641,-0.000338,0.000545,-0.001546,-0.001189,0.001955,-0.001803,0.000744,0.000744,0.000183,-0.000720,-0.000859,-0.001361,0.001613,-0.000749,0.001424,0.000349,0.000093,0.000335,0.001303,-0.000926,0.001604,-0.001591,0.000151,0.001103,-0.001030,-0.000382,0.000770,0.000667,0.001017,-0.001000,-0.000192,0.000423,-0.000064,0.000418,,,,,,,,,0.001205,7,0.47851,0.001103
7d2e45775a7f0140,images/7d/7d2e45775a7f0140e3aa143e899b9ac5f02f0f89b3fe11c8d00b047233716b67.jpg,gen,genuine_population,hv_page_7c3b9f9d87,126710BLRO,primary_steel,established_dealer,https://bobswatches.com/rolex-gmt-master-ii-126710blro-pepsi.html,,7d2e45775a7f0140e3aa143e899b9ac5f02f0f89b3fe11c8d00b047233716b67,https://www.bobswatches.com/images/zUsed-Rolex-GMT-Master-II-126710-Black-Dial-SKU180306.jpg,harvest pose=CORRECTABLE decision=QUARANTINE,images/7d/7d2e45775a7f0140e3aa143e899b9ac5f02f0f89b3fe11c8d00b047233716b67.jpg,missing,,,,,,,,,,,,,,,,,,,,,,,,,,,,,,,,,,,,,,,,,,,,,,,,,,,,,,,,,,,,,,,,,,,,,,,,,,,,,,,,,,,,,,,,,,,,,,,,,,,,,,,,,,,,,,,,,,,,,,,,,,,,,,,,,,,,,,,,,,,,,,,,,,,,,,,,,,,,,,,,,,,,,,,,,,,,,,,,,,,,,,,,,,,,,,,,,,,,,,,,,,,,,,,,,,,,,,,,,,,,,,,,,,,,,,,,,,,,,,,,,,,,,,,,,,,,,,,,,,,,,,,,,,,,,,,,,,,,,,,,,,,,,,,,,
5a25cdb409b7c6cd,images/5a/5a25cdb409b7c6cd2f3cb511b43330638e089f63bac2419bd95b0b350df068d4.jpg,gen,genuine_population,hv_page_7fdfdab90c,126710BLRO,primary_steel,established_dealer,https://bobswatches.com/pre-owned-rolex-gmt-master-ii-pepsi-ref-126710blro.html,,5a25cdb409b7c6cd2f3cb511b43330638e089f63bac2419bd95b0b350df068d4,https://www.bobswatches.com/images/zUsed-Master-Rolex-GMT-Master-II-126710-SKU186008.jpg,harvest pose=CORRECTABLE decision=QUARANTINE,images/5a/5a25cdb409b7c6cd2f3cb511b43330638e089f63bac2419bd95b0b350df068d4.jpg,missing,,,,,,,,,,,,,,,,,,,,,,,,,,,,,,,,,,,,,,,,,,,,,,,,,,,,,,,,,,,,,,,,,,,,,,,,,,,,,,,,,,,,,,,,,,,,,,,,,,,,,,,,,,,,,,,,,,,,,,,,,,,,,,,,,,,,,,,,,,,,,,,,,,,,,,,,,,,,,,,,,,,,,,,,,,,,,,,,,,,,,,,,,,,,,,,,,,,,,,,,,,,,,,,,,,,,,,,,,,,,,,,,,,,,,,,,,,,,,,,,,,,,,,,,,,,,,,,,,,,,,,,,,,,,,,,,,,,,,,,,,,,,,,,,,
c1037a6b728c9875,images/c1/c1037a6b728c98755f46b5ff9e9387664b63cd712ed268728aeb16cf3df6e38d.jpg,gen,genuine_population,hv_page_80828ca0ee,126718GRNR,gold_surround_variant,established_dealer,https://bobswatches.com/pre-owned-18k-yellow-gold-rolex-gmt-master-ii-ref-126718grnr-black-dial.html,,c1037a6b728c98755f46b5ff9e9387664b63cd712ed268728aeb16cf3df6e38d,https://www.bobswatches.com/images/zUsed-Rolex-GMT-Master-II-126718-SKU190931.jpg,harvest pose=GOOD decision=QUARANTINE,images/c1/c1037a6b728c98755f46b5ff9e9387664b63cd712ed268728aeb16cf3df6e38d.jpg,missing,,,,,,,,,,,,,,,,,,,,,,,,,,,,,,,,,,,,,,,,,,,,,,,,,,,,,,,,,,,,,,,,,,,,,,,,,,,,,,,,,,,,,,,,,,,,,,,,,,,,,,,,,,,,,,,,,,,,,,,,,,,,,,,,,,,,,,,,,,,,,,,,,,,,,,,,,,,,,,,,,,,,,,,,,,,,,,,,,,,,,,,,,,,,,,,,,,,,,,,,,,,,,,,,,,,,,,,,,,,,,,,,,,,,,,,,,,,,,,,,,,,,,,,,,,,,,,,,,,,,,,,,,,,,,,,,,,,,,,,,,,,,,,,,,
6e82716dcc4cebf7,images/6e/6e82716dcc4cebf7b8a508dc13daf724bd7db4554e0aea39527944c6324ea14e.jpg,gen,genuine_population,hv_page_814c8db017,126710GRNR,primary_steel,established_dealer,https://bobswatches.com/used-rolex-gmt-master-ii-ref-126710grnr-black-dial-bruce-wayne.html,,6e82716dcc4cebf7b8a508dc13daf724bd7db4554e0aea39527944c6324ea14e,https://www.bobswatches.com/images/zUsed-Rolex-GMT-Master-II-126710-SKU190352.jpg,harvest pose=CORRECTABLE decision=QUARANTINE,images/6e/6e82716dcc4cebf7b8a508dc13daf724bd7db4554e0aea39527944c6324ea14e.jpg,accepted,1412,2160,,true,432.42474,0.99861,0.12021,45,11,434.86561,true,9,-0.19303,-0.64460,0.67289,-0.05295,0.05043,true,,-0.16761,0.92050,-0.17633,0.91241,0.92929,-0.92050,-0.16761,1.39746,-1.38000,-0.27429,-0.31215,,0.80952,0.96667,-0.25835,-0.27168,0.03094,false,side edge coverage 0.48,,,,,,,,,,,,,0.47619,1.00000,true,,-1.35178,-1.31230,-1.33855,-1.32588,1.88406,1.35178,1.31230,1.38192,1.32646,0.37976,0.13691,,0.95238,1.00000,true,,0.27717,-0.53530,0.28117,-0.52862,0.59875,0.60217,-0.02761,0.36451,0.33162,0.15557,,0.52539,0.91667,1.00000,true,,-0.27942,-0.20482,-0.27739,-0.20705,0.34615,-0.13957,-0.31709,0.10509,-0.10165,0.02873,,0.49801,0.86111,0.95556,true,,-0.64835,-0.87602,-0.64216,-0.88317,1.09196,-0.99950,-0.43448,0.42947,-0.31805,-0.28786,,0.43875,0.88889,1.00000,true,,-0.50463,-0.56025,-0.50093,-0.56683,0.75646,-0.73750,0.15690,0.10704,0.10659,-0.00495,,0.32585,0.93056,1.00000,true,,-0.36704,-0.90775,-0.35827,-0.91422,0.98191,-0.60262,0.77174,0.05417,0.04227,-0.03364,,0.39236,0.94444,1.00000,true,,-0.03066,-0.87581,-0.02025,-0.87722,0.87746,-0.41135,0.77381,0.20856,-0.07493,-0.19421,,0.36104,0.93056,0.99444,true,,0.52035,-0.45931,0.52619,-0.45160,0.69341,-0.22099,0.65795,0.53883,-0.52809,-0.11087,,0.51050,1.00000,1.00000,true,,0.43897,-0.34924,0.44250,-0.34207,0.55930,0.08296,0.55478,0.39697,-0.38678,0.09443,,0.32753,0.87500,1.00000,1785,-0.000385,0.002117,0.002137,-0.002117,-0.000385,0.003214,-0.003173,-0.000631,,,,,,,,,-0.003109,-0.003018,0.004333,0.003109,0.003018,0.003178,0.003050,0.000873,0.000637,-0.001231,0.001377,0.001385,-0.000063,0.000838,0.000763,0.000358,-0.000643,-0.000471,0.000796,-0.000321,-0.000729,0.000242,-0.000234,0.000066,-0.001491,-0.002014,0.002511,-0.002298,-0.000999,0.000988,-0.000731,-0.000662,-0.001160,-0.001288,0.001740,-0.001696,0.000361,0.000246,0.000245,-0.000011,-0.000844,-0.002087,0.002258,-0.001386,0.001775,0.000125,0.000097,-0.000077,-0.000071,-0.002014,0.002018,-0.000946,0.001779,0.000480,-0.000172,-0.000447,0.001197,-0.001056,0.001595,-0.000508,0.001513,0.001239,-0.001214,-0.000255,0.001009,-0.000803,0.001286,0.000191,0.001276,0.000913,-0.000889,0.000217,0.001547,8,0.53883,0.001239
dbb2cbeadab719f9,images/db/dbb2cbeadab719f90c325a20bcf8dc6f4992393174ae965f6b604289c086aa48.jpg,gen,genuine_population,hv_page_85b8a94b47,126713GRNR,gold_surround_variant,established_dealer,https://bobswatches.com/pre-owned-two-tone-rolex-gmt-master-ii-ref-126713grnr-zombie-bezel.html,,dbb2cbeadab719f90c325a20bcf8dc6f4992393174ae965f6b604289c086aa48,https://www.bobswatches.com/images/zUsed-Rolex-GMT-Master-II-126713-SKU192996.jpg,harvest pose=CORRECTABLE decision=QUARANTINE,images/db/dbb2cbeadab719f90c325a20bcf8dc6f4992393174ae965f6b604289c086aa48.jpg,accepted,1412,2160,,true,432.34461,0.99483,0.17657,44,11,435.51964,true,8,-0.07494,-0.72882,0.73266,-0.04915,0.03234,true,,0.23949,0.65650,0.22471,0.65400,0.69153,-0.65650,0.23949,1.20904,-1.21648,0.13376,0.01769,,1.00000,1.00000,-0.14572,0.15412,-0.07914,true,,-0.20165,-0.63434,-0.18861,-0.63923,0.66648,-0.63434,0.20165,0.26927,0.25834,-0.07475,-0.03081,,0.90476,1.00000,true,,-0.97093,-1.35115,-0.93971,-1.36708,1.65891,0.97093,1.35115,1.13014,1.04181,0.43447,0.06685,,1.00000,1.00000,true,,-0.14799,-0.24934,-0.14258,-0.24985,0.28767,0.14193,-0.25283,0.26884,-0.27181,-0.00855,,0.36375,0.90278,1.00000,false,hand/occluder crosses outline (clean 0.78),,,,,,,,,,,,,0.58333,0.78333,true,,0.00740,-0.79019,0.02224,-0.78745,0.78776,-0.38869,-0.68802,0.37743,0.22941,-0.30013,,0.46589,0.88889,1.00000,false,hand/occluder crosses outline (clean 0.71),,,,,,,,,,,,,0.43056,0.70556,true,,0.70078,-1.17897,0.73204,-1.16350,1.37463,-1.37141,-0.01741,0.90410,-0.60970,-0.66136,,0.45490,0.90278,1.00000,true,,-0.58110,-1.39201,-0.54897,-1.40302,1.50660,-0.19276,1.49607,0.67449,0.26816,0.61776,,0.32726,0.95833,1.00000,true,,0.11453,-0.85473,0.13571,-0.84456,0.85539,0.32818,0.79748,0.05871,0.05805,0.00993,,0.37858,0.90278,1.00000,true,,0.59793,0.04581,0.59615,0.05983,0.59914,-0.33864,0.49492,0.83624,-0.84313,0.00817,,0.18399,0.72222,0.96111,2074,0.000550,0.001507,0.001588,-0.001507,0.000550,0.002776,-0.002793,0.000307,-0.000463,-0.001457,0.001530,-0.001457,0.000463,0.000618,0.000593,-0.000172,-0.002229,-0.003102,0.003809,0.002229,0.003102,0.002595,0.002392,0.000998,-0.000340,-0.000573,0.000661,0.000326,-0.000581,0.000617,-0.000624,-0.000020,,,,,,,,,0.000017,-0.001814,0.001809,-0.000892,-0.001580,0.000867,0.000527,-0.000689,,,,,,,,,0.001609,-0.002707,0.003156,-0.003149,-0.000040,0.002076,-0.001400,-0.001519,-0.001334,-0.003196,0.003459,-0.000443,0.003435,0.001549,0.000616,0.001418,0.000263,-0.001963,0.001964,0.000754,0.001831,0.000135,0.000133,0.000023,0.001373,0.000105,0.001376,-0.000778,0.001136,0.001920,-0.001936,0.000019,0.001682,6,0.90410,0.002076
63986cb1d64a9b73,images/63/63986cb1d64a9b7388f97a95db8c0a2bd593c7a17a34ef81db61c9249cfa7236.jpg,gen,genuine_population,hv_page_895c85a35d,126711CHNR,gold_surround_variant,rolex_cpo,https://watches-of-switzerland.co.uk/Rolex/GMT+Master-II-M126711CHNR+0002/p/17303781,,63986cb1d64a9b7388f97a95db8c0a2bd593c7a17a34ef81db61c9249cfa7236,https://content.thewosgroup.com/productimage/17303781/17303781_2.png?impolicy=hero-rolex,harvest pose=CORRECTABLE decision=QUARANTINE,images/63/63986cb1d64a9b7388f97a95db8c0a2bd593c7a17a34ef81db61c9249cfa7236.jpg,pose_rejected,1080,1080,overlay unavailable: centroid lattice evidence insufficient,false,,,,0,0,,,,,,,,,,,,,,,,,,,,,,,,,,,,,,,,,,,,,,,,,,,,,,,,,,,,,,,,,,,,,,,,,,,,,,,,,,,,,,,,,,,,,,,,,,,,,,,,,,,,,,,,,,,,,,,,,,,,,,,,,,,,,,,,,,,,,,,,,,,,,,,,,,,,,,,,,,,,,,,,,,,,,,,,,,,,,,,,,,,,,,,,,,,,,,,,,,,,,,,,,,,,,,,,,,,,,,,,,,,,,,,,,,,,,,,,,,,,,,,,,,,,,,,,,,,,,,,,,,,,,,,,,,,,,,,,,,,,,,,,
9c413fa7e1acc217,images/9c/9c413fa7e1acc217f6c6fcc57fc2bde1fcc67ce8a4b9aa1c6f3afa45b6564c53.jpg,gen,genuine_population,hv_page_8b423845eb,126713GRNR,gold_surround_variant,established_dealer,https://swisswatchexpo.com/watches/rolex-gmt-master-ii-yellow-gold-steel-grey-bezel-mens-watch-126713-69739,,9c413fa7e1acc217f6c6fcc57fc2bde1fcc67ce8a4b9aa1c6f3afa45b6564c53,https://cdn.swisswatchexpo.com/productphotos/4/15/rolex-gmt-master-ii-yellow-gold-steel-grey-bezel-mens-watch-126713-69739_42f8e.jpg,harvest pose=GOOD decision=QUARANTINE,images/9c/9c413fa7e1acc217f6c6fcc57fc2bde1fcc67ce8a4b9aa1c6f3afa45b6564c53.jpg,missing,,,,,,,,,,,,,,,,,,,,,,,,,,,,,,,,,,,,,,,,,,,,,,,,,,,,,,,,,,,,,,,,,,,,,,,,,,,,,,,,,,,,,,,,,,,,,,,,,,,,,,,,,,,,,,,,,,,,,,,,,,,,,,,,,,,,,,,,,,,,,,,,,,,,,,,,,,,,,,,,,,,,,,,,,,,,,,,,,,,,,,,,,,,,,,,,,,,,,,,,,,,,,,,,,,,,,,,,,,,,,,,,,,,,,,,,,,,,,,,,,,,,,,,,,,,,,,,,,,,,,,,,,,,,,,,,,,,,,,,,,,,,,,,,,
f85a71afc43a58de,images/f8/f85a71afc43a58de369164617c14ca6caa36149eece7eb04187457be8f9861b5.jpg,gen,genuine_population,hv_page_8b423845eb,126713GRNR,gold_surround_variant,established_dealer,https://swisswatchexpo.com/watches/rolex-gmt-master-ii-yellow-gold-steel-grey-bezel-mens-watch-126713-69739,,f85a71afc43a58de369164617c14ca6caa36149eece7eb04187457be8f9861b5,https://cdn.swisswatchexpo.com/productphotos/4/15/rolex-gmt-master-ii-yellow-gold-steel-grey-bezel-mens-watch-126713-69739_f4e44_md.jpg,harvest pose=GOOD decision=QUARANTINE,images/f8/f85a71afc43a58de369164617c14ca6caa36149eece7eb04187457be8f9861b5.jpg,missing,,,,,,,,,,,,,,,,,,,,,,,,,,,,,,,,,,,,,,,,,,,,,,,,,,,,,,,,,,,,,,,,,,,,,,,,,,,,,,,,,,,,,,,,,,,,,,,,,,,,,,,,,,,,,,,,,,,,,,,,,,,,,,,,,,,,,,,,,,,,,,,,,,,,,,,,,,,,,,,,,,,,,,,,,,,,,,,,,,,,,,,,,,,,,,,,,,,,,,,,,,,,,,,,,,,,,,,,,,,,,,,,,,,,,,,,,,,,,,,,,,,,,,,,,,,,,,,,,,,,,,,,,,,,,,,,,,,,,,,,,,,,,,,,,
53087b7c5cd561fc,images/53/53087b7c5cd561fcf6f3510ab45c4921d8acaff1e577cbf7e93734e6d5205d76.jpg,gen,genuine_population,hv_page_8b423845eb,126713GRNR,gold_surround_variant,established_dealer,https://swisswatchexpo.com/watches/rolex-gmt-master-ii-yellow-gold-steel-grey-bezel-mens-watch-126713-69739,,53087b7c5cd561fcf6f3510ab45c4921d8acaff1e577cbf7e93734e6d5205d76,https://cdn.swisswatchexpo.com/productphotos/4/15/rolex-gmt-master-ii-yellow-gold-steel-grey-bezel-mens-watch-126713-69739_c01dc_md.jpg,harvest pose=CORRECTABLE decision=QUARANTINE,images/53/53087b7c5cd561fcf6f3510ab45c4921d8acaff1e577cbf7e93734e6d5205d76.jpg,accepted,900,900,,true,159.47961,0.99867,0.23992,44,11,161.80021,true,8,-0.67917,0.22487,0.71543,-0.12279,0.04744,true,,-0.74182,0.25602,-0.73836,0.25642,0.78162,-0.25602,-0.74182,0.20987,0.13114,-0.16571,1.43383,,0.61905,1.00000,0.09089,2.36138,0.06196,true,,-0.86343,0.63039,-0.85785,0.61793,1.05723,0.63039,0.86343,0.55180,0.55201,0.07909,-0.14902,,0.80952,1.00000,true,,-0.87828,-0.00564,-0.86456,-0.00788,0.86459,0.87828,0.00564,0.36452,0.34513,0.13287,-0.30356,,0.90476,1.00000,true,,-0.70209,0.53795,-0.70299,0.53760,0.88500,-0.81692,-0.33905,0.11954,-0.11605,0.02951,,0.28226,0.94444,1.00000,false,hand/occluder crosses outline (clean 0.69),,,,,,,,,,,,,0.70833,0.69444,true,,-0.82777,0.09270,-0.82957,0.08798,0.83422,-0.67052,0.49417,0.15660,-0.03159,-0.15410,,0.34195,1.00000,1.00000,false,hand/occluder crosses outline (clean 0.60),,,,,,,,,,,,,0.62500,0.60000,true,,-0.65623,-0.13026,-0.64804,-0.13327,0.66160,0.21531,0.63345,0.16699,-0.16259,0.04711,,0.17147,0.87500,0.92222,true,,-0.23943,-0.27163,-0.23563,-0.26932,0.35785,0.07154,0.35495,0.47563,-0.47282,0.10227,,0.13444,0.87500,1.00000,true,,-0.30751,0.51617,-0.30323,0.51063,0.59388,0.00822,-0.60077,0.34759,-0.30774,-0.17028,,0.19732,0.94444,1.00000,true,,-0.68134,0.11665,-0.67441,0.11689,0.68446,0.23965,-0.64838,0.25976,0.25734,-0.05143,,0.13030,0.94444,1.00000,733,-0.004585,0.001582,0.004831,-0.001582,-0.004585,0.001297,0.000811,-0.001024,-0.005336,0.003896,0.006534,0.003896,0.005336,0.003410,0.003412,0.000489,-0.005428,-0.000035,0.005344,0.005428,0.000035,0.002253,0.002133,0.000821,-0.004339,0.003325,0.005470,-0.005049,-0.002095,0.000739,-0.000717,0.000182,,,,,,,,,-0.005116,0.000573,0.005156,-0.004144,0.003054,0.000968,-0.000195,-0.000952,,,,,,,,,-0.004056,-0.000805,0.004089,0.001331,0.003915,0.001032,-0.001005,0.000291,-0.001480,-0.001679,0.002212,0.000442,0.002194,0.002940,-0.002922,0.000632,-0.001901,0.003190,0.003670,0.000051,-0.003713,0.002148,-0.001902,-0.001052,-0.004211,0.000721,0.004230,0.001481,-0.004007,0.001605,0.001590,-0.000318,0.004422,6,0.47563,0.002940
afa2302de4e07e7f,images/af/afa2302de4e07e7fa9778e19a4dea6903af6325e30b82f3e1650533f287f2209.jpg,gen,genuine_population,hv_page_8d6873b55a,126711CHNR,gold_surround_variant,established_dealer,https://bobswatches.com/pre-owned-rolex-gmt-master-ii-ref-126711chnr-two-tone-everose.html,,afa2302de4e07e7fa9778e19a4dea6903af6325e30b82f3e1650533f287f2209,https://www.bobswatches.com/images/zRolex-GMT-Master-II-126711-148331.jpg,harvest pose=CORRECTABLE decision=QUARANTINE,images/af/afa2302de4e07e7fa9778e19a4dea6903af6325e30b82f3e1650533f287f2209.jpg,accepted,800,1224,,true,243.98273,0.99756,0.12805,45,11,244.99795,true,8,-0.22693,0.06501,0.23606,0.06787,-0.17205,true,,-1.27773,0.46301,-1.27941,0.45444,1.35772,-0.46301,-1.27773,0.70250,-0.52961,-0.46332,0.03985,,1.00000,1.00000,-0.12625,0.14183,-0.19069,true,,0.21815,0.70844,0.21425,0.71107,0.74264,0.70844,-0.21815,0.52955,0.51661,0.11092,-0.10174,,1.00000,1.00000,true,,-0.90621,0.22947,-0.90862,0.22447,0.93593,0.90621,-0.22947,0.67897,0.55420,0.39233,-0.27253,,1.00000,1.00000,true,,-0.97771,-0.43119,-0.97446,-0.43586,1.06749,-0.11543,-1.06232,0.31149,-0.07995,-0.30136,,0.26184,0.97222,1.00000,false,hand/occluder crosses outline (clean 0.71),,,,,,,,,,,,,0.63889,0.71111,true,,0.37331,-0.39455,0.37541,-0.39285,0.54338,0.12603,-0.52834,0.18412,0.15386,-0.10100,,0.26322,1.00000,1.00000,false,hand/occluder crosses outline (clean 0.66),,,,,,,,,,,,,0.55556,0.66111,true,,0.34711,0.19666,0.34640,0.19891,0.39945,-0.00325,-0.39894,0.31188,-0.30902,0.03605,,0.29014,1.00000,1.00000,true,,0.28856,0.58621,0.28489,0.58854,0.65386,0.04321,-0.65195,0.34004,-0.32120,-0.10982,,0.30386,1.00000,1.00000,true,,-0.48722,0.67352,-0.49203,0.67003,0.83128,0.08519,-0.82690,0.22055,-0.21294,-0.05830,,0.26092,1.00000,1.00000,true,,-0.64119,0.41010,-0.64360,0.40556,0.76072,-0.03457,-0.76033,0.23490,-0.22555,0.06690,,0.33131,1.00000,1.00000,1499,-0.005215,0.001890,0.005542,-0.001890,-0.005215,0.002867,-0.002162,-0.001891,0.000890,0.002892,0.003031,0.002892,-0.000890,0.002161,0.002109,0.000453,-0.003699,0.000937,0.003820,0.003699,-0.000937,0.002771,0.002262,0.001601,-0.003991,-0.001760,0.004357,-0.000471,-0.004336,0.001271,-0.000326,-0.001230,,,,,,,,,0.001524,-0.001610,0.002218,0.000514,-0.002157,0.000752,0.000628,-0.000412,,,,,,,,,0.001417,0.000803,0.001630,-0.000013,-0.001628,0.001273,-0.001261,0.000147,0.001178,0.002393,0.002669,0.000176,-0.002661,0.001388,-0.001311,-0.000448,-0.001989,0.002749,0.003393,0.000348,-0.003375,0.000900,-0.000869,-0.000238,-0.002617,0.001674,0.003105,-0.000141,-0.003103,0.000959,-0.000921,0.000273,0.000964,6,0.34004,0.001388
83e5cea4c73fcaee,images/83/83e5cea4c73fcaee87e0e9aea22a3fa94c05be9a0f73955bd62b0736931faf83.jpg,gen,genuine_population,hv_page_8ef1c41f5a,126710BLRO,primary_steel,established_dealer,https://bobswatches.com/rolex-gmt-master-ii-ref-126710blro-jubilee-bracelet.html,,83e5cea4c73fcaee87e0e9aea22a3fa94c05be9a0f73955bd62b0736931faf83,https://www.bobswatches.com/images/zUsed-Rolex-GMT-Master-II-126710-Black-Chromalight-Dial-SKU181073.jpg,harvest pose=CORRECTABLE decision=QUARANTINE,images/83/83e5cea4c73fcaee87e0e9aea22a3fa94c05be9a0f73955bd62b0736931faf83.jpg,missing,,,,,,,,,,,,,,,,,,,,,,,,,,,,,,,,,,,,,,,,,,,,,,,,,,,,,,,,,,,,,,,,,,,,,,,,,,,,,,,,,,,,,,,,,,,,,,,,,,,,,,,,,,,,,,,,,,,,,,,,,,,,,,,,,,,,,,,,,,,,,,,,,,,,,,,,,,,,,,,,,,,,,,,,,,,,,,,,,,,,,,,,,,,,,,,,,,,,,,,,,,,,,,,,,,,,,,,,,,,,,,,,,,,,,,,,,,,,,,,,,,,,,,,,,,,,,,,,,,,,,,,,,,,,,,,,,,,,,,,,,,,,,,,,,
9566194a0752a8c3,images/95/9566194a0752a8c3b41637aff7ce2f4b6b8f9e97b3af413436aa59031109ba16.jpg,gen,genuine_population,hv_page_942a7f5f12,126710BLRO,primary_steel,established_dealer,https://bobswatches.com/used-rolex-gmt-master-ii-pepsi-126710blro-jubilee-bracelet.html,,9566194a0752a8c3b41637aff7ce2f4b6b8f9e97b3af413436aa59031109ba16,https://www.bobswatches.com/images/zUsed-Rolex-GMT-Master-II-126710-Black-Dial-SKU183849.jpg,harvest pose=CORRECTABLE decision=QUARANTINE,images/95/9566194a0752a8c3b41637aff7ce2f4b6b8f9e97b3af413436aa59031109ba16.jpg,accepted,1412,2160,,true,432.25632,0.99584,0.17682,45,11,434.27235,true,10,0.04396,-0.80835,0.80954,0.00397,0.10626,false,hand/occluder crosses outline (clean 0.77),,,,,,,,,,,,,0.71429,0.76667,,,,true,,-0.91961,-1.17305,-0.92252,-1.17647,1.49503,-1.17305,0.91961,0.51762,-0.37440,0.35506,-0.07819,,0.57143,0.93333,true,,-0.56051,-1.23734,-0.55693,-1.23366,1.35354,0.56051,1.23734,0.61965,0.59109,-0.18245,0.20776,,1.00000,1.00000,true,,0.09544,-0.64559,0.09437,-0.63896,0.64589,0.60681,-0.24014,0.54154,-0.13188,-0.52666,,0.39800,0.88889,1.00000,true,,0.74070,-0.56065,0.73789,-0.55517,0.92342,0.92179,-0.11519,0.46960,0.46422,-0.08868,,0.29071,0.87500,0.97222,true,,-0.60386,0.29766,-0.60399,0.29671,0.67294,-0.37412,0.55971,0.62890,-0.02004,0.62981,,-0.08140,0.76389,1.00000,true,,-0.28293,-0.57107,-0.28450,-0.57223,0.63905,-0.63603,-0.04051,0.25398,0.03109,-0.25155,,0.31830,0.90278,1.00000,true,,-0.38753,-0.99838,-0.38695,-1.00079,1.07299,-0.67086,0.83480,0.19255,0.03984,-0.18789,,0.51147,0.95833,1.00000,true,,0.10317,-1.11112,0.10722,-1.11075,1.11591,-0.64491,0.91067,0.47699,-0.21534,-0.42505,,0.36452,0.95833,1.00000,true,,0.58217,-1.67399,0.58760,-1.66148,1.76233,0.33282,1.74081,0.36355,-0.04926,0.36150,,0.49496,0.94444,1.00000,true,,1.04765,-1.03809,1.04789,-1.02640,1.46682,0.37519,1.42633,0.45720,-0.31993,0.32816,,0.38470,0.90278,1.00000,1929,,,,,,,,,-0.002118,-0.002701,0.003443,-0.002701,0.002118,0.001192,-0.000862,0.000818,-0.001291,-0.002849,0.003117,0.001291,0.002849,0.001427,0.001361,-0.000420,0.000220,-0.001487,0.001487,0.001397,-0.000553,0.001247,-0.000304,-0.001213,0.001706,-0.001291,0.002126,0.002123,-0.000265,0.001081,0.001069,-0.000204,-0.001391,0.000685,0.001550,-0.000861,0.001289,0.001448,-0.000046,0.001450,-0.000652,-0.001315,0.001472,-0.001465,-0.000093,0.000585,0.000072,-0.000579,-0.000892,-0.002299,0.002471,-0.001545,0.001922,0.000443,0.000092,-0.000433,0.000238,-0.002559,0.002570,-0.001485,0.002097,0.001098,-0.000496,-0.000979,0.001341,-0.003855,0.004058,0.000766,0.004009,0.000837,-0.000113,0.000832,0.002412,-0.002390,0.003378,0.000864,0.003284,0.001053,-0.000737,0.000756,0.001864,8,0.62890,0.001448
c5f55ae2950cbedf,images/c5/c5f55ae2950cbedf56b816aaebf672de9d5dc079aa25091879ca423f8fb4d354.jpg,gen,genuine_population,hv_page_9f89f27cf4,126713GRNR,gold_surround_variant,established_dealer,https://bobswatches.com/rolex/gmt_master_ii-black,,c5f55ae2950cbedf56b816aaebf672de9d5dc079aa25091879ca423f8fb4d354,"https://www.bobswatches.com/cdn-cgi/image/fit=contain,sharpen=0.33,height=640,quality=82,format=jpeg/images/Used-Rolex-GMT-Master-II-126710-SKU192809.jpg",harvest pose=CORRECTABLE decision=REJECT,images/c5/c5f55ae2950cbedf56b816aaebf672de9d5dc079aa25091879ca423f8fb4d354.jpg,accepted,418,640,,true,127.96322,0.99696,0.15756,45,11,128.68435,true,10,-0.00731,-0.56491,0.56495,-0.00656,0.00373,true,,-0.12735,0.29772,-0.12793,0.29469,0.32126,-0.29772,-0.12735,0.85883,-0.85708,-0.12493,-0.68551,,1.00000,0.93333,-0.88754,-0.36775,-0.27395,true,,0.13514,-0.45849,0.13705,-0.45976,0.47975,-0.45849,-0.13514,0.18956,0.11398,-0.15059,-0.41379,,1.00000,0.93333,true,,-0.20209,-0.49235,-0.19917,-0.49215,0.53092,0.20209,0.49235,0.21507,0.19935,-0.08008,1.16650,,1.00000,0.80000,true,,0.12048,-0.50271,0.12094,-0.49829,0.51276,0.49560,-0.14701,0.13777,0.01676,0.13712,,0.39843,1.00000,1.00000,true,,0.01690,-0.58383,0.01710,-0.58052,0.58077,0.30655,-0.49716,0.03913,0.03826,-0.00916,,0.42400,0.86111,0.95556,true,,-0.17247,-0.50150,-0.17252,-0.50258,0.53137,-0.40011,-0.34808,0.16610,-0.10230,0.13080,,0.31763,0.88889,1.00000,true,,0.02177,-0.87695,0.02322,-0.87978,0.88009,-0.74858,-0.45733,0.31189,-0.24690,-0.18899,,0.40443,0.93056,1.00000,true,,-0.07143,-0.59051,-0.06881,-0.59285,0.59683,-0.47568,0.35712,0.06189,0.01688,0.05935,,0.40562,1.00000,1.00000,true,,-0.06749,-0.53709,-0.06441,-0.53801,0.54185,-0.21010,0.49888,0.07218,0.07191,-0.00275,,0.39273,1.00000,1.00000,true,,0.05749,-0.56670,0.06082,-0.56353,0.56680,0.23357,0.51952,0.05723,-0.05052,0.02701,,0.43287,1.00000,1.00000,true,,0.07055,-0.56358,0.07308,-0.55900,0.56375,0.45280,0.34288,0.07017,-0.03516,0.06092,,0.47052,0.79167,0.92222,812,-0.000990,0.002314,0.002496,-0.002314,-0.000990,0.006674,-0.006660,-0.000971,0.001050,-0.003563,0.003728,-0.003563,-0.001050,0.001473,0.000886,-0.001170,-0.001570,-0.003826,0.004126,0.001570,0.003826,0.001671,0.001549,-0.000622,0.000936,-0.003907,0.003985,0.003851,-0.001142,0.001071,0.000130,0.001066,0.000131,-0.004537,0.004513,0.002382,-0.003863,0.000304,0.000297,-0.000071,-0.001340,-0.003897,0.004129,-0.003109,-0.002705,0.001291,-0.000795,0.001016,0.000169,-0.006815,0.006839,-0.005817,-0.003554,0.002424,-0.001919,-0.001469,-0.000555,-0.004589,0.004638,-0.003696,0.002775,0.000481,0.000131,0.000461,-0.000524,-0.004174,0.004211,-0.001633,0.003877,0.000561,0.000559,-0.000021,0.000447,-0.004404,0.004405,0.001815,0.004037,0.000445,-0.000393,0.000210,0.000548,-0.004380,0.004381,0.003519,0.002665,0.000545,-0.000273,0.000473,0.004390,8,0.31189,0.002424
2347fbd181eb8847,images/23/2347fbd181eb8847f2d4e4c152985826cf24e47918969cfa0b1a9e022e96f90f.jpg,gen,genuine_population,hv_page_a13e399a8f,126710GRNR,primary_steel,established_dealer,https://bobswatches.com/pre-owned-black-and-grey-bruce-wayne-rolex-gmt-master-ii-ref-126710grnr.html,,2347fbd181eb8847f2d4e4c152985826cf24e47918969cfa0b1a9e022e96f90f,https://www.bobswatches.com/images/zUsed-Rolex-GMT-Master-II-126710-SKU194364-PL.jpg,harvest pose=GOOD decision=QUARANTINE,images/23/2347fbd181eb8847f2d4e4c152985826cf24e47918969cfa0b1a9e022e96f90f.jpg,accepted,1411,2160,,true,430.85236,0.99788,0.13346,45,11,433.85672,true,9,0.39950,-0.04305,0.40182,-0.05115,0.07668,true,,0.26366,1.80133,0.25980,1.78709,1.80588,-1.80133,0.26366,1.75821,-1.66822,-0.59951,0.46285,,1.00000,1.00000,0.28686,0.57863,0.24659,true,,-0.22678,0.23522,-0.22803,0.23547,0.32779,0.23522,0.22678,0.48626,0.44707,0.18743,-0.06796,,0.57143,0.96667,false,hand/occluder crosses outline (clean 0.27),,,,,,,,,,,,,0.47619,0.26667,true,,0.53247,0.74518,0.53092,0.74095,0.91153,-0.37911,0.83372,0.43470,-0.43660,0.03824,,0.53749,0.86111,0.99444,true,,0.64074,-0.05823,0.63952,-0.05592,0.64196,0.58401,0.26994,0.53419,0.39663,-0.36326,,0.45687,0.83333,0.97222,true,,-0.05451,0.38731,-0.05427,0.38717,0.39095,0.14644,0.36268,0.12849,0.00332,0.12859,,0.51143,0.94444,0.99444,true,,-0.30127,-0.02278,-0.30210,-0.02350,0.30301,-0.17037,0.24952,0.21039,-0.15120,0.14532,,0.45368,0.79167,1.00000,true,,0.58212,-0.68240,0.58677,-0.68320,0.90059,-0.88203,-0.16294,0.56101,-0.46376,-0.31139,,0.46413,0.90278,1.00000,true,,0.20406,-0.40014,0.20654,-0.40007,0.45024,-0.37679,0.24450,0.18428,0.17137,-0.06623,,0.50355,0.95833,1.00000,true,,0.92708,-0.60054,0.93008,-0.59472,1.10396,-0.50260,0.98362,0.27294,0.00130,0.27377,,0.52999,0.95833,1.00000,true,,0.84965,-0.16952,0.84919,-0.16549,0.86516,-0.27801,0.82058,0.06616,0.06361,-0.01916,,0.50026,0.81944,1.00000,1936,0.000608,0.004152,0.004162,-0.004152,0.000608,0.004053,-0.003845,-0.001382,-0.000523,0.000542,0.000756,0.000542,0.000523,0.001121,0.001030,0.000432,,,,,,,,,0.001227,0.001718,0.002101,-0.000874,0.001922,0.001002,-0.001006,0.000088,0.001477,-0.000134,0.001480,0.001346,0.000622,0.001231,0.000914,-0.000837,-0.000126,0.000893,0.000901,0.000338,0.000836,0.000296,0.000008,0.000296,-0.000694,-0.000053,0.000698,-0.000393,0.000575,0.000485,-0.000349,0.000335,0.001342,-0.001573,0.002076,-0.002033,-0.000376,0.001293,-0.001069,-0.000718,0.000470,-0.000922,0.001038,-0.000868,0.000564,0.000425,0.000395,-0.000153,0.002137,-0.001384,0.002545,-0.001158,0.002267,0.000629,0.000003,0.000631,0.001958,-0.000391,0.001994,-0.000641,0.001891,0.000152,0.000147,-0.000044,0.000926,8,0.56101,0.001293
17402db61e730278,images/17/17402db61e73027876c2562632a0e471361307e992849311c72df459562f94d4.jpg,gen,genuine_population,hv_page_a13e399a8f,126710GRNR,primary_steel,established_dealer,https://bobswatches.com/pre-owned-black-and-grey-bruce-wayne-rolex-gmt-master-ii-ref-126710grnr.html,,17402db61e73027876c2562632a0e471361307e992849311c72df459562f94d4,"https://www.bobswatches.com/cdn-cgi/image/width=768,quality=85,sharpen=0.5/images/zUsed-Rolex-GMT-Master-II-126710-SKU194364-PL.jpg",harvest pose=GOOD decision=QUARANTINE,images/17/17402db61e73027876c2562632a0e471361307e992849311c72df459562f94d4.jpg,accepted,768,1175,,true,234.85775,0.99948,0.13346,45,11,236.04781,true,9,0.22780,0.05849,0.23519,-0.05872,0.08056,true,,0.19730,1.03494,0.19502,1.02668,1.04504,-1.03494,0.19730,0.90749,-0.86614,-0.29564,0.46864,,1.00000,1.00000,0.31000,0.50209,0.01704,true,,-0.10488,0.12821,-0.10549,0.12831,0.16611,0.12821,0.10488,0.19362,0.17485,0.08198,0.10825,,0.90476,1.00000,false,hand/occluder crosses outline (clean 0.23),,,,,,,,,,,,,0.47619,0.23333,true,,0.30152,0.51853,0.30062,0.51524,0.59653,-0.29830,0.52039,0.24833,-0.24924,0.02442,,0.31993,0.97222,1.00000,true,,0.35610,-0.02775,0.35544,-0.02647,0.35642,0.32227,0.15402,0.38388,0.26675,-0.27984,,0.25697,0.91667,0.96667,true,,-0.07265,0.39184,-0.07245,0.39144,0.39809,0.13300,0.37567,0.17038,0.01945,0.16951,,0.30634,1.00000,1.00000,true,,-0.15418,0.05421,-0.15462,0.05398,0.16377,-0.03014,0.16063,0.10104,-0.08158,0.05906,,0.36719,1.00000,1.00000,true,,0.25352,-0.27569,0.25548,-0.27583,0.37597,-0.36551,-0.08171,0.22791,-0.18924,-0.12526,,0.38997,1.00000,1.00000,true,,0.16789,-0.13860,0.16909,-0.13828,0.21844,-0.21470,0.03609,0.09612,0.06616,-0.06956,,0.37833,1.00000,1.00000,true,,0.54222,-0.24075,0.54359,-0.23779,0.59333,-0.34920,0.47961,0.14620,-0.01033,0.14624,,0.42564,1.00000,1.00000,true,,0.50922,0.00756,0.50869,0.00922,0.50878,-0.26116,0.43722,0.01554,0.01561,-0.00073,,0.38745,0.95833,1.00000,1514,0.000836,0.004384,0.004427,-0.004384,0.000836,0.003845,-0.003669,-0.001252,-0.000444,0.000543,0.000704,0.000543,0.000444,0.000820,0.000741,0.000347,,,,,,,,,0.001277,0.002197,0.002527,-0.001264,0.002205,0.001052,-0.001056,0.000103,0.001509,-0.000118,0.001510,0.001365,0.000652,0.001626,0.001130,-0.001186,-0.000308,0.001660,0.001686,0.000563,0.001591,0.000722,0.000082,0.000718,-0.000653,0.000230,0.000694,-0.000128,0.000680,0.000428,-0.000346,0.000250,0.001074,-0.001168,0.001593,-0.001548,-0.000346,0.000966,-0.000802,-0.000531,0.000711,-0.000587,0.000925,-0.000910,0.000153,0.000407,0.000280,-0.000295,0.002297,-0.001020,0.002514,-0.001479,0.002032,0.000619,-0.000044,0.000620,0.002157,0.000032,0.002155,-0.001106,0.001852,0.000066,0.000066,-0.000003,0.000996,8,0.38388,0.001626
926772fdb706c1e7,images/92/926772fdb706c1e748be608b3a753999893cc25ca591893affc39c33c4cf694a.jpg,gen,genuine_population,hv_page_a261fbdf78,126710BLRO,primary_steel,established_dealer,https://bobswatches.com/pre-owned-rolex-gmt-master-ii-pepsi-126710blro-jubilee-band.html,,926772fdb706c1e748be608b3a753999893cc25ca591893affc39c33c4cf694a,https://www.bobswatches.com/images/zUsed-Rolex-GMT-Master-II-126710-SKU185958.jpg,harvest pose=GOOD decision=QUARANTINE,images/92/926772fdb706c1e748be608b3a753999893cc25ca591893affc39c33c4cf694a.jpg,accepted,1412,2160,,true,433.12050,0.98641,0.13682,45,11,434.29866,true,9,0.36189,-1.09700,1.15515,-0.04304,0.09064,true,,1.07129,0.34721,1.07088,0.34230,1.12425,-0.34721,1.07129,1.29833,-1.29501,0.15654,0.38978,,1.00000,1.00000,0.16093,0.53730,0.09874,true,,-0.14119,-0.64787,-0.14378,-0.64876,0.66450,-0.64787,0.14119,0.59186,0.59048,-0.01187,0.26650,,0.76190,1.00000,true,,-0.73768,-1.55359,-0.74105,-1.54955,1.71763,0.73768,1.55359,1.24699,1.24455,-0.06238,0.18712,,0.80952,0.80000,true,,0.69025,-0.50284,0.68696,-0.50269,0.85124,0.78060,0.34635,0.20058,-0.20050,0.01983,,0.33364,0.94444,1.00000,true,,0.82397,-0.68469,0.81963,-0.68505,1.06821,1.05593,-0.18097,0.34295,0.34257,0.02796,,0.29152,0.70833,0.90000,true,,-0.11817,-1.26828,-0.12478,-1.26836,1.27448,-0.73648,-1.03928,0.58367,-0.35265,-0.46464,,0.37365,0.81944,1.00000,false,hand/occluder crosses outline (clean 0.66),,,,,,,,,,,,,0.52778,0.65556,true,,-0.10903,-1.98090,-0.11452,-1.98447,1.98777,-1.66099,1.08487,0.47856,-0.37599,0.29458,,0.35495,0.97222,1.00000,true,,0.39019,-1.65859,0.38749,-1.66112,1.70572,-1.16721,1.24128,0.17238,-0.14996,-0.08447,,0.26012,1.00000,1.00000,true,,1.09703,-1.35199,1.09402,-1.35153,1.73882,-0.27407,1.71937,0.35467,-0.35401,0.02791,,0.44846,0.95833,1.00000,true,,1.33340,-1.03354,1.32918,-1.03319,1.68351,0.22837,1.67152,0.45867,-0.38703,0.24781,,0.40893,0.91667,1.00000,1839,0.002467,0.000799,0.002589,-0.000799,0.002467,0.002989,-0.002982,0.000360,-0.000325,-0.001492,0.001530,-0.001492,0.000325,0.001363,0.001360,-0.000027,-0.001699,-0.003577,0.003955,0.001699,0.003577,0.002871,0.002866,-0.000144,0.001589,-0.001158,0.001960,0.001797,0.000797,0.000462,-0.000462,0.000046,0.001897,-0.001577,0.002460,0.002431,-0.000417,0.000790,0.000789,0.000064,-0.000272,-0.002920,0.002935,-0.001696,-0.002393,0.001344,-0.000812,-0.001070,,,,,,,,,-0.000251,-0.004561,0.004577,-0.003825,0.002498,0.001102,-0.000866,0.000678,0.000898,-0.003819,0.003928,-0.002688,0.002858,0.000397,-0.000345,-0.000194,0.002526,-0.003113,0.004004,-0.000631,0.003959,0.000817,-0.000815,0.000064,0.003070,-0.002380,0.003876,0.000526,0.003849,0.001056,-0.000891,0.000571,0.002660,7,0.58367,0.001344
efaeab699876765e,images/ef/efaeab699876765ee91857e5c59a604a03fb400e78e36465db2ddf432f139b42.jpg,gen,genuine_population,hv_page_a94c777d6c,126710GRNR,primary_steel,established_dealer,https://bobswatches.com/rolex-gmt-master-ii-ref-126710grnr-bruce-wayne.html,,efaeab699876765ee91857e5c59a604a03fb400e78e36465db2ddf432f139b42,https://www.bobswatches.com/images/zUsed-Rolex-GMT-Master-II-126710-Black-Dial-SKU181440.jpg,harvest pose=GOOD decision=QUARANTINE,images/ef/efaeab699876765ee91857e5c59a604a03fb400e78e36465db2ddf432f139b42.jpg,missing,,,,,,,,,,,,,,,,,,,,,,,,,,,,,,,,,,,,,,,,,,,,,,,,,,,,,,,,,,,,,,,,,,,,,,,,,,,,,,,,,,,,,,,,,,,,,,,,,,,,,,,,,,,,,,,,,,,,,,,,,,,,,,,,,,,,,,,,,,,,,,,,,,,,,,,,,,,,,,,,,,,,,,,,,,,,,,,,,,,,,,,,,,,,,,,,,,,,,,,,,,,,,,,,,,,,,,,,,,,,,,,,,,,,,,,,,,,,,,,,,,,,,,,,,,,,,,,,,,,,,,,,,,,,,,,,,,,,,,,,,,,,,,,,,
4a94d34c327f63b7,images/4a/4a94d34c327f63b738975db9649338017844afd1585ca539cf4c508fbbd90a4c.jpg,gen,genuine_population,hv_page_acf3ed7596,126711CHNR,gold_surround_variant,established_dealer,https://bobswatches.com/used-rolex-gmt-master-ii-ref-126711chnr-root-beer.html,,4a94d34c327f63b738975db9649338017844afd1585ca539cf4c508fbbd90a4c,https://www.bobswatches.com/images/zUsed-Rolex-GMT-Master-II-126711-SKU189511-PL.jpg,harvest pose=CORRECTABLE decision=QUARANTINE,images/4a/4a94d34c327f63b738975db9649338017844afd1585ca539cf4c508fbbd90a4c.jpg,accepted,1412,2160,,true,433.06195,0.99678,0.12476,45,11,435.31782,true,9,0.10782,-1.11006,1.11528,-0.07379,-0.03164,true,,-0.23458,0.76933,-0.23978,0.76408,0.80082,-0.76933,-0.23458,1.62301,-1.62353,-0.14240,0.04640,,0.90476,1.00000,-0.09745,0.10740,-0.25227,true,,-0.03971,-0.89945,-0.03351,-0.90313,0.90375,-0.89945,0.03971,0.55802,0.45402,0.32112,-0.30491,,0.66667,1.00000,true,,-0.24778,-0.82792,-0.24118,-0.83073,0.86503,0.24778,0.82792,0.60084,0.59025,-0.10149,-0.42597,,0.95238,0.96667,false,hand/occluder crosses outline (clean 0.58),,,,,,,,,,,,,0.54167,0.57778,true,,-0.27927,-1.24575,-0.27231,-1.24455,1.27400,0.38102,-1.21849,0.11088,0.00013,-0.11100,,0.42248,0.91667,1.00000,true,,0.39612,-1.61168,0.40478,-1.61044,1.66053,-0.46279,-1.59382,0.46966,0.26724,-0.38642,,0.30648,0.94444,0.98889,true,,-0.04226,-1.65515,-0.03239,-1.66041,1.66073,-1.45453,-0.79097,0.28605,-0.28131,0.04638,,0.33602,0.95833,1.00000,true,,0.35456,-1.53378,0.36835,-1.53730,1.58081,-1.50557,0.45983,0.29904,-0.23244,0.18627,,0.32757,0.90278,0.98889,true,,0.71197,-1.06969,0.72425,-1.06724,1.28978,-1.15143,0.57039,0.28944,-0.24836,-0.14636,,0.30038,0.94444,1.00000,true,,0.36076,-0.72118,0.36779,-0.71715,0.80596,0.04816,0.80494,0.16027,-0.15968,-0.01173,,0.25940,0.88889,1.00000,true,,0.40861,-0.62310,0.41379,-0.61747,0.74330,0.33531,0.66542,0.38424,-0.31572,0.21881,,0.22326,0.91667,1.00000,1801,-0.000539,0.001767,0.001840,-0.001767,-0.000539,0.003728,-0.003730,-0.000327,-0.000091,-0.002066,0.002076,-0.002066,0.000091,0.001282,0.001043,0.000738,-0.000569,-0.001902,0.001987,0.000569,0.001902,0.001380,0.001356,-0.000233,,,,,,,,,-0.000642,-0.002862,0.002927,0.000875,-0.002799,0.000255,0.000000,-0.000255,0.000910,-0.003702,0.003815,-0.001063,-0.003661,0.001079,0.000614,-0.000888,-0.000097,-0.003802,0.003815,-0.003341,-0.001817,0.000657,-0.000646,0.000107,0.000814,-0.003523,0.003631,-0.003459,0.001056,0.000687,-0.000534,0.000428,0.001636,-0.002457,0.002963,-0.002645,0.001310,0.000665,-0.000571,-0.000336,0.000829,-0.001657,0.001851,0.000111,0.001849,0.000368,-0.000367,-0.000027,0.000939,-0.001431,0.001707,0.000770,0.001529,0.000883,-0.000725,0.000503,0.002562,7,0.46966,0.001079
a5bfa50b177fadd3,images/a5/a5bfa50b177fadd3cdc00d1d2019978c5469fe2b842b9001d8ae4dc3cdb7105e.jpg,gen,genuine_population,hv_page_b0bc85b625,126710GRNR,primary_steel,established_dealer,https://bobswatches.com/used-rolex-gmt-master-ii-ref-126710grnr-grey-and-black-bruce-wayne.html,,a5bfa50b177fadd3cdc00d1d2019978c5469fe2b842b9001d8ae4dc3cdb7105e,https://www.bobswatches.com/images/zPre-Owned-Rolex-GMT-Master-II-126710-SKU187386-Black-Dial.jpg,harvest pose=CORRECTABLE decision=QUARANTINE,images/a5/a5bfa50b177fadd3cdc00d1d2019978c5469fe2b842b9001d8ae4dc3cdb7105e.jpg,accepted,1412,2160,,true,432.41913,0.99092,0.15434,44,11,433.64826,true,10,-0.58717,-1.44915,1.56359,0.07016,0.08486,true,,-0.75990,-0.47689,-0.75516,-0.47669,0.89303,0.47689,-0.75990,1.38212,-1.21735,-0.67791,-0.26250,,0.95238,1.00000,-0.41744,-0.14196,-0.38616,true,,-1.27902,-1.12574,-1.27691,-1.13490,1.70836,-1.12574,1.27902,0.22131,0.09559,0.19871,-0.08288,,0.66667,1.00000,true,,-1.59854,-2.14606,-1.58180,-2.14797,2.66756,1.59854,2.14606,0.80165,0.77349,0.20997,0.05177,,1.00000,0.96667,true,,0.09338,-1.24262,0.09834,-1.23056,1.23448,1.12283,-0.54043,0.19589,-0.08350,0.17858,,0.45558,0.84722,0.98333,true,,-0.19069,-1.21157,-0.18666,-1.20405,1.21843,0.44065,-1.14460,0.11314,-0.01665,-0.11234,,0.47327,0.77778,0.87222,true,,-0.65107,-1.18314,-0.64833,-1.18568,1.35136,-1.15541,-0.69910,0.30776,-0.16163,-0.26214,,0.46362,0.91667,1.00000,true,,-0.85328,-0.86192,-0.85206,-0.86778,1.21616,-1.17308,0.30800,0.13433,0.13394,-0.00407,,0.48223,0.97222,1.00000,true,,-1.15887,-1.46630,-1.15227,-1.47540,1.87204,-0.69041,1.73676,0.03397,0.02131,-0.02639,,0.49002,0.90278,1.00000,true,,-0.56948,-1.64729,-0.55693,-1.65025,1.74170,-0.33046,1.71133,0.51917,-0.36777,-0.36506,,0.41956,0.95833,1.00000,true,,-0.33901,-2.07269,-0.32116,-2.06137,2.08624,1.32993,1.62549,0.21439,-0.15846,0.14440,,0.59022,1.00000,1.00000,true,,-0.12119,-1.80874,-0.10764,-1.79343,1.79666,1.62701,0.79942,0.18616,-0.17462,0.06735,,0.46731,0.90278,1.00000,1787,-0.001752,-0.001100,0.002059,0.001100,-0.001752,0.003187,-0.002807,-0.001563,-0.002949,-0.002596,0.003940,-0.002596,0.002949,0.000510,0.000220,0.000458,-0.003686,-0.004949,0.006151,0.003686,0.004949,0.001849,0.001784,0.000484,0.000215,-0.002866,0.002847,0.002589,-0.001246,0.000452,-0.000193,0.000412,-0.000440,-0.002794,0.002810,0.001016,-0.002639,0.000261,-0.000038,-0.000259,-0.001501,-0.002728,0.003116,-0.002664,-0.001612,0.000710,-0.000373,-0.000604,-0.001968,-0.001988,0.002804,-0.002705,0.000710,0.000310,0.000309,-0.000009,-0.002672,-0.003381,0.004317,-0.001592,0.004005,0.000078,0.000049,-0.000061,-0.001313,-0.003799,0.004016,-0.000762,0.003946,0.001197,-0.000848,-0.000842,-0.000782,-0.004780,0.004811,0.003067,0.003748,0.000494,-0.000365,0.000333,-0.000279,-0.004171,0.004143,0.003752,0.001843,0.000429,-0.000403,0.000155,0.003606,8,0.51917,0.001197
0556ad9173b440ec,images/05/0556ad9173b440ec9c8e36268bd77e23215de4f940ac383113f89535dc49ab97.jpg,gen,genuine_population,hv_page_b25aaeffa2,126710GRNR,primary_steel,established_dealer,https://bobswatches.com/pre-owned-rolex-gmt-master-ii-ref-126710grnr-steel-bruce-wayne.html,,0556ad9173b440ec9c8e36268bd77e23215de4f940ac383113f89535dc49ab97,https://www.bobswatches.com/images/zUsed-Rolex-GMT-Master-II-126710-SKU188819.jpg,harvest pose=CORRECTABLE decision=QUARANTINE,images/05/0556ad9173b440ec9c8e36268bd77e23215de4f940ac383113f89535dc49ab97.jpg,missing,,,,,,,,,,,,,,,,,,,,,,,,,,,,,,,,,,,,,,,,,,,,,,,,,,,,,,,,,,,,,,,,,,,,,,,,,,,,,,,,,,,,,,,,,,,,,,,,,,,,,,,,,,,,,,,,,,,,,,,,,,,,,,,,,,,,,,,,,,,,,,,,,,,,,,,,,,,,,,,,,,,,,,,,,,,,,,,,,,,,,,,,,,,,,,,,,,,,,,,,,,,,,,,,,,,,,,,,,,,,,,,,,,,,,,,,,,,,,,,,,,,,,,,,,,,,,,,,,,,,,,,,,,,,,,,,,,,,,,,,,,,,,,,,,
734ed2e51fcdbe6d,images/73/734ed2e51fcdbe6d4ba2b92115d2a46684921df655689088c062234c3f5b0ed6.jpg,gen,genuine_population,hv_page_b2ff5f4520,126710GRNR,primary_steel,established_dealer,https://bobswatches.com/pre-owned-rolex-gmt-master-ii-ref-126710grnr-stainless-steel.html,,734ed2e51fcdbe6d4ba2b92115d2a46684921df655689088c062234c3f5b0ed6,https://www.bobswatches.com/images/zUsed-Rolex-GMT-Master-II-126710-Bruce-Wayne-SKU180863.jpg,harvest pose=GOOD decision=QUARANTINE,images/73/734ed2e51fcdbe6d4ba2b92115d2a46684921df655689088c062234c3f5b0ed6.jpg,missing,,,,,,,,,,,,,,,,,,,,,,,,,,,,,,,,,,,,,,,,,,,,,,,,,,,,,,,,,,,,,,,,,,,,,,,,,,,,,,,,,,,,,,,,,,,,,,,,,,,,,,,,,,,,,,,,,,,,,,,,,,,,,,,,,,,,,,,,,,,,,,,,,,,,,,,,,,,,,,,,,,,,,,,,,,,,,,,,,,,,,,,,,,,,,,,,,,,,,,,,,,,,,,,,,,,,,,,,,,,,,,,,,,,,,,,,,,,,,,,,,,,,,,,,,,,,,,,,,,,,,,,,,,,,,,,,,,,,,,,,,,,,,,,,,
3108248748f8ed97,images/31/3108248748f8ed974cf6be94a7c4a06ae3cafa6eddb86decf72c9f0544974758.jpg,gen,genuine_population,hv_page_b4498e472c,126710BLRO,primary_steel,established_dealer,https://bobswatches.com/used-rolex-gmt-master-ii-jubilee-bracelet-ref-126710blro-pepsi.html,,3108248748f8ed974cf6be94a7c4a06ae3cafa6eddb86decf72c9f0544974758,https://www.bobswatches.com/images/z192480-Used-Rolex-GMT-Master-II-126710-SKU192480.jpg,harvest pose=GOOD decision=QUARANTINE,images/31/3108248748f8ed974cf6be94a7c4a06ae3cafa6eddb86decf72c9f0544974758.jpg,accepted,1412,2160,,true,430.78681,0.99632,0.13359,45,11,434.56680,true,9,0.45330,-1.27943,1.35736,-0.00491,0.10684,true,,-0.17597,0.30908,-0.17611,0.30527,0.35243,-0.30908,-0.17597,2.01206,-1.57803,-1.27435,-0.35737,,0.95238,1.00000,-0.40077,-0.31973,-0.37824,true,,-0.14458,-0.70645,-0.14401,-0.70806,0.72256,-0.70645,0.14458,0.59700,0.59569,-0.01653,-0.08141,,0.61905,1.00000,true,,-0.38637,-2.35604,-0.37683,-2.34975,2.37977,0.38637,2.35604,0.96930,0.85328,0.45814,-0.07301,,1.00000,1.00000,false,hand/occluder crosses outline (clean 0.51),,,,,,,,,,,,,0.50000,0.51111,true,,0.57991,-0.45332,0.57827,-0.44767,0.73130,0.72888,-0.10263,0.31150,-0.28716,0.12706,,0.44523,0.76389,0.90000,true,,0.28343,-0.72141,0.28295,-0.71944,0.77308,-0.11525,-0.76647,0.17723,0.15473,-0.08600,,0.41045,0.93056,1.00000,true,,0.09961,-1.24501,0.09996,-1.24595,1.24996,-1.02841,-0.70877,0.35604,-0.12272,-0.33402,,0.37226,0.87500,1.00000,true,,0.16792,-2.29691,0.17596,-2.30062,2.30734,-2.07314,1.00303,0.72430,-0.71667,0.09177,,0.26781,0.90278,0.98889,true,,0.22614,-1.64066,0.23412,-1.63976,1.65639,-1.01618,1.30778,0.24166,0.03458,-0.23919,,0.31882,0.94444,1.00000,true,,0.83717,-1.82298,0.84577,-1.80834,1.99635,0.18648,1.99733,0.04873,-0.04878,-0.00043,,0.36230,0.90278,0.88333,true,,1.23635,-1.30373,1.23945,-1.28722,1.78694,0.51089,1.72257,0.35927,-0.36009,0.03053,,0.43934,0.93056,1.00000,1988,-0.000405,0.000711,0.000811,-0.000711,-0.000405,0.004630,-0.003631,-0.002932,-0.000333,-0.001626,0.001663,-0.001626,0.000333,0.001374,0.001371,-0.000038,-0.000889,-0.005422,0.005476,0.000889,0.005422,0.002230,0.001964,0.001054,,,,,,,,,0.001334,-0.001043,0.001683,0.001677,-0.000236,0.000717,-0.000661,0.000292,0.000652,-0.001660,0.001779,-0.000265,-0.001764,0.000408,0.000356,-0.000198,0.000229,-0.002865,0.002876,-0.002367,-0.001631,0.000819,-0.000282,-0.000769,0.000386,-0.005286,0.005310,-0.004771,0.002308,0.001667,-0.001649,0.000211,0.000520,-0.003775,0.003812,-0.002338,0.003009,0.000556,0.000080,-0.000550,0.001926,-0.004195,0.004594,0.000429,0.004596,0.000112,-0.000112,-0.000001,0.002845,-0.003000,0.004112,0.001176,0.003964,0.000827,-0.000829,0.000070,0.003123,7,0.72430,0.001667
7888550a54853ebb,images/78/7888550a54853ebbf92cbfd6aa9d4a55667371f0b38ad44e2126371ee867c620.jpg,gen,genuine_population,hv_page_b4a5b2d850,126710BLNR,primary_steel,established_dealer,https://bobswatches.com/used-stainless-steel-rolex-gmt-master-ii-batman-ref-116710blnr.html,,7888550a54853ebbf92cbfd6aa9d4a55667371f0b38ad44e2126371ee867c620,https://www.bobswatches.com/images/zUsed-Rolex-GMT-Master-II-116710-SKU191816.jpg,harvest pose=GOOD decision=QUARANTINE,images/78/7888550a54853ebbf92cbfd6aa9d4a55667371f0b38ad44e2126371ee867c620.jpg,missing,,,,,,,,,,,,,,,,,,,,,,,,,,,,,,,,,,,,,,,,,,,,,,,,,,,,,,,,,,,,,,,,,,,,,,,,,,,,,,,,,,,,,,,,,,,,,,,,,,,,,,,,,,,,,,,,,,,,,,,,,,,,,,,,,,,,,,,,,,,,,,,,,,,,,,,,,,,,,,,,,,,,,,,,,,,,,,,,,,,,,,,,,,,,,,,,,,,,,,,,,,,,,,,,,,,,,,,,,,,,,,,,,,,,,,,,,,,,,,,,,,,,,,,,,,,,,,,,,,,,,,,,,,,,,,,,,,,,,,,,,,,,,,,,,
b93685d799ec9f84,images/b9/b93685d799ec9f84922f15b567e62629577f8ff76b7c23b7087eb63a05128546.jpg,gen,genuine_population,hv_page_b64df841ae,126713GRNR,gold_surround_variant,rolex_cpo,https://watches-of-switzerland.co.uk/Rolex/GMT+Master-II-M126713GRNR+0001/p/17305525,,b93685d799ec9f84922f15b567e62629577f8ff76b7c23b7087eb63a05128546,https://content.thewosgroup.com/productimage/17305525/17305525_2.png?impolicy=hero-rolex,harvest pose=CORRECTABLE decision=REJECT,images/b9/b93685d799ec9f84922f15b567e62629577f8ff76b7c23b7087eb63a05128546.jpg,accepted,1080,1080,,true,141.56314,0.99337,0.25471,46,11,142.51637,true,7,-0.10474,-0.27030,0.28988,-0.07948,0.00121,true,,0.27762,0.71574,0.27711,0.70935,0.76156,-0.71574,0.27762,0.96641,-0.89688,0.37994,0.07476,,0.71429,1.00000,0.09195,0.07662,0.14406,false,hand/occluder crosses outline (clean 0.73),,,,,,,,,,,,,0.90476,0.73333,true,,0.22466,0.10363,0.22451,0.10315,0.24708,-0.22466,-0.10363,0.44756,-0.24386,-0.37758,-0.31573,,1.00000,1.00000,true,,-0.06926,-0.06873,-0.06921,-0.06815,0.09714,0.02489,-0.09435,0.14467,-0.06595,0.12974,,0.11582,0.79167,1.00000,false,hand/occluder crosses outline (clean 0.63),,,,,,,,,,,,,0.68056,0.63333,true,,-0.29562,-0.35561,-0.29653,-0.35452,0.46219,-0.43382,-0.16016,0.11712,-0.11522,0.02030,,0.00585,0.87500,1.00000,false,hand/occluder crosses outline (clean 0.79),,,,,,,,,,,,,0.55556,0.79444,true,,-0.07017,-0.37836,-0.06992,-0.37775,0.38417,-0.29258,0.24994,0.02733,-0.01760,0.02096,,0.01592,0.93056,1.00000,true,,-0.04836,-0.36351,-0.04779,-0.36240,0.36554,-0.13988,0.33899,0.04883,-0.00267,0.04890,,0.01917,0.81944,1.00000,true,,-0.15014,-0.35627,-0.14940,-0.35378,0.38403,0.30816,0.23347,0.17938,0.17369,0.04811,,-0.42432,0.86111,1.00000,true,,-0.11203,-0.45477,-0.11141,-0.45092,0.46447,0.44986,0.13036,0.26518,0.25429,0.08278,,-0.49470,0.93056,1.00000,743,0.001948,0.005022,0.005344,-0.005022,0.001948,0.006781,-0.006293,0.002666,,,,,,,,,0.001576,0.000727,0.001734,-0.001576,-0.000727,0.003140,-0.001711,-0.002649,-0.000486,-0.000482,0.000682,0.000175,-0.000662,0.001015,-0.000463,0.000910,,,,,,,,,-0.002074,-0.002495,0.003243,-0.003044,-0.001124,0.000822,-0.000808,0.000142,,,,,,,,,-0.000492,-0.002655,0.002696,-0.002053,0.001754,0.000192,-0.000123,0.000147,-0.000339,-0.002551,0.002565,-0.000982,0.002379,0.000343,-0.000019,0.000343,-0.001053,-0.002500,0.002695,0.002162,0.001638,0.001259,0.001219,0.000338,-0.000786,-0.003191,0.003259,0.003157,0.000915,0.001861,0.001784,0.000581,0.002034,6,0.26518,0.001861
12647e0fbeac93c0,images/12/12647e0fbeac93c086af6851f26fa4dde839c57fd0162bead7938d2804802ee4.jpg,gen,genuine_population,hv_page_b77c1bf9fc,126711CHNR,gold_surround_variant,established_dealer,https://bobswatches.com/unworn-rolex-gmt-master-ii-ref-126711-root-beer-model.html,,12647e0fbeac93c086af6851f26fa4dde839c57fd0162bead7938d2804802ee4,https://www.bobswatches.com/images/zRolex-GMT-Master-126711---119744.jpg,harvest pose=CORRECTABLE decision=QUARANTINE,images/12/12647e0fbeac93c086af6851f26fa4dde839c57fd0162bead7938d2804802ee4.jpg,accepted,800,1504,,true,257.33980,0.99745,0.14837,44,11,245.03892,true,10,0.04618,0.20365,0.20882,-0.10917,-0.02046,true,,-0.24207,1.25203,-0.25231,1.25139,1.27657,-1.25203,-0.24207,0.86436,-0.83496,-0.21993,-0.82848,,1.00000,1.00000,-1.07850,-0.58376,-0.84733,true,,0.13486,0.31324,0.13231,0.31393,0.34067,0.31324,-0.13486,0.31233,0.31194,-0.02097,0.70808,,0.76190,1.00000,true,,-0.11006,0.39369,-0.11309,0.39292,0.40887,0.11006,-0.39369,0.38094,0.35985,-0.12432,0.66558,,1.00000,1.00000,true,,-0.29594,0.49212,-0.30017,0.49018,0.57478,-0.57416,-0.01023,0.22064,-0.20458,-0.08214,,0.12553,0.97222,1.00000,true,,-0.23705,0.03911,-0.23741,0.03728,0.24032,-0.22485,-0.08466,0.21995,0.05283,-0.21348,,0.02605,0.75000,0.96667,true,,-0.17573,0.04922,-0.17608,0.04786,0.18246,-0.12758,0.13049,0.07262,-0.05319,0.04947,,0.18286,0.98611,1.00000,true,,-0.17467,-0.08552,-0.17389,-0.08673,0.19431,-0.16139,0.10851,0.18686,-0.14392,0.11939,,0.25758,0.95833,1.00000,true,,0.38942,0.09191,0.38871,0.09474,0.40009,-0.11512,-0.38320,0.17621,-0.04985,-0.16903,,0.16492,0.90278,1.00000,true,,0.48306,0.18806,0.48182,0.19164,0.51853,-0.32431,-0.40440,0.21387,-0.16714,-0.13331,,0.22469,0.95833,0.97222,true,,0.44747,0.14565,0.44677,0.14923,0.47104,-0.46035,0.09760,0.33632,-0.09988,0.32089,,0.11320,1.00000,1.00000,true,,0.28470,0.26951,0.28287,0.27202,0.39244,-0.37575,0.11180,0.24695,0.04163,0.24318,,0.15073,0.98611,1.00000,1593,-0.000988,0.005110,0.005210,-0.005110,-0.000988,0.003527,-0.003407,-0.000898,0.000550,0.001278,0.001390,0.001278,-0.000550,0.001275,0.001273,-0.000086,-0.000449,0.001607,0.001669,0.000449,-0.001607,0.001555,0.001469,-0.000507,-0.001208,0.002008,0.002346,-0.002343,-0.000042,0.000900,-0.000835,-0.000335,-0.000967,0.000160,0.000981,-0.000918,-0.000345,0.000898,0.000216,-0.000871,-0.000717,0.000201,0.000745,-0.000521,0.000533,0.000296,-0.000217,0.000202,-0.000713,-0.000349,0.000793,-0.000659,0.000443,0.000763,-0.000587,0.000487,0.001589,0.000375,0.001633,-0.000470,-0.001564,0.000719,-0.000203,-0.000690,0.001971,0.000767,0.002116,-0.001324,-0.001650,0.000873,-0.000682,-0.000544,0.001826,0.000594,0.001922,-0.001879,0.000398,0.001373,-0.000408,0.001310,0.001162,0.001100,0.001602,-0.001533,0.000456,0.001008,0.000170,0.000992,0.000852,8,0.33632,0.001373
e7a819443fd0d94a,images/e7/e7a819443fd0d94a3522ee849f33a4acd04208f574dd89b58c99e79927fb853b.jpg,gen,genuine_population,hv_page_b8db5ee0c6,126710GRNR,primary_steel,established_dealer,https://bobswatches.com/pre-owned-rolex-gmt-master-ii-ref-126710grnr-black-and-grey-bruce-wayne.html,,e7a819443fd0d94a3522ee849f33a4acd04208f574dd89b58c99e79927fb853b,https://www.bobswatches.com/images/zUsed-Rolex-GMT-Master-II-126710-SKU191799.jpg,harvest pose=CORRECTABLE decision=QUARANTINE,images/e7/e7a819443fd0d94a3522ee849f33a4acd04208f574dd89b58c99e79927fb853b.jpg,accepted,1412,2160,,true,431.78265,0.99564,0.12829,44,11,434.40565,true,8,0.12794,-0.85480,0.86432,-0.05794,-0.09150,true,,-1.01928,0.95402,-1.02969,0.93241,1.38912,-0.95402,-1.01928,1.70130,-1.61096,-0.58206,-0.61142,,1.00000,1.00000,-0.76846,-0.50968,-0.81034,true,,0.31737,-0.74976,0.32774,-0.74747,0.81617,-0.74976,-0.31737,0.44143,0.29841,0.32370,0.03067,,0.61905,1.00000,true,,-0.37630,-0.68751,-0.36731,-0.69209,0.78353,0.37630,0.68751,0.77092,0.68358,0.35327,-0.18764,,1.00000,0.96667,true,,-0.98024,-1.22565,-0.96469,-1.23224,1.56494,0.57133,-1.46174,0.57014,-0.02582,-0.57031,,0.35286,0.90278,1.00000,false,hand/occluder crosses outline (clean 0.79),,,,,,,,,,,,,0.68056,0.78889,true,,0.18803,-1.30661,0.20159,-1.30365,1.31914,-0.49047,-1.22558,0.14598,0.04167,0.14005,,0.33931,0.94444,1.00000,true,,0.69785,-1.42310,0.71533,-1.41637,1.58676,-0.88351,-1.31591,0.22183,0.00561,-0.22146,,0.28793,0.86111,1.00000,true,,0.65503,-0.72748,0.66765,-0.72073,0.98245,-0.95753,-0.20353,0.05905,0.04881,0.03281,,0.19434,0.97222,1.00000,true,,1.33834,-0.31041,1.34810,-0.29251,1.37947,-1.31424,-0.40034,0.78187,-0.57909,-0.52099,,0.23637,0.95833,1.00000,false,hand/occluder crosses outline (clean 0.62),,,,,,,,,,,,,0.55556,0.61667,true,,0.37541,-0.30507,0.37951,-0.29776,0.48237,0.07649,0.47765,0.65112,-0.40344,0.51098,,0.34860,0.90278,1.00000,1677,-0.002346,0.002196,0.003198,-0.002196,-0.002346,0.003916,-0.003708,-0.001340,0.000731,-0.001726,0.001879,-0.001726,-0.000731,0.001016,0.000687,0.000745,-0.000866,-0.001583,0.001804,0.000866,0.001583,0.001775,0.001574,0.000813,-0.002257,-0.002821,0.003602,0.001315,-0.003365,0.001312,-0.000059,-0.001313,,,,,,,,,0.000433,-0.003008,0.003037,-0.001129,-0.002821,0.000336,0.000096,0.000322,0.001606,-0.003276,0.003653,-0.002034,-0.003029,0.000511,0.000013,-0.000510,0.001508,-0.001675,0.002262,-0.002204,-0.000469,0.000136,0.000112,0.000076,0.003081,-0.000715,0.003176,-0.003025,-0.000922,0.001800,-0.001333,-0.001199,,,,,,,,,0.000864,-0.000702,0.001110,0.000176,0.001100,0.001499,-0.000929,0.001176,0.001990,6,0.78187,0.001800
3fce7641f179dfd5,images/3f/3fce7641f179dfd530b33a999852d5e261f597f24d084ee9a9e4d2515dc830b1.jpg,gen,genuine_population,hv_page_bb3af8f2d9,126710GRNR,primary_steel,established_dealer,https://bobswatches.com/rolex-gmt-master-ii-ref-126710grnr-oyster.html,,3fce7641f179dfd530b33a999852d5e261f597f24d084ee9a9e4d2515dc830b1,https://www.bobswatches.com/images/zUsed-Rolex-GMT-Master-II-126710-Black-Dial-SKU181147.jpg,harvest pose=CORRECTABLE decision=QUARANTINE,images/3f/3fce7641f179dfd530b33a999852d5e261f597f24d084ee9a9e4d2515dc830b1.jpg,missing,,,,,,,,,,,,,,,,,,,,,,,,,,,,,,,,,,,,,,,,,,,,,,,,,,,,,,,,,,,,,,,,,,,,,,,,,,,,,,,,,,,,,,,,,,,,,,,,,,,,,,,,,,,,,,,,,,,,,,,,,,,,,,,,,,,,,,,,,,,,,,,,,,,,,,,,,,,,,,,,,,,,,,,,,,,,,,,,,,,,,,,,,,,,,,,,,,,,,,,,,,,,,,,,,,,,,,,,,,,,,,,,,,,,,,,,,,,,,,,,,,,,,,,,,,,,,,,,,,,,,,,,,,,,,,,,,,,,,,,,,,,,,,,,,
7a28dfdca6f5027e,images/7a/7a28dfdca6f5027e5033d58293865bd143b4cd3cb999789147364a3208e8c1ef.jpg,gen,genuine_population,hv_page_c2377563f8,126710BLRO,primary_steel,established_dealer,https://bobswatches.com/rolex/gmt_master_ii-126710blro,,7a28dfdca6f5027e5033d58293865bd143b4cd3cb999789147364a3208e8c1ef,"https://www.bobswatches.com/cdn-cgi/image/fit=contain,sharpen=0.33,height=640,quality=82,format=jpeg/images/Rolex-GMT-Master-II-126710-127831.jpg",harvest pose=CORRECTABLE decision=QUARANTINE,images/7a/7a28dfdca6f5027e5033d58293865bd143b4cd3cb999789147364a3208e8c1ef.jpg,accepted,340,640,,true,104.39177,0.99208,0.17620,46,11,104.81954,false,0,,,,,,false,hand/occluder crosses outline (clean 0.00),,,,,,,,,,,,,0.42857,0.00000,,,,false,hand/occluder crosses outline (clean 0.00),,,,,,,,,,,,,0.57143,0.00000,false,hand/occluder crosses outline (clean 0.00),,,,,,,,,,,,,0.57143,0.00000,false,hand/occluder crosses outline (clean 0.25),,,,,,,,,,,,,0.37500,0.25000,false,hand/occluder crosses outline (clean 0.21),,,,,,,,,,,,,0.34722,0.20556,false,hand/occluder crosses outline (clean 0.00),,,,,,,,,,,,,0.41667,0.00000,false,hand/occluder crosses outline (clean 0.21),,,,,,,,,,,,,0.26389,0.20556,false,hand/occluder crosses outline (clean 0.34),,,,,,,,,,,,,0.54167,0.34444,false,hand/occluder crosses outline (clean 0.24),,,,,,,,,,,,,0.34722,0.23889,true,,5.13689,-7.62154,4.38684,-8.06551,9.18133,-0.63791,9.16890,,,,,0.32736,0.97222,1.00000,false,hand/occluder crosses outline (clean 0.17),,,,,,,,,,,,,0.41667,0.16667,692,,,,,,,,,,,,,,,,,,,,,,,,,,,,,,,,,,,,,,,,,,,,,,,,,,,,,,,,,,,,,,,,,,,,,,,,,0.049007,-0.072711,0.087592,-0.006086,0.087473,,,,,,,,,,,,,1,,
d980c3ce25b52abf,images/d9/d980c3ce25b52abfdee2fa91ed59b6200f137bea0d35e9565413eecbbaf63b0e.jpg,gen,genuine_population,hv_page_c4adad3dc7,126710BLNR,primary_steel,established_dealer,https://bobswatches.com/used-rolex-gmt-master-ii-batman-ref-126710blnr-ceramic-dial.html,,d980c3ce25b52abfdee2fa91ed59b6200f137bea0d35e9565413eecbbaf63b0e,https://www.bobswatches.com/images/zUsed-Rolex-GMT-Master-II-126710-SKU192701.jpg,harvest pose=GOOD decision=REJECT,images/d9/d980c3ce25b52abfdee2fa91ed59b6200f137bea0d35e9565413eecbbaf63b0e.jpg,missing,,,,,,,,,,,,,,,,,,,,,,,,,,,,,,,,,,,,,,,,,,,,,,,,,,,,,,,,,,,,,,,,,,,,,,,,,,,,,,,,,,,,,,,,,,,,,,,,,,,,,,,,,,,,,,,,,,,,,,,,,,,,,,,,,,,,,,,,,,,,,,,,,,,,,,,,,,,,,,,,,,,,,,,,,,,,,,,,,,,,,,,,,,,,,,,,,,,,,,,,,,,,,,,,,,,,,,,,,,,,,,,,,,,,,,,,,,,,,,,,,,,,,,,,,,,,,,,,,,,,,,,,,,,,,,,,,,,,,,,,,,,,,,,,,
e1e61fe540a68a89,images/e1/e1e61fe540a68a896aadf188a8bb0aa2d0e3e923e873caf2a55df712d37b4628.jpg,gen,genuine_population,hv_page_c4adad3dc7,126710BLNR,primary_steel,established_dealer,https://bobswatches.com/used-rolex-gmt-master-ii-batman-ref-126710blnr-ceramic-dial.html,,e1e61fe540a68a896aadf188a8bb0aa2d0e3e923e873caf2a55df712d37b4628,"https://www.bobswatches.com/cdn-cgi/image/width=768,quality=85,sharpen=0.5/images/zUsed-Rolex-GMT-Master-II-126710-SKU192701.jpg",harvest pose=CORRECTABLE decision=REJECT,images/e1/e1e61fe540a68a896aadf188a8bb0aa2d0e3e923e873caf2a55df712d37b4628.jpg,missing,,,,,,,,,,,,,,,,,,,,,,,,,,,,,,,,,,,,,,,,,,,,,,,,,,,,,,,,,,,,,,,,,,,,,,,,,,,,,,,,,,,,,,,,,,,,,,,,,,,,,,,,,,,,,,,,,,,,,,,,,,,,,,,,,,,,,,,,,,,,,,,,,,,,,,,,,,,,,,,,,,,,,,,,,,,,,,,,,,,,,,,,,,,,,,,,,,,,,,,,,,,,,,,,,,,,,,,,,,,,,,,,,,,,,,,,,,,,,,,,,,,,,,,,,,,,,,,,,,,,,,,,,,,,,,,,,,,,,,,,,,,,,,,,,
4ce46215cbff98e6,images/4c/4ce46215cbff98e6c51a92be41ed5b116d9b9617300db95c083591c0dc35d3ef.jpg,gen,genuine_population,hv_page_c5c577583b,126711CHNR,gold_surround_variant,established_dealer,https://swisswatchexpo.com/watches/rolex-gmt-master-ii-steel-everose-gold-mens-watch-126711-box-card-42055,,4ce46215cbff98e6c51a92be41ed5b116d9b9617300db95c083591c0dc35d3ef,https://cdn.swisswatchexpo.com/productphotos/3/22/rolex-gmt-master-ii-steel-everose-gold-mens-watch-126711-box-card-42055_d9eee.jpg,harvest pose=CORRECTABLE decision=QUARANTINE,images/4c/4ce46215cbff98e6c51a92be41ed5b116d9b9617300db95c083591c0dc35d3ef.jpg,accepted,2943,2943,,true,823.42797,0.99460,0.35250,45,11,817.80275,true,5,0.32698,-3.31275,3.32885,-0.08091,0.06307,true,,-1.42719,3.57275,-1.38797,3.62295,3.87972,-3.57275,-1.42719,6.85628,-6.31400,-2.52140,0.40108,,0.71429,1.00000,0.24705,0.28241,-0.58931,true,,0.02884,-2.43296,-0.00941,-2.45764,2.45766,-2.43296,-0.02884,1.39155,1.33671,-0.33387,0.05484,,0.85714,1.00000,true,,-1.20108,-3.84642,-1.30078,-3.91669,4.12705,1.20108,3.84642,2.13554,2.07547,-0.10341,0.08796,,0.90476,0.96667,false,outline coverage 0.57; 7/8 octants,,,,,,,,,,,,,0.56944,0.98333,false,hand/occluder crosses outline (clean 0.79),,,,,,,,,,,,,0.52778,0.78889,true,,-0.79846,-2.84416,-0.83618,-2.84370,2.96408,-2.11356,-2.06388,0.34518,-0.26529,0.22370,,0.41667,0.66667,1.00000,false,hand/occluder crosses outline (clean 0.57),,,,,,,,,,,,,0.43056,0.57222,true,,0.26172,-4.72983,0.18857,-4.80321,4.80691,-4.22701,2.13826,0.68693,-0.66989,0.09606,,0.58735,0.77778,0.90556,true,,1.23063,-4.70897,1.18270,-4.81312,4.95630,-3.42024,3.46277,0.94696,-0.92287,0.08648,,0.60592,0.75000,1.00000,false,outline coverage 0.51; 7/8 octants,,,,,,,,,,,,,0.51389,0.99444,false,outline coverage 0.43; 6/8 octants,,,,,,,,,,,,,0.43056,1.00000,1667,-0.001745,0.004369,0.004744,-0.004369,-0.001745,0.008384,-0.007721,-0.003083,0.000035,-0.002975,0.003005,-0.002975,-0.000035,0.001702,0.001635,-0.000408,-0.001469,-0.004703,0.005047,0.001469,0.004703,0.002611,0.002538,-0.000126,,,,,,,,,,,,,,,,,-0.000976,-0.003478,0.003624,-0.002584,-0.002524,0.000422,-0.000324,0.000274,,,,,,,,,0.000320,-0.005784,0.005878,-0.005169,0.002615,0.000840,-0.000819,0.000117,0.001505,-0.005758,0.006061,-0.004182,0.004234,0.001158,-0.001128,0.000106,,,,,,,,,,,,,,,,,0.004070,3,0.94696,0.001158
3c01b0916279a998,images/3c/3c01b0916279a9984281dbcaff3f83f45a6edc8a6ad34df293ca0c278d28a17d.jpg,gen,genuine_population,hv_page_c5c577583b,126711CHNR,gold_surround_variant,established_dealer,https://swisswatchexpo.com/watches/rolex-gmt-master-ii-steel-everose-gold-mens-watch-126711-box-card-42055,,3c01b0916279a9984281dbcaff3f83f45a6edc8a6ad34df293ca0c278d28a17d,https://cdn.swisswatchexpo.com/productphotos/3/22/rolex-gmt-master-ii-steel-everose-gold-mens-watch-126711-box-card-42055_0231f_md.jpg,harvest pose=GOOD decision=QUARANTINE,images/3c/3c01b0916279a9984281dbcaff3f83f45a6edc8a6ad34df293ca0c278d28a17d.jpg,accepted,900,900,,true,251.87663,0.99640,0.16664,45,11,249.94364,true,9,0.03042,-0.85649,0.85703,-0.15656,0.02548,true,,-0.37410,1.01742,-0.36245,1.03168,1.09349,-1.01742,-0.37410,1.64614,-1.55040,-0.50634,0.47699,,1.00000,1.00000,0.29016,0.31326,-0.79678,true,,-0.01398,-0.62922,-0.02413,-0.63552,0.63597,-0.62922,0.01398,0.51802,0.51197,-0.02652,0.20921,,1.00000,1.00000,true,,-0.14211,-1.10582,-0.16504,-1.12786,1.13987,0.14211,1.10582,0.52790,0.48102,0.17619,-0.18885,,1.00000,0.96667,true,,-0.30898,-0.46529,-0.31708,-0.46985,0.56683,0.24846,-0.50023,0.27813,-0.18759,-0.20531,,0.27122,0.77778,1.00000,true,,-0.29528,-1.05889,-0.30992,-1.06388,1.10810,0.27373,-1.06467,0.46692,0.13133,-0.44430,,0.20437,0.73611,0.80000,true,,-0.09278,-0.85217,-0.10499,-0.85398,0.86041,-0.50643,-0.69161,0.19825,0.19688,-0.02782,,0.38240,1.00000,1.00000,false,hand/occluder crosses outline (clean 0.68),,,,,,,,,,,,,0.59722,0.67778,true,,0.03711,-1.33323,0.01578,-1.35392,1.35401,-1.17317,0.63448,0.19137,-0.10099,0.15890,,0.35242,0.91667,0.90000,true,,0.34734,-1.32200,0.33406,-1.35177,1.39243,-0.96180,0.97121,0.25479,-0.18328,0.17019,,0.31868,0.87500,1.00000,true,,0.75271,-0.68325,0.76193,-0.70027,1.03485,-0.31024,0.96806,0.40917,-0.37743,0.12362,,0.29650,0.76389,1.00000,true,,0.55559,-0.31062,0.56230,-0.31634,0.64518,-0.00879,0.63647,0.42211,-0.40142,0.08568,,0.20578,0.81944,1.00000,947,-0.001497,0.004071,0.004375,-0.004071,-0.001497,0.006586,-0.006203,-0.002026,-0.000056,-0.002517,0.002544,-0.002517,0.000056,0.002073,0.002048,-0.000106,-0.000569,-0.004424,0.004561,0.000569,0.004424,0.002112,0.001925,0.000705,-0.001236,-0.001862,0.002268,0.000994,-0.002001,0.001113,-0.000751,-0.000821,-0.001181,-0.004237,0.004433,0.001095,-0.004260,0.001868,0.000525,-0.001778,-0.000371,-0.003409,0.003442,-0.002026,-0.002767,0.000793,0.000788,-0.000111,,,,,,,,,0.000148,-0.005334,0.005417,-0.004694,0.002538,0.000766,-0.000404,0.000636,0.001390,-0.005289,0.005571,-0.003848,0.003886,0.001019,-0.000733,0.000681,0.003012,-0.002734,0.004140,-0.001241,0.003873,0.001637,-0.001510,0.000495,0.002223,-0.001243,0.002581,-0.000035,0.002546,0.001689,-0.001606,0.000343,0.003429,7,0.46692,0.001868
be110517d85e0198,images/be/be110517d85e01984a0d4b948b826ad3b016521b0fde2abd5a8afb6a98127fc8.jpg,gen,genuine_population,hv_page_c5c577583b,126711CHNR,gold_surround_variant,established_dealer,https://swisswatchexpo.com/watches/rolex-gmt-master-ii-steel-everose-gold-mens-watch-126711-box-card-42055,,be110517d85e01984a0d4b948b826ad3b016521b0fde2abd5a8afb6a98127fc8,https://cdn.swisswatchexpo.com/productphotos/3/22/rolex-gmt-master-ii-steel-everose-gold-mens-watch-126711-box-card-42055_ee32db7d52_md.jpg,harvest pose=CORRECTABLE decision=QUARANTINE,images/be/be110517d85e01984a0d4b948b826ad3b016521b0fde2abd5a8afb6a98127fc8.jpg,accepted,900,900,,true,171.12360,0.99706,0.10581,45,11,169.81785,true,9,0.02442,-0.52141,0.52199,-0.07589,0.01781,true,,-0.26208,0.66959,-0.25454,0.67872,0.72488,-0.66959,-0.26208,1.14298,-1.08144,-0.33653,0.30008,,1.00000,1.00000,0.26191,0.17486,-0.29651,true,,0.09720,-0.29520,0.09348,-0.29988,0.31411,-0.29520,-0.09720,0.33736,0.31695,-0.10479,0.23761,,0.95238,1.00000,true,,-0.48297,-0.71664,-0.50850,-0.72773,0.88779,0.48297,0.71664,0.65236,0.61254,0.16194,-0.23021,,0.95238,0.96667,true,,-0.11722,-0.33002,-0.12265,-0.33314,0.35500,0.22719,-0.26653,0.15234,-0.13005,-0.07995,,0.34572,0.81944,1.00000,true,,-0.12635,-0.69178,-0.13624,-0.69519,0.70842,0.23647,-0.66228,0.28335,0.05585,-0.27545,,0.24761,0.66667,0.81111,true,,0.06352,-0.47342,0.05611,-0.47592,0.47922,-0.18170,-0.44176,0.15378,0.15253,-0.02266,,0.37852,0.98611,1.00000,false,hand/occluder crosses outline (clean 0.73),,,,,,,,,,,,,0.61111,0.73333,true,,0.03545,-0.77555,0.02339,-0.78789,0.78824,-0.68937,0.35708,0.15134,-0.12263,0.08470,,0.35380,0.93056,0.93333,true,,0.20848,-0.83722,0.19983,-0.85585,0.87887,-0.59916,0.62082,0.26106,-0.20906,0.14819,,0.33418,0.84722,1.00000,true,,0.42017,-0.35707,0.42554,-0.36592,0.56124,-0.18535,0.51932,0.32017,-0.31008,0.01442,,0.34976,0.81944,1.00000,true,,0.33907,-0.22454,0.34243,-0.22862,0.41173,0.02492,0.40591,0.31860,-0.30007,0.07765,,0.30589,0.84722,1.00000,702,-0.001543,0.003943,0.004269,-0.003943,-0.001543,0.006731,-0.006368,-0.001982,0.000572,-0.001738,0.001850,-0.001738,-0.000572,0.001987,0.001866,-0.000617,-0.002844,-0.004220,0.005228,0.002844,0.004220,0.003842,0.003607,0.000954,-0.000690,-0.001943,0.002090,0.001338,-0.001570,0.000897,-0.000766,-0.000471,-0.000744,-0.004074,0.004172,0.001392,-0.003900,0.001669,0.000329,-0.001622,0.000374,-0.002788,0.002822,-0.001070,-0.002601,0.000906,0.000898,-0.000133,,,,,,,,,0.000209,-0.004567,0.004642,-0.004059,0.002103,0.000891,-0.000722,0.000499,0.001228,-0.004930,0.005175,-0.003528,0.003656,0.001537,-0.001231,0.000873,0.002474,-0.002103,0.003305,-0.001091,0.003058,0.001885,-0.001826,0.000085,0.001997,-0.001322,0.002425,0.000147,0.002390,0.001876,-0.001767,0.000457,0.003074,7,0.32017,0.001885
177912ce520bf5a1,images/17/177912ce520bf5a1cf784bf810e311e82e90a55c94a3947d316ff18091f5c0d3.jpg,gen,genuine_population,hv_page_c7cf20b127,126715CHNR,gold_surround_variant,established_dealer,https://bobswatches.com/rolex-gmt-master-ii-ref-126715-new-everose-root-beer-model.html,,177912ce520bf5a1cf784bf810e311e82e90a55c94a3947d316ff18091f5c0d3,https://www.bobswatches.com/images/zGMT-Master-II-Ref-126715-139351.jpg,harvest pose=GOOD decision=QUARANTINE,images/17/177912ce520bf5a1cf784bf810e311e82e90a55c94a3947d316ff18091f5c0d3.jpg,missing,,,,,,,,,,,,,,,,,,,,,,,,,,,,,,,,,,,,,,,,,,,,,,,,,,,,,,,,,,,,,,,,,,,,,,,,,,,,,,,,,,,,,,,,,,,,,,,,,,,,,,,,,,,,,,,,,,,,,,,,,,,,,,,,,,,,,,,,,,,,,,,,,,,,,,,,,,,,,,,,,,,,,,,,,,,,,,,,,,,,,,,,,,,,,,,,,,,,,,,,,,,,,,,,,,,,,,,,,,,,,,,,,,,,,,,,,,,,,,,,,,,,,,,,,,,,,,,,,,,,,,,,,,,,,,,,,,,,,,,,,,,,,,,,,
d8ca71c3ac69a390,images/d8/d8ca71c3ac69a390cae1b99a1da77416c2224a0a24cf2d092954780768a75bc9.jpg,gen,genuine_population,hv_page_c80c027742,126710BLRO,primary_steel,established_dealer,https://bobswatches.com/rolex-gmt-master-ii-ref-126710blro-jubilee-bracelet-pepsi.html,,d8ca71c3ac69a390cae1b99a1da77416c2224a0a24cf2d092954780768a75bc9,https://www.bobswatches.com/images/zUsed-Rolex-GMT-Master-II-126710-Pepsi-SKU181619.jpg,harvest pose=CORRECTABLE decision=QUARANTINE,images/d8/d8ca71c3ac69a390cae1b99a1da77416c2224a0a24cf2d092954780768a75bc9.jpg,accepted,1412,2160,,true,433.70110,0.99652,0.12595,45,11,435.84170,true,9,0.04760,-1.01759,1.01870,0.09657,-0.05770,true,,-0.69323,-0.65006,-0.68461,-0.65608,0.94823,0.65006,-0.69323,0.79657,-0.70486,-0.37773,-0.08864,,1.00000,1.00000,-0.33826,0.13280,-0.18910,true,,-0.44933,0.04417,-0.45105,0.03913,0.45274,0.04417,0.44933,1.10850,0.74494,0.81606,0.20658,,0.71429,1.00000,true,,-1.05489,-0.86201,-1.04509,-0.87491,1.36296,1.05489,0.86201,0.79324,0.77237,0.17488,-0.08386,,1.00000,1.00000,true,,-0.33119,-1.43210,-0.31483,-1.43018,1.46442,1.07465,-1.00287,0.23607,-0.16720,-0.16736,,0.33439,0.95833,1.00000,true,,0.81023,-1.43275,0.82389,-1.41821,1.64015,1.41806,-0.83569,0.65961,0.53612,0.38555,,0.43863,0.79167,0.90000,true,,0.57938,-1.38848,0.59411,-1.38280,1.50503,-0.19249,-1.49215,0.24227,-0.05584,-0.23562,,0.31904,0.97222,1.00000,true,,0.32442,-1.67307,0.34360,-1.67355,1.70846,-1.28671,-1.11749,0.79772,-0.76433,-0.22088,,0.33298,0.98611,1.00000,true,,0.79351,-0.42496,0.80162,-0.41714,0.90366,-0.76479,-0.47472,0.63350,-0.20712,-0.59669,,0.24124,0.98611,1.00000,true,,0.17039,-0.62317,0.17951,-0.62240,0.64777,-0.45915,0.45448,0.26770,-0.26139,-0.05322,,0.23295,0.91667,1.00000,true,,-0.03133,-0.60769,-0.02300,-0.60690,0.60734,0.33098,0.51061,0.49071,-0.48985,-0.03237,,0.36560,0.90278,1.00000,false,hand/occluder crosses outline (clean 0.61),,,,,,,,,,,,,0.44444,0.61111,1905,-0.001591,-0.001492,0.002176,0.001492,-0.001591,0.001828,-0.001617,-0.000867,-0.001031,0.000101,0.001039,0.000101,0.001031,0.002543,0.001709,0.001872,-0.002420,-0.001978,0.003127,0.002420,0.001978,0.001820,0.001772,0.000401,-0.000760,-0.003286,0.003360,0.002466,-0.002301,0.000542,-0.000384,-0.000384,0.001859,-0.003287,0.003763,0.003254,-0.001917,0.001513,0.001230,0.000885,0.001329,-0.003186,0.003453,-0.000442,-0.003424,0.000556,-0.000128,-0.000541,0.000744,-0.003839,0.003920,-0.002952,-0.002564,0.001830,-0.001754,-0.000507,0.001821,-0.000975,0.002073,-0.001755,-0.001089,0.001454,-0.000475,-0.001369,0.000391,-0.001430,0.001486,-0.001053,0.001043,0.000614,-0.000600,-0.000122,-0.000072,-0.001394,0.001393,0.000759,0.001172,0.001126,-0.001124,-0.000074,,,,,,,,,0.002337,7,0.79772,0.001830
96da6f82989e875c,images/96/96da6f82989e875c2229af0397bed18874ffca822252611541f550eb2b8f477e.jpg,gen,genuine_population,hv_page_d197aa1d9b,126710BLRO,primary_steel,established_dealer,https://bobswatches.com/used-rolex-gmt-master-ii-red-and-blue-pepsi-ref-126710blro-jubilee-bracelet.html,,96da6f82989e875c2229af0397bed18874ffca822252611541f550eb2b8f477e,https://www.bobswatches.com/images/zUsed-Master-Rolex-GMT-Master-II-126710-SKU188654.jpg,harvest pose=CORRECTABLE decision=REJECT,images/96/96da6f82989e875c2229af0397bed18874ffca822252611541f550eb2b8f477e.jpg,accepted,1412,2160,,true,433.03973,0.99532,0.12426,46,11,435.29346,true,9,0.20445,0.03488,0.20740,0.01117,0.03139,true,,0.05434,1.08543,0.04855,1.08358,1.08467,-1.08543,0.05434,1.13984,-1.09074,-0.34058,-0.32088,,1.00000,1.00000,-0.48443,-0.18792,-0.43075,true,,-0.40123,0.57828,-0.40536,0.57781,0.70582,0.57828,0.40123,0.66453,0.50801,0.42552,0.70386,,0.61905,1.00000,true,,-0.52767,-0.23174,-0.52795,-0.23548,0.57808,0.52767,0.23174,0.70289,0.69530,0.08524,0.29994,,1.00000,1.00000,true,,-0.00350,0.03008,-0.00364,0.02998,0.03020,-0.02780,0.01201,0.40077,-0.14044,-0.37556,,0.38628,0.97222,1.00000,false,outline coverage 0.69; 6/8 octants,,,,,,,,,,,,,0.69444,0.83889,true,,0.28303,-0.04282,0.28323,-0.04121,0.28621,0.22370,-0.17860,0.29945,-0.00957,-0.29930,,0.50021,0.94444,1.00000,true,,0.12979,0.18673,0.12909,0.18784,0.22792,0.22661,-0.01903,0.07688,0.05585,-0.05265,,0.56701,0.86111,1.00000,true,,0.28312,-0.09467,0.28471,-0.09344,0.29965,-0.22355,-0.19785,0.27535,-0.18995,-0.19792,,0.47938,0.93056,1.00000,true,,0.23192,-0.24275,0.23441,-0.24206,0.33696,-0.32222,0.09427,0.20480,-0.20154,0.03169,,0.41655,0.93056,1.00000,true,,0.84857,0.08445,0.85024,0.09037,0.85503,-0.77711,0.35115,0.63008,-0.62288,0.08421,,0.46429,0.98611,1.00000,true,,0.64725,-0.25699,0.64964,-0.25191,0.69678,-0.10106,0.68903,0.33521,-0.00935,0.33502,,0.38877,0.97222,1.00000,1898,0.000125,0.002494,0.002492,-0.002494,0.000125,0.002619,-0.002506,-0.000782,-0.000922,0.001328,0.001621,0.001328,0.000922,0.001527,0.001167,0.000978,-0.001212,-0.000532,0.001328,0.001212,0.000532,0.001615,0.001597,0.000196,-0.000008,0.000069,0.000069,-0.000064,0.000028,0.000921,-0.000323,-0.000863,,,,,,,,,0.000650,-0.000098,0.000658,0.000514,-0.000410,0.000688,-0.000022,-0.000688,0.000298,0.000429,0.000524,0.000521,-0.000044,0.000177,0.000128,-0.000121,0.000650,-0.000217,0.000688,-0.000514,-0.000455,0.000633,-0.000436,-0.000455,0.000533,-0.000558,0.000774,-0.000740,0.000217,0.000470,-0.000463,0.000073,0.001949,0.000194,0.001964,-0.001785,0.000807,0.001447,-0.001431,0.000193,0.001487,-0.000590,0.001601,-0.000232,0.001583,0.000770,-0.000021,0.000770,0.000476,7,0.63008,0.001447
3a719f21397b8c3c,images/3a/3a719f21397b8c3c8ce26f3974824449e7a777dbb9b61c42d24d163e6c1a7676.png,gen,genuine_population,hv_page_d487aae880,126715CHNR,gold_surround_variant,rolex_cpo,https://watches-of-switzerland.co.uk/Rolex/GMT+Master-II-M126715CHNR+0002/p/17305797,,3a719f21397b8c3c8ce26f3974824449e7a777dbb9b61c42d24d163e6c1a7676,https://content.thewosgroup.com/productimage/17305797/17305797_1.png?impolicy=hero-rolex,harvest pose=CORRECTABLE decision=QUARANTINE,images/3a/3a719f21397b8c3c8ce26f3974824449e7a777dbb9b61c42d24d163e6c1a7676.png,accepted,800,1180,,true,128.85959,0.99234,0.18901,38,11,128.98174,true,5,-0.00770,-0.56266,0.56272,0.24178,0.09603,true,,0.08252,-0.74408,0.08087,-0.73759,0.74201,0.74408,0.08252,0.10896,-0.07058,-0.08371,0.52830,,1.00000,0.90000,0.30213,0.63999,0.11796,false,hand/occluder crosses outline (clean 0.43),,,,,,,,,,,,,1.00000,0.43333,false,hand/occluder crosses outline (clean 0.10),,,,,,,,,,,,,0.57143,0.10000,true,,0.33184,-0.67553,0.32920,-0.67024,0.74672,0.75095,-0.05038,0.06313,0.01106,0.06228,,0.13800,1.00000,0.98889,false,hand/occluder crosses outline (clean 0.71),,,,,,,,,,,,,0.77778,0.70556,true,,0.15328,-0.28869,0.15230,-0.28809,0.32587,-0.01160,-0.32666,0.02826,0.02331,-0.01595,,0.21126,1.00000,1.00000,false,hand/occluder crosses outline (clean 0.78),,,,,,,,,,,,,0.63889,0.77778,true,,-0.28036,-0.50324,-0.28159,-0.50205,0.57563,-0.29564,0.49442,0.06956,-0.06269,0.03032,,0.20161,0.95833,0.98333,false,hand/occluder crosses outline (clean 0.78),,,,,,,,,,,,,0.98611,0.78333,true,,-0.21192,-0.84893,-0.21215,-0.84296,0.86924,0.60799,0.62924,0.07386,0.06614,-0.03290,,0.10339,1.00000,0.98333,true,,-0.00008,-0.81818,-0.00092,-0.81144,0.81144,0.70861,0.40902,0.05741,-0.03782,-0.04375,,0.13639,1.00000,1.00000,783,0.000640,-0.005769,0.005753,0.005769,0.000640,0.000845,-0.000547,-0.000649,,,,,,,,,,,,,,,,,0.002573,-0.005237,0.005789,0.005822,-0.000391,0.000489,0.000086,0.000483,,,,,,,,,0.001188,-0.002238,0.002526,-0.000090,-0.002533,0.000219,0.000181,-0.000124,,,,,,,,,-0.002174,-0.003902,0.004463,-0.002292,0.003833,0.000539,-0.000486,0.000235,,,,,,,,,-0.001643,-0.006582,0.006739,0.004714,0.004879,0.000573,0.000513,-0.000255,-0.000001,-0.006343,0.006291,0.005494,0.003171,0.000445,-0.000293,-0.000339,0.004363,5,0.07386,0.000573
798e9924b69c2d08,images/79/798e9924b69c2d08e9a11f72933762b65906d30370ddafd55b392861ce26770e.jpg,gen,genuine_population,hv_page_d487aae880,126715CHNR,gold_surround_variant,rolex_cpo,https://watches-of-switzerland.co.uk/Rolex/GMT+Master-II-M126715CHNR+0002/p/17305797,,798e9924b69c2d08e9a11f72933762b65906d30370ddafd55b392861ce26770e,https://content.thewosgroup.com/productimage/17305797/17305797_2.png?impolicy=hero-rolex,harvest pose=CORRECTABLE decision=QUARANTINE,images/79/798e9924b69c2d08e9a11f72933762b65906d30370ddafd55b392861ce26770e.jpg,pose_rejected,1080,1080,physical black-dial boundary could not be fitted,false,,,,0,0,,,,,,,,,,,,,,,,,,,,,,,,,,,,,,,,,,,,,,,,,,,,,,,,,,,,,,,,,,,,,,,,,,,,,,,,,,,,,,,,,,,,,,,,,,,,,,,,,,,,,,,,,,,,,,,,,,,,,,,,,,,,,,,,,,,,,,,,,,,,,,,,,,,,,,,,,,,,,,,,,,,,,,,,,,,,,,,,,,,,,,,,,,,,,,,,,,,,,,,,,,,,,,,,,,,,,,,,,,,,,,,,,,,,,,,,,,,,,,,,,,,,,,,,,,,,,,,,,,,,,,,,,,,,,,,,,,,,,,,,
504afdd89aee3e15,images/50/504afdd89aee3e15fbb82546680814841a09a9aecaf61d13bedf27ea187b56a9.jpg,gen,genuine_population,hv_page_dc5150331b,126715CHNR,gold_surround_variant,established_dealer,https://bobswatches.com/pre-owned-rolex-gmt-master-ii-ref-126715-everose-root-beer.html,,504afdd89aee3e15fbb82546680814841a09a9aecaf61d13bedf27ea187b56a9,https://www.bobswatches.com/images/zUsed-Rolex-GMT-Master-II-126715-Root-Beer-SKU173665.jpg,harvest pose=CORRECTABLE decision=QUARANTINE,images/50/504afdd89aee3e15fbb82546680814841a09a9aecaf61d13bedf27ea187b56a9.jpg,missing,,,,,,,,,,,,,,,,,,,,,,,,,,,,,,,,,,,,,,,,,,,,,,,,,,,,,,,,,,,,,,,,,,,,,,,,,,,,,,,,,,,,,,,,,,,,,,,,,,,,,,,,,,,,,,,,,,,,,,,,,,,,,,,,,,,,,,,,,,,,,,,,,,,,,,,,,,,,,,,,,,,,,,,,,,,,,,,,,,,,,,,,,,,,,,,,,,,,,,,,,,,,,,,,,,,,,,,,,,,,,,,,,,,,,,,,,,,,,,,,,,,,,,,,,,,,,,,,,,,,,,,,,,,,,,,,,,,,,,,,,,,,,,,,,
7b291fd266001fcb,images/7b/7b291fd266001fcb05deca132877d792d13757cbb3b095b6840d0dded7d8f5e9.jpg,gen,genuine_population,hv_page_de90ec603c,126711CHNR,gold_surround_variant,established_dealer,https://bobswatches.com/used-black-dial-rolex-gmt-master-ii-root-beer-126711chnr.html,,7b291fd266001fcb05deca132877d792d13757cbb3b095b6840d0dded7d8f5e9,https://www.bobswatches.com/images/zUsed-Rolex-GMT-Master-II-126711-SKU190943.jpg,harvest pose=CORRECTABLE decision=QUARANTINE,images/7b/7b291fd266001fcb05deca132877d792d13757cbb3b095b6840d0dded7d8f5e9.jpg,accepted,1412,2160,,true,432.38007,0.99727,0.13373,45,11,434.67646,true,8,0.16091,-0.02622,0.16303,-0.01798,0.03497,true,,0.02724,1.11780,0.02319,1.11086,1.11110,-1.11780,0.02724,1.12866,-1.08244,-0.34538,-0.25267,,0.95238,1.00000,-0.45720,-0.08806,-0.39557,true,,0.08816,0.48757,0.08670,0.48957,0.49719,0.48757,-0.08816,0.58983,0.57370,-0.12785,0.53565,,0.85714,1.00000,true,,-0.50722,-0.01138,-0.50868,-0.01406,0.50887,0.50722,0.01138,0.76051,0.72687,-0.21604,0.05438,,1.00000,1.00000,true,,0.07180,-0.14537,0.07200,-0.14402,0.16102,0.16180,-0.01050,0.37113,0.12154,-0.35167,,0.47021,0.90278,1.00000,false,hand/occluder crosses outline (clean 0.79),,,,,,,,,,,,,0.70833,0.79444,true,,-0.35283,-0.01299,-0.35308,-0.01468,0.35338,-0.31205,0.16516,0.37855,-0.37407,0.05333,,0.49582,0.93056,1.00000,false,hand/occluder crosses outline (clean 0.65),,,,,,,,,,,,,0.48611,0.65000,true,,-0.18121,-0.24227,-0.18081,-0.24392,0.30363,-0.11921,0.27807,0.19487,0.04811,0.18799,,0.39476,0.94444,1.00000,true,,0.76115,-0.40448,0.76667,-0.40162,0.86549,-0.86142,-0.03028,0.67523,-0.64523,-0.18907,,0.37718,0.95833,1.00000,true,,0.62359,-0.23914,0.62598,-0.23480,0.66857,-0.42048,0.51890,0.30597,-0.23140,0.19949,,0.41270,0.95833,1.00000,true,,0.80594,-0.17942,0.80678,-0.17355,0.82523,-0.24758,0.78767,0.43802,-0.12721,0.41940,,0.41278,0.86111,1.00000,1798,0.000063,0.002572,0.002556,-0.002572,0.000063,0.002597,-0.002490,-0.000795,0.000203,0.001122,0.001144,0.001122,-0.000203,0.001357,0.001320,-0.000294,-0.001167,-0.000026,0.001171,0.001167,0.000026,0.001750,0.001672,-0.000497,0.000165,-0.000334,0.000370,0.000372,-0.000024,0.000854,0.000280,-0.000809,,,,,,,,,-0.000812,-0.000030,0.000813,-0.000718,0.000380,0.000871,-0.000861,0.000123,,,,,,,,,-0.000417,-0.000557,0.000699,-0.000274,0.000640,0.000448,0.000111,0.000432,0.001751,-0.000931,0.001991,-0.001982,-0.000070,0.001553,-0.001484,-0.000435,0.001435,-0.000550,0.001538,-0.000967,0.001194,0.000704,-0.000532,0.000459,0.001854,-0.000413,0.001898,-0.000570,0.001812,0.001008,-0.000293,0.000965,0.000375,6,0.67523,0.001553
00ff07f016362120,images/00/00ff07f016362120cfb0442d3d863e7a40e9e08368c68d34b4a7a5c3b81305c5.jpg,gen,genuine_population,hv_page_e43fbdc8ed,126711CHNR,gold_surround_variant,established_dealer,https://bobswatches.com/rolex-gmt-master-ii-root-beer-126711chnr.html,,00ff07f016362120cfb0442d3d863e7a40e9e08368c68d34b4a7a5c3b81305c5,https://www.bobswatches.com/images/zUsed-Rolex-GMT-Master-II-126711-SKU182947.jpg,harvest pose=CORRECTABLE decision=QUARANTINE,images/00/00ff07f016362120cfb0442d3d863e7a40e9e08368c68d34b4a7a5c3b81305c5.jpg,accepted,1412,2160,,true,431.68981,0.99785,0.16094,45,11,433.86993,true,9,-0.10612,-0.37494,0.38967,0.21508,-0.07145,true,,-0.82991,-0.05532,-0.82954,-0.05351,0.83127,0.05532,-0.82991,1.10214,-1.06572,-0.29246,-0.19057,,1.00000,1.00000,-0.37952,-0.10540,-0.56362,true,,0.32048,1.31557,0.32460,1.31737,1.35677,1.31557,-0.32048,0.98842,0.98622,-0.01696,0.13882,,0.71429,1.00000,true,,-2.22081,-0.10131,-2.22432,-0.09579,2.22639,2.22081,0.10131,1.41954,1.41113,0.13458,0.10650,,0.61905,1.00000,true,,-0.40987,-1.11410,-0.41317,-1.11032,1.18470,0.75990,-0.91201,0.33254,-0.27107,-0.19361,,0.14024,0.94444,1.00000,true,,0.22319,-1.37148,0.21783,-1.36937,1.38659,0.87903,-1.07614,0.25964,0.02388,-0.25883,,0.27270,0.80556,0.92222,false,hand/occluder crosses outline (clean 0.59),,,,,,,,,,,,,0.52778,0.59444,true,,0.53431,-0.17906,0.53435,-0.18092,0.56415,0.11208,-0.55226,0.26980,-0.26887,-0.01581,,0.24970,0.93056,1.00000,true,,0.12342,0.02556,0.12374,0.02526,0.12629,-0.03957,-0.11967,0.52852,-0.52557,0.04150,,0.26919,0.91667,1.00000,true,,0.02430,0.52176,0.02520,0.52245,0.52305,0.23984,-0.46401,0.58368,-0.42197,-0.40175,,0.24281,0.90278,1.00000,true,,-0.75742,-0.61599,-0.75904,-0.61364,0.97606,0.96394,0.15475,0.33030,-0.07316,0.32205,,0.36813,0.87500,1.00000,true,,-0.36695,-0.74370,-0.36849,-0.74136,0.82789,0.82754,0.05407,0.50288,-0.30847,0.39717,,0.23884,0.90278,1.00000,1708,-0.001913,-0.000128,0.001916,0.000128,-0.001913,0.002540,-0.002456,-0.000674,0.000739,0.003032,0.003127,0.003032,-0.000739,0.002278,0.002273,-0.000039,-0.005119,-0.000234,0.005131,0.005119,0.000234,0.003272,0.003252,0.000310,-0.000945,-0.002568,0.002731,0.001751,-0.002102,0.000766,-0.000625,-0.000446,0.000514,-0.003161,0.003196,0.002026,-0.002480,0.000598,0.000055,-0.000597,,,,,,,,,0.001231,-0.000413,0.001300,0.000258,-0.001273,0.000622,-0.000620,-0.000036,0.000284,0.000059,0.000291,-0.000091,-0.000276,0.001218,-0.001211,0.000096,0.000056,0.001203,0.001206,0.000553,-0.001069,0.001345,-0.000973,-0.000926,-0.001746,-0.001420,0.002250,0.002222,0.000357,0.000761,-0.000169,0.000742,-0.000846,-0.001714,0.001908,0.001907,0.000125,0.001159,-0.000711,0.000915,0.000898,7,0.58368,0.001345
a71df6c06e554d7b,images/a7/a71df6c06e554d7b263df192f2cd0551b34f4762f6667e30d05adde9d330aa74.jpg,gen,genuine_population,hv_page_e7c7828487,126710BLRO,primary_steel,established_dealer,https://bobswatches.com/used-rolex-gmt-master-ii-pepsi-ref-126710blro.html,,a71df6c06e554d7b263df192f2cd0551b34f4762f6667e30d05adde9d330aa74,https://www.bobswatches.com/images/zUsed-Rolex-GMT-Master-II-126710-SKU191607-PL.jpg,harvest pose=GOOD decision=QUARANTINE,images/a7/a71df6c06e554d7b263df192f2cd0551b34f4762f6667e30d05adde9d330aa74.jpg,accepted,1412,2160,,true,430.85236,0.99792,0.12745,44,11,433.87250,true,9,0.07087,-1.24508,1.24710,-0.02488,-0.04779,true,,0.25801,0.17495,0.25623,0.17653,0.31115,-0.17495,0.25801,1.41478,-1.33651,0.48670,0.47536,,0.90476,0.96667,0.33370,0.50475,0.07000,true,,0.07658,-0.81012,0.08356,-0.81199,0.81628,-0.81012,-0.07658,0.58120,0.51922,0.25719,-0.45372,,0.90476,1.00000,true,,-0.96599,-0.50432,-0.96359,-0.51340,1.09183,0.96599,0.50432,1.20715,1.10802,-0.47026,0.42940,,1.00000,0.96667,true,,-0.02962,-1.35455,-0.02023,-1.34575,1.34590,1.15826,-0.70293,0.21089,0.13509,0.16271,,0.39740,0.91667,1.00000,true,,-0.29934,-1.63721,-0.28904,-1.63179,1.65719,0.55937,-1.56753,0.22449,-0.02922,-0.22300,,0.40633,0.65278,0.92778,true,,-0.07452,-2.01733,-0.06252,-2.01808,2.01905,-1.07320,-1.70980,0.51475,-0.41396,-0.30475,,0.43001,0.93056,1.00000,true,,-0.02672,-1.39018,-0.01712,-1.39364,1.39374,-1.21729,-0.67195,0.30945,-0.07916,0.29852,,0.43664,0.88889,1.00000,true,,0.63860,-1.36700,0.65459,-1.36582,1.51458,-1.50316,0.13045,0.33961,-0.30451,-0.14692,,0.38120,0.90278,1.00000,true,,0.93687,-0.99606,0.95138,-0.98908,1.37238,-1.30939,0.39418,0.65736,-0.54532,-0.36208,,0.28578,0.95833,1.00000,false,hand/occluder crosses outline (clean 0.60),,,,,,,,,,,,,0.45833,0.60000,true,,0.60664,-1.26056,0.61858,-1.24685,1.39186,0.78835,1.15564,0.79220,-0.17430,0.77345,,0.31689,0.87500,1.00000,1735,0.000595,0.000403,0.000717,-0.000403,0.000595,0.003261,-0.003080,0.001122,0.000177,-0.001867,0.001881,-0.001867,-0.000177,0.001340,0.001197,0.000593,-0.002226,-0.001162,0.002516,0.002226,0.001162,0.002782,0.002554,-0.001084,-0.000068,-0.003122,0.003102,0.002670,-0.001620,0.000486,0.000311,0.000375,-0.000690,-0.003773,0.003820,0.001289,-0.003613,0.000517,-0.000067,-0.000514,-0.000172,-0.004650,0.004654,-0.002474,-0.003941,0.001186,-0.000954,-0.000702,-0.000062,-0.003204,0.003212,-0.002806,-0.001549,0.000713,-0.000182,0.000688,0.001472,-0.003151,0.003491,-0.003465,0.000301,0.000783,-0.000702,-0.000339,0.002159,-0.002296,0.003163,-0.003018,0.000909,0.001515,-0.001257,-0.000835,,,,,,,,,0.001398,-0.002905,0.003208,0.001817,0.002664,0.001826,-0.000402,0.001783,0.002874,7,0.79220,0.001826
62f006bb34dde963,images/62/62f006bb34dde96389590131ee117268150bf96714bbe2a32152f2aa630f37f7.jpg,gen,genuine_population,hv_page_e97a8ba8f4,126711CHNR,gold_surround_variant,established_dealer,https://bobswatches.com/rolex-gmt-master-ii-ref-126711-ceramic-root-beer-bezel-insert.html,,62f006bb34dde96389590131ee117268150bf96714bbe2a32152f2aa630f37f7,https://www.bobswatches.com/images/z124612-Rolex-GMT-Master-126711---119744.jpg,harvest pose=CORRECTABLE decision=REJECT,images/62/62f006bb34dde96389590131ee117268150bf96714bbe2a32152f2aa630f37f7.jpg,accepted,800,1504,,true,256.53474,0.99802,0.15675,44,11,245.07714,true,10,0.04284,0.19283,0.19753,-0.11050,-0.02034,true,,-0.24774,1.22662,-0.25772,1.22565,1.25245,-1.22662,-0.24774,0.84816,-0.81768,-0.22257,-0.81651,,1.00000,1.00000,-1.07533,-0.57705,-0.88544,true,,0.11534,0.31194,0.11281,0.31247,0.33221,0.31194,-0.11534,0.32359,0.32390,-0.00527,0.67757,,0.76190,1.00000,true,,-0.09420,0.39916,-0.09725,0.39842,0.41012,0.09420,-0.39916,0.37099,0.34305,-0.14094,0.65925,,1.00000,1.00000,true,,-0.28136,0.46448,-0.28532,0.46256,0.54348,-0.54293,-0.01143,0.19371,-0.17828,-0.07540,,0.10757,0.98611,1.00000,true,,-0.26024,0.01061,-0.26037,0.00860,0.26051,-0.23068,-0.12093,0.24376,0.04726,-0.23913,,0.01006,0.72222,0.96667,true,,-0.19063,0.04941,-0.19098,0.04792,0.19690,-0.14039,0.13811,0.08457,-0.05497,0.06428,,0.18945,0.98611,1.00000,true,,-0.19952,-0.11416,-0.19850,-0.11554,0.22967,-0.19862,0.11571,0.21097,-0.16744,0.12860,,0.24344,0.97222,1.00000,true,,0.38551,0.07692,0.38486,0.07976,0.39303,-0.12614,-0.37232,0.17437,-0.05058,-0.16691,,0.15998,0.90278,1.00000,true,,0.48947,0.20311,0.48800,0.20673,0.52998,-0.32234,-0.42064,0.22705,-0.16006,-0.16100,,0.22495,0.95833,0.97222,true,,0.44566,0.14193,0.44486,0.14545,0.46804,-0.45691,0.09991,0.33147,-0.10212,0.31518,,0.10752,1.00000,1.00000,true,,0.30389,0.24307,0.30222,0.24563,0.38945,-0.36245,0.14164,0.27438,0.04658,0.27020,,0.12676,0.97222,1.00000,1608,-0.001011,0.005005,0.005110,-0.005005,-0.001011,0.003461,-0.003336,-0.000908,0.000471,0.001273,0.001356,0.001273,-0.000471,0.001320,0.001322,-0.000022,-0.000384,0.001629,0.001673,0.000384,-0.001629,0.001514,0.001400,-0.000575,-0.001148,0.001895,0.002218,-0.002215,-0.000047,0.000790,-0.000727,-0.000308,-0.001062,0.000043,0.001063,-0.000941,-0.000493,0.000995,0.000193,-0.000976,-0.000778,0.000202,0.000803,-0.000573,0.000564,0.000345,-0.000224,0.000262,-0.000814,-0.000466,0.000937,-0.000810,0.000472,0.000861,-0.000683,0.000525,0.001573,0.000314,0.001604,-0.000515,-0.001519,0.000711,-0.000206,-0.000681,0.001997,0.000829,0.002163,-0.001315,-0.001716,0.000926,-0.000653,-0.000657,0.001818,0.000579,0.001910,-0.001864,0.000408,0.001353,-0.000417,0.001286,0.001240,0.000992,0.001589,-0.001479,0.000578,0.001120,0.000190,0.001103,0.000806,8,0.33147,0.001353
748029e3142feabd,images/74/748029e3142feabd594e4e8955f10d606eb3f80ba1088a141bb3c2fa13a902d2.jpg,gen,genuine_population,hv_page_ec154bc25b,126713GRNR,gold_surround_variant,established_dealer,https://swisswatchexpo.com/watches/rolex-gmt-master-ii-yellow-gold-steel-grey-bezel-mens-watch-126713-unworn-57084,,748029e3142feabd594e4e8955f10d606eb3f80ba1088a141bb3c2fa13a902d2,https://cdn.swisswatchexpo.com/productphotos/12/4/rolex-gmt-master-ii-yellow-gold-steel-grey-bezel-mens-watch-126713-unworn-57084_3bf09.jpg,harvest pose=CORRECTABLE decision=QUARANTINE,images/74/748029e3142feabd594e4e8955f10d606eb3f80ba1088a141bb3c2fa13a902d2.jpg,accepted,2492,2491,,true,756.81696,0.99641,0.24569,44,11,758.37915,true,6,0.89004,-2.20905,2.38161,-0.11220,-0.06504,true,,-0.40726,2.01599,-0.40136,2.00933,2.04902,-2.01599,-0.40726,3.57525,-3.53581,-0.61329,-0.04701,,1.00000,1.00000,-0.21215,0.02928,-0.36679,true,,1.03696,-1.03233,1.03973,-1.04693,1.47550,-1.03233,-1.03696,1.89740,1.81007,0.50710,-0.49319,,1.00000,1.00000,true,,0.72268,-1.37031,0.72744,-1.37911,1.55920,-0.72268,1.37031,0.83906,0.81388,-0.17950,0.15491,,1.00000,1.00000,false,outline coverage 0.50; 7/8 octants,,,,,,,,,,,,,0.50000,0.93333,false,hand/occluder crosses outline (clean 0.74),,,,,,,,,,,,,0.51389,0.73889,true,,1.36626,-3.65425,1.34652,-3.67623,3.91507,-0.64391,-3.84780,0.88029,0.37342,-0.79595,,0.54835,0.83333,0.99444,false,hand/occluder crosses outline (clean 0.52),,,,,,,,,,,,,0.50000,0.52222,true,,1.14392,-3.41397,1.14829,-3.45238,3.63834,-3.52854,0.71632,1.20155,-0.48477,1.09035,,0.49594,0.75000,0.93889,true,,3.59387,-2.24229,3.62081,-2.27527,4.27635,-4.23353,0.14495,1.79157,-1.66773,-0.61346,,0.68001,0.83333,1.00000,true,,1.44463,-0.65738,1.45067,-0.66152,1.59438,-0.92239,1.29162,0.66379,-0.55645,-0.36080,,0.68783,0.65278,1.00000,false,outline coverage 0.50; 5/8 octants,,,,,,,,,,,,,0.50000,0.80556,1545,-0.000537,0.002658,0.002702,-0.002658,-0.000537,0.004714,-0.004662,-0.000809,0.001367,-0.001361,0.001946,-0.001361,-0.001367,0.002502,0.002387,0.000669,0.000953,-0.001807,0.002056,-0.000953,0.001807,0.001106,0.001073,-0.000237,,,,,,,,,,,,,,,,,0.001802,-0.004819,0.005162,-0.000849,-0.005074,0.001161,0.000492,-0.001050,,,,,,,,,0.001508,-0.004502,0.004798,-0.004653,0.000945,0.001584,-0.000639,0.001438,0.004739,-0.002957,0.005639,-0.005582,0.000191,0.002362,-0.002199,-0.000809,0.001905,-0.000867,0.002102,-0.001216,0.001703,0.000875,-0.000734,-0.000476,,,,,,,,,0.003140,4,1.79157,0.002362
ce6f75a2380a78e1,images/ce/ce6f75a2380a78e14d7d271cb3f4ff99ad58c50984060f464f5948d0213f6d29.jpg,gen,genuine_population,hv_page_ec154bc25b,126713GRNR,gold_surround_variant,established_dealer,https://swisswatchexpo.com/watches/rolex-gmt-master-ii-yellow-gold-steel-grey-bezel-mens-watch-126713-unworn-57084,,ce6f75a2380a78e14d7d271cb3f4ff99ad58c50984060f464f5948d0213f6d29,https://cdn.swisswatchexpo.com/productphotos/12/4/rolex-gmt-master-ii-yellow-gold-steel-grey-bezel-mens-watch-126713-unworn-57084_5d98e_md.jpg,harvest pose=CORRECTABLE decision=QUARANTINE,images/ce/ce6f75a2380a78e14d7d271cb3f4ff99ad58c50984060f464f5948d0213f6d29.jpg,accepted,900,900,,true,274.25689,0.99829,0.17045,45,11,273.72627,true,8,0.38881,-0.69846,0.79939,-0.08647,-0.05743,true,,-0.16994,0.72586,-0.16776,0.72388,0.74307,-0.72586,-0.16994,1.27362,-1.23156,-0.34051,-0.04175,,1.00000,1.00000,-0.16379,0.04337,-0.17483,true,,0.34922,-0.20026,0.35056,-0.20394,0.40557,-0.20026,-0.34922,0.72450,0.67332,0.24780,-0.61659,,1.00000,1.00000,true,,0.42099,-0.39510,0.42365,-0.39854,0.58164,-0.42099,0.39510,0.17550,0.14758,-0.09257,0.16342,,1.00000,0.96667,true,,-0.11734,-0.81707,-0.12069,-0.81423,0.82313,0.64893,-0.51015,0.28054,0.04463,-0.27732,,0.09387,0.88889,1.00000,false,hand/occluder crosses outline (clean 0.73),,,,,,,,,,,,,0.66667,0.72778,true,,0.53743,-1.22652,0.53078,-1.23482,1.34407,-0.14783,-1.33091,0.31670,0.05436,-0.31121,,0.34017,0.97222,1.00000,false,hand/occluder crosses outline (clean 0.61),,,,,,,,,,,,,0.51389,0.61111,true,,0.25498,-1.07588,0.25554,-1.08802,1.11762,-1.05923,0.31712,0.53843,-0.07017,0.53032,,0.33509,0.88889,0.95000,true,,1.22103,-0.74289,1.23020,-0.75431,1.44305,-1.42889,0.03285,0.57669,-0.55147,-0.15097,,0.40618,0.97222,1.00000,true,,0.59221,-0.23417,0.59472,-0.23592,0.63980,-0.39579,0.49891,0.22634,-0.21322,-0.07476,,0.28331,0.93056,1.00000,true,,0.42729,-0.46343,0.42741,-0.46347,0.63046,0.18769,0.60176,0.14247,-0.02677,0.13973,,0.09235,0.86111,1.00000,1003,-0.000621,0.002652,0.002715,-0.002652,-0.000621,0.004653,-0.004499,-0.001244,0.001276,-0.000732,0.001482,-0.000732,-0.001276,0.002647,0.002460,0.000905,0.001538,-0.001443,0.002125,-0.001538,0.001443,0.000641,0.000539,-0.000338,-0.000429,-0.002985,0.003007,0.002371,-0.001864,0.001025,0.000163,-0.001013,,,,,,,,,0.001963,-0.004481,0.004910,-0.000540,-0.004862,0.001157,0.000199,-0.001137,,,,,,,,,0.000932,-0.003930,0.004083,-0.003870,0.001159,0.001967,-0.000256,0.001937,0.004461,-0.002714,0.005272,-0.005220,0.000120,0.002107,-0.002015,-0.000552,0.002164,-0.000855,0.002337,-0.001446,0.001823,0.000827,-0.000779,-0.000273,0.001561,-0.001693,0.002303,0.000686,0.002198,0.000520,-0.000098,0.000510,0.002920,6,0.57669,0.002107
6a45fb92ba1f601a,images/6a/6a45fb92ba1f601a7c270a2518af6fce74db5a1cd585af26e00d242c39d8d598.jpg,gen,genuine_population,hv_page_ec154bc25b,126713GRNR,gold_surround_variant,established_dealer,https://swisswatchexpo.com/watches/rolex-gmt-master-ii-yellow-gold-steel-grey-bezel-mens-watch-126713-unworn-57084,,6a45fb92ba1f601a7c270a2518af6fce74db5a1cd585af26e00d242c39d8d598,https://cdn.swisswatchexpo.com/productphotos/12/4/rolex-gmt-master-ii-yellow-gold-steel-grey-bezel-mens-watch-126713-unworn-57084_16d34093e8_md.jpg,harvest pose=CORRECTABLE decision=QUARANTINE,images/6a/6a45fb92ba1f601a7c270a2518af6fce74db5a1cd585af26e00d242c39d8d598.jpg,accepted,900,900,,true,167.39873,0.99851,0.16164,45,11,167.06866,true,8,0.24030,-0.34580,0.42110,-0.01260,-0.05319,true,,-0.12211,0.28828,-0.12130,0.28767,0.31220,-0.28828,-0.12211,0.65825,-0.61541,-0.23878,-0.11963,,1.00000,1.00000,-0.25603,0.02327,-0.09628,true,,0.25843,0.14619,0.26018,0.14604,0.29836,0.14619,-0.25843,0.52025,0.50603,0.09931,-0.74475,,1.00000,1.00000,true,,0.23755,-0.31146,0.23907,-0.31381,0.39450,-0.23755,0.31146,0.08709,0.01896,0.08462,0.05781,,1.00000,0.96667,true,,-0.00521,-0.42963,-0.00697,-0.42830,0.42836,0.36946,-0.21933,0.13327,-0.03161,-0.12967,,0.25183,0.86111,1.00000,false,hand/occluder crosses outline (clean 0.71),,,,,,,,,,,,,0.70833,0.71111,true,,0.37320,-0.66471,0.36988,-0.66910,0.76453,-0.00915,-0.76226,0.22059,-0.02845,-0.21801,,0.33481,0.95833,1.00000,false,hand/occluder crosses outline (clean 0.73),,,,,,,,,,,,,0.58333,0.73333,true,,0.10318,-0.46349,0.10334,-0.46825,0.47952,-0.45298,0.14239,0.30718,-0.01770,0.30486,,0.34783,0.93056,0.95000,true,,0.66609,-0.31164,0.67108,-0.31703,0.74220,-0.73267,-0.06316,0.35725,-0.33521,-0.11466,,0.43363,1.00000,1.00000,true,,0.24472,-0.15268,0.24583,-0.15355,0.28985,-0.13559,0.25458,0.09042,-0.08208,-0.03753,,0.29178,0.94444,1.00000,true,,0.15722,-0.28452,0.15720,-0.28448,0.32503,0.16779,0.27842,0.02523,0.00733,0.02412,,0.21999,0.83333,1.00000,705,-0.000731,0.001726,0.001869,-0.001726,-0.000731,0.003940,-0.003684,-0.001429,0.001547,0.000875,0.001786,0.000875,-0.001547,0.003114,0.003029,0.000594,0.001422,-0.001864,0.002361,-0.001422,0.001864,0.000521,0.000113,0.000506,-0.000031,-0.002572,0.002564,0.002211,-0.001313,0.000798,-0.000189,-0.000776,,,,,,,,,0.002234,-0.003979,0.004576,-0.000055,-0.004563,0.001320,-0.000170,-0.001305,,,,,,,,,0.000618,-0.002774,0.002870,-0.002711,0.000852,0.001839,-0.000106,0.001825,0.003987,-0.001865,0.004442,-0.004385,-0.000378,0.002138,-0.002006,-0.000686,0.001465,-0.000914,0.001735,-0.000812,0.001524,0.000541,-0.000491,-0.000225,0.000941,-0.001703,0.001945,0.001004,0.001667,0.000151,0.000044,0.000144,0.002521,6,0.35725,0.002138
86e245b2719dd1e7,images/86/86e245b2719dd1e713e5bb24ecbb5bfa4bcb7fec4025662892879e3b85aa2226.jpg,gen,genuine_population,hv_page_ec8f2a7e33,126711CHNR,gold_surround_variant,established_dealer,https://bobswatches.com/used-two-tone-rolex-gmt-master-ii-root-beer-ref-126711chnr.html,,86e245b2719dd1e713e5bb24ecbb5bfa4bcb7fec4025662892879e3b85aa2226,https://www.bobswatches.com/images/z190784-Used-Rolex-GMT-Master-II-126711-SKU190784.jpg,harvest pose=GOOD decision=QUARANTINE,images/86/86e245b2719dd1e713e5bb24ecbb5bfa4bcb7fec4025662892879e3b85aa2226.jpg,accepted,1412,2160,,true,432.88129,0.99373,0.16851,45,11,434.01176,true,10,-0.21122,-0.89870,0.92318,-0.08775,0.07028,true,,-0.24895,0.82908,-0.25081,0.82196,0.85937,-0.82908,-0.24895,1.48630,-1.42434,-0.46105,-0.43487,,0.71429,0.93333,-0.75421,-0.18345,-0.67589,true,,-0.96562,-0.49132,-0.96795,-0.49555,1.08742,-0.49132,0.96562,0.78155,0.69588,0.35027,0.02190,,0.66667,1.00000,true,,-0.44268,-1.22451,-0.43774,-1.22498,1.30085,0.44268,1.22451,0.52436,0.51690,-0.07711,0.50941,,1.00000,1.00000,true,,0.25418,-0.41551,0.25419,-0.41140,0.48360,0.48693,0.01237,0.24705,0.12407,0.21423,,0.26450,0.98611,1.00000,true,,-0.02098,-0.50601,-0.02077,-0.50333,0.50375,0.23483,-0.44870,0.27816,0.27934,0.00435,,0.31273,0.91667,1.00000,true,,-0.60989,-0.84453,-0.61010,-0.84641,1.04337,-0.95045,-0.42644,0.18663,-0.00631,-0.18673,,0.22169,0.95833,1.00000,true,,-0.77857,-1.44071,-0.77865,-1.44616,1.64246,-1.63698,-0.04609,0.49183,-0.44166,-0.21377,,0.26080,0.97222,1.00000,true,,-0.23950,-1.96786,-0.23266,-1.97496,1.98861,-1.58447,1.19134,0.61745,-0.60250,0.12405,,0.21169,0.94444,0.83333,true,,-0.25428,-1.45868,-0.24807,-1.46192,1.48282,-0.50913,1.39039,0.09760,0.06547,0.07191,,0.18681,0.95833,1.00000,true,,0.31545,-0.76841,0.31982,-0.76421,0.82843,0.11102,0.82319,0.35265,-0.21400,-0.28194,,0.19732,0.93056,1.00000,true,,0.49396,-0.56824,0.49621,-0.56251,0.75009,0.24513,0.71190,0.33006,-0.33109,0.01414,,0.18124,0.97222,1.00000,1730,-0.000574,0.001910,0.001980,-0.001910,-0.000574,0.003425,-0.003282,-0.001062,-0.002225,-0.001132,0.002506,-0.001132,0.002225,0.001801,0.001603,0.000807,-0.001020,-0.002821,0.002997,0.001020,0.002821,0.001208,0.001191,-0.000178,0.000586,-0.000957,0.001114,0.001122,0.000029,0.000569,0.000286,0.000494,-0.000048,-0.001166,0.001161,0.000541,-0.001034,0.000641,0.000644,0.000010,-0.001405,-0.001946,0.002404,-0.002190,-0.000983,0.000430,-0.000015,-0.000430,-0.001794,-0.003320,0.003784,-0.003772,-0.000106,0.001133,-0.001018,-0.000493,-0.000552,-0.004534,0.004582,-0.003651,0.002745,0.001423,-0.001388,0.000286,-0.000586,-0.003361,0.003417,-0.001173,0.003204,0.000225,0.000151,0.000166,0.000727,-0.001770,0.001909,0.000256,0.001897,0.000813,-0.000493,-0.000650,0.001138,-0.001309,0.001728,0.000565,0.001640,0.000760,-0.000763,0.000033,0.002127,8,0.61745,0.001423
8b11a6baadbb4bab,images/8b/8b11a6baadbb4bab71def41af8dfe77f3e578dbff64d240c12a79cc7527e5f75.jpg,gen,genuine_population,hv_page_ed122bc9fa,126713GRNR,gold_surround_variant,established_dealer,https://swisswatchexpo.com/watches/rolex-gmt-master-ii-yellow-gold-steel-grey-bezel-mens-watch-126713-box-card-61165,,8b11a6baadbb4bab71def41af8dfe77f3e578dbff64d240c12a79cc7527e5f75,https://cdn.swisswatchexpo.com/productphotos/4/23/rolex-gmt-master-ii-yellow-gold-steel-grey-bezel-mens-watch-126713-box-card-61165_f412c_md.jpg,harvest pose=GOOD decision=REJECT,images/8b/8b11a6baadbb4bab71def41af8dfe77f3e578dbff64d240c12a79cc7527e5f75.jpg,accepted,900,900,,true,272.32541,0.99575,0.19621,45,11,272.92937,true,8,0.27486,-0.82300,0.86768,-0.13255,-0.05840,true,,-0.15036,0.68903,-0.14478,0.68880,0.70385,-0.68903,-0.15036,1.24093,-1.22498,-0.21000,-0.06228,,0.95238,1.00000,-0.33514,-0.06473,-1.05198,true,,0.66224,-0.63429,0.65507,-0.62857,0.90786,-0.63429,-0.66224,0.49534,0.46393,-0.17025,-0.05366,,0.95238,1.00000,true,,0.09257,-0.52151,0.08766,-0.51935,0.52670,-0.09257,0.52151,0.46715,0.46254,-0.09350,0.47291,,1.00000,1.00000,true,,-0.37055,-0.91551,-0.37714,-0.91740,0.99190,0.60758,-0.77866,0.38885,0.04613,-0.38422,,0.03697,0.77778,1.00000,false,hand/occluder crosses outline (clean 0.76),,,,,,,,,,,,,0.72222,0.76111,true,,-0.07736,-1.58050,-0.08857,-1.58193,1.58441,-0.85724,-1.33008,0.46931,-0.39485,-0.24849,,0.25661,0.93056,1.00000,false,hand/occluder crosses outline (clean 0.66),,,,,,,,,,,,,0.54167,0.65556,true,,0.56253,-0.98372,0.55143,-0.97688,1.12177,-1.13319,0.00470,0.06439,0.01633,0.06244,,0.34059,0.86111,0.97222,true,,0.47005,-0.63697,0.46131,-0.63196,0.78242,-0.72556,0.31661,0.22435,0.22517,-0.03084,,0.24743,0.87500,1.00000,true,,0.89294,-0.70404,0.88085,-0.69946,1.12478,-0.42129,1.05618,0.51363,-0.29561,0.42679,,0.10996,0.81944,1.00000,true,,0.82526,-0.27052,0.81885,-0.26844,0.86173,-0.17835,0.84996,0.61962,-0.45786,0.41935,,0.15190,0.66667,1.00000,971,-0.000551,0.002525,0.002579,-0.002525,-0.000551,0.004547,-0.004488,-0.000769,0.002426,-0.002324,0.003326,-0.002324,-0.002426,0.001815,0.001700,-0.000624,0.000339,-0.001911,0.001930,-0.000339,0.001911,0.001712,0.001695,-0.000343,-0.001358,-0.003354,0.003634,0.002226,-0.002853,0.001425,0.000169,-0.001408,,,,,,,,,-0.000283,-0.005791,0.005805,-0.003141,-0.004873,0.001720,-0.001447,-0.000910,,,,,,,,,0.002061,-0.003604,0.004110,-0.004152,0.000017,0.000236,0.000060,0.000229,0.001722,-0.002334,0.002867,-0.002658,0.001160,0.000822,0.000825,-0.000113,0.003272,-0.002580,0.004121,-0.001544,0.003870,0.001882,-0.001083,0.001564,0.003024,-0.000991,0.003157,-0.000653,0.003114,0.002270,-0.001678,0.001536,0.003179,6,0.61962,0.002270
a681769244cdee29,images/a6/a681769244cdee29e6b157565e1e1f44ac289b32128ad64386c5fde847731731.jpg,gen,genuine_population,hv_page_ed122bc9fa,126713GRNR,gold_surround_variant,established_dealer,https://swisswatchexpo.com/watches/rolex-gmt-master-ii-yellow-gold-steel-grey-bezel-mens-watch-126713-box-card-61165,,a681769244cdee29e6b157565e1e1f44ac289b32128ad64386c5fde847731731,https://cdn.swisswatchexpo.com/productphotos/4/23/rolex-gmt-master-ii-yellow-gold-steel-grey-bezel-mens-watch-126713-box-card-61165_3ad8b22a7a_md.jpg,harvest pose=CORRECTABLE decision=REJECT,images/a6/a681769244cdee29e6b157565e1e1f44ac289b32128ad64386c5fde847731731.jpg,accepted,900,900,,true,170.44737,0.99655,0.15401,45,11,171.05117,true,8,0.13385,-0.50668,0.52406,-0.11180,-0.08525,true,,-0.09564,0.41087,-0.09217,0.41067,0.42088,-0.41087,-0.09564,0.76632,-0.76601,-0.03054,-0.22528,,1.00000,1.00000,-0.36116,-0.10617,-0.28560,true,,0.47607,-0.92643,0.46699,-0.92076,1.03241,-0.92643,-0.47607,0.30756,-0.27406,-0.14561,-0.16245,,1.00000,1.00000,true,,-0.06177,-0.08291,-0.06196,-0.08288,0.10348,0.06177,0.08291,0.41046,0.34446,-0.23288,0.40013,,1.00000,1.00000,true,,-0.18391,-0.61089,-0.18850,-0.61202,0.64039,0.43709,-0.46472,0.14989,0.08347,-0.12363,,0.20711,0.76389,1.00000,false,hand/occluder crosses outline (clean 0.75),,,,,,,,,,,,,0.76389,0.75000,true,,0.00370,-0.88632,-0.00275,-0.88660,0.88661,-0.43995,-0.76943,0.16067,-0.15029,-0.05351,,0.34961,0.98611,1.00000,false,hand/occluder crosses outline (clean 0.71),,,,,,,,,,,,,0.59722,0.71111,true,,0.30063,-0.40475,0.29540,-0.40117,0.49819,-0.50084,-0.05798,0.16238,0.16365,0.01465,,0.38218,0.86111,0.97222,true,,0.13390,-0.18081,0.13129,-0.17925,0.22219,-0.20636,0.08963,0.32679,0.32282,-0.07428,,0.33348,0.87500,1.00000,true,,0.49883,-0.43445,0.49143,-0.43155,0.65402,-0.21477,0.62566,0.37266,-0.19357,0.32346,,0.18717,0.80556,1.00000,true,,0.41203,-0.14996,0.40859,-0.14880,0.43484,-0.07614,0.43181,0.39310,-0.29148,0.26492,,0.25729,0.80556,1.00000,713,-0.000559,0.002402,0.002461,-0.002402,-0.000559,0.004480,-0.004478,-0.000179,0.002783,-0.005416,0.006036,-0.005416,-0.002783,0.001798,-0.001602,-0.000851,-0.000361,-0.000485,0.000605,0.000361,0.000485,0.002400,0.002014,-0.001361,-0.001075,-0.003571,0.003744,0.002555,-0.002717,0.000876,0.000488,-0.000723,,,,,,,,,0.000022,-0.005182,0.005183,-0.002572,-0.004498,0.000939,-0.000879,-0.000313,,,,,,,,,0.001758,-0.002366,0.002913,-0.002928,-0.000339,0.000949,0.000957,0.000086,0.000783,-0.001057,0.001299,-0.001206,0.000524,0.001910,0.001887,-0.000434,0.002916,-0.002540,0.003824,-0.001256,0.003658,0.002179,-0.001132,0.001891,0.002409,-0.000877,0.002542,-0.000445,0.002524,0.002298,-0.001704,0.001549,0.003064,6,0.39310,0.002298
1d55b01daf63e59d,images/1d/1d55b01daf63e59dd93246eea5a78f9dcbb96cdf4f32bd8ec7bfb8eefe807cc9.jpg,gen,genuine_population,hv_page_ee91bc679b,126710GRNR,primary_steel,established_dealer,https://bobswatches.com/rolex-gmt-master-ii-ref-126710grnr-stainless-steel.html,,1d55b01daf63e59dd93246eea5a78f9dcbb96cdf4f32bd8ec7bfb8eefe807cc9,https://www.bobswatches.com/images/zUsed-Rolex-GMT-Master-II-126710-Black-Dial-SKU181135.jpg,harvest pose=CORRECTABLE decision=QUARANTINE,images/1d/1d55b01daf63e59dd93246eea5a78f9dcbb96cdf4f32bd8ec7bfb8eefe807cc9.jpg,accepted,1412,2160,,true,433.15458,0.99042,0.16490,44,11,434.53675,true,9,-0.53337,-0.09955,0.54258,0.11769,-0.01044,true,,-0.82337,1.44836,-0.81685,1.44201,1.65730,-1.44836,-0.82337,1.95992,-1.95838,-0.22737,0.62357,,1.00000,1.00000,0.47708,0.72312,0.45462,true,,-0.13932,1.00803,-0.13600,1.01086,1.01997,1.00803,0.13932,0.79837,0.72317,-0.33359,0.20960,,0.66667,1.00000,true,,-1.78390,0.00988,-1.78631,0.01520,1.78638,1.78390,-0.00988,0.86779,0.86502,-0.05140,0.48080,,1.00000,0.96667,true,,-0.47147,-0.47611,-0.47287,-0.47224,0.66829,0.17659,-0.64636,0.09229,-0.06047,-0.07000,,0.48448,0.90278,1.00000,true,,-0.18275,-0.34664,-0.18441,-0.34469,0.39092,0.01505,-0.39157,0.02867,0.01006,0.02689,,0.36056,0.79167,0.92222,true,,-0.41754,-0.19048,-0.41894,-0.18916,0.45967,-0.45684,0.04381,0.36796,-0.36053,-0.07044,,0.34250,0.91667,1.00000,false,hand/occluder crosses outline (clean 0.61),,,,,,,,,,,,,0.45833,0.61111,true,,-0.81143,-0.13424,-0.81408,-0.13181,0.82468,0.28946,0.76984,0.44450,-0.30484,0.32221,,0.35871,1.00000,1.00000,true,,-0.18017,0.03596,-0.18053,0.03657,0.18420,0.17401,0.05895,0.69377,-0.65236,-0.23078,,0.34563,0.91667,1.00000,true,,-1.10274,-0.32406,-1.10357,-0.31991,1.14900,1.11703,-0.27073,0.19126,0.18935,-0.02775,,0.45279,0.93056,1.00000,true,,-0.29504,-0.37598,-0.29574,-0.37329,0.47624,0.47313,-0.06752,0.50360,-0.29665,0.40753,,0.39340,0.88889,1.00000,1721,-0.001895,0.003333,0.003814,-0.003333,-0.001895,0.004510,-0.004507,-0.000523,-0.000321,0.002320,0.002347,0.002320,0.000321,0.001837,0.001664,-0.000768,-0.004105,0.000023,0.004111,0.004105,-0.000023,0.001997,0.001991,-0.000118,-0.001085,-0.001096,0.001538,0.000406,-0.001487,0.000212,-0.000139,-0.000161,-0.000421,-0.000798,0.000900,0.000035,-0.000901,0.000066,0.000023,0.000062,-0.000961,-0.000438,0.001058,-0.001051,0.000101,0.000847,-0.000830,-0.000162,,,,,,,,,-0.001867,-0.000309,0.001898,0.000666,0.001772,0.001023,-0.000702,0.000742,-0.000415,0.000083,0.000424,0.000400,0.000136,0.001597,-0.001501,-0.000531,-0.002538,-0.000746,0.002644,0.002571,-0.000623,0.000440,0.000436,-0.000064,-0.000679,-0.000865,0.001096,0.001089,-0.000155,0.001159,-0.000683,0.000938,0.001249,7,0.69377,0.001597
ca414681c03421ec,images/ca/ca414681c03421ecffbc3916f7d1a42bda6e82e85002fae2ba8b1b3b810ea576.jpg,gen,genuine_population,hv_page_eecca3c259,126710BLRO,primary_steel,established_dealer,https://bobswatches.com/pre-owned-rolex-gmt-master-ii-ref-126710-ceramic-pepsi-jubilee.html,,ca414681c03421ecffbc3916f7d1a42bda6e82e85002fae2ba8b1b3b810ea576,https://www.bobswatches.com/images/zRolex-GMT-Master-II-126710---131629.jpg,harvest pose=CORRECTABLE decision=QUARANTINE,images/ca/ca414681c03421ecffbc3916f7d1a42bda6e82e85002fae2ba8b1b3b810ea576.jpg,missing,,,,,,,,,,,,,,,,,,,,,,,,,,,,,,,,,,,,,,,,,,,,,,,,,,,,,,,,,,,,,,,,,,,,,,,,,,,,,,,,,,,,,,,,,,,,,,,,,,,,,,,,,,,,,,,,,,,,,,,,,,,,,,,,,,,,,,,,,,,,,,,,,,,,,,,,,,,,,,,,,,,,,,,,,,,,,,,,,,,,,,,,,,,,,,,,,,,,,,,,,,,,,,,,,,,,,,,,,,,,,,,,,,,,,,,,,,,,,,,,,,,,,,,,,,,,,,,,,,,,,,,,,,,,,,,,,,,,,,,,,,,,,,,,,
36ffe44ce5170d2b,images/36/36ffe44ce5170d2bf4b4ab9b224ff2e74fb1f52590f77a33943550f94d9672c8.jpg,gen,genuine_population,hv_page_ef7d4016dc,126710BLRO,primary_steel,established_dealer,https://bobswatches.com/pre-owned-rolex-gmt-master-ii-126710blro-pepsi.html,,36ffe44ce5170d2bf4b4ab9b224ff2e74fb1f52590f77a33943550f94d9672c8,https://www.bobswatches.com/images/zUsed-Rolex-GMT-Master-II-126710-SKU-160293.jpg,harvest pose=CORRECTABLE decision=QUARANTINE,images/36/36ffe44ce5170d2bf4b4ab9b224ff2e74fb1f52590f77a33943550f94d9672c8.jpg,accepted,800,1224,,true,244.93458,0.99425,0.30391,44,11,246.05801,true,10,-0.16859,-0.57209,0.59641,-0.02707,0.01806,true,,-0.30036,0.61067,-0.30609,0.60473,0.67779,-0.61067,-0.30036,1.13833,-1.12774,-0.18802,0.85975,,1.00000,1.00000,0.68240,1.03256,0.84350,true,,-0.16599,-0.36136,-0.16272,-0.36449,0.39917,-0.36136,0.16599,0.26879,0.25923,-0.06690,0.59363,,0.80952,1.00000,true,,-0.57517,-0.72036,-0.56717,-0.72662,0.92177,0.57517,0.72036,0.46084,0.45113,0.09149,0.48978,,1.00000,1.00000,true,,-0.01307,-0.51795,-0.00835,-0.51596,0.51602,0.44202,-0.27030,0.13594,0.08942,0.10278,,0.03955,0.75000,0.91111,true,,-0.01006,-0.57903,-0.00526,-0.57759,0.57762,0.28080,-0.50649,0.20057,0.20075,0.01153,,0.26919,0.94444,1.00000,true,,-0.47745,-0.56001,-0.47318,-0.56583,0.73761,-0.69349,-0.24626,0.22561,-0.20324,0.09743,,0.20935,0.98611,1.00000,true,,-0.24061,-0.52718,-0.23627,-0.53146,0.58162,-0.57686,-0.05522,0.06069,0.05833,0.01592,,0.40927,0.91667,1.00000,true,,-0.15270,-0.89784,-0.14294,-0.90301,0.91426,-0.70120,0.58116,0.25505,-0.24033,0.08200,,0.31793,0.83333,1.00000,true,,0.37029,-0.73766,0.38022,-0.73583,0.82826,-0.68951,0.45369,0.53772,-0.50119,-0.19041,,0.29884,1.00000,1.00000,true,,-0.41607,-0.92599,-0.40497,-0.92870,1.01316,0.82332,0.59390,0.45777,0.44133,0.12412,,0.21358,0.84722,0.97778,true,,-0.07070,0.01551,-0.07081,0.01469,0.07232,0.02192,-0.06898,0.56883,-0.50501,-0.26620,,0.18544,1.00000,1.00000,1607,-0.001221,0.002482,0.002755,-0.002482,-0.001221,0.004626,-0.004583,-0.000764,-0.000675,-0.001469,0.001622,-0.001469,0.000675,0.001092,0.001054,-0.000272,-0.002338,-0.002928,0.003746,0.002338,0.002928,0.001873,0.001833,0.000372,-0.000053,-0.002105,0.002097,0.001796,-0.001099,0.000552,0.000363,0.000418,-0.000041,-0.002353,0.002347,0.001141,-0.002058,0.000815,0.000816,0.000047,-0.001940,-0.002276,0.002998,-0.002818,-0.001001,0.000917,-0.000826,0.000396,-0.000978,-0.002143,0.002364,-0.002344,-0.000224,0.000247,0.000237,0.000065,-0.000621,-0.003649,0.003716,-0.002850,0.002362,0.001037,-0.000977,0.000333,0.001505,-0.002998,0.003366,-0.002802,0.001844,0.002185,-0.002037,-0.000774,-0.001691,-0.003763,0.004118,0.003346,0.002414,0.001860,0.001794,0.000504,-0.000287,0.000063,0.000294,0.000089,-0.000280,0.002312,-0.002052,-0.001082,0.002424,8,0.56883,0.002312
e2d63a47c33b2c07,images/e2/e2d63a47c33b2c07ddf3c1e9e2027ddaf6ce85d90e0a2d17cd409d9f1a5e0d62.jpg,gen,genuine_population,hv_page_f6f49b352c,126713GRNR,gold_surround_variant,established_dealer,https://bobswatches.com/mens-rolex-gmt-master-ii-ref-126713grnr-steel-and-gold-zombie.html,,e2d63a47c33b2c07ddf3c1e9e2027ddaf6ce85d90e0a2d17cd409d9f1a5e0d62,https://www.bobswatches.com/images/zUsed-Rolex-GMT-Master-II-126713-SKU184497-PL.jpg,harvest pose=GOOD decision=REJECT,images/e2/e2d63a47c33b2c07ddf3c1e9e2027ddaf6ce85d90e0a2d17cd409d9f1a5e0d62.jpg,missing,,,,,,,,,,,,,,,,,,,,,,,,,,,,,,,,,,,,,,,,,,,,,,,,,,,,,,,,,,,,,,,,,,,,,,,,,,,,,,,,,,,,,,,,,,,,,,,,,,,,,,,,,,,,,,,,,,,,,,,,,,,,,,,,,,,,,,,,,,,,,,,,,,,,,,,,,,,,,,,,,,,,,,,,,,,,,,,,,,,,,,,,,,,,,,,,,,,,,,,,,,,,,,,,,,,,,,,,,,,,,,,,,,,,,,,,,,,,,,,,,,,,,,,,,,,,,,,,,,,,,,,,,,,,,,,,,,,,,,,,,,,,,,,,,
71bd35628e4ed6ac,images/71/71bd35628e4ed6acfe9e1d7fcbcac85b6f474490ca7882acd644ef1439e38df9.jpg,gen,genuine_population,hv_page_fa59e58578,126710BLNR,primary_steel,established_dealer,https://bobswatches.com/pre-owned-rolex-gmt-master-ii-ref-126710blnr-batman.html,,71bd35628e4ed6acfe9e1d7fcbcac85b6f474490ca7882acd644ef1439e38df9,https://www.bobswatches.com/images/zUsed-Rolex-GMT-Master-II-126710-Black-Chromalight-Dial-SKU181810.jpg,harvest pose=CORRECTABLE decision=QUARANTINE,images/71/71bd35628e4ed6acfe9e1d7fcbcac85b6f474490ca7882acd644ef1439e38df9.jpg,missing,,,,,,,,,,,,,,,,,,,,,,,,,,,,,,,,,,,,,,,,,,,,,,,,,,,,,,,,,,,,,,,,,,,,,,,,,,,,,,,,,,,,,,,,,,,,,,,,,,,,,,,,,,,,,,,,,,,,,,,,,,,,,,,,,,,,,,,,,,,,,,,,,,,,,,,,,,,,,,,,,,,,,,,,,,,,,,,,,,,,,,,,,,,,,,,,,,,,,,,,,,,,,,,,,,,,,,,,,,,,,,,,,,,,,,,,,,,,,,,,,,,,,,,,,,,,,,,,,,,,,,,,,,,,,,,,,,,,,,,,,,,,,,,,,
ce1600bb75d41ca8,images/ce/ce1600bb75d41ca8729f2a3c4745072fba87e325f2fb57a2677082d8060c8bdf.jpg,gen,genuine_population,hv_page_fcffce691a,126711CHNR,gold_surround_variant,established_dealer,https://bobswatches.com/pre-owned-steel-and-18k-everose-gold-rolex-gmt-master-ii-root-beer-126711chnr.html,,ce1600bb75d41ca8729f2a3c4745072fba87e325f2fb57a2677082d8060c8bdf,https://www.bobswatches.com/images/zUsed-Rolex-GMT-Master-II-126711-SKU189577.jpg,harvest pose=GOOD decision=QUARANTINE,images/ce/ce1600bb75d41ca8729f2a3c4745072fba87e325f2fb57a2677082d8060c8bdf.jpg,missing,,,,,,,,,,,,,,,,,,,,,,,,,,,,,,,,,,,,,,,,,,,,,,,,,,,,,,,,,,,,,,,,,,,,,,,,,,,,,,,,,,,,,,,,,,,,,,,,,,,,,,,,,,,,,,,,,,,,,,,,,,,,,,,,,,,,,,,,,,,,,,,,,,,,,,,,,,,,,,,,,,,,,,,,,,,,,,,,,,,,,,,,,,,,,,,,,,,,,,,,,,,,,,,,,,,,,,,,,,,,,,,,,,,,,,,,,,,,,,,,,,,,,,,,,,,,,,,,,,,,,,,,,,,,,,,,,,,,,,,,,,,,,,,,,
91bff020783974d8,images/91/91bff020783974d86231ec102f7aae10eb3d16e031fc3893876dd282ae58ab2d.jpg,gen,genuine_population,phillips_181407,126710BLNR,primary_steel,auction_house,https://phillips.com/detail/rolex/181407,,91bff020783974d86231ec102f7aae10eb3d16e031fc3893876dd282ae58ab2d,https://dist.phillips.com/auction-assets/CH080323/181407_001.jpg?fit=cover&offset-x=50&offset-y=100&width=928,harvest pose=CORRECTABLE decision=REJECT,images/91/91bff020783974d86231ec102f7aae10eb3d16e031fc3893876dd282ae58ab2d.jpg,pose_rejected,928,1160,overlay unavailable: minute-lattice median residual too high (wrong local fit),false,,,,0,0,,,,,,,,,,,,,,,,,,,,,,,,,,,,,,,,,,,,,,,,,,,,,,,,,,,,,,,,,,,,,,,,,,,,,,,,,,,,,,,,,,,,,,,,,,,,,,,,,,,,,,,,,,,,,,,,,,,,,,,,,,,,,,,,,,,,,,,,,,,,,,,,,,,,,,,,,,,,,,,,,,,,,,,,,,,,,,,,,,,,,,,,,,,,,,,,,,,,,,,,,,,,,,,,,,,,,,,,,,,,,,,,,,,,,,,,,,,,,,,,,,,,,,,,,,,,,,,,,,,,,,,,,,,,,,,,,,,,,,,,
baf57b66c2a15daa,images/ba/baf57b66c2a15daa8fda9338fee32da755bc216981479f200b5d8837386c186a.jpg,gen,genuine_population,phillips_181407,126710BLNR,primary_steel,auction_house,https://phillips.com/detail/rolex/181407,,baf57b66c2a15daa8fda9338fee32da755bc216981479f200b5d8837386c186a,https://dist.phillips.com/auction-assets/CH080323/181407_001.jpg?fit=cover&offset-x=50&offset-y=100&optimize=medium&width=868,harvest pose=CORRECTABLE decision=REJECT,images/ba/baf57b66c2a15daa8fda9338fee32da755bc216981479f200b5d8837386c186a.jpg,pose_rejected,868,1085,overlay unavailable: minute-lattice median residual too high (wrong local fit),false,,,,0,0,,,,,,,,,,,,,,,,,,,,,,,,,,,,,,,,,,,,,,,,,,,,,,,,,,,,,,,,,,,,,,,,,,,,,,,,,,,,,,,,,,,,,,,,,,,,,,,,,,,,,,,,,,,,,,,,,,,,,,,,,,,,,,,,,,,,,,,,,,,,,,,,,,,,,,,,,,,,,,,,,,,,,,,,,,,,,,,,,,,,,,,,,,,,,,,,,,,,,,,,,,,,,,,,,,,,,,,,,,,,,,,,,,,,,,,,,,,,,,,,,,,,,,,,,,,,,,,,,,,,,,,,,,,,,,,,,,,,,,,,
66c4527d45cf91b0,images/66/66c4527d45cf91b05a4e520a3e9c620489da78e6afaf4019e2bb0f772412f069.jpg,gen,genuine_population,phillips_181407,126710BLNR,primary_steel,auction_house,https://phillips.com/detail/rolex/181407,,66c4527d45cf91b05a4e520a3e9c620489da78e6afaf4019e2bb0f772412f069,https://dist.phillips.com/auction-assets/CH080323/181407_001.jpg?fit=cover&offset-x=50&offset-y=100&width=750,harvest pose=CORRECTABLE decision=REJECT,images/66/66c4527d45cf91b05a4e520a3e9c620489da78e6afaf4019e2bb0f772412f069.jpg,accepted,750,938,,true,124.72267,0.98799,0.31195,42,11,120.42936,false,0,,,,,,false,hand/occluder crosses outline (clean 0.27),,,,,,,,,,,,,0.33333,0.26667,,,,false,hand/occluder crosses outline (clean 0.00),,,,,,,,,,,,,0.38095,0.00000,false,hand/occluder crosses outline (clean 0.00),,,,,,,,,,,,,0.28571,0.00000,true,,0.03265,-0.07583,0.01781,-0.07875,0.08074,0.08199,-0.00964,,,,,-0.02923,0.90278,1.00000,false,hand/occluder crosses outline (clean 0.62),,,,,,,,,,,,,0.45833,0.62222,false,hand/occluder crosses outline (clean 0.69),,,,,,,,,,,,,0.56944,0.69444,false,hand/occluder crosses outline (clean 0.47),,,,,,,,,,,,,0.43056,0.46667,true,,0.25363,-0.57606,0.14441,-0.61141,0.62823,-0.62569,0.06838,,,,,0.26503,0.75000,0.86111,false,hand/occluder crosses outline (clean 0.46),,,,,,,,,,,,,0.40278,0.45556,true,,0.42829,-0.32575,0.36394,-0.39181,0.53475,-0.20804,0.49625,,,,,0.12756,0.90278,1.00000,false,hand/occluder crosses outline (clean 0.72),,,,,,,,,,,,,0.38889,0.72222,6137,,,,,,,,,,,,,,,,,,,,,,,,,0.000271,-0.000630,0.000670,0.000681,-0.000080,,,,,,,,,,,,,,,,,,,,,,,,,,,,0.002106,-0.004783,0.005217,-0.005195,0.000568,,,,,,,,,,,,0.003556,-0.002705,0.004440,-0.001727,0.004121,,,,,,,,,,,,,3,,
6d440f240015dd64,images/6d/6d440f240015dd64dd4f58448ece6168eefb75c94b6ce058c65f2f516e487e87.jpg,gen,genuine_population,swe_42335,126710BLNR,primary_steel,established_dealer,https://swisswatchexpo.com/watches/rolex-gmt-master-ii-black-blue-batman-steel-mens-watch-126710-unworn-42335,,6d440f240015dd64dd4f58448ece6168eefb75c94b6ce058c65f2f516e487e87,https://cdn.swisswatchexpo.com/productphotos/4/7/rolex-gmt-master-ii-black-blue-batman-steel-mens-watch-126710-unworn-42335_e5a07.jpg,harvest pose=GOOD decision=QUARANTINE,images/6d/6d440f240015dd64dd4f58448ece6168eefb75c94b6ce058c65f2f516e487e87.jpg,accepted,2628,2628,,true,766.14181,0.98968,0.34326,45,11,726.89099,false,0,,,,,,true,,-2.69965,1.56365,-2.70728,1.59798,3.14371,-1.56365,-2.69965,,,,-0.65631,,0.95238,1.00000,-0.59054,-0.66311,-0.44111,true,,-0.02135,-1.12710,-0.02610,-1.15225,1.15255,-1.12710,0.02135,,,,-0.38675,,1.00000,0.96667,true,,-1.18803,-6.25303,-1.22888,-6.41213,6.52883,1.18803,6.25303,,,,-0.22549,,0.57143,0.96667,false,outline coverage 0.57; 6/8 octants,,,,,,,,,,,,,0.56944,1.00000,false,hand/occluder crosses outline (clean 0.67),,,,,,,,,,,,,0.61111,0.66667,true,,-0.53984,-3.86504,-0.55514,-3.93291,3.97190,-2.40004,-3.07730,,,,,0.59040,0.77778,1.00000,false,hand/occluder crosses outline (clean 0.56),,,,,,,,,,,,,0.41667,0.55556,false,outline coverage 0.60; 6/8 octants,,,,,,,,,,,,,0.59722,0.93333,false,outline coverage 0.58; 7/8 octants,,,,,,,,,,,,,0.58333,0.81667,false,outline coverage 0.56; 6/8 octants,,,,,,,,,,,,,0.55556,0.97222,false,outline coverage 0.56; 5/8 octants,,,,,,,,,,,,,0.55556,1.00000,1667,-0.003714,0.002151,0.004325,-0.002151,-0.003714,,,,-0.000029,-0.001551,0.001586,-0.001551,0.000029,,,,-0.001634,-0.008602,0.008982,0.001634,0.008602,,,,,,,,,,,,,,,,,,,,-0.000743,-0.005317,0.005464,-0.003302,-0.004234,,,,,,,,,,,,,,,,,,,,,,,,,,,,,,,,,,,,,,,,,,,,,1,,
7443488738a77b10,images/74/7443488738a77b100a4a79ccb7c4000c3698220893027bc0e78006bbfce6423c.jpg,gen,genuine_population,swe_42335,126710BLNR,primary_steel,established_dealer,https://swisswatchexpo.com/watches/rolex-gmt-master-ii-black-blue-batman-steel-mens-watch-126710-unworn-42335,,7443488738a77b100a4a79ccb7c4000c3698220893027bc0e78006bbfce6423c,https://cdn.swisswatchexpo.com/productphotos/4/7/rolex-gmt-master-ii-black-blue-batman-steel-mens-watch-126710-unworn-42335_75e34_md.jpg,harvest pose=CORRECTABLE decision=QUARANTINE,images/74/7443488738a77b100a4a79ccb7c4000c3698220893027bc0e78006bbfce6423c.jpg,accepted,900,900,,true,259.54447,0.98570,0.17520,45,11,248.83708,true,8,-0.43987,-1.28888,1.36188,0.05038,0.01523,true,,-0.82057,0.57555,-0.82215,0.58782,1.01068,-0.57555,-0.82057,2.02705,-1.93871,-0.44115,-0.73372,,1.00000,1.00000,-0.54261,-0.74842,-0.08619,true,,-0.01463,-0.31448,-0.01604,-0.32153,0.32193,-0.31448,0.01463,0.99010,0.85384,-0.46760,-0.42453,,0.61905,0.96667,true,,-0.42858,-2.17020,-0.44255,-2.22493,2.26852,0.42858,2.17020,0.88534,-0.09836,0.85727,-0.03150,,0.95238,0.93333,true,,-0.54935,-2.16407,-0.55923,-2.20502,2.27483,1.59946,-1.55779,0.88305,0.61994,-0.60570,,-0.67398,0.68056,1.00000,false,hand/occluder crosses outline (clean 0.66),,,,,,,,,,,,,0.63889,0.65556,true,,-0.00709,-1.19797,-0.01254,-1.22029,1.22036,-0.60512,-1.03393,0.36471,0.29884,-0.21006,,0.42017,0.80556,1.00000,false,hand/occluder crosses outline (clean 0.60),,,,,,,,,,,,,0.54167,0.60000,true,,-1.18275,-1.70284,-1.20133,-1.73566,2.11085,-0.88333,1.87571,0.83424,-0.10759,0.81609,,-0.65618,0.72222,0.93333,true,,-1.02001,-1.79367,-1.04013,-1.83402,2.10843,-0.01348,2.06336,0.72750,0.14175,0.69969,,-0.72352,0.72222,1.00000,true,,-0.14496,-0.44854,-0.14850,-0.45960,0.48299,0.34981,0.31597,1.00002,-0.75794,-0.61543,,0.22318,0.72222,1.00000,true,,-0.37501,-0.36258,-0.37991,-0.37084,0.53091,0.50151,-0.14348,1.04140,-0.91030,-0.45436,,0.26792,0.70833,1.00000,1034,-0.003298,0.002313,0.004062,-0.002313,-0.003298,0.008146,-0.007791,-0.001773,-0.000059,-0.001264,0.001294,-0.001264,0.000059,0.003979,0.003431,-0.001879,-0.001722,-0.008721,0.009116,0.001722,0.008721,0.003558,-0.000395,0.003445,-0.002208,-0.008697,0.009142,0.006428,-0.006260,0.003549,0.002491,-0.002434,,,,,,,,,-0.000028,-0.004814,0.004904,-0.002432,-0.004155,0.001466,0.001201,-0.000844,,,,,,,,,-0.004753,-0.006843,0.008483,-0.003550,0.007538,0.003353,-0.000432,0.003280,-0.004099,-0.007208,0.008473,-0.000054,0.008292,0.002924,0.000570,0.002812,-0.000583,-0.001803,0.001941,0.001406,0.001270,0.004019,-0.003046,-0.002473,-0.001507,-0.001457,0.002134,0.002015,-0.000577,0.004185,-0.003658,-0.001826,0.005473,6,1.04140,0.004185
29ec17dc64f82548,images/29/29ec17dc64f82548e57385eeb83435b2670c90e0cc756f358d549f9b5b51db17.jpg,gen,genuine_population,swe_42335,126710BLNR,primary_steel,established_dealer,https://swisswatchexpo.com/watches/rolex-gmt-master-ii-black-blue-batman-steel-mens-watch-126710-unworn-42335,,29ec17dc64f82548e57385eeb83435b2670c90e0cc756f358d549f9b5b51db17,https://cdn.swisswatchexpo.com/productphotos/4/7/rolex-gmt-master-ii-black-blue-batman-steel-mens-watch-126710-unworn-42335_4b5c3ab878_md.jpg,harvest pose=CORRECTABLE decision=QUARANTINE,images/29/29ec17dc64f82548e57385eeb83435b2670c90e0cc756f358d549f9b5b51db17.jpg,accepted,900,900,,true,169.37542,0.98421,0.16115,45,11,162.36685,true,8,-0.32414,-0.92923,0.98415,0.02471,-0.01831,true,,-0.40612,0.46593,-0.40609,0.47593,0.62564,-0.46593,-0.40612,1.43918,-1.40868,-0.04593,-0.74065,,1.00000,1.00000,-0.62589,-0.72551,-0.26608,true,,0.15713,-0.93911,0.15403,-0.96150,0.97376,-0.93911,-0.15713,0.44334,-0.05871,-0.43670,-0.75014,,0.80952,0.96667,true,,-0.45098,-1.35190,-0.46196,-1.38477,1.45979,0.45098,1.35190,0.50341,0.10195,0.48038,-0.07030,,1.00000,0.96667,true,,-0.52470,-1.38593,-0.53105,-1.41223,1.50877,0.93790,-1.14737,0.47284,0.27598,-0.37382,,-0.24875,0.84722,1.00000,false,hand/occluder crosses outline (clean 0.65),,,,,,,,,,,,,0.63889,0.65000,true,,0.16035,-0.72975,0.15681,-0.74434,0.76067,-0.22600,-0.71216,0.47501,0.47277,-0.04068,,0.40290,0.80556,1.00000,false,hand/occluder crosses outline (clean 0.70),,,,,,,,,,,,,0.45833,0.70000,true,,-0.83062,-1.03724,-0.84261,-1.05607,1.35102,-0.48297,1.23796,0.56584,0.11374,0.54874,,-0.33384,0.81944,0.93333,true,,-0.71939,-1.12601,-0.73266,-1.15045,1.36394,0.06000,1.33485,0.48350,0.20671,0.42896,,-0.34010,0.81944,1.00000,true,,-0.10837,-0.33004,-0.11096,-0.33811,0.35585,0.25887,0.23164,0.63217,-0.50512,-0.35550,,0.29391,0.72222,1.00000,true,,-0.28444,-0.27041,-0.28805,-0.27653,0.39930,0.37640,-0.11113,0.66867,-0.60425,-0.24827,,0.31740,0.69444,1.00000,719,-0.002501,0.002870,0.003853,-0.002870,-0.002501,0.008864,-0.008676,-0.000283,0.000968,-0.005784,0.005997,-0.005784,-0.000968,0.002730,-0.000362,-0.002690,-0.002778,-0.008326,0.008991,0.002778,0.008326,0.003100,0.000628,0.002959,-0.003232,-0.008536,0.009292,0.005776,-0.007067,0.002912,0.001700,-0.002302,,,,,,,,,0.000988,-0.004494,0.004685,-0.001392,-0.004386,0.002926,0.002912,-0.000251,,,,,,,,,-0.005116,-0.006388,0.008321,-0.002975,0.007624,0.003485,0.000701,0.003380,-0.004431,-0.006935,0.008400,0.000370,0.008221,0.002978,0.001273,0.002642,-0.000667,-0.002033,0.002192,0.001594,0.001427,0.003893,-0.003111,-0.002189,-0.001752,-0.001665,0.002459,0.002318,-0.000684,0.004118,-0.003722,-0.001529,0.006061,6,0.66867,0.004118
972c2f9279ee489c,images/97/972c2f9279ee489c210ee5788795b931a67ee8bfd250e36960c0b3a83beb1700.jpg,gen,genuine_population,swe_59259,126710BLNR,primary_steel,established_dealer,https://swisswatchexpo.com/watches/rolex-gmt-master-ii-batgirl-black-blue-bezel-steel-mens-watch-126710-unworn-59259,,972c2f9279ee489c210ee5788795b931a67ee8bfd250e36960c0b3a83beb1700,https://cdn.swisswatchexpo.com/productphotos/2/23/rolex-gmt-master-ii-batgirl-black-blue-bezel-steel-mens-watch-126710-unworn-59259_a10b3.jpg,harvest pose=CORRECTABLE decision=QUARANTINE,images/97/972c2f9279ee489c210ee5788795b931a67ee8bfd250e36960c0b3a83beb1700.jpg,accepted,2362,2362,,true,709.36855,0.99014,0.27784,44,11,712.65553,false,0,,,,,,true,,-3.05973,1.63927,-3.05443,1.67953,3.48574,-1.63927,-3.05973,,,,-0.60317,,0.76190,1.00000,-0.62013,-0.55819,-0.50150,true,,-5.29131,-0.38292,-5.29222,-0.33384,5.30274,-0.38292,5.29131,,,,0.32321,,0.95238,0.96667,true,,-4.20628,-1.41610,-4.22735,-1.38889,4.44966,4.20628,1.41610,,,,0.03108,,0.95238,1.00000,true,,-1.81173,-0.54841,-1.81757,-0.53806,1.89554,-0.43092,-1.84321,,,,,0.35191,0.75000,1.00000,false,hand/occluder crosses outline (clean 0.64),,,,,,,,,,,,,0.56944,0.63889,true,,-2.44707,-1.81601,-2.45551,-1.80198,3.04576,-3.02723,-0.34918,,,,,0.47634,0.90278,1.00000,false,hand/occluder crosses outline (clean 0.57),,,,,,,,,,,,,0.25000,0.56667,false,outline coverage 0.54; 6/8 octants,,,,,,,,,,,,,0.54167,0.93333,false,outline coverage 0.39; 4/8 octants,,,,,,,,,,,,,0.38889,0.85556,false,outline coverage 0.44; 5/8 octants,,,,,,,,,,,,,0.44444,0.96111,false,outline coverage 0.50; 5/8 octants,,,,,,,,,,,,,0.50000,1.00000,1545,-0.004293,0.002300,0.004891,-0.002300,-0.004293,,,,-0.007425,-0.000537,0.007441,-0.000537,0.007425,,,,-0.005902,-0.001987,0.006244,0.005902,0.001987,,,,-0.002542,-0.000770,0.002660,-0.000605,-0.002586,,,,,,,,,,,,-0.003434,-0.002548,0.004274,-0.004248,-0.000490,,,,,,,,,,,,,,,,,,,,,,,,,,,,,,,,,,,,,,,,,,,,,2,,
cbc2f0249b0e5abb,images/cb/cbc2f0249b0e5abb56eaaa1e9c29b14021482222f038ec32c2e29f320a32e879.jpg,gen,genuine_population,swe_59259,126710BLNR,primary_steel,established_dealer,https://swisswatchexpo.com/watches/rolex-gmt-master-ii-batgirl-black-blue-bezel-steel-mens-watch-126710-unworn-59259,,cbc2f0249b0e5abb56eaaa1e9c29b14021482222f038ec32c2e29f320a32e879,https://cdn.swisswatchexpo.com/productphotos/2/23/rolex-gmt-master-ii-batgirl-black-blue-bezel-steel-mens-watch-126710-unworn-59259_c4e78_md.jpg,harvest pose=CORRECTABLE decision=QUARANTINE,images/cb/cbc2f0249b0e5abb56eaaa1e9c29b14021482222f038ec32c2e29f320a32e879.jpg,accepted,900,900,,true,270.22568,0.99055,0.18275,45,11,271.48147,true,6,-1.25676,-0.46769,1.34096,0.09038,0.00631,true,,-0.99176,0.85566,-0.98785,0.87206,1.31770,-0.85566,-0.99176,1.55995,-1.52749,0.23677,-0.56744,,0.95238,1.00000,-0.64566,-0.56695,-0.84921,true,,-1.95584,-0.08953,-1.95524,-0.07126,1.95653,-0.08953,1.95584,0.71018,0.20093,0.68085,0.33244,,0.85714,0.96667,true,,-1.68453,-0.57536,-1.69271,-0.56442,1.78434,1.68453,0.57536,0.25917,0.24682,0.07705,0.28655,,0.95238,1.00000,true,,-0.55113,-0.15901,-0.55292,-0.15580,0.57445,-0.13786,-0.55680,0.75415,-0.12308,0.74141,,0.30272,0.86111,1.00000,false,hand/occluder crosses outline (clean 0.76),,,,,,,,,,,,,0.66667,0.75556,true,,-0.76493,-0.63353,-0.76778,-0.62935,0.99275,-0.97921,-0.16619,0.43079,0.14385,-0.40469,,0.36547,0.94444,1.00000,false,hand/occluder crosses outline (clean 0.73),,,,,,,,,,,,,0.33333,0.72778,true,,-0.66903,-0.72280,-0.67477,-0.71958,0.98646,-0.29145,0.94080,0.81519,-0.70510,-0.40600,,0.04408,0.65278,0.93889,false,outline coverage 0.71; 6/8 octants,,,,,,,,,,,,,0.70833,1.00000,false,outline coverage 0.67; 6/8 octants,,,,,,,,,,,,,0.66667,1.00000,true,,-2.01505,-0.57560,-2.02504,-0.56417,2.10216,1.50601,-1.45729,0.69121,0.26836,-0.63482,,-0.90513,0.65278,0.98333,1013,-0.003653,0.003152,0.004854,-0.003152,-0.003653,0.005746,-0.005626,0.000872,-0.007204,-0.000330,0.007207,-0.000330,0.007204,0.002616,0.000740,0.002508,-0.006205,-0.002119,0.006573,0.006205,0.002119,0.000955,0.000909,0.000284,-0.002030,-0.000586,0.002116,-0.000508,-0.002051,0.002778,-0.000453,0.002731,,,,,,,,,-0.002818,-0.002334,0.003657,-0.003607,-0.000612,0.001587,0.000530,-0.001491,,,,,,,,,-0.002464,-0.002662,0.003634,-0.001074,0.003465,0.003003,-0.002597,-0.001495,,,,,,,,,,,,,,,,,-0.007422,-0.002120,0.007743,0.005547,-0.005368,0.002546,0.000989,-0.002338,0.004939,4,0.81519,0.003003
ce997f77df67b365,images/ce/ce997f77df67b36598ff35efccdc9b7b2a8040985bbd3e03550ceb23f68567b8.jpg,gen,genuine_population,swe_59259,126710BLNR,primary_steel,established_dealer,https://swisswatchexpo.com/watches/rolex-gmt-master-ii-batgirl-black-blue-bezel-steel-mens-watch-126710-unworn-59259,,ce997f77df67b36598ff35efccdc9b7b2a8040985bbd3e03550ceb23f68567b8,https://cdn.swisswatchexpo.com/productphotos/2/23/rolex-gmt-master-ii-batgirl-black-blue-bezel-steel-mens-watch-126710-unworn-59259_7ea15d4bdd_md.jpg,harvest pose=CORRECTABLE decision=QUARANTINE,images/ce/ce997f77df67b36598ff35efccdc9b7b2a8040985bbd3e03550ceb23f68567b8.jpg,accepted,900,900,,true,170.73930,0.99124,0.16069,45,11,171.51663,true,6,-0.91157,-0.27913,0.95335,0.21067,0.05159,true,,-1.33072,1.04787,-1.32562,1.06856,1.70267,-1.04787,-1.33072,1.72612,-1.62185,-0.54516,-2.58445,,0.71429,1.00000,-0.59326,-3.97507,-0.03589,true,,-1.21149,0.07596,-1.21006,0.08738,1.21321,0.07596,1.21149,0.20600,0.08834,0.18589,0.33538,,1.00000,1.00000,true,,-1.25485,-0.34197,-1.25962,-0.33337,1.30298,1.25485,0.34197,0.09479,0.07303,-0.05987,0.36710,,1.00000,1.00000,true,,-0.19447,-0.19832,-0.19602,-0.19843,0.27892,0.07452,-0.26757,0.53818,-0.01168,0.53671,,0.34302,0.86111,1.00000,false,hand/occluder crosses outline (clean 0.78),,,,,,,,,,,,,0.69444,0.77778,true,,-0.36677,-0.42305,-0.36898,-0.42175,0.56038,-0.52915,-0.18299,0.52892,0.10696,-0.51601,,0.40387,0.91667,1.00000,false,hand/occluder crosses outline (clean 0.79),,,,,,,,,,,,,0.41667,0.79444,true,,-1.35072,-0.41081,-1.35378,-0.40023,1.41171,0.31959,1.37516,0.36877,-0.18159,0.31982,,-0.51681,0.68056,0.93889,false,outline coverage 0.72; 6/8 octants,,,,,,,,,,,,,0.72222,1.00000,false,outline coverage 0.72; 6/8 octants,,,,,,,,,,,,,0.72222,1.00000,true,,-1.31161,-0.31844,-1.31711,-0.31043,1.35320,0.93158,-0.97667,0.46435,-0.06361,-0.45760,,-0.41828,0.76389,1.00000,730,-0.007759,0.006109,0.009927,-0.006109,-0.007759,0.010064,-0.009456,-0.003178,-0.007063,0.000443,0.007073,0.000443,0.007063,0.001201,0.000515,0.001084,-0.007316,-0.001994,0.007597,0.007316,0.001994,0.000553,0.000426,-0.000349,-0.001134,-0.001156,0.001626,0.000434,-0.001560,0.003138,-0.000068,0.003129,,,,,,,,,-0.002138,-0.002467,0.003267,-0.003085,-0.001067,0.003084,0.000624,-0.003009,,,,,,,,,-0.007875,-0.002395,0.008231,0.001863,0.008018,0.002150,-0.001059,0.001865,,,,,,,,,,,,,,,,,-0.007647,-0.001857,0.007890,0.005431,-0.005694,0.002707,-0.000371,-0.002668,0.005558,4,0.53818,0.003138
ffe13b6968cc3002,images/ff/ffe13b6968cc3002e91352435bdd70c6e29019decacb44e1cef9c5a110e57d96.jpg,gen,genuine_population,swe_60177,126710BLNR,primary_steel,established_dealer,https://swisswatchexpo.com/watches/rolex-gmt-master-ii-batgirl-black-blue-bezel-steel-mens-watch-126710-card-60177,,ffe13b6968cc3002e91352435bdd70c6e29019decacb44e1cef9c5a110e57d96,https://cdn.swisswatchexpo.com/productphotos/3/25/rolex-gmt-master-ii-batgirl-black-blue-bezel-steel-mens-watch-126710-card-60177_1c27c.jpg,harvest pose=GOOD decision=QUARANTINE,images/ff/ffe13b6968cc3002e91352435bdd70c6e29019decacb44e1cef9c5a110e57d96.jpg,accepted,2558,2558,,true,772.57588,0.99664,0.26707,43,11,782.07224,true,6,-0.51990,-2.23018,2.28998,-0.15043,0.11573,true,,-0.12439,4.29325,-0.08137,4.20892,4.20971,-4.29325,-0.12439,5.57238,-5.61347,-0.88972,-0.12391,,0.95238,1.00000,-0.12108,-0.05503,0.13622,true,,-2.13333,-2.22312,-2.16554,-2.19502,3.08345,-2.22312,2.13333,1.02498,0.92566,0.44336,-0.07045,,0.95238,1.00000,true,,-1.12627,-3.42150,-1.14721,-3.37328,3.56302,1.12627,3.42150,1.51962,1.51750,-0.03177,0.18996,,1.00000,1.00000,false,outline coverage 0.57; 6/8 octants,,,,,,,,,,,,,0.56944,1.00000,false,outline coverage 0.56; 6/8 octants,,,,,,,,,,,,,0.55556,0.80556,true,,-1.84307,-1.94208,-1.87395,-1.90986,2.67568,-2.56718,-0.76035,0.33665,-0.05021,-0.33533,,0.50908,0.72222,0.98889,false,hand/occluder crosses outline (clean 0.62),,,,,,,,,,,,,0.47222,0.61667,true,,-0.73420,-4.36515,-0.77161,-4.34361,4.41161,-3.41323,2.81841,0.74853,-0.74798,-0.02632,,0.43654,0.70833,0.92222,true,,0.17725,-4.04612,0.15317,-4.02208,4.02499,-2.17657,3.41542,0.52773,-0.52065,-0.07472,,0.51512,0.66667,1.00000,true,,1.40713,-2.70597,1.38900,-2.67804,3.01682,0.13437,3.04700,0.47099,-0.47013,0.05399,,0.34179,0.63889,1.00000,false,outline coverage 0.46; 5/8 octants,,,,,,,,,,,,,0.45833,1.00000,1612,-0.000159,0.005490,0.005383,-0.005490,-0.000159,0.007125,-0.007178,-0.001138,-0.002728,-0.002843,0.003943,-0.002843,0.002728,0.001311,0.001184,0.000567,-0.001440,-0.004375,0.004556,0.001440,0.004375,0.001943,0.001940,-0.000041,,,,,,,,,,,,,,,,,-0.002357,-0.002483,0.003421,-0.003283,-0.000972,0.000430,-0.000064,-0.000429,,,,,,,,,-0.000939,-0.005582,0.005641,-0.004364,0.003604,0.000957,-0.000956,-0.000034,0.000227,-0.005174,0.005147,-0.002783,0.004367,0.000675,-0.000666,-0.000096,0.001799,-0.003460,0.003857,0.000172,0.003896,0.000602,-0.000601,0.000069,,,,,,,,,0.002928,4,0.74853,0.000957
f72f7a88a7838e6f,images/f7/f72f7a88a7838e6f6f814c3ea111773a2aa50015022c9dd8fc4a3aa38f2c0a5d.jpg,gen,genuine_population,swe_60177,126710BLNR,primary_steel,established_dealer,https://swisswatchexpo.com/watches/rolex-gmt-master-ii-batgirl-black-blue-bezel-steel-mens-watch-126710-card-60177,,f72f7a88a7838e6f6f814c3ea111773a2aa50015022c9dd8fc4a3aa38f2c0a5d,https://cdn.swisswatchexpo.com/productphotos/3/25/rolex-gmt-master-ii-batgirl-black-blue-bezel-steel-mens-watch-126710-card-60177_d994d_md.jpg,harvest pose=CORRECTABLE decision=QUARANTINE,images/f7/f72f7a88a7838e6f6f814c3ea111773a2aa50015022c9dd8fc4a3aa38f2c0a5d.jpg,accepted,900,900,,true,271.96802,0.99474,0.19130,45,11,275.10995,true,7,-0.15175,-0.55540,0.57576,-0.21030,0.13570,true,,-0.10802,1.52188,-0.09270,1.49192,1.49479,-1.52188,-0.10802,1.66060,-1.62269,-0.48256,-0.15397,,1.00000,1.00000,-0.12199,-0.04039,0.37366,true,,-0.74822,-0.62884,-0.75801,-0.61966,0.97906,-0.62884,0.74822,0.38652,0.37120,0.11007,0.12279,,1.00000,1.00000,true,,-0.00036,-1.11226,-0.00640,-1.10011,1.10012,0.00036,1.11226,0.29651,0.29107,0.05711,0.04207,,0.95238,0.96667,false,outline coverage 0.75; 6/8 octants,,,,,,,,,,,,,0.75000,1.00000,false,hand/occluder crosses outline (clean 0.79),,,,,,,,,,,,,0.75000,0.78889,true,,-0.63302,-0.56346,-0.64231,-0.55325,0.84773,-0.82994,-0.17146,0.28902,0.04847,-0.28641,,0.33847,0.76389,0.99444,false,hand/occluder crosses outline (clean 0.71),,,,,,,,,,,,,0.47222,0.70556,true,,-0.32900,-1.45733,-0.34152,-1.44980,1.48948,-1.09759,1.01359,0.22534,-0.21270,0.07584,,0.24841,0.79167,0.93889,true,,0.12417,-1.40779,0.11646,-1.40029,1.40512,-0.81143,1.15710,0.19774,-0.18617,0.06672,,0.26570,0.83333,1.00000,true,,0.39956,-0.90297,0.39377,-0.89276,0.97574,0.10546,0.98177,0.17000,0.16755,0.03756,,0.29414,0.73611,1.00000,true,,0.72135,-0.02171,0.71865,-0.02826,0.71920,-0.34188,0.63557,0.42762,-0.43242,-0.04902,,0.22476,0.69444,1.00000,1032,-0.000393,0.005532,0.005433,-0.005532,-0.000393,0.006036,-0.005898,-0.001754,-0.002720,-0.002286,0.003559,-0.002286,0.002720,0.001405,0.001349,0.000400,-0.000001,-0.004043,0.003999,0.000001,0.004043,0.001078,0.001058,0.000208,,,,,,,,,,,,,,,,,-0.002301,-0.002048,0.003081,-0.003017,-0.000623,0.001051,0.000176,-0.001041,,,,,,,,,-0.001196,-0.005297,0.005414,-0.003990,0.003684,0.000819,-0.000773,0.000276,0.000451,-0.005117,0.005107,-0.002949,0.004206,0.000719,-0.000677,0.000243,0.001452,-0.003282,0.003547,0.000383,0.003569,0.000618,0.000609,0.000137,0.002622,-0.000079,0.002614,-0.001243,0.002310,0.001554,-0.001572,-0.000178,0.002093,5,0.42762,0.001554
e61baaf7889bf4ce,images/e6/e61baaf7889bf4ce518e8064790626c03234445703cc959f0fcc4337f0a02966.jpg,gen,genuine_population,swe_60177,126710BLNR,primary_steel,established_dealer,https://swisswatchexpo.com/watches/rolex-gmt-master-ii-batgirl-black-blue-bezel-steel-mens-watch-126710-card-60177,,e61baaf7889bf4ce518e8064790626c03234445703cc959f0fcc4337f0a02966,https://cdn.swisswatchexpo.com/productphotos/3/25/rolex-gmt-master-ii-batgirl-black-blue-bezel-steel-mens-watch-126710-card-60177_20bbcbe1fe_md.jpg,harvest pose=CORRECTABLE decision=QUARANTINE,images/e6/e61baaf7889bf4ce518e8064790626c03234445703cc959f0fcc4337f0a02966.jpg,accepted,900,900,,true,172.23811,0.99433,0.22892,45,11,173.95144,true,8,-0.14043,-0.48379,0.50376,-0.07039,0.08029,true,,0.01441,0.87840,0.02308,0.86193,0.86224,-0.87840,0.01441,1.24800,-1.27078,-0.04495,-0.06967,,1.00000,1.00000,-0.08446,-0.05324,-0.06373,true,,-0.42248,-0.24357,-0.42679,-0.23863,0.48897,-0.24357,0.42248,0.35372,0.33914,0.10296,0.30055,,1.00000,1.00000,true,,-0.07047,-0.53506,-0.07381,-0.52899,0.53412,0.07047,0.53506,0.14067,0.02747,-0.13925,0.40430,,1.00000,0.96667,true,,-0.47964,-0.64411,-0.48566,-0.62809,0.79395,0.31799,-0.73743,0.57223,0.06068,-0.57313,,-0.21311,0.76389,1.00000,false,hand/occluder crosses outline (clean 0.77),,,,,,,,,,,,,0.76389,0.76667,true,,-0.25214,-0.27077,-0.25633,-0.26646,0.36973,-0.35374,-0.10843,0.11909,0.10821,0.05027,,0.38710,0.76389,1.00000,false,hand/occluder crosses outline (clean 0.75),,,,,,,,,,,,,0.56944,0.75000,true,,-0.22922,-0.69883,-0.23582,-0.69444,0.73339,-0.49060,0.54793,0.03659,-0.03424,-0.01264,,0.36934,0.79167,0.94444,true,,-0.00341,-0.79535,-0.00850,-0.79063,0.79068,-0.39473,0.69050,0.16782,-0.16739,0.00007,,0.34715,0.77778,1.00000,true,,0.11255,-1.21281,0.10476,-1.19657,1.20115,0.50893,1.10660,0.59569,0.24603,0.55163,,-0.23427,0.73611,1.00000,true,,0.37800,-0.03221,0.37669,-0.03520,0.37833,-0.16111,0.34346,0.54643,-0.55388,0.01752,,0.21056,0.77778,1.00000,731,0.000083,0.005050,0.004957,-0.005050,0.000083,0.007174,-0.007305,-0.000258,-0.002429,-0.001400,0.002811,-0.001400,0.002429,0.002033,0.001950,0.000592,-0.000405,-0.003076,0.003071,0.000405,0.003076,0.000809,0.000158,-0.000801,-0.002757,-0.003703,0.004564,0.001828,-0.004239,0.003290,0.000349,-0.003295,,,,,,,,,-0.001449,-0.001557,0.002125,-0.002034,-0.000623,0.000685,0.000622,0.000289,,,,,,,,,-0.001318,-0.004017,0.004216,-0.002820,0.003150,0.000210,-0.000197,-0.000073,-0.000020,-0.004572,0.004545,-0.002269,0.003969,0.000965,-0.000962,0.000000,0.000647,-0.006972,0.006905,0.002926,0.006362,0.003424,0.001414,0.003171,0.002173,-0.000185,0.002175,-0.000926,0.001974,0.003141,-0.003184,0.000101,0.002896,6,0.59569,0.003424
ad1ae3e5b9609de8,images/ad/ad1ae3e5b9609de810b7ceee969712cf94cac047ff37a5976258fbede2406d3b.jpg,gen,genuine_population,swe_68351,126710BLNR,primary_steel,established_dealer,https://swisswatchexpo.com/watches/rolex-gmt-master-ii-batgirl-black-blue-bezel-steel-mens-watch-126710-card-68351,,ad1ae3e5b9609de810b7ceee969712cf94cac047ff37a5976258fbede2406d3b,https://cdn.swisswatchexpo.com/productphotos/2/20/rolex-gmt-master-ii-batgirl-black-blue-bezel-steel-mens-watch-126710-card-68351_f20d3.jpg,harvest pose=GOOD decision=QUARANTINE,images/ad/ad1ae3e5b9609de810b7ceee969712cf94cac047ff37a5976258fbede2406d3b.jpg,accepted,2877,2877,,true,830.69885,0.99498,0.27243,46,11,834.25300,true,6,-0.56809,-1.52023,1.62291,-0.05576,0.01801,true,,-1.74949,2.21768,-1.77838,2.19238,2.82297,-2.21768,-1.74949,3.61764,-3.36220,-1.36190,0.06555,,1.00000,1.00000,-0.06241,0.20083,0.09190,true,,-1.41215,0.24189,-1.41816,0.23153,1.43693,0.24189,1.41215,2.21895,2.10942,0.61708,0.18252,,0.95238,1.00000,true,,-3.20721,-1.94314,-3.14484,-1.96073,3.70601,3.20721,1.94314,2.94832,2.96136,0.22890,-0.39202,,0.76190,1.00000,false,outline coverage 0.53; 7/8 octants,,,,,,,,,,,,,0.52778,1.00000,false,hand/occluder crosses outline (clean 0.65),,,,,,,,,,,,,0.52778,0.65000,true,,-0.82438,-2.11680,-0.79543,-2.13528,2.27863,-1.77233,-1.42101,0.63572,-0.11898,-0.61953,,1.17417,0.63889,1.00000,false,hand/occluder crosses outline (clean 0.54),,,,,,,,,,,,,0.47222,0.54444,true,,-0.19157,-2.36279,-0.14354,-2.37812,2.38245,-1.95045,1.34730,0.58015,-0.55778,-0.14105,,0.42908,0.70833,1.00000,true,,-0.05184,-2.07832,-0.00674,-2.08318,2.08319,-0.99427,1.82580,0.37649,-0.37514,0.00102,,0.34488,0.75000,1.00000,true,,0.52183,-1.08588,0.54096,-1.07675,1.20500,0.09103,1.20132,0.79501,-0.80612,-0.02636,,0.14133,0.62500,1.00000,false,hand/occluder crosses outline (clean 0.73),,,,,,,,,,,,,0.50000,0.72778,1708,-0.002097,0.002658,0.003384,-0.002658,-0.002097,0.004336,-0.004030,-0.001632,-0.001693,0.000290,0.001722,0.000290,0.001693,0.002660,0.002529,0.000740,-0.003844,-0.002329,0.004442,0.003844,0.002329,0.003534,0.003550,0.000274,,,,,,,,,,,,,,,,,-0.000988,-0.002537,0.002731,-0.002124,-0.001703,0.000762,-0.000143,-0.000743,,,,,,,,,-0.000230,-0.002832,0.002856,-0.002338,0.001615,0.000695,-0.000669,-0.000169,-0.000062,-0.002491,0.002497,-0.001192,0.002189,0.000451,-0.000450,0.000001,0.000626,-0.001302,0.001444,0.000109,0.001440,0.000953,-0.000966,-0.000032,,,,,,,,,0.001945,4,0.79501,0.000953
81cb2c9f1005c570,images/81/81cb2c9f1005c5709d6f17dfcd1b26263dd641204ccdeb7dd3e3ce8af7175fb0.jpg,gen,genuine_population,swe_68351,126710BLNR,primary_steel,established_dealer,https://swisswatchexpo.com/watches/rolex-gmt-master-ii-batgirl-black-blue-bezel-steel-mens-watch-126710-card-68351,,81cb2c9f1005c5709d6f17dfcd1b26263dd641204ccdeb7dd3e3ce8af7175fb0,https://cdn.swisswatchexpo.com/productphotos/2/20/rolex-gmt-master-ii-batgirl-black-blue-bezel-steel-mens-watch-126710-card-68351_16721_md.jpg,harvest pose=GOOD decision=QUARANTINE,images/81/81cb2c9f1005c5709d6f17dfcd1b26263dd641204ccdeb7dd3e3ce8af7175fb0.jpg,accepted,900,900,,true,259.75280,0.99334,0.15962,46,11,260.81649,true,8,-0.23785,-0.56298,0.61116,0.00322,-0.01510,true,,-0.53986,0.61694,-0.54741,0.60940,0.81916,-0.61694,-0.53986,1.20180,-1.18484,-0.23635,0.05725,,1.00000,1.00000,-0.03062,0.18955,0.21734,true,,-0.43270,-0.01065,-0.43315,-0.01444,0.43339,-0.01065,0.43270,0.59953,0.54421,0.23600,0.17155,,1.00000,1.00000,true,,-0.68609,-0.66303,-0.66740,-0.66654,0.94324,0.68609,0.66303,0.45302,0.43115,0.15373,-0.35307,,1.00000,1.00000,true,,-0.38177,-0.81896,-0.36721,-0.81588,0.89471,0.51835,-0.74010,0.23841,0.14982,-0.18836,,0.22867,0.81944,1.00000,false,hand/occluder crosses outline (clean 0.65),,,,,,,,,,,,,0.65278,0.65000,true,,-0.19187,-0.80066,-0.18085,-0.80709,0.82710,-0.56650,-0.59746,0.19722,-0.07743,-0.17989,,0.36055,0.97222,1.00000,false,hand/occluder crosses outline (clean 0.59),,,,,,,,,,,,,0.54167,0.58889,true,,-0.11859,-0.74953,-0.10328,-0.75545,0.76247,-0.58981,0.47747,0.24020,-0.23492,0.03743,,0.25053,0.86111,1.00000,true,,-0.05487,-0.53080,-0.04311,-0.53267,0.53441,-0.21788,0.48712,0.17272,-0.15939,-0.06734,,0.23204,0.95833,1.00000,true,,0.19756,-0.34014,0.20335,-0.33707,0.39366,-0.00102,0.39335,0.50479,-0.50373,0.08749,,0.03606,0.87500,1.00000,true,,-0.30465,-0.44378,-0.29334,-0.44173,0.53026,0.53665,-0.04194,0.09481,-0.08048,-0.05139,,0.01438,0.75000,1.00000,944,-0.002070,0.002365,0.003141,-0.002365,-0.002070,0.004608,-0.004543,-0.000906,-0.001659,-0.000041,0.001662,-0.000041,0.001659,0.002299,0.002087,0.000905,-0.002631,-0.002542,0.003616,0.002631,0.002542,0.001737,0.001653,0.000589,-0.001464,-0.003140,0.003430,0.001987,-0.002838,0.000914,0.000574,-0.000722,,,,,,,,,-0.000736,-0.003070,0.003171,-0.002172,-0.002291,0.000756,-0.000297,-0.000690,,,,,,,,,-0.000455,-0.002874,0.002923,-0.002261,0.001831,0.000921,-0.000901,0.000144,-0.000210,-0.002035,0.002049,-0.000835,0.001868,0.000662,-0.000611,-0.000258,0.000757,-0.001304,0.001509,-0.000004,0.001508,0.001935,-0.001931,0.000335,-0.001168,-0.001702,0.002033,0.002058,-0.000161,0.000364,-0.000309,-0.000197,0.002343,6,0.50479,0.001935
9399b6c95367ea63,images/93/9399b6c95367ea63e765300266bbf7bac4c6f2f9fd947cc894425865689fb5d6.jpg,gen,genuine_population,swe_68351,126710BLNR,primary_steel,established_dealer,https://swisswatchexpo.com/watches/rolex-gmt-master-ii-batgirl-black-blue-bezel-steel-mens-watch-126710-card-68351,,9399b6c95367ea63e765300266bbf7bac4c6f2f9fd947cc894425865689fb5d6,https://cdn.swisswatchexpo.com/productphotos/2/20/rolex-gmt-master-ii-batgirl-black-blue-bezel-steel-mens-watch-126710-card-68351_654fd_md.jpg,harvest pose=GOOD decision=QUARANTINE,images/93/9399b6c95367ea63e765300266bbf7bac4c6f2f9fd947cc894425865689fb5d6.jpg,accepted,900,900,,true,158.97562,0.99311,0.17907,45,11,159.68248,true,8,-0.15119,-0.46838,0.49217,0.04981,-0.02338,true,,-0.31075,0.47025,-0.31718,0.46511,0.56297,-0.47025,-0.31075,0.99961,-1.00137,-0.09851,0.00764,,1.00000,1.00000,-0.08889,0.07849,-0.08510,true,,-0.20970,-0.24200,-0.20541,-0.24548,0.32008,-0.24200,0.20970,0.19455,0.16550,0.09873,0.20528,,1.00000,1.00000,true,,-0.56304,-0.39224,-0.55046,-0.39486,0.67744,0.56304,0.39224,0.34175,0.34281,-0.02612,-0.36371,,1.00000,1.00000,true,,-0.22709,-0.66572,-0.21544,-0.66271,0.69685,0.46298,-0.52953,0.12614,0.07350,-0.10408,,0.12289,0.94444,1.00000,false,hand/occluder crosses outline (clean 0.74),,,,,,,,,,,,,0.65278,0.73889,true,,-0.10858,-0.48592,-0.10166,-0.48941,0.49986,-0.33699,-0.36653,0.03132,-0.02915,0.01126,,0.36571,0.95833,1.00000,false,hand/occluder crosses outline (clean 0.67),,,,,,,,,,,,,0.56944,0.67222,true,,-0.06403,-0.50231,-0.05373,-0.50543,0.50828,-0.40300,0.30661,0.14461,-0.14282,-0.01293,,0.26424,0.90278,0.91667,true,,-0.05306,-0.38372,-0.04450,-0.38466,0.38722,-0.14591,0.35884,0.13599,-0.11549,-0.07321,,0.27599,0.98611,1.00000,true,,0.03565,-0.36682,0.04320,-0.36428,0.36684,0.15254,0.33550,0.28780,-0.28460,0.06362,,0.07161,1.00000,1.00000,true,,-0.21006,-0.54382,-0.19739,-0.54021,0.57515,0.57599,0.08999,0.05457,0.02634,0.04788,,-0.01438,0.90278,1.00000,703,-0.001946,0.002945,0.003526,-0.002945,-0.001946,0.006260,-0.006271,-0.000617,-0.001313,-0.001516,0.002004,-0.001516,0.001313,0.001218,0.001036,0.000618,-0.003526,-0.002456,0.004242,0.003526,0.002456,0.002140,0.002147,-0.000164,-0.001422,-0.004169,0.004364,0.002899,-0.003316,0.000790,0.000460,-0.000652,,,,,,,,,-0.000680,-0.003043,0.003130,-0.002110,-0.002295,0.000196,-0.000183,0.000071,,,,,,,,,-0.000401,-0.003146,0.003183,-0.002524,0.001920,0.000906,-0.000894,-0.000081,-0.000332,-0.002403,0.002425,-0.000914,0.002247,0.000852,-0.000723,-0.000458,0.000223,-0.002297,0.002297,0.000955,0.002101,0.001802,-0.001782,0.000398,-0.001315,-0.003406,0.003602,0.003607,0.000564,0.000342,0.000165,0.000300,0.003082,6,0.28780,0.001802
709160117d0d8944,images/70/709160117d0d8944181665abf809bd13e7ffc0604a51fc1bb85c81fb4e586b9a.jpg,gen,genuine_population,swe_68408,126710BLNR,primary_steel,established_dealer,https://swisswatchexpo.com/watches/rolex-gmt-master-ii-black-blue-batman-bezel-steel-mens-watch-126710-68408,,709160117d0d8944181665abf809bd13e7ffc0604a51fc1bb85c81fb4e586b9a,https://cdn.swisswatchexpo.com/productphotos/3/1/rolex-gmt-master-ii-black-blue-batman-bezel-steel-mens-watch-126710-68408_fce2c.jpg,harvest pose=CORRECTABLE decision=QUARANTINE,images/70/709160117d0d8944181665abf809bd13e7ffc0604a51fc1bb85c81fb4e586b9a.jpg,accepted,2688,2688,,true,773.91204,0.98765,0.31808,45,11,774.44856,true,7,-0.21124,-0.60455,0.64039,-0.02014,0.04549,true,,-0.33229,2.24642,-0.32434,2.26512,2.28822,-2.24642,-0.33229,2.80805,-2.71864,-0.61414,-0.21687,,0.90476,1.00000,-0.24295,-0.08183,0.17672,true,,-0.54193,0.82939,-0.54108,0.84974,1.00739,0.82939,0.54193,1.58234,1.54409,-0.13182,-0.22550,,1.00000,1.00000,true,,-1.50130,-0.61698,-1.50019,-0.61827,1.62260,1.50130,0.61698,1.48136,1.40960,-0.44417,-0.10566,,0.85714,1.00000,true,,0.42740,-0.60556,0.42318,-0.61292,0.74481,0.73813,0.06736,0.45740,0.45276,0.04751,,0.97721,0.69444,1.00000,false,hand/occluder crosses outline (clean 0.64),,,,,,,,,,,,,0.52778,0.63889,true,,-1.18316,-0.78551,-1.19016,-0.79404,1.43073,-1.41740,-0.08869,0.83786,-0.81071,-0.17624,,0.85411,0.87500,0.99444,false,hand/occluder crosses outline (clean 0.54),,,,,,,,,,,,,0.48611,0.54444,true,,-0.57254,-1.33006,-0.57569,-1.35488,1.47212,-0.86559,1.16086,0.38132,-0.32661,0.18125,,0.57255,0.80556,0.90556,true,,-0.10294,-1.29230,-0.10297,-1.31512,1.31915,-0.55700,1.17064,0.32032,-0.31318,0.04923,,0.74017,0.83333,1.00000,true,,1.11188,-0.91143,1.10932,-0.92704,1.44568,-0.50721,1.34526,0.96075,-0.86028,0.43335,,0.78382,0.75000,1.00000,false,outline coverage 0.57; 7/8 octants,,,,,,,,,,,,,0.56944,1.00000,1504,-0.000429,0.002901,0.002955,-0.002901,-0.000429,0.003626,-0.003510,-0.000793,-0.000700,0.001071,0.001301,0.001071,0.000700,0.002043,0.001994,-0.000170,-0.001939,-0.000797,0.002095,0.001939,0.000797,0.001913,0.001820,-0.000574,0.000552,-0.000782,0.000962,0.000953,0.000087,0.000591,0.000585,0.000061,,,,,,,,,-0.001528,-0.001014,0.001847,-0.001830,-0.000115,0.001082,-0.001047,-0.000228,,,,,,,,,-0.000739,-0.001717,0.001901,-0.001118,0.001499,0.000492,-0.000422,0.000234,-0.000133,-0.001669,0.001703,-0.000719,0.001512,0.000414,-0.000404,0.000064,0.001436,-0.001177,0.001867,-0.000655,0.001737,0.001241,-0.001111,0.000560,,,,,,,,,0.000827,5,0.96075,0.001241
8dfc09a813408137,images/8d/8dfc09a813408137ea320efca11e2e264b8bc935c3cb94954b63933c3c1c7411.jpg,gen,genuine_population,swe_68408,126710BLNR,primary_steel,established_dealer,https://swisswatchexpo.com/watches/rolex-gmt-master-ii-black-blue-batman-bezel-steel-mens-watch-126710-68408,,8dfc09a813408137ea320efca11e2e264b8bc935c3cb94954b63933c3c1c7411,https://cdn.swisswatchexpo.com/productphotos/3/1/rolex-gmt-master-ii-black-blue-batman-bezel-steel-mens-watch-126710-68408_6772d_md.jpg,harvest pose=GOOD decision=QUARANTINE,images/8d/8dfc09a813408137ea320efca11e2e264b8bc935c3cb94954b63933c3c1c7411.jpg,accepted,900,900,,true,259.25703,0.98770,0.15047,45,11,259.29277,true,8,0.00091,-0.01547,0.01550,-0.07938,0.06381,true,,-0.08125,0.86327,-0.07837,0.87018,0.87370,-0.86327,-0.08125,0.78474,-0.71402,-0.31297,-0.22932,,1.00000,1.00000,-0.27908,-0.14296,-0.09698,true,,-0.15514,0.43851,-0.15428,0.44852,0.47431,0.43851,0.15514,0.62500,0.60918,-0.06194,-0.08038,,1.00000,1.00000,true,,-0.40718,-0.17037,-0.40685,-0.17069,0.44120,0.40718,0.17037,0.56712,0.56357,-0.06292,-0.07430,,1.00000,1.00000,true,,0.06002,-0.19082,0.05893,-0.19275,0.20156,0.19527,-0.04344,0.44557,0.34889,-0.27135,,0.31954,0.84722,1.00000,false,hand/occluder crosses outline (clean 0.64),,,,,,,,,,,,,0.59722,0.63889,true,,-0.45924,-0.19116,-0.46125,-0.19232,0.49974,-0.49330,0.06407,0.36053,-0.31920,-0.15695,,0.35992,0.95833,1.00000,false,hand/occluder crosses outline (clean 0.65),,,,,,,,,,,,,0.55556,0.65000,true,,-0.15413,-0.41602,-0.15504,-0.42379,0.45126,-0.28322,0.34149,0.14565,-0.10223,0.10000,,0.25551,0.90278,0.92222,true,,0.12821,-0.47068,0.12836,-0.47971,0.49658,-0.34637,0.34351,0.19889,-0.17062,0.09608,,0.18060,1.00000,1.00000,true,,0.60435,-0.28391,0.60289,-0.29013,0.66906,-0.38143,0.54804,0.37291,-0.22092,0.29966,,0.15839,1.00000,1.00000,true,,0.64262,0.52963,0.64101,0.53055,0.83210,-0.77999,0.29171,0.62889,-0.62541,0.04856,,0.09266,0.98611,1.00000,902,-0.000313,0.003329,0.003370,-0.003329,-0.000313,0.003026,-0.002754,-0.001207,-0.000598,0.001691,0.001829,0.001691,0.000598,0.002410,0.002349,-0.000239,-0.001570,-0.000657,0.001702,0.001570,0.000657,0.002187,0.002173,-0.000243,0.000231,-0.000736,0.000777,0.000753,-0.000168,0.001718,0.001346,-0.001047,,,,,,,,,-0.001771,-0.000737,0.001927,-0.001902,0.000247,0.001390,-0.001231,-0.000605,,,,,,,,,-0.000594,-0.001604,0.001740,-0.001092,0.001317,0.000562,-0.000394,0.000386,0.000494,-0.001815,0.001915,-0.001336,0.001325,0.000767,-0.000658,0.000371,0.002331,-0.001095,0.002580,-0.001471,0.002114,0.001438,-0.000852,0.001156,0.002478,0.002043,0.003209,-0.003008,0.001125,0.002425,-0.002412,0.000187,0.000060,6,0.62889,0.002425
e63aae0556929ee2,images/e6/e63aae0556929ee2c95b5026569e62fc5130b6ad5faeb81da7194dd31866f168.jpg,gen,genuine_population,swe_68408,126710BLNR,primary_steel,established_dealer,https://swisswatchexpo.com/watches/rolex-gmt-master-ii-black-blue-batman-bezel-steel-mens-watch-126710-68408,,e63aae0556929ee2c95b5026569e62fc5130b6ad5faeb81da7194dd31866f168,https://cdn.swisswatchexpo.com/productphotos/3/1/rolex-gmt-master-ii-black-blue-batman-bezel-steel-mens-watch-126710-68408_edc3d_md.jpg,harvest pose=GOOD decision=QUARANTINE,images/e6/e63aae0556929ee2c95b5026569e62fc5130b6ad5faeb81da7194dd31866f168.jpg,accepted,900,900,,true,166.39892,0.98780,0.12546,45,11,166.27641,true,8,0.02504,0.01360,0.02849,-0.03382,0.06046,true,,-0.02285,0.66062,-0.02073,0.66604,0.66636,-0.66062,-0.02285,0.63565,-0.60217,-0.18807,-0.25072,,1.00000,1.00000,-0.36143,-0.08097,-0.03855,true,,-0.10170,0.39105,-0.10078,0.39986,0.41236,0.39105,0.10170,0.42894,0.41998,-0.00579,-0.11643,,1.00000,1.00000,true,,-0.11959,-0.08144,-0.11951,-0.08203,0.14495,0.11959,0.08144,0.19097,0.18705,-0.03753,-0.37549,,1.00000,1.00000,true,,0.05226,-0.14394,0.05142,-0.14549,0.15430,0.15078,-0.02671,0.28042,0.19569,-0.19774,,0.22803,0.97222,1.00000,false,hand/occluder crosses outline (clean 0.71),,,,,,,,,,,,,0.65278,0.70556,true,,-0.16403,-0.11525,-0.16502,-0.11656,0.20203,-0.19968,-0.01779,0.24650,-0.18239,-0.15962,,0.33935,1.00000,1.00000,false,hand/occluder crosses outline (clean 0.72),,,,,,,,,,,,,0.54167,0.72222,true,,-0.16707,-0.13664,-0.16769,-0.13866,0.21759,-0.03480,0.21301,0.09991,0.01169,0.09881,,0.25100,0.91667,0.92778,true,,0.03289,-0.26382,0.03288,-0.26876,0.27076,-0.16039,0.21203,0.13931,-0.09980,0.09363,,0.23212,1.00000,1.00000,true,,0.32328,-0.21259,0.32251,-0.21662,0.38851,-0.17367,0.34575,0.22646,-0.09956,0.20234,,0.18072,0.94444,1.00000,true,,0.36858,0.31778,0.36778,0.31865,0.48662,-0.45950,0.16031,0.39115,-0.38958,0.00281,,0.16347,1.00000,1.00000,652,-0.000137,0.003973,0.004008,-0.003973,-0.000137,0.003823,-0.003621,-0.001131,-0.000612,0.002352,0.002480,0.002352,0.000612,0.002580,0.002526,-0.000035,-0.000719,-0.000490,0.000872,0.000719,0.000490,0.001149,0.001125,-0.000226,0.000314,-0.000866,0.000928,0.000907,-0.000161,0.001686,0.001177,-0.001189,,,,,,,,,-0.000986,-0.000693,0.001215,-0.001201,-0.000107,0.001482,-0.001097,-0.000960,,,,,,,,,-0.001005,-0.000822,0.001309,-0.000209,0.001281,0.000601,0.000070,0.000594,0.000198,-0.001587,0.001628,-0.000965,0.001275,0.000838,-0.000600,0.000563,0.001944,-0.001279,0.002337,-0.001044,0.002079,0.001362,-0.000599,0.001217,0.002217,0.001911,0.002927,-0.002763,0.000964,0.002352,-0.002343,0.000017,0.000171,6,0.39115,0.002352
212c6d510bdfa0c6,images/21/212c6d510bdfa0c6fcb42c68b5ef79794cc771af958fff17848ed51f9679b81d.jpg,gen,genuine_population,swe_68784,126710BLNR,primary_steel,established_dealer,https://swisswatchexpo.com/watches/rolex-gmt-master-ii-batgirl-black-blue-bezel-steel-mens-watch-126710-unworn-68784,,212c6d510bdfa0c6fcb42c68b5ef79794cc771af958fff17848ed51f9679b81d,https://cdn.swisswatchexpo.com/productphotos/3/13/rolex-gmt-master-ii-batgirl-black-blue-bezel-steel-mens-watch-126710-unworn-68784_c0f62.jpg,harvest pose=CORRECTABLE decision=QUARANTINE,images/21/212c6d510bdfa0c6fcb42c68b5ef79794cc771af958fff17848ed51f9679b81d.jpg,accepted,2700,2700,,true,798.87968,0.99614,0.21215,44,11,803.13110,true,6,1.98533,-0.47715,2.04186,-0.20500,0.10465,true,,2.18090,6.11871,2.20146,6.06997,6.45686,-6.11871,2.18090,5.31258,-5.29472,-0.96828,-0.01426,,0.85714,1.00000,-0.18517,0.04431,-0.41884,true,,1.05822,-0.61968,1.06410,-0.61582,1.22945,-0.61968,-1.05822,1.12912,1.11532,-0.18904,-0.19783,,1.00000,1.00000,true,,1.42916,-1.82939,1.44628,-1.81514,2.32087,-1.42916,1.82939,1.82893,1.79092,0.22993,0.16680,,0.90476,0.96667,false,outline coverage 0.54; 6/8 octants,,,,,,,,,,,,,0.54167,1.00000,false,hand/occluder crosses outline (clean 0.64),,,,,,,,,,,,,0.51389,0.64444,true,,0.10936,-0.23421,0.10824,-0.23189,0.25591,-0.02240,-0.25752,0.15438,-0.15030,-0.03551,,0.12175,0.65278,1.00000,false,hand/occluder crosses outline (clean 0.52),,,,,,,,,,,,,0.40278,0.52222,true,,1.94170,-2.80480,1.95917,-2.79717,3.41504,-3.39988,-0.27916,0.64763,-0.64734,-0.00536,,0.16264,0.80556,0.97222,true,,2.92627,-2.79164,2.96300,-2.77701,4.06093,-3.93004,0.95450,0.71298,-0.63392,0.32472,,0.14452,0.79167,1.00000,true,,3.94036,-0.36331,3.98244,-0.33095,3.99617,-3.23080,2.28482,0.53408,-0.42646,-0.32183,,0.49379,0.63889,1.00000,false,outline coverage 0.51; 6/8 octants,,,,,,,,,,,,,0.51389,0.85000,1645,0.002715,0.007619,0.008040,-0.007619,0.002715,0.006615,-0.006593,-0.001206,0.001318,-0.000772,0.001531,-0.000772,-0.001318,0.001406,0.001389,-0.000235,0.001779,-0.002278,0.002890,-0.001779,0.002278,0.002277,0.002230,0.000286,,,,,,,,,,,,,,,,,0.000136,-0.000292,0.000319,-0.000028,-0.000321,0.000192,-0.000187,-0.000044,,,,,,,,,0.002418,-0.003492,0.004252,-0.004233,-0.000348,0.000806,-0.000806,-0.000007,0.003644,-0.003476,0.005056,-0.004893,0.001188,0.000888,-0.000789,0.000404,0.004906,-0.000452,0.004976,-0.004023,0.002845,0.000665,-0.000531,-0.000401,,,,,,,,,0.002542,4,0.71298,0.000888
7f67bc326f34d1b4,images/7f/7f67bc326f34d1b438144a21128cdd218db5c71b18b09b0cd7301be587604304.jpg,gen,genuine_population,swe_68784,126710BLNR,primary_steel,established_dealer,https://swisswatchexpo.com/watches/rolex-gmt-master-ii-batgirl-black-blue-bezel-steel-mens-watch-126710-unworn-68784,,7f67bc326f34d1b438144a21128cdd218db5c71b18b09b0cd7301be587604304,https://cdn.swisswatchexpo.com/productphotos/3/13/rolex-gmt-master-ii-batgirl-black-blue-bezel-steel-mens-watch-126710-unworn-68784_a2850_md.jpg,harvest pose=CORRECTABLE decision=QUARANTINE,images/7f/7f67bc326f34d1b438144a21128cdd218db5c71b18b09b0cd7301be587604304.jpg,accepted,900,900,,true,265.64728,0.99726,0.15881,45,11,267.57162,true,8,0.63345,-0.09123,0.63999,-0.24335,0.10288,true,,0.74527,2.13503,0.75231,2.11749,2.24716,-2.13503,0.74527,1.70860,-1.71006,-0.26925,0.02326,,1.00000,1.00000,-0.12443,0.05310,-0.40210,true,,0.42600,-0.19386,0.42862,-0.19266,0.46993,-0.19386,-0.42600,0.42413,0.39321,-0.15822,-0.06108,,1.00000,1.00000,true,,0.69763,-0.64629,0.70632,-0.64042,0.95342,-0.69763,0.64629,0.47004,0.42461,0.18810,0.61420,,1.00000,0.96667,true,,0.55532,0.64871,0.55700,0.64531,0.85245,-0.28414,0.80528,0.17245,-0.15280,-0.08362,,0.08198,0.87500,1.00000,false,hand/occluder crosses outline (clean 0.67),,,,,,,,,,,,,0.61111,0.66667,true,,0.03539,-0.12485,0.03479,-0.12376,0.12856,-0.03178,-0.12582,0.11730,-0.00092,-0.11843,,0.19018,0.98611,1.00000,false,hand/occluder crosses outline (clean 0.62),,,,,,,,,,,,,0.55556,0.61667,true,,0.68642,-0.87911,0.69306,-0.87727,1.11800,-1.10454,-0.15490,0.18420,-0.17739,-0.04702,,0.20182,0.94444,0.96111,true,,0.93216,-0.94479,0.94428,-0.94069,1.33288,-1.27967,0.35213,0.24932,-0.15664,0.19429,,0.15216,0.91667,1.00000,true,,1.36973,-0.13298,1.38442,-0.12176,1.38977,-1.11973,0.80003,0.09386,-0.09209,0.01162,,0.22238,0.95833,1.00000,true,,1.33667,0.31581,1.34621,0.32510,1.38490,-0.94183,0.99969,0.18076,-0.17992,0.01540,,0.07671,0.81944,1.00000,1006,0.002785,0.007979,0.008398,-0.007979,0.002785,0.006386,-0.006391,-0.001006,0.001592,-0.000725,0.001756,-0.000725,-0.001592,0.001585,0.001470,-0.000591,0.002607,-0.002415,0.003563,-0.002607,0.002415,0.001757,0.001587,0.000703,0.002075,0.002424,0.003186,-0.001062,0.003010,0.000645,-0.000571,-0.000313,,,,,,,,,0.000132,-0.000467,0.000480,-0.000119,-0.000470,0.000438,-0.000003,-0.000443,,,,,,,,,0.002565,-0.003286,0.004178,-0.004128,-0.000579,0.000688,-0.000663,-0.000176,0.003484,-0.003531,0.004981,-0.004783,0.001316,0.000932,-0.000585,0.000726,0.005119,-0.000497,0.005194,-0.004185,0.002990,0.000351,-0.000344,0.000043,0.004996,0.001180,0.005176,-0.003520,0.003736,0.000676,-0.000672,0.000058,0.002392,6,0.24932,0.000932
077073afa8d7b7e8,images/07/077073afa8d7b7e80cdd8e58d2a6c658826bc0aead75c68cf2a9313dfaed180e.jpg,gen,genuine_population,swe_68784,126710BLNR,primary_steel,established_dealer,https://swisswatchexpo.com/watches/rolex-gmt-master-ii-batgirl-black-blue-bezel-steel-mens-watch-126710-unworn-68784,,077073afa8d7b7e80cdd8e58d2a6c658826bc0aead75c68cf2a9313dfaed180e,https://cdn.swisswatchexpo.com/productphotos/3/13/rolex-gmt-master-ii-batgirl-black-blue-bezel-steel-mens-watch-126710-unworn-68784_a8251_md.jpg,harvest pose=CORRECTABLE decision=QUARANTINE,images/07/077073afa8d7b7e80cdd8e58d2a6c658826bc0aead75c68cf2a9313dfaed180e.jpg,accepted,900,900,,true,168.70159,0.99769,0.15367,45,11,170.17000,true,8,0.39904,-0.06369,0.40409,-0.21425,0.10729,true,,0.43827,1.14399,0.44234,1.13531,1.21844,-1.14399,0.43827,0.93100,-0.91905,-0.21359,-0.04302,,1.00000,1.00000,-0.08693,0.02865,0.05744,true,,0.19759,-0.16348,0.19861,-0.16270,0.25674,-0.16348,-0.19759,0.18273,0.17825,-0.04099,-0.63274,,0.90476,1.00000,true,,0.57806,-0.48687,0.58529,-0.48206,0.75825,-0.57806,0.48687,0.20373,0.09445,0.17983,0.37671,,1.00000,0.96667,true,,0.37793,0.29375,0.37859,0.29348,0.47902,-0.06543,0.47417,0.09902,-0.02522,-0.09561,,0.17466,0.90278,1.00000,false,hand/occluder crosses outline (clean 0.66),,,,,,,,,,,,,0.68056,0.65556,true,,0.08110,-0.03791,0.08085,-0.03731,0.08904,0.05128,-0.07338,0.08409,0.03684,-0.07625,,0.23490,1.00000,1.00000,false,hand/occluder crosses outline (clean 0.71),,,,,,,,,,,,,0.65278,0.70556,true,,0.35583,-0.42180,0.35927,-0.42073,0.55325,-0.54321,-0.09726,0.04677,0.00926,-0.04548,,0.27536,0.91667,0.94444,true,,0.48587,-0.59733,0.49213,-0.59499,0.77214,-0.71944,0.27437,0.16319,-0.04590,0.15645,,0.20338,0.91667,1.00000,true,,0.85102,-0.10594,0.86038,-0.09866,0.86601,-0.68404,0.51725,0.07778,-0.07692,0.00213,,0.20054,0.91667,1.00000,true,,0.78455,0.22693,0.79045,0.23224,0.82387,-0.58880,0.56598,0.16560,-0.15139,-0.07022,,0.17165,0.81944,1.00000,748,0.002575,0.006723,0.007160,-0.006723,0.002575,0.005471,-0.005401,-0.001255,0.001161,-0.000961,0.001509,-0.000961,-0.001161,0.001074,0.001047,-0.000241,0.003397,-0.002861,0.004456,-0.003397,0.002861,0.001197,0.000555,0.001057,0.002221,0.001726,0.002815,-0.000384,0.002786,0.000582,-0.000148,-0.000562,,,,,,,,,0.000477,-0.000223,0.000523,0.000301,-0.000431,0.000494,0.000216,-0.000448,,,,,,,,,0.002091,-0.002479,0.003251,-0.003192,-0.000572,0.000275,0.000054,-0.000267,0.002855,-0.003510,0.004537,-0.004228,0.001612,0.000959,-0.000270,0.000919,0.005001,-0.000623,0.005089,-0.004020,0.003040,0.000457,-0.000452,0.000013,0.004610,0.001334,0.004841,-0.003460,0.003326,0.000973,-0.000890,-0.000413,0.002375,6,0.16560,0.000973
6da5df4eb2ac6ff5,images/6d/6da5df4eb2ac6ff5224db1e8921a9afdb8c82aa6cc836309e952899fed54f6c1.jpg,gen,genuine_population,swe_75910,126710BLNR,primary_steel,established_dealer,https://swisswatchexpo.com/watches/rolex-gmt-master-ii-steel-black-blue-batgirl-bezel-mens-watch-126710-75910,,6da5df4eb2ac6ff5224db1e8921a9afdb8c82aa6cc836309e952899fed54f6c1,https://cdn.swisswatchexpo.com/productphotos/1/9/rolex-gmt-master-ii-steel-black-blue-batgirl-bezel-mens-watch-126710-75910_ca712.jpg,harvest pose=GOOD decision=QUARANTINE,images/6d/6da5df4eb2ac6ff5224db1e8921a9afdb8c82aa6cc836309e952899fed54f6c1.jpg,missing,,,,,,,,,,,,,,,,,,,,,,,,,,,,,,,,,,,,,,,,,,,,,,,,,,,,,,,,,,,,,,,,,,,,,,,,,,,,,,,,,,,,,,,,,,,,,,,,,,,,,,,,,,,,,,,,,,,,,,,,,,,,,,,,,,,,,,,,,,,,,,,,,,,,,,,,,,,,,,,,,,,,,,,,,,,,,,,,,,,,,,,,,,,,,,,,,,,,,,,,,,,,,,,,,,,,,,,,,,,,,,,,,,,,,,,,,,,,,,,,,,,,,,,,,,,,,,,,,,,,,,,,,,,,,,,,,,,,,,,,,,,,,,,,,
b845692c269994d7,images/b8/b845692c269994d7d8d64db9f7736cfe7fe2e07b4dfb4f7bda01699964fb13b6.jpg,gen,genuine_population,swe_75910,126710BLNR,primary_steel,established_dealer,https://swisswatchexpo.com/watches/rolex-gmt-master-ii-steel-black-blue-batgirl-bezel-mens-watch-126710-75910,,b845692c269994d7d8d64db9f7736cfe7fe2e07b4dfb4f7bda01699964fb13b6,https://cdn.swisswatchexpo.com/productphotos/1/9/rolex-gmt-master-ii-steel-black-blue-batgirl-bezel-mens-watch-126710-75910_d05ce_md.jpg,harvest pose=GOOD decision=QUARANTINE,images/b8/b845692c269994d7d8d64db9f7736cfe7fe2e07b4dfb4f7bda01699964fb13b6.jpg,missing,,,,,,,,,,,,,,,,,,,,,,,,,,,,,,,,,,,,,,,,,,,,,,,,,,,,,,,,,,,,,,,,,,,,,,,,,,,,,,,,,,,,,,,,,,,,,,,,,,,,,,,,,,,,,,,,,,,,,,,,,,,,,,,,,,,,,,,,,,,,,,,,,,,,,,,,,,,,,,,,,,,,,,,,,,,,,,,,,,,,,,,,,,,,,,,,,,,,,,,,,,,,,,,,,,,,,,,,,,,,,,,,,,,,,,,,,,,,,,,,,,,,,,,,,,,,,,,,,,,,,,,,,,,,,,,,,,,,,,,,,,,,,,,,,
cd8b5cf3e9fc987a,images/cd/cd8b5cf3e9fc987a2f9e75d192f9865a5d73966a37ff40ba38ea5d757415ee21.jpg,gen,genuine_population,swe_75910,126710BLNR,primary_steel,established_dealer,https://swisswatchexpo.com/watches/rolex-gmt-master-ii-steel-black-blue-batgirl-bezel-mens-watch-126710-75910,,cd8b5cf3e9fc987a2f9e75d192f9865a5d73966a37ff40ba38ea5d757415ee21,https://cdn.swisswatchexpo.com/productphotos/1/9/rolex-gmt-master-ii-steel-black-blue-batgirl-bezel-mens-watch-126710-75910_49903_md.jpg,harvest pose=CORRECTABLE decision=QUARANTINE,images/cd/cd8b5cf3e9fc987a2f9e75d192f9865a5d73966a37ff40ba38ea5d757415ee21.jpg,missing,,,,,,,,,,,,,,,,,,,,,,,,,,,,,,,,,,,,,,,,,,,,,,,,,,,,,,,,,,,,,,,,,,,,,,,,,,,,,,,,,,,,,,,,,,,,,,,,,,,,,,,,,,,,,,,,,,,,,,,,,,,,,,,,,,,,,,,,,,,,,,,,,,,,,,,,,,,,,,,,,,,,,,,,,,,,,,,,,,,,,,,,,,,,,,,,,,,,,,,,,,,,,,,,,,,,,,,,,,,,,,,,,,,,,,,,,,,,,,,,,,,,,,,,,,,,,,,,,,,,,,,,,,,,,,,,,,,,,,,,,,,,,,,,,
fc62906af2b272de,images/fc/fc62906af2b272de864a114d32193b8cbce1220dbf68708bf385f481121d9366.jpg,gen,genuine_population,swe_77497,126710BLNR,primary_steel,established_dealer,https://swisswatchexpo.com/watches/rolex-gmt-master-ii-steel-batgirl-black-blue-bezel-mens-watch-126710-77497,,fc62906af2b272de864a114d32193b8cbce1220dbf68708bf385f481121d9366,https://cdn.swisswatchexpo.com/productphotos/2/26/rolex-gmt-master-ii-steel-batgirl-black-blue-bezel-mens-watch-126710-77497_ab4ee.jpg,harvest pose=CORRECTABLE decision=QUARANTINE,images/fc/fc62906af2b272de864a114d32193b8cbce1220dbf68708bf385f481121d9366.jpg,accepted,1940,1940,,true,580.91889,0.99319,0.18710,46,11,584.89650,true,7,0.36985,-2.75710,2.78180,-0.18356,-0.02486,true,,-0.48751,2.37116,-0.47137,2.36407,2.41060,-2.37116,-0.48751,4.28522,-4.25073,-0.67067,-0.63912,,1.00000,1.00000,-0.92284,-0.53138,-1.26846,true,,0.01372,-2.64828,-0.00242,-2.69100,2.69100,-2.64828,-0.01372,1.07751,0.90002,0.56389,0.33620,,1.00000,1.00000,true,,0.30816,-2.59628,0.30626,-2.61702,2.63488,-0.30816,2.59628,0.89255,0.88853,0.05032,0.09097,,1.00000,1.00000,false,outline coverage 0.50; 5/8 octants,,,,,,,,,,,,,0.50000,1.00000,false,hand/occluder crosses outline (clean 0.67),,,,,,,,,,,,,0.54167,0.66667,true,,-0.49847,-3.75929,-0.53982,-3.79457,3.83277,-2.31133,-3.00641,0.47265,-0.40415,-0.23632,,0.43304,0.90278,1.00000,false,hand/occluder crosses outline (clean 0.56),,,,,,,,,,,,,0.50000,0.56111,true,,1.85249,-3.40162,1.85365,-3.47175,3.93561,-3.87213,0.09651,0.85765,-0.43567,-0.73175,,-0.00065,0.70833,0.92778,true,,1.68219,-3.49479,1.68677,-3.55183,3.93201,-3.20422,2.18548,0.67248,-0.62850,0.21393,,0.10700,0.84722,1.00000,true,,1.12272,-1.86556,1.12050,-1.87661,2.18568,-0.03952,2.17698,0.27046,-0.20140,-0.18055,,0.28157,0.76389,1.00000,true,,0.95491,-2.06779,0.94575,-2.06876,2.27468,1.31331,1.86087,0.36386,0.00813,0.36409,,0.14225,0.68056,1.00000,1316,-0.000833,0.004054,0.004121,-0.004054,-0.000833,0.007326,-0.007267,-0.001147,0.000023,-0.004528,0.004601,-0.004528,-0.000023,0.001842,0.001539,0.000964,0.000527,-0.004439,0.004505,-0.000527,0.004439,0.001526,0.001519,0.000086,,,,,,,,,,,,,,,,,-0.000852,-0.006427,0.006553,-0.003952,-0.005140,0.000808,-0.000691,-0.000404,,,,,,,,,0.003167,-0.005816,0.006729,-0.006620,0.000165,0.001466,-0.000745,-0.001251,0.002876,-0.005975,0.006723,-0.005478,0.003737,0.001150,-0.001075,0.000366,0.001920,-0.003190,0.003737,-0.000068,0.003722,0.000462,-0.000344,-0.000309,0.001633,-0.003535,0.003889,0.002245,0.003182,0.000622,0.000014,0.000622,0.004756,5,0.85765,0.001466
1e4d377d3ca91f43,images/1e/1e4d377d3ca91f43535545ade382ef4c3b60a9181944d1ef0d0652c957f0b5db.jpg,gen,genuine_population,swe_77497,126710BLNR,primary_steel,established_dealer,https://swisswatchexpo.com/watches/rolex-gmt-master-ii-steel-batgirl-black-blue-bezel-mens-watch-126710-77497,,1e4d377d3ca91f43535545ade382ef4c3b60a9181944d1ef0d0652c957f0b5db,https://cdn.swisswatchexpo.com/productphotos/2/26/rolex-gmt-master-ii-steel-batgirl-black-blue-bezel-mens-watch-126710-77497_6362c_md.jpg,harvest pose=CORRECTABLE decision=QUARANTINE,images/1e/1e4d377d3ca91f43535545ade382ef4c3b60a9181944d1ef0d0652c957f0b5db.jpg,accepted,900,900,,true,269.51419,0.99342,0.17565,46,11,271.18348,true,8,0.07687,-1.12759,1.13021,-0.21965,-0.00598,true,,-0.24045,0.96483,-0.23372,0.96238,0.99035,-0.96483,-0.24045,1.63039,-1.60898,-0.30142,-0.63349,,1.00000,1.00000,-0.89953,-0.51443,-1.15926,true,,-0.04277,-1.14021,-0.05008,-1.15792,1.15901,-1.14021,0.04277,0.46155,0.42976,0.14776,0.28108,,1.00000,1.00000,true,,0.14792,-1.26627,0.14682,-1.27644,1.28486,-0.14792,1.26627,0.42106,0.38547,0.16748,0.00703,,1.00000,1.00000,true,,-0.52092,-0.23654,-0.52075,-0.23240,0.57026,-0.05561,-0.56940,0.58350,-0.58336,-0.05869,,0.23936,0.70833,1.00000,false,hand/occluder crosses outline (clean 0.67),,,,,,,,,,,,,0.62500,0.66667,true,,-0.09599,-1.65901,-0.11387,-1.67527,1.67914,-0.91263,-1.38875,0.36079,0.05921,-0.35383,,0.36052,1.00000,1.00000,false,hand/occluder crosses outline (clean 0.58),,,,,,,,,,,,,0.58333,0.57778,true,,0.69457,-1.47276,0.69423,-1.50186,1.65455,-1.62273,0.13486,0.35561,-0.12667,-0.32981,,0.28139,0.90278,0.92778,true,,0.61641,-1.59172,0.61751,-1.61630,1.73024,-1.32969,1.07026,0.27314,-0.21304,0.16498,,0.26383,0.98611,1.00000,true,,0.55406,-0.86800,0.55308,-0.87341,1.03380,-0.04583,1.02874,0.06354,-0.04936,0.03985,,0.29207,0.87500,1.00000,true,,0.43967,-0.94667,0.43550,-0.94725,1.04256,0.60000,0.85410,0.28975,0.15586,0.24462,,0.24939,0.76389,1.00000,968,-0.000887,0.003558,0.003652,-0.003558,-0.000887,0.006012,-0.005933,-0.001111,-0.000158,-0.004205,0.004274,-0.004205,0.000158,0.001702,0.001585,0.000545,0.000545,-0.004669,0.004738,-0.000545,0.004669,0.001553,0.001421,0.000618,-0.001921,-0.000872,0.002103,-0.000205,-0.002100,0.002152,-0.002151,-0.000216,,,,,,,,,-0.000354,-0.006118,0.006192,-0.003365,-0.005121,0.001330,0.000218,-0.001305,,,,,,,,,0.002561,-0.005431,0.006101,-0.005984,0.000497,0.001311,-0.000467,-0.001216,0.002273,-0.005870,0.006380,-0.004903,0.003947,0.001007,-0.000786,0.000608,0.002043,-0.003201,0.003812,-0.000169,0.003794,0.000234,-0.000182,0.000147,0.001621,-0.003491,0.003844,0.002213,0.003150,0.001068,0.000575,0.000902,0.004168,6,0.58350,0.002152
7a77e61713240ff8,images/7a/7a77e61713240ff8cf4bfa9d371450bd3275781bd68536daa88c46134b7778e8.jpg,gen,genuine_population,swe_77497,126710BLNR,primary_steel,established_dealer,https://swisswatchexpo.com/watches/rolex-gmt-master-ii-steel-batgirl-black-blue-bezel-mens-watch-126710-77497,,7a77e61713240ff8cf4bfa9d371450bd3275781bd68536daa88c46134b7778e8,https://cdn.swisswatchexpo.com/productphotos/2/26/rolex-gmt-master-ii-steel-batgirl-black-blue-bezel-mens-watch-126710-77497_bcc87_md.jpg,harvest pose=CORRECTABLE decision=QUARANTINE,images/7a/7a77e61713240ff8cf4bfa9d371450bd3275781bd68536daa88c46134b7778e8.jpg,accepted,900,900,,true,176.17017,0.99379,0.15718,45,11,177.09581,true,8,0.06279,-0.63888,0.64195,-0.18452,0.00236,true,,-0.20894,0.58071,-0.20480,0.58011,0.61520,-0.58071,-0.20894,0.99120,-0.95378,-0.28122,-0.60582,,1.00000,1.00000,-0.85882,-0.45015,-0.95365,true,,-0.07286,-0.59694,-0.07690,-0.60591,0.61077,-0.59694,0.07286,0.31883,0.28401,0.13382,0.26433,,1.00000,1.00000,true,,0.07669,-0.77345,0.07604,-0.78005,0.78374,-0.07669,0.77345,0.27226,0.23651,0.13374,0.24853,,1.00000,0.96667,true,,-0.26635,-0.22346,-0.26713,-0.22108,0.34675,0.06035,-0.34240,0.27024,-0.25652,-0.08878,,0.26902,0.84722,1.00000,false,hand/occluder crosses outline (clean 0.66),,,,,,,,,,,,,0.69444,0.65556,true,,0.02541,-0.92248,0.01588,-0.93240,0.93254,-0.43923,-0.81160,0.25140,0.08591,-0.23506,,0.35392,1.00000,1.00000,false,hand/occluder crosses outline (clean 0.73),,,,,,,,,,,,,0.55556,0.72778,true,,0.44136,-0.85492,0.44158,-0.87260,0.97797,-0.96106,0.04523,0.24927,-0.11300,-0.22024,,0.31630,0.94444,0.92778,true,,0.27473,-0.96578,0.27494,-0.98045,1.01827,-0.72081,0.69902,0.19691,-0.08055,0.17709,,0.31299,1.00000,1.00000,true,,0.35229,-0.53505,0.35188,-0.53893,0.64363,-0.03757,0.63951,0.06029,-0.03152,0.05112,,0.23508,1.00000,1.00000,true,,0.30663,-0.36469,0.30490,-0.36613,0.47646,0.16251,0.44789,0.11041,-0.08790,0.06731,,0.12072,0.98611,1.00000,718,-0.001180,0.003279,0.003474,-0.003279,-0.001180,0.005597,-0.005386,-0.001588,-0.000411,-0.003371,0.003449,-0.003371,0.000411,0.001800,0.001604,0.000756,0.000433,-0.004367,0.004426,-0.000433,0.004367,0.001537,0.001335,0.000755,-0.001504,-0.001262,0.001958,0.000341,-0.001933,0.001526,-0.001448,-0.000501,,,,,,,,,0.000143,-0.005209,0.005266,-0.002480,-0.004583,0.001420,0.000485,-0.001327,,,,,,,,,0.002492,-0.004827,0.005522,-0.005427,0.000255,0.001408,-0.000638,-0.001244,0.001551,-0.005453,0.005750,-0.004070,0.003947,0.001112,-0.000455,0.001000,0.001989,-0.003021,0.003634,-0.000212,0.003611,0.000340,-0.000178,0.000289,0.001731,-0.002059,0.002690,0.000918,0.002529,0.000623,-0.000496,0.000380,0.003625,6,0.27024,0.001526
a5431af6379b78a5,images/a5/a5431af6379b78a5233303aeec379b30ef8a5c46ffa70be67a55a1126de8c138.jpg,gen,genuine_population,wos_cpo_40616911,126710BLNR,primary_steel,rolex_cpo,https://watchesofswitzerland.com/collections/rolex-certified-pre-owned/products/gmt-ii-m126710blnr-0002-40616911,,a5431af6379b78a5233303aeec379b30ef8a5c46ffa70be67a55a1126de8c138,https://www.watchesofswitzerland.com/cdn/shop/files/40616911_1.jpg?height=4000&v=1758689262&width=4000,harvest pose=CORRECTABLE decision=ACCEPT,images/a5/a5431af6379b78a5233303aeec379b30ef8a5c46ffa70be67a55a1126de8c138.jpg,accepted,3000,3000,,true,449.66855,0.99658,0.29459,45,11,452.24494,true,9,0.05976,-0.52733,0.53070,-0.08411,0.07915,true,,0.30906,1.45442,0.29443,1.45214,1.48169,-1.45442,0.30906,1.68985,-1.67844,-0.24476,-0.09849,,0.57143,1.00000,-0.03930,0.31008,1.57705,true,,-0.25159,-0.16827,-0.25046,-0.17124,0.30340,-0.16827,0.25159,0.66984,0.64694,-0.16556,0.13982,,0.95238,1.00000,true,,-0.27246,-0.73588,-0.26429,-0.73866,0.78452,0.27246,0.73588,0.66949,0.61424,-0.26384,-0.40021,,0.90476,1.00000,true,,0.44352,0.37655,0.43950,0.37979,0.58086,-0.10434,0.57237,0.39555,-0.27972,0.28135,,-0.29239,0.75000,1.00000,true,,-0.22263,-0.43171,-0.21883,-0.43297,0.48513,0.02305,-0.48519,0.56268,0.02096,-0.56298,,0.43360,0.73611,1.00000,true,,-0.49763,-0.25183,-0.49589,-0.25704,0.55855,-0.55687,0.03073,0.03190,-0.03097,0.00750,,0.57369,0.90278,1.00000,false,hand/occluder crosses outline (clean 0.64),,,,,,,,,,,,,0.52778,0.64444,true,,-0.13141,-1.49855,-0.11563,-1.50439,1.50883,-1.23207,0.86308,0.46126,-0.43837,0.13857,,0.37552,0.80556,1.00000,true,,0.17724,-1.36340,0.19310,-1.36418,1.37777,-0.83520,1.09212,0.26516,-0.21478,0.15437,,0.45730,0.80556,1.00000,true,,0.76524,-0.88937,0.77538,-0.88002,1.17289,-0.21803,1.15284,0.20389,-0.12562,0.16053,,0.39202,0.79167,1.00000,true,,0.89063,-0.53459,0.89559,-0.52372,1.03748,0.01765,1.03861,0.24242,-0.10316,0.21958,,0.45214,0.73611,1.00000,1387,0.000683,0.003216,0.003276,-0.003216,0.000683,0.003737,-0.003711,-0.000541,-0.000556,-0.000372,0.000671,-0.000372,0.000556,0.001481,0.001431,-0.000366,-0.000602,-0.001627,0.001735,0.000602,0.001627,0.001480,0.001358,-0.000583,0.000981,0.000833,0.001284,-0.000231,0.001266,0.000875,-0.000619,0.000622,-0.000492,-0.000955,0.001073,0.000051,-0.001073,0.001244,0.000046,-0.001245,-0.001100,-0.000557,0.001235,-0.001231,0.000068,0.000071,-0.000068,0.000017,,,,,,,,,-0.000291,-0.003314,0.003336,-0.002724,0.001908,0.001020,-0.000969,0.000306,0.000392,-0.003015,0.003047,-0.001847,0.002415,0.000586,-0.000475,0.000341,0.001692,-0.001967,0.002593,-0.000482,0.002549,0.000451,-0.000278,0.000355,0.001969,-0.001182,0.002294,0.000039,0.002297,0.000536,-0.000228,0.000486,0.001173,7,0.56268,0.001244
GEN_CAND_WEX_BLRO_01,gen_candidate/EXT_EXT_GEN_BLRO_WEX_01.png,gen,gen_candidate,ext_gen_blro_wex_listing_A,126710BLRO,primary_steel,marketplace gen_candidate (r/Watchexchange),,,523156883f738c42e98cb35a203d355984ca068b766084f396dbdac19abd40c8,,"Alpha91 overlay control; listing id not recorded; WEX_01/02 assumed same watch (same listing, unverified)",gen_candidate/EXT_EXT_GEN_BLRO_WEX_01.png,accepted,1500,1125,,true,140.67389,0.99624,0.16416,44,11,140.03923,true,9,0.39257,-0.06112,0.39730,0.25354,0.00259,false,hand/occluder crosses outline (clean 0.50),,,,,,,,,,,,,0.57143,0.50000,,,,true,,0.34872,0.50507,0.34287,0.50885,0.61359,0.50507,-0.34872,0.30481,0.30169,0.03702,-0.44331,,1.00000,0.86667,true,,-0.16037,0.10516,-0.16281,0.10437,0.19340,0.16037,-0.10516,0.33519,0.28278,-0.17466,-0.40639,,1.00000,1.00000,true,,0.48342,-0.33256,0.48897,-0.32906,0.58938,0.52971,0.25237,0.05964,-0.01019,-0.05861,,0.32679,1.00000,1.00000,true,,0.79298,-0.22210,0.79577,-0.21418,0.82409,0.79779,0.20415,0.15098,0.13864,0.05980,,0.29248,0.93056,0.99444,false,hand/occluder crosses outline (clean 0.50),,,,,,,,,,,,,0.68056,0.50000,true,,0.56890,0.07617,0.56728,0.08072,0.57300,0.35042,-0.45460,0.11839,-0.07738,-0.08919,,0.26859,0.94444,0.93333,true,,0.24754,-0.08182,0.24954,-0.08018,0.26211,-0.19463,-0.17347,0.26555,-0.23191,0.12722,,0.29219,1.00000,1.00000,true,,0.25587,-0.13814,0.25914,-0.13670,0.29299,-0.29066,-0.00831,0.24541,-0.20869,0.12575,,0.26172,1.00000,1.00000,true,,0.15347,-0.17840,0.15678,-0.17838,0.23748,-0.04371,0.23123,0.03693,-0.02647,-0.02522,,0.23652,0.98611,1.00000,true,,0.30387,-0.20133,0.30849,-0.19959,0.36743,0.02242,0.36383,0.12881,-0.12697,-0.01188,,0.28734,0.98611,1.00000,2486,,,,,,,,,0.002490,0.003607,0.004382,0.003607,-0.002490,0.002177,0.002154,0.000264,-0.001145,0.000751,0.001381,0.001145,-0.000751,0.002394,0.002019,-0.001247,0.003452,-0.002375,0.004209,0.003783,0.001802,0.000426,-0.000073,-0.000419,0.005663,-0.001586,0.005885,0.005697,0.001458,0.001078,0.000990,0.000427,,,,,,,,,0.004062,0.000544,0.004092,0.002502,-0.003246,0.000845,-0.000553,-0.000637,0.001768,-0.000584,0.001872,-0.001390,-0.001239,0.001896,-0.001656,0.000908,0.001827,-0.000986,0.002092,-0.002076,-0.000059,0.001752,-0.001490,0.000898,0.001096,-0.001274,0.001696,-0.000312,0.001651,0.000264,-0.000189,-0.000180,0.002170,-0.001438,0.002624,0.000160,0.002598,0.000920,-0.000907,-0.000085,0.002837,7,0.26555,0.001896
GEN_CAND_WEX_BLRO_02,gen_candidate/EXT_EXT_GEN_BLRO_WEX_02.png,gen,gen_candidate,ext_gen_blro_wex_listing_A,126710BLRO,primary_steel,marketplace gen_candidate (r/Watchexchange),,,188d085d67f4bfc42082097f3cd2df98c0d5c1bb42ee73ed177ba5e5ee99fc91,,see WEX_01,gen_candidate/EXT_EXT_GEN_BLRO_WEX_02.png,accepted,1500,1125,,true,155.73327,0.99517,0.21087,45,11,155.37171,true,9,0.25044,-0.12443,0.27965,0.17596,0.02397,false,hand/occluder crosses outline (clean 0.50),,,,,,,,,,,,,0.52381,0.50000,,,,true,,-0.04810,0.44239,-0.04804,0.44210,0.44470,0.44239,0.04810,0.43768,0.35976,0.24884,-0.10616,,1.00000,0.96667,true,,-0.34447,-0.13423,-0.34701,-0.13477,0.37226,0.34447,0.13423,0.39220,0.38786,-0.03867,0.03221,,1.00000,0.90000,true,,0.36326,-0.32824,0.36457,-0.33013,0.49183,0.46590,0.15047,0.05824,0.01155,-0.05681,,0.30802,1.00000,1.00000,true,,0.54562,-0.32848,0.54639,-0.32972,0.63817,0.63676,-0.01166,0.15981,0.13629,-0.08218,,0.26332,0.98611,1.00000,false,hand/occluder crosses outline (clean 0.61),,,,,,,,,,,,,0.72222,0.60556,true,,0.39805,0.06441,0.39731,0.06334,0.40233,0.25480,-0.31252,0.08831,0.01491,-0.08709,,0.23486,1.00000,1.00000,true,,0.21218,-0.21051,0.21240,-0.21112,0.29947,-0.28840,-0.07849,0.27976,-0.27847,0.02312,,0.21703,1.00000,1.00000,true,,0.27472,-0.22187,0.27554,-0.22300,0.35447,-0.34885,0.05478,0.29463,-0.29280,0.01964,,0.19589,0.98611,1.00000,true,,0.14760,-0.24849,0.14811,-0.25043,0.29095,-0.00358,0.28900,0.07208,-0.07135,0.00403,,0.20443,0.95833,1.00000,true,,0.27800,-0.14879,0.27967,-0.14983,0.31728,-0.01014,0.31515,0.21734,-0.21467,-0.01594,,0.23490,1.00000,1.00000,1097,,,,,,,,,-0.000310,0.002847,0.002862,0.002847,0.000310,0.002817,0.002315,0.001602,-0.002217,-0.000864,0.002396,0.002217,0.000864,0.002524,0.002496,-0.000249,0.002338,-0.002113,0.003166,0.002999,0.000968,0.000375,0.000074,-0.000366,0.003512,-0.002114,0.004107,0.004098,-0.000075,0.001029,0.000877,-0.000529,,,,,,,,,0.002562,0.000415,0.002589,0.001640,-0.002011,0.000568,0.000096,-0.000561,0.001366,-0.001355,0.001927,-0.001856,-0.000505,0.001801,-0.001792,0.000149,0.001768,-0.001428,0.002281,-0.002245,0.000353,0.001896,-0.001885,0.000126,0.000950,-0.001599,0.001873,-0.000023,0.001860,0.000464,-0.000459,0.000026,0.001789,-0.000958,0.002042,-0.000065,0.002028,0.001399,-0.001382,-0.000103,0.001800,7,0.29463,0.001896
GEN_CAND_HO_01,gen_candidate/POOL_GEN_HO_01.png,gen,gen_candidate,gen_wex_1TDYtpN,126710BLNR,primary_steel,marketplace gen_candidate (r/Watchexchange),,,c7811f872628664d844384e9be75390abcaab7ab5d5095806e2e26039a32835e,,Alpha90 pool GEN_HO_01,gen_candidate/POOL_GEN_HO_01.png,accepted,1362,1600,,true,204.77550,0.98923,0.20807,44,11,203.21716,true,8,0.41248,-0.57506,0.70770,0.17278,-0.02603,true,,-0.04137,-0.04082,-0.04151,-0.03984,0.05753,0.04082,-0.04137,0.87649,-0.82072,-0.38349,-0.43235,,1.00000,1.00000,-0.13885,-0.30256,1.11828,true,,0.36001,0.00748,0.36601,0.00699,0.36608,0.00748,-0.36001,0.35075,0.32330,0.12559,0.47475,,1.00000,1.00000,true,,-0.28964,-0.12447,-0.29347,-0.12467,0.31885,0.28964,0.12447,0.58931,0.44041,-0.38677,0.19701,,1.00000,0.96667,true,,0.60428,-0.39810,0.59275,-0.38233,0.70536,0.64691,0.32427,0.46887,-0.34954,0.32960,,0.10391,0.87500,1.00000,false,hand/occluder crosses outline (clean 0.76),,,,,,,,,,,,,0.72222,0.76111,true,,0.75390,-0.86574,0.73918,-0.86510,1.13789,0.22003,-1.12670,0.36528,-0.13506,-0.34061,,0.18248,0.91667,1.00000,true,,0.50264,-0.74919,0.49632,-0.75723,0.90539,-0.39749,-0.80989,0.40244,-0.38771,-0.08422,,0.20246,0.95833,1.00000,true,,0.54871,-0.25331,0.55882,-0.25771,0.61539,-0.49373,-0.34854,0.21928,-0.06806,-0.20381,,0.37161,0.91667,1.00000,false,hand/occluder crosses outline (clean 0.65),,,,,,,,,,,,,0.51389,0.65000,true,,0.12807,-0.74041,0.12937,-0.72784,0.73925,0.25929,0.70525,0.08052,0.04361,0.06922,,0.52735,0.87500,1.00000,true,,0.52375,-1.18897,0.51910,-1.15466,1.26598,0.76780,1.04807,0.49759,0.18726,0.47245,,0.43699,0.90278,1.00000,1214,-0.000204,-0.000201,0.000283,0.000201,-0.000204,0.004313,-0.004039,-0.001887,0.001772,0.000037,0.001801,0.000037,-0.001772,0.001726,0.001591,0.000618,-0.001425,-0.000612,0.001569,0.001425,0.000612,0.002900,0.002167,-0.001903,0.002974,-0.001959,0.003471,0.003183,0.001596,0.002307,-0.001720,0.001622,,,,,,,,,0.003710,-0.004260,0.005599,0.001083,-0.005544,0.001797,-0.000665,-0.001676,0.002473,-0.003687,0.004455,-0.001956,-0.003985,0.001980,-0.001908,-0.000414,0.002700,-0.001246,0.003028,-0.002430,-0.001715,0.001079,-0.000335,-0.001003,,,,,,,,,0.000630,-0.003643,0.003638,0.001276,0.003470,0.000396,0.000215,0.000341,0.002577,-0.005851,0.006230,0.003778,0.005157,0.002449,0.000921,0.002325,0.003482,6,0.49759,0.002449
GEN_CAND_HO_02,gen_candidate/POOL_GEN_HO_02.png,gen,gen_candidate,gen_wex_vmbUDwy,126710BLNR,primary_steel,marketplace gen_candidate (r/Watchexchange),,,be151b65915c51144aa5c482019a4d5add162b276718aa8a75a40484cf7665b0,,Alpha90 pool GEN_HO_02,gen_candidate/POOL_GEN_HO_02.png,accepted,1600,1280,,true,142.74587,0.98754,0.12762,43,11,143.39314,true,10,0.30206,-0.27685,0.40974,-0.01672,0.03047,true,,0.09093,0.41430,0.00816,0.41783,0.41791,-0.41430,0.09093,0.74965,-0.72993,-0.21144,0.60256,,0.90476,0.90000,0.47774,0.64312,0.29825,true,,0.28325,-0.01466,0.28083,0.04169,0.28391,-0.01466,-0.28325,0.34973,0.33823,-0.09939,-0.44856,,0.95238,0.96667,true,,-0.00631,-0.29839,0.05264,-0.29008,0.29482,0.00631,0.29839,0.28143,0.26585,-0.09397,0.15369,,0.85714,0.83333,true,,0.26234,-0.07734,0.27184,-0.02331,0.27284,0.19815,0.18852,0.20787,-0.19302,0.08485,,0.38529,0.95833,1.00000,true,,0.00115,-0.20750,0.04137,-0.20060,0.20482,0.10475,-0.17912,0.26194,-0.25225,-0.07187,,0.29440,0.94444,1.00000,true,,0.11260,-0.30354,0.16959,-0.27257,0.32102,-0.05425,-0.31917,0.08204,-0.07646,0.02951,,0.38498,0.95833,1.00000,true,,0.43665,-0.40850,0.50849,-0.31085,0.59598,-0.13545,-0.58240,0.27322,0.05326,-0.26789,,0.41483,0.90278,1.00000,true,,0.24054,-0.49017,0.33246,-0.42860,0.54243,-0.54477,0.03677,0.11498,-0.11463,0.01649,,0.41049,0.86111,1.00000,true,,0.35273,-0.55387,0.45488,-0.46762,0.65237,-0.58241,0.30330,0.19882,-0.18644,0.07211,,0.39968,0.86111,1.00000,true,,0.25948,-0.51493,0.35508,-0.44674,0.57067,0.03275,0.57568,0.13750,0.09393,0.10305,,0.30969,0.86111,1.00000,true,,0.43245,-0.55468,0.53155,-0.45083,0.69699,0.26414,0.65185,0.23962,0.11441,0.21339,,0.27317,0.81944,1.00000,1272,0.000634,0.002889,0.002914,-0.002889,0.000634,0.005228,-0.005090,-0.001475,0.001975,-0.000102,0.001980,-0.000102,-0.001975,0.002439,0.002359,-0.000693,-0.000044,-0.002081,0.002056,0.000044,0.002081,0.001963,0.001854,-0.000655,0.001830,-0.000539,0.001903,0.001382,0.001315,0.001450,-0.001346,0.000592,0.000008,-0.001447,0.001428,0.000731,-0.001249,0.001827,-0.001759,-0.000501,0.000785,-0.002117,0.002239,-0.000378,-0.002226,0.000572,-0.000533,0.000206,0.003045,-0.002849,0.004156,-0.000945,-0.004062,0.001905,0.000371,-0.001868,0.001677,-0.003418,0.003783,-0.003799,0.000256,0.000802,-0.000799,0.000115,0.002460,-0.003863,0.004550,-0.004062,0.002115,0.001387,-0.001300,0.000503,0.001810,-0.003591,0.003980,0.000228,0.004015,0.000959,0.000655,0.000719,0.003016,-0.003868,0.004861,0.001842,0.004546,0.001671,0.000798,0.001488,0.002857,8,0.27322,0.001905
RL_THEONE_BLNR,rl_controls/RL_THEONE_BLNR.png,rep,rl_control,rep_theonewatches_blnr_user,126710BLNR,primary_steel,"rep (user-supplied, Theonewatches)",,,a3bb9bcbd061ef27d21f594a57db343d5daa849b6d0c11677c9b69c955b93c3b,,Alpha96 phone regression reference,rl_controls/RL_THEONE_BLNR.png,accepted,1600,1200,,true,164.27766,0.98777,0.13825,44,11,165.12053,true,10,-0.52118,0.07976,0.52725,0.18931,0.05586,true,,-0.91407,1.20240,-0.90886,1.19567,1.50188,-1.20240,-0.91407,1.45431,-1.36950,-0.51570,0.96493,,0.95238,0.93333,0.99001,0.88554,0.76642,true,,-1.24226,0.83299,-1.23417,0.81358,1.47820,0.83299,1.24226,0.77680,0.51424,0.59367,0.33127,,1.00000,1.00000,true,,-0.55082,-0.22942,-0.53272,-0.22853,0.57967,0.55082,0.22942,0.27909,-0.21224,0.19058,-0.84910,,1.00000,0.93333,true,,-0.94444,-0.12173,-0.94021,-0.11770,0.94755,-0.36680,-0.87877,0.65672,-0.28573,-0.59456,,0.10234,0.84722,1.00000,true,,-0.19155,-0.04606,-0.19211,-0.04606,0.19755,-0.14285,-0.13566,0.12585,0.10085,-0.07463,,0.28488,0.84722,0.80000,true,,-0.05001,0.16300,-0.05105,0.16321,0.17101,0.03819,0.16617,0.36121,0.19918,-0.29983,,0.48340,0.79167,1.00000,true,,-0.60402,0.18967,-0.60446,0.18203,0.63128,-0.13775,0.61793,0.20115,-0.19994,-0.01069,,0.36242,0.66667,0.81667,true,,-0.67168,0.51047,-0.66160,0.49773,0.82791,0.77792,0.32646,0.28733,0.18870,-0.21945,,0.42383,0.90278,1.00000,true,,-0.75548,0.25040,-0.73637,0.24016,0.77454,0.77946,0.16088,0.16193,0.02761,-0.16185,,0.16841,0.75000,1.00000,true,,-0.35647,-0.44184,-0.34275,-0.43473,0.55360,0.52963,0.20440,0.42335,-0.13950,0.40870,,-0.32656,0.90278,1.00000,true,,-0.26114,-0.16588,-0.25401,-0.16265,0.30162,0.27422,-0.14321,0.27522,-0.17173,0.22371,,0.01209,0.83333,1.00000,1552,-0.005536,0.007282,0.009096,-0.007282,-0.005536,0.008808,-0.008294,-0.003123,-0.007523,0.005045,0.008952,0.005045,0.007523,0.004704,0.003114,0.003595,-0.003336,-0.001389,0.003511,0.003336,0.001389,0.001690,-0.001285,0.001154,-0.005720,-0.000737,0.005739,-0.002221,-0.005322,0.003977,-0.001730,-0.003601,-0.001160,-0.000279,0.001196,-0.000865,-0.000822,0.000762,0.000611,-0.000452,-0.000303,0.000987,0.001036,0.000231,0.001006,0.002188,0.001206,-0.001816,-0.003658,0.001149,0.003823,-0.000834,0.003742,0.001218,-0.001211,-0.000065,-0.004068,0.003091,0.005014,0.004711,0.001977,0.001740,0.001143,-0.001329,-0.004575,0.001516,0.004691,0.004721,0.000974,0.000981,0.000167,-0.000980,-0.002159,-0.002676,0.003353,0.003208,0.001238,0.002564,-0.000845,0.002475,-0.001582,-0.001005,0.001827,0.001661,-0.000867,0.001667,-0.001040,0.001355,0.003193,8,0.65672,0.003977
RL_USER_BATGIRL,rl_controls/USER_BATGIRL_GMT.jpg,rep,rl_control,rep_user_batgirl,126710BLNR,primary_steel,rep (user-supplied),,,8c1da721db4c2f70ad1ca666010008024e72e7489a4da5f7447d615d69402471,,Alpha96 phone regression reference; chat-compressed copy (960x1280),rl_controls/USER_BATGIRL_GMT.jpg,accepted,960,1280,,true,204.14534,0.99919,0.21239,44,11,205.02430,true,10,0.01695,-0.70489,0.70509,0.06356,0.11362,false,hand/occluder crosses outline (clean 0.70),,,,,,,,,,,,,0.66667,0.70000,,,,true,,-0.79700,-0.43181,-0.80101,-0.42197,0.90536,-0.43181,0.79700,0.54423,0.17613,0.51634,0.77606,,1.00000,1.00000,true,,0.14534,-1.92277,0.12029,-1.91597,1.91974,-0.14534,1.92277,0.93099,-0.21741,0.90943,-1.51981,,1.00000,0.86667,true,,0.45718,-0.67697,0.44748,-0.68227,0.81593,0.81487,0.05744,0.10172,0.08408,0.05736,,0.32693,0.95833,1.00000,true,,-0.55028,-0.81680,-0.56188,-0.80754,0.98378,-0.06816,-0.98251,0.90173,-0.55005,-0.71442,,0.24607,1.00000,1.00000,true,,0.18315,-0.06661,0.18248,-0.06892,0.19506,0.12531,-0.14926,0.37913,0.34976,0.14515,,0.43566,0.98611,1.00000,true,,-0.21364,-0.65538,-0.22252,-0.65266,0.68955,-0.67440,-0.14267,0.20607,-0.18177,-0.09716,,0.48860,1.00000,1.00000,true,,-0.21186,-0.26837,-0.21439,-0.26522,0.34104,-0.12649,0.31766,0.52017,0.39247,-0.34316,,0.46518,0.98611,1.00000,true,,0.16771,-0.24397,0.16361,-0.24515,0.29473,-0.26722,0.12743,0.79818,0.00283,-0.80157,,0.46122,0.98611,1.00000,true,,0.08987,-1.20944,0.07407,-1.20458,1.20686,0.52689,1.09234,0.16342,0.09060,0.13702,,0.33115,0.93056,1.00000,true,,0.58741,-0.97988,0.57162,-0.98425,1.13820,0.55489,0.99865,0.32655,-0.14957,0.29223,,0.29371,0.91667,1.00000,1203,,,,,,,,,-0.003887,-0.002106,0.004416,-0.002106,0.003887,0.002654,0.000859,0.002518,0.000709,-0.009378,0.009363,-0.000709,0.009378,0.004541,-0.001060,0.004436,0.002230,-0.003302,0.003980,0.003975,0.000280,0.000496,0.000410,0.000280,-0.002684,-0.003984,0.004798,-0.000332,-0.004792,0.004398,-0.002683,-0.003485,0.000893,-0.000325,0.000951,0.000611,-0.000728,0.001849,0.001706,0.000708,-0.001042,-0.003197,0.003363,-0.003289,-0.000696,0.001005,-0.000887,-0.000474,-0.001033,-0.001309,0.001663,-0.000617,0.001549,0.002537,0.001914,-0.001674,0.000818,-0.001190,0.001438,-0.001303,0.000622,0.003893,0.000014,-0.003910,0.000438,-0.005899,0.005886,0.002570,0.005328,0.000797,0.000442,0.000668,0.002865,-0.004779,0.005552,0.002706,0.004871,0.001593,-0.000730,0.001425,0.003439,8,0.90173,0.004398
RL_LOCAL_BLNR,rl_controls/RL_LOCAL_BLNR.png,rep,rl_control,rep_vsf_7s6PyXJ,126710BLNR,primary_steel,rep_labelled,,,44348dc753856bd5bb5e5e28101060191f03fd0ddcef3fc40b00e3cac31d1ba7,,Alpha90 pool RL_LOCAL_01: 6 left; 12 slightly tilted,rl_controls/RL_LOCAL_BLNR.png,accepted,1600,900,,true,217.59684,0.99125,0.13652,42,10,219.72089,true,6,-0.47149,0.12721,0.48835,0.69652,0.54986,true,,-1.85933,-0.91462,-1.84511,-0.88921,2.04820,0.91462,-1.85933,3.04267,-0.18037,-3.06606,0.78744,,1.00000,1.00000,0.75238,1.11112,1.82103,true,,-2.83977,1.71742,-2.78441,1.66172,3.24257,1.71742,2.83977,0.86308,0.43377,0.76911,-0.01292,,0.95238,0.96667,false,hand/occluder crosses outline (clean 0.37),,,,,,,,,,,,,0.61905,0.36667,true,,1.68469,0.17196,1.68648,0.15417,1.69351,0.69342,1.54497,0.27006,-0.20038,0.18137,,0.81473,0.63889,1.00000,true,,1.46134,0.87159,1.47312,0.86370,1.70765,0.82976,1.48549,0.11920,0.06422,-0.10009,,0.78249,0.72222,1.00000,true,,-0.01066,2.05861,-0.00853,2.04722,2.04724,1.02007,1.78814,0.30290,0.12647,-0.27587,,0.78525,1.00000,1.00000,true,,-1.15499,1.73824,-1.14395,1.70761,2.05538,0.92786,1.86937,0.36786,-0.18772,-0.32289,,0.89071,0.91667,1.00000,true,,-2.31124,0.26884,-2.24688,0.24443,2.26013,1.38844,1.86717,0.27610,-0.20557,-0.19704,,0.83143,0.97222,1.00000,false,hand/occluder crosses outline (clean 0.58),,,,,,,,,,,,,0.62500,0.58333,false,outline coverage 0.58; 8/8 octants,,,,,,,,,,,,,0.58333,1.00000,false,outline coverage 0.57; 7/8 octants,,,,,,,,,,,,,0.56944,1.00000,1101,-0.008462,-0.004163,0.009322,0.004163,-0.008462,0.013848,-0.000821,-0.013954,-0.012924,0.007816,0.014758,0.007816,0.012924,0.003928,0.001974,0.003500,,,,,,,,,0.007667,0.000783,0.007708,0.003156,0.007032,0.001229,-0.000912,0.000825,0.006651,0.003967,0.007772,0.003776,0.006761,0.000543,0.000292,-0.000456,-0.000049,0.009369,0.009317,0.004643,0.008138,0.001379,0.000576,-0.001256,-0.005257,0.007911,0.009355,0.004223,0.008508,0.001674,-0.000854,-0.001470,-0.010519,0.001224,0.010286,0.006319,0.008498,0.001257,-0.000936,-0.000897,,,,,,,,,,,,,,,,,,,,,,,,,0.002223,5,0.36786,0.001674
RL_ARF_BLRO_CROOKED6,rl_controls/RL_ARF_BLRO_CROOKED6.png,rep,rl_control,rep_arf_blro_crooked6,126710BLRO,primary_steel,rep_labelled,,,700ec13c548af7210fd2de6a80a82bfede464f9849060b85d5a4457e06549d2e,,reported crooked 6,rl_controls/RL_ARF_BLRO_CROOKED6.png,accepted,1600,1200,,true,233.52407,0.99126,0.13766,42,11,234.27309,true,9,-0.03722,1.12879,1.12940,0.95304,-0.04813,true,,-2.36248,-1.62842,-2.38600,-1.61994,2.88396,1.62842,-2.36248,2.38021,0.97742,-2.15823,0.27663,,1.00000,1.00000,0.03006,0.61854,0.61474,true,,0.28305,1.96365,0.29778,1.93361,1.95640,1.96365,-0.28305,0.86190,-0.85559,-0.18142,0.00826,,1.00000,1.00000,true,,-1.37403,1.15043,-1.35321,1.15379,1.77831,1.37403,-1.15043,0.37991,-0.35887,0.13148,-0.03718,,1.00000,1.00000,true,,0.33238,-0.25485,0.33239,-0.25906,0.42142,0.38690,0.16042,0.47306,-0.42290,-0.20559,,0.56691,0.86111,1.00000,false,hand/occluder crosses outline (clean 0.65),,,,,,,,,,,,,0.80556,0.65000,true,,1.96332,2.02316,1.96651,1.99292,2.79981,2.71186,0.77045,0.37718,0.37114,-0.07456,,0.63901,1.00000,1.00000,true,,1.02074,3.00891,1.03276,2.96313,3.13795,3.11617,0.62047,0.37954,0.34343,0.17309,,0.72719,0.90278,0.99444,true,,-1.52800,2.35347,-1.49022,2.32870,2.76471,2.80217,0.14655,0.82694,-0.01755,0.83247,,0.73914,1.00000,1.00000,true,,-1.72842,3.25502,-1.67432,3.23064,3.63874,3.12436,-1.95472,1.07957,0.70227,-0.83678,,0.72223,0.98611,0.98889,true,,-1.24538,1.01456,-1.23078,1.02420,1.60119,0.57125,-1.50132,0.79458,-0.71754,-0.33640,,0.68085,0.90278,1.00000,true,,-1.17543,-1.41356,-1.19409,-1.41083,1.84832,1.81189,-0.31117,1.06381,0.95512,0.45612,,0.54734,0.86111,1.00000,1668,-0.010084,-0.006951,0.012310,0.006951,-0.010084,0.010160,0.004172,-0.009212,0.001208,0.008382,0.008351,0.008382,-0.001208,0.003679,-0.003652,-0.000774,-0.005865,0.004911,0.007591,0.005865,-0.004911,0.001622,-0.001532,0.000561,0.001419,-0.001088,0.001799,0.001651,0.000685,0.002019,-0.001805,-0.000878,,,,,,,,,0.008380,0.008636,0.011951,0.011576,0.003289,0.001610,0.001584,-0.000318,0.004357,0.012844,0.013394,0.013301,0.002648,0.001620,0.001466,0.000739,-0.006522,0.010046,0.011801,0.011961,0.000626,0.003530,-0.000075,0.003553,-0.007378,0.013894,0.015532,0.013336,-0.008344,0.004608,0.002998,-0.003572,-0.005316,0.004331,0.006835,0.002438,-0.006408,0.003392,-0.003063,-0.001436,-0.005017,-0.006034,0.007890,0.007734,-0.001328,0.004541,0.004077,0.001947,0.004821,7,1.07957,0.004608
