group,physical_watch_id,model,provenance,metric,unit,photos_accepted,photos_usable,primary_photo,primary_value,median,mad,min,max
gen_candidate,ext_gen_blro_wex_listing_A,126710BLRO,marketplace gen_candidate (r/Watchexchange),ring_shift,px,2,2,GEN_CAND_WEX_BLRO_02,0.27965,0.33847,0.05882,0.27965,0.39730
gen_candidate,ext_gen_blro_wex_listing_A,126710BLRO,marketplace gen_candidate (r/Watchexchange),ring_shift_R,R,2,2,GEN_CAND_WEX_BLRO_02,0.00180,0.00232,0.00052,0.00180,0.00284
gen_candidate,ext_gen_blro_wex_listing_A,126710BLRO,marketplace gen_candidate (r/Watchexchange),ring_rotation,deg,2,2,GEN_CAND_WEX_BLRO_02,0.02397,0.01328,0.01069,0.00259,0.02397
gen_candidate,ext_gen_blro_wex_listing_A,126710BLRO,marketplace gen_candidate (r/Watchexchange),ring_scale,%,2,2,GEN_CAND_WEX_BLRO_02,0.17596,0.21475,0.03879,0.17596,0.25354
gen_candidate,ext_gen_blro_wex_listing_A,126710BLRO,marketplace gen_candidate (r/Watchexchange),m6_rotation,deg,2,2,GEN_CAND_WEX_BLRO_02,-0.10616,-0.27474,0.16857,-0.44331,-0.10616
gen_candidate,ext_gen_blro_wex_listing_A,126710BLRO,marketplace gen_candidate (r/Watchexchange),m6_local,px,2,2,GEN_CAND_WEX_BLRO_02,0.43768,0.37125,0.06643,0.30481,0.43768
gen_candidate,ext_gen_blro_wex_listing_A,126710BLRO,marketplace gen_candidate (r/Watchexchange),m6_local_R,R,2,2,GEN_CAND_WEX_BLRO_02,0.00282,0.00250,0.00032,0.00218,0.00282
gen_candidate,ext_gen_blro_wex_listing_A,126710BLRO,marketplace gen_candidate (r/Watchexchange),m6_raw,px,2,2,GEN_CAND_WEX_BLRO_02,0.44470,0.52914,0.08444,0.44470,0.61359
gen_candidate,ext_gen_blro_wex_listing_A,126710BLRO,marketplace gen_candidate (r/Watchexchange),m6_raw_R,R,2,2,GEN_CAND_WEX_BLRO_02,0.00286,0.00362,0.00076,0.00286,0.00438
gen_candidate,ext_gen_blro_wex_listing_A,126710BLRO,marketplace gen_candidate (r/Watchexchange),m6_local_tangential_R,R,2,2,GEN_CAND_WEX_BLRO_02,0.00160,0.00093,0.00067,0.00026,0.00160
gen_candidate,ext_gen_blro_wex_listing_A,126710BLRO,marketplace gen_candidate (r/Watchexchange),m6_local_radial_R,R,2,2,GEN_CAND_WEX_BLRO_02,0.00231,0.00223,0.00008,0.00215,0.00231
gen_candidate,ext_gen_blro_wex_listing_A,126710BLRO,marketplace gen_candidate (r/Watchexchange),m9_rotation,deg,2,2,GEN_CAND_WEX_BLRO_02,0.03221,-0.18709,0.21930,-0.40639,0.03221
gen_candidate,ext_gen_blro_wex_listing_A,126710BLRO,marketplace gen_candidate (r/Watchexchange),m9_local,px,2,2,GEN_CAND_WEX_BLRO_02,0.39220,0.36369,0.02851,0.33519,0.39220
gen_candidate,ext_gen_blro_wex_listing_A,126710BLRO,marketplace gen_candidate (r/Watchexchange),m9_local_R,R,2,2,GEN_CAND_WEX_BLRO_02,0.00252,0.00246,0.00007,0.00239,0.00252
gen_candidate,ext_gen_blro_wex_listing_A,126710BLRO,marketplace gen_candidate (r/Watchexchange),m9_raw,px,2,2,GEN_CAND_WEX_BLRO_02,0.37226,0.28283,0.08943,0.19340,0.37226
gen_candidate,ext_gen_blro_wex_listing_A,126710BLRO,marketplace gen_candidate (r/Watchexchange),m9_raw_R,R,2,2,GEN_CAND_WEX_BLRO_02,0.00240,0.00189,0.00051,0.00138,0.00240
gen_candidate,ext_gen_blro_wex_listing_A,126710BLRO,marketplace gen_candidate (r/Watchexchange),m9_local_tangential_R,R,2,2,GEN_CAND_WEX_BLRO_02,-0.00025,-0.00075,0.00050,-0.00125,-0.00025
gen_candidate,ext_gen_blro_wex_listing_A,126710BLRO,marketplace gen_candidate (r/Watchexchange),m9_local_radial_R,R,2,2,GEN_CAND_WEX_BLRO_02,0.00250,0.00226,0.00024,0.00202,0.00250
gen_candidate,ext_gen_blro_wex_listing_A,126710BLRO,marketplace gen_candidate (r/Watchexchange),m12_centreline_rotation,deg,2,0,GEN_CAND_WEX_BLRO_02,,,,,
gen_candidate,ext_gen_blro_wex_listing_A,126710BLRO,marketplace gen_candidate (r/Watchexchange),m12_raw,px,2,0,GEN_CAND_WEX_BLRO_02,,,,,
gen_candidate,ext_gen_blro_wex_listing_A,126710BLRO,marketplace gen_candidate (r/Watchexchange),m12_raw_R,R,2,0,GEN_CAND_WEX_BLRO_02,,,,,
gen_candidate,ext_gen_blro_wex_listing_A,126710BLRO,marketplace gen_candidate (r/Watchexchange),m12_local_R,R,2,0,GEN_CAND_WEX_BLRO_02,,,,,
gen_candidate,ext_gen_blro_wex_listing_A,126710BLRO,marketplace gen_candidate (r/Watchexchange),m12_right_R,R,2,0,GEN_CAND_WEX_BLRO_02,,,,,
gen_candidate,ext_gen_blro_wex_listing_A,126710BLRO,marketplace gen_candidate (r/Watchexchange),m12_down_R,R,2,0,GEN_CAND_WEX_BLRO_02,,,,,
gen_candidate,ext_gen_blro_wex_listing_A,126710BLRO,marketplace gen_candidate (r/Watchexchange),m12_left_side_err,deg,2,0,GEN_CAND_WEX_BLRO_02,,,,,
gen_candidate,ext_gen_blro_wex_listing_A,126710BLRO,marketplace gen_candidate (r/Watchexchange),m12_right_side_err,deg,2,0,GEN_CAND_WEX_BLRO_02,,,,,
gen_candidate,ext_gen_blro_wex_listing_A,126710BLRO,marketplace gen_candidate (r/Watchexchange),m12_base_tilt,deg,2,0,GEN_CAND_WEX_BLRO_02,,,,,
gen_candidate,ext_gen_blro_wex_listing_A,126710BLRO,marketplace gen_candidate (r/Watchexchange),rounds_max_local,px,2,2,GEN_CAND_WEX_BLRO_02,0.29463,0.28009,0.01454,0.26555,0.29463
gen_candidate,ext_gen_blro_wex_listing_A,126710BLRO,marketplace gen_candidate (r/Watchexchange),rounds_max_local_R,R,2,2,GEN_CAND_WEX_BLRO_02,0.00190,0.00190,0.00000,0.00190,0.00190
gen_candidate,ext_gen_blro_wex_listing_A,126710BLRO,marketplace gen_candidate (r/Watchexchange),rounds_usable,count,2,2,GEN_CAND_WEX_BLRO_02,7.00000,7.00000,0.00000,7.00000,7.00000
gen_candidate,gen_wex_1TDYtpN,126710BLNR,marketplace gen_candidate (r/Watchexchange),ring_shift,px,1,1,GEN_CAND_HO_01,0.70770,0.70770,0.00000,0.70770,0.70770
gen_candidate,gen_wex_1TDYtpN,126710BLNR,marketplace gen_candidate (r/Watchexchange),ring_shift_R,R,1,1,GEN_CAND_HO_01,0.00348,0.00348,0.00000,0.00348,0.00348
gen_candidate,gen_wex_1TDYtpN,126710BLNR,marketplace gen_candidate (r/Watchexchange),ring_rotation,deg,1,1,GEN_CAND_HO_01,-0.02603,-0.02603,0.00000,-0.02603,-0.02603
gen_candidate,gen_wex_1TDYtpN,126710BLNR,marketplace gen_candidate (r/Watchexchange),ring_scale,%,1,1,GEN_CAND_HO_01,0.17278,0.17278,0.00000,0.17278,0.17278
gen_candidate,gen_wex_1TDYtpN,126710BLNR,marketplace gen_candidate (r/Watchexchange),m6_rotation,deg,1,1,GEN_CAND_HO_01,0.47475,0.47475,0.00000,0.47475,0.47475
gen_candidate,gen_wex_1TDYtpN,126710BLNR,marketplace gen_candidate (r/Watchexchange),m6_local,px,1,1,GEN_CAND_HO_01,0.35075,0.35075,0.00000,0.35075,0.35075
gen_candidate,gen_wex_1TDYtpN,126710BLNR,marketplace gen_candidate (r/Watchexchange),m6_local_R,R,1,1,GEN_CAND_HO_01,0.00173,0.00173,0.00000,0.00173,0.00173
gen_candidate,gen_wex_1TDYtpN,126710BLNR,marketplace gen_candidate (r/Watchexchange),m6_raw,px,1,1,GEN_CAND_HO_01,0.36608,0.36608,0.00000,0.36608,0.36608
gen_candidate,gen_wex_1TDYtpN,126710BLNR,marketplace gen_candidate (r/Watchexchange),m6_raw_R,R,1,1,GEN_CAND_HO_01,0.00180,0.00180,0.00000,0.00180,0.00180
gen_candidate,gen_wex_1TDYtpN,126710BLNR,marketplace gen_candidate (r/Watchexchange),m6_local_tangential_R,R,1,1,GEN_CAND_HO_01,0.00062,0.00062,0.00000,0.00062,0.00062
gen_candidate,gen_wex_1TDYtpN,126710BLNR,marketplace gen_candidate (r/Watchexchange),m6_local_radial_R,R,1,1,GEN_CAND_HO_01,0.00159,0.00159,0.00000,0.00159,0.00159
gen_candidate,gen_wex_1TDYtpN,126710BLNR,marketplace gen_candidate (r/Watchexchange),m9_rotation,deg,1,1,GEN_CAND_HO_01,0.19701,0.19701,0.00000,0.19701,0.19701
gen_candidate,gen_wex_1TDYtpN,126710BLNR,marketplace gen_candidate (r/Watchexchange),m9_local,px,1,1,GEN_CAND_HO_01,0.58931,0.58931,0.00000,0.58931,0.58931
gen_candidate,gen_wex_1TDYtpN,126710BLNR,marketplace gen_candidate (r/Watchexchange),m9_local_R,R,1,1,GEN_CAND_HO_01,0.00290,0.00290,0.00000,0.00290,0.00290
gen_candidate,gen_wex_1TDYtpN,126710BLNR,marketplace gen_candidate (r/Watchexchange),m9_raw,px,1,1,GEN_CAND_HO_01,0.31885,0.31885,0.00000,0.31885,0.31885
gen_candidate,gen_wex_1TDYtpN,126710BLNR,marketplace gen_candidate (r/Watchexchange),m9_raw_R,R,1,1,GEN_CAND_HO_01,0.00157,0.00157,0.00000,0.00157,0.00157
gen_candidate,gen_wex_1TDYtpN,126710BLNR,marketplace gen_candidate (r/Watchexchange),m9_local_tangential_R,R,1,1,GEN_CAND_HO_01,-0.00190,-0.00190,0.00000,-0.00190,-0.00190
gen_candidate,gen_wex_1TDYtpN,126710BLNR,marketplace gen_candidate (r/Watchexchange),m9_local_radial_R,R,1,1,GEN_CAND_HO_01,0.00217,0.00217,0.00000,0.00217,0.00217
gen_candidate,gen_wex_1TDYtpN,126710BLNR,marketplace gen_candidate (r/Watchexchange),m12_centreline_rotation,deg,1,1,GEN_CAND_HO_01,-0.43235,-0.43235,0.00000,-0.43235,-0.43235
gen_candidate,gen_wex_1TDYtpN,126710BLNR,marketplace gen_candidate (r/Watchexchange),m12_raw,px,1,1,GEN_CAND_HO_01,0.05753,0.05753,0.00000,0.05753,0.05753
gen_candidate,gen_wex_1TDYtpN,126710BLNR,marketplace gen_candidate (r/Watchexchange),m12_raw_R,R,1,1,GEN_CAND_HO_01,0.00028,0.00028,0.00000,0.00028,0.00028
gen_candidate,gen_wex_1TDYtpN,126710BLNR,marketplace gen_candidate (r/Watchexchange),m12_local_R,R,1,1,GEN_CAND_HO_01,0.00431,0.00431,0.00000,0.00431,0.00431
gen_candidate,gen_wex_1TDYtpN,126710BLNR,marketplace gen_candidate (r/Watchexchange),m12_right_R,R,1,1,GEN_CAND_HO_01,-0.00020,-0.00020,0.00000,-0.00020,-0.00020
gen_candidate,gen_wex_1TDYtpN,126710BLNR,marketplace gen_candidate (r/Watchexchange),m12_down_R,R,1,1,GEN_CAND_HO_01,-0.00020,-0.00020,0.00000,-0.00020,-0.00020
gen_candidate,gen_wex_1TDYtpN,126710BLNR,marketplace gen_candidate (r/Watchexchange),m12_left_side_err,deg,1,1,GEN_CAND_HO_01,-0.13885,-0.13885,0.00000,-0.13885,-0.13885
gen_candidate,gen_wex_1TDYtpN,126710BLNR,marketplace gen_candidate (r/Watchexchange),m12_right_side_err,deg,1,1,GEN_CAND_HO_01,-0.30256,-0.30256,0.00000,-0.30256,-0.30256
gen_candidate,gen_wex_1TDYtpN,126710BLNR,marketplace gen_candidate (r/Watchexchange),m12_base_tilt,deg,1,1,GEN_CAND_HO_01,1.11828,1.11828,0.00000,1.11828,1.11828
gen_candidate,gen_wex_1TDYtpN,126710BLNR,marketplace gen_candidate (r/Watchexchange),rounds_max_local,px,1,1,GEN_CAND_HO_01,0.49759,0.49759,0.00000,0.49759,0.49759
gen_candidate,gen_wex_1TDYtpN,126710BLNR,marketplace gen_candidate (r/Watchexchange),rounds_max_local_R,R,1,1,GEN_CAND_HO_01,0.00245,0.00245,0.00000,0.00245,0.00245
gen_candidate,gen_wex_1TDYtpN,126710BLNR,marketplace gen_candidate (r/Watchexchange),rounds_usable,count,1,1,GEN_CAND_HO_01,6.00000,6.00000,0.00000,6.00000,6.00000
gen_candidate,gen_wex_vmbUDwy,126710BLNR,marketplace gen_candidate (r/Watchexchange),ring_shift,px,1,1,GEN_CAND_HO_02,0.40974,0.40974,0.00000,0.40974,0.40974
gen_candidate,gen_wex_vmbUDwy,126710BLNR,marketplace gen_candidate (r/Watchexchange),ring_shift_R,R,1,1,GEN_CAND_HO_02,0.00286,0.00286,0.00000,0.00286,0.00286
gen_candidate,gen_wex_vmbUDwy,126710BLNR,marketplace gen_candidate (r/Watchexchange),ring_rotation,deg,1,1,GEN_CAND_HO_02,0.03047,0.03047,0.00000,0.03047,0.03047
gen_candidate,gen_wex_vmbUDwy,126710BLNR,marketplace gen_candidate (r/Watchexchange),ring_scale,%,1,1,GEN_CAND_HO_02,-0.01672,-0.01672,0.00000,-0.01672,-0.01672
gen_candidate,gen_wex_vmbUDwy,126710BLNR,marketplace gen_candidate (r/Watchexchange),m6_rotation,deg,1,1,GEN_CAND_HO_02,-0.44856,-0.44856,0.00000,-0.44856,-0.44856
gen_candidate,gen_wex_vmbUDwy,126710BLNR,marketplace gen_candidate (r/Watchexchange),m6_local,px,1,1,GEN_CAND_HO_02,0.34973,0.34973,0.00000,0.34973,0.34973
gen_candidate,gen_wex_vmbUDwy,126710BLNR,marketplace gen_candidate (r/Watchexchange),m6_local_R,R,1,1,GEN_CAND_HO_02,0.00244,0.00244,0.00000,0.00244,0.00244
gen_candidate,gen_wex_vmbUDwy,126710BLNR,marketplace gen_candidate (r/Watchexchange),m6_raw,px,1,1,GEN_CAND_HO_02,0.28391,0.28391,0.00000,0.28391,0.28391
gen_candidate,gen_wex_vmbUDwy,126710BLNR,marketplace gen_candidate (r/Watchexchange),m6_raw_R,R,1,1,GEN_CAND_HO_02,0.00198,0.00198,0.00000,0.00198,0.00198
gen_candidate,gen_wex_vmbUDwy,126710BLNR,marketplace gen_candidate (r/Watchexchange),m6_local_tangential_R,R,1,1,GEN_CAND_HO_02,-0.00069,-0.00069,0.00000,-0.00069,-0.00069
gen_candidate,gen_wex_vmbUDwy,126710BLNR,marketplace gen_candidate (r/Watchexchange),m6_local_radial_R,R,1,1,GEN_CAND_HO_02,0.00236,0.00236,0.00000,0.00236,0.00236
gen_candidate,gen_wex_vmbUDwy,126710BLNR,marketplace gen_candidate (r/Watchexchange),m9_rotation,deg,1,1,GEN_CAND_HO_02,0.15369,0.15369,0.00000,0.15369,0.15369
gen_candidate,gen_wex_vmbUDwy,126710BLNR,marketplace gen_candidate (r/Watchexchange),m9_local,px,1,1,GEN_CAND_HO_02,0.28143,0.28143,0.00000,0.28143,0.28143
gen_candidate,gen_wex_vmbUDwy,126710BLNR,marketplace gen_candidate (r/Watchexchange),m9_local_R,R,1,1,GEN_CAND_HO_02,0.00196,0.00196,0.00000,0.00196,0.00196
gen_candidate,gen_wex_vmbUDwy,126710BLNR,marketplace gen_candidate (r/Watchexchange),m9_raw,px,1,1,GEN_CAND_HO_02,0.29482,0.29482,0.00000,0.29482,0.29482
gen_candidate,gen_wex_vmbUDwy,126710BLNR,marketplace gen_candidate (r/Watchexchange),m9_raw_R,R,1,1,GEN_CAND_HO_02,0.00206,0.00206,0.00000,0.00206,0.00206
gen_candidate,gen_wex_vmbUDwy,126710BLNR,marketplace gen_candidate (r/Watchexchange),m9_local_tangential_R,R,1,1,GEN_CAND_HO_02,-0.00065,-0.00065,0.00000,-0.00065,-0.00065
gen_candidate,gen_wex_vmbUDwy,126710BLNR,marketplace gen_candidate (r/Watchexchange),m9_local_radial_R,R,1,1,GEN_CAND_HO_02,0.00185,0.00185,0.00000,0.00185,0.00185
gen_candidate,gen_wex_vmbUDwy,126710BLNR,marketplace gen_candidate (r/Watchexchange),m12_centreline_rotation,deg,1,1,GEN_CAND_HO_02,0.60256,0.60256,0.00000,0.60256,0.60256
gen_candidate,gen_wex_vmbUDwy,126710BLNR,marketplace gen_candidate (r/Watchexchange),m12_raw,px,1,1,GEN_CAND_HO_02,0.41791,0.41791,0.00000,0.41791,0.41791
gen_candidate,gen_wex_vmbUDwy,126710BLNR,marketplace gen_candidate (r/Watchexchange),m12_raw_R,R,1,1,GEN_CAND_HO_02,0.00291,0.00291,0.00000,0.00291,0.00291
gen_candidate,gen_wex_vmbUDwy,126710BLNR,marketplace gen_candidate (r/Watchexchange),m12_local_R,R,1,1,GEN_CAND_HO_02,0.00523,0.00523,0.00000,0.00523,0.00523
gen_candidate,gen_wex_vmbUDwy,126710BLNR,marketplace gen_candidate (r/Watchexchange),m12_right_R,R,1,1,GEN_CAND_HO_02,0.00063,0.00063,0.00000,0.00063,0.00063
gen_candidate,gen_wex_vmbUDwy,126710BLNR,marketplace gen_candidate (r/Watchexchange),m12_down_R,R,1,1,GEN_CAND_HO_02,0.00289,0.00289,0.00000,0.00289,0.00289
gen_candidate,gen_wex_vmbUDwy,126710BLNR,marketplace gen_candidate (r/Watchexchange),m12_left_side_err,deg,1,1,GEN_CAND_HO_02,0.47774,0.47774,0.00000,0.47774,0.47774
gen_candidate,gen_wex_vmbUDwy,126710BLNR,marketplace gen_candidate (r/Watchexchange),m12_right_side_err,deg,1,1,GEN_CAND_HO_02,0.64312,0.64312,0.00000,0.64312,0.64312
gen_candidate,gen_wex_vmbUDwy,126710BLNR,marketplace gen_candidate (r/Watchexchange),m12_base_tilt,deg,1,1,GEN_CAND_HO_02,0.29825,0.29825,0.00000,0.29825,0.29825
gen_candidate,gen_wex_vmbUDwy,126710BLNR,marketplace gen_candidate (r/Watchexchange),rounds_max_local,px,1,1,GEN_CAND_HO_02,0.27322,0.27322,0.00000,0.27322,0.27322
gen_candidate,gen_wex_vmbUDwy,126710BLNR,marketplace gen_candidate (r/Watchexchange),rounds_max_local_R,R,1,1,GEN_CAND_HO_02,0.00191,0.00191,0.00000,0.00191,0.00191
gen_candidate,gen_wex_vmbUDwy,126710BLNR,marketplace gen_candidate (r/Watchexchange),rounds_usable,count,1,1,GEN_CAND_HO_02,8.00000,8.00000,0.00000,8.00000,8.00000
genuine_population,bobs_175818,126710BLNR,established_dealer,ring_shift,px,1,1,49ba843c0a7e19d7,0.18753,0.18753,0.00000,0.18753,0.18753
genuine_population,bobs_175818,126710BLNR,established_dealer,ring_shift_R,R,1,1,49ba843c0a7e19d7,0.00043,0.00043,0.00000,0.00043,0.00043
genuine_population,bobs_175818,126710BLNR,established_dealer,ring_rotation,deg,1,1,49ba843c0a7e19d7,-0.01686,-0.01686,0.00000,-0.01686,-0.01686
genuine_population,bobs_175818,126710BLNR,established_dealer,ring_scale,%,1,1,49ba843c0a7e19d7,0.05072,0.05072,0.00000,0.05072,0.05072
genuine_population,bobs_175818,126710BLNR,established_dealer,m6_rotation,deg,1,1,49ba843c0a7e19d7,0.45871,0.45871,0.00000,0.45871,0.45871
genuine_population,bobs_175818,126710BLNR,established_dealer,m6_local,px,1,1,49ba843c0a7e19d7,0.88290,0.88290,0.00000,0.88290,0.88290
genuine_population,bobs_175818,126710BLNR,established_dealer,m6_local_R,R,1,1,49ba843c0a7e19d7,0.00203,0.00203,0.00000,0.00203,0.00203
genuine_population,bobs_175818,126710BLNR,established_dealer,m6_raw,px,1,1,49ba843c0a7e19d7,1.01315,1.01315,0.00000,1.01315,1.01315
genuine_population,bobs_175818,126710BLNR,established_dealer,m6_raw_R,R,1,1,49ba843c0a7e19d7,0.00234,0.00234,0.00000,0.00234,0.00234
genuine_population,bobs_175818,126710BLNR,established_dealer,m6_local_tangential_R,R,1,1,49ba843c0a7e19d7,0.00004,0.00004,0.00000,0.00004,0.00004
genuine_population,bobs_175818,126710BLNR,established_dealer,m6_local_radial_R,R,1,1,49ba843c0a7e19d7,0.00203,0.00203,0.00000,0.00203,0.00203
genuine_population,bobs_175818,126710BLNR,established_dealer,m9_rotation,deg,1,1,49ba843c0a7e19d7,0.22677,0.22677,0.00000,0.22677,0.22677
genuine_population,bobs_175818,126710BLNR,established_dealer,m9_local,px,1,1,49ba843c0a7e19d7,1.29564,1.29564,0.00000,1.29564,1.29564
genuine_population,bobs_175818,126710BLNR,established_dealer,m9_local_R,R,1,1,49ba843c0a7e19d7,0.00299,0.00299,0.00000,0.00299,0.00299
genuine_population,bobs_175818,126710BLNR,established_dealer,m9_raw,px,1,1,49ba843c0a7e19d7,1.29149,1.29149,0.00000,1.29149,1.29149
genuine_population,bobs_175818,126710BLNR,established_dealer,m9_raw_R,R,1,1,49ba843c0a7e19d7,0.00298,0.00298,0.00000,0.00298,0.00298
genuine_population,bobs_175818,126710BLNR,established_dealer,m9_local_tangential_R,R,1,1,49ba843c0a7e19d7,-0.00040,-0.00040,0.00000,-0.00040,-0.00040
genuine_population,bobs_175818,126710BLNR,established_dealer,m9_local_radial_R,R,1,1,49ba843c0a7e19d7,0.00295,0.00295,0.00000,0.00295,0.00295
genuine_population,bobs_175818,126710BLNR,established_dealer,m12_centreline_rotation,deg,1,1,49ba843c0a7e19d7,0.18744,0.18744,0.00000,0.18744,0.18744
genuine_population,bobs_175818,126710BLNR,established_dealer,m12_raw,px,1,1,49ba843c0a7e19d7,1.11462,1.11462,0.00000,1.11462,1.11462
genuine_population,bobs_175818,126710BLNR,established_dealer,m12_raw_R,R,1,1,49ba843c0a7e19d7,0.00257,0.00257,0.00000,0.00257,0.00257
genuine_population,bobs_175818,126710BLNR,established_dealer,m12_local_R,R,1,1,49ba843c0a7e19d7,0.00315,0.00315,0.00000,0.00315,0.00315
genuine_population,bobs_175818,126710BLNR,established_dealer,m12_right_R,R,1,1,49ba843c0a7e19d7,-0.00104,-0.00104,0.00000,-0.00104,-0.00104
genuine_population,bobs_175818,126710BLNR,established_dealer,m12_down_R,R,1,1,49ba843c0a7e19d7,0.00236,0.00236,0.00000,0.00236,0.00236
genuine_population,bobs_175818,126710BLNR,established_dealer,m12_left_side_err,deg,1,1,49ba843c0a7e19d7,0.08949,0.08949,0.00000,0.08949,0.08949
genuine_population,bobs_175818,126710BLNR,established_dealer,m12_right_side_err,deg,1,1,49ba843c0a7e19d7,0.30180,0.30180,0.00000,0.30180,0.30180
genuine_population,bobs_175818,126710BLNR,established_dealer,m12_base_tilt,deg,1,1,49ba843c0a7e19d7,0.24663,0.24663,0.00000,0.24663,0.24663
genuine_population,bobs_175818,126710BLNR,established_dealer,rounds_max_local,px,1,1,49ba843c0a7e19d7,0.81056,0.81056,0.00000,0.81056,0.81056
genuine_population,bobs_175818,126710BLNR,established_dealer,rounds_max_local_R,R,1,1,49ba843c0a7e19d7,0.00187,0.00187,0.00000,0.00187,0.00187
genuine_population,bobs_175818,126710BLNR,established_dealer,rounds_usable,count,1,1,49ba843c0a7e19d7,8.00000,8.00000,0.00000,8.00000,8.00000
genuine_population,gen_126710BLRO_phillips_146213,126710BLRO,auction_house,ring_shift,px,7,7,cca876b2faab08dd,1.28995,0.81190,0.33475,0.38748,1.28995
genuine_population,gen_126710BLRO_phillips_146213,126710BLRO,auction_house,ring_shift_R,R,7,7,cca876b2faab08dd,0.00327,0.00315,0.00020,0.00243,0.00356
genuine_population,gen_126710BLRO_phillips_146213,126710BLRO,auction_house,ring_rotation,deg,7,7,cca876b2faab08dd,0.10530,0.10030,0.01038,0.05284,0.11068
genuine_population,gen_126710BLRO_phillips_146213,126710BLRO,auction_house,ring_scale,%,7,7,cca876b2faab08dd,-0.09238,-0.08717,0.00521,-0.12208,-0.06846
genuine_population,gen_126710BLRO_phillips_146213,126710BLRO,auction_house,m6_rotation,deg,7,7,cca876b2faab08dd,0.16954,0.16954,0.06584,-0.35892,0.31651
genuine_population,gen_126710BLRO_phillips_146213,126710BLRO,auction_house,m6_local,px,7,7,cca876b2faab08dd,1.00233,0.99544,0.18422,0.64887,1.53018
genuine_population,gen_126710BLRO_phillips_146213,126710BLRO,auction_house,m6_local_R,R,7,7,cca876b2faab08dd,0.00254,0.00284,0.00072,0.00213,0.00628
genuine_population,gen_126710BLRO_phillips_146213,126710BLRO,auction_house,m6_raw,px,7,7,cca876b2faab08dd,1.98347,1.38597,0.56907,0.60327,1.98347
genuine_population,gen_126710BLRO_phillips_146213,126710BLRO,auction_house,m6_raw_R,R,7,7,cca876b2faab08dd,0.00503,0.00488,0.00111,0.00338,0.00607
genuine_population,gen_126710BLRO_phillips_146213,126710BLRO,auction_house,m6_local_tangential_R,R,7,7,cca876b2faab08dd,-0.00025,-0.00025,0.00052,-0.00588,0.00027
genuine_population,gen_126710BLRO_phillips_146213,126710BLRO,auction_house,m6_local_radial_R,R,7,7,cca876b2faab08dd,0.00252,0.00236,0.00016,0.00211,0.00283
genuine_population,gen_126710BLRO_phillips_146213,126710BLRO,auction_house,m9_rotation,deg,7,7,cca876b2faab08dd,-0.25371,-0.25497,0.11504,-0.58209,-0.09677
genuine_population,gen_126710BLRO_phillips_146213,126710BLRO,auction_house,m9_local,px,7,7,cca876b2faab08dd,1.10047,0.76728,0.24470,0.41271,1.10082
genuine_population,gen_126710BLRO_phillips_146213,126710BLRO,auction_house,m9_local_R,R,7,7,cca876b2faab08dd,0.00279,0.00296,0.00017,0.00258,0.00357
genuine_population,gen_126710BLRO_phillips_146213,126710BLRO,auction_house,m9_raw,px,7,7,cca876b2faab08dd,2.08363,1.30108,0.61452,0.57352,2.08363
genuine_population,gen_126710BLRO_phillips_146213,126710BLRO,auction_house,m9_raw_R,R,7,7,cca876b2faab08dd,0.00529,0.00534,0.00006,0.00359,0.00565
genuine_population,gen_126710BLRO_phillips_146213,126710BLRO,auction_house,m9_local_tangential_R,R,7,7,cca876b2faab08dd,0.00131,0.00131,0.00005,0.00110,0.00142
genuine_population,gen_126710BLRO_phillips_146213,126710BLRO,auction_house,m9_local_radial_R,R,7,7,cca876b2faab08dd,0.00249,0.00271,0.00015,0.00222,0.00330
genuine_population,gen_126710BLRO_phillips_146213,126710BLRO,auction_house,m12_centreline_rotation,deg,7,7,cca876b2faab08dd,0.05437,0.07011,0.14566,-0.07555,0.46189
genuine_population,gen_126710BLRO_phillips_146213,126710BLRO,auction_house,m12_raw,px,7,7,cca876b2faab08dd,3.23277,1.89151,0.84345,1.04806,3.23277
genuine_population,gen_126710BLRO_phillips_146213,126710BLRO,auction_house,m12_raw_R,R,7,7,cca876b2faab08dd,0.00820,0.00776,0.00044,0.00576,0.00820
genuine_population,gen_126710BLRO_phillips_146213,126710BLRO,auction_house,m12_local_R,R,7,7,cca876b2faab08dd,0.00637,0.00637,0.00052,0.00586,0.00795
genuine_population,gen_126710BLRO_phillips_146213,126710BLRO,auction_house,m12_right_R,R,7,7,cca876b2faab08dd,-0.00223,-0.00223,0.00046,-0.00269,0.00647
genuine_population,gen_126710BLRO_phillips_146213,126710BLRO,auction_house,m12_down_R,R,7,7,cca876b2faab08dd,0.00785,0.00729,0.00056,0.00119,0.00785
genuine_population,gen_126710BLRO_phillips_146213,126710BLRO,auction_house,m12_left_side_err,deg,7,7,cca876b2faab08dd,-0.28512,-0.17433,0.16295,-0.33728,0.43744
genuine_population,gen_126710BLRO_phillips_146213,126710BLRO,auction_house,m12_right_side_err,deg,7,7,cca876b2faab08dd,0.28424,0.26655,0.01769,0.21458,0.28424
genuine_population,gen_126710BLRO_phillips_146213,126710BLRO,auction_house,m12_base_tilt,deg,7,7,cca876b2faab08dd,-0.33463,-0.33463,0.21072,-0.81907,0.25106
genuine_population,gen_126710BLRO_phillips_146213,126710BLRO,auction_house,rounds_max_local,px,7,7,cca876b2faab08dd,0.53445,0.45093,0.04839,0.29509,0.53445
genuine_population,gen_126710BLRO_phillips_146213,126710BLRO,auction_house,rounds_max_local_R,R,7,7,cca876b2faab08dd,0.00136,0.00171,0.00027,0.00127,0.00215
genuine_population,gen_126710BLRO_phillips_146213,126710BLRO,auction_house,rounds_usable,count,7,7,cca876b2faab08dd,8.00000,8.00000,0.00000,8.00000,8.00000
genuine_population,gen_126710BLRO_phillips_147798,126710BLRO,auction_house,ring_shift,px,8,8,fc6bb491acf36c86,1.30772,0.77653,0.32486,0.31800,1.30772
genuine_population,gen_126710BLRO_phillips_147798,126710BLRO,auction_house,ring_shift_R,R,8,8,fc6bb491acf36c86,0.00328,0.00325,0.00004,0.00253,0.00330
genuine_population,gen_126710BLRO_phillips_147798,126710BLRO,auction_house,ring_rotation,deg,8,8,fc6bb491acf36c86,0.02535,0.02901,0.00525,0.02307,0.04015
genuine_population,gen_126710BLRO_phillips_147798,126710BLRO,auction_house,ring_scale,%,8,8,fc6bb491acf36c86,-0.00825,-0.01026,0.03197,-0.07099,0.02641
genuine_population,gen_126710BLRO_phillips_147798,126710BLRO,auction_house,m6_rotation,deg,8,8,fc6bb491acf36c86,-0.01392,-0.13471,0.08337,-0.22649,0.01740
genuine_population,gen_126710BLRO_phillips_147798,126710BLRO,auction_house,m6_local,px,8,8,fc6bb491acf36c86,0.44049,0.39993,0.04666,0.24381,0.45270
genuine_population,gen_126710BLRO_phillips_147798,126710BLRO,auction_house,m6_local_R,R,8,8,fc6bb491acf36c86,0.00110,0.00144,0.00033,0.00110,0.00227
genuine_population,gen_126710BLRO_phillips_147798,126710BLRO,auction_house,m6_raw,px,8,8,fc6bb491acf36c86,1.25069,0.68877,0.23591,0.43363,1.27196
genuine_population,gen_126710BLRO_phillips_147798,126710BLRO,auction_house,m6_raw_R,R,8,8,fc6bb491acf36c86,0.00313,0.00312,0.00050,0.00248,0.00383
genuine_population,gen_126710BLRO_phillips_147798,126710BLRO,auction_house,m6_local_tangential_R,R,8,8,fc6bb491acf36c86,-0.00062,-0.00074,0.00028,-0.00122,0.00015
genuine_population,gen_126710BLRO_phillips_147798,126710BLRO,auction_house,m6_local_radial_R,R,8,8,fc6bb491acf36c86,0.00090,0.00096,0.00024,0.00061,0.00221
genuine_population,gen_126710BLRO_phillips_147798,126710BLRO,auction_house,m9_rotation,deg,8,8,fc6bb491acf36c86,0.04676,0.15415,0.09423,-0.34029,0.55057
genuine_population,gen_126710BLRO_phillips_147798,126710BLRO,auction_house,m9_local,px,8,8,fc6bb491acf36c86,0.70463,0.29508,0.13010,0.10541,0.70463
genuine_population,gen_126710BLRO_phillips_147798,126710BLRO,auction_house,m9_local_R,R,8,8,fc6bb491acf36c86,0.00177,0.00135,0.00025,0.00066,0.00219
genuine_population,gen_126710BLRO_phillips_147798,126710BLRO,auction_house,m9_raw,px,8,8,fc6bb491acf36c86,1.97674,1.04443,0.66637,0.11061,1.97674
genuine_population,gen_126710BLRO_phillips_147798,126710BLRO,auction_house,m9_raw_R,R,8,8,fc6bb491acf36c86,0.00495,0.00438,0.00055,0.00088,0.00495
genuine_population,gen_126710BLRO_phillips_147798,126710BLRO,auction_house,m9_local_tangential_R,R,8,8,fc6bb491acf36c86,0.00037,0.00045,0.00015,0.00024,0.00093
genuine_population,gen_126710BLRO_phillips_147798,126710BLRO,auction_house,m9_local_radial_R,R,8,8,fc6bb491acf36c86,0.00175,0.00117,0.00039,-0.00205,0.00175
genuine_population,gen_126710BLRO_phillips_147798,126710BLRO,auction_house,m12_centreline_rotation,deg,8,8,fc6bb491acf36c86,0.40694,0.42822,0.05272,0.20326,0.60062
genuine_population,gen_126710BLRO_phillips_147798,126710BLRO,auction_house,m12_raw,px,8,8,fc6bb491acf36c86,2.04604,1.25122,0.29118,0.91619,2.04604
genuine_population,gen_126710BLRO_phillips_147798,126710BLRO,auction_house,m12_raw_R,R,8,8,fc6bb491acf36c86,0.00513,0.00508,0.00024,0.00483,0.00728
genuine_population,gen_126710BLRO_phillips_147798,126710BLRO,auction_house,m12_local_R,R,8,8,fc6bb491acf36c86,0.00411,0.00436,0.00029,0.00404,0.00614
genuine_population,gen_126710BLRO_phillips_147798,126710BLRO,auction_house,m12_right_R,R,8,8,fc6bb491acf36c86,-0.00284,-0.00246,0.00035,-0.00285,-0.00126
genuine_population,gen_126710BLRO_phillips_147798,126710BLRO,auction_house,m12_down_R,R,8,8,fc6bb491acf36c86,0.00427,0.00436,0.00035,0.00397,0.00702
genuine_population,gen_126710BLRO_phillips_147798,126710BLRO,auction_house,m12_left_side_err,deg,8,8,fc6bb491acf36c86,0.32132,0.36438,0.02804,0.32132,0.57076
genuine_population,gen_126710BLRO_phillips_147798,126710BLRO,auction_house,m12_right_side_err,deg,8,8,fc6bb491acf36c86,0.42984,0.41823,0.01351,0.09779,0.43967
genuine_population,gen_126710BLRO_phillips_147798,126710BLRO,auction_house,m12_base_tilt,deg,8,8,fc6bb491acf36c86,0.17988,0.09656,0.20105,-0.19746,0.41155
genuine_population,gen_126710BLRO_phillips_147798,126710BLRO,auction_house,rounds_max_local,px,8,8,fc6bb491acf36c86,0.60600,0.34194,0.09521,0.18320,0.60600
genuine_population,gen_126710BLRO_phillips_147798,126710BLRO,auction_house,rounds_max_local_R,R,8,8,fc6bb491acf36c86,0.00152,0.00146,0.00003,0.00142,0.00194
genuine_population,gen_126710BLRO_phillips_147798,126710BLRO,auction_house,rounds_usable,count,8,8,fc6bb491acf36c86,6.00000,6.00000,0.00000,6.00000,7.00000
genuine_population,gen_126710BLRO_phillips_210072,126710BLRO,auction_house,ring_shift,px,8,8,b5be92e3314dc366,2.17745,1.31248,0.37130,0.80770,2.17745
genuine_population,gen_126710BLRO_phillips_210072,126710BLRO,auction_house,ring_shift_R,R,8,8,b5be92e3314dc366,0.00572,0.00578,0.00055,0.00497,0.00820
genuine_population,gen_126710BLRO_phillips_210072,126710BLRO,auction_house,ring_rotation,deg,8,8,b5be92e3314dc366,0.08874,0.08349,0.02191,0.00723,0.17246
genuine_population,gen_126710BLRO_phillips_210072,126710BLRO,auction_house,ring_scale,%,8,8,b5be92e3314dc366,-0.01558,0.00780,0.02739,-0.06266,0.12063
genuine_population,gen_126710BLRO_phillips_210072,126710BLRO,auction_house,m6_rotation,deg,8,8,b5be92e3314dc366,-0.08269,0.06714,0.10822,-0.08269,0.28008
genuine_population,gen_126710BLRO_phillips_210072,126710BLRO,auction_house,m6_local,px,8,8,b5be92e3314dc366,0.52791,0.50366,0.08365,0.40456,0.85137
genuine_population,gen_126710BLRO_phillips_210072,126710BLRO,auction_house,m6_local_R,R,8,8,b5be92e3314dc366,0.00139,0.00201,0.00079,0.00106,0.00679
genuine_population,gen_126710BLRO_phillips_210072,126710BLRO,auction_house,m6_raw,px,8,8,b5be92e3314dc366,2.45388,1.46360,0.81184,0.23003,2.46350
genuine_population,gen_126710BLRO_phillips_210072,126710BLRO,auction_house,m6_raw_R,R,8,8,b5be92e3314dc366,0.00645,0.00636,0.00019,0.00225,0.00679
genuine_population,gen_126710BLRO_phillips_210072,126710BLRO,auction_house,m6_local_tangential_R,R,8,8,b5be92e3314dc366,-0.00054,-0.00049,0.00056,-0.00653,0.00025
genuine_population,gen_126710BLRO_phillips_210072,126710BLRO,auction_house,m6_local_radial_R,R,8,8,b5be92e3314dc366,0.00126,0.00185,0.00055,0.00104,0.00365
genuine_population,gen_126710BLRO_phillips_210072,126710BLRO,auction_house,m9_rotation,deg,8,8,b5be92e3314dc366,-0.46566,-0.46556,0.14193,-0.72557,-0.31954
genuine_population,gen_126710BLRO_phillips_210072,126710BLRO,auction_house,m9_local,px,8,8,b5be92e3314dc366,0.22533,0.31651,0.13399,0.10350,0.60891
genuine_population,gen_126710BLRO_phillips_210072,126710BLRO,auction_house,m9_local_R,R,8,8,b5be92e3314dc366,0.00059,0.00095,0.00043,0.00044,0.00517
genuine_population,gen_126710BLRO_phillips_210072,126710BLRO,auction_house,m9_raw,px,8,8,b5be92e3314dc366,2.27372,1.31337,0.38191,0.92846,2.29158
genuine_population,gen_126710BLRO_phillips_210072,126710BLRO,auction_house,m9_raw_R,R,8,8,b5be92e3314dc366,0.00598,0.00600,0.00058,0.00422,0.01101
genuine_population,gen_126710BLRO_phillips_210072,126710BLRO,auction_house,m9_local_tangential_R,R,8,8,b5be92e3314dc366,0.00056,0.00079,0.00030,-0.00025,0.00391
genuine_population,gen_126710BLRO_phillips_210072,126710BLRO,auction_house,m9_local_radial_R,R,8,8,b5be92e3314dc366,0.00018,-0.00042,0.00064,-0.00392,0.00026
genuine_population,gen_126710BLRO_phillips_210072,126710BLRO,auction_house,m12_centreline_rotation,deg,8,8,b5be92e3314dc366,-0.76608,-0.66780,0.10490,-0.77932,-0.21881
genuine_population,gen_126710BLRO_phillips_210072,126710BLRO,auction_house,m12_raw,px,8,8,b5be92e3314dc366,2.47395,1.70531,0.64395,0.41489,2.47395
genuine_population,gen_126710BLRO_phillips_210072,126710BLRO,auction_house,m12_raw_R,R,8,8,b5be92e3314dc366,0.00650,0.00649,0.00060,0.00319,0.00842
genuine_population,gen_126710BLRO_phillips_210072,126710BLRO,auction_house,m12_local_R,R,8,8,b5be92e3314dc366,0.00362,0.00462,0.00105,0.00188,0.00890
genuine_population,gen_126710BLRO_phillips_210072,126710BLRO,auction_house,m12_right_R,R,8,8,b5be92e3314dc366,-0.00543,-0.00520,0.00038,-0.00754,0.00003
genuine_population,gen_126710BLRO_phillips_210072,126710BLRO,auction_house,m12_down_R,R,8,8,b5be92e3314dc366,0.00353,0.00358,0.00063,-0.00389,0.00562
genuine_population,gen_126710BLRO_phillips_210072,126710BLRO,auction_house,m12_left_side_err,deg,8,8,b5be92e3314dc366,-0.80935,-0.67148,0.17345,-0.88050,-0.00485
genuine_population,gen_126710BLRO_phillips_210072,126710BLRO,auction_house,m12_right_side_err,deg,8,8,b5be92e3314dc366,-0.63798,-0.68506,0.05479,-1.05517,-0.59187
genuine_population,gen_126710BLRO_phillips_210072,126710BLRO,auction_house,m12_base_tilt,deg,8,8,b5be92e3314dc366,-0.45980,-0.92163,0.41950,-2.70750,-0.05311
genuine_population,gen_126710BLRO_phillips_210072,126710BLRO,auction_house,rounds_max_local,px,8,8,b5be92e3314dc366,0.57654,0.40307,0.12161,0.27391,0.78312
genuine_population,gen_126710BLRO_phillips_210072,126710BLRO,auction_house,rounds_max_local_R,R,8,8,b5be92e3314dc366,0.00152,0.00214,0.00120,0.00076,0.00437
genuine_population,gen_126710BLRO_phillips_210072,126710BLRO,auction_house,rounds_usable,count,8,8,b5be92e3314dc366,6.00000,6.00000,0.00000,5.00000,6.00000
genuine_population,gen_126710BLRO_phillips_CH080120_75,126710BLRO,auction_house,ring_shift,px,6,6,e8b21325b74bac74,2.31377,1.31228,0.36225,0.76336,2.31377
genuine_population,gen_126710BLRO_phillips_CH080120_75,126710BLRO,auction_house,ring_shift_R,R,6,6,e8b21325b74bac74,0.00610,0.00604,0.00012,0.00569,0.00640
genuine_population,gen_126710BLRO_phillips_CH080120_75,126710BLRO,auction_house,ring_rotation,deg,6,6,e8b21325b74bac74,0.03684,0.03823,0.00206,0.02697,0.04555
genuine_population,gen_126710BLRO_phillips_CH080120_75,126710BLRO,auction_house,ring_scale,%,6,6,e8b21325b74bac74,-0.16075,-0.19836,0.01173,-0.21104,-0.15888
genuine_population,gen_126710BLRO_phillips_CH080120_75,126710BLRO,auction_house,m6_rotation,deg,6,6,e8b21325b74bac74,-0.06353,-0.06463,0.14125,-0.23450,0.24879
genuine_population,gen_126710BLRO_phillips_CH080120_75,126710BLRO,auction_house,m6_local,px,6,6,e8b21325b74bac74,0.71871,0.52763,0.10920,0.34261,0.71871
genuine_population,gen_126710BLRO_phillips_CH080120_75,126710BLRO,auction_house,m6_local_R,R,6,6,e8b21325b74bac74,0.00189,0.00200,0.00016,0.00181,0.00417
genuine_population,gen_126710BLRO_phillips_CH080120_75,126710BLRO,auction_house,m6_raw,px,6,6,e8b21325b74bac74,2.61196,1.47443,0.47137,0.78837,2.61378
genuine_population,gen_126710BLRO_phillips_CH080120_75,126710BLRO,auction_house,m6_raw_R,R,6,6,e8b21325b74bac74,0.00689,0.00665,0.00023,0.00628,0.00689
genuine_population,gen_126710BLRO_phillips_CH080120_75,126710BLRO,auction_house,m6_local_tangential_R,R,6,6,e8b21325b74bac74,0.00046,0.00030,0.00014,-0.00004,0.00046
genuine_population,gen_126710BLRO_phillips_CH080120_75,126710BLRO,auction_house,m6_local_radial_R,R,6,6,e8b21325b74bac74,0.00179,0.00190,0.00013,0.00176,0.00405
genuine_population,gen_126710BLRO_phillips_CH080120_75,126710BLRO,auction_house,m9_rotation,deg,6,6,e8b21325b74bac74,-0.15204,-0.23041,0.08779,-0.40927,0.13689
genuine_population,gen_126710BLRO_phillips_CH080120_75,126710BLRO,auction_house,m9_local,px,6,6,e8b21325b74bac74,0.24647,0.37535,0.07384,0.24647,0.63230
genuine_population,gen_126710BLRO_phillips_CH080120_75,126710BLRO,auction_house,m9_local_R,R,6,6,e8b21325b74bac74,0.00065,0.00176,0.00110,0.00065,0.00333
genuine_population,gen_126710BLRO_phillips_CH080120_75,126710BLRO,auction_house,m9_raw,px,6,6,e8b21325b74bac74,2.16487,1.49066,0.32566,0.93953,2.16487
genuine_population,gen_126710BLRO_phillips_CH080120_75,126710BLRO,auction_house,m9_raw_R,R,6,6,e8b21325b74bac74,0.00571,0.00630,0.00060,0.00570,0.00797
genuine_population,gen_126710BLRO_phillips_CH080120_75,126710BLRO,auction_house,m9_local_tangential_R,R,6,6,e8b21325b74bac74,0.00051,0.00053,0.00003,0.00050,0.00087
genuine_population,gen_126710BLRO_phillips_CH080120_75,126710BLRO,auction_house,m9_local_radial_R,R,6,6,e8b21325b74bac74,0.00042,0.00172,0.00129,0.00037,0.00332
genuine_population,gen_126710BLRO_phillips_CH080120_75,126710BLRO,auction_house,m12_centreline_rotation,deg,6,6,e8b21325b74bac74,-0.33490,-0.30043,0.05620,-0.43383,-0.16510
genuine_population,gen_126710BLRO_phillips_CH080120_75,126710BLRO,auction_house,m12_raw,px,6,6,e8b21325b74bac74,2.95102,1.63839,0.48380,0.96371,2.95102
genuine_population,gen_126710BLRO_phillips_CH080120_75,126710BLRO,auction_house,m12_raw_R,R,6,6,e8b21325b74bac74,0.00778,0.00762,0.00031,0.00696,0.00808
genuine_population,gen_126710BLRO_phillips_CH080120_75,126710BLRO,auction_house,m12_local_R,R,6,6,e8b21325b74bac74,0.00449,0.00437,0.00016,0.00388,0.00497
genuine_population,gen_126710BLRO_phillips_CH080120_75,126710BLRO,auction_house,m12_right_R,R,6,6,e8b21325b74bac74,-0.00691,-0.00653,0.00038,-0.00691,-0.00588
genuine_population,gen_126710BLRO_phillips_CH080120_75,126710BLRO,auction_house,m12_down_R,R,6,6,e8b21325b74bac74,0.00347,0.00370,0.00023,0.00347,0.00420
genuine_population,gen_126710BLRO_phillips_CH080120_75,126710BLRO,auction_house,m12_left_side_err,deg,6,6,e8b21325b74bac74,-0.39036,-0.41058,0.04415,-0.55918,-0.35689
genuine_population,gen_126710BLRO_phillips_CH080120_75,126710BLRO,auction_house,m12_right_side_err,deg,6,6,e8b21325b74bac74,-0.20290,-0.19572,0.07913,-0.58745,0.00014
genuine_population,gen_126710BLRO_phillips_CH080120_75,126710BLRO,auction_house,m12_base_tilt,deg,6,6,e8b21325b74bac74,-0.05869,-0.45388,0.26299,-1.44981,-0.04425
genuine_population,gen_126710BLRO_phillips_CH080120_75,126710BLRO,auction_house,rounds_max_local,px,6,6,e8b21325b74bac74,0.42240,0.46775,0.07968,0.29103,0.63881
genuine_population,gen_126710BLRO_phillips_CH080120_75,126710BLRO,auction_house,rounds_max_local_R,R,6,6,e8b21325b74bac74,0.00111,0.00255,0.00015,0.00111,0.00272
genuine_population,gen_126710BLRO_phillips_CH080120_75,126710BLRO,auction_house,rounds_usable,count,6,6,e8b21325b74bac74,7.00000,7.00000,0.00000,7.00000,7.00000
genuine_population,gen_126710BLRO_phillips_NY080121_35,126710BLRO,auction_house,ring_shift,px,3,3,501e07afc5875f4a,1.23707,1.13279,0.10428,0.68081,1.23707
genuine_population,gen_126710BLRO_phillips_NY080121_35,126710BLRO,auction_house,ring_shift_R,R,3,3,501e07afc5875f4a,0.00534,0.00534,0.00011,0.00523,0.00571
genuine_population,gen_126710BLRO_phillips_NY080121_35,126710BLRO,auction_house,ring_rotation,deg,3,3,501e07afc5875f4a,0.05714,0.06010,0.00296,0.05714,0.07073
genuine_population,gen_126710BLRO_phillips_NY080121_35,126710BLRO,auction_house,ring_scale,%,3,3,501e07afc5875f4a,-0.17051,-0.15989,0.01062,-0.17051,-0.07172
genuine_population,gen_126710BLRO_phillips_NY080121_35,126710BLRO,auction_house,m6_rotation,deg,3,3,501e07afc5875f4a,1.02833,0.59234,0.17435,0.41799,1.02833
genuine_population,gen_126710BLRO_phillips_NY080121_35,126710BLRO,auction_house,m6_local,px,3,3,501e07afc5875f4a,0.34530,0.42969,0.08439,0.34530,0.59220
genuine_population,gen_126710BLRO_phillips_NY080121_35,126710BLRO,auction_house,m6_local_R,R,3,3,501e07afc5875f4a,0.00149,0.00274,0.00087,0.00149,0.00361
genuine_population,gen_126710BLRO_phillips_NY080121_35,126710BLRO,auction_house,m6_raw,px,3,3,501e07afc5875f4a,1.34930,1.34930,0.02941,1.01046,1.37871
genuine_population,gen_126710BLRO_phillips_NY080121_35,126710BLRO,auction_house,m6_raw_R,R,3,3,501e07afc5875f4a,0.00583,0.00637,0.00054,0.00583,0.00848
genuine_population,gen_126710BLRO_phillips_NY080121_35,126710BLRO,auction_house,m6_local_tangential_R,R,3,3,501e07afc5875f4a,-0.00025,0.00033,0.00058,-0.00025,0.00151
genuine_population,gen_126710BLRO_phillips_NY080121_35,126710BLRO,auction_house,m6_local_radial_R,R,3,3,501e07afc5875f4a,0.00142,0.00263,0.00057,0.00142,0.00320
genuine_population,gen_126710BLRO_phillips_NY080121_35,126710BLRO,auction_house,m9_rotation,deg,3,3,501e07afc5875f4a,-0.12832,0.13778,0.09577,-0.12832,0.23355
genuine_population,gen_126710BLRO_phillips_NY080121_35,126710BLRO,auction_house,m9_local,px,3,3,501e07afc5875f4a,0.46562,0.42118,0.04444,0.34393,0.46562
genuine_population,gen_126710BLRO_phillips_NY080121_35,126710BLRO,auction_house,m9_local_R,R,3,3,501e07afc5875f4a,0.00201,0.00201,0.00007,0.00194,0.00289
genuine_population,gen_126710BLRO_phillips_NY080121_35,126710BLRO,auction_house,m9_raw,px,3,3,501e07afc5875f4a,1.43601,1.32144,0.11457,0.96739,1.43601
genuine_population,gen_126710BLRO_phillips_NY080121_35,126710BLRO,auction_house,m9_raw_R,R,3,3,501e07afc5875f4a,0.00620,0.00620,0.00010,0.00610,0.00812
genuine_population,gen_126710BLRO_phillips_NY080121_35,126710BLRO,auction_house,m9_local_tangential_R,R,3,3,501e07afc5875f4a,0.00032,0.00051,0.00019,0.00032,0.00087
genuine_population,gen_126710BLRO_phillips_NY080121_35,126710BLRO,auction_house,m9_local_radial_R,R,3,3,501e07afc5875f4a,0.00203,0.00203,0.00027,0.00176,0.00290
genuine_population,gen_126710BLRO_phillips_NY080121_35,126710BLRO,auction_house,m12_centreline_rotation,deg,3,3,501e07afc5875f4a,-1.02672,-1.02672,0.06131,-1.15705,-0.96541
genuine_population,gen_126710BLRO_phillips_NY080121_35,126710BLRO,auction_house,m12_raw,px,3,3,501e07afc5875f4a,1.60372,1.50737,0.09635,0.87316,1.60372
genuine_population,gen_126710BLRO_phillips_NY080121_35,126710BLRO,auction_house,m12_raw_R,R,3,3,501e07afc5875f4a,0.00692,0.00696,0.00004,0.00692,0.00733
genuine_population,gen_126710BLRO_phillips_NY080121_35,126710BLRO,auction_house,m12_local_R,R,3,3,501e07afc5875f4a,0.00381,0.00374,0.00005,0.00369,0.00381
genuine_population,gen_126710BLRO_phillips_NY080121_35,126710BLRO,auction_house,m12_right_R,R,3,3,501e07afc5875f4a,-0.00526,-0.00548,0.00022,-0.00628,-0.00526
genuine_population,gen_126710BLRO_phillips_NY080121_35,126710BLRO,auction_house,m12_down_R,R,3,3,501e07afc5875f4a,0.00442,0.00422,0.00020,0.00374,0.00442
genuine_population,gen_126710BLRO_phillips_NY080121_35,126710BLRO,auction_house,m12_left_side_err,deg,3,3,501e07afc5875f4a,-1.23502,-1.20469,0.03033,-1.23502,-1.10178
genuine_population,gen_126710BLRO_phillips_NY080121_35,126710BLRO,auction_house,m12_right_side_err,deg,3,3,501e07afc5875f4a,-0.84257,-0.84257,0.10189,-0.97481,-0.74068
genuine_population,gen_126710BLRO_phillips_NY080121_35,126710BLRO,auction_house,m12_base_tilt,deg,3,3,501e07afc5875f4a,-1.11305,-1.01725,0.09580,-1.11305,-0.29785
genuine_population,gen_126710BLRO_phillips_NY080121_35,126710BLRO,auction_house,rounds_max_local,px,3,3,501e07afc5875f4a,0.58414,0.56623,0.01791,0.34609,0.58414
genuine_population,gen_126710BLRO_phillips_NY080121_35,126710BLRO,auction_house,rounds_max_local_R,R,3,3,501e07afc5875f4a,0.00252,0.00262,0.00009,0.00252,0.00290
genuine_population,gen_126710BLRO_phillips_NY080121_35,126710BLRO,auction_house,rounds_usable,count,3,3,501e07afc5875f4a,8.00000,8.00000,0.00000,8.00000,8.00000
genuine_population,hv_page_04d00923f7,126713GRNR,established_dealer,ring_shift,px,3,3,29db17a1abe2a166,1.79911,0.64934,0.15727,0.49207,1.79911
genuine_population,hv_page_04d00923f7,126713GRNR,established_dealer,ring_shift_R,R,3,3,29db17a1abe2a166,0.00229,0.00237,0.00007,0.00229,0.00291
genuine_population,hv_page_04d00923f7,126713GRNR,established_dealer,ring_rotation,deg,3,3,29db17a1abe2a166,0.05417,0.02262,0.01169,0.01093,0.05417
genuine_population,hv_page_04d00923f7,126713GRNR,established_dealer,ring_scale,%,3,3,29db17a1abe2a166,-0.09059,-0.08230,0.00829,-0.09059,-0.03629
genuine_population,hv_page_04d00923f7,126713GRNR,established_dealer,m6_rotation,deg,3,3,29db17a1abe2a166,-0.09173,-0.09173,0.05357,-0.28717,-0.03816
genuine_population,hv_page_04d00923f7,126713GRNR,established_dealer,m6_local,px,3,3,29db17a1abe2a166,1.24445,0.67523,0.28649,0.38874,1.24445
genuine_population,hv_page_04d00923f7,126713GRNR,established_dealer,m6_local_R,R,3,3,29db17a1abe2a166,0.00159,0.00230,0.00016,0.00159,0.00246
genuine_population,hv_page_04d00923f7,126713GRNR,established_dealer,m6_raw,px,3,3,29db17a1abe2a166,2.33792,0.85275,0.35298,0.49977,2.33792
genuine_population,hv_page_04d00923f7,126713GRNR,established_dealer,m6_raw_R,R,3,3,29db17a1abe2a166,0.00298,0.00298,0.00003,0.00295,0.00311
genuine_population,hv_page_04d00923f7,126713GRNR,established_dealer,m6_local_tangential_R,R,3,3,29db17a1abe2a166,0.00051,0.00080,0.00007,0.00051,0.00088
genuine_population,hv_page_04d00923f7,126713GRNR,established_dealer,m6_local_radial_R,R,3,3,29db17a1abe2a166,0.00150,0.00215,0.00015,0.00150,0.00230
genuine_population,hv_page_04d00923f7,126713GRNR,established_dealer,m9_rotation,deg,3,3,29db17a1abe2a166,0.19147,0.19147,0.00098,0.13407,0.19245
genuine_population,hv_page_04d00923f7,126713GRNR,established_dealer,m9_local,px,3,3,29db17a1abe2a166,1.20875,0.34112,0.21650,0.12462,1.20875
genuine_population,hv_page_04d00923f7,126713GRNR,established_dealer,m9_local_R,R,3,3,29db17a1abe2a166,0.00154,0.00124,0.00030,0.00074,0.00154
genuine_population,hv_page_04d00923f7,126713GRNR,established_dealer,m9_raw,px,3,3,29db17a1abe2a166,2.06435,0.75514,0.17836,0.57678,2.06435
genuine_population,hv_page_04d00923f7,126713GRNR,established_dealer,m9_raw_R,R,3,3,29db17a1abe2a166,0.00263,0.00275,0.00012,0.00263,0.00341
genuine_population,hv_page_04d00923f7,126713GRNR,established_dealer,m9_local_tangential_R,R,3,3,29db17a1abe2a166,-0.00089,-0.00044,0.00045,-0.00089,0.00013
genuine_population,hv_page_04d00923f7,126713GRNR,established_dealer,m9_local_radial_R,R,3,3,29db17a1abe2a166,0.00127,0.00117,0.00010,0.00073,0.00127
genuine_population,hv_page_04d00923f7,126713GRNR,established_dealer,m12_centreline_rotation,deg,3,3,29db17a1abe2a166,0.24121,0.24121,0.02240,0.03919,0.26361
genuine_population,hv_page_04d00923f7,126713GRNR,established_dealer,m12_raw,px,3,3,29db17a1abe2a166,4.25932,1.50149,0.53946,0.96203,4.25932
genuine_population,hv_page_04d00923f7,126713GRNR,established_dealer,m12_raw_R,R,3,3,29db17a1abe2a166,0.00542,0.00547,0.00005,0.00542,0.00568
genuine_population,hv_page_04d00923f7,126713GRNR,established_dealer,m12_local_R,R,3,3,29db17a1abe2a166,0.00593,0.00593,0.00018,0.00574,0.00691
genuine_population,hv_page_04d00923f7,126713GRNR,established_dealer,m12_right_R,R,3,3,29db17a1abe2a166,-0.00243,-0.00243,0.00014,-0.00262,-0.00229
genuine_population,hv_page_04d00923f7,126713GRNR,established_dealer,m12_down_R,R,3,3,29db17a1abe2a166,0.00492,0.00504,0.00007,0.00492,0.00511
genuine_population,hv_page_04d00923f7,126713GRNR,established_dealer,m12_left_side_err,deg,3,3,29db17a1abe2a166,0.00145,0.00145,0.03254,-0.05402,0.03399
genuine_population,hv_page_04d00923f7,126713GRNR,established_dealer,m12_right_side_err,deg,3,3,29db17a1abe2a166,0.29604,0.27522,0.02082,0.12823,0.29604
genuine_population,hv_page_04d00923f7,126713GRNR,established_dealer,m12_base_tilt,deg,3,3,29db17a1abe2a166,-0.42294,-0.42294,0.09817,-0.52111,0.02414
genuine_population,hv_page_04d00923f7,126713GRNR,established_dealer,rounds_max_local,px,3,3,29db17a1abe2a166,1.50862,0.51195,0.05741,0.45454,1.50862
genuine_population,hv_page_04d00923f7,126713GRNR,established_dealer,rounds_max_local_R,R,3,3,29db17a1abe2a166,0.00192,0.00192,0.00006,0.00186,0.00268
genuine_population,hv_page_04d00923f7,126713GRNR,established_dealer,rounds_usable,count,3,3,29db17a1abe2a166,4.00000,6.00000,0.00000,4.00000,6.00000
genuine_population,hv_page_0d0d369b1f,126711CHNR,established_dealer,ring_shift,px,1,1,3559f5c15e7dc88d,0.87820,0.87820,0.00000,0.87820,0.87820
genuine_population,hv_page_0d0d369b1f,126711CHNR,established_dealer,ring_shift_R,R,1,1,3559f5c15e7dc88d,0.00485,0.00485,0.00000,0.00485,0.00485
genuine_population,hv_page_0d0d369b1f,126711CHNR,established_dealer,ring_rotation,deg,1,1,3559f5c15e7dc88d,0.04049,0.04049,0.00000,0.04049,0.04049
genuine_population,hv_page_0d0d369b1f,126711CHNR,established_dealer,ring_scale,%,1,1,3559f5c15e7dc88d,-0.07904,-0.07904,0.00000,-0.07904,-0.07904
genuine_population,hv_page_0d0d369b1f,126711CHNR,established_dealer,m6_rotation,deg,1,1,3559f5c15e7dc88d,-0.37386,-0.37386,0.00000,-0.37386,-0.37386
genuine_population,hv_page_0d0d369b1f,126711CHNR,established_dealer,m6_local,px,1,1,3559f5c15e7dc88d,0.32472,0.32472,0.00000,0.32472,0.32472
genuine_population,hv_page_0d0d369b1f,126711CHNR,established_dealer,m6_local_R,R,1,1,3559f5c15e7dc88d,0.00179,0.00179,0.00000,0.00179,0.00179
genuine_population,hv_page_0d0d369b1f,126711CHNR,established_dealer,m6_raw,px,1,1,3559f5c15e7dc88d,0.98413,0.98413,0.00000,0.98413,0.98413
genuine_population,hv_page_0d0d369b1f,126711CHNR,established_dealer,m6_raw_R,R,1,1,3559f5c15e7dc88d,0.00543,0.00543,0.00000,0.00543,0.00543
genuine_population,hv_page_0d0d369b1f,126711CHNR,established_dealer,m6_local_tangential_R,R,1,1,3559f5c15e7dc88d,-0.00030,-0.00030,0.00000,-0.00030,-0.00030
genuine_population,hv_page_0d0d369b1f,126711CHNR,established_dealer,m6_local_radial_R,R,1,1,3559f5c15e7dc88d,0.00177,0.00177,0.00000,0.00177,0.00177
genuine_population,hv_page_0d0d369b1f,126711CHNR,established_dealer,m9_rotation,deg,1,1,3559f5c15e7dc88d,-0.06635,-0.06635,0.00000,-0.06635,-0.06635
genuine_population,hv_page_0d0d369b1f,126711CHNR,established_dealer,m9_local,px,1,1,3559f5c15e7dc88d,0.50308,0.50308,0.00000,0.50308,0.50308
genuine_population,hv_page_0d0d369b1f,126711CHNR,established_dealer,m9_local_R,R,1,1,3559f5c15e7dc88d,0.00278,0.00278,0.00000,0.00278,0.00278
genuine_population,hv_page_0d0d369b1f,126711CHNR,established_dealer,m9_raw,px,1,1,3559f5c15e7dc88d,1.22473,1.22473,0.00000,1.22473,1.22473
genuine_population,hv_page_0d0d369b1f,126711CHNR,established_dealer,m9_raw_R,R,1,1,3559f5c15e7dc88d,0.00676,0.00676,0.00000,0.00676,0.00676
genuine_population,hv_page_0d0d369b1f,126711CHNR,established_dealer,m9_local_tangential_R,R,1,1,3559f5c15e7dc88d,0.00083,0.00083,0.00000,0.00083,0.00083
genuine_population,hv_page_0d0d369b1f,126711CHNR,established_dealer,m9_local_radial_R,R,1,1,3559f5c15e7dc88d,0.00271,0.00271,0.00000,0.00271,0.00271
genuine_population,hv_page_0d0d369b1f,126711CHNR,established_dealer,m12_centreline_rotation,deg,1,1,3559f5c15e7dc88d,-0.29864,-0.29864,0.00000,-0.29864,-0.29864
genuine_population,hv_page_0d0d369b1f,126711CHNR,established_dealer,m12_raw,px,1,1,3559f5c15e7dc88d,1.12760,1.12760,0.00000,1.12760,1.12760
genuine_population,hv_page_0d0d369b1f,126711CHNR,established_dealer,m12_raw_R,R,1,1,3559f5c15e7dc88d,0.00623,0.00623,0.00000,0.00623,0.00623
genuine_population,hv_page_0d0d369b1f,126711CHNR,established_dealer,m12_local_R,R,1,1,3559f5c15e7dc88d,0.00185,0.00185,0.00000,0.00185,0.00185
genuine_population,hv_page_0d0d369b1f,126711CHNR,established_dealer,m12_right_R,R,1,1,3559f5c15e7dc88d,-0.00546,-0.00546,0.00000,-0.00546,-0.00546
genuine_population,hv_page_0d0d369b1f,126711CHNR,established_dealer,m12_down_R,R,1,1,3559f5c15e7dc88d,0.00301,0.00301,0.00000,0.00301,0.00301
genuine_population,hv_page_0d0d369b1f,126711CHNR,established_dealer,m12_left_side_err,deg,1,1,3559f5c15e7dc88d,-0.94765,-0.94765,0.00000,-0.94765,-0.94765
genuine_population,hv_page_0d0d369b1f,126711CHNR,established_dealer,m12_right_side_err,deg,1,1,3559f5c15e7dc88d,0.28554,0.28554,0.00000,0.28554,0.28554
genuine_population,hv_page_0d0d369b1f,126711CHNR,established_dealer,m12_base_tilt,deg,1,1,3559f5c15e7dc88d,-0.52229,-0.52229,0.00000,-0.52229,-0.52229
genuine_population,hv_page_0d0d369b1f,126711CHNR,established_dealer,rounds_max_local,px,1,1,3559f5c15e7dc88d,0.60304,0.60304,0.00000,0.60304,0.60304
genuine_population,hv_page_0d0d369b1f,126711CHNR,established_dealer,rounds_max_local_R,R,1,1,3559f5c15e7dc88d,0.00333,0.00333,0.00000,0.00333,0.00333
genuine_population,hv_page_0d0d369b1f,126711CHNR,established_dealer,rounds_usable,count,1,1,3559f5c15e7dc88d,6.00000,6.00000,0.00000,6.00000,6.00000
genuine_population,hv_page_176399af9b,126711CHNR,auction_house,ring_shift,px,7,7,792a785e7276b073,1.12076,0.53078,0.15781,0.29587,1.12076
genuine_population,hv_page_176399af9b,126711CHNR,auction_house,ring_shift_R,R,7,7,792a785e7276b073,0.00319,0.00293,0.00026,0.00254,0.00319
genuine_population,hv_page_176399af9b,126711CHNR,auction_house,ring_rotation,deg,7,7,792a785e7276b073,-0.04356,-0.02188,0.00764,-0.04356,-0.01228
genuine_population,hv_page_176399af9b,126711CHNR,auction_house,ring_scale,%,7,7,792a785e7276b073,0.10370,0.06560,0.01168,0.03731,0.10370
genuine_population,hv_page_176399af9b,126711CHNR,auction_house,m6_rotation,deg,7,7,792a785e7276b073,0.40215,0.43059,0.07306,-0.00979,0.85100
genuine_population,hv_page_176399af9b,126711CHNR,auction_house,m6_local,px,7,7,792a785e7276b073,0.36881,0.29702,0.07179,0.07530,0.39525
genuine_population,hv_page_176399af9b,126711CHNR,auction_house,m6_local_R,R,7,7,792a785e7276b073,0.00105,0.00143,0.00039,0.00059,0.00218
genuine_population,hv_page_176399af9b,126711CHNR,auction_house,m6_raw,px,7,7,792a785e7276b073,0.86871,0.51849,0.20968,0.23867,0.86871
genuine_population,hv_page_176399af9b,126711CHNR,auction_house,m6_raw_R,R,7,7,792a785e7276b073,0.00247,0.00247,0.00009,0.00222,0.00278
genuine_population,hv_page_176399af9b,126711CHNR,auction_house,m6_local_tangential_R,R,7,7,792a785e7276b073,-0.00038,-0.00043,0.00005,-0.00105,-0.00029
genuine_population,hv_page_176399af9b,126711CHNR,auction_house,m6_local_radial_R,R,7,7,792a785e7276b073,0.00096,0.00124,0.00038,0.00051,0.00189
genuine_population,hv_page_176399af9b,126711CHNR,auction_house,m9_rotation,deg,7,7,792a785e7276b073,-0.08537,-0.04870,0.11504,-0.31462,0.60159
genuine_population,hv_page_176399af9b,126711CHNR,auction_house,m9_local,px,7,7,792a785e7276b073,1.04216,0.32043,0.14743,0.17300,1.04216
genuine_population,hv_page_176399af9b,126711CHNR,auction_house,m9_local_R,R,7,7,792a785e7276b073,0.00296,0.00266,0.00063,0.00136,0.00328
genuine_population,hv_page_176399af9b,126711CHNR,auction_house,m9_raw,px,7,7,792a785e7276b073,2.39567,0.93488,0.34033,0.58934,2.39567
genuine_population,hv_page_176399af9b,126711CHNR,auction_house,m9_raw_R,R,7,7,792a785e7276b073,0.00681,0.00571,0.00108,0.00430,0.00695
genuine_population,hv_page_176399af9b,126711CHNR,auction_house,m9_local_tangential_R,R,7,7,792a785e7276b073,0.00034,0.00001,0.00038,-0.00154,0.00055
genuine_population,hv_page_176399af9b,126711CHNR,auction_house,m9_local_radial_R,R,7,7,792a785e7276b073,0.00300,0.00234,0.00066,0.00133,0.00334
genuine_population,hv_page_176399af9b,126711CHNR,auction_house,m12_centreline_rotation,deg,7,7,792a785e7276b073,-0.22819,-0.18811,0.10824,-0.53270,-0.05412
genuine_population,hv_page_176399af9b,126711CHNR,auction_house,m12_raw,px,7,7,792a785e7276b073,1.81302,0.97705,0.32008,0.40711,1.81302
genuine_population,hv_page_176399af9b,126711CHNR,auction_house,m12_raw_R,R,7,7,792a785e7276b073,0.00516,0.00516,0.00015,0.00407,0.00530
genuine_population,hv_page_176399af9b,126711CHNR,auction_house,m12_local_R,R,7,7,792a785e7276b073,0.00378,0.00393,0.00032,0.00320,0.00465
genuine_population,hv_page_176399af9b,126711CHNR,auction_house,m12_right_R,R,7,7,792a785e7276b073,-0.00468,-0.00380,0.00021,-0.00468,-0.00296
genuine_population,hv_page_176399af9b,126711CHNR,auction_house,m12_down_R,R,7,7,792a785e7276b073,0.00218,0.00275,0.00057,0.00218,0.00373
genuine_population,hv_page_176399af9b,126711CHNR,auction_house,m12_left_side_err,deg,7,7,792a785e7276b073,-0.33831,-0.23765,0.12247,-0.72647,-0.11384
genuine_population,hv_page_176399af9b,126711CHNR,auction_house,m12_right_side_err,deg,7,7,792a785e7276b073,-0.06151,-0.07038,0.01603,-0.17224,0.10968
genuine_population,hv_page_176399af9b,126711CHNR,auction_house,m12_base_tilt,deg,7,7,792a785e7276b073,-0.02489,0.05814,0.04108,-0.52302,0.09922
genuine_population,hv_page_176399af9b,126711CHNR,auction_house,rounds_max_local,px,7,7,792a785e7276b073,0.35191,0.26835,0.08356,0.15116,0.39849
genuine_population,hv_page_176399af9b,126711CHNR,auction_house,rounds_max_local_R,R,7,7,792a785e7276b073,0.00100,0.00131,0.00012,0.00100,0.00261
genuine_population,hv_page_176399af9b,126711CHNR,auction_house,rounds_usable,count,7,7,792a785e7276b073,6.00000,7.00000,0.00000,6.00000,7.00000
genuine_population,hv_page_2100d8d80c,126713GRNR,established_dealer,ring_shift,px,1,1,9c24872328b08d2c,0.34423,0.34423,0.00000,0.34423,0.34423
genuine_population,hv_page_2100d8d80c,126713GRNR,established_dealer,ring_shift_R,R,1,1,9c24872328b08d2c,0.00079,0.00079,0.00000,0.00079,0.00079
genuine_population,hv_page_2100d8d80c,126713GRNR,established_dealer,ring_rotation,deg,1,1,9c24872328b08d2c,-0.00306,-0.00306,0.00000,-0.00306,-0.00306
genuine_population,hv_page_2100d8d80c,126713GRNR,established_dealer,ring_scale,%,1,1,9c24872328b08d2c,-0.02659,-0.02659,0.00000,-0.02659,-0.02659
genuine_population,hv_page_2100d8d80c,126713GRNR,established_dealer,m6_rotation,deg,1,1,9c24872328b08d2c,-0.09868,-0.09868,0.00000,-0.09868,-0.09868
genuine_population,hv_page_2100d8d80c,126713GRNR,established_dealer,m6_local,px,1,1,9c24872328b08d2c,0.88437,0.88437,0.00000,0.88437,0.88437
genuine_population,hv_page_2100d8d80c,126713GRNR,established_dealer,m6_local_R,R,1,1,9c24872328b08d2c,0.00202,0.00202,0.00000,0.00202,0.00202
genuine_population,hv_page_2100d8d80c,126713GRNR,established_dealer,m6_raw,px,1,1,9c24872328b08d2c,0.82766,0.82766,0.00000,0.82766,0.82766
genuine_population,hv_page_2100d8d80c,126713GRNR,established_dealer,m6_raw_R,R,1,1,9c24872328b08d2c,0.00189,0.00189,0.00000,0.00189,0.00189
genuine_population,hv_page_2100d8d80c,126713GRNR,established_dealer,m6_local_tangential_R,R,1,1,9c24872328b08d2c,0.00062,0.00062,0.00000,0.00062,0.00062
genuine_population,hv_page_2100d8d80c,126713GRNR,established_dealer,m6_local_radial_R,R,1,1,9c24872328b08d2c,0.00192,0.00192,0.00000,0.00192,0.00192
genuine_population,hv_page_2100d8d80c,126713GRNR,established_dealer,m9_rotation,deg,1,1,9c24872328b08d2c,0.13449,0.13449,0.00000,0.13449,0.13449
genuine_population,hv_page_2100d8d80c,126713GRNR,established_dealer,m9_local,px,1,1,9c24872328b08d2c,0.64933,0.64933,0.00000,0.64933,0.64933
genuine_population,hv_page_2100d8d80c,126713GRNR,established_dealer,m9_local_R,R,1,1,9c24872328b08d2c,0.00149,0.00149,0.00000,0.00149,0.00149
genuine_population,hv_page_2100d8d80c,126713GRNR,established_dealer,m9_raw,px,1,1,9c24872328b08d2c,0.83643,0.83643,0.00000,0.83643,0.83643
genuine_population,hv_page_2100d8d80c,126713GRNR,established_dealer,m9_raw_R,R,1,1,9c24872328b08d2c,0.00192,0.00192,0.00000,0.00192,0.00192
genuine_population,hv_page_2100d8d80c,126713GRNR,established_dealer,m9_local_tangential_R,R,1,1,9c24872328b08d2c,-0.00052,-0.00052,0.00000,-0.00052,-0.00052
genuine_population,hv_page_2100d8d80c,126713GRNR,established_dealer,m9_local_radial_R,R,1,1,9c24872328b08d2c,0.00139,0.00139,0.00000,0.00139,0.00139
genuine_population,hv_page_2100d8d80c,126713GRNR,established_dealer,m12_centreline_rotation,deg,1,0,9c24872328b08d2c,,,,,
genuine_population,hv_page_2100d8d80c,126713GRNR,established_dealer,m12_raw,px,1,0,9c24872328b08d2c,,,,,
genuine_population,hv_page_2100d8d80c,126713GRNR,established_dealer,m12_raw_R,R,1,0,9c24872328b08d2c,,,,,
genuine_population,hv_page_2100d8d80c,126713GRNR,established_dealer,m12_local_R,R,1,0,9c24872328b08d2c,,,,,
genuine_population,hv_page_2100d8d80c,126713GRNR,established_dealer,m12_right_R,R,1,0,9c24872328b08d2c,,,,,
genuine_population,hv_page_2100d8d80c,126713GRNR,established_dealer,m12_down_R,R,1,0,9c24872328b08d2c,,,,,
genuine_population,hv_page_2100d8d80c,126713GRNR,established_dealer,m12_left_side_err,deg,1,0,9c24872328b08d2c,,,,,
genuine_population,hv_page_2100d8d80c,126713GRNR,established_dealer,m12_right_side_err,deg,1,0,9c24872328b08d2c,,,,,
genuine_population,hv_page_2100d8d80c,126713GRNR,established_dealer,m12_base_tilt,deg,1,0,9c24872328b08d2c,,,,,
genuine_population,hv_page_2100d8d80c,126713GRNR,established_dealer,rounds_max_local,px,1,1,9c24872328b08d2c,0.69287,0.69287,0.00000,0.69287,0.69287
genuine_population,hv_page_2100d8d80c,126713GRNR,established_dealer,rounds_max_local_R,R,1,1,9c24872328b08d2c,0.00159,0.00159,0.00000,0.00159,0.00159
genuine_population,hv_page_2100d8d80c,126713GRNR,established_dealer,rounds_usable,count,1,1,9c24872328b08d2c,8.00000,8.00000,0.00000,8.00000,8.00000
genuine_population,hv_page_26529a52bd,126715CHNR,established_dealer,ring_shift,px,1,1,8a1135ada8c85197,0.78093,0.78093,0.00000,0.78093,0.78093
genuine_population,hv_page_26529a52bd,126715CHNR,established_dealer,ring_shift_R,R,1,1,8a1135ada8c85197,0.00180,0.00180,0.00000,0.00180,0.00180
genuine_population,hv_page_26529a52bd,126715CHNR,established_dealer,ring_rotation,deg,1,1,8a1135ada8c85197,0.00924,0.00924,0.00000,0.00924,0.00924
genuine_population,hv_page_26529a52bd,126715CHNR,established_dealer,ring_scale,%,1,1,8a1135ada8c85197,-0.05953,-0.05953,0.00000,-0.05953,-0.05953
genuine_population,hv_page_26529a52bd,126715CHNR,established_dealer,m6_rotation,deg,1,1,8a1135ada8c85197,0.64316,0.64316,0.00000,0.64316,0.64316
genuine_population,hv_page_26529a52bd,126715CHNR,established_dealer,m6_local,px,1,1,8a1135ada8c85197,0.65957,0.65957,0.00000,0.65957,0.65957
genuine_population,hv_page_26529a52bd,126715CHNR,established_dealer,m6_local_R,R,1,1,8a1135ada8c85197,0.00152,0.00152,0.00000,0.00152,0.00152
genuine_population,hv_page_26529a52bd,126715CHNR,established_dealer,m6_raw,px,1,1,8a1135ada8c85197,1.59903,1.59903,0.00000,1.59903,1.59903
genuine_population,hv_page_26529a52bd,126715CHNR,established_dealer,m6_raw_R,R,1,1,8a1135ada8c85197,0.00368,0.00368,0.00000,0.00368,0.00368
genuine_population,hv_page_26529a52bd,126715CHNR,established_dealer,m6_local_tangential_R,R,1,1,8a1135ada8c85197,-0.00052,-0.00052,0.00000,-0.00052,-0.00052
genuine_population,hv_page_26529a52bd,126715CHNR,established_dealer,m6_local_radial_R,R,1,1,8a1135ada8c85197,-0.00142,-0.00142,0.00000,-0.00142,-0.00142
genuine_population,hv_page_26529a52bd,126715CHNR,established_dealer,m9_rotation,deg,1,1,8a1135ada8c85197,-0.14679,-0.14679,0.00000,-0.14679,-0.14679
genuine_population,hv_page_26529a52bd,126715CHNR,established_dealer,m9_local,px,1,1,8a1135ada8c85197,1.11796,1.11796,0.00000,1.11796,1.11796
genuine_population,hv_page_26529a52bd,126715CHNR,established_dealer,m9_local_R,R,1,1,8a1135ada8c85197,0.00257,0.00257,0.00000,0.00257,0.00257
genuine_population,hv_page_26529a52bd,126715CHNR,established_dealer,m9_raw,px,1,1,8a1135ada8c85197,0.85149,0.85149,0.00000,0.85149,0.85149
genuine_population,hv_page_26529a52bd,126715CHNR,established_dealer,m9_raw_R,R,1,1,8a1135ada8c85197,0.00196,0.00196,0.00000,0.00196,0.00196
genuine_population,hv_page_26529a52bd,126715CHNR,established_dealer,m9_local_tangential_R,R,1,1,8a1135ada8c85197,-0.00136,-0.00136,0.00000,-0.00136,-0.00136
genuine_population,hv_page_26529a52bd,126715CHNR,established_dealer,m9_local_radial_R,R,1,1,8a1135ada8c85197,0.00217,0.00217,0.00000,0.00217,0.00217
genuine_population,hv_page_26529a52bd,126715CHNR,established_dealer,m12_centreline_rotation,deg,1,1,8a1135ada8c85197,0.12217,0.12217,0.00000,0.12217,0.12217
genuine_population,hv_page_26529a52bd,126715CHNR,established_dealer,m12_raw,px,1,1,8a1135ada8c85197,0.61435,0.61435,0.00000,0.61435,0.61435
genuine_population,hv_page_26529a52bd,126715CHNR,established_dealer,m12_raw_R,R,1,1,8a1135ada8c85197,0.00141,0.00141,0.00000,0.00141,0.00141
genuine_population,hv_page_26529a52bd,126715CHNR,established_dealer,m12_local_R,R,1,1,8a1135ada8c85197,0.00264,0.00264,0.00000,0.00264,0.00264
genuine_population,hv_page_26529a52bd,126715CHNR,established_dealer,m12_right_R,R,1,1,8a1135ada8c85197,-0.00063,-0.00063,0.00000,-0.00063,-0.00063
genuine_population,hv_page_26529a52bd,126715CHNR,established_dealer,m12_down_R,R,1,1,8a1135ada8c85197,0.00127,0.00127,0.00000,0.00127,0.00127
genuine_population,hv_page_26529a52bd,126715CHNR,established_dealer,m12_left_side_err,deg,1,1,8a1135ada8c85197,-0.07685,-0.07685,0.00000,-0.07685,-0.07685
genuine_population,hv_page_26529a52bd,126715CHNR,established_dealer,m12_right_side_err,deg,1,1,8a1135ada8c85197,0.24798,0.24798,0.00000,0.24798,0.24798
genuine_population,hv_page_26529a52bd,126715CHNR,established_dealer,m12_base_tilt,deg,1,1,8a1135ada8c85197,-0.14040,-0.14040,0.00000,-0.14040,-0.14040
genuine_population,hv_page_26529a52bd,126715CHNR,established_dealer,rounds_max_local,px,1,1,8a1135ada8c85197,0.63431,0.63431,0.00000,0.63431,0.63431
genuine_population,hv_page_26529a52bd,126715CHNR,established_dealer,rounds_max_local_R,R,1,1,8a1135ada8c85197,0.00146,0.00146,0.00000,0.00146,0.00146
genuine_population,hv_page_26529a52bd,126715CHNR,established_dealer,rounds_usable,count,1,1,8a1135ada8c85197,8.00000,8.00000,0.00000,8.00000,8.00000
genuine_population,hv_page_2874f5a2bc,126711CHNR,established_dealer,ring_shift,px,1,1,1c4b1b903d471134,0.51241,0.51241,0.00000,0.51241,0.51241
genuine_population,hv_page_2874f5a2bc,126711CHNR,established_dealer,ring_shift_R,R,1,1,1c4b1b903d471134,0.00209,0.00209,0.00000,0.00209,0.00209
genuine_population,hv_page_2874f5a2bc,126711CHNR,established_dealer,ring_rotation,deg,1,1,1c4b1b903d471134,0.04200,0.04200,0.00000,0.04200,0.04200
genuine_population,hv_page_2874f5a2bc,126711CHNR,established_dealer,ring_scale,%,1,1,1c4b1b903d471134,-0.01160,-0.01160,0.00000,-0.01160,-0.01160
genuine_population,hv_page_2874f5a2bc,126711CHNR,established_dealer,m6_rotation,deg,1,1,1c4b1b903d471134,-0.36657,-0.36657,0.00000,-0.36657,-0.36657
genuine_population,hv_page_2874f5a2bc,126711CHNR,established_dealer,m6_local,px,1,1,1c4b1b903d471134,0.18814,0.18814,0.00000,0.18814,0.18814
genuine_population,hv_page_2874f5a2bc,126711CHNR,established_dealer,m6_local_R,R,1,1,1c4b1b903d471134,0.00077,0.00077,0.00000,0.00077,0.00077
genuine_population,hv_page_2874f5a2bc,126711CHNR,established_dealer,m6_raw,px,1,1,1c4b1b903d471134,0.76477,0.76477,0.00000,0.76477,0.76477
genuine_population,hv_page_2874f5a2bc,126711CHNR,established_dealer,m6_raw_R,R,1,1,1c4b1b903d471134,0.00312,0.00312,0.00000,0.00312,0.00312
genuine_population,hv_page_2874f5a2bc,126711CHNR,established_dealer,m6_local_tangential_R,R,1,1,1c4b1b903d471134,0.00065,0.00065,0.00000,0.00065,0.00065
genuine_population,hv_page_2874f5a2bc,126711CHNR,established_dealer,m6_local_radial_R,R,1,1,1c4b1b903d471134,0.00040,0.00040,0.00000,0.00040,0.00040
genuine_population,hv_page_2874f5a2bc,126711CHNR,established_dealer,m9_rotation,deg,1,1,1c4b1b903d471134,0.37725,0.37725,0.00000,0.37725,0.37725
genuine_population,hv_page_2874f5a2bc,126711CHNR,established_dealer,m9_local,px,1,1,1c4b1b903d471134,0.53837,0.53837,0.00000,0.53837,0.53837
genuine_population,hv_page_2874f5a2bc,126711CHNR,established_dealer,m9_local_R,R,1,1,1c4b1b903d471134,0.00219,0.00219,0.00000,0.00219,0.00219
genuine_population,hv_page_2874f5a2bc,126711CHNR,established_dealer,m9_raw,px,1,1,1c4b1b903d471134,0.97914,0.97914,0.00000,0.97914,0.97914
genuine_population,hv_page_2874f5a2bc,126711CHNR,established_dealer,m9_raw_R,R,1,1,1c4b1b903d471134,0.00399,0.00399,0.00000,0.00399,0.00399
genuine_population,hv_page_2874f5a2bc,126711CHNR,established_dealer,m9_local_tangential_R,R,1,1,1c4b1b903d471134,-0.00056,-0.00056,0.00000,-0.00056,-0.00056
genuine_population,hv_page_2874f5a2bc,126711CHNR,established_dealer,m9_local_radial_R,R,1,1,1c4b1b903d471134,0.00212,0.00212,0.00000,0.00212,0.00212
genuine_population,hv_page_2874f5a2bc,126711CHNR,established_dealer,m12_centreline_rotation,deg,1,1,1c4b1b903d471134,-0.10810,-0.10810,0.00000,-0.10810,-0.10810
genuine_population,hv_page_2874f5a2bc,126711CHNR,established_dealer,m12_raw,px,1,1,1c4b1b903d471134,0.73569,0.73569,0.00000,0.73569,0.73569
genuine_population,hv_page_2874f5a2bc,126711CHNR,established_dealer,m12_raw_R,R,1,1,1c4b1b903d471134,0.00300,0.00300,0.00000,0.00300,0.00300
genuine_population,hv_page_2874f5a2bc,126711CHNR,established_dealer,m12_local_R,R,1,1,1c4b1b903d471134,0.00263,0.00263,0.00000,0.00263,0.00263
genuine_population,hv_page_2874f5a2bc,126711CHNR,established_dealer,m12_right_R,R,1,1,1c4b1b903d471134,-0.00272,-0.00272,0.00000,-0.00272,-0.00272
genuine_population,hv_page_2874f5a2bc,126711CHNR,established_dealer,m12_down_R,R,1,1,1c4b1b903d471134,0.00127,0.00127,0.00000,0.00127,0.00127
genuine_population,hv_page_2874f5a2bc,126711CHNR,established_dealer,m12_left_side_err,deg,1,1,1c4b1b903d471134,-0.42271,-0.42271,0.00000,-0.42271,-0.42271
genuine_population,hv_page_2874f5a2bc,126711CHNR,established_dealer,m12_right_side_err,deg,1,1,1c4b1b903d471134,0.19255,0.19255,0.00000,0.19255,0.19255
genuine_population,hv_page_2874f5a2bc,126711CHNR,established_dealer,m12_base_tilt,deg,1,1,1c4b1b903d471134,-0.15755,-0.15755,0.00000,-0.15755,-0.15755
genuine_population,hv_page_2874f5a2bc,126711CHNR,established_dealer,rounds_max_local,px,1,1,1c4b1b903d471134,0.43795,0.43795,0.00000,0.43795,0.43795
genuine_population,hv_page_2874f5a2bc,126711CHNR,established_dealer,rounds_max_local_R,R,1,1,1c4b1b903d471134,0.00179,0.00179,0.00000,0.00179,0.00179
genuine_population,hv_page_2874f5a2bc,126711CHNR,established_dealer,rounds_usable,count,1,1,1c4b1b903d471134,6.00000,6.00000,0.00000,6.00000,6.00000
genuine_population,hv_page_2f9546b899,126710GRNR,established_dealer,ring_shift,px,1,1,0a4e0899bb1001fc,0.61631,0.61631,0.00000,0.61631,0.61631
genuine_population,hv_page_2f9546b899,126710GRNR,established_dealer,ring_shift_R,R,1,1,0a4e0899bb1001fc,0.00142,0.00142,0.00000,0.00142,0.00142
genuine_population,hv_page_2f9546b899,126710GRNR,established_dealer,ring_rotation,deg,1,1,0a4e0899bb1001fc,0.01096,0.01096,0.00000,0.01096,0.01096
genuine_population,hv_page_2f9546b899,126710GRNR,established_dealer,ring_scale,%,1,1,0a4e0899bb1001fc,0.03980,0.03980,0.00000,0.03980,0.03980
genuine_population,hv_page_2f9546b899,126710GRNR,established_dealer,m6_rotation,deg,1,1,0a4e0899bb1001fc,0.46429,0.46429,0.00000,0.46429,0.46429
genuine_population,hv_page_2f9546b899,126710GRNR,established_dealer,m6_local,px,1,1,0a4e0899bb1001fc,0.38193,0.38193,0.00000,0.38193,0.38193
genuine_population,hv_page_2f9546b899,126710GRNR,established_dealer,m6_local_R,R,1,1,0a4e0899bb1001fc,0.00088,0.00088,0.00000,0.00088,0.00088
genuine_population,hv_page_2f9546b899,126710GRNR,established_dealer,m6_raw,px,1,1,0a4e0899bb1001fc,0.34608,0.34608,0.00000,0.34608,0.34608
genuine_population,hv_page_2f9546b899,126710GRNR,established_dealer,m6_raw_R,R,1,1,0a4e0899bb1001fc,0.00080,0.00080,0.00000,0.00080,0.00080
genuine_population,hv_page_2f9546b899,126710GRNR,established_dealer,m6_local_tangential_R,R,1,1,0a4e0899bb1001fc,0.00068,0.00068,0.00000,0.00068,0.00068
genuine_population,hv_page_2f9546b899,126710GRNR,established_dealer,m6_local_radial_R,R,1,1,0a4e0899bb1001fc,0.00055,0.00055,0.00000,0.00055,0.00055
genuine_population,hv_page_2f9546b899,126710GRNR,established_dealer,m9_rotation,deg,1,1,0a4e0899bb1001fc,-0.58387,-0.58387,0.00000,-0.58387,-0.58387
genuine_population,hv_page_2f9546b899,126710GRNR,established_dealer,m9_local,px,1,1,0a4e0899bb1001fc,0.91742,0.91742,0.00000,0.91742,0.91742
genuine_population,hv_page_2f9546b899,126710GRNR,established_dealer,m9_local_R,R,1,1,0a4e0899bb1001fc,0.00211,0.00211,0.00000,0.00211,0.00211
genuine_population,hv_page_2f9546b899,126710GRNR,established_dealer,m9_raw,px,1,1,0a4e0899bb1001fc,1.18359,1.18359,0.00000,1.18359,1.18359
genuine_population,hv_page_2f9546b899,126710GRNR,established_dealer,m9_raw_R,R,1,1,0a4e0899bb1001fc,0.00272,0.00272,0.00000,0.00272,0.00272
genuine_population,hv_page_2f9546b899,126710GRNR,established_dealer,m9_local_tangential_R,R,1,1,0a4e0899bb1001fc,0.00014,0.00014,0.00000,0.00014,0.00014
genuine_population,hv_page_2f9546b899,126710GRNR,established_dealer,m9_local_radial_R,R,1,1,0a4e0899bb1001fc,0.00210,0.00210,0.00000,0.00210,0.00210
genuine_population,hv_page_2f9546b899,126710GRNR,established_dealer,m12_centreline_rotation,deg,1,1,0a4e0899bb1001fc,0.23281,0.23281,0.00000,0.23281,0.23281
genuine_population,hv_page_2f9546b899,126710GRNR,established_dealer,m12_raw,px,1,1,0a4e0899bb1001fc,1.30997,1.30997,0.00000,1.30997,1.30997
genuine_population,hv_page_2f9546b899,126710GRNR,established_dealer,m12_raw_R,R,1,1,0a4e0899bb1001fc,0.00301,0.00301,0.00000,0.00301,0.00301
genuine_population,hv_page_2f9546b899,126710GRNR,established_dealer,m12_local_R,R,1,1,0a4e0899bb1001fc,0.00449,0.00449,0.00000,0.00449,0.00449
genuine_population,hv_page_2f9546b899,126710GRNR,established_dealer,m12_right_R,R,1,1,0a4e0899bb1001fc,0.00136,0.00136,0.00000,0.00136,0.00136
genuine_population,hv_page_2f9546b899,126710GRNR,established_dealer,m12_down_R,R,1,1,0a4e0899bb1001fc,0.00271,0.00271,0.00000,0.00271,0.00271
genuine_population,hv_page_2f9546b899,126710GRNR,established_dealer,m12_left_side_err,deg,1,1,0a4e0899bb1001fc,0.02517,0.02517,0.00000,0.02517,0.02517
genuine_population,hv_page_2f9546b899,126710GRNR,established_dealer,m12_right_side_err,deg,1,1,0a4e0899bb1001fc,0.33694,0.33694,0.00000,0.33694,0.33694
genuine_population,hv_page_2f9546b899,126710GRNR,established_dealer,m12_base_tilt,deg,1,1,0a4e0899bb1001fc,-0.13864,-0.13864,0.00000,-0.13864,-0.13864
genuine_population,hv_page_2f9546b899,126710GRNR,established_dealer,rounds_max_local,px,1,1,0a4e0899bb1001fc,0.82705,0.82705,0.00000,0.82705,0.82705
genuine_population,hv_page_2f9546b899,126710GRNR,established_dealer,rounds_max_local_R,R,1,1,0a4e0899bb1001fc,0.00190,0.00190,0.00000,0.00190,0.00190
genuine_population,hv_page_2f9546b899,126710GRNR,established_dealer,rounds_usable,count,1,1,0a4e0899bb1001fc,7.00000,7.00000,0.00000,7.00000,7.00000
genuine_population,hv_page_302b41fe4e,126713GRNR,established_dealer,ring_shift,px,2,2,a1181da10cfbe444,0.47644,0.47644,0.00000,0.47644,0.47644
genuine_population,hv_page_302b41fe4e,126713GRNR,established_dealer,ring_shift_R,R,2,2,a1181da10cfbe444,0.00110,0.00110,0.00000,0.00110,0.00110
genuine_population,hv_page_302b41fe4e,126713GRNR,established_dealer,ring_rotation,deg,2,2,a1181da10cfbe444,-0.07070,-0.07070,0.00000,-0.07070,-0.07070
genuine_population,hv_page_302b41fe4e,126713GRNR,established_dealer,ring_scale,%,2,2,a1181da10cfbe444,-0.01403,-0.01403,0.00000,-0.01403,-0.01403
genuine_population,hv_page_302b41fe4e,126713GRNR,established_dealer,m6_rotation,deg,2,2,a1181da10cfbe444,-0.38778,-0.38778,0.00000,-0.38778,-0.38778
genuine_population,hv_page_302b41fe4e,126713GRNR,established_dealer,m6_local,px,2,2,a1181da10cfbe444,0.51266,0.51266,0.00000,0.51266,0.51266
genuine_population,hv_page_302b41fe4e,126713GRNR,established_dealer,m6_local_R,R,2,2,a1181da10cfbe444,0.00118,0.00118,0.00000,0.00118,0.00118
genuine_population,hv_page_302b41fe4e,126713GRNR,established_dealer,m6_raw,px,2,2,a1181da10cfbe444,0.24632,0.24632,0.00000,0.24632,0.24632
genuine_population,hv_page_302b41fe4e,126713GRNR,established_dealer,m6_raw_R,R,2,2,a1181da10cfbe444,0.00057,0.00057,0.00000,0.00057,0.00057
genuine_population,hv_page_302b41fe4e,126713GRNR,established_dealer,m6_local_tangential_R,R,2,2,a1181da10cfbe444,0.00051,0.00051,0.00000,0.00051,0.00051
genuine_population,hv_page_302b41fe4e,126713GRNR,established_dealer,m6_local_radial_R,R,2,2,a1181da10cfbe444,0.00106,0.00106,0.00000,0.00106,0.00106
genuine_population,hv_page_302b41fe4e,126713GRNR,established_dealer,m9_rotation,deg,2,2,a1181da10cfbe444,0.01979,0.01979,0.00000,0.01979,0.01979
genuine_population,hv_page_302b41fe4e,126713GRNR,established_dealer,m9_local,px,2,2,a1181da10cfbe444,0.46663,0.46663,0.00000,0.46663,0.46663
genuine_population,hv_page_302b41fe4e,126713GRNR,established_dealer,m9_local_R,R,2,2,a1181da10cfbe444,0.00108,0.00108,0.00000,0.00108,0.00108
genuine_population,hv_page_302b41fe4e,126713GRNR,established_dealer,m9_raw,px,2,2,a1181da10cfbe444,0.34377,0.34377,0.00000,0.34377,0.34377
genuine_population,hv_page_302b41fe4e,126713GRNR,established_dealer,m9_raw_R,R,2,2,a1181da10cfbe444,0.00079,0.00079,0.00000,0.00079,0.00079
genuine_population,hv_page_302b41fe4e,126713GRNR,established_dealer,m9_local_tangential_R,R,2,2,a1181da10cfbe444,-0.00063,-0.00063,0.00000,-0.00063,-0.00063
genuine_population,hv_page_302b41fe4e,126713GRNR,established_dealer,m9_local_radial_R,R,2,2,a1181da10cfbe444,0.00087,0.00087,0.00000,0.00087,0.00087
genuine_population,hv_page_302b41fe4e,126713GRNR,established_dealer,m12_centreline_rotation,deg,2,2,a1181da10cfbe444,0.15949,0.15949,0.00000,0.15949,0.15949
genuine_population,hv_page_302b41fe4e,126713GRNR,established_dealer,m12_raw,px,2,2,a1181da10cfbe444,1.24114,1.24114,0.00000,1.24114,1.24114
genuine_population,hv_page_302b41fe4e,126713GRNR,established_dealer,m12_raw_R,R,2,2,a1181da10cfbe444,0.00286,0.00286,0.00000,0.00286,0.00286
genuine_population,hv_page_302b41fe4e,126713GRNR,established_dealer,m12_local_R,R,2,2,a1181da10cfbe444,0.00358,0.00358,0.00000,0.00358,0.00358
genuine_population,hv_page_302b41fe4e,126713GRNR,established_dealer,m12_right_R,R,2,2,a1181da10cfbe444,-0.00121,-0.00121,0.00000,-0.00121,-0.00121
genuine_population,hv_page_302b41fe4e,126713GRNR,established_dealer,m12_down_R,R,2,2,a1181da10cfbe444,0.00260,0.00260,0.00000,0.00260,0.00260
genuine_population,hv_page_302b41fe4e,126713GRNR,established_dealer,m12_left_side_err,deg,2,2,a1181da10cfbe444,-0.10194,-0.10194,0.00000,-0.10194,-0.10194
genuine_population,hv_page_302b41fe4e,126713GRNR,established_dealer,m12_right_side_err,deg,2,2,a1181da10cfbe444,0.38463,0.38463,0.00000,0.38463,0.38463
genuine_population,hv_page_302b41fe4e,126713GRNR,established_dealer,m12_base_tilt,deg,2,2,a1181da10cfbe444,0.03024,0.03024,0.00000,0.03024,0.03024
genuine_population,hv_page_302b41fe4e,126713GRNR,established_dealer,rounds_max_local,px,2,2,a1181da10cfbe444,0.64350,0.64350,0.00000,0.64350,0.64350
genuine_population,hv_page_302b41fe4e,126713GRNR,established_dealer,rounds_max_local_R,R,2,2,a1181da10cfbe444,0.00148,0.00148,0.00000,0.00148,0.00148
genuine_population,hv_page_302b41fe4e,126713GRNR,established_dealer,rounds_usable,count,2,2,a1181da10cfbe444,7.00000,7.00000,0.00000,7.00000,7.00000
genuine_population,hv_page_382ce3b2b1,126711CHNR,established_dealer,ring_shift,px,2,2,39b6687a00437d72,1.13912,0.87362,0.26549,0.60813,1.13912
genuine_population,hv_page_382ce3b2b1,126711CHNR,established_dealer,ring_shift_R,R,2,2,39b6687a00437d72,0.00263,0.00260,0.00002,0.00258,0.00263
genuine_population,hv_page_382ce3b2b1,126711CHNR,established_dealer,ring_rotation,deg,2,2,39b6687a00437d72,0.03435,0.03710,0.00275,0.03435,0.03985
genuine_population,hv_page_382ce3b2b1,126711CHNR,established_dealer,ring_scale,%,2,2,39b6687a00437d72,0.00610,0.00573,0.00038,0.00535,0.00610
genuine_population,hv_page_382ce3b2b1,126711CHNR,established_dealer,m6_rotation,deg,2,2,39b6687a00437d72,-0.15863,-0.19304,0.03441,-0.22744,-0.15863
genuine_population,hv_page_382ce3b2b1,126711CHNR,established_dealer,m6_local,px,2,2,39b6687a00437d72,1.15947,0.75065,0.40882,0.34184,1.15947
genuine_population,hv_page_382ce3b2b1,126711CHNR,established_dealer,m6_local_R,R,2,2,39b6687a00437d72,0.00267,0.00206,0.00061,0.00145,0.00267
genuine_population,hv_page_382ce3b2b1,126711CHNR,established_dealer,m6_raw,px,2,2,39b6687a00437d72,0.58580,0.60043,0.01463,0.58580,0.61506
genuine_population,hv_page_382ce3b2b1,126711CHNR,established_dealer,m6_raw_R,R,2,2,39b6687a00437d72,0.00135,0.00198,0.00063,0.00135,0.00261
genuine_population,hv_page_382ce3b2b1,126711CHNR,established_dealer,m6_local_tangential_R,R,2,2,39b6687a00437d72,0.00101,0.00116,0.00016,0.00101,0.00132
genuine_population,hv_page_382ce3b2b1,126711CHNR,established_dealer,m6_local_radial_R,R,2,2,39b6687a00437d72,0.00247,0.00152,0.00094,0.00058,0.00247
genuine_population,hv_page_382ce3b2b1,126711CHNR,established_dealer,m9_rotation,deg,2,2,39b6687a00437d72,0.26469,0.23087,0.03382,0.19705,0.26469
genuine_population,hv_page_382ce3b2b1,126711CHNR,established_dealer,m9_local,px,2,2,39b6687a00437d72,1.25329,0.90134,0.35195,0.54939,1.25329
genuine_population,hv_page_382ce3b2b1,126711CHNR,established_dealer,m9_local_R,R,2,2,39b6687a00437d72,0.00289,0.00261,0.00028,0.00233,0.00289
genuine_population,hv_page_382ce3b2b1,126711CHNR,established_dealer,m9_raw,px,2,2,39b6687a00437d72,2.07444,1.53142,0.54302,0.98840,2.07444
genuine_population,hv_page_382ce3b2b1,126711CHNR,established_dealer,m9_raw_R,R,2,2,39b6687a00437d72,0.00478,0.00449,0.00030,0.00419,0.00478
genuine_population,hv_page_382ce3b2b1,126711CHNR,established_dealer,m9_local_tangential_R,R,2,2,39b6687a00437d72,0.00089,0.00069,0.00021,0.00048,0.00089
genuine_population,hv_page_382ce3b2b1,126711CHNR,established_dealer,m9_local_radial_R,R,2,2,39b6687a00437d72,0.00274,0.00251,0.00023,0.00227,0.00274
genuine_population,hv_page_382ce3b2b1,126711CHNR,established_dealer,m12_centreline_rotation,deg,2,2,39b6687a00437d72,-0.67794,-0.72830,0.05036,-0.77866,-0.67794
genuine_population,hv_page_382ce3b2b1,126711CHNR,established_dealer,m12_raw,px,2,2,39b6687a00437d72,0.62963,0.54851,0.08113,0.46738,0.62963
genuine_population,hv_page_382ce3b2b1,126711CHNR,established_dealer,m12_raw_R,R,2,2,39b6687a00437d72,0.00145,0.00172,0.00026,0.00145,0.00198
genuine_population,hv_page_382ce3b2b1,126711CHNR,established_dealer,m12_local_R,R,2,2,39b6687a00437d72,0.00414,0.00439,0.00025,0.00414,0.00465
genuine_population,hv_page_382ce3b2b1,126711CHNR,established_dealer,m12_right_R,R,2,2,39b6687a00437d72,-0.00067,-0.00078,0.00011,-0.00089,-0.00067
genuine_population,hv_page_382ce3b2b1,126711CHNR,established_dealer,m12_down_R,R,2,2,39b6687a00437d72,0.00130,0.00155,0.00025,0.00130,0.00179
genuine_population,hv_page_382ce3b2b1,126711CHNR,established_dealer,m12_left_side_err,deg,2,2,39b6687a00437d72,-0.80879,-0.79052,0.01827,-0.80879,-0.77224
genuine_population,hv_page_382ce3b2b1,126711CHNR,established_dealer,m12_right_side_err,deg,2,2,39b6687a00437d72,-0.50812,-0.62130,0.11318,-0.73448,-0.50812
genuine_population,hv_page_382ce3b2b1,126711CHNR,established_dealer,m12_base_tilt,deg,2,2,39b6687a00437d72,-0.53804,-0.56646,0.02842,-0.59488,-0.53804
genuine_population,hv_page_382ce3b2b1,126711CHNR,established_dealer,rounds_max_local,px,2,2,39b6687a00437d72,0.68429,0.48731,0.19698,0.29033,0.68429
genuine_population,hv_page_382ce3b2b1,126711CHNR,established_dealer,rounds_max_local_R,R,2,2,39b6687a00437d72,0.00158,0.00140,0.00017,0.00123,0.00158
genuine_population,hv_page_382ce3b2b1,126711CHNR,established_dealer,rounds_usable,count,2,2,39b6687a00437d72,7.00000,7.00000,0.00000,7.00000,7.00000
genuine_population,hv_page_3b6fda6742,126710BLNR,established_dealer,ring_shift,px,1,1,7ddfc7965075c6f9,0.67071,0.67071,0.00000,0.67071,0.67071
genuine_population,hv_page_3b6fda6742,126710BLNR,established_dealer,ring_shift_R,R,1,1,7ddfc7965075c6f9,0.00154,0.00154,0.00000,0.00154,0.00154
genuine_population,hv_page_3b6fda6742,126710BLNR,established_dealer,ring_rotation,deg,1,1,7ddfc7965075c6f9,0.02467,0.02467,0.00000,0.02467,0.02467
genuine_population,hv_page_3b6fda6742,126710BLNR,established_dealer,ring_scale,%,1,1,7ddfc7965075c6f9,-0.13085,-0.13085,0.00000,-0.13085,-0.13085
genuine_population,hv_page_3b6fda6742,126710BLNR,established_dealer,m6_rotation,deg,1,0,7ddfc7965075c6f9,,,,,
genuine_population,hv_page_3b6fda6742,126710BLNR,established_dealer,m6_local,px,1,0,7ddfc7965075c6f9,,,,,
genuine_population,hv_page_3b6fda6742,126710BLNR,established_dealer,m6_local_R,R,1,0,7ddfc7965075c6f9,,,,,
genuine_population,hv_page_3b6fda6742,126710BLNR,established_dealer,m6_raw,px,1,0,7ddfc7965075c6f9,,,,,
genuine_population,hv_page_3b6fda6742,126710BLNR,established_dealer,m6_raw_R,R,1,0,7ddfc7965075c6f9,,,,,
genuine_population,hv_page_3b6fda6742,126710BLNR,established_dealer,m6_local_tangential_R,R,1,0,7ddfc7965075c6f9,,,,,
genuine_population,hv_page_3b6fda6742,126710BLNR,established_dealer,m6_local_radial_R,R,1,0,7ddfc7965075c6f9,,,,,
genuine_population,hv_page_3b6fda6742,126710BLNR,established_dealer,m9_rotation,deg,1,1,7ddfc7965075c6f9,0.09624,0.09624,0.00000,0.09624,0.09624
genuine_population,hv_page_3b6fda6742,126710BLNR,established_dealer,m9_local,px,1,1,7ddfc7965075c6f9,1.39124,1.39124,0.00000,1.39124,1.39124
genuine_population,hv_page_3b6fda6742,126710BLNR,established_dealer,m9_local_R,R,1,1,7ddfc7965075c6f9,0.00320,0.00320,0.00000,0.00320,0.00320
genuine_population,hv_page_3b6fda6742,126710BLNR,established_dealer,m9_raw,px,1,1,7ddfc7965075c6f9,1.18426,1.18426,0.00000,1.18426,1.18426
genuine_population,hv_page_3b6fda6742,126710BLNR,established_dealer,m9_raw_R,R,1,1,7ddfc7965075c6f9,0.00272,0.00272,0.00000,0.00272,0.00272
genuine_population,hv_page_3b6fda6742,126710BLNR,established_dealer,m9_local_tangential_R,R,1,1,7ddfc7965075c6f9,-0.00028,-0.00028,0.00000,-0.00028,-0.00028
genuine_population,hv_page_3b6fda6742,126710BLNR,established_dealer,m9_local_radial_R,R,1,1,7ddfc7965075c6f9,0.00318,0.00318,0.00000,0.00318,0.00318
genuine_population,hv_page_3b6fda6742,126710BLNR,established_dealer,m12_centreline_rotation,deg,1,1,7ddfc7965075c6f9,0.07299,0.07299,0.00000,0.07299,0.07299
genuine_population,hv_page_3b6fda6742,126710BLNR,established_dealer,m12_raw,px,1,1,7ddfc7965075c6f9,1.39645,1.39645,0.00000,1.39645,1.39645
genuine_population,hv_page_3b6fda6742,126710BLNR,established_dealer,m12_raw_R,R,1,1,7ddfc7965075c6f9,0.00321,0.00321,0.00000,0.00321,0.00321
genuine_population,hv_page_3b6fda6742,126710BLNR,established_dealer,m12_local_R,R,1,1,7ddfc7965075c6f9,0.00374,0.00374,0.00000,0.00374,0.00374
genuine_population,hv_page_3b6fda6742,126710BLNR,established_dealer,m12_right_R,R,1,1,7ddfc7965075c6f9,-0.00022,-0.00022,0.00000,-0.00022,-0.00022
genuine_population,hv_page_3b6fda6742,126710BLNR,established_dealer,m12_down_R,R,1,1,7ddfc7965075c6f9,0.00322,0.00322,0.00000,0.00322,0.00322
genuine_population,hv_page_3b6fda6742,126710BLNR,established_dealer,m12_left_side_err,deg,1,1,7ddfc7965075c6f9,-0.08589,-0.08589,0.00000,-0.08589,-0.08589
genuine_population,hv_page_3b6fda6742,126710BLNR,established_dealer,m12_right_side_err,deg,1,1,7ddfc7965075c6f9,0.11193,0.11193,0.00000,0.11193,0.11193
genuine_population,hv_page_3b6fda6742,126710BLNR,established_dealer,m12_base_tilt,deg,1,1,7ddfc7965075c6f9,-0.35957,-0.35957,0.00000,-0.35957,-0.35957
genuine_population,hv_page_3b6fda6742,126710BLNR,established_dealer,rounds_max_local,px,1,1,7ddfc7965075c6f9,0.60024,0.60024,0.00000,0.60024,0.60024
genuine_population,hv_page_3b6fda6742,126710BLNR,established_dealer,rounds_max_local_R,R,1,1,7ddfc7965075c6f9,0.00138,0.00138,0.00000,0.00138,0.00138
genuine_population,hv_page_3b6fda6742,126710BLNR,established_dealer,rounds_usable,count,1,1,7ddfc7965075c6f9,8.00000,8.00000,0.00000,8.00000,8.00000
genuine_population,hv_page_3d5c6dde16,126710BLNR,established_dealer,ring_shift,px,1,1,a7fcdb60d7ce01fe,1.25838,1.25838,0.00000,1.25838,1.25838
genuine_population,hv_page_3d5c6dde16,126710BLNR,established_dealer,ring_shift_R,R,1,1,a7fcdb60d7ce01fe,0.00289,0.00289,0.00000,0.00289,0.00289
genuine_population,hv_page_3d5c6dde16,126710BLNR,established_dealer,ring_rotation,deg,1,1,a7fcdb60d7ce01fe,0.05940,0.05940,0.00000,0.05940,0.05940
genuine_population,hv_page_3d5c6dde16,126710BLNR,established_dealer,ring_scale,%,1,1,a7fcdb60d7ce01fe,0.05705,0.05705,0.00000,0.05705,0.05705
genuine_population,hv_page_3d5c6dde16,126710BLNR,established_dealer,m6_rotation,deg,1,1,a7fcdb60d7ce01fe,-0.09455,-0.09455,0.00000,-0.09455,-0.09455
genuine_population,hv_page_3d5c6dde16,126710BLNR,established_dealer,m6_local,px,1,1,a7fcdb60d7ce01fe,0.15851,0.15851,0.00000,0.15851,0.15851
genuine_population,hv_page_3d5c6dde16,126710BLNR,established_dealer,m6_local_R,R,1,1,a7fcdb60d7ce01fe,0.00036,0.00036,0.00000,0.00036,0.00036
genuine_population,hv_page_3d5c6dde16,126710BLNR,established_dealer,m6_raw,px,1,1,a7fcdb60d7ce01fe,0.94849,0.94849,0.00000,0.94849,0.94849
genuine_population,hv_page_3d5c6dde16,126710BLNR,established_dealer,m6_raw_R,R,1,1,a7fcdb60d7ce01fe,0.00218,0.00218,0.00000,0.00218,0.00218
genuine_population,hv_page_3d5c6dde16,126710BLNR,established_dealer,m6_local_tangential_R,R,1,1,a7fcdb60d7ce01fe,-0.00028,-0.00028,0.00000,-0.00028,-0.00028
genuine_population,hv_page_3d5c6dde16,126710BLNR,established_dealer,m6_local_radial_R,R,1,1,a7fcdb60d7ce01fe,0.00023,0.00023,0.00000,0.00023,0.00023
genuine_population,hv_page_3d5c6dde16,126710BLNR,established_dealer,m9_rotation,deg,1,1,a7fcdb60d7ce01fe,-0.24917,-0.24917,0.00000,-0.24917,-0.24917
genuine_population,hv_page_3d5c6dde16,126710BLNR,established_dealer,m9_local,px,1,1,a7fcdb60d7ce01fe,0.88871,0.88871,0.00000,0.88871,0.88871
genuine_population,hv_page_3d5c6dde16,126710BLNR,established_dealer,m9_local_R,R,1,1,a7fcdb60d7ce01fe,0.00204,0.00204,0.00000,0.00204,0.00204
genuine_population,hv_page_3d5c6dde16,126710BLNR,established_dealer,m9_raw,px,1,1,a7fcdb60d7ce01fe,2.08910,2.08910,0.00000,2.08910,2.08910
genuine_population,hv_page_3d5c6dde16,126710BLNR,established_dealer,m9_raw_R,R,1,1,a7fcdb60d7ce01fe,0.00479,0.00479,0.00000,0.00479,0.00479
genuine_population,hv_page_3d5c6dde16,126710BLNR,established_dealer,m9_local_tangential_R,R,1,1,a7fcdb60d7ce01fe,0.00089,0.00089,0.00000,0.00089,0.00089
genuine_population,hv_page_3d5c6dde16,126710BLNR,established_dealer,m9_local_radial_R,R,1,1,a7fcdb60d7ce01fe,0.00183,0.00183,0.00000,0.00183,0.00183
genuine_population,hv_page_3d5c6dde16,126710BLNR,established_dealer,m12_centreline_rotation,deg,1,1,a7fcdb60d7ce01fe,0.04708,0.04708,0.00000,0.04708,0.04708
genuine_population,hv_page_3d5c6dde16,126710BLNR,established_dealer,m12_raw,px,1,1,a7fcdb60d7ce01fe,0.60109,0.60109,0.00000,0.60109,0.60109
genuine_population,hv_page_3d5c6dde16,126710BLNR,established_dealer,m12_raw_R,R,1,1,a7fcdb60d7ce01fe,0.00138,0.00138,0.00000,0.00138,0.00138
genuine_population,hv_page_3d5c6dde16,126710BLNR,established_dealer,m12_local_R,R,1,1,a7fcdb60d7ce01fe,0.00489,0.00489,0.00000,0.00489,0.00489
genuine_population,hv_page_3d5c6dde16,126710BLNR,established_dealer,m12_right_R,R,1,1,a7fcdb60d7ce01fe,-0.00090,-0.00090,0.00000,-0.00090,-0.00090
genuine_population,hv_page_3d5c6dde16,126710BLNR,established_dealer,m12_down_R,R,1,1,a7fcdb60d7ce01fe,0.00106,0.00106,0.00000,0.00106,0.00106
genuine_population,hv_page_3d5c6dde16,126710BLNR,established_dealer,m12_left_side_err,deg,1,1,a7fcdb60d7ce01fe,-0.04505,-0.04505,0.00000,-0.04505,-0.04505
genuine_population,hv_page_3d5c6dde16,126710BLNR,established_dealer,m12_right_side_err,deg,1,1,a7fcdb60d7ce01fe,0.17436,0.17436,0.00000,0.17436,0.17436
genuine_population,hv_page_3d5c6dde16,126710BLNR,established_dealer,m12_base_tilt,deg,1,1,a7fcdb60d7ce01fe,0.17376,0.17376,0.00000,0.17376,0.17376
genuine_population,hv_page_3d5c6dde16,126710BLNR,established_dealer,rounds_max_local,px,1,1,a7fcdb60d7ce01fe,0.42233,0.42233,0.00000,0.42233,0.42233
genuine_population,hv_page_3d5c6dde16,126710BLNR,established_dealer,rounds_max_local_R,R,1,1,a7fcdb60d7ce01fe,0.00097,0.00097,0.00000,0.00097,0.00097
genuine_population,hv_page_3d5c6dde16,126710BLNR,established_dealer,rounds_usable,count,1,1,a7fcdb60d7ce01fe,8.00000,8.00000,0.00000,8.00000,8.00000
genuine_population,hv_page_4c7f2c1acc,126711CHNR,established_dealer,ring_shift,px,1,0,8d35b6970b618157,,,,,
genuine_population,hv_page_4c7f2c1acc,126711CHNR,established_dealer,ring_shift_R,R,1,0,8d35b6970b618157,,,,,
genuine_population,hv_page_4c7f2c1acc,126711CHNR,established_dealer,ring_rotation,deg,1,0,8d35b6970b618157,,,,,
genuine_population,hv_page_4c7f2c1acc,126711CHNR,established_dealer,ring_scale,%,1,0,8d35b6970b618157,,,,,
genuine_population,hv_page_4c7f2c1acc,126711CHNR,established_dealer,m6_rotation,deg,1,0,8d35b6970b618157,,,,,
genuine_population,hv_page_4c7f2c1acc,126711CHNR,established_dealer,m6_local,px,1,0,8d35b6970b618157,,,,,
genuine_population,hv_page_4c7f2c1acc,126711CHNR,established_dealer,m6_local_R,R,1,0,8d35b6970b618157,,,,,
genuine_population,hv_page_4c7f2c1acc,126711CHNR,established_dealer,m6_raw,px,1,0,8d35b6970b618157,,,,,
genuine_population,hv_page_4c7f2c1acc,126711CHNR,established_dealer,m6_raw_R,R,1,0,8d35b6970b618157,,,,,
genuine_population,hv_page_4c7f2c1acc,126711CHNR,established_dealer,m6_local_tangential_R,R,1,0,8d35b6970b618157,,,,,
genuine_population,hv_page_4c7f2c1acc,126711CHNR,established_dealer,m6_local_radial_R,R,1,0,8d35b6970b618157,,,,,
genuine_population,hv_page_4c7f2c1acc,126711CHNR,established_dealer,m9_rotation,deg,1,1,8d35b6970b618157,0.59324,0.59324,0.00000,0.59324,0.59324
genuine_population,hv_page_4c7f2c1acc,126711CHNR,established_dealer,m9_local,px,1,0,8d35b6970b618157,,,,,
genuine_population,hv_page_4c7f2c1acc,126711CHNR,established_dealer,m9_local_R,R,1,0,8d35b6970b618157,,,,,
genuine_population,hv_page_4c7f2c1acc,126711CHNR,established_dealer,m9_raw,px,1,1,8d35b6970b618157,3.39380,3.39380,0.00000,3.39380,3.39380
genuine_population,hv_page_4c7f2c1acc,126711CHNR,established_dealer,m9_raw_R,R,1,1,8d35b6970b618157,0.00939,0.00939,0.00000,0.00939,0.00939
genuine_population,hv_page_4c7f2c1acc,126711CHNR,established_dealer,m9_local_tangential_R,R,1,0,8d35b6970b618157,,,,,
genuine_population,hv_page_4c7f2c1acc,126711CHNR,established_dealer,m9_local_radial_R,R,1,0,8d35b6970b618157,,,,,
genuine_population,hv_page_4c7f2c1acc,126711CHNR,established_dealer,m12_centreline_rotation,deg,1,1,8d35b6970b618157,1.70253,1.70253,0.00000,1.70253,1.70253
genuine_population,hv_page_4c7f2c1acc,126711CHNR,established_dealer,m12_raw,px,1,1,8d35b6970b618157,12.89028,12.89028,0.00000,12.89028,12.89028
genuine_population,hv_page_4c7f2c1acc,126711CHNR,established_dealer,m12_raw_R,R,1,1,8d35b6970b618157,0.03568,0.03568,0.00000,0.03568,0.03568
genuine_population,hv_page_4c7f2c1acc,126711CHNR,established_dealer,m12_local_R,R,1,0,8d35b6970b618157,,,,,
genuine_population,hv_page_4c7f2c1acc,126711CHNR,established_dealer,m12_right_R,R,1,1,8d35b6970b618157,0.01885,0.01885,0.00000,0.01885,0.01885
genuine_population,hv_page_4c7f2c1acc,126711CHNR,established_dealer,m12_down_R,R,1,1,8d35b6970b618157,0.03026,0.03026,0.00000,0.03026,0.03026
genuine_population,hv_page_4c7f2c1acc,126711CHNR,established_dealer,m12_left_side_err,deg,1,1,8d35b6970b618157,3.20303,3.20303,0.00000,3.20303,3.20303
genuine_population,hv_page_4c7f2c1acc,126711CHNR,established_dealer,m12_right_side_err,deg,1,1,8d35b6970b618157,0.11754,0.11754,0.00000,0.11754,0.11754
genuine_population,hv_page_4c7f2c1acc,126711CHNR,established_dealer,m12_base_tilt,deg,1,1,8d35b6970b618157,1.34886,1.34886,0.00000,1.34886,1.34886
genuine_population,hv_page_4c7f2c1acc,126711CHNR,established_dealer,rounds_max_local,px,1,0,8d35b6970b618157,,,,,
genuine_population,hv_page_4c7f2c1acc,126711CHNR,established_dealer,rounds_max_local_R,R,1,0,8d35b6970b618157,,,,,
genuine_population,hv_page_4c7f2c1acc,126711CHNR,established_dealer,rounds_usable,count,1,1,8d35b6970b618157,0.00000,0.00000,0.00000,0.00000,0.00000
genuine_population,hv_page_4cffae5ac4,126710BLNR,established_dealer,ring_shift,px,1,1,b0a1a6ff0bf6db97,0.49828,0.49828,0.00000,0.49828,0.49828
genuine_population,hv_page_4cffae5ac4,126710BLNR,established_dealer,ring_shift_R,R,1,1,b0a1a6ff0bf6db97,0.00114,0.00114,0.00000,0.00114,0.00114
genuine_population,hv_page_4cffae5ac4,126710BLNR,established_dealer,ring_rotation,deg,1,1,b0a1a6ff0bf6db97,0.00772,0.00772,0.00000,0.00772,0.00772
genuine_population,hv_page_4cffae5ac4,126710BLNR,established_dealer,ring_scale,%,1,1,b0a1a6ff0bf6db97,0.04052,0.04052,0.00000,0.04052,0.04052
genuine_population,hv_page_4cffae5ac4,126710BLNR,established_dealer,m6_rotation,deg,1,1,b0a1a6ff0bf6db97,-0.15098,-0.15098,0.00000,-0.15098,-0.15098
genuine_population,hv_page_4cffae5ac4,126710BLNR,established_dealer,m6_local,px,1,1,b0a1a6ff0bf6db97,0.18826,0.18826,0.00000,0.18826,0.18826
genuine_population,hv_page_4cffae5ac4,126710BLNR,established_dealer,m6_local_R,R,1,1,b0a1a6ff0bf6db97,0.00043,0.00043,0.00000,0.00043,0.00043
genuine_population,hv_page_4cffae5ac4,126710BLNR,established_dealer,m6_raw,px,1,1,b0a1a6ff0bf6db97,0.45440,0.45440,0.00000,0.45440,0.45440
genuine_population,hv_page_4cffae5ac4,126710BLNR,established_dealer,m6_raw_R,R,1,1,b0a1a6ff0bf6db97,0.00104,0.00104,0.00000,0.00104,0.00104
genuine_population,hv_page_4cffae5ac4,126710BLNR,established_dealer,m6_local_tangential_R,R,1,1,b0a1a6ff0bf6db97,-0.00042,-0.00042,0.00000,-0.00042,-0.00042
genuine_population,hv_page_4cffae5ac4,126710BLNR,established_dealer,m6_local_radial_R,R,1,1,b0a1a6ff0bf6db97,-0.00008,-0.00008,0.00000,-0.00008,-0.00008
genuine_population,hv_page_4cffae5ac4,126710BLNR,established_dealer,m9_rotation,deg,1,1,b0a1a6ff0bf6db97,0.51742,0.51742,0.00000,0.51742,0.51742
genuine_population,hv_page_4cffae5ac4,126710BLNR,established_dealer,m9_local,px,1,1,b0a1a6ff0bf6db97,1.10756,1.10756,0.00000,1.10756,1.10756
genuine_population,hv_page_4cffae5ac4,126710BLNR,established_dealer,m9_local_R,R,1,1,b0a1a6ff0bf6db97,0.00254,0.00254,0.00000,0.00254,0.00254
genuine_population,hv_page_4cffae5ac4,126710BLNR,established_dealer,m9_raw,px,1,1,b0a1a6ff0bf6db97,1.21030,1.21030,0.00000,1.21030,1.21030
genuine_population,hv_page_4cffae5ac4,126710BLNR,established_dealer,m9_raw_R,R,1,1,b0a1a6ff0bf6db97,0.00278,0.00278,0.00000,0.00278,0.00278
genuine_population,hv_page_4cffae5ac4,126710BLNR,established_dealer,m9_local_tangential_R,R,1,1,b0a1a6ff0bf6db97,-0.00034,-0.00034,0.00000,-0.00034,-0.00034
genuine_population,hv_page_4cffae5ac4,126710BLNR,established_dealer,m9_local_radial_R,R,1,1,b0a1a6ff0bf6db97,0.00251,0.00251,0.00000,0.00251,0.00251
genuine_population,hv_page_4cffae5ac4,126710BLNR,established_dealer,m12_centreline_rotation,deg,1,1,b0a1a6ff0bf6db97,0.16871,0.16871,0.00000,0.16871,0.16871
genuine_population,hv_page_4cffae5ac4,126710BLNR,established_dealer,m12_raw,px,1,1,b0a1a6ff0bf6db97,0.93071,0.93071,0.00000,0.93071,0.93071
genuine_population,hv_page_4cffae5ac4,126710BLNR,established_dealer,m12_raw_R,R,1,1,b0a1a6ff0bf6db97,0.00214,0.00214,0.00000,0.00214,0.00214
genuine_population,hv_page_4cffae5ac4,126710BLNR,established_dealer,m12_local_R,R,1,1,b0a1a6ff0bf6db97,0.00358,0.00358,0.00000,0.00358,0.00358
genuine_population,hv_page_4cffae5ac4,126710BLNR,established_dealer,m12_right_R,R,1,1,b0a1a6ff0bf6db97,0.00015,0.00015,0.00000,0.00015,0.00015
genuine_population,hv_page_4cffae5ac4,126710BLNR,established_dealer,m12_down_R,R,1,1,b0a1a6ff0bf6db97,0.00215,0.00215,0.00000,0.00215,0.00215
genuine_population,hv_page_4cffae5ac4,126710BLNR,established_dealer,m12_left_side_err,deg,1,1,b0a1a6ff0bf6db97,-0.05804,-0.05804,0.00000,-0.05804,-0.05804
genuine_population,hv_page_4cffae5ac4,126710BLNR,established_dealer,m12_right_side_err,deg,1,1,b0a1a6ff0bf6db97,0.42062,0.42062,0.00000,0.42062,0.42062
genuine_population,hv_page_4cffae5ac4,126710BLNR,established_dealer,m12_base_tilt,deg,1,1,b0a1a6ff0bf6db97,0.25838,0.25838,0.00000,0.25838,0.25838
genuine_population,hv_page_4cffae5ac4,126710BLNR,established_dealer,rounds_max_local,px,1,1,b0a1a6ff0bf6db97,0.45497,0.45497,0.00000,0.45497,0.45497
genuine_population,hv_page_4cffae5ac4,126710BLNR,established_dealer,rounds_max_local_R,R,1,1,b0a1a6ff0bf6db97,0.00104,0.00104,0.00000,0.00104,0.00104
genuine_population,hv_page_4cffae5ac4,126710BLNR,established_dealer,rounds_usable,count,1,1,b0a1a6ff0bf6db97,7.00000,7.00000,0.00000,7.00000,7.00000
genuine_population,hv_page_4d76330046,126711CHNR,established_dealer,ring_shift,px,2,2,cbee1a6f6b7b4528,2.30374,1.40471,0.89903,0.50568,2.30374
genuine_population,hv_page_4d76330046,126711CHNR,established_dealer,ring_shift_R,R,2,2,cbee1a6f6b7b4528,0.00367,0.00332,0.00034,0.00298,0.00367
genuine_population,hv_page_4d76330046,126711CHNR,established_dealer,ring_rotation,deg,2,2,cbee1a6f6b7b4528,0.00577,-0.00707,0.01284,-0.01992,0.00577
genuine_population,hv_page_4d76330046,126711CHNR,established_dealer,ring_scale,%,2,2,cbee1a6f6b7b4528,-0.08750,-0.05064,0.03685,-0.08750,-0.01379
genuine_population,hv_page_4d76330046,126711CHNR,established_dealer,m6_rotation,deg,2,2,cbee1a6f6b7b4528,0.40910,0.27521,0.13389,0.14133,0.40910
genuine_population,hv_page_4d76330046,126711CHNR,established_dealer,m6_local,px,2,2,cbee1a6f6b7b4528,0.67181,0.53073,0.14108,0.38966,0.67181
genuine_population,hv_page_4d76330046,126711CHNR,established_dealer,m6_local_R,R,2,2,cbee1a6f6b7b4528,0.00107,0.00168,0.00061,0.00107,0.00230
genuine_population,hv_page_4d76330046,126711CHNR,established_dealer,m6_raw,px,2,2,cbee1a6f6b7b4528,2.20715,1.28455,0.92260,0.36195,2.20715
genuine_population,hv_page_4d76330046,126711CHNR,established_dealer,m6_raw_R,R,2,2,cbee1a6f6b7b4528,0.00351,0.00282,0.00069,0.00214,0.00351
genuine_population,hv_page_4d76330046,126711CHNR,established_dealer,m6_local_tangential_R,R,2,2,cbee1a6f6b7b4528,0.00020,0.00034,0.00014,0.00020,0.00048
genuine_population,hv_page_4d76330046,126711CHNR,established_dealer,m6_local_radial_R,R,2,2,cbee1a6f6b7b4528,0.00106,0.00166,0.00060,0.00106,0.00226
genuine_population,hv_page_4d76330046,126711CHNR,established_dealer,m9_rotation,deg,2,2,cbee1a6f6b7b4528,0.46596,0.44013,0.02582,0.41431,0.46596
genuine_population,hv_page_4d76330046,126711CHNR,established_dealer,m9_local,px,2,2,cbee1a6f6b7b4528,1.44755,1.00799,0.43955,0.56844,1.44755
genuine_population,hv_page_4d76330046,126711CHNR,established_dealer,m9_local_R,R,2,2,cbee1a6f6b7b4528,0.00231,0.00283,0.00052,0.00231,0.00335
genuine_population,hv_page_4d76330046,126711CHNR,established_dealer,m9_raw,px,2,2,cbee1a6f6b7b4528,3.02468,1.97114,1.05354,0.91761,3.02468
genuine_population,hv_page_4d76330046,126711CHNR,established_dealer,m9_raw_R,R,2,2,cbee1a6f6b7b4528,0.00482,0.00511,0.00030,0.00482,0.00541
genuine_population,hv_page_4d76330046,126711CHNR,established_dealer,m9_local_tangential_R,R,2,2,cbee1a6f6b7b4528,0.00012,-0.00008,0.00020,-0.00028,0.00012
genuine_population,hv_page_4d76330046,126711CHNR,established_dealer,m9_local_radial_R,R,2,2,cbee1a6f6b7b4528,0.00232,0.00285,0.00052,0.00232,0.00337
genuine_population,hv_page_4d76330046,126711CHNR,established_dealer,m12_centreline_rotation,deg,2,2,cbee1a6f6b7b4528,-0.77730,-0.83732,0.06002,-0.89735,-0.77730
genuine_population,hv_page_4d76330046,126711CHNR,established_dealer,m12_raw,px,2,2,cbee1a6f6b7b4528,3.88315,2.46009,1.42306,1.03704,3.88315
genuine_population,hv_page_4d76330046,126711CHNR,established_dealer,m12_raw_R,R,2,2,cbee1a6f6b7b4528,0.00618,0.00615,0.00003,0.00612,0.00618
genuine_population,hv_page_4d76330046,126711CHNR,established_dealer,m12_local_R,R,2,2,cbee1a6f6b7b4528,0.00712,0.00689,0.00023,0.00666,0.00712
genuine_population,hv_page_4d76330046,126711CHNR,established_dealer,m12_right_R,R,2,2,cbee1a6f6b7b4528,-0.00473,-0.00468,0.00006,-0.00473,-0.00462
genuine_population,hv_page_4d76330046,126711CHNR,established_dealer,m12_down_R,R,2,2,cbee1a6f6b7b4528,0.00405,0.00407,0.00002,0.00405,0.00409
genuine_population,hv_page_4d76330046,126711CHNR,established_dealer,m12_left_side_err,deg,2,2,cbee1a6f6b7b4528,-0.94234,-0.93529,0.00704,-0.94234,-0.92825
genuine_population,hv_page_4d76330046,126711CHNR,established_dealer,m12_right_side_err,deg,2,2,cbee1a6f6b7b4528,-0.67086,-0.69295,0.02209,-0.71504,-0.67086
genuine_population,hv_page_4d76330046,126711CHNR,established_dealer,m12_base_tilt,deg,2,2,cbee1a6f6b7b4528,-0.98795,-0.66981,0.31814,-0.98795,-0.35167
genuine_population,hv_page_4d76330046,126711CHNR,established_dealer,rounds_max_local,px,2,2,cbee1a6f6b7b4528,0.78961,0.57290,0.21671,0.35620,0.78961
genuine_population,hv_page_4d76330046,126711CHNR,established_dealer,rounds_max_local_R,R,2,2,cbee1a6f6b7b4528,0.00126,0.00168,0.00042,0.00126,0.00210
genuine_population,hv_page_4d76330046,126711CHNR,established_dealer,rounds_usable,count,2,2,cbee1a6f6b7b4528,4.00000,5.00000,1.00000,4.00000,6.00000
genuine_population,hv_page_4f2029765c,126711CHNR,established_dealer,ring_shift,px,3,2,e4e203107901244d,,0.76651,0.12660,0.63991,0.89311
genuine_population,hv_page_4f2029765c,126711CHNR,established_dealer,ring_shift_R,R,3,2,e4e203107901244d,,0.00349,0.00021,0.00328,0.00370
genuine_population,hv_page_4f2029765c,126711CHNR,established_dealer,ring_rotation,deg,3,2,e4e203107901244d,,0.06239,0.01429,0.04810,0.07668
genuine_population,hv_page_4f2029765c,126711CHNR,established_dealer,ring_scale,%,3,2,e4e203107901244d,,-0.17805,0.00541,-0.18346,-0.17264
genuine_population,hv_page_4f2029765c,126711CHNR,established_dealer,m6_rotation,deg,3,3,e4e203107901244d,-0.04402,-0.04402,0.20428,-0.24830,0.64912
genuine_population,hv_page_4f2029765c,126711CHNR,established_dealer,m6_local,px,3,2,e4e203107901244d,,0.26211,0.04897,0.21315,0.31108
genuine_population,hv_page_4f2029765c,126711CHNR,established_dealer,m6_local_R,R,3,2,e4e203107901244d,,0.00129,0.00051,0.00078,0.00180
genuine_population,hv_page_4f2029765c,126711CHNR,established_dealer,m6_raw,px,3,3,e4e203107901244d,2.38932,1.24766,0.18033,1.06733,2.38932
genuine_population,hv_page_4f2029765c,126711CHNR,established_dealer,m6_raw_R,R,3,3,e4e203107901244d,0.00373,0.00392,0.00019,0.00373,0.00722
genuine_population,hv_page_4f2029765c,126711CHNR,established_dealer,m6_local_tangential_R,R,3,2,e4e203107901244d,,0.00030,0.00094,-0.00064,0.00124
genuine_population,hv_page_4f2029765c,126711CHNR,established_dealer,m6_local_radial_R,R,3,2,e4e203107901244d,,-0.00043,0.00088,-0.00131,0.00046
genuine_population,hv_page_4f2029765c,126711CHNR,established_dealer,m9_rotation,deg,3,3,e4e203107901244d,0.14111,0.01843,0.06680,-0.04837,0.14111
genuine_population,hv_page_4f2029765c,126711CHNR,established_dealer,m9_local,px,3,2,e4e203107901244d,,0.71164,0.18318,0.52846,0.89482
genuine_population,hv_page_4f2029765c,126711CHNR,established_dealer,m9_local_R,R,3,2,e4e203107901244d,,0.00317,0.00012,0.00306,0.00329
genuine_population,hv_page_4f2029765c,126711CHNR,established_dealer,m9_raw,px,3,3,e4e203107901244d,2.36300,1.53555,0.50442,1.03113,2.36300
genuine_population,hv_page_4f2029765c,126711CHNR,established_dealer,m9_raw_R,R,3,3,e4e203107901244d,0.00369,0.00564,0.00032,0.00369,0.00597
genuine_population,hv_page_4f2029765c,126711CHNR,established_dealer,m9_local_tangential_R,R,3,2,e4e203107901244d,,0.00073,0.00011,0.00062,0.00084
genuine_population,hv_page_4f2029765c,126711CHNR,established_dealer,m9_local_radial_R,R,3,2,e4e203107901244d,,0.00312,0.00010,0.00303,0.00322
genuine_population,hv_page_4f2029765c,126711CHNR,established_dealer,m12_centreline_rotation,deg,3,3,e4e203107901244d,-0.12663,-0.13419,0.00756,-0.15808,-0.12663
genuine_population,hv_page_4f2029765c,126711CHNR,established_dealer,m12_raw,px,3,3,e4e203107901244d,2.57617,1.22059,0.48597,0.73462,2.57617
genuine_population,hv_page_4f2029765c,126711CHNR,established_dealer,m12_raw_R,R,3,3,e4e203107901244d,0.00402,0.00425,0.00023,0.00402,0.00448
genuine_population,hv_page_4f2029765c,126711CHNR,established_dealer,m12_local_R,R,3,2,e4e203107901244d,,0.00474,0.00001,0.00473,0.00475
genuine_population,hv_page_4f2029765c,126711CHNR,established_dealer,m12_right_R,R,3,3,e4e203107901244d,-0.00218,-0.00231,0.00013,-0.00243,-0.00218
genuine_population,hv_page_4f2029765c,126711CHNR,established_dealer,m12_down_R,R,3,3,e4e203107901244d,0.00341,0.00351,0.00011,0.00341,0.00387
genuine_population,hv_page_4f2029765c,126711CHNR,established_dealer,m12_left_side_err,deg,3,3,e4e203107901244d,0.04426,0.08788,0.02846,0.04426,0.11634
genuine_population,hv_page_4f2029765c,126711CHNR,established_dealer,m12_right_side_err,deg,3,3,e4e203107901244d,-0.18262,-0.34659,0.03499,-0.38158,-0.18262
genuine_population,hv_page_4f2029765c,126711CHNR,established_dealer,m12_base_tilt,deg,3,3,e4e203107901244d,0.29555,0.00737,0.08206,-0.07469,0.29555
genuine_population,hv_page_4f2029765c,126711CHNR,established_dealer,rounds_max_local,px,3,2,e4e203107901244d,,0.55088,0.09020,0.46068,0.64107
genuine_population,hv_page_4f2029765c,126711CHNR,established_dealer,rounds_max_local_R,R,3,2,e4e203107901244d,,0.00251,0.00015,0.00235,0.00266
genuine_population,hv_page_4f2029765c,126711CHNR,established_dealer,rounds_usable,count,3,3,e4e203107901244d,2.00000,5.00000,0.00000,2.00000,5.00000
genuine_population,hv_page_525f08a5be,126710GRNR,established_dealer,ring_shift,px,1,1,8eb7af5d4e04cb5d,0.88484,0.88484,0.00000,0.88484,0.88484
genuine_population,hv_page_525f08a5be,126710GRNR,established_dealer,ring_shift_R,R,1,1,8eb7af5d4e04cb5d,0.00204,0.00204,0.00000,0.00204,0.00204
genuine_population,hv_page_525f08a5be,126710GRNR,established_dealer,ring_rotation,deg,1,1,8eb7af5d4e04cb5d,-0.03410,-0.03410,0.00000,-0.03410,-0.03410
genuine_population,hv_page_525f08a5be,126710GRNR,established_dealer,ring_scale,%,1,1,8eb7af5d4e04cb5d,0.00919,0.00919,0.00000,0.00919,0.00919
genuine_population,hv_page_525f08a5be,126710GRNR,established_dealer,m6_rotation,deg,1,1,8eb7af5d4e04cb5d,0.00520,0.00520,0.00000,0.00520,0.00520
genuine_population,hv_page_525f08a5be,126710GRNR,established_dealer,m6_local,px,1,1,8eb7af5d4e04cb5d,0.81719,0.81719,0.00000,0.81719,0.81719
genuine_population,hv_page_525f08a5be,126710GRNR,established_dealer,m6_local_R,R,1,1,8eb7af5d4e04cb5d,0.00188,0.00188,0.00000,0.00188,0.00188
genuine_population,hv_page_525f08a5be,126710GRNR,established_dealer,m6_raw,px,1,1,8eb7af5d4e04cb5d,0.05947,0.05947,0.00000,0.05947,0.05947
genuine_population,hv_page_525f08a5be,126710GRNR,established_dealer,m6_raw_R,R,1,1,8eb7af5d4e04cb5d,0.00014,0.00014,0.00000,0.00014,0.00014
genuine_population,hv_page_525f08a5be,126710GRNR,established_dealer,m6_local_tangential_R,R,1,1,8eb7af5d4e04cb5d,-0.00050,-0.00050,0.00000,-0.00050,-0.00050
genuine_population,hv_page_525f08a5be,126710GRNR,established_dealer,m6_local_radial_R,R,1,1,8eb7af5d4e04cb5d,0.00181,0.00181,0.00000,0.00181,0.00181
genuine_population,hv_page_525f08a5be,126710GRNR,established_dealer,m9_rotation,deg,1,1,8eb7af5d4e04cb5d,0.17780,0.17780,0.00000,0.17780,0.17780
genuine_population,hv_page_525f08a5be,126710GRNR,established_dealer,m9_local,px,1,1,8eb7af5d4e04cb5d,1.06363,1.06363,0.00000,1.06363,1.06363
genuine_population,hv_page_525f08a5be,126710GRNR,established_dealer,m9_local_R,R,1,1,8eb7af5d4e04cb5d,0.00245,0.00245,0.00000,0.00245,0.00245
genuine_population,hv_page_525f08a5be,126710GRNR,established_dealer,m9_raw,px,1,1,8eb7af5d4e04cb5d,1.74891,1.74891,0.00000,1.74891,1.74891
genuine_population,hv_page_525f08a5be,126710GRNR,established_dealer,m9_raw_R,R,1,1,8eb7af5d4e04cb5d,0.00403,0.00403,0.00000,0.00403,0.00403
genuine_population,hv_page_525f08a5be,126710GRNR,established_dealer,m9_local_tangential_R,R,1,1,8eb7af5d4e04cb5d,0.00133,0.00133,0.00000,0.00133,0.00133
genuine_population,hv_page_525f08a5be,126710GRNR,established_dealer,m9_local_radial_R,R,1,1,8eb7af5d4e04cb5d,0.00205,0.00205,0.00000,0.00205,0.00205
genuine_population,hv_page_525f08a5be,126710GRNR,established_dealer,m12_centreline_rotation,deg,1,1,8eb7af5d4e04cb5d,0.49976,0.49976,0.00000,0.49976,0.49976
genuine_population,hv_page_525f08a5be,126710GRNR,established_dealer,m12_raw,px,1,1,8eb7af5d4e04cb5d,0.92253,0.92253,0.00000,0.92253,0.92253
genuine_population,hv_page_525f08a5be,126710GRNR,established_dealer,m12_raw_R,R,1,1,8eb7af5d4e04cb5d,0.00212,0.00212,0.00000,0.00212,0.00212
genuine_population,hv_page_525f08a5be,126710GRNR,established_dealer,m12_local_R,R,1,1,8eb7af5d4e04cb5d,0.00293,0.00293,0.00000,0.00293,0.00293
genuine_population,hv_page_525f08a5be,126710GRNR,established_dealer,m12_right_R,R,1,1,8eb7af5d4e04cb5d,-0.00191,-0.00191,0.00000,-0.00191,-0.00191
genuine_population,hv_page_525f08a5be,126710GRNR,established_dealer,m12_down_R,R,1,1,8eb7af5d4e04cb5d,0.00094,0.00094,0.00000,0.00094,0.00094
genuine_population,hv_page_525f08a5be,126710GRNR,established_dealer,m12_left_side_err,deg,1,1,8eb7af5d4e04cb5d,0.40351,0.40351,0.00000,0.40351,0.40351
genuine_population,hv_page_525f08a5be,126710GRNR,established_dealer,m12_right_side_err,deg,1,1,8eb7af5d4e04cb5d,0.67019,0.67019,0.00000,0.67019,0.67019
genuine_population,hv_page_525f08a5be,126710GRNR,established_dealer,m12_base_tilt,deg,1,1,8eb7af5d4e04cb5d,0.76649,0.76649,0.00000,0.76649,0.76649
genuine_population,hv_page_525f08a5be,126710GRNR,established_dealer,rounds_max_local,px,1,1,8eb7af5d4e04cb5d,0.64302,0.64302,0.00000,0.64302,0.64302
genuine_population,hv_page_525f08a5be,126710GRNR,established_dealer,rounds_max_local_R,R,1,1,8eb7af5d4e04cb5d,0.00148,0.00148,0.00000,0.00148,0.00148
genuine_population,hv_page_525f08a5be,126710GRNR,established_dealer,rounds_usable,count,1,1,8eb7af5d4e04cb5d,7.00000,7.00000,0.00000,7.00000,7.00000
genuine_population,hv_page_54612422f7,126711CHNR,established_dealer,ring_shift,px,2,2,d57e2051d203d214,1.34761,0.92023,0.42738,0.49285,1.34761
genuine_population,hv_page_54612422f7,126711CHNR,established_dealer,ring_shift_R,R,2,2,d57e2051d203d214,0.00217,0.00201,0.00016,0.00185,0.00217
genuine_population,hv_page_54612422f7,126711CHNR,established_dealer,ring_rotation,deg,2,2,d57e2051d203d214,0.05124,0.05600,0.00476,0.05124,0.06076
genuine_population,hv_page_54612422f7,126711CHNR,established_dealer,ring_scale,%,2,2,d57e2051d203d214,-0.16642,-0.14117,0.02525,-0.16642,-0.11593
genuine_population,hv_page_54612422f7,126711CHNR,established_dealer,m6_rotation,deg,2,2,d57e2051d203d214,0.50084,0.62352,0.12268,0.50084,0.74620
genuine_population,hv_page_54612422f7,126711CHNR,established_dealer,m6_local,px,2,2,d57e2051d203d214,1.46729,1.07637,0.39092,0.68544,1.46729
genuine_population,hv_page_54612422f7,126711CHNR,established_dealer,m6_local_R,R,2,2,d57e2051d203d214,0.00236,0.00247,0.00011,0.00236,0.00258
genuine_population,hv_page_54612422f7,126711CHNR,established_dealer,m6_raw,px,2,2,d57e2051d203d214,1.71042,1.23472,0.47571,0.75901,1.71042
genuine_population,hv_page_54612422f7,126711CHNR,established_dealer,m6_raw_R,R,2,2,d57e2051d203d214,0.00276,0.00281,0.00005,0.00276,0.00286
genuine_population,hv_page_54612422f7,126711CHNR,established_dealer,m6_local_tangential_R,R,2,2,d57e2051d203d214,0.00049,0.00060,0.00010,0.00049,0.00070
genuine_population,hv_page_54612422f7,126711CHNR,established_dealer,m6_local_radial_R,R,2,2,d57e2051d203d214,0.00229,0.00237,0.00008,0.00229,0.00246
genuine_population,hv_page_54612422f7,126711CHNR,established_dealer,m9_rotation,deg,2,2,d57e2051d203d214,0.04767,-0.04020,0.08787,-0.12807,0.04767
genuine_population,hv_page_54612422f7,126711CHNR,established_dealer,m9_local,px,2,2,d57e2051d203d214,1.07483,0.72653,0.34829,0.37824,1.07483
genuine_population,hv_page_54612422f7,126711CHNR,established_dealer,m9_local_R,R,2,2,d57e2051d203d214,0.00173,0.00158,0.00015,0.00142,0.00173
genuine_population,hv_page_54612422f7,126711CHNR,established_dealer,m9_raw,px,2,2,d57e2051d203d214,2.29998,1.62145,0.67854,0.94291,2.29998
genuine_population,hv_page_54612422f7,126711CHNR,established_dealer,m9_raw_R,R,2,2,d57e2051d203d214,0.00371,0.00363,0.00008,0.00355,0.00371
genuine_population,hv_page_54612422f7,126711CHNR,established_dealer,m9_local_tangential_R,R,2,2,d57e2051d203d214,0.00113,0.00122,0.00008,0.00113,0.00130
genuine_population,hv_page_54612422f7,126711CHNR,established_dealer,m9_local_radial_R,R,2,2,d57e2051d203d214,0.00131,0.00094,0.00037,0.00057,0.00131
genuine_population,hv_page_54612422f7,126711CHNR,established_dealer,m12_centreline_rotation,deg,2,2,d57e2051d203d214,-0.27220,-0.26370,0.00850,-0.27220,-0.25520
genuine_population,hv_page_54612422f7,126711CHNR,established_dealer,m12_raw,px,2,2,d57e2051d203d214,2.87252,2.04772,0.82480,1.22292,2.87252
genuine_population,hv_page_54612422f7,126711CHNR,established_dealer,m12_raw_R,R,2,2,d57e2051d203d214,0.00463,0.00462,0.00001,0.00460,0.00463
genuine_population,hv_page_54612422f7,126711CHNR,established_dealer,m12_local_R,R,2,2,d57e2051d203d214,0.00464,0.00474,0.00010,0.00464,0.00483
genuine_population,hv_page_54612422f7,126711CHNR,established_dealer,m12_right_R,R,2,2,d57e2051d203d214,-0.00146,-0.00140,0.00006,-0.00146,-0.00133
genuine_population,hv_page_54612422f7,126711CHNR,established_dealer,m12_down_R,R,2,2,d57e2051d203d214,0.00440,0.00441,0.00001,0.00440,0.00442
genuine_population,hv_page_54612422f7,126711CHNR,established_dealer,m12_left_side_err,deg,2,2,d57e2051d203d214,-0.41062,-0.40263,0.00798,-0.41062,-0.39465
genuine_population,hv_page_54612422f7,126711CHNR,established_dealer,m12_right_side_err,deg,2,2,d57e2051d203d214,-0.12920,-0.13982,0.01061,-0.15043,-0.12920
genuine_population,hv_page_54612422f7,126711CHNR,established_dealer,m12_base_tilt,deg,2,2,d57e2051d203d214,-0.25577,-0.31790,0.06213,-0.38002,-0.25577
genuine_population,hv_page_54612422f7,126711CHNR,established_dealer,rounds_max_local,px,2,2,d57e2051d203d214,1.39353,0.87705,0.51648,0.36058,1.39353
genuine_population,hv_page_54612422f7,126711CHNR,established_dealer,rounds_max_local_R,R,2,2,d57e2051d203d214,0.00225,0.00180,0.00044,0.00136,0.00225
genuine_population,hv_page_54612422f7,126711CHNR,established_dealer,rounds_usable,count,2,2,d57e2051d203d214,7.00000,7.00000,0.00000,7.00000,7.00000
genuine_population,hv_page_57d486cff3,126710BLRO,established_dealer,ring_shift,px,1,1,c68ad7934502cfb2,1.42989,1.42989,0.00000,1.42989,1.42989
genuine_population,hv_page_57d486cff3,126710BLRO,established_dealer,ring_shift_R,R,1,1,c68ad7934502cfb2,0.00329,0.00329,0.00000,0.00329,0.00329
genuine_population,hv_page_57d486cff3,126710BLRO,established_dealer,ring_rotation,deg,1,1,c68ad7934502cfb2,-0.02379,-0.02379,0.00000,-0.02379,-0.02379
genuine_population,hv_page_57d486cff3,126710BLRO,established_dealer,ring_scale,%,1,1,c68ad7934502cfb2,-0.02849,-0.02849,0.00000,-0.02849,-0.02849
genuine_population,hv_page_57d486cff3,126710BLRO,established_dealer,m6_rotation,deg,1,1,c68ad7934502cfb2,-0.02335,-0.02335,0.00000,-0.02335,-0.02335
genuine_population,hv_page_57d486cff3,126710BLRO,established_dealer,m6_local,px,1,1,c68ad7934502cfb2,1.03544,1.03544,0.00000,1.03544,1.03544
genuine_population,hv_page_57d486cff3,126710BLRO,established_dealer,m6_local_R,R,1,1,c68ad7934502cfb2,0.00238,0.00238,0.00000,0.00238,0.00238
genuine_population,hv_page_57d486cff3,126710BLRO,established_dealer,m6_raw,px,1,1,c68ad7934502cfb2,0.47112,0.47112,0.00000,0.47112,0.47112
genuine_population,hv_page_57d486cff3,126710BLRO,established_dealer,m6_raw_R,R,1,1,c68ad7934502cfb2,0.00108,0.00108,0.00000,0.00108,0.00108
genuine_population,hv_page_57d486cff3,126710BLRO,established_dealer,m6_local_tangential_R,R,1,1,c68ad7934502cfb2,-0.00018,-0.00018,0.00000,-0.00018,-0.00018
genuine_population,hv_page_57d486cff3,126710BLRO,established_dealer,m6_local_radial_R,R,1,1,c68ad7934502cfb2,0.00237,0.00237,0.00000,0.00237,0.00237
genuine_population,hv_page_57d486cff3,126710BLRO,established_dealer,m9_rotation,deg,1,1,c68ad7934502cfb2,-0.01355,-0.01355,0.00000,-0.01355,-0.01355
genuine_population,hv_page_57d486cff3,126710BLRO,established_dealer,m9_local,px,1,1,c68ad7934502cfb2,0.85618,0.85618,0.00000,0.85618,0.85618
genuine_population,hv_page_57d486cff3,126710BLRO,established_dealer,m9_local_R,R,1,1,c68ad7934502cfb2,0.00197,0.00197,0.00000,0.00197,0.00197
genuine_population,hv_page_57d486cff3,126710BLRO,established_dealer,m9_raw,px,1,1,c68ad7934502cfb2,1.69999,1.69999,0.00000,1.69999,1.69999
genuine_population,hv_page_57d486cff3,126710BLRO,established_dealer,m9_raw_R,R,1,1,c68ad7934502cfb2,0.00391,0.00391,0.00000,0.00391,0.00391
genuine_population,hv_page_57d486cff3,126710BLRO,established_dealer,m9_local_tangential_R,R,1,1,c68ad7934502cfb2,0.00017,0.00017,0.00000,0.00017,0.00017
genuine_population,hv_page_57d486cff3,126710BLRO,established_dealer,m9_local_radial_R,R,1,1,c68ad7934502cfb2,0.00196,0.00196,0.00000,0.00196,0.00196
genuine_population,hv_page_57d486cff3,126710BLRO,established_dealer,m12_centreline_rotation,deg,1,1,c68ad7934502cfb2,0.29121,0.29121,0.00000,0.29121,0.29121
genuine_population,hv_page_57d486cff3,126710BLRO,established_dealer,m12_raw,px,1,1,c68ad7934502cfb2,0.73495,0.73495,0.00000,0.73495,0.73495
genuine_population,hv_page_57d486cff3,126710BLRO,established_dealer,m12_raw_R,R,1,1,c68ad7934502cfb2,0.00169,0.00169,0.00000,0.00169,0.00169
genuine_population,hv_page_57d486cff3,126710BLRO,established_dealer,m12_local_R,R,1,1,c68ad7934502cfb2,0.00280,0.00280,0.00000,0.00280,0.00280
genuine_population,hv_page_57d486cff3,126710BLRO,established_dealer,m12_right_R,R,1,1,c68ad7934502cfb2,-0.00167,-0.00167,0.00000,-0.00167,-0.00167
genuine_population,hv_page_57d486cff3,126710BLRO,established_dealer,m12_down_R,R,1,1,c68ad7934502cfb2,-0.00026,-0.00026,0.00000,-0.00026,-0.00026
genuine_population,hv_page_57d486cff3,126710BLRO,established_dealer,m12_left_side_err,deg,1,1,c68ad7934502cfb2,0.16984,0.16984,0.00000,0.16984,0.16984
genuine_population,hv_page_57d486cff3,126710BLRO,established_dealer,m12_right_side_err,deg,1,1,c68ad7934502cfb2,0.45100,0.45100,0.00000,0.45100,0.45100
genuine_population,hv_page_57d486cff3,126710BLRO,established_dealer,m12_base_tilt,deg,1,1,c68ad7934502cfb2,0.42925,0.42925,0.00000,0.42925,0.42925
genuine_population,hv_page_57d486cff3,126710BLRO,established_dealer,rounds_max_local,px,1,1,c68ad7934502cfb2,0.51406,0.51406,0.00000,0.51406,0.51406
genuine_population,hv_page_57d486cff3,126710BLRO,established_dealer,rounds_max_local_R,R,1,1,c68ad7934502cfb2,0.00118,0.00118,0.00000,0.00118,0.00118
genuine_population,hv_page_57d486cff3,126710BLRO,established_dealer,rounds_usable,count,1,1,c68ad7934502cfb2,7.00000,7.00000,0.00000,7.00000,7.00000
genuine_population,hv_page_58aba667cf,126710GRNR,established_dealer,ring_shift,px,1,1,708ff4c725496d44,0.17645,0.17645,0.00000,0.17645,0.17645
genuine_population,hv_page_58aba667cf,126710GRNR,established_dealer,ring_shift_R,R,1,1,708ff4c725496d44,0.00041,0.00041,0.00000,0.00041,0.00041
genuine_population,hv_page_58aba667cf,126710GRNR,established_dealer,ring_rotation,deg,1,1,708ff4c725496d44,0.08054,0.08054,0.00000,0.08054,0.08054
genuine_population,hv_page_58aba667cf,126710GRNR,established_dealer,ring_scale,%,1,1,708ff4c725496d44,0.09634,0.09634,0.00000,0.09634,0.09634
genuine_population,hv_page_58aba667cf,126710GRNR,established_dealer,m6_rotation,deg,1,1,708ff4c725496d44,0.33636,0.33636,0.00000,0.33636,0.33636
genuine_population,hv_page_58aba667cf,126710GRNR,established_dealer,m6_local,px,1,1,708ff4c725496d44,0.38490,0.38490,0.00000,0.38490,0.38490
genuine_population,hv_page_58aba667cf,126710GRNR,established_dealer,m6_local_R,R,1,1,708ff4c725496d44,0.00089,0.00089,0.00000,0.00089,0.00089
genuine_population,hv_page_58aba667cf,126710GRNR,established_dealer,m6_raw,px,1,1,708ff4c725496d44,0.94104,0.94104,0.00000,0.94104,0.94104
genuine_population,hv_page_58aba667cf,126710GRNR,established_dealer,m6_raw_R,R,1,1,708ff4c725496d44,0.00216,0.00216,0.00000,0.00216,0.00216
genuine_population,hv_page_58aba667cf,126710GRNR,established_dealer,m6_local_tangential_R,R,1,1,708ff4c725496d44,0.00034,0.00034,0.00000,0.00034,0.00034
genuine_population,hv_page_58aba667cf,126710GRNR,established_dealer,m6_local_radial_R,R,1,1,708ff4c725496d44,0.00082,0.00082,0.00000,0.00082,0.00082
genuine_population,hv_page_58aba667cf,126710GRNR,established_dealer,m9_rotation,deg,1,1,708ff4c725496d44,0.06156,0.06156,0.00000,0.06156,0.06156
genuine_population,hv_page_58aba667cf,126710GRNR,established_dealer,m9_local,px,1,1,708ff4c725496d44,0.99301,0.99301,0.00000,0.99301,0.99301
genuine_population,hv_page_58aba667cf,126710GRNR,established_dealer,m9_local_R,R,1,1,708ff4c725496d44,0.00229,0.00229,0.00000,0.00229,0.00229
genuine_population,hv_page_58aba667cf,126710GRNR,established_dealer,m9_raw,px,1,1,708ff4c725496d44,1.55705,1.55705,0.00000,1.55705,1.55705
genuine_population,hv_page_58aba667cf,126710GRNR,established_dealer,m9_raw_R,R,1,1,708ff4c725496d44,0.00358,0.00358,0.00000,0.00358,0.00358
genuine_population,hv_page_58aba667cf,126710GRNR,established_dealer,m9_local_tangential_R,R,1,1,708ff4c725496d44,-0.00000,-0.00000,0.00000,-0.00000,-0.00000
genuine_population,hv_page_58aba667cf,126710GRNR,established_dealer,m9_local_radial_R,R,1,1,708ff4c725496d44,0.00228,0.00228,0.00000,0.00228,0.00228
genuine_population,hv_page_58aba667cf,126710GRNR,established_dealer,m12_centreline_rotation,deg,1,1,708ff4c725496d44,0.10202,0.10202,0.00000,0.10202,0.10202
genuine_population,hv_page_58aba667cf,126710GRNR,established_dealer,m12_raw,px,1,1,708ff4c725496d44,1.19411,1.19411,0.00000,1.19411,1.19411
genuine_population,hv_page_58aba667cf,126710GRNR,established_dealer,m12_raw_R,R,1,1,708ff4c725496d44,0.00275,0.00275,0.00000,0.00275,0.00275
genuine_population,hv_page_58aba667cf,126710GRNR,established_dealer,m12_local_R,R,1,1,708ff4c725496d44,0.00385,0.00385,0.00000,0.00385,0.00385
genuine_population,hv_page_58aba667cf,126710GRNR,established_dealer,m12_right_R,R,1,1,708ff4c725496d44,-0.00005,-0.00005,0.00000,-0.00005,-0.00005
genuine_population,hv_page_58aba667cf,126710GRNR,established_dealer,m12_down_R,R,1,1,708ff4c725496d44,0.00275,0.00275,0.00000,0.00275,0.00275
genuine_population,hv_page_58aba667cf,126710GRNR,established_dealer,m12_left_side_err,deg,1,1,708ff4c725496d44,-0.03955,-0.03955,0.00000,-0.03955,-0.03955
genuine_population,hv_page_58aba667cf,126710GRNR,established_dealer,m12_right_side_err,deg,1,1,708ff4c725496d44,0.27260,0.27260,0.00000,0.27260,0.27260
genuine_population,hv_page_58aba667cf,126710GRNR,established_dealer,m12_base_tilt,deg,1,1,708ff4c725496d44,0.20612,0.20612,0.00000,0.20612,0.20612
genuine_population,hv_page_58aba667cf,126710GRNR,established_dealer,rounds_max_local,px,1,1,708ff4c725496d44,0.64848,0.64848,0.00000,0.64848,0.64848
genuine_population,hv_page_58aba667cf,126710GRNR,established_dealer,rounds_max_local_R,R,1,1,708ff4c725496d44,0.00149,0.00149,0.00000,0.00149,0.00149
genuine_population,hv_page_58aba667cf,126710GRNR,established_dealer,rounds_usable,count,1,1,708ff4c725496d44,7.00000,7.00000,0.00000,7.00000,7.00000
genuine_population,hv_page_62d53b2c8a,126710GRNR,rolex_cpo,ring_shift,px,1,1,84aa128bff06f3d7,0.25943,0.25943,0.00000,0.25943,0.25943
genuine_population,hv_page_62d53b2c8a,126710GRNR,rolex_cpo,ring_shift_R,R,1,1,84aa128bff06f3d7,0.00182,0.00182,0.00000,0.00182,0.00182
genuine_population,hv_page_62d53b2c8a,126710GRNR,rolex_cpo,ring_rotation,deg,1,1,84aa128bff06f3d7,-0.02039,-0.02039,0.00000,-0.02039,-0.02039
genuine_population,hv_page_62d53b2c8a,126710GRNR,rolex_cpo,ring_scale,%,1,1,84aa128bff06f3d7,-0.07640,-0.07640,0.00000,-0.07640,-0.07640
genuine_population,hv_page_62d53b2c8a,126710GRNR,rolex_cpo,m6_rotation,deg,1,0,84aa128bff06f3d7,,,,,
genuine_population,hv_page_62d53b2c8a,126710GRNR,rolex_cpo,m6_local,px,1,0,84aa128bff06f3d7,,,,,
genuine_population,hv_page_62d53b2c8a,126710GRNR,rolex_cpo,m6_local_R,R,1,0,84aa128bff06f3d7,,,,,
genuine_population,hv_page_62d53b2c8a,126710GRNR,rolex_cpo,m6_raw,px,1,0,84aa128bff06f3d7,,,,,
genuine_population,hv_page_62d53b2c8a,126710GRNR,rolex_cpo,m6_raw_R,R,1,0,84aa128bff06f3d7,,,,,
genuine_population,hv_page_62d53b2c8a,126710GRNR,rolex_cpo,m6_local_tangential_R,R,1,0,84aa128bff06f3d7,,,,,
genuine_population,hv_page_62d53b2c8a,126710GRNR,rolex_cpo,m6_local_radial_R,R,1,0,84aa128bff06f3d7,,,,,
genuine_population,hv_page_62d53b2c8a,126710GRNR,rolex_cpo,m9_rotation,deg,1,1,84aa128bff06f3d7,-0.34575,-0.34575,0.00000,-0.34575,-0.34575
genuine_population,hv_page_62d53b2c8a,126710GRNR,rolex_cpo,m9_local,px,1,1,84aa128bff06f3d7,0.38308,0.38308,0.00000,0.38308,0.38308
genuine_population,hv_page_62d53b2c8a,126710GRNR,rolex_cpo,m9_local_R,R,1,1,84aa128bff06f3d7,0.00269,0.00269,0.00000,0.00269,0.00269
genuine_population,hv_page_62d53b2c8a,126710GRNR,rolex_cpo,m9_raw,px,1,1,84aa128bff06f3d7,0.27462,0.27462,0.00000,0.27462,0.27462
genuine_population,hv_page_62d53b2c8a,126710GRNR,rolex_cpo,m9_raw_R,R,1,1,84aa128bff06f3d7,0.00193,0.00193,0.00000,0.00193,0.00193
genuine_population,hv_page_62d53b2c8a,126710GRNR,rolex_cpo,m9_local_tangential_R,R,1,1,84aa128bff06f3d7,-0.00223,-0.00223,0.00000,-0.00223,-0.00223
genuine_population,hv_page_62d53b2c8a,126710GRNR,rolex_cpo,m9_local_radial_R,R,1,1,84aa128bff06f3d7,-0.00153,-0.00153,0.00000,-0.00153,-0.00153
genuine_population,hv_page_62d53b2c8a,126710GRNR,rolex_cpo,m12_centreline_rotation,deg,1,1,84aa128bff06f3d7,-0.02207,-0.02207,0.00000,-0.02207,-0.02207
genuine_population,hv_page_62d53b2c8a,126710GRNR,rolex_cpo,m12_raw,px,1,1,84aa128bff06f3d7,0.81067,0.81067,0.00000,0.81067,0.81067
genuine_population,hv_page_62d53b2c8a,126710GRNR,rolex_cpo,m12_raw_R,R,1,1,84aa128bff06f3d7,0.00569,0.00569,0.00000,0.00569,0.00569
genuine_population,hv_page_62d53b2c8a,126710GRNR,rolex_cpo,m12_local_R,R,1,1,84aa128bff06f3d7,0.00700,0.00700,0.00000,0.00700,0.00700
genuine_population,hv_page_62d53b2c8a,126710GRNR,rolex_cpo,m12_right_R,R,1,1,84aa128bff06f3d7,0.00204,0.00204,0.00000,0.00204,0.00204
genuine_population,hv_page_62d53b2c8a,126710GRNR,rolex_cpo,m12_down_R,R,1,1,84aa128bff06f3d7,0.00536,0.00536,0.00000,0.00536,0.00536
genuine_population,hv_page_62d53b2c8a,126710GRNR,rolex_cpo,m12_left_side_err,deg,1,1,84aa128bff06f3d7,0.07381,0.07381,0.00000,0.07381,0.07381
genuine_population,hv_page_62d53b2c8a,126710GRNR,rolex_cpo,m12_right_side_err,deg,1,1,84aa128bff06f3d7,-0.05775,-0.05775,0.00000,-0.05775,-0.05775
genuine_population,hv_page_62d53b2c8a,126710GRNR,rolex_cpo,m12_base_tilt,deg,1,1,84aa128bff06f3d7,0.19817,0.19817,0.00000,0.19817,0.19817
genuine_population,hv_page_62d53b2c8a,126710GRNR,rolex_cpo,rounds_max_local,px,1,1,84aa128bff06f3d7,0.28798,0.28798,0.00000,0.28798,0.28798
genuine_population,hv_page_62d53b2c8a,126710GRNR,rolex_cpo,rounds_max_local_R,R,1,1,84aa128bff06f3d7,0.00202,0.00202,0.00000,0.00202,0.00202
genuine_population,hv_page_62d53b2c8a,126710GRNR,rolex_cpo,rounds_usable,count,1,1,84aa128bff06f3d7,6.00000,6.00000,0.00000,6.00000,6.00000
genuine_population,hv_page_6c7e84c33d,126710BLRO,established_dealer,ring_shift,px,1,1,c399d2c9539f9537,1.80226,1.80226,0.00000,1.80226,1.80226
genuine_population,hv_page_6c7e84c33d,126710BLRO,established_dealer,ring_shift_R,R,1,1,c399d2c9539f9537,0.00415,0.00415,0.00000,0.00415,0.00415
genuine_population,hv_page_6c7e84c33d,126710BLRO,established_dealer,ring_rotation,deg,1,1,c399d2c9539f9537,-0.05662,-0.05662,0.00000,-0.05662,-0.05662
genuine_population,hv_page_6c7e84c33d,126710BLRO,established_dealer,ring_scale,%,1,1,c399d2c9539f9537,-0.04190,-0.04190,0.00000,-0.04190,-0.04190
genuine_population,hv_page_6c7e84c33d,126710BLRO,established_dealer,m6_rotation,deg,1,1,c399d2c9539f9537,0.37754,0.37754,0.00000,0.37754,0.37754
genuine_population,hv_page_6c7e84c33d,126710BLRO,established_dealer,m6_local,px,1,1,c399d2c9539f9537,0.84077,0.84077,0.00000,0.84077,0.84077
genuine_population,hv_page_6c7e84c33d,126710BLRO,established_dealer,m6_local_R,R,1,1,c399d2c9539f9537,0.00194,0.00194,0.00000,0.00194,0.00194
genuine_population,hv_page_6c7e84c33d,126710BLRO,established_dealer,m6_raw,px,1,1,c399d2c9539f9537,1.27209,1.27209,0.00000,1.27209,1.27209
genuine_population,hv_page_6c7e84c33d,126710BLRO,established_dealer,m6_raw_R,R,1,1,c399d2c9539f9537,0.00293,0.00293,0.00000,0.00293,0.00293
genuine_population,hv_page_6c7e84c33d,126710BLRO,established_dealer,m6_local_tangential_R,R,1,1,c399d2c9539f9537,0.00045,0.00045,0.00000,0.00045,0.00045
genuine_population,hv_page_6c7e84c33d,126710BLRO,established_dealer,m6_local_radial_R,R,1,1,c399d2c9539f9537,0.00188,0.00188,0.00000,0.00188,0.00188
genuine_population,hv_page_6c7e84c33d,126710BLRO,established_dealer,m9_rotation,deg,1,1,c399d2c9539f9537,-0.05450,-0.05450,0.00000,-0.05450,-0.05450
genuine_population,hv_page_6c7e84c33d,126710BLRO,established_dealer,m9_local,px,1,1,c399d2c9539f9537,0.42339,0.42339,0.00000,0.42339,0.42339
genuine_population,hv_page_6c7e84c33d,126710BLRO,established_dealer,m9_local_R,R,1,1,c399d2c9539f9537,0.00098,0.00098,0.00000,0.00098,0.00098
genuine_population,hv_page_6c7e84c33d,126710BLRO,established_dealer,m9_raw,px,1,1,c399d2c9539f9537,1.43786,1.43786,0.00000,1.43786,1.43786
genuine_population,hv_page_6c7e84c33d,126710BLRO,established_dealer,m9_raw_R,R,1,1,c399d2c9539f9537,0.00331,0.00331,0.00000,0.00331,0.00331
genuine_population,hv_page_6c7e84c33d,126710BLRO,established_dealer,m9_local_tangential_R,R,1,1,c399d2c9539f9537,0.00007,0.00007,0.00000,0.00007,0.00007
genuine_population,hv_page_6c7e84c33d,126710BLRO,established_dealer,m9_local_radial_R,R,1,1,c399d2c9539f9537,0.00097,0.00097,0.00000,0.00097,0.00097
genuine_population,hv_page_6c7e84c33d,126710BLRO,established_dealer,m12_centreline_rotation,deg,1,1,c399d2c9539f9537,-0.18503,-0.18503,0.00000,-0.18503,-0.18503
genuine_population,hv_page_6c7e84c33d,126710BLRO,established_dealer,m12_raw,px,1,1,c399d2c9539f9537,0.17400,0.17400,0.00000,0.17400,0.17400
genuine_population,hv_page_6c7e84c33d,126710BLRO,established_dealer,m12_raw_R,R,1,1,c399d2c9539f9537,0.00040,0.00040,0.00000,0.00040,0.00040
genuine_population,hv_page_6c7e84c33d,126710BLRO,established_dealer,m12_local_R,R,1,1,c399d2c9539f9537,0.00381,0.00381,0.00000,0.00381,0.00381
genuine_population,hv_page_6c7e84c33d,126710BLRO,established_dealer,m12_right_R,R,1,1,c399d2c9539f9537,0.00031,0.00031,0.00000,0.00031,0.00031
genuine_population,hv_page_6c7e84c33d,126710BLRO,established_dealer,m12_down_R,R,1,1,c399d2c9539f9537,0.00026,0.00026,0.00000,0.00026,0.00026
genuine_population,hv_page_6c7e84c33d,126710BLRO,established_dealer,m12_left_side_err,deg,1,1,c399d2c9539f9537,-0.36602,-0.36602,0.00000,-0.36602,-0.36602
genuine_population,hv_page_6c7e84c33d,126710BLRO,established_dealer,m12_right_side_err,deg,1,1,c399d2c9539f9537,0.04244,0.04244,0.00000,0.04244,0.04244
genuine_population,hv_page_6c7e84c33d,126710BLRO,established_dealer,m12_base_tilt,deg,1,1,c399d2c9539f9537,-0.01890,-0.01890,0.00000,-0.01890,-0.01890
genuine_population,hv_page_6c7e84c33d,126710BLRO,established_dealer,rounds_max_local,px,1,1,c399d2c9539f9537,0.71253,0.71253,0.00000,0.71253,0.71253
genuine_population,hv_page_6c7e84c33d,126710BLRO,established_dealer,rounds_max_local_R,R,1,1,c399d2c9539f9537,0.00164,0.00164,0.00000,0.00164,0.00164
genuine_population,hv_page_6c7e84c33d,126710BLRO,established_dealer,rounds_usable,count,1,1,c399d2c9539f9537,7.00000,7.00000,0.00000,7.00000,7.00000
genuine_population,hv_page_6d3d310e79,126711CHNR,auction_house,ring_shift,px,8,8,7fc62dec9c35f7d5,1.57014,0.83635,0.44636,0.38341,1.57014
genuine_population,hv_page_6d3d310e79,126711CHNR,auction_house,ring_shift_R,R,8,8,7fc62dec9c35f7d5,0.00410,0.00371,0.00019,0.00303,0.00410
genuine_population,hv_page_6d3d310e79,126711CHNR,auction_house,ring_rotation,deg,8,8,7fc62dec9c35f7d5,0.03272,0.03526,0.00584,0.02722,0.06505
genuine_population,hv_page_6d3d310e79,126711CHNR,auction_house,ring_scale,%,8,8,7fc62dec9c35f7d5,-0.14487,-0.13092,0.01250,-0.16433,0.03031
genuine_population,hv_page_6d3d310e79,126711CHNR,auction_house,m6_rotation,deg,8,8,7fc62dec9c35f7d5,0.33606,0.52251,0.13699,0.33606,0.83939
genuine_population,hv_page_6d3d310e79,126711CHNR,auction_house,m6_local,px,8,8,7fc62dec9c35f7d5,1.21286,0.69888,0.36936,0.15913,1.21286
genuine_population,hv_page_6d3d310e79,126711CHNR,auction_house,m6_local_R,R,8,8,7fc62dec9c35f7d5,0.00316,0.00293,0.00016,0.00155,0.00316
genuine_population,hv_page_6d3d310e79,126711CHNR,auction_house,m6_raw,px,8,8,7fc62dec9c35f7d5,2.05921,1.11484,0.65126,0.36800,2.05921
genuine_population,hv_page_6d3d310e79,126711CHNR,auction_house,m6_raw_R,R,8,8,7fc62dec9c35f7d5,0.00537,0.00487,0.00048,0.00349,0.00537
genuine_population,hv_page_6d3d310e79,126711CHNR,auction_house,m6_local_tangential_R,R,8,8,7fc62dec9c35f7d5,0.00032,0.00015,0.00027,-0.00072,0.00044
genuine_population,hv_page_6d3d310e79,126711CHNR,auction_house,m6_local_radial_R,R,8,8,7fc62dec9c35f7d5,0.00310,0.00286,0.00017,0.00134,0.00310
genuine_population,hv_page_6d3d310e79,126711CHNR,auction_house,m9_rotation,deg,8,8,7fc62dec9c35f7d5,-0.06288,-0.12215,0.06592,-0.29137,0.06666
genuine_population,hv_page_6d3d310e79,126711CHNR,auction_house,m9_local,px,8,8,7fc62dec9c35f7d5,0.33342,0.30723,0.03978,0.09824,0.36068
genuine_population,hv_page_6d3d310e79,126711CHNR,auction_house,m9_local_R,R,8,8,7fc62dec9c35f7d5,0.00087,0.00111,0.00042,0.00044,0.00203
genuine_population,hv_page_6d3d310e79,126711CHNR,auction_house,m9_raw,px,8,8,7fc62dec9c35f7d5,1.45192,0.83421,0.30261,0.47076,1.48567
genuine_population,hv_page_6d3d310e79,126711CHNR,auction_house,m9_raw_R,R,8,8,7fc62dec9c35f7d5,0.00379,0.00389,0.00007,0.00306,0.00459
genuine_population,hv_page_6d3d310e79,126711CHNR,auction_house,m9_local_tangential_R,R,8,8,7fc62dec9c35f7d5,0.00033,0.00030,0.00014,-0.00145,0.00116
genuine_population,hv_page_6d3d310e79,126711CHNR,auction_house,m9_local_radial_R,R,8,8,7fc62dec9c35f7d5,0.00082,0.00098,0.00016,0.00040,0.00176
genuine_population,hv_page_6d3d310e79,126711CHNR,auction_house,m12_centreline_rotation,deg,8,8,7fc62dec9c35f7d5,-0.89527,-0.91080,0.07365,-1.10074,-0.26200
genuine_population,hv_page_6d3d310e79,126711CHNR,auction_house,m12_raw,px,8,8,7fc62dec9c35f7d5,2.92807,1.85210,0.79812,0.93847,2.93281
genuine_population,hv_page_6d3d310e79,126711CHNR,auction_house,m12_raw_R,R,8,8,7fc62dec9c35f7d5,0.00764,0.00776,0.00036,0.00718,0.00978
genuine_population,hv_page_6d3d310e79,126711CHNR,auction_house,m12_local_R,R,8,8,7fc62dec9c35f7d5,0.00416,0.00507,0.00052,0.00416,0.00691
genuine_population,hv_page_6d3d310e79,126711CHNR,auction_house,m12_right_R,R,8,8,7fc62dec9c35f7d5,-0.00559,-0.00559,0.00011,-0.00639,-0.00501
genuine_population,hv_page_6d3d310e79,126711CHNR,auction_house,m12_down_R,R,8,8,7fc62dec9c35f7d5,0.00512,0.00526,0.00039,-0.00733,0.00629
genuine_population,hv_page_6d3d310e79,126711CHNR,auction_house,m12_left_side_err,deg,8,8,7fc62dec9c35f7d5,-0.90477,-0.91784,0.03967,-3.24610,-0.86052
genuine_population,hv_page_6d3d310e79,126711CHNR,auction_house,m12_right_side_err,deg,8,8,7fc62dec9c35f7d5,-0.70897,-0.72555,0.02209,-0.81486,3.09260
genuine_population,hv_page_6d3d310e79,126711CHNR,auction_house,m12_base_tilt,deg,8,8,7fc62dec9c35f7d5,-0.25760,-0.17420,0.07959,-0.71587,0.78053
genuine_population,hv_page_6d3d310e79,126711CHNR,auction_house,rounds_max_local,px,8,8,7fc62dec9c35f7d5,0.55653,0.41824,0.11288,0.21007,0.55653
genuine_population,hv_page_6d3d310e79,126711CHNR,auction_house,rounds_max_local_R,R,8,8,7fc62dec9c35f7d5,0.00145,0.00152,0.00006,0.00144,0.00467
genuine_population,hv_page_6d3d310e79,126711CHNR,auction_house,rounds_usable,count,8,8,7fc62dec9c35f7d5,6.00000,6.00000,0.00000,6.00000,7.00000
genuine_population,hv_page_6f8a29a642,126715CHNR,established_dealer,ring_shift,px,1,1,215b8f46d1da4a01,0.63590,0.63590,0.00000,0.63590,0.63590
genuine_population,hv_page_6f8a29a642,126715CHNR,established_dealer,ring_shift_R,R,1,1,215b8f46d1da4a01,0.00269,0.00269,0.00000,0.00269,0.00269
genuine_population,hv_page_6f8a29a642,126715CHNR,established_dealer,ring_rotation,deg,1,1,215b8f46d1da4a01,0.02195,0.02195,0.00000,0.02195,0.02195
genuine_population,hv_page_6f8a29a642,126715CHNR,established_dealer,ring_scale,%,1,1,215b8f46d1da4a01,-0.01963,-0.01963,0.00000,-0.01963,-0.01963
genuine_population,hv_page_6f8a29a642,126715CHNR,established_dealer,m6_rotation,deg,1,1,215b8f46d1da4a01,-0.15115,-0.15115,0.00000,-0.15115,-0.15115
genuine_population,hv_page_6f8a29a642,126715CHNR,established_dealer,m6_local,px,1,1,215b8f46d1da4a01,0.32472,0.32472,0.00000,0.32472,0.32472
genuine_population,hv_page_6f8a29a642,126715CHNR,established_dealer,m6_local_R,R,1,1,215b8f46d1da4a01,0.00137,0.00137,0.00000,0.00137,0.00137
genuine_population,hv_page_6f8a29a642,126715CHNR,established_dealer,m6_raw,px,1,1,215b8f46d1da4a01,0.78307,0.78307,0.00000,0.78307,0.78307
genuine_population,hv_page_6f8a29a642,126715CHNR,established_dealer,m6_raw_R,R,1,1,215b8f46d1da4a01,0.00331,0.00331,0.00000,0.00331,0.00331
genuine_population,hv_page_6f8a29a642,126715CHNR,established_dealer,m6_local_tangential_R,R,1,1,215b8f46d1da4a01,0.00127,0.00127,0.00000,0.00127,0.00127
genuine_population,hv_page_6f8a29a642,126715CHNR,established_dealer,m6_local_radial_R,R,1,1,215b8f46d1da4a01,-0.00051,-0.00051,0.00000,-0.00051,-0.00051
genuine_population,hv_page_6f8a29a642,126715CHNR,established_dealer,m9_rotation,deg,1,1,215b8f46d1da4a01,-0.29108,-0.29108,0.00000,-0.29108,-0.29108
genuine_population,hv_page_6f8a29a642,126715CHNR,established_dealer,m9_local,px,1,1,215b8f46d1da4a01,0.55529,0.55529,0.00000,0.55529,0.55529
genuine_population,hv_page_6f8a29a642,126715CHNR,established_dealer,m9_local_R,R,1,1,215b8f46d1da4a01,0.00235,0.00235,0.00000,0.00235,0.00235
genuine_population,hv_page_6f8a29a642,126715CHNR,established_dealer,m9_raw,px,1,1,215b8f46d1da4a01,0.86954,0.86954,0.00000,0.86954,0.86954
genuine_population,hv_page_6f8a29a642,126715CHNR,established_dealer,m9_raw_R,R,1,1,215b8f46d1da4a01,0.00368,0.00368,0.00000,0.00368,0.00368
genuine_population,hv_page_6f8a29a642,126715CHNR,established_dealer,m9_local_tangential_R,R,1,1,215b8f46d1da4a01,0.00059,0.00059,0.00000,0.00059,0.00059
genuine_population,hv_page_6f8a29a642,126715CHNR,established_dealer,m9_local_radial_R,R,1,1,215b8f46d1da4a01,0.00226,0.00226,0.00000,0.00226,0.00226
genuine_population,hv_page_6f8a29a642,126715CHNR,established_dealer,m12_centreline_rotation,deg,1,1,215b8f46d1da4a01,-0.22970,-0.22970,0.00000,-0.22970,-0.22970
genuine_population,hv_page_6f8a29a642,126715CHNR,established_dealer,m12_raw,px,1,1,215b8f46d1da4a01,0.38177,0.38177,0.00000,0.38177,0.38177
genuine_population,hv_page_6f8a29a642,126715CHNR,established_dealer,m12_raw_R,R,1,1,215b8f46d1da4a01,0.00161,0.00161,0.00000,0.00161,0.00161
genuine_population,hv_page_6f8a29a642,126715CHNR,established_dealer,m12_local_R,R,1,1,215b8f46d1da4a01,0.00423,0.00423,0.00000,0.00423,0.00423
genuine_population,hv_page_6f8a29a642,126715CHNR,established_dealer,m12_right_R,R,1,1,215b8f46d1da4a01,-0.00030,-0.00030,0.00000,-0.00030,-0.00030
genuine_population,hv_page_6f8a29a642,126715CHNR,established_dealer,m12_down_R,R,1,1,215b8f46d1da4a01,0.00159,0.00159,0.00000,0.00159,0.00159
genuine_population,hv_page_6f8a29a642,126715CHNR,established_dealer,m12_left_side_err,deg,1,1,215b8f46d1da4a01,-0.40424,-0.40424,0.00000,-0.40424,-0.40424
genuine_population,hv_page_6f8a29a642,126715CHNR,established_dealer,m12_right_side_err,deg,1,1,215b8f46d1da4a01,-0.18690,-0.18690,0.00000,-0.18690,-0.18690
genuine_population,hv_page_6f8a29a642,126715CHNR,established_dealer,m12_base_tilt,deg,1,1,215b8f46d1da4a01,-0.70437,-0.70437,0.00000,-0.70437,-0.70437
genuine_population,hv_page_6f8a29a642,126715CHNR,established_dealer,rounds_max_local,px,1,1,215b8f46d1da4a01,0.39696,0.39696,0.00000,0.39696,0.39696
genuine_population,hv_page_6f8a29a642,126715CHNR,established_dealer,rounds_max_local_R,R,1,1,215b8f46d1da4a01,0.00168,0.00168,0.00000,0.00168,0.00168
genuine_population,hv_page_6f8a29a642,126715CHNR,established_dealer,rounds_usable,count,1,1,215b8f46d1da4a01,6.00000,6.00000,0.00000,6.00000,6.00000
genuine_population,hv_page_701654bab7,126711CHNR,established_dealer,ring_shift,px,3,3,2ada80cf4a87f599,1.04132,0.23251,0.07496,0.15755,1.04132
genuine_population,hv_page_701654bab7,126711CHNR,established_dealer,ring_shift_R,R,3,3,2ada80cf4a87f599,0.00177,0.00099,0.00001,0.00098,0.00177
genuine_population,hv_page_701654bab7,126711CHNR,established_dealer,ring_rotation,deg,3,3,2ada80cf4a87f599,0.03990,0.06883,0.00594,0.03990,0.07477
genuine_population,hv_page_701654bab7,126711CHNR,established_dealer,ring_scale,%,3,3,2ada80cf4a87f599,-0.18186,-0.15039,0.02172,-0.18186,-0.12867
genuine_population,hv_page_701654bab7,126711CHNR,established_dealer,m6_rotation,deg,3,3,2ada80cf4a87f599,0.46480,0.46480,0.00311,0.05708,0.46791
genuine_population,hv_page_701654bab7,126711CHNR,established_dealer,m6_local,px,3,3,2ada80cf4a87f599,1.03669,0.56804,0.40569,0.16235,1.03669
genuine_population,hv_page_701654bab7,126711CHNR,established_dealer,m6_local_R,R,3,3,2ada80cf4a87f599,0.00176,0.00176,0.00063,0.00102,0.00239
genuine_population,hv_page_701654bab7,126711CHNR,established_dealer,m6_raw,px,3,3,2ada80cf4a87f599,0.88776,0.18508,0.06821,0.11687,0.88776
genuine_population,hv_page_701654bab7,126711CHNR,established_dealer,m6_raw_R,R,3,3,2ada80cf4a87f599,0.00151,0.00116,0.00034,0.00049,0.00151
genuine_population,hv_page_701654bab7,126711CHNR,established_dealer,m6_local_tangential_R,R,3,3,2ada80cf4a87f599,-0.00057,-0.00049,0.00003,-0.00057,-0.00046
genuine_population,hv_page_701654bab7,126711CHNR,established_dealer,m6_local_radial_R,R,3,3,2ada80cf4a87f599,0.00165,0.00165,0.00067,0.00089,0.00232
genuine_population,hv_page_701654bab7,126711CHNR,established_dealer,m9_rotation,deg,3,3,2ada80cf4a87f599,0.21964,0.12641,0.04124,0.08517,0.21964
genuine_population,hv_page_701654bab7,126711CHNR,established_dealer,m9_local,px,3,3,2ada80cf4a87f599,0.77188,0.53087,0.09566,0.43521,0.77188
genuine_population,hv_page_701654bab7,126711CHNR,established_dealer,m9_local_R,R,3,3,2ada80cf4a87f599,0.00131,0.00223,0.00050,0.00131,0.00273
genuine_population,hv_page_701654bab7,126711CHNR,established_dealer,m9_raw,px,3,3,2ada80cf4a87f599,1.77028,0.69024,0.13152,0.55872,1.77028
genuine_population,hv_page_701654bab7,126711CHNR,established_dealer,m9_raw_R,R,3,3,2ada80cf4a87f599,0.00300,0.00300,0.00010,0.00290,0.00351
genuine_population,hv_page_701654bab7,126711CHNR,established_dealer,m9_local_tangential_R,R,3,3,2ada80cf4a87f599,0.00083,0.00083,0.00002,0.00081,0.00130
genuine_population,hv_page_701654bab7,126711CHNR,established_dealer,m9_local_radial_R,R,3,3,2ada80cf4a87f599,0.00102,0.00210,0.00033,0.00102,0.00243
genuine_population,hv_page_701654bab7,126711CHNR,established_dealer,m12_centreline_rotation,deg,3,3,2ada80cf4a87f599,-0.08693,-0.11838,0.03145,-0.18457,-0.08693
genuine_population,hv_page_701654bab7,126711CHNR,established_dealer,m12_raw,px,3,3,2ada80cf4a87f599,3.83642,1.44129,0.59124,0.85005,3.83642
genuine_population,hv_page_701654bab7,126711CHNR,established_dealer,m12_raw_R,R,3,3,2ada80cf4a87f599,0.00650,0.00606,0.00045,0.00534,0.00650
genuine_population,hv_page_701654bab7,126711CHNR,established_dealer,m12_local_R,R,3,3,2ada80cf4a87f599,0.00661,0.00630,0.00031,0.00564,0.00661
genuine_population,hv_page_701654bab7,126711CHNR,established_dealer,m12_right_R,R,3,3,2ada80cf4a87f599,-0.00218,-0.00196,0.00022,-0.00218,-0.00147
genuine_population,hv_page_701654bab7,126711CHNR,established_dealer,m12_down_R,R,3,3,2ada80cf4a87f599,0.00613,0.00573,0.00040,0.00513,0.00613
genuine_population,hv_page_701654bab7,126711CHNR,established_dealer,m12_left_side_err,deg,3,3,2ada80cf4a87f599,-0.19522,-0.20813,0.01291,-0.23135,-0.19522
genuine_population,hv_page_701654bab7,126711CHNR,established_dealer,m12_right_side_err,deg,3,3,2ada80cf4a87f599,-0.04528,-0.10324,0.05796,-0.18954,-0.04528
genuine_population,hv_page_701654bab7,126711CHNR,established_dealer,m12_base_tilt,deg,3,3,2ada80cf4a87f599,-0.32781,-0.37249,0.01605,-0.38854,-0.32781
genuine_population,hv_page_701654bab7,126711CHNR,established_dealer,rounds_max_local,px,3,3,2ada80cf4a87f599,0.48018,0.40021,0.07997,0.26910,0.48018
genuine_population,hv_page_701654bab7,126711CHNR,established_dealer,rounds_max_local_R,R,3,3,2ada80cf4a87f599,0.00081,0.00168,0.00001,0.00081,0.00169
genuine_population,hv_page_701654bab7,126711CHNR,established_dealer,rounds_usable,count,3,3,2ada80cf4a87f599,4.00000,6.00000,0.00000,4.00000,6.00000
genuine_population,hv_page_7301586955,126718GRNR,established_dealer,ring_shift,px,3,3,4c4c0f328fdf89be,3.14708,0.92273,0.41112,0.51161,3.14708
genuine_population,hv_page_7301586955,126718GRNR,established_dealer,ring_shift_R,R,3,3,4c4c0f328fdf89be,0.00401,0.00345,0.00042,0.00303,0.00401
genuine_population,hv_page_7301586955,126718GRNR,established_dealer,ring_rotation,deg,3,3,4c4c0f328fdf89be,-0.04857,-0.04398,0.00459,-0.04857,-0.03571
genuine_population,hv_page_7301586955,126718GRNR,established_dealer,ring_scale,%,3,3,4c4c0f328fdf89be,-0.16456,-0.16021,0.00435,-0.16456,-0.08305
genuine_population,hv_page_7301586955,126718GRNR,established_dealer,m6_rotation,deg,3,3,4c4c0f328fdf89be,0.06491,-0.01055,0.02026,-0.03081,0.06491
genuine_population,hv_page_7301586955,126718GRNR,established_dealer,m6_local,px,3,3,4c4c0f328fdf89be,2.56178,0.92760,0.35404,0.57356,2.56178
genuine_population,hv_page_7301586955,126718GRNR,established_dealer,m6_local_R,R,3,3,4c4c0f328fdf89be,0.00326,0.00340,0.00007,0.00326,0.00347
genuine_population,hv_page_7301586955,126718GRNR,established_dealer,m6_raw,px,3,3,4c4c0f328fdf89be,2.35520,0.70603,0.44028,0.26575,2.35520
genuine_population,hv_page_7301586955,126718GRNR,established_dealer,m6_raw_R,R,3,3,4c4c0f328fdf89be,0.00300,0.00264,0.00036,0.00157,0.00300
genuine_population,hv_page_7301586955,126718GRNR,established_dealer,m6_local_tangential_R,R,3,3,4c4c0f328fdf89be,0.00011,0.00011,0.00021,-0.00010,0.00058
genuine_population,hv_page_7301586955,126718GRNR,established_dealer,m6_local_radial_R,R,3,3,4c4c0f328fdf89be,0.00322,0.00330,0.00008,0.00322,0.00342
genuine_population,hv_page_7301586955,126718GRNR,established_dealer,m9_rotation,deg,3,3,4c4c0f328fdf89be,0.67633,0.67633,0.10356,0.57277,1.32392
genuine_population,hv_page_7301586955,126718GRNR,established_dealer,m9_local,px,3,3,4c4c0f328fdf89be,1.17089,0.39875,0.29456,0.10419,1.17089
genuine_population,hv_page_7301586955,126718GRNR,established_dealer,m9_local_R,R,3,3,4c4c0f328fdf89be,0.00149,0.00149,0.00000,0.00062,0.00149
genuine_population,hv_page_7301586955,126718GRNR,established_dealer,m9_raw,px,3,3,4c4c0f328fdf89be,2.28874,0.70535,0.27795,0.42740,2.28874
genuine_population,hv_page_7301586955,126718GRNR,established_dealer,m9_raw_R,R,3,3,4c4c0f328fdf89be,0.00291,0.00264,0.00011,0.00253,0.00291
genuine_population,hv_page_7301586955,126718GRNR,established_dealer,m9_local_tangential_R,R,3,3,4c4c0f328fdf89be,-0.00071,-0.00025,0.00003,-0.00071,-0.00023
genuine_population,hv_page_7301586955,126718GRNR,established_dealer,m9_local_radial_R,R,3,3,4c4c0f328fdf89be,0.00130,0.00130,0.00016,0.00057,0.00145
genuine_population,hv_page_7301586955,126718GRNR,established_dealer,m12_centreline_rotation,deg,3,3,4c4c0f328fdf89be,-0.62628,-0.62098,0.00530,-0.62628,-0.60481
genuine_population,hv_page_7301586955,126718GRNR,established_dealer,m12_raw,px,3,3,4c4c0f328fdf89be,3.04033,0.90904,0.43012,0.47892,3.04033
genuine_population,hv_page_7301586955,126718GRNR,established_dealer,m12_raw_R,R,3,3,4c4c0f328fdf89be,0.00387,0.00340,0.00047,0.00283,0.00387
genuine_population,hv_page_7301586955,126718GRNR,established_dealer,m12_local_R,R,3,3,4c4c0f328fdf89be,0.00620,0.00529,0.00032,0.00496,0.00620
genuine_population,hv_page_7301586955,126718GRNR,established_dealer,m12_right_R,R,3,3,4c4c0f328fdf89be,-0.00042,-0.00066,0.00011,-0.00077,-0.00042
genuine_population,hv_page_7301586955,126718GRNR,established_dealer,m12_down_R,R,3,3,4c4c0f328fdf89be,0.00387,0.00335,0.00052,0.00274,0.00387
genuine_population,hv_page_7301586955,126718GRNR,established_dealer,m12_left_side_err,deg,3,3,4c4c0f328fdf89be,-0.73635,-0.72724,0.00911,-0.73635,-0.64023
genuine_population,hv_page_7301586955,126718GRNR,established_dealer,m12_right_side_err,deg,3,3,4c4c0f328fdf89be,-0.45524,-0.44110,0.01414,-0.45524,-0.41883
genuine_population,hv_page_7301586955,126718GRNR,established_dealer,m12_base_tilt,deg,3,3,4c4c0f328fdf89be,-0.40722,-0.27682,0.13040,-0.40722,-0.14220
genuine_population,hv_page_7301586955,126718GRNR,established_dealer,rounds_max_local,px,3,3,4c4c0f328fdf89be,2.49282,0.42702,0.09094,0.33608,2.49282
genuine_population,hv_page_7301586955,126718GRNR,established_dealer,rounds_max_local_R,R,3,3,4c4c0f328fdf89be,0.00317,0.00199,0.00039,0.00160,0.00317
genuine_population,hv_page_7301586955,126718GRNR,established_dealer,rounds_usable,count,3,3,4c4c0f328fdf89be,6.00000,6.00000,0.00000,6.00000,6.00000
genuine_population,hv_page_79c4638087,126710GRNR,established_dealer,ring_shift,px,1,1,a5e421ece4056202,0.35689,0.35689,0.00000,0.35689,0.35689
genuine_population,hv_page_79c4638087,126710GRNR,established_dealer,ring_shift_R,R,1,1,a5e421ece4056202,0.00082,0.00082,0.00000,0.00082,0.00082
genuine_population,hv_page_79c4638087,126710GRNR,established_dealer,ring_rotation,deg,1,1,a5e421ece4056202,0.02128,0.02128,0.00000,0.02128,0.02128
genuine_population,hv_page_79c4638087,126710GRNR,established_dealer,ring_scale,%,1,1,a5e421ece4056202,0.08690,0.08690,0.00000,0.08690,0.08690
genuine_population,hv_page_79c4638087,126710GRNR,established_dealer,m6_rotation,deg,1,1,a5e421ece4056202,0.42447,0.42447,0.00000,0.42447,0.42447
genuine_population,hv_page_79c4638087,126710GRNR,established_dealer,m6_local,px,1,1,a5e421ece4056202,0.63565,0.63565,0.00000,0.63565,0.63565
genuine_population,hv_page_79c4638087,126710GRNR,established_dealer,m6_local_R,R,1,1,a5e421ece4056202,0.00146,0.00146,0.00000,0.00146,0.00146
genuine_population,hv_page_79c4638087,126710GRNR,established_dealer,m6_raw,px,1,1,a5e421ece4056202,0.58308,0.58308,0.00000,0.58308,0.58308
genuine_population,hv_page_79c4638087,126710GRNR,established_dealer,m6_raw_R,R,1,1,a5e421ece4056202,0.00134,0.00134,0.00000,0.00134,0.00134
genuine_population,hv_page_79c4638087,126710GRNR,established_dealer,m6_local_tangential_R,R,1,1,a5e421ece4056202,0.00091,0.00091,0.00000,0.00091,0.00091
genuine_population,hv_page_79c4638087,126710GRNR,established_dealer,m6_local_radial_R,R,1,1,a5e421ece4056202,0.00114,0.00114,0.00000,0.00114,0.00114
genuine_population,hv_page_79c4638087,126710GRNR,established_dealer,m9_rotation,deg,1,1,a5e421ece4056202,-0.39696,-0.39696,0.00000,-0.39696,-0.39696
genuine_population,hv_page_79c4638087,126710GRNR,established_dealer,m9_local,px,1,1,a5e421ece4056202,0.76727,0.76727,0.00000,0.76727,0.76727
genuine_population,hv_page_79c4638087,126710GRNR,established_dealer,m9_local_R,R,1,1,a5e421ece4056202,0.00177,0.00177,0.00000,0.00177,0.00177
genuine_population,hv_page_79c4638087,126710GRNR,established_dealer,m9_raw,px,1,1,a5e421ece4056202,0.97846,0.97846,0.00000,0.97846,0.97846
genuine_population,hv_page_79c4638087,126710GRNR,established_dealer,m9_raw_R,R,1,1,a5e421ece4056202,0.00225,0.00225,0.00000,0.00225,0.00225
genuine_population,hv_page_79c4638087,126710GRNR,established_dealer,m9_local_tangential_R,R,1,1,a5e421ece4056202,0.00032,0.00032,0.00000,0.00032,0.00032
genuine_population,hv_page_79c4638087,126710GRNR,established_dealer,m9_local_radial_R,R,1,1,a5e421ece4056202,0.00173,0.00173,0.00000,0.00173,0.00173
genuine_population,hv_page_79c4638087,126710GRNR,established_dealer,m12_centreline_rotation,deg,1,1,a5e421ece4056202,0.60160,0.60160,0.00000,0.60160,0.60160
genuine_population,hv_page_79c4638087,126710GRNR,established_dealer,m12_raw,px,1,1,a5e421ece4056202,1.18887,1.18887,0.00000,1.18887,1.18887
genuine_population,hv_page_79c4638087,126710GRNR,established_dealer,m12_raw_R,R,1,1,a5e421ece4056202,0.00273,0.00273,0.00000,0.00273,0.00273
genuine_population,hv_page_79c4638087,126710GRNR,established_dealer,m12_local_R,R,1,1,a5e421ece4056202,0.00398,0.00398,0.00000,0.00398,0.00398
genuine_population,hv_page_79c4638087,126710GRNR,established_dealer,m12_right_R,R,1,1,a5e421ece4056202,0.00069,0.00069,0.00000,0.00069,0.00069
genuine_population,hv_page_79c4638087,126710GRNR,established_dealer,m12_down_R,R,1,1,a5e421ece4056202,0.00266,0.00266,0.00000,0.00266,0.00266
genuine_population,hv_page_79c4638087,126710GRNR,established_dealer,m12_left_side_err,deg,1,1,a5e421ece4056202,0.43112,0.43112,0.00000,0.43112,0.43112
genuine_population,hv_page_79c4638087,126710GRNR,established_dealer,m12_right_side_err,deg,1,1,a5e421ece4056202,0.85645,0.85645,0.00000,0.85645,0.85645
genuine_population,hv_page_79c4638087,126710GRNR,established_dealer,m12_base_tilt,deg,1,1,a5e421ece4056202,0.90290,0.90290,0.00000,0.90290,0.90290
genuine_population,hv_page_79c4638087,126710GRNR,established_dealer,rounds_max_local,px,1,1,a5e421ece4056202,0.51216,0.51216,0.00000,0.51216,0.51216
genuine_population,hv_page_79c4638087,126710GRNR,established_dealer,rounds_max_local_R,R,1,1,a5e421ece4056202,0.00118,0.00118,0.00000,0.00118,0.00118
genuine_population,hv_page_79c4638087,126710GRNR,established_dealer,rounds_usable,count,1,1,a5e421ece4056202,7.00000,7.00000,0.00000,7.00000,7.00000
genuine_population,hv_page_7a187edba5,126710BLNR,established_dealer,ring_shift,px,1,1,7f94f08a2015c94e,0.52282,0.52282,0.00000,0.52282,0.52282
genuine_population,hv_page_7a187edba5,126710BLNR,established_dealer,ring_shift_R,R,1,1,7f94f08a2015c94e,0.00120,0.00120,0.00000,0.00120,0.00120
genuine_population,hv_page_7a187edba5,126710BLNR,established_dealer,ring_rotation,deg,1,1,7f94f08a2015c94e,0.02018,0.02018,0.00000,0.02018,0.02018
genuine_population,hv_page_7a187edba5,126710BLNR,established_dealer,ring_scale,%,1,1,7f94f08a2015c94e,-0.21396,-0.21396,0.00000,-0.21396,-0.21396
genuine_population,hv_page_7a187edba5,126710BLNR,established_dealer,m6_rotation,deg,1,1,7f94f08a2015c94e,-0.07114,-0.07114,0.00000,-0.07114,-0.07114
genuine_population,hv_page_7a187edba5,126710BLNR,established_dealer,m6_local,px,1,1,7f94f08a2015c94e,0.31558,0.31558,0.00000,0.31558,0.31558
genuine_population,hv_page_7a187edba5,126710BLNR,established_dealer,m6_local_R,R,1,1,7f94f08a2015c94e,0.00073,0.00073,0.00000,0.00073,0.00073
genuine_population,hv_page_7a187edba5,126710BLNR,established_dealer,m6_raw,px,1,1,7f94f08a2015c94e,1.03959,1.03959,0.00000,1.03959,1.03959
genuine_population,hv_page_7a187edba5,126710BLNR,established_dealer,m6_raw_R,R,1,1,7f94f08a2015c94e,0.00239,0.00239,0.00000,0.00239,0.00239
genuine_population,hv_page_7a187edba5,126710BLNR,established_dealer,m6_local_tangential_R,R,1,1,7f94f08a2015c94e,0.00071,0.00071,0.00000,0.00071,0.00071
genuine_population,hv_page_7a187edba5,126710BLNR,established_dealer,m6_local_radial_R,R,1,1,7f94f08a2015c94e,0.00014,0.00014,0.00000,0.00014,0.00014
genuine_population,hv_page_7a187edba5,126710BLNR,established_dealer,m9_rotation,deg,1,1,7f94f08a2015c94e,-0.08437,-0.08437,0.00000,-0.08437,-0.08437
genuine_population,hv_page_7a187edba5,126710BLNR,established_dealer,m9_local,px,1,1,7f94f08a2015c94e,0.45350,0.45350,0.00000,0.45350,0.45350
genuine_population,hv_page_7a187edba5,126710BLNR,established_dealer,m9_local_R,R,1,1,7f94f08a2015c94e,0.00104,0.00104,0.00000,0.00104,0.00104
genuine_population,hv_page_7a187edba5,126710BLNR,established_dealer,m9_raw,px,1,1,7f94f08a2015c94e,0.38531,0.38531,0.00000,0.38531,0.38531
genuine_population,hv_page_7a187edba5,126710BLNR,established_dealer,m9_raw_R,R,1,1,7f94f08a2015c94e,0.00089,0.00089,0.00000,0.00089,0.00089
genuine_population,hv_page_7a187edba5,126710BLNR,established_dealer,m9_local_tangential_R,R,1,1,7f94f08a2015c94e,-0.00074,-0.00074,0.00000,-0.00074,-0.00074
genuine_population,hv_page_7a187edba5,126710BLNR,established_dealer,m9_local_radial_R,R,1,1,7f94f08a2015c94e,0.00074,0.00074,0.00000,0.00074,0.00074
genuine_population,hv_page_7a187edba5,126710BLNR,established_dealer,m12_centreline_rotation,deg,1,1,7f94f08a2015c94e,0.10717,0.10717,0.00000,0.10717,0.10717
genuine_population,hv_page_7a187edba5,126710BLNR,established_dealer,m12_raw,px,1,1,7f94f08a2015c94e,2.61341,2.61341,0.00000,2.61341,2.61341
genuine_population,hv_page_7a187edba5,126710BLNR,established_dealer,m12_raw_R,R,1,1,7f94f08a2015c94e,0.00602,0.00602,0.00000,0.00602,0.00602
genuine_population,hv_page_7a187edba5,126710BLNR,established_dealer,m12_local_R,R,1,1,7f94f08a2015c94e,0.00391,0.00391,0.00000,0.00391,0.00391
genuine_population,hv_page_7a187edba5,126710BLNR,established_dealer,m12_right_R,R,1,1,7f94f08a2015c94e,-0.00067,-0.00067,0.00000,-0.00067,-0.00067
genuine_population,hv_page_7a187edba5,126710BLNR,established_dealer,m12_down_R,R,1,1,7f94f08a2015c94e,0.00601,0.00601,0.00000,0.00601,0.00601
genuine_population,hv_page_7a187edba5,126710BLNR,established_dealer,m12_left_side_err,deg,1,1,7f94f08a2015c94e,-0.13677,-0.13677,0.00000,-0.13677,-0.13677
genuine_population,hv_page_7a187edba5,126710BLNR,established_dealer,m12_right_side_err,deg,1,1,7f94f08a2015c94e,0.25012,0.25012,0.00000,0.25012,0.25012
genuine_population,hv_page_7a187edba5,126710BLNR,established_dealer,m12_base_tilt,deg,1,1,7f94f08a2015c94e,-0.25410,-0.25410,0.00000,-0.25410,-0.25410
genuine_population,hv_page_7a187edba5,126710BLNR,established_dealer,rounds_max_local,px,1,1,7f94f08a2015c94e,0.47851,0.47851,0.00000,0.47851,0.47851
genuine_population,hv_page_7a187edba5,126710BLNR,established_dealer,rounds_max_local_R,R,1,1,7f94f08a2015c94e,0.00110,0.00110,0.00000,0.00110,0.00110
genuine_population,hv_page_7a187edba5,126710BLNR,established_dealer,rounds_usable,count,1,1,7f94f08a2015c94e,7.00000,7.00000,0.00000,7.00000,7.00000
genuine_population,hv_page_814c8db017,126710GRNR,established_dealer,ring_shift,px,1,1,6e82716dcc4cebf7,0.67289,0.67289,0.00000,0.67289,0.67289
genuine_population,hv_page_814c8db017,126710GRNR,established_dealer,ring_shift_R,R,1,1,6e82716dcc4cebf7,0.00155,0.00155,0.00000,0.00155,0.00155
genuine_population,hv_page_814c8db017,126710GRNR,established_dealer,ring_rotation,deg,1,1,6e82716dcc4cebf7,0.05043,0.05043,0.00000,0.05043,0.05043
genuine_population,hv_page_814c8db017,126710GRNR,established_dealer,ring_scale,%,1,1,6e82716dcc4cebf7,-0.05295,-0.05295,0.00000,-0.05295,-0.05295
genuine_population,hv_page_814c8db017,126710GRNR,established_dealer,m6_rotation,deg,1,0,6e82716dcc4cebf7,,,,,
genuine_population,hv_page_814c8db017,126710GRNR,established_dealer,m6_local,px,1,0,6e82716dcc4cebf7,,,,,
genuine_population,hv_page_814c8db017,126710GRNR,established_dealer,m6_local_R,R,1,0,6e82716dcc4cebf7,,,,,
genuine_population,hv_page_814c8db017,126710GRNR,established_dealer,m6_raw,px,1,0,6e82716dcc4cebf7,,,,,
genuine_population,hv_page_814c8db017,126710GRNR,established_dealer,m6_raw_R,R,1,0,6e82716dcc4cebf7,,,,,
genuine_population,hv_page_814c8db017,126710GRNR,established_dealer,m6_local_tangential_R,R,1,0,6e82716dcc4cebf7,,,,,
genuine_population,hv_page_814c8db017,126710GRNR,established_dealer,m6_local_radial_R,R,1,0,6e82716dcc4cebf7,,,,,
genuine_population,hv_page_814c8db017,126710GRNR,established_dealer,m9_rotation,deg,1,1,6e82716dcc4cebf7,0.13691,0.13691,0.00000,0.13691,0.13691
genuine_population,hv_page_814c8db017,126710GRNR,established_dealer,m9_local,px,1,1,6e82716dcc4cebf7,1.38192,1.38192,0.00000,1.38192,1.38192
genuine_population,hv_page_814c8db017,126710GRNR,established_dealer,m9_local_R,R,1,1,6e82716dcc4cebf7,0.00318,0.00318,0.00000,0.00318,0.00318
genuine_population,hv_page_814c8db017,126710GRNR,established_dealer,m9_raw,px,1,1,6e82716dcc4cebf7,1.88406,1.88406,0.00000,1.88406,1.88406
genuine_population,hv_page_814c8db017,126710GRNR,established_dealer,m9_raw_R,R,1,1,6e82716dcc4cebf7,0.00433,0.00433,0.00000,0.00433,0.00433
genuine_population,hv_page_814c8db017,126710GRNR,established_dealer,m9_local_tangential_R,R,1,1,6e82716dcc4cebf7,0.00087,0.00087,0.00000,0.00087,0.00087
genuine_population,hv_page_814c8db017,126710GRNR,established_dealer,m9_local_radial_R,R,1,1,6e82716dcc4cebf7,0.00305,0.00305,0.00000,0.00305,0.00305
genuine_population,hv_page_814c8db017,126710GRNR,established_dealer,m12_centreline_rotation,deg,1,1,6e82716dcc4cebf7,-0.31215,-0.31215,0.00000,-0.31215,-0.31215
genuine_population,hv_page_814c8db017,126710GRNR,established_dealer,m12_raw,px,1,1,6e82716dcc4cebf7,0.92929,0.92929,0.00000,0.92929,0.92929
genuine_population,hv_page_814c8db017,126710GRNR,established_dealer,m12_raw_R,R,1,1,6e82716dcc4cebf7,0.00214,0.00214,0.00000,0.00214,0.00214
genuine_population,hv_page_814c8db017,126710GRNR,established_dealer,m12_local_R,R,1,1,6e82716dcc4cebf7,0.00321,0.00321,0.00000,0.00321,0.00321
genuine_population,hv_page_814c8db017,126710GRNR,established_dealer,m12_right_R,R,1,1,6e82716dcc4cebf7,-0.00038,-0.00038,0.00000,-0.00038,-0.00038
genuine_population,hv_page_814c8db017,126710GRNR,established_dealer,m12_down_R,R,1,1,6e82716dcc4cebf7,0.00212,0.00212,0.00000,0.00212,0.00212
genuine_population,hv_page_814c8db017,126710GRNR,established_dealer,m12_left_side_err,deg,1,1,6e82716dcc4cebf7,-0.25835,-0.25835,0.00000,-0.25835,-0.25835
genuine_population,hv_page_814c8db017,126710GRNR,established_dealer,m12_right_side_err,deg,1,1,6e82716dcc4cebf7,-0.27168,-0.27168,0.00000,-0.27168,-0.27168
genuine_population,hv_page_814c8db017,126710GRNR,established_dealer,m12_base_tilt,deg,1,1,6e82716dcc4cebf7,0.03094,0.03094,0.00000,0.03094,0.03094
genuine_population,hv_page_814c8db017,126710GRNR,established_dealer,rounds_max_local,px,1,1,6e82716dcc4cebf7,0.53883,0.53883,0.00000,0.53883,0.53883
genuine_population,hv_page_814c8db017,126710GRNR,established_dealer,rounds_max_local_R,R,1,1,6e82716dcc4cebf7,0.00124,0.00124,0.00000,0.00124,0.00124
genuine_population,hv_page_814c8db017,126710GRNR,established_dealer,rounds_usable,count,1,1,6e82716dcc4cebf7,8.00000,8.00000,0.00000,8.00000,8.00000
genuine_population,hv_page_85b8a94b47,126713GRNR,established_dealer,ring_shift,px,1,1,dbb2cbeadab719f9,0.73266,0.73266,0.00000,0.73266,0.73266
genuine_population,hv_page_85b8a94b47,126713GRNR,established_dealer,ring_shift_R,R,1,1,dbb2cbeadab719f9,0.00168,0.00168,0.00000,0.00168,0.00168
genuine_population,hv_page_85b8a94b47,126713GRNR,established_dealer,ring_rotation,deg,1,1,dbb2cbeadab719f9,0.03234,0.03234,0.00000,0.03234,0.03234
genuine_population,hv_page_85b8a94b47,126713GRNR,established_dealer,ring_scale,%,1,1,dbb2cbeadab719f9,-0.04915,-0.04915,0.00000,-0.04915,-0.04915
genuine_population,hv_page_85b8a94b47,126713GRNR,established_dealer,m6_rotation,deg,1,1,dbb2cbeadab719f9,-0.03081,-0.03081,0.00000,-0.03081,-0.03081
genuine_population,hv_page_85b8a94b47,126713GRNR,established_dealer,m6_local,px,1,1,dbb2cbeadab719f9,0.26927,0.26927,0.00000,0.26927,0.26927
genuine_population,hv_page_85b8a94b47,126713GRNR,established_dealer,m6_local_R,R,1,1,dbb2cbeadab719f9,0.00062,0.00062,0.00000,0.00062,0.00062
genuine_population,hv_page_85b8a94b47,126713GRNR,established_dealer,m6_raw,px,1,1,dbb2cbeadab719f9,0.66648,0.66648,0.00000,0.66648,0.66648
genuine_population,hv_page_85b8a94b47,126713GRNR,established_dealer,m6_raw_R,R,1,1,dbb2cbeadab719f9,0.00153,0.00153,0.00000,0.00153,0.00153
genuine_population,hv_page_85b8a94b47,126713GRNR,established_dealer,m6_local_tangential_R,R,1,1,dbb2cbeadab719f9,-0.00017,-0.00017,0.00000,-0.00017,-0.00017
genuine_population,hv_page_85b8a94b47,126713GRNR,established_dealer,m6_local_radial_R,R,1,1,dbb2cbeadab719f9,0.00059,0.00059,0.00000,0.00059,0.00059
genuine_population,hv_page_85b8a94b47,126713GRNR,established_dealer,m9_rotation,deg,1,1,dbb2cbeadab719f9,0.06685,0.06685,0.00000,0.06685,0.06685
genuine_population,hv_page_85b8a94b47,126713GRNR,established_dealer,m9_local,px,1,1,dbb2cbeadab719f9,1.13014,1.13014,0.00000,1.13014,1.13014
genuine_population,hv_page_85b8a94b47,126713GRNR,established_dealer,m9_local_R,R,1,1,dbb2cbeadab719f9,0.00260,0.00260,0.00000,0.00260,0.00260
genuine_population,hv_page_85b8a94b47,126713GRNR,established_dealer,m9_raw,px,1,1,dbb2cbeadab719f9,1.65891,1.65891,0.00000,1.65891,1.65891
genuine_population,hv_page_85b8a94b47,126713GRNR,established_dealer,m9_raw_R,R,1,1,dbb2cbeadab719f9,0.00381,0.00381,0.00000,0.00381,0.00381
genuine_population,hv_page_85b8a94b47,126713GRNR,established_dealer,m9_local_tangential_R,R,1,1,dbb2cbeadab719f9,0.00100,0.00100,0.00000,0.00100,0.00100
genuine_population,hv_page_85b8a94b47,126713GRNR,established_dealer,m9_local_radial_R,R,1,1,dbb2cbeadab719f9,0.00239,0.00239,0.00000,0.00239,0.00239
genuine_population,hv_page_85b8a94b47,126713GRNR,established_dealer,m12_centreline_rotation,deg,1,1,dbb2cbeadab719f9,0.01769,0.01769,0.00000,0.01769,0.01769
genuine_population,hv_page_85b8a94b47,126713GRNR,established_dealer,m12_raw,px,1,1,dbb2cbeadab719f9,0.69153,0.69153,0.00000,0.69153,0.69153
genuine_population,hv_page_85b8a94b47,126713GRNR,established_dealer,m12_raw_R,R,1,1,dbb2cbeadab719f9,0.00159,0.00159,0.00000,0.00159,0.00159
genuine_population,hv_page_85b8a94b47,126713GRNR,established_dealer,m12_local_R,R,1,1,dbb2cbeadab719f9,0.00278,0.00278,0.00000,0.00278,0.00278
genuine_population,hv_page_85b8a94b47,126713GRNR,established_dealer,m12_right_R,R,1,1,dbb2cbeadab719f9,0.00055,0.00055,0.00000,0.00055,0.00055
genuine_population,hv_page_85b8a94b47,126713GRNR,established_dealer,m12_down_R,R,1,1,dbb2cbeadab719f9,0.00151,0.00151,0.00000,0.00151,0.00151
genuine_population,hv_page_85b8a94b47,126713GRNR,established_dealer,m12_left_side_err,deg,1,1,dbb2cbeadab719f9,-0.14572,-0.14572,0.00000,-0.14572,-0.14572
genuine_population,hv_page_85b8a94b47,126713GRNR,established_dealer,m12_right_side_err,deg,1,1,dbb2cbeadab719f9,0.15412,0.15412,0.00000,0.15412,0.15412
genuine_population,hv_page_85b8a94b47,126713GRNR,established_dealer,m12_base_tilt,deg,1,1,dbb2cbeadab719f9,-0.07914,-0.07914,0.00000,-0.07914,-0.07914
genuine_population,hv_page_85b8a94b47,126713GRNR,established_dealer,rounds_max_local,px,1,1,dbb2cbeadab719f9,0.90410,0.90410,0.00000,0.90410,0.90410
genuine_population,hv_page_85b8a94b47,126713GRNR,established_dealer,rounds_max_local_R,R,1,1,dbb2cbeadab719f9,0.00208,0.00208,0.00000,0.00208,0.00208
genuine_population,hv_page_85b8a94b47,126713GRNR,established_dealer,rounds_usable,count,1,1,dbb2cbeadab719f9,6.00000,6.00000,0.00000,6.00000,6.00000
genuine_population,hv_page_8b423845eb,126713GRNR,established_dealer,ring_shift,px,1,1,53087b7c5cd561fc,0.71543,0.71543,0.00000,0.71543,0.71543
genuine_population,hv_page_8b423845eb,126713GRNR,established_dealer,ring_shift_R,R,1,1,53087b7c5cd561fc,0.00442,0.00442,0.00000,0.00442,0.00442
genuine_population,hv_page_8b423845eb,126713GRNR,established_dealer,ring_rotation,deg,1,1,53087b7c5cd561fc,0.04744,0.04744,0.00000,0.04744,0.04744
genuine_population,hv_page_8b423845eb,126713GRNR,established_dealer,ring_scale,%,1,1,53087b7c5cd561fc,-0.12279,-0.12279,0.00000,-0.12279,-0.12279
genuine_population,hv_page_8b423845eb,126713GRNR,established_dealer,m6_rotation,deg,1,1,53087b7c5cd561fc,-0.14902,-0.14902,0.00000,-0.14902,-0.14902
genuine_population,hv_page_8b423845eb,126713GRNR,established_dealer,m6_local,px,1,1,53087b7c5cd561fc,0.55180,0.55180,0.00000,0.55180,0.55180
genuine_population,hv_page_8b423845eb,126713GRNR,established_dealer,m6_local_R,R,1,1,53087b7c5cd561fc,0.00341,0.00341,0.00000,0.00341,0.00341
genuine_population,hv_page_8b423845eb,126713GRNR,established_dealer,m6_raw,px,1,1,53087b7c5cd561fc,1.05723,1.05723,0.00000,1.05723,1.05723
genuine_population,hv_page_8b423845eb,126713GRNR,established_dealer,m6_raw_R,R,1,1,53087b7c5cd561fc,0.00653,0.00653,0.00000,0.00653,0.00653
genuine_population,hv_page_8b423845eb,126713GRNR,established_dealer,m6_local_tangential_R,R,1,1,53087b7c5cd561fc,0.00049,0.00049,0.00000,0.00049,0.00049
genuine_population,hv_page_8b423845eb,126713GRNR,established_dealer,m6_local_radial_R,R,1,1,53087b7c5cd561fc,0.00341,0.00341,0.00000,0.00341,0.00341
genuine_population,hv_page_8b423845eb,126713GRNR,established_dealer,m9_rotation,deg,1,1,53087b7c5cd561fc,-0.30356,-0.30356,0.00000,-0.30356,-0.30356
genuine_population,hv_page_8b423845eb,126713GRNR,established_dealer,m9_local,px,1,1,53087b7c5cd561fc,0.36452,0.36452,0.00000,0.36452,0.36452
genuine_population,hv_page_8b423845eb,126713GRNR,established_dealer,m9_local_R,R,1,1,53087b7c5cd561fc,0.00225,0.00225,0.00000,0.00225,0.00225
genuine_population,hv_page_8b423845eb,126713GRNR,established_dealer,m9_raw,px,1,1,53087b7c5cd561fc,0.86459,0.86459,0.00000,0.86459,0.86459
genuine_population,hv_page_8b423845eb,126713GRNR,established_dealer,m9_raw_R,R,1,1,53087b7c5cd561fc,0.00534,0.00534,0.00000,0.00534,0.00534
genuine_population,hv_page_8b423845eb,126713GRNR,established_dealer,m9_local_tangential_R,R,1,1,53087b7c5cd561fc,0.00082,0.00082,0.00000,0.00082,0.00082
genuine_population,hv_page_8b423845eb,126713GRNR,established_dealer,m9_local_radial_R,R,1,1,53087b7c5cd561fc,0.00213,0.00213,0.00000,0.00213,0.00213
genuine_population,hv_page_8b423845eb,126713GRNR,established_dealer,m12_centreline_rotation,deg,1,1,53087b7c5cd561fc,1.43383,1.43383,0.00000,1.43383,1.43383
genuine_population,hv_page_8b423845eb,126713GRNR,established_dealer,m12_raw,px,1,1,53087b7c5cd561fc,0.78162,0.78162,0.00000,0.78162,0.78162
genuine_population,hv_page_8b423845eb,126713GRNR,established_dealer,m12_raw_R,R,1,1,53087b7c5cd561fc,0.00483,0.00483,0.00000,0.00483,0.00483
genuine_population,hv_page_8b423845eb,126713GRNR,established_dealer,m12_local_R,R,1,1,53087b7c5cd561fc,0.00130,0.00130,0.00000,0.00130,0.00130
genuine_population,hv_page_8b423845eb,126713GRNR,established_dealer,m12_right_R,R,1,1,53087b7c5cd561fc,-0.00458,-0.00458,0.00000,-0.00458,-0.00458
genuine_population,hv_page_8b423845eb,126713GRNR,established_dealer,m12_down_R,R,1,1,53087b7c5cd561fc,0.00158,0.00158,0.00000,0.00158,0.00158
genuine_population,hv_page_8b423845eb,126713GRNR,established_dealer,m12_left_side_err,deg,1,1,53087b7c5cd561fc,0.09089,0.09089,0.00000,0.09089,0.09089
genuine_population,hv_page_8b423845eb,126713GRNR,established_dealer,m12_right_side_err,deg,1,1,53087b7c5cd561fc,2.36138,2.36138,0.00000,2.36138,2.36138
genuine_population,hv_page_8b423845eb,126713GRNR,established_dealer,m12_base_tilt,deg,1,1,53087b7c5cd561fc,0.06196,0.06196,0.00000,0.06196,0.06196
genuine_population,hv_page_8b423845eb,126713GRNR,established_dealer,rounds_max_local,px,1,1,53087b7c5cd561fc,0.47563,0.47563,0.00000,0.47563,0.47563
genuine_population,hv_page_8b423845eb,126713GRNR,established_dealer,rounds_max_local_R,R,1,1,53087b7c5cd561fc,0.00294,0.00294,0.00000,0.00294,0.00294
genuine_population,hv_page_8b423845eb,126713GRNR,established_dealer,rounds_usable,count,1,1,53087b7c5cd561fc,6.00000,6.00000,0.00000,6.00000,6.00000
genuine_population,hv_page_8d6873b55a,126711CHNR,established_dealer,ring_shift,px,1,1,afa2302de4e07e7f,0.23606,0.23606,0.00000,0.23606,0.23606
genuine_population,hv_page_8d6873b55a,126711CHNR,established_dealer,ring_shift_R,R,1,1,afa2302de4e07e7f,0.00096,0.00096,0.00000,0.00096,0.00096
genuine_population,hv_page_8d6873b55a,126711CHNR,established_dealer,ring_rotation,deg,1,1,afa2302de4e07e7f,-0.17205,-0.17205,0.00000,-0.17205,-0.17205
genuine_population,hv_page_8d6873b55a,126711CHNR,established_dealer,ring_scale,%,1,1,afa2302de4e07e7f,0.06787,0.06787,0.00000,0.06787,0.06787
genuine_population,hv_page_8d6873b55a,126711CHNR,established_dealer,m6_rotation,deg,1,1,afa2302de4e07e7f,-0.10174,-0.10174,0.00000,-0.10174,-0.10174
genuine_population,hv_page_8d6873b55a,126711CHNR,established_dealer,m6_local,px,1,1,afa2302de4e07e7f,0.52955,0.52955,0.00000,0.52955,0.52955
genuine_population,hv_page_8d6873b55a,126711CHNR,established_dealer,m6_local_R,R,1,1,afa2302de4e07e7f,0.00216,0.00216,0.00000,0.00216,0.00216
genuine_population,hv_page_8d6873b55a,126711CHNR,established_dealer,m6_raw,px,1,1,afa2302de4e07e7f,0.74264,0.74264,0.00000,0.74264,0.74264
genuine_population,hv_page_8d6873b55a,126711CHNR,established_dealer,m6_raw_R,R,1,1,afa2302de4e07e7f,0.00303,0.00303,0.00000,0.00303,0.00303
genuine_population,hv_page_8d6873b55a,126711CHNR,established_dealer,m6_local_tangential_R,R,1,1,afa2302de4e07e7f,0.00045,0.00045,0.00000,0.00045,0.00045
genuine_population,hv_page_8d6873b55a,126711CHNR,established_dealer,m6_local_radial_R,R,1,1,afa2302de4e07e7f,0.00211,0.00211,0.00000,0.00211,0.00211
genuine_population,hv_page_8d6873b55a,126711CHNR,established_dealer,m9_rotation,deg,1,1,afa2302de4e07e7f,-0.27253,-0.27253,0.00000,-0.27253,-0.27253
genuine_population,hv_page_8d6873b55a,126711CHNR,established_dealer,m9_local,px,1,1,afa2302de4e07e7f,0.67897,0.67897,0.00000,0.67897,0.67897
genuine_population,hv_page_8d6873b55a,126711CHNR,established_dealer,m9_local_R,R,1,1,afa2302de4e07e7f,0.00277,0.00277,0.00000,0.00277,0.00277
genuine_population,hv_page_8d6873b55a,126711CHNR,established_dealer,m9_raw,px,1,1,afa2302de4e07e7f,0.93593,0.93593,0.00000,0.93593,0.93593
genuine_population,hv_page_8d6873b55a,126711CHNR,established_dealer,m9_raw_R,R,1,1,afa2302de4e07e7f,0.00382,0.00382,0.00000,0.00382,0.00382
genuine_population,hv_page_8d6873b55a,126711CHNR,established_dealer,m9_local_tangential_R,R,1,1,afa2302de4e07e7f,0.00160,0.00160,0.00000,0.00160,0.00160
genuine_population,hv_page_8d6873b55a,126711CHNR,established_dealer,m9_local_radial_R,R,1,1,afa2302de4e07e7f,0.00226,0.00226,0.00000,0.00226,0.00226
genuine_population,hv_page_8d6873b55a,126711CHNR,established_dealer,m12_centreline_rotation,deg,1,1,afa2302de4e07e7f,0.03985,0.03985,0.00000,0.03985,0.03985
genuine_population,hv_page_8d6873b55a,126711CHNR,established_dealer,m12_raw,px,1,1,afa2302de4e07e7f,1.35772,1.35772,0.00000,1.35772,1.35772
genuine_population,hv_page_8d6873b55a,126711CHNR,established_dealer,m12_raw_R,R,1,1,afa2302de4e07e7f,0.00554,0.00554,0.00000,0.00554,0.00554
genuine_population,hv_page_8d6873b55a,126711CHNR,established_dealer,m12_local_R,R,1,1,afa2302de4e07e7f,0.00287,0.00287,0.00000,0.00287,0.00287
genuine_population,hv_page_8d6873b55a,126711CHNR,established_dealer,m12_right_R,R,1,1,afa2302de4e07e7f,-0.00522,-0.00522,0.00000,-0.00522,-0.00522
genuine_population,hv_page_8d6873b55a,126711CHNR,established_dealer,m12_down_R,R,1,1,afa2302de4e07e7f,0.00189,0.00189,0.00000,0.00189,0.00189
genuine_population,hv_page_8d6873b55a,126711CHNR,established_dealer,m12_left_side_err,deg,1,1,afa2302de4e07e7f,-0.12625,-0.12625,0.00000,-0.12625,-0.12625
genuine_population,hv_page_8d6873b55a,126711CHNR,established_dealer,m12_right_side_err,deg,1,1,afa2302de4e07e7f,0.14183,0.14183,0.00000,0.14183,0.14183
genuine_population,hv_page_8d6873b55a,126711CHNR,established_dealer,m12_base_tilt,deg,1,1,afa2302de4e07e7f,-0.19069,-0.19069,0.00000,-0.19069,-0.19069
genuine_population,hv_page_8d6873b55a,126711CHNR,established_dealer,rounds_max_local,px,1,1,afa2302de4e07e7f,0.34004,0.34004,0.00000,0.34004,0.34004
genuine_population,hv_page_8d6873b55a,126711CHNR,established_dealer,rounds_max_local_R,R,1,1,afa2302de4e07e7f,0.00139,0.00139,0.00000,0.00139,0.00139
genuine_population,hv_page_8d6873b55a,126711CHNR,established_dealer,rounds_usable,count,1,1,afa2302de4e07e7f,6.00000,6.00000,0.00000,6.00000,6.00000
genuine_population,hv_page_942a7f5f12,126710BLRO,established_dealer,ring_shift,px,1,1,9566194a0752a8c3,0.80954,0.80954,0.00000,0.80954,0.80954
genuine_population,hv_page_942a7f5f12,126710BLRO,established_dealer,ring_shift_R,R,1,1,9566194a0752a8c3,0.00186,0.00186,0.00000,0.00186,0.00186
genuine_population,hv_page_942a7f5f12,126710BLRO,established_dealer,ring_rotation,deg,1,1,9566194a0752a8c3,0.10626,0.10626,0.00000,0.10626,0.10626
genuine_population,hv_page_942a7f5f12,126710BLRO,established_dealer,ring_scale,%,1,1,9566194a0752a8c3,0.00397,0.00397,0.00000,0.00397,0.00397
genuine_population,hv_page_942a7f5f12,126710BLRO,established_dealer,m6_rotation,deg,1,1,9566194a0752a8c3,-0.07819,-0.07819,0.00000,-0.07819,-0.07819
genuine_population,hv_page_942a7f5f12,126710BLRO,established_dealer,m6_local,px,1,1,9566194a0752a8c3,0.51762,0.51762,0.00000,0.51762,0.51762
genuine_population,hv_page_942a7f5f12,126710BLRO,established_dealer,m6_local_R,R,1,1,9566194a0752a8c3,0.00119,0.00119,0.00000,0.00119,0.00119
genuine_population,hv_page_942a7f5f12,126710BLRO,established_dealer,m6_raw,px,1,1,9566194a0752a8c3,1.49503,1.49503,0.00000,1.49503,1.49503
genuine_population,hv_page_942a7f5f12,126710BLRO,established_dealer,m6_raw_R,R,1,1,9566194a0752a8c3,0.00344,0.00344,0.00000,0.00344,0.00344
genuine_population,hv_page_942a7f5f12,126710BLRO,established_dealer,m6_local_tangential_R,R,1,1,9566194a0752a8c3,0.00082,0.00082,0.00000,0.00082,0.00082
genuine_population,hv_page_942a7f5f12,126710BLRO,established_dealer,m6_local_radial_R,R,1,1,9566194a0752a8c3,-0.00086,-0.00086,0.00000,-0.00086,-0.00086
genuine_population,hv_page_942a7f5f12,126710BLRO,established_dealer,m9_rotation,deg,1,1,9566194a0752a8c3,0.20776,0.20776,0.00000,0.20776,0.20776
genuine_population,hv_page_942a7f5f12,126710BLRO,established_dealer,m9_local,px,1,1,9566194a0752a8c3,0.61965,0.61965,0.00000,0.61965,0.61965
genuine_population,hv_page_942a7f5f12,126710BLRO,established_dealer,m9_local_R,R,1,1,9566194a0752a8c3,0.00143,0.00143,0.00000,0.00143,0.00143
genuine_population,hv_page_942a7f5f12,126710BLRO,established_dealer,m9_raw,px,1,1,9566194a0752a8c3,1.35354,1.35354,0.00000,1.35354,1.35354
genuine_population,hv_page_942a7f5f12,126710BLRO,established_dealer,m9_raw_R,R,1,1,9566194a0752a8c3,0.00312,0.00312,0.00000,0.00312,0.00312
genuine_population,hv_page_942a7f5f12,126710BLRO,established_dealer,m9_local_tangential_R,R,1,1,9566194a0752a8c3,-0.00042,-0.00042,0.00000,-0.00042,-0.00042
genuine_population,hv_page_942a7f5f12,126710BLRO,established_dealer,m9_local_radial_R,R,1,1,9566194a0752a8c3,0.00136,0.00136,0.00000,0.00136,0.00136
genuine_population,hv_page_942a7f5f12,126710BLRO,established_dealer,m12_centreline_rotation,deg,1,0,9566194a0752a8c3,,,,,
genuine_population,hv_page_942a7f5f12,126710BLRO,established_dealer,m12_raw,px,1,0,9566194a0752a8c3,,,,,
genuine_population,hv_page_942a7f5f12,126710BLRO,established_dealer,m12_raw_R,R,1,0,9566194a0752a8c3,,,,,
genuine_population,hv_page_942a7f5f12,126710BLRO,established_dealer,m12_local_R,R,1,0,9566194a0752a8c3,,,,,
genuine_population,hv_page_942a7f5f12,126710BLRO,established_dealer,m12_right_R,R,1,0,9566194a0752a8c3,,,,,
genuine_population,hv_page_942a7f5f12,126710BLRO,established_dealer,m12_down_R,R,1,0,9566194a0752a8c3,,,,,
genuine_population,hv_page_942a7f5f12,126710BLRO,established_dealer,m12_left_side_err,deg,1,0,9566194a0752a8c3,,,,,
genuine_population,hv_page_942a7f5f12,126710BLRO,established_dealer,m12_right_side_err,deg,1,0,9566194a0752a8c3,,,,,
genuine_population,hv_page_942a7f5f12,126710BLRO,established_dealer,m12_base_tilt,deg,1,0,9566194a0752a8c3,,,,,
genuine_population,hv_page_942a7f5f12,126710BLRO,established_dealer,rounds_max_local,px,1,1,9566194a0752a8c3,0.62890,0.62890,0.00000,0.62890,0.62890
genuine_population,hv_page_942a7f5f12,126710BLRO,established_dealer,rounds_max_local_R,R,1,1,9566194a0752a8c3,0.00145,0.00145,0.00000,0.00145,0.00145
genuine_population,hv_page_942a7f5f12,126710BLRO,established_dealer,rounds_usable,count,1,1,9566194a0752a8c3,8.00000,8.00000,0.00000,8.00000,8.00000
genuine_population,hv_page_9f89f27cf4,126713GRNR,established_dealer,ring_shift,px,2,2,c5f55ae2950cbedf,0.56495,0.56495,0.00000,0.56495,0.56495
genuine_population,hv_page_9f89f27cf4,126713GRNR,established_dealer,ring_shift_R,R,2,2,c5f55ae2950cbedf,0.00439,0.00439,0.00000,0.00439,0.00439
genuine_population,hv_page_9f89f27cf4,126713GRNR,established_dealer,ring_rotation,deg,2,2,c5f55ae2950cbedf,0.00373,0.00373,0.00000,0.00373,0.00373
genuine_population,hv_page_9f89f27cf4,126713GRNR,established_dealer,ring_scale,%,2,2,c5f55ae2950cbedf,-0.00656,-0.00656,0.00000,-0.00656,-0.00656
genuine_population,hv_page_9f89f27cf4,126713GRNR,established_dealer,m6_rotation,deg,2,2,c5f55ae2950cbedf,-0.41379,-0.41379,0.00000,-0.41379,-0.41379
genuine_population,hv_page_9f89f27cf4,126713GRNR,established_dealer,m6_local,px,2,2,c5f55ae2950cbedf,0.18956,0.18956,0.00000,0.18956,0.18956
genuine_population,hv_page_9f89f27cf4,126713GRNR,established_dealer,m6_local_R,R,2,2,c5f55ae2950cbedf,0.00147,0.00147,0.00000,0.00147,0.00147
genuine_population,hv_page_9f89f27cf4,126713GRNR,established_dealer,m6_raw,px,2,2,c5f55ae2950cbedf,0.47975,0.47975,0.00000,0.47975,0.47975
genuine_population,hv_page_9f89f27cf4,126713GRNR,established_dealer,m6_raw_R,R,2,2,c5f55ae2950cbedf,0.00373,0.00373,0.00000,0.00373,0.00373
genuine_population,hv_page_9f89f27cf4,126713GRNR,established_dealer,m6_local_tangential_R,R,2,2,c5f55ae2950cbedf,-0.00117,-0.00117,0.00000,-0.00117,-0.00117
genuine_population,hv_page_9f89f27cf4,126713GRNR,established_dealer,m6_local_radial_R,R,2,2,c5f55ae2950cbedf,0.00089,0.00089,0.00000,0.00089,0.00089
genuine_population,hv_page_9f89f27cf4,126713GRNR,established_dealer,m9_rotation,deg,2,2,c5f55ae2950cbedf,1.16650,1.16650,0.00000,1.16650,1.16650
genuine_population,hv_page_9f89f27cf4,126713GRNR,established_dealer,m9_local,px,2,2,c5f55ae2950cbedf,0.21507,0.21507,0.00000,0.21507,0.21507
genuine_population,hv_page_9f89f27cf4,126713GRNR,established_dealer,m9_local_R,R,2,2,c5f55ae2950cbedf,0.00167,0.00167,0.00000,0.00167,0.00167
genuine_population,hv_page_9f89f27cf4,126713GRNR,established_dealer,m9_raw,px,2,2,c5f55ae2950cbedf,0.53092,0.53092,0.00000,0.53092,0.53092
genuine_population,hv_page_9f89f27cf4,126713GRNR,established_dealer,m9_raw_R,R,2,2,c5f55ae2950cbedf,0.00413,0.00413,0.00000,0.00413,0.00413
genuine_population,hv_page_9f89f27cf4,126713GRNR,established_dealer,m9_local_tangential_R,R,2,2,c5f55ae2950cbedf,-0.00062,-0.00062,0.00000,-0.00062,-0.00062
genuine_population,hv_page_9f89f27cf4,126713GRNR,established_dealer,m9_local_radial_R,R,2,2,c5f55ae2950cbedf,0.00155,0.00155,0.00000,0.00155,0.00155
genuine_population,hv_page_9f89f27cf4,126713GRNR,established_dealer,m12_centreline_rotation,deg,2,2,c5f55ae2950cbedf,-0.68551,-0.68551,0.00000,-0.68551,-0.68551
genuine_population,hv_page_9f89f27cf4,126713GRNR,established_dealer,m12_raw,px,2,2,c5f55ae2950cbedf,0.32126,0.32126,0.00000,0.32126,0.32126
genuine_population,hv_page_9f89f27cf4,126713GRNR,established_dealer,m12_raw_R,R,2,2,c5f55ae2950cbedf,0.00250,0.00250,0.00000,0.00250,0.00250
genuine_population,hv_page_9f89f27cf4,126713GRNR,established_dealer,m12_local_R,R,2,2,c5f55ae2950cbedf,0.00667,0.00667,0.00000,0.00667,0.00667
genuine_population,hv_page_9f89f27cf4,126713GRNR,established_dealer,m12_right_R,R,2,2,c5f55ae2950cbedf,-0.00099,-0.00099,0.00000,-0.00099,-0.00099
genuine_population,hv_page_9f89f27cf4,126713GRNR,established_dealer,m12_down_R,R,2,2,c5f55ae2950cbedf,0.00231,0.00231,0.00000,0.00231,0.00231
genuine_population,hv_page_9f89f27cf4,126713GRNR,established_dealer,m12_left_side_err,deg,2,2,c5f55ae2950cbedf,-0.88754,-0.88754,0.00000,-0.88754,-0.88754
genuine_population,hv_page_9f89f27cf4,126713GRNR,established_dealer,m12_right_side_err,deg,2,2,c5f55ae2950cbedf,-0.36775,-0.36775,0.00000,-0.36775,-0.36775
genuine_population,hv_page_9f89f27cf4,126713GRNR,established_dealer,m12_base_tilt,deg,2,2,c5f55ae2950cbedf,-0.27395,-0.27395,0.00000,-0.27395,-0.27395
genuine_population,hv_page_9f89f27cf4,126713GRNR,established_dealer,rounds_max_local,px,2,2,c5f55ae2950cbedf,0.31189,0.31189,0.00000,0.31189,0.31189
genuine_population,hv_page_9f89f27cf4,126713GRNR,established_dealer,rounds_max_local_R,R,2,2,c5f55ae2950cbedf,0.00242,0.00242,0.00000,0.00242,0.00242
genuine_population,hv_page_9f89f27cf4,126713GRNR,established_dealer,rounds_usable,count,2,2,c5f55ae2950cbedf,8.00000,8.00000,0.00000,8.00000,8.00000
genuine_population,hv_page_a13e399a8f,126710GRNR,established_dealer,ring_shift,px,2,2,2347fbd181eb8847,0.40182,0.31851,0.08332,0.23519,0.40182
genuine_population,hv_page_a13e399a8f,126710GRNR,established_dealer,ring_shift_R,R,2,2,2347fbd181eb8847,0.00093,0.00096,0.00003,0.00093,0.00100
genuine_population,hv_page_a13e399a8f,126710GRNR,established_dealer,ring_rotation,deg,2,2,2347fbd181eb8847,0.07668,0.07862,0.00194,0.07668,0.08056
genuine_population,hv_page_a13e399a8f,126710GRNR,established_dealer,ring_scale,%,2,2,2347fbd181eb8847,-0.05115,-0.05493,0.00379,-0.05872,-0.05115
genuine_population,hv_page_a13e399a8f,126710GRNR,established_dealer,m6_rotation,deg,2,2,2347fbd181eb8847,-0.06796,0.02014,0.08811,-0.06796,0.10825
genuine_population,hv_page_a13e399a8f,126710GRNR,established_dealer,m6_local,px,2,2,2347fbd181eb8847,0.48626,0.33994,0.14632,0.19362,0.48626
genuine_population,hv_page_a13e399a8f,126710GRNR,established_dealer,m6_local_R,R,2,2,2347fbd181eb8847,0.00112,0.00097,0.00015,0.00082,0.00112
genuine_population,hv_page_a13e399a8f,126710GRNR,established_dealer,m6_raw,px,2,2,2347fbd181eb8847,0.32779,0.24695,0.08084,0.16611,0.32779
genuine_population,hv_page_a13e399a8f,126710GRNR,established_dealer,m6_raw_R,R,2,2,2347fbd181eb8847,0.00076,0.00073,0.00003,0.00070,0.00076
genuine_population,hv_page_a13e399a8f,126710GRNR,established_dealer,m6_local_tangential_R,R,2,2,2347fbd181eb8847,0.00043,0.00039,0.00004,0.00035,0.00043
genuine_population,hv_page_a13e399a8f,126710GRNR,established_dealer,m6_local_radial_R,R,2,2,2347fbd181eb8847,0.00103,0.00089,0.00014,0.00074,0.00103
genuine_population,hv_page_a13e399a8f,126710GRNR,established_dealer,m9_rotation,deg,2,0,2347fbd181eb8847,,,,,
genuine_population,hv_page_a13e399a8f,126710GRNR,established_dealer,m9_local,px,2,0,2347fbd181eb8847,,,,,
genuine_population,hv_page_a13e399a8f,126710GRNR,established_dealer,m9_local_R,R,2,0,2347fbd181eb8847,,,,,
genuine_population,hv_page_a13e399a8f,126710GRNR,established_dealer,m9_raw,px,2,0,2347fbd181eb8847,,,,,
genuine_population,hv_page_a13e399a8f,126710GRNR,established_dealer,m9_raw_R,R,2,0,2347fbd181eb8847,,,,,
genuine_population,hv_page_a13e399a8f,126710GRNR,established_dealer,m9_local_tangential_R,R,2,0,2347fbd181eb8847,,,,,
genuine_population,hv_page_a13e399a8f,126710GRNR,established_dealer,m9_local_radial_R,R,2,0,2347fbd181eb8847,,,,,
genuine_population,hv_page_a13e399a8f,126710GRNR,established_dealer,m12_centreline_rotation,deg,2,2,2347fbd181eb8847,0.46285,0.46574,0.00290,0.46285,0.46864
genuine_population,hv_page_a13e399a8f,126710GRNR,established_dealer,m12_raw,px,2,2,2347fbd181eb8847,1.80588,1.42546,0.38042,1.04504,1.80588
genuine_population,hv_page_a13e399a8f,126710GRNR,established_dealer,m12_raw_R,R,2,2,2347fbd181eb8847,0.00416,0.00429,0.00013,0.00416,0.00443
genuine_population,hv_page_a13e399a8f,126710GRNR,established_dealer,m12_local_R,R,2,2,2347fbd181eb8847,0.00405,0.00395,0.00010,0.00384,0.00405
genuine_population,hv_page_a13e399a8f,126710GRNR,established_dealer,m12_right_R,R,2,2,2347fbd181eb8847,0.00061,0.00072,0.00011,0.00061,0.00084
genuine_population,hv_page_a13e399a8f,126710GRNR,established_dealer,m12_down_R,R,2,2,2347fbd181eb8847,0.00415,0.00427,0.00012,0.00415,0.00438
genuine_population,hv_page_a13e399a8f,126710GRNR,established_dealer,m12_left_side_err,deg,2,2,2347fbd181eb8847,0.28686,0.29843,0.01157,0.28686,0.31000
genuine_population,hv_page_a13e399a8f,126710GRNR,established_dealer,m12_right_side_err,deg,2,2,2347fbd181eb8847,0.57863,0.54036,0.03827,0.50209,0.57863
genuine_population,hv_page_a13e399a8f,126710GRNR,established_dealer,m12_base_tilt,deg,2,2,2347fbd181eb8847,0.24659,0.13182,0.11478,0.01704,0.24659
genuine_population,hv_page_a13e399a8f,126710GRNR,established_dealer,rounds_max_local,px,2,2,2347fbd181eb8847,0.56101,0.47245,0.08857,0.38388,0.56101
genuine_population,hv_page_a13e399a8f,126710GRNR,established_dealer,rounds_max_local_R,R,2,2,2347fbd181eb8847,0.00129,0.00146,0.00017,0.00129,0.00163
genuine_population,hv_page_a13e399a8f,126710GRNR,established_dealer,rounds_usable,count,2,2,2347fbd181eb8847,8.00000,8.00000,0.00000,8.00000,8.00000
genuine_population,hv_page_a261fbdf78,126710BLRO,established_dealer,ring_shift,px,1,1,926772fdb706c1e7,1.15515,1.15515,0.00000,1.15515,1.15515
genuine_population,hv_page_a261fbdf78,126710BLRO,established_dealer,ring_shift_R,R,1,1,926772fdb706c1e7,0.00266,0.00266,0.00000,0.00266,0.00266
genuine_population,hv_page_a261fbdf78,126710BLRO,established_dealer,ring_rotation,deg,1,1,926772fdb706c1e7,0.09064,0.09064,0.00000,0.09064,0.09064
genuine_population,hv_page_a261fbdf78,126710BLRO,established_dealer,ring_scale,%,1,1,926772fdb706c1e7,-0.04304,-0.04304,0.00000,-0.04304,-0.04304
genuine_population,hv_page_a261fbdf78,126710BLRO,established_dealer,m6_rotation,deg,1,1,926772fdb706c1e7,0.26650,0.26650,0.00000,0.26650,0.26650
genuine_population,hv_page_a261fbdf78,126710BLRO,established_dealer,m6_local,px,1,1,926772fdb706c1e7,0.59186,0.59186,0.00000,0.59186,0.59186
genuine_population,hv_page_a261fbdf78,126710BLRO,established_dealer,m6_local_R,R,1,1,926772fdb706c1e7,0.00136,0.00136,0.00000,0.00136,0.00136
genuine_population,hv_page_a261fbdf78,126710BLRO,established_dealer,m6_raw,px,1,1,926772fdb706c1e7,0.66450,0.66450,0.00000,0.66450,0.66450
genuine_population,hv_page_a261fbdf78,126710BLRO,established_dealer,m6_raw_R,R,1,1,926772fdb706c1e7,0.00153,0.00153,0.00000,0.00153,0.00153
genuine_population,hv_page_a261fbdf78,126710BLRO,established_dealer,m6_local_tangential_R,R,1,1,926772fdb706c1e7,-0.00003,-0.00003,0.00000,-0.00003,-0.00003
genuine_population,hv_page_a261fbdf78,126710BLRO,established_dealer,m6_local_radial_R,R,1,1,926772fdb706c1e7,0.00136,0.00136,0.00000,0.00136,0.00136
genuine_population,hv_page_a261fbdf78,126710BLRO,established_dealer,m9_rotation,deg,1,1,926772fdb706c1e7,0.18712,0.18712,0.00000,0.18712,0.18712
genuine_population,hv_page_a261fbdf78,126710BLRO,established_dealer,m9_local,px,1,1,926772fdb706c1e7,1.24699,1.24699,0.00000,1.24699,1.24699
genuine_population,hv_page_a261fbdf78,126710BLRO,established_dealer,m9_local_R,R,1,1,926772fdb706c1e7,0.00287,0.00287,0.00000,0.00287,0.00287
genuine_population,hv_page_a261fbdf78,126710BLRO,established_dealer,m9_raw,px,1,1,926772fdb706c1e7,1.71763,1.71763,0.00000,1.71763,1.71763
genuine_population,hv_page_a261fbdf78,126710BLRO,established_dealer,m9_raw_R,R,1,1,926772fdb706c1e7,0.00396,0.00396,0.00000,0.00396,0.00396
genuine_population,hv_page_a261fbdf78,126710BLRO,established_dealer,m9_local_tangential_R,R,1,1,926772fdb706c1e7,-0.00014,-0.00014,0.00000,-0.00014,-0.00014
genuine_population,hv_page_a261fbdf78,126710BLRO,established_dealer,m9_local_radial_R,R,1,1,926772fdb706c1e7,0.00287,0.00287,0.00000,0.00287,0.00287
genuine_population,hv_page_a261fbdf78,126710BLRO,established_dealer,m12_centreline_rotation,deg,1,1,926772fdb706c1e7,0.38978,0.38978,0.00000,0.38978,0.38978
genuine_population,hv_page_a261fbdf78,126710BLRO,established_dealer,m12_raw,px,1,1,926772fdb706c1e7,1.12425,1.12425,0.00000,1.12425,1.12425
genuine_population,hv_page_a261fbdf78,126710BLRO,established_dealer,m12_raw_R,R,1,1,926772fdb706c1e7,0.00259,0.00259,0.00000,0.00259,0.00259
genuine_population,hv_page_a261fbdf78,126710BLRO,established_dealer,m12_local_R,R,1,1,926772fdb706c1e7,0.00299,0.00299,0.00000,0.00299,0.00299
genuine_population,hv_page_a261fbdf78,126710BLRO,established_dealer,m12_right_R,R,1,1,926772fdb706c1e7,0.00247,0.00247,0.00000,0.00247,0.00247
genuine_population,hv_page_a261fbdf78,126710BLRO,established_dealer,m12_down_R,R,1,1,926772fdb706c1e7,0.00080,0.00080,0.00000,0.00080,0.00080
genuine_population,hv_page_a261fbdf78,126710BLRO,established_dealer,m12_left_side_err,deg,1,1,926772fdb706c1e7,0.16093,0.16093,0.00000,0.16093,0.16093
genuine_population,hv_page_a261fbdf78,126710BLRO,established_dealer,m12_right_side_err,deg,1,1,926772fdb706c1e7,0.53730,0.53730,0.00000,0.53730,0.53730
genuine_population,hv_page_a261fbdf78,126710BLRO,established_dealer,m12_base_tilt,deg,1,1,926772fdb706c1e7,0.09874,0.09874,0.00000,0.09874,0.09874
genuine_population,hv_page_a261fbdf78,126710BLRO,established_dealer,rounds_max_local,px,1,1,926772fdb706c1e7,0.58367,0.58367,0.00000,0.58367,0.58367
genuine_population,hv_page_a261fbdf78,126710BLRO,established_dealer,rounds_max_local_R,R,1,1,926772fdb706c1e7,0.00134,0.00134,0.00000,0.00134,0.00134
genuine_population,hv_page_a261fbdf78,126710BLRO,established_dealer,rounds_usable,count,1,1,926772fdb706c1e7,7.00000,7.00000,0.00000,7.00000,7.00000
genuine_population,hv_page_acf3ed7596,126711CHNR,established_dealer,ring_shift,px,1,1,4a94d34c327f63b7,1.11528,1.11528,0.00000,1.11528,1.11528
genuine_population,hv_page_acf3ed7596,126711CHNR,established_dealer,ring_shift_R,R,1,1,4a94d34c327f63b7,0.00256,0.00256,0.00000,0.00256,0.00256
genuine_population,hv_page_acf3ed7596,126711CHNR,established_dealer,ring_rotation,deg,1,1,4a94d34c327f63b7,-0.03164,-0.03164,0.00000,-0.03164,-0.03164
genuine_population,hv_page_acf3ed7596,126711CHNR,established_dealer,ring_scale,%,1,1,4a94d34c327f63b7,-0.07379,-0.07379,0.00000,-0.07379,-0.07379
genuine_population,hv_page_acf3ed7596,126711CHNR,established_dealer,m6_rotation,deg,1,1,4a94d34c327f63b7,-0.30491,-0.30491,0.00000,-0.30491,-0.30491
genuine_population,hv_page_acf3ed7596,126711CHNR,established_dealer,m6_local,px,1,1,4a94d34c327f63b7,0.55802,0.55802,0.00000,0.55802,0.55802
genuine_population,hv_page_acf3ed7596,126711CHNR,established_dealer,m6_local_R,R,1,1,4a94d34c327f63b7,0.00128,0.00128,0.00000,0.00128,0.00128
genuine_population,hv_page_acf3ed7596,126711CHNR,established_dealer,m6_raw,px,1,1,4a94d34c327f63b7,0.90375,0.90375,0.00000,0.90375,0.90375
genuine_population,hv_page_acf3ed7596,126711CHNR,established_dealer,m6_raw_R,R,1,1,4a94d34c327f63b7,0.00208,0.00208,0.00000,0.00208,0.00208
genuine_population,hv_page_acf3ed7596,126711CHNR,established_dealer,m6_local_tangential_R,R,1,1,4a94d34c327f63b7,0.00074,0.00074,0.00000,0.00074,0.00074
genuine_population,hv_page_acf3ed7596,126711CHNR,established_dealer,m6_local_radial_R,R,1,1,4a94d34c327f63b7,0.00104,0.00104,0.00000,0.00104,0.00104
genuine_population,hv_page_acf3ed7596,126711CHNR,established_dealer,m9_rotation,deg,1,1,4a94d34c327f63b7,-0.42597,-0.42597,0.00000,-0.42597,-0.42597
genuine_population,hv_page_acf3ed7596,126711CHNR,established_dealer,m9_local,px,1,1,4a94d34c327f63b7,0.60084,0.60084,0.00000,0.60084,0.60084
genuine_population,hv_page_acf3ed7596,126711CHNR,established_dealer,m9_local_R,R,1,1,4a94d34c327f63b7,0.00138,0.00138,0.00000,0.00138,0.00138
genuine_population,hv_page_acf3ed7596,126711CHNR,established_dealer,m9_raw,px,1,1,4a94d34c327f63b7,0.86503,0.86503,0.00000,0.86503,0.86503
genuine_population,hv_page_acf3ed7596,126711CHNR,established_dealer,m9_raw_R,R,1,1,4a94d34c327f63b7,0.00199,0.00199,0.00000,0.00199,0.00199
genuine_population,hv_page_acf3ed7596,126711CHNR,established_dealer,m9_local_tangential_R,R,1,1,4a94d34c327f63b7,-0.00023,-0.00023,0.00000,-0.00023,-0.00023
genuine_population,hv_page_acf3ed7596,126711CHNR,established_dealer,m9_local_radial_R,R,1,1,4a94d34c327f63b7,0.00136,0.00136,0.00000,0.00136,0.00136
genuine_population,hv_page_acf3ed7596,126711CHNR,established_dealer,m12_centreline_rotation,deg,1,1,4a94d34c327f63b7,0.04640,0.04640,0.00000,0.04640,0.04640
genuine_population,hv_page_acf3ed7596,126711CHNR,established_dealer,m12_raw,px,1,1,4a94d34c327f63b7,0.80082,0.80082,0.00000,0.80082,0.80082
genuine_population,hv_page_acf3ed7596,126711CHNR,established_dealer,m12_raw_R,R,1,1,4a94d34c327f63b7,0.00184,0.00184,0.00000,0.00184,0.00184
genuine_population,hv_page_acf3ed7596,126711CHNR,established_dealer,m12_local_R,R,1,1,4a94d34c327f63b7,0.00373,0.00373,0.00000,0.00373,0.00373
genuine_population,hv_page_acf3ed7596,126711CHNR,established_dealer,m12_right_R,R,1,1,4a94d34c327f63b7,-0.00054,-0.00054,0.00000,-0.00054,-0.00054
genuine_population,hv_page_acf3ed7596,126711CHNR,established_dealer,m12_down_R,R,1,1,4a94d34c327f63b7,0.00177,0.00177,0.00000,0.00177,0.00177
genuine_population,hv_page_acf3ed7596,126711CHNR,established_dealer,m12_left_side_err,deg,1,1,4a94d34c327f63b7,-0.09745,-0.09745,0.00000,-0.09745,-0.09745
genuine_population,hv_page_acf3ed7596,126711CHNR,established_dealer,m12_right_side_err,deg,1,1,4a94d34c327f63b7,0.10740,0.10740,0.00000,0.10740,0.10740
genuine_population,hv_page_acf3ed7596,126711CHNR,established_dealer,m12_base_tilt,deg,1,1,4a94d34c327f63b7,-0.25227,-0.25227,0.00000,-0.25227,-0.25227
genuine_population,hv_page_acf3ed7596,126711CHNR,established_dealer,rounds_max_local,px,1,1,4a94d34c327f63b7,0.46966,0.46966,0.00000,0.46966,0.46966
genuine_population,hv_page_acf3ed7596,126711CHNR,established_dealer,rounds_max_local_R,R,1,1,4a94d34c327f63b7,0.00108,0.00108,0.00000,0.00108,0.00108
genuine_population,hv_page_acf3ed7596,126711CHNR,established_dealer,rounds_usable,count,1,1,4a94d34c327f63b7,7.00000,7.00000,0.00000,7.00000,7.00000
genuine_population,hv_page_b0bc85b625,126710GRNR,established_dealer,ring_shift,px,1,1,a5bfa50b177fadd3,1.56359,1.56359,0.00000,1.56359,1.56359
genuine_population,hv_page_b0bc85b625,126710GRNR,established_dealer,ring_shift_R,R,1,1,a5bfa50b177fadd3,0.00361,0.00361,0.00000,0.00361,0.00361
genuine_population,hv_page_b0bc85b625,126710GRNR,established_dealer,ring_rotation,deg,1,1,a5bfa50b177fadd3,0.08486,0.08486,0.00000,0.08486,0.08486
genuine_population,hv_page_b0bc85b625,126710GRNR,established_dealer,ring_scale,%,1,1,a5bfa50b177fadd3,0.07016,0.07016,0.00000,0.07016,0.07016
genuine_population,hv_page_b0bc85b625,126710GRNR,established_dealer,m6_rotation,deg,1,1,a5bfa50b177fadd3,-0.08288,-0.08288,0.00000,-0.08288,-0.08288
genuine_population,hv_page_b0bc85b625,126710GRNR,established_dealer,m6_local,px,1,1,a5bfa50b177fadd3,0.22131,0.22131,0.00000,0.22131,0.22131
genuine_population,hv_page_b0bc85b625,126710GRNR,established_dealer,m6_local_R,R,1,1,a5bfa50b177fadd3,0.00051,0.00051,0.00000,0.00051,0.00051
genuine_population,hv_page_b0bc85b625,126710GRNR,established_dealer,m6_raw,px,1,1,a5bfa50b177fadd3,1.70836,1.70836,0.00000,1.70836,1.70836
genuine_population,hv_page_b0bc85b625,126710GRNR,established_dealer,m6_raw_R,R,1,1,a5bfa50b177fadd3,0.00394,0.00394,0.00000,0.00394,0.00394
genuine_population,hv_page_b0bc85b625,126710GRNR,established_dealer,m6_local_tangential_R,R,1,1,a5bfa50b177fadd3,0.00046,0.00046,0.00000,0.00046,0.00046
genuine_population,hv_page_b0bc85b625,126710GRNR,established_dealer,m6_local_radial_R,R,1,1,a5bfa50b177fadd3,0.00022,0.00022,0.00000,0.00022,0.00022
genuine_population,hv_page_b0bc85b625,126710GRNR,established_dealer,m9_rotation,deg,1,1,a5bfa50b177fadd3,0.05177,0.05177,0.00000,0.05177,0.05177
genuine_population,hv_page_b0bc85b625,126710GRNR,established_dealer,m9_local,px,1,1,a5bfa50b177fadd3,0.80165,0.80165,0.00000,0.80165,0.80165
genuine_population,hv_page_b0bc85b625,126710GRNR,established_dealer,m9_local_R,R,1,1,a5bfa50b177fadd3,0.00185,0.00185,0.00000,0.00185,0.00185
genuine_population,hv_page_b0bc85b625,126710GRNR,established_dealer,m9_raw,px,1,1,a5bfa50b177fadd3,2.66756,2.66756,0.00000,2.66756,2.66756
genuine_population,hv_page_b0bc85b625,126710GRNR,established_dealer,m9_raw_R,R,1,1,a5bfa50b177fadd3,0.00615,0.00615,0.00000,0.00615,0.00615
genuine_population,hv_page_b0bc85b625,126710GRNR,established_dealer,m9_local_tangential_R,R,1,1,a5bfa50b177fadd3,0.00048,0.00048,0.00000,0.00048,0.00048
genuine_population,hv_page_b0bc85b625,126710GRNR,established_dealer,m9_local_radial_R,R,1,1,a5bfa50b177fadd3,0.00178,0.00178,0.00000,0.00178,0.00178
genuine_population,hv_page_b0bc85b625,126710GRNR,established_dealer,m12_centreline_rotation,deg,1,1,a5bfa50b177fadd3,-0.26250,-0.26250,0.00000,-0.26250,-0.26250
genuine_population,hv_page_b0bc85b625,126710GRNR,established_dealer,m12_raw,px,1,1,a5bfa50b177fadd3,0.89303,0.89303,0.00000,0.89303,0.89303
genuine_population,hv_page_b0bc85b625,126710GRNR,established_dealer,m12_raw_R,R,1,1,a5bfa50b177fadd3,0.00206,0.00206,0.00000,0.00206,0.00206
genuine_population,hv_page_b0bc85b625,126710GRNR,established_dealer,m12_local_R,R,1,1,a5bfa50b177fadd3,0.00319,0.00319,0.00000,0.00319,0.00319
genuine_population,hv_page_b0bc85b625,126710GRNR,established_dealer,m12_right_R,R,1,1,a5bfa50b177fadd3,-0.00175,-0.00175,0.00000,-0.00175,-0.00175
genuine_population,hv_page_b0bc85b625,126710GRNR,established_dealer,m12_down_R,R,1,1,a5bfa50b177fadd3,-0.00110,-0.00110,0.00000,-0.00110,-0.00110
genuine_population,hv_page_b0bc85b625,126710GRNR,established_dealer,m12_left_side_err,deg,1,1,a5bfa50b177fadd3,-0.41744,-0.41744,0.00000,-0.41744,-0.41744
genuine_population,hv_page_b0bc85b625,126710GRNR,established_dealer,m12_right_side_err,deg,1,1,a5bfa50b177fadd3,-0.14196,-0.14196,0.00000,-0.14196,-0.14196
genuine_population,hv_page_b0bc85b625,126710GRNR,established_dealer,m12_base_tilt,deg,1,1,a5bfa50b177fadd3,-0.38616,-0.38616,0.00000,-0.38616,-0.38616
genuine_population,hv_page_b0bc85b625,126710GRNR,established_dealer,rounds_max_local,px,1,1,a5bfa50b177fadd3,0.51917,0.51917,0.00000,0.51917,0.51917
genuine_population,hv_page_b0bc85b625,126710GRNR,established_dealer,rounds_max_local_R,R,1,1,a5bfa50b177fadd3,0.00120,0.00120,0.00000,0.00120,0.00120
genuine_population,hv_page_b0bc85b625,126710GRNR,established_dealer,rounds_usable,count,1,1,a5bfa50b177fadd3,8.00000,8.00000,0.00000,8.00000,8.00000
genuine_population,hv_page_b4498e472c,126710BLRO,established_dealer,ring_shift,px,1,1,3108248748f8ed97,1.35736,1.35736,0.00000,1.35736,1.35736
genuine_population,hv_page_b4498e472c,126710BLRO,established_dealer,ring_shift_R,R,1,1,3108248748f8ed97,0.00312,0.00312,0.00000,0.00312,0.00312
genuine_population,hv_page_b4498e472c,126710BLRO,established_dealer,ring_rotation,deg,1,1,3108248748f8ed97,0.10684,0.10684,0.00000,0.10684,0.10684
genuine_population,hv_page_b4498e472c,126710BLRO,established_dealer,ring_scale,%,1,1,3108248748f8ed97,-0.00491,-0.00491,0.00000,-0.00491,-0.00491
genuine_population,hv_page_b4498e472c,126710BLRO,established_dealer,m6_rotation,deg,1,1,3108248748f8ed97,-0.08141,-0.08141,0.00000,-0.08141,-0.08141
genuine_population,hv_page_b4498e472c,126710BLRO,established_dealer,m6_local,px,1,1,3108248748f8ed97,0.59700,0.59700,0.00000,0.59700,0.59700
genuine_population,hv_page_b4498e472c,126710BLRO,established_dealer,m6_local_R,R,1,1,3108248748f8ed97,0.00137,0.00137,0.00000,0.00137,0.00137
genuine_population,hv_page_b4498e472c,126710BLRO,established_dealer,m6_raw,px,1,1,3108248748f8ed97,0.72256,0.72256,0.00000,0.72256,0.72256
genuine_population,hv_page_b4498e472c,126710BLRO,established_dealer,m6_raw_R,R,1,1,3108248748f8ed97,0.00166,0.00166,0.00000,0.00166,0.00166
genuine_population,hv_page_b4498e472c,126710BLRO,established_dealer,m6_local_tangential_R,R,1,1,3108248748f8ed97,-0.00004,-0.00004,0.00000,-0.00004,-0.00004
genuine_population,hv_page_b4498e472c,126710BLRO,established_dealer,m6_local_radial_R,R,1,1,3108248748f8ed97,0.00137,0.00137,0.00000,0.00137,0.00137
genuine_population,hv_page_b4498e472c,126710BLRO,established_dealer,m9_rotation,deg,1,1,3108248748f8ed97,-0.07301,-0.07301,0.00000,-0.07301,-0.07301
genuine_population,hv_page_b4498e472c,126710BLRO,established_dealer,m9_local,px,1,1,3108248748f8ed97,0.96930,0.96930,0.00000,0.96930,0.96930
genuine_population,hv_page_b4498e472c,126710BLRO,established_dealer,m9_local_R,R,1,1,3108248748f8ed97,0.00223,0.00223,0.00000,0.00223,0.00223
genuine_population,hv_page_b4498e472c,126710BLRO,established_dealer,m9_raw,px,1,1,3108248748f8ed97,2.37977,2.37977,0.00000,2.37977,2.37977
genuine_population,hv_page_b4498e472c,126710BLRO,established_dealer,m9_raw_R,R,1,1,3108248748f8ed97,0.00548,0.00548,0.00000,0.00548,0.00548
genuine_population,hv_page_b4498e472c,126710BLRO,established_dealer,m9_local_tangential_R,R,1,1,3108248748f8ed97,0.00105,0.00105,0.00000,0.00105,0.00105
genuine_population,hv_page_b4498e472c,126710BLRO,established_dealer,m9_local_radial_R,R,1,1,3108248748f8ed97,0.00196,0.00196,0.00000,0.00196,0.00196
genuine_population,hv_page_b4498e472c,126710BLRO,established_dealer,m12_centreline_rotation,deg,1,1,3108248748f8ed97,-0.35737,-0.35737,0.00000,-0.35737,-0.35737
genuine_population,hv_page_b4498e472c,126710BLRO,established_dealer,m12_raw,px,1,1,3108248748f8ed97,0.35243,0.35243,0.00000,0.35243,0.35243
genuine_population,hv_page_b4498e472c,126710BLRO,established_dealer,m12_raw_R,R,1,1,3108248748f8ed97,0.00081,0.00081,0.00000,0.00081,0.00081
genuine_population,hv_page_b4498e472c,126710BLRO,established_dealer,m12_local_R,R,1,1,3108248748f8ed97,0.00463,0.00463,0.00000,0.00463,0.00463
genuine_population,hv_page_b4498e472c,126710BLRO,established_dealer,m12_right_R,R,1,1,3108248748f8ed97,-0.00040,-0.00040,0.00000,-0.00040,-0.00040
genuine_population,hv_page_b4498e472c,126710BLRO,established_dealer,m12_down_R,R,1,1,3108248748f8ed97,0.00071,0.00071,0.00000,0.00071,0.00071
genuine_population,hv_page_b4498e472c,126710BLRO,established_dealer,m12_left_side_err,deg,1,1,3108248748f8ed97,-0.40077,-0.40077,0.00000,-0.40077,-0.40077
genuine_population,hv_page_b4498e472c,126710BLRO,established_dealer,m12_right_side_err,deg,1,1,3108248748f8ed97,-0.31973,-0.31973,0.00000,-0.31973,-0.31973
genuine_population,hv_page_b4498e472c,126710BLRO,established_dealer,m12_base_tilt,deg,1,1,3108248748f8ed97,-0.37824,-0.37824,0.00000,-0.37824,-0.37824
genuine_population,hv_page_b4498e472c,126710BLRO,established_dealer,rounds_max_local,px,1,1,3108248748f8ed97,0.72430,0.72430,0.00000,0.72430,0.72430
genuine_population,hv_page_b4498e472c,126710BLRO,established_dealer,rounds_max_local_R,R,1,1,3108248748f8ed97,0.00167,0.00167,0.00000,0.00167,0.00167
genuine_population,hv_page_b4498e472c,126710BLRO,established_dealer,rounds_usable,count,1,1,3108248748f8ed97,7.00000,7.00000,0.00000,7.00000,7.00000
genuine_population,hv_page_b64df841ae,126713GRNR,rolex_cpo,ring_shift,px,1,1,b93685d799ec9f84,0.28988,0.28988,0.00000,0.28988,0.28988
genuine_population,hv_page_b64df841ae,126713GRNR,rolex_cpo,ring_shift_R,R,1,1,b93685d799ec9f84,0.00203,0.00203,0.00000,0.00203,0.00203
genuine_population,hv_page_b64df841ae,126713GRNR,rolex_cpo,ring_rotation,deg,1,1,b93685d799ec9f84,0.00121,0.00121,0.00000,0.00121,0.00121
genuine_population,hv_page_b64df841ae,126713GRNR,rolex_cpo,ring_scale,%,1,1,b93685d799ec9f84,-0.07948,-0.07948,0.00000,-0.07948,-0.07948
genuine_population,hv_page_b64df841ae,126713GRNR,rolex_cpo,m6_rotation,deg,1,0,b93685d799ec9f84,,,,,
genuine_population,hv_page_b64df841ae,126713GRNR,rolex_cpo,m6_local,px,1,0,b93685d799ec9f84,,,,,
genuine_population,hv_page_b64df841ae,126713GRNR,rolex_cpo,m6_local_R,R,1,0,b93685d799ec9f84,,,,,
genuine_population,hv_page_b64df841ae,126713GRNR,rolex_cpo,m6_raw,px,1,0,b93685d799ec9f84,,,,,
genuine_population,hv_page_b64df841ae,126713GRNR,rolex_cpo,m6_raw_R,R,1,0,b93685d799ec9f84,,,,,
genuine_population,hv_page_b64df841ae,126713GRNR,rolex_cpo,m6_local_tangential_R,R,1,0,b93685d799ec9f84,,,,,
genuine_population,hv_page_b64df841ae,126713GRNR,rolex_cpo,m6_local_radial_R,R,1,0,b93685d799ec9f84,,,,,
genuine_population,hv_page_b64df841ae,126713GRNR,rolex_cpo,m9_rotation,deg,1,1,b93685d799ec9f84,-0.31573,-0.31573,0.00000,-0.31573,-0.31573
genuine_population,hv_page_b64df841ae,126713GRNR,rolex_cpo,m9_local,px,1,1,b93685d799ec9f84,0.44756,0.44756,0.00000,0.44756,0.44756
genuine_population,hv_page_b64df841ae,126713GRNR,rolex_cpo,m9_local_R,R,1,1,b93685d799ec9f84,0.00314,0.00314,0.00000,0.00314,0.00314
genuine_population,hv_page_b64df841ae,126713GRNR,rolex_cpo,m9_raw,px,1,1,b93685d799ec9f84,0.24708,0.24708,0.00000,0.24708,0.24708
genuine_population,hv_page_b64df841ae,126713GRNR,rolex_cpo,m9_raw_R,R,1,1,b93685d799ec9f84,0.00173,0.00173,0.00000,0.00173,0.00173
genuine_population,hv_page_b64df841ae,126713GRNR,rolex_cpo,m9_local_tangential_R,R,1,1,b93685d799ec9f84,-0.00265,-0.00265,0.00000,-0.00265,-0.00265
genuine_population,hv_page_b64df841ae,126713GRNR,rolex_cpo,m9_local_radial_R,R,1,1,b93685d799ec9f84,-0.00171,-0.00171,0.00000,-0.00171,-0.00171
genuine_population,hv_page_b64df841ae,126713GRNR,rolex_cpo,m12_centreline_rotation,deg,1,1,b93685d799ec9f84,0.07476,0.07476,0.00000,0.07476,0.07476
genuine_population,hv_page_b64df841ae,126713GRNR,rolex_cpo,m12_raw,px,1,1,b93685d799ec9f84,0.76156,0.76156,0.00000,0.76156,0.76156
genuine_population,hv_page_b64df841ae,126713GRNR,rolex_cpo,m12_raw_R,R,1,1,b93685d799ec9f84,0.00534,0.00534,0.00000,0.00534,0.00534
genuine_population,hv_page_b64df841ae,126713GRNR,rolex_cpo,m12_local_R,R,1,1,b93685d799ec9f84,0.00678,0.00678,0.00000,0.00678,0.00678
genuine_population,hv_page_b64df841ae,126713GRNR,rolex_cpo,m12_right_R,R,1,1,b93685d799ec9f84,0.00195,0.00195,0.00000,0.00195,0.00195
genuine_population,hv_page_b64df841ae,126713GRNR,rolex_cpo,m12_down_R,R,1,1,b93685d799ec9f84,0.00502,0.00502,0.00000,0.00502,0.00502
genuine_population,hv_page_b64df841ae,126713GRNR,rolex_cpo,m12_left_side_err,deg,1,1,b93685d799ec9f84,0.09195,0.09195,0.00000,0.09195,0.09195
genuine_population,hv_page_b64df841ae,126713GRNR,rolex_cpo,m12_right_side_err,deg,1,1,b93685d799ec9f84,0.07662,0.07662,0.00000,0.07662,0.07662
genuine_population,hv_page_b64df841ae,126713GRNR,rolex_cpo,m12_base_tilt,deg,1,1,b93685d799ec9f84,0.14406,0.14406,0.00000,0.14406,0.14406
genuine_population,hv_page_b64df841ae,126713GRNR,rolex_cpo,rounds_max_local,px,1,1,b93685d799ec9f84,0.26518,0.26518,0.00000,0.26518,0.26518
genuine_population,hv_page_b64df841ae,126713GRNR,rolex_cpo,rounds_max_local_R,R,1,1,b93685d799ec9f84,0.00186,0.00186,0.00000,0.00186,0.00186
genuine_population,hv_page_b64df841ae,126713GRNR,rolex_cpo,rounds_usable,count,1,1,b93685d799ec9f84,6.00000,6.00000,0.00000,6.00000,6.00000
genuine_population,hv_page_b77c1bf9fc,126711CHNR,established_dealer,ring_shift,px,1,1,12647e0fbeac93c0,0.20882,0.20882,0.00000,0.20882,0.20882
genuine_population,hv_page_b77c1bf9fc,126711CHNR,established_dealer,ring_shift_R,R,1,1,12647e0fbeac93c0,0.00085,0.00085,0.00000,0.00085,0.00085
genuine_population,hv_page_b77c1bf9fc,126711CHNR,established_dealer,ring_rotation,deg,1,1,12647e0fbeac93c0,-0.02046,-0.02046,0.00000,-0.02046,-0.02046
genuine_population,hv_page_b77c1bf9fc,126711CHNR,established_dealer,ring_scale,%,1,1,12647e0fbeac93c0,-0.10917,-0.10917,0.00000,-0.10917,-0.10917
genuine_population,hv_page_b77c1bf9fc,126711CHNR,established_dealer,m6_rotation,deg,1,1,12647e0fbeac93c0,0.70808,0.70808,0.00000,0.70808,0.70808
genuine_population,hv_page_b77c1bf9fc,126711CHNR,established_dealer,m6_local,px,1,1,12647e0fbeac93c0,0.31233,0.31233,0.00000,0.31233,0.31233
genuine_population,hv_page_b77c1bf9fc,126711CHNR,established_dealer,m6_local_R,R,1,1,12647e0fbeac93c0,0.00128,0.00128,0.00000,0.00128,0.00128
genuine_population,hv_page_b77c1bf9fc,126711CHNR,established_dealer,m6_raw,px,1,1,12647e0fbeac93c0,0.34067,0.34067,0.00000,0.34067,0.34067
genuine_population,hv_page_b77c1bf9fc,126711CHNR,established_dealer,m6_raw_R,R,1,1,12647e0fbeac93c0,0.00139,0.00139,0.00000,0.00139,0.00139
genuine_population,hv_page_b77c1bf9fc,126711CHNR,established_dealer,m6_local_tangential_R,R,1,1,12647e0fbeac93c0,-0.00009,-0.00009,0.00000,-0.00009,-0.00009
genuine_population,hv_page_b77c1bf9fc,126711CHNR,established_dealer,m6_local_radial_R,R,1,1,12647e0fbeac93c0,0.00127,0.00127,0.00000,0.00127,0.00127
genuine_population,hv_page_b77c1bf9fc,126711CHNR,established_dealer,m9_rotation,deg,1,1,12647e0fbeac93c0,0.66558,0.66558,0.00000,0.66558,0.66558
genuine_population,hv_page_b77c1bf9fc,126711CHNR,established_dealer,m9_local,px,1,1,12647e0fbeac93c0,0.38094,0.38094,0.00000,0.38094,0.38094
genuine_population,hv_page_b77c1bf9fc,126711CHNR,established_dealer,m9_local_R,R,1,1,12647e0fbeac93c0,0.00155,0.00155,0.00000,0.00155,0.00155
genuine_population,hv_page_b77c1bf9fc,126711CHNR,established_dealer,m9_raw,px,1,1,12647e0fbeac93c0,0.40887,0.40887,0.00000,0.40887,0.40887
genuine_population,hv_page_b77c1bf9fc,126711CHNR,established_dealer,m9_raw_R,R,1,1,12647e0fbeac93c0,0.00167,0.00167,0.00000,0.00167,0.00167
genuine_population,hv_page_b77c1bf9fc,126711CHNR,established_dealer,m9_local_tangential_R,R,1,1,12647e0fbeac93c0,-0.00051,-0.00051,0.00000,-0.00051,-0.00051
genuine_population,hv_page_b77c1bf9fc,126711CHNR,established_dealer,m9_local_radial_R,R,1,1,12647e0fbeac93c0,0.00147,0.00147,0.00000,0.00147,0.00147
genuine_population,hv_page_b77c1bf9fc,126711CHNR,established_dealer,m12_centreline_rotation,deg,1,1,12647e0fbeac93c0,-0.82848,-0.82848,0.00000,-0.82848,-0.82848
genuine_population,hv_page_b77c1bf9fc,126711CHNR,established_dealer,m12_raw,px,1,1,12647e0fbeac93c0,1.27657,1.27657,0.00000,1.27657,1.27657
genuine_population,hv_page_b77c1bf9fc,126711CHNR,established_dealer,m12_raw_R,R,1,1,12647e0fbeac93c0,0.00521,0.00521,0.00000,0.00521,0.00521
genuine_population,hv_page_b77c1bf9fc,126711CHNR,established_dealer,m12_local_R,R,1,1,12647e0fbeac93c0,0.00353,0.00353,0.00000,0.00353,0.00353
genuine_population,hv_page_b77c1bf9fc,126711CHNR,established_dealer,m12_right_R,R,1,1,12647e0fbeac93c0,-0.00099,-0.00099,0.00000,-0.00099,-0.00099
genuine_population,hv_page_b77c1bf9fc,126711CHNR,established_dealer,m12_down_R,R,1,1,12647e0fbeac93c0,0.00511,0.00511,0.00000,0.00511,0.00511
genuine_population,hv_page_b77c1bf9fc,126711CHNR,established_dealer,m12_left_side_err,deg,1,1,12647e0fbeac93c0,-1.07850,-1.07850,0.00000,-1.07850,-1.07850
genuine_population,hv_page_b77c1bf9fc,126711CHNR,established_dealer,m12_right_side_err,deg,1,1,12647e0fbeac93c0,-0.58376,-0.58376,0.00000,-0.58376,-0.58376
genuine_population,hv_page_b77c1bf9fc,126711CHNR,established_dealer,m12_base_tilt,deg,1,1,12647e0fbeac93c0,-0.84733,-0.84733,0.00000,-0.84733,-0.84733
genuine_population,hv_page_b77c1bf9fc,126711CHNR,established_dealer,rounds_max_local,px,1,1,12647e0fbeac93c0,0.33632,0.33632,0.00000,0.33632,0.33632
genuine_population,hv_page_b77c1bf9fc,126711CHNR,established_dealer,rounds_max_local_R,R,1,1,12647e0fbeac93c0,0.00137,0.00137,0.00000,0.00137,0.00137
genuine_population,hv_page_b77c1bf9fc,126711CHNR,established_dealer,rounds_usable,count,1,1,12647e0fbeac93c0,8.00000,8.00000,0.00000,8.00000,8.00000
genuine_population,hv_page_b8db5ee0c6,126710GRNR,established_dealer,ring_shift,px,1,1,e7a819443fd0d94a,0.86432,0.86432,0.00000,0.86432,0.86432
genuine_population,hv_page_b8db5ee0c6,126710GRNR,established_dealer,ring_shift_R,R,1,1,e7a819443fd0d94a,0.00199,0.00199,0.00000,0.00199,0.00199
genuine_population,hv_page_b8db5ee0c6,126710GRNR,established_dealer,ring_rotation,deg,1,1,e7a819443fd0d94a,-0.09150,-0.09150,0.00000,-0.09150,-0.09150
genuine_population,hv_page_b8db5ee0c6,126710GRNR,established_dealer,ring_scale,%,1,1,e7a819443fd0d94a,-0.05794,-0.05794,0.00000,-0.05794,-0.05794
genuine_population,hv_page_b8db5ee0c6,126710GRNR,established_dealer,m6_rotation,deg,1,1,e7a819443fd0d94a,0.03067,0.03067,0.00000,0.03067,0.03067
genuine_population,hv_page_b8db5ee0c6,126710GRNR,established_dealer,m6_local,px,1,1,e7a819443fd0d94a,0.44143,0.44143,0.00000,0.44143,0.44143
genuine_population,hv_page_b8db5ee0c6,126710GRNR,established_dealer,m6_local_R,R,1,1,e7a819443fd0d94a,0.00102,0.00102,0.00000,0.00102,0.00102
genuine_population,hv_page_b8db5ee0c6,126710GRNR,established_dealer,m6_raw,px,1,1,e7a819443fd0d94a,0.81617,0.81617,0.00000,0.81617,0.81617
genuine_population,hv_page_b8db5ee0c6,126710GRNR,established_dealer,m6_raw_R,R,1,1,e7a819443fd0d94a,0.00188,0.00188,0.00000,0.00188,0.00188
genuine_population,hv_page_b8db5ee0c6,126710GRNR,established_dealer,m6_local_tangential_R,R,1,1,e7a819443fd0d94a,0.00075,0.00075,0.00000,0.00075,0.00075
genuine_population,hv_page_b8db5ee0c6,126710GRNR,established_dealer,m6_local_radial_R,R,1,1,e7a819443fd0d94a,0.00069,0.00069,0.00000,0.00069,0.00069
genuine_population,hv_page_b8db5ee0c6,126710GRNR,established_dealer,m9_rotation,deg,1,1,e7a819443fd0d94a,-0.18764,-0.18764,0.00000,-0.18764,-0.18764
genuine_population,hv_page_b8db5ee0c6,126710GRNR,established_dealer,m9_local,px,1,1,e7a819443fd0d94a,0.77092,0.77092,0.00000,0.77092,0.77092
genuine_population,hv_page_b8db5ee0c6,126710GRNR,established_dealer,m9_local_R,R,1,1,e7a819443fd0d94a,0.00178,0.00178,0.00000,0.00178,0.00178
genuine_population,hv_page_b8db5ee0c6,126710GRNR,established_dealer,m9_raw,px,1,1,e7a819443fd0d94a,0.78353,0.78353,0.00000,0.78353,0.78353
genuine_population,hv_page_b8db5ee0c6,126710GRNR,established_dealer,m9_raw_R,R,1,1,e7a819443fd0d94a,0.00180,0.00180,0.00000,0.00180,0.00180
genuine_population,hv_page_b8db5ee0c6,126710GRNR,established_dealer,m9_local_tangential_R,R,1,1,e7a819443fd0d94a,0.00081,0.00081,0.00000,0.00081,0.00081
genuine_population,hv_page_b8db5ee0c6,126710GRNR,established_dealer,m9_local_radial_R,R,1,1,e7a819443fd0d94a,0.00157,0.00157,0.00000,0.00157,0.00157
genuine_population,hv_page_b8db5ee0c6,126710GRNR,established_dealer,m12_centreline_rotation,deg,1,1,e7a819443fd0d94a,-0.61142,-0.61142,0.00000,-0.61142,-0.61142
genuine_population,hv_page_b8db5ee0c6,126710GRNR,established_dealer,m12_raw,px,1,1,e7a819443fd0d94a,1.38912,1.38912,0.00000,1.38912,1.38912
genuine_population,hv_page_b8db5ee0c6,126710GRNR,established_dealer,m12_raw_R,R,1,1,e7a819443fd0d94a,0.00320,0.00320,0.00000,0.00320,0.00320
genuine_population,hv_page_b8db5ee0c6,126710GRNR,established_dealer,m12_local_R,R,1,1,e7a819443fd0d94a,0.00392,0.00392,0.00000,0.00392,0.00392
genuine_population,hv_page_b8db5ee0c6,126710GRNR,established_dealer,m12_right_R,R,1,1,e7a819443fd0d94a,-0.00235,-0.00235,0.00000,-0.00235,-0.00235
genuine_population,hv_page_b8db5ee0c6,126710GRNR,established_dealer,m12_down_R,R,1,1,e7a819443fd0d94a,0.00220,0.00220,0.00000,0.00220,0.00220
genuine_population,hv_page_b8db5ee0c6,126710GRNR,established_dealer,m12_left_side_err,deg,1,1,e7a819443fd0d94a,-0.76846,-0.76846,0.00000,-0.76846,-0.76846
genuine_population,hv_page_b8db5ee0c6,126710GRNR,established_dealer,m12_right_side_err,deg,1,1,e7a819443fd0d94a,-0.50968,-0.50968,0.00000,-0.50968,-0.50968
genuine_population,hv_page_b8db5ee0c6,126710GRNR,established_dealer,m12_base_tilt,deg,1,1,e7a819443fd0d94a,-0.81034,-0.81034,0.00000,-0.81034,-0.81034
genuine_population,hv_page_b8db5ee0c6,126710GRNR,established_dealer,rounds_max_local,px,1,1,e7a819443fd0d94a,0.78187,0.78187,0.00000,0.78187,0.78187
genuine_population,hv_page_b8db5ee0c6,126710GRNR,established_dealer,rounds_max_local_R,R,1,1,e7a819443fd0d94a,0.00180,0.00180,0.00000,0.00180,0.00180
genuine_population,hv_page_b8db5ee0c6,126710GRNR,established_dealer,rounds_usable,count,1,1,e7a819443fd0d94a,6.00000,6.00000,0.00000,6.00000,6.00000
genuine_population,hv_page_c2377563f8,126710BLRO,established_dealer,ring_shift,px,2,0,7a28dfdca6f5027e,,,,,
genuine_population,hv_page_c2377563f8,126710BLRO,established_dealer,ring_shift_R,R,2,0,7a28dfdca6f5027e,,,,,
genuine_population,hv_page_c2377563f8,126710BLRO,established_dealer,ring_rotation,deg,2,0,7a28dfdca6f5027e,,,,,
genuine_population,hv_page_c2377563f8,126710BLRO,established_dealer,ring_scale,%,2,0,7a28dfdca6f5027e,,,,,
genuine_population,hv_page_c2377563f8,126710BLRO,established_dealer,m6_rotation,deg,2,0,7a28dfdca6f5027e,,,,,
genuine_population,hv_page_c2377563f8,126710BLRO,established_dealer,m6_local,px,2,0,7a28dfdca6f5027e,,,,,
genuine_population,hv_page_c2377563f8,126710BLRO,established_dealer,m6_local_R,R,2,0,7a28dfdca6f5027e,,,,,
genuine_population,hv_page_c2377563f8,126710BLRO,established_dealer,m6_raw,px,2,0,7a28dfdca6f5027e,,,,,
genuine_population,hv_page_c2377563f8,126710BLRO,established_dealer,m6_raw_R,R,2,0,7a28dfdca6f5027e,,,,,
genuine_population,hv_page_c2377563f8,126710BLRO,established_dealer,m6_local_tangential_R,R,2,0,7a28dfdca6f5027e,,,,,
genuine_population,hv_page_c2377563f8,126710BLRO,established_dealer,m6_local_radial_R,R,2,0,7a28dfdca6f5027e,,,,,
genuine_population,hv_page_c2377563f8,126710BLRO,established_dealer,m9_rotation,deg,2,0,7a28dfdca6f5027e,,,,,
genuine_population,hv_page_c2377563f8,126710BLRO,established_dealer,m9_local,px,2,0,7a28dfdca6f5027e,,,,,
genuine_population,hv_page_c2377563f8,126710BLRO,established_dealer,m9_local_R,R,2,0,7a28dfdca6f5027e,,,,,
genuine_population,hv_page_c2377563f8,126710BLRO,established_dealer,m9_raw,px,2,0,7a28dfdca6f5027e,,,,,
genuine_population,hv_page_c2377563f8,126710BLRO,established_dealer,m9_raw_R,R,2,0,7a28dfdca6f5027e,,,,,
genuine_population,hv_page_c2377563f8,126710BLRO,established_dealer,m9_local_tangential_R,R,2,0,7a28dfdca6f5027e,,,,,
genuine_population,hv_page_c2377563f8,126710BLRO,established_dealer,m9_local_radial_R,R,2,0,7a28dfdca6f5027e,,,,,
genuine_population,hv_page_c2377563f8,126710BLRO,established_dealer,m12_centreline_rotation,deg,2,0,7a28dfdca6f5027e,,,,,
genuine_population,hv_page_c2377563f8,126710BLRO,established_dealer,m12_raw,px,2,0,7a28dfdca6f5027e,,,,,
genuine_population,hv_page_c2377563f8,126710BLRO,established_dealer,m12_raw_R,R,2,0,7a28dfdca6f5027e,,,,,
genuine_population,hv_page_c2377563f8,126710BLRO,established_dealer,m12_local_R,R,2,0,7a28dfdca6f5027e,,,,,
genuine_population,hv_page_c2377563f8,126710BLRO,established_dealer,m12_right_R,R,2,0,7a28dfdca6f5027e,,,,,
genuine_population,hv_page_c2377563f8,126710BLRO,established_dealer,m12_down_R,R,2,0,7a28dfdca6f5027e,,,,,
genuine_population,hv_page_c2377563f8,126710BLRO,established_dealer,m12_left_side_err,deg,2,0,7a28dfdca6f5027e,,,,,
genuine_population,hv_page_c2377563f8,126710BLRO,established_dealer,m12_right_side_err,deg,2,0,7a28dfdca6f5027e,,,,,
genuine_population,hv_page_c2377563f8,126710BLRO,established_dealer,m12_base_tilt,deg,2,0,7a28dfdca6f5027e,,,,,
genuine_population,hv_page_c2377563f8,126710BLRO,established_dealer,rounds_max_local,px,2,0,7a28dfdca6f5027e,,,,,
genuine_population,hv_page_c2377563f8,126710BLRO,established_dealer,rounds_max_local_R,R,2,0,7a28dfdca6f5027e,,,,,
genuine_population,hv_page_c2377563f8,126710BLRO,established_dealer,rounds_usable,count,2,2,7a28dfdca6f5027e,1.00000,1.00000,0.00000,1.00000,1.00000
genuine_population,hv_page_c5c577583b,126711CHNR,established_dealer,ring_shift,px,3,3,4ce46215cbff98e6,3.32885,0.85703,0.33504,0.52199,3.32885
genuine_population,hv_page_c5c577583b,126711CHNR,established_dealer,ring_shift_R,R,3,3,4ce46215cbff98e6,0.00407,0.00343,0.00036,0.00307,0.00407
genuine_population,hv_page_c5c577583b,126711CHNR,established_dealer,ring_rotation,deg,3,3,4ce46215cbff98e6,0.06307,0.02548,0.00767,0.01781,0.06307
genuine_population,hv_page_c5c577583b,126711CHNR,established_dealer,ring_scale,%,3,3,4ce46215cbff98e6,-0.08091,-0.08091,0.00502,-0.15656,-0.07589
genuine_population,hv_page_c5c577583b,126711CHNR,established_dealer,m6_rotation,deg,3,3,4ce46215cbff98e6,0.05484,0.20921,0.02840,0.05484,0.23761
genuine_population,hv_page_c5c577583b,126711CHNR,established_dealer,m6_local,px,3,3,4ce46215cbff98e6,1.39155,0.51802,0.18066,0.33736,1.39155
genuine_population,hv_page_c5c577583b,126711CHNR,established_dealer,m6_local_R,R,3,3,4ce46215cbff98e6,0.00170,0.00199,0.00009,0.00170,0.00207
genuine_population,hv_page_c5c577583b,126711CHNR,established_dealer,m6_raw,px,3,3,4ce46215cbff98e6,2.45766,0.63597,0.32186,0.31411,2.45766
genuine_population,hv_page_c5c577583b,126711CHNR,established_dealer,m6_raw_R,R,3,3,4ce46215cbff98e6,0.00300,0.00254,0.00046,0.00185,0.00300
genuine_population,hv_page_c5c577583b,126711CHNR,established_dealer,m6_local_tangential_R,R,3,3,4ce46215cbff98e6,-0.00041,-0.00041,0.00021,-0.00062,-0.00011
genuine_population,hv_page_c5c577583b,126711CHNR,established_dealer,m6_local_radial_R,R,3,3,4ce46215cbff98e6,0.00163,0.00187,0.00018,0.00163,0.00205
genuine_population,hv_page_c5c577583b,126711CHNR,established_dealer,m9_rotation,deg,3,3,4ce46215cbff98e6,0.08796,-0.18885,0.04136,-0.23021,0.08796
genuine_population,hv_page_c5c577583b,126711CHNR,established_dealer,m9_local,px,3,3,4ce46215cbff98e6,2.13554,0.65236,0.12446,0.52790,2.13554
genuine_population,hv_page_c5c577583b,126711CHNR,established_dealer,m9_local_R,R,3,3,4ce46215cbff98e6,0.00261,0.00261,0.00050,0.00211,0.00384
genuine_population,hv_page_c5c577583b,126711CHNR,established_dealer,m9_raw,px,3,3,4ce46215cbff98e6,4.12705,1.13987,0.25208,0.88779,4.12705
genuine_population,hv_page_c5c577583b,126711CHNR,established_dealer,m9_raw_R,R,3,3,4ce46215cbff98e6,0.00505,0.00505,0.00018,0.00456,0.00523
genuine_population,hv_page_c5c577583b,126711CHNR,established_dealer,m9_local_tangential_R,R,3,3,4ce46215cbff98e6,-0.00013,0.00071,0.00025,-0.00013,0.00095
genuine_population,hv_page_c5c577583b,126711CHNR,established_dealer,m9_local_radial_R,R,3,3,4ce46215cbff98e6,0.00254,0.00254,0.00061,0.00193,0.00361
genuine_population,hv_page_c5c577583b,126711CHNR,established_dealer,m12_centreline_rotation,deg,3,3,4ce46215cbff98e6,0.40108,0.40108,0.07591,0.30008,0.47699
genuine_population,hv_page_c5c577583b,126711CHNR,established_dealer,m12_raw,px,3,3,4ce46215cbff98e6,3.87972,1.09349,0.36861,0.72488,3.87972
genuine_population,hv_page_c5c577583b,126711CHNR,established_dealer,m12_raw_R,R,3,3,4ce46215cbff98e6,0.00474,0.00438,0.00011,0.00427,0.00474
genuine_population,hv_page_c5c577583b,126711CHNR,established_dealer,m12_local_R,R,3,3,4ce46215cbff98e6,0.00838,0.00673,0.00015,0.00659,0.00838
genuine_population,hv_page_c5c577583b,126711CHNR,established_dealer,m12_right_R,R,3,3,4ce46215cbff98e6,-0.00175,-0.00154,0.00005,-0.00175,-0.00150
genuine_population,hv_page_c5c577583b,126711CHNR,established_dealer,m12_down_R,R,3,3,4ce46215cbff98e6,0.00437,0.00407,0.00013,0.00394,0.00437
genuine_population,hv_page_c5c577583b,126711CHNR,established_dealer,m12_left_side_err,deg,3,3,4ce46215cbff98e6,0.24705,0.26191,0.01486,0.24705,0.29016
genuine_population,hv_page_c5c577583b,126711CHNR,established_dealer,m12_right_side_err,deg,3,3,4ce46215cbff98e6,0.28241,0.28241,0.03085,0.17486,0.31326
genuine_population,hv_page_c5c577583b,126711CHNR,established_dealer,m12_base_tilt,deg,3,3,4ce46215cbff98e6,-0.58931,-0.58931,0.20747,-0.79678,-0.29651
genuine_population,hv_page_c5c577583b,126711CHNR,established_dealer,rounds_max_local,px,3,3,4ce46215cbff98e6,0.94696,0.46692,0.14675,0.32017,0.94696
genuine_population,hv_page_c5c577583b,126711CHNR,established_dealer,rounds_max_local_R,R,3,3,4ce46215cbff98e6,0.00116,0.00187,0.00002,0.00116,0.00188
genuine_population,hv_page_c5c577583b,126711CHNR,established_dealer,rounds_usable,count,3,3,4ce46215cbff98e6,3.00000,7.00000,0.00000,3.00000,7.00000
genuine_population,hv_page_c80c027742,126710BLRO,established_dealer,ring_shift,px,1,1,d8ca71c3ac69a390,1.01870,1.01870,0.00000,1.01870,1.01870
genuine_population,hv_page_c80c027742,126710BLRO,established_dealer,ring_shift_R,R,1,1,d8ca71c3ac69a390,0.00234,0.00234,0.00000,0.00234,0.00234
genuine_population,hv_page_c80c027742,126710BLRO,established_dealer,ring_rotation,deg,1,1,d8ca71c3ac69a390,-0.05770,-0.05770,0.00000,-0.05770,-0.05770
genuine_population,hv_page_c80c027742,126710BLRO,established_dealer,ring_scale,%,1,1,d8ca71c3ac69a390,0.09657,0.09657,0.00000,0.09657,0.09657
genuine_population,hv_page_c80c027742,126710BLRO,established_dealer,m6_rotation,deg,1,1,d8ca71c3ac69a390,0.20658,0.20658,0.00000,0.20658,0.20658
genuine_population,hv_page_c80c027742,126710BLRO,established_dealer,m6_local,px,1,1,d8ca71c3ac69a390,1.10850,1.10850,0.00000,1.10850,1.10850
genuine_population,hv_page_c80c027742,126710BLRO,established_dealer,m6_local_R,R,1,1,d8ca71c3ac69a390,0.00254,0.00254,0.00000,0.00254,0.00254
genuine_population,hv_page_c80c027742,126710BLRO,established_dealer,m6_raw,px,1,1,d8ca71c3ac69a390,0.45274,0.45274,0.00000,0.45274,0.45274
genuine_population,hv_page_c80c027742,126710BLRO,established_dealer,m6_raw_R,R,1,1,d8ca71c3ac69a390,0.00104,0.00104,0.00000,0.00104,0.00104
genuine_population,hv_page_c80c027742,126710BLRO,established_dealer,m6_local_tangential_R,R,1,1,d8ca71c3ac69a390,0.00187,0.00187,0.00000,0.00187,0.00187
genuine_population,hv_page_c80c027742,126710BLRO,established_dealer,m6_local_radial_R,R,1,1,d8ca71c3ac69a390,0.00171,0.00171,0.00000,0.00171,0.00171
genuine_population,hv_page_c80c027742,126710BLRO,established_dealer,m9_rotation,deg,1,1,d8ca71c3ac69a390,-0.08386,-0.08386,0.00000,-0.08386,-0.08386
genuine_population,hv_page_c80c027742,126710BLRO,established_dealer,m9_local,px,1,1,d8ca71c3ac69a390,0.79324,0.79324,0.00000,0.79324,0.79324
genuine_population,hv_page_c80c027742,126710BLRO,established_dealer,m9_local_R,R,1,1,d8ca71c3ac69a390,0.00182,0.00182,0.00000,0.00182,0.00182
genuine_population,hv_page_c80c027742,126710BLRO,established_dealer,m9_raw,px,1,1,d8ca71c3ac69a390,1.36296,1.36296,0.00000,1.36296,1.36296
genuine_population,hv_page_c80c027742,126710BLRO,established_dealer,m9_raw_R,R,1,1,d8ca71c3ac69a390,0.00313,0.00313,0.00000,0.00313,0.00313
genuine_population,hv_page_c80c027742,126710BLRO,established_dealer,m9_local_tangential_R,R,1,1,d8ca71c3ac69a390,0.00040,0.00040,0.00000,0.00040,0.00040
genuine_population,hv_page_c80c027742,126710BLRO,established_dealer,m9_local_radial_R,R,1,1,d8ca71c3ac69a390,0.00177,0.00177,0.00000,0.00177,0.00177
genuine_population,hv_page_c80c027742,126710BLRO,established_dealer,m12_centreline_rotation,deg,1,1,d8ca71c3ac69a390,-0.08864,-0.08864,0.00000,-0.08864,-0.08864
genuine_population,hv_page_c80c027742,126710BLRO,established_dealer,m12_raw,px,1,1,d8ca71c3ac69a390,0.94823,0.94823,0.00000,0.94823,0.94823
genuine_population,hv_page_c80c027742,126710BLRO,established_dealer,m12_raw_R,R,1,1,d8ca71c3ac69a390,0.00218,0.00218,0.00000,0.00218,0.00218
genuine_population,hv_page_c80c027742,126710BLRO,established_dealer,m12_local_R,R,1,1,d8ca71c3ac69a390,0.00183,0.00183,0.00000,0.00183,0.00183
genuine_population,hv_page_c80c027742,126710BLRO,established_dealer,m12_right_R,R,1,1,d8ca71c3ac69a390,-0.00159,-0.00159,0.00000,-0.00159,-0.00159
genuine_population,hv_page_c80c027742,126710BLRO,established_dealer,m12_down_R,R,1,1,d8ca71c3ac69a390,-0.00149,-0.00149,0.00000,-0.00149,-0.00149
genuine_population,hv_page_c80c027742,126710BLRO,established_dealer,m12_left_side_err,deg,1,1,d8ca71c3ac69a390,-0.33826,-0.33826,0.00000,-0.33826,-0.33826
genuine_population,hv_page_c80c027742,126710BLRO,established_dealer,m12_right_side_err,deg,1,1,d8ca71c3ac69a390,0.13280,0.13280,0.00000,0.13280,0.13280
genuine_population,hv_page_c80c027742,126710BLRO,established_dealer,m12_base_tilt,deg,1,1,d8ca71c3ac69a390,-0.18910,-0.18910,0.00000,-0.18910,-0.18910
genuine_population,hv_page_c80c027742,126710BLRO,established_dealer,rounds_max_local,px,1,1,d8ca71c3ac69a390,0.79772,0.79772,0.00000,0.79772,0.79772
genuine_population,hv_page_c80c027742,126710BLRO,established_dealer,rounds_max_local_R,R,1,1,d8ca71c3ac69a390,0.00183,0.00183,0.00000,0.00183,0.00183
genuine_population,hv_page_c80c027742,126710BLRO,established_dealer,rounds_usable,count,1,1,d8ca71c3ac69a390,7.00000,7.00000,0.00000,7.00000,7.00000
genuine_population,hv_page_d197aa1d9b,126710BLRO,established_dealer,ring_shift,px,1,1,96da6f82989e875c,0.20740,0.20740,0.00000,0.20740,0.20740
genuine_population,hv_page_d197aa1d9b,126710BLRO,established_dealer,ring_shift_R,R,1,1,96da6f82989e875c,0.00048,0.00048,0.00000,0.00048,0.00048
genuine_population,hv_page_d197aa1d9b,126710BLRO,established_dealer,ring_rotation,deg,1,1,96da6f82989e875c,0.03139,0.03139,0.00000,0.03139,0.03139
genuine_population,hv_page_d197aa1d9b,126710BLRO,established_dealer,ring_scale,%,1,1,96da6f82989e875c,0.01117,0.01117,0.00000,0.01117,0.01117
genuine_population,hv_page_d197aa1d9b,126710BLRO,established_dealer,m6_rotation,deg,1,1,96da6f82989e875c,0.70386,0.70386,0.00000,0.70386,0.70386
genuine_population,hv_page_d197aa1d9b,126710BLRO,established_dealer,m6_local,px,1,1,96da6f82989e875c,0.66453,0.66453,0.00000,0.66453,0.66453
genuine_population,hv_page_d197aa1d9b,126710BLRO,established_dealer,m6_local_R,R,1,1,96da6f82989e875c,0.00153,0.00153,0.00000,0.00153,0.00153
genuine_population,hv_page_d197aa1d9b,126710BLRO,established_dealer,m6_raw,px,1,1,96da6f82989e875c,0.70582,0.70582,0.00000,0.70582,0.70582
genuine_population,hv_page_d197aa1d9b,126710BLRO,established_dealer,m6_raw_R,R,1,1,96da6f82989e875c,0.00162,0.00162,0.00000,0.00162,0.00162
genuine_population,hv_page_d197aa1d9b,126710BLRO,established_dealer,m6_local_tangential_R,R,1,1,96da6f82989e875c,0.00098,0.00098,0.00000,0.00098,0.00098
genuine_population,hv_page_d197aa1d9b,126710BLRO,established_dealer,m6_local_radial_R,R,1,1,96da6f82989e875c,0.00117,0.00117,0.00000,0.00117,0.00117
genuine_population,hv_page_d197aa1d9b,126710BLRO,established_dealer,m9_rotation,deg,1,1,96da6f82989e875c,0.29994,0.29994,0.00000,0.29994,0.29994
genuine_population,hv_page_d197aa1d9b,126710BLRO,established_dealer,m9_local,px,1,1,96da6f82989e875c,0.70289,0.70289,0.00000,0.70289,0.70289
genuine_population,hv_page_d197aa1d9b,126710BLRO,established_dealer,m9_local_R,R,1,1,96da6f82989e875c,0.00161,0.00161,0.00000,0.00161,0.00161
genuine_population,hv_page_d197aa1d9b,126710BLRO,established_dealer,m9_raw,px,1,1,96da6f82989e875c,0.57808,0.57808,0.00000,0.57808,0.57808
genuine_population,hv_page_d197aa1d9b,126710BLRO,established_dealer,m9_raw_R,R,1,1,96da6f82989e875c,0.00133,0.00133,0.00000,0.00133,0.00133
genuine_population,hv_page_d197aa1d9b,126710BLRO,established_dealer,m9_local_tangential_R,R,1,1,96da6f82989e875c,0.00020,0.00020,0.00000,0.00020,0.00020
genuine_population,hv_page_d197aa1d9b,126710BLRO,established_dealer,m9_local_radial_R,R,1,1,96da6f82989e875c,0.00160,0.00160,0.00000,0.00160,0.00160
genuine_population,hv_page_d197aa1d9b,126710BLRO,established_dealer,m12_centreline_rotation,deg,1,1,96da6f82989e875c,-0.32088,-0.32088,0.00000,-0.32088,-0.32088
genuine_population,hv_page_d197aa1d9b,126710BLRO,established_dealer,m12_raw,px,1,1,96da6f82989e875c,1.08467,1.08467,0.00000,1.08467,1.08467
genuine_population,hv_page_d197aa1d9b,126710BLRO,established_dealer,m12_raw_R,R,1,1,96da6f82989e875c,0.00249,0.00249,0.00000,0.00249,0.00249
genuine_population,hv_page_d197aa1d9b,126710BLRO,established_dealer,m12_local_R,R,1,1,96da6f82989e875c,0.00262,0.00262,0.00000,0.00262,0.00262
genuine_population,hv_page_d197aa1d9b,126710BLRO,established_dealer,m12_right_R,R,1,1,96da6f82989e875c,0.00013,0.00013,0.00000,0.00013,0.00013
genuine_population,hv_page_d197aa1d9b,126710BLRO,established_dealer,m12_down_R,R,1,1,96da6f82989e875c,0.00249,0.00249,0.00000,0.00249,0.00249
genuine_population,hv_page_d197aa1d9b,126710BLRO,established_dealer,m12_left_side_err,deg,1,1,96da6f82989e875c,-0.48443,-0.48443,0.00000,-0.48443,-0.48443
genuine_population,hv_page_d197aa1d9b,126710BLRO,established_dealer,m12_right_side_err,deg,1,1,96da6f82989e875c,-0.18792,-0.18792,0.00000,-0.18792,-0.18792
genuine_population,hv_page_d197aa1d9b,126710BLRO,established_dealer,m12_base_tilt,deg,1,1,96da6f82989e875c,-0.43075,-0.43075,0.00000,-0.43075,-0.43075
genuine_population,hv_page_d197aa1d9b,126710BLRO,established_dealer,rounds_max_local,px,1,1,96da6f82989e875c,0.63008,0.63008,0.00000,0.63008,0.63008
genuine_population,hv_page_d197aa1d9b,126710BLRO,established_dealer,rounds_max_local_R,R,1,1,96da6f82989e875c,0.00145,0.00145,0.00000,0.00145,0.00145
genuine_population,hv_page_d197aa1d9b,126710BLRO,established_dealer,rounds_usable,count,1,1,96da6f82989e875c,7.00000,7.00000,0.00000,7.00000,7.00000
genuine_population,hv_page_d487aae880,126715CHNR,rolex_cpo,ring_shift,px,1,1,3a719f21397b8c3c,0.56272,0.56272,0.00000,0.56272,0.56272
genuine_population,hv_page_d487aae880,126715CHNR,rolex_cpo,ring_shift_R,R,1,1,3a719f21397b8c3c,0.00436,0.00436,0.00000,0.00436,0.00436
genuine_population,hv_page_d487aae880,126715CHNR,rolex_cpo,ring_rotation,deg,1,1,3a719f21397b8c3c,0.09603,0.09603,0.00000,0.09603,0.09603
genuine_population,hv_page_d487aae880,126715CHNR,rolex_cpo,ring_scale,%,1,1,3a719f21397b8c3c,0.24178,0.24178,0.00000,0.24178,0.24178
genuine_population,hv_page_d487aae880,126715CHNR,rolex_cpo,m6_rotation,deg,1,0,3a719f21397b8c3c,,,,,
genuine_population,hv_page_d487aae880,126715CHNR,rolex_cpo,m6_local,px,1,0,3a719f21397b8c3c,,,,,
genuine_population,hv_page_d487aae880,126715CHNR,rolex_cpo,m6_local_R,R,1,0,3a719f21397b8c3c,,,,,
genuine_population,hv_page_d487aae880,126715CHNR,rolex_cpo,m6_raw,px,1,0,3a719f21397b8c3c,,,,,
genuine_population,hv_page_d487aae880,126715CHNR,rolex_cpo,m6_raw_R,R,1,0,3a719f21397b8c3c,,,,,
genuine_population,hv_page_d487aae880,126715CHNR,rolex_cpo,m6_local_tangential_R,R,1,0,3a719f21397b8c3c,,,,,
genuine_population,hv_page_d487aae880,126715CHNR,rolex_cpo,m6_local_radial_R,R,1,0,3a719f21397b8c3c,,,,,
genuine_population,hv_page_d487aae880,126715CHNR,rolex_cpo,m9_rotation,deg,1,0,3a719f21397b8c3c,,,,,
genuine_population,hv_page_d487aae880,126715CHNR,rolex_cpo,m9_local,px,1,0,3a719f21397b8c3c,,,,,
genuine_population,hv_page_d487aae880,126715CHNR,rolex_cpo,m9_local_R,R,1,0,3a719f21397b8c3c,,,,,
genuine_population,hv_page_d487aae880,126715CHNR,rolex_cpo,m9_raw,px,1,0,3a719f21397b8c3c,,,,,
genuine_population,hv_page_d487aae880,126715CHNR,rolex_cpo,m9_raw_R,R,1,0,3a719f21397b8c3c,,,,,
genuine_population,hv_page_d487aae880,126715CHNR,rolex_cpo,m9_local_tangential_R,R,1,0,3a719f21397b8c3c,,,,,
genuine_population,hv_page_d487aae880,126715CHNR,rolex_cpo,m9_local_radial_R,R,1,0,3a719f21397b8c3c,,,,,
genuine_population,hv_page_d487aae880,126715CHNR,rolex_cpo,m12_centreline_rotation,deg,1,1,3a719f21397b8c3c,0.52830,0.52830,0.00000,0.52830,0.52830
genuine_population,hv_page_d487aae880,126715CHNR,rolex_cpo,m12_raw,px,1,1,3a719f21397b8c3c,0.74201,0.74201,0.00000,0.74201,0.74201
genuine_population,hv_page_d487aae880,126715CHNR,rolex_cpo,m12_raw_R,R,1,1,3a719f21397b8c3c,0.00575,0.00575,0.00000,0.00575,0.00575
genuine_population,hv_page_d487aae880,126715CHNR,rolex_cpo,m12_local_R,R,1,1,3a719f21397b8c3c,0.00085,0.00085,0.00000,0.00085,0.00085
genuine_population,hv_page_d487aae880,126715CHNR,rolex_cpo,m12_right_R,R,1,1,3a719f21397b8c3c,0.00064,0.00064,0.00000,0.00064,0.00064
genuine_population,hv_page_d487aae880,126715CHNR,rolex_cpo,m12_down_R,R,1,1,3a719f21397b8c3c,-0.00577,-0.00577,0.00000,-0.00577,-0.00577
genuine_population,hv_page_d487aae880,126715CHNR,rolex_cpo,m12_left_side_err,deg,1,1,3a719f21397b8c3c,0.30213,0.30213,0.00000,0.30213,0.30213
genuine_population,hv_page_d487aae880,126715CHNR,rolex_cpo,m12_right_side_err,deg,1,1,3a719f21397b8c3c,0.63999,0.63999,0.00000,0.63999,0.63999
genuine_population,hv_page_d487aae880,126715CHNR,rolex_cpo,m12_base_tilt,deg,1,1,3a719f21397b8c3c,0.11796,0.11796,0.00000,0.11796,0.11796
genuine_population,hv_page_d487aae880,126715CHNR,rolex_cpo,rounds_max_local,px,1,1,3a719f21397b8c3c,0.07386,0.07386,0.00000,0.07386,0.07386
genuine_population,hv_page_d487aae880,126715CHNR,rolex_cpo,rounds_max_local_R,R,1,1,3a719f21397b8c3c,0.00057,0.00057,0.00000,0.00057,0.00057
genuine_population,hv_page_d487aae880,126715CHNR,rolex_cpo,rounds_usable,count,1,1,3a719f21397b8c3c,5.00000,5.00000,0.00000,5.00000,5.00000
genuine_population,hv_page_de90ec603c,126711CHNR,established_dealer,ring_shift,px,1,1,7b291fd266001fcb,0.16303,0.16303,0.00000,0.16303,0.16303
genuine_population,hv_page_de90ec603c,126711CHNR,established_dealer,ring_shift_R,R,1,1,7b291fd266001fcb,0.00038,0.00038,0.00000,0.00038,0.00038
genuine_population,hv_page_de90ec603c,126711CHNR,established_dealer,ring_rotation,deg,1,1,7b291fd266001fcb,0.03497,0.03497,0.00000,0.03497,0.03497
genuine_population,hv_page_de90ec603c,126711CHNR,established_dealer,ring_scale,%,1,1,7b291fd266001fcb,-0.01798,-0.01798,0.00000,-0.01798,-0.01798
genuine_population,hv_page_de90ec603c,126711CHNR,established_dealer,m6_rotation,deg,1,1,7b291fd266001fcb,0.53565,0.53565,0.00000,0.53565,0.53565
genuine_population,hv_page_de90ec603c,126711CHNR,established_dealer,m6_local,px,1,1,7b291fd266001fcb,0.58983,0.58983,0.00000,0.58983,0.58983
genuine_population,hv_page_de90ec603c,126711CHNR,established_dealer,m6_local_R,R,1,1,7b291fd266001fcb,0.00136,0.00136,0.00000,0.00136,0.00136
genuine_population,hv_page_de90ec603c,126711CHNR,established_dealer,m6_raw,px,1,1,7b291fd266001fcb,0.49719,0.49719,0.00000,0.49719,0.49719
genuine_population,hv_page_de90ec603c,126711CHNR,established_dealer,m6_raw_R,R,1,1,7b291fd266001fcb,0.00114,0.00114,0.00000,0.00114,0.00114
genuine_population,hv_page_de90ec603c,126711CHNR,established_dealer,m6_local_tangential_R,R,1,1,7b291fd266001fcb,-0.00029,-0.00029,0.00000,-0.00029,-0.00029
genuine_population,hv_page_de90ec603c,126711CHNR,established_dealer,m6_local_radial_R,R,1,1,7b291fd266001fcb,0.00132,0.00132,0.00000,0.00132,0.00132
genuine_population,hv_page_de90ec603c,126711CHNR,established_dealer,m9_rotation,deg,1,1,7b291fd266001fcb,0.05438,0.05438,0.00000,0.05438,0.05438
genuine_population,hv_page_de90ec603c,126711CHNR,established_dealer,m9_local,px,1,1,7b291fd266001fcb,0.76051,0.76051,0.00000,0.76051,0.76051
genuine_population,hv_page_de90ec603c,126711CHNR,established_dealer,m9_local_R,R,1,1,7b291fd266001fcb,0.00175,0.00175,0.00000,0.00175,0.00175
genuine_population,hv_page_de90ec603c,126711CHNR,established_dealer,m9_raw,px,1,1,7b291fd266001fcb,0.50887,0.50887,0.00000,0.50887,0.50887
genuine_population,hv_page_de90ec603c,126711CHNR,established_dealer,m9_raw_R,R,1,1,7b291fd266001fcb,0.00117,0.00117,0.00000,0.00117,0.00117
genuine_population,hv_page_de90ec603c,126711CHNR,established_dealer,m9_local_tangential_R,R,1,1,7b291fd266001fcb,-0.00050,-0.00050,0.00000,-0.00050,-0.00050
genuine_population,hv_page_de90ec603c,126711CHNR,established_dealer,m9_local_radial_R,R,1,1,7b291fd266001fcb,0.00167,0.00167,0.00000,0.00167,0.00167
genuine_population,hv_page_de90ec603c,126711CHNR,established_dealer,m12_centreline_rotation,deg,1,1,7b291fd266001fcb,-0.25267,-0.25267,0.00000,-0.25267,-0.25267
genuine_population,hv_page_de90ec603c,126711CHNR,established_dealer,m12_raw,px,1,1,7b291fd266001fcb,1.11110,1.11110,0.00000,1.11110,1.11110
genuine_population,hv_page_de90ec603c,126711CHNR,established_dealer,m12_raw_R,R,1,1,7b291fd266001fcb,0.00256,0.00256,0.00000,0.00256,0.00256
genuine_population,hv_page_de90ec603c,126711CHNR,established_dealer,m12_local_R,R,1,1,7b291fd266001fcb,0.00260,0.00260,0.00000,0.00260,0.00260
genuine_population,hv_page_de90ec603c,126711CHNR,established_dealer,m12_right_R,R,1,1,7b291fd266001fcb,0.00006,0.00006,0.00000,0.00006,0.00006
genuine_population,hv_page_de90ec603c,126711CHNR,established_dealer,m12_down_R,R,1,1,7b291fd266001fcb,0.00257,0.00257,0.00000,0.00257,0.00257
genuine_population,hv_page_de90ec603c,126711CHNR,established_dealer,m12_left_side_err,deg,1,1,7b291fd266001fcb,-0.45720,-0.45720,0.00000,-0.45720,-0.45720
genuine_population,hv_page_de90ec603c,126711CHNR,established_dealer,m12_right_side_err,deg,1,1,7b291fd266001fcb,-0.08806,-0.08806,0.00000,-0.08806,-0.08806
genuine_population,hv_page_de90ec603c,126711CHNR,established_dealer,m12_base_tilt,deg,1,1,7b291fd266001fcb,-0.39557,-0.39557,0.00000,-0.39557,-0.39557
genuine_population,hv_page_de90ec603c,126711CHNR,established_dealer,rounds_max_local,px,1,1,7b291fd266001fcb,0.67523,0.67523,0.00000,0.67523,0.67523
genuine_population,hv_page_de90ec603c,126711CHNR,established_dealer,rounds_max_local_R,R,1,1,7b291fd266001fcb,0.00155,0.00155,0.00000,0.00155,0.00155
genuine_population,hv_page_de90ec603c,126711CHNR,established_dealer,rounds_usable,count,1,1,7b291fd266001fcb,6.00000,6.00000,0.00000,6.00000,6.00000
genuine_population,hv_page_e43fbdc8ed,126711CHNR,established_dealer,ring_shift,px,1,1,00ff07f016362120,0.38967,0.38967,0.00000,0.38967,0.38967
genuine_population,hv_page_e43fbdc8ed,126711CHNR,established_dealer,ring_shift_R,R,1,1,00ff07f016362120,0.00090,0.00090,0.00000,0.00090,0.00090
genuine_population,hv_page_e43fbdc8ed,126711CHNR,established_dealer,ring_rotation,deg,1,1,00ff07f016362120,-0.07145,-0.07145,0.00000,-0.07145,-0.07145
genuine_population,hv_page_e43fbdc8ed,126711CHNR,established_dealer,ring_scale,%,1,1,00ff07f016362120,0.21508,0.21508,0.00000,0.21508,0.21508
genuine_population,hv_page_e43fbdc8ed,126711CHNR,established_dealer,m6_rotation,deg,1,1,00ff07f016362120,0.13882,0.13882,0.00000,0.13882,0.13882
genuine_population,hv_page_e43fbdc8ed,126711CHNR,established_dealer,m6_local,px,1,1,00ff07f016362120,0.98842,0.98842,0.00000,0.98842,0.98842
genuine_population,hv_page_e43fbdc8ed,126711CHNR,established_dealer,m6_local_R,R,1,1,00ff07f016362120,0.00228,0.00228,0.00000,0.00228,0.00228
genuine_population,hv_page_e43fbdc8ed,126711CHNR,established_dealer,m6_raw,px,1,1,00ff07f016362120,1.35677,1.35677,0.00000,1.35677,1.35677
genuine_population,hv_page_e43fbdc8ed,126711CHNR,established_dealer,m6_raw_R,R,1,1,00ff07f016362120,0.00313,0.00313,0.00000,0.00313,0.00313
genuine_population,hv_page_e43fbdc8ed,126711CHNR,established_dealer,m6_local_tangential_R,R,1,1,00ff07f016362120,-0.00004,-0.00004,0.00000,-0.00004,-0.00004
genuine_population,hv_page_e43fbdc8ed,126711CHNR,established_dealer,m6_local_radial_R,R,1,1,00ff07f016362120,0.00227,0.00227,0.00000,0.00227,0.00227
genuine_population,hv_page_e43fbdc8ed,126711CHNR,established_dealer,m9_rotation,deg,1,1,00ff07f016362120,0.10650,0.10650,0.00000,0.10650,0.10650
genuine_population,hv_page_e43fbdc8ed,126711CHNR,established_dealer,m9_local,px,1,1,00ff07f016362120,1.41954,1.41954,0.00000,1.41954,1.41954
genuine_population,hv_page_e43fbdc8ed,126711CHNR,established_dealer,m9_local_R,R,1,1,00ff07f016362120,0.00327,0.00327,0.00000,0.00327,0.00327
genuine_population,hv_page_e43fbdc8ed,126711CHNR,established_dealer,m9_raw,px,1,1,00ff07f016362120,2.22639,2.22639,0.00000,2.22639,2.22639
genuine_population,hv_page_e43fbdc8ed,126711CHNR,established_dealer,m9_raw_R,R,1,1,00ff07f016362120,0.00513,0.00513,0.00000,0.00513,0.00513
genuine_population,hv_page_e43fbdc8ed,126711CHNR,established_dealer,m9_local_tangential_R,R,1,1,00ff07f016362120,0.00031,0.00031,0.00000,0.00031,0.00031
genuine_population,hv_page_e43fbdc8ed,126711CHNR,established_dealer,m9_local_radial_R,R,1,1,00ff07f016362120,0.00325,0.00325,0.00000,0.00325,0.00325
genuine_population,hv_page_e43fbdc8ed,126711CHNR,established_dealer,m12_centreline_rotation,deg,1,1,00ff07f016362120,-0.19057,-0.19057,0.00000,-0.19057,-0.19057
genuine_population,hv_page_e43fbdc8ed,126711CHNR,established_dealer,m12_raw,px,1,1,00ff07f016362120,0.83127,0.83127,0.00000,0.83127,0.83127
genuine_population,hv_page_e43fbdc8ed,126711CHNR,established_dealer,m12_raw_R,R,1,1,00ff07f016362120,0.00192,0.00192,0.00000,0.00192,0.00192
genuine_population,hv_page_e43fbdc8ed,126711CHNR,established_dealer,m12_local_R,R,1,1,00ff07f016362120,0.00254,0.00254,0.00000,0.00254,0.00254
genuine_population,hv_page_e43fbdc8ed,126711CHNR,established_dealer,m12_right_R,R,1,1,00ff07f016362120,-0.00191,-0.00191,0.00000,-0.00191,-0.00191
genuine_population,hv_page_e43fbdc8ed,126711CHNR,established_dealer,m12_down_R,R,1,1,00ff07f016362120,-0.00013,-0.00013,0.00000,-0.00013,-0.00013
genuine_population,hv_page_e43fbdc8ed,126711CHNR,established_dealer,m12_left_side_err,deg,1,1,00ff07f016362120,-0.37952,-0.37952,0.00000,-0.37952,-0.37952
genuine_population,hv_page_e43fbdc8ed,126711CHNR,established_dealer,m12_right_side_err,deg,1,1,00ff07f016362120,-0.10540,-0.10540,0.00000,-0.10540,-0.10540
genuine_population,hv_page_e43fbdc8ed,126711CHNR,established_dealer,m12_base_tilt,deg,1,1,00ff07f016362120,-0.56362,-0.56362,0.00000,-0.56362,-0.56362
genuine_population,hv_page_e43fbdc8ed,126711CHNR,established_dealer,rounds_max_local,px,1,1,00ff07f016362120,0.58368,0.58368,0.00000,0.58368,0.58368
genuine_population,hv_page_e43fbdc8ed,126711CHNR,established_dealer,rounds_max_local_R,R,1,1,00ff07f016362120,0.00135,0.00135,0.00000,0.00135,0.00135
genuine_population,hv_page_e43fbdc8ed,126711CHNR,established_dealer,rounds_usable,count,1,1,00ff07f016362120,7.00000,7.00000,0.00000,7.00000,7.00000
genuine_population,hv_page_e7c7828487,126710BLRO,established_dealer,ring_shift,px,1,1,a71df6c06e554d7b,1.24710,1.24710,0.00000,1.24710,1.24710
genuine_population,hv_page_e7c7828487,126710BLRO,established_dealer,ring_shift_R,R,1,1,a71df6c06e554d7b,0.00287,0.00287,0.00000,0.00287,0.00287
genuine_population,hv_page_e7c7828487,126710BLRO,established_dealer,ring_rotation,deg,1,1,a71df6c06e554d7b,-0.04779,-0.04779,0.00000,-0.04779,-0.04779
genuine_population,hv_page_e7c7828487,126710BLRO,established_dealer,ring_scale,%,1,1,a71df6c06e554d7b,-0.02488,-0.02488,0.00000,-0.02488,-0.02488
genuine_population,hv_page_e7c7828487,126710BLRO,established_dealer,m6_rotation,deg,1,1,a71df6c06e554d7b,-0.45372,-0.45372,0.00000,-0.45372,-0.45372
genuine_population,hv_page_e7c7828487,126710BLRO,established_dealer,m6_local,px,1,1,a71df6c06e554d7b,0.58120,0.58120,0.00000,0.58120,0.58120
genuine_population,hv_page_e7c7828487,126710BLRO,established_dealer,m6_local_R,R,1,1,a71df6c06e554d7b,0.00134,0.00134,0.00000,0.00134,0.00134
genuine_population,hv_page_e7c7828487,126710BLRO,established_dealer,m6_raw,px,1,1,a71df6c06e554d7b,0.81628,0.81628,0.00000,0.81628,0.81628
genuine_population,hv_page_e7c7828487,126710BLRO,established_dealer,m6_raw_R,R,1,1,a71df6c06e554d7b,0.00188,0.00188,0.00000,0.00188,0.00188
genuine_population,hv_page_e7c7828487,126710BLRO,established_dealer,m6_local_tangential_R,R,1,1,a71df6c06e554d7b,0.00059,0.00059,0.00000,0.00059,0.00059
genuine_population,hv_page_e7c7828487,126710BLRO,established_dealer,m6_local_radial_R,R,1,1,a71df6c06e554d7b,0.00120,0.00120,0.00000,0.00120,0.00120
genuine_population,hv_page_e7c7828487,126710BLRO,established_dealer,m9_rotation,deg,1,1,a71df6c06e554d7b,0.42940,0.42940,0.00000,0.42940,0.42940
genuine_population,hv_page_e7c7828487,126710BLRO,established_dealer,m9_local,px,1,1,a71df6c06e554d7b,1.20715,1.20715,0.00000,1.20715,1.20715
genuine_population,hv_page_e7c7828487,126710BLRO,established_dealer,m9_local_R,R,1,1,a71df6c06e554d7b,0.00278,0.00278,0.00000,0.00278,0.00278
genuine_population,hv_page_e7c7828487,126710BLRO,established_dealer,m9_raw,px,1,1,a71df6c06e554d7b,1.09183,1.09183,0.00000,1.09183,1.09183
genuine_population,hv_page_e7c7828487,126710BLRO,established_dealer,m9_raw_R,R,1,1,a71df6c06e554d7b,0.00252,0.00252,0.00000,0.00252,0.00252
genuine_population,hv_page_e7c7828487,126710BLRO,established_dealer,m9_local_tangential_R,R,1,1,a71df6c06e554d7b,-0.00108,-0.00108,0.00000,-0.00108,-0.00108
genuine_population,hv_page_e7c7828487,126710BLRO,established_dealer,m9_local_radial_R,R,1,1,a71df6c06e554d7b,0.00255,0.00255,0.00000,0.00255,0.00255
genuine_population,hv_page_e7c7828487,126710BLRO,established_dealer,m12_centreline_rotation,deg,1,1,a71df6c06e554d7b,0.47536,0.47536,0.00000,0.47536,0.47536
genuine_population,hv_page_e7c7828487,126710BLRO,established_dealer,m12_raw,px,1,1,a71df6c06e554d7b,0.31115,0.31115,0.00000,0.31115,0.31115
genuine_population,hv_page_e7c7828487,126710BLRO,established_dealer,m12_raw_R,R,1,1,a71df6c06e554d7b,0.00072,0.00072,0.00000,0.00072,0.00072
genuine_population,hv_page_e7c7828487,126710BLRO,established_dealer,m12_local_R,R,1,1,a71df6c06e554d7b,0.00326,0.00326,0.00000,0.00326,0.00326
genuine_population,hv_page_e7c7828487,126710BLRO,established_dealer,m12_right_R,R,1,1,a71df6c06e554d7b,0.00060,0.00060,0.00000,0.00060,0.00060
genuine_population,hv_page_e7c7828487,126710BLRO,established_dealer,m12_down_R,R,1,1,a71df6c06e554d7b,0.00040,0.00040,0.00000,0.00040,0.00040
genuine_population,hv_page_e7c7828487,126710BLRO,established_dealer,m12_left_side_err,deg,1,1,a71df6c06e554d7b,0.33370,0.33370,0.00000,0.33370,0.33370
genuine_population,hv_page_e7c7828487,126710BLRO,established_dealer,m12_right_side_err,deg,1,1,a71df6c06e554d7b,0.50475,0.50475,0.00000,0.50475,0.50475
genuine_population,hv_page_e7c7828487,126710BLRO,established_dealer,m12_base_tilt,deg,1,1,a71df6c06e554d7b,0.07000,0.07000,0.00000,0.07000,0.07000
genuine_population,hv_page_e7c7828487,126710BLRO,established_dealer,rounds_max_local,px,1,1,a71df6c06e554d7b,0.79220,0.79220,0.00000,0.79220,0.79220
genuine_population,hv_page_e7c7828487,126710BLRO,established_dealer,rounds_max_local_R,R,1,1,a71df6c06e554d7b,0.00183,0.00183,0.00000,0.00183,0.00183
genuine_population,hv_page_e7c7828487,126710BLRO,established_dealer,rounds_usable,count,1,1,a71df6c06e554d7b,7.00000,7.00000,0.00000,7.00000,7.00000
genuine_population,hv_page_e97a8ba8f4,126711CHNR,established_dealer,ring_shift,px,1,1,62f006bb34dde963,0.19753,0.19753,0.00000,0.19753,0.19753
genuine_population,hv_page_e97a8ba8f4,126711CHNR,established_dealer,ring_shift_R,R,1,1,62f006bb34dde963,0.00081,0.00081,0.00000,0.00081,0.00081
genuine_population,hv_page_e97a8ba8f4,126711CHNR,established_dealer,ring_rotation,deg,1,1,62f006bb34dde963,-0.02034,-0.02034,0.00000,-0.02034,-0.02034
genuine_population,hv_page_e97a8ba8f4,126711CHNR,established_dealer,ring_scale,%,1,1,62f006bb34dde963,-0.11050,-0.11050,0.00000,-0.11050,-0.11050
genuine_population,hv_page_e97a8ba8f4,126711CHNR,established_dealer,m6_rotation,deg,1,1,62f006bb34dde963,0.67757,0.67757,0.00000,0.67757,0.67757
genuine_population,hv_page_e97a8ba8f4,126711CHNR,established_dealer,m6_local,px,1,1,62f006bb34dde963,0.32359,0.32359,0.00000,0.32359,0.32359
genuine_population,hv_page_e97a8ba8f4,126711CHNR,established_dealer,m6_local_R,R,1,1,62f006bb34dde963,0.00132,0.00132,0.00000,0.00132,0.00132
genuine_population,hv_page_e97a8ba8f4,126711CHNR,established_dealer,m6_raw,px,1,1,62f006bb34dde963,0.33221,0.33221,0.00000,0.33221,0.33221
genuine_population,hv_page_e97a8ba8f4,126711CHNR,established_dealer,m6_raw_R,R,1,1,62f006bb34dde963,0.00136,0.00136,0.00000,0.00136,0.00136
genuine_population,hv_page_e97a8ba8f4,126711CHNR,established_dealer,m6_local_tangential_R,R,1,1,62f006bb34dde963,-0.00002,-0.00002,0.00000,-0.00002,-0.00002
genuine_population,hv_page_e97a8ba8f4,126711CHNR,established_dealer,m6_local_radial_R,R,1,1,62f006bb34dde963,0.00132,0.00132,0.00000,0.00132,0.00132
genuine_population,hv_page_e97a8ba8f4,126711CHNR,established_dealer,m9_rotation,deg,1,1,62f006bb34dde963,0.65925,0.65925,0.00000,0.65925,0.65925
genuine_population,hv_page_e97a8ba8f4,126711CHNR,established_dealer,m9_local,px,1,1,62f006bb34dde963,0.37099,0.37099,0.00000,0.37099,0.37099
genuine_population,hv_page_e97a8ba8f4,126711CHNR,established_dealer,m9_local_R,R,1,1,62f006bb34dde963,0.00151,0.00151,0.00000,0.00151,0.00151
genuine_population,hv_page_e97a8ba8f4,126711CHNR,established_dealer,m9_raw,px,1,1,62f006bb34dde963,0.41012,0.41012,0.00000,0.41012,0.41012
genuine_population,hv_page_e97a8ba8f4,126711CHNR,established_dealer,m9_raw_R,R,1,1,62f006bb34dde963,0.00167,0.00167,0.00000,0.00167,0.00167
genuine_population,hv_page_e97a8ba8f4,126711CHNR,established_dealer,m9_local_tangential_R,R,1,1,62f006bb34dde963,-0.00057,-0.00057,0.00000,-0.00057,-0.00057
genuine_population,hv_page_e97a8ba8f4,126711CHNR,established_dealer,m9_local_radial_R,R,1,1,62f006bb34dde963,0.00140,0.00140,0.00000,0.00140,0.00140
genuine_population,hv_page_e97a8ba8f4,126711CHNR,established_dealer,m12_centreline_rotation,deg,1,1,62f006bb34dde963,-0.81651,-0.81651,0.00000,-0.81651,-0.81651
genuine_population,hv_page_e97a8ba8f4,126711CHNR,established_dealer,m12_raw,px,1,1,62f006bb34dde963,1.25245,1.25245,0.00000,1.25245,1.25245
genuine_population,hv_page_e97a8ba8f4,126711CHNR,established_dealer,m12_raw_R,R,1,1,62f006bb34dde963,0.00511,0.00511,0.00000,0.00511,0.00511
genuine_population,hv_page_e97a8ba8f4,126711CHNR,established_dealer,m12_local_R,R,1,1,62f006bb34dde963,0.00346,0.00346,0.00000,0.00346,0.00346
genuine_population,hv_page_e97a8ba8f4,126711CHNR,established_dealer,m12_right_R,R,1,1,62f006bb34dde963,-0.00101,-0.00101,0.00000,-0.00101,-0.00101
genuine_population,hv_page_e97a8ba8f4,126711CHNR,established_dealer,m12_down_R,R,1,1,62f006bb34dde963,0.00500,0.00500,0.00000,0.00500,0.00500
genuine_population,hv_page_e97a8ba8f4,126711CHNR,established_dealer,m12_left_side_err,deg,1,1,62f006bb34dde963,-1.07533,-1.07533,0.00000,-1.07533,-1.07533
genuine_population,hv_page_e97a8ba8f4,126711CHNR,established_dealer,m12_right_side_err,deg,1,1,62f006bb34dde963,-0.57705,-0.57705,0.00000,-0.57705,-0.57705
genuine_population,hv_page_e97a8ba8f4,126711CHNR,established_dealer,m12_base_tilt,deg,1,1,62f006bb34dde963,-0.88544,-0.88544,0.00000,-0.88544,-0.88544
genuine_population,hv_page_e97a8ba8f4,126711CHNR,established_dealer,rounds_max_local,px,1,1,62f006bb34dde963,0.33147,0.33147,0.00000,0.33147,0.33147
genuine_population,hv_page_e97a8ba8f4,126711CHNR,established_dealer,rounds_max_local_R,R,1,1,62f006bb34dde963,0.00135,0.00135,0.00000,0.00135,0.00135
genuine_population,hv_page_e97a8ba8f4,126711CHNR,established_dealer,rounds_usable,count,1,1,62f006bb34dde963,8.00000,8.00000,0.00000,8.00000,8.00000
genuine_population,hv_page_ec154bc25b,126713GRNR,established_dealer,ring_shift,px,3,3,748029e3142feabd,2.38161,0.79939,0.37829,0.42110,2.38161
genuine_population,hv_page_ec154bc25b,126713GRNR,established_dealer,ring_shift_R,R,3,3,748029e3142feabd,0.00314,0.00292,0.00022,0.00252,0.00314
genuine_population,hv_page_ec154bc25b,126713GRNR,established_dealer,ring_rotation,deg,3,3,748029e3142feabd,-0.06504,-0.05743,0.00424,-0.06504,-0.05319
genuine_population,hv_page_ec154bc25b,126713GRNR,established_dealer,ring_scale,%,3,3,748029e3142feabd,-0.11220,-0.08647,0.02573,-0.11220,-0.01260
genuine_population,hv_page_ec154bc25b,126713GRNR,established_dealer,m6_rotation,deg,3,3,748029e3142feabd,-0.49319,-0.61659,0.12340,-0.74475,-0.49319
genuine_population,hv_page_ec154bc25b,126713GRNR,established_dealer,m6_local,px,3,3,748029e3142feabd,1.89740,0.72450,0.20425,0.52025,1.89740
genuine_population,hv_page_ec154bc25b,126713GRNR,established_dealer,m6_local_R,R,3,3,748029e3142feabd,0.00250,0.00265,0.00015,0.00250,0.00311
genuine_population,hv_page_ec154bc25b,126713GRNR,established_dealer,m6_raw,px,3,3,748029e3142feabd,1.47550,0.40557,0.10721,0.29836,1.47550
genuine_population,hv_page_ec154bc25b,126713GRNR,established_dealer,m6_raw_R,R,3,3,748029e3142feabd,0.00195,0.00179,0.00016,0.00148,0.00195
genuine_population,hv_page_ec154bc25b,126713GRNR,established_dealer,m6_local_tangential_R,R,3,3,748029e3142feabd,0.00067,0.00067,0.00007,0.00059,0.00090
genuine_population,hv_page_ec154bc25b,126713GRNR,established_dealer,m6_local_radial_R,R,3,3,748029e3142feabd,0.00239,0.00246,0.00007,0.00239,0.00303
genuine_population,hv_page_ec154bc25b,126713GRNR,established_dealer,m9_rotation,deg,3,3,748029e3142feabd,0.15491,0.15491,0.00851,0.05781,0.16342
genuine_population,hv_page_ec154bc25b,126713GRNR,established_dealer,m9_local,px,3,3,748029e3142feabd,0.83906,0.17550,0.08841,0.08709,0.83906
genuine_population,hv_page_ec154bc25b,126713GRNR,established_dealer,m9_local_R,R,3,3,748029e3142feabd,0.00111,0.00064,0.00012,0.00052,0.00111
genuine_population,hv_page_ec154bc25b,126713GRNR,established_dealer,m9_raw,px,3,3,748029e3142feabd,1.55920,0.58164,0.18714,0.39450,1.55920
genuine_population,hv_page_ec154bc25b,126713GRNR,established_dealer,m9_raw_R,R,3,3,748029e3142feabd,0.00206,0.00213,0.00007,0.00206,0.00236
genuine_population,hv_page_ec154bc25b,126713GRNR,established_dealer,m9_local_tangential_R,R,3,3,748029e3142feabd,-0.00024,-0.00024,0.00010,-0.00034,0.00051
genuine_population,hv_page_ec154bc25b,126713GRNR,established_dealer,m9_local_radial_R,R,3,3,748029e3142feabd,0.00107,0.00054,0.00043,0.00011,0.00107
genuine_population,hv_page_ec154bc25b,126713GRNR,established_dealer,m12_centreline_rotation,deg,3,3,748029e3142feabd,-0.04701,-0.04701,0.00526,-0.11963,-0.04175
genuine_population,hv_page_ec154bc25b,126713GRNR,established_dealer,m12_raw,px,3,3,748029e3142feabd,2.04902,0.74307,0.43087,0.31220,2.04902
genuine_population,hv_page_ec154bc25b,126713GRNR,established_dealer,m12_raw_R,R,3,3,748029e3142feabd,0.00270,0.00270,0.00001,0.00187,0.00271
genuine_population,hv_page_ec154bc25b,126713GRNR,established_dealer,m12_local_R,R,3,3,748029e3142feabd,0.00471,0.00465,0.00006,0.00394,0.00471
genuine_population,hv_page_ec154bc25b,126713GRNR,established_dealer,m12_right_R,R,3,3,748029e3142feabd,-0.00054,-0.00062,0.00008,-0.00073,-0.00054
genuine_population,hv_page_ec154bc25b,126713GRNR,established_dealer,m12_down_R,R,3,3,748029e3142feabd,0.00266,0.00265,0.00001,0.00173,0.00266
genuine_population,hv_page_ec154bc25b,126713GRNR,established_dealer,m12_left_side_err,deg,3,3,748029e3142feabd,-0.21215,-0.21215,0.04388,-0.25603,-0.16379
genuine_population,hv_page_ec154bc25b,126713GRNR,established_dealer,m12_right_side_err,deg,3,3,748029e3142feabd,0.02928,0.02928,0.00601,0.02327,0.04337
genuine_population,hv_page_ec154bc25b,126713GRNR,established_dealer,m12_base_tilt,deg,3,3,748029e3142feabd,-0.36679,-0.17483,0.07855,-0.36679,-0.09628
genuine_population,hv_page_ec154bc25b,126713GRNR,established_dealer,rounds_max_local,px,3,3,748029e3142feabd,1.79157,0.57669,0.21944,0.35725,1.79157
genuine_population,hv_page_ec154bc25b,126713GRNR,established_dealer,rounds_max_local_R,R,3,3,748029e3142feabd,0.00236,0.00214,0.00003,0.00211,0.00236
genuine_population,hv_page_ec154bc25b,126713GRNR,established_dealer,rounds_usable,count,3,3,748029e3142feabd,4.00000,6.00000,0.00000,4.00000,6.00000
genuine_population,hv_page_ec8f2a7e33,126711CHNR,established_dealer,ring_shift,px,1,1,86e245b2719dd1e7,0.92318,0.92318,0.00000,0.92318,0.92318
genuine_population,hv_page_ec8f2a7e33,126711CHNR,established_dealer,ring_shift_R,R,1,1,86e245b2719dd1e7,0.00213,0.00213,0.00000,0.00213,0.00213
genuine_population,hv_page_ec8f2a7e33,126711CHNR,established_dealer,ring_rotation,deg,1,1,86e245b2719dd1e7,0.07028,0.07028,0.00000,0.07028,0.07028
genuine_population,hv_page_ec8f2a7e33,126711CHNR,established_dealer,ring_scale,%,1,1,86e245b2719dd1e7,-0.08775,-0.08775,0.00000,-0.08775,-0.08775
genuine_population,hv_page_ec8f2a7e33,126711CHNR,established_dealer,m6_rotation,deg,1,1,86e245b2719dd1e7,0.02190,0.02190,0.00000,0.02190,0.02190
genuine_population,hv_page_ec8f2a7e33,126711CHNR,established_dealer,m6_local,px,1,1,86e245b2719dd1e7,0.78155,0.78155,0.00000,0.78155,0.78155
genuine_population,hv_page_ec8f2a7e33,126711CHNR,established_dealer,m6_local_R,R,1,1,86e245b2719dd1e7,0.00180,0.00180,0.00000,0.00180,0.00180
genuine_population,hv_page_ec8f2a7e33,126711CHNR,established_dealer,m6_raw,px,1,1,86e245b2719dd1e7,1.08742,1.08742,0.00000,1.08742,1.08742
genuine_population,hv_page_ec8f2a7e33,126711CHNR,established_dealer,m6_raw_R,R,1,1,86e245b2719dd1e7,0.00251,0.00251,0.00000,0.00251,0.00251
genuine_population,hv_page_ec8f2a7e33,126711CHNR,established_dealer,m6_local_tangential_R,R,1,1,86e245b2719dd1e7,0.00081,0.00081,0.00000,0.00081,0.00081
genuine_population,hv_page_ec8f2a7e33,126711CHNR,established_dealer,m6_local_radial_R,R,1,1,86e245b2719dd1e7,0.00160,0.00160,0.00000,0.00160,0.00160
genuine_population,hv_page_ec8f2a7e33,126711CHNR,established_dealer,m9_rotation,deg,1,1,86e245b2719dd1e7,0.50941,0.50941,0.00000,0.50941,0.50941
genuine_population,hv_page_ec8f2a7e33,126711CHNR,established_dealer,m9_local,px,1,1,86e245b2719dd1e7,0.52436,0.52436,0.00000,0.52436,0.52436
genuine_population,hv_page_ec8f2a7e33,126711CHNR,established_dealer,m9_local_R,R,1,1,86e245b2719dd1e7,0.00121,0.00121,0.00000,0.00121,0.00121
genuine_population,hv_page_ec8f2a7e33,126711CHNR,established_dealer,m9_raw,px,1,1,86e245b2719dd1e7,1.30085,1.30085,0.00000,1.30085,1.30085
genuine_population,hv_page_ec8f2a7e33,126711CHNR,established_dealer,m9_raw_R,R,1,1,86e245b2719dd1e7,0.00300,0.00300,0.00000,0.00300,0.00300
genuine_population,hv_page_ec8f2a7e33,126711CHNR,established_dealer,m9_local_tangential_R,R,1,1,86e245b2719dd1e7,-0.00018,-0.00018,0.00000,-0.00018,-0.00018
genuine_population,hv_page_ec8f2a7e33,126711CHNR,established_dealer,m9_local_radial_R,R,1,1,86e245b2719dd1e7,0.00119,0.00119,0.00000,0.00119,0.00119
genuine_population,hv_page_ec8f2a7e33,126711CHNR,established_dealer,m12_centreline_rotation,deg,1,1,86e245b2719dd1e7,-0.43487,-0.43487,0.00000,-0.43487,-0.43487
genuine_population,hv_page_ec8f2a7e33,126711CHNR,established_dealer,m12_raw,px,1,1,86e245b2719dd1e7,0.85937,0.85937,0.00000,0.85937,0.85937
genuine_population,hv_page_ec8f2a7e33,126711CHNR,established_dealer,m12_raw_R,R,1,1,86e245b2719dd1e7,0.00198,0.00198,0.00000,0.00198,0.00198
genuine_population,hv_page_ec8f2a7e33,126711CHNR,established_dealer,m12_local_R,R,1,1,86e245b2719dd1e7,0.00343,0.00343,0.00000,0.00343,0.00343
genuine_population,hv_page_ec8f2a7e33,126711CHNR,established_dealer,m12_right_R,R,1,1,86e245b2719dd1e7,-0.00057,-0.00057,0.00000,-0.00057,-0.00057
genuine_population,hv_page_ec8f2a7e33,126711CHNR,established_dealer,m12_down_R,R,1,1,86e245b2719dd1e7,0.00191,0.00191,0.00000,0.00191,0.00191
genuine_population,hv_page_ec8f2a7e33,126711CHNR,established_dealer,m12_left_side_err,deg,1,1,86e245b2719dd1e7,-0.75421,-0.75421,0.00000,-0.75421,-0.75421
genuine_population,hv_page_ec8f2a7e33,126711CHNR,established_dealer,m12_right_side_err,deg,1,1,86e245b2719dd1e7,-0.18345,-0.18345,0.00000,-0.18345,-0.18345
genuine_population,hv_page_ec8f2a7e33,126711CHNR,established_dealer,m12_base_tilt,deg,1,1,86e245b2719dd1e7,-0.67589,-0.67589,0.00000,-0.67589,-0.67589
genuine_population,hv_page_ec8f2a7e33,126711CHNR,established_dealer,rounds_max_local,px,1,1,86e245b2719dd1e7,0.61745,0.61745,0.00000,0.61745,0.61745
genuine_population,hv_page_ec8f2a7e33,126711CHNR,established_dealer,rounds_max_local_R,R,1,1,86e245b2719dd1e7,0.00142,0.00142,0.00000,0.00142,0.00142
genuine_population,hv_page_ec8f2a7e33,126711CHNR,established_dealer,rounds_usable,count,1,1,86e245b2719dd1e7,8.00000,8.00000,0.00000,8.00000,8.00000
genuine_population,hv_page_ed122bc9fa,126713GRNR,established_dealer,ring_shift,px,2,2,8b11a6baadbb4bab,0.86768,0.69587,0.17181,0.52406,0.86768
genuine_population,hv_page_ed122bc9fa,126713GRNR,established_dealer,ring_shift_R,R,2,2,8b11a6baadbb4bab,0.00318,0.00312,0.00006,0.00306,0.00318
genuine_population,hv_page_ed122bc9fa,126713GRNR,established_dealer,ring_rotation,deg,2,2,8b11a6baadbb4bab,-0.05840,-0.07182,0.01343,-0.08525,-0.05840
genuine_population,hv_page_ed122bc9fa,126713GRNR,established_dealer,ring_scale,%,2,2,8b11a6baadbb4bab,-0.13255,-0.12218,0.01038,-0.13255,-0.11180
genuine_population,hv_page_ed122bc9fa,126713GRNR,established_dealer,m6_rotation,deg,2,2,8b11a6baadbb4bab,-0.05366,-0.10806,0.05440,-0.16245,-0.05366
genuine_population,hv_page_ed122bc9fa,126713GRNR,established_dealer,m6_local,px,2,2,8b11a6baadbb4bab,0.49534,0.40145,0.09389,0.30756,0.49534
genuine_population,hv_page_ed122bc9fa,126713GRNR,established_dealer,m6_local_R,R,2,2,8b11a6baadbb4bab,0.00181,0.00181,0.00001,0.00180,0.00181
genuine_population,hv_page_ed122bc9fa,126713GRNR,established_dealer,m6_raw,px,2,2,8b11a6baadbb4bab,0.90786,0.97013,0.06228,0.90786,1.03241
genuine_population,hv_page_ed122bc9fa,126713GRNR,established_dealer,m6_raw_R,R,2,2,8b11a6baadbb4bab,0.00333,0.00468,0.00135,0.00333,0.00604
genuine_population,hv_page_ed122bc9fa,126713GRNR,established_dealer,m6_local_tangential_R,R,2,2,8b11a6baadbb4bab,-0.00062,-0.00074,0.00011,-0.00085,-0.00062
genuine_population,hv_page_ed122bc9fa,126713GRNR,established_dealer,m6_local_radial_R,R,2,2,8b11a6baadbb4bab,0.00170,0.00005,0.00165,-0.00160,0.00170
genuine_population,hv_page_ed122bc9fa,126713GRNR,established_dealer,m9_rotation,deg,2,2,8b11a6baadbb4bab,0.47291,0.43652,0.03639,0.40013,0.47291
genuine_population,hv_page_ed122bc9fa,126713GRNR,established_dealer,m9_local,px,2,2,8b11a6baadbb4bab,0.46715,0.43881,0.02835,0.41046,0.46715
genuine_population,hv_page_ed122bc9fa,126713GRNR,established_dealer,m9_local_R,R,2,2,8b11a6baadbb4bab,0.00171,0.00206,0.00034,0.00171,0.00240
genuine_population,hv_page_ed122bc9fa,126713GRNR,established_dealer,m9_raw,px,2,2,8b11a6baadbb4bab,0.52670,0.31509,0.21161,0.10348,0.52670
genuine_population,hv_page_ed122bc9fa,126713GRNR,established_dealer,m9_raw_R,R,2,2,8b11a6baadbb4bab,0.00193,0.00127,0.00066,0.00060,0.00193
genuine_population,hv_page_ed122bc9fa,126713GRNR,established_dealer,m9_local_tangential_R,R,2,2,8b11a6baadbb4bab,-0.00034,-0.00085,0.00051,-0.00136,-0.00034
genuine_population,hv_page_ed122bc9fa,126713GRNR,established_dealer,m9_local_radial_R,R,2,2,8b11a6baadbb4bab,0.00169,0.00185,0.00016,0.00169,0.00201
genuine_population,hv_page_ed122bc9fa,126713GRNR,established_dealer,m12_centreline_rotation,deg,2,2,8b11a6baadbb4bab,-0.06228,-0.14378,0.08150,-0.22528,-0.06228
genuine_population,hv_page_ed122bc9fa,126713GRNR,established_dealer,m12_raw,px,2,2,8b11a6baadbb4bab,0.70385,0.56237,0.14148,0.42088,0.70385
genuine_population,hv_page_ed122bc9fa,126713GRNR,established_dealer,m12_raw_R,R,2,2,8b11a6baadbb4bab,0.00258,0.00252,0.00006,0.00246,0.00258
genuine_population,hv_page_ed122bc9fa,126713GRNR,established_dealer,m12_local_R,R,2,2,8b11a6baadbb4bab,0.00455,0.00451,0.00003,0.00448,0.00455
genuine_population,hv_page_ed122bc9fa,126713GRNR,established_dealer,m12_right_R,R,2,2,8b11a6baadbb4bab,-0.00055,-0.00055,0.00000,-0.00056,-0.00055
genuine_population,hv_page_ed122bc9fa,126713GRNR,established_dealer,m12_down_R,R,2,2,8b11a6baadbb4bab,0.00252,0.00246,0.00006,0.00240,0.00252
genuine_population,hv_page_ed122bc9fa,126713GRNR,established_dealer,m12_left_side_err,deg,2,2,8b11a6baadbb4bab,-0.33514,-0.34815,0.01301,-0.36116,-0.33514
genuine_population,hv_page_ed122bc9fa,126713GRNR,established_dealer,m12_right_side_err,deg,2,2,8b11a6baadbb4bab,-0.06473,-0.08545,0.02072,-0.10617,-0.06473
genuine_population,hv_page_ed122bc9fa,126713GRNR,established_dealer,m12_base_tilt,deg,2,2,8b11a6baadbb4bab,-1.05198,-0.66879,0.38319,-1.05198,-0.28560
genuine_population,hv_page_ed122bc9fa,126713GRNR,established_dealer,rounds_max_local,px,2,2,8b11a6baadbb4bab,0.61962,0.50636,0.11326,0.39310,0.61962
genuine_population,hv_page_ed122bc9fa,126713GRNR,established_dealer,rounds_max_local_R,R,2,2,8b11a6baadbb4bab,0.00227,0.00228,0.00001,0.00227,0.00230
genuine_population,hv_page_ed122bc9fa,126713GRNR,established_dealer,rounds_usable,count,2,2,8b11a6baadbb4bab,6.00000,6.00000,0.00000,6.00000,6.00000
genuine_population,hv_page_ee91bc679b,126710GRNR,established_dealer,ring_shift,px,1,1,1d55b01daf63e59d,0.54258,0.54258,0.00000,0.54258,0.54258
genuine_population,hv_page_ee91bc679b,126710GRNR,established_dealer,ring_shift_R,R,1,1,1d55b01daf63e59d,0.00125,0.00125,0.00000,0.00125,0.00125
genuine_population,hv_page_ee91bc679b,126710GRNR,established_dealer,ring_rotation,deg,1,1,1d55b01daf63e59d,-0.01044,-0.01044,0.00000,-0.01044,-0.01044
genuine_population,hv_page_ee91bc679b,126710GRNR,established_dealer,ring_scale,%,1,1,1d55b01daf63e59d,0.11769,0.11769,0.00000,0.11769,0.11769
genuine_population,hv_page_ee91bc679b,126710GRNR,established_dealer,m6_rotation,deg,1,1,1d55b01daf63e59d,0.20960,0.20960,0.00000,0.20960,0.20960
genuine_population,hv_page_ee91bc679b,126710GRNR,established_dealer,m6_local,px,1,1,1d55b01daf63e59d,0.79837,0.79837,0.00000,0.79837,0.79837
genuine_population,hv_page_ee91bc679b,126710GRNR,established_dealer,m6_local_R,R,1,1,1d55b01daf63e59d,0.00184,0.00184,0.00000,0.00184,0.00184
genuine_population,hv_page_ee91bc679b,126710GRNR,established_dealer,m6_raw,px,1,1,1d55b01daf63e59d,1.01997,1.01997,0.00000,1.01997,1.01997
genuine_population,hv_page_ee91bc679b,126710GRNR,established_dealer,m6_raw_R,R,1,1,1d55b01daf63e59d,0.00235,0.00235,0.00000,0.00235,0.00235
genuine_population,hv_page_ee91bc679b,126710GRNR,established_dealer,m6_local_tangential_R,R,1,1,1d55b01daf63e59d,-0.00077,-0.00077,0.00000,-0.00077,-0.00077
genuine_population,hv_page_ee91bc679b,126710GRNR,established_dealer,m6_local_radial_R,R,1,1,1d55b01daf63e59d,0.00166,0.00166,0.00000,0.00166,0.00166
genuine_population,hv_page_ee91bc679b,126710GRNR,established_dealer,m9_rotation,deg,1,1,1d55b01daf63e59d,0.48080,0.48080,0.00000,0.48080,0.48080
genuine_population,hv_page_ee91bc679b,126710GRNR,established_dealer,m9_local,px,1,1,1d55b01daf63e59d,0.86779,0.86779,0.00000,0.86779,0.86779
genuine_population,hv_page_ee91bc679b,126710GRNR,established_dealer,m9_local_R,R,1,1,1d55b01daf63e59d,0.00200,0.00200,0.00000,0.00200,0.00200
genuine_population,hv_page_ee91bc679b,126710GRNR,established_dealer,m9_raw,px,1,1,1d55b01daf63e59d,1.78638,1.78638,0.00000,1.78638,1.78638
genuine_population,hv_page_ee91bc679b,126710GRNR,established_dealer,m9_raw_R,R,1,1,1d55b01daf63e59d,0.00411,0.00411,0.00000,0.00411,0.00411
genuine_population,hv_page_ee91bc679b,126710GRNR,established_dealer,m9_local_tangential_R,R,1,1,1d55b01daf63e59d,-0.00012,-0.00012,0.00000,-0.00012,-0.00012
genuine_population,hv_page_ee91bc679b,126710GRNR,established_dealer,m9_local_radial_R,R,1,1,1d55b01daf63e59d,0.00199,0.00199,0.00000,0.00199,0.00199
genuine_population,hv_page_ee91bc679b,126710GRNR,established_dealer,m12_centreline_rotation,deg,1,1,1d55b01daf63e59d,0.62357,0.62357,0.00000,0.62357,0.62357
genuine_population,hv_page_ee91bc679b,126710GRNR,established_dealer,m12_raw,px,1,1,1d55b01daf63e59d,1.65730,1.65730,0.00000,1.65730,1.65730
genuine_population,hv_page_ee91bc679b,126710GRNR,established_dealer,m12_raw_R,R,1,1,1d55b01daf63e59d,0.00381,0.00381,0.00000,0.00381,0.00381
genuine_population,hv_page_ee91bc679b,126710GRNR,established_dealer,m12_local_R,R,1,1,1d55b01daf63e59d,0.00451,0.00451,0.00000,0.00451,0.00451
genuine_population,hv_page_ee91bc679b,126710GRNR,established_dealer,m12_right_R,R,1,1,1d55b01daf63e59d,-0.00189,-0.00189,0.00000,-0.00189,-0.00189
genuine_population,hv_page_ee91bc679b,126710GRNR,established_dealer,m12_down_R,R,1,1,1d55b01daf63e59d,0.00333,0.00333,0.00000,0.00333,0.00333
genuine_population,hv_page_ee91bc679b,126710GRNR,established_dealer,m12_left_side_err,deg,1,1,1d55b01daf63e59d,0.47708,0.47708,0.00000,0.47708,0.47708
genuine_population,hv_page_ee91bc679b,126710GRNR,established_dealer,m12_right_side_err,deg,1,1,1d55b01daf63e59d,0.72312,0.72312,0.00000,0.72312,0.72312
genuine_population,hv_page_ee91bc679b,126710GRNR,established_dealer,m12_base_tilt,deg,1,1,1d55b01daf63e59d,0.45462,0.45462,0.00000,0.45462,0.45462
genuine_population,hv_page_ee91bc679b,126710GRNR,established_dealer,rounds_max_local,px,1,1,1d55b01daf63e59d,0.69377,0.69377,0.00000,0.69377,0.69377
genuine_population,hv_page_ee91bc679b,126710GRNR,established_dealer,rounds_max_local_R,R,1,1,1d55b01daf63e59d,0.00160,0.00160,0.00000,0.00160,0.00160
genuine_population,hv_page_ee91bc679b,126710GRNR,established_dealer,rounds_usable,count,1,1,1d55b01daf63e59d,7.00000,7.00000,0.00000,7.00000,7.00000
genuine_population,hv_page_ef7d4016dc,126710BLRO,established_dealer,ring_shift,px,1,1,36ffe44ce5170d2b,0.59641,0.59641,0.00000,0.59641,0.59641
genuine_population,hv_page_ef7d4016dc,126710BLRO,established_dealer,ring_shift_R,R,1,1,36ffe44ce5170d2b,0.00242,0.00242,0.00000,0.00242,0.00242
genuine_population,hv_page_ef7d4016dc,126710BLRO,established_dealer,ring_rotation,deg,1,1,36ffe44ce5170d2b,0.01806,0.01806,0.00000,0.01806,0.01806
genuine_population,hv_page_ef7d4016dc,126710BLRO,established_dealer,ring_scale,%,1,1,36ffe44ce5170d2b,-0.02707,-0.02707,0.00000,-0.02707,-0.02707
genuine_population,hv_page_ef7d4016dc,126710BLRO,established_dealer,m6_rotation,deg,1,1,36ffe44ce5170d2b,0.59363,0.59363,0.00000,0.59363,0.59363
genuine_population,hv_page_ef7d4016dc,126710BLRO,established_dealer,m6_local,px,1,1,36ffe44ce5170d2b,0.26879,0.26879,0.00000,0.26879,0.26879
genuine_population,hv_page_ef7d4016dc,126710BLRO,established_dealer,m6_local_R,R,1,1,36ffe44ce5170d2b,0.00109,0.00109,0.00000,0.00109,0.00109
genuine_population,hv_page_ef7d4016dc,126710BLRO,established_dealer,m6_raw,px,1,1,36ffe44ce5170d2b,0.39917,0.39917,0.00000,0.39917,0.39917
genuine_population,hv_page_ef7d4016dc,126710BLRO,established_dealer,m6_raw_R,R,1,1,36ffe44ce5170d2b,0.00162,0.00162,0.00000,0.00162,0.00162
genuine_population,hv_page_ef7d4016dc,126710BLRO,established_dealer,m6_local_tangential_R,R,1,1,36ffe44ce5170d2b,-0.00027,-0.00027,0.00000,-0.00027,-0.00027
genuine_population,hv_page_ef7d4016dc,126710BLRO,established_dealer,m6_local_radial_R,R,1,1,36ffe44ce5170d2b,0.00105,0.00105,0.00000,0.00105,0.00105
genuine_population,hv_page_ef7d4016dc,126710BLRO,established_dealer,m9_rotation,deg,1,1,36ffe44ce5170d2b,0.48978,0.48978,0.00000,0.48978,0.48978
genuine_population,hv_page_ef7d4016dc,126710BLRO,established_dealer,m9_local,px,1,1,36ffe44ce5170d2b,0.46084,0.46084,0.00000,0.46084,0.46084
genuine_population,hv_page_ef7d4016dc,126710BLRO,established_dealer,m9_local_R,R,1,1,36ffe44ce5170d2b,0.00187,0.00187,0.00000,0.00187,0.00187
genuine_population,hv_page_ef7d4016dc,126710BLRO,established_dealer,m9_raw,px,1,1,36ffe44ce5170d2b,0.92177,0.92177,0.00000,0.92177,0.92177
genuine_population,hv_page_ef7d4016dc,126710BLRO,established_dealer,m9_raw_R,R,1,1,36ffe44ce5170d2b,0.00375,0.00375,0.00000,0.00375,0.00375
genuine_population,hv_page_ef7d4016dc,126710BLRO,established_dealer,m9_local_tangential_R,R,1,1,36ffe44ce5170d2b,0.00037,0.00037,0.00000,0.00037,0.00037
genuine_population,hv_page_ef7d4016dc,126710BLRO,established_dealer,m9_local_radial_R,R,1,1,36ffe44ce5170d2b,0.00183,0.00183,0.00000,0.00183,0.00183
genuine_population,hv_page_ef7d4016dc,126710BLRO,established_dealer,m12_centreline_rotation,deg,1,1,36ffe44ce5170d2b,0.85975,0.85975,0.00000,0.85975,0.85975
genuine_population,hv_page_ef7d4016dc,126710BLRO,established_dealer,m12_raw,px,1,1,36ffe44ce5170d2b,0.67779,0.67779,0.00000,0.67779,0.67779
genuine_population,hv_page_ef7d4016dc,126710BLRO,established_dealer,m12_raw_R,R,1,1,36ffe44ce5170d2b,0.00276,0.00276,0.00000,0.00276,0.00276
genuine_population,hv_page_ef7d4016dc,126710BLRO,established_dealer,m12_local_R,R,1,1,36ffe44ce5170d2b,0.00463,0.00463,0.00000,0.00463,0.00463
genuine_population,hv_page_ef7d4016dc,126710BLRO,established_dealer,m12_right_R,R,1,1,36ffe44ce5170d2b,-0.00122,-0.00122,0.00000,-0.00122,-0.00122
genuine_population,hv_page_ef7d4016dc,126710BLRO,established_dealer,m12_down_R,R,1,1,36ffe44ce5170d2b,0.00248,0.00248,0.00000,0.00248,0.00248
genuine_population,hv_page_ef7d4016dc,126710BLRO,established_dealer,m12_left_side_err,deg,1,1,36ffe44ce5170d2b,0.68240,0.68240,0.00000,0.68240,0.68240
genuine_population,hv_page_ef7d4016dc,126710BLRO,established_dealer,m12_right_side_err,deg,1,1,36ffe44ce5170d2b,1.03256,1.03256,0.00000,1.03256,1.03256
genuine_population,hv_page_ef7d4016dc,126710BLRO,established_dealer,m12_base_tilt,deg,1,1,36ffe44ce5170d2b,0.84350,0.84350,0.00000,0.84350,0.84350
genuine_population,hv_page_ef7d4016dc,126710BLRO,established_dealer,rounds_max_local,px,1,1,36ffe44ce5170d2b,0.56883,0.56883,0.00000,0.56883,0.56883
genuine_population,hv_page_ef7d4016dc,126710BLRO,established_dealer,rounds_max_local_R,R,1,1,36ffe44ce5170d2b,0.00231,0.00231,0.00000,0.00231,0.00231
genuine_population,hv_page_ef7d4016dc,126710BLRO,established_dealer,rounds_usable,count,1,1,36ffe44ce5170d2b,8.00000,8.00000,0.00000,8.00000,8.00000
genuine_population,phillips_181407,126710BLNR,auction_house,ring_shift,px,1,0,66c4527d45cf91b0,,,,,
genuine_population,phillips_181407,126710BLNR,auction_house,ring_shift_R,R,1,0,66c4527d45cf91b0,,,,,
genuine_population,phillips_181407,126710BLNR,auction_house,ring_rotation,deg,1,0,66c4527d45cf91b0,,,,,
genuine_population,phillips_181407,126710BLNR,auction_house,ring_scale,%,1,0,66c4527d45cf91b0,,,,,
genuine_population,phillips_181407,126710BLNR,auction_house,m6_rotation,deg,1,0,66c4527d45cf91b0,,,,,
genuine_population,phillips_181407,126710BLNR,auction_house,m6_local,px,1,0,66c4527d45cf91b0,,,,,
genuine_population,phillips_181407,126710BLNR,auction_house,m6_local_R,R,1,0,66c4527d45cf91b0,,,,,
genuine_population,phillips_181407,126710BLNR,auction_house,m6_raw,px,1,0,66c4527d45cf91b0,,,,,
genuine_population,phillips_181407,126710BLNR,auction_house,m6_raw_R,R,1,0,66c4527d45cf91b0,,,,,
genuine_population,phillips_181407,126710BLNR,auction_house,m6_local_tangential_R,R,1,0,66c4527d45cf91b0,,,,,
genuine_population,phillips_181407,126710BLNR,auction_house,m6_local_radial_R,R,1,0,66c4527d45cf91b0,,,,,
genuine_population,phillips_181407,126710BLNR,auction_house,m9_rotation,deg,1,0,66c4527d45cf91b0,,,,,
genuine_population,phillips_181407,126710BLNR,auction_house,m9_local,px,1,0,66c4527d45cf91b0,,,,,
genuine_population,phillips_181407,126710BLNR,auction_house,m9_local_R,R,1,0,66c4527d45cf91b0,,,,,
genuine_population,phillips_181407,126710BLNR,auction_house,m9_raw,px,1,0,66c4527d45cf91b0,,,,,
genuine_population,phillips_181407,126710BLNR,auction_house,m9_raw_R,R,1,0,66c4527d45cf91b0,,,,,
genuine_population,phillips_181407,126710BLNR,auction_house,m9_local_tangential_R,R,1,0,66c4527d45cf91b0,,,,,
genuine_population,phillips_181407,126710BLNR,auction_house,m9_local_radial_R,R,1,0,66c4527d45cf91b0,,,,,
genuine_population,phillips_181407,126710BLNR,auction_house,m12_centreline_rotation,deg,1,0,66c4527d45cf91b0,,,,,
genuine_population,phillips_181407,126710BLNR,auction_house,m12_raw,px,1,0,66c4527d45cf91b0,,,,,
genuine_population,phillips_181407,126710BLNR,auction_house,m12_raw_R,R,1,0,66c4527d45cf91b0,,,,,
genuine_population,phillips_181407,126710BLNR,auction_house,m12_local_R,R,1,0,66c4527d45cf91b0,,,,,
genuine_population,phillips_181407,126710BLNR,auction_house,m12_right_R,R,1,0,66c4527d45cf91b0,,,,,
genuine_population,phillips_181407,126710BLNR,auction_house,m12_down_R,R,1,0,66c4527d45cf91b0,,,,,
genuine_population,phillips_181407,126710BLNR,auction_house,m12_left_side_err,deg,1,0,66c4527d45cf91b0,,,,,
genuine_population,phillips_181407,126710BLNR,auction_house,m12_right_side_err,deg,1,0,66c4527d45cf91b0,,,,,
genuine_population,phillips_181407,126710BLNR,auction_house,m12_base_tilt,deg,1,0,66c4527d45cf91b0,,,,,
genuine_population,phillips_181407,126710BLNR,auction_house,rounds_max_local,px,1,0,66c4527d45cf91b0,,,,,
genuine_population,phillips_181407,126710BLNR,auction_house,rounds_max_local_R,R,1,0,66c4527d45cf91b0,,,,,
genuine_population,phillips_181407,126710BLNR,auction_house,rounds_usable,count,1,1,66c4527d45cf91b0,3.00000,3.00000,0.00000,3.00000,3.00000
genuine_population,swe_42335,126710BLNR,established_dealer,ring_shift,px,3,2,6d440f240015dd64,,1.17301,0.18887,0.98415,1.36188
genuine_population,swe_42335,126710BLNR,established_dealer,ring_shift_R,R,3,2,6d440f240015dd64,,0.00577,0.00029,0.00547,0.00606
genuine_population,swe_42335,126710BLNR,established_dealer,ring_rotation,deg,3,2,6d440f240015dd64,,-0.00154,0.01677,-0.01831,0.01523
genuine_population,swe_42335,126710BLNR,established_dealer,ring_scale,%,3,2,6d440f240015dd64,,0.03755,0.01284,0.02471,0.05038
genuine_population,swe_42335,126710BLNR,established_dealer,m6_rotation,deg,3,3,6d440f240015dd64,-0.38675,-0.42453,0.03778,-0.75014,-0.38675
genuine_population,swe_42335,126710BLNR,established_dealer,m6_local,px,3,2,6d440f240015dd64,,0.71672,0.27338,0.44334,0.99010
genuine_population,swe_42335,126710BLNR,established_dealer,m6_local_R,R,3,2,6d440f240015dd64,,0.00335,0.00062,0.00273,0.00398
genuine_population,swe_42335,126710BLNR,established_dealer,m6_raw,px,3,3,6d440f240015dd64,1.15255,0.97376,0.17879,0.32193,1.15255
genuine_population,swe_42335,126710BLNR,established_dealer,m6_raw_R,R,3,3,6d440f240015dd64,0.00159,0.00159,0.00029,0.00129,0.00600
genuine_population,swe_42335,126710BLNR,established_dealer,m6_local_tangential_R,R,3,2,6d440f240015dd64,,-0.00228,0.00041,-0.00269,-0.00188
genuine_population,swe_42335,126710BLNR,established_dealer,m6_local_radial_R,R,3,2,6d440f240015dd64,,0.00153,0.00190,-0.00036,0.00343
genuine_population,swe_42335,126710BLNR,established_dealer,m9_rotation,deg,3,3,6d440f240015dd64,-0.22549,-0.07030,0.03880,-0.22549,-0.03150
genuine_population,swe_42335,126710BLNR,established_dealer,m9_local,px,3,2,6d440f240015dd64,,0.69437,0.19096,0.50341,0.88534
genuine_population,swe_42335,126710BLNR,established_dealer,m9_local_R,R,3,2,6d440f240015dd64,,0.00333,0.00023,0.00310,0.00356
genuine_population,swe_42335,126710BLNR,established_dealer,m9_raw,px,3,3,6d440f240015dd64,6.52883,2.26852,0.80873,1.45979,6.52883
genuine_population,swe_42335,126710BLNR,established_dealer,m9_raw_R,R,3,3,6d440f240015dd64,0.00898,0.00899,0.00001,0.00898,0.00912
genuine_population,swe_42335,126710BLNR,established_dealer,m9_local_tangential_R,R,3,2,6d440f240015dd64,,0.00320,0.00024,0.00296,0.00345
genuine_population,swe_42335,126710BLNR,established_dealer,m9_local_radial_R,R,3,2,6d440f240015dd64,,0.00012,0.00051,-0.00040,0.00063
genuine_population,swe_42335,126710BLNR,established_dealer,m12_centreline_rotation,deg,3,3,6d440f240015dd64,-0.65631,-0.73372,0.00693,-0.74065,-0.65631
genuine_population,swe_42335,126710BLNR,established_dealer,m12_raw,px,3,3,6d440f240015dd64,3.14371,1.01068,0.38504,0.62564,3.14371
genuine_population,swe_42335,126710BLNR,established_dealer,m12_raw_R,R,3,3,6d440f240015dd64,0.00432,0.00406,0.00021,0.00385,0.00432
genuine_population,swe_42335,126710BLNR,established_dealer,m12_local_R,R,3,2,6d440f240015dd64,,0.00851,0.00036,0.00815,0.00886
genuine_population,swe_42335,126710BLNR,established_dealer,m12_right_R,R,3,3,6d440f240015dd64,-0.00371,-0.00330,0.00042,-0.00371,-0.00250
genuine_population,swe_42335,126710BLNR,established_dealer,m12_down_R,R,3,3,6d440f240015dd64,0.00215,0.00231,0.00016,0.00215,0.00287
genuine_population,swe_42335,126710BLNR,established_dealer,m12_left_side_err,deg,3,3,6d440f240015dd64,-0.59054,-0.59054,0.03535,-0.62589,-0.54261
genuine_population,swe_42335,126710BLNR,established_dealer,m12_right_side_err,deg,3,3,6d440f240015dd64,-0.66311,-0.72551,0.02291,-0.74842,-0.66311
genuine_population,swe_42335,126710BLNR,established_dealer,m12_base_tilt,deg,3,3,6d440f240015dd64,-0.44111,-0.26608,0.17503,-0.44111,-0.08619
genuine_population,swe_42335,126710BLNR,established_dealer,rounds_max_local,px,3,2,6d440f240015dd64,,0.85503,0.18637,0.66867,1.04140
genuine_population,swe_42335,126710BLNR,established_dealer,rounds_max_local_R,R,3,2,6d440f240015dd64,,0.00415,0.00003,0.00412,0.00419
genuine_population,swe_42335,126710BLNR,established_dealer,rounds_usable,count,3,3,6d440f240015dd64,1.00000,6.00000,0.00000,1.00000,6.00000
genuine_population,swe_59259,126710BLNR,established_dealer,ring_shift,px,3,2,972c2f9279ee489c,,1.14715,0.19380,0.95335,1.34096
genuine_population,swe_59259,126710BLNR,established_dealer,ring_shift_R,R,3,2,972c2f9279ee489c,,0.00525,0.00031,0.00494,0.00556
genuine_population,swe_59259,126710BLNR,established_dealer,ring_rotation,deg,3,2,972c2f9279ee489c,,0.02895,0.02264,0.00631,0.05159
genuine_population,swe_59259,126710BLNR,established_dealer,ring_scale,%,3,2,972c2f9279ee489c,,0.15052,0.06014,0.09038,0.21067
genuine_population,swe_59259,126710BLNR,established_dealer,m6_rotation,deg,3,3,972c2f9279ee489c,0.32321,0.33244,0.00294,0.32321,0.33538
genuine_population,swe_59259,126710BLNR,established_dealer,m6_local,px,3,2,972c2f9279ee489c,,0.45809,0.25209,0.20600,0.71018
genuine_population,swe_59259,126710BLNR,established_dealer,m6_local_R,R,3,2,972c2f9279ee489c,,0.00191,0.00071,0.00120,0.00262
genuine_population,swe_59259,126710BLNR,established_dealer,m6_raw,px,3,3,972c2f9279ee489c,5.30274,1.95653,0.74332,1.21321,5.30274
genuine_population,swe_59259,126710BLNR,established_dealer,m6_raw_R,R,3,3,972c2f9279ee489c,0.00744,0.00721,0.00013,0.00707,0.00744
genuine_population,swe_59259,126710BLNR,established_dealer,m6_local_tangential_R,R,3,2,972c2f9279ee489c,,0.00180,0.00071,0.00108,0.00251
genuine_population,swe_59259,126710BLNR,established_dealer,m6_local_radial_R,R,3,2,972c2f9279ee489c,,0.00063,0.00011,0.00052,0.00074
genuine_population,swe_59259,126710BLNR,established_dealer,m9_rotation,deg,3,3,972c2f9279ee489c,0.03108,0.28655,0.08055,0.03108,0.36710
genuine_population,swe_59259,126710BLNR,established_dealer,m9_local,px,3,2,972c2f9279ee489c,,0.17698,0.08219,0.09479,0.25917
genuine_population,swe_59259,126710BLNR,established_dealer,m9_local_R,R,3,2,972c2f9279ee489c,,0.00075,0.00020,0.00055,0.00096
genuine_population,swe_59259,126710BLNR,established_dealer,m9_raw,px,3,3,972c2f9279ee489c,4.44966,1.78434,0.48136,1.30298,4.44966
genuine_population,swe_59259,126710BLNR,established_dealer,m9_raw_R,R,3,3,972c2f9279ee489c,0.00624,0.00657,0.00033,0.00624,0.00760
genuine_population,swe_59259,126710BLNR,established_dealer,m9_local_tangential_R,R,3,2,972c2f9279ee489c,,-0.00003,0.00032,-0.00035,0.00028
genuine_population,swe_59259,126710BLNR,established_dealer,m9_local_radial_R,R,3,2,972c2f9279ee489c,,0.00067,0.00024,0.00043,0.00091
genuine_population,swe_59259,126710BLNR,established_dealer,m12_centreline_rotation,deg,3,3,972c2f9279ee489c,-0.60317,-0.60317,0.03573,-2.58445,-0.56744
genuine_population,swe_59259,126710BLNR,established_dealer,m12_raw,px,3,3,972c2f9279ee489c,3.48574,1.70267,0.38497,1.31770,3.48574
genuine_population,swe_59259,126710BLNR,established_dealer,m12_raw_R,R,3,3,972c2f9279ee489c,0.00489,0.00489,0.00004,0.00485,0.00993
genuine_population,swe_59259,126710BLNR,established_dealer,m12_local_R,R,3,2,972c2f9279ee489c,,0.00791,0.00216,0.00575,0.01006
genuine_population,swe_59259,126710BLNR,established_dealer,m12_right_R,R,3,3,972c2f9279ee489c,-0.00429,-0.00429,0.00064,-0.00776,-0.00365
genuine_population,swe_59259,126710BLNR,established_dealer,m12_down_R,R,3,3,972c2f9279ee489c,0.00230,0.00315,0.00085,0.00230,0.00611
genuine_population,swe_59259,126710BLNR,established_dealer,m12_left_side_err,deg,3,3,972c2f9279ee489c,-0.62013,-0.62013,0.02553,-0.64566,-0.59326
genuine_population,swe_59259,126710BLNR,established_dealer,m12_right_side_err,deg,3,3,972c2f9279ee489c,-0.55819,-0.56695,0.00876,-3.97507,-0.55819
genuine_population,swe_59259,126710BLNR,established_dealer,m12_base_tilt,deg,3,3,972c2f9279ee489c,-0.50150,-0.50150,0.34771,-0.84921,-0.03589
genuine_population,swe_59259,126710BLNR,established_dealer,rounds_max_local,px,3,2,972c2f9279ee489c,,0.67668,0.13850,0.53818,0.81519
genuine_population,swe_59259,126710BLNR,established_dealer,rounds_max_local_R,R,3,2,972c2f9279ee489c,,0.00307,0.00007,0.00300,0.00314
genuine_population,swe_59259,126710BLNR,established_dealer,rounds_usable,count,3,3,972c2f9279ee489c,2.00000,4.00000,0.00000,2.00000,4.00000
genuine_population,swe_60177,126710BLNR,established_dealer,ring_shift,px,3,3,ffe13b6968cc3002,2.28998,0.57576,0.07200,0.50376,2.28998
genuine_population,swe_60177,126710BLNR,established_dealer,ring_shift_R,R,3,3,ffe13b6968cc3002,0.00293,0.00290,0.00003,0.00209,0.00293
genuine_population,swe_60177,126710BLNR,established_dealer,ring_rotation,deg,3,3,ffe13b6968cc3002,0.11573,0.11573,0.01997,0.08029,0.13570
genuine_population,swe_60177,126710BLNR,established_dealer,ring_scale,%,3,3,ffe13b6968cc3002,-0.15043,-0.15043,0.05987,-0.21030,-0.07039
genuine_population,swe_60177,126710BLNR,established_dealer,m6_rotation,deg,3,3,ffe13b6968cc3002,-0.07045,0.12279,0.17776,-0.07045,0.30055
genuine_population,swe_60177,126710BLNR,established_dealer,m6_local,px,3,3,ffe13b6968cc3002,1.02498,0.38652,0.03280,0.35372,1.02498
genuine_population,swe_60177,126710BLNR,established_dealer,m6_local_R,R,3,3,ffe13b6968cc3002,0.00131,0.00140,0.00009,0.00131,0.00203
genuine_population,swe_60177,126710BLNR,established_dealer,m6_raw,px,3,3,ffe13b6968cc3002,3.08345,0.97906,0.49009,0.48897,3.08345
genuine_population,swe_60177,126710BLNR,established_dealer,m6_raw_R,R,3,3,ffe13b6968cc3002,0.00394,0.00356,0.00038,0.00281,0.00394
genuine_population,swe_60177,126710BLNR,established_dealer,m6_local_tangential_R,R,3,3,ffe13b6968cc3002,0.00057,0.00057,0.00002,0.00040,0.00059
genuine_population,swe_60177,126710BLNR,established_dealer,m6_local_radial_R,R,3,3,ffe13b6968cc3002,0.00118,0.00135,0.00016,0.00118,0.00195
genuine_population,swe_60177,126710BLNR,established_dealer,m9_rotation,deg,3,3,ffe13b6968cc3002,0.18996,0.18996,0.14789,0.04207,0.40430
genuine_population,swe_60177,126710BLNR,established_dealer,m9_local,px,3,3,ffe13b6968cc3002,1.51962,0.29651,0.15584,0.14067,1.51962
genuine_population,swe_60177,126710BLNR,established_dealer,m9_local_R,R,3,3,ffe13b6968cc3002,0.00194,0.00108,0.00027,0.00081,0.00194
genuine_population,swe_60177,126710BLNR,established_dealer,m9_raw,px,3,3,ffe13b6968cc3002,3.56302,1.10012,0.56600,0.53412,3.56302
genuine_population,swe_60177,126710BLNR,established_dealer,m9_raw_R,R,3,3,ffe13b6968cc3002,0.00456,0.00400,0.00056,0.00307,0.00456
genuine_population,swe_60177,126710BLNR,established_dealer,m9_local_tangential_R,R,3,3,ffe13b6968cc3002,-0.00004,-0.00004,0.00025,-0.00080,0.00021
genuine_population,swe_60177,126710BLNR,established_dealer,m9_local_radial_R,R,3,3,ffe13b6968cc3002,0.00194,0.00106,0.00088,0.00016,0.00194
genuine_population,swe_60177,126710BLNR,established_dealer,m12_centreline_rotation,deg,3,3,ffe13b6968cc3002,-0.12391,-0.12391,0.03006,-0.15397,-0.06967
genuine_population,swe_60177,126710BLNR,established_dealer,m12_raw,px,3,3,ffe13b6968cc3002,4.20971,1.49479,0.63255,0.86224,4.20971
genuine_population,swe_60177,126710BLNR,established_dealer,m12_raw_R,R,3,3,ffe13b6968cc3002,0.00538,0.00538,0.00005,0.00496,0.00543
genuine_population,swe_60177,126710BLNR,established_dealer,m12_local_R,R,3,3,ffe13b6968cc3002,0.00713,0.00713,0.00005,0.00604,0.00717
genuine_population,swe_60177,126710BLNR,established_dealer,m12_right_R,R,3,3,ffe13b6968cc3002,-0.00016,-0.00016,0.00023,-0.00039,0.00008
genuine_population,swe_60177,126710BLNR,established_dealer,m12_down_R,R,3,3,ffe13b6968cc3002,0.00549,0.00549,0.00004,0.00505,0.00553
genuine_population,swe_60177,126710BLNR,established_dealer,m12_left_side_err,deg,3,3,ffe13b6968cc3002,-0.12108,-0.12108,0.00091,-0.12199,-0.08446
genuine_population,swe_60177,126710BLNR,established_dealer,m12_right_side_err,deg,3,3,ffe13b6968cc3002,-0.05503,-0.05324,0.00179,-0.05503,-0.04039
genuine_population,swe_60177,126710BLNR,established_dealer,m12_base_tilt,deg,3,3,ffe13b6968cc3002,0.13622,0.13622,0.19995,-0.06373,0.37366
genuine_population,swe_60177,126710BLNR,established_dealer,rounds_max_local,px,3,3,ffe13b6968cc3002,0.74853,0.59569,0.15284,0.42762,0.74853
genuine_population,swe_60177,126710BLNR,established_dealer,rounds_max_local_R,R,3,3,ffe13b6968cc3002,0.00096,0.00155,0.00060,0.00096,0.00342
genuine_population,swe_60177,126710BLNR,established_dealer,rounds_usable,count,3,3,ffe13b6968cc3002,4.00000,5.00000,1.00000,4.00000,6.00000
genuine_population,swe_68351,126710BLNR,established_dealer,ring_shift,px,3,3,ad1ae3e5b9609de8,1.62291,0.61116,0.11899,0.49217,1.62291
genuine_population,swe_68351,126710BLNR,established_dealer,ring_shift_R,R,3,3,ad1ae3e5b9609de8,0.00194,0.00234,0.00040,0.00194,0.00308
genuine_population,swe_68351,126710BLNR,established_dealer,ring_rotation,deg,3,3,ad1ae3e5b9609de8,0.01801,-0.01510,0.00828,-0.02338,0.01801
genuine_population,swe_68351,126710BLNR,established_dealer,ring_scale,%,3,3,ad1ae3e5b9609de8,-0.05576,0.00322,0.04659,-0.05576,0.04981
genuine_population,swe_68351,126710BLNR,established_dealer,m6_rotation,deg,3,3,ad1ae3e5b9609de8,0.18252,0.18252,0.01097,0.17155,0.20528
genuine_population,swe_68351,126710BLNR,established_dealer,m6_local,px,3,3,ad1ae3e5b9609de8,2.21895,0.59953,0.40498,0.19455,2.21895
genuine_population,swe_68351,126710BLNR,established_dealer,m6_local_R,R,3,3,ad1ae3e5b9609de8,0.00266,0.00230,0.00036,0.00122,0.00266
genuine_population,swe_68351,126710BLNR,established_dealer,m6_raw,px,3,3,ad1ae3e5b9609de8,1.43693,0.43339,0.11331,0.32008,1.43693
genuine_population,swe_68351,126710BLNR,established_dealer,m6_raw_R,R,3,3,ad1ae3e5b9609de8,0.00172,0.00172,0.00006,0.00166,0.00200
genuine_population,swe_68351,126710BLNR,established_dealer,m6_local_tangential_R,R,3,3,ad1ae3e5b9609de8,0.00074,0.00074,0.00012,0.00062,0.00090
genuine_population,swe_68351,126710BLNR,established_dealer,m6_local_radial_R,R,3,3,ad1ae3e5b9609de8,0.00253,0.00209,0.00044,0.00104,0.00253
genuine_population,swe_68351,126710BLNR,established_dealer,m9_rotation,deg,3,3,ad1ae3e5b9609de8,-0.39202,-0.36371,0.01064,-0.39202,-0.35307
genuine_population,swe_68351,126710BLNR,established_dealer,m9_local,px,3,3,ad1ae3e5b9609de8,2.94832,0.45302,0.11127,0.34175,2.94832
genuine_population,swe_68351,126710BLNR,established_dealer,m9_local_R,R,3,3,ad1ae3e5b9609de8,0.00353,0.00214,0.00040,0.00174,0.00353
genuine_population,swe_68351,126710BLNR,established_dealer,m9_raw,px,3,3,ad1ae3e5b9609de8,3.70601,0.94324,0.26580,0.67744,3.70601
genuine_population,swe_68351,126710BLNR,established_dealer,m9_raw_R,R,3,3,ad1ae3e5b9609de8,0.00444,0.00424,0.00020,0.00362,0.00444
genuine_population,swe_68351,126710BLNR,established_dealer,m9_local_tangential_R,R,3,3,ad1ae3e5b9609de8,0.00027,0.00027,0.00032,-0.00016,0.00059
genuine_population,swe_68351,126710BLNR,established_dealer,m9_local_radial_R,R,3,3,ad1ae3e5b9609de8,0.00355,0.00215,0.00049,0.00165,0.00355
genuine_population,swe_68351,126710BLNR,established_dealer,m12_centreline_rotation,deg,3,3,ad1ae3e5b9609de8,0.06555,0.05725,0.00830,0.00764,0.06555
genuine_population,swe_68351,126710BLNR,established_dealer,m12_raw,px,3,3,ad1ae3e5b9609de8,2.82297,0.81916,0.25619,0.56297,2.82297
genuine_population,swe_68351,126710BLNR,established_dealer,m12_raw_R,R,3,3,ad1ae3e5b9609de8,0.00338,0.00338,0.00014,0.00314,0.00353
genuine_population,swe_68351,126710BLNR,established_dealer,m12_local_R,R,3,3,ad1ae3e5b9609de8,0.00434,0.00461,0.00027,0.00434,0.00626
genuine_population,swe_68351,126710BLNR,established_dealer,m12_right_R,R,3,3,ad1ae3e5b9609de8,-0.00210,-0.00207,0.00003,-0.00210,-0.00195
genuine_population,swe_68351,126710BLNR,established_dealer,m12_down_R,R,3,3,ad1ae3e5b9609de8,0.00266,0.00266,0.00029,0.00236,0.00295
genuine_population,swe_68351,126710BLNR,established_dealer,m12_left_side_err,deg,3,3,ad1ae3e5b9609de8,-0.06241,-0.06241,0.02648,-0.08889,-0.03062
genuine_population,swe_68351,126710BLNR,established_dealer,m12_right_side_err,deg,3,3,ad1ae3e5b9609de8,0.20083,0.18955,0.01128,0.07849,0.20083
genuine_population,swe_68351,126710BLNR,established_dealer,m12_base_tilt,deg,3,3,ad1ae3e5b9609de8,0.09190,0.09190,0.12544,-0.08510,0.21734
genuine_population,swe_68351,126710BLNR,established_dealer,rounds_max_local,px,3,3,ad1ae3e5b9609de8,0.79501,0.50479,0.21699,0.28780,0.79501
genuine_population,swe_68351,126710BLNR,established_dealer,rounds_max_local_R,R,3,3,ad1ae3e5b9609de8,0.00095,0.00180,0.00013,0.00095,0.00194
genuine_population,swe_68351,126710BLNR,established_dealer,rounds_usable,count,3,3,ad1ae3e5b9609de8,4.00000,6.00000,0.00000,4.00000,6.00000
genuine_population,swe_68408,126710BLNR,established_dealer,ring_shift,px,3,3,709160117d0d8944,0.64039,0.02849,0.01299,0.01550,0.64039
genuine_population,swe_68408,126710BLNR,established_dealer,ring_shift_R,R,3,3,709160117d0d8944,0.00083,0.00017,0.00011,0.00006,0.00083
genuine_population,swe_68408,126710BLNR,established_dealer,ring_rotation,deg,3,3,709160117d0d8944,0.04549,0.06046,0.00335,0.04549,0.06381
genuine_population,swe_68408,126710BLNR,established_dealer,ring_scale,%,3,3,709160117d0d8944,-0.02014,-0.03382,0.01368,-0.07938,-0.02014
genuine_population,swe_68408,126710BLNR,established_dealer,m6_rotation,deg,3,3,709160117d0d8944,-0.22550,-0.11643,0.03605,-0.22550,-0.08038
genuine_population,swe_68408,126710BLNR,established_dealer,m6_local,px,3,3,709160117d0d8944,1.58234,0.62500,0.19606,0.42894,1.58234
genuine_population,swe_68408,126710BLNR,established_dealer,m6_local_R,R,3,3,709160117d0d8944,0.00204,0.00241,0.00017,0.00204,0.00258
genuine_population,swe_68408,126710BLNR,established_dealer,m6_raw,px,3,3,709160117d0d8944,1.00739,0.47431,0.06195,0.41236,1.00739
genuine_population,swe_68408,126710BLNR,established_dealer,m6_raw_R,R,3,3,709160117d0d8944,0.00130,0.00183,0.00053,0.00130,0.00248
genuine_population,swe_68408,126710BLNR,established_dealer,m6_local_tangential_R,R,3,3,709160117d0d8944,-0.00017,-0.00017,0.00007,-0.00024,-0.00003
genuine_population,swe_68408,126710BLNR,established_dealer,m6_local_radial_R,R,3,3,709160117d0d8944,0.00199,0.00235,0.00018,0.00199,0.00253
genuine_population,swe_68408,126710BLNR,established_dealer,m9_rotation,deg,3,3,709160117d0d8944,-0.10566,-0.10566,0.03136,-0.37549,-0.07430
genuine_population,swe_68408,126710BLNR,established_dealer,m9_local,px,3,3,709160117d0d8944,1.48136,0.56712,0.37615,0.19097,1.48136
genuine_population,swe_68408,126710BLNR,established_dealer,m9_local_R,R,3,3,709160117d0d8944,0.00191,0.00191,0.00027,0.00115,0.00219
genuine_population,swe_68408,126710BLNR,established_dealer,m9_raw,px,3,3,709160117d0d8944,1.62260,0.44120,0.29625,0.14495,1.62260
genuine_population,swe_68408,126710BLNR,established_dealer,m9_raw_R,R,3,3,709160117d0d8944,0.00210,0.00170,0.00039,0.00087,0.00210
genuine_population,swe_68408,126710BLNR,established_dealer,m9_local_tangential_R,R,3,3,709160117d0d8944,-0.00057,-0.00024,0.00002,-0.00057,-0.00023
genuine_population,swe_68408,126710BLNR,established_dealer,m9_local_radial_R,R,3,3,709160117d0d8944,0.00182,0.00182,0.00035,0.00112,0.00217
genuine_population,swe_68408,126710BLNR,established_dealer,m12_centreline_rotation,deg,3,3,709160117d0d8944,-0.21687,-0.22932,0.01245,-0.25072,-0.21687
genuine_population,swe_68408,126710BLNR,established_dealer,m12_raw,px,3,3,709160117d0d8944,2.28822,0.87370,0.20734,0.66636,2.28822
genuine_population,swe_68408,126710BLNR,established_dealer,m12_raw_R,R,3,3,709160117d0d8944,0.00296,0.00337,0.00042,0.00296,0.00401
genuine_population,swe_68408,126710BLNR,established_dealer,m12_local_R,R,3,3,709160117d0d8944,0.00363,0.00363,0.00020,0.00303,0.00382
genuine_population,swe_68408,126710BLNR,established_dealer,m12_right_R,R,3,3,709160117d0d8944,-0.00043,-0.00031,0.00012,-0.00043,-0.00014
genuine_population,swe_68408,126710BLNR,established_dealer,m12_down_R,R,3,3,709160117d0d8944,0.00290,0.00333,0.00043,0.00290,0.00397
genuine_population,swe_68408,126710BLNR,established_dealer,m12_left_side_err,deg,3,3,709160117d0d8944,-0.24295,-0.27908,0.03613,-0.36143,-0.24295
genuine_population,swe_68408,126710BLNR,established_dealer,m12_right_side_err,deg,3,3,709160117d0d8944,-0.08183,-0.08183,0.00086,-0.14296,-0.08097
genuine_population,swe_68408,126710BLNR,established_dealer,m12_base_tilt,deg,3,3,709160117d0d8944,0.17672,-0.03855,0.05843,-0.09698,0.17672
genuine_population,swe_68408,126710BLNR,established_dealer,rounds_max_local,px,3,3,709160117d0d8944,0.96075,0.62889,0.23774,0.39115,0.96075
genuine_population,swe_68408,126710BLNR,established_dealer,rounds_max_local_R,R,3,3,709160117d0d8944,0.00124,0.00235,0.00007,0.00124,0.00243
genuine_population,swe_68408,126710BLNR,established_dealer,rounds_usable,count,3,3,709160117d0d8944,5.00000,6.00000,0.00000,5.00000,6.00000
genuine_population,swe_68784,126710BLNR,established_dealer,ring_shift,px,3,3,212c6d510bdfa0c6,2.04186,0.63999,0.23590,0.40409,2.04186
genuine_population,swe_68784,126710BLNR,established_dealer,ring_shift_R,R,3,3,212c6d510bdfa0c6,0.00254,0.00239,0.00002,0.00237,0.00254
genuine_population,swe_68784,126710BLNR,established_dealer,ring_rotation,deg,3,3,212c6d510bdfa0c6,0.10465,0.10465,0.00177,0.10288,0.10729
genuine_population,swe_68784,126710BLNR,established_dealer,ring_scale,%,3,3,212c6d510bdfa0c6,-0.20500,-0.21425,0.00925,-0.24335,-0.20500
genuine_population,swe_68784,126710BLNR,established_dealer,m6_rotation,deg,3,3,212c6d510bdfa0c6,-0.19783,-0.19783,0.13675,-0.63274,-0.06108
genuine_population,swe_68784,126710BLNR,established_dealer,m6_local,px,3,3,212c6d510bdfa0c6,1.12912,0.42413,0.24140,0.18273,1.12912
genuine_population,swe_68784,126710BLNR,established_dealer,m6_local_R,R,3,3,212c6d510bdfa0c6,0.00141,0.00141,0.00018,0.00107,0.00159
genuine_population,swe_68784,126710BLNR,established_dealer,m6_raw,px,3,3,212c6d510bdfa0c6,1.22945,0.46993,0.21319,0.25674,1.22945
genuine_population,swe_68784,126710BLNR,established_dealer,m6_raw_R,R,3,3,212c6d510bdfa0c6,0.00153,0.00153,0.00002,0.00151,0.00176
genuine_population,swe_68784,126710BLNR,established_dealer,m6_local_tangential_R,R,3,3,212c6d510bdfa0c6,-0.00023,-0.00024,0.00001,-0.00059,-0.00023
genuine_population,swe_68784,126710BLNR,established_dealer,m6_local_radial_R,R,3,3,212c6d510bdfa0c6,0.00139,0.00139,0.00008,0.00105,0.00147
genuine_population,swe_68784,126710BLNR,established_dealer,m9_rotation,deg,3,3,212c6d510bdfa0c6,0.16680,0.37671,0.20991,0.16680,0.61420
genuine_population,swe_68784,126710BLNR,established_dealer,m9_local,px,3,3,212c6d510bdfa0c6,1.82893,0.47004,0.26631,0.20373,1.82893
genuine_population,swe_68784,126710BLNR,established_dealer,m9_local_R,R,3,3,212c6d510bdfa0c6,0.00228,0.00176,0.00052,0.00120,0.00228
genuine_population,swe_68784,126710BLNR,established_dealer,m9_raw,px,3,3,212c6d510bdfa0c6,2.32087,0.95342,0.19517,0.75825,2.32087
genuine_population,swe_68784,126710BLNR,established_dealer,m9_raw_R,R,3,3,212c6d510bdfa0c6,0.00289,0.00356,0.00067,0.00289,0.00446
genuine_population,swe_68784,126710BLNR,established_dealer,m9_local_tangential_R,R,3,3,212c6d510bdfa0c6,0.00029,0.00070,0.00035,0.00029,0.00106
genuine_population,swe_68784,126710BLNR,established_dealer,m9_local_radial_R,R,3,3,212c6d510bdfa0c6,0.00223,0.00159,0.00064,0.00056,0.00223
genuine_population,swe_68784,126710BLNR,established_dealer,m12_centreline_rotation,deg,3,3,212c6d510bdfa0c6,-0.01426,-0.01426,0.02876,-0.04302,0.02326
genuine_population,swe_68784,126710BLNR,established_dealer,m12_raw,px,3,3,212c6d510bdfa0c6,6.45686,2.24716,1.02872,1.21844,6.45686
genuine_population,swe_68784,126710BLNR,established_dealer,m12_raw_R,R,3,3,212c6d510bdfa0c6,0.00804,0.00804,0.00036,0.00716,0.00840
genuine_population,swe_68784,126710BLNR,established_dealer,m12_local_R,R,3,3,212c6d510bdfa0c6,0.00662,0.00639,0.00023,0.00547,0.00662
genuine_population,swe_68784,126710BLNR,established_dealer,m12_right_R,R,3,3,212c6d510bdfa0c6,0.00271,0.00271,0.00007,0.00258,0.00279
genuine_population,swe_68784,126710BLNR,established_dealer,m12_down_R,R,3,3,212c6d510bdfa0c6,0.00762,0.00762,0.00036,0.00672,0.00798
genuine_population,swe_68784,126710BLNR,established_dealer,m12_left_side_err,deg,3,3,212c6d510bdfa0c6,-0.18517,-0.12443,0.03750,-0.18517,-0.08693
genuine_population,swe_68784,126710BLNR,established_dealer,m12_right_side_err,deg,3,3,212c6d510bdfa0c6,0.04431,0.04431,0.00879,0.02865,0.05310
genuine_population,swe_68784,126710BLNR,established_dealer,m12_base_tilt,deg,3,3,212c6d510bdfa0c6,-0.41884,-0.40210,0.01674,-0.41884,0.05744
genuine_population,swe_68784,126710BLNR,established_dealer,rounds_max_local,px,3,3,212c6d510bdfa0c6,0.71298,0.24932,0.08372,0.16560,0.71298
genuine_population,swe_68784,126710BLNR,established_dealer,rounds_max_local_R,R,3,3,212c6d510bdfa0c6,0.00089,0.00093,0.00004,0.00089,0.00097
genuine_population,swe_68784,126710BLNR,established_dealer,rounds_usable,count,3,3,212c6d510bdfa0c6,4.00000,6.00000,0.00000,4.00000,6.00000
genuine_population,swe_77497,126710BLNR,established_dealer,ring_shift,px,3,3,fc62906af2b272de,2.78180,1.13021,0.48826,0.64195,2.78180
genuine_population,swe_77497,126710BLNR,established_dealer,ring_shift_R,R,3,3,fc62906af2b272de,0.00476,0.00417,0.00054,0.00363,0.00476
genuine_population,swe_77497,126710BLNR,established_dealer,ring_rotation,deg,3,3,fc62906af2b272de,-0.02486,-0.00598,0.00834,-0.02486,0.00236
genuine_population,swe_77497,126710BLNR,established_dealer,ring_scale,%,3,3,fc62906af2b272de,-0.18356,-0.18452,0.00096,-0.21965,-0.18356
genuine_population,swe_77497,126710BLNR,established_dealer,m6_rotation,deg,3,3,fc62906af2b272de,0.33620,0.28108,0.01675,0.26433,0.33620
genuine_population,swe_77497,126710BLNR,established_dealer,m6_local,px,3,3,fc62906af2b272de,1.07751,0.46155,0.14272,0.31883,1.07751
genuine_population,swe_77497,126710BLNR,established_dealer,m6_local_R,R,3,3,fc62906af2b272de,0.00184,0.00180,0.00004,0.00170,0.00184
genuine_population,swe_77497,126710BLNR,established_dealer,m6_raw,px,3,3,fc62906af2b272de,2.69100,1.15901,0.54824,0.61077,2.69100
genuine_population,swe_77497,126710BLNR,established_dealer,m6_raw_R,R,3,3,fc62906af2b272de,0.00460,0.00427,0.00033,0.00345,0.00460
genuine_population,swe_77497,126710BLNR,established_dealer,m6_local_tangential_R,R,3,3,fc62906af2b272de,0.00096,0.00076,0.00021,0.00055,0.00096
genuine_population,swe_77497,126710BLNR,established_dealer,m6_local_radial_R,R,3,3,fc62906af2b272de,0.00154,0.00159,0.00002,0.00154,0.00160
genuine_population,swe_77497,126710BLNR,established_dealer,m9_rotation,deg,3,3,fc62906af2b272de,0.09097,0.09097,0.08394,0.00703,0.24853
genuine_population,swe_77497,126710BLNR,established_dealer,m9_local,px,3,3,fc62906af2b272de,0.89255,0.42106,0.14880,0.27226,0.89255
genuine_population,swe_77497,126710BLNR,established_dealer,m9_local_R,R,3,3,fc62906af2b272de,0.00153,0.00154,0.00001,0.00153,0.00155
genuine_population,swe_77497,126710BLNR,established_dealer,m9_raw,px,3,3,fc62906af2b272de,2.63488,1.28486,0.50112,0.78374,2.63488
genuine_population,swe_77497,126710BLNR,established_dealer,m9_raw_R,R,3,3,fc62906af2b272de,0.00451,0.00451,0.00008,0.00443,0.00474
genuine_population,swe_77497,126710BLNR,established_dealer,m9_local_tangential_R,R,3,3,fc62906af2b272de,0.00009,0.00062,0.00014,0.00009,0.00076
genuine_population,swe_77497,126710BLNR,established_dealer,m9_local_radial_R,R,3,3,fc62906af2b272de,0.00152,0.00142,0.00009,0.00134,0.00152
genuine_population,swe_77497,126710BLNR,established_dealer,m12_centreline_rotation,deg,3,3,fc62906af2b272de,-0.63912,-0.63349,0.00563,-0.63912,-0.60582
genuine_population,swe_77497,126710BLNR,established_dealer,m12_raw,px,3,3,fc62906af2b272de,2.41060,0.99035,0.37515,0.61520,2.41060
genuine_population,swe_77497,126710BLNR,established_dealer,m12_raw_R,R,3,3,fc62906af2b272de,0.00412,0.00365,0.00018,0.00347,0.00412
genuine_population,swe_77497,126710BLNR,established_dealer,m12_local_R,R,3,3,fc62906af2b272de,0.00733,0.00601,0.00041,0.00560,0.00733
genuine_population,swe_77497,126710BLNR,established_dealer,m12_right_R,R,3,3,fc62906af2b272de,-0.00083,-0.00089,0.00005,-0.00118,-0.00083
genuine_population,swe_77497,126710BLNR,established_dealer,m12_down_R,R,3,3,fc62906af2b272de,0.00405,0.00356,0.00028,0.00328,0.00405
genuine_population,swe_77497,126710BLNR,established_dealer,m12_left_side_err,deg,3,3,fc62906af2b272de,-0.92284,-0.89953,0.02331,-0.92284,-0.85882
genuine_population,swe_77497,126710BLNR,established_dealer,m12_right_side_err,deg,3,3,fc62906af2b272de,-0.53138,-0.51443,0.01695,-0.53138,-0.45015
genuine_population,swe_77497,126710BLNR,established_dealer,m12_base_tilt,deg,3,3,fc62906af2b272de,-1.26846,-1.15926,0.10920,-1.26846,-0.95365
genuine_population,swe_77497,126710BLNR,established_dealer,rounds_max_local,px,3,3,fc62906af2b272de,0.85765,0.58350,0.27415,0.27024,0.85765
genuine_population,swe_77497,126710BLNR,established_dealer,rounds_max_local_R,R,3,3,fc62906af2b272de,0.00147,0.00153,0.00006,0.00147,0.00215
genuine_population,swe_77497,126710BLNR,established_dealer,rounds_usable,count,3,3,fc62906af2b272de,5.00000,6.00000,0.00000,5.00000,6.00000
genuine_population,wos_cpo_40616911,126710BLNR,rolex_cpo,ring_shift,px,1,1,a5431af6379b78a5,0.53070,0.53070,0.00000,0.53070,0.53070
genuine_population,wos_cpo_40616911,126710BLNR,rolex_cpo,ring_shift_R,R,1,1,a5431af6379b78a5,0.00117,0.00117,0.00000,0.00117,0.00117
genuine_population,wos_cpo_40616911,126710BLNR,rolex_cpo,ring_rotation,deg,1,1,a5431af6379b78a5,0.07915,0.07915,0.00000,0.07915,0.07915
genuine_population,wos_cpo_40616911,126710BLNR,rolex_cpo,ring_scale,%,1,1,a5431af6379b78a5,-0.08411,-0.08411,0.00000,-0.08411,-0.08411
genuine_population,wos_cpo_40616911,126710BLNR,rolex_cpo,m6_rotation,deg,1,1,a5431af6379b78a5,0.13982,0.13982,0.00000,0.13982,0.13982
genuine_population,wos_cpo_40616911,126710BLNR,rolex_cpo,m6_local,px,1,1,a5431af6379b78a5,0.66984,0.66984,0.00000,0.66984,0.66984
genuine_population,wos_cpo_40616911,126710BLNR,rolex_cpo,m6_local_R,R,1,1,a5431af6379b78a5,0.00148,0.00148,0.00000,0.00148,0.00148
genuine_population,wos_cpo_40616911,126710BLNR,rolex_cpo,m6_raw,px,1,1,a5431af6379b78a5,0.30340,0.30340,0.00000,0.30340,0.30340
genuine_population,wos_cpo_40616911,126710BLNR,rolex_cpo,m6_raw_R,R,1,1,a5431af6379b78a5,0.00067,0.00067,0.00000,0.00067,0.00067
genuine_population,wos_cpo_40616911,126710BLNR,rolex_cpo,m6_local_tangential_R,R,1,1,a5431af6379b78a5,-0.00037,-0.00037,0.00000,-0.00037,-0.00037
genuine_population,wos_cpo_40616911,126710BLNR,rolex_cpo,m6_local_radial_R,R,1,1,a5431af6379b78a5,0.00143,0.00143,0.00000,0.00143,0.00143
genuine_population,wos_cpo_40616911,126710BLNR,rolex_cpo,m9_rotation,deg,1,1,a5431af6379b78a5,-0.40021,-0.40021,0.00000,-0.40021,-0.40021
genuine_population,wos_cpo_40616911,126710BLNR,rolex_cpo,m9_local,px,1,1,a5431af6379b78a5,0.66949,0.66949,0.00000,0.66949,0.66949
genuine_population,wos_cpo_40616911,126710BLNR,rolex_cpo,m9_local_R,R,1,1,a5431af6379b78a5,0.00148,0.00148,0.00000,0.00148,0.00148
genuine_population,wos_cpo_40616911,126710BLNR,rolex_cpo,m9_raw,px,1,1,a5431af6379b78a5,0.78452,0.78452,0.00000,0.78452,0.78452
genuine_population,wos_cpo_40616911,126710BLNR,rolex_cpo,m9_raw_R,R,1,1,a5431af6379b78a5,0.00173,0.00173,0.00000,0.00173,0.00173
genuine_population,wos_cpo_40616911,126710BLNR,rolex_cpo,m9_local_tangential_R,R,1,1,a5431af6379b78a5,-0.00058,-0.00058,0.00000,-0.00058,-0.00058
genuine_population,wos_cpo_40616911,126710BLNR,rolex_cpo,m9_local_radial_R,R,1,1,a5431af6379b78a5,0.00136,0.00136,0.00000,0.00136,0.00136
genuine_population,wos_cpo_40616911,126710BLNR,rolex_cpo,m12_centreline_rotation,deg,1,1,a5431af6379b78a5,-0.09849,-0.09849,0.00000,-0.09849,-0.09849
genuine_population,wos_cpo_40616911,126710BLNR,rolex_cpo,m12_raw,px,1,1,a5431af6379b78a5,1.48169,1.48169,0.00000,1.48169,1.48169
genuine_population,wos_cpo_40616911,126710BLNR,rolex_cpo,m12_raw_R,R,1,1,a5431af6379b78a5,0.00328,0.00328,0.00000,0.00328,0.00328
genuine_population,wos_cpo_40616911,126710BLNR,rolex_cpo,m12_local_R,R,1,1,a5431af6379b78a5,0.00374,0.00374,0.00000,0.00374,0.00374
genuine_population,wos_cpo_40616911,126710BLNR,rolex_cpo,m12_right_R,R,1,1,a5431af6379b78a5,0.00068,0.00068,0.00000,0.00068,0.00068
genuine_population,wos_cpo_40616911,126710BLNR,rolex_cpo,m12_down_R,R,1,1,a5431af6379b78a5,0.00322,0.00322,0.00000,0.00322,0.00322
genuine_population,wos_cpo_40616911,126710BLNR,rolex_cpo,m12_left_side_err,deg,1,1,a5431af6379b78a5,-0.03930,-0.03930,0.00000,-0.03930,-0.03930
genuine_population,wos_cpo_40616911,126710BLNR,rolex_cpo,m12_right_side_err,deg,1,1,a5431af6379b78a5,0.31008,0.31008,0.00000,0.31008,0.31008
genuine_population,wos_cpo_40616911,126710BLNR,rolex_cpo,m12_base_tilt,deg,1,1,a5431af6379b78a5,1.57705,1.57705,0.00000,1.57705,1.57705
genuine_population,wos_cpo_40616911,126710BLNR,rolex_cpo,rounds_max_local,px,1,1,a5431af6379b78a5,0.56268,0.56268,0.00000,0.56268,0.56268
genuine_population,wos_cpo_40616911,126710BLNR,rolex_cpo,rounds_max_local_R,R,1,1,a5431af6379b78a5,0.00124,0.00124,0.00000,0.00124,0.00124
genuine_population,wos_cpo_40616911,126710BLNR,rolex_cpo,rounds_usable,count,1,1,a5431af6379b78a5,7.00000,7.00000,0.00000,7.00000,7.00000
